organization,project,project_id,location,location_id,location_buffer_m,recording_date_time,recording_id,method,aru_task_status,daily_weather_station_distance,daily_min_temp,daily_max_temp,daily_mean_temp,daily_total_rain_mm,daily_total_snow_cm,daily_precipitation_mm,daily_snow_on_ground_cm,hourly_weather_station_nm,hourly_weather_station_elevation,hourly_weather_station_distance,hourly_temp,hourly_dew_point,hourly_rel_humidity,hourly_precipitation,hourly_visibility_km,hourly_station_pressure,hourly_wind_direction,hourly_wind_speed,hourly_humidex,hourly_wind_chill,hourly_weather_attributes,date_deployed,date_retrieved,land_features,equipment,left_rms_peak_dbfs,left_rms_trough_dbfs,left_pk_count,left_dc_offset,left_min_level,left_max_level,left_rms_peak_level_dbfs,right_rms_peak_dbfs,right_rms_trough_dbfs,right_pk_count,right_dc_offset,right_min_level,right_max_level,right_peak_level_dbfs,task_url,source_file_name,observer_id
BU,Elevation Gradients,1109,ELE-2-6,238146,,2022-05-23 05:07:00,367286,180s 1SPT,Transcribed,4km,-2.50,19.50,8.50,0.00,0.00,0.00,0.00,WILLOW CREEK 1,1370.00m,34km,,,,,,,,,,,,,,,,-25.75,-28.63,4,0.043767,0.00592,0.083374,-21.58,-29.7,-33.7,2,0.025259,-0.006165,0.056122,-25.02,https://portal.wildtrax.ca/home/aru-tasks/recording.html?taskId=352221,ELE-2-6_20220523_050700.wav,660
BU,Elevation Gradients,1109,ELE-2-6,238146,,2022-05-23 05:07:00,367286,180s 1SPT,Transcribed,4km,-2.50,19.50,8.50,0.00,0.00,0.00,0.00,WILLOW CREEK 1,1370.00m,34km,,,,,,,,,,,,,,,,-25.75,-28.63,4,0.043767,0.00592,0.083374,-21.58,-29.7,-33.7,2,0.025259,-0.006165,0.056122,-25.02,https://portal.wildtrax.ca/home/aru-tasks/recording.html?taskId=352206,ELE-2-6_20220523_050700.wav,37
BU,Elevation Gradients,1109,ELE-2-6,238146,,2022-05-23 05:07:00,367286,180s 1SPT,Transcribed,4km,-2.50,19.50,8.50,0.00,0.00,0.00,0.00,WILLOW CREEK 1,1370.00m,34km,,,,,,,,,,,,,,,,-25.75,-28.63,4,0.043767,0.00592,0.083374,-21.58,-29.7,-33.7,2,0.025259,-0.006165,0.056122,-25.02,https://portal.wildtrax.ca/home/aru-tasks/recording.html?taskId=343953,ELE-2-6_20220523_050700.wav,15
BU,Elevation Gradients,1109,ELE-2-6,238146,,2022-05-23 05:07:00,367286,180s 1SPT,Transcribed,4km,-2.50,19.50,8.50,0.00,0.00,0.00,0.00,WILLOW CREEK 1,1370.00m,34km,,,,,,,,,,,,,,,,-25.75,-28.63,4,0.043767,0.00592,0.083374,-21.58,-29.7,-33.7,2,0.025259,-0.006165,0.056122,-25.02,https://portal.wildtrax.ca/home/aru-tasks/recording.html?taskId=352216,ELE-2-6_20220523_050700.wav,1242
BU,Elevation Gradients,1109,ELE-2-6,238146,,2022-05-23 05:07:00,367286,180s 1SPT,Transcribed,4km,-2.50,19.50,8.50,0.00,0.00,0.00,0.00,WILLOW CREEK 1,1370.00m,34km,,,,,,,,,,,,,,,,-25.75,-28.63,4,0.043767,0.00592,0.083374,-21.58,-29.7,-33.7,2,0.025259,-0.006165,0.056122,-25.02,https://portal.wildtrax.ca/home/aru-tasks/recording.html?taskId=352211,ELE-2-6_20220523_050700.wav,532
BU,Elevation Gradients,1109,ELE-2-4,238147,,2022-05-23 06:07:00,367259,180s 1SPT,Transcribed,"",,,,,,,,No daily weather within 165km,"","",,,,,,,,,,,,,,,,-33.62,-56.57,2,-0.001216,-0.057312,0.032562,-24.84,-25.46,-34.75,2,0.033229,-0.024811,0.074585,-22.55,https://portal.wildtrax.ca/home/aru-tasks/recording.html?taskId=343926,ELE-2-4_20220523_060700.wav,37
BU,Elevation Gradients,1109,ELE-2-5,238145,,2022-05-23 06:07:00,367263,180s 1SPT,Transcribed,"",,,,,,,,No daily weather within 165km,"","",,,,,,,,,,,,,,,,-29.21,-35.59,3,0.023363,-0.011841,0.057617,-24.79,-28.21,-33.85,2,0.027664,-0.014526,0.064453,-23.82,https://portal.wildtrax.ca/home/aru-tasks/recording.html?taskId=343930,ELE-2-5_20220523_060700.wav,37
BU,Elevation Gradients,1109,ELE-2-6,238146,,2022-05-23 21:43:00,367301,180s 1SPT,Transcribed,4km,-2.50,19.50,8.50,0.00,0.00,0.00,0.00,WILLOW CREEK 1,1370.00m,34km,,,,,,,,,,,,,,,,-25.85,-28.6,2,0.043775,0.02356,0.062988,-24.01,-30.99,-32.84,2,0.025258,0.012085,0.040039,-27.95,https://portal.wildtrax.ca/home/aru-tasks/recording.html?taskId=343968,ELE-2-6_20220523_214300.wav,532
BU,Elevation Gradients,1109,ELE-2-1,238150,,2022-05-23 22:35:00,367251,180s 1SPT,Transcribed,1km,-2.50,19.50,8.50,0.00,0.00,0.00,0.00,WILLOW CREEK 1,1370.00m,33km,,,,,,,,,,,,,,,,-20.03,-29.77,2,0.02899,-0.205658,0.277924,-11.12,-19.34,-29.72,2,0.019922,-0.240021,0.293365,-10.65,https://portal.wildtrax.ca/home/aru-tasks/recording.html?taskId=343918,ELE-2-1_20220523_223500.wav,37
BU,Elevation Gradients,1109,ELE-2-6,238146,,2022-05-24 05:36:00,367238,180s 1SPT,Transcribed,4km,0.00,18.00,9.00,0.00,0.00,0.00,0.00,WILLOW CREEK 1,1370.00m,34km,,,,,,,,,,,,,,,,-26.05,-28.16,2,0.043754,0.01236,0.071381,-22.93,-30.59,-33.14,2,0.02523,0.003082,0.044708,-26.99,https://portal.wildtrax.ca/home/aru-tasks/recording.html?taskId=343905,ELE-2-6_20220524_053600.wav,532
BU,Elevation Gradients,1109,ELE-2-2,238149,,2022-05-24 07:06:00,367273,180s 1SPT,Transcribed,"",,,,,,,,No daily weather within 165km,"","",,,,,,,,,,,,,,,,-27.78,-35.53,2,0.019021,-0.089355,0.12381,-18.14,-27.73,-34.01,2,0.022899,-0.078217,0.120178,-18.4,https://portal.wildtrax.ca/home/aru-tasks/recording.html?taskId=343940,ELE-2-2_20220524_070600.wav,532
BU,Elevation Gradients,1109,ELE-2-3,238148,,2022-05-24 07:06:00,367276,180s 1SPT,Transcribed,"",,,,,,,,No daily weather within 165km,"","",,,,,,,,,,,,,,,,-32.33,-44.15,2,-0.005433,-0.06424,0.048218,-23.84,-26.78,-32.34,2,0.027867,-0.089539,0.128082,-17.85,https://portal.wildtrax.ca/home/aru-tasks/recording.html?taskId=343943,ELE-2-3_20220524_070600.wav,37
BU,Elevation Gradients,1109,ELE-6-6,238290,,2022-05-25 20:38:00,397604,180s 1SPT,Transcribed,"",,,,,,,,No daily weather within 165km,"","",,,,,,,,,,,,,,,,-6.4,-39.06,,0.025248,-0.799561,0.941132,-0.53,-1.18,-36.41,,0.033493,-1,0.999969,0,https://portal.wildtrax.ca/home/aru-tasks/recording.html?taskId=373403,ELE-6-6_20220525_203800.wav,1224
BU,Elevation Gradients,1109,ELE-3-4,238245,,2022-05-25 21:38:00,397923,180s 1SPT,Transcribed,"",,,,,,,,No daily weather within 165km,"","",,,,,,,,,,,,,,,,-20.47,-41.98,2,0.010439,-0.151123,0.158081,-16.02,-10.14,-41.41,2,0.010271,-0.613129,0.449799,-4.25,https://portal.wildtrax.ca/home/aru-tasks/recording.html?taskId=373722,ELE-3-4_20220525_213800.wav,533
BU,Elevation Gradients,1109,ELE-3-2,238252,,2022-05-25 22:38:00,397779,180s 1SPT,Transcribed,53km,1.50,17.30,9.40,,,0.00,,NORDEGG CS,1332.00m,53km,,,,,,,,,,,,,,,,-23.66,-39.88,2,0.020648,-0.099884,0.101624,-19.86,-19.37,-31.55,2,0.044869,-0.084015,0.185516,-14.63,https://portal.wildtrax.ca/home/aru-tasks/recording.html?taskId=373578,ELE-3-2_20220525_223800.wav,1234
BU,Elevation Gradients,1109,ELE-6-6,238290,,2022-05-25 22:38:00,397746,180s 1SPT,Transcribed,"",,,,,,,,No daily weather within 165km,"","",,,,,,,,,,,,,,,,-18.6,-37.93,3,0.025081,-0.149933,0.167053,-15.54,-22.35,-34.98,3,0.033347,-0.065186,0.119476,-18.45,https://portal.wildtrax.ca/home/aru-tasks/recording.html?taskId=373545,ELE-6-6_20220525_223800.wav,1234
BU,Elevation Gradients,1109,ELE-6-2,238235,,2022-05-26 04:06:00,397611,180s 1SPT,Transcribed,"",,,,,,,,No daily weather within 165km,"","",,,,,,,,,,,,,,,,-18.82,-30.69,2,0.046853,-0.118988,0.222107,-13.07,-16.8,-32.37,2,0.039647,-0.197906,0.243164,-12.28,https://portal.wildtrax.ca/home/aru-tasks/recording.html?taskId=373410,ELE-6-2_0+1_20220526_040600.wav,1269
BU,Elevation Gradients,1109,ELE-6-4,238232,,2022-05-26 04:06:00,397868,180s 1SPT,Transcribed,"",,,,,,,,No daily weather within 165km,"","",,,,,,,,,,,,,,,,-13.86,-39.47,2,0.023387,-0.296112,0.326782,-9.71,-17.73,-37.27,3,0.029035,-0.102753,0.177246,-15.03,https://portal.wildtrax.ca/home/aru-tasks/recording.html?taskId=373667,ELE-6-4_20220526_040600.wav,1269
BU,Elevation Gradients,1109,ELE-7-3,238228,,2022-05-26 04:07:00,397627,180s 1SPT,Transcribed,"",,,,,,,,No daily weather within 165km,"","",,,,,,,,,,,,,,,,-0.78,-40.99,,0.014233,-1,0.999969,0,-1.01,-38.85,,0.024838,-1,0.999969,0,https://portal.wildtrax.ca/home/aru-tasks/recording.html?taskId=373426,ELE-7-3_0+1_20220526_040700.wav,1269
BU,Elevation Gradients,1109,ELE-3-5,238248,,2022-05-26 07:06:00,397768,180s 1SPT,Transcribed,"",,,,,,,,No daily weather within 165km,"","",,,,,,,,,,,,,,,,-9.95,-38.64,,0.016072,-0.595703,0.516571,-4.5,-0.55,-29.01,,0.041972,-1,0.999969,0,https://portal.wildtrax.ca/home/aru-tasks/recording.html?taskId=373567,ELE-3-5_0+1_20220526_070600.wav,532
BU,Elevation Gradients,1109,ELE-6-7,238291,,2022-05-27 04:05:00,397663,180s 1SPT,Transcribed,"",,,,,,,,No daily weather within 165km,"","",,,,,,,,,,,,,,,,-16.03,-39.42,3,0.021881,-0.198578,0.309143,-10.2,-9.16,-55.63,2,0.002702,-0.5896,0.523071,-4.59,https://portal.wildtrax.ca/home/aru-tasks/recording.html?taskId=373462,ELE-6-7_20220527_040500.wav,1247
BU,Elevation Gradients,1109,ELE-7-4,238225,,2022-05-27 04:06:00,397934,180s 1SPT,Transcribed,"",,,,,,,,No daily weather within 165km,"","",,,,,,,,,,,,,,,,-39.29,-62.63,2,0.00013,-0.017212,0.015533,-35.28,-41.78,-46.76,2,0.00603,-0.017944,0.033203,-29.58,https://portal.wildtrax.ca/home/aru-tasks/recording.html?taskId=373733,ELE-7-4_20220527_040600.wav,1224
BU,Elevation Gradients,1109,ELE-2-1,238150,,2022-05-27 06:05:00,367227,180s 1SPT,Transcribed,"",,,,,,,,No daily weather within 165km,"","",,,,,,,,,,,,,,,,-27.27,-31.79,2,0.028934,-0.273956,0.290771,-10.73,-30.58,-35.33,2,0.020037,-0.09079,0.125549,-18.02,https://portal.wildtrax.ca/home/aru-tasks/recording.html?taskId=343894,ELE-2-1_20220527_060500.wav,532
BU,Elevation Gradients,1109,ELE-7-4,238225,,2022-05-27 07:06:00,397811,180s 1SPT,Transcribed,"",,,,,,,,No daily weather within 165km,"","",,,,,,,,,,,,,,,,-45.65,-63.12,2,0.000169,-0.01358,0.010376,-37.34,-41.66,-46.53,2,0.005987,-0.017944,0.027557,-31.2,https://portal.wildtrax.ca/home/aru-tasks/recording.html?taskId=373610,ELE-7-4_20220527_070600.wav,1234
BU,Elevation Gradients,1109,ELE-5-2,238239,,2022-05-27 20:40:00,488215,180s 1SPT,Transcribed,"",,,,,,,,No daily weather within 165km,"","",,,,,,,,,,,,,,,,-15.06,-36.88,2,0.031908,-0.276062,0.287354,-10.83,-12.51,-46.38,2,0.005387,-0.246155,0.358459,-8.91,https://portal.wildtrax.ca/home/aru-tasks/recording.html?taskId=450341,ELE-5-2_20220527_204000.wav,1269
BU,Elevation Gradients,1109,ELE-4-4,238240,,2022-05-27 22:40:00,397722,180s 1SPT,Transcribed,"",,,,,,,,No daily weather within 165km,"","",,,,,,,,,,,,,,,,-2.72,-29.49,,0.053605,-1,0.999969,0,-4.25,-33.91,,0.030815,-1,0.953003,0,https://portal.wildtrax.ca/home/aru-tasks/recording.html?taskId=373521,ELE-4-4_0+1_20220527_224000.wav,1234
BU,Elevation Gradients,1109,ELE-3-2,238252,,2022-05-28 04:04:00,397902,180s 1SPT,Transcribed,53km,-1.00,16.50,7.80,,,0.00,,NORDEGG CS,1332.00m,53km,,,,,,,,,,,,,,,,-23.25,-39.38,2,0.020688,-0.058136,0.120667,-18.37,-20.67,-31.06,2,0.04491,-0.09964,0.162994,-15.76,https://portal.wildtrax.ca/home/aru-tasks/recording.html?taskId=373701,ELE-3-2_20220528_040400.wav,533
BU,Elevation Gradients,1109,ELE-3-3,238247,,2022-05-28 04:04:00,397638,180s 1SPT,Transcribed,"",,,,,,,,No daily weather within 165km,"","",,,,,,,,,,,,,,,,-10.67,-34.16,2,0.026524,-0.491333,0.639282,-3.89,-8.48,-34.35,2,0.032262,-0.717468,0.626251,-2.88,https://portal.wildtrax.ca/home/aru-tasks/recording.html?taskId=373437,ELE-3-3_0+1_20220528_040400.wav,1269
BU,Elevation Gradients,1109,ELE-7-3,238228,,2022-05-28 04:05:00,397945,180s 1SPT,Transcribed,57km,-1.00,16.50,7.80,,,0.00,,NORDEGG CS,1332.00m,57km,,,,,,,,,,,,,,,,-3.2,-41.3,,0.013798,-1,0.999969,0,-1.89,-35.9,,0.024987,-1,0.999969,0,https://portal.wildtrax.ca/home/aru-tasks/recording.html?taskId=373744,ELE-7-3_0+1_20220528_040500.wav,1234
BU,Elevation Gradients,1109,ELE-11-2,238263,,2022-05-28 05:04:00,487950,180s 1SPT,Transcribed,21km,5.80,15.10,10.50,,,0.00,,BEAVER MINES,1257.00m,21km,,,,,,,,,,,,,,,,-2.6,-33.05,,0.038118,-1,0.999969,0,-0.26,-39.98,,0.026892,-1,0.999969,0,https://portal.wildtrax.ca/home/aru-tasks/recording.html?taskId=450076,ELE-11-2_20220528_050400.wav,1224
BU,Elevation Gradients,1109,ELE-2-3,238148,,2022-05-28 05:31:00,367272,180s 1SPT,Transcribed,"",,,,,,,,No daily weather within 165km,"","",,,,,,,,,,,,,,,,-25.25,-50.89,2,-0.00534,-0.096527,0.092529,-20.31,-17,-35.88,2,0.027784,-0.176025,0.238373,-12.45,https://portal.wildtrax.ca/home/aru-tasks/recording.html?taskId=343939,ELE-2-3_20220528_053100.wav,532
BU,Elevation Gradients,1109,ELE-6-3,238233,,2022-05-28 07:01:00,397734,180s 1SPT,Transcribed,"",,,,,,,,No daily weather within 165km,"","",,,,,,,,,,,,,,,,-17.54,-34.75,2,0.040696,-0.166046,0.221741,-13.08,-19.03,-29.74,2,0.046242,-0.086151,0.190552,-14.4,https://portal.wildtrax.ca/home/aru-tasks/recording.html?taskId=373533,ELE-6-3_0+1_20220528_070100.wav,1234
BU,Elevation Gradients,1109,ELE-7-1,238230,,2022-05-28 22:51:00,397919,180s 1SPT,Transcribed,"",,,,,,,,No daily weather within 165km,"","",,,,,,,,,,,,,,,,-25.57,-40.21,2,0.016103,-0.077789,0.091705,-20.75,-30.72,-40.24,2,0.015715,-0.018494,0.04895,-26.2,https://portal.wildtrax.ca/home/aru-tasks/recording.html?taskId=373718,ELE-7-1_0+1_20220528_225100.wav,1234
BU,Elevation Gradients,1109,ELE-6-3,238233,,2022-05-29 04:00:00,397872,180s 1SPT,Transcribed,"",,,,,,,,No daily weather within 165km,"","",,,,,,,,,,,,,,,,-19.58,-33.16,2,0.040629,-0.091339,0.1586,-15.99,-22.1,-29.11,2,0.04631,-0.035065,0.125885,-18,https://portal.wildtrax.ca/home/aru-tasks/recording.html?taskId=373671,ELE-6-3_0+1_20220529_040000.wav,1247
BU,Elevation Gradients,1109,ELE-3-1,238249,,2022-05-29 04:03:00,397650,180s 1SPT,Transcribed,"",,,,,,,,No daily weather within 165km,"","",,,,,,,,,,,,,,,,-27.6,-30.91,2,0.017612,-0.13678,0.16629,-15.58,-23.91,-27.56,2,0.049553,-0.026978,0.12616,-17.98,https://portal.wildtrax.ca/home/aru-tasks/recording.html?taskId=373449,ELE-3-1_0+1_20220529_040300.wav,1224
BU,Elevation Gradients,1109,ELE-2-4,238147,,2022-05-29 07:00:00,367275,180s 1SPT,Transcribed,3km,,17.00,,2.60,0.00,2.60,,WILLOW CREEK 1,1370.00m,34km,5.30,-3.10,55,0.00,,85.45,33,7,,,NA,,,,,-37.24,-56.36,2,-0.001089,-0.043396,0.043365,-27.25,-27.72,-31.27,2,0.033341,-0.020416,0.105072,-19.57,https://portal.wildtrax.ca/home/aru-tasks/recording.html?taskId=343942,ELE-2-4_20220529_070000.wav,15
BU,Elevation Gradients,1109,ELE-2-4,238147,,2022-05-29 07:00:00,367275,180s 1SPT,Transcribed,3km,,17.00,,2.60,0.00,2.60,,WILLOW CREEK 1,1370.00m,34km,5.30,-3.10,55,0.00,,85.45,33,7,,,NA,,,,,-37.24,-56.36,2,-0.001089,-0.043396,0.043365,-27.25,-27.72,-31.27,2,0.033341,-0.020416,0.105072,-19.57,https://portal.wildtrax.ca/home/aru-tasks/recording.html?taskId=352217,ELE-2-4_20220529_070000.wav,1242
BU,Elevation Gradients,1109,ELE-2-4,238147,,2022-05-29 07:00:00,367275,180s 1SPT,Transcribed,3km,,17.00,,2.60,0.00,2.60,,WILLOW CREEK 1,1370.00m,34km,5.30,-3.10,55,0.00,,85.45,33,7,,,NA,,,,,-37.24,-56.36,2,-0.001089,-0.043396,0.043365,-27.25,-27.72,-31.27,2,0.033341,-0.020416,0.105072,-19.57,https://portal.wildtrax.ca/home/aru-tasks/recording.html?taskId=352212,ELE-2-4_20220529_070000.wav,532
BU,Elevation Gradients,1109,ELE-2-4,238147,,2022-05-29 07:00:00,367275,180s 1SPT,Transcribed,3km,,17.00,,2.60,0.00,2.60,,WILLOW CREEK 1,1370.00m,34km,5.30,-3.10,55,0.00,,85.45,33,7,,,NA,,,,,-37.24,-56.36,2,-0.001089,-0.043396,0.043365,-27.25,-27.72,-31.27,2,0.033341,-0.020416,0.105072,-19.57,https://portal.wildtrax.ca/home/aru-tasks/recording.html?taskId=352207,ELE-2-4_20220529_070000.wav,37
BU,Elevation Gradients,1109,ELE-2-4,238147,,2022-05-29 07:00:00,367275,180s 1SPT,Transcribed,3km,,17.00,,2.60,0.00,2.60,,WILLOW CREEK 1,1370.00m,34km,5.30,-3.10,55,0.00,,85.45,33,7,,,NA,,,,,-37.24,-56.36,2,-0.001089,-0.043396,0.043365,-27.25,-27.72,-31.27,2,0.033341,-0.020416,0.105072,-19.57,https://portal.wildtrax.ca/home/aru-tasks/recording.html?taskId=352222,ELE-2-4_20220529_070000.wav,660
BU,Elevation Gradients,1109,ELE-14-2,238255,,2022-05-29 20:33:00,488188,180s 1SPT,Transcribed,15km,5.00,9.70,7.30,,,3.50,,BEAVER MINES,1257.00m,15km,,,,,,,,,,,,,,,,-14.55,-34.94,64,0.013625,-1,0.999969,0,-15.53,-34.66,29,0.015223,-1,0.999969,0,https://portal.wildtrax.ca/home/aru-tasks/recording.html?taskId=450314,ELE-14-2_20220529_203300.wav,1234
BU,Elevation Gradients,1109,ELE-2-1,238150,,2022-05-29 20:42:00,367282,180s 1SPT,Transcribed,"",,,,,,,,No daily weather within 165km,"","",,,,,,,,,,,,,,,,-29.34,-31.91,2,0.028982,0.00238,0.050873,-25.87,-31.63,-35.49,2,0.020025,-0.007812,0.047302,-26.5,https://portal.wildtrax.ca/home/aru-tasks/recording.html?taskId=343949,ELE-2-1_20220529_204200.wav,532
BU,Elevation Gradients,1109,ELE-11-1,238264,,2022-05-30 04:02:00,488220,180s 1SPT,Transcribed,"",,,,,,,,No daily weather within 165km,"","",,,,,,,,,,,,,,,,-27.76,-32.67,2,0.025077,-0.451416,0.491302,-6.17,-26.05,-28.25,2,0.04209,-0.339203,0.385132,-8.29,https://portal.wildtrax.ca/home/aru-tasks/recording.html?taskId=450346,ELE-11-1_0+1_20220530_040200.wav,1269
BU,Elevation Gradients,1109,ELE-4-1,238244,,2022-05-30 04:02:00,397795,180s 1SPT,Transcribed,62km,2.70,13.20,8.00,,,5.20,,NORDEGG CS,1332.00m,62km,,,,,,,,,,,,,,,,-28.51,-36.46,2,0.023844,-0.002716,0.054413,-25.29,-29.66,-32.68,2,0.027126,0.007538,0.048248,-26.33,https://portal.wildtrax.ca/home/aru-tasks/recording.html?taskId=373594,ELE-4-1_20220530_040200.wav,1247
BU,Elevation Gradients,1109,ELE-4-5,238285,,2022-05-30 04:02:00,397855,180s 1SPT,Transcribed,"",,,,,,,,No daily weather within 165km,"","",,,,,,,,,,,,,,,,-13.04,-31.07,2,0.046678,-0.386749,0.402802,-7.9,-11.32,-35.71,3,0.029673,-0.42218,0.499878,-6.02,https://portal.wildtrax.ca/home/aru-tasks/recording.html?taskId=373654,ELE-4-5_20220530_040200.wav,1269
BU,Elevation Gradients,1109,ELE-5-4,238238,,2022-05-30 04:02:00,487933,180s 1SPT,Transcribed,19km,2.70,13.20,8.00,,,5.20,,NORDEGG CS,1332.00m,19km,,,,,,,,,,,,,,,,-33.36,-36.46,2,0.018398,0.006744,0.031097,-30.15,-45.72,-59.64,2,0.000929,-0.047516,0.037689,-26.46,https://portal.wildtrax.ca/home/aru-tasks/recording.html?taskId=450059,ELE-5-4_20220530_040200.wav,533
BU,Elevation Gradients,1109,ELE-7-5,238227,,2022-05-30 04:03:00,397810,180s 1SPT,Transcribed,56km,2.70,13.20,8.00,,,5.20,,NORDEGG CS,1332.00m,56km,,,,,,,,,,,,,,,,-32.96,-52.01,2,-0.003234,-0.03891,0.036804,-28.2,-26.32,-32.94,2,0.027413,-0.062012,0.319092,-9.92,https://portal.wildtrax.ca/home/aru-tasks/recording.html?taskId=373609,ELE-7-5_0+1_20220530_040300.wav,1234
BU,Elevation Gradients,1109,ELE-11-6N,238261,,2022-05-30 06:02:00,488226,180s 1SPT,Transcribed,23km,5.20,10.70,7.90,,,2.30,,BEAVER MINES,1257.00m,23km,,,,,,,,,,,,,,,,-10.09,-37.24,2,0.021075,-0.668915,0.59906,-3.49,-7.09,-35.67,2,0.032729,-0.882904,0.512939,-1.08,https://portal.wildtrax.ca/home/aru-tasks/recording.html?taskId=450352,ELE-11-6N_20220530_060200.wav,533
BU,Elevation Gradients,1109,ELE-7-2,238231,,2022-05-30 07:03:00,397655,180s 1SPT,Transcribed,"",,,,,,,,No daily weather within 165km,"","",,,,,,,,,,,,,,,,-18.28,-46.35,3,0.013148,-0.202209,0.150543,-13.88,-19.24,-39.92,2,0.025135,-0.108246,0.200012,-13.98,https://portal.wildtrax.ca/home/aru-tasks/recording.html?taskId=373454,ELE-7-2_20220530_070300.wav,1224
BU,Elevation Gradients,1109,ELE-6-6,238290,,2022-05-30 21:44:00,397780,180s 1SPT,Transcribed,"",,,,,,,,No daily weather within 165km,"","",,,,,,,,,,,,,,,,-23.56,-36.67,2,0.025039,-0.05246,0.140472,-17.05,-22.14,-33.29,2,0.033316,-0.063141,0.113342,-18.91,https://portal.wildtrax.ca/home/aru-tasks/recording.html?taskId=373579,ELE-6-6_20220530_214400.wav,1269
BU,Elevation Gradients,1109,ELE-11-3,238260,,2022-05-30 22:44:00,487974,180s 1SPT,Transcribed,"",,,,,,,,No daily weather within 165km,"","",,,,,,,,,,,,,,,,-29.27,-29.66,2,0.032586,-0.012573,0.078033,-22.15,-27.39,-28.27,2,0.039446,-0.017914,0.09259,-20.67,https://portal.wildtrax.ca/home/aru-tasks/recording.html?taskId=450100,ELE-11-3_0+1_20220530_224400.wav,1247
BU,Elevation Gradients,1109,ELE-3-3,238247,,2022-05-30 22:44:00,397859,180s 1SPT,Transcribed,"",,,,,,,,No daily weather within 165km,"","",,,,,,,,,,,,,,,,-25.35,-33.61,2,0.026568,-0.057373,0.095947,-20.36,-23.67,-31.7,2,0.032412,-0.031006,0.097931,-20.18,https://portal.wildtrax.ca/home/aru-tasks/recording.html?taskId=373658,ELE-3-3_0+1_20220530_224400.wav,1234
BU,Elevation Gradients,1109,ELE-6-1,238234,,2022-05-30 22:44:00,397759,180s 1SPT,Transcribed,"",,,,,,,,No daily weather within 165km,"","",,,,,,,,,,,,,,,,-23.53,-28.52,2,0.047479,-0.006104,0.10141,-19.88,-33.05,-36.56,2,0.017685,-0.003204,0.033844,-29.41,https://portal.wildtrax.ca/home/aru-tasks/recording.html?taskId=373558,ELE-6-1_0+1_20220530_224400.wav,1247
BU,Elevation Gradients,1109,ELE-15-2,312534,,2022-05-31 04:02:00,488004,180s 1SPT,Transcribed,47km,0.60,16.30,8.50,,,0.00,,PEKISKO,1415.00m,14km,,,,,,,,,,,,,,,,-34.09,-35.83,2,0.017668,0.009094,0.025665,-31.81,-30.87,-32.03,2,0.026778,0.017487,0.035767,-28.93,https://portal.wildtrax.ca/home/aru-tasks/recording.html?taskId=450130,ELE-15-2_20220531_040200.wav,1234
BU,Elevation Gradients,1109,ELE-3-5,238248,,2022-05-31 04:02:00,397886,180s 1SPT,Transcribed,"",,,,,,,,No daily weather within 165km,"","",,,,,,,,,,,,,,,,-6.17,-40.78,2,0.01615,-0.882324,0.618011,-1.09,-8.59,-31.51,2,0.040436,-0.50531,0.617065,-4.19,https://portal.wildtrax.ca/home/aru-tasks/recording.html?taskId=373685,ELE-3-5_0+1_20220531_040200.wav,660
BU,Elevation Gradients,1109,ELE-6-5,238229,,2022-05-31 04:02:00,397652,180s 1SPT,Transcribed,33km,1.80,14.90,8.40,,,1.00,,NORDEGG CS,1332.00m,33km,,,,,,,,,,,,,,,,-21.8,-35.4,2,0.030257,-0.087463,0.132965,-17.53,-22.15,-37.92,2,0.024069,-0.075104,0.124298,-18.11,https://portal.wildtrax.ca/home/aru-tasks/recording.html?taskId=373451,ELE-6-5_20220531_040200.wav,1247
BU,Elevation Gradients,1109,ELE-6-6,238290,,2022-05-31 04:02:00,397648,180s 1SPT,Transcribed,33km,1.80,14.90,8.40,,,1.00,,NORDEGG CS,1332.00m,33km,,,,,,,,,,,,,,,,-27.41,-35.22,2,0.025168,-0.016785,0.070648,-23.02,-27.02,-32.25,2,0.033522,-0.100342,0.222473,-13.05,https://portal.wildtrax.ca/home/aru-tasks/recording.html?taskId=373447,ELE-6-6_20220531_040200.wav,1269
BU,Elevation Gradients,1109,ELE-2-2,238149,,2022-05-31 05:59:00,367220,180s 1SPT,Transcribed,2km,1.50,20.00,10.80,0.00,0.00,0.00,0.00,WILLOW CREEK 1,1370.00m,33km,,,,,,,,,,,,,,,,-25.56,-40.94,2,0.01897,-0.11264,0.155548,-16.16,-23.96,-36.77,2,0.02287,-0.16098,0.199799,-13.99,https://portal.wildtrax.ca/home/aru-tasks/recording.html?taskId=343887,ELE-2-2_20220531_055900.wav,37
BU,Elevation Gradients,1109,ELE-5-4,238238,,2022-05-31 06:02:00,488229,180s 1SPT,Transcribed,19km,1.80,14.90,8.40,,,1.00,,NORDEGG CS,1332.00m,19km,,,,,,,,,,,,,,,,-31.64,-37.68,2,0.01827,-0.006775,0.03949,-28.07,-40.02,-58.32,2,0.00073,-0.017059,0.018982,-34.43,https://portal.wildtrax.ca/home/aru-tasks/recording.html?taskId=450355,ELE-5-4_20220531_060200.wav,1224
BU,Elevation Gradients,1109,ELE-4-4,238240,,2022-05-31 07:02:00,397598,180s 1SPT,Transcribed,"",,,,,,,,No daily weather within 165km,"","",,,,,,,,,,,,,,,,-22.65,-27.14,2,0.053625,-0.00061,0.10672,-19.44,-25.23,-32.89,2,0.030786,-0.030914,0.087189,-21.19,https://portal.wildtrax.ca/home/aru-tasks/recording.html?taskId=373397,ELE-4-4_0+1_20220531_070200.wav,660
BU,Elevation Gradients,1109,ELE-5-3,238237,,2022-05-31 07:02:00,488134,180s 1SPT,Transcribed,19km,1.80,14.90,8.40,,,1.00,,NORDEGG CS,1332.00m,19km,,,,,,,,,,,,,,,,-31.33,-39.46,2,0.016742,-0.017792,0.050018,-26.02,-33.3,-42.85,2,-0.009623,-0.048096,0.029327,-26.36,https://portal.wildtrax.ca/home/aru-tasks/recording.html?taskId=450260,ELE-5-3_0+1_20220531_070200.wav,1224
BU,Elevation Gradients,1109,ELE-6-5,238229,,2022-05-31 21:45:00,397736,180s 1SPT,Transcribed,33km,1.80,14.90,8.40,,,1.00,,NORDEGG CS,1332.00m,33km,,,,,,,,,,,,,,,,-28.1,-33.14,2,0.030414,-0.001801,0.051483,-25.77,-29.06,-35.77,2,0.023948,-0.000488,0.045929,-26.76,https://portal.wildtrax.ca/home/aru-tasks/recording.html?taskId=373535,ELE-6-5_20220531_214500.wav,1234
BU,Elevation Gradients,1109,ELE-14-3,312532,,2022-05-31 22:45:00,488199,180s 1SPT,Transcribed,"",,,,,,,,No daily weather within 165km,"","",,,,,,,,,,,,,,,,-32.45,-34.73,2,0.019795,-0.024017,0.058838,-24.61,-33.1,-36.52,2,0.01266,-0.055878,0.084503,-21.46,https://portal.wildtrax.ca/home/aru-tasks/recording.html?taskId=450325,ELE-14-3_0+1_20220531_224500.wav,1269
BU,Elevation Gradients,1109,ELE-3-1,238249,,2022-06-01 04:01:00,397603,180s 1SPT,Transcribed,53km,-0.40,19.00,9.30,,,0.00,,NORDEGG CS,1332.00m,53km,,,,,,,,,,,,,,,,-28.17,-31.16,2,0.017377,-0.142273,0.161896,-15.82,-24.65,-27.01,2,0.049471,-0.022827,0.121338,-18.32,https://portal.wildtrax.ca/home/aru-tasks/recording.html?taskId=373402,ELE-3-1_0+1_20220601_040100.wav,1234
BU,Elevation Gradients,1109,ELE-3-5,238248,,2022-06-01 04:01:00,397647,180s 1SPT,Transcribed,"",,,,,,,,No daily weather within 165km,"","",,,,,,,,,,,,,,,,-30.46,-39.74,2,0.016138,-0.024384,0.05484,-25.22,-12.15,-31.57,2,0.040316,-0.462372,0.389313,-6.7,https://portal.wildtrax.ca/home/aru-tasks/recording.html?taskId=373446,ELE-3-5_0+1_20220601_040100.wav,1234
BU,Elevation Gradients,1109,ELE-3-5,238248,,2022-06-01 07:01:00,397762,180s 1SPT,Transcribed,"",,,,,,,,No daily weather within 165km,"","",,,,,,,,,,,,,,,,-21.28,-40.35,2,0.016162,-0.121063,0.133026,-17.52,-9.21,-31.17,3,0.040418,-0.616821,0.645569,-3.8,https://portal.wildtrax.ca/home/aru-tasks/recording.html?taskId=373561,ELE-3-5_0+1_20220601_070100.wav,660
BU,Elevation Gradients,1109,ELE-14-4,238257,,2022-06-01 08:01:00,488269,180s 1SPT,Transcribed,14km,1.30,17.90,9.60,,,0.00,,BEAVER MINES,1257.00m,14km,,,,,,,,,,,,,,,,-20.13,-34.43,2,0.032426,-0.115509,0.171112,-15.33,-10.45,-53.4,2,0.001853,-0.461609,0.430023,-6.71,https://portal.wildtrax.ca/home/aru-tasks/recording.html?taskId=450395,ELE-14-4_20220601_080100.wav,1234
BU,Elevation Gradients,1109,ELE-3-2,238252,,2022-06-01 20:46:00,397717,180s 1SPT,Transcribed,53km,-0.40,19.00,9.30,,,0.00,,NORDEGG CS,1332.00m,53km,,,,,,,,,,,,,,,,-27.39,-37.69,2,0.020714,-0.023529,0.064423,-23.82,-24.35,-29.33,2,0.044795,0.020782,0.074646,-22.54,https://portal.wildtrax.ca/home/aru-tasks/recording.html?taskId=373516,ELE-3-2_20220601_204600.wav,1224
BU,Elevation Gradients,1109,ELE-6-4,238232,,2022-06-01 20:46:00,397812,180s 1SPT,Transcribed,"",,,,,,,,No daily weather within 165km,"","",,,,,,,,,,,,,,,,-26.57,-36.61,3,0.023035,-0.03775,0.087708,-21.14,-27.82,-33.92,2,0.028703,-0.007416,0.054382,-25.29,https://portal.wildtrax.ca/home/aru-tasks/recording.html?taskId=373611,ELE-6-4_20220601_204600.wav,1247
BU,Elevation Gradients,1109,ELE-2-3,238148,,2022-06-01 20:54:00,367231,180s 1SPT,Transcribed,"",,,,,,,,No daily weather within 165km,"","",,,,,,,,,,,,,,,,-33.36,-50.3,2,-0.005632,-0.035248,0.02301,-29.06,-15.65,-36.66,3,0.027775,-0.169281,0.285034,-10.9,https://portal.wildtrax.ca/home/aru-tasks/recording.html?taskId=343898,ELE-2-3_20220601_205400.wav,660
BU,Elevation Gradients,1109,ELE-2-4,238147,,2022-06-01 20:54:00,367249,180s 1SPT,Transcribed,"",,,,,,,,No daily weather within 165km,"","",,,,,,,,,,,,,,,,-29.28,-60.64,2,-0.000839,-0.056061,0.050262,-25.03,-24.94,-33.39,2,0.033262,-0.026337,0.083008,-21.62,https://portal.wildtrax.ca/home/aru-tasks/recording.html?taskId=343916,ELE-2-4_20220601_205400.wav,532
BU,Elevation Gradients,1109,ELE-3-5,238248,,2022-06-01 21:46:00,397766,180s 1SPT,Transcribed,"",,,,,,,,No daily weather within 165km,"","",,,,,,,,,,,,,,,,-27.14,-38.84,2,0.01587,-0.052307,0.080658,-21.87,-23.45,-30.64,2,0.040005,-0.056793,0.118958,-18.49,https://portal.wildtrax.ca/home/aru-tasks/recording.html?taskId=373565,ELE-3-5_0+1_20220601_214600.wav,1234
BU,Elevation Gradients,1109,ELE-3-3,238247,,2022-06-02 04:00:00,397756,180s 1SPT,Transcribed,"",,,,,,,,No daily weather within 165km,"","",,,,,,,,,,,,,,,,-27.74,-34.13,3,0.026563,-0.011993,0.0672,-23.45,-26.71,-31.73,2,0.032336,-0.022858,0.074982,-22.5,https://portal.wildtrax.ca/home/aru-tasks/recording.html?taskId=373555,ELE-3-3_0+1_20220602_040000.wav,1234
BU,Elevation Gradients,1109,ELE-3-4,238245,,2022-06-02 04:00:00,397853,180s 1SPT,Transcribed,"",,,,,,,,No daily weather within 165km,"","",,,,,,,,,,,,,,,,-37.68,-41.4,2,0.010273,-0.002563,0.02301,-32.76,-37.16,-41.11,2,0.010436,-0.006042,0.026764,-31.45,https://portal.wildtrax.ca/home/aru-tasks/recording.html?taskId=373652,ELE-3-4_20220602_040000.wav,1234
BU,Elevation Gradients,1109,ELE-7-2,238231,,2022-06-02 04:01:00,397772,180s 1SPT,Transcribed,"",,,,,,,,No daily weather within 165km,"","",,,,,,,,,,,,,,,,-34.42,-40.64,2,0.013132,0.000031,0.028625,-30.86,-29.86,-33.75,2,0.02525,0.003998,0.044037,-27.12,https://portal.wildtrax.ca/home/aru-tasks/recording.html?taskId=373571,ELE-7-2_20220602_040100.wav,1247
BU,Elevation Gradients,1109,ELE-14-2,238255,,2022-06-02 04:10:00,487880,180s 1SPT,Transcribed,15km,3.10,18.40,10.70,,,0.00,,BEAVER MINES,1257.00m,15km,,,,,,,,,,,,,,,,-28.93,-35.93,2,0.013553,-0.083191,0.099426,-20.05,-30.21,-36.9,2,0.015281,-0.068054,0.085938,-21.32,https://portal.wildtrax.ca/home/aru-tasks/recording.html?taskId=450006,ELE-14-2_20220602_041000.wav,1242
BU,Elevation Gradients,1109,ELE-15-4,238253,,2022-06-02 07:00:00,488081,180s 1SPT,Transcribed,46km,3.00,20.40,11.70,,,0.00,,PEKISKO,1415.00m,13km,8.40,1.90,64,0.00,,86.22,24,2,,,NA,,,,,-30.96,-34.56,2,0.022102,-0.005859,0.049438,-26.12,-28.59,-30.09,2,0.03411,0,0.056335,-24.98,https://portal.wildtrax.ca/home/aru-tasks/recording.html?taskId=450207,ELE-15-4_0+1_20220602_070000.wav,1242
BU,Elevation Gradients,1109,ELE-5-4,238238,,2022-06-02 07:00:00,488107,180s 1SPT,Transcribed,19km,-1.00,18.30,8.60,,,0.00,,NORDEGG CS,1332.00m,19km,5.80,-0.70,63,0.00,,87.02,24,2,,,NA,,,,,-32.44,-36.51,2,0.018334,-0.006653,0.043793,-27.17,-40.33,-57.71,2,0.000715,-0.015228,0.018066,-34.86,https://portal.wildtrax.ca/home/aru-tasks/recording.html?taskId=450233,ELE-5-4_20220602_070000.wav,532
BU,Elevation Gradients,1109,ELE-7-3,238228,,2022-06-02 07:01:00,397936,180s 1SPT,Transcribed,"",,,,,,,,No daily weather within 165km,"","",,,,,,,,,,,,,,,,-32.64,-38.31,2,0.013852,-0.034302,0.060333,-24.39,-30.1,-32.9,2,0.024633,-0.02356,0.070648,-23.02,https://portal.wildtrax.ca/home/aru-tasks/recording.html?taskId=373735,ELE-7-3_0+1_20220602_070100.wav,1247
BU,Elevation Gradients,1109,ELE-14-6N,238254,,2022-06-02 08:00:00,488236,180s 1SPT,Transcribed,"",,,,,,,,No daily weather within 165km,"","",,,,,,,,,,,,,,,,-9.05,-46.22,2,0.014565,-0.465668,0.616089,-4.21,-14.86,-46.53,2,0.0109,-0.271576,0.260773,-11.32,https://portal.wildtrax.ca/home/aru-tasks/recording.html?taskId=450362,ELE-14-6N_20220602_080000.wav,1247
BU,Elevation Gradients,1109,ELE-5-5,238236,,2022-06-02 08:00:00,488184,180s 1SPT,Transcribed,19km,-1.00,18.30,8.60,,,0.00,,NORDEGG CS,1332.00m,19km,10.10,-0.30,48,0.00,,86.98,23,5,,,NA,,,,,-24.15,-28.62,2,0.044479,-0.021088,0.105469,-19.54,-26.88,-29.46,2,0.038095,-0.003571,0.078644,-22.09,https://portal.wildtrax.ca/home/aru-tasks/recording.html?taskId=450310,ELE-5-5_0+1_20220602_080000.wav,1269
BU,Elevation Gradients,1109,ELE-14-6N,238254,,2022-06-02 20:47:00,488029,180s 1SPT,Transcribed,"",,,,,,,,No daily weather within 165km,"","",,,,,,,,,,,,,,,,-1.23,-43.64,,0.014678,-1,0.999969,0,-1.17,-45.7,,0.010942,-1,0.999969,0,https://portal.wildtrax.ca/home/aru-tasks/recording.html?taskId=450155,ELE-14-6N_20220602_204700.wav,1242
BU,Elevation Gradients,1109,ELE-5-8,332559,,2022-06-02 20:47:00,488212,180s 1SPT,Transcribed,18km,-1.00,18.30,8.60,,,0.00,,NORDEGG CS,1332.00m,18km,,,,,,,,,,,,,,,,-25.02,-29.42,3,0.042783,0.018921,0.065735,-23.64,-30.62,-36.26,2,0.022253,0.007874,0.034454,-29.26,https://portal.wildtrax.ca/home/aru-tasks/recording.html?taskId=450338,ELE-5-8_20220602_204700.wav,1242
BU,Elevation Gradients,1109,ELE-6-5,238229,,2022-06-02 20:47:00,397620,180s 1SPT,Transcribed,33km,-1.00,18.30,8.60,,,0.00,,NORDEGG CS,1332.00m,33km,,,,,,,,,,,,,,,,-29.14,-32.18,2,0.030171,0.01651,0.040253,-27.9,-31.18,-34.51,2,0.023882,0.011841,0.033905,-29.39,https://portal.wildtrax.ca/home/aru-tasks/recording.html?taskId=373419,ELE-6-5_20220602_204700.wav,1234
BU,Elevation Gradients,1109,ELE-4-2,238242,,2022-06-02 21:47:00,397820,180s 1SPT,Transcribed,"",,,,,,,,No daily weather within 165km,"","",,,,,,,,,,,,,,,,-30.34,-31.94,2,0.027933,0,0.049683,-26.08,-29.86,-31.54,2,0.02888,0,0.054626,-25.25,https://portal.wildtrax.ca/home/aru-tasks/recording.html?taskId=373619,ELE-4-2_0+1_20220602_214700.wav,533
BU,Elevation Gradients,1109,ELE-7-1,238230,,2022-06-02 21:57:00,397939,180s 1SPT,Transcribed,"",,,,,,,,No daily weather within 165km,"","",,,,,,,,,,,,,,,,-32.35,-39.08,2,0.01622,-0.014038,0.047363,-26.49,-34.64,-37.1,2,0.015541,-0.01355,0.045227,-26.89,https://portal.wildtrax.ca/home/aru-tasks/recording.html?taskId=373738,ELE-7-1_0+1_20220602_215700.wav,1247
BU,Elevation Gradients,1109,ELE-5-4,238238,,2022-06-02 22:47:00,488194,180s 1SPT,Transcribed,19km,-1.00,18.30,8.60,,,0.00,,NORDEGG CS,1332.00m,19km,,,,,,,,,,,,,,,,-22.66,-38.71,2,0.018017,-0.094666,0.123505,-18.17,-37.32,-58.8,2,0.000648,-0.021179,0.023804,-32.47,https://portal.wildtrax.ca/home/aru-tasks/recording.html?taskId=450320,ELE-5-4_20220602_224700.wav,1224
BU,Elevation Gradients,1109,ELE-3-5,238248,,2022-06-03 04:59:00,397714,180s 1SPT,Transcribed,"",,,,,,,,No daily weather within 165km,"","",,,,,,,,,,,,,,,,-33.59,-37.38,2,0.015943,-0.011505,0.046417,-26.67,-26.35,-28.94,2,0.040184,0,0.074371,-22.57,https://portal.wildtrax.ca/home/aru-tasks/recording.html?taskId=373513,ELE-3-5_0+1_20220603_045900.wav,1269
BU,Elevation Gradients,1109,ELE-14-6N,238254,,2022-06-03 07:59:00,488106,180s 1SPT,Transcribed,"",,,,,,,,No daily weather within 165km,"","",,,,,,,,,,,,,,,,-1.61,-44.82,,0.014643,-1,0.999969,0,-2.9,-45.9,,0.010936,-1,0.999969,0,https://portal.wildtrax.ca/home/aru-tasks/recording.html?taskId=450232,ELE-14-6N_20220603_075900.wav,1242
BU,Elevation Gradients,1109,ELE-4-1,238244,,2022-06-03 07:59:00,397908,180s 1SPT,Transcribed,62km,0.40,20.90,10.60,,,0.00,,NORDEGG CS,1332.00m,62km,,,,,,,,,,,,,,,,-29.78,-35.44,2,0.023717,-0.003235,0.049744,-26.07,-29.56,-33.07,2,0.026934,-0.008453,0.059509,-24.51,https://portal.wildtrax.ca/home/aru-tasks/recording.html?taskId=373707,ELE-4-1_20220603_075900.wav,1234
BU,Elevation Gradients,1109,ELE-6-1,238234,,2022-06-03 20:48:00,397840,180s 1SPT,Transcribed,"",,,,,,,,No daily weather within 165km,"","",,,,,,,,,,,,,,,,-11.04,-30.09,2,0.047016,-0.403137,0.531799,-5.49,-8.96,-39.05,2,0.017484,-0.478363,0.747223,-2.53,https://portal.wildtrax.ca/home/aru-tasks/recording.html?taskId=373639,ELE-6-1_0+1_20220603_204800.wav,660
BU,Elevation Gradients,1109,ELE-2-2,238149,,2022-06-03 21:56:00,367224,180s 1SPT,Transcribed,"",,,,,,,,No daily weather within 165km,"","",,,,,,,,,,,,,,,,-22.99,-39.17,2,0.01849,-0.110382,0.118469,-18.53,-30.47,-35.44,2,0.022205,-0.023346,0.071014,-22.97,https://portal.wildtrax.ca/home/aru-tasks/recording.html?taskId=343891,ELE-2-2_20220603_215600.wav,37
BU,Elevation Gradients,1109,ELE-6-1,238234,,2022-06-03 22:48:00,397884,180s 1SPT,Transcribed,"",,,,,,,,No daily weather within 165km,"","",,,,,,,,,,,,,,,,-20.88,-28.86,2,0.04717,-0.102081,0.157471,-16.06,-26.34,-39.29,3,0.017484,-0.043884,0.078735,-22.08,https://portal.wildtrax.ca/home/aru-tasks/recording.html?taskId=373683,ELE-6-1_0+1_20220603_224800.wav,1234
BU,Elevation Gradients,1109,ELE-3-6,238246,,2022-06-04 04:59:00,397621,180s 1SPT,Transcribed,52km,3.70,19.50,11.60,,,0.30,,NORDEGG CS,1332.00m,52km,,,,,,,,,,,,,,,,-4.24,-40.68,,0.03164,-1,0.680542,0,-0.32,-38.14,,0.043748,-1,0.999969,0,https://portal.wildtrax.ca/home/aru-tasks/recording.html?taskId=373420,ELE-3-6_20220604_045900.wav,1247
BU,Elevation Gradients,1109,ELE-4-5,238285,,2022-06-04 04:59:00,397912,180s 1SPT,Bad Weather,"",,,,,,,,No daily weather within 165km,"","",,,,,,,,,,,,,,,,-1.04,-33.33,,0.044305,-1,0.999969,0,-0.21,-36.73,,0.029362,-1,0.999969,0,https://portal.wildtrax.ca/home/aru-tasks/recording.html?taskId=373711,ELE-4-5_20220604_045900.wav,532
BU,Elevation Gradients,1109,ELE-14-1,238258,,2022-06-04 05:29:00,487895,180s 1SPT,Transcribed,"",,,,,,,,No daily weather within 165km,"","",,,,,,,,,,,,,,,,-12.92,-36.15,2,0.024542,-0.289917,0.340607,-9.35,-11.93,-42.13,2,-0.001357,-0.437958,0.456085,-6.82,https://portal.wildtrax.ca/home/aru-tasks/recording.html?taskId=450021,ELE-14-1_0+1_20220604_052900.wav,532
BU,Elevation Gradients,1109,ELE-6-2,238235,,2022-06-04 07:59:00,397721,180s 1SPT,Transcribed,"",,,,,,,,No daily weather within 165km,"","",,,,,,,,,,,,,,,,-21.18,-30.27,2,0.046508,-0.070984,0.16037,-15.9,-23.35,-30.55,2,0.039596,-0.049042,0.13681,-17.28,https://portal.wildtrax.ca/home/aru-tasks/recording.html?taskId=373520,ELE-6-2_0+1_20220604_075900.wav,1269
BU,Elevation Gradients,1109,ELE-7-3,238228,,2022-06-04 20:59:00,397656,180s 1SPT,Transcribed,"",,,,,,,,No daily weather within 165km,"","",,,,,,,,,,,,,,,,-33.73,-40.33,2,0.013655,-0.047272,0.050903,-25.87,-26.82,-34.71,2,0.024475,-0.065643,0.110077,-19.17,https://portal.wildtrax.ca/home/aru-tasks/recording.html?taskId=373455,ELE-7-3_0+1_20220604_205900.wav,1234
BU,Elevation Gradients,1109,ELE-7-5,238227,,2022-06-04 20:59:00,397889,180s 1SPT,Transcribed,"",,,,,,,,No daily weather within 165km,"","",,,,,,,,,,,,,,,,-36.66,-50.7,2,-0.003617,-0.038239,0.026703,-28.35,-28.99,-33.65,2,0.026715,-0.011078,0.106232,-19.47,https://portal.wildtrax.ca/home/aru-tasks/recording.html?taskId=373688,ELE-7-5_0+1_20220604_205900.wav,1269
BU,Elevation Gradients,1109,ELE-11-3,238260,,2022-06-04 21:49:00,488111,180s 1SPT,Transcribed,"",,,,,,,,No daily weather within 165km,"","",,,,,,,,,,,,,,,,-29.09,-29.63,2,0.032429,-0.019012,0.085236,-21.39,-26.62,-27.71,3,0.039313,-0.055176,0.127747,-17.87,https://portal.wildtrax.ca/home/aru-tasks/recording.html?taskId=450237,ELE-11-3_0+1_20220604_214900.wav,1224
BU,Elevation Gradients,1109,ELE-6-4,238232,,2022-06-04 21:49:00,397618,180s 1SPT,Transcribed,"",,,,,,,,No daily weather within 165km,"","",,,,,,,,,,,,,,,,-14.77,-38.12,2,0.023209,-0.261871,0.335632,-9.48,-19.79,-38.91,2,0.028657,-0.151276,0.161163,-15.85,https://portal.wildtrax.ca/home/aru-tasks/recording.html?taskId=373417,ELE-6-4_20220604_214900.wav,533
BU,Elevation Gradients,1109,ELE-15-6,238251,,2022-06-04 22:49:00,487912,180s 1SPT,Transcribed,"",,,,,,,,No daily weather within 165km,"","",,,,,,,,,,,,,,,,-30.08,-33.17,2,0.023876,-0.177704,0.189423,-14.45,-20.21,-33.57,3,0.022588,-0.769958,0.999969,0,https://portal.wildtrax.ca/home/aru-tasks/recording.html?taskId=450038,ELE-15-6_20220604_224900.wav,1234
BU,Elevation Gradients,1109,ELE-6-7,238291,,2022-06-04 22:49:00,397729,180s 1SPT,Transcribed,"",,,,,,,,No daily weather within 165km,"","",,,,,,,,,,,,,,,,-4.3,-40.52,279,0.021838,-1,0.700439,0,-9.41,-55.05,2,0.002666,-0.675537,0.468994,-3.41,https://portal.wildtrax.ca/home/aru-tasks/recording.html?taskId=373528,ELE-6-7_20220604_224900.wav,1234
BU,Elevation Gradients,1109,ELE-14-5,238286,,2022-06-05 04:58:00,487937,180s 1SPT,Transcribed,"",,,,,,,,No daily weather within 165km,"","",,,,,,,,,,,,,,,,-18.93,-37.46,2,0.022123,-0.177704,0.188965,-14.47,-13.03,-37.01,2,0.021516,-0.297272,0.400848,-7.94,https://portal.wildtrax.ca/home/aru-tasks/recording.html?taskId=450063,ELE-14-5_0+1_20220605_045800.wav,1247
BU,Elevation Gradients,1109,ELE-7-3,238228,,2022-06-05 04:59:00,397926,180s 1SPT,Transcribed,"",,,,,,,,No daily weather within 165km,"","",,,,,,,,,,,,,,,,-35,-38.44,2,0.01369,-0.014435,0.041931,-27.55,-31.3,-32.82,2,0.024664,0,0.048004,-26.37,https://portal.wildtrax.ca/home/aru-tasks/recording.html?taskId=373725,ELE-7-3_0+1_20220605_045900.wav,533
BU,Elevation Gradients,1109,ELE-2-5,238145,,2022-06-05 06:55:00,367267,180s 1SPT,Transcribed,"",,,,,,,,No daily weather within 165km,"","",,,,,,,,,,,,,,,,-28.6,-35.26,2,0.023448,-0.014313,0.067841,-23.37,-28.16,-33.82,2,0.027603,-0.011749,0.067749,-23.38,https://portal.wildtrax.ca/home/aru-tasks/recording.html?taskId=343934,ELE-2-5_20220605_065500.wav,1242
BU,Elevation Gradients,1109,ELE-4-1,238244,,2022-06-05 20:50:00,397778,180s 1SPT,Transcribed,62km,7.50,10.70,9.10,,,6.50,,NORDEGG CS,1332.00m,62km,,,,,,,,,,,,,,,,-30.62,-34.08,2,0.023822,-0.031586,0.075104,-22.49,-29.58,-32.51,2,0.027093,-0.009735,0.061768,-24.18,https://portal.wildtrax.ca/home/aru-tasks/recording.html?taskId=373577,ELE-4-1_20220605_205000.wav,1224
BU,Elevation Gradients,1109,ELE-3-4,238245,,2022-06-06 04:58:00,397633,180s 1SPT,Transcribed,"",,,,,,,,No daily weather within 165km,"","",,,,,,,,,,,,,,,,-23.87,-43.68,2,0.010332,-0.099121,0.117065,-18.63,-13.1,-43.74,2,0.010404,-0.318451,0.344147,-9.27,https://portal.wildtrax.ca/home/aru-tasks/recording.html?taskId=373432,ELE-3-4_20220606_045800.wav,1269
BU,Elevation Gradients,1109,ELE-4-1,238244,,2022-06-06 04:58:00,397891,180s 1SPT,Transcribed,62km,6.80,16.50,11.60,,,11.70,,NORDEGG CS,1332.00m,62km,,,,,,,,,,,,,,,,-27.12,-36.72,2,0.023836,-0.035065,0.075409,-22.45,-20.34,-34.4,2,0.027153,-0.137268,0.164185,-15.69,https://portal.wildtrax.ca/home/aru-tasks/recording.html?taskId=373690,ELE-4-1_20220606_045800.wav,1242
BU,Elevation Gradients,1109,ELE-4-2,238242,,2022-06-06 04:58:00,397710,180s 1SPT,Transcribed,"",,,,,,,,No daily weather within 165km,"","",,,,,,,,,,,,,,,,-27.04,-33.7,2,0.028023,-0.022034,0.075256,-22.47,-28.9,-32.5,2,0.02924,-0.004028,0.057526,-24.8,https://portal.wildtrax.ca/home/aru-tasks/recording.html?taskId=373509,ELE-4-2_0+1_20220606_045800.wav,1234
BU,Elevation Gradients,1109,ELE-4-4,238240,,2022-06-06 04:58:00,397836,180s 1SPT,Transcribed,"",,,,,,,,No daily weather within 165km,"","",,,,,,,,,,,,,,,,-20.26,-28.34,2,0.053683,-0.063049,0.141632,-16.98,-24.85,-33.07,2,0.030724,-0.037872,0.086121,-21.3,https://portal.wildtrax.ca/home/aru-tasks/recording.html?taskId=373635,ELE-4-4_0+1_20220606_045800.wav,1269
BU,Elevation Gradients,1109,ELE-6-7,238291,,2022-06-06 04:58:00,397869,180s 1SPT,Transcribed,33km,6.80,16.50,11.60,,,11.70,,NORDEGG CS,1332.00m,33km,,,,,,,,,,,,,,,,-18.83,-38.6,2,0.021927,-0.244995,0.263824,-11.57,-15.05,-51.53,2,0.002634,-0.348785,0.296753,-9.15,https://portal.wildtrax.ca/home/aru-tasks/recording.html?taskId=373668,ELE-6-7_20220606_045800.wav,1224
BU,Elevation Gradients,1109,ELE-7-3,238228,,2022-06-06 04:58:00,397716,180s 1SPT,Transcribed,"",,,,,,,,No daily weather within 165km,"","",,,,,,,,,,,,,,,,-20.6,-41.76,2,0.013771,-0.133942,0.159912,-15.92,-12.7,-36.63,2,0.024701,-0.373535,0.373596,-8.55,https://portal.wildtrax.ca/home/aru-tasks/recording.html?taskId=373515,ELE-7-3_0+1_20220606_045800.wav,1234
BU,Elevation Gradients,1109,ELE-11-6N,238261,,2022-06-06 06:58:00,488115,180s 1SPT,Transcribed,23km,5.10,17.60,11.40,,,0.00,,BEAVER MINES,1257.00m,23km,,,,,,,,,,,,,,,,-13.37,-37.85,2,0.020886,-0.366608,0.403564,-7.88,-12.94,-34.96,2,0.032801,-0.444275,0.398163,-7.05,https://portal.wildtrax.ca/home/aru-tasks/recording.html?taskId=450241,ELE-11-6N_20220606_065800.wav,532
BU,Elevation Gradients,1109,ELE-7-4,238225,,2022-06-06 07:58:00,397624,180s 1SPT,Transcribed,"",,,,,,,,No daily weather within 165km,"","",,,,,,,,,,,,,,,,-16.95,-51.82,2,0.000145,-0.210907,0.233765,-12.62,-25.99,-48.95,2,0.005861,-0.063782,0.080322,-21.9,https://portal.wildtrax.ca/home/aru-tasks/recording.html?taskId=373423,ELE-7-4_20220606_075800.wav,1269
BU,Elevation Gradients,1109,ELE-11-3,238260,,2022-06-06 20:51:00,488180,180s 1SPT,Transcribed,"",,,,,,,,No daily weather within 165km,"","",,,,,,,,,,,,,,,,-27.5,-29.39,2,0.032507,-0.057343,0.129211,-17.77,-23.07,-28.15,2,0.039257,-0.138336,0.199127,-14.02,https://portal.wildtrax.ca/home/aru-tasks/recording.html?taskId=450306,ELE-11-3_0+1_20220606_205100.wav,532
BU,Elevation Gradients,1109,ELE-5-2,238239,,2022-06-06 20:51:00,488167,180s 1SPT,Transcribed,"",,,,,,,,No daily weather within 165km,"","",,,,,,,,,,,,,,,,-12.39,-32.76,79,0.031836,-1,0.999969,0,-30.29,-50,2,0.005241,-0.415222,0.391754,-7.63,https://portal.wildtrax.ca/home/aru-tasks/recording.html?taskId=450293,ELE-5-2_20220606_205100.wav,1269
BU,Elevation Gradients,1109,ELE-15-2,312534,,2022-06-06 21:51:00,488063,180s 1SPT,Transcribed,14km,2.40,17.10,9.70,,,,,PEKISKO,1415.00m,14km,,,,,,,,,,,,,,,,-30.73,-39.03,2,0.017247,-0.021637,0.057281,-24.84,-29.64,-32.8,2,0.026738,-0.009308,0.059021,-24.58,https://portal.wildtrax.ca/home/aru-tasks/recording.html?taskId=450189,ELE-15-2_20220606_215100.wav,1234
BU,Elevation Gradients,1109,ELE-2-3,238148,,2022-06-06 21:59:00,367269,180s 1SPT,Bad Weather,"",,,,,,,,No daily weather within 165km,"","",,,,,,,,,,,,,,,,-24.21,-41.4,15,-0.005473,-1,0.447235,0,-20.14,-31.37,11,0.027824,-0.632996,0.999969,0,https://portal.wildtrax.ca/home/aru-tasks/recording.html?taskId=343936,ELE-2-3_20220606_215900.wav,532
BU,Elevation Gradients,1109,ELE-14-4,238257,,2022-06-07 04:57:00,487909,180s 1SPT,Transcribed,"",,,,,,,,No daily weather within 165km,"","",,,,,,,,,,,,,,,,-21.87,-34.17,2,0.032539,-0.08371,0.130096,-17.71,-18.57,-50.76,2,0.001866,-0.178558,0.172852,-14.96,https://portal.wildtrax.ca/home/aru-tasks/recording.html?taskId=450035,ELE-14-4_20220607_045700.wav,1242
BU,Elevation Gradients,1109,ELE-2-1,238150,,2022-06-07 07:57:00,367294,180s 1SPT,Transcribed,"",,,,,,,,No daily weather within 165km,"","",,,,,,,,,,,,,,,,-20.15,-31.18,2,0.028992,-0.353882,0.269318,-9.02,-19.46,-33.45,2,0.019917,-0.281128,0.249451,-11.02,https://portal.wildtrax.ca/home/aru-tasks/recording.html?taskId=343961,ELE-2-1_20220607_075700.wav,37
BU,Elevation Gradients,1109,ELE-2-5,238145,,2022-06-07 22:00:00,367216,180s 1SPT,Transcribed,"",,,,,,,,No daily weather within 165km,"","",,,,,,,,,,,,,,,,-27.97,-36.68,2,0.023457,-0.021729,0.064545,-23.8,-27.14,-35.15,2,0.02755,-0.063263,0.109833,-19.19,https://portal.wildtrax.ca/home/aru-tasks/recording.html?taskId=343883,ELE-2-5_20220607_220000.wav,532
BU,Elevation Gradients,1109,ELE-5-1,238243,,2022-06-07 22:00:00,488007,180s 1SPT,Transcribed,"",,,,,,,,No daily weather within 165km,"","",,,,,,,,,,,,,,,,-29.95,-31.25,2,0.029344,0,0.049042,-26.19,-30.82,-35.67,2,0.021668,-0.023926,0.063568,-23.94,https://portal.wildtrax.ca/home/aru-tasks/recording.html?taskId=450133,ELE-5-1_0+1_20220607_220000.wav,533
BU,Elevation Gradients,1109,ELE-4-5,238285,,2022-06-07 22:52:00,397800,180s 1SPT,Transcribed,59km,5.90,16.50,11.20,,,1.60,,NORDEGG CS,1332.00m,59km,,,,,,,,,,,,,,,,-3.02,-33.51,,0.046514,-1,0.999969,0,-0.58,-36.91,,0.030111,-1,0.999969,0,https://portal.wildtrax.ca/home/aru-tasks/recording.html?taskId=373599,ELE-4-5_20220607_225200.wav,533
BU,Elevation Gradients,1109,ELE-4-3,238241,,2022-06-08 04:57:00,397790,180s 1SPT,Transcribed,"",,,,,,,,No daily weather within 165km,"","",,,,,,,,,,,,,,,,-7.52,-42.84,,0.004394,-0.687042,0.58725,-3.26,-2.34,-36.37,,0.005643,-1,0.999969,0,https://portal.wildtrax.ca/home/aru-tasks/recording.html?taskId=373589,ELE-4-3_20220608_045700.wav,1269
BU,Elevation Gradients,1109,ELE-4-4,238240,,2022-06-08 04:57:00,397942,180s 1SPT,Transcribed,"",,,,,,,,No daily weather within 165km,"","",,,,,,,,,,,,,,,,-20.25,-28.26,2,0.053769,-0.093323,0.148346,-16.57,-27.27,-32.81,2,0.03078,0,0.06134,-24.25,https://portal.wildtrax.ca/home/aru-tasks/recording.html?taskId=373741,ELE-4-4_0+1_20220608_045700.wav,1247
BU,Elevation Gradients,1109,ELE-7-5,238227,,2022-06-08 04:57:00,397949,180s 1SPT,Transcribed,"",,,,,,,,No daily weather within 165km,"","",,,,,,,,,,,,,,,,-35.22,-48.94,2,-0.003244,-0.035339,0.03064,-29.03,-29.94,-32.38,2,0.027188,0,0.048645,-26.26,https://portal.wildtrax.ca/home/aru-tasks/recording.html?taskId=373748,ELE-7-5_0+1_20220608_045700.wav,1234
BU,Elevation Gradients,1109,ELE-5-1,238243,,2022-06-08 05:53:00,488119,180s 1SPT,Transcribed,18km,3.30,19.80,11.60,,,0.00,,NORDEGG CS,1332.00m,18km,,,,,,,,,,,,,,,,-27.66,-32.34,2,0.029473,-0.049164,0.116486,-18.67,-24.56,-39.11,2,0.022021,-0.079285,0.11731,-18.61,https://portal.wildtrax.ca/home/aru-tasks/recording.html?taskId=450245,ELE-5-1_0+1_20220608_055300.wav,1242
BU,Elevation Gradients,1109,ELE-11-6N,238261,,2022-06-08 05:57:00,488091,180s 1SPT,Transcribed,23km,4.70,18.50,11.60,,,0.00,,BEAVER MINES,1257.00m,23km,,,,,,,,,,,,,,,,-25.5,-36.35,2,0.021005,-0.072205,0.102051,-19.82,-22.2,-33.37,2,0.032785,-0.089508,0.142944,-16.9,https://portal.wildtrax.ca/home/aru-tasks/recording.html?taskId=450217,ELE-11-6N_20220608_055700.wav,533
BU,Elevation Gradients,1109,ELE-15-2,312534,,2022-06-08 05:57:00,488206,180s 1SPT,Transcribed,"",,,,,,,,No daily weather within 165km,"","",,,,,,,,,,,,,,,,-31.93,-39.81,2,0.017446,-0.009827,0.043091,-27.31,-27.84,-36.04,2,0.026852,-0.022949,0.060669,-24.34,https://portal.wildtrax.ca/home/aru-tasks/recording.html?taskId=450332,ELE-15-2_20220608_055700.wav,1269
BU,Elevation Gradients,1109,ELE-4-2,238242,,2022-06-08 07:57:00,397689,180s 1SPT,Transcribed,"",,,,,,,,No daily weather within 165km,"","",,,,,,,,,,,,,,,,-29.55,-32.69,2,0.027951,0,0.053619,-25.41,-29.59,-31.72,2,0.029162,0,0.051697,-25.73,https://portal.wildtrax.ca/home/aru-tasks/recording.html?taskId=373488,ELE-4-2_0+1_20220608_075700.wav,1269
BU,Elevation Gradients,1109,ELE-6-7,238291,,2022-06-08 21:52:00,397826,180s 1SPT,Transcribed,"",,,,,,,,No daily weather within 165km,"","",,,,,,,,,,,,,,,,-1.64,-39.03,,0.021947,-1,0.999969,0,-0.3,-50.99,,0.003887,-1,0.999969,0,https://portal.wildtrax.ca/home/aru-tasks/recording.html?taskId=373625,ELE-6-7_20220608_215200.wav,1269
BU,Elevation Gradients,1109,ELE-6-3,238233,,2022-06-08 22:01:00,397634,180s 1SPT,Transcribed,"",,,,,,,,No daily weather within 165km,"","",,,,,,,,,,,,,,,,-27.27,-28.14,2,0.040507,-0.003845,0.093781,-20.56,-8.84,-32.86,2,0.046279,-0.505951,0.49649,-5.92,https://portal.wildtrax.ca/home/aru-tasks/recording.html?taskId=373433,ELE-6-3_0+1_20220608_220100.wav,532
BU,Elevation Gradients,1109,ELE-6-4,238232,,2022-06-08 22:52:00,397915,180s 1SPT,Transcribed,"",,,,,,,,No daily weather within 165km,"","",,,,,,,,,,,,,,,,-18.22,-38.29,2,0.023078,-0.19455,0.213196,-13.42,-20.79,-38.05,2,0.028781,-0.08844,0.151489,-16.39,https://portal.wildtrax.ca/home/aru-tasks/recording.html?taskId=373714,ELE-6-4_20220608_225200.wav,1269
BU,Elevation Gradients,1109,ELE-14-6N,238254,,2022-06-09 04:56:00,487918,180s 1SPT,Bad Weather,14km,9.70,19.10,14.40,,,0.00,,BEAVER MINES,1257.00m,14km,,,,,,,,,,,,,,,,-0.09,-10.71,,0.043655,-1,0.999969,0,-0.07,-7.16,,0.036357,-1,0.999969,0,https://portal.wildtrax.ca/home/aru-tasks/recording.html?taskId=450044,ELE-14-6N_20220609_045600.wav,1269
BU,Elevation Gradients,1109,ELE-5-6,238288,,2022-06-09 04:56:00,488203,180s 1SPT,Transcribed,"",,,,,,,,No daily weather within 165km,"","",,,,,,,,,,,,,,,,-24.24,-35.05,2,0.02822,-0.138062,0.184296,-14.69,-24.72,-33.06,2,0.034817,-0.045959,0.1203,-18.39,https://portal.wildtrax.ca/home/aru-tasks/recording.html?taskId=450329,ELE-5-6_20220609_045600.wav,1269
BU,Elevation Gradients,1109,ELE-6-2,238235,,2022-06-09 04:56:00,397829,180s 1SPT,Transcribed,"",,,,,,,,No daily weather within 165km,"","",,,,,,,,,,,,,,,,-22.18,-29.53,2,0.0467,-0.052124,0.143646,-16.85,-24.51,-31.57,2,0.039653,-0.014679,0.087463,-21.16,https://portal.wildtrax.ca/home/aru-tasks/recording.html?taskId=373628,ELE-6-2_0+1_20220609_045600.wav,1269
BU,Elevation Gradients,1109,ELE-2-2,238149,,2022-06-09 05:23:00,367261,180s 1SPT,Transcribed,"",,,,,,,,No daily weather within 165km,"","",,,,,,,,,,,,,,,,-25.44,-39.83,2,0.01889,-0.10788,0.143372,-16.87,-25.87,-36.05,2,0.022687,-0.117706,0.167603,-15.51,https://portal.wildtrax.ca/home/aru-tasks/recording.html?taskId=343928,ELE-2-2_20220609_052300.wav,1234
BU,Elevation Gradients,1109,ELE-2-2,238149,,2022-06-09 06:53:00,367211,180s 1SPT,Transcribed,"",,,,,,,,No daily weather within 165km,"","",,,,,,,,,,,,,,,,-28.3,-39.08,2,0.018954,-0.054596,0.100922,-19.92,-29.78,-35.59,2,0.022643,-0.050171,0.095032,-20.44,https://portal.wildtrax.ca/home/aru-tasks/recording.html?taskId=343878,ELE-2-2_20220609_065300.wav,532
BU,Elevation Gradients,1109,ELE-5-4,238238,,2022-06-09 06:56:00,488183,180s 1SPT,Transcribed,19km,-1.10,19.70,9.30,,,0.00,,NORDEGG CS,1332.00m,19km,,,,,,,,,,,,,,,,-23.74,-39.7,2,0.01821,-0.105652,0.118134,-18.55,-30.69,-53.91,2,0.00068,-0.042938,0.04248,-27.34,https://portal.wildtrax.ca/home/aru-tasks/recording.html?taskId=450309,ELE-5-4_20220609_065600.wav,1224
BU,Elevation Gradients,1109,ELE-3-5,238248,,2022-06-09 07:56:00,397896,180s 1SPT,Bad Weather,"",,,,,,,,No daily weather within 165km,"","",,,,,,,,,,,,,,,,-11.92,-38.95,,0.016043,-0.537506,0.441772,-5.39,-2.21,-30.39,,0.040083,-1,0.999969,0,https://portal.wildtrax.ca/home/aru-tasks/recording.html?taskId=373695,ELE-3-5_0+1_20220609_075600.wav,660
BU,Elevation Gradients,1109,ELE-15-3,238256,,2022-06-09 20:53:00,488070,180s 1SPT,Transcribed,14km,5.10,18.80,11.90,,,0.00,,PEKISKO,1415.00m,14km,,,,,,,,,,,,,,,,-9.49,-36.87,2,0.028198,-0.438599,0.57608,-4.79,-7.83,-47.83,2,0.0045,-0.664734,0.431427,-3.55,https://portal.wildtrax.ca/home/aru-tasks/recording.html?taskId=450196,ELE-15-3_0+1_20220609_205300.wav,532
BU,Elevation Gradients,1109,ELE-15-2,312534,,2022-06-09 21:53:00,487957,180s 1SPT,Transcribed,14km,5.10,18.80,11.90,,,0.00,,PEKISKO,1415.00m,14km,,,,,,,,,,,,,,,,-23.66,-40.63,3,0.01728,-0.119385,0.130127,-17.71,-22.13,-35.64,2,0.026887,-0.058105,0.133759,-17.47,https://portal.wildtrax.ca/home/aru-tasks/recording.html?taskId=450083,ELE-15-2_20220609_215300.wav,1234
BU,Elevation Gradients,1109,ELE-6-2,238235,,2022-06-09 21:53:00,397788,180s 1SPT,Transcribed,"",,,,,,,,No daily weather within 165km,"","",,,,,,,,,,,,,,,,-22.08,-28.53,2,0.0464,-0.032532,0.129578,-17.75,-22.86,-30.74,2,0.039566,-0.061981,0.125336,-18.04,https://portal.wildtrax.ca/home/aru-tasks/recording.html?taskId=373587,ELE-6-2_0+1_20220609_215300.wav,1234
BU,Elevation Gradients,1109,ELE-6-5,238229,,2022-06-09 21:53:00,397691,180s 1SPT,Transcribed,33km,-1.10,19.70,9.30,,,0.00,,NORDEGG CS,1332.00m,33km,,,,,,,,,,,,,,,,-0.86,-36.85,,0.029896,-1,0.999969,0,-0.44,-40.17,,0.024311,-1,0.999969,0,https://portal.wildtrax.ca/home/aru-tasks/recording.html?taskId=373490,ELE-6-5_20220609_215300.wav,1234
BU,Elevation Gradients,1109,ELE-15-2,312534,,2022-06-10 03:56:00,488155,180s 1SPT,Transcribed,14km,8.30,22.00,15.10,,,0.00,,PEKISKO,1415.00m,14km,,,,,,,,,,,,,,,,-1.15,-39.03,,0.017581,-1,0.999969,0,-0.33,-36.25,,0.027619,-1,0.999969,0,https://portal.wildtrax.ca/home/aru-tasks/recording.html?taskId=450281,ELE-15-2_20220610_035600.wav,532
BU,Elevation Gradients,1109,ELE-3-3,238247,,2022-06-10 04:56:00,397707,180s 1SPT,Transcribed,"",,,,,,,,No daily weather within 165km,"","",,,,,,,,,,,,,,,,-10.55,-33.62,2,0.026616,-0.43158,0.517303,-5.73,-28.69,-30.59,2,0.032179,0,0.068115,-23.34,https://portal.wildtrax.ca/home/aru-tasks/recording.html?taskId=373506,ELE-3-3_0+1_20220610_045600.wav,1242
BU,Elevation Gradients,1109,ELE-3-5,238248,,2022-06-10 04:56:00,397841,180s 1SPT,Transcribed,"",,,,,,,,No daily weather within 165km,"","",,,,,,,,,,,,,,,,-0.55,-35.94,,0.016334,-1,0.999969,0,-0.2,-29.47,,0.044775,-1,0.999969,0,https://portal.wildtrax.ca/home/aru-tasks/recording.html?taskId=373640,ELE-3-5_0+1_20220610_045600.wav,1269
BU,Elevation Gradients,1109,ELE-2-3,238148,,2022-06-10 05:22:00,367297,180s 1SPT,Transcribed,2km,9.00,21.00,15.00,0.00,0.00,0.00,0.00,WILLOW CREEK 1,1370.00m,34km,,,,,,,,,,,,,,,,-27.11,-45.93,,-0.005446,-0.079987,0.075043,-21.94,-3.65,-34.99,,0.027769,-1,0.999969,0,https://portal.wildtrax.ca/home/aru-tasks/recording.html?taskId=343964,ELE-2-3_20220610_052200.wav,37
BU,Elevation Gradients,1109,ELE-11-4,238259,,2022-06-10 05:56:00,488182,180s 1SPT,Transcribed,"",,,,,,,,No daily weather within 165km,"","",,,,,,,,,,,,,,,,-20.68,-27.7,,0.045262,-0.381958,0.358887,-8.36,-1.99,-32.16,,0.040478,-1,0.999969,0,https://portal.wildtrax.ca/home/aru-tasks/recording.html?taskId=450308,ELE-11-4_0+1_20220610_055600.wav,1269
BU,Elevation Gradients,1109,ELE-2-6,238146,,2022-06-10 21:02:00,367262,180s 1SPT,Transcribed,"",,,,,,,,No daily weather within 165km,"","",,,,,,,,,,,,,,,,-21.85,-29.23,2,0.043567,-0.116058,0.228119,-12.84,-25.67,-34.18,2,0.025114,-0.109924,0.177399,-15.02,https://portal.wildtrax.ca/home/aru-tasks/recording.html?taskId=343929,ELE-2-6_20220610_210200.wav,37
BU,Elevation Gradients,1109,ELE-4-5,238285,,2022-06-10 22:54:00,397765,180s 1SPT,Transcribed,"",,,,,,,,No daily weather within 165km,"","",,,,,,,,,,,,,,,,-0.13,-26.94,,0.049807,-1,0.999969,0,-0.11,-27.39,,0.040121,-1,0.999969,0,https://portal.wildtrax.ca/home/aru-tasks/recording.html?taskId=373564,ELE-4-5_20220610_225400.wav,1269
BU,Elevation Gradients,1109,ELE-5-6,238288,,2022-06-11 03:56:00,488196,180s 1SPT,Transcribed,"",,,,,,,,No daily weather within 165km,"","",,,,,,,,,,,,,,,,-13.41,-36.58,3,0.028289,-0.26358,0.327606,-9.69,-7.09,-35.79,2,0.034713,-0.634155,0.664764,-3.55,https://portal.wildtrax.ca/home/aru-tasks/recording.html?taskId=450322,ELE-5-6_20220611_035600.wav,1269
BU,Elevation Gradients,1109,ELE-3-4,238245,,2022-06-11 04:56:00,397666,180s 1SPT,Transcribed,"",,,,,,,,No daily weather within 165km,"","",,,,,,,,,,,,,,,,-36.45,-41.31,2,0.010325,-0.043274,0.070587,-23.03,-36.28,-40.84,2,0.010234,-0.096741,0.091644,-20.29,https://portal.wildtrax.ca/home/aru-tasks/recording.html?taskId=373465,ELE-3-4_20220611_045600.wav,1269
BU,Elevation Gradients,1109,ELE-6-2,238235,,2022-06-11 04:56:00,397665,180s 1SPT,Transcribed,"",,,,,,,,No daily weather within 165km,"","",,,,,,,,,,,,,,,,-13.92,-30.67,2,0.046692,-0.222839,0.333374,-9.54,-18.31,-31.82,2,0.039562,-0.114838,0.210083,-13.55,https://portal.wildtrax.ca/home/aru-tasks/recording.html?taskId=373464,ELE-6-2_0+1_20220611_045600.wav,1247
BU,Elevation Gradients,1109,ELE-6-4,238232,,2022-06-11 04:56:00,397952,180s 1SPT,Transcribed,"",,,,,,,,No daily weather within 165km,"","",,,,,,,,,,,,,,,,-16.07,-37.49,2,0.023294,-0.262543,0.312469,-10.1,-11.61,-36.55,2,0.028979,-0.684021,0.423126,-3.3,https://portal.wildtrax.ca/home/aru-tasks/recording.html?taskId=373751,ELE-6-4_20220611_045600.wav,1234
BU,Elevation Gradients,1109,ELE-5-8,332559,,2022-06-11 05:26:00,488195,180s 1SPT,Transcribed,18km,6.80,19.60,13.20,,,0.80,,NORDEGG CS,1332.00m,18km,,,,,,,,,,,,,,,,-26.27,-28.14,2,0.042946,0.008392,0.078308,-22.12,-26.54,-37.51,2,0.022281,-0.017944,0.06665,-23.52,https://portal.wildtrax.ca/home/aru-tasks/recording.html?taskId=450321,ELE-5-8_20220611_052600.wav,1269
BU,Elevation Gradients,1109,ELE-5-2,238239,,2022-06-11 05:56:00,487988,180s 1SPT,Transcribed,"",,,,,,,,No daily weather within 165km,"","",,,,,,,,,,,,,,,,-1.21,-34.18,,0.031831,-1,0.999969,0,-9.46,-51.85,,0.005421,-0.300385,0.687836,-3.25,https://portal.wildtrax.ca/home/aru-tasks/recording.html?taskId=450114,ELE-5-2_20220611_055600.wav,1242
BU,Elevation Gradients,1109,ELE-2-5,238145,,2022-06-11 07:52:00,367285,180s 1SPT,Transcribed,"",,,,,,,,No daily weather within 165km,"","",,,,,,,,,,,,,,,,-9.92,-39.17,2,0.023475,-0.488403,0.386139,-6.22,-9.7,-40.36,2,0.027625,-0.516327,0.473206,-5.74,https://portal.wildtrax.ca/home/aru-tasks/recording.html?taskId=343952,ELE-2-5_20220611_075200.wav,37
BU,Elevation Gradients,1109,ELE-6-5,238229,,2022-06-11 07:56:00,397808,180s 1SPT,Transcribed,"",,,,,,,,No daily weather within 165km,"","",,,,,,,,,,,,,,,,-28.67,-32.66,3,0.030149,-0.005219,0.065338,-23.7,-28.72,-33.86,2,0.023827,-0.054382,0.088074,-21.1,https://portal.wildtrax.ca/home/aru-tasks/recording.html?taskId=373607,ELE-6-5_20220611_075600.wav,1269
BU,Elevation Gradients,1109,ELE-5-4,238238,,2022-06-11 20:55:00,488053,180s 1SPT,Transcribed,19km,6.80,19.60,13.20,,,0.80,,NORDEGG CS,1332.00m,19km,,,,,,,,,,,,,,,,-0.69,-35.63,,0.018053,-1,0.999969,0,-3.53,-40.91,,0.000711,-1,0.759613,0,https://portal.wildtrax.ca/home/aru-tasks/recording.html?taskId=450179,ELE-5-4_20220611_205500.wav,532
BU,Elevation Gradients,1109,ELE-6-1,238234,,2022-06-11 21:54:00,397614,180s 1SPT,Transcribed,"",,,,,,,,No daily weather within 165km,"","",,,,,,,,,,,,,,,,-6.53,-29.98,2,0.047218,-0.866211,0.938141,-0.55,-14.86,-38.76,2,0.017449,-0.342041,0.286377,-9.32,https://portal.wildtrax.ca/home/aru-tasks/recording.html?taskId=373413,ELE-6-1_0+1_20220611_215400.wav,1234
BU,Elevation Gradients,1109,ELE-2-4,238147,,2022-06-12 04:52:00,367250,180s 1SPT,Transcribed,"",,,,,,,,No daily weather within 165km,"","",,,,,,,,,,,,,,,,-40.18,-60.3,2,-0.000984,-0.0242,0.017975,-32.32,-27.82,-30.76,2,0.0332,0.001709,0.065247,-23.71,https://portal.wildtrax.ca/home/aru-tasks/recording.html?taskId=343917,ELE-2-4_20220612_045200.wav,37
BU,Elevation Gradients,1109,ELE-3-2,238252,,2022-06-12 04:55:00,397814,180s 1SPT,Transcribed,53km,2.40,14.80,8.60,,,1.00,,NORDEGG CS,1332.00m,53km,,,,,,,,,,,,,,,,-25.15,-37.84,2,0.020803,-0.092316,0.144867,-16.78,-19.82,-31.86,2,0.044916,-0.068939,0.175842,-15.1,https://portal.wildtrax.ca/home/aru-tasks/recording.html?taskId=373613,ELE-3-2_20220612_045500.wav,532
BU,Elevation Gradients,1109,ELE-6-7,238291,,2022-06-12 04:55:00,397679,180s 1SPT,Transcribed,33km,2.40,14.80,8.60,,,1.00,,NORDEGG CS,1332.00m,33km,,,,,,,,,,,,,,,,-22.57,-39.34,2,0.021864,-0.114197,0.113739,-18.85,-15.97,-55.5,2,0.002833,-0.229004,0.253571,-11.92,https://portal.wildtrax.ca/home/aru-tasks/recording.html?taskId=373478,ELE-6-7_20220612_045500.wav,1269
BU,Elevation Gradients,1109,ELE-14-1,238258,,2022-06-12 07:55:00,487949,180s 1SPT,Transcribed,"",,,,,,,,No daily weather within 165km,"","",,,,,,,,,,,,,,,,-29.4,-33.06,2,0.02457,-0.033142,0.085663,-21.34,-31.33,-41.27,2,-0.001451,-0.081604,0.065704,-21.77,https://portal.wildtrax.ca/home/aru-tasks/recording.html?taskId=450075,ELE-14-1_0+1_20220612_075500.wav,1247
BU,Elevation Gradients,1109,ELE-4-3,238241,,2022-06-12 07:55:00,397622,180s 1SPT,Transcribed,"",,,,,,,,No daily weather within 165km,"","",,,,,,,,,,,,,,,,-14.43,-48,2,0.004438,-0.270966,0.208618,-11.34,-4.84,-47.4,47,0.005275,-1,0.665894,0,https://portal.wildtrax.ca/home/aru-tasks/recording.html?taskId=373421,ELE-4-3_20220612_075500.wav,532
BU,Elevation Gradients,1109,ELE-7-4,238225,,2022-06-12 07:56:00,397881,180s 1SPT,Transcribed,"",,,,,,,,No daily weather within 165km,"","",,,,,,,,,,,,,,,,-42.69,-57.6,2,0.000223,-0.013153,0.018188,-34.8,-38.51,-47.87,2,0.005975,-0.008606,0.018463,-34.67,https://portal.wildtrax.ca/home/aru-tasks/recording.html?taskId=373680,ELE-7-4_20220612_075600.wav,1234
BU,Elevation Gradients,1109,ELE-6-4,238232,,2022-06-12 22:55:00,397685,180s 1SPT,Transcribed,"",,,,,,,,No daily weather within 165km,"","",,,,,,,,,,,,,,,,-29.9,-35.51,2,0.02313,-0.021973,0.064484,-23.81,-27.3,-34.31,2,0.029023,-0.018158,0.066315,-23.57,https://portal.wildtrax.ca/home/aru-tasks/recording.html?taskId=373484,ELE-6-4_20220612_225500.wav,1234
BU,Elevation Gradients,1109,ELE-11-2,238263,,2022-06-13 03:55:00,487970,180s 1SPT,Transcribed,"",,,,,,,,No daily weather within 165km,"","",,,,,,,,,,,,,,,,-17.86,-34.43,2,0.03804,-0.100433,0.170227,-15.38,-24.98,-37.05,2,0.026631,-0.045898,0.10022,-19.98,https://portal.wildtrax.ca/home/aru-tasks/recording.html?taskId=450096,ELE-11-2_20220613_035500.wav,1242
BU,Elevation Gradients,1109,ELE-3-1,238249,,2022-06-13 04:55:00,397667,180s 1SPT,Bad Weather,"",,,,,,,,No daily weather within 165km,"","",,,,,,,,,,,,,,,,-24.91,-27.8,2,0.017452,-0.228546,0.248413,-12.1,-25.08,-25.93,2,0.049534,-0.059875,0.152435,-16.34,https://portal.wildtrax.ca/home/aru-tasks/recording.html?taskId=373466,ELE-3-1_0+1_20220613_045500.wav,1234
BU,Elevation Gradients,1109,ELE-4-2,238242,,2022-06-13 04:55:00,397760,180s 1SPT,Transcribed,"",,,,,,,,No daily weather within 165km,"","",,,,,,,,,,,,,,,,-22.4,-34.55,2,0.028181,-0.04187,0.101074,-19.91,-25.97,-33.96,2,0.02928,-0.033661,0.081482,-21.78,https://portal.wildtrax.ca/home/aru-tasks/recording.html?taskId=373559,ELE-4-2_0+1_20220613_045500.wav,1234
BU,Elevation Gradients,1109,ELE-7-1,238230,,2022-06-13 04:55:00,397834,180s 1SPT,Transcribed,"",,,,,,,,No daily weather within 165km,"","",,,,,,,,,,,,,,,,-30.53,-38.86,2,0.016113,-0.021179,0.050476,-25.94,-31.27,-39.21,2,0.015721,-0.014252,0.047424,-26.48,https://portal.wildtrax.ca/home/aru-tasks/recording.html?taskId=373633,ELE-7-1_0+1_20220613_045500.wav,1269
BU,Elevation Gradients,1109,ELE-7-5,238227,,2022-06-13 04:55:00,397799,180s 1SPT,Transcribed,"",,,,,,,,No daily weather within 165km,"","",,,,,,,,,,,,,,,,-34.67,-48.71,2,-0.003213,-0.035187,0.033539,-29.07,-29.58,-32.52,2,0.027191,-0.002472,0.077362,-22.23,https://portal.wildtrax.ca/home/aru-tasks/recording.html?taskId=373598,ELE-7-5_0+1_20220613_045500.wav,1224
BU,Elevation Gradients,1109,ELE-6-2,238235,,2022-06-13 07:55:00,397732,180s 1SPT,Transcribed,"",,,,,,,,No daily weather within 165km,"","",,,,,,,,,,,,,,,,-25.4,-27.93,2,0.046625,0,0.076935,-22.28,-24.91,-29.73,2,0.039772,-0.020569,0.087311,-21.18,https://portal.wildtrax.ca/home/aru-tasks/recording.html?taskId=373531,ELE-6-2_0+1_20220613_075500.wav,533
BU,Elevation Gradients,1109,ELE-4-1,238244,,2022-06-13 20:56:00,397865,180s 1SPT,Transcribed,62km,2.90,13.70,8.30,,,7.10,,NORDEGG CS,1332.00m,62km,,,,,,,,,,,,,,,,-30.67,-33.84,3,0.023861,-0.01236,0.049103,-26.18,-29.41,-32.71,2,0.027213,-0.009491,0.055786,-25.07,https://portal.wildtrax.ca/home/aru-tasks/recording.html?taskId=373664,ELE-4-1_20220613_205600.wav,1234
BU,Elevation Gradients,1109,ELE-6-2,238235,,2022-06-14 04:55:00,397693,180s 1SPT,Transcribed,"",,,,,,,,No daily weather within 165km,"","",,,,,,,,,,,,,,,,-8.98,-28.5,379,0.046797,-1,0.999969,0,-7.15,-29.74,385,0.039827,-1,0.999969,0,https://portal.wildtrax.ca/home/aru-tasks/recording.html?taskId=373492,ELE-6-2_0+1_20220614_045500.wav,1234
BU,Elevation Gradients,1109,ELE-11-5,238262,,2022-06-14 20:56:00,488138,180s 1SPT,Bad Weather,"",,,,,,,,No daily weather within 165km,"","",,,,,,,,,,,,,,,,-2.24,-31.97,,0.0194,-1,0.999969,0,-0.23,-31.43,,-0.002951,-1,0.999969,0,https://portal.wildtrax.ca/home/aru-tasks/recording.html?taskId=450264,ELE-11-5_20220614_205600.wav,532
BU,Elevation Gradients,1109,ELE-3-2,238252,,2022-06-14 20:56:00,397699,180s 1SPT,Transcribed,53km,6.20,9.00,7.60,,,55.60,,NORDEGG CS,1332.00m,53km,,,,,,,,,,,,,,,,-12.99,-36,,0.020603,-1,0.999969,0,-2.38,-28.72,,0.044801,-1,0.999969,0,https://portal.wildtrax.ca/home/aru-tasks/recording.html?taskId=373498,ELE-3-2_20220614_205600.wav,1269
BU,Elevation Gradients,1109,ELE-4-5,238285,,2022-06-14 20:56:00,397796,180s 1SPT,Transcribed,"",,,,,,,,No daily weather within 165km,"","",,,,,,,,,,,,,,,,-3.96,-30.95,,0.046603,-1,0.999969,0,-2.1,-36.17,,0.029648,-1,0.999969,0,https://portal.wildtrax.ca/home/aru-tasks/recording.html?taskId=373595,ELE-4-5_20220614_205600.wav,1269
BU,Elevation Gradients,1109,ELE-14-2,238255,,2022-06-14 21:46:00,488275,180s 1SPT,Transcribed,15km,3.80,8.50,6.20,,,9.30,,BEAVER MINES,1257.00m,15km,,,,,,,,,,,,,,,,-3.85,-33.17,,0.013438,-1,0.999969,0,-1.49,-33.7,,0.015318,-1,0.999969,0,https://portal.wildtrax.ca/home/aru-tasks/recording.html?taskId=450401,ELE-14-2_20220614_214600.wav,1247
BU,Elevation Gradients,1109,ELE-14-5,238286,,2022-06-14 22:56:00,488190,180s 1SPT,Transcribed,"",,,,,,,,No daily weather within 165km,"","",,,,,,,,,,,,,,,,-21.89,-36.98,,0.022309,-0.107208,0.176117,-15.08,-2.15,-37.49,,0.021553,-1,0.999969,0,https://portal.wildtrax.ca/home/aru-tasks/recording.html?taskId=450316,ELE-14-5_0+1_20220614_225600.wav,1247
BU,Elevation Gradients,1109,ELE-3-3,238247,,2022-06-14 22:56:00,397901,180s 1SPT,Transcribed,"",,,,,,,,No daily weather within 165km,"","",,,,,,,,,,,,,,,,-22.53,-33.06,2,0.026701,-0.493927,0.608093,-4.32,-24.15,-31.14,2,0.032236,-0.54892,0.523102,-5.21,https://portal.wildtrax.ca/home/aru-tasks/recording.html?taskId=373700,ELE-3-3_0+1_20220614_225600.wav,1234
BU,Elevation Gradients,1109,ELE-5-8,332559,,2022-06-15 03:55:00,488057,180s 1SPT,Transcribed,18km,4.70,11.80,8.20,,,19.60,,NORDEGG CS,1332.00m,18km,,,,,,,,,,,,,,,,-7.25,-30.52,,0.042944,-1,0.999969,0,-0.24,-37.84,,0.021928,-1,0.999969,0,https://portal.wildtrax.ca/home/aru-tasks/recording.html?taskId=450183,ELE-5-8_20220615_035500.wav,1247
BU,Elevation Gradients,1109,ELE-4-4,238240,,2022-06-15 04:55:00,397698,180s 1SPT,Transcribed,"",,,,,,,,No daily weather within 165km,"","",,,,,,,,,,,,,,,,-22.35,-27.45,2,0.053694,-0.320099,0.182922,-9.89,-26.59,-32.76,2,0.030738,-0.067383,0.083527,-21.56,https://portal.wildtrax.ca/home/aru-tasks/recording.html?taskId=373497,ELE-4-4_0+1_20220615_045500.wav,1247
BU,Elevation Gradients,1109,ELE-2-3,238148,,2022-06-15 05:21:00,367257,180s 1SPT,Transcribed,"",,,,,,,,No daily weather within 165km,"","",,,,,,,,,,,,,,,,-30.54,-46.76,2,-0.005399,-0.072052,0.053284,-22.85,-23.43,-34.64,2,0.027949,-0.059753,0.122803,-18.22,https://portal.wildtrax.ca/home/aru-tasks/recording.html?taskId=343924,ELE-2-3_20220615_052100.wav,37
BU,Elevation Gradients,1109,ELE-15-4,238253,,2022-06-15 06:55:00,487903,180s 1SPT,Transcribed,13km,4.30,14.70,9.50,,,0.00,,PEKISKO,1415.00m,13km,,,,,,,,,,,,,,,,-32.21,-33.5,2,0.022128,-0.026459,0.064453,-23.82,-27.33,-30.5,2,0.034411,0,0.06604,-23.6,https://portal.wildtrax.ca/home/aru-tasks/recording.html?taskId=450029,ELE-15-4_0+1_20220615_065500.wav,533
BU,Elevation Gradients,1109,ELE-15-5,238250,,2022-06-15 07:55:00,487958,180s 1SPT,Transcribed,13km,4.30,14.70,9.50,,,0.00,,PEKISKO,1415.00m,13km,,,,,,,,,,,,,,,,-22.39,-33.64,2,0.033449,-0.114227,0.130249,-17.7,-15.61,-35.14,2,0.02734,-0.279266,0.31308,-10.09,https://portal.wildtrax.ca/home/aru-tasks/recording.html?taskId=450084,ELE-15-5_20220615_075500.wav,1269
BU,Elevation Gradients,1109,ELE-2-5,238145,,2022-06-15 21:05:00,367280,180s 1SPT,Transcribed,4km,7.50,18.00,12.80,2.80,0.00,2.80,0.00,WILLOW CREEK 1,1370.00m,35km,,,,,,,,,,,,,,,,-26.13,-35.5,2,0.023421,-0.031952,0.086731,-21.24,-25.62,-34.98,3,0.0277,-0.038574,0.090363,-20.88,https://portal.wildtrax.ca/home/aru-tasks/recording.html?taskId=343947,ELE-2-5_20220615_210500.wav,37
BU,Elevation Gradients,1109,ELE-7-3,238228,,2022-06-15 21:08:00,397854,180s 1SPT,Transcribed,57km,4.70,11.80,8.20,,,19.60,,NORDEGG CS,1332.00m,57km,,,,,,,,,,,,,,,,-33.52,-38.52,2,0.013802,-0.02179,0.049042,-26.19,-29.76,-33.39,2,0.024655,-0.193909,0.064636,-14.25,https://portal.wildtrax.ca/home/aru-tasks/recording.html?taskId=373653,ELE-7-3_0+1_20220615_210800.wav,660
BU,Elevation Gradients,1109,ELE-11-2,238263,,2022-06-15 21:57:00,488008,180s 1SPT,Transcribed,21km,7.70,18.10,12.90,,,0.00,,BEAVER MINES,1257.00m,21km,,,,,,,,,,,,,,,,-10.91,-32.65,2,0.037866,-0.475922,0.590942,-4.57,-9.48,-37.85,2,0.026525,-0.690674,0.473969,-3.21,https://portal.wildtrax.ca/home/aru-tasks/recording.html?taskId=450134,ELE-11-2_20220615_215700.wav,1224
BU,Elevation Gradients,1109,ELE-4-2,238242,,2022-06-15 21:57:00,397943,180s 1SPT,Transcribed,"",,,,,,,,No daily weather within 165km,"","",,,,,,,,,,,,,,,,-21.09,-33.85,2,0.027986,-0.175385,0.200287,-13.97,-22.57,-32.69,2,0.029138,-0.150604,0.168365,-15.47,https://portal.wildtrax.ca/home/aru-tasks/recording.html?taskId=373742,ELE-4-2_0+1_20220615_215700.wav,1247
BU,Elevation Gradients,1109,ELE-2-3,238148,,2022-06-15 22:05:00,367271,180s 1SPT,Transcribed,"",,,,,,,,No daily weather within 165km,"","",,,,,,,,,,,,,,,,-26.15,-44.41,2,-0.005468,-0.095581,0.076569,-20.39,-22.86,-35.64,2,0.027886,-0.078094,0.138489,-17.17,https://portal.wildtrax.ca/home/aru-tasks/recording.html?taskId=343938,ELE-2-3_20220615_220500.wav,1242
BU,Elevation Gradients,1109,ELE-4-1,238244,,2022-06-15 22:57:00,397639,180s 1SPT,Transcribed,62km,4.70,11.80,8.20,,,19.60,,NORDEGG CS,1332.00m,62km,,,,,,,,,,,,,,,,-29.99,-34.79,2,0.023944,-0.05072,0.114899,-18.79,-27.31,-34.94,2,0.027057,-0.047394,0.119324,-18.47,https://portal.wildtrax.ca/home/aru-tasks/recording.html?taskId=373438,ELE-4-1_20220615_225700.wav,1269
BU,Elevation Gradients,1109,ELE-6-3,238233,,2022-06-16 04:51:00,397782,180s 1SPT,Transcribed,"",,,,,,,,No daily weather within 165km,"","",,,,,,,,,,,,,,,,-27.6,-27.94,2,0.040546,0,0.075287,-22.47,-25.81,-27.36,2,0.046335,0,0.084534,-21.46,https://portal.wildtrax.ca/home/aru-tasks/recording.html?taskId=373581,ELE-6-3_0+1_20220616_045100.wav,1247
BU,Elevation Gradients,1109,ELE-11-3,238260,,2022-06-16 06:55:00,487935,180s 1SPT,Bad Weather,"",,,,,,,,No daily weather within 165km,"","",,,,,,,,,,,,,,,,-29.3,-29.67,2,0.032514,-0.011169,0.07489,-22.51,-27.39,-27.87,2,0.039241,-0.032288,0.108582,-19.28,https://portal.wildtrax.ca/home/aru-tasks/recording.html?taskId=450061,ELE-11-3_0+1_20220616_065500.wav,1242
BU,Elevation Gradients,1109,ELE-14-5,238286,,2022-06-16 06:55:00,488178,180s 1SPT,Transcribed,"",,,,,,,,No daily weather within 165km,"","",,,,,,,,,,,,,,,,-14.14,-36.31,2,0.022124,-0.451599,0.359924,-6.9,-3.99,-37.94,484,0.021424,-1,0.938354,0,https://portal.wildtrax.ca/home/aru-tasks/recording.html?taskId=450304,ELE-14-5_0+1_20220616_065500.wav,1269
BU,Elevation Gradients,1109,ELE-2-4,238147,,2022-06-16 22:06:00,367226,180s 1SPT,Transcribed,"",,,,,,,,No daily weather within 165km,"","",,,,,,,,,,,,,,,,-31.18,-49.25,2,-0.000884,-0.357635,0.288269,-8.93,-27.06,-30.9,2,0.033316,-0.230072,0.357178,-8.94,https://portal.wildtrax.ca/home/aru-tasks/recording.html?taskId=343893,ELE-2-4_20220616_220600.wav,532
BU,Elevation Gradients,1109,ELE-7-2,238231,,2022-06-17 04:55:00,397862,180s 1SPT,Transcribed,"",,,,,,,,No daily weather within 165km,"","",,,,,,,,,,,,,,,,-31.42,-40.12,2,0.013158,-0.097961,0.121399,-18.32,-29.53,-34.47,2,0.025011,-0.019836,0.066986,-23.48,https://portal.wildtrax.ca/home/aru-tasks/recording.html?taskId=373661,ELE-7-2_20220617_045500.wav,1247
BU,Elevation Gradients,1109,ELE-5-3,238237,,2022-06-17 20:58:00,488050,180s 1SPT,Transcribed,"",,,,,,,,No daily weather within 165km,"","",,,,,,,,,,,,,,,,-34.48,-35.59,2,0.01634,-0.129181,0.140778,-17.03,-23.08,-44.03,2,-0.009568,-0.098267,0.106323,-19.47,https://portal.wildtrax.ca/home/aru-tasks/recording.html?taskId=450176,ELE-5-3_0+1_20220617_205800.wav,1224
BU,Elevation Gradients,1109,ELE-4-1,238244,,2022-06-17 21:58:00,397774,180s 1SPT,Transcribed,62km,2.50,14.60,8.50,,,1.70,,NORDEGG CS,1332.00m,62km,,,,,,,,,,,,,,,,-25.68,-35.61,3,0.023869,-0.073486,0.096008,-20.35,-23.34,-35.15,2,0.02712,-0.083923,0.128479,-17.82,https://portal.wildtrax.ca/home/aru-tasks/recording.html?taskId=373573,ELE-4-1_20220617_215800.wav,533
BU,Elevation Gradients,1109,ELE-3-2,238252,,2022-06-18 04:55:00,397879,180s 1SPT,Transcribed,"",,,,,,,,No daily weather within 165km,"","",,,,,,,,,,,,,,,,-26.58,-37.31,2,0.020658,-0.030701,0.068909,-23.23,-24.47,-29.11,2,0.044697,0.001648,0.090057,-20.91,https://portal.wildtrax.ca/home/aru-tasks/recording.html?taskId=373678,ELE-3-2_20220618_045500.wav,533
BU,Elevation Gradients,1109,ELE-3-5,238248,,2022-06-18 04:55:00,397900,180s 1SPT,Transcribed,"",,,,,,,,No daily weather within 165km,"","",,,,,,,,,,,,,,,,-32.55,-36.52,2,0.01602,-0.027679,0.064056,-23.87,-26.41,-28.79,3,0.04014,-0.02301,0.101715,-19.85,https://portal.wildtrax.ca/home/aru-tasks/recording.html?taskId=373699,ELE-3-5_0+1_20220618_045500.wav,532
BU,Elevation Gradients,1109,ELE-7-4,238225,,2022-06-18 04:55:00,397815,180s 1SPT,Transcribed,"",,,,,,,,No daily weather within 165km,"","",,,,,,,,,,,,,,,,-37.06,-52.08,2,0.000322,-0.025391,0.025024,-31.91,-39.61,-46.78,2,0.005833,-0.018402,0.025879,-31.74,https://portal.wildtrax.ca/home/aru-tasks/recording.html?taskId=373614,ELE-7-4_20220618_045500.wav,1247
BU,Elevation Gradients,1109,ELE-2-6,238146,,2022-06-18 05:51:00,367254,180s 1SPT,Transcribed,"",,,,,,,,No daily weather within 165km,"","",,,,,,,,,,,,,,,,-24.25,-30.04,2,0.043549,-0.029877,0.11319,-18.92,-28.08,-34.08,3,0.025262,-0.03009,0.077911,-22.17,https://portal.wildtrax.ca/home/aru-tasks/recording.html?taskId=343921,ELE-2-6_20220618_055100.wav,532
BU,Elevation Gradients,1109,ELE-2-4,238147,,2022-06-18 06:51:00,367229,180s 1SPT,Transcribed,"",,,,,,,,No daily weather within 165km,"","",,,,,,,,,,,,,,,,-29.51,-56.37,2,-0.000994,-0.372894,0.448456,-6.97,-27.95,-31.06,2,0.033292,-0.328949,0.360901,-8.85,https://portal.wildtrax.ca/home/aru-tasks/recording.html?taskId=343896,ELE-2-4_20220618_065100.wav,532
BU,Elevation Gradients,1109,ELE-5-8,332559,,2022-06-18 20:58:00,487940,180s 1SPT,Transcribed,"",,,,,,,,No daily weather within 165km,"","",,,,,,,,,,,,,,,,-21.28,-28.56,2,0.042581,-0.093872,0.174255,-15.18,-21.95,-38.68,2,0.022378,-0.122009,0.159882,-15.92,https://portal.wildtrax.ca/home/aru-tasks/recording.html?taskId=450066,ELE-5-8_20220618_205800.wav,1269
BU,Elevation Gradients,1109,ELE-5-2,238239,,2022-06-18 21:58:00,488017,180s 1SPT,Transcribed,"",,,,,,,,No daily weather within 165km,"","",,,,,,,,,,,,,,,,-16.32,-33.2,2,0.031872,-0.219849,0.306854,-10.26,-33.48,-50.55,2,0.005463,-0.086243,0.114685,-18.81,https://portal.wildtrax.ca/home/aru-tasks/recording.html?taskId=450143,ELE-5-2_20220618_215800.wav,1242
BU,Elevation Gradients,1109,ELE-6-1,238234,,2022-06-18 21:58:00,397742,180s 1SPT,Transcribed,32km,5.00,20.70,12.90,,,0.00,,NORDEGG CS,1332.00m,32km,,,,,,,,,,,,,,,,-25.16,-26.67,2,0.047257,-0.043945,0.143463,-16.87,-30.47,-37.97,2,0.01756,-0.036774,0.084717,-21.44,https://portal.wildtrax.ca/home/aru-tasks/recording.html?taskId=373541,ELE-6-1_0+1_20220618_215800.wav,1247
BU,Elevation Gradients,1109,ELE-15-1,312533,,2022-06-19 04:55:00,488005,180s 1SPT,Transcribed,"",,,,,,,,No daily weather within 165km,"","",,,,,,,,,,,,,,,,-32.92,-35.83,2,0.013317,-0.053375,0.08667,-21.24,-32.97,-35.63,2,0.01142,-0.069031,0.091248,-20.8,https://portal.wildtrax.ca/home/aru-tasks/recording.html?taskId=450131,ELE-15-1_0+1_20220619_045500.wav,1247
BU,Elevation Gradients,1109,ELE-3-1,238249,,2022-06-19 04:55:00,397706,180s 1SPT,Transcribed,"",,,,,,,,No daily weather within 165km,"","",,,,,,,,,,,,,,,,-21.67,-24.83,2,0.01755,-0.303223,0.355377,-8.99,-24.03,-25.59,2,0.049412,-0.096069,0.19577,-14.17,https://portal.wildtrax.ca/home/aru-tasks/recording.html?taskId=373505,ELE-3-1_0+1_20220619_045500.wav,533
BU,Elevation Gradients,1109,ELE-6-6,238290,,2022-06-19 04:55:00,397771,180s 1SPT,Transcribed,"",,,,,,,,No daily weather within 165km,"","",,,,,,,,,,,,,,,,-27.56,-36.3,2,0.025138,-0.008759,0.066742,-23.51,-22.99,-33.38,2,0.032931,-0.040405,0.116547,-18.67,https://portal.wildtrax.ca/home/aru-tasks/recording.html?taskId=373570,ELE-6-6_20220619_045500.wav,1247
BU,Elevation Gradients,1109,ELE-5-3,238237,,2022-06-19 05:55:00,488042,180s 1SPT,Transcribed,19km,1.00,16.40,8.70,,,7.80,,NORDEGG CS,1332.00m,19km,,,,,,,,,,,,,,,,-19.63,-45.09,2,0.016563,-0.139099,0.138,-17.13,-25.87,-45.28,2,-0.009639,-0.100403,0.076477,-19.97,https://portal.wildtrax.ca/home/aru-tasks/recording.html?taskId=450168,ELE-5-3_0+1_20220619_055500.wav,532
BU,Elevation Gradients,1109,ELE-2-1,238150,,2022-06-19 21:58:00,367210,180s 1SPT,Transcribed,"",,,,,,,,No daily weather within 165km,"","",,,,,,,,,,,,,,,,-28.3,-31.73,2,0.028706,-0.311646,0.347382,-9.18,-27.76,-35.51,2,0.019804,-0.513306,0.499237,-5.79,https://portal.wildtrax.ca/home/aru-tasks/recording.html?taskId=343877,ELE-2-1_20220619_215800.wav,37
BU,Elevation Gradients,1109,ELE-3-3,238247,,2022-06-20 04:55:00,397740,180s 1SPT,Transcribed,"",,,,,,,,No daily weather within 165km,"","",,,,,,,,,,,,,,,,-29.82,-32.67,2,0.026664,-0.000275,0.057953,-24.74,-26.38,-31.04,2,0.032236,-0.04129,0.2117,-13.49,https://portal.wildtrax.ca/home/aru-tasks/recording.html?taskId=373539,ELE-3-3_0+1_20220620_045500.wav,1269
BU,Elevation Gradients,1109,ELE-6-5,238229,,2022-06-20 04:55:00,397739,180s 1SPT,Transcribed,"",,,,,,,,No daily weather within 165km,"","",,,,,,,,,,,,,,,,-9.69,-35.99,2,0.030238,-0.554657,0.399445,-5.12,-12.11,-38.44,2,0.02388,-0.343964,0.429199,-7.35,https://portal.wildtrax.ca/home/aru-tasks/recording.html?taskId=373538,ELE-6-5_20220620_045500.wav,1234
BU,Elevation Gradients,1109,ELE-11-4,238259,,2022-06-20 05:25:00,487985,180s 1SPT,Transcribed,"",,,,,,,,No daily weather within 165km,"","",,,,,,,,,,,,,,,,-18.01,-27.36,9,0.045382,-1,0.581818,0,-10.12,-29.03,172,0.040466,-1,0.999969,0,https://portal.wildtrax.ca/home/aru-tasks/recording.html?taskId=450111,ELE-11-4_0+1_20220620_052500.wav,1234
BU,Elevation Gradients,1109,ELE-15-2,312534,,2022-06-20 05:25:00,488235,180s 1SPT,Transcribed,51km,8.90,14.60,11.80,,,2.00,,PEKISKO,1415.00m,14km,,,,,,,,,,,,,,,,-33.63,-36.72,2,0.017296,-0.054901,0.075226,-22.47,-30.62,-32,2,0.02679,-0.124756,0.143677,-16.85,https://portal.wildtrax.ca/home/aru-tasks/recording.html?taskId=450361,ELE-15-2_20220620_052500.wav,533
BU,Elevation Gradients,1109,ELE-2-1,238150,,2022-06-20 05:25:00,367295,180s 1SPT,Transcribed,"",,,,,,,,No daily weather within 165km,"","",,,,,,,,,,,,,,,,-28.36,-32.62,2,0.028871,-0.011719,0.081085,-21.82,-30.07,-36.67,2,0.019822,-0.053833,0.134033,-17.46,https://portal.wildtrax.ca/home/aru-tasks/recording.html?taskId=343962,ELE-2-1_20220620_052500.wav,532
BU,Elevation Gradients,1109,ELE-11-5,238262,,2022-06-20 07:55:00,487947,180s 1SPT,Transcribed,23km,9.00,15.60,12.30,,,11.90,,BEAVER MINES,1257.00m,23km,,,,,,,,,,,,,,,,-30.71,-34.19,2,0.019754,-0.564423,0.373138,-4.97,-34.16,-39.93,2,-0.004888,-0.175934,0.155518,-15.09,https://portal.wildtrax.ca/home/aru-tasks/recording.html?taskId=450073,ELE-11-5_20220620_075500.wav,1242
BU,Elevation Gradients,1109,ELE-3-3,238247,,2022-06-20 07:55:00,397649,180s 1SPT,Malfunction,"",,,,,,,,No daily weather within 165km,"","",,,,,,,,,,,,,,,,-29.98,-32.73,2,0.026586,-0.007233,0.062012,-24.15,-23.16,-31.13,2,0.032205,-0.114166,0.266724,-11.48,https://portal.wildtrax.ca/home/aru-tasks/recording.html?taskId=373448,ELE-3-3_0+1_20220620_075500.wav,660
BU,Elevation Gradients,1109,ELE-14-3,312532,,2022-06-20 20:59:00,487919,180s 1SPT,Transcribed,"",,,,,,,,No daily weather within 165km,"","",,,,,,,,,,,,,,,,-27.33,-34.24,2,0.019739,-0.539856,0.592041,-4.55,-28.91,-33.95,2,0.012525,-0.142639,0.224731,-12.97,https://portal.wildtrax.ca/home/aru-tasks/recording.html?taskId=450045,ELE-14-3_0+1_20220620_205900.wav,1242
BU,Elevation Gradients,1109,ELE-11-1,238264,,2022-06-20 21:59:00,488113,180s 1SPT,Transcribed,20km,9.00,15.60,12.30,,,11.90,,BEAVER MINES,1257.00m,20km,,,,,,,,,,,,,,,,-23.61,-31.54,2,0.025016,-0.557159,0.72583,-2.78,-25.24,-27.84,2,0.042144,-0.382965,0.58606,-4.64,https://portal.wildtrax.ca/home/aru-tasks/recording.html?taskId=450239,ELE-11-1_0+1_20220620_215900.wav,1269
BU,Elevation Gradients,1109,ELE-2-5,238145,,2022-06-20 22:07:00,367279,180s 1SPT,Transcribed,"",,,,,,,,No daily weather within 165km,"","",,,,,,,,,,,,,,,,-25.28,-35.34,2,0.023432,-0.047852,0.107117,-19.4,-26.53,-35.46,2,0.027584,-0.037018,0.093292,-20.6,https://portal.wildtrax.ca/home/aru-tasks/recording.html?taskId=343946,ELE-2-5_20220620_220700.wav,37
BU,Elevation Gradients,1109,ELE-7-3,238228,,2022-06-20 22:09:00,397938,180s 1SPT,Transcribed,"",,,,,,,,No daily weather within 165km,"","",,,,,,,,,,,,,,,,-34.65,-38.59,3,0.013721,-0.011902,0.037354,-28.55,-30.62,-33.18,3,0.024578,0,0.050446,-25.94,https://portal.wildtrax.ca/home/aru-tasks/recording.html?taskId=373737,ELE-7-3_0+1_20220620_220900.wav,1242
BU,Elevation Gradients,1109,ELE-6-1,238234,,2022-06-20 22:59:00,397661,180s 1SPT,Transcribed,"",,,,,,,,No daily weather within 165km,"","",,,,,,,,,,,,,,,,-25.15,-27.37,2,0.04737,0,0.080017,-21.94,-31.56,-37.13,2,0.017578,-0.008545,0.049042,-26.19,https://portal.wildtrax.ca/home/aru-tasks/recording.html?taskId=373460,ELE-6-1_0+1_20220620_225900.wav,1247
BU,Elevation Gradients,1109,ELE-3-3,238247,,2022-06-21 04:55:00,397863,180s 1SPT,Transcribed,"",,,,,,,,No daily weather within 165km,"","",,,,,,,,,,,,,,,,-29.39,-33.91,2,0.0266,-0.003632,0.055786,-25.07,-26.83,-31.9,2,0.03239,-0.016388,0.075287,-22.47,https://portal.wildtrax.ca/home/aru-tasks/recording.html?taskId=373662,ELE-3-3_0+1_20220621_045500.wav,1234
BU,Elevation Gradients,1109,ELE-15-6,238251,,2022-06-21 05:25:00,488026,180s 1SPT,Transcribed,13km,5.30,22.40,13.80,,,,,PEKISKO,1415.00m,13km,,,,,,,,,,,,,,,,-20.8,-36.43,2,0.023719,-0.121063,0.156647,-16.1,-19.52,-37.28,2,0.022664,-0.170288,0.190521,-14.4,https://portal.wildtrax.ca/home/aru-tasks/recording.html?taskId=450152,ELE-15-6_20220621_052500.wav,532
BU,Elevation Gradients,1109,ELE-2-1,238150,,2022-06-21 05:55:00,367258,180s 1SPT,Transcribed,"",,,,,,,,No daily weather within 165km,"","",,,,,,,,,,,,,,,,-28.8,-31.66,2,0.028927,-0.28537,0.306244,-10.28,-27.23,-35.16,2,0.019895,-0.088043,0.127075,-17.92,https://portal.wildtrax.ca/home/aru-tasks/recording.html?taskId=343925,ELE-2-1_20220621_055500.wav,1242
BU,Elevation Gradients,1109,ELE-5-8,332559,,2022-06-21 06:55:00,488032,180s 1SPT,Transcribed,18km,5.40,20.50,12.90,,,0.10,,NORDEGG CS,1332.00m,18km,,,,,,,,,,,,,,,,-23.11,-28.69,2,0.042746,-0.022705,0.107086,-19.41,-27.47,-35.65,2,0.022421,-0.022858,0.06662,-23.53,https://portal.wildtrax.ca/home/aru-tasks/recording.html?taskId=450158,ELE-5-8_20220621_065500.wav,1242
BU,Elevation Gradients,1109,ELE-3-5,238248,,2022-06-21 21:59:00,397792,180s 1SPT,Bad Weather,52km,5.40,20.50,12.90,,,0.10,,NORDEGG CS,1332.00m,52km,,,,,,,,,,,,,,,,-1.22,-35.37,,0.015955,-1,0.999969,0,-0.11,-25.71,,0.045361,-1,0.999969,0,https://portal.wildtrax.ca/home/aru-tasks/recording.html?taskId=373591,ELE-3-5_0+1_20220621_215900.wav,1234
BU,Elevation Gradients,1109,ELE-4-1,238244,,2022-06-22 04:55:00,397643,180s 1SPT,Transcribed,62km,5.90,19.20,12.60,,,1.60,,NORDEGG CS,1332.00m,62km,,,,,,,,,,,,,,,,-0.91,-39.1,,0.024251,-1,0.999969,0,-1.26,-36.25,,0.027168,-1,0.999969,0,https://portal.wildtrax.ca/home/aru-tasks/recording.html?taskId=373442,ELE-4-1_20220622_045500.wav,1247
BU,Elevation Gradients,1109,ELE-4-3,238241,,2022-06-22 04:55:00,397670,180s 1SPT,Transcribed,"",,,,,,,,No daily weather within 165km,"","",,,,,,,,,,,,,,,,-3.88,-46.34,,0.004281,-1,0.999969,0,-0.69,-45.49,,0.005704,-1,0.999969,0,https://portal.wildtrax.ca/home/aru-tasks/recording.html?taskId=373469,ELE-4-3_20220622_045500.wav,1247
BU,Elevation Gradients,1109,ELE-6-6,238290,,2022-06-22 04:55:00,397654,180s 1SPT,Transcribed,"",,,,,,,,No daily weather within 165km,"","",,,,,,,,,,,,,,,,-0.66,-36.67,,0.02549,-1,0.999969,0,-0.7,-37.19,,0.033059,-1,0.999969,0,https://portal.wildtrax.ca/home/aru-tasks/recording.html?taskId=373453,ELE-6-6_20220622_045500.wav,1242
BU,Elevation Gradients,1109,ELE-2-6,238146,,2022-06-22 05:22:00,367290,180s 1SPT,Transcribed,"",,,,,,,,No daily weather within 165km,"","",,,,,,,,,,,,,,,,-26.51,-28.28,2,0.043424,0.015808,0.075775,-22.41,-31.17,-32.63,2,0.024975,0.005524,0.045074,-26.92,https://portal.wildtrax.ca/home/aru-tasks/recording.html?taskId=343957,ELE-2-6_20220622_052200.wav,532
BU,Elevation Gradients,1109,ELE-2-2,238149,,2022-06-22 05:52:00,367218,180s 1SPT,Transcribed,"",,,,,,,,No daily weather within 165km,"","",,,,,,,,,,,,,,,,-22.55,-39.79,2,0.018748,-0.15036,0.171234,-15.33,-23.04,-37.63,2,0.022476,-0.137512,0.16626,-15.58,https://portal.wildtrax.ca/home/aru-tasks/recording.html?taskId=343885,ELE-2-2_20220622_055200.wav,37
BU,Elevation Gradients,1109,ELE-3-6,238246,,2022-06-22 07:55:00,397806,180s 1SPT,Bad Weather,"",,,,,,,,No daily weather within 165km,"","",,,,,,,,,,,,,,,,-10.63,-38.94,,0.031463,-0.433075,0.491425,-6.17,-0.58,-36.78,,0.043509,-1,0.999969,0,https://portal.wildtrax.ca/home/aru-tasks/recording.html?taskId=373605,ELE-3-6_20220622_075500.wav,1247
BU,Elevation Gradients,1109,ELE-5-6,238288,,2022-06-22 07:55:00,488217,180s 1SPT,Transcribed,"",,,,,,,,No daily weather within 165km,"","",,,,,,,,,,,,,,,,-8.06,-35.83,,0.028268,-0.552277,0.59137,-4.56,-3.82,-35.37,,0.034722,-1,0.999969,0,https://portal.wildtrax.ca/home/aru-tasks/recording.html?taskId=450343,ELE-5-6_20220622_075500.wav,1269
BU,Elevation Gradients,1109,ELE-2-4,238147,,2022-06-22 21:08:00,367244,180s 1SPT,Transcribed,"",,,,,,,,No daily weather within 165km,"","",,,,,,,,,,,,,,,,-41.52,-60.43,2,-0.000951,-0.121094,0.105438,-18.34,-28.84,-30.04,2,0.033396,-0.020905,0.099823,-20.02,https://portal.wildtrax.ca/home/aru-tasks/recording.html?taskId=343911,ELE-2-4_20220622_210800.wav,532
BU,Elevation Gradients,1109,ELE-7-1,238230,,2022-06-22 21:10:00,397635,180s 1SPT,Transcribed,"",,,,,,,,No daily weather within 165km,"","",,,,,,,,,,,,,,,,-29.01,-36.73,2,0.016194,-0.072388,0.110352,-19.14,-26.98,-38.44,2,0.015725,-0.049194,0.089844,-20.93,https://portal.wildtrax.ca/home/aru-tasks/recording.html?taskId=373434,ELE-7-1_0+1_20220622_211000.wav,1269
BU,Elevation Gradients,1109,ELE-14-4,238257,,2022-06-22 21:59:00,487984,180s 1SPT,Transcribed,"",,,,,,,,No daily weather within 165km,"","",,,,,,,,,,,,,,,,-1.86,-34.62,,0.032287,-1,0.999969,0,-1.15,-48.48,,0.001661,-1,0.999969,0,https://portal.wildtrax.ca/home/aru-tasks/recording.html?taskId=450110,ELE-14-4_20220622_215900.wav,1247
BU,Elevation Gradients,1109,ELE-4-5,238285,,2022-06-22 21:59:00,397830,180s 1SPT,Transcribed,"",,,,,,,,No daily weather within 165km,"","",,,,,,,,,,,,,,,,-11.25,-32.18,3,0.046582,-0.453827,0.439148,-6.86,-12.29,-36.93,2,0.029592,-0.375763,0.516632,-5.74,https://portal.wildtrax.ca/home/aru-tasks/recording.html?taskId=373629,ELE-4-5_20220622_215900.wav,1234
BU,Elevation Gradients,1109,ELE-6-5,238229,,2022-06-22 21:59:00,397801,180s 1SPT,Transcribed,33km,5.90,19.20,12.60,,,1.60,,NORDEGG CS,1332.00m,33km,,,,,,,,,,,,,,,,-23.71,-34.22,2,0.030066,-0.067871,0.091461,-20.78,-23.65,-38.42,2,0.023855,-0.029327,0.093658,-20.57,https://portal.wildtrax.ca/home/aru-tasks/recording.html?taskId=373600,ELE-6-5_20220622_215900.wav,1247
BU,Elevation Gradients,1109,ELE-1-5,307593,,2022-06-22 22:08:00,367253,180s 1SPT,Transcribed,18km,,,,0.00,0.00,0.00,0.00,JASPER WARDEN,1020.00m,39km,,,,,,,,,,,,,,,,-18.33,-41.99,2,0.014217,-0.115845,0.1987,-14.04,-17.84,-33.01,2,0.031386,-0.210663,0.257996,-11.77,https://portal.wildtrax.ca/home/aru-tasks/recording.html?taskId=343920,ELE-1-5_20220622_220800.wav,660
BU,Elevation Gradients,1109,ELE-1-6,307594,,2022-06-22 22:08:00,367264,180s 1SPT,Bad Weather,"",,,,,,,,No daily weather within 165km,"","",,,,,,,,,,,,,,,,-2.93,-43.39,,0.012779,-1,0.999969,0,-2.32,-37.45,,0.023801,-1,0.999969,0,https://portal.wildtrax.ca/home/aru-tasks/recording.html?taskId=343931,ELE-1-6_20220622_220800.wav,532
BU,Elevation Gradients,1109,ELE-2-5,238145,,2022-06-22 22:08:00,367230,180s 1SPT,Bad Weather,"",,,,,,,,No daily weather within 165km,"","",,,,,,,,,,,,,,,,-11.65,-34.7,2,0.023409,-0.414398,0.451752,-6.9,-15.32,-34.98,5,0.027755,-1,0.370483,0,https://portal.wildtrax.ca/home/aru-tasks/recording.html?taskId=343897,ELE-2-5_20220622_220800.wav,532
BU,Elevation Gradients,1109,ELE-4-3,238241,,2022-06-23 04:56:00,397883,180s 1SPT,Transcribed,"",,,,,,,,No daily weather within 165km,"","",,,,,,,,,,,,,,,,-37.21,-48.91,2,0.004415,-0.022247,0.035339,-29.03,-27.07,-48.69,2,0.005314,-0.068207,0.061981,-23.32,https://portal.wildtrax.ca/home/aru-tasks/recording.html?taskId=373682,ELE-4-3_20220623_045600.wav,660
BU,Elevation Gradients,1109,ELE-6-5,238229,,2022-06-23 04:56:00,397857,180s 1SPT,Transcribed,33km,3.70,9.00,6.30,,,18.50,,NORDEGG CS,1332.00m,33km,,,,,,,,,,,,,,,,-29.25,-31.93,2,0.030211,-0.012238,0.064301,-23.84,-31.01,-33.65,2,0.024043,-0.005951,0.054962,-25.2,https://portal.wildtrax.ca/home/aru-tasks/recording.html?taskId=373656,ELE-6-5_20220623_045600.wav,1247
BU,Elevation Gradients,1109,ELE-1-3,307110,,2022-06-23 05:52:00,367221,180s 1SPT,Transcribed,"",,,,,,,,No daily weather within 165km,"","",,,,,,,,,,,,,,,,-20.36,-34.47,2,0.030646,-0.255066,0.307251,-10.25,-24.13,-35.53,2,0.025857,-0.434845,0.533936,-5.45,https://portal.wildtrax.ca/home/aru-tasks/recording.html?taskId=343888,ELE-1-3_20220623_055200.wav,532
BU,Elevation Gradients,1109,ELE-11-5,238262,,2022-06-23 05:56:00,488242,180s 1SPT,Transcribed,23km,5.10,18.60,11.80,,,0.00,,BEAVER MINES,1257.00m,23km,,,,,,,,,,,,,,,,-4.61,-37,,0.019834,-1,0.86792,0,-3.36,-39.97,,-0.004928,-1,0.999969,0,https://portal.wildtrax.ca/home/aru-tasks/recording.html?taskId=450368,ELE-11-5_20220623_055600.wav,1242
BU,Elevation Gradients,1109,ELE-15-2,312534,,2022-06-23 05:56:00,488105,180s 1SPT,Transcribed,14km,5.20,16.30,10.80,,,,,PEKISKO,1415.00m,14km,,,,,,,,,,,,,,,,-33.39,-36.76,2,0.017272,-0.100922,0.137634,-17.23,-30.43,-32.3,2,0.026858,-0.011353,0.079376,-22.01,https://portal.wildtrax.ca/home/aru-tasks/recording.html?taskId=450231,ELE-15-2_20220623_055600.wav,533
BU,Elevation Gradients,1109,ELE-2-1,238150,,2022-06-23 05:56:00,367256,180s 1SPT,Transcribed,"",,,,,,,,No daily weather within 165km,"","",,,,,,,,,,,,,,,,-24.86,-32.33,3,0.028946,-1,0.388123,0,-29.53,-35.99,2,0.019972,-0.432465,0.377502,-7.28,https://portal.wildtrax.ca/home/aru-tasks/recording.html?taskId=343923,ELE-2-1_20220623_055600.wav,37
BU,Elevation Gradients,1109,ELE-1-6,307594,,2022-06-23 06:52:00,367247,180s 1SPT,Transcribed,19km,4.00,,,33.20,0.00,33.20,0.00,JASPER WARDEN,1020.00m,38km,,,,,,,,,,,,,,,,-20.58,-43.11,2,0.012925,-0.11731,0.130219,-17.71,-12.96,-37.56,2,0.023774,-0.238098,0.321777,-9.85,https://portal.wildtrax.ca/home/aru-tasks/recording.html?taskId=343914,ELE-1-6_20220623_065200.wav,532
BU,Elevation Gradients,1109,ELE-2-3,238148,,2022-06-23 21:08:00,367299,180s 1SPT,Transcribed,"",,,,,,,,No daily weather within 165km,"","",,,,,,,,,,,,,,,,-29.87,-50.14,2,-0.005484,-0.116211,0.076538,-18.7,-14.31,-38.39,3,0.027904,-0.280426,0.434113,-7.25,https://portal.wildtrax.ca/home/aru-tasks/recording.html?taskId=343966,ELE-2-3_20220623_210800.wav,660
BU,Elevation Gradients,1109,ELE-3-4,238245,,2022-06-23 21:59:00,397933,180s 1SPT,Transcribed,"",,,,,,,,No daily weather within 165km,"","",,,,,,,,,,,,,,,,-25.39,-40.73,2,0.010294,-0.146301,0.127472,-16.7,-25.15,-39.74,2,0.01041,-0.141449,0.131195,-16.99,https://portal.wildtrax.ca/home/aru-tasks/recording.html?taskId=373732,ELE-3-4_20220623_215900.wav,1247
BU,Elevation Gradients,1109,ELE-4-4,238240,,2022-06-23 21:59:00,397720,180s 1SPT,Transcribed,"",,,,,,,,No daily weather within 165km,"","",,,,,,,,,,,,,,,,-3.14,-29.67,,0.053758,-1,0.999969,0,-15.89,-33.02,,0.030775,-0.279724,0.391693,-8.14,https://portal.wildtrax.ca/home/aru-tasks/recording.html?taskId=373519,ELE-4-4_0+1_20220623_215900.wav,1242
BU,Elevation Gradients,1109,ELE-1-4,307108,,2022-06-23 22:08:00,367225,180s 1SPT,Transcribed,"",,,,,,,,No daily weather within 165km,"","",,,,,,,,,,,,,,,,-16.35,-36.92,15,0.022736,-1,0.808167,0,-18.44,-34.23,2,0.034844,-0.480255,0.286713,-6.37,https://portal.wildtrax.ca/home/aru-tasks/recording.html?taskId=343892,ELE-1-4_20220623_220800.wav,37
BU,Elevation Gradients,1109,ELE-1-2,307595,,2022-06-24 04:52:00,367241,180s 1SPT,Bad Weather,"",,,,,,,,No daily weather within 165km,"","",,,,,,,,,,,,,,,,-18.34,-35.69,17,0.023366,-1,0.999969,0,-18.3,-38.74,2,0.020108,-0.494537,0.569977,-4.88,https://portal.wildtrax.ca/home/aru-tasks/recording.html?taskId=343908,ELE-1-2_20220624_045200.wav,1242
BU,Elevation Gradients,1109,ELE-3-1,238249,,2022-06-24 04:56:00,397751,180s 1SPT,Bad Weather,"",,,,,,,,No daily weather within 165km,"","",,,,,,,,,,,,,,,,-21.33,-24.34,2,0.017642,-0.318756,0.405029,-7.85,-25.24,-25.79,2,0.049649,-0.259186,0.258545,-11.73,https://portal.wildtrax.ca/home/aru-tasks/recording.html?taskId=373550,ELE-3-1_0+1_20220624_045600.wav,1242
BU,Elevation Gradients,1109,ELE-3-6,238246,,2022-06-24 04:56:00,397741,180s 1SPT,Transcribed,52km,3.30,10.20,6.70,,,23.90,,NORDEGG CS,1332.00m,52km,,,,,,,,,,,,,,,,-17.32,-34.45,2,0.03149,-0.171509,0.227112,-12.88,-21.63,-31.06,2,0.043402,-0.034607,0.129211,-17.77,https://portal.wildtrax.ca/home/aru-tasks/recording.html?taskId=373540,ELE-3-6_20220624_045600.wav,533
BU,Elevation Gradients,1109,ELE-4-1,238244,,2022-06-24 04:56:00,397847,180s 1SPT,Bad Weather,"",,,,,,,,No daily weather within 165km,"","",,,,,,,,,,,,,,,,-12.52,-36.27,210,0.023838,-1,0.999969,0,-24.62,-34.24,2,0.027221,-0.7435,0.596985,-2.57,https://portal.wildtrax.ca/home/aru-tasks/recording.html?taskId=373646,ELE-4-1_20220624_045600.wav,1234
BU,Elevation Gradients,1109,ELE-6-7,238291,,2022-06-24 04:56:00,397822,180s 1SPT,Bad Weather,33km,3.30,10.20,6.70,,,23.90,,NORDEGG CS,1332.00m,33km,,,,,,,,,,,,,,,,-0.09,-20.72,,0.031392,-1,0.999969,0,-0.07,-17.61,,0.031698,-1,0.999969,0,https://portal.wildtrax.ca/home/aru-tasks/recording.html?taskId=373621,ELE-6-7_20220624_045600.wav,1242
BU,Elevation Gradients,1109,ELE-7-2,238231,,2022-06-24 04:56:00,397623,180s 1SPT,Transcribed,"",,,,,,,,No daily weather within 165km,"","",,,,,,,,,,,,,,,,-17.15,-39.1,11,0.013202,-1,0.999969,0,-13.79,-33.13,65,0.024895,-1,0.999969,0,https://portal.wildtrax.ca/home/aru-tasks/recording.html?taskId=373422,ELE-7-2_20220624_045600.wav,533
BU,Elevation Gradients,1109,ELE-1-3,307110,,2022-06-24 05:52:00,367245,180s 1SPT,Transcribed,15km,,,,2.20,0.00,2.20,0.00,JASPER WARDEN,1020.00m,39km,,,,,,,,,,,,,,,,-19.43,-36.29,2,0.0306,-0.232117,0.230133,-12.69,-17.58,-37.55,2,0.025869,-0.223999,0.219208,-13,https://portal.wildtrax.ca/home/aru-tasks/recording.html?taskId=343912,ELE-1-3_20220624_055200.wav,532
BU,Elevation Gradients,1109,ELE-2-6,238146,,2022-06-24 06:52:00,367270,180s 1SPT,Transcribed,"",,,,,,,,No daily weather within 165km,"","",,,,,,,,,,,,,,,,-21,-30.95,2,0.043472,-0.351746,0.438446,-7.16,-20.55,-34.01,2,0.025039,-0.394073,0.353333,-8.09,https://portal.wildtrax.ca/home/aru-tasks/recording.html?taskId=343937,ELE-2-6_20220624_065200.wav,660
BU,Elevation Gradients,1109,ELE-7-2,238231,,2022-06-24 07:56:00,397702,180s 1SPT,Transcribed,"",,,,,,,,No daily weather within 165km,"","",,,,,,,,,,,,,,,,-17.04,-40.46,41,0.013177,-1,0.999969,0,-10.01,-33.82,366,0.024966,-1,0.999969,0,https://portal.wildtrax.ca/home/aru-tasks/recording.html?taskId=373501,ELE-7-2_20220624_075600.wav,660
BU,Elevation Gradients,1109,ELE-6-6,238290,,2022-06-24 20:59:00,397747,180s 1SPT,Transcribed,"",,,,,,,,No daily weather within 165km,"","",,,,,,,,,,,,,,,,-29.72,-33.82,2,0.025183,0.001801,0.050201,-25.99,-27.56,-31.3,2,0.033018,0.010803,0.056763,-24.92,https://portal.wildtrax.ca/home/aru-tasks/recording.html?taskId=373546,ELE-6-6_20220624_205900.wav,532
BU,Elevation Gradients,1109,ELE-2-4,238147,,2022-06-24 22:08:00,367296,180s 1SPT,Transcribed,"",,,,,,,,No daily weather within 165km,"","",,,,,,,,,,,,,,,,-34.05,-59.13,2,-0.000774,-0.117126,0.087616,-18.63,-28.21,-30.38,2,0.033485,-0.037567,0.095795,-20.37,https://portal.wildtrax.ca/home/aru-tasks/recording.html?taskId=343963,ELE-2-4_20220624_220800.wav,1242
BU,Elevation Gradients,1109,ELE-2-5,238145,,2022-06-24 22:08:00,367291,180s 1SPT,Transcribed,"",,,,,,,,No daily weather within 165km,"","",,,,,,,,,,,,,,,,-27.64,-36.44,2,0.023424,-0.029541,0.063995,-23.88,-28.55,-34.18,2,0.027647,-0.000793,0.052826,-25.54,https://portal.wildtrax.ca/home/aru-tasks/recording.html?taskId=343958,ELE-2-5_20220624_220800.wav,532
BU,Elevation Gradients,1109,ELE-6-1,238234,,2022-06-24 22:59:00,397813,180s 1SPT,Transcribed,"",,,,,,,,No daily weather within 165km,"","",,,,,,,,,,,,,,,,-26.02,-26.68,2,0.04749,0,0.090088,-20.91,-30.9,-36.56,2,0.017795,-0.015045,0.052643,-25.57,https://portal.wildtrax.ca/home/aru-tasks/recording.html?taskId=373612,ELE-6-1_0+1_20220624_225900.wav,533
BU,Elevation Gradients,1109,ELE-17-4,312529,,2022-06-25 03:05:00,488020,180s 1SPT,Transcribed,"",,,,,,,,No daily weather within 165km,"","",,,,,,,,,,,,,,,,-28.97,-39.54,2,0.004376,-0.105011,0.09256,-19.58,-25.37,-33,2,0.026172,-0.11322,0.138245,-17.19,https://portal.wildtrax.ca/home/aru-tasks/recording.html?taskId=450146,ELE-17-4_20220625_030500.wav,1234
BU,Elevation Gradients,1109,ELE-1-4,307108,,2022-06-25 04:53:00,367260,180s 1SPT,Transcribed,"",,,,,,,,No daily weather within 165km,"","",,,,,,,,,,,,,,,,-31.87,-33.85,2,0.022678,0.010223,0.033661,-29.46,-28.7,-29.59,2,0.034744,0.02359,0.045929,-26.76,https://portal.wildtrax.ca/home/aru-tasks/recording.html?taskId=343927,ELE-1-4_20220625_045300.wav,532
BU,Elevation Gradients,1109,ELE-3-2,238252,,2022-06-25 04:57:00,397842,180s 1SPT,Transcribed,53km,-1.40,19.20,8.90,,,0.00,,NORDEGG CS,1332.00m,53km,,,,,,,,,,,,,,,,-28.45,-37.86,3,0.020715,-0.038666,0.067627,-23.4,-23.69,-29.78,3,0.044845,-0.025482,0.098236,-20.15,https://portal.wildtrax.ca/home/aru-tasks/recording.html?taskId=373641,ELE-3-2_20220625_045700.wav,1234
BU,Elevation Gradients,1109,ELE-5-5,238236,,2022-06-25 04:57:00,488047,180s 1SPT,Transcribed,"",,,,,,,,No daily weather within 165km,"","",,,,,,,,,,,,,,,,-26.35,-27.6,2,0.044308,0,0.088623,-21.05,-28.16,-28.45,2,0.03798,0,0.065521,-23.67,https://portal.wildtrax.ca/home/aru-tasks/recording.html?taskId=450173,ELE-5-5_0+1_20220625_045700.wav,532
BU,Elevation Gradients,1109,ELE-6-1,238234,,2022-06-25 04:57:00,397951,180s 1SPT,Transcribed,"",,,,,,,,No daily weather within 165km,"","",,,,,,,,,,,,,,,,-13.27,-26.69,2,0.047596,-0.481903,0.56723,-4.92,-10.92,-36.24,2,0.017909,-0.718079,0.747528,-2.53,https://portal.wildtrax.ca/home/aru-tasks/recording.html?taskId=373750,ELE-6-1_0+1_20220625_045700.wav,1242
BU,Elevation Gradients,1109,ELE-6-4,238232,,2022-06-25 04:57:00,397680,180s 1SPT,Transcribed,"",,,,,,,,No daily weather within 165km,"","",,,,,,,,,,,,,,,,-26.54,-35.82,2,0.02342,-0.058167,0.118134,-18.55,-25.8,-33.52,2,0.029097,-0.023438,0.083344,-21.58,https://portal.wildtrax.ca/home/aru-tasks/recording.html?taskId=373479,ELE-6-4_20220625_045700.wav,1234
BU,Elevation Gradients,1109,ELE-11-5,238262,,2022-06-25 05:27:00,488136,180s 1SPT,Transcribed,23km,2.80,17.80,10.30,,,0.00,,BEAVER MINES,1257.00m,23km,,,,,,,,,,,,,,,,-30.87,-34.7,2,0.019647,-0.053101,0.098694,-20.11,-33.49,-40.17,2,-0.004823,-0.074738,0.065948,-22.53,https://portal.wildtrax.ca/home/aru-tasks/recording.html?taskId=450262,ELE-11-5_20220625_052700.wav,532
BU,Elevation Gradients,1109,ELE-5-6,238288,,2022-06-25 05:27:00,487921,180s 1SPT,Transcribed,"",,,,,,,,No daily weather within 165km,"","",,,,,,,,,,,,,,,,-26.78,-34.46,2,0.028138,-0.014984,0.070709,-23.01,-19.96,-36.56,2,0.034782,-0.147552,0.158691,-15.99,https://portal.wildtrax.ca/home/aru-tasks/recording.html?taskId=450047,ELE-5-6_20220625_052700.wav,1234
BU,Elevation Gradients,1109,ELE-11-5,238262,,2022-06-25 07:57:00,487890,180s 1SPT,Transcribed,23km,2.80,17.80,10.30,,,0.00,,BEAVER MINES,1257.00m,23km,,,,,,,,,,,,,,,,-27.29,-38.57,2,0.019639,-0.042389,0.077576,-22.21,-34.06,-41.17,3,-0.004948,-0.060577,0.045807,-24.35,https://portal.wildtrax.ca/home/aru-tasks/recording.html?taskId=450015,ELE-11-5_20220625_075700.wav,1234
BU,Elevation Gradients,1109,ELE-7-1,238230,,2022-06-25 07:57:00,397728,180s 1SPT,Transcribed,"",,,,,,,,No daily weather within 165km,"","",,,,,,,,,,,,,,,,-31.01,-37.19,2,0.016304,-0.033203,0.073792,-22.64,-31.96,-37.97,2,0.015672,-0.026031,0.062225,-24.12,https://portal.wildtrax.ca/home/aru-tasks/recording.html?taskId=373527,ELE-7-1_0+1_20220625_075700.wav,1234
BU,Elevation Gradients,1109,ELE-6-3,238233,,2022-06-25 21:08:00,397662,180s 1SPT,Transcribed,"",,,,,,,,No daily weather within 165km,"","",,,,,,,,,,,,,,,,-27.11,-28.08,2,0.040384,-0.028778,0.097717,-20.2,-24.93,-28.42,2,0.046246,-0.000366,0.089111,-21,https://portal.wildtrax.ca/home/aru-tasks/recording.html?taskId=373461,ELE-6-3_0+1_20220625_210800.wav,660
BU,Elevation Gradients,1109,ELE-1-3,307110,,2022-06-25 22:08:00,367283,180s 1SPT,Transcribed,"",,,,,,,,No daily weather within 165km,"","",,,,,,,,,,,,,,,,-16.46,-35.23,2,0.030024,-0.173523,0.250092,-12.04,-18.58,-35.31,2,0.025658,-0.203461,0.188812,-13.83,https://portal.wildtrax.ca/home/aru-tasks/recording.html?taskId=343950,ELE-1-3_20220625_220800.wav,660
BU,Elevation Gradients,1109,ELE-1-4,307108,,2022-06-26 04:53:00,367252,180s 1SPT,Transcribed,"",,,,,,,,No daily weather within 165km,"","",,,,,,,,,,,,,,,,-27.14,-37.71,2,0.022499,-0.012756,0.064667,-23.79,-24.66,-33.16,2,0.034604,-0.006775,0.083435,-21.57,https://portal.wildtrax.ca/home/aru-tasks/recording.html?taskId=343919,ELE-1-4_20220626_045300.wav,660
BU,Elevation Gradients,1109,ELE-2-6,238146,,2022-06-26 04:53:00,367288,180s 1SPT,Transcribed,4km,8.00,26.50,17.30,0.00,0.00,0.00,0.00,WILLOW CREEK 1,1370.00m,34km,,,,,,,,,,,,,,,,-26.17,-28.06,2,0.043429,0.02182,0.06955,-23.15,-30.77,-33.25,2,0.02486,-0.026611,0.04837,-26.31,https://portal.wildtrax.ca/home/aru-tasks/recording.html?taskId=352225,ELE-2-6_20220626_045300.wav,660
BU,Elevation Gradients,1109,ELE-2-6,238146,,2022-06-26 04:53:00,367288,180s 1SPT,Transcribed,4km,8.00,26.50,17.30,0.00,0.00,0.00,0.00,WILLOW CREEK 1,1370.00m,34km,,,,,,,,,,,,,,,,-26.17,-28.06,2,0.043429,0.02182,0.06955,-23.15,-30.77,-33.25,2,0.02486,-0.026611,0.04837,-26.31,https://portal.wildtrax.ca/home/aru-tasks/recording.html?taskId=352210,ELE-2-6_20220626_045300.wav,37
BU,Elevation Gradients,1109,ELE-2-6,238146,,2022-06-26 04:53:00,367288,180s 1SPT,Transcribed,4km,8.00,26.50,17.30,0.00,0.00,0.00,0.00,WILLOW CREEK 1,1370.00m,34km,,,,,,,,,,,,,,,,-26.17,-28.06,2,0.043429,0.02182,0.06955,-23.15,-30.77,-33.25,2,0.02486,-0.026611,0.04837,-26.31,https://portal.wildtrax.ca/home/aru-tasks/recording.html?taskId=352220,ELE-2-6_20220626_045300.wav,1242
BU,Elevation Gradients,1109,ELE-2-6,238146,,2022-06-26 04:53:00,367288,180s 1SPT,Transcribed,4km,8.00,26.50,17.30,0.00,0.00,0.00,0.00,WILLOW CREEK 1,1370.00m,34km,,,,,,,,,,,,,,,,-26.17,-28.06,2,0.043429,0.02182,0.06955,-23.15,-30.77,-33.25,2,0.02486,-0.026611,0.04837,-26.31,https://portal.wildtrax.ca/home/aru-tasks/recording.html?taskId=343955,ELE-2-6_20220626_045300.wav,15
BU,Elevation Gradients,1109,ELE-2-6,238146,,2022-06-26 04:53:00,367288,180s 1SPT,Transcribed,4km,8.00,26.50,17.30,0.00,0.00,0.00,0.00,WILLOW CREEK 1,1370.00m,34km,,,,,,,,,,,,,,,,-26.17,-28.06,2,0.043429,0.02182,0.06955,-23.15,-30.77,-33.25,2,0.02486,-0.026611,0.04837,-26.31,https://portal.wildtrax.ca/home/aru-tasks/recording.html?taskId=352215,ELE-2-6_20220626_045300.wav,532
BU,Elevation Gradients,1109,ELE-3-4,238245,,2022-06-26 04:57:00,397750,180s 1SPT,Transcribed,"",,,,,,,,No daily weather within 165km,"","",,,,,,,,,,,,,,,,-35.66,-41.15,2,0.01044,-0.017151,0.039124,-28.15,-31.86,-42.56,2,0.010328,-0.047516,0.046448,-26.46,https://portal.wildtrax.ca/home/aru-tasks/recording.html?taskId=373549,ELE-3-4_20220626_045700.wav,533
BU,Elevation Gradients,1109,ELE-4-5,238285,,2022-06-26 04:57:00,397787,180s 1SPT,Transcribed,"",,,,,,,,No daily weather within 165km,"","",,,,,,,,,,,,,,,,-2.78,-32.21,,0.046619,-1,0.999969,0,-0.88,-37.87,,0.029887,-1,0.999969,0,https://portal.wildtrax.ca/home/aru-tasks/recording.html?taskId=373586,ELE-4-5_20220626_045700.wav,1224
BU,Elevation Gradients,1109,ELE-7-1,238230,,2022-06-26 04:57:00,397916,180s 1SPT,Transcribed,"",,,,,,,,No daily weather within 165km,"","",,,,,,,,,,,,,,,,-32.22,-37.05,2,0.015968,-0.036499,0.070251,-23.07,-32.84,-37.55,2,0.015985,-0.015411,0.051178,-25.82,https://portal.wildtrax.ca/home/aru-tasks/recording.html?taskId=373715,ELE-7-1_0+1_20220626_045700.wav,1269
BU,Elevation Gradients,1109,ELE-17-5,312527,,2022-06-26 05:05:00,487923,180s 1SPT,Transcribed,29km,6.00,27.00,16.50,0.00,0.00,0.00,0.00,GOLDEN AIRPORT,785.00m,29km,,,,,,,,,,,,,,,,-23.54,-30.53,2,0.029822,-0.097839,0.165344,-15.63,-21.75,-28.32,2,0.038431,-0.120361,0.204224,-13.8,https://portal.wildtrax.ca/home/aru-tasks/recording.html?taskId=450049,ELE-17-5_20220626_050500.wav,1247
BU,Elevation Gradients,1109,ELE-1-3,307110,,2022-06-26 05:23:00,367278,180s 1SPT,Transcribed,"",,,,,,,,No daily weather within 165km,"","",,,,,,,,,,,,,,,,-23.39,-34.02,2,0.03031,-0.084991,0.114166,-18.85,-23.25,-35.81,2,0.025843,-0.076538,0.129456,-17.76,https://portal.wildtrax.ca/home/aru-tasks/recording.html?taskId=343945,ELE-1-3_20220626_052300.wav,37
BU,Elevation Gradients,1109,ELE-14-3,312532,,2022-06-26 05:27:00,488147,180s 1SPT,Transcribed,15km,3.00,23.00,13.00,,,0.00,,BEAVER MINES,1257.00m,15km,,,,,,,,,,,,,,,,-28.87,-37.45,2,0.019547,-0.030426,0.06015,-24.42,-30.64,-38.41,2,0.012523,-0.050476,0.069916,-23.11,https://portal.wildtrax.ca/home/aru-tasks/recording.html?taskId=450273,ELE-14-3_0+1_20220626_052700.wav,533
BU,Elevation Gradients,1109,ELE-1-6,307594,,2022-06-26 05:53:00,367243,180s 1SPT,Transcribed,"",,,,,,,,No daily weather within 165km,"","",,,,,,,,,,,,,,,,-0.96,-40,,0.012568,-1,0.999969,0,-1.18,-37.45,,0.023586,-1,0.999969,0,https://portal.wildtrax.ca/home/aru-tasks/recording.html?taskId=343910,ELE-1-6_20220626_055300.wav,37
BU,Elevation Gradients,1109,ELE-15-5,238250,,2022-06-26 05:57:00,488222,180s 1SPT,Transcribed,"",,,,,,,,No daily weather within 165km,"","",,,,,,,,,,,,,,,,-19.94,-33.25,2,0.033382,-0.081726,0.154846,-16.2,-21.95,-36.53,3,0.027043,-0.095001,0.118835,-18.5,https://portal.wildtrax.ca/home/aru-tasks/recording.html?taskId=450348,ELE-15-5_20220626_055700.wav,1242
BU,Elevation Gradients,1109,ELE-11-2,238263,,2022-06-26 20:59:00,487910,180s 1SPT,Transcribed,21km,3.00,23.00,13.00,,,0.00,,BEAVER MINES,1257.00m,21km,,,,,,,,,,,,,,,,-9.55,-33.96,2,0.037832,-0.416931,0.595032,-4.51,-7.59,-39.45,2,0.02639,-0.733002,0.430481,-2.7,https://portal.wildtrax.ca/home/aru-tasks/recording.html?taskId=450036,ELE-11-2_20220626_205900.wav,1224
BU,Elevation Gradients,1109,ELE-1-6,307594,,2022-06-26 21:08:00,367242,180s 1SPT,Transcribed,"",,,,,,,,No daily weather within 165km,"","",,,,,,,,,,,,,,,,-25.87,-44.37,2,0.012481,-0.051514,0.074554,-22.55,-27.59,-36.41,2,0.023345,-0.009521,0.063354,-23.96,https://portal.wildtrax.ca/home/aru-tasks/recording.html?taskId=343909,ELE-1-6_20220626_210800.wav,37
BU,Elevation Gradients,1109,ELE-17-2,312528,,2022-06-26 21:10:00,488128,180s 1SPT,Transcribed,30km,6.00,27.00,16.50,0.00,0.00,0.00,0.00,GOLDEN AIRPORT,785.00m,30km,,,,,,,,,,,,,,,,-26.15,-37.29,2,0.016567,-0.122711,0.137634,-17.23,-23.65,-37.99,2,0.008038,-0.17453,0.167114,-15.16,https://portal.wildtrax.ca/home/aru-tasks/recording.html?taskId=450254,ELE-17-2_20220626_211000.wav,1269
BU,Elevation Gradients,1109,ELE-1-6,307594,,2022-06-26 22:08:00,367217,180s 1SPT,Transcribed,"",,,,,,,,No daily weather within 165km,"","",,,,,,,,,,,,,,,,-20.08,-45.47,2,0.012537,-0.14621,0.170258,-15.38,-25.78,-38.15,2,0.023463,-0.035492,0.077484,-22.22,https://portal.wildtrax.ca/home/aru-tasks/recording.html?taskId=343884,ELE-1-6_20220626_220800.wav,1242
BU,Elevation Gradients,1109,ELE-5-3,238237,,2022-06-27 03:57:00,488025,180s 1SPT,Transcribed,19km,2.20,23.40,12.80,,,0.00,,NORDEGG CS,1332.00m,19km,,,,,,,,,,,,,,,,-20.24,-45.34,2,0.016449,-0.153198,0.132843,-16.29,-18.99,-45.9,2,-0.009667,-0.20163,0.093536,-13.91,https://portal.wildtrax.ca/home/aru-tasks/recording.html?taskId=450151,ELE-5-3_0+1_20220627_035700.wav,1269
BU,Elevation Gradients,1109,ELE-3-2,238252,,2022-06-27 04:57:00,397930,180s 1SPT,Transcribed,53km,2.20,23.40,12.80,,,0.00,,NORDEGG CS,1332.00m,53km,,,,,,,,,,,,,,,,-29.32,-36.98,2,0.020676,-0.016327,0.055359,-25.14,-24.95,-29.24,2,0.0448,0.00766,0.07724,-22.24,https://portal.wildtrax.ca/home/aru-tasks/recording.html?taskId=373729,ELE-3-2_20220627_045700.wav,533
BU,Elevation Gradients,1109,ELE-3-6,238246,,2022-06-27 04:57:00,397897,180s 1SPT,Transcribed,52km,2.20,23.40,12.80,,,0.00,,NORDEGG CS,1332.00m,52km,,,,,,,,,,,,,,,,-29.01,-30.98,2,0.031317,0.014557,0.049591,-26.09,-26.46,-28.01,2,0.043226,0.025665,0.061584,-24.21,https://portal.wildtrax.ca/home/aru-tasks/recording.html?taskId=373696,ELE-3-6_20220627_045700.wav,1269
BU,Elevation Gradients,1109,ELE-6-7,238291,,2022-06-27 04:57:00,397615,180s 1SPT,Transcribed,33km,2.20,23.40,12.80,,,0.00,,NORDEGG CS,1332.00m,33km,,,,,,,,,,,,,,,,-9.33,-37.63,2,0.021994,-0.567657,0.812378,-1.8,-4.09,-44.28,684,0.002965,-1,0.999969,0,https://portal.wildtrax.ca/home/aru-tasks/recording.html?taskId=373414,ELE-6-7_20220627_045700.wav,1234
BU,Elevation Gradients,1109,ELE-17-3,312530,,2022-06-27 05:06:00,488197,180s 1SPT,Transcribed,30km,7.50,28.50,18.00,0.00,0.00,0.00,0.00,GOLDEN AIRPORT,785.00m,30km,,,,,,,,,,,,,,,,-26.23,-35.59,2,0.015952,-0.129059,0.128021,-17.78,-28.4,-38.89,2,0.011168,-0.089966,0.095398,-20.41,https://portal.wildtrax.ca/home/aru-tasks/recording.html?taskId=450323,ELE-17-3_20220627_050600.wav,1234
BU,Elevation Gradients,1109,ELE-1-2,307595,,2022-06-27 05:54:00,367266,180s 1SPT,Transcribed,"",,,,,,,,No daily weather within 165km,"","",,,,,,,,,,,,,,,,-24.54,-37.09,2,0.023336,-0.060669,0.092255,-20.7,-23.62,-37.95,3,0.019983,-0.057159,0.107147,-19.4,https://portal.wildtrax.ca/home/aru-tasks/recording.html?taskId=343933,ELE-1-2_20220627_055400.wav,37
BU,Elevation Gradients,1109,ELE-15-5,238250,,2022-06-27 05:57:00,488072,180s 1SPT,Transcribed,"",,,,,,,,No daily weather within 165km,"","",,,,,,,,,,,,,,,,-28.92,-30.14,2,0.033455,0.018585,0.047455,-26.47,-30.24,-32.21,2,0.027113,0.007629,0.046204,-26.71,https://portal.wildtrax.ca/home/aru-tasks/recording.html?taskId=450198,ELE-15-5_20220627_055700.wav,1247
BU,Elevation Gradients,1109,ELE-17-5,312527,,2022-06-27 06:06:00,488139,180s 1SPT,Transcribed,"",,,,,,,,No daily weather within 165km,"","",,,,,,,,,,,,,,,,-22.77,-30.37,2,0.02992,-0.11676,0.184601,-14.68,-21.06,-28.35,2,0.038316,-0.142303,0.226105,-12.91,https://portal.wildtrax.ca/home/aru-tasks/recording.html?taskId=450265,ELE-17-5_20220627_060600.wav,1269
BU,Elevation Gradients,1109,ELE-1-6,307594,,2022-06-27 07:54:00,367293,180s 1SPT,Transcribed,"",,,,,,,,No daily weather within 165km,"","",,,,,,,,,,,,,,,,-26.75,-43.17,3,0.012389,-0.05658,0.076233,-22.36,-15.8,-38.79,2,0.023448,-0.168365,0.278351,-11.11,https://portal.wildtrax.ca/home/aru-tasks/recording.html?taskId=343960,ELE-1-6_20220627_075400.wav,532
BU,Elevation Gradients,1109,ELE-15-6,238251,,2022-06-27 07:57:00,487883,180s 1SPT,Transcribed,13km,2.00,23.70,12.90,,,,,PEKISKO,1415.00m,13km,,,,,,,,,,,,,,,,-28.29,-36.19,2,0.023733,-0.002594,0.05014,-26,-30.46,-35.58,3,0.022617,0.00589,0.038269,-28.34,https://portal.wildtrax.ca/home/aru-tasks/recording.html?taskId=450009,ELE-15-6_20220627_075700.wav,1247
BU,Elevation Gradients,1109,ELE-17-4,312529,,2022-06-27 20:10:00,487900,180s 1SPT,Transcribed,"",,,,,,,,No daily weather within 165km,"","",,,,,,,,,,,,,,,,-28.83,-43.24,2,0.003878,-0.05896,0.065765,-23.64,-24.78,-35.91,2,0.025223,-0.052917,0.099731,-20.02,https://portal.wildtrax.ca/home/aru-tasks/recording.html?taskId=450026,ELE-17-4_20220627_201000.wav,1242
BU,Elevation Gradients,1109,ELE-3-1,238249,,2022-06-27 20:59:00,397709,180s 1SPT,Transcribed,"",,,,,,,,No daily weather within 165km,"","",,,,,,,,,,,,,,,,-19.44,-24.45,2,0.016725,-0.434845,0.495941,-6.09,-18.83,-26.3,2,0.049171,-0.411682,0.534668,-5.44,https://portal.wildtrax.ca/home/aru-tasks/recording.html?taskId=373508,ELE-3-1_0+1_20220627_205900.wav,1234
BU,Elevation Gradients,1109,ELE-7-4,238225,,2022-06-27 21:10:00,397878,180s 1SPT,Transcribed,"",,,,,,,,No daily weather within 165km,"","",,,,,,,,,,,,,,,,-24.41,-48.49,2,0.000429,-0.092285,0.100372,-19.97,-21.01,-46.68,2,0.005653,-0.140961,0.118317,-17.02,https://portal.wildtrax.ca/home/aru-tasks/recording.html?taskId=373677,ELE-7-4_20220627_211000.wav,532
BU,Elevation Gradients,1109,ELE-15-1,312533,,2022-06-27 21:59:00,488027,180s 1SPT,Transcribed,"",,,,,,,,No daily weather within 165km,"","",,,,,,,,,,,,,,,,-32.85,-39.19,2,0.013247,-0.046722,0.074921,-22.51,-30.9,-38.34,2,0.011043,-0.054779,0.071838,-22.87,https://portal.wildtrax.ca/home/aru-tasks/recording.html?taskId=450153,ELE-15-1_0+1_20220627_215900.wav,1234
BU,Elevation Gradients,1109,ELE-15-5,238250,,2022-06-27 21:59:00,488230,180s 1SPT,Transcribed,"",,,,,,,,No daily weather within 165km,"","",,,,,,,,,,,,,,,,-12.4,-34.12,2,0.033386,-0.405853,0.432709,-7.28,-5.68,-35.86,2,0.027004,-0.983612,0.861603,-0.14,https://portal.wildtrax.ca/home/aru-tasks/recording.html?taskId=450356,ELE-15-5_20220627_215900.wav,1247
BU,Elevation Gradients,1109,ELE-4-3,238241,,2022-06-27 21:59:00,397850,180s 1SPT,Transcribed,"",,,,,,,,No daily weather within 165km,"","",,,,,,,,,,,,,,,,-2.07,-38.27,,0.004233,-1,0.999969,0,-4.46,-39.93,,0.004995,-1,0.726807,0,https://portal.wildtrax.ca/home/aru-tasks/recording.html?taskId=373649,ELE-4-3_20220627_215900.wav,1269
BU,Elevation Gradients,1109,ELE-17-1,312531,,2022-06-28 03:06:00,487945,180s 1SPT,Transcribed,31km,11.00,27.50,19.30,8.60,0.00,8.60,0.00,GOLDEN AIRPORT,785.00m,31km,,,,,,,,,,,,,,,,-24.95,-34.49,2,0.025378,-0.058075,0.118073,-18.56,-27.16,-39.35,2,0.01155,-0.068512,0.101196,-19.9,https://portal.wildtrax.ca/home/aru-tasks/recording.html?taskId=450071,ELE-17-1_20220628_030600.wav,1224
BU,Elevation Gradients,1109,ELE-1-1,307109,,2022-06-28 04:54:00,367287,180s 1SPT,Transcribed,14km,9.00,18.50,13.80,0.60,0.00,0.60,0.00,JASPER WARDEN,1020.00m,38km,,,,,,,,,,,,,,,,-30.55,-41.77,2,0.009327,-0.070312,0.101837,-19.84,-28.03,-31.79,2,0.029434,-0.051331,0.11618,-18.7,https://portal.wildtrax.ca/home/aru-tasks/recording.html?taskId=343954,ELE-1-1_20220628_045400.wav,37
BU,Elevation Gradients,1109,ELE-5-7,238289,,2022-06-28 04:58:00,487888,180s 1SPT,Transcribed,"",,,,,,,,No daily weather within 165km,"","",,,,,,,,,,,,,,,,-6.23,-32.06,,0.040076,-0.89212,0.999969,0,-0.75,-32.08,,0.026764,-1,0.999969,0,https://portal.wildtrax.ca/home/aru-tasks/recording.html?taskId=450014,ELE-5-7_0+1_20220628_045800.wav,1242
BU,Elevation Gradients,1109,ELE-17-2,312528,,2022-06-28 05:06:00,488121,180s 1SPT,Transcribed,30km,11.00,27.50,19.30,8.60,0.00,8.60,0.00,GOLDEN AIRPORT,785.00m,30km,,,,,,,,,,,,,,,,-3.81,-34.17,,0.016797,-0.870758,0.999969,0,-0.22,-32.78,,0.008178,-1,0.999969,0,https://portal.wildtrax.ca/home/aru-tasks/recording.html?taskId=450247,ELE-17-2_20220628_050600.wav,1247
BU,Elevation Gradients,1109,ELE-17-5,312527,,2022-06-28 21:10:00,488034,180s 1SPT,Transcribed,"",,,,,,,,No daily weather within 165km,"","",,,,,,,,,,,,,,,,-26.22,-34.19,2,0.03002,-0.025208,0.085236,-21.39,-23.51,-31.95,2,0.038368,-0.039398,0.113007,-18.94,https://portal.wildtrax.ca/home/aru-tasks/recording.html?taskId=450160,ELE-17-5_20220628_211000.wav,1242
BU,Elevation Gradients,1109,ELE-6-3,238233,,2022-06-29 04:55:00,397793,180s 1SPT,Transcribed,"",,,,,,,,No daily weather within 165km,"","",,,,,,,,,,,,,,,,-25.07,-29.36,2,0.040558,-0.054657,0.100708,-19.94,-18.86,-31.73,2,0.046225,-0.06369,0.17627,-15.08,https://portal.wildtrax.ca/home/aru-tasks/recording.html?taskId=373592,ELE-6-3_0+1_20220629_045500.wav,1234
BU,Elevation Gradients,1109,ELE-3-5,238248,,2022-06-29 04:58:00,397827,180s 1SPT,Transcribed,"",,,,,,,,No daily weather within 165km,"","",,,,,,,,,,,,,,,,-0.67,-36.8,,0.016276,-1,0.999969,0,-0.27,-30.71,,0.041123,-1,0.999969,0,https://portal.wildtrax.ca/home/aru-tasks/recording.html?taskId=373626,ELE-3-5_0+1_20220629_045800.wav,1269
BU,Elevation Gradients,1109,ELE-6-6,238290,,2022-06-29 04:58:00,397712,180s 1SPT,Transcribed,"",,,,,,,,No daily weather within 165km,"","",,,,,,,,,,,,,,,,-24.16,-37.19,2,0.025119,-0.0672,0.119965,-18.42,-21.18,-34.15,2,0.032781,-0.088348,0.144806,-16.78,https://portal.wildtrax.ca/home/aru-tasks/recording.html?taskId=373511,ELE-6-6_20220629_045800.wav,1234
BU,Elevation Gradients,1109,ELE-7-2,238231,,2022-06-29 04:59:00,397843,180s 1SPT,Transcribed,"",,,,,,,,No daily weather within 165km,"","",,,,,,,,,,,,,,,,-15.81,-40.33,,0.013458,-0.267395,0.303284,-10.36,-2.9,-37.64,,0.024835,-1,0.999969,0,https://portal.wildtrax.ca/home/aru-tasks/recording.html?taskId=373642,ELE-7-2_20220629_045900.wav,1234
BU,Elevation Gradients,1109,ELE-17-2,312528,,2022-06-29 05:07:00,488045,180s 1SPT,Transcribed,"",,,,,,,,No daily weather within 165km,"","",,,,,,,,,,,,,,,,-19.13,-36.74,2,0.016906,-0.266052,0.344513,-9.26,-16.43,-35.94,2,0.008147,-0.359131,0.423218,-7.47,https://portal.wildtrax.ca/home/aru-tasks/recording.html?taskId=450171,ELE-17-2_20220629_050700.wav,1247
BU,Elevation Gradients,1109,ELE-17-4,312529,,2022-06-29 05:07:00,488018,180s 1SPT,Transcribed,30km,10.00,20.50,15.30,0.20,0.00,0.20,0.00,GOLDEN AIRPORT,785.00m,30km,,,,,,,,,,,,,,,,-23.06,-40.35,2,0.004323,-0.10791,0.143372,-16.87,-23.35,-33.9,2,0.026238,-0.098633,0.174805,-15.15,https://portal.wildtrax.ca/home/aru-tasks/recording.html?taskId=450144,ELE-17-4_20220629_050700.wav,532
BU,Elevation Gradients,1109,ELE-1-5,307593,,2022-06-29 05:25:00,367300,180s 1SPT,Transcribed,"",,,,,,,,No daily weather within 165km,"","",,,,,,,,,,,,,,,,-7.58,-40.74,,0.01412,-0.801025,0.692871,-1.93,-4.84,-35.98,,0.03132,-1,0.999969,0,https://portal.wildtrax.ca/home/aru-tasks/recording.html?taskId=343967,ELE-1-5_20220629_052500.wav,37
BU,Elevation Gradients,1109,ELE-1-3,307110,,2022-06-29 05:55:00,367212,180s 1SPT,Transcribed,"",,,,,,,,No daily weather within 165km,"","",,,,,,,,,,,,,,,,-4.03,-34.81,,0.030455,-1,0.988922,0,-1.09,-36.47,,0.02584,-1,0.999969,0,https://portal.wildtrax.ca/home/aru-tasks/recording.html?taskId=343879,ELE-1-3_20220629_055500.wav,1242
BU,Elevation Gradients,1109,ELE-11-6N,238261,,2022-06-29 05:58:00,488016,180s 1SPT,Bad Weather,"",,,,,,,,No daily weather within 165km,"","",,,,,,,,,,,,,,,,-11.4,-35.86,2,0.020657,-0.480347,0.454803,-6.37,-6.5,-34.24,2,0.032936,-0.718109,0.895386,-0.96,https://portal.wildtrax.ca/home/aru-tasks/recording.html?taskId=450142,ELE-11-6N_20220629_055800.wav,1242
BU,Elevation Gradients,1109,ELE-4-3,238241,,2022-06-29 07:58:00,397612,180s 1SPT,Bad Weather,60km,1.50,17.10,9.30,,,3.10,,NORDEGG CS,1332.00m,60km,,,,,,,,,,,,,,,,-0.15,-34.12,,0.008257,-1,0.999969,0,-0.16,-33.51,,0.016401,-1,0.999969,0,https://portal.wildtrax.ca/home/aru-tasks/recording.html?taskId=373411,ELE-4-3_20220629_075800.wav,1247
BU,Elevation Gradients,1109,ELE-3-2,238252,,2022-06-29 21:59:00,397809,180s 1SPT,Transcribed,"",,,,,,,,No daily weather within 165km,"","",,,,,,,,,,,,,,,,-28.63,-37.02,2,0.020603,-0.24353,0.171295,-12.27,-22.74,-30.63,2,0.044637,-0.146362,0.254028,-11.9,https://portal.wildtrax.ca/home/aru-tasks/recording.html?taskId=373608,ELE-3-2_20220629_215900.wav,1247
BU,Elevation Gradients,1109,ELE-4-4,238240,,2022-06-29 21:59:00,397653,180s 1SPT,Transcribed,"",,,,,,,,No daily weather within 165km,"","",,,,,,,,,,,,,,,,-19.68,-26.17,2,0.05373,-0.192688,0.293884,-10.64,-25.42,-30.9,2,0.030875,-0.115295,0.185089,-14.65,https://portal.wildtrax.ca/home/aru-tasks/recording.html?taskId=373452,ELE-4-4_0+1_20220629_215900.wav,1269
BU,Elevation Gradients,1109,ELE-1-2,307595,,2022-06-29 22:07:00,367284,180s 1SPT,Transcribed,14km,8.50,14.00,11.30,9.20,0.00,9.20,0.00,JASPER WARDEN,1020.00m,38km,,,,,,,,,,,,,,,,-24.07,-36.38,2,0.023436,-0.134308,0.111176,-17.44,-24.24,-37.76,2,0.019892,-0.139954,0.10379,-17.08,https://portal.wildtrax.ca/home/aru-tasks/recording.html?taskId=343951,ELE-1-2_20220629_220700.wav,15
BU,Elevation Gradients,1109,ELE-1-2,307595,,2022-06-29 22:07:00,367284,180s 1SPT,Transcribed,14km,8.50,14.00,11.30,9.20,0.00,9.20,0.00,JASPER WARDEN,1020.00m,38km,,,,,,,,,,,,,,,,-24.07,-36.38,2,0.023436,-0.134308,0.111176,-17.44,-24.24,-37.76,2,0.019892,-0.139954,0.10379,-17.08,https://portal.wildtrax.ca/home/aru-tasks/recording.html?taskId=352213,ELE-1-2_20220629_220700.wav,532
BU,Elevation Gradients,1109,ELE-1-2,307595,,2022-06-29 22:07:00,367284,180s 1SPT,Transcribed,14km,8.50,14.00,11.30,9.20,0.00,9.20,0.00,JASPER WARDEN,1020.00m,38km,,,,,,,,,,,,,,,,-24.07,-36.38,2,0.023436,-0.134308,0.111176,-17.44,-24.24,-37.76,2,0.019892,-0.139954,0.10379,-17.08,https://portal.wildtrax.ca/home/aru-tasks/recording.html?taskId=352223,ELE-1-2_20220629_220700.wav,660
BU,Elevation Gradients,1109,ELE-1-2,307595,,2022-06-29 22:07:00,367284,180s 1SPT,Transcribed,14km,8.50,14.00,11.30,9.20,0.00,9.20,0.00,JASPER WARDEN,1020.00m,38km,,,,,,,,,,,,,,,,-24.07,-36.38,2,0.023436,-0.134308,0.111176,-17.44,-24.24,-37.76,2,0.019892,-0.139954,0.10379,-17.08,https://portal.wildtrax.ca/home/aru-tasks/recording.html?taskId=352208,ELE-1-2_20220629_220700.wav,37
BU,Elevation Gradients,1109,ELE-1-2,307595,,2022-06-29 22:07:00,367284,180s 1SPT,Transcribed,14km,8.50,14.00,11.30,9.20,0.00,9.20,0.00,JASPER WARDEN,1020.00m,38km,,,,,,,,,,,,,,,,-24.07,-36.38,2,0.023436,-0.134308,0.111176,-17.44,-24.24,-37.76,2,0.019892,-0.139954,0.10379,-17.08,https://portal.wildtrax.ca/home/aru-tasks/recording.html?taskId=352218,ELE-1-2_20220629_220700.wav,1242
BU,Elevation Gradients,1109,ELE-1-6,307594,,2022-06-29 22:07:00,367292,180s 1SPT,Transcribed,"",,,,,,,,No daily weather within 165km,"","",,,,,,,,,,,,,,,,-17.68,-40.8,2,0.012583,-0.207764,0.178711,-13.65,-9.34,-37.5,2,0.023736,-0.574066,0.598724,-4.46,https://portal.wildtrax.ca/home/aru-tasks/recording.html?taskId=343959,ELE-1-6_20220629_220700.wav,532
BU,Elevation Gradients,1109,ELE-11-5,238262,,2022-06-30 04:59:00,487967,180s 1SPT,Transcribed,"",,,,,,,,No daily weather within 165km,"","",,,,,,,,,,,,,,,,-30.48,-35.47,2,0.019656,-0.042572,0.076538,-22.32,-29.7,-40.12,2,-0.00496,-0.100616,0.101257,-19.89,https://portal.wildtrax.ca/home/aru-tasks/recording.html?taskId=450093,ELE-11-5_20220630_045900.wav,1247
BU,Elevation Gradients,1109,ELE-4-2,238242,,2022-06-30 04:59:00,397805,180s 1SPT,Transcribed,"",,,,,,,,No daily weather within 165km,"","",,,,,,,,,,,,,,,,-27.76,-33.69,2,0.027931,-0.02243,0.071838,-22.87,-28.96,-32.09,2,0.029234,-0.007904,0.066467,-23.55,https://portal.wildtrax.ca/home/aru-tasks/recording.html?taskId=373604,ELE-4-2_0+1_20220630_045900.wav,1247
BU,Elevation Gradients,1109,ELE-4-4,238240,,2022-06-30 04:59:00,397686,180s 1SPT,Transcribed,61km,2.30,19.60,11.00,,,0.00,,NORDEGG CS,1332.00m,61km,,,,,,,,,,,,,,,,-23,-27.44,2,0.053596,-0.008362,0.10733,-19.39,-28.5,-31.6,2,0.030826,0,0.056885,-24.9,https://portal.wildtrax.ca/home/aru-tasks/recording.html?taskId=373485,ELE-4-4_0+1_20220630_045900.wav,660
BU,Elevation Gradients,1109,ELE-4-5,238285,,2022-06-30 04:59:00,397605,180s 1SPT,Transcribed,"",,,,,,,,No daily weather within 165km,"","",,,,,,,,,,,,,,,,-10.8,-31.27,3,0.046788,-0.598053,0.554688,-4.47,-6.04,-38.52,129,0.029707,-1,0.62619,0,https://portal.wildtrax.ca/home/aru-tasks/recording.html?taskId=373404,ELE-4-5_20220630_045900.wav,533
BU,Elevation Gradients,1109,ELE-6-4,238232,,2022-06-30 04:59:00,397644,180s 1SPT,Transcribed,"",,,,,,,,No daily weather within 165km,"","",,,,,,,,,,,,,,,,-19.9,-37.33,2,0.023314,-0.127625,0.189117,-14.47,-19.15,-34.53,3,0.029013,-0.246155,0.22229,-12.18,https://portal.wildtrax.ca/home/aru-tasks/recording.html?taskId=373443,ELE-6-4_20220630_045900.wav,1269
BU,Elevation Gradients,1109,ELE-7-5,238227,,2022-06-30 04:59:00,397678,180s 1SPT,Transcribed,"",,,,,,,,No daily weather within 165km,"","",,,,,,,,,,,,,,,,-34.51,-44.04,2,-0.003139,-0.052216,0.044464,-25.64,-29.08,-32.7,2,0.027218,-0.020477,0.078125,-22.14,https://portal.wildtrax.ca/home/aru-tasks/recording.html?taskId=373477,ELE-7-5_0+1_20220630_045900.wav,1234
BU,Elevation Gradients,1109,ELE-1-2,307595,,2022-06-30 07:56:00,367222,180s 1SPT,Transcribed,"",,,,,,,,No daily weather within 165km,"","",,,,,,,,,,,,,,,,-28.79,-36.48,2,0.023403,-0.040314,0.073486,-22.68,-29.86,-37.08,2,0.019989,-0.025238,0.080841,-21.85,https://portal.wildtrax.ca/home/aru-tasks/recording.html?taskId=343889,ELE-1-2_20220630_075600.wav,532
BU,Elevation Gradients,1109,ELE-4-4,238240,,2022-06-30 07:59:00,397616,180s 1SPT,Transcribed,61km,2.30,19.60,11.00,,,0.00,,NORDEGG CS,1332.00m,61km,,,,,,,,,,,,,,,,-23.7,-26.26,2,0.053879,-0.006836,0.108521,-19.29,-27.33,-31.35,2,0.03083,-0.019501,0.088745,-21.04,https://portal.wildtrax.ca/home/aru-tasks/recording.html?taskId=373415,ELE-4-4_0+1_20220630_075900.wav,1242
BU,Elevation Gradients,1109,ELE-6-5,238229,,2022-06-30 22:59:00,397674,180s 1SPT,Transcribed,"",,,,,,,,No daily weather within 165km,"","",,,,,,,,,,,,,,,,-18.99,-35.11,2,0.030118,-0.138092,0.205627,-13.74,-17.51,-37.93,2,0.023813,-0.219513,0.218872,-13.17,https://portal.wildtrax.ca/home/aru-tasks/recording.html?taskId=373473,ELE-6-5_20220630_225900.wav,1234
BU,Elevation Gradients,1109,ELE-4-5,238285,,2022-07-01 04:00:00,397802,180s 1SPT,Transcribed,"",,,,,,,,No daily weather within 165km,"","",,,,,,,,,,,,,,,,-3.57,-33.88,,0.046542,-1,0.999969,0,-3.08,-38.08,,0.029677,-1,0.999969,0,https://portal.wildtrax.ca/home/aru-tasks/recording.html?taskId=373601,ELE-4-5_20220701_040000.wav,1269
BU,Elevation Gradients,1109,ELE-1-1,307109,,2022-07-01 05:26:00,367237,180s 1SPT,Bad Weather,14km,8.50,22.00,15.30,7.40,0.00,7.40,0.00,JASPER WARDEN,1020.00m,38km,,,,,,,,,,,,,,,,-23.95,-41.64,2,0.009328,-0.826111,0.792908,-1.66,-25.39,-32.09,2,0.02943,-0.624451,0.62204,-4.09,https://portal.wildtrax.ca/home/aru-tasks/recording.html?taskId=343904,ELE-1-1_20220701_052600.wav,37
BU,Elevation Gradients,1109,ELE-1-2,307595,,2022-07-01 05:26:00,367233,180s 1SPT,Transcribed,"",,,,,,,,No daily weather within 165km,"","",,,,,,,,,,,,,,,,-29.33,-35.78,2,0.023502,-0.130249,0.165253,-15.64,-29.76,-37.48,2,0.019908,-0.175812,0.187958,-14.52,https://portal.wildtrax.ca/home/aru-tasks/recording.html?taskId=343900,ELE-1-2_20220701_052600.wav,37
BU,Elevation Gradients,1109,ELE-1-2,307595,,2022-07-01 05:56:00,367255,180s 1SPT,Transcribed,"",,,,,,,,No daily weather within 165km,"","",,,,,,,,,,,,,,,,-28.39,-34.93,2,0.023445,-0.083588,0.124176,-18.12,-29.47,-37.46,2,0.019977,-0.187988,0.228271,-12.83,https://portal.wildtrax.ca/home/aru-tasks/recording.html?taskId=343922,ELE-1-2_20220701_055600.wav,660
BU,Elevation Gradients,1109,ELE-1-4,307108,,2022-07-01 05:56:00,367274,180s 1SPT,Transcribed,"",,,,,,,,No daily weather within 165km,"","",,,,,,,,,,,,,,,,-30.52,-35.07,2,0.022397,-0.172607,0.183929,-14.71,-27.85,-30.63,2,0.034536,-0.055878,0.134033,-17.46,https://portal.wildtrax.ca/home/aru-tasks/recording.html?taskId=343941,ELE-1-4_20220701_055600.wav,37
BU,Elevation Gradients,1109,ELE-1-6,307594,,2022-07-01 06:56:00,367298,180s 1SPT,Transcribed,"",,,,,,,,No daily weather within 165km,"","",,,,,,,,,,,,,,,,-13.56,-44.56,2,0.012366,-0.356354,0.257294,-8.96,-5.86,-40.07,2,0.023658,-0.84787,0.90863,-0.83,https://portal.wildtrax.ca/home/aru-tasks/recording.html?taskId=343965,ELE-1-6_20220701_065600.wav,532
BU,Elevation Gradients,1109,ELE-4-3,238241,,2022-07-01 07:00:00,397929,180s 1SPT,Transcribed,"",,,,,,,,No daily weather within 165km,"","",,,,,,,,,,,,,,,,-24.67,-48.31,2,0.004326,-0.079224,0.112457,-18.98,-25.17,-47.44,2,0.005212,-0.101135,0.11084,-19.11,https://portal.wildtrax.ca/home/aru-tasks/recording.html?taskId=373728,ELE-4-3_20220701_070000.wav,1234
BU,Elevation Gradients,1109,ELE-1-1,307109,,2022-07-01 21:07:00,367235,180s 1SPT,Transcribed,14km,8.50,22.00,15.30,7.40,0.00,7.40,0.00,JASPER WARDEN,1020.00m,38km,,,,,,,,,,,,,,,,-31.56,-42.48,2,0.009293,-0.132263,0.19574,-14.17,-27.88,-31.91,2,0.029485,-0.088379,0.143494,-16.86,https://portal.wildtrax.ca/home/aru-tasks/recording.html?taskId=343902,ELE-1-1_20220701_210700.wav,532
BU,Elevation Gradients,1109,ELE-1-3,307110,,2022-07-01 21:07:00,367240,180s 1SPT,Transcribed,"",,,,,,,,No daily weather within 165km,"","",,,,,,,,,,,,,,,,-28.97,-31.21,2,0.030277,-0.090759,0.134003,-17.46,-29.85,-32.73,2,0.025775,-0.105194,0.170624,-15.36,https://portal.wildtrax.ca/home/aru-tasks/recording.html?taskId=343907,ELE-1-3_20220701_210700.wav,660
BU,Elevation Gradients,1109,ELE-1-4,307108,,2022-07-01 21:07:00,367246,180s 1SPT,Transcribed,"",,,,,,,,No daily weather within 165km,"","",,,,,,,,,,,,,,,,-24.97,-34.99,2,0.022489,-0.135834,0.163513,-15.73,-23.91,-31.09,2,0.034589,-0.062866,0.131439,-17.63,https://portal.wildtrax.ca/home/aru-tasks/recording.html?taskId=343913,ELE-1-4_20220701_210700.wav,660
BU,Elevation Gradients,1109,ELE-17-5,312527,,2022-07-01 21:09:00,487894,180s 1SPT,Transcribed,"",,,,,,,,No daily weather within 165km,"","",,,,,,,,,,,,,,,,-24.82,-32.66,2,0.029835,-0.057495,0.109558,-19.21,-22.8,-30.44,2,0.03838,-0.073059,0.145813,-16.72,https://portal.wildtrax.ca/home/aru-tasks/recording.html?taskId=450020,ELE-17-5_20220701_210900.wav,1247
BU,Elevation Gradients,1109,ELE-1-4,307108,,2022-07-01 22:07:00,367228,180s 1SPT,Transcribed,"",,,,,,,,No daily weather within 165km,"","",,,,,,,,,,,,,,,,-32.26,-33.61,2,0.022496,-0.046661,0.090576,-20.86,-28.8,-29.65,2,0.0346,-0.029968,0.108154,-19.32,https://portal.wildtrax.ca/home/aru-tasks/recording.html?taskId=343895,ELE-1-4_20220701_220700.wav,660
BU,Elevation Gradients,1109,ELE-11-2,238263,,2022-07-02 04:00:00,488065,180s 1SPT,Transcribed,21km,7.10,19.30,13.20,,,0.00,,BEAVER MINES,1257.00m,21km,9.40,8.20,93,0.00,,87.68,0,1,,,NA,,,,,-16.7,-35.79,2,0.037928,-0.097198,0.203278,-13.84,-24.38,-37.44,2,0.026643,-0.041809,0.093811,-20.55,https://portal.wildtrax.ca/home/aru-tasks/recording.html?taskId=450191,ELE-11-2_20220702_040000.wav,1242
BU,Elevation Gradients,1109,ELE-11-4,238259,,2022-07-02 04:00:00,488092,180s 1SPT,Transcribed,"",,,,,,,,No daily weather within 165km,"","",,,,,,,,,,,,,,,,-24.63,-28.39,2,0.04523,-0.025299,0.102814,-19.76,-21.76,-30.97,2,0.040398,-0.078522,0.13327,-17.51,https://portal.wildtrax.ca/home/aru-tasks/recording.html?taskId=450218,ELE-11-4_0+1_20220702_040000.wav,1242
BU,Elevation Gradients,1109,ELE-4-1,238244,,2022-07-02 04:00:00,397727,180s 1SPT,Transcribed,62km,6.40,10.90,8.70,,,2.00,,NORDEGG CS,1332.00m,62km,8.40,8.10,99,0.00,,86.87,9,3,,,NA,,,,,-31.09,-33.65,2,0.023892,-0.004364,0.05365,-25.41,-27.09,-35.28,2,0.027233,-0.019501,0.076111,-22.37,https://portal.wildtrax.ca/home/aru-tasks/recording.html?taskId=373526,ELE-4-1_20220702_040000.wav,1224
BU,Elevation Gradients,1109,ELE-6-1,238234,,2022-07-02 04:00:00,397918,180s 1SPT,Transcribed,"",,,,,,,,No daily weather within 165km,"","",,,,,,,,,,,,,,,,-26.03,-26.67,2,0.047315,-0.21286,0.190399,-13.44,-32.45,-36.79,2,0.017696,-0.099579,0.252869,-11.94,https://portal.wildtrax.ca/home/aru-tasks/recording.html?taskId=373717,ELE-6-1_0+1_20220702_040000.wav,1234
BU,Elevation Gradients,1109,ELE-7-4,238225,,2022-07-02 04:01:00,397791,180s 1SPT,Transcribed,"",,,,,,,,No daily weather within 165km,"","",,,,,,,,,,,,,,,,-40.54,-52.73,2,0.000406,-0.019867,0.019318,-34.04,-38.09,-46.99,3,0.005788,-0.014282,0.025085,-32.01,https://portal.wildtrax.ca/home/aru-tasks/recording.html?taskId=373590,ELE-7-4_20220702_040100.wav,1224
BU,Elevation Gradients,1109,ELE-1-5,307593,,2022-07-02 05:27:00,367281,180s 1SPT,Transcribed,"",,,,,,,,No daily weather within 165km,"","",,,,,,,,,,,,,,,,-31.83,-37.78,2,0.014135,-0.270996,0.284882,-10.91,-26.83,-30.53,2,0.031304,-0.232513,0.304443,-10.33,https://portal.wildtrax.ca/home/aru-tasks/recording.html?taskId=343948,ELE-1-5_20220702_052700.wav,533
BU,Elevation Gradients,1109,ELE-1-4,307108,,2022-07-02 05:57:00,367214,180s 1SPT,Transcribed,"",,,,,,,,No daily weather within 165km,"","",,,,,,,,,,,,,,,,-19.9,-33.64,13,0.022558,-1,0.999969,0,-23.77,-29.58,2,0.034572,-0.756409,0.694305,-2.42,https://portal.wildtrax.ca/home/aru-tasks/recording.html?taskId=343881,ELE-1-4_20220702_055700.wav,1242
BU,Elevation Gradients,1109,ELE-1-3,307110,,2022-07-02 06:57:00,367248,180s 1SPT,Transcribed,"",,,,,,,,No daily weather within 165km,"","",,,,,,,,,,,,,,,,-22.28,-32.88,2,0.030424,-0.231873,0.296539,-10.56,-27.11,-34.39,2,0.025907,-0.18515,0.214264,-13.38,https://portal.wildtrax.ca/home/aru-tasks/recording.html?taskId=343915,ELE-1-3_20220702_065700.wav,37
BU,Elevation Gradients,1109,ELE-5-8,332559,,2022-07-02 08:00:00,488060,180s 1SPT,Transcribed,18km,6.40,10.90,8.70,,,2.00,,NORDEGG CS,1332.00m,18km,9.50,8.30,92,0.00,,86.82,10,4,,,NA,,,,,-26.68,-28.09,2,0.042756,-0.022339,0.108887,-19.26,-31.92,-33.98,2,0.022395,-0.068604,0.098267,-20.15,https://portal.wildtrax.ca/home/aru-tasks/recording.html?taskId=450186,ELE-5-8_20220702_080000.wav,532
BU,Elevation Gradients,1109,ELE-15-4,238253,,2022-07-02 20:58:00,487982,180s 1SPT,Transcribed,49km,8.00,18.10,13.10,,,6.10,,PEKISKO,1415.00m,13km,,,,,,,,,,,,,,,,-31.83,-33.98,2,0.021711,-0.007233,0.050446,-25.94,-21.26,-32.89,2,0.034469,-0.083466,0.148682,-16.55,https://portal.wildtrax.ca/home/aru-tasks/recording.html?taskId=450108,ELE-15-4_0+1_20220702_205800.wav,1247
BU,Elevation Gradients,1109,ELE-1-5,307593,,2022-07-02 21:06:00,367289,180s 1SPT,Transcribed,"",,,,,,,,No daily weather within 165km,"","",,,,,,,,,,,,,,,,-25.22,-40.33,2,0.013991,-0.056244,0.087494,-21.16,-24.72,-33.82,3,0.031081,-0.042755,0.085632,-21.35,https://portal.wildtrax.ca/home/aru-tasks/recording.html?taskId=343956,ELE-1-5_20220702_210600.wav,37
BU,Elevation Gradients,1109,ELE-1-1,307109,,2022-07-02 22:06:00,367268,180s 1SPT,Transcribed,14km,9.00,15.00,12.00,0.00,0.00,0.00,0.00,JASPER WARDEN,1020.00m,38km,,,,,,,,,,,,,,,,-29.61,-41.69,2,0.009292,-0.091644,0.111481,-19.06,-27.05,-31.92,2,0.029469,-0.061066,0.108704,-19.28,https://portal.wildtrax.ca/home/aru-tasks/recording.html?taskId=343935,ELE-1-1_20220702_220600.wav,532
BU,Elevation Gradients,1109,ELE-3-6,238246,,2022-07-02 22:58:00,397828,180s 1SPT,Transcribed,"",,,,,,,,No daily weather within 165km,"","",,,,,,,,,,,,,,,,-6.49,-37.5,2,0.031371,-0.699127,0.814423,-1.78,-5.79,-35.12,2,0.043078,-0.857178,0.62558,-1.34,https://portal.wildtrax.ca/home/aru-tasks/recording.html?taskId=373627,ELE-3-6_20220702_225800.wav,660
BU,Elevation Gradients,1109,ELE-4-4,238240,,2022-07-03 04:01:00,397877,180s 1SPT,Transcribed,"",,,,,,,,No daily weather within 165km,"","",,,,,,,,,,,,,,,,-24.55,-26.89,2,0.053657,0,0.078705,-22.08,-29.04,-30.98,2,0.030975,0,0.055817,-25.06,https://portal.wildtrax.ca/home/aru-tasks/recording.html?taskId=373676,ELE-4-4_0+1_20220703_040100.wav,1247
BU,Elevation Gradients,1109,ELE-5-4,238238,,2022-07-03 04:01:00,487922,180s 1SPT,Transcribed,19km,5.30,12.20,8.70,,,0.00,,NORDEGG CS,1332.00m,19km,,,,,,,,,,,,,,,,-31.4,-37.25,2,0.018023,-0.075409,0.106445,-19.46,-40.71,-58.71,2,0.000571,-0.018372,0.017395,-34.72,https://portal.wildtrax.ca/home/aru-tasks/recording.html?taskId=450048,ELE-5-4_20220703_040100.wav,1242
BU,Elevation Gradients,1109,ELE-6-7,238291,,2022-07-03 04:01:00,397852,180s 1SPT,Transcribed,"",,,,,,,,No daily weather within 165km,"","",,,,,,,,,,,,,,,,-24.06,-37.27,2,0.021928,-0.088165,0.115265,-18.77,-14.74,-54.32,3,0.002792,-0.314392,0.330566,-9.61,https://portal.wildtrax.ca/home/aru-tasks/recording.html?taskId=373651,ELE-6-7_20220703_040100.wav,660
BU,Elevation Gradients,1109,ELE-7-5,238227,,2022-07-03 04:01:00,397870,180s 1SPT,Transcribed,56km,5.30,12.20,8.70,,,0.00,,NORDEGG CS,1332.00m,56km,,,,,,,,,,,,,,,,-30.02,-46.37,2,-0.003328,-0.058197,0.043945,-24.7,-28.68,-33.5,2,0.02705,-0.018616,0.062164,-24.13,https://portal.wildtrax.ca/home/aru-tasks/recording.html?taskId=373669,ELE-7-5_0+1_20220703_040100.wav,1242
BU,Elevation Gradients,1109,ELE-1-3,307110,,2022-07-03 04:58:00,367219,180s 1SPT,Transcribed,15km,9.00,,,,,,0.00,JASPER WARDEN,1020.00m,39km,,,,,,,,,,,,,,,,-29.68,-30.92,2,0.030314,0.006439,0.054138,-25.33,-30.81,-32.6,2,0.025758,-0.011719,0.065979,-23.61,https://portal.wildtrax.ca/home/aru-tasks/recording.html?taskId=343886,ELE-1-3_20220703_045800.wav,37
BU,Elevation Gradients,1109,ELE-2-2,238149,,2022-07-03 05:58:00,367265,180s 1SPT,Transcribed,"",,,,,,,,No daily weather within 165km,"","",,,,,,,,,,,,,,,,-27.44,-37.76,2,0.018746,-0.114807,0.155334,-16.17,-22.11,-33.97,2,0.022319,-0.218506,0.252319,-11.96,https://portal.wildtrax.ca/home/aru-tasks/recording.html?taskId=343932,ELE-2-2_20220703_055800.wav,37
BU,Elevation Gradients,1109,ELE-1-5,307593,,2022-07-03 06:58:00,367232,180s 1SPT,Transcribed,"",,,,,,,,No daily weather within 165km,"","",,,,,,,,,,,,,,,,-28.02,-40.48,2,0.014031,-0.061157,0.065948,-23.62,-28.06,-31.76,2,0.031345,0.00412,0.054382,-25.29,https://portal.wildtrax.ca/home/aru-tasks/recording.html?taskId=343899,ELE-1-5_20220703_065800.wav,660
BU,Elevation Gradients,1109,ELE-7-3,238228,,2022-07-03 07:02:00,397651,180s 1SPT,Transcribed,"",,,,,,,,No daily weather within 165km,"","",,,,,,,,,,,,,,,,-29.27,-40.01,2,0.013658,-0.03656,0.056183,-25.01,-24.87,-36.02,2,0.024701,-0.041229,0.102325,-19.8,https://portal.wildtrax.ca/home/aru-tasks/recording.html?taskId=373450,ELE-7-3_0+1_20220703_070200.wav,1269
BU,Elevation Gradients,1109,ELE-1-1,307109,,2022-07-03 07:58:00,367239,180s 1SPT,Transcribed,14km,9.00,,,,,,0.00,JASPER WARDEN,1020.00m,38km,,,,,,,,,,,,,,,,-32.44,-42.02,2,0.009492,-0.064606,0.086792,-21.23,-29.14,-31.85,2,0.029509,-0.009552,0.06842,-23.3,https://portal.wildtrax.ca/home/aru-tasks/recording.html?taskId=343906,ELE-1-1_20220703_075800.wav,1242
BU,Elevation Gradients,1109,ELE-1-1,307109,,2022-07-03 21:06:00,367236,180s 1SPT,Transcribed,14km,9.00,,,,,,0.00,JASPER WARDEN,1020.00m,38km,,,,,,,,,,,,,,,,-27.57,-42.66,2,0.009255,-0.080109,0.094482,-20.49,-24.69,-33.43,2,0.029457,-0.120453,0.167084,-15.54,https://portal.wildtrax.ca/home/aru-tasks/recording.html?taskId=343903,ELE-1-1_20220703_210600.wav,1242
BU,Elevation Gradients,1109,ELE-1-2,307595,,2022-07-03 21:06:00,367234,180s 1SPT,Transcribed,"",,,,,,,,No daily weather within 165km,"","",,,,,,,,,,,,,,,,-28.71,-36.02,3,0.023395,-0.045715,0.059631,-24.49,-26.92,-37.76,2,0.019834,-0.050476,0.065338,-23.7,https://portal.wildtrax.ca/home/aru-tasks/recording.html?taskId=343901,ELE-1-2_20220703_210600.wav,533
BU,Elevation Gradients,1109,ELE-17-2,312528,,2022-07-03 21:09:00,488048,180s 1SPT,Transcribed,30km,11.50,20.50,16.00,13.20,0.00,13.20,0.00,GOLDEN AIRPORT,785.00m,30km,,,,,,,,,,,,,,,,-22.48,-38.99,2,0.016797,-0.760315,0.559845,-2.38,-27.22,-42.09,2,0.008148,-0.449493,0.492126,-6.16,https://portal.wildtrax.ca/home/aru-tasks/recording.html?taskId=450174,ELE-17-2_20220703_210900.wav,1269
BU,Elevation Gradients,1109,ELE-1-4,307108,,2022-07-03 22:06:00,367223,180s 1SPT,Transcribed,17km,9.00,,,,,,0.00,JASPER WARDEN,1020.00m,39km,,,,,,,,,,,,,,,,-22.75,-41.36,2,0.022552,-0.034393,0.102112,-19.82,-20.01,-34.31,2,0.034586,-0.087585,0.143188,-16.88,https://portal.wildtrax.ca/home/aru-tasks/recording.html?taskId=352224,ELE-1-4_20220703_220600.wav,660
BU,Elevation Gradients,1109,ELE-1-4,307108,,2022-07-03 22:06:00,367223,180s 1SPT,Transcribed,17km,9.00,,,,,,0.00,JASPER WARDEN,1020.00m,39km,,,,,,,,,,,,,,,,-22.75,-41.36,2,0.022552,-0.034393,0.102112,-19.82,-20.01,-34.31,2,0.034586,-0.087585,0.143188,-16.88,https://portal.wildtrax.ca/home/aru-tasks/recording.html?taskId=352214,ELE-1-4_20220703_220600.wav,532
BU,Elevation Gradients,1109,ELE-1-4,307108,,2022-07-03 22:06:00,367223,180s 1SPT,Transcribed,17km,9.00,,,,,,0.00,JASPER WARDEN,1020.00m,39km,,,,,,,,,,,,,,,,-22.75,-41.36,2,0.022552,-0.034393,0.102112,-19.82,-20.01,-34.31,2,0.034586,-0.087585,0.143188,-16.88,https://portal.wildtrax.ca/home/aru-tasks/recording.html?taskId=343890,ELE-1-4_20220703_220600.wav,15
BU,Elevation Gradients,1109,ELE-1-4,307108,,2022-07-03 22:06:00,367223,180s 1SPT,Transcribed,17km,9.00,,,,,,0.00,JASPER WARDEN,1020.00m,39km,,,,,,,,,,,,,,,,-22.75,-41.36,2,0.022552,-0.034393,0.102112,-19.82,-20.01,-34.31,2,0.034586,-0.087585,0.143188,-16.88,https://portal.wildtrax.ca/home/aru-tasks/recording.html?taskId=352219,ELE-1-4_20220703_220600.wav,1242
BU,Elevation Gradients,1109,ELE-1-4,307108,,2022-07-03 22:06:00,367223,180s 1SPT,Transcribed,17km,9.00,,,,,,0.00,JASPER WARDEN,1020.00m,39km,,,,,,,,,,,,,,,,-22.75,-41.36,2,0.022552,-0.034393,0.102112,-19.82,-20.01,-34.31,2,0.034586,-0.087585,0.143188,-16.88,https://portal.wildtrax.ca/home/aru-tasks/recording.html?taskId=352209,ELE-1-4_20220703_220600.wav,37
BU,Elevation Gradients,1109,ELE-3-1,238249,,2022-07-04 04:02:00,397705,180s 1SPT,Transcribed,"",,,,,,,,No daily weather within 165km,"","",,,,,,,,,,,,,,,,-20.96,-23.77,2,0.017119,-0.354126,0.378571,-8.44,-25.45,-25.87,2,0.049493,-0.034454,0.140411,-17.05,https://portal.wildtrax.ca/home/aru-tasks/recording.html?taskId=373504,ELE-3-1_0+1_20220704_040200.wav,533
BU,Elevation Gradients,1109,ELE-3-3,238247,,2022-07-04 04:02:00,397804,180s 1SPT,Transcribed,"",,,,,,,,No daily weather within 165km,"","",,,,,,,,,,,,,,,,-25.11,-34.8,2,0.026777,-0.039764,0.085175,-21.39,-29.07,-30.67,2,0.03221,0,0.053009,-25.51,https://portal.wildtrax.ca/home/aru-tasks/recording.html?taskId=373603,ELE-3-3_0+1_20220704_040200.wav,660
BU,Elevation Gradients,1109,ELE-4-4,238240,,2022-07-04 04:02:00,397946,180s 1SPT,Transcribed,"",,,,,,,,No daily weather within 165km,"","",,,,,,,,,,,,,,,,-24.74,-26.01,2,0.053725,0,0.077148,-22.25,-29.2,-31.01,3,0.030905,0,0.051208,-25.81,https://portal.wildtrax.ca/home/aru-tasks/recording.html?taskId=373745,ELE-4-4_0+1_20220704_040200.wav,532
BU,Elevation Gradients,1109,ELE-6-6,238290,,2022-07-04 04:02:00,397770,180s 1SPT,Transcribed,"",,,,,,,,No daily weather within 165km,"","",,,,,,,,,,,,,,,,-27.84,-35.79,3,0.025215,-0.014709,0.058411,-24.67,-27.95,-32.13,2,0.03286,-0.0159,0.065216,-23.71,https://portal.wildtrax.ca/home/aru-tasks/recording.html?taskId=373569,ELE-6-6_20220704_040200.wav,1242
BU,Elevation Gradients,1109,ELE-15-3,238256,,2022-07-04 05:32:00,487882,180s 1SPT,Transcribed,"",,,,,,,,No daily weather within 165km,"","",,,,,,,,,,,,,,,,-26.32,-31.52,2,0.028369,-0.503571,0.420166,-5.96,-36.2,-48.59,2,0.004529,-0.183228,0.137665,-14.74,https://portal.wildtrax.ca/home/aru-tasks/recording.html?taskId=450008,ELE-15-3_0+1_20220704_053200.wav,1242
BU,Elevation Gradients,1109,ELE-1-2,307595,,2022-07-04 05:59:00,367215,180s 1SPT,Transcribed,"",,,,,,,,No daily weather within 165km,"","",,,,,,,,,,,,,,,,-30.1,-33.77,2,0.02338,-0.027344,0.066528,-23.54,-31.08,-35.79,2,0.020006,-0.040924,0.065308,-23.7,https://portal.wildtrax.ca/home/aru-tasks/recording.html?taskId=343882,ELE-1-2_20220704_055900.wav,37
BU,Elevation Gradients,1109,ELE-15-1,312533,,2022-07-04 20:57:00,488165,180s 1SPT,Transcribed,"",,,,,,,,No daily weather within 165km,"","",,,,,,,,,,,,,,,,-24.63,-37.95,2,0.013412,-0.146088,0.273071,-11.27,-23.65,-37.79,2,0.011203,-0.892975,0.653015,-0.98,https://portal.wildtrax.ca/home/aru-tasks/recording.html?taskId=450291,ELE-15-1_0+1_20220704_205700.wav,1234
BU,Elevation Gradients,1109,ELE-17-1,312531,,2022-07-04 21:08:00,487978,180s 1SPT,Transcribed,31km,13.00,19.00,16.00,11.40,0.00,11.40,0.00,GOLDEN AIRPORT,785.00m,31km,,,,,,,,,,,,,,,,-25.87,-34.99,2,0.02535,-0.221466,0.195251,-13.09,-28.48,-40.14,2,0.01147,-0.104553,0.153137,-16.3,https://portal.wildtrax.ca/home/aru-tasks/recording.html?taskId=450104,ELE-17-1_20220704_210800.wav,533
BU,Elevation Gradients,1109,ELE-14-2,238255,,2022-07-04 21:47:00,487959,180s 1SPT,Transcribed,15km,7.60,14.30,10.90,,,11.30,,BEAVER MINES,1257.00m,15km,,,,,,,,,,,,,,,,-28.92,-35.09,2,0.013401,-0.250946,0.325287,-9.75,-30.79,-34.86,2,0.015259,-0.141235,0.15329,-16.29,https://portal.wildtrax.ca/home/aru-tasks/recording.html?taskId=450085,ELE-14-2_20220704_214700.wav,1242
BU,Elevation Gradients,1109,ELE-11-1,238264,,2022-07-04 21:57:00,487889,180s 1SPT,Transcribed,"",,,,,,,,No daily weather within 165km,"","",,,,,,,,,,,,,,,,-24.68,-32.05,2,0.024952,-0.527863,0.632629,-3.98,-20.49,-27.91,3,0.042238,-0.953796,0.999969,0,https://portal.wildtrax.ca/home/aru-tasks/recording.html?taskId=450016,ELE-11-1_0+1_20220704_215700.wav,1247
BU,Elevation Gradients,1109,ELE-3-2,238252,,2022-07-04 21:57:00,397845,180s 1SPT,Transcribed,53km,7.20,13.20,10.20,,,2.60,,NORDEGG CS,1332.00m,53km,,,,,,,,,,,,,,,,-29.66,-35.71,2,0.02059,-0.050964,0.104645,-19.61,-25.19,-28.47,2,0.044778,-0.607178,0.217285,-4.33,https://portal.wildtrax.ca/home/aru-tasks/recording.html?taskId=373644,ELE-3-2_20220704_215700.wav,1269
BU,Elevation Gradients,1109,ELE-3-6,238246,,2022-07-04 21:57:00,397798,180s 1SPT,Transcribed,"",,,,,,,,No daily weather within 165km,"","",,,,,,,,,,,,,,,,-0.61,-36.97,,0.031279,-1,0.999969,0,-0.39,-33.99,,0.043643,-1,0.999969,0,https://portal.wildtrax.ca/home/aru-tasks/recording.html?taskId=373597,ELE-3-6_20220704_215700.wav,1242
BU,Elevation Gradients,1109,ELE-11-5,238262,,2022-07-04 22:57:00,487893,180s 1SPT,Transcribed,23km,7.60,14.30,10.90,,,11.30,,BEAVER MINES,1257.00m,23km,,,,,,,,,,,,,,,,-23.62,-37.28,2,0.019796,-0.445709,0.235291,-7.02,-30.9,-41.53,2,-0.004909,-0.094421,0.103455,-19.71,https://portal.wildtrax.ca/home/aru-tasks/recording.html?taskId=450019,ELE-11-5_20220704_225700.wav,533
BU,Elevation Gradients,1109,ELE-17-1,312531,,2022-07-05 04:11:00,488129,180s 1SPT,Transcribed,"",,,,,,,,No daily weather within 165km,"","",,,,,,,,,,,,,,,,-17.13,-35.43,2,0.025431,-0.290741,0.306885,-10.26,-18.38,-40.23,2,0.011539,-0.234863,0.290741,-10.73,https://portal.wildtrax.ca/home/aru-tasks/recording.html?taskId=450255,ELE-17-1_20220705_041100.wav,1269
BU,Elevation Gradients,1109,ELE-14-4,238257,,2022-07-05 05:03:00,488102,180s 1SPT,Bad Weather,14km,3.90,19.80,11.90,,,0.00,,BEAVER MINES,1257.00m,14km,,,,,,,,,,,,,,,,-0.52,-33.41,,0.03282,-1,0.999969,0,-0.51,-45.24,,0.001742,-1,0.999969,0,https://portal.wildtrax.ca/home/aru-tasks/recording.html?taskId=450228,ELE-14-4_20220705_050300.wav,532
BU,Elevation Gradients,1109,ELE-5-7,238289,,2022-07-05 05:03:00,488163,180s 1SPT,Transcribed,"",,,,,,,,No daily weather within 165km,"","",,,,,,,,,,,,,,,,-26.5,-29.26,2,0.040142,-0.155243,0.230316,-12.75,-25.85,-34.5,2,0.026706,-0.067902,0.093048,-20.63,https://portal.wildtrax.ca/home/aru-tasks/recording.html?taskId=450289,ELE-5-7_0+1_20220705_050300.wav,1242
BU,Elevation Gradients,1109,ELE-17-3,312530,,2022-07-05 05:11:00,488087,180s 1SPT,Transcribed,30km,12.00,21.00,16.50,0.00,0.00,0.00,0.00,GOLDEN AIRPORT,785.00m,30km,,,,,,,,,,,,,,,,-27.29,-37.61,2,0.016092,-0.067017,0.100494,-19.96,-29.17,-40.38,2,0.011153,-0.054016,0.078766,-22.07,https://portal.wildtrax.ca/home/aru-tasks/recording.html?taskId=450213,ELE-17-3_20220705_051100.wav,532
BU,Elevation Gradients,1109,ELE-14-1,238258,,2022-07-05 05:33:00,488192,180s 1SPT,Transcribed,15km,3.90,19.80,11.90,,,0.00,,BEAVER MINES,1257.00m,15km,,,,,,,,,,,,,,,,-24.27,-34.17,2,0.024699,-0.193146,0.251892,-11.98,-21.33,-39.42,2,-0.001511,-0.316376,0.315247,-10,https://portal.wildtrax.ca/home/aru-tasks/recording.html?taskId=450318,ELE-14-1_0+1_20220705_053300.wav,1242
BU,Elevation Gradients,1109,ELE-5-6,238288,,2022-07-05 07:03:00,488108,180s 1SPT,Transcribed,"",,,,,,,,No daily weather within 165km,"","",,,,,,,,,,,,,,,,-28.21,-33.62,2,0.02828,-0.036743,0.09375,-20.56,-27.41,-30.94,2,0.034787,-0.005798,0.083557,-21.56,https://portal.wildtrax.ca/home/aru-tasks/recording.html?taskId=450234,ELE-5-6_20220705_070300.wav,1269
BU,Elevation Gradients,1109,ELE-15-5,238250,,2022-07-05 22:57:00,488247,180s 1SPT,Transcribed,13km,1.20,19.70,10.40,,,,,PEKISKO,1415.00m,13km,,,,,,,,,,,,,,,,-26.91,-31.98,2,0.033465,-0.004272,0.062653,-24.06,-27.47,-34.22,2,0.027126,-0.010162,0.065796,-23.64,https://portal.wildtrax.ca/home/aru-tasks/recording.html?taskId=450373,ELE-15-5_20220705_225700.wav,1247
BU,Elevation Gradients,1109,ELE-3-4,238245,,2022-07-05 22:57:00,397752,180s 1SPT,Transcribed,"",,,,,,,,No daily weather within 165km,"","",,,,,,,,,,,,,,,,-12.42,-42.34,,0.010447,-0.467133,0.315094,-6.61,-2.95,-41.45,,0.010114,-1,0.999969,0,https://portal.wildtrax.ca/home/aru-tasks/recording.html?taskId=373551,ELE-3-4_20220705_225700.wav,533
BU,Elevation Gradients,1109,ELE-5-8,332559,,2022-07-05 22:57:00,488077,180s 1SPT,Transcribed,18km,7.30,16.50,11.90,,,1.50,,NORDEGG CS,1332.00m,18km,,,,,,,,,,,,,,,,-26.68,-28.07,2,0.042734,0.018616,0.072815,-22.76,-31.51,-34.34,2,0.022353,-0.031799,0.082458,-21.68,https://portal.wildtrax.ca/home/aru-tasks/recording.html?taskId=450203,ELE-5-8_20220705_225700.wav,532
BU,Elevation Gradients,1109,ELE-6-3,238233,,2022-07-06 04:00:00,397846,180s 1SPT,Transcribed,"",,,,,,,,No daily weather within 165km,"","",,,,,,,,,,,,,,,,-27.55,-27.97,2,0.040529,0,0.070038,-23.09,-26.11,-27.18,2,0.046271,0,0.066528,-23.54,https://portal.wildtrax.ca/home/aru-tasks/recording.html?taskId=373645,ELE-6-3_0+1_20220706_040000.wav,1234
BU,Elevation Gradients,1109,ELE-3-6,238246,,2022-07-06 04:04:00,397641,180s 1SPT,Transcribed,52km,5.50,17.20,11.40,,,0.00,,NORDEGG CS,1332.00m,52km,,,,,,,,,,,,,,,,-14.08,-38.48,,0.031399,-0.356232,0.290497,-8.97,-3.02,-35.72,,0.043004,-1,0.999969,0,https://portal.wildtrax.ca/home/aru-tasks/recording.html?taskId=373440,ELE-3-6_20220706_040400.wav,1234
BU,Elevation Gradients,1109,ELE-4-3,238241,,2022-07-06 04:04:00,397904,180s 1SPT,Transcribed,"",,,,,,,,No daily weather within 165km,"","",,,,,,,,,,,,,,,,-39.46,-47.83,2,0.004392,-0.020508,0.027405,-31.24,-39.37,-46.09,2,0.005183,-0.01709,0.028107,-31.02,https://portal.wildtrax.ca/home/aru-tasks/recording.html?taskId=373703,ELE-4-3_20220706_040400.wav,532
BU,Elevation Gradients,1109,ELE-14-2,238255,,2022-07-06 05:43:00,487954,180s 1SPT,Transcribed,"",,,,,,,,No daily weather within 165km,"","",,,,,,,,,,,,,,,,-29.99,-36.06,2,0.01343,-0.073547,0.100342,-19.97,-30.84,-36.37,2,0.015324,-0.053741,0.085175,-21.39,https://portal.wildtrax.ca/home/aru-tasks/recording.html?taskId=450080,ELE-14-2_20220706_054300.wav,1242
BU,Elevation Gradients,1109,ELE-11-2,238263,,2022-07-06 06:04:00,488174,180s 1SPT,Transcribed,21km,5.40,16.80,11.10,,,0.00,,BEAVER MINES,1257.00m,21km,,,,,,,,,,,,,,,,-26.83,-29.88,2,0.038059,0.01178,0.058105,-24.72,-27.76,-35.43,2,0.026686,-0.008331,0.054688,-25.24,https://portal.wildtrax.ca/home/aru-tasks/recording.html?taskId=450300,ELE-11-2_20220706_060400.wav,1242
BU,Elevation Gradients,1109,ELE-15-1,312533,,2022-07-06 07:04:00,488038,180s 1SPT,Transcribed,"",,,,,,,,No daily weather within 165km,"","",,,,,,,,,,,,,,,,-26.61,-37.92,2,0.013352,-0.117371,0.130615,-17.68,-26.31,-37.29,2,0.011566,-0.140656,0.154083,-16.24,https://portal.wildtrax.ca/home/aru-tasks/recording.html?taskId=450164,ELE-15-1_0+1_20220706_070400.wav,532
BU,Elevation Gradients,1109,ELE-5-7,238289,,2022-07-06 07:04:00,487979,180s 1SPT,Transcribed,"",,,,,,,,No daily weather within 165km,"","",,,,,,,,,,,,,,,,-16.85,-30.3,2,0.040166,-0.195618,0.294922,-10.61,-10.05,-36.01,2,0.026661,-0.61734,0.645844,-3.8,https://portal.wildtrax.ca/home/aru-tasks/recording.html?taskId=450105,ELE-5-7_0+1_20220706_070400.wav,1242
BU,Elevation Gradients,1109,ELE-14-4,238257,,2022-07-06 20:56:00,488158,180s 1SPT,Transcribed,"",,,,,,,,No daily weather within 165km,"","",,,,,,,,,,,,,,,,-12.17,-34.99,2,0.032312,-0.482391,0.379822,-6.33,-7.51,-50.51,2,0.001766,-0.581085,0.763062,-2.35,https://portal.wildtrax.ca/home/aru-tasks/recording.html?taskId=450284,ELE-14-4_20220706_205600.wav,1224
BU,Elevation Gradients,1109,ELE-6-7,238291,,2022-07-06 20:56:00,397757,180s 1SPT,Transcribed,"",,,,,,,,No daily weather within 165km,"","",,,,,,,,,,,,,,,,-11.11,-40.46,2,0.022116,-0.367462,0.419403,-7.55,-10.86,-53.46,2,0.003081,-0.429352,0.559906,-5.04,https://portal.wildtrax.ca/home/aru-tasks/recording.html?taskId=373556,ELE-6-7_20220706_205600.wav,1247
BU,Elevation Gradients,1109,ELE-3-6,238246,,2022-07-06 21:56:00,397785,180s 1SPT,Transcribed,52km,5.50,17.20,11.40,,,0.00,,NORDEGG CS,1332.00m,52km,,,,,,,,,,,,,,,,-9.57,-36.14,2,0.031094,-0.583313,0.414551,-4.68,-5,-33.56,2,0.043008,-0.973755,0.764923,-0.23,https://portal.wildtrax.ca/home/aru-tasks/recording.html?taskId=373584,ELE-3-6_20220706_215600.wav,1234
BU,Elevation Gradients,1109,ELE-4-4,238240,,2022-07-06 21:56:00,397664,180s 1SPT,Transcribed,"",,,,,,,,No daily weather within 165km,"","",,,,,,,,,,,,,,,,-22.72,-28.33,2,0.05378,-0.012299,0.109039,-19.25,-25.12,-34.12,3,0.031058,-0.030334,0.088776,-21.03,https://portal.wildtrax.ca/home/aru-tasks/recording.html?taskId=373463,ELE-4-4_0+1_20220706_215600.wav,532
BU,Elevation Gradients,1109,ELE-5-5,238236,,2022-07-06 22:56:00,487938,180s 1SPT,Transcribed,19km,5.50,17.20,11.40,,,0.00,,NORDEGG CS,1332.00m,19km,,,,,,,,,,,,,,,,-26.15,-27.6,2,0.04444,-0.000641,0.092438,-20.68,-28.27,-28.52,2,0.037785,0,0.063049,-24.01,https://portal.wildtrax.ca/home/aru-tasks/recording.html?taskId=450064,ELE-5-5_0+1_20220706_225600.wav,1224
BU,Elevation Gradients,1109,ELE-6-3,238233,,2022-07-07 04:01:00,397694,180s 1SPT,Transcribed,"",,,,,,,,No daily weather within 165km,"","",,,,,,,,,,,,,,,,-27.29,-28.24,2,0.040453,-0.018585,0.069855,-23.12,-26.19,-27.12,2,0.046236,0,0.065033,-23.74,https://portal.wildtrax.ca/home/aru-tasks/recording.html?taskId=373493,ELE-6-3_0+1_20220707_040100.wav,660
BU,Elevation Gradients,1109,ELE-3-1,238249,,2022-07-07 04:05:00,397876,180s 1SPT,Transcribed,"",,,,,,,,No daily weather within 165km,"","",,,,,,,,,,,,,,,,-20.78,-23.68,2,0.017063,-0.37085,0.384064,-8.31,-24.77,-25.53,2,0.049306,-0.073761,0.173492,-15.21,https://portal.wildtrax.ca/home/aru-tasks/recording.html?taskId=373675,ELE-3-1_0+1_20220707_040500.wav,1269
BU,Elevation Gradients,1109,ELE-5-5,238236,,2022-07-07 04:05:00,487930,180s 1SPT,Transcribed,"",,,,,,,,No daily weather within 165km,"","",,,,,,,,,,,,,,,,-26.23,-27.57,2,0.044536,0,0.086548,-21.25,-28.24,-28.52,2,0.037829,0,0.062256,-24.12,https://portal.wildtrax.ca/home/aru-tasks/recording.html?taskId=450056,ELE-5-5_0+1_20220707_040500.wav,532
BU,Elevation Gradients,1109,ELE-15-1,312533,,2022-07-07 06:05:00,488156,180s 1SPT,Transcribed,"",,,,,,,,No daily weather within 165km,"","",,,,,,,,,,,,,,,,-31,-40.09,2,0.013227,-0.068604,0.088226,-21.09,-33.19,-37.68,2,0.011287,-0.060883,0.081635,-21.76,https://portal.wildtrax.ca/home/aru-tasks/recording.html?taskId=450282,ELE-15-1_0+1_20220707_060500.wav,1247
BU,Elevation Gradients,1109,ELE-7-4,238225,,2022-07-07 07:05:00,397873,180s 1SPT,Transcribed,"",,,,,,,,No daily weather within 165km,"","",,,,,,,,,,,,,,,,-40.62,-53.49,2,0.000403,-0.114014,0.087646,-18.86,-35.23,-49.11,2,0.005742,-0.084808,0.117096,-18.63,https://portal.wildtrax.ca/home/aru-tasks/recording.html?taskId=373672,ELE-7-4_20220707_070500.wav,1247
BU,Elevation Gradients,1109,ELE-7-2,238231,,2022-07-07 21:06:00,397817,180s 1SPT,Transcribed,"",,,,,,,,No daily weather within 165km,"","",,,,,,,,,,,,,,,,-31.97,-41.64,2,0.013812,-0.036987,0.063904,-23.89,-17.47,-37.49,2,0.024928,-0.252441,0.216461,-11.96,https://portal.wildtrax.ca/home/aru-tasks/recording.html?taskId=373616,ELE-7-2_20220707_210600.wav,533
BU,Elevation Gradients,1109,ELE-4-5,238285,,2022-07-07 22:55:00,397860,180s 1SPT,Transcribed,"",,,,,,,,No daily weather within 165km,"","",,,,,,,,,,,,,,,,-0.51,-35.12,,0.046963,-1,0.999969,0,-0.31,-38.3,,0.031923,-1,0.999969,0,https://portal.wildtrax.ca/home/aru-tasks/recording.html?taskId=373659,ELE-4-5_20220707_225500.wav,1269
BU,Elevation Gradients,1109,ELE-17-2,312528,,2022-07-08 03:44:00,488152,180s 1SPT,Transcribed,30km,13.50,22.00,17.80,0.00,0.00,0.00,0.00,GOLDEN AIRPORT,785.00m,30km,,,,,,,,,,,,,,,,-27.15,-38.95,2,0.016806,-0.072266,0.144257,-16.82,-19.64,-41.66,2,0.008262,-0.134186,0.18103,-14.84,https://portal.wildtrax.ca/home/aru-tasks/recording.html?taskId=450278,ELE-17-2_20220708_034400.wav,1224
BU,Elevation Gradients,1109,ELE-17-3,312530,,2022-07-08 03:44:00,488140,180s 1SPT,Transcribed,30km,13.50,22.00,17.80,0.00,0.00,0.00,0.00,GOLDEN AIRPORT,785.00m,30km,,,,,,,,,,,,,,,,-26.13,-39.07,2,0.016038,-0.231018,0.268097,-11.43,-28.02,-41.5,2,0.01099,-0.238617,0.31842,-9.94,https://portal.wildtrax.ca/home/aru-tasks/recording.html?taskId=450266,ELE-17-3_20220708_034400.wav,1224
BU,Elevation Gradients,1109,ELE-6-1,238234,,2022-07-08 04:05:00,397927,180s 1SPT,Transcribed,"",,,,,,,,No daily weather within 165km,"","",,,,,,,,,,,,,,,,-19.03,-29.28,2,0.047004,-0.137878,0.202911,-13.85,-17.75,-38.23,2,0.017618,-0.187195,0.215729,-13.32,https://portal.wildtrax.ca/home/aru-tasks/recording.html?taskId=373726,ELE-6-1_0+1_20220708_040500.wav,1234
BU,Elevation Gradients,1109,ELE-6-2,238235,,2022-07-08 04:05:00,397803,180s 1SPT,Transcribed,"",,,,,,,,No daily weather within 165km,"","",,,,,,,,,,,,,,,,-23.61,-28.62,2,0.046429,-0.022064,0.093933,-20.54,-25.44,-29.94,2,0.03954,0,0.087372,-21.17,https://portal.wildtrax.ca/home/aru-tasks/recording.html?taskId=373602,ELE-6-2_0+1_20220708_040500.wav,1269
BU,Elevation Gradients,1109,ELE-6-5,238229,,2022-07-08 04:05:00,397730,180s 1SPT,Transcribed,"",,,,,,,,No daily weather within 165km,"","",,,,,,,,,,,,,,,,-3.34,-35.32,,0.030384,-1,0.999969,0,-4.29,-38.22,,0.023714,-1,0.999969,0,https://portal.wildtrax.ca/home/aru-tasks/recording.html?taskId=373529,ELE-6-5_20220708_040500.wav,533
BU,Elevation Gradients,1109,ELE-6-6,238290,,2022-07-08 21:55:00,397947,180s 1SPT,Transcribed,"",,,,,,,,No daily weather within 165km,"","",,,,,,,,,,,,,,,,-0.63,-33.72,,0.026163,-1,0.999969,0,-0.28,-30.15,,0.034251,-1,0.999969,0,https://portal.wildtrax.ca/home/aru-tasks/recording.html?taskId=373746,ELE-6-6_20220708_215500.wav,533
BU,Elevation Gradients,1109,ELE-17-3,312530,,2022-07-09 03:45:00,488011,180s 1SPT,Transcribed,"",,,,,,,,No daily weather within 165km,"","",,,,,,,,,,,,,,,,-27.59,-39.09,2,0.016119,-0.057343,0.084412,-21.47,-29.32,-41.75,2,0.011129,-0.05014,0.075012,-22.5,https://portal.wildtrax.ca/home/aru-tasks/recording.html?taskId=450137,ELE-17-3_20220709_034500.wav,1269
BU,Elevation Gradients,1109,ELE-6-1,238234,,2022-07-09 04:06:00,397601,180s 1SPT,Transcribed,"",,,,,,,,No daily weather within 165km,"","",,,,,,,,,,,,,,,,-17.81,-31.78,2,0.047075,-0.225525,0.224304,-12.94,-19.64,-39.51,3,0.017705,-0.181366,0.175446,-14.83,https://portal.wildtrax.ca/home/aru-tasks/recording.html?taskId=373400,ELE-6-1_0+1_20220709_040600.wav,532
BU,Elevation Gradients,1109,ELE-7-4,238225,,2022-07-09 04:07:00,397763,180s 1SPT,Transcribed,"",,,,,,,,No daily weather within 165km,"","",,,,,,,,,,,,,,,,-12.25,-46.79,2,0.00045,-0.519989,0.431335,-5.68,-7.51,-46.62,2,0.005772,-0.698151,0.52887,-3.12,https://portal.wildtrax.ca/home/aru-tasks/recording.html?taskId=373562,ELE-7-4_20220709_040700.wav,533
BU,Elevation Gradients,1109,ELE-17-3,312530,,2022-07-09 04:15:00,487969,180s 1SPT,Transcribed,"",,,,,,,,No daily weather within 165km,"","",,,,,,,,,,,,,,,,-27.56,-39.39,2,0.015961,-0.064484,0.098969,-20.09,-30.63,-42.08,2,0.011122,-0.049133,0.066681,-23.52,https://portal.wildtrax.ca/home/aru-tasks/recording.html?taskId=450095,ELE-17-3_20220709_041500.wav,1247
BU,Elevation Gradients,1109,ELE-3-5,238248,,2022-07-09 07:06:00,397599,180s 1SPT,Transcribed,"",,,,,,,,No daily weather within 165km,"","",,,,,,,,,,,,,,,,-12.46,-37.3,,0.015829,-0.491791,0.361725,-6.16,-0.67,-29.92,,0.04161,-1,0.999969,0,https://portal.wildtrax.ca/home/aru-tasks/recording.html?taskId=373398,ELE-3-5_0+1_20220709_070600.wav,1234
BU,Elevation Gradients,1109,ELE-3-6,238246,,2022-07-09 07:06:00,397672,180s 1SPT,Transcribed,52km,2.90,20.50,11.70,,,0.00,,NORDEGG CS,1332.00m,52km,,,,,,,,,,,,,,,,-0.46,-39.18,,0.032111,-1,0.999969,0,-0.15,-36.36,,0.045857,-1,0.999969,0,https://portal.wildtrax.ca/home/aru-tasks/recording.html?taskId=373471,ELE-3-6_20220709_070600.wav,1234
BU,Elevation Gradients,1109,ELE-11-1,238264,,2022-07-09 20:54:00,488040,180s 1SPT,Transcribed,20km,8.40,24.40,16.40,,,0.00,,BEAVER MINES,1257.00m,20km,,,,,,,,,,,,,,,,-20.16,-35.69,2,0.02496,-0.171265,0.185394,-14.64,-16.76,-31.21,2,0.04215,-0.218689,0.305756,-10.29,https://portal.wildtrax.ca/home/aru-tasks/recording.html?taskId=450166,ELE-11-1_0+1_20220709_205400.wav,1242
BU,Elevation Gradients,1109,ELE-6-2,238235,,2022-07-09 20:54:00,397909,180s 1SPT,Transcribed,"",,,,,,,,No daily weather within 165km,"","",,,,,,,,,,,,,,,,-13.78,-31.96,2,0.046081,-0.163788,0.358276,-8.92,-17.52,-31.97,2,0.039309,-0.280151,0.247131,-11.05,https://portal.wildtrax.ca/home/aru-tasks/recording.html?taskId=373708,ELE-6-2_0+1_20220709_205400.wav,1242
BU,Elevation Gradients,1109,ELE-17-1,312531,,2022-07-09 21:05:00,488273,180s 1SPT,Transcribed,31km,10.50,23.50,17.00,0.00,0.00,0.00,0.00,GOLDEN AIRPORT,785.00m,31km,,,,,,,,,,,,,,,,-13.78,-38.39,2,0.025194,-0.347473,0.293884,-9.18,-15.51,-42.24,2,0.011311,-0.354767,0.29303,-9,https://portal.wildtrax.ca/home/aru-tasks/recording.html?taskId=450399,ELE-17-1_20220709_210500.wav,1269
BU,Elevation Gradients,1109,ELE-3-3,238247,,2022-07-10 04:07:00,397892,180s 1SPT,Transcribed,52km,3.90,22.10,13.00,,,0.00,,NORDEGG CS,1332.00m,52km,,,,,,,,,,,,,,,,-29.42,-32.93,2,0.026656,-0.007935,0.060211,-24.41,-21.97,-32.96,2,0.032446,-0.096649,0.145416,-16.75,https://portal.wildtrax.ca/home/aru-tasks/recording.html?taskId=373691,ELE-3-3_0+1_20220710_040700.wav,1269
BU,Elevation Gradients,1109,ELE-6-5,238229,,2022-07-10 04:07:00,397895,180s 1SPT,Transcribed,"",,,,,,,,No daily weather within 165km,"","",,,,,,,,,,,,,,,,-11.09,-36.82,2,0.030293,-0.581299,0.422729,-4.71,-7.78,-39.36,2,0.023854,-0.837463,0.408112,-1.54,https://portal.wildtrax.ca/home/aru-tasks/recording.html?taskId=373694,ELE-6-5_20220710_040700.wav,1234
BU,Elevation Gradients,1109,ELE-7-1,238230,,2022-07-10 04:08:00,397642,180s 1SPT,Transcribed,"",,,,,,,,No daily weather within 165km,"","",,,,,,,,,,,,,,,,-28.78,-38.57,2,0.016072,-0.099762,0.122711,-18.22,-29.78,-39.28,2,0.015811,-0.046814,0.075897,-22.4,https://portal.wildtrax.ca/home/aru-tasks/recording.html?taskId=373441,ELE-7-1_0+1_20220710_040800.wav,1269
BU,Elevation Gradients,1109,ELE-17-5,312527,,2022-07-10 04:16:00,488059,180s 1SPT,Transcribed,29km,10.00,22.50,16.30,0.20,0.00,0.20,0.00,GOLDEN AIRPORT,785.00m,29km,,,,,,,,,,,,,,,,-7.03,-36.94,2,0.029897,-0.811768,0.60556,-1.81,-6.62,-34.42,2,0.038421,-0.689545,0.646332,-3.23,https://portal.wildtrax.ca/home/aru-tasks/recording.html?taskId=450185,ELE-17-5_20220710_041600.wav,1269
BU,Elevation Gradients,1109,ELE-7-5,238227,,2022-07-10 21:04:00,397848,180s 1SPT,Transcribed,"",,,,,,,,No daily weather within 165km,"","",,,,,,,,,,,,,,,,-16.15,-44.61,2,-0.003394,-0.331848,0.285126,-9.58,-11.05,-34.97,2,0.026961,-0.57901,0.562012,-4.75,https://portal.wildtrax.ca/home/aru-tasks/recording.html?taskId=373647,ELE-7-5_0+1_20220710_210400.wav,1234
BU,Elevation Gradients,1109,ELE-15-3,238256,,2022-07-10 22:53:00,487896,180s 1SPT,Transcribed,"",,,,,,,,No daily weather within 165km,"","",,,,,,,,,,,,,,,,-30.05,-31.74,2,0.028111,0,0.045502,-26.84,-38.29,-50.63,2,0.004564,-0.017151,0.042542,-27.42,https://portal.wildtrax.ca/home/aru-tasks/recording.html?taskId=450022,ELE-15-3_0+1_20220710_225300.wav,1224
BU,Elevation Gradients,1109,ELE-3-4,238245,,2022-07-10 22:53:00,397864,180s 1SPT,Transcribed,"",,,,,,,,No daily weather within 165km,"","",,,,,,,,,,,,,,,,-5.88,-39.75,,0.01037,-0.966339,0.980988,-0.17,-1.05,-38.22,,0.010583,-1,0.999969,0,https://portal.wildtrax.ca/home/aru-tasks/recording.html?taskId=373663,ELE-3-4_20220710_225300.wav,532
BU,Elevation Gradients,1109,ELE-4-4,238240,,2022-07-10 22:53:00,397754,180s 1SPT,Bad Weather,61km,3.90,22.10,13.00,,,0.00,,NORDEGG CS,1332.00m,61km,,,,,,,,,,,,,,,,-1.24,-26.46,,0.053539,-1,0.999969,0,-6.91,-31.39,,0.03095,-0.977081,0.77475,-0.2,https://portal.wildtrax.ca/home/aru-tasks/recording.html?taskId=373553,ELE-4-4_0+1_20220710_225300.wav,532
BU,Elevation Gradients,1109,ELE-6-2,238235,,2022-07-11 04:08:00,397609,180s 1SPT,Transcribed,"",,,,,,,,No daily weather within 165km,"","",,,,,,,,,,,,,,,,-18.84,-31.39,2,0.046283,-0.13974,0.206451,-13.7,-17.15,-32.04,2,0.0393,-0.161774,0.25238,-11.96,https://portal.wildtrax.ca/home/aru-tasks/recording.html?taskId=373408,ELE-6-2_0+1_20220711_040800.wav,533
BU,Elevation Gradients,1109,ELE-7-1,238230,,2022-07-11 04:09:00,397898,180s 1SPT,Transcribed,"",,,,,,,,No daily weather within 165km,"","",,,,,,,,,,,,,,,,-10.15,-38.07,2,0.016355,-0.530334,0.465637,-5.51,-17.78,-39.13,2,0.015657,-0.255615,0.210754,-11.85,https://portal.wildtrax.ca/home/aru-tasks/recording.html?taskId=373697,ELE-7-1_0+1_20220711_040900.wav,1242
BU,Elevation Gradients,1109,ELE-6-3,238233,,2022-07-11 07:05:00,397682,180s 1SPT,Transcribed,"",,,,,,,,No daily weather within 165km,"","",,,,,,,,,,,,,,,,-26.53,-28.89,2,0.040482,-0.013885,0.085999,-21.31,-18.45,-30.02,2,0.046221,-0.181793,0.171997,-14.81,https://portal.wildtrax.ca/home/aru-tasks/recording.html?taskId=373481,ELE-6-3_0+1_20220711_070500.wav,533
BU,Elevation Gradients,1109,ELE-11-2,238263,,2022-07-11 07:08:00,488159,180s 1SPT,Transcribed,"",,,,,,,,No daily weather within 165km,"","",,,,,,,,,,,,,,,,-17.78,-33.73,2,0.037987,-0.177307,0.22818,-12.83,-17.24,-39.19,3,0.026618,-0.207916,0.198181,-13.64,https://portal.wildtrax.ca/home/aru-tasks/recording.html?taskId=450285,ELE-11-2_20220711_070800.wav,1269
BU,Elevation Gradients,1109,ELE-3-4,238245,,2022-07-11 07:08:00,397708,180s 1SPT,Transcribed,"",,,,,,,,No daily weather within 165km,"","",,,,,,,,,,,,,,,,-11.83,-41.07,,0.010415,-0.423431,0.430817,-7.31,-2.2,-39.18,,0.010201,-1,0.999969,0,https://portal.wildtrax.ca/home/aru-tasks/recording.html?taskId=373507,ELE-3-4_20220711_070800.wav,1234
BU,Elevation Gradients,1109,ELE-3-6,238246,,2022-07-11 07:08:00,397681,180s 1SPT,Transcribed,52km,5.70,24.90,15.30,,,0.00,,NORDEGG CS,1332.00m,52km,,,,,,,,,,,,,,,,-7.57,-37.57,,0.031177,-0.604401,0.641418,-3.86,-0.9,-34.34,,0.043364,-1,0.999969,0,https://portal.wildtrax.ca/home/aru-tasks/recording.html?taskId=373480,ELE-3-6_20220711_070800.wav,1234
BU,Elevation Gradients,1109,ELE-4-2,238242,,2022-07-11 07:08:00,397630,180s 1SPT,Transcribed,"",,,,,,,,No daily weather within 165km,"","",,,,,,,,,,,,,,,,-25.79,-34.52,2,0.027886,-0.036194,0.085205,-21.39,-28.96,-32.5,2,0.028851,0,0.057617,-24.79,https://portal.wildtrax.ca/home/aru-tasks/recording.html?taskId=373429,ELE-4-2_0+1_20220711_070800.wav,1269
BU,Elevation Gradients,1109,ELE-17-2,312528,,2022-07-11 21:04:00,487939,180s 1SPT,Transcribed,30km,13.00,29.00,21.00,0.00,0.00,0.00,0.00,GOLDEN AIRPORT,785.00m,30km,,,,,,,,,,,,,,,,-25.69,-39.56,2,0.016482,-0.062897,0.097809,-20.19,-24.69,-40.13,2,0.008033,-0.095978,0.106018,-19.49,https://portal.wildtrax.ca/home/aru-tasks/recording.html?taskId=450065,ELE-17-2_20220711_210400.wav,1242
BU,Elevation Gradients,1109,ELE-4-1,238244,,2022-07-11 21:53:00,397953,180s 1SPT,Transcribed,62km,5.70,24.90,15.30,,,0.00,,NORDEGG CS,1332.00m,62km,,,,,,,,,,,,,,,,-5.37,-38.14,2,0.023761,-0.821899,0.616486,-1.7,-8.23,-36.2,2,0.026807,-0.790314,0.600067,-2.04,https://portal.wildtrax.ca/home/aru-tasks/recording.html?taskId=373752,ELE-4-1_20220711_215300.wav,1242
BU,Elevation Gradients,1109,ELE-3-2,238252,,2022-07-11 22:53:00,397724,180s 1SPT,Transcribed,53km,5.70,24.90,15.30,,,0.00,,NORDEGG CS,1332.00m,53km,,,,,,,,,,,,,,,,-21.42,-33.75,2,0.020668,-0.185516,0.219208,-13.18,-9.6,-31.34,2,0.04435,-0.414124,0.566895,-4.93,https://portal.wildtrax.ca/home/aru-tasks/recording.html?taskId=373523,ELE-3-2_20220711_225300.wav,1247
BU,Elevation Gradients,1109,ELE-17-4,312529,,2022-07-12 03:18:00,487995,180s 1SPT,Transcribed,30km,11.00,32.50,21.80,0.00,0.00,0.00,0.00,GOLDEN AIRPORT,785.00m,30km,,,,,,,,,,,,,,,,-27.41,-44.01,2,0.004136,-0.062897,0.075623,-22.43,-21.24,-35.96,2,0.025494,-0.084351,0.170776,-15.35,https://portal.wildtrax.ca/home/aru-tasks/recording.html?taskId=450121,ELE-17-4_20220712_031800.wav,532
BU,Elevation Gradients,1109,ELE-4-2,238242,,2022-07-12 04:10:00,397941,180s 1SPT,Transcribed,"",,,,,,,,No daily weather within 165km,"","",,,,,,,,,,,,,,,,-17.08,-35.22,2,0.027819,-0.232544,0.304352,-10.33,-20.72,-34.91,2,0.028602,-0.111572,0.177246,-15.03,https://portal.wildtrax.ca/home/aru-tasks/recording.html?taskId=373740,ELE-4-2_0+1_20220712_041000.wav,1234
BU,Elevation Gradients,1109,ELE-4-4,238240,,2022-07-12 04:10:00,397632,180s 1SPT,Transcribed,"",,,,,,,,No daily weather within 165km,"","",,,,,,,,,,,,,,,,-10.29,-28.97,2,0.053749,-0.483032,0.755188,-2.44,-14.46,-34.18,2,0.031079,-0.387115,0.426025,-7.41,https://portal.wildtrax.ca/home/aru-tasks/recording.html?taskId=373431,ELE-4-4_0+1_20220712_041000.wav,1269
BU,Elevation Gradients,1109,ELE-6-1,238234,,2022-07-12 04:10:00,397874,180s 1SPT,Transcribed,"",,,,,,,,No daily weather within 165km,"","",,,,,,,,,,,,,,,,-24.03,-28.47,2,0.046893,0,0.092957,-20.63,-31.12,-38.52,2,0.017387,-0.007294,0.046021,-26.74,https://portal.wildtrax.ca/home/aru-tasks/recording.html?taskId=373673,ELE-6-1_0+1_20220712_041000.wav,1242
BU,Elevation Gradients,1109,ELE-17-2,312528,,2022-07-12 04:18:00,488239,180s 1SPT,Transcribed,30km,11.00,32.50,21.80,0.00,0.00,0.00,0.00,GOLDEN AIRPORT,785.00m,30km,,,,,,,,,,,,,,,,-26.25,-38.28,2,0.016829,-0.183716,0.178802,-14.72,-21.53,-39.34,2,0.008288,-0.136719,0.155304,-16.18,https://portal.wildtrax.ca/home/aru-tasks/recording.html?taskId=450365,ELE-17-2_20220712_041800.wav,1234
BU,Elevation Gradients,1109,ELE-5-3,238237,,2022-07-12 05:10:00,488096,180s 1SPT,Transcribed,"",,,,,,,,No daily weather within 165km,"","",,,,,,,,,,,,,,,,-5.15,-41.52,,0.016303,-0.828369,0.947021,-0.47,-4.03,-43.65,,-0.009919,-1,0.798218,0,https://portal.wildtrax.ca/home/aru-tasks/recording.html?taskId=450222,ELE-5-3_0+1_20220712_051000.wav,1224
BU,Elevation Gradients,1109,ELE-7-2,238231,,2022-07-12 07:10:00,397786,180s 1SPT,Transcribed,"",,,,,,,,No daily weather within 165km,"","",,,,,,,,,,,,,,,,-18.82,-41.48,2,0.013725,-0.18219,0.20517,-13.76,-7.2,-37.27,2,0.02509,-0.69458,0.505707,-3.17,https://portal.wildtrax.ca/home/aru-tasks/recording.html?taskId=373585,ELE-7-2_20220712_071000.wav,1242
BU,Elevation Gradients,1109,ELE-11-4,238259,,2022-07-12 08:10:00,487990,180s 1SPT,Transcribed,"",,,,,,,,No daily weather within 165km,"","",,,,,,,,,,,,,,,,-17.75,-29.5,2,0.044873,-0.160461,0.228149,-12.84,-18.79,-31.18,2,0.040411,-0.117004,0.212982,-13.43,https://portal.wildtrax.ca/home/aru-tasks/recording.html?taskId=450116,ELE-11-4_0+1_20220712_081000.wav,533
BU,Elevation Gradients,1109,ELE-4-3,238241,,2022-07-12 22:52:00,397602,180s 1SPT,Transcribed,"",,,,,,,,No daily weather within 165km,"","",,,,,,,,,,,,,,,,-6.19,-35.29,,0.004241,-0.831329,0.759583,-1.6,-1.07,-36.51,,0.004989,-1,0.999969,0,https://portal.wildtrax.ca/home/aru-tasks/recording.html?taskId=373401,ELE-4-3_20220712_225200.wav,533
BU,Elevation Gradients,1109,ELE-4-5,238285,,2022-07-12 22:52:00,397673,180s 1SPT,Transcribed,"",,,,,,,,No daily weather within 165km,"","",,,,,,,,,,,,,,,,-0.18,-31.14,,0.049178,-1,0.999969,0,-0.23,-36.66,,0.036563,-1,0.999969,0,https://portal.wildtrax.ca/home/aru-tasks/recording.html?taskId=373472,ELE-4-5_20220712_225200.wav,1269
BU,Elevation Gradients,1109,ELE-3-1,238249,,2022-07-13 04:11:00,397688,180s 1SPT,Bad Weather,"",,,,,,,,No daily weather within 165km,"","",,,,,,,,,,,,,,,,-21.12,-24.24,2,0.017128,-0.341583,0.359467,-8.89,-20.55,-26.64,2,0.04926,-0.131531,0.237549,-12.48,https://portal.wildtrax.ca/home/aru-tasks/recording.html?taskId=373487,ELE-3-1_0+1_20220713_041100.wav,660
BU,Elevation Gradients,1109,ELE-5-3,238237,,2022-07-13 04:11:00,487991,180s 1SPT,Transcribed,"",,,,,,,,No daily weather within 165km,"","",,,,,,,,,,,,,,,,-24.53,-42.44,2,0.016448,-0.033844,0.088379,-21.07,-32.58,-44.46,2,-0.009568,-0.064667,0.029419,-23.79,https://portal.wildtrax.ca/home/aru-tasks/recording.html?taskId=450117,ELE-5-3_0+1_20220713_041100.wav,1247
BU,Elevation Gradients,1109,ELE-17-3,312530,,2022-07-13 04:19:00,487913,180s 1SPT,Transcribed,30km,12.00,28.00,20.00,0.00,0.00,0.00,0.00,GOLDEN AIRPORT,785.00m,30km,,,,,,,,,,,,,,,,-0.21,-38.73,,0.015741,-1,0.999969,0,-1.72,-40.57,,0.010796,-1,0.999969,0,https://portal.wildtrax.ca/home/aru-tasks/recording.html?taskId=450039,ELE-17-3_20220713_041900.wav,1247
BU,Elevation Gradients,1109,ELE-14-6N,238254,,2022-07-13 05:11:00,488200,180s 1SPT,Bad Weather,14km,8.50,27.40,17.90,,,0.00,,BEAVER MINES,1257.00m,14km,,,,,,,,,,,,,,,,-0.07,-17.27,,0.042586,-1,0.999969,0,-0.03,-13.12,,0.026854,-1,0.999969,0,https://portal.wildtrax.ca/home/aru-tasks/recording.html?taskId=450326,ELE-14-6N_20220713_051100.wav,1269
BU,Elevation Gradients,1109,ELE-17-4,312529,,2022-07-13 06:19:00,487975,180s 1SPT,Transcribed,"",,,,,,,,No daily weather within 165km,"","",,,,,,,,,,,,,,,,-27.21,-42.36,2,0.004068,-0.095795,0.095642,-20.37,-22.12,-35.44,2,0.025597,-0.100647,0.142059,-16.95,https://portal.wildtrax.ca/home/aru-tasks/recording.html?taskId=450101,ELE-17-4_20220713_061900.wav,1242
BU,Elevation Gradients,1109,ELE-14-5,238286,,2022-07-13 07:11:00,488187,180s 1SPT,Transcribed,14km,8.50,27.40,17.90,,,0.00,,BEAVER MINES,1257.00m,14km,,,,,,,,,,,,,,,,-0.37,-33.03,,0.023554,-1,0.999969,0,-0.11,-32.66,,0.024868,-1,0.999969,0,https://portal.wildtrax.ca/home/aru-tasks/recording.html?taskId=450313,ELE-14-5_0+1_20220713_071100.wav,1269
BU,Elevation Gradients,1109,ELE-4-2,238242,,2022-07-13 07:11:00,397726,180s 1SPT,Transcribed,"",,,,,,,,No daily weather within 165km,"","",,,,,,,,,,,,,,,,-19.69,-37.33,2,0.027879,-0.144592,0.139221,-16.8,-18.87,-34.73,2,0.028919,-0.113068,0.183502,-14.73,https://portal.wildtrax.ca/home/aru-tasks/recording.html?taskId=373525,ELE-4-2_0+1_20220713_071100.wav,1242
BU,Elevation Gradients,1109,ELE-6-6,238290,,2022-07-13 22:51:00,397910,180s 1SPT,Bad Weather,"",,,,,,,,No daily weather within 165km,"","",,,,,,,,,,,,,,,,-0.11,-37.09,,0.032787,-1,0.999969,0,-0.05,-33.36,,0.039964,-1,0.999969,0,https://portal.wildtrax.ca/home/aru-tasks/recording.html?taskId=373709,ELE-6-6_20220713_225100.wav,532
BU,Elevation Gradients,1109,ELE-17-1,312531,,2022-07-14 03:21:00,488098,180s 1SPT,Transcribed,"",,,,,,,,No daily weather within 165km,"","",,,,,,,,,,,,,,,,-25.77,-35.43,2,0.025384,-0.048065,0.101257,-19.89,-28.19,-39.92,2,0.011632,-0.059875,0.081696,-21.76,https://portal.wildtrax.ca/home/aru-tasks/recording.html?taskId=450224,ELE-17-1_20220714_032100.wav,532
BU,Elevation Gradients,1109,ELE-6-4,238232,,2022-07-14 04:12:00,397837,180s 1SPT,Transcribed,"",,,,,,,,No daily weather within 165km,"","",,,,,,,,,,,,,,,,-1.59,-37.39,,0.023195,-1,0.999969,0,-0.52,-35.68,,0.029184,-1,0.999969,0,https://portal.wildtrax.ca/home/aru-tasks/recording.html?taskId=373636,ELE-6-4_20220714_041200.wav,660
BU,Elevation Gradients,1109,ELE-6-5,238229,,2022-07-14 04:12:00,397851,180s 1SPT,Transcribed,"",,,,,,,,No daily weather within 165km,"","",,,,,,,,,,,,,,,,-12.77,-35.76,2,0.03014,-0.348633,0.426422,-7.4,-16.09,-42.22,2,0.023629,-0.216858,0.241577,-12.34,https://portal.wildtrax.ca/home/aru-tasks/recording.html?taskId=373650,ELE-6-5_20220714_041200.wav,1224
BU,Elevation Gradients,1109,ELE-14-4,238257,,2022-07-14 05:42:00,488149,180s 1SPT,Transcribed,"",,,,,,,,No daily weather within 165km,"","",,,,,,,,,,,,,,,,-11.35,-34.41,2,0.032164,-0.438049,0.423737,-7.17,-6.43,-56.64,2,0.001641,-0.666901,0.928528,-0.64,https://portal.wildtrax.ca/home/aru-tasks/recording.html?taskId=450275,ELE-14-4_20220714_054200.wav,1269
BU,Elevation Gradients,1109,ELE-3-1,238249,,2022-07-14 07:12:00,397636,180s 1SPT,Bad Weather,"",,,,,,,,No daily weather within 165km,"","",,,,,,,,,,,,,,,,-18.18,-25.03,2,0.017226,-0.330627,0.351959,-9.07,-13.56,-27.53,2,0.049435,-0.32193,0.415649,-7.63,https://portal.wildtrax.ca/home/aru-tasks/recording.html?taskId=373435,ELE-3-1_0+1_20220714_071200.wav,1234
BU,Elevation Gradients,1109,ELE-14-2,238255,,2022-07-14 22:41:00,488262,180s 1SPT,Transcribed,"",,,,,,,,No daily weather within 165km,"","",,,,,,,,,,,,,,,,-7.23,-40.64,2,0.013117,-0.769989,0.770966,-2.26,-11.94,-39.74,2,0.015316,-0.323547,0.359558,-8.88,https://portal.wildtrax.ca/home/aru-tasks/recording.html?taskId=450388,ELE-14-2_20220714_224100.wav,1242
BU,Elevation Gradients,1109,ELE-11-3,238260,,2022-07-14 22:50:00,488013,180s 1SPT,Transcribed,"",,,,,,,,No daily weather within 165km,"","",,,,,,,,,,,,,,,,-26.45,-31.48,2,0.032324,-0.039093,0.095215,-20.43,-26.68,-27.98,2,0.039128,-0.063324,0.12973,-17.74,https://portal.wildtrax.ca/home/aru-tasks/recording.html?taskId=450139,ELE-11-3_0+1_20220714_225000.wav,1224
BU,Elevation Gradients,1109,ELE-14-3,312532,,2022-07-15 04:13:00,488169,180s 1SPT,Transcribed,"",,,,,,,,No daily weather within 165km,"","",,,,,,,,,,,,,,,,-13.83,-38.31,2,0.018799,-0.344421,0.358337,-8.91,-11.92,-41.47,2,0.012165,-0.532013,0.503052,-5.48,https://portal.wildtrax.ca/home/aru-tasks/recording.html?taskId=450295,ELE-14-3_0+1_20220715_041300.wav,532
BU,Elevation Gradients,1109,ELE-3-4,238245,,2022-07-15 04:13:00,397775,180s 1SPT,Transcribed,52km,5.10,29.20,17.10,,,0.00,,NORDEGG CS,1332.00m,52km,,,,,,,,,,,,,,,,-24.45,-42.74,2,0.010501,-0.076385,0.096039,-20.35,-11.53,-42.5,2,0.009773,-0.489349,0.25235,-6.21,https://portal.wildtrax.ca/home/aru-tasks/recording.html?taskId=373574,ELE-3-4_20220715_041300.wav,1242
BU,Elevation Gradients,1109,ELE-3-5,238248,,2022-07-15 04:13:00,397824,180s 1SPT,Transcribed,"",,,,,,,,No daily weather within 165km,"","",,,,,,,,,,,,,,,,-26.48,-38.43,2,0.015694,-0.068024,0.084351,-21.48,-11.43,-31.27,2,0.039686,-0.578003,0.445312,-4.76,https://portal.wildtrax.ca/home/aru-tasks/recording.html?taskId=373623,ELE-3-5_0+1_20220715_041300.wav,533
BU,Elevation Gradients,1109,ELE-4-1,238244,,2022-07-15 04:13:00,397696,180s 1SPT,Transcribed,62km,5.10,29.20,17.10,,,0.00,,NORDEGG CS,1332.00m,62km,,,,,,,,,,,,,,,,-26.1,-36.44,2,0.023938,-0.036621,0.080536,-21.88,-24.85,-34.19,2,0.027063,-0.043701,0.107483,-19.37,https://portal.wildtrax.ca/home/aru-tasks/recording.html?taskId=373495,ELE-4-1_20220715_041300.wav,1269
BU,Elevation Gradients,1109,ELE-6-1,238234,,2022-07-15 04:13:00,397950,180s 1SPT,Transcribed,"",,,,,,,,No daily weather within 165km,"","",,,,,,,,,,,,,,,,-25.78,-27.13,2,0.047097,0,0.069,-23.22,-33.41,-36.86,2,0.017611,-0.004395,0.040558,-27.84,https://portal.wildtrax.ca/home/aru-tasks/recording.html?taskId=373749,ELE-6-1_0+1_20220715_041300.wav,1247
BU,Elevation Gradients,1109,ELE-5-5,238236,,2022-07-15 05:43:00,488148,180s 1SPT,Transcribed,"",,,,,,,,No daily weather within 165km,"","",,,,,,,,,,,,,,,,-19.46,-31.25,2,0.044633,-0.11142,0.181122,-14.84,-20.39,-33.58,2,0.037709,-0.080658,0.146332,-16.69,https://portal.wildtrax.ca/home/aru-tasks/recording.html?taskId=450274,ELE-5-5_0+1_20220715_054300.wav,532
BU,Elevation Gradients,1109,ELE-11-4,238259,,2022-07-15 06:13:00,488261,180s 1SPT,Transcribed,"",,,,,,,,No daily weather within 165km,"","",,,,,,,,,,,,,,,,-12.25,-30.27,2,0.044947,-0.358337,0.493622,-6.13,-13.98,-31.63,2,0.040567,-0.331299,0.349091,-9.14,https://portal.wildtrax.ca/home/aru-tasks/recording.html?taskId=450387,ELE-11-4_0+1_20220715_061300.wav,1242
BU,Elevation Gradients,1109,ELE-3-4,238245,,2022-07-15 07:13:00,397888,180s 1SPT,Transcribed,52km,5.10,29.20,17.10,,,0.00,,NORDEGG CS,1332.00m,52km,,,,,,,,,,,,,,,,-29.2,-42.94,3,0.010437,-0.053375,0.063721,-23.91,-17.89,-42.22,3,0.00993,-0.18573,0.268677,-11.42,https://portal.wildtrax.ca/home/aru-tasks/recording.html?taskId=373687,ELE-3-4_20220715_071300.wav,1247
BU,Elevation Gradients,1109,ELE-5-7,238289,,2022-07-15 08:13:00,487999,180s 1SPT,Transcribed,"",,,,,,,,No daily weather within 165km,"","",,,,,,,,,,,,,,,,-10.18,-30.99,,0.039721,-0.599457,0.631989,-3.99,-1.68,-36.91,,0.026638,-1,0.999969,0,https://portal.wildtrax.ca/home/aru-tasks/recording.html?taskId=450125,ELE-5-7_0+1_20220715_081300.wav,1242
BU,Elevation Gradients,1109,ELE-11-6N,238261,,2022-07-15 21:49:00,487892,180s 1SPT,Transcribed,"",,,,,,,,No daily weather within 165km,"","",,,,,,,,,,,,,,,,-9.95,-36.93,2,0.020344,-0.723572,0.446045,-2.81,-11.53,-34.08,2,0.032963,-0.59491,0.408203,-4.51,https://portal.wildtrax.ca/home/aru-tasks/recording.html?taskId=450018,ELE-11-6N_20220715_214900.wav,1242
BU,Elevation Gradients,1109,ELE-4-2,238242,,2022-07-15 21:49:00,397825,180s 1SPT,Transcribed,"",,,,,,,,No daily weather within 165km,"","",,,,,,,,,,,,,,,,-16.32,-34.42,2,0.027632,-0.241058,0.254028,-11.9,-18.33,-35.07,2,0.02832,-0.25,0.164825,-12.04,https://portal.wildtrax.ca/home/aru-tasks/recording.html?taskId=373624,ELE-4-2_0+1_20220715_214900.wav,533
BU,Elevation Gradients,1109,ELE-11-4,238259,,2022-07-15 22:49:00,488137,180s 1SPT,Transcribed,"",,,,,,,,No daily weather within 165km,"","",,,,,,,,,,,,,,,,-19.15,-30.81,2,0.044935,-0.140686,0.186951,-14.57,-17.09,-31.73,2,0.040484,-0.183044,0.236725,-12.52,https://portal.wildtrax.ca/home/aru-tasks/recording.html?taskId=450263,ELE-11-4_0+1_20220715_224900.wav,533
BU,Elevation Gradients,1109,ELE-17-5,312527,,2022-07-16 03:23:00,488263,180s 1SPT,Transcribed,"",,,,,,,,No daily weather within 165km,"","",,,,,,,,,,,,,,,,-20.87,-33.51,2,0.02983,-0.140625,0.185699,-14.62,-18.16,-30.94,3,0.038363,-0.224731,0.235107,-12.57,https://portal.wildtrax.ca/home/aru-tasks/recording.html?taskId=450389,ELE-17-5_20220716_032300.wav,1234
BU,Elevation Gradients,1109,ELE-6-3,238233,,2022-07-16 04:11:00,397882,180s 1SPT,Transcribed,"",,,,,,,,No daily weather within 165km,"","",,,,,,,,,,,,,,,,-18.94,-31.81,2,0.040167,-0.077454,0.184631,-14.67,-24.02,-29.66,2,0.046243,-0.015381,0.095917,-20.36,https://portal.wildtrax.ca/home/aru-tasks/recording.html?taskId=373681,ELE-6-3_0+1_20220716_041100.wav,1269
BU,Elevation Gradients,1109,ELE-3-6,238246,,2022-07-16 04:14:00,397606,180s 1SPT,Transcribed,"",,,,,,,,No daily weather within 165km,"","",,,,,,,,,,,,,,,,-0.33,-39.95,,0.031792,-1,0.999969,0,-0.08,-38.96,,0.047148,-1,0.999969,0,https://portal.wildtrax.ca/home/aru-tasks/recording.html?taskId=373405,ELE-3-6_20220716_041400.wav,1224
BU,Elevation Gradients,1109,ELE-6-1,238234,,2022-07-16 04:14:00,397731,180s 1SPT,Transcribed,32km,8.80,27.10,17.90,,,0.30,,NORDEGG CS,1332.00m,32km,,,,,,,,,,,,,,,,-24.3,-28.42,2,0.046991,0,0.083282,-21.59,-33.19,-36.6,2,0.017668,0,0.036682,-28.71,https://portal.wildtrax.ca/home/aru-tasks/recording.html?taskId=373530,ELE-6-1_0+1_20220716_041400.wav,1234
BU,Elevation Gradients,1109,ELE-6-2,238235,,2022-07-16 04:14:00,397613,180s 1SPT,Transcribed,"",,,,,,,,No daily weather within 165km,"","",,,,,,,,,,,,,,,,-25.54,-27.72,2,0.046258,0,0.071838,-22.87,-26.47,-29.6,2,0.039381,0,0.065002,-23.74,https://portal.wildtrax.ca/home/aru-tasks/recording.html?taskId=373412,ELE-6-2_0+1_20220716_041400.wav,1224
BU,Elevation Gradients,1109,ELE-7-5,238227,,2022-07-16 04:15:00,397913,180s 1SPT,Transcribed,"",,,,,,,,No daily weather within 165km,"","",,,,,,,,,,,,,,,,-7.61,-44.12,,-0.003369,-0.637787,0.726318,-2.78,-1.25,-36.16,,0.026837,-1,0.999969,0,https://portal.wildtrax.ca/home/aru-tasks/recording.html?taskId=373712,ELE-7-5_0+1_20220716_041500.wav,1269
BU,Elevation Gradients,1109,ELE-4-2,238242,,2022-07-16 07:14:00,397600,180s 1SPT,Transcribed,"",,,,,,,,No daily weather within 165km,"","",,,,,,,,,,,,,,,,-3.36,-35.2,,0.027818,-1,0.916504,0,-10.48,-34.78,,0.028638,-0.495178,0.494415,-6.1,https://portal.wildtrax.ca/home/aru-tasks/recording.html?taskId=373399,ELE-4-2_0+1_20220716_071400.wav,1224
BU,Elevation Gradients,1109,ELE-15-3,238256,,2022-07-16 08:14:00,487963,180s 1SPT,Transcribed,"",,,,,,,,No daily weather within 165km,"","",,,,,,,,,,,,,,,,-20.33,-35.66,2,0.028132,-0.084625,0.17514,-15.13,-27.41,-50.39,2,0.004464,-0.064575,0.070618,-23.02,https://portal.wildtrax.ca/home/aru-tasks/recording.html?taskId=450089,ELE-15-3_0+1_20220716_081400.wav,1224
BU,Elevation Gradients,1109,ELE-3-1,238249,,2022-07-16 20:48:00,397749,180s 1SPT,Transcribed,"",,,,,,,,No daily weather within 165km,"","",,,,,,,,,,,,,,,,-21.65,-25.82,2,0.016541,-0.265961,0.315735,-10.01,-16.16,-26.8,2,0.049114,-0.262756,0.318481,-9.94,https://portal.wildtrax.ca/home/aru-tasks/recording.html?taskId=373548,ELE-3-1_0+1_20220716_204800.wav,1269
BU,Elevation Gradients,1109,ELE-4-1,238244,,2022-07-16 20:48:00,397819,180s 1SPT,Transcribed,62km,8.80,27.10,17.90,,,0.30,,NORDEGG CS,1332.00m,62km,,,,,,,,,,,,,,,,-21.17,-36.2,2,0.023796,-0.0896,0.146484,-16.68,-21.69,-34.81,2,0.026875,-0.14209,0.198975,-14.02,https://portal.wildtrax.ca/home/aru-tasks/recording.html?taskId=373618,ELE-4-1_20220716_204800.wav,1224
BU,Elevation Gradients,1109,ELE-17-4,312529,,2022-07-16 20:59:00,487881,180s 1SPT,Transcribed,"",,,,,,,,No daily weather within 165km,"","",,,,,,,,,,,,,,,,-20.9,-44.68,2,0.004062,-0.19928,0.180176,-14.01,-19.75,-35.8,2,0.025412,-0.143829,0.177948,-14.99,https://portal.wildtrax.ca/home/aru-tasks/recording.html?taskId=450007,ELE-17-4_20220716_205900.wav,533
BU,Elevation Gradients,1109,ELE-17-5,312527,,2022-07-16 20:59:00,487898,180s 1SPT,Transcribed,"",,,,,,,,No daily weather within 165km,"","",,,,,,,,,,,,,,,,-25.5,-36.06,2,0.029912,-0.014709,0.081573,-21.77,-20.35,-32.28,2,0.038479,-0.086243,0.161743,-15.82,https://portal.wildtrax.ca/home/aru-tasks/recording.html?taskId=450024,ELE-17-5_20220716_205900.wav,1242
BU,Elevation Gradients,1109,ELE-7-3,238228,,2022-07-16 22:58:00,397894,180s 1SPT,Transcribed,"",,,,,,,,No daily weather within 165km,"","",,,,,,,,,,,,,,,,-1.11,-38.21,,0.013726,-1,0.999969,0,-1.44,-35.78,,0.024501,-1,0.999969,0,https://portal.wildtrax.ca/home/aru-tasks/recording.html?taskId=373693,ELE-7-3_0+1_20220716_225800.wav,1234
BU,Elevation Gradients,1109,ELE-7-5,238227,,2022-07-16 22:58:00,397671,180s 1SPT,Transcribed,"",,,,,,,,No daily weather within 165km,"","",,,,,,,,,,,,,,,,-2.98,-37.13,,-0.003475,-1,0.765717,0,-1.84,-32.49,,0.026761,-1,0.999969,0,https://portal.wildtrax.ca/home/aru-tasks/recording.html?taskId=373470,ELE-7-5_0+1_20220716_225800.wav,1234
BU,Elevation Gradients,1109,ELE-4-3,238241,,2022-07-17 04:15:00,397659,180s 1SPT,Transcribed,"",,,,,,,,No daily weather within 165km,"","",,,,,,,,,,,,,,,,-2.8,-42.44,,0.004224,-1,0.999969,0,-3.07,-42.63,,0.005229,-1,0.999969,0,https://portal.wildtrax.ca/home/aru-tasks/recording.html?taskId=373458,ELE-4-3_20220717_041500.wav,533
BU,Elevation Gradients,1109,ELE-7-5,238227,,2022-07-17 04:16:00,397607,180s 1SPT,Transcribed,"",,,,,,,,No daily weather within 165km,"","",,,,,,,,,,,,,,,,-1.06,-39.28,,-0.003856,-1,0.999969,0,-1.6,-32.84,,0.026384,-1,0.999969,0,https://portal.wildtrax.ca/home/aru-tasks/recording.html?taskId=373406,ELE-7-5_0+1_20220717_041600.wav,1224
BU,Elevation Gradients,1109,ELE-3-1,238249,,2022-07-17 20:47:00,397767,180s 1SPT,Transcribed,"",,,,,,,,No daily weather within 165km,"","",,,,,,,,,,,,,,,,-21.77,-24.97,2,0.017031,-0.310669,0.342163,-9.32,-24.52,-25.58,2,0.049144,-0.085358,0.178314,-14.98,https://portal.wildtrax.ca/home/aru-tasks/recording.html?taskId=373566,ELE-3-1_0+1_20220717_204700.wav,533
BU,Elevation Gradients,1109,ELE-6-7,238291,,2022-07-17 22:47:00,397861,180s 1SPT,Transcribed,"",,,,,,,,No daily weather within 165km,"","",,,,,,,,,,,,,,,,-18.28,-38.77,2,0.02207,-0.160858,0.244843,-12.22,-15.08,-50.97,2,0.003122,-0.304718,0.269806,-10.32,https://portal.wildtrax.ca/home/aru-tasks/recording.html?taskId=373660,ELE-6-7_20220717_224700.wav,1247
BU,Elevation Gradients,1109,ELE-6-3,238233,,2022-07-17 22:55:00,397637,180s 1SPT,Transcribed,"",,,,,,,,No daily weather within 165km,"","",,,,,,,,,,,,,,,,-27.5,-28.08,2,0.04025,0,0.075775,-22.41,-23.77,-29.62,2,0.046173,0,0.088165,-21.09,https://portal.wildtrax.ca/home/aru-tasks/recording.html?taskId=373436,ELE-6-3_0+1_20220717_225500.wav,1242
BU,Elevation Gradients,1109,ELE-4-1,238244,,2022-07-18 04:17:00,397737,180s 1SPT,Transcribed,62km,6.00,25.70,15.90,,,0.00,,NORDEGG CS,1332.00m,62km,,,,,,,,,,,,,,,,-30.95,-33.67,2,0.023944,-0.006195,0.05481,-25.22,-29.98,-32.35,2,0.027181,-0.008698,0.062561,-24.07,https://portal.wildtrax.ca/home/aru-tasks/recording.html?taskId=373536,ELE-4-1_20220718_041700.wav,532
BU,Elevation Gradients,1109,ELE-4-5,238285,,2022-07-18 04:17:00,397697,180s 1SPT,Transcribed,"",,,,,,,,No daily weather within 165km,"","",,,,,,,,,,,,,,,,-16.94,-30.75,3,0.04663,-0.135834,0.252014,-11.97,-21.06,-37.65,2,0.029587,-0.098053,0.136414,-17.3,https://portal.wildtrax.ca/home/aru-tasks/recording.html?taskId=373496,ELE-4-5_20220718_041700.wav,1247
BU,Elevation Gradients,1109,ELE-7-2,238231,,2022-07-18 04:18:00,397755,180s 1SPT,Transcribed,"",,,,,,,,No daily weather within 165km,"","",,,,,,,,,,,,,,,,-35.11,-39.03,2,0.013471,-0.064117,0.098969,-20.09,-30.88,-33.21,2,0.024986,0.007446,0.042053,-27.52,https://portal.wildtrax.ca/home/aru-tasks/recording.html?taskId=373554,ELE-7-2_20220718_041800.wav,1269
BU,Elevation Gradients,1109,ELE-17-5,312527,,2022-07-18 04:25:00,488171,180s 1SPT,Transcribed,"",,,,,,,,No daily weather within 165km,"","",,,,,,,,,,,,,,,,-22.48,-32.64,2,0.02981,-0.135986,0.20694,-13.68,-20.42,-30.9,2,0.038442,-0.320923,0.391815,-8.14,https://portal.wildtrax.ca/home/aru-tasks/recording.html?taskId=450297,ELE-17-5_20220718_042500.wav,1269
BU,Elevation Gradients,1109,ELE-5-1,238243,,2022-07-18 07:14:00,488058,180s 1SPT,Transcribed,"",,,,,,,,No daily weather within 165km,"","",,,,,,,,,,,,,,,,-29.3,-31.65,2,0.029558,0,0.049957,-26.03,-28.98,-36.77,2,0.021954,-0.013397,0.055084,-25.18,https://portal.wildtrax.ca/home/aru-tasks/recording.html?taskId=450184,ELE-5-1_0+1_20220718_071400.wav,1242
BU,Elevation Gradients,1109,ELE-7-5,238227,,2022-07-18 07:17:00,397711,180s 1SPT,Transcribed,"",,,,,,,,No daily weather within 165km,"","",,,,,,,,,,,,,,,,-33.2,-46.25,2,-0.003227,-0.090515,0.097961,-20.18,-25.92,-32.6,2,0.027033,-0.151978,0.198853,-14.03,https://portal.wildtrax.ca/home/aru-tasks/recording.html?taskId=373510,ELE-7-5_0+1_20220718_071700.wav,1234
BU,Elevation Gradients,1109,ELE-15-3,238256,,2022-07-18 20:46:00,488176,180s 1SPT,Transcribed,14km,10.60,17.20,13.90,,,,,PEKISKO,1415.00m,14km,,,,,,,,,,,,,,,,-25.7,-34.38,2,0.02818,-0.076569,0.129181,-17.78,-26.35,-49.54,2,0.00449,-0.107727,0.109894,-19.18,https://portal.wildtrax.ca/home/aru-tasks/recording.html?taskId=450302,ELE-15-3_0+1_20220718_204600.wav,1269
BU,Elevation Gradients,1109,ELE-5-7,238289,,2022-07-18 20:46:00,488009,180s 1SPT,Transcribed,"",,,,,,,,No daily weather within 165km,"","",,,,,,,,,,,,,,,,-18.18,-32.26,2,0.039748,-0.168854,0.217346,-13.26,-12.55,-36.48,2,0.026678,-0.362915,0.400421,-7.95,https://portal.wildtrax.ca/home/aru-tasks/recording.html?taskId=450135,ELE-5-7_0+1_20220718_204600.wav,532
BU,Elevation Gradients,1109,ELE-17-3,312530,,2022-07-19 03:27:00,488145,180s 1SPT,Transcribed,"",,,,,,,,No daily weather within 165km,"","",,,,,,,,,,,,,,,,-27.4,-41.47,2,0.015828,-0.048035,0.069214,-23.2,-27.22,-43.78,2,0.010862,-0.054199,0.07547,-22.44,https://portal.wildtrax.ca/home/aru-tasks/recording.html?taskId=450271,ELE-17-3_20220719_032700.wav,1269
BU,Elevation Gradients,1109,ELE-11-3,238260,,2022-07-19 04:18:00,488267,180s 1SPT,Transcribed,21km,13.60,25.40,19.50,,,0.00,,BEAVER MINES,1257.00m,21km,,,,,,,,,,,,,,,,-29.4,-29.75,2,0.032445,-0.00354,0.068604,-23.27,-27.75,-28.17,2,0.03919,-0.003082,0.07843,-22.11,https://portal.wildtrax.ca/home/aru-tasks/recording.html?taskId=450393,ELE-11-3_0+1_20220719_041800.wav,1247
BU,Elevation Gradients,1109,ELE-3-2,238252,,2022-07-19 04:18:00,397777,180s 1SPT,Transcribed,53km,12.00,24.90,18.50,,,0.00,,NORDEGG CS,1332.00m,53km,,,,,,,,,,,,,,,,-13.04,-38.93,2,0.020693,-0.302124,0.387207,-8.24,-5.36,-33.49,261,0.044547,-1,0.898315,0,https://portal.wildtrax.ca/home/aru-tasks/recording.html?taskId=373576,ELE-3-2_20220719_041800.wav,1247
BU,Elevation Gradients,1109,ELE-6-4,238232,,2022-07-19 04:18:00,397764,180s 1SPT,Transcribed,"",,,,,,,,No daily weather within 165km,"","",,,,,,,,,,,,,,,,-16,-37.85,2,0.023086,-0.393829,0.277374,-8.09,-17.91,-35.72,2,0.028433,-0.182922,0.270599,-11.35,https://portal.wildtrax.ca/home/aru-tasks/recording.html?taskId=373563,ELE-6-4_20220719_041800.wav,1242
BU,Elevation Gradients,1109,ELE-7-3,238228,,2022-07-19 04:19:00,397807,180s 1SPT,Bad Weather,"",,,,,,,,No daily weather within 165km,"","",,,,,,,,,,,,,,,,-0.71,-36.06,,0.014197,-1,0.999969,0,-0.44,-35.3,,0.026416,-1,0.999969,0,https://portal.wildtrax.ca/home/aru-tasks/recording.html?taskId=373606,ELE-7-3_0+1_20220719_041900.wav,532
BU,Elevation Gradients,1109,ELE-7-4,238225,,2022-07-19 04:19:00,397844,180s 1SPT,Transcribed,"",,,,,,,,No daily weather within 165km,"","",,,,,,,,,,,,,,,,-3.89,-35.51,,0.000283,-1,0.584442,0,-3.79,-34.86,,0.005765,-1,0.999969,0,https://portal.wildtrax.ca/home/aru-tasks/recording.html?taskId=373643,ELE-7-4_20220719_041900.wav,1234
BU,Elevation Gradients,1109,ELE-14-3,312532,,2022-07-19 05:48:00,488001,180s 1SPT,Transcribed,15km,13.60,25.40,19.50,,,0.00,,BEAVER MINES,1257.00m,15km,,,,,,,,,,,,,,,,-7.71,-39.12,2,0.019366,-0.737762,0.529327,-2.64,-4.75,-40.3,2,0.012306,-0.80722,0.992828,-0.06,https://portal.wildtrax.ca/home/aru-tasks/recording.html?taskId=450127,ELE-14-3_0+1_20220719_054800.wav,533
BU,Elevation Gradients,1109,ELE-6-6,238290,,2022-07-19 07:18:00,397668,180s 1SPT,Transcribed,"",,,,,,,,No daily weather within 165km,"","",,,,,,,,,,,,,,,,-0.56,-40.82,,0.025606,-1,0.999969,0,-0.29,-37.04,,0.034644,-1,0.999969,0,https://portal.wildtrax.ca/home/aru-tasks/recording.html?taskId=373467,ELE-6-6_20220719_071800.wav,1242
BU,Elevation Gradients,1109,ELE-7-2,238231,,2022-07-19 07:19:00,397887,180s 1SPT,Transcribed,"",,,,,,,,No daily weather within 165km,"","",,,,,,,,,,,,,,,,-3.85,-40.7,645,0.013705,-0.94165,0.999969,0,-10.95,-37.91,2,0.025003,-0.309906,0.488312,-6.23,https://portal.wildtrax.ca/home/aru-tasks/recording.html?taskId=373686,ELE-7-2_20220719_071900.wav,1269
BU,Elevation Gradients,1109,ELE-4-3,238241,,2022-07-19 20:45:00,397684,180s 1SPT,Bad Weather,"",,,,,,,,No daily weather within 165km,"","",,,,,,,,,,,,,,,,-0.13,-20.83,,0.027405,-1,0.999969,0,-0.06,-17.2,,0.040156,-1,0.999969,0,https://portal.wildtrax.ca/home/aru-tasks/recording.html?taskId=373483,ELE-4-3_20220719_204500.wav,532
BU,Elevation Gradients,1109,ELE-6-4,238232,,2022-07-19 20:45:00,397725,180s 1SPT,Transcribed,"",,,,,,,,No daily weather within 165km,"","",,,,,,,,,,,,,,,,-29.17,-35.95,2,0.022805,-0.023987,0.071503,-22.91,-28.44,-32.94,2,0.028209,-0.00351,0.058136,-24.71,https://portal.wildtrax.ca/home/aru-tasks/recording.html?taskId=373524,ELE-6-4_20220719_204500.wav,532
BU,Elevation Gradients,1109,ELE-6-5,238229,,2022-07-20 07:19:00,397784,180s 1SPT,Transcribed,33km,2.50,25.80,14.20,,,0.00,,NORDEGG CS,1332.00m,33km,,,,,,,,,,,,,,,,-13.06,-33.66,2,0.030159,-0.273529,0.45697,-6.8,-16.11,-36.24,2,0.023685,-0.245819,0.31076,-10.15,https://portal.wildtrax.ca/home/aru-tasks/recording.html?taskId=373583,ELE-6-5_20220720_071900.wav,533
BU,Elevation Gradients,1109,ELE-7-4,238225,,2022-07-20 07:20:00,397640,180s 1SPT,Transcribed,"",,,,,,,,No daily weather within 165km,"","",,,,,,,,,,,,,,,,-35.25,-50.29,3,0.000304,-0.044891,0.033508,-26.96,-35.11,-46.57,3,0.005892,-0.029968,0.035339,-29.03,https://portal.wildtrax.ca/home/aru-tasks/recording.html?taskId=373439,ELE-7-4_20220720_072000.wav,1234
BU,Elevation Gradients,1109,ELE-7-5,238227,,2022-07-20 07:20:00,397890,180s 1SPT,Transcribed,"",,,,,,,,No daily weather within 165km,"","",,,,,,,,,,,,,,,,-30.95,-46,2,-0.003214,-0.080627,0.07486,-21.87,-26.11,-34.81,2,0.027067,-0.036621,0.091187,-20.8,https://portal.wildtrax.ca/home/aru-tasks/recording.html?taskId=373689,ELE-7-5_0+1_20220720_072000.wav,1269
BU,Elevation Gradients,1109,ELE-15-4,238253,,2022-07-20 20:43:00,488204,180s 1SPT,Transcribed,"",,,,,,,,No daily weather within 165km,"","",,,,,,,,,,,,,,,,-27.9,-36.56,2,0.021082,-0.027527,0.061676,-24.2,-26.11,-30.96,2,0.034423,-0.013214,0.075806,-22.41,https://portal.wildtrax.ca/home/aru-tasks/recording.html?taskId=450330,ELE-15-4_0+1_20220720_204300.wav,1269
BU,Elevation Gradients,1109,ELE-17-2,312528,,2022-07-20 20:55:00,488031,180s 1SPT,Transcribed,30km,13.50,29.00,21.30,0.00,0.00,0.00,0.00,GOLDEN AIRPORT,785.00m,30km,,,,,,,,,,,,,,,,-28.21,-38.82,2,0.016502,-0.057434,0.09314,-20.62,-27.58,-42.11,3,0.008016,-0.093628,0.103912,-19.67,https://portal.wildtrax.ca/home/aru-tasks/recording.html?taskId=450157,ELE-17-2_20220720_205500.wav,1269
BU,Elevation Gradients,1109,ELE-17-4,312529,,2022-07-21 03:59:00,488231,180s 1SPT,Transcribed,30km,11.50,31.50,21.50,0.00,0.00,0.00,0.00,GOLDEN AIRPORT,785.00m,30km,,,,,,,,,,,,,,,,-31.72,-43.92,2,0.004051,-0.055328,0.066162,-23.59,-25.76,-35.16,2,0.025609,-0.052643,0.110931,-19.1,https://portal.wildtrax.ca/home/aru-tasks/recording.html?taskId=450357,ELE-17-4_20220721_035900.wav,1269
BU,Elevation Gradients,1109,ELE-15-1,312533,,2022-07-21 04:20:00,488094,180s 1SPT,Transcribed,14km,5.90,28.90,17.40,,,,,PEKISKO,1415.00m,14km,,,,,,,,,,,,,,,,-34.97,-39.13,2,0.013226,-0.007904,0.036072,-28.86,-35.19,-39.17,2,0.011206,-0.02832,0.060272,-24.4,https://portal.wildtrax.ca/home/aru-tasks/recording.html?taskId=450220,ELE-15-1_0+1_20220721_042000.wav,1269
BU,Elevation Gradients,1109,ELE-3-2,238252,,2022-07-21 04:20:00,397833,180s 1SPT,Transcribed,53km,3.70,27.70,15.70,,,0.00,,NORDEGG CS,1332.00m,53km,,,,,,,,,,,,,,,,-22.89,-40.45,2,0.020796,-0.037231,0.1026,-19.78,-17.99,-32.27,2,0.044584,-0.226501,0.197021,-12.9,https://portal.wildtrax.ca/home/aru-tasks/recording.html?taskId=373632,ELE-3-2_20220721_042000.wav,1247
BU,Elevation Gradients,1109,ELE-7-1,238230,,2022-07-21 04:22:00,397629,180s 1SPT,Transcribed,"",,,,,,,,No daily weather within 165km,"","",,,,,,,,,,,,,,,,-27.89,-38.45,2,0.016373,-0.05957,0.080353,-21.9,-28.65,-39.49,2,0.015805,-0.040375,0.067932,-23.36,https://portal.wildtrax.ca/home/aru-tasks/recording.html?taskId=373428,ELE-7-1_0+1_20220721_042200.wav,1234
BU,Elevation Gradients,1109,ELE-7-2,238231,,2022-07-21 04:22:00,397948,180s 1SPT,Transcribed,58km,3.70,27.70,15.70,,,0.00,,NORDEGG CS,1332.00m,58km,,,,,,,,,,,,,,,,-16.37,-41.49,2,0.01377,-0.204742,0.241882,-12.33,-19.09,-39.21,2,0.02504,-0.170502,0.178253,-14.98,https://portal.wildtrax.ca/home/aru-tasks/recording.html?taskId=373747,ELE-7-2_20220721_042200.wav,1234
BU,Elevation Gradients,1109,ELE-5-3,238237,,2022-07-21 07:20:00,488208,180s 1SPT,Transcribed,19km,3.70,27.70,15.70,,,0.00,,NORDEGG CS,1332.00m,19km,,,,,,,,,,,,,,,,-17.29,-44.14,2,0.01636,-0.216064,0.150757,-13.31,-26.33,-45,2,-0.00978,-0.085754,0.069031,-21.33,https://portal.wildtrax.ca/home/aru-tasks/recording.html?taskId=450334,ELE-5-3_0+1_20220721_072000.wav,1269
BU,Elevation Gradients,1109,ELE-4-3,238241,,2022-07-21 20:42:00,397745,180s 1SPT,Transcribed,"",,,,,,,,No daily weather within 165km,"","",,,,,,,,,,,,,,,,-0.15,-34.14,,0.007306,-1,0.999969,0,-0.12,-30.32,,0.014328,-1,0.999969,0,https://portal.wildtrax.ca/home/aru-tasks/recording.html?taskId=373544,ELE-4-3_20220721_204200.wav,1224
BU,Elevation Gradients,1109,ELE-15-3,238256,,2022-07-21 22:42:00,487925,180s 1SPT,Transcribed,14km,5.90,28.90,17.40,,,,,PEKISKO,1415.00m,14km,,,,,,,,,,,,,,,,-29.1,-31.83,2,0.027822,-0.016815,0.081787,-21.75,-37.31,-50.7,2,0.004385,-0.031372,0.056152,-25.01,https://portal.wildtrax.ca/home/aru-tasks/recording.html?taskId=450051,ELE-15-3_0+1_20220721_224200.wav,1269
BU,Elevation Gradients,1109,ELE-17-1,312531,,2022-07-22 03:31:00,488160,180s 1SPT,Transcribed,"",,,,,,,,No daily weather within 165km,"","",,,,,,,,,,,,,,,,-24.78,-34.72,2,0.025173,-0.066284,0.112854,-18.95,-26.85,-39.72,3,0.011484,-0.072418,0.096802,-20.28,https://portal.wildtrax.ca/home/aru-tasks/recording.html?taskId=450286,ELE-17-1_20220722_033100.wav,532
BU,Elevation Gradients,1109,ELE-4-2,238242,,2022-07-22 04:22:00,397660,180s 1SPT,Transcribed,"",,,,,,,,No daily weather within 165km,"","",,,,,,,,,,,,,,,,-23.55,-36.97,2,0.027916,-0.035858,0.104858,-19.59,-27.19,-33.53,2,0.028649,-0.022186,0.078674,-22.08,https://portal.wildtrax.ca/home/aru-tasks/recording.html?taskId=373459,ELE-4-2_0+1_20220722_042200.wav,660
BU,Elevation Gradients,1109,ELE-6-5,238229,,2022-07-22 04:22:00,397835,180s 1SPT,Transcribed,33km,6.20,21.50,13.90,,,0.00,,NORDEGG CS,1332.00m,33km,,,,,,,,,,,,,,,,-11.7,-34.48,2,0.030137,-0.440033,0.476288,-6.44,-11.39,-36.15,2,0.02382,-0.453644,0.650543,-3.73,https://portal.wildtrax.ca/home/aru-tasks/recording.html?taskId=373634,ELE-6-5_20220722_042200.wav,1224
BU,Elevation Gradients,1109,ELE-6-6,238290,,2022-07-22 04:22:00,397821,180s 1SPT,Transcribed,"",,,,,,,,No daily weather within 165km,"","",,,,,,,,,,,,,,,,-27.06,-36.06,2,0.02527,-0.03479,0.065002,-23.74,-23.66,-34.19,2,0.032654,-0.050232,0.109192,-19.24,https://portal.wildtrax.ca/home/aru-tasks/recording.html?taskId=373620,ELE-6-6_20220722_042200.wav,1234
BU,Elevation Gradients,1109,ELE-14-5,238286,,2022-07-22 05:22:00,488114,180s 1SPT,Transcribed,"",,,,,,,,No daily weather within 165km,"","",,,,,,,,,,,,,,,,-24.78,-39.37,3,0.021935,-0.060211,0.099426,-20.05,-15.42,-37.82,2,0.021301,-0.238861,0.247864,-12.12,https://portal.wildtrax.ca/home/aru-tasks/recording.html?taskId=450240,ELE-14-5_0+1_20220722_052200.wav,1269
BU,Elevation Gradients,1109,ELE-5-5,238236,,2022-07-22 06:22:00,488246,180s 1SPT,Transcribed,19km,6.20,21.50,13.90,,,0.00,,NORDEGG CS,1332.00m,19km,,,,,,,,,,,,,,,,-25.07,-28.91,2,0.044636,0,0.079681,-21.97,-27.95,-28.68,2,0.037749,-0.000977,0.07547,-22.44,https://portal.wildtrax.ca/home/aru-tasks/recording.html?taskId=450372,ELE-5-5_0+1_20220722_062200.wav,1269
BU,Elevation Gradients,1109,ELE-17-1,312531,,2022-07-22 06:31:00,487980,180s 1SPT,Transcribed,"",,,,,,,,No daily weather within 165km,"","",,,,,,,,,,,,,,,,-26.18,-34.58,2,0.025294,-0.043671,0.096405,-20.32,-28.42,-40.52,2,0.011567,-0.057434,0.086395,-21.27,https://portal.wildtrax.ca/home/aru-tasks/recording.html?taskId=450106,ELE-17-1_20220722_063100.wav,1269
BU,Elevation Gradients,1109,ELE-6-7,238291,,2022-07-22 07:22:00,397935,180s 1SPT,Transcribed,"",,,,,,,,No daily weather within 165km,"","",,,,,,,,,,,,,,,,-9.44,-40.58,2,0.021924,-0.537659,0.302917,-5.39,-8.81,-49.74,2,0.002913,-0.540161,0.639954,-3.88,https://portal.wildtrax.ca/home/aru-tasks/recording.html?taskId=373734,ELE-6-7_20220722_072200.wav,1234
BU,Elevation Gradients,1109,ELE-5-1,238243,,2022-07-22 08:19:00,488051,180s 1SPT,Transcribed,"",,,,,,,,No daily weather within 165km,"","",,,,,,,,,,,,,,,,-28.97,-31.52,2,0.029368,-0.010193,0.06842,-23.3,-29.29,-36.25,2,0.02179,-0.030396,0.06839,-23.3,https://portal.wildtrax.ca/home/aru-tasks/recording.html?taskId=450177,ELE-5-1_0+1_20220722_081900.wav,1234
BU,Elevation Gradients,1109,ELE-7-2,238231,,2022-07-22 21:51:00,397885,180s 1SPT,Transcribed,"",,,,,,,,No daily weather within 165km,"","",,,,,,,,,,,,,,,,-29.05,-44.53,2,0.013833,-0.040497,0.058533,-24.65,-19.08,-37.56,2,0.025019,-0.195007,0.174377,-14.2,https://portal.wildtrax.ca/home/aru-tasks/recording.html?taskId=373684,ELE-7-2_20220722_215100.wav,1234
BU,Elevation Gradients,1109,ELE-7-3,238228,,2022-07-22 22:51:00,397816,180s 1SPT,Transcribed,"",,,,,,,,No daily weather within 165km,"","",,,,,,,,,,,,,,,,-11.57,-40.09,2,0.013545,-0.419189,0.425018,-7.43,-16.23,-34.83,2,0.024617,-0.333008,0.271149,-9.55,https://portal.wildtrax.ca/home/aru-tasks/recording.html?taskId=373615,ELE-7-3_0+1_20220722_225100.wav,1234
BU,Elevation Gradients,1109,ELE-15-4,238253,,2022-07-23 06:23:00,488078,180s 1SPT,Transcribed,13km,4.10,24.60,14.40,,,6.50,,PEKISKO,1415.00m,13km,,,,,,,,,,,,,,,,-32.21,-33.62,2,0.021941,-0.007416,0.049774,-26.06,-27.49,-30.73,2,0.0344,0,0.059692,-24.48,https://portal.wildtrax.ca/home/aru-tasks/recording.html?taskId=450204,ELE-15-4_0+1_20220723_062300.wav,1242
BU,Elevation Gradients,1109,ELE-3-1,238249,,2022-07-23 20:40:00,397907,180s 1SPT,Transcribed,"",,,,,,,,No daily weather within 165km,"","",,,,,,,,,,,,,,,,-23.64,-27.23,2,0.016545,-0.218658,0.245331,-12.2,-23.01,-26.77,2,0.049039,-0.077087,0.176361,-15.07,https://portal.wildtrax.ca/home/aru-tasks/recording.html?taskId=373706,ELE-3-1_0+1_20220723_204000.wav,1269
BU,Elevation Gradients,1109,ELE-3-5,238248,,2022-07-23 21:40:00,397940,180s 1SPT,Transcribed,"",,,,,,,,No daily weather within 165km,"","",,,,,,,,,,,,,,,,-26.91,-38.75,2,0.015487,-0.096588,0.120544,-18.38,-4.59,-31.41,229,0.039543,-0.996948,0.999969,0,https://portal.wildtrax.ca/home/aru-tasks/recording.html?taskId=373739,ELE-3-5_0+1_20220723_214000.wav,1247
BU,Elevation Gradients,1109,ELE-5-7,238289,,2022-07-23 21:40:00,488252,180s 1SPT,Transcribed,"",,,,,,,,No daily weather within 165km,"","",,,,,,,,,,,,,,,,-25.63,-29.96,2,0.039729,0,0.073975,-22.62,-25.2,-35.86,2,0.026716,-0.0401,0.093323,-20.6,https://portal.wildtrax.ca/home/aru-tasks/recording.html?taskId=450378,ELE-5-7_0+1_20220723_214000.wav,533
BU,Elevation Gradients,1109,ELE-7-5,238227,,2022-07-23 21:50:00,397914,180s 1SPT,Transcribed,56km,7.60,24.80,16.20,,,1.50,,NORDEGG CS,1332.00m,56km,,,,,,,,,,,,,,,,-2.22,-39.66,,-0.003502,-1,0.999969,0,-0.88,-34.33,,0.027058,-1,0.999969,0,https://portal.wildtrax.ca/home/aru-tasks/recording.html?taskId=373713,ELE-7-5_0+1_20220723_215000.wav,533
BU,Elevation Gradients,1109,ELE-14-1,238258,,2022-07-23 22:40:00,488079,180s 1SPT,Transcribed,"",,,,,,,,No daily weather within 165km,"","",,,,,,,,,,,,,,,,-30.12,-33.1,2,0.024194,-0.010773,0.054413,-25.29,-33.45,-50.34,2,-0.001563,-0.044342,0.038574,-27.06,https://portal.wildtrax.ca/home/aru-tasks/recording.html?taskId=450205,ELE-14-1_0+1_20220723_224000.wav,1242
BU,Elevation Gradients,1109,ELE-3-3,238247,,2022-07-23 22:40:00,397692,180s 1SPT,Transcribed,"",,,,,,,,No daily weather within 165km,"","",,,,,,,,,,,,,,,,-27.6,-34.11,2,0.026648,-0.035736,0.078339,-22.12,-9.83,-31.76,25,0.032126,-0.839386,0.999969,0,https://portal.wildtrax.ca/home/aru-tasks/recording.html?taskId=373491,ELE-3-3_0+1_20220723_224000.wav,1269
BU,Elevation Gradients,1109,ELE-17-3,312530,,2022-07-24 04:03:00,488003,180s 1SPT,Transcribed,30km,11.00,30.00,20.50,0.00,0.00,0.00,0.00,GOLDEN AIRPORT,785.00m,30km,,,,,,,,,,,,,,,,-27.75,-38.18,2,0.015954,-0.044922,0.085663,-21.34,-29.34,-41.71,3,0.010858,-0.039154,0.057922,-24.74,https://portal.wildtrax.ca/home/aru-tasks/recording.html?taskId=450129,ELE-17-3_20220724_040300.wav,1269
BU,Elevation Gradients,1109,ELE-4-3,238241,,2022-07-24 04:24:00,397718,180s 1SPT,Transcribed,"",,,,,,,,No daily weather within 165km,"","",,,,,,,,,,,,,,,,-13.25,-48.44,2,0.004112,-0.373352,0.342651,-8.56,-3.69,-47.65,533,0.005083,-1,0.860657,0,https://portal.wildtrax.ca/home/aru-tasks/recording.html?taskId=373517,ELE-4-3_20220724_042400.wav,1242
BU,Elevation Gradients,1109,ELE-6-2,238235,,2022-07-24 04:24:00,397781,180s 1SPT,Transcribed,"",,,,,,,,No daily weather within 165km,"","",,,,,,,,,,,,,,,,-26.16,-27.16,2,0.046333,0,0.063171,-23.99,-27.47,-28.65,2,0.03951,0,0.057312,-24.84,https://portal.wildtrax.ca/home/aru-tasks/recording.html?taskId=373580,ELE-6-2_0+1_20220724_042400.wav,532
BU,Elevation Gradients,1109,ELE-6-6,238290,,2022-07-24 04:24:00,397713,180s 1SPT,Transcribed,"",,,,,,,,No daily weather within 165km,"","",,,,,,,,,,,,,,,,-22.83,-35.63,2,0.025181,-0.112762,0.114899,-18.79,-21.83,-35.37,3,0.032577,-0.0914,0.112274,-18.99,https://portal.wildtrax.ca/home/aru-tasks/recording.html?taskId=373512,ELE-6-6_20220724_042400.wav,533
BU,Elevation Gradients,1109,ELE-11-1,238264,,2022-07-24 07:24:00,488021,180s 1SPT,Transcribed,20km,8.10,29.80,19.00,,,0.00,,BEAVER MINES,1257.00m,20km,,,,,,,,,,,,,,,,-30.31,-33,2,0.02504,-0.015411,0.068756,-23.25,-26.39,-28.28,2,0.042212,-0.001312,0.08313,-21.6,https://portal.wildtrax.ca/home/aru-tasks/recording.html?taskId=450147,ELE-11-1_0+1_20220724_072400.wav,1247
BU,Elevation Gradients,1109,ELE-3-3,238247,,2022-07-24 07:24:00,397628,180s 1SPT,Transcribed,"",,,,,,,,No daily weather within 165km,"","",,,,,,,,,,,,,,,,-29.87,-32.88,2,0.026629,0,0.049957,-26.03,-27.33,-31.61,2,0.032348,-0.019196,0.087799,-21.13,https://portal.wildtrax.ca/home/aru-tasks/recording.html?taskId=373427,ELE-3-3_0+1_20220724_072400.wav,533
BU,Elevation Gradients,1109,ELE-14-1,238258,,2022-07-24 08:24:00,488103,180s 1SPT,Transcribed,"",,,,,,,,No daily weather within 165km,"","",,,,,,,,,,,,,,,,-26.37,-33.01,3,0.024519,-0.056,0.085236,-21.39,-26.75,-49.68,2,-0.001422,-0.101013,0.079559,-19.91,https://portal.wildtrax.ca/home/aru-tasks/recording.html?taskId=450229,ELE-14-1_0+1_20220724_082400.wav,1269
BU,Elevation Gradients,1109,ELE-5-7,238289,,2022-07-24 20:38:00,488173,180s 1SPT,Transcribed,18km,6.30,24.90,15.60,,,0.00,,NORDEGG CS,1332.00m,18km,,,,,,,,,,,,,,,,-7.81,-31.68,2,0.039696,-0.896912,0.642365,-0.95,-4.13,-36.47,908,0.026646,-1,0.999969,0,https://portal.wildtrax.ca/home/aru-tasks/recording.html?taskId=450299,ELE-5-7_0+1_20220724_203800.wav,1234
BU,Elevation Gradients,1109,ELE-3-3,238247,,2022-07-24 22:38:00,397657,180s 1SPT,Transcribed,"",,,,,,,,No daily weather within 165km,"","",,,,,,,,,,,,,,,,-29.34,-32.74,2,0.026713,-0.009186,0.064819,-23.77,-29.77,-30.01,2,0.032091,0,0.036499,-28.75,https://portal.wildtrax.ca/home/aru-tasks/recording.html?taskId=373456,ELE-3-3_0+1_20220724_223800.wav,1234
BU,Elevation Gradients,1109,ELE-4-3,238241,,2022-07-25 04:26:00,397903,180s 1SPT,Transcribed,"",,,,,,,,No daily weather within 165km,"","",,,,,,,,,,,,,,,,-31.41,-51.08,2,0.004259,-0.035065,0.048279,-26.32,-17.76,-49.96,2,0.005111,-0.24057,0.160309,-12.38,https://portal.wildtrax.ca/home/aru-tasks/recording.html?taskId=373702,ELE-4-3_20220725_042600.wav,1269
BU,Elevation Gradients,1109,ELE-7-4,238225,,2022-07-25 04:27:00,397669,180s 1SPT,Transcribed,"",,,,,,,,No daily weather within 165km,"","",,,,,,,,,,,,,,,,-44.08,-53.86,2,0.000271,-0.018494,0.016785,-34.66,-39.45,-47.68,2,0.005863,-0.010284,0.021729,-33.26,https://portal.wildtrax.ca/home/aru-tasks/recording.html?taskId=373468,ELE-7-4_20220725_042700.wav,1234
BU,Elevation Gradients,1109,ELE-6-2,238235,,2022-07-25 07:26:00,397738,180s 1SPT,Transcribed,"",,,,,,,,No daily weather within 165km,"","",,,,,,,,,,,,,,,,-26.21,-27.12,2,0.046344,0,0.07077,-23,-27.57,-28.47,2,0.039522,0,0.062927,-24.02,https://portal.wildtrax.ca/home/aru-tasks/recording.html?taskId=373537,ELE-6-2_0+1_20220725_072600.wav,1234
BU,Elevation Gradients,1109,ELE-3-2,238252,,2022-07-25 20:37:00,397831,180s 1SPT,Transcribed,53km,12.30,20.20,16.20,,,0.00,,NORDEGG CS,1332.00m,53km,,,,,,,,,,,,,,,,-11.61,-38.46,4,0.020815,-0.399323,0.531799,-5.49,-7.44,-31.57,2,0.044529,-0.541016,0.658417,-3.63,https://portal.wildtrax.ca/home/aru-tasks/recording.html?taskId=373630,ELE-3-2_20220725_203700.wav,1242
BU,Elevation Gradients,1109,ELE-4-3,238241,,2022-07-25 20:37:00,397715,180s 1SPT,Transcribed,"",,,,,,,,No daily weather within 165km,"","",,,,,,,,,,,,,,,,-16.03,-46.93,2,0.004135,-0.269958,0.266693,-11.37,-8.09,-47.41,2,0.004988,-0.71347,0.540588,-2.93,https://portal.wildtrax.ca/home/aru-tasks/recording.html?taskId=373514,ELE-4-3_20220725_203700.wav,1247
BU,Elevation Gradients,1109,ELE-5-3,238237,,2022-07-25 20:37:00,488085,180s 1SPT,Transcribed,19km,12.30,20.20,16.20,,,0.00,,NORDEGG CS,1332.00m,19km,,,,,,,,,,,,,,,,-26.76,-41.89,2,0.016177,-0.12323,0.180328,-14.88,-26.08,-42.74,2,-0.009952,-0.11969,0.113281,-18.44,https://portal.wildtrax.ca/home/aru-tasks/recording.html?taskId=450211,ELE-5-3_0+1_20220725_203700.wav,1242
BU,Elevation Gradients,1109,ELE-7-2,238231,,2022-07-25 21:47:00,397617,180s 1SPT,Transcribed,"",,,,,,,,No daily weather within 165km,"","",,,,,,,,,,,,,,,,-32.49,-41.48,2,0.013848,-0.013916,0.04306,-27.32,-27.86,-34.71,2,0.025232,-0.019348,0.056641,-24.94,https://portal.wildtrax.ca/home/aru-tasks/recording.html?taskId=373416,ELE-7-2_20220725_214700.wav,1234
BU,Elevation Gradients,1109,ELE-15-3,238256,,2022-07-25 22:37:00,487936,180s 1SPT,Transcribed,"",,,,,,,,No daily weather within 165km,"","",,,,,,,,,,,,,,,,-30.55,-31.48,2,0.028098,0,0.041656,-27.61,-43.47,-48.32,2,0.004512,-0.009918,0.017303,-35.24,https://portal.wildtrax.ca/home/aru-tasks/recording.html?taskId=450062,ELE-15-3_0+1_20220725_223700.wav,1242
BU,Elevation Gradients,1109,ELE-15-5,238250,,2022-07-25 22:37:00,488044,180s 1SPT,Transcribed,"",,,,,,,,No daily weather within 165km,"","",,,,,,,,,,,,,,,,-25.07,-33.21,2,0.033332,-0.036591,0.078735,-22.08,-27.41,-34.32,2,0.027027,-0.016541,0.066437,-23.55,https://portal.wildtrax.ca/home/aru-tasks/recording.html?taskId=450170,ELE-15-5_20220725_223700.wav,1234
BU,Elevation Gradients,1109,ELE-15-4,238253,,2022-07-26 05:27:00,487929,180s 1SPT,Transcribed,46km,10.90,24.00,17.40,,,,,PEKISKO,1415.00m,13km,,,,,,,,,,,,,,,,-31.82,-33.84,2,0.021641,-0.013153,0.055969,-25.04,-27.88,-30.57,2,0.034409,0,0.061737,-24.19,https://portal.wildtrax.ca/home/aru-tasks/recording.html?taskId=450055,ELE-15-4_0+1_20220726_052700.wav,1247
BU,Elevation Gradients,1109,ELE-14-4,238257,,2022-07-26 05:57:00,488033,180s 1SPT,Transcribed,14km,9.50,24.70,17.10,,,0.00,,BEAVER MINES,1257.00m,14km,,,,,,,,,,,,,,,,-20.29,-36.88,3,0.032327,-0.078766,0.142426,-16.93,-17.13,-58.94,2,0.001673,-0.226715,0.21756,-12.89,https://portal.wildtrax.ca/home/aru-tasks/recording.html?taskId=450159,ELE-14-4_20220726_055700.wav,532
BU,Elevation Gradients,1109,ELE-11-4,238259,,2022-07-26 20:36:00,487931,180s 1SPT,Transcribed,22km,9.50,24.70,17.10,,,0.00,,BEAVER MINES,1257.00m,22km,,,,,,,,,,,,,,,,-25.73,-27.93,2,0.044971,0,0.076263,-22.35,-26.53,-29.23,2,0.040429,0,0.065186,-23.72,https://portal.wildtrax.ca/home/aru-tasks/recording.html?taskId=450057,ELE-11-4_0+1_20220726_203600.wav,1234
BU,Elevation Gradients,1109,ELE-3-6,238246,,2022-07-26 22:36:00,397675,180s 1SPT,Transcribed,52km,11.90,25.00,18.40,,,0.00,,NORDEGG CS,1332.00m,52km,,,,,,,,,,,,,,,,-12.78,-37.15,,0.030911,-0.27182,0.391083,-8.15,-1.87,-34.11,,0.043036,-1,0.999969,0,https://portal.wildtrax.ca/home/aru-tasks/recording.html?taskId=373474,ELE-3-6_20220726_223600.wav,533
BU,Elevation Gradients,1109,ELE-14-5,238286,,2022-07-27 04:29:00,487902,180s 1SPT,Transcribed,"",,,,,,,,No daily weather within 165km,"","",,,,,,,,,,,,,,,,-31.73,-34.74,2,0.021922,-0.023743,0.068878,-23.24,-30.85,-35.46,2,0.021347,-0.006866,0.048737,-26.24,https://portal.wildtrax.ca/home/aru-tasks/recording.html?taskId=450028,ELE-14-5_0+1_20220727_042900.wav,1242
BU,Elevation Gradients,1109,ELE-3-4,238245,,2022-07-27 04:29:00,397858,180s 1SPT,Transcribed,"",,,,,,,,No daily weather within 165km,"","",,,,,,,,,,,,,,,,-36.28,-41.05,2,0.010434,-0.018341,0.044159,-27.1,-35.6,-40.93,2,0.009983,-0.044739,0.057251,-24.84,https://portal.wildtrax.ca/home/aru-tasks/recording.html?taskId=373657,ELE-3-4_20220727_042900.wav,533
BU,Elevation Gradients,1109,ELE-3-5,238248,,2022-07-27 04:29:00,397922,180s 1SPT,Transcribed,"",,,,,,,,No daily weather within 165km,"","",,,,,,,,,,,,,,,,-33.87,-36.8,2,0.01558,-0.016724,0.051208,-25.81,-27.01,-28.96,2,0.039572,-0.000244,0.084778,-21.43,https://portal.wildtrax.ca/home/aru-tasks/recording.html?taskId=373721,ELE-3-5_0+1_20220727_042900.wav,1242
BU,Elevation Gradients,1109,ELE-15-6,238251,,2022-07-27 05:59:00,488154,180s 1SPT,Transcribed,13km,9.50,26.30,17.90,,,0.00,,PEKISKO,1415.00m,13km,,,,,,,,,,,,,,,,-29.03,-36.62,2,0.023755,0.006958,0.043091,-27.31,-30.38,-37.91,2,0.022734,0.001251,0.037079,-28.62,https://portal.wildtrax.ca/home/aru-tasks/recording.html?taskId=450280,ELE-15-6_20220727_055900.wav,1234
BU,Elevation Gradients,1109,ELE-15-4,238253,,2022-07-27 06:29:00,487951,180s 1SPT,Transcribed,13km,9.50,26.30,17.90,,,0.00,,PEKISKO,1415.00m,13km,,,,,,,,,,,,,,,,-32.11,-33.82,2,0.021589,-0.011353,0.053894,-25.37,-27.83,-30.95,2,0.034513,0,0.061646,-24.2,https://portal.wildtrax.ca/home/aru-tasks/recording.html?taskId=450077,ELE-15-4_0+1_20220727_062900.wav,533
BU,Elevation Gradients,1109,ELE-15-5,238250,,2022-07-27 06:29:00,487946,180s 1SPT,Transcribed,13km,9.50,26.30,17.90,,,0.00,,PEKISKO,1415.00m,13km,,,,,,,,,,,,,,,,-28.35,-30.67,2,0.033327,0.006165,0.056885,-24.9,-27.04,-35.18,2,0.027024,-0.042511,0.08429,-21.48,https://portal.wildtrax.ca/home/aru-tasks/recording.html?taskId=450072,ELE-15-5_20220727_062900.wav,532
BU,Elevation Gradients,1109,ELE-4-1,238244,,2022-07-27 20:34:00,397676,180s 1SPT,Transcribed,62km,11.00,28.50,19.70,,,0.00,,NORDEGG CS,1332.00m,62km,,,,,,,,,,,,,,,,-20.55,-37.55,2,0.024031,-0.105499,0.162933,-15.76,-16.33,-37.27,2,0.02676,-0.188873,0.251678,-11.98,https://portal.wildtrax.ca/home/aru-tasks/recording.html?taskId=373475,ELE-4-1_20220727_203400.wav,1234
BU,Elevation Gradients,1109,ELE-6-4,238232,,2022-07-27 20:34:00,397701,180s 1SPT,Transcribed,"",,,,,,,,No daily weather within 165km,"","",,,,,,,,,,,,,,,,-5.13,-38.19,240,0.022668,-1,0.99881,0,-6.14,-37.03,60,0.027909,-1,0.811462,0,https://portal.wildtrax.ca/home/aru-tasks/recording.html?taskId=373500,ELE-6-4_20220727_203400.wav,1247
BU,Elevation Gradients,1109,ELE-6-2,238235,,2022-07-27 22:34:00,397905,180s 1SPT,Transcribed,"",,,,,,,,No daily weather within 165km,"","",,,,,,,,,,,,,,,,-24.85,-28.07,2,0.045893,0,0.086945,-21.22,-26.02,-30,2,0.039151,0,0.074158,-22.6,https://portal.wildtrax.ca/home/aru-tasks/recording.html?taskId=373704,ELE-6-2_0+1_20220727_223400.wav,1247
BU,Elevation Gradients,1109,ELE-5-5,238236,,2022-07-28 04:30:00,488068,180s 1SPT,Transcribed,19km,12.20,32.30,22.30,,,0.00,,NORDEGG CS,1332.00m,19km,,,,,,,,,,,,,,,,-20.38,-32.49,2,0.044602,-0.067688,0.162292,-15.79,-28.22,-28.53,2,0.037544,0,0.07132,-22.94,https://portal.wildtrax.ca/home/aru-tasks/recording.html?taskId=450194,ELE-5-5_0+1_20220728_043000.wav,532
BU,Elevation Gradients,1109,ELE-11-1,238264,,2022-07-28 05:30:00,487934,180s 1SPT,Transcribed,20km,12.50,31.30,21.90,,,0.00,,BEAVER MINES,1257.00m,20km,,,,,,,,,,,,,,,,-30.11,-33.17,2,0.024988,-0.039978,0.098816,-20.1,-26.09,-28.29,2,0.042306,-0.02475,0.101776,-19.85,https://portal.wildtrax.ca/home/aru-tasks/recording.html?taskId=450060,ELE-11-1_0+1_20220728_053000.wav,1242
BU,Elevation Gradients,1109,ELE-11-1,238264,,2022-07-28 07:30:00,487972,180s 1SPT,Transcribed,20km,12.50,31.30,21.90,,,0.00,,BEAVER MINES,1257.00m,20km,,,,,,,,,,,,,,,,-30.01,-33.28,2,0.025033,-0.015167,0.064667,-23.79,-26.44,-28.24,2,0.042095,0,0.0867,-21.24,https://portal.wildtrax.ca/home/aru-tasks/recording.html?taskId=450098,ELE-11-1_0+1_20220728_073000.wav,533
BU,Elevation Gradients,1109,ELE-14-5,238286,,2022-07-28 07:30:00,487905,180s 1SPT,Transcribed,14km,12.50,31.30,21.90,,,0.00,,BEAVER MINES,1257.00m,14km,,,,,,,,,,,,,,,,-25.86,-36.1,2,0.021832,-0.071625,0.085999,-21.31,-26.42,-37.76,2,0.021219,-0.038147,0.081635,-21.76,https://portal.wildtrax.ca/home/aru-tasks/recording.html?taskId=450031,ELE-14-5_0+1_20220728_073000.wav,1234
BU,Elevation Gradients,1109,ELE-14-3,312532,,2022-07-28 22:33:00,488265,180s 1SPT,Transcribed,15km,12.50,31.30,21.90,,,0.00,,BEAVER MINES,1257.00m,15km,,,,,,,,,,,,,,,,-33.86,-35.2,2,0.018419,0,0.032684,-29.71,-35.29,-40.77,2,0.01197,-0.005829,0.031494,-30.04,https://portal.wildtrax.ca/home/aru-tasks/recording.html?taskId=450391,ELE-14-3_0+1_20220728_223300.wav,1269
BU,Elevation Gradients,1109,ELE-3-2,238252,,2022-07-28 22:33:00,397944,180s 1SPT,Transcribed,"",,,,,,,,No daily weather within 165km,"","",,,,,,,,,,,,,,,,-24.71,-33.89,2,0.020578,-0.144501,0.182404,-14.78,-18.08,-30.08,2,0.044336,-0.205872,0.247101,-12.14,https://portal.wildtrax.ca/home/aru-tasks/recording.html?taskId=373743,ELE-3-2_20220728_223300.wav,1269
BU,Elevation Gradients,1109,ELE-4-4,238240,,2022-07-28 22:33:00,397744,180s 1SPT,Transcribed,"",,,,,,,,No daily weather within 165km,"","",,,,,,,,,,,,,,,,-12.24,-29.07,2,0.053827,-0.381653,0.422821,-7.48,-12.87,-34.62,2,0.031152,-0.441681,0.304352,-7.1,https://portal.wildtrax.ca/home/aru-tasks/recording.html?taskId=373543,ELE-4-4_0+1_20220728_223300.wav,533
BU,Elevation Gradients,1109,ELE-3-6,238246,,2022-07-29 04:31:00,397753,180s 1SPT,Transcribed,52km,10.60,29.20,19.90,,,5.60,,NORDEGG CS,1332.00m,52km,,,,,,,,,,,,,,,,-27.96,-33.05,2,0.030852,-0.013763,0.05188,-25.7,-20.44,-31.31,2,0.042938,-0.125244,0.13446,-17.43,https://portal.wildtrax.ca/home/aru-tasks/recording.html?taskId=373552,ELE-3-6_20220729_043100.wav,532
BU,Elevation Gradients,1109,ELE-7-1,238230,,2022-07-29 04:33:00,397932,180s 1SPT,Transcribed,"",,,,,,,,No daily weather within 165km,"","",,,,,,,,,,,,,,,,-32.39,-37.19,2,0.016311,-0.023346,0.056458,-24.97,-33.19,-37.66,2,0.01576,-0.012756,0.045685,-26.8,https://portal.wildtrax.ca/home/aru-tasks/recording.html?taskId=373731,ELE-7-1_0+1_20220729_043300.wav,1234
BU,Elevation Gradients,1109,ELE-7-3,238228,,2022-07-29 04:33:00,397658,180s 1SPT,Transcribed,"",,,,,,,,No daily weather within 165km,"","",,,,,,,,,,,,,,,,-35.24,-39.01,2,0.013527,-0.005432,0.031525,-30.03,-29.09,-33.87,2,0.024635,-0.00058,0.057495,-24.81,https://portal.wildtrax.ca/home/aru-tasks/recording.html?taskId=373457,ELE-7-3_0+1_20220729_043300.wav,1242
BU,Elevation Gradients,1109,ELE-15-6,238251,,2022-07-29 06:31:00,488124,180s 1SPT,Transcribed,45km,12.60,33.30,23.00,,,0.00,,PEKISKO,1415.00m,13km,,,,,,,,,,,,,,,,-25.85,-37.42,3,0.023617,-0.054596,0.078949,-22.05,-31.26,-34.71,2,0.022705,-0.007172,0.048584,-26.27,https://portal.wildtrax.ca/home/aru-tasks/recording.html?taskId=450250,ELE-15-6_20220729_063100.wav,1247
BU,Elevation Gradients,1109,ELE-6-7,238291,,2022-07-29 07:31:00,397920,180s 1SPT,Transcribed,"",,,,,,,,No daily weather within 165km,"","",,,,,,,,,,,,,,,,-30.37,-34.28,2,0.022083,-0.040802,0.080597,-21.87,-37.68,-56.37,2,0.003214,-0.015991,0.024902,-32.08,https://portal.wildtrax.ca/home/aru-tasks/recording.html?taskId=373719,ELE-6-7_20220729_073100.wav,1242
BU,Elevation Gradients,1109,ELE-3-6,238246,,2022-07-29 20:31:00,397610,180s 1SPT,Transcribed,52km,10.60,29.20,19.90,,,5.60,,NORDEGG CS,1332.00m,52km,,,,,,,,,,,,,,,,-21.18,-37.07,2,0.03098,-0.126007,0.180481,-14.87,-20.49,-32.52,2,0.04318,-0.105499,0.19931,-14.01,https://portal.wildtrax.ca/home/aru-tasks/recording.html?taskId=373409,ELE-3-6_20220729_203100.wav,1269
BU,Elevation Gradients,1109,ELE-5-7,238289,,2022-07-29 20:31:00,487964,180s 1SPT,Transcribed,"",,,,,,,,No daily weather within 165km,"","",,,,,,,,,,,,,,,,-6.22,-27.56,,0.039716,-0.937897,0.882751,-0.56,-0.99,-24.41,,0.027196,-1,0.999969,0,https://portal.wildtrax.ca/home/aru-tasks/recording.html?taskId=450090,ELE-5-7_0+1_20220729_203100.wav,1242
BU,Elevation Gradients,1109,ELE-14-3,312532,,2022-07-29 21:31:00,487914,180s 1SPT,Transcribed,15km,10.80,32.60,21.70,,,0.00,,BEAVER MINES,1257.00m,15km,,,,,,,,,,,,,,,,-32.34,-36.79,2,0.01851,-0.012299,0.048309,-26.32,-33.37,-40.33,2,0.0119,-0.025574,0.051544,-25.76,https://portal.wildtrax.ca/home/aru-tasks/recording.html?taskId=450040,ELE-14-3_0+1_20220729_213100.wav,1242
BU,Elevation Gradients,1109,ELE-14-5,238286,,2022-07-29 22:31:00,488146,180s 1SPT,Transcribed,"",,,,,,,,No daily weather within 165km,"","",,,,,,,,,,,,,,,,-9,-37.44,2,0.021808,-0.611786,0.576904,-4.27,-4.71,-38.75,441,0.02118,-1,0.679108,0,https://portal.wildtrax.ca/home/aru-tasks/recording.html?taskId=450272,ELE-14-5_0+1_20220729_223100.wav,1234
BU,Elevation Gradients,1109,ELE-6-2,238235,,2022-07-29 22:31:00,397761,180s 1SPT,Transcribed,32km,10.60,29.20,19.90,,,5.60,,NORDEGG CS,1332.00m,32km,,,,,,,,,,,,,,,,-24.97,-28.09,2,0.0463,-0.037048,0.112518,-18.98,-25.83,-30.02,2,0.03951,-0.064575,0.218292,-13.22,https://portal.wildtrax.ca/home/aru-tasks/recording.html?taskId=373560,ELE-6-2_0+1_20220729_223100.wav,1234
BU,Elevation Gradients,1109,ELE-17-4,312529,,2022-07-30 04:12:00,488090,180s 1SPT,Transcribed,"",,,,,,,,No daily weather within 165km,"","",,,,,,,,,,,,,,,,-26.53,-38.42,2,0.003992,-0.117828,0.119843,-18.43,-24.13,-32.24,2,0.025524,-0.112976,0.166199,-15.59,https://portal.wildtrax.ca/home/aru-tasks/recording.html?taskId=450216,ELE-17-4_20220730_041200.wav,532
BU,Elevation Gradients,1109,ELE-11-3,238260,,2022-07-30 04:33:00,487899,180s 1SPT,Transcribed,"",,,,,,,,No daily weather within 165km,"","",,,,,,,,,,,,,,,,-29.29,-29.76,2,0.032509,-0.008759,0.072144,-22.84,-27.51,-28.73,2,0.039178,-0.015381,0.072601,-22.78,https://portal.wildtrax.ca/home/aru-tasks/recording.html?taskId=450025,ELE-11-3_0+1_20220730_043300.wav,1269
BU,Elevation Gradients,1109,ELE-4-2,238242,,2022-07-30 04:33:00,397608,180s 1SPT,Transcribed,"",,,,,,,,No daily weather within 165km,"","",,,,,,,,,,,,,,,,-24.89,-34.99,2,0.027864,-0.044922,0.100708,-19.94,-27.78,-32.67,2,0.028837,-0.008453,0.063538,-23.94,https://portal.wildtrax.ca/home/aru-tasks/recording.html?taskId=373407,ELE-4-2_0+1_20220730_043300.wav,1242
BU,Elevation Gradients,1109,ELE-4-4,238240,,2022-07-30 04:33:00,397924,180s 1SPT,Transcribed,"",,,,,,,,No daily weather within 165km,"","",,,,,,,,,,,,,,,,-19.02,-28.78,2,0.053802,-0.09314,0.189209,-14.46,-26.48,-32.99,2,0.031005,-0.009979,0.084625,-21.45,https://portal.wildtrax.ca/home/aru-tasks/recording.html?taskId=373723,ELE-4-4_0+1_20220730_043300.wav,1247
BU,Elevation Gradients,1109,ELE-15-1,312533,,2022-07-30 06:03:00,488097,180s 1SPT,Transcribed,"",,,,,,,,No daily weather within 165km,"","",,,,,,,,,,,,,,,,-33.44,-40.38,2,0.013485,-0.014709,0.038788,-28.23,-35.41,-38.28,2,0.011168,-0.040771,0.061157,-24.27,https://portal.wildtrax.ca/home/aru-tasks/recording.html?taskId=450223,ELE-15-1_0+1_20220730_060300.wav,532
BU,Elevation Gradients,1109,ELE-7-5,238227,,2022-07-30 07:34:00,397880,180s 1SPT,Transcribed,"",,,,,,,,No daily weather within 165km,"","",,,,,,,,,,,,,,,,-31.51,-48.04,2,-0.003339,-0.049713,0.043549,-26.07,-28.16,-33.87,2,0.026855,-0.056091,0.211334,-13.5,https://portal.wildtrax.ca/home/aru-tasks/recording.html?taskId=373679,ELE-7-5_0+1_20220730_073400.wav,1234
BU,Elevation Gradients,1109,ELE-6-5,238229,,2022-07-30 20:30:00,397849,180s 1SPT,Transcribed,33km,9.60,25.20,17.40,,,0.00,,NORDEGG CS,1332.00m,33km,,,,,,,,,,,,,,,,-18.95,-36.86,2,0.030125,-0.173309,0.204254,-13.8,-8.9,-38.99,2,0.023703,-0.881775,0.682434,-1.09,https://portal.wildtrax.ca/home/aru-tasks/recording.html?taskId=373648,ELE-6-5_20220730_203000.wav,1234
BU,Elevation Gradients,1109,ELE-3-4,238245,,2022-07-30 21:30:00,397683,180s 1SPT,Transcribed,"",,,,,,,,No daily weather within 165km,"","",,,,,,,,,,,,,,,,-34.23,-42.3,2,0.010514,-0.018463,0.03714,-28.6,-33.73,-42.41,2,0.009835,-0.026306,0.045654,-26.81,https://portal.wildtrax.ca/home/aru-tasks/recording.html?taskId=373482,ELE-3-4_20220730_213000.wav,1234
BU,Elevation Gradients,1109,ELE-3-3,238247,,2022-07-30 22:30:00,397899,180s 1SPT,Malfunction,"",,,,,,,,No daily weather within 165km,"","",,,,,,,,,,,,,,,,-29.43,-33.28,2,0.026686,-0.005829,0.059021,-24.58,-29.11,-30.46,2,0.032217,0,0.05661,-24.94,https://portal.wildtrax.ca/home/aru-tasks/recording.html?taskId=373698,ELE-3-3_0+1_20220730_223000.wav,1234
BU,Elevation Gradients,1109,ELE-14-1,238258,,2022-07-31 04:34:00,488037,180s 1SPT,Transcribed,"",,,,,,,,No daily weather within 165km,"","",,,,,,,,,,,,,,,,-31.62,-32.6,2,0.024562,0,0.037354,-28.55,-45.78,-51.9,2,-0.001553,-0.016357,0.013733,-35.73,https://portal.wildtrax.ca/home/aru-tasks/recording.html?taskId=450163,ELE-14-1_0+1_20220731_043400.wav,1269
BU,Elevation Gradients,1109,ELE-3-4,238245,,2022-07-31 04:34:00,397794,180s 1SPT,Transcribed,"",,,,,,,,No daily weather within 165km,"","",,,,,,,,,,,,,,,,-29.36,-42.48,2,0.010538,-0.042938,0.059692,-24.48,-20.31,-42.47,3,0.009969,-0.154846,0.140991,-16.2,https://portal.wildtrax.ca/home/aru-tasks/recording.html?taskId=373593,ELE-3-4_20220731_043400.wav,1269
BU,Elevation Gradients,1109,ELE-4-1,238244,,2022-07-31 04:34:00,397723,180s 1SPT,Transcribed,62km,9.70,25.90,17.80,,,15.40,,NORDEGG CS,1332.00m,62km,,,,,,,,,,,,,,,,-29.73,-34.39,3,0.023919,-0.016327,0.068176,-23.33,-26.19,-33.65,2,0.026998,-0.040466,0.086975,-21.21,https://portal.wildtrax.ca/home/aru-tasks/recording.html?taskId=373522,ELE-4-1_20220731_043400.wav,1234
BU,Elevation Gradients,1109,ELE-5-4,238238,,2022-07-31 07:34:00,488185,180s 1SPT,Transcribed,"",,,,,,,,No daily weather within 165km,"","",,,,,,,,,,,,,,,,-32.44,-37.59,2,0.01775,-0.0289,0.045471,-26.85,-34.6,-55.73,2,0.000466,-0.044281,0.026733,-27.08,https://portal.wildtrax.ca/home/aru-tasks/recording.html?taskId=450311,ELE-5-4_20220731_073400.wav,1269
BU,Elevation Gradients,1109,ELE-7-1,238230,,2022-07-31 20:37:00,397645,180s 1SPT,Transcribed,58km,9.70,25.90,17.80,,,15.40,,NORDEGG CS,1332.00m,58km,,,,,,,,,,,,,,,,-23.92,-38.03,2,0.016553,-0.087158,0.10791,-19.34,-25.7,-39.35,2,0.015526,-0.079865,0.102417,-19.79,https://portal.wildtrax.ca/home/aru-tasks/recording.html?taskId=373444,ELE-7-1_0+1_20220731_203700.wav,1269
BU,Elevation Gradients,1109,ELE-3-1,238249,,2022-07-31 22:28:00,397921,180s 1SPT,Transcribed,"",,,,,,,,No daily weather within 165km,"","",,,,,,,,,,,,,,,,-22.99,-26.61,2,0.016611,-0.250702,0.276154,-11.18,-23.48,-26.31,2,0.049065,-0.084686,0.194183,-14.24,https://portal.wildtrax.ca/home/aru-tasks/recording.html?taskId=373720,ELE-3-1_0+1_20220731_222800.wav,532
BU,Elevation Gradients,1109,ELE-7-1,238230,,2022-07-31 22:37:00,397704,180s 1SPT,Transcribed,58km,9.70,25.90,17.80,,,15.40,,NORDEGG CS,1332.00m,58km,,,,,,,,,,,,,,,,-12.71,-34.62,2,0.016456,-0.443085,0.468384,-6.59,-13.96,-35.1,2,0.015595,-0.274841,0.434509,-7.24,https://portal.wildtrax.ca/home/aru-tasks/recording.html?taskId=373503,ELE-7-1_0+1_20220731_223700.wav,1242
BU,Elevation Gradients,1109,ELE-6-4,238232,,2022-08-01 04:36:00,397823,180s 1SPT,Transcribed,"",,,,,,,,No daily weather within 165km,"","",,,,,,,,,,,,,,,,-21.55,-35.97,3,0.023088,-0.091675,0.130493,-17.69,-24.29,-35.97,2,0.028523,-0.088715,0.095062,-20.44,https://portal.wildtrax.ca/home/aru-tasks/recording.html?taskId=373622,ELE-6-4_20220801_043600.wav,1247
BU,Elevation Gradients,1109,ELE-6-7,238291,,2022-08-01 04:36:00,397838,180s 1SPT,Transcribed,"",,,,,,,,No daily weather within 165km,"","",,,,,,,,,,,,,,,,-0.75,-39.04,,0.020925,-1,0.999969,0,-0.15,-32.68,,0.006908,-1,0.999969,0,https://portal.wildtrax.ca/home/aru-tasks/recording.html?taskId=373637,ELE-6-7_20220801_043600.wav,1234
BU,Elevation Gradients,1109,ELE-3-3,238247,,2022-08-01 07:36:00,397937,180s 1SPT,Transcribed,"",,,,,,,,No daily weather within 165km,"","",,,,,,,,,,,,,,,,-30.63,-32.4,2,0.026591,0,0.046661,-26.62,-25.02,-31.34,2,0.032246,-0.059845,0.183746,-14.72,https://portal.wildtrax.ca/home/aru-tasks/recording.html?taskId=373736,ELE-3-3_0+1_20220801_073600.wav,1242
BU,Elevation Gradients,1109,ELE-7-4,238225,,2022-08-01 07:38:00,397783,180s 1SPT,Transcribed,57km,9.30,24.90,17.10,,,4.70,,NORDEGG CS,1332.00m,57km,,,,,,,,,,,,,,,,-40.83,-53.49,2,0.000295,-0.100159,0.104095,-19.65,-40.29,-46.53,2,0.005782,-0.043823,0.070038,-23.09,https://portal.wildtrax.ca/home/aru-tasks/recording.html?taskId=373582,ELE-7-4_20220801_073800.wav,532
BU,Elevation Gradients,1109,ELE-3-1,238249,,2022-08-01 20:27:00,397893,180s 1SPT,Transcribed,"",,,,,,,,No daily weather within 165km,"","",,,,,,,,,,,,,,,,-7.85,-27.87,2,0.016488,-1,0.664001,0,-12.52,-27.83,2,0.049022,-0.528198,0.392609,-5.54,https://portal.wildtrax.ca/home/aru-tasks/recording.html?taskId=373692,ELE-3-1_0+1_20220801_202700.wav,1234
BU,Elevation Gradients,1109,ELE-7-2,238231,,2022-08-01 22:36:00,397625,180s 1SPT,Bad Weather,"",,,,,,,,No daily weather within 165km,"","",,,,,,,,,,,,,,,,-0.34,-29.45,,0.015052,-1,0.999969,0,-0.13,-26.91,,0.029267,-1,0.999969,0,https://portal.wildtrax.ca/home/aru-tasks/recording.html?taskId=373424,ELE-7-2_20220801_223600.wav,660
BU,Elevation Gradients,1109,ELE-3-6,238246,,2022-08-02 04:37:00,397856,180s 1SPT,Transcribed,"",,,,,,,,No daily weather within 165km,"","",,,,,,,,,,,,,,,,-0.86,-40.69,,0.031068,-1,0.999969,0,-0.13,-38.8,,0.045585,-1,0.999969,0,https://portal.wildtrax.ca/home/aru-tasks/recording.html?taskId=373655,ELE-3-6_20220802_043700.wav,1234
BU,Elevation Gradients,1109,ELE-7-3,238228,,2022-08-02 04:39:00,397769,180s 1SPT,Transcribed,"",,,,,,,,No daily weather within 165km,"","",,,,,,,,,,,,,,,,-27.8,-40.17,2,0.013643,-0.040741,0.070404,-23.05,-22.46,-35.59,2,0.024676,-0.109955,0.141907,-16.96,https://portal.wildtrax.ca/home/aru-tasks/recording.html?taskId=373568,ELE-7-3_0+1_20220802_043900.wav,1242
BU,Elevation Gradients,1109,ELE-5-2,238239,,2022-08-02 06:37:00,488253,180s 1SPT,Transcribed,"",,,,,,,,No daily weather within 165km,"","",,,,,,,,,,,,,,,,-23.09,-32.97,3,0.032007,-0.112549,0.120239,-18.4,-37.74,-51.54,2,0.00541,-0.030945,0.046051,-26.74,https://portal.wildtrax.ca/home/aru-tasks/recording.html?taskId=450379,ELE-5-2_20220802_063700.wav,1224
BU,Elevation Gradients,1109,ELE-6-4,238232,,2022-08-02 07:37:00,397687,180s 1SPT,Transcribed,32km,8.10,21.10,14.60,,,0.30,,NORDEGG CS,1332.00m,32km,,,,,,,,,,,,,,,,-17.08,-37.05,2,0.023156,-0.280304,0.240784,-11.05,-17.62,-34.59,2,0.028639,-0.158966,0.309021,-10.2,https://portal.wildtrax.ca/home/aru-tasks/recording.html?taskId=373486,ELE-6-4_20220802_073700.wav,1269
BU,Elevation Gradients,1109,ELE-15-3,238256,,2022-08-02 20:25:00,488232,180s 1SPT,Transcribed,14km,7.50,26.50,17.00,,,0.00,,PEKISKO,1415.00m,14km,,,,,,,,,,,,,,,,-25.75,-34.87,2,0.027989,-0.03479,0.085083,-21.4,-32.66,-51.68,2,0.004466,-0.039459,0.036255,-28.08,https://portal.wildtrax.ca/home/aru-tasks/recording.html?taskId=450358,ELE-15-3_0+1_20220802_202500.wav,1242
BU,Elevation Gradients,1109,ELE-6-1,238234,,2022-08-02 21:25:00,397733,180s 1SPT,Transcribed,"",,,,,,,,No daily weather within 165km,"","",,,,,,,,,,,,,,,,-20.65,-28.99,2,0.04674,-0.092133,0.149689,-16.5,-21.22,-39.96,2,0.017409,-0.176666,0.131805,-15.06,https://portal.wildtrax.ca/home/aru-tasks/recording.html?taskId=373532,ELE-6-1_0+1_20220802_212500.wav,1234
BU,Elevation Gradients,1109,ELE-7-5,238227,,2022-08-02 22:34:00,397646,180s 1SPT,Transcribed,56km,8.10,21.10,14.60,,,0.30,,NORDEGG CS,1332.00m,56km,,,,,,,,,,,,,,,,-11.58,-47.29,,-0.003489,-0.561493,0.431335,-5.01,-2.62,-33.69,,0.026747,-1,0.999969,0,https://portal.wildtrax.ca/home/aru-tasks/recording.html?taskId=373445,ELE-7-5_0+1_20220802_223400.wav,1242
BU,Elevation Gradients,1109,ELE-6-6,238290,,2022-08-03 04:39:00,397677,180s 1SPT,Transcribed,33km,8.60,18.70,13.70,,,0.00,,NORDEGG CS,1332.00m,33km,,,,,,,,,,,,,,,,-0.11,-36.83,,0.0277,-1,0.999969,0,-0.08,-33.92,,0.035743,-1,0.999969,0,https://portal.wildtrax.ca/home/aru-tasks/recording.html?taskId=373476,ELE-6-6_20220803_043900.wav,660
BU,Elevation Gradients,1109,ELE-7-1,238230,,2022-08-03 04:41:00,397626,180s 1SPT,Transcribed,"",,,,,,,,No daily weather within 165km,"","",,,,,,,,,,,,,,,,-32.66,-37.38,2,0.016389,-0.029022,0.056946,-24.89,-33.59,-37.97,2,0.015692,-0.008118,0.043304,-27.27,https://portal.wildtrax.ca/home/aru-tasks/recording.html?taskId=373425,ELE-7-1_0+1_20220803_044100.wav,1247
BU,Elevation Gradients,1109,ELE-7-4,238225,,2022-08-03 04:41:00,397871,180s 1SPT,Transcribed,"",,,,,,,,No daily weather within 165km,"","",,,,,,,,,,,,,,,,-36.97,-53.29,2,0.000124,-0.02356,0.024567,-32.19,-22.93,-48.7,2,0.005818,-0.097809,0.106293,-19.47,https://portal.wildtrax.ca/home/aru-tasks/recording.html?taskId=373670,ELE-7-4_20220803_044100.wav,1234
BU,Elevation Gradients,1109,ELE-5-5,238236,,2022-08-03 05:39:00,487994,180s 1SPT,Transcribed,19km,8.60,18.70,13.70,,,0.00,,NORDEGG CS,1332.00m,19km,,,,,,,,,,,,,,,,-8.51,-35.95,2,0.044487,-0.497894,0.604187,-4.38,-27.81,-28.75,2,0.037582,-0.000183,0.082031,-21.72,https://portal.wildtrax.ca/home/aru-tasks/recording.html?taskId=450120,ELE-5-5_0+1_20220803_053900.wav,1242
BU,Elevation Gradients,1109,ELE-3-4,238245,,2022-08-03 07:39:00,397866,180s 1SPT,Bad Weather,52km,8.60,18.70,13.70,,,0.00,,NORDEGG CS,1332.00m,52km,,,,,,,,,,,,,,,,-14.87,-38.5,,0.010352,-0.303467,0.36026,-8.87,-2.08,-36.82,,0.009853,-1,0.999969,0,https://portal.wildtrax.ca/home/aru-tasks/recording.html?taskId=373665,ELE-3-4_20220803_073900.wav,660
BU,Elevation Gradients,1109,ELE-11-5,238262,,2022-08-03 20:23:00,488075,180s 1SPT,Transcribed,23km,7.10,27.60,17.40,,,0.00,,BEAVER MINES,1257.00m,23km,,,,,,,,,,,,,,,,-4.47,-41.43,48,0.019946,-1,0.833221,0,-4.78,-44.32,301,-0.004962,-0.805939,0.999969,0,https://portal.wildtrax.ca/home/aru-tasks/recording.html?taskId=450201,ELE-11-5_20220803_202300.wav,1234
BU,Elevation Gradients,1109,ELE-6-3,238233,,2022-08-03 20:30:00,397867,180s 1SPT,Transcribed,"",,,,,,,,No daily weather within 165km,"","",,,,,,,,,,,,,,,,-27.24,-28.11,2,0.040402,-0.003143,0.084167,-21.5,-24.63,-28.59,2,0.046232,-0.017487,0.117462,-18.6,https://portal.wildtrax.ca/home/aru-tasks/recording.html?taskId=373666,ELE-6-3_0+1_20220803_203000.wav,1247
BU,Elevation Gradients,1109,ELE-11-3,238260,,2022-08-03 22:23:00,488093,180s 1SPT,Transcribed,"",,,,,,,,No daily weather within 165km,"","",,,,,,,,,,,,,,,,-1.27,-35.74,,0.032453,-1,0.999969,0,-1.53,-32.67,,0.03887,-1,0.999969,0,https://portal.wildtrax.ca/home/aru-tasks/recording.html?taskId=450219,ELE-11-3_0+1_20220803_222300.wav,532
BU,Elevation Gradients,1109,ELE-3-5,238248,,2022-08-03 22:23:00,397917,180s 1SPT,Bad Weather,"",,,,,,,,No daily weather within 165km,"","",,,,,,,,,,,,,,,,-2.15,-30.97,,0.016145,-1,0.999969,0,-0.18,-20.47,,0.048728,-1,0.999969,0,https://portal.wildtrax.ca/home/aru-tasks/recording.html?taskId=373716,ELE-3-5_0+1_20220803_222300.wav,1234
BU,Elevation Gradients,1109,ELE-4-2,238242,,2022-08-03 22:23:00,397773,180s 1SPT,Transcribed,"",,,,,,,,No daily weather within 165km,"","",,,,,,,,,,,,,,,,-9.45,-36.23,2,0.027795,-0.553497,0.527985,-5.14,-12.5,-35.62,2,0.028745,-0.351624,0.438721,-7.16,https://portal.wildtrax.ca/home/aru-tasks/recording.html?taskId=373572,ELE-4-2_0+1_20220803_222300.wav,1234
BU,Elevation Gradients,1109,ELE-5-6,238288,,2022-08-04 05:40:00,488228,180s 1SPT,Transcribed,"",,,,,,,,No daily weather within 165km,"","",,,,,,,,,,,,,,,,-11.1,-36.34,,0.028215,-0.725372,0.436066,-2.79,-2.44,-34.36,,0.035054,-1,0.999969,0,https://portal.wildtrax.ca/home/aru-tasks/recording.html?taskId=450354,ELE-5-6_20220804_054000.wav,1269
BU,Elevation Gradients,1109,ELE-5-6,238288,,2022-08-04 06:10:00,487968,180s 1SPT,Transcribed,"",,,,,,,,No daily weather within 165km,"","",,,,,,,,,,,,,,,,-8.86,-36.19,,0.028284,-0.540192,0.868042,-1.23,-2.96,-33.88,,0.034867,-1,0.999969,0,https://portal.wildtrax.ca/home/aru-tasks/recording.html?taskId=450094,ELE-5-6_20220804_061000.wav,532
BU,Elevation Gradients,1109,ELE-6-7,238291,,2022-08-04 21:22:00,397743,180s 1SPT,Transcribed,"",,,,,,,,No daily weather within 165km,"","",,,,,,,,,,,,,,,,-30.79,-35.1,2,0.021949,-0.065887,0.060669,-23.62,-29.03,-55.38,2,0.002862,-0.190704,0.096527,-14.39,https://portal.wildtrax.ca/home/aru-tasks/recording.html?taskId=373542,ELE-6-7_20220804_212200.wav,660
BU,Elevation Gradients,1109,ELE-6-3,238233,,2022-08-05 04:40:00,397818,180s 1SPT,Transcribed,"",,,,,,,,No daily weather within 165km,"","",,,,,,,,,,,,,,,,-26.79,-28.26,2,0.04076,-0.031525,0.118378,-18.53,-25.9,-27.19,2,0.046382,-0.265961,0.308533,-10.21,https://portal.wildtrax.ca/home/aru-tasks/recording.html?taskId=373617,ELE-6-3_0+1_20220805_044000.wav,1234
BU,Elevation Gradients,1109,ELE-14-1,238258,,2022-08-05 04:42:00,488276,180s 1SPT,Transcribed,"",,,,,,,,No daily weather within 165km,"","",,,,,,,,,,,,,,,,-29.84,-34.67,2,0.024597,0,0.048981,-26.2,-36.9,-52.71,2,-0.001331,-0.028442,0.026764,-30.92,https://portal.wildtrax.ca/home/aru-tasks/recording.html?taskId=450402,ELE-14-1_0+1_20220805_044200.wav,533
BU,Elevation Gradients,1109,ELE-4-2,238242,,2022-08-05 04:42:00,397695,180s 1SPT,Transcribed,61km,5.90,16.30,11.10,,,2.10,,NORDEGG CS,1332.00m,61km,,,,,,,,,,,,,,,,-17.97,-35.42,2,0.027996,-0.171631,0.183197,-14.74,-27.37,-33.89,2,0.029212,-0.00592,0.065277,-23.7,https://portal.wildtrax.ca/home/aru-tasks/recording.html?taskId=373494,ELE-4-2_0+1_20220805_044200.wav,533
BU,Elevation Gradients,1109,ELE-6-5,238229,,2022-08-05 04:42:00,397875,180s 1SPT,Transcribed,33km,5.90,16.30,11.10,,,2.10,,NORDEGG CS,1332.00m,33km,,,,,,,,,,,,,,,,-18.6,-34.64,2,0.030123,-0.193359,0.207336,-13.67,-11.16,-37.61,2,0.02405,-0.544403,0.464081,-5.28,https://portal.wildtrax.ca/home/aru-tasks/recording.html?taskId=373674,ELE-6-5_20220805_044200.wav,533
BU,Elevation Gradients,1109,ELE-7-2,238231,,2022-08-05 04:44:00,397690,180s 1SPT,Transcribed,"",,,,,,,,No daily weather within 165km,"","",,,,,,,,,,,,,,,,-27.79,-46.48,2,0.013519,-0.03186,0.07135,-22.93,-10.91,-37.19,2,0.025031,-0.42746,0.460602,-6.73,https://portal.wildtrax.ca/home/aru-tasks/recording.html?taskId=373489,ELE-7-2_20220805_044400.wav,1224
BU,Elevation Gradients,1109,ELE-11-4,238259,,2022-08-06 04:43:00,488153,180s 1SPT,Transcribed,"",,,,,,,,No daily weather within 165km,"","",,,,,,,,,,,,,,,,-24.25,-29.23,2,0.045439,-0.002533,0.089417,-20.97,-17.83,-31.17,2,0.040312,-0.237549,0.200073,-12.48,https://portal.wildtrax.ca/home/aru-tasks/recording.html?taskId=450279,ELE-11-4_0+1_20220806_044300.wav,533
BU,Elevation Gradients,1109,ELE-4-5,238285,,2022-08-06 04:43:00,397719,180s 1SPT,Transcribed,"",,,,,,,,No daily weather within 165km,"","",,,,,,,,,,,,,,,,-2.19,-33.45,,0.046513,-1,0.999969,0,-1.76,-39.21,,0.029917,-1,0.999969,0,https://portal.wildtrax.ca/home/aru-tasks/recording.html?taskId=373518,ELE-4-5_20220806_044300.wav,1242
BU,Elevation Gradients,1109,ELE-7-1,238230,,2022-08-06 04:45:00,397619,180s 1SPT,Transcribed,58km,2.10,25.20,13.70,,,0.00,,NORDEGG CS,1332.00m,58km,,,,,,,,,,,,,,,,-30.07,-37.65,2,0.016108,-0.060089,0.079651,-21.98,-30.99,-39.08,2,0.015909,-0.05957,0.093536,-20.58,https://portal.wildtrax.ca/home/aru-tasks/recording.html?taskId=373418,ELE-7-1_0+1_20220806_044500.wav,660
BU,Elevation Gradients,1109,ELE-7-2,238231,,2022-08-06 04:45:00,397931,180s 1SPT,Transcribed,"",,,,,,,,No daily weather within 165km,"","",,,,,,,,,,,,,,,,-35.16,-39.09,2,0.01335,-0.019531,0.039764,-28.01,-30.59,-33.03,2,0.025203,-0.006195,0.055939,-25.05,https://portal.wildtrax.ca/home/aru-tasks/recording.html?taskId=373730,ELE-7-2_20220806_044500.wav,532
BU,Elevation Gradients,1109,ELE-6-6,238290,,2022-08-06 20:18:00,397748,180s 1SPT,Transcribed,"",,,,,,,,No daily weather within 165km,"","",,,,,,,,,,,,,,,,-5.62,-38.43,,0.025248,-0.831665,0.76889,-1.6,-1.24,-36.69,,0.03216,-1,0.999969,0,https://portal.wildtrax.ca/home/aru-tasks/recording.html?taskId=373547,ELE-6-6_20220806_201800.wav,1234
BU,Elevation Gradients,1109,ELE-3-1,238249,,2022-08-06 20:18:49,397906,131s 1SPT,Bad Weather,"",,,,,,,,No daily weather within 165km,"","",,,,,,,,,,,,,,,,-22.44,-28.64,2,0.016717,-0.179413,0.238556,-12.45,-17.38,-29.16,2,0.049037,-0.159393,0.269897,-11.38,https://portal.wildtrax.ca/home/aru-tasks/recording.html?taskId=373705,ELE-3-1_0+1_20220806_201849.wav,1247
BU,Elevation Gradients,1109,ELE-5-2,238239,,2022-08-07 04:45:00,488080,180s 1SPT,Transcribed,"",,,,,,,,No daily weather within 165km,"","",,,,,,,,,,,,,,,,-7.77,-33.08,2,0.031854,-0.63974,0.765259,-2.32,-33.08,-52.38,2,0.005544,-0.020538,0.027771,-31.13,https://portal.wildtrax.ca/home/aru-tasks/recording.html?taskId=450206,ELE-5-2_20220807_044500.wav,532
BU,Elevation Gradients,1109,ELE-6-7,238291,,2022-08-07 04:45:00,397911,180s 1SPT,Bad Weather,"",,,,,,,,No daily weather within 165km,"","",,,,,,,,,,,,,,,,-0.21,-35.31,,0.024592,-1,0.999969,0,-0.24,-38.42,,0.008759,-1,0.999969,0,https://portal.wildtrax.ca/home/aru-tasks/recording.html?taskId=373710,ELE-6-7_20220807_044500.wav,1247
BU,Elevation Gradients,1109,ELE-5-1,238243,,2022-08-07 06:14:00,487960,180s 1SPT,Transcribed,"",,,,,,,,No daily weather within 165km,"","",,,,,,,,,,,,,,,,-29.03,-32.36,2,0.029474,-0.021271,0.091797,-20.74,-26.78,-40.37,2,0.021723,-0.031708,0.076599,-22.32,https://portal.wildtrax.ca/home/aru-tasks/recording.html?taskId=450086,ELE-5-1_0+1_20220807_061400.wav,1242
BU,Elevation Gradients,1109,ELE-4-5,238285,,2022-08-07 07:45:00,397789,180s 1SPT,Transcribed,"",,,,,,,,No daily weather within 165km,"","",,,,,,,,,,,,,,,,-0.14,-24.44,,0.048053,-1,0.999969,0,-0.11,-22.41,,0.037007,-1,0.999969,0,https://portal.wildtrax.ca/home/aru-tasks/recording.html?taskId=373588,ELE-4-5_20220807_074500.wav,1269
BU,Elevation Gradients,1109,ELE-6-3,238233,,2022-08-07 20:23:00,397776,180s 1SPT,Transcribed,"",,,,,,,,No daily weather within 165km,"","",,,,,,,,,,,,,,,,-25.5,-29.4,2,0.040098,-0.004791,0.083282,-21.59,-20.58,-30.96,2,0.04618,-0.047882,0.135803,-17.34,https://portal.wildtrax.ca/home/aru-tasks/recording.html?taskId=373575,ELE-6-3_0+1_20220807_202300.wav,1234
BU,Elevation Gradients,1109,ELE-7-4,238225,,2022-08-07 20:25:00,397700,180s 1SPT,Transcribed,"",,,,,,,,No daily weather within 165km,"","",,,,,,,,,,,,,,,,-6.28,-44.57,2,0.000338,-0.822845,0.819885,-1.69,-9.88,-43.44,2,0.005671,-0.541565,0.600372,-4.43,https://portal.wildtrax.ca/home/aru-tasks/recording.html?taskId=373499,ELE-7-4_20220807_202500.wav,1269
BU,Elevation Gradients,1109,ELE-6-4,238232,,2022-08-08 04:46:00,397925,180s 1SPT,Transcribed,"",,,,,,,,No daily weather within 165km,"","",,,,,,,,,,,,,,,,-5.66,-38.25,2,0.022982,-0.864044,0.895172,-0.96,-8.32,-38,2,0.028264,-0.934601,0.892303,-0.59,https://portal.wildtrax.ca/home/aru-tasks/recording.html?taskId=373724,ELE-6-4_20220808_044600.wav,1269
BU,Elevation Gradients,1109,ELE-11-1,238264,,2022-08-08 05:46:00,488125,180s 1SPT,Transcribed,20km,10.30,30.90,20.60,,,0.00,,BEAVER MINES,1257.00m,20km,,,,,,,,,,,,,,,,-13.76,-35.92,2,0.024688,-0.343567,0.369568,-8.65,-20.25,-30.42,2,0.04223,-0.173767,0.171478,-15.2,https://portal.wildtrax.ca/home/aru-tasks/recording.html?taskId=450251,ELE-11-1_0+1_20220808_054600.wav,1224
BU,Elevation Gradients,1109,ELE-14-6N,238254,,2022-08-08 05:46:00,488130,180s 1SPT,Bad Weather,"",,,,,,,,No daily weather within 165km,"","",,,,,,,,,,,,,,,,-0.23,-22.99,,0.016378,-1,0.999969,0,-0.08,-17.96,,0.027427,-1,0.999969,0,https://portal.wildtrax.ca/home/aru-tasks/recording.html?taskId=450256,ELE-14-6N_20220808_054600.wav,1234
BU,Elevation Gradients,1109,ELE-15-6,238251,,2022-08-08 06:46:00,488211,180s 1SPT,Transcribed,"",,,,,,,,No daily weather within 165km,"","",,,,,,,,,,,,,,,,-14.74,-40.26,2,0.023594,-0.33139,0.355591,-8.98,-7.21,-39.45,2,0.022635,-0.630951,0.6875,-3.25,https://portal.wildtrax.ca/home/aru-tasks/recording.html?taskId=450337,ELE-15-6_20220808_064600.wav,1247
BU,Elevation Gradients,1109,ELE-6-3,238233,,2022-08-09 04:47:00,397735,180s 1SPT,Transcribed,"",,,,,,,,No daily weather within 165km,"","",,,,,,,,,,,,,,,,-27.33,-28.05,2,0.040475,0,0.075775,-22.41,-26.27,-27.06,2,0.046275,0,0.059601,-24.49,https://portal.wildtrax.ca/home/aru-tasks/recording.html?taskId=373534,ELE-6-3_0+1_20220809_044700.wav,1269
BU,Elevation Gradients,1109,ELE-11-6N,238261,,2022-08-09 07:48:00,488219,180s 1SPT,Transcribed,"",,,,,,,,No daily weather within 165km,"","",,,,,,,,,,,,,,,,-28.7,-36.79,3,0.020771,-0.013733,0.063049,-24.01,-28.96,-30.33,2,0.032848,0.011505,0.054352,-25.3,https://portal.wildtrax.ca/home/aru-tasks/recording.html?taskId=450345,ELE-11-6N_20220809_074800.wav,1242
BU,Elevation Gradients,1109,ELE-5-2,238239,,2022-08-10 06:19:00,488216,180s 1SPT,Transcribed,"",,,,,,,,No daily weather within 165km,"","",,,,,,,,,,,,,,,,-12.19,-33.52,2,0.032064,-0.441711,0.528168,-5.54,-23.92,-52.04,2,0.005419,-0.069763,0.086578,-21.25,https://portal.wildtrax.ca/home/aru-tasks/recording.html?taskId=450342,ELE-5-2_20220810_061900.wav,1269
BU,Elevation Gradients,1109,ELE-4-5,238285,,2022-08-10 07:49:00,397839,180s 1SPT,Transcribed,"",,,,,,,,No daily weather within 165km,"","",,,,,,,,,,,,,,,,-21.32,-29.38,2,0.046594,-0.036926,0.146698,-16.67,-21.51,-36.69,2,0.029546,-0.059784,0.119232,-18.47,https://portal.wildtrax.ca/home/aru-tasks/recording.html?taskId=373638,ELE-4-5_20220810_074900.wav,1234
BU,Elevation Gradients,1109,ELE-6-4,238232,,2022-08-10 07:49:00,397797,180s 1SPT,Transcribed,"",,,,,,,,No daily weather within 165km,"","",,,,,,,,,,,,,,,,-30.94,-34.07,2,0.022864,-0.035126,0.083038,-21.61,-29.42,-32.41,2,0.028199,-0.032654,0.092346,-20.69,https://portal.wildtrax.ca/home/aru-tasks/recording.html?taskId=373596,ELE-6-4_20220810_074900.wav,1224
BU,Elevation Gradients,1109,ELE-6-7,238291,,2022-08-10 22:11:00,397928,180s 1SPT,Transcribed,"",,,,,,,,No daily weather within 165km,"","",,,,,,,,,,,,,,,,-0.15,-18.65,,0.032768,-1,0.999969,0,-0.12,-17.24,,0.021515,-1,0.999969,0,https://portal.wildtrax.ca/home/aru-tasks/recording.html?taskId=373727,ELE-6-7_20220810_221100.wav,1269
BU,Elevation Gradients,1109,ELE-7-4,238225,,2022-08-11 04:53:00,397832,180s 1SPT,Transcribed,"",,,,,,,,No daily weather within 165km,"","",,,,,,,,,,,,,,,,-12.3,-46.16,2,0.000279,-0.440125,0.325836,-7.13,-9.9,-43.75,2,0.005801,-0.628571,0.671112,-3.46,https://portal.wildtrax.ca/home/aru-tasks/recording.html?taskId=373631,ELE-7-4_20220811_045300.wav,1247
BU,Elevation Gradients,1109,ELE-5-6,238288,,2022-08-11 06:51:00,488260,180s 1SPT,Transcribed,19km,12.10,28.10,20.10,,,0.60,,NORDEGG CS,1332.00m,19km,,,,,,,,,,,,,,,,-14.69,-37.27,2,0.028341,-0.438507,0.295624,-7.16,-5.85,-35.97,727,0.034447,-1,0.999969,0,https://portal.wildtrax.ca/home/aru-tasks/recording.html?taskId=450386,ELE-5-6_20220811_065100.wav,1269
BU,Elevation Gradients,1109,ELE-11-2,238263,,2022-08-12 06:22:00,487920,180s 1SPT,Transcribed,21km,11.70,30.10,20.90,,,0.00,,BEAVER MINES,1257.00m,21km,,,,,,,,,,,,,,,,-26.08,-30.46,3,0.037863,0.004547,0.062195,-24.12,-26.53,-36.17,2,0.026395,-0.016907,0.071106,-22.96,https://portal.wildtrax.ca/home/aru-tasks/recording.html?taskId=450046,ELE-11-2_20220812_062200.wav,533
BU,Elevation Gradients,1109,ELE-14-6N,238254,,2022-08-12 07:52:00,488170,180s 1SPT,Transcribed,"",,,,,,,,No daily weather within 165km,"","",,,,,,,,,,,,,,,,-33.67,-39.37,2,0.014737,0.00174,0.028046,-31.04,-35.55,-42.88,2,0.010546,0.000977,0.021851,-33.21,https://portal.wildtrax.ca/home/aru-tasks/recording.html?taskId=450296,ELE-14-6N_20220812_075200.wav,1269
BU,Elevation Gradients,1109,ELE-5-1,238243,,2022-08-12 08:52:00,488049,180s 1SPT,Transcribed,"",,,,,,,,No daily weather within 165km,"","",,,,,,,,,,,,,,,,-25.79,-32.9,2,0.029501,-0.031677,0.089355,-20.98,-23.75,-40.22,2,0.021686,-0.087616,0.105591,-19.53,https://portal.wildtrax.ca/home/aru-tasks/recording.html?taskId=450175,ELE-5-1_0+1_20220812_085200.wav,1242
BU,Elevation Gradients,1109,ELE-14-6N,238254,,2022-08-12 20:07:00,487887,180s 1SPT,Transcribed,"",,,,,,,,No daily weather within 165km,"","",,,,,,,,,,,,,,,,-1.09,-37.42,,0.014239,-1,0.999969,0,-1.21,-41.56,,0.010298,-1,0.999969,0,https://portal.wildtrax.ca/home/aru-tasks/recording.html?taskId=450013,ELE-14-6N_20220812_200700.wav,1242
BU,Elevation Gradients,1109,ELE-7-1,238230,,2022-08-13 07:57:00,397703,180s 1SPT,Transcribed,"",,,,,,,,No daily weather within 165km,"","",,,,,,,,,,,,,,,,-26.42,-39.98,2,0.016301,-0.129852,0.17038,-15.37,-28,-40.46,2,0.015717,-0.064911,0.116089,-18.7,https://portal.wildtrax.ca/home/aru-tasks/recording.html?taskId=373502,ELE-7-1_0+1_20220813_075700.wav,1234
BU,Elevation Gradients,1109,ELE-7-1,238230,,2022-08-14 07:03:43,397758,257s 1SPT,Transcribed,66km,5.10,26.30,15.70,,,0.20,,NORDEGG CS,1332.00m,58km,,,,,,,,,,,,,,,,-27.52,-38.32,2,0.016297,-0.103943,0.147736,-16.61,-29.99,-38.6,2,0.01597,-0.072845,0.110718,-19.12,https://portal.wildtrax.ca/home/aru-tasks/recording.html?taskId=373557,ELE-7-1_0+1_20220814_070343.wav,660
BU,Elevation Gradients,1109,ELE-15-6,238251,,2022-08-15 06:57:00,488168,180s 1SPT,Transcribed,45km,9.70,29.70,19.70,,,,,PEKISKO,1415.00m,13km,,,,,,,,,,,,,,,,-30.51,-34.57,2,0.023732,-0.018036,0.067627,-23.4,-30.58,-34.56,2,0.022662,-0.066467,0.113129,-18.93,https://portal.wildtrax.ca/home/aru-tasks/recording.html?taskId=450294,ELE-15-6_20220815_065700.wav,1247
BU,Elevation Gradients,1109,ELE-6-3,238233,,2022-08-15 22:07:00,397631,180s 1SPT,Transcribed,32km,4.00,25.30,14.70,,,0.40,,NORDEGG CS,1332.00m,32km,,,,,,,,,,,,,,,,-26.2,-28.9,2,0.040329,-0.000793,0.082153,-21.71,-25.51,-27.93,2,0.046284,0,0.068054,-23.34,https://portal.wildtrax.ca/home/aru-tasks/recording.html?taskId=373430,ELE-6-3_0+1_20220815_220700.wav,1242
BU,Elevation Gradients,1109,ELE-5-1,238243,,2022-08-30 06:21:00,488278,180s 1SPT,Transcribed,"",,,,,,,,No daily weather within 165km,"","",,,,,,,,,,,,,,,,-27.67,-32.31,2,0.029398,-0.000214,0.065155,-23.72,-25.56,-40.81,2,0.021787,-0.024261,0.079987,-21.94,https://portal.wildtrax.ca/home/aru-tasks/recording.html?taskId=450404,ELE-5-1_0+1_20220830_062100.wav,1269
