organization,location,location_id,project,project_id,recording_date_time,recording_id,recording_length,scientific_name,species_common_name,species_code,start_s,end_s,confidence,is_species_allowed_in_project,version
PC,WLNP-1-1,873,General Community Waterton Lakes National Park 2018,10,2018-06-28 05:21:00,7057,180,Emberiza cirlus,Cirl Bunting,EMBCIR,0.00,3.00,45.2,t,lite
PC,WLNP-1-1,873,General Community Waterton Lakes National Park 2018,10,2018-06-28 05:21:00,7057,180,Junco hyemalis,Dark-eyed Junco,DEJU,0.00,3.00,34.3,t,lite
PC,WLNP-1-1,873,General Community Waterton Lakes National Park 2018,10,2018-06-28 05:21:00,7057,180,Emberiza cirlus,Cirl Bunting,EMBCIR,3.00,6.00,43.6,t,lite
PC,WLNP-1-1,873,General Community Waterton Lakes National Park 2018,10,2018-06-28 05:21:00,7057,180,Junco hyemalis,Dark-eyed Junco,DEJU,3.00,6.00,44.6,t,lite
PC,WLNP-1-1,873,General Community Waterton Lakes National Park 2018,10,2018-06-28 05:21:00,7057,180,Emberiza cirlus,Cirl Bunting,EMBCIR,9.00,12.00,57.4,t,lite
PC,WLNP-1-1,873,General Community Waterton Lakes National Park 2018,10,2018-06-28 05:21:00,7057,180,Junco hyemalis,Dark-eyed Junco,DEJU,9.00,12.00,43.3,t,lite
PC,WLNP-1-1,873,General Community Waterton Lakes National Park 2018,10,2018-06-28 05:21:00,7057,180,Emberiza cirlus,Cirl Bunting,EMBCIR,12.00,15.00,61.0,t,lite
PC,WLNP-1-1,873,General Community Waterton Lakes National Park 2018,10,2018-06-28 05:21:00,7057,180,Junco hyemalis,Dark-eyed Junco,DEJU,12.00,15.00,43.3,t,lite
PC,WLNP-1-1,873,General Community Waterton Lakes National Park 2018,10,2018-06-28 05:21:00,7057,180,Junco hyemalis,Dark-eyed Junco,DEJU,15.00,18.00,36.8,t,lite
PC,WLNP-1-1,873,General Community Waterton Lakes National Park 2018,10,2018-06-28 05:21:00,7057,180,Emberiza cirlus,Cirl Bunting,EMBCIR,15.00,18.00,51.4,t,lite
PC,WLNP-1-1,873,General Community Waterton Lakes National Park 2018,10,2018-06-28 05:21:00,7057,180,Emberiza cirlus,Cirl Bunting,EMBCIR,21.00,24.00,40.2,t,lite
PC,WLNP-1-1,873,General Community Waterton Lakes National Park 2018,10,2018-06-28 05:21:00,7057,180,Junco hyemalis,Dark-eyed Junco,DEJU,24.00,27.00,26.3,t,lite
PC,WLNP-1-1,873,General Community Waterton Lakes National Park 2018,10,2018-06-28 05:21:00,7057,180,Emberiza cirlus,Cirl Bunting,EMBCIR,24.00,27.00,49.7,t,lite
PC,WLNP-1-1,873,General Community Waterton Lakes National Park 2018,10,2018-06-28 05:21:00,7057,180,Junco hyemalis,Dark-eyed Junco,DEJU,27.00,30.00,48.7,t,lite
PC,WLNP-1-1,873,General Community Waterton Lakes National Park 2018,10,2018-06-28 05:21:00,7057,180,Emberiza cirlus,Cirl Bunting,EMBCIR,27.00,30.00,50.6,t,lite
PC,WLNP-1-1,873,General Community Waterton Lakes National Park 2018,10,2018-06-28 05:21:00,7057,180,Emberiza cirlus,Cirl Bunting,EMBCIR,33.00,36.00,44.4,t,lite
PC,WLNP-1-1,873,General Community Waterton Lakes National Park 2018,10,2018-06-28 05:21:00,7057,180,Junco hyemalis,Dark-eyed Junco,DEJU,33.00,36.00,35.6,t,lite
PC,WLNP-1-1,873,General Community Waterton Lakes National Park 2018,10,2018-06-28 05:21:00,7057,180,Emberiza cirlus,Cirl Bunting,EMBCIR,36.00,39.00,45.1,t,lite
PC,WLNP-1-1,873,General Community Waterton Lakes National Park 2018,10,2018-06-28 05:21:00,7057,180,Junco hyemalis,Dark-eyed Junco,DEJU,36.00,39.00,30.1,t,lite
PC,WLNP-1-1,873,General Community Waterton Lakes National Park 2018,10,2018-06-28 05:21:00,7057,180,Junco hyemalis,Dark-eyed Junco,DEJU,39.00,42.00,33.1,t,lite
PC,WLNP-1-1,873,General Community Waterton Lakes National Park 2018,10,2018-06-28 05:21:00,7057,180,Emberiza cirlus,Cirl Bunting,EMBCIR,39.00,42.00,43.6,t,lite
PC,WLNP-1-1,873,General Community Waterton Lakes National Park 2018,10,2018-06-28 05:21:00,7057,180,Emberiza cirlus,Cirl Bunting,EMBCIR,42.00,45.00,37.0,t,lite
PC,WLNP-1-1,873,General Community Waterton Lakes National Park 2018,10,2018-06-28 05:21:00,7057,180,Junco hyemalis,Dark-eyed Junco,DEJU,42.00,45.00,26.3,t,lite
PC,WLNP-1-1,873,General Community Waterton Lakes National Park 2018,10,2018-06-28 05:21:00,7057,180,Junco hyemalis,Dark-eyed Junco,DEJU,45.00,48.00,40.9,t,lite
PC,WLNP-1-1,873,General Community Waterton Lakes National Park 2018,10,2018-06-28 05:21:00,7057,180,Emberiza cirlus,Cirl Bunting,EMBCIR,45.00,48.00,53.8,t,lite
PC,WLNP-1-1,873,General Community Waterton Lakes National Park 2018,10,2018-06-28 05:21:00,7057,180,Junco hyemalis,Dark-eyed Junco,DEJU,48.00,51.00,36.7,t,lite
PC,WLNP-1-1,873,General Community Waterton Lakes National Park 2018,10,2018-06-28 05:21:00,7057,180,Emberiza cirlus,Cirl Bunting,EMBCIR,48.00,51.00,47.8,t,lite
PC,WLNP-1-1,873,General Community Waterton Lakes National Park 2018,10,2018-06-28 05:21:00,7057,180,Emberiza cirlus,Cirl Bunting,EMBCIR,51.00,54.00,43.8,t,lite
PC,WLNP-1-1,873,General Community Waterton Lakes National Park 2018,10,2018-06-28 05:21:00,7057,180,Pipilo erythrophthalmus,Eastern Towhee,EATO,54.00,57.00,33.3,t,lite
PC,WLNP-1-1,873,General Community Waterton Lakes National Park 2018,10,2018-06-28 05:21:00,7057,180,Emberiza cirlus,Cirl Bunting,EMBCIR,54.00,57.00,42.9,t,lite
PC,WLNP-1-1,873,General Community Waterton Lakes National Park 2018,10,2018-06-28 05:21:00,7057,180,Camptostoma obsoletum,Southern Beardless-Tyrannulet,SOBT,54.00,57.00,27.2,t,lite
PC,WLNP-1-1,873,General Community Waterton Lakes National Park 2018,10,2018-06-28 05:21:00,7057,180,Junco hyemalis,Dark-eyed Junco,DEJU,54.00,57.00,48.7,t,lite
PC,WLNP-1-1,873,General Community Waterton Lakes National Park 2018,10,2018-06-28 05:21:00,7057,180,Emberiza cirlus,Cirl Bunting,EMBCIR,57.00,60.00,27.5,t,lite
PC,WLNP-1-1,873,General Community Waterton Lakes National Park 2018,10,2018-06-28 05:21:00,7057,180,Junco hyemalis,Dark-eyed Junco,DEJU,57.00,60.00,25.6,t,lite
PC,WLNP-1-1,873,General Community Waterton Lakes National Park 2018,10,2018-06-28 05:21:00,7057,180,Junco hyemalis,Dark-eyed Junco,DEJU,60.00,63.00,52.1,t,lite
PC,WLNP-1-1,873,General Community Waterton Lakes National Park 2018,10,2018-06-28 05:21:00,7057,180,Emberiza cirlus,Cirl Bunting,EMBCIR,60.00,63.00,59.1,t,lite
PC,WLNP-1-1,873,General Community Waterton Lakes National Park 2018,10,2018-06-28 05:21:00,7057,180,Junco hyemalis,Dark-eyed Junco,DEJU,63.00,66.00,51.9,t,lite
PC,WLNP-1-1,873,General Community Waterton Lakes National Park 2018,10,2018-06-28 05:21:00,7057,180,Emberiza cirlus,Cirl Bunting,EMBCIR,63.00,66.00,52.2,t,lite
PC,WLNP-1-1,873,General Community Waterton Lakes National Park 2018,10,2018-06-28 05:21:00,7057,180,Junco hyemalis,Dark-eyed Junco,DEJU,66.00,69.00,38.3,t,lite
PC,WLNP-1-1,873,General Community Waterton Lakes National Park 2018,10,2018-06-28 05:21:00,7057,180,Emberiza cirlus,Cirl Bunting,EMBCIR,66.00,69.00,39.6,t,lite
PC,WLNP-1-1,873,General Community Waterton Lakes National Park 2018,10,2018-06-28 05:21:00,7057,180,Emberiza cirlus,Cirl Bunting,EMBCIR,69.00,72.00,42.1,t,lite
PC,WLNP-1-1,873,General Community Waterton Lakes National Park 2018,10,2018-06-28 05:21:00,7057,180,Junco hyemalis,Dark-eyed Junco,DEJU,69.00,72.00,35.5,t,lite
PC,WLNP-1-1,873,General Community Waterton Lakes National Park 2018,10,2018-06-28 05:21:00,7057,180,Emberiza cirlus,Cirl Bunting,EMBCIR,72.00,75.00,47.9,t,lite
PC,WLNP-1-1,873,General Community Waterton Lakes National Park 2018,10,2018-06-28 05:21:00,7057,180,Junco hyemalis,Dark-eyed Junco,DEJU,72.00,75.00,46.2,t,lite
PC,WLNP-1-1,873,General Community Waterton Lakes National Park 2018,10,2018-06-28 05:21:00,7057,180,Emberiza cirlus,Cirl Bunting,EMBCIR,75.00,78.00,58.0,t,lite
PC,WLNP-1-1,873,General Community Waterton Lakes National Park 2018,10,2018-06-28 05:21:00,7057,180,Junco hyemalis,Dark-eyed Junco,DEJU,75.00,78.00,49.0,t,lite
PC,WLNP-1-1,873,General Community Waterton Lakes National Park 2018,10,2018-06-28 05:21:00,7057,180,Junco hyemalis,Dark-eyed Junco,DEJU,78.00,81.00,28.2,t,lite
PC,WLNP-1-1,873,General Community Waterton Lakes National Park 2018,10,2018-06-28 05:21:00,7057,180,Emberiza cirlus,Cirl Bunting,EMBCIR,78.00,81.00,47.2,t,lite
PC,WLNP-1-1,873,General Community Waterton Lakes National Park 2018,10,2018-06-28 05:21:00,7057,180,Emberiza cirlus,Cirl Bunting,EMBCIR,81.00,84.00,39.7,t,lite
PC,WLNP-1-1,873,General Community Waterton Lakes National Park 2018,10,2018-06-28 05:21:00,7057,180,Junco hyemalis,Dark-eyed Junco,DEJU,81.00,84.00,40.6,t,lite
PC,WLNP-1-1,873,General Community Waterton Lakes National Park 2018,10,2018-06-28 05:21:00,7057,180,Junco hyemalis,Dark-eyed Junco,DEJU,84.00,87.00,36.4,t,lite
PC,WLNP-1-1,873,General Community Waterton Lakes National Park 2018,10,2018-06-28 05:21:00,7057,180,Emberiza cirlus,Cirl Bunting,EMBCIR,84.00,87.00,39.1,t,lite
PC,WLNP-1-1,873,General Community Waterton Lakes National Park 2018,10,2018-06-28 05:21:00,7057,180,Emberiza cirlus,Cirl Bunting,EMBCIR,87.00,90.00,45.4,t,lite
PC,WLNP-1-1,873,General Community Waterton Lakes National Park 2018,10,2018-06-28 05:21:00,7057,180,Junco hyemalis,Dark-eyed Junco,DEJU,87.00,90.00,38.0,t,lite
PC,WLNP-1-1,873,General Community Waterton Lakes National Park 2018,10,2018-06-28 05:21:00,7057,180,Junco hyemalis,Dark-eyed Junco,DEJU,90.00,93.00,32.9,t,lite
PC,WLNP-1-1,873,General Community Waterton Lakes National Park 2018,10,2018-06-28 05:21:00,7057,180,Emberiza cirlus,Cirl Bunting,EMBCIR,90.00,93.00,41.7,t,lite
PC,WLNP-1-1,873,General Community Waterton Lakes National Park 2018,10,2018-06-28 05:21:00,7057,180,Junco hyemalis,Dark-eyed Junco,DEJU,93.00,96.00,47.8,t,lite
PC,WLNP-1-1,873,General Community Waterton Lakes National Park 2018,10,2018-06-28 05:21:00,7057,180,Emberiza cirlus,Cirl Bunting,EMBCIR,93.00,96.00,63.8,t,lite
PC,WLNP-1-1,873,General Community Waterton Lakes National Park 2018,10,2018-06-28 05:21:00,7057,180,Emberiza cirlus,Cirl Bunting,EMBCIR,96.00,99.00,41.6,t,lite
PC,WLNP-1-1,873,General Community Waterton Lakes National Park 2018,10,2018-06-28 05:21:00,7057,180,Camptostoma obsoletum,Southern Beardless-Tyrannulet,SOBT,96.00,99.00,25.9,t,lite
PC,WLNP-1-1,873,General Community Waterton Lakes National Park 2018,10,2018-06-28 05:21:00,7057,180,Junco hyemalis,Dark-eyed Junco,DEJU,96.00,99.00,50.1,t,lite
PC,WLNP-1-1,873,General Community Waterton Lakes National Park 2018,10,2018-06-28 05:21:00,7057,180,Emberiza cirlus,Cirl Bunting,EMBCIR,99.00,102.00,53.1,t,lite
PC,WLNP-1-1,873,General Community Waterton Lakes National Park 2018,10,2018-06-28 05:21:00,7057,180,Junco hyemalis,Dark-eyed Junco,DEJU,99.00,102.00,40.6,t,lite
PC,WLNP-1-1,873,General Community Waterton Lakes National Park 2018,10,2018-06-28 05:21:00,7057,180,Pipilo erythrophthalmus,Eastern Towhee,EATO,102.00,105.00,27.0,t,lite
PC,WLNP-1-1,873,General Community Waterton Lakes National Park 2018,10,2018-06-28 05:21:00,7057,180,Junco hyemalis,Dark-eyed Junco,DEJU,102.00,105.00,25.9,t,lite
PC,WLNP-1-1,873,General Community Waterton Lakes National Park 2018,10,2018-06-28 05:21:00,7057,180,Junco hyemalis,Dark-eyed Junco,DEJU,105.00,108.00,45.3,t,lite
PC,WLNP-1-1,873,General Community Waterton Lakes National Park 2018,10,2018-06-28 05:21:00,7057,180,Emberiza cirlus,Cirl Bunting,EMBCIR,105.00,108.00,46.6,t,lite
PC,WLNP-1-1,873,General Community Waterton Lakes National Park 2018,10,2018-06-28 05:21:00,7057,180,Junco hyemalis,Dark-eyed Junco,DEJU,108.00,111.00,34.4,t,lite
PC,WLNP-1-1,873,General Community Waterton Lakes National Park 2018,10,2018-06-28 05:21:00,7057,180,Emberiza cirlus,Cirl Bunting,EMBCIR,108.00,111.00,52.4,t,lite
PC,WLNP-1-1,873,General Community Waterton Lakes National Park 2018,10,2018-06-28 05:21:00,7057,180,Junco hyemalis,Dark-eyed Junco,DEJU,111.00,114.00,42.9,t,lite
PC,WLNP-1-1,873,General Community Waterton Lakes National Park 2018,10,2018-06-28 05:21:00,7057,180,Emberiza cirlus,Cirl Bunting,EMBCIR,111.00,114.00,39.3,t,lite
PC,WLNP-1-1,873,General Community Waterton Lakes National Park 2018,10,2018-06-28 05:21:00,7057,180,Melozone fusca,Canyon Towhee,CANT,117.00,120.00,28.2,t,lite
PC,WLNP-1-1,873,General Community Waterton Lakes National Park 2018,10,2018-06-28 05:21:00,7057,180,Junco hyemalis,Dark-eyed Junco,DEJU,117.00,120.00,47.1,t,lite
PC,WLNP-1-1,873,General Community Waterton Lakes National Park 2018,10,2018-06-28 05:21:00,7057,180,Emberiza cirlus,Cirl Bunting,EMBCIR,117.00,120.00,52.8,t,lite
PC,WLNP-1-1,873,General Community Waterton Lakes National Park 2018,10,2018-06-28 05:21:00,7057,180,Junco hyemalis,Dark-eyed Junco,DEJU,120.00,123.00,46.2,t,lite
PC,WLNP-1-1,873,General Community Waterton Lakes National Park 2018,10,2018-06-28 05:21:00,7057,180,Asthenes helleri,,,120.00,123.00,30.8,f,lite
PC,WLNP-1-1,873,General Community Waterton Lakes National Park 2018,10,2018-06-28 05:21:00,7057,180,Emberiza cirlus,Cirl Bunting,EMBCIR,120.00,123.00,38.1,t,lite
PC,WLNP-1-1,873,General Community Waterton Lakes National Park 2018,10,2018-06-28 05:21:00,7057,180,Emberiza cirlus,Cirl Bunting,EMBCIR,123.00,126.00,33.5,t,lite
PC,WLNP-1-1,873,General Community Waterton Lakes National Park 2018,10,2018-06-28 05:21:00,7057,180,Emberiza cirlus,Cirl Bunting,EMBCIR,126.00,129.00,63.5,t,lite
PC,WLNP-1-1,873,General Community Waterton Lakes National Park 2018,10,2018-06-28 05:21:00,7057,180,Junco hyemalis,Dark-eyed Junco,DEJU,126.00,129.00,57.4,t,lite
PC,WLNP-1-1,873,General Community Waterton Lakes National Park 2018,10,2018-06-28 05:21:00,7057,180,Junco hyemalis,Dark-eyed Junco,DEJU,129.00,132.00,28.5,t,lite
PC,WLNP-1-1,873,General Community Waterton Lakes National Park 2018,10,2018-06-28 05:21:00,7057,180,Emberiza cirlus,Cirl Bunting,EMBCIR,129.00,132.00,35.9,t,lite
PC,WLNP-1-1,873,General Community Waterton Lakes National Park 2018,10,2018-06-28 05:21:00,7057,180,Junco hyemalis,Dark-eyed Junco,DEJU,135.00,138.00,42.8,t,lite
PC,WLNP-1-1,873,General Community Waterton Lakes National Park 2018,10,2018-06-28 05:21:00,7057,180,Emberiza cirlus,Cirl Bunting,EMBCIR,135.00,138.00,53.3,t,lite
PC,WLNP-1-1,873,General Community Waterton Lakes National Park 2018,10,2018-06-28 05:21:00,7057,180,Emberiza cirlus,Cirl Bunting,EMBCIR,138.00,141.00,29.0,t,lite
PC,WLNP-1-1,873,General Community Waterton Lakes National Park 2018,10,2018-06-28 05:21:00,7057,180,Junco hyemalis,Dark-eyed Junco,DEJU,138.00,141.00,28.0,t,lite
PC,WLNP-1-1,873,General Community Waterton Lakes National Park 2018,10,2018-06-28 05:21:00,7057,180,Emberiza cirlus,Cirl Bunting,EMBCIR,141.00,144.00,48.4,t,lite
PC,WLNP-1-1,873,General Community Waterton Lakes National Park 2018,10,2018-06-28 05:21:00,7057,180,Junco hyemalis,Dark-eyed Junco,DEJU,141.00,144.00,43.2,t,lite
PC,WLNP-1-1,873,General Community Waterton Lakes National Park 2018,10,2018-06-28 05:21:00,7057,180,Emberiza cirlus,Cirl Bunting,EMBCIR,147.00,150.00,35.0,t,lite
PC,WLNP-1-1,873,General Community Waterton Lakes National Park 2018,10,2018-06-28 05:21:00,7057,180,Emberiza cirlus,Cirl Bunting,EMBCIR,150.00,153.00,54.1,t,lite
PC,WLNP-1-1,873,General Community Waterton Lakes National Park 2018,10,2018-06-28 05:21:00,7057,180,Junco hyemalis,Dark-eyed Junco,DEJU,150.00,153.00,52.0,t,lite
PC,WLNP-1-1,873,General Community Waterton Lakes National Park 2018,10,2018-06-28 05:21:00,7057,180,Junco hyemalis,Dark-eyed Junco,DEJU,153.00,156.00,43.5,t,lite
PC,WLNP-1-1,873,General Community Waterton Lakes National Park 2018,10,2018-06-28 05:21:00,7057,180,Emberiza cirlus,Cirl Bunting,EMBCIR,153.00,156.00,59.9,t,lite
PC,WLNP-1-1,873,General Community Waterton Lakes National Park 2018,10,2018-06-28 05:21:00,7057,180,Emberiza cirlus,Cirl Bunting,EMBCIR,159.00,162.00,47.5,t,lite
PC,WLNP-1-1,873,General Community Waterton Lakes National Park 2018,10,2018-06-28 05:21:00,7057,180,Junco hyemalis,Dark-eyed Junco,DEJU,159.00,162.00,29.0,t,lite
PC,WLNP-1-1,873,General Community Waterton Lakes National Park 2018,10,2018-06-28 05:21:00,7057,180,Emberiza cirlus,Cirl Bunting,EMBCIR,162.00,165.00,48.3,t,lite
PC,WLNP-1-1,873,General Community Waterton Lakes National Park 2018,10,2018-06-28 05:21:00,7057,180,Junco hyemalis,Dark-eyed Junco,DEJU,162.00,165.00,38.1,t,lite
PC,WLNP-1-1,873,General Community Waterton Lakes National Park 2018,10,2018-06-28 05:21:00,7057,180,Junco hyemalis,Dark-eyed Junco,DEJU,165.00,168.00,32.7,t,lite
PC,WLNP-1-1,873,General Community Waterton Lakes National Park 2018,10,2018-06-28 05:21:00,7057,180,Emberiza cirlus,Cirl Bunting,EMBCIR,165.00,168.00,42.7,t,lite
PC,WLNP-1-1,873,General Community Waterton Lakes National Park 2018,10,2018-06-28 05:21:00,7057,180,Emberiza cirlus,Cirl Bunting,EMBCIR,168.00,171.00,40.0,t,lite
PC,WLNP-1-1,873,General Community Waterton Lakes National Park 2018,10,2018-06-28 05:21:00,7057,180,Junco hyemalis,Dark-eyed Junco,DEJU,168.00,171.00,29.9,t,lite
PC,WLNP-1-1,873,General Community Waterton Lakes National Park 2018,10,2018-06-28 05:21:00,7057,180,Emberiza cirlus,Cirl Bunting,EMBCIR,174.00,177.00,53.4,t,lite
PC,WLNP-1-1,873,General Community Waterton Lakes National Park 2018,10,2018-06-28 05:21:00,7057,180,Junco hyemalis,Dark-eyed Junco,DEJU,174.00,177.00,48.3,t,lite
PC,WLNP-1-1,873,General Community Waterton Lakes National Park 2018,10,2018-06-28 05:21:00,7057,180,Junco hyemalis,Dark-eyed Junco,DEJU,177.00,180.00,40.5,t,lite
PC,WLNP-1-1,873,General Community Waterton Lakes National Park 2018,10,2018-06-28 05:21:00,7057,180,Emberiza cirlus,Cirl Bunting,EMBCIR,177.00,180.00,46.3,t,lite
PC,WLNP-1-1,873,General Community Waterton Lakes National Park 2018,10,2018-07-01 04:53:00,6992,180,Catharus guttatus,Hermit Thrush,HETH,45.00,48.00,27.0,t,lite
PC,WLNP-1-1,873,General Community Waterton Lakes National Park 2018,10,2018-07-01 04:53:00,6992,180,Catharus guttatus,Hermit Thrush,HETH,54.00,57.00,56.8,t,lite
PC,WLNP-1-1,873,General Community Waterton Lakes National Park 2018,10,2018-07-01 04:53:00,6992,180,Catharus fuscater,Slaty-backed Nightingale-Thrush,SBNT,54.00,57.00,25.7,t,lite
PC,WLNP-1-1,873,General Community Waterton Lakes National Park 2018,10,2018-07-01 04:53:00,6992,180,Catharus guttatus,Hermit Thrush,HETH,84.00,87.00,25.4,t,lite
PC,WLNP-1-1,873,General Community Waterton Lakes National Park 2018,10,2018-07-01 04:53:00,6992,180,Setophaga pinus,Pine Warbler,PIWA,120.00,123.00,26.6,t,lite
PC,WLNP-1-1,873,General Community Waterton Lakes National Park 2018,10,2018-07-07 04:57:00,6993,180,Tijuca atra,,,54.00,57.00,32.3,f,lite
PC,WLNP-1-1,873,General Community Waterton Lakes National Park 2018,10,2018-07-07 04:57:00,6993,180,Catharus guttatus,Hermit Thrush,HETH,90.00,93.00,26.2,t,lite
PC,WLNP-1-1,873,General Community Waterton Lakes National Park 2018,10,2018-07-07 04:57:00,6993,180,Mystacornis crossleyi,,,102.00,105.00,27.6,f,lite
PC,WLNP-1-1,873,General Community Waterton Lakes National Park 2018,10,2018-07-07 04:57:00,6993,180,Myadestes genibarbis,Rufous-throated Solitaire,RTSO,102.00,105.00,36.1,t,lite
PC,WLNP-1-1,873,General Community Waterton Lakes National Park 2018,10,2018-07-07 04:57:00,6993,180,Cochoa viridis,,,102.00,105.00,35.6,f,lite
PC,WLNP-1-1,873,General Community Waterton Lakes National Park 2018,10,2018-07-07 04:57:00,6993,180,Tijuca atra,,,102.00,105.00,44.2,f,lite
PC,WLNP-1-1,873,General Community Waterton Lakes National Park 2018,10,2018-07-07 04:57:00,6993,180,Ixoreus naevius,Varied Thrush,VATH,102.00,105.00,36.5,t,lite
PC,WLNP-1-1,873,General Community Waterton Lakes National Park 2018,10,2018-07-07 04:57:00,6993,180,Pyrrhula nipalensis,,,114.00,117.00,27.6,f,lite
PC,WLNP-1-1,873,General Community Waterton Lakes National Park 2018,10,2018-07-07 04:57:00,6993,180,Chlorocharis emiliae,,,120.00,123.00,30.5,f,lite
PC,WLNP-1-1,873,General Community Waterton Lakes National Park 2018,10,2018-07-07 04:57:00,6993,180,Pyrrhula nipalensis,,,141.00,144.00,26.6,f,lite
PC,WLNP-1-1,873,General Community Waterton Lakes National Park 2018,10,2018-07-07 04:57:00,6993,180,Catharus guttatus,Hermit Thrush,HETH,141.00,144.00,28.7,t,lite
PC,WLNP-1-1,873,General Community Waterton Lakes National Park 2018,10,2018-07-07 04:57:00,6993,180,Catharus fuscescens,Veery,VEER,144.00,147.00,28.1,t,lite
PC,WLNP-1-1,873,General Community Waterton Lakes National Park 2018,10,2018-07-07 04:57:00,6993,180,Brachypodius urostictus,,,174.00,177.00,28.6,f,lite
PC,WLNP-1-1,873,General Community Waterton Lakes National Park 2018,10,2018-07-09 04:59:00,6994,180,Catharus ustulatus,Swainson's Thrush,SWTH,3.00,6.00,52.4,t,lite
PC,WLNP-1-1,873,General Community Waterton Lakes National Park 2018,10,2018-07-09 04:59:00,6994,180,Contopus cooperi,Olive-sided Flycatcher,OSFL,6.00,9.00,47.0,t,lite
PC,WLNP-1-1,873,General Community Waterton Lakes National Park 2018,10,2018-07-09 04:59:00,6994,180,Catharus ustulatus,Swainson's Thrush,SWTH,9.00,12.00,42.6,t,lite
PC,WLNP-1-1,873,General Community Waterton Lakes National Park 2018,10,2018-07-09 04:59:00,6994,180,Catharus ustulatus,Swainson's Thrush,SWTH,15.00,18.00,52.7,t,lite
PC,WLNP-1-1,873,General Community Waterton Lakes National Park 2018,10,2018-07-09 04:59:00,6994,180,Catharus ustulatus,Swainson's Thrush,SWTH,24.00,27.00,59.8,t,lite
PC,WLNP-1-1,873,General Community Waterton Lakes National Park 2018,10,2018-07-09 04:59:00,6994,180,Catharus ustulatus,Swainson's Thrush,SWTH,30.00,33.00,38.3,t,lite
PC,WLNP-1-1,873,General Community Waterton Lakes National Park 2018,10,2018-07-09 04:59:00,6994,180,Catharus ustulatus,Swainson's Thrush,SWTH,36.00,39.00,29.5,t,lite
PC,WLNP-1-1,873,General Community Waterton Lakes National Park 2018,10,2018-07-09 04:59:00,6994,180,Catharus ustulatus,Swainson's Thrush,SWTH,45.00,48.00,46.5,t,lite
PC,WLNP-1-1,873,General Community Waterton Lakes National Park 2018,10,2018-07-09 04:59:00,6994,180,Catharus ustulatus,Swainson's Thrush,SWTH,51.00,54.00,61.6,t,lite
PC,WLNP-1-1,873,General Community Waterton Lakes National Park 2018,10,2018-07-09 04:59:00,6994,180,Catharus ustulatus,Swainson's Thrush,SWTH,57.00,60.00,60.8,t,lite
PC,WLNP-1-1,873,General Community Waterton Lakes National Park 2018,10,2018-07-09 04:59:00,6994,180,Catharus ustulatus,Swainson's Thrush,SWTH,66.00,69.00,65.2,t,lite
PC,WLNP-1-1,873,General Community Waterton Lakes National Park 2018,10,2018-07-09 04:59:00,6994,180,Contopus cooperi,Olive-sided Flycatcher,OSFL,141.00,144.00,28.3,t,lite
PC,WLNP-1-1,873,General Community Waterton Lakes National Park 2018,10,2018-07-09 04:59:00,6994,180,Catharus ustulatus,Swainson's Thrush,SWTH,165.00,168.00,37.1,t,lite
PC,WLNP-1-2,844,General Community Waterton Lakes National Park 2018,10,2018-06-27 04:50:00,7046,180,Catharus ustulatus,Swainson's Thrush,SWTH,0.00,3.00,40.4,t,lite
PC,WLNP-1-2,844,General Community Waterton Lakes National Park 2018,10,2018-06-27 04:50:00,7046,180,Catharus ustulatus,Swainson's Thrush,SWTH,3.00,6.00,72.9,t,lite
PC,WLNP-1-2,844,General Community Waterton Lakes National Park 2018,10,2018-06-27 04:50:00,7046,180,Catharus ustulatus,Swainson's Thrush,SWTH,6.00,9.00,53.4,t,lite
PC,WLNP-1-2,844,General Community Waterton Lakes National Park 2018,10,2018-06-27 04:50:00,7046,180,Catharus ustulatus,Swainson's Thrush,SWTH,9.00,12.00,72.7,t,lite
PC,WLNP-1-2,844,General Community Waterton Lakes National Park 2018,10,2018-06-27 04:50:00,7046,180,Henicorhina leucophrys,Gray-breasted Wood-Wren,GBWW,12.00,15.00,31.7,t,lite
PC,WLNP-1-2,844,General Community Waterton Lakes National Park 2018,10,2018-06-27 04:50:00,7046,180,Catharus ustulatus,Swainson's Thrush,SWTH,12.00,15.00,67.2,t,lite
PC,WLNP-1-2,844,General Community Waterton Lakes National Park 2018,10,2018-06-27 04:50:00,7046,180,Catharus ustulatus,Swainson's Thrush,SWTH,15.00,18.00,36.4,t,lite
PC,WLNP-1-2,844,General Community Waterton Lakes National Park 2018,10,2018-06-27 04:50:00,7046,180,Catharus ustulatus,Swainson's Thrush,SWTH,18.00,21.00,92.1,t,lite
PC,WLNP-1-2,844,General Community Waterton Lakes National Park 2018,10,2018-06-27 04:50:00,7046,180,Henicorhina leucophrys,Gray-breasted Wood-Wren,GBWW,21.00,24.00,40.4,t,lite
PC,WLNP-1-2,844,General Community Waterton Lakes National Park 2018,10,2018-06-27 04:50:00,7046,180,Catharus ustulatus,Swainson's Thrush,SWTH,21.00,24.00,51.5,t,lite
PC,WLNP-1-2,844,General Community Waterton Lakes National Park 2018,10,2018-06-27 04:50:00,7046,180,Catharus ustulatus,Swainson's Thrush,SWTH,24.00,27.00,71.0,t,lite
PC,WLNP-1-2,844,General Community Waterton Lakes National Park 2018,10,2018-06-27 04:50:00,7046,180,Catharus ustulatus,Swainson's Thrush,SWTH,27.00,30.00,69.0,t,lite
PC,WLNP-1-2,844,General Community Waterton Lakes National Park 2018,10,2018-06-27 04:50:00,7046,180,Catharus ustulatus,Swainson's Thrush,SWTH,33.00,36.00,91.7,t,lite
PC,WLNP-1-2,844,General Community Waterton Lakes National Park 2018,10,2018-06-27 04:50:00,7046,180,Henicorhina leucophrys,Gray-breasted Wood-Wren,GBWW,39.00,42.00,26.5,t,lite
PC,WLNP-1-2,844,General Community Waterton Lakes National Park 2018,10,2018-06-27 04:50:00,7046,180,Catharus ustulatus,Swainson's Thrush,SWTH,39.00,42.00,57.5,t,lite
PC,WLNP-1-2,844,General Community Waterton Lakes National Park 2018,10,2018-06-27 04:50:00,7046,180,Catharus ustulatus,Swainson's Thrush,SWTH,45.00,48.00,74.0,t,lite
PC,WLNP-1-2,844,General Community Waterton Lakes National Park 2018,10,2018-06-27 04:50:00,7046,180,Catharus ustulatus,Swainson's Thrush,SWTH,51.00,54.00,87.1,t,lite
PC,WLNP-1-2,844,General Community Waterton Lakes National Park 2018,10,2018-06-27 04:50:00,7046,180,Catharus ustulatus,Swainson's Thrush,SWTH,57.00,60.00,78.2,t,lite
PC,WLNP-1-2,844,General Community Waterton Lakes National Park 2018,10,2018-06-27 04:50:00,7046,180,Henicorhina leucophrys,Gray-breasted Wood-Wren,GBWW,57.00,60.00,39.3,t,lite
PC,WLNP-1-2,844,General Community Waterton Lakes National Park 2018,10,2018-06-27 04:50:00,7046,180,Horornis seebohmi,,,57.00,60.00,28.2,f,lite
PC,WLNP-1-2,844,General Community Waterton Lakes National Park 2018,10,2018-06-27 04:50:00,7046,180,Cossypha caffra,,,60.00,63.00,33.1,f,lite
PC,WLNP-1-2,844,General Community Waterton Lakes National Park 2018,10,2018-06-27 04:50:00,7046,180,Catharus ustulatus,Swainson's Thrush,SWTH,60.00,63.00,74.1,t,lite
PC,WLNP-1-2,844,General Community Waterton Lakes National Park 2018,10,2018-06-27 04:50:00,7046,180,Henicorhina leucophrys,Gray-breasted Wood-Wren,GBWW,60.00,63.00,27.3,t,lite
PC,WLNP-1-2,844,General Community Waterton Lakes National Park 2018,10,2018-06-27 04:50:00,7046,180,Catharus ustulatus,Swainson's Thrush,SWTH,63.00,66.00,30.2,t,lite
PC,WLNP-1-2,844,General Community Waterton Lakes National Park 2018,10,2018-06-27 04:50:00,7046,180,Catharus ustulatus,Swainson's Thrush,SWTH,66.00,69.00,89.7,t,lite
PC,WLNP-1-2,844,General Community Waterton Lakes National Park 2018,10,2018-06-27 04:50:00,7046,180,Horornis seebohmi,,,72.00,75.00,31.8,f,lite
PC,WLNP-1-2,844,General Community Waterton Lakes National Park 2018,10,2018-06-27 04:50:00,7046,180,Catharus ustulatus,Swainson's Thrush,SWTH,72.00,75.00,79.9,t,lite
PC,WLNP-1-2,844,General Community Waterton Lakes National Park 2018,10,2018-06-27 04:50:00,7046,180,Henicorhina leucophrys,Gray-breasted Wood-Wren,GBWW,72.00,75.00,33.9,t,lite
PC,WLNP-1-2,844,General Community Waterton Lakes National Park 2018,10,2018-06-27 04:50:00,7046,180,Catharus ustulatus,Swainson's Thrush,SWTH,75.00,78.00,66.6,t,lite
PC,WLNP-1-2,844,General Community Waterton Lakes National Park 2018,10,2018-06-27 04:50:00,7046,180,Pachycephala sulfuriventer,,,75.00,78.00,26.3,f,lite
PC,WLNP-1-2,844,General Community Waterton Lakes National Park 2018,10,2018-06-27 04:50:00,7046,180,Catharus guttatus,Hermit Thrush,HETH,78.00,81.00,28.3,t,lite
PC,WLNP-1-2,844,General Community Waterton Lakes National Park 2018,10,2018-06-27 04:50:00,7046,180,Catharus ustulatus,Swainson's Thrush,SWTH,78.00,81.00,84.6,t,lite
PC,WLNP-1-2,844,General Community Waterton Lakes National Park 2018,10,2018-06-27 04:50:00,7046,180,Henicorhina leucophrys,Gray-breasted Wood-Wren,GBWW,81.00,84.00,28.8,t,lite
PC,WLNP-1-2,844,General Community Waterton Lakes National Park 2018,10,2018-06-27 04:50:00,7046,180,Catharus ustulatus,Swainson's Thrush,SWTH,81.00,84.00,64.6,t,lite
PC,WLNP-1-2,844,General Community Waterton Lakes National Park 2018,10,2018-06-27 04:50:00,7046,180,Catharus ustulatus,Swainson's Thrush,SWTH,87.00,90.00,57.7,t,lite
PC,WLNP-1-2,844,General Community Waterton Lakes National Park 2018,10,2018-06-27 04:50:00,7046,180,Catharus ustulatus,Swainson's Thrush,SWTH,90.00,93.00,67.3,t,lite
PC,WLNP-1-2,844,General Community Waterton Lakes National Park 2018,10,2018-06-27 04:50:00,7046,180,Catharus ustulatus,Swainson's Thrush,SWTH,93.00,96.00,67.0,t,lite
PC,WLNP-1-2,844,General Community Waterton Lakes National Park 2018,10,2018-06-27 04:50:00,7046,180,Catharus ustulatus,Swainson's Thrush,SWTH,96.00,99.00,25.7,t,lite
PC,WLNP-1-2,844,General Community Waterton Lakes National Park 2018,10,2018-06-27 04:50:00,7046,180,Henicorhina leucophrys,Gray-breasted Wood-Wren,GBWW,96.00,99.00,27.8,t,lite
PC,WLNP-1-2,844,General Community Waterton Lakes National Park 2018,10,2018-06-27 04:50:00,7046,180,Catharus ustulatus,Swainson's Thrush,SWTH,99.00,102.00,64.0,t,lite
PC,WLNP-1-2,844,General Community Waterton Lakes National Park 2018,10,2018-06-27 04:50:00,7046,180,Cossypha caffra,,,102.00,105.00,28.7,f,lite
PC,WLNP-1-2,844,General Community Waterton Lakes National Park 2018,10,2018-06-27 04:50:00,7046,180,Catharus ustulatus,Swainson's Thrush,SWTH,102.00,105.00,89.7,t,lite
PC,WLNP-1-2,844,General Community Waterton Lakes National Park 2018,10,2018-06-27 04:50:00,7046,180,Catharus ustulatus,Swainson's Thrush,SWTH,108.00,111.00,82.2,t,lite
PC,WLNP-1-2,844,General Community Waterton Lakes National Park 2018,10,2018-06-27 04:50:00,7046,180,Henicorhina leucophrys,Gray-breasted Wood-Wren,GBWW,108.00,111.00,26.6,t,lite
PC,WLNP-1-2,844,General Community Waterton Lakes National Park 2018,10,2018-06-27 04:50:00,7046,180,Horornis seebohmi,,,108.00,111.00,25.6,f,lite
PC,WLNP-1-2,844,General Community Waterton Lakes National Park 2018,10,2018-06-27 04:50:00,7046,180,Catharus ustulatus,Swainson's Thrush,SWTH,111.00,114.00,58.5,t,lite
PC,WLNP-1-2,844,General Community Waterton Lakes National Park 2018,10,2018-06-27 04:50:00,7046,180,Ixoreus naevius,Varied Thrush,VATH,114.00,117.00,28.1,t,lite
PC,WLNP-1-2,844,General Community Waterton Lakes National Park 2018,10,2018-06-27 04:50:00,7046,180,Catharus ustulatus,Swainson's Thrush,SWTH,117.00,120.00,80.5,t,lite
PC,WLNP-1-2,844,General Community Waterton Lakes National Park 2018,10,2018-06-27 04:50:00,7046,180,Catharus ustulatus,Swainson's Thrush,SWTH,123.00,126.00,60.6,t,lite
PC,WLNP-1-2,844,General Community Waterton Lakes National Park 2018,10,2018-06-27 04:50:00,7046,180,Catharus ustulatus,Swainson's Thrush,SWTH,129.00,132.00,81.2,t,lite
PC,WLNP-1-2,844,General Community Waterton Lakes National Park 2018,10,2018-06-27 04:50:00,7046,180,Catharus ustulatus,Swainson's Thrush,SWTH,132.00,135.00,68.2,t,lite
PC,WLNP-1-2,844,General Community Waterton Lakes National Park 2018,10,2018-06-27 04:50:00,7046,180,Zoothera lunulata,,,135.00,138.00,26.2,f,lite
PC,WLNP-1-2,844,General Community Waterton Lakes National Park 2018,10,2018-06-27 04:50:00,7046,180,Catharus ustulatus,Swainson's Thrush,SWTH,135.00,138.00,38.6,t,lite
PC,WLNP-1-2,844,General Community Waterton Lakes National Park 2018,10,2018-06-27 04:50:00,7046,180,Catharus ustulatus,Swainson's Thrush,SWTH,138.00,141.00,71.5,t,lite
PC,WLNP-1-2,844,General Community Waterton Lakes National Park 2018,10,2018-06-27 04:50:00,7046,180,Catharus ustulatus,Swainson's Thrush,SWTH,141.00,144.00,87.9,t,lite
PC,WLNP-1-2,844,General Community Waterton Lakes National Park 2018,10,2018-06-27 04:50:00,7046,180,Ixoreus naevius,Varied Thrush,VATH,144.00,147.00,41.3,t,lite
PC,WLNP-1-2,844,General Community Waterton Lakes National Park 2018,10,2018-06-27 04:50:00,7046,180,Catharus ustulatus,Swainson's Thrush,SWTH,147.00,150.00,82.0,t,lite
PC,WLNP-1-2,844,General Community Waterton Lakes National Park 2018,10,2018-06-27 04:50:00,7046,180,Hylocichla mustelina,Wood Thrush,WOTH,150.00,153.00,32.4,t,lite
PC,WLNP-1-2,844,General Community Waterton Lakes National Park 2018,10,2018-06-27 04:50:00,7046,180,Catharus ustulatus,Swainson's Thrush,SWTH,153.00,156.00,40.5,t,lite
PC,WLNP-1-2,844,General Community Waterton Lakes National Park 2018,10,2018-06-27 04:50:00,7046,180,Catharus ustulatus,Swainson's Thrush,SWTH,156.00,159.00,68.3,t,lite
PC,WLNP-1-2,844,General Community Waterton Lakes National Park 2018,10,2018-06-27 04:50:00,7046,180,Catharus ustulatus,Swainson's Thrush,SWTH,159.00,162.00,44.5,t,lite
PC,WLNP-1-2,844,General Community Waterton Lakes National Park 2018,10,2018-06-27 04:50:00,7046,180,Catharus ustulatus,Swainson's Thrush,SWTH,162.00,165.00,52.4,t,lite
PC,WLNP-1-2,844,General Community Waterton Lakes National Park 2018,10,2018-06-27 04:50:00,7046,180,Cyclarhis gujanensis,Rufous-browed Peppershrike,RBPE,162.00,165.00,33.1,t,lite
PC,WLNP-1-2,844,General Community Waterton Lakes National Park 2018,10,2018-06-27 04:50:00,7046,180,Catharus ustulatus,Swainson's Thrush,SWTH,165.00,168.00,37.6,t,lite
PC,WLNP-1-2,844,General Community Waterton Lakes National Park 2018,10,2018-06-27 04:50:00,7046,180,Catharus ustulatus,Swainson's Thrush,SWTH,168.00,171.00,87.2,t,lite
PC,WLNP-1-2,844,General Community Waterton Lakes National Park 2018,10,2018-06-27 04:50:00,7046,180,Catharus ustulatus,Swainson's Thrush,SWTH,171.00,174.00,61.6,t,lite
PC,WLNP-1-2,844,General Community Waterton Lakes National Park 2018,10,2018-06-27 04:50:00,7046,180,Catharus ustulatus,Swainson's Thrush,SWTH,174.00,177.00,81.7,t,lite
PC,WLNP-1-2,844,General Community Waterton Lakes National Park 2018,10,2018-06-27 04:50:00,7046,180,Henicorhina leucosticta,White-breasted Wood-Wren,WBWW,177.00,180.00,25.8,t,lite
PC,WLNP-1-2,844,General Community Waterton Lakes National Park 2018,10,2018-06-27 04:50:00,7046,180,Catharus ustulatus,Swainson's Thrush,SWTH,177.00,180.00,35.3,t,lite
PC,WLNP-1-2,844,General Community Waterton Lakes National Park 2018,10,2018-06-29 04:51:00,7072,180,Catharus ustulatus,Swainson's Thrush,SWTH,0.00,3.00,54.8,t,lite
PC,WLNP-1-2,844,General Community Waterton Lakes National Park 2018,10,2018-06-29 04:51:00,7072,180,Catharus ustulatus,Swainson's Thrush,SWTH,3.00,6.00,54.2,t,lite
PC,WLNP-1-2,844,General Community Waterton Lakes National Park 2018,10,2018-06-29 04:51:00,7072,180,Catharus ustulatus,Swainson's Thrush,SWTH,6.00,9.00,74.7,t,lite
PC,WLNP-1-2,844,General Community Waterton Lakes National Park 2018,10,2018-06-29 04:51:00,7072,180,Henicorhina leucophrys,Gray-breasted Wood-Wren,GBWW,6.00,9.00,37.3,t,lite
PC,WLNP-1-2,844,General Community Waterton Lakes National Park 2018,10,2018-06-29 04:51:00,7072,180,Catharus ustulatus,Swainson's Thrush,SWTH,9.00,12.00,39.5,t,lite
PC,WLNP-1-2,844,General Community Waterton Lakes National Park 2018,10,2018-06-29 04:51:00,7072,180,Catharus ustulatus,Swainson's Thrush,SWTH,12.00,15.00,63.0,t,lite
PC,WLNP-1-2,844,General Community Waterton Lakes National Park 2018,10,2018-06-29 04:51:00,7072,180,Zoothera lunulata,,,15.00,18.00,30.0,f,lite
PC,WLNP-1-2,844,General Community Waterton Lakes National Park 2018,10,2018-06-29 04:51:00,7072,180,Catharus ustulatus,Swainson's Thrush,SWTH,15.00,18.00,85.8,t,lite
PC,WLNP-1-2,844,General Community Waterton Lakes National Park 2018,10,2018-06-29 04:51:00,7072,180,Turdus libonyana,,,15.00,18.00,30.0,f,lite
PC,WLNP-1-2,844,General Community Waterton Lakes National Park 2018,10,2018-06-29 04:51:00,7072,180,Catharus ustulatus,Swainson's Thrush,SWTH,18.00,21.00,55.9,t,lite
PC,WLNP-1-2,844,General Community Waterton Lakes National Park 2018,10,2018-06-29 04:51:00,7072,180,Catharus ustulatus,Swainson's Thrush,SWTH,24.00,27.00,71.1,t,lite
PC,WLNP-1-2,844,General Community Waterton Lakes National Park 2018,10,2018-06-29 04:51:00,7072,180,Catharus ustulatus,Swainson's Thrush,SWTH,30.00,33.00,79.0,t,lite
PC,WLNP-1-2,844,General Community Waterton Lakes National Park 2018,10,2018-06-29 04:51:00,7072,180,Catharus ustulatus,Swainson's Thrush,SWTH,36.00,39.00,25.4,t,lite
PC,WLNP-1-2,844,General Community Waterton Lakes National Park 2018,10,2018-06-29 04:51:00,7072,180,Catharus ustulatus,Swainson's Thrush,SWTH,39.00,42.00,84.4,t,lite
PC,WLNP-1-2,844,General Community Waterton Lakes National Park 2018,10,2018-06-29 04:51:00,7072,180,Catharus ustulatus,Swainson's Thrush,SWTH,42.00,45.00,79.1,t,lite
PC,WLNP-1-2,844,General Community Waterton Lakes National Park 2018,10,2018-06-29 04:51:00,7072,180,Catharus ustulatus,Swainson's Thrush,SWTH,45.00,48.00,36.1,t,lite
PC,WLNP-1-2,844,General Community Waterton Lakes National Park 2018,10,2018-06-29 04:51:00,7072,180,Catharus ustulatus,Swainson's Thrush,SWTH,48.00,51.00,63.8,t,lite
PC,WLNP-1-2,844,General Community Waterton Lakes National Park 2018,10,2018-06-29 04:51:00,7072,180,Catharus ustulatus,Swainson's Thrush,SWTH,51.00,54.00,64.1,t,lite
PC,WLNP-1-2,844,General Community Waterton Lakes National Park 2018,10,2018-06-29 04:51:00,7072,180,Catharus ustulatus,Swainson's Thrush,SWTH,54.00,57.00,71.7,t,lite
PC,WLNP-1-2,844,General Community Waterton Lakes National Park 2018,10,2018-06-29 04:51:00,7072,180,Henicorhina leucophrys,Gray-breasted Wood-Wren,GBWW,54.00,57.00,27.7,t,lite
PC,WLNP-1-2,844,General Community Waterton Lakes National Park 2018,10,2018-06-29 04:51:00,7072,180,Catharus ustulatus,Swainson's Thrush,SWTH,57.00,60.00,45.3,t,lite
PC,WLNP-1-2,844,General Community Waterton Lakes National Park 2018,10,2018-06-29 04:51:00,7072,180,Henicorhina leucophrys,Gray-breasted Wood-Wren,GBWW,60.00,63.00,26.0,t,lite
PC,WLNP-1-2,844,General Community Waterton Lakes National Park 2018,10,2018-06-29 04:51:00,7072,180,Catharus ustulatus,Swainson's Thrush,SWTH,60.00,63.00,58.8,t,lite
PC,WLNP-1-2,844,General Community Waterton Lakes National Park 2018,10,2018-06-29 04:51:00,7072,180,Catharus ustulatus,Swainson's Thrush,SWTH,63.00,66.00,61.7,t,lite
PC,WLNP-1-2,844,General Community Waterton Lakes National Park 2018,10,2018-06-29 04:51:00,7072,180,Catharus ustulatus,Swainson's Thrush,SWTH,66.00,69.00,83.0,t,lite
PC,WLNP-1-2,844,General Community Waterton Lakes National Park 2018,10,2018-06-29 04:51:00,7072,180,Zoothera lunulata,,,66.00,69.00,30.3,f,lite
PC,WLNP-1-2,844,General Community Waterton Lakes National Park 2018,10,2018-06-29 04:51:00,7072,180,Catharus ustulatus,Swainson's Thrush,SWTH,69.00,72.00,79.4,t,lite
PC,WLNP-1-2,844,General Community Waterton Lakes National Park 2018,10,2018-06-29 04:51:00,7072,180,Catharus ustulatus,Swainson's Thrush,SWTH,72.00,75.00,56.5,t,lite
PC,WLNP-1-2,844,General Community Waterton Lakes National Park 2018,10,2018-06-29 04:51:00,7072,180,Catharus ustulatus,Swainson's Thrush,SWTH,75.00,78.00,66.3,t,lite
PC,WLNP-1-2,844,General Community Waterton Lakes National Park 2018,10,2018-06-29 04:51:00,7072,180,Henicorhina leucophrys,Gray-breasted Wood-Wren,GBWW,75.00,78.00,30.1,t,lite
PC,WLNP-1-2,844,General Community Waterton Lakes National Park 2018,10,2018-06-29 04:51:00,7072,180,Catharus ustulatus,Swainson's Thrush,SWTH,78.00,81.00,45.9,t,lite
PC,WLNP-1-2,844,General Community Waterton Lakes National Park 2018,10,2018-06-29 04:51:00,7072,180,Catharus ustulatus,Swainson's Thrush,SWTH,81.00,84.00,79.0,t,lite
PC,WLNP-1-2,844,General Community Waterton Lakes National Park 2018,10,2018-06-29 04:51:00,7072,180,Catharus ustulatus,Swainson's Thrush,SWTH,84.00,87.00,50.8,t,lite
PC,WLNP-1-2,844,General Community Waterton Lakes National Park 2018,10,2018-06-29 04:51:00,7072,180,Catharus ustulatus,Swainson's Thrush,SWTH,87.00,90.00,84.4,t,lite
PC,WLNP-1-2,844,General Community Waterton Lakes National Park 2018,10,2018-06-29 04:51:00,7072,180,Catharus ustulatus,Swainson's Thrush,SWTH,90.00,93.00,51.7,t,lite
PC,WLNP-1-2,844,General Community Waterton Lakes National Park 2018,10,2018-06-29 04:51:00,7072,180,Catharus ustulatus,Swainson's Thrush,SWTH,93.00,96.00,80.1,t,lite
PC,WLNP-1-2,844,General Community Waterton Lakes National Park 2018,10,2018-06-29 04:51:00,7072,180,Catharus ustulatus,Swainson's Thrush,SWTH,96.00,99.00,26.2,t,lite
PC,WLNP-1-2,844,General Community Waterton Lakes National Park 2018,10,2018-06-29 04:51:00,7072,180,Catharus ustulatus,Swainson's Thrush,SWTH,99.00,102.00,66.3,t,lite
PC,WLNP-1-2,844,General Community Waterton Lakes National Park 2018,10,2018-06-29 04:51:00,7072,180,Catharus ustulatus,Swainson's Thrush,SWTH,102.00,105.00,46.6,t,lite
PC,WLNP-1-2,844,General Community Waterton Lakes National Park 2018,10,2018-06-29 04:51:00,7072,180,Catharus ustulatus,Swainson's Thrush,SWTH,105.00,108.00,57.2,t,lite
PC,WLNP-1-2,844,General Community Waterton Lakes National Park 2018,10,2018-06-29 04:51:00,7072,180,Catharus ustulatus,Swainson's Thrush,SWTH,108.00,111.00,38.8,t,lite
PC,WLNP-1-2,844,General Community Waterton Lakes National Park 2018,10,2018-06-29 04:51:00,7072,180,Catharus ustulatus,Swainson's Thrush,SWTH,114.00,117.00,45.7,t,lite
PC,WLNP-1-2,844,General Community Waterton Lakes National Park 2018,10,2018-06-29 04:51:00,7072,180,Catharus ustulatus,Swainson's Thrush,SWTH,117.00,120.00,57.1,t,lite
PC,WLNP-1-2,844,General Community Waterton Lakes National Park 2018,10,2018-06-29 04:51:00,7072,180,Catharus ustulatus,Swainson's Thrush,SWTH,123.00,126.00,68.1,t,lite
PC,WLNP-1-2,844,General Community Waterton Lakes National Park 2018,10,2018-06-29 04:51:00,7072,180,Catharus ustulatus,Swainson's Thrush,SWTH,132.00,135.00,38.9,t,lite
PC,WLNP-1-2,844,General Community Waterton Lakes National Park 2018,10,2018-06-29 04:51:00,7072,180,Catharus ustulatus,Swainson's Thrush,SWTH,138.00,141.00,84.1,t,lite
PC,WLNP-1-2,844,General Community Waterton Lakes National Park 2018,10,2018-06-29 04:51:00,7072,180,Catharus ustulatus,Swainson's Thrush,SWTH,144.00,147.00,56.2,t,lite
PC,WLNP-1-2,844,General Community Waterton Lakes National Park 2018,10,2018-06-29 04:51:00,7072,180,Catharus ustulatus,Swainson's Thrush,SWTH,150.00,153.00,78.2,t,lite
PC,WLNP-1-2,844,General Community Waterton Lakes National Park 2018,10,2018-06-29 04:51:00,7072,180,Catharus ustulatus,Swainson's Thrush,SWTH,153.00,156.00,29.8,t,lite
PC,WLNP-1-2,844,General Community Waterton Lakes National Park 2018,10,2018-06-29 04:51:00,7072,180,Catharus ustulatus,Swainson's Thrush,SWTH,156.00,159.00,89.6,t,lite
PC,WLNP-1-2,844,General Community Waterton Lakes National Park 2018,10,2018-06-29 04:51:00,7072,180,Catharus ustulatus,Swainson's Thrush,SWTH,162.00,165.00,81.2,t,lite
PC,WLNP-1-2,844,General Community Waterton Lakes National Park 2018,10,2018-06-29 04:51:00,7072,180,Catharus ustulatus,Swainson's Thrush,SWTH,168.00,171.00,61.6,t,lite
PC,WLNP-1-2,844,General Community Waterton Lakes National Park 2018,10,2018-06-29 04:51:00,7072,180,Catharus ustulatus,Swainson's Thrush,SWTH,171.00,174.00,46.2,t,lite
PC,WLNP-1-2,844,General Community Waterton Lakes National Park 2018,10,2018-06-29 04:51:00,7072,180,Catharus ustulatus,Swainson's Thrush,SWTH,174.00,177.00,41.8,t,lite
PC,WLNP-1-2,844,General Community Waterton Lakes National Park 2018,10,2018-06-29 04:51:00,7072,180,Catharus ustulatus,Swainson's Thrush,SWTH,177.00,180.00,85.8,t,lite
PC,WLNP-1-2,844,General Community Waterton Lakes National Park 2018,10,2018-07-04 04:55:00,6986,180,Catharus ustulatus,Swainson's Thrush,SWTH,3.00,6.00,58.0,t,lite
PC,WLNP-1-2,844,General Community Waterton Lakes National Park 2018,10,2018-07-04 04:55:00,6986,180,Catharus ustulatus,Swainson's Thrush,SWTH,6.00,9.00,86.4,t,lite
PC,WLNP-1-2,844,General Community Waterton Lakes National Park 2018,10,2018-07-04 04:55:00,6986,180,Catharus ustulatus,Swainson's Thrush,SWTH,9.00,12.00,37.5,t,lite
PC,WLNP-1-2,844,General Community Waterton Lakes National Park 2018,10,2018-07-04 04:55:00,6986,180,Henicorhina leucophrys,Gray-breasted Wood-Wren,GBWW,9.00,12.00,43.9,t,lite
PC,WLNP-1-2,844,General Community Waterton Lakes National Park 2018,10,2018-07-04 04:55:00,6986,180,Catharus ustulatus,Swainson's Thrush,SWTH,12.00,15.00,32.6,t,lite
PC,WLNP-1-2,844,General Community Waterton Lakes National Park 2018,10,2018-07-04 04:55:00,6986,180,Catharus ustulatus,Swainson's Thrush,SWTH,15.00,18.00,64.5,t,lite
PC,WLNP-1-2,844,General Community Waterton Lakes National Park 2018,10,2018-07-04 04:55:00,6986,180,Catharus ustulatus,Swainson's Thrush,SWTH,18.00,21.00,38.6,t,lite
PC,WLNP-1-2,844,General Community Waterton Lakes National Park 2018,10,2018-07-04 04:55:00,6986,180,Catharus ustulatus,Swainson's Thrush,SWTH,21.00,24.00,65.1,t,lite
PC,WLNP-1-2,844,General Community Waterton Lakes National Park 2018,10,2018-07-04 04:55:00,6986,180,Catharus ustulatus,Swainson's Thrush,SWTH,24.00,27.00,42.3,t,lite
PC,WLNP-1-2,844,General Community Waterton Lakes National Park 2018,10,2018-07-04 04:55:00,6986,180,Catharus ustulatus,Swainson's Thrush,SWTH,30.00,33.00,38.1,t,lite
PC,WLNP-1-2,844,General Community Waterton Lakes National Park 2018,10,2018-07-04 04:55:00,6986,180,Catharus ustulatus,Swainson's Thrush,SWTH,33.00,36.00,42.3,t,lite
PC,WLNP-1-2,844,General Community Waterton Lakes National Park 2018,10,2018-07-04 04:55:00,6986,180,Catharus ustulatus,Swainson's Thrush,SWTH,36.00,39.00,46.3,t,lite
PC,WLNP-1-2,844,General Community Waterton Lakes National Park 2018,10,2018-07-04 04:55:00,6986,180,Catharus ustulatus,Swainson's Thrush,SWTH,39.00,42.00,78.2,t,lite
PC,WLNP-1-2,844,General Community Waterton Lakes National Park 2018,10,2018-07-04 04:55:00,6986,180,Catharus ustulatus,Swainson's Thrush,SWTH,42.00,45.00,63.5,t,lite
PC,WLNP-1-2,844,General Community Waterton Lakes National Park 2018,10,2018-07-04 04:55:00,6986,180,Catharus ustulatus,Swainson's Thrush,SWTH,45.00,48.00,65.5,t,lite
PC,WLNP-1-2,844,General Community Waterton Lakes National Park 2018,10,2018-07-04 04:55:00,6986,180,Catharus ustulatus,Swainson's Thrush,SWTH,48.00,51.00,83.3,t,lite
PC,WLNP-1-2,844,General Community Waterton Lakes National Park 2018,10,2018-07-04 04:55:00,6986,180,Henicorhina leucophrys,Gray-breasted Wood-Wren,GBWW,51.00,54.00,44.4,t,lite
PC,WLNP-1-2,844,General Community Waterton Lakes National Park 2018,10,2018-07-04 04:55:00,6986,180,Catharus ustulatus,Swainson's Thrush,SWTH,51.00,54.00,49.2,t,lite
PC,WLNP-1-2,844,General Community Waterton Lakes National Park 2018,10,2018-07-04 04:55:00,6986,180,Catharus ustulatus,Swainson's Thrush,SWTH,54.00,57.00,57.6,t,lite
PC,WLNP-1-2,844,General Community Waterton Lakes National Park 2018,10,2018-07-04 04:55:00,6986,180,Ixoreus naevius,Varied Thrush,VATH,57.00,60.00,35.2,t,lite
PC,WLNP-1-2,844,General Community Waterton Lakes National Park 2018,10,2018-07-04 04:55:00,6986,180,Nilaus afer,,,57.00,60.00,31.1,f,lite
PC,WLNP-1-2,844,General Community Waterton Lakes National Park 2018,10,2018-07-04 04:55:00,6986,180,Catharus ustulatus,Swainson's Thrush,SWTH,60.00,63.00,65.7,t,lite
PC,WLNP-1-2,844,General Community Waterton Lakes National Park 2018,10,2018-07-04 04:55:00,6986,180,Catharus ustulatus,Swainson's Thrush,SWTH,63.00,66.00,72.5,t,lite
PC,WLNP-1-2,844,General Community Waterton Lakes National Park 2018,10,2018-07-04 04:55:00,6986,180,Catharus ustulatus,Swainson's Thrush,SWTH,66.00,69.00,45.6,t,lite
PC,WLNP-1-2,844,General Community Waterton Lakes National Park 2018,10,2018-07-04 04:55:00,6986,180,Catharus ustulatus,Swainson's Thrush,SWTH,69.00,72.00,85.2,t,lite
PC,WLNP-1-2,844,General Community Waterton Lakes National Park 2018,10,2018-07-04 04:55:00,6986,180,Catharus ustulatus,Swainson's Thrush,SWTH,72.00,75.00,43.2,t,lite
PC,WLNP-1-2,844,General Community Waterton Lakes National Park 2018,10,2018-07-04 04:55:00,6986,180,Catharus ustulatus,Swainson's Thrush,SWTH,75.00,78.00,75.5,t,lite
PC,WLNP-1-2,844,General Community Waterton Lakes National Park 2018,10,2018-07-04 04:55:00,6986,180,Catharus guttatus,Hermit Thrush,HETH,75.00,78.00,30.6,t,lite
PC,WLNP-1-2,844,General Community Waterton Lakes National Park 2018,10,2018-07-04 04:55:00,6986,180,Catharus ustulatus,Swainson's Thrush,SWTH,78.00,81.00,75.9,t,lite
PC,WLNP-1-2,844,General Community Waterton Lakes National Park 2018,10,2018-07-04 04:55:00,6986,180,Catharus ustulatus,Swainson's Thrush,SWTH,81.00,84.00,76.1,t,lite
PC,WLNP-1-2,844,General Community Waterton Lakes National Park 2018,10,2018-07-04 04:55:00,6986,180,Catharus ustulatus,Swainson's Thrush,SWTH,87.00,90.00,69.1,t,lite
PC,WLNP-1-2,844,General Community Waterton Lakes National Park 2018,10,2018-07-04 04:55:00,6986,180,Catharus ustulatus,Swainson's Thrush,SWTH,90.00,93.00,76.2,t,lite
PC,WLNP-1-2,844,General Community Waterton Lakes National Park 2018,10,2018-07-04 04:55:00,6986,180,Catharus guttatus,Hermit Thrush,HETH,90.00,93.00,25.7,t,lite
PC,WLNP-1-2,844,General Community Waterton Lakes National Park 2018,10,2018-07-04 04:55:00,6986,180,Catharus frantzii,Ruddy-capped Nightingale-Thrush,RCNT,90.00,93.00,25.3,t,lite
PC,WLNP-1-2,844,General Community Waterton Lakes National Park 2018,10,2018-07-04 04:55:00,6986,180,Catharus ustulatus,Swainson's Thrush,SWTH,93.00,96.00,69.6,t,lite
PC,WLNP-1-2,844,General Community Waterton Lakes National Park 2018,10,2018-07-04 04:55:00,6986,180,Henicorhina leucophrys,Gray-breasted Wood-Wren,GBWW,93.00,96.00,25.6,t,lite
PC,WLNP-1-2,844,General Community Waterton Lakes National Park 2018,10,2018-07-04 04:55:00,6986,180,Catharus ustulatus,Swainson's Thrush,SWTH,96.00,99.00,48.3,t,lite
PC,WLNP-1-2,844,General Community Waterton Lakes National Park 2018,10,2018-07-04 04:55:00,6986,180,Cochoa viridis,,,99.00,102.00,56.3,f,lite
PC,WLNP-1-2,844,General Community Waterton Lakes National Park 2018,10,2018-07-04 04:55:00,6986,180,Ixoreus naevius,Varied Thrush,VATH,99.00,102.00,50.5,t,lite
PC,WLNP-1-2,844,General Community Waterton Lakes National Park 2018,10,2018-07-04 04:55:00,6986,180,Tijuca atra,,,99.00,102.00,31.6,f,lite
PC,WLNP-1-2,844,General Community Waterton Lakes National Park 2018,10,2018-07-04 04:55:00,6986,180,Catharus ustulatus,Swainson's Thrush,SWTH,102.00,105.00,36.5,t,lite
PC,WLNP-1-2,844,General Community Waterton Lakes National Park 2018,10,2018-07-04 04:55:00,6986,180,Catharus ustulatus,Swainson's Thrush,SWTH,105.00,108.00,26.6,t,lite
PC,WLNP-1-2,844,General Community Waterton Lakes National Park 2018,10,2018-07-04 04:55:00,6986,180,Turdus merula,Eurasian Blackbird,EUBB,105.00,108.00,27.7,t,lite
PC,WLNP-1-2,844,General Community Waterton Lakes National Park 2018,10,2018-07-04 04:55:00,6986,180,Catharus ustulatus,Swainson's Thrush,SWTH,108.00,111.00,77.7,t,lite
PC,WLNP-1-2,844,General Community Waterton Lakes National Park 2018,10,2018-07-04 04:55:00,6986,180,Catharus ustulatus,Swainson's Thrush,SWTH,111.00,114.00,38.3,t,lite
PC,WLNP-1-2,844,General Community Waterton Lakes National Park 2018,10,2018-07-04 04:55:00,6986,180,Catharus ustulatus,Swainson's Thrush,SWTH,114.00,117.00,76.0,t,lite
PC,WLNP-1-2,844,General Community Waterton Lakes National Park 2018,10,2018-07-04 04:55:00,6986,180,Ixoreus naevius,Varied Thrush,VATH,117.00,120.00,34.4,t,lite
PC,WLNP-1-2,844,General Community Waterton Lakes National Park 2018,10,2018-07-04 04:55:00,6986,180,Catharus ustulatus,Swainson's Thrush,SWTH,120.00,123.00,59.6,t,lite
PC,WLNP-1-2,844,General Community Waterton Lakes National Park 2018,10,2018-07-04 04:55:00,6986,180,Catharus ustulatus,Swainson's Thrush,SWTH,123.00,126.00,40.5,t,lite
PC,WLNP-1-2,844,General Community Waterton Lakes National Park 2018,10,2018-07-04 04:55:00,6986,180,Catharus ustulatus,Swainson's Thrush,SWTH,126.00,129.00,55.5,t,lite
PC,WLNP-1-2,844,General Community Waterton Lakes National Park 2018,10,2018-07-04 04:55:00,6986,180,Catharus ustulatus,Swainson's Thrush,SWTH,132.00,135.00,53.2,t,lite
PC,WLNP-1-2,844,General Community Waterton Lakes National Park 2018,10,2018-07-04 04:55:00,6986,180,Catharus ustulatus,Swainson's Thrush,SWTH,135.00,138.00,67.7,t,lite
PC,WLNP-1-2,844,General Community Waterton Lakes National Park 2018,10,2018-07-04 04:55:00,6986,180,Catharus ustulatus,Swainson's Thrush,SWTH,138.00,141.00,50.4,t,lite
PC,WLNP-1-2,844,General Community Waterton Lakes National Park 2018,10,2018-07-04 04:55:00,6986,180,Zoothera lunulata,,,141.00,144.00,25.5,f,lite
PC,WLNP-1-2,844,General Community Waterton Lakes National Park 2018,10,2018-07-04 04:55:00,6986,180,Catharus ustulatus,Swainson's Thrush,SWTH,150.00,153.00,63.7,t,lite
PC,WLNP-1-2,844,General Community Waterton Lakes National Park 2018,10,2018-07-04 04:55:00,6986,180,Pachycephala sulfuriventer,,,153.00,156.00,31.1,f,lite
PC,WLNP-1-2,844,General Community Waterton Lakes National Park 2018,10,2018-07-04 04:55:00,6986,180,Catharus ustulatus,Swainson's Thrush,SWTH,153.00,156.00,31.1,t,lite
PC,WLNP-1-2,844,General Community Waterton Lakes National Park 2018,10,2018-07-04 04:55:00,6986,180,Catharus ustulatus,Swainson's Thrush,SWTH,156.00,159.00,26.6,t,lite
PC,WLNP-1-2,844,General Community Waterton Lakes National Park 2018,10,2018-07-04 04:55:00,6986,180,Henicorhina leucophrys,Gray-breasted Wood-Wren,GBWW,159.00,162.00,32.3,t,lite
PC,WLNP-1-2,844,General Community Waterton Lakes National Park 2018,10,2018-07-04 04:55:00,6986,180,Catharus ustulatus,Swainson's Thrush,SWTH,159.00,162.00,74.4,t,lite
PC,WLNP-1-2,844,General Community Waterton Lakes National Park 2018,10,2018-07-04 04:55:00,6986,180,Catharus ustulatus,Swainson's Thrush,SWTH,162.00,165.00,58.6,t,lite
PC,WLNP-1-2,844,General Community Waterton Lakes National Park 2018,10,2018-07-04 04:55:00,6986,180,Catharus guttatus,Hermit Thrush,HETH,162.00,165.00,38.6,t,lite
PC,WLNP-1-2,844,General Community Waterton Lakes National Park 2018,10,2018-07-04 04:55:00,6986,180,Catharus ustulatus,Swainson's Thrush,SWTH,165.00,168.00,46.8,t,lite
PC,WLNP-1-2,844,General Community Waterton Lakes National Park 2018,10,2018-07-04 04:55:00,6986,180,Turdus libonyana,,,165.00,168.00,33.0,f,lite
PC,WLNP-1-2,844,General Community Waterton Lakes National Park 2018,10,2018-07-04 04:55:00,6986,180,Fringilla montifringilla,Brambling,BRAM,168.00,171.00,32.1,t,lite
PC,WLNP-1-2,844,General Community Waterton Lakes National Park 2018,10,2018-07-04 04:55:00,6986,180,Catharus ustulatus,Swainson's Thrush,SWTH,174.00,177.00,59.1,t,lite
PC,WLNP-1-2,844,General Community Waterton Lakes National Park 2018,10,2018-07-05 05:26:00,7007,180,Catharus ustulatus,Swainson's Thrush,SWTH,3.00,6.00,81.3,t,lite
PC,WLNP-1-2,844,General Community Waterton Lakes National Park 2018,10,2018-07-05 05:26:00,7007,180,Catharus ustulatus,Swainson's Thrush,SWTH,6.00,9.00,90.8,t,lite
PC,WLNP-1-2,844,General Community Waterton Lakes National Park 2018,10,2018-07-05 05:26:00,7007,180,Catharus ustulatus,Swainson's Thrush,SWTH,12.00,15.00,41.2,t,lite
PC,WLNP-1-2,844,General Community Waterton Lakes National Park 2018,10,2018-07-05 05:26:00,7007,180,Catharus ustulatus,Swainson's Thrush,SWTH,15.00,18.00,58.8,t,lite
PC,WLNP-1-2,844,General Community Waterton Lakes National Park 2018,10,2018-07-05 05:26:00,7007,180,Catharus ustulatus,Swainson's Thrush,SWTH,18.00,21.00,82.6,t,lite
PC,WLNP-1-2,844,General Community Waterton Lakes National Park 2018,10,2018-07-05 05:26:00,7007,180,Catharus ustulatus,Swainson's Thrush,SWTH,21.00,24.00,51.2,t,lite
PC,WLNP-1-2,844,General Community Waterton Lakes National Park 2018,10,2018-07-05 05:26:00,7007,180,Catharus ustulatus,Swainson's Thrush,SWTH,24.00,27.00,47.6,t,lite
PC,WLNP-1-2,844,General Community Waterton Lakes National Park 2018,10,2018-07-05 05:26:00,7007,180,Catharus ustulatus,Swainson's Thrush,SWTH,27.00,30.00,57.3,t,lite
PC,WLNP-1-2,844,General Community Waterton Lakes National Park 2018,10,2018-07-05 05:26:00,7007,180,Catharus ustulatus,Swainson's Thrush,SWTH,30.00,33.00,70.6,t,lite
PC,WLNP-1-2,844,General Community Waterton Lakes National Park 2018,10,2018-07-05 05:26:00,7007,180,Catharus ustulatus,Swainson's Thrush,SWTH,33.00,36.00,39.6,t,lite
PC,WLNP-1-2,844,General Community Waterton Lakes National Park 2018,10,2018-07-05 05:26:00,7007,180,Henicorhina leucophrys,Gray-breasted Wood-Wren,GBWW,33.00,36.00,36.6,t,lite
PC,WLNP-1-2,844,General Community Waterton Lakes National Park 2018,10,2018-07-05 05:26:00,7007,180,Catharus ustulatus,Swainson's Thrush,SWTH,36.00,39.00,63.4,t,lite
PC,WLNP-1-2,844,General Community Waterton Lakes National Park 2018,10,2018-07-05 05:26:00,7007,180,Catharus ustulatus,Swainson's Thrush,SWTH,39.00,42.00,73.6,t,lite
PC,WLNP-1-2,844,General Community Waterton Lakes National Park 2018,10,2018-07-05 05:26:00,7007,180,Catharus ustulatus,Swainson's Thrush,SWTH,42.00,45.00,27.2,t,lite
PC,WLNP-1-2,844,General Community Waterton Lakes National Park 2018,10,2018-07-05 05:26:00,7007,180,Catharus ustulatus,Swainson's Thrush,SWTH,45.00,48.00,62.1,t,lite
PC,WLNP-1-2,844,General Community Waterton Lakes National Park 2018,10,2018-07-05 05:26:00,7007,180,Catharus ustulatus,Swainson's Thrush,SWTH,48.00,51.00,75.7,t,lite
PC,WLNP-1-2,844,General Community Waterton Lakes National Park 2018,10,2018-07-05 05:26:00,7007,180,Cossypha caffra,,,48.00,51.00,25.5,f,lite
PC,WLNP-1-2,844,General Community Waterton Lakes National Park 2018,10,2018-07-05 05:26:00,7007,180,Catharus ustulatus,Swainson's Thrush,SWTH,54.00,57.00,57.0,t,lite
PC,WLNP-1-2,844,General Community Waterton Lakes National Park 2018,10,2018-07-05 05:26:00,7007,180,Catharus ustulatus,Swainson's Thrush,SWTH,57.00,60.00,74.3,t,lite
PC,WLNP-1-2,844,General Community Waterton Lakes National Park 2018,10,2018-07-05 05:26:00,7007,180,Catharus ustulatus,Swainson's Thrush,SWTH,60.00,63.00,81.4,t,lite
PC,WLNP-1-2,844,General Community Waterton Lakes National Park 2018,10,2018-07-05 05:26:00,7007,180,Catharus ustulatus,Swainson's Thrush,SWTH,66.00,69.00,82.8,t,lite
PC,WLNP-1-2,844,General Community Waterton Lakes National Park 2018,10,2018-07-05 05:26:00,7007,180,Icterus galbula,Baltimore Oriole,BAOR,69.00,72.00,27.1,t,lite
PC,WLNP-1-2,844,General Community Waterton Lakes National Park 2018,10,2018-07-05 05:26:00,7007,180,Catharus ustulatus,Swainson's Thrush,SWTH,72.00,75.00,87.9,t,lite
PC,WLNP-1-2,844,General Community Waterton Lakes National Park 2018,10,2018-07-05 05:26:00,7007,180,Catharus ustulatus,Swainson's Thrush,SWTH,75.00,78.00,82.0,t,lite
PC,WLNP-1-2,844,General Community Waterton Lakes National Park 2018,10,2018-07-05 05:26:00,7007,180,Cossypha caffra,,,75.00,78.00,30.8,f,lite
PC,WLNP-1-2,844,General Community Waterton Lakes National Park 2018,10,2018-07-05 05:26:00,7007,180,Catharus ustulatus,Swainson's Thrush,SWTH,81.00,84.00,72.7,t,lite
PC,WLNP-1-2,844,General Community Waterton Lakes National Park 2018,10,2018-07-05 05:26:00,7007,180,Cyrtonyx ocellatus,Ocellated Quail,OCQU,87.00,90.00,32.4,t,lite
PC,WLNP-1-2,844,General Community Waterton Lakes National Park 2018,10,2018-07-05 05:26:00,7007,180,Cyrtonyx ocellatus,Ocellated Quail,OCQU,102.00,105.00,41.3,t,lite
PC,WLNP-1-2,844,General Community Waterton Lakes National Park 2018,10,2018-07-05 05:26:00,7007,180,Ixoreus naevius,Varied Thrush,VATH,129.00,132.00,27.2,t,lite
PC,WLNP-1-2,844,General Community Waterton Lakes National Park 2018,10,2018-07-05 05:26:00,7007,180,Ixoreus naevius,Varied Thrush,VATH,141.00,144.00,42.3,t,lite
PC,WLNP-1-2,844,General Community Waterton Lakes National Park 2018,10,2018-07-05 05:26:00,7007,180,Cyrtonyx ocellatus,Ocellated Quail,OCQU,141.00,144.00,29.6,t,lite
PC,WLNP-1-2,844,General Community Waterton Lakes National Park 2018,10,2018-07-05 05:26:00,7007,180,Setophaga townsendi,Townsend's Warbler,TOWA,168.00,171.00,35.2,t,lite
PC,WLNP-1-2,844,General Community Waterton Lakes National Park 2018,10,2018-07-05 05:26:00,7007,180,Setophaga virens,Black-throated Green Warbler,BTNW,168.00,171.00,32.8,t,lite
PC,WLNP-1-3,857,General Community Waterton Lakes National Park 2018,10,2018-06-26 22:46:00,7074,180,*NOT GENERATED/FOUND*,,,,,,f,lite
PC,WLNP-1-3,857,General Community Waterton Lakes National Park 2018,10,2018-06-28 05:21:00,7073,180,Catharus ustulatus,Swainson's Thrush,SWTH,6.00,9.00,43.7,t,lite
PC,WLNP-1-3,857,General Community Waterton Lakes National Park 2018,10,2018-06-28 05:21:00,7073,180,Fringilla montifringilla,Brambling,BRAM,9.00,12.00,25.6,t,lite
PC,WLNP-1-3,857,General Community Waterton Lakes National Park 2018,10,2018-06-28 05:21:00,7073,180,Ixoreus naevius,Varied Thrush,VATH,9.00,12.00,25.7,t,lite
PC,WLNP-1-3,857,General Community Waterton Lakes National Park 2018,10,2018-06-28 05:21:00,7073,180,Catharus ustulatus,Swainson's Thrush,SWTH,12.00,15.00,44.9,t,lite
PC,WLNP-1-3,857,General Community Waterton Lakes National Park 2018,10,2018-06-28 05:21:00,7073,180,Buteo platypterus,Broad-winged Hawk,BWHA,21.00,24.00,29.2,t,lite
PC,WLNP-1-3,857,General Community Waterton Lakes National Park 2018,10,2018-06-28 05:21:00,7073,180,Catharus ustulatus,Swainson's Thrush,SWTH,21.00,24.00,27.5,t,lite
PC,WLNP-1-3,857,General Community Waterton Lakes National Park 2018,10,2018-06-28 05:21:00,7073,180,Catharus ustulatus,Swainson's Thrush,SWTH,24.00,27.00,59.1,t,lite
PC,WLNP-1-3,857,General Community Waterton Lakes National Park 2018,10,2018-06-28 05:21:00,7073,180,Ixoreus naevius,Varied Thrush,VATH,27.00,30.00,33.5,t,lite
PC,WLNP-1-3,857,General Community Waterton Lakes National Park 2018,10,2018-06-28 05:21:00,7073,180,Apalis porphyrolaema,,,27.00,30.00,34.3,f,lite
PC,WLNP-1-3,857,General Community Waterton Lakes National Park 2018,10,2018-06-28 05:21:00,7073,180,Buteo platypterus,Broad-winged Hawk,BWHA,39.00,42.00,43.7,t,lite
PC,WLNP-1-3,857,General Community Waterton Lakes National Park 2018,10,2018-06-28 05:21:00,7073,180,Buteo platypterus,Broad-winged Hawk,BWHA,66.00,69.00,51.5,t,lite
PC,WLNP-1-3,857,General Community Waterton Lakes National Park 2018,10,2018-06-28 05:21:00,7073,180,Macrosphenus concolor,,,75.00,78.00,27.8,f,lite
PC,WLNP-1-3,857,General Community Waterton Lakes National Park 2018,10,2018-06-28 05:21:00,7073,180,Peucaea aestivalis,Bachman's Sparrow,BACS,90.00,93.00,26.1,t,lite
PC,WLNP-1-3,857,General Community Waterton Lakes National Park 2018,10,2018-06-28 05:21:00,7073,180,Buteo platypterus,Broad-winged Hawk,BWHA,93.00,96.00,41.7,t,lite
PC,WLNP-1-3,857,General Community Waterton Lakes National Park 2018,10,2018-06-28 05:21:00,7073,180,Athene noctua,Little Owl,ATHNOC,117.00,120.00,25.4,t,lite
PC,WLNP-1-3,857,General Community Waterton Lakes National Park 2018,10,2018-06-28 05:21:00,7073,180,Buteo platypterus,Broad-winged Hawk,BWHA,129.00,132.00,61.0,t,lite
PC,WLNP-1-3,857,General Community Waterton Lakes National Park 2018,10,2018-06-28 05:21:00,7073,180,Symposiachrus mundus,,,135.00,138.00,26.5,f,lite
PC,WLNP-1-3,857,General Community Waterton Lakes National Park 2018,10,2018-06-28 05:21:00,7073,180,Fringilla montifringilla,Brambling,BRAM,135.00,138.00,31.0,t,lite
PC,WLNP-1-3,857,General Community Waterton Lakes National Park 2018,10,2018-06-28 05:21:00,7073,180,Ixoreus naevius,Varied Thrush,VATH,135.00,138.00,48.9,t,lite
PC,WLNP-1-3,857,General Community Waterton Lakes National Park 2018,10,2018-06-28 05:21:00,7073,180,Picoides tridactylus,Eurasian Three-toed Woodpecker,PICTRI,156.00,159.00,39.2,t,lite
PC,WLNP-1-3,857,General Community Waterton Lakes National Park 2018,10,2018-06-28 05:21:00,7073,180,Buteo platypterus,Broad-winged Hawk,BWHA,162.00,165.00,33.0,t,lite
PC,WLNP-1-3,857,General Community Waterton Lakes National Park 2018,10,2018-06-30 04:52:00,85241,180,Ixoreus naevius,Varied Thrush,VATH,3.00,6.00,38.5,t,lite
PC,WLNP-1-3,857,General Community Waterton Lakes National Park 2018,10,2018-06-30 04:52:00,85241,180,Apalis porphyrolaema,,,3.00,6.00,43.0,f,lite
PC,WLNP-1-3,857,General Community Waterton Lakes National Park 2018,10,2018-06-30 04:52:00,85241,180,Catamenia homochroa,,,3.00,6.00,25.2,f,lite
PC,WLNP-1-3,857,General Community Waterton Lakes National Park 2018,10,2018-06-30 04:52:00,85241,180,Buteo platypterus,Broad-winged Hawk,BWHA,6.00,9.00,34.5,t,lite
PC,WLNP-1-3,857,General Community Waterton Lakes National Park 2018,10,2018-06-30 04:52:00,85241,180,Apalis porphyrolaema,,,6.00,9.00,34.8,f,lite
PC,WLNP-1-3,857,General Community Waterton Lakes National Park 2018,10,2018-06-30 04:52:00,85241,180,Catamenia homochroa,,,6.00,9.00,31.0,f,lite
PC,WLNP-1-3,857,General Community Waterton Lakes National Park 2018,10,2018-06-30 04:52:00,85241,180,Ixoreus naevius,Varied Thrush,VATH,6.00,9.00,51.9,t,lite
PC,WLNP-1-3,857,General Community Waterton Lakes National Park 2018,10,2018-06-30 04:52:00,85241,180,Oreoscopus gutturalis,,,6.00,9.00,29.7,f,lite
PC,WLNP-1-3,857,General Community Waterton Lakes National Park 2018,10,2018-06-30 04:52:00,85241,180,Fringilla montifringilla,Brambling,BRAM,12.00,15.00,40.3,t,lite
PC,WLNP-1-3,857,General Community Waterton Lakes National Park 2018,10,2018-06-30 04:52:00,85241,180,Ixoreus naevius,Varied Thrush,VATH,12.00,15.00,67.2,t,lite
PC,WLNP-1-3,857,General Community Waterton Lakes National Park 2018,10,2018-06-30 04:52:00,85241,180,Buteo platypterus,Broad-winged Hawk,BWHA,21.00,24.00,55.9,t,lite
PC,WLNP-1-3,857,General Community Waterton Lakes National Park 2018,10,2018-06-30 04:52:00,85241,180,Ixoreus naevius,Varied Thrush,VATH,27.00,30.00,30.7,t,lite
PC,WLNP-1-3,857,General Community Waterton Lakes National Park 2018,10,2018-06-30 04:52:00,85241,180,Catamenia homochroa,,,30.00,33.00,27.7,f,lite
PC,WLNP-1-3,857,General Community Waterton Lakes National Park 2018,10,2018-06-30 04:52:00,85241,180,Apalis porphyrolaema,,,30.00,33.00,27.1,f,lite
PC,WLNP-1-3,857,General Community Waterton Lakes National Park 2018,10,2018-06-30 04:52:00,85241,180,Ixoreus naevius,Varied Thrush,VATH,30.00,33.00,32.0,t,lite
PC,WLNP-1-3,857,General Community Waterton Lakes National Park 2018,10,2018-06-30 04:52:00,85241,180,Buteo platypterus,Broad-winged Hawk,BWHA,30.00,33.00,25.6,t,lite
PC,WLNP-1-3,857,General Community Waterton Lakes National Park 2018,10,2018-06-30 04:52:00,85241,180,Ixoreus naevius,Varied Thrush,VATH,36.00,39.00,33.8,t,lite
PC,WLNP-1-3,857,General Community Waterton Lakes National Park 2018,10,2018-06-30 04:52:00,85241,180,Fringilla montifringilla,Brambling,BRAM,42.00,45.00,35.0,t,lite
PC,WLNP-1-3,857,General Community Waterton Lakes National Park 2018,10,2018-06-30 04:52:00,85241,180,Fringilla montifringilla,Brambling,BRAM,45.00,48.00,32.4,t,lite
PC,WLNP-1-3,857,General Community Waterton Lakes National Park 2018,10,2018-06-30 04:52:00,85241,180,Ixoreus naevius,Varied Thrush,VATH,45.00,48.00,53.5,t,lite
PC,WLNP-1-3,857,General Community Waterton Lakes National Park 2018,10,2018-06-30 04:52:00,85241,180,Buteo platypterus,Broad-winged Hawk,BWHA,51.00,54.00,52.2,t,lite
PC,WLNP-1-3,857,General Community Waterton Lakes National Park 2018,10,2018-06-30 04:52:00,85241,180,Pyrrhula nipalensis,,,63.00,66.00,43.8,f,lite
PC,WLNP-1-3,857,General Community Waterton Lakes National Park 2018,10,2018-06-30 04:52:00,85241,180,Buteo platypterus,Broad-winged Hawk,BWHA,72.00,75.00,38.2,t,lite
PC,WLNP-1-3,857,General Community Waterton Lakes National Park 2018,10,2018-06-30 04:52:00,85241,180,Fringilla montifringilla,Brambling,BRAM,75.00,78.00,28.1,t,lite
PC,WLNP-1-3,857,General Community Waterton Lakes National Park 2018,10,2018-06-30 04:52:00,85241,180,Buteo platypterus,Broad-winged Hawk,BWHA,81.00,84.00,70.4,t,lite
PC,WLNP-1-3,857,General Community Waterton Lakes National Park 2018,10,2018-06-30 04:52:00,85241,180,Ixoreus naevius,Varied Thrush,VATH,87.00,90.00,41.1,t,lite
PC,WLNP-1-3,857,General Community Waterton Lakes National Park 2018,10,2018-06-30 04:52:00,85241,180,Buteo platypterus,Broad-winged Hawk,BWHA,105.00,108.00,72.8,t,lite
PC,WLNP-1-3,857,General Community Waterton Lakes National Park 2018,10,2018-06-30 04:52:00,85241,180,Turdus cardis,,,108.00,111.00,27.0,f,lite
PC,WLNP-1-3,857,General Community Waterton Lakes National Park 2018,10,2018-06-30 04:52:00,85241,180,Buteo platypterus,Broad-winged Hawk,BWHA,129.00,132.00,50.8,t,lite
PC,WLNP-1-3,857,General Community Waterton Lakes National Park 2018,10,2018-06-30 04:52:00,85241,180,Ixoreus naevius,Varied Thrush,VATH,141.00,144.00,32.2,t,lite
PC,WLNP-1-3,857,General Community Waterton Lakes National Park 2018,10,2018-06-30 04:52:00,85241,180,Buteo platypterus,Broad-winged Hawk,BWHA,147.00,150.00,57.3,t,lite
PC,WLNP-1-3,857,General Community Waterton Lakes National Park 2018,10,2018-06-30 04:52:00,85241,180,Athene noctua,Little Owl,ATHNOC,153.00,156.00,26.2,t,lite
PC,WLNP-1-3,857,General Community Waterton Lakes National Park 2018,10,2018-06-30 04:52:00,85241,180,Ixoreus naevius,Varied Thrush,VATH,165.00,168.00,25.3,t,lite
PC,WLNP-1-3,857,General Community Waterton Lakes National Park 2018,10,2018-06-30 04:52:00,85241,180,Fringilla montifringilla,Brambling,BRAM,165.00,168.00,31.7,t,lite
PC,WLNP-1-3,857,General Community Waterton Lakes National Park 2018,10,2018-06-30 04:52:00,85241,180,Buteo platypterus,Broad-winged Hawk,BWHA,171.00,174.00,57.0,t,lite
PC,WLNP-1-3,857,General Community Waterton Lakes National Park 2018,10,2018-06-30 04:52:00,85241,180,Catamenia homochroa,,,171.00,174.00,25.3,f,lite
PC,WLNP-1-3,857,General Community Waterton Lakes National Park 2018,10,2018-07-06 05:26:00,7058,180,Muscicapa dauurica,Asian Brown Flycatcher,ABFL,24.00,27.00,30.8,t,lite
PC,WLNP-1-3,857,General Community Waterton Lakes National Park 2018,10,2018-07-06 05:26:00,7058,180,Muscicapa striata,Spotted Flycatcher,SPFL,24.00,27.00,28.7,t,lite
PC,WLNP-1-3,857,General Community Waterton Lakes National Park 2018,10,2018-07-06 05:26:00,7058,180,Phylloscopus coronatus,,,24.00,27.00,25.3,f,lite
PC,WLNP-1-3,857,General Community Waterton Lakes National Park 2018,10,2018-07-06 05:26:00,7058,180,Catharus ustulatus,Swainson's Thrush,SWTH,78.00,81.00,30.8,t,lite
PC,WLNP-1-3,857,General Community Waterton Lakes National Park 2018,10,2018-07-06 05:26:00,7058,180,Catharus ustulatus,Swainson's Thrush,SWTH,120.00,123.00,25.8,t,lite
PC,WLNP-1-3,857,General Community Waterton Lakes National Park 2018,10,2018-07-06 05:26:00,7058,180,Catharus ustulatus,Swainson's Thrush,SWTH,129.00,132.00,36.8,t,lite
PC,WLNP-1-3,857,General Community Waterton Lakes National Park 2018,10,2018-07-06 05:26:00,7058,180,Catharus ustulatus,Swainson's Thrush,SWTH,132.00,135.00,31.6,t,lite
PC,WLNP-1-3,857,General Community Waterton Lakes National Park 2018,10,2018-07-06 05:26:00,7058,180,Catharus ustulatus,Swainson's Thrush,SWTH,135.00,138.00,25.2,t,lite
PC,WLNP-1-3,857,General Community Waterton Lakes National Park 2018,10,2018-07-06 05:26:00,7058,180,Phylloscopus coronatus,,,162.00,165.00,31.7,f,lite
PC,WLNP-1-3,857,General Community Waterton Lakes National Park 2018,10,2018-07-06 05:26:00,7058,180,Poecile hudsonicus,Boreal Chickadee,BOCH,162.00,165.00,39.0,t,lite
PC,WLNP-1-3,857,General Community Waterton Lakes National Park 2018,10,2018-07-06 05:26:00,7058,180,Catharus ustulatus,Swainson's Thrush,SWTH,168.00,171.00,25.2,t,lite
PC,WLNP-1-3,857,General Community Waterton Lakes National Park 2018,10,2018-07-06 05:26:00,7058,180,Catharus ustulatus,Swainson's Thrush,SWTH,171.00,174.00,27.6,t,lite
PC,WLNP-1-3,857,General Community Waterton Lakes National Park 2018,10,2018-07-07 05:27:00,7022,180,Fringilla montifringilla,Brambling,BRAM,0.00,3.00,43.3,t,lite
PC,WLNP-1-3,857,General Community Waterton Lakes National Park 2018,10,2018-07-07 05:27:00,7022,180,Catharus ustulatus,Swainson's Thrush,SWTH,3.00,6.00,31.7,t,lite
PC,WLNP-1-3,857,General Community Waterton Lakes National Park 2018,10,2018-07-07 05:27:00,7022,180,Certhia familiaris,Eurasian Treecreeper,CERFAM,6.00,9.00,31.6,t,lite
PC,WLNP-1-3,857,General Community Waterton Lakes National Park 2018,10,2018-07-07 05:27:00,7022,180,Catharus ustulatus,Swainson's Thrush,SWTH,9.00,12.00,32.2,t,lite
PC,WLNP-1-3,857,General Community Waterton Lakes National Park 2018,10,2018-07-07 05:27:00,7022,180,Catharus ustulatus,Swainson's Thrush,SWTH,27.00,30.00,28.4,t,lite
PC,WLNP-1-3,857,General Community Waterton Lakes National Park 2018,10,2018-07-07 05:27:00,7022,180,Ixoreus naevius,Varied Thrush,VATH,30.00,33.00,33.6,t,lite
PC,WLNP-1-3,857,General Community Waterton Lakes National Park 2018,10,2018-07-07 05:27:00,7022,180,Fringilla montifringilla,Brambling,BRAM,42.00,45.00,83.4,t,lite
PC,WLNP-1-3,857,General Community Waterton Lakes National Park 2018,10,2018-07-07 05:27:00,7022,180,Ixoreus naevius,Varied Thrush,VATH,42.00,45.00,55.0,t,lite
PC,WLNP-1-3,857,General Community Waterton Lakes National Park 2018,10,2018-07-07 05:27:00,7022,180,Pachycephala olivacea,,,60.00,63.00,26.2,f,lite
PC,WLNP-1-3,857,General Community Waterton Lakes National Park 2018,10,2018-07-07 05:27:00,7022,180,Ixoreus naevius,Varied Thrush,VATH,60.00,63.00,38.2,t,lite
PC,WLNP-1-3,857,General Community Waterton Lakes National Park 2018,10,2018-07-07 05:27:00,7022,180,Catharus ustulatus,Swainson's Thrush,SWTH,75.00,78.00,31.3,t,lite
PC,WLNP-1-3,857,General Community Waterton Lakes National Park 2018,10,2018-07-07 05:27:00,7022,180,Catharus ustulatus,Swainson's Thrush,SWTH,99.00,102.00,46.0,t,lite
PC,WLNP-1-3,857,General Community Waterton Lakes National Park 2018,10,2018-07-07 05:27:00,7022,180,Catharus ustulatus,Swainson's Thrush,SWTH,111.00,114.00,36.1,t,lite
PC,WLNP-1-3,857,General Community Waterton Lakes National Park 2018,10,2018-07-07 05:27:00,7022,180,Catharus ustulatus,Swainson's Thrush,SWTH,120.00,123.00,34.8,t,lite
PC,WLNP-1-3,857,General Community Waterton Lakes National Park 2018,10,2018-07-07 05:27:00,7022,180,Catharus ustulatus,Swainson's Thrush,SWTH,129.00,132.00,53.7,t,lite
PC,WLNP-1-3,857,General Community Waterton Lakes National Park 2018,10,2018-07-07 05:27:00,7022,180,Catharus ustulatus,Swainson's Thrush,SWTH,138.00,141.00,41.2,t,lite
PC,WLNP-1-3,857,General Community Waterton Lakes National Park 2018,10,2018-07-07 05:27:00,7022,180,Catharus ustulatus,Swainson's Thrush,SWTH,141.00,144.00,42.4,t,lite
PC,WLNP-1-3,857,General Community Waterton Lakes National Park 2018,10,2018-07-07 05:27:00,7022,180,Catharus ustulatus,Swainson's Thrush,SWTH,147.00,150.00,45.8,t,lite
PC,WLNP-1-3,857,General Community Waterton Lakes National Park 2018,10,2018-07-07 05:27:00,7022,180,Catharus ustulatus,Swainson's Thrush,SWTH,150.00,153.00,33.3,t,lite
PC,WLNP-1-3,857,General Community Waterton Lakes National Park 2018,10,2018-07-07 05:27:00,7022,180,Phylloscopus sarasinorum,,,153.00,156.00,28.2,f,lite
PC,WLNP-1-3,857,General Community Waterton Lakes National Park 2018,10,2018-07-07 05:27:00,7022,180,Catharus ustulatus,Swainson's Thrush,SWTH,159.00,162.00,31.5,t,lite
PC,WLNP-1-3,857,General Community Waterton Lakes National Park 2018,10,2018-07-07 05:27:00,7022,180,Catharus ustulatus,Swainson's Thrush,SWTH,162.00,165.00,36.8,t,lite
PC,WLNP-1-3,857,General Community Waterton Lakes National Park 2018,10,2018-07-07 05:27:00,7022,180,Catharus ustulatus,Swainson's Thrush,SWTH,165.00,168.00,28.0,t,lite
PC,WLNP-1-3,857,General Community Waterton Lakes National Park 2018,10,2018-07-07 05:27:00,7022,180,Catharus ustulatus,Swainson's Thrush,SWTH,168.00,171.00,32.3,t,lite
PC,WLNP-1-3,857,General Community Waterton Lakes National Park 2018,10,2018-07-07 05:27:00,7022,180,Catharus ustulatus,Swainson's Thrush,SWTH,171.00,174.00,31.2,t,lite
PC,WLNP-2-1,858,General Community Waterton Lakes National Park 2018,10,2018-06-17 22:44:00,6962,180,*NOT GENERATED/FOUND*,,,,,,f,lite
PC,WLNP-2-1,858,General Community Waterton Lakes National Park 2018,10,2018-06-18 04:48:00,6951,180,*NOT GENERATED/FOUND*,,,,,,f,lite
PC,WLNP-2-1,858,General Community Waterton Lakes National Park 2018,10,2018-06-21 04:48:00,85242,180,*NOT GENERATED/FOUND*,,,,,,f,lite
PC,WLNP-2-1,858,General Community Waterton Lakes National Park 2018,10,2018-06-22 04:48:00,7075,180,*NOT GENERATED/FOUND*,,,,,,f,lite
PC,WLNP-2-1,858,General Community Waterton Lakes National Park 2018,10,2018-06-22 05:18:00,90867,180,*NOT GENERATED/FOUND*,,,,,,f,lite
PC,WLNP-2-1,858,General Community Waterton Lakes National Park 2018,10,2018-06-26 04:50:00,7023,180,*NOT GENERATED/FOUND*,,,,,,f,lite
PC,WLNP-2-2,845,General Community Waterton Lakes National Park 2018,10,2018-06-20 04:48:00,6971,180,Catharus ustulatus,Swainson's Thrush,SWTH,12.00,15.00,31.7,t,lite
PC,WLNP-2-2,845,General Community Waterton Lakes National Park 2018,10,2018-06-20 04:48:00,6971,180,Catharus ustulatus,Swainson's Thrush,SWTH,45.00,48.00,30.5,t,lite
PC,WLNP-2-2,845,General Community Waterton Lakes National Park 2018,10,2018-06-20 04:48:00,6971,180,Catharus ustulatus,Swainson's Thrush,SWTH,48.00,51.00,25.0,t,lite
PC,WLNP-2-2,845,General Community Waterton Lakes National Park 2018,10,2018-06-20 04:48:00,6971,180,Catharus ustulatus,Swainson's Thrush,SWTH,102.00,105.00,40.3,t,lite
PC,WLNP-2-2,845,General Community Waterton Lakes National Park 2018,10,2018-06-21 05:18:00,7009,180,Sicalis auriventris,,,102.00,105.00,27.4,f,lite
PC,WLNP-2-2,845,General Community Waterton Lakes National Park 2018,10,2018-06-22 04:48:00,85243,180,Catharus ustulatus,Swainson's Thrush,SWTH,18.00,21.00,35.3,t,lite
PC,WLNP-2-2,845,General Community Waterton Lakes National Park 2018,10,2018-06-22 04:48:00,85243,180,Catharus ustulatus,Swainson's Thrush,SWTH,21.00,24.00,32.0,t,lite
PC,WLNP-2-2,845,General Community Waterton Lakes National Park 2018,10,2018-06-22 04:48:00,85243,180,Catharus ustulatus,Swainson's Thrush,SWTH,69.00,72.00,50.0,t,lite
PC,WLNP-2-2,845,General Community Waterton Lakes National Park 2018,10,2018-06-23 04:49:00,6987,180,*NOT GENERATED/FOUND*,,,,,,f,lite
PC,WLNP-2-2,845,General Community Waterton Lakes National Park 2018,10,2018-06-26 05:20:00,7008,180,*NOT GENERATED/FOUND*,,,,,,f,lite
PC,WLNP-2-3,846,General Community Waterton Lakes National Park 2018,10,2018-06-17 21:44:00,7024,180,Catharus ustulatus,Swainson's Thrush,SWTH,15.00,18.00,27.0,t,lite
PC,WLNP-2-3,846,General Community Waterton Lakes National Park 2018,10,2018-06-17 21:44:00,7024,180,Catharus ustulatus,Swainson's Thrush,SWTH,30.00,33.00,28.2,t,lite
PC,WLNP-2-3,846,General Community Waterton Lakes National Park 2018,10,2018-06-17 21:44:00,7024,180,Catharus ustulatus,Swainson's Thrush,SWTH,45.00,48.00,61.0,t,lite
PC,WLNP-2-3,846,General Community Waterton Lakes National Park 2018,10,2018-06-17 21:44:00,7024,180,Turdus cardis,,,48.00,51.00,25.3,f,lite
PC,WLNP-2-3,846,General Community Waterton Lakes National Park 2018,10,2018-06-17 21:44:00,7024,180,Catharus ustulatus,Swainson's Thrush,SWTH,51.00,54.00,41.7,t,lite
PC,WLNP-2-3,846,General Community Waterton Lakes National Park 2018,10,2018-06-17 21:44:00,7024,180,Catharus ustulatus,Swainson's Thrush,SWTH,57.00,60.00,31.7,t,lite
PC,WLNP-2-3,846,General Community Waterton Lakes National Park 2018,10,2018-06-17 21:44:00,7024,180,Zoothera lunulata,,,96.00,99.00,26.2,f,lite
PC,WLNP-2-3,846,General Community Waterton Lakes National Park 2018,10,2018-06-17 21:44:00,7024,180,Setophaga coronata,Yellow-rumped Warbler,YRWA,177.00,180.00,25.1,t,lite
PC,WLNP-2-3,846,General Community Waterton Lakes National Park 2018,10,2018-06-18 05:18:00,6972,180,Zoothera aurea,White's Thrush,WHTH,0.00,3.00,25.9,t,lite
PC,WLNP-2-3,846,General Community Waterton Lakes National Park 2018,10,2018-06-18 05:18:00,6972,180,Zoothera aurea,White's Thrush,WHTH,9.00,12.00,39.0,t,lite
PC,WLNP-2-3,846,General Community Waterton Lakes National Park 2018,10,2018-06-18 05:18:00,6972,180,Tunchiornis ochraceiceps,Tawny-crowned Greenlet,TCGR,9.00,12.00,25.0,t,lite
PC,WLNP-2-3,846,General Community Waterton Lakes National Park 2018,10,2018-06-18 05:18:00,6972,180,Setophaga citrina,Hooded Warbler,HOWA,63.00,66.00,27.1,t,lite
PC,WLNP-2-3,846,General Community Waterton Lakes National Park 2018,10,2018-06-18 05:18:00,6972,180,Setophaga pinus,Pine Warbler,PIWA,84.00,87.00,30.9,t,lite
PC,WLNP-2-3,846,General Community Waterton Lakes National Park 2018,10,2018-06-18 05:18:00,6972,180,Emberiza cirlus,Cirl Bunting,EMBCIR,84.00,87.00,26.2,t,lite
PC,WLNP-2-3,846,General Community Waterton Lakes National Park 2018,10,2018-06-18 05:18:00,6972,180,Emberiza cirlus,Cirl Bunting,EMBCIR,165.00,168.00,35.3,t,lite
PC,WLNP-2-3,846,General Community Waterton Lakes National Park 2018,10,2018-06-20 05:18:00,6995,180,Emberiza cirlus,Cirl Bunting,EMBCIR,9.00,12.00,32.6,t,lite
PC,WLNP-2-3,846,General Community Waterton Lakes National Park 2018,10,2018-06-20 05:18:00,6995,180,Cardellina canadensis,Canada Warbler,CAWA,27.00,30.00,28.0,t,lite
PC,WLNP-2-3,846,General Community Waterton Lakes National Park 2018,10,2018-06-20 05:18:00,6995,180,Setophaga pinus,Pine Warbler,PIWA,30.00,33.00,31.0,t,lite
PC,WLNP-2-3,846,General Community Waterton Lakes National Park 2018,10,2018-06-20 05:18:00,6995,180,Emberiza cirlus,Cirl Bunting,EMBCIR,39.00,42.00,32.9,t,lite
PC,WLNP-2-3,846,General Community Waterton Lakes National Park 2018,10,2018-06-20 05:18:00,6995,180,Setophaga pinus,Pine Warbler,PIWA,39.00,42.00,28.6,t,lite
PC,WLNP-2-3,846,General Community Waterton Lakes National Park 2018,10,2018-06-20 05:18:00,6995,180,Setophaga pinus,Pine Warbler,PIWA,81.00,84.00,28.0,t,lite
PC,WLNP-2-3,846,General Community Waterton Lakes National Park 2018,10,2018-06-20 05:18:00,6995,180,Emberiza cirlus,Cirl Bunting,EMBCIR,84.00,87.00,26.6,t,lite
PC,WLNP-2-3,846,General Community Waterton Lakes National Park 2018,10,2018-06-20 05:18:00,6995,180,Catharus ustulatus,Swainson's Thrush,SWTH,93.00,96.00,36.1,t,lite
PC,WLNP-2-3,846,General Community Waterton Lakes National Park 2018,10,2018-06-20 05:18:00,6995,180,Setophaga pinus,Pine Warbler,PIWA,96.00,99.00,26.8,t,lite
PC,WLNP-2-3,846,General Community Waterton Lakes National Park 2018,10,2018-06-20 05:18:00,6995,180,Emberiza cirlus,Cirl Bunting,EMBCIR,96.00,99.00,32.1,t,lite
PC,WLNP-2-3,846,General Community Waterton Lakes National Park 2018,10,2018-06-20 05:18:00,6995,180,Emberiza cirlus,Cirl Bunting,EMBCIR,108.00,111.00,48.3,t,lite
PC,WLNP-2-3,846,General Community Waterton Lakes National Park 2018,10,2018-06-20 05:18:00,6995,180,Setophaga pinus,Pine Warbler,PIWA,126.00,129.00,27.3,t,lite
PC,WLNP-2-3,846,General Community Waterton Lakes National Park 2018,10,2018-06-20 05:18:00,6995,180,Emberiza cirlus,Cirl Bunting,EMBCIR,126.00,129.00,29.6,t,lite
PC,WLNP-2-3,846,General Community Waterton Lakes National Park 2018,10,2018-06-20 05:18:00,6995,180,Catharus ustulatus,Swainson's Thrush,SWTH,129.00,132.00,32.1,t,lite
PC,WLNP-2-3,846,General Community Waterton Lakes National Park 2018,10,2018-06-20 05:18:00,6995,180,Catharus ustulatus,Swainson's Thrush,SWTH,135.00,138.00,32.5,t,lite
PC,WLNP-2-3,846,General Community Waterton Lakes National Park 2018,10,2018-06-20 05:18:00,6995,180,Coracina striata,,,159.00,162.00,35.3,f,lite
PC,WLNP-2-3,846,General Community Waterton Lakes National Park 2018,10,2018-06-21 04:48:00,7010,180,Catharus ustulatus,Swainson's Thrush,SWTH,9.00,12.00,26.5,t,lite
PC,WLNP-2-3,846,General Community Waterton Lakes National Park 2018,10,2018-06-23 04:49:00,85244,180,*NOT GENERATED/FOUND*,,,,,,f,lite
PC,WLNP-2-4,859,General Community Waterton Lakes National Park 2018,10,2018-06-17 22:44:00,7025,180,Napothera danjoui,,,39.00,42.00,37.6,f,lite
PC,WLNP-2-4,859,General Community Waterton Lakes National Park 2018,10,2018-06-18 04:48:00,7047,180,Turdus migratorius,American Robin,AMRO,3.00,6.00,30.3,t,lite
PC,WLNP-2-4,859,General Community Waterton Lakes National Park 2018,10,2018-06-18 04:48:00,7047,180,Turdus migratorius,American Robin,AMRO,54.00,57.00,27.9,t,lite
PC,WLNP-2-4,859,General Community Waterton Lakes National Park 2018,10,2018-06-18 04:48:00,7047,180,Turdus cardis,,,57.00,60.00,26.8,f,lite
PC,WLNP-2-4,859,General Community Waterton Lakes National Park 2018,10,2018-06-18 04:48:00,7047,180,Turdus migratorius,American Robin,AMRO,57.00,60.00,29.9,t,lite
PC,WLNP-2-4,859,General Community Waterton Lakes National Park 2018,10,2018-06-18 04:48:00,7047,180,Turdus migratorius,American Robin,AMRO,69.00,72.00,46.4,t,lite
PC,WLNP-2-4,859,General Community Waterton Lakes National Park 2018,10,2018-06-18 04:48:00,7047,180,Turdus cardis,,,69.00,72.00,33.6,f,lite
PC,WLNP-2-4,859,General Community Waterton Lakes National Park 2018,10,2018-06-18 04:48:00,7047,180,Turdus rufitorques,Rufous-collared Robin,RCRO,72.00,75.00,25.2,t,lite
PC,WLNP-2-4,859,General Community Waterton Lakes National Park 2018,10,2018-06-18 04:48:00,7047,180,Turdus migratorius,American Robin,AMRO,72.00,75.00,40.9,t,lite
PC,WLNP-2-4,859,General Community Waterton Lakes National Park 2018,10,2018-06-18 04:48:00,7047,180,Turdus migratorius,American Robin,AMRO,75.00,78.00,45.7,t,lite
PC,WLNP-2-4,859,General Community Waterton Lakes National Park 2018,10,2018-06-18 04:48:00,7047,180,Turdus fuscater,,,78.00,81.00,27.1,f,lite
PC,WLNP-2-4,859,General Community Waterton Lakes National Park 2018,10,2018-06-18 04:48:00,7047,180,Turdus migratorius,American Robin,AMRO,78.00,81.00,37.2,t,lite
PC,WLNP-2-4,859,General Community Waterton Lakes National Park 2018,10,2018-06-18 04:48:00,7047,180,Turdus boulboul,,,78.00,81.00,27.8,f,lite
PC,WLNP-2-4,859,General Community Waterton Lakes National Park 2018,10,2018-06-18 04:48:00,7047,180,Turdus migratorius,American Robin,AMRO,81.00,84.00,40.2,t,lite
PC,WLNP-2-4,859,General Community Waterton Lakes National Park 2018,10,2018-06-18 04:48:00,7047,180,Turdus cardis,,,102.00,105.00,26.1,f,lite
PC,WLNP-2-4,859,General Community Waterton Lakes National Park 2018,10,2018-06-18 04:48:00,7047,180,Attila spadiceus,Bright-rumped Attila,BRAT,114.00,117.00,25.9,t,lite
PC,WLNP-2-4,859,General Community Waterton Lakes National Park 2018,10,2018-06-19 05:18:00,85245,180,Illadopsis rufipennis,,,6.00,9.00,34.0,f,lite
PC,WLNP-2-4,859,General Community Waterton Lakes National Park 2018,10,2018-06-19 05:18:00,85245,180,Hierococcyx hyperythrus,,,156.00,159.00,25.4,f,lite
PC,WLNP-2-4,859,General Community Waterton Lakes National Park 2018,10,2018-06-20 04:48:00,90868,180,Turdus cardis,,,99.00,102.00,26.7,f,lite
PC,WLNP-2-4,859,General Community Waterton Lakes National Park 2018,10,2018-06-21 04:48:00,7026,180,Catharus ustulatus,Swainson's Thrush,SWTH,9.00,12.00,40.2,t,lite
PC,WLNP-2-4,859,General Community Waterton Lakes National Park 2018,10,2018-06-21 04:48:00,7026,180,Emberiza cirlus,Cirl Bunting,EMBCIR,21.00,24.00,29.9,t,lite
PC,WLNP-2-4,859,General Community Waterton Lakes National Park 2018,10,2018-06-21 04:48:00,7026,180,Heliobletus contaminatus,,,24.00,27.00,31.8,f,lite
PC,WLNP-2-4,859,General Community Waterton Lakes National Park 2018,10,2018-06-21 04:48:00,7026,180,Emberiza cirlus,Cirl Bunting,EMBCIR,27.00,30.00,35.9,t,lite
PC,WLNP-2-4,859,General Community Waterton Lakes National Park 2018,10,2018-06-21 04:48:00,7026,180,Aethopyga christinae,,,27.00,30.00,29.2,f,lite
PC,WLNP-2-4,859,General Community Waterton Lakes National Park 2018,10,2018-06-21 04:48:00,7026,180,Setophaga pinus,Pine Warbler,PIWA,27.00,30.00,25.6,t,lite
PC,WLNP-2-4,859,General Community Waterton Lakes National Park 2018,10,2018-06-21 04:48:00,7026,180,Junco hyemalis,Dark-eyed Junco,DEJU,39.00,42.00,28.4,t,lite
PC,WLNP-2-4,859,General Community Waterton Lakes National Park 2018,10,2018-06-21 04:48:00,7026,180,Emberiza cirlus,Cirl Bunting,EMBCIR,39.00,42.00,33.9,t,lite
PC,WLNP-2-4,859,General Community Waterton Lakes National Park 2018,10,2018-06-21 04:48:00,7026,180,Setophaga pinus,Pine Warbler,PIWA,57.00,60.00,36.6,t,lite
PC,WLNP-2-4,859,General Community Waterton Lakes National Park 2018,10,2018-06-21 04:48:00,7026,180,Catharus ustulatus,Swainson's Thrush,SWTH,87.00,90.00,27.5,t,lite
PC,WLNP-2-4,859,General Community Waterton Lakes National Park 2018,10,2018-06-21 04:48:00,7026,180,Catharus ustulatus,Swainson's Thrush,SWTH,135.00,138.00,27.1,t,lite
PC,WLNP-2-4,859,General Community Waterton Lakes National Park 2018,10,2018-06-22 05:18:00,6996,180,Catharus ustulatus,Swainson's Thrush,SWTH,0.00,3.00,33.7,t,lite
PC,WLNP-2-4,859,General Community Waterton Lakes National Park 2018,10,2018-06-22 05:18:00,6996,180,Poliocrania exsul,,,0.00,3.00,26.2,f,lite
PC,WLNP-2-4,859,General Community Waterton Lakes National Park 2018,10,2018-06-22 05:18:00,6996,180,Catharus ustulatus,Swainson's Thrush,SWTH,3.00,6.00,36.2,t,lite
PC,WLNP-2-4,859,General Community Waterton Lakes National Park 2018,10,2018-06-22 05:18:00,6996,180,Catharus ustulatus,Swainson's Thrush,SWTH,6.00,9.00,30.6,t,lite
PC,WLNP-2-4,859,General Community Waterton Lakes National Park 2018,10,2018-06-22 05:18:00,6996,180,Pipilo maculatus,Spotted Towhee,SPTO,9.00,12.00,33.8,t,lite
PC,WLNP-2-4,859,General Community Waterton Lakes National Park 2018,10,2018-06-22 05:18:00,6996,180,Catharus ustulatus,Swainson's Thrush,SWTH,12.00,15.00,31.1,t,lite
PC,WLNP-2-4,859,General Community Waterton Lakes National Park 2018,10,2018-06-22 05:18:00,6996,180,Poliocrania exsul,,,12.00,15.00,33.9,f,lite
PC,WLNP-2-4,859,General Community Waterton Lakes National Park 2018,10,2018-06-22 05:18:00,6996,180,Poliocrania exsul,,,18.00,21.00,29.0,f,lite
PC,WLNP-2-4,859,General Community Waterton Lakes National Park 2018,10,2018-06-22 05:18:00,6996,180,Catharus ustulatus,Swainson's Thrush,SWTH,24.00,27.00,32.7,t,lite
PC,WLNP-2-4,859,General Community Waterton Lakes National Park 2018,10,2018-06-22 05:18:00,6996,180,Catharus ustulatus,Swainson's Thrush,SWTH,27.00,30.00,27.8,t,lite
PC,WLNP-2-4,859,General Community Waterton Lakes National Park 2018,10,2018-06-22 05:18:00,6996,180,Catharus ustulatus,Swainson's Thrush,SWTH,33.00,36.00,30.9,t,lite
PC,WLNP-2-4,859,General Community Waterton Lakes National Park 2018,10,2018-06-22 05:18:00,6996,180,Poliocrania exsul,,,48.00,51.00,28.8,f,lite
PC,WLNP-2-4,859,General Community Waterton Lakes National Park 2018,10,2018-06-22 05:18:00,6996,180,Poliocrania exsul,,,57.00,60.00,25.7,f,lite
PC,WLNP-2-4,859,General Community Waterton Lakes National Park 2018,10,2018-06-22 05:18:00,6996,180,Catharus ustulatus,Swainson's Thrush,SWTH,75.00,78.00,28.6,t,lite
PC,WLNP-2-4,859,General Community Waterton Lakes National Park 2018,10,2018-06-22 05:18:00,6996,180,Catharus ustulatus,Swainson's Thrush,SWTH,99.00,102.00,25.8,t,lite
PC,WLNP-2-4,859,General Community Waterton Lakes National Park 2018,10,2018-06-22 05:18:00,6996,180,Catharus ustulatus,Swainson's Thrush,SWTH,108.00,111.00,26.2,t,lite
PC,WLNP-2-4,859,General Community Waterton Lakes National Park 2018,10,2018-06-22 05:18:00,6996,180,Terpsiphone atrocaudata,,,117.00,120.00,25.6,f,lite
PC,WLNP-2-4,859,General Community Waterton Lakes National Park 2018,10,2018-06-22 05:18:00,6996,180,Catharus ustulatus,Swainson's Thrush,SWTH,126.00,129.00,28.7,t,lite
PC,WLNP-2-4,859,General Community Waterton Lakes National Park 2018,10,2018-06-22 05:18:00,6996,180,Catharus ustulatus,Swainson's Thrush,SWTH,129.00,132.00,30.0,t,lite
PC,WLNP-2-4,859,General Community Waterton Lakes National Park 2018,10,2018-06-22 05:18:00,6996,180,Catharus ustulatus,Swainson's Thrush,SWTH,132.00,135.00,36.5,t,lite
PC,WLNP-2-4,859,General Community Waterton Lakes National Park 2018,10,2018-06-22 05:18:00,6996,180,Melilestes megarhynchus,,,141.00,144.00,27.5,f,lite
PC,WLNP-2-4,859,General Community Waterton Lakes National Park 2018,10,2018-06-22 05:18:00,6996,180,Catharus ustulatus,Swainson's Thrush,SWTH,147.00,150.00,25.6,t,lite
PC,WLNP-2-4,859,General Community Waterton Lakes National Park 2018,10,2018-06-22 05:18:00,6996,180,Poliocrania exsul,,,153.00,156.00,30.5,f,lite
PC,WLNP-2-4,859,General Community Waterton Lakes National Park 2018,10,2018-06-22 05:18:00,6996,180,Catharus ustulatus,Swainson's Thrush,SWTH,159.00,162.00,36.9,t,lite
PC,WLNP-2-4,859,General Community Waterton Lakes National Park 2018,10,2018-06-22 05:18:00,6996,180,Poliocrania exsul,,,162.00,165.00,25.1,f,lite
PC,WLNP-2-4,859,General Community Waterton Lakes National Park 2018,10,2018-06-22 05:18:00,6996,180,Poliocrania exsul,,,171.00,174.00,29.5,f,lite
PC,WLNP-2-5,847,General Community Waterton Lakes National Park 2018,10,2018-06-18 04:48:00,85246,180,Turdus cardis,,,39.00,42.00,28.2,f,lite
PC,WLNP-2-5,847,General Community Waterton Lakes National Park 2018,10,2018-06-18 04:48:00,85246,180,Turdus viscivorus,Mistle Thrush,MITH,72.00,75.00,27.6,t,lite
PC,WLNP-2-5,847,General Community Waterton Lakes National Park 2018,10,2018-06-18 04:48:00,85246,180,Chlorocharis emiliae,,,111.00,114.00,30.9,f,lite
PC,WLNP-2-5,847,General Community Waterton Lakes National Park 2018,10,2018-06-18 04:48:00,85246,180,Myiarchus tyrannulus,Brown-crested Flycatcher,BCFL,141.00,144.00,36.2,t,lite
PC,WLNP-2-5,847,General Community Waterton Lakes National Park 2018,10,2018-06-18 04:48:00,85246,180,Coturnix coturnix,Common Quail,COQU,141.00,144.00,26.8,t,lite
PC,WLNP-2-5,847,General Community Waterton Lakes National Park 2018,10,2018-06-18 04:48:00,85246,180,Catharus ustulatus,Swainson's Thrush,SWTH,141.00,144.00,53.4,t,lite
PC,WLNP-2-5,847,General Community Waterton Lakes National Park 2018,10,2018-06-18 04:48:00,85246,180,Catharus ustulatus,Swainson's Thrush,SWTH,156.00,159.00,25.4,t,lite
PC,WLNP-2-5,847,General Community Waterton Lakes National Park 2018,10,2018-06-19 04:48:00,85247,180,Heliangelus viola,,,33.00,36.00,28.1,f,lite
PC,WLNP-2-5,847,General Community Waterton Lakes National Park 2018,10,2018-06-19 04:48:00,85247,180,Heliangelus viola,,,48.00,51.00,34.3,f,lite
PC,WLNP-2-5,847,General Community Waterton Lakes National Park 2018,10,2018-06-19 04:48:00,85247,180,Heliangelus viola,,,57.00,60.00,39.9,f,lite
PC,WLNP-2-5,847,General Community Waterton Lakes National Park 2018,10,2018-06-19 04:48:00,85247,180,Heliangelus viola,,,63.00,66.00,43.8,f,lite
PC,WLNP-2-5,847,General Community Waterton Lakes National Park 2018,10,2018-06-19 04:48:00,85247,180,Heliangelus viola,,,90.00,93.00,34.7,f,lite
PC,WLNP-2-5,847,General Community Waterton Lakes National Park 2018,10,2018-06-19 04:48:00,85247,180,Heliangelus viola,,,105.00,108.00,42.5,f,lite
PC,WLNP-2-5,847,General Community Waterton Lakes National Park 2018,10,2018-06-19 04:48:00,85247,180,Heliangelus viola,,,108.00,111.00,29.3,f,lite
PC,WLNP-2-5,847,General Community Waterton Lakes National Park 2018,10,2018-06-19 04:48:00,85247,180,Heliangelus viola,,,129.00,132.00,26.3,f,lite
PC,WLNP-2-5,847,General Community Waterton Lakes National Park 2018,10,2018-06-19 04:48:00,85247,180,Heliangelus viola,,,150.00,153.00,25.9,f,lite
PC,WLNP-2-5,847,General Community Waterton Lakes National Park 2018,10,2018-06-19 04:48:00,85247,180,Heliangelus viola,,,171.00,174.00,28.4,f,lite
PC,WLNP-2-5,847,General Community Waterton Lakes National Park 2018,10,2018-06-20 05:18:00,6989,180,Setophaga cerulea,Cerulean Warbler,CERW,45.00,48.00,25.0,t,lite
PC,WLNP-2-5,847,General Community Waterton Lakes National Park 2018,10,2018-06-20 05:18:00,6989,180,Setophaga pitiayumi,Tropical Parula,TRPA,93.00,96.00,29.9,t,lite
PC,WLNP-2-5,847,General Community Waterton Lakes National Park 2018,10,2018-06-20 05:18:00,6989,180,Geothlypis tolmiei,MacGillivray's Warbler,MGWA,114.00,117.00,40.6,t,lite
PC,WLNP-2-5,847,General Community Waterton Lakes National Park 2018,10,2018-06-20 05:18:00,6989,180,Setophaga pitiayumi,Tropical Parula,TRPA,147.00,150.00,27.9,t,lite
PC,WLNP-2-5,847,General Community Waterton Lakes National Park 2018,10,2018-06-20 05:18:00,6989,180,Prinia hodgsonii,,,147.00,150.00,35.1,f,lite
PC,WLNP-2-5,847,General Community Waterton Lakes National Park 2018,10,2018-06-20 05:18:00,6989,180,Setophaga pitiayumi,Tropical Parula,TRPA,156.00,159.00,25.9,t,lite
PC,WLNP-2-5,847,General Community Waterton Lakes National Park 2018,10,2018-06-20 05:18:00,6989,180,Prinia hodgsonii,,,156.00,159.00,28.9,f,lite
PC,WLNP-2-5,847,General Community Waterton Lakes National Park 2018,10,2018-06-20 05:18:00,6989,180,Setophaga pitiayumi,Tropical Parula,TRPA,174.00,177.00,41.7,t,lite
PC,WLNP-2-5,847,General Community Waterton Lakes National Park 2018,10,2018-06-21 04:48:00,6952,180,Myiarchus crinitus,Great Crested Flycatcher,GCFL,9.00,12.00,35.5,t,lite
PC,WLNP-2-5,847,General Community Waterton Lakes National Park 2018,10,2018-06-21 04:48:00,6952,180,Myiarchus tyrannulus,Brown-crested Flycatcher,BCFL,15.00,18.00,28.9,t,lite
PC,WLNP-2-5,847,General Community Waterton Lakes National Park 2018,10,2018-06-21 04:48:00,6952,180,Catharus ustulatus,Swainson's Thrush,SWTH,21.00,24.00,25.4,t,lite
PC,WLNP-2-5,847,General Community Waterton Lakes National Park 2018,10,2018-06-21 04:48:00,6952,180,Turdus cardis,,,165.00,168.00,27.9,f,lite
PC,WLNP-2-5,847,General Community Waterton Lakes National Park 2018,10,2018-06-21 04:48:00,6952,180,Turdus cardis,,,171.00,174.00,31.7,f,lite
PC,WLNP-2-5,847,General Community Waterton Lakes National Park 2018,10,2018-06-22 04:48:00,6988,180,Catharus ustulatus,Swainson's Thrush,SWTH,18.00,21.00,39.0,t,lite
PC,WLNP-2-5,847,General Community Waterton Lakes National Park 2018,10,2018-06-22 04:48:00,6988,180,Vireo gilvus,Warbling Vireo,WAVI,18.00,21.00,26.0,t,lite
PC,WLNP-2-5,847,General Community Waterton Lakes National Park 2018,10,2018-06-22 04:48:00,6988,180,Vireo gilvus,Warbling Vireo,WAVI,21.00,24.00,26.1,t,lite
PC,WLNP-2-5,847,General Community Waterton Lakes National Park 2018,10,2018-06-22 04:48:00,6988,180,Catharus ustulatus,Swainson's Thrush,SWTH,27.00,30.00,33.7,t,lite
PC,WLNP-2-5,847,General Community Waterton Lakes National Park 2018,10,2018-06-22 04:48:00,6988,180,Catharus ustulatus,Swainson's Thrush,SWTH,30.00,33.00,30.0,t,lite
PC,WLNP-2-5,847,General Community Waterton Lakes National Park 2018,10,2018-06-22 04:48:00,6988,180,Setophaga pensylvanica,Chestnut-sided Warbler,CSWA,33.00,36.00,25.0,t,lite
PC,WLNP-2-5,847,General Community Waterton Lakes National Park 2018,10,2018-06-22 04:48:00,6988,180,Catharus ustulatus,Swainson's Thrush,SWTH,51.00,54.00,36.8,t,lite
PC,WLNP-2-5,847,General Community Waterton Lakes National Park 2018,10,2018-06-22 04:48:00,6988,180,Junco hyemalis,Dark-eyed Junco,DEJU,54.00,57.00,29.7,t,lite
PC,WLNP-2-5,847,General Community Waterton Lakes National Park 2018,10,2018-06-22 04:48:00,6988,180,Emberiza cirlus,Cirl Bunting,EMBCIR,57.00,60.00,26.4,t,lite
PC,WLNP-2-5,847,General Community Waterton Lakes National Park 2018,10,2018-06-22 04:48:00,6988,180,Junco hyemalis,Dark-eyed Junco,DEJU,57.00,60.00,29.7,t,lite
PC,WLNP-2-5,847,General Community Waterton Lakes National Park 2018,10,2018-06-22 04:48:00,6988,180,Junco hyemalis,Dark-eyed Junco,DEJU,60.00,63.00,29.6,t,lite
PC,WLNP-2-5,847,General Community Waterton Lakes National Park 2018,10,2018-06-22 04:48:00,6988,180,Catharus ustulatus,Swainson's Thrush,SWTH,72.00,75.00,30.0,t,lite
PC,WLNP-2-5,847,General Community Waterton Lakes National Park 2018,10,2018-06-22 04:48:00,6988,180,Vireo gilvus,Warbling Vireo,WAVI,72.00,75.00,27.9,t,lite
PC,WLNP-2-5,847,General Community Waterton Lakes National Park 2018,10,2018-06-22 04:48:00,6988,180,Bubo bubo,Eurasian Eagle-Owl,BUBBUB,87.00,90.00,26.5,t,lite
PC,WLNP-2-5,847,General Community Waterton Lakes National Park 2018,10,2018-06-22 04:48:00,6988,180,Columba oenas,Stock Dove,COLOEN,90.00,93.00,25.9,t,lite
PC,WLNP-2-5,847,General Community Waterton Lakes National Park 2018,10,2018-06-22 04:48:00,6988,180,Catharus ustulatus,Swainson's Thrush,SWTH,93.00,96.00,43.4,t,lite
PC,WLNP-2-5,847,General Community Waterton Lakes National Park 2018,10,2018-06-22 04:48:00,6988,180,Catharus ustulatus,Swainson's Thrush,SWTH,96.00,99.00,39.3,t,lite
PC,WLNP-2-5,847,General Community Waterton Lakes National Park 2018,10,2018-06-22 04:48:00,6988,180,Catharus ustulatus,Swainson's Thrush,SWTH,102.00,105.00,65.6,t,lite
PC,WLNP-2-5,847,General Community Waterton Lakes National Park 2018,10,2018-06-22 04:48:00,6988,180,Catharus ustulatus,Swainson's Thrush,SWTH,105.00,108.00,47.2,t,lite
PC,WLNP-2-5,847,General Community Waterton Lakes National Park 2018,10,2018-06-22 04:48:00,6988,180,Henicorhina leucophrys,Gray-breasted Wood-Wren,GBWW,108.00,111.00,29.0,t,lite
PC,WLNP-2-5,847,General Community Waterton Lakes National Park 2018,10,2018-06-22 04:48:00,6988,180,Catharus ustulatus,Swainson's Thrush,SWTH,108.00,111.00,46.4,t,lite
PC,WLNP-2-5,847,General Community Waterton Lakes National Park 2018,10,2018-06-22 04:48:00,6988,180,Catharus ustulatus,Swainson's Thrush,SWTH,111.00,114.00,32.2,t,lite
PC,WLNP-2-5,847,General Community Waterton Lakes National Park 2018,10,2018-06-22 04:48:00,6988,180,Catharus ustulatus,Swainson's Thrush,SWTH,114.00,117.00,41.0,t,lite
PC,WLNP-2-5,847,General Community Waterton Lakes National Park 2018,10,2018-06-22 04:48:00,6988,180,Catharus ustulatus,Swainson's Thrush,SWTH,117.00,120.00,35.7,t,lite
PC,WLNP-2-5,847,General Community Waterton Lakes National Park 2018,10,2018-06-22 04:48:00,6988,180,Catharus ustulatus,Swainson's Thrush,SWTH,126.00,129.00,42.1,t,lite
PC,WLNP-2-5,847,General Community Waterton Lakes National Park 2018,10,2018-06-22 04:48:00,6988,180,Patagioenas fasciata,Band-tailed Pigeon,BTPI,132.00,135.00,25.4,t,lite
PC,WLNP-2-5,847,General Community Waterton Lakes National Park 2018,10,2018-06-22 04:48:00,6988,180,Catharus ustulatus,Swainson's Thrush,SWTH,135.00,138.00,36.6,t,lite
PC,WLNP-2-5,847,General Community Waterton Lakes National Park 2018,10,2018-06-22 04:48:00,6988,180,Catharus ustulatus,Swainson's Thrush,SWTH,138.00,141.00,29.1,t,lite
PC,WLNP-2-5,847,General Community Waterton Lakes National Park 2018,10,2018-06-22 04:48:00,6988,180,Catharus ustulatus,Swainson's Thrush,SWTH,147.00,150.00,35.9,t,lite
PC,WLNP-2-5,847,General Community Waterton Lakes National Park 2018,10,2018-06-22 04:48:00,6988,180,Catharus ustulatus,Swainson's Thrush,SWTH,156.00,159.00,44.2,t,lite
PC,WLNP-2-5,847,General Community Waterton Lakes National Park 2018,10,2018-06-22 04:48:00,6988,180,Catharus ustulatus,Swainson's Thrush,SWTH,168.00,171.00,25.9,t,lite
PC,WLNP-2-5,847,General Community Waterton Lakes National Park 2018,10,2018-06-22 05:18:00,90869,180,Empidonax affinis,Pine Flycatcher,PINF,3.00,6.00,27.4,t,lite
PC,WLNP-2-5,847,General Community Waterton Lakes National Park 2018,10,2018-06-22 05:18:00,90869,180,Emberiza citrinella,Yellowhammer,EMBCIT,72.00,75.00,29.8,t,lite
PC,WLNP-2-5,847,General Community Waterton Lakes National Park 2018,10,2018-06-22 05:18:00,90869,180,Prinia hodgsonii,,,78.00,81.00,26.8,f,lite
PC,WLNP-2-5,847,General Community Waterton Lakes National Park 2018,10,2018-06-22 05:18:00,90869,180,Emberiza citrinella,Yellowhammer,EMBCIT,78.00,81.00,28.2,t,lite
PC,WLNP-2-5,847,General Community Waterton Lakes National Park 2018,10,2018-06-22 05:18:00,90869,180,Junco hyemalis,Dark-eyed Junco,DEJU,132.00,135.00,34.9,t,lite
PC,WLNP-2-5,847,General Community Waterton Lakes National Park 2018,10,2018-06-22 05:18:00,90869,180,Emberiza cirlus,Cirl Bunting,EMBCIR,132.00,135.00,29.9,t,lite
PC,WLNP-2-5,847,General Community Waterton Lakes National Park 2018,10,2018-06-22 05:18:00,90869,180,Junco hyemalis,Dark-eyed Junco,DEJU,135.00,138.00,27.7,t,lite
PC,WLNP-2-5,847,General Community Waterton Lakes National Park 2018,10,2018-06-22 05:18:00,90869,180,Emberiza cirlus,Cirl Bunting,EMBCIR,135.00,138.00,33.8,t,lite
PC,WLNP-2-5,847,General Community Waterton Lakes National Park 2018,10,2018-06-22 05:18:00,90869,180,Emberiza cirlus,Cirl Bunting,EMBCIR,138.00,141.00,32.7,t,lite
PC,WLNP-2-5,847,General Community Waterton Lakes National Park 2018,10,2018-06-22 05:18:00,90869,180,Junco hyemalis,Dark-eyed Junco,DEJU,138.00,141.00,40.6,t,lite
PC,WLNP-2-5,847,General Community Waterton Lakes National Park 2018,10,2018-06-22 05:18:00,90869,180,Spizella breweri,Brewer's Sparrow,BRSP,138.00,141.00,29.6,t,lite
PC,WLNP-2-5,847,General Community Waterton Lakes National Park 2018,10,2018-06-22 05:18:00,90869,180,Emberiza cirlus,Cirl Bunting,EMBCIR,141.00,144.00,37.3,t,lite
PC,WLNP-2-5,847,General Community Waterton Lakes National Park 2018,10,2018-06-22 05:18:00,90869,180,Junco hyemalis,Dark-eyed Junco,DEJU,141.00,144.00,40.4,t,lite
PC,WLNP-2-5,847,General Community Waterton Lakes National Park 2018,10,2018-06-22 05:18:00,90869,180,Junco hyemalis,Dark-eyed Junco,DEJU,144.00,147.00,38.9,t,lite
PC,WLNP-2-5,847,General Community Waterton Lakes National Park 2018,10,2018-06-23 04:49:00,7011,180,Catharus ustulatus,Swainson's Thrush,SWTH,0.00,3.00,26.5,t,lite
PC,WLNP-2-5,847,General Community Waterton Lakes National Park 2018,10,2018-06-23 04:49:00,7011,180,Catharus ustulatus,Swainson's Thrush,SWTH,9.00,12.00,51.0,t,lite
PC,WLNP-2-5,847,General Community Waterton Lakes National Park 2018,10,2018-06-23 04:49:00,7011,180,Phylloscopus sarasinorum,,,9.00,12.00,25.3,f,lite
PC,WLNP-2-5,847,General Community Waterton Lakes National Park 2018,10,2018-06-23 04:49:00,7011,180,Catharus ustulatus,Swainson's Thrush,SWTH,21.00,24.00,35.5,t,lite
PC,WLNP-2-5,847,General Community Waterton Lakes National Park 2018,10,2018-06-23 04:49:00,7011,180,Catharus ustulatus,Swainson's Thrush,SWTH,33.00,36.00,53.5,t,lite
PC,WLNP-2-5,847,General Community Waterton Lakes National Park 2018,10,2018-06-23 04:49:00,7011,180,Phylloscopus sarasinorum,,,36.00,39.00,27.3,f,lite
PC,WLNP-2-5,847,General Community Waterton Lakes National Park 2018,10,2018-06-23 04:49:00,7011,180,Catharus ustulatus,Swainson's Thrush,SWTH,36.00,39.00,56.3,t,lite
PC,WLNP-2-5,847,General Community Waterton Lakes National Park 2018,10,2018-06-23 04:49:00,7011,180,Catharus ustulatus,Swainson's Thrush,SWTH,42.00,45.00,27.5,t,lite
PC,WLNP-2-5,847,General Community Waterton Lakes National Park 2018,10,2018-06-23 04:49:00,7011,180,Phylloscopus sarasinorum,,,42.00,45.00,29.3,f,lite
PC,WLNP-2-5,847,General Community Waterton Lakes National Park 2018,10,2018-06-23 04:49:00,7011,180,Catharus ustulatus,Swainson's Thrush,SWTH,45.00,48.00,41.0,t,lite
PC,WLNP-2-5,847,General Community Waterton Lakes National Park 2018,10,2018-06-23 04:49:00,7011,180,Catharus ustulatus,Swainson's Thrush,SWTH,48.00,51.00,49.6,t,lite
PC,WLNP-2-5,847,General Community Waterton Lakes National Park 2018,10,2018-06-23 04:49:00,7011,180,Catharus ustulatus,Swainson's Thrush,SWTH,54.00,57.00,48.3,t,lite
PC,WLNP-2-5,847,General Community Waterton Lakes National Park 2018,10,2018-06-23 04:49:00,7011,180,Catharus ustulatus,Swainson's Thrush,SWTH,57.00,60.00,60.3,t,lite
PC,WLNP-2-5,847,General Community Waterton Lakes National Park 2018,10,2018-06-23 04:49:00,7011,180,Catharus ustulatus,Swainson's Thrush,SWTH,60.00,63.00,50.4,t,lite
PC,WLNP-2-5,847,General Community Waterton Lakes National Park 2018,10,2018-06-23 04:49:00,7011,180,Catharus ustulatus,Swainson's Thrush,SWTH,66.00,69.00,33.6,t,lite
PC,WLNP-2-5,847,General Community Waterton Lakes National Park 2018,10,2018-06-23 04:49:00,7011,180,Catharus ustulatus,Swainson's Thrush,SWTH,69.00,72.00,61.6,t,lite
PC,WLNP-2-5,847,General Community Waterton Lakes National Park 2018,10,2018-06-23 04:49:00,7011,180,Catharus ustulatus,Swainson's Thrush,SWTH,75.00,78.00,39.7,t,lite
PC,WLNP-2-5,847,General Community Waterton Lakes National Park 2018,10,2018-06-23 04:49:00,7011,180,Phylloscopus sarasinorum,,,75.00,78.00,34.7,f,lite
PC,WLNP-2-5,847,General Community Waterton Lakes National Park 2018,10,2018-06-23 04:49:00,7011,180,Catharus ustulatus,Swainson's Thrush,SWTH,78.00,81.00,47.6,t,lite
PC,WLNP-2-5,847,General Community Waterton Lakes National Park 2018,10,2018-06-23 04:49:00,7011,180,Catharus ustulatus,Swainson's Thrush,SWTH,81.00,84.00,48.7,t,lite
PC,WLNP-2-5,847,General Community Waterton Lakes National Park 2018,10,2018-06-23 04:49:00,7011,180,Catharus ustulatus,Swainson's Thrush,SWTH,87.00,90.00,63.3,t,lite
PC,WLNP-2-5,847,General Community Waterton Lakes National Park 2018,10,2018-06-23 04:49:00,7011,180,Catharus ustulatus,Swainson's Thrush,SWTH,90.00,93.00,54.6,t,lite
PC,WLNP-2-5,847,General Community Waterton Lakes National Park 2018,10,2018-06-23 04:49:00,7011,180,Catharus ustulatus,Swainson's Thrush,SWTH,93.00,96.00,36.0,t,lite
PC,WLNP-2-5,847,General Community Waterton Lakes National Park 2018,10,2018-06-23 04:49:00,7011,180,Catharus ustulatus,Swainson's Thrush,SWTH,99.00,102.00,38.5,t,lite
PC,WLNP-2-5,847,General Community Waterton Lakes National Park 2018,10,2018-06-23 04:49:00,7011,180,Catharus ustulatus,Swainson's Thrush,SWTH,102.00,105.00,50.7,t,lite
PC,WLNP-2-5,847,General Community Waterton Lakes National Park 2018,10,2018-06-23 04:49:00,7011,180,Catharus ustulatus,Swainson's Thrush,SWTH,111.00,114.00,63.9,t,lite
PC,WLNP-2-5,847,General Community Waterton Lakes National Park 2018,10,2018-06-23 04:49:00,7011,180,Catharus ustulatus,Swainson's Thrush,SWTH,114.00,117.00,40.3,t,lite
PC,WLNP-2-5,847,General Community Waterton Lakes National Park 2018,10,2018-06-23 04:49:00,7011,180,Catharus ustulatus,Swainson's Thrush,SWTH,120.00,123.00,26.7,t,lite
PC,WLNP-2-5,847,General Community Waterton Lakes National Park 2018,10,2018-06-23 04:49:00,7011,180,Catharus ustulatus,Swainson's Thrush,SWTH,123.00,126.00,54.4,t,lite
PC,WLNP-2-5,847,General Community Waterton Lakes National Park 2018,10,2018-06-23 04:49:00,7011,180,Catharus ustulatus,Swainson's Thrush,SWTH,126.00,129.00,37.8,t,lite
PC,WLNP-2-5,847,General Community Waterton Lakes National Park 2018,10,2018-06-23 04:49:00,7011,180,Catharus ustulatus,Swainson's Thrush,SWTH,135.00,138.00,40.5,t,lite
PC,WLNP-2-5,847,General Community Waterton Lakes National Park 2018,10,2018-06-23 04:49:00,7011,180,Catharus ustulatus,Swainson's Thrush,SWTH,138.00,141.00,34.9,t,lite
PC,WLNP-2-5,847,General Community Waterton Lakes National Park 2018,10,2018-06-23 04:49:00,7011,180,Catharus ustulatus,Swainson's Thrush,SWTH,141.00,144.00,37.4,t,lite
PC,WLNP-2-5,847,General Community Waterton Lakes National Park 2018,10,2018-06-23 04:49:00,7011,180,Catharus ustulatus,Swainson's Thrush,SWTH,144.00,147.00,48.7,t,lite
PC,WLNP-2-5,847,General Community Waterton Lakes National Park 2018,10,2018-06-23 04:49:00,7011,180,Cossypha caffra,,,144.00,147.00,26.3,f,lite
PC,WLNP-2-5,847,General Community Waterton Lakes National Park 2018,10,2018-06-23 04:49:00,7011,180,Catharus ustulatus,Swainson's Thrush,SWTH,147.00,150.00,48.9,t,lite
PC,WLNP-2-5,847,General Community Waterton Lakes National Park 2018,10,2018-06-23 04:49:00,7011,180,Catharus ustulatus,Swainson's Thrush,SWTH,153.00,156.00,49.4,t,lite
PC,WLNP-2-5,847,General Community Waterton Lakes National Park 2018,10,2018-06-23 04:49:00,7011,180,Catharus ustulatus,Swainson's Thrush,SWTH,156.00,159.00,52.2,t,lite
PC,WLNP-2-5,847,General Community Waterton Lakes National Park 2018,10,2018-06-23 04:49:00,7011,180,Catharus ustulatus,Swainson's Thrush,SWTH,165.00,168.00,43.5,t,lite
PC,WLNP-2-5,847,General Community Waterton Lakes National Park 2018,10,2018-06-23 04:49:00,7011,180,Catharus ustulatus,Swainson's Thrush,SWTH,168.00,171.00,48.0,t,lite
PC,WLNP-2-5,847,General Community Waterton Lakes National Park 2018,10,2018-06-23 04:49:00,7011,180,Catharus ustulatus,Swainson's Thrush,SWTH,171.00,174.00,38.8,t,lite
PC,WLNP-2-6,854,General Community Waterton Lakes National Park 2018,10,2018-06-18 04:48:00,7027,180,Catharus ustulatus,Swainson's Thrush,SWTH,15.00,18.00,25.9,t,lite
PC,WLNP-2-6,854,General Community Waterton Lakes National Park 2018,10,2018-06-18 04:48:00,7027,180,Catharus ustulatus,Swainson's Thrush,SWTH,48.00,51.00,26.6,t,lite
PC,WLNP-2-6,854,General Community Waterton Lakes National Park 2018,10,2018-06-18 04:48:00,7027,180,Snowornis subalaris,,,81.00,84.00,54.7,f,lite
PC,WLNP-2-6,854,General Community Waterton Lakes National Park 2018,10,2018-06-18 04:48:00,7027,180,Snowornis subalaris,,,99.00,102.00,26.8,f,lite
PC,WLNP-2-6,854,General Community Waterton Lakes National Park 2018,10,2018-06-19 05:18:00,85248,180,Alcippe poioicephala,,,9.00,12.00,36.1,f,lite
PC,WLNP-2-6,854,General Community Waterton Lakes National Park 2018,10,2018-06-19 05:18:00,85248,180,Turdus cardis,,,15.00,18.00,51.7,f,lite
PC,WLNP-2-6,854,General Community Waterton Lakes National Park 2018,10,2018-06-19 05:18:00,85248,180,Turdus viscivorus,Mistle Thrush,MITH,15.00,18.00,28.4,t,lite
PC,WLNP-2-6,854,General Community Waterton Lakes National Park 2018,10,2018-06-19 05:18:00,85248,180,Turdus cardis,,,21.00,24.00,26.2,f,lite
PC,WLNP-2-6,854,General Community Waterton Lakes National Park 2018,10,2018-06-19 05:18:00,85248,180,Turdus cardis,,,33.00,36.00,28.7,f,lite
PC,WLNP-2-6,854,General Community Waterton Lakes National Park 2018,10,2018-06-19 05:18:00,85248,180,Minla annectens,,,36.00,39.00,27.1,f,lite
PC,WLNP-2-6,854,General Community Waterton Lakes National Park 2018,10,2018-06-19 05:18:00,85248,180,Turdus cardis,,,36.00,39.00,30.1,f,lite
PC,WLNP-2-6,854,General Community Waterton Lakes National Park 2018,10,2018-06-19 05:18:00,85248,180,Zoothera lunulata,,,42.00,45.00,29.3,f,lite
PC,WLNP-2-6,854,General Community Waterton Lakes National Park 2018,10,2018-06-19 05:18:00,85248,180,Turdus viscivorus,Mistle Thrush,MITH,42.00,45.00,25.9,t,lite
PC,WLNP-2-6,854,General Community Waterton Lakes National Park 2018,10,2018-06-19 05:18:00,85248,180,Turdus cardis,,,48.00,51.00,48.2,f,lite
PC,WLNP-2-6,854,General Community Waterton Lakes National Park 2018,10,2018-06-19 05:18:00,85248,180,Piranga olivacea,Scarlet Tanager,SCTA,57.00,60.00,27.9,t,lite
PC,WLNP-2-6,854,General Community Waterton Lakes National Park 2018,10,2018-06-19 05:18:00,85248,180,Turdus cardis,,,57.00,60.00,35.2,f,lite
PC,WLNP-2-6,854,General Community Waterton Lakes National Park 2018,10,2018-06-19 05:18:00,85248,180,Piranga rubra,Summer Tanager,SUTA,57.00,60.00,28.4,t,lite
PC,WLNP-2-6,854,General Community Waterton Lakes National Park 2018,10,2018-06-19 05:18:00,85248,180,Turdus cardis,,,63.00,66.00,38.7,f,lite
PC,WLNP-2-6,854,General Community Waterton Lakes National Park 2018,10,2018-06-19 05:18:00,85248,180,Turdus cardis,,,69.00,72.00,48.4,f,lite
PC,WLNP-2-6,854,General Community Waterton Lakes National Park 2018,10,2018-06-19 05:18:00,85248,180,Turdus pallidus,,,69.00,72.00,28.7,f,lite
PC,WLNP-2-6,854,General Community Waterton Lakes National Park 2018,10,2018-06-19 05:18:00,85248,180,Turdus cardis,,,75.00,78.00,35.0,f,lite
PC,WLNP-2-6,854,General Community Waterton Lakes National Park 2018,10,2018-06-19 05:18:00,85248,180,Turdus pallidus,,,81.00,84.00,26.8,f,lite
PC,WLNP-2-6,854,General Community Waterton Lakes National Park 2018,10,2018-06-19 05:18:00,85248,180,Turdus cardis,,,81.00,84.00,32.4,f,lite
PC,WLNP-2-6,854,General Community Waterton Lakes National Park 2018,10,2018-06-19 05:18:00,85248,180,Turdus viscivorus,Mistle Thrush,MITH,81.00,84.00,26.6,t,lite
PC,WLNP-2-6,854,General Community Waterton Lakes National Park 2018,10,2018-06-19 05:18:00,85248,180,Turdus cardis,,,90.00,93.00,42.2,f,lite
PC,WLNP-2-6,854,General Community Waterton Lakes National Park 2018,10,2018-06-19 05:18:00,85248,180,Turdus cardis,,,96.00,99.00,31.1,f,lite
PC,WLNP-2-6,854,General Community Waterton Lakes National Park 2018,10,2018-06-19 05:18:00,85248,180,Turdus cardis,,,102.00,105.00,33.4,f,lite
PC,WLNP-2-6,854,General Community Waterton Lakes National Park 2018,10,2018-06-19 05:18:00,85248,180,Turdus pallidus,,,114.00,117.00,28.6,f,lite
PC,WLNP-2-6,854,General Community Waterton Lakes National Park 2018,10,2018-06-19 05:18:00,85248,180,Turdus viscivorus,Mistle Thrush,MITH,117.00,120.00,43.3,t,lite
PC,WLNP-2-6,854,General Community Waterton Lakes National Park 2018,10,2018-06-19 05:18:00,85248,180,Turdus cardis,,,117.00,120.00,35.4,f,lite
PC,WLNP-2-6,854,General Community Waterton Lakes National Park 2018,10,2018-06-19 05:18:00,85248,180,Turdus viscivorus,Mistle Thrush,MITH,123.00,126.00,44.2,t,lite
PC,WLNP-2-6,854,General Community Waterton Lakes National Park 2018,10,2018-06-19 05:18:00,85248,180,Turdus cardis,,,123.00,126.00,40.2,f,lite
PC,WLNP-2-6,854,General Community Waterton Lakes National Park 2018,10,2018-06-19 05:18:00,85248,180,Turdus cardis,,,129.00,132.00,33.5,f,lite
PC,WLNP-2-6,854,General Community Waterton Lakes National Park 2018,10,2018-06-19 05:18:00,85248,180,Minla annectens,,,135.00,138.00,26.9,f,lite
PC,WLNP-2-6,854,General Community Waterton Lakes National Park 2018,10,2018-06-19 05:18:00,85248,180,Turdus viscivorus,Mistle Thrush,MITH,135.00,138.00,30.0,t,lite
PC,WLNP-2-6,854,General Community Waterton Lakes National Park 2018,10,2018-06-19 05:18:00,85248,180,Turdus cardis,,,138.00,141.00,38.1,f,lite
PC,WLNP-2-6,854,General Community Waterton Lakes National Park 2018,10,2018-06-19 05:18:00,85248,180,Alcippe poioicephala,,,144.00,147.00,28.1,f,lite
PC,WLNP-2-6,854,General Community Waterton Lakes National Park 2018,10,2018-06-19 05:18:00,85248,180,Turdus viscivorus,Mistle Thrush,MITH,144.00,147.00,27.2,t,lite
PC,WLNP-2-6,854,General Community Waterton Lakes National Park 2018,10,2018-06-19 05:18:00,85248,180,Turdus cardis,,,165.00,168.00,55.7,f,lite
PC,WLNP-2-6,854,General Community Waterton Lakes National Park 2018,10,2018-06-19 05:18:00,85248,180,Turdus viscivorus,Mistle Thrush,MITH,168.00,171.00,27.2,t,lite
PC,WLNP-2-6,854,General Community Waterton Lakes National Park 2018,10,2018-06-19 05:18:00,85248,180,Turdus cardis,,,168.00,171.00,34.6,f,lite
PC,WLNP-2-6,854,General Community Waterton Lakes National Park 2018,10,2018-06-19 05:18:00,85248,180,Turdus viscivorus,Mistle Thrush,MITH,174.00,177.00,34.7,t,lite
PC,WLNP-2-6,854,General Community Waterton Lakes National Park 2018,10,2018-06-19 05:18:00,85248,180,Turdus pallidus,,,174.00,177.00,25.5,f,lite
PC,WLNP-2-6,854,General Community Waterton Lakes National Park 2018,10,2018-06-19 05:18:00,85248,180,Turdus cardis,,,174.00,177.00,26.6,f,lite
PC,WLNP-2-6,854,General Community Waterton Lakes National Park 2018,10,2018-06-20 04:48:00,7019,180,Piranga ludoviciana,Western Tanager,WETA,18.00,21.00,25.2,t,lite
PC,WLNP-2-6,854,General Community Waterton Lakes National Park 2018,10,2018-06-20 04:48:00,7019,180,Chloropsis cochinchinensis,,,33.00,36.00,25.9,f,lite
PC,WLNP-2-6,854,General Community Waterton Lakes National Park 2018,10,2018-06-20 04:48:00,7019,180,Piranga ludoviciana,Western Tanager,WETA,33.00,36.00,27.8,t,lite
PC,WLNP-2-6,854,General Community Waterton Lakes National Park 2018,10,2018-06-20 04:48:00,7019,180,Piranga bidentata,Flame-colored Tanager,FCTA,33.00,36.00,28.3,t,lite
PC,WLNP-2-6,854,General Community Waterton Lakes National Park 2018,10,2018-06-20 04:48:00,7019,180,Piranga ludoviciana,Western Tanager,WETA,36.00,39.00,28.6,t,lite
PC,WLNP-2-6,854,General Community Waterton Lakes National Park 2018,10,2018-06-20 04:48:00,7019,180,Piranga bidentata,Flame-colored Tanager,FCTA,36.00,39.00,26.7,t,lite
PC,WLNP-2-6,854,General Community Waterton Lakes National Park 2018,10,2018-06-20 04:48:00,7019,180,Chloropsis cochinchinensis,,,42.00,45.00,31.4,f,lite
PC,WLNP-2-6,854,General Community Waterton Lakes National Park 2018,10,2018-06-20 04:48:00,7019,180,Piranga bidentata,Flame-colored Tanager,FCTA,42.00,45.00,25.3,t,lite
PC,WLNP-2-6,854,General Community Waterton Lakes National Park 2018,10,2018-06-20 04:48:00,7019,180,Piranga bidentata,Flame-colored Tanager,FCTA,75.00,78.00,30.0,t,lite
PC,WLNP-2-6,854,General Community Waterton Lakes National Park 2018,10,2018-06-20 04:48:00,7019,180,Piranga ludoviciana,Western Tanager,WETA,75.00,78.00,32.0,t,lite
PC,WLNP-2-6,854,General Community Waterton Lakes National Park 2018,10,2018-06-20 04:48:00,7019,180,Piranga ludoviciana,Western Tanager,WETA,93.00,96.00,25.4,t,lite
PC,WLNP-2-6,854,General Community Waterton Lakes National Park 2018,10,2018-06-20 04:48:00,7019,180,Chloropsis cochinchinensis,,,96.00,99.00,29.1,f,lite
PC,WLNP-2-6,854,General Community Waterton Lakes National Park 2018,10,2018-06-20 04:48:00,7019,180,Piranga bidentata,Flame-colored Tanager,FCTA,102.00,105.00,25.2,t,lite
PC,WLNP-2-6,854,General Community Waterton Lakes National Park 2018,10,2018-06-20 04:48:00,7019,180,Piranga ludoviciana,Western Tanager,WETA,102.00,105.00,27.1,t,lite
PC,WLNP-2-6,854,General Community Waterton Lakes National Park 2018,10,2018-06-20 05:18:00,90871,180,Helmitheros vermivorum,Worm-eating Warbler,WEWA,45.00,48.00,52.6,t,lite
PC,WLNP-2-6,854,General Community Waterton Lakes National Park 2018,10,2018-06-20 05:18:00,90871,180,Spizella passerina,Chipping Sparrow,CHSP,45.00,48.00,25.3,t,lite
PC,WLNP-2-6,854,General Community Waterton Lakes National Park 2018,10,2018-06-20 05:18:00,90871,180,Troglodytes troglodytes,Eurasian Wren,4734,48.00,51.00,31.4,t,lite
PC,WLNP-2-6,854,General Community Waterton Lakes National Park 2018,10,2018-06-20 05:18:00,90871,180,Helmitheros vermivorum,Worm-eating Warbler,WEWA,48.00,51.00,40.5,t,lite
PC,WLNP-2-6,854,General Community Waterton Lakes National Park 2018,10,2018-06-20 05:18:00,90871,180,Diglossa albilatera,,,48.00,51.00,48.1,f,lite
PC,WLNP-2-6,854,General Community Waterton Lakes National Park 2018,10,2018-06-20 05:18:00,90871,180,Phylloscopus pulcher,,,51.00,54.00,29.7,f,lite
PC,WLNP-2-6,854,General Community Waterton Lakes National Park 2018,10,2018-06-20 05:18:00,90871,180,Helmitheros vermivorum,Worm-eating Warbler,WEWA,51.00,54.00,66.2,t,lite
PC,WLNP-2-6,854,General Community Waterton Lakes National Park 2018,10,2018-06-20 05:18:00,90871,180,Diglossa albilatera,,,54.00,57.00,35.1,f,lite
PC,WLNP-2-6,854,General Community Waterton Lakes National Park 2018,10,2018-06-20 05:18:00,90871,180,Phylloscopus pulcher,,,54.00,57.00,25.3,f,lite
PC,WLNP-2-6,854,General Community Waterton Lakes National Park 2018,10,2018-06-20 05:18:00,90871,180,Spizella passerina,Chipping Sparrow,CHSP,54.00,57.00,30.7,t,lite
PC,WLNP-2-6,854,General Community Waterton Lakes National Park 2018,10,2018-06-20 05:18:00,90871,180,Helmitheros vermivorum,Worm-eating Warbler,WEWA,54.00,57.00,64.0,t,lite
PC,WLNP-2-6,854,General Community Waterton Lakes National Park 2018,10,2018-06-20 05:18:00,90871,180,Helmitheros vermivorum,Worm-eating Warbler,WEWA,60.00,63.00,67.7,t,lite
PC,WLNP-2-6,854,General Community Waterton Lakes National Park 2018,10,2018-06-20 05:18:00,90871,180,Helmitheros vermivorum,Worm-eating Warbler,WEWA,72.00,75.00,72.2,t,lite
PC,WLNP-2-6,854,General Community Waterton Lakes National Park 2018,10,2018-06-20 05:18:00,90871,180,Spizella passerina,Chipping Sparrow,CHSP,72.00,75.00,25.5,t,lite
PC,WLNP-2-6,854,General Community Waterton Lakes National Park 2018,10,2018-06-20 05:18:00,90871,180,Helmitheros vermivorum,Worm-eating Warbler,WEWA,78.00,81.00,67.6,t,lite
PC,WLNP-2-6,854,General Community Waterton Lakes National Park 2018,10,2018-06-20 05:18:00,90871,180,Helmitheros vermivorum,Worm-eating Warbler,WEWA,81.00,84.00,58.8,t,lite
PC,WLNP-2-6,854,General Community Waterton Lakes National Park 2018,10,2018-06-20 05:18:00,90871,180,Diglossa albilatera,,,81.00,84.00,25.9,f,lite
PC,WLNP-2-6,854,General Community Waterton Lakes National Park 2018,10,2018-06-20 05:18:00,90871,180,Helmitheros vermivorum,Worm-eating Warbler,WEWA,84.00,87.00,59.8,t,lite
PC,WLNP-2-6,854,General Community Waterton Lakes National Park 2018,10,2018-06-20 05:18:00,90871,180,Helmitheros vermivorum,Worm-eating Warbler,WEWA,96.00,99.00,40.3,t,lite
PC,WLNP-2-6,854,General Community Waterton Lakes National Park 2018,10,2018-06-20 05:18:00,90871,180,Helmitheros vermivorum,Worm-eating Warbler,WEWA,99.00,102.00,43.0,t,lite
PC,WLNP-2-6,854,General Community Waterton Lakes National Park 2018,10,2018-06-20 05:18:00,90871,180,Diglossa albilatera,,,99.00,102.00,34.3,f,lite
PC,WLNP-2-6,854,General Community Waterton Lakes National Park 2018,10,2018-06-20 05:18:00,90871,180,Pyrrhomyias cinnamomeus,,,99.00,102.00,28.4,f,lite
PC,WLNP-2-6,854,General Community Waterton Lakes National Park 2018,10,2018-06-21 04:48:00,6953,180,Pyrrhula nipalensis,,,168.00,171.00,28.6,f,lite
PC,WLNP-2-6,854,General Community Waterton Lakes National Park 2018,10,2018-06-23 04:49:00,6973,180,*NOT GENERATED/FOUND*,,,,,,f,lite
PC,WLNP-3-1,855,General Community Waterton Lakes National Park 2018,10,2018-06-14 05:00:00,7020,300,Anthus chacoensis,,,90.00,93.00,27.5,f,lite
PC,WLNP-3-1,855,General Community Waterton Lakes National Park 2018,10,2018-06-14 05:00:00,7020,300,Peucaea aestivalis,Bachman's Sparrow,BACS,141.00,144.00,31.3,t,lite
PC,WLNP-3-1,855,General Community Waterton Lakes National Park 2018,10,2018-06-14 05:00:00,7020,300,Zonotrichia leucophrys,White-crowned Sparrow,WCSP,210.00,213.00,33.0,t,lite
PC,WLNP-3-1,855,General Community Waterton Lakes National Park 2018,10,2018-06-14 05:00:00,7020,300,Catharus ustulatus,Swainson's Thrush,SWTH,222.00,225.00,28.6,t,lite
PC,WLNP-3-1,855,General Community Waterton Lakes National Park 2018,10,2018-06-14 05:00:00,7020,300,Zonotrichia leucophrys,White-crowned Sparrow,WCSP,225.00,228.00,53.1,t,lite
PC,WLNP-3-1,855,General Community Waterton Lakes National Park 2018,10,2018-06-14 05:00:00,7020,300,Catharus ustulatus,Swainson's Thrush,SWTH,243.00,246.00,25.6,t,lite
PC,WLNP-3-1,855,General Community Waterton Lakes National Park 2018,10,2018-06-14 05:00:00,7020,300,Catharus ustulatus,Swainson's Thrush,SWTH,258.00,261.00,28.4,t,lite
PC,WLNP-3-1,855,General Community Waterton Lakes National Park 2018,10,2018-06-14 05:00:00,7020,300,Catharus ustulatus,Swainson's Thrush,SWTH,264.00,267.00,30.6,t,lite
PC,WLNP-3-1,855,General Community Waterton Lakes National Park 2018,10,2018-06-14 05:00:00,7020,300,Catharus ustulatus,Swainson's Thrush,SWTH,267.00,270.00,42.8,t,lite
PC,WLNP-3-1,855,General Community Waterton Lakes National Park 2018,10,2018-06-14 05:00:00,7020,300,Catharus ustulatus,Swainson's Thrush,SWTH,297.00,300.00,33.5,t,lite
PC,WLNP-3-1,855,General Community Waterton Lakes National Park 2018,10,2018-06-16 05:00:00,6978,300,Pyrrhula nipalensis,,,15.00,18.00,25.4,f,lite
PC,WLNP-3-1,855,General Community Waterton Lakes National Park 2018,10,2018-06-16 05:00:00,6978,300,Orochelidon murina,,,21.00,24.00,28.4,f,lite
PC,WLNP-3-1,855,General Community Waterton Lakes National Park 2018,10,2018-06-16 05:00:00,6978,300,Vireo gilvus,Warbling Vireo,WAVI,42.00,45.00,29.2,t,lite
PC,WLNP-3-1,855,General Community Waterton Lakes National Park 2018,10,2018-06-16 05:00:00,6978,300,Brachypodius eutilotus,,,69.00,72.00,34.8,f,lite
PC,WLNP-3-1,855,General Community Waterton Lakes National Park 2018,10,2018-06-16 05:00:00,6978,300,Carpodacus erythrinus,Common Rosefinch,CORO,138.00,141.00,25.8,t,lite
PC,WLNP-3-1,855,General Community Waterton Lakes National Park 2018,10,2018-06-16 05:00:00,6978,300,Catharus mexicanus,Black-headed Nightingale-Thrush,BHNT,183.00,186.00,25.1,t,lite
PC,WLNP-3-1,855,General Community Waterton Lakes National Park 2018,10,2018-06-16 05:00:00,6978,300,Vireo gilvus,Warbling Vireo,WAVI,183.00,186.00,27.4,t,lite
PC,WLNP-3-1,855,General Community Waterton Lakes National Park 2018,10,2018-06-16 05:00:00,6978,300,Smicrornis brevirostris,,,189.00,192.00,35.9,f,lite
PC,WLNP-3-1,855,General Community Waterton Lakes National Park 2018,10,2018-06-16 05:00:00,6978,300,Smicrornis brevirostris,,,279.00,282.00,25.2,f,lite
PC,WLNP-3-1,855,General Community Waterton Lakes National Park 2018,10,2018-06-17 05:00:00,6954,300,Sialia currucoides,Mountain Bluebird,MOBL,0.00,3.00,30.7,t,lite
PC,WLNP-3-1,855,General Community Waterton Lakes National Park 2018,10,2018-06-17 05:00:00,6954,300,Catharus ustulatus,Swainson's Thrush,SWTH,6.00,9.00,34.4,t,lite
PC,WLNP-3-1,855,General Community Waterton Lakes National Park 2018,10,2018-06-17 05:00:00,6954,300,Sialia currucoides,Mountain Bluebird,MOBL,15.00,18.00,31.8,t,lite
PC,WLNP-3-1,855,General Community Waterton Lakes National Park 2018,10,2018-06-17 05:00:00,6954,300,Sialia currucoides,Mountain Bluebird,MOBL,30.00,33.00,34.3,t,lite
PC,WLNP-3-1,855,General Community Waterton Lakes National Park 2018,10,2018-06-17 05:00:00,6954,300,Sialia currucoides,Mountain Bluebird,MOBL,33.00,36.00,41.7,t,lite
PC,WLNP-3-1,855,General Community Waterton Lakes National Park 2018,10,2018-06-17 05:00:00,6954,300,Sialia currucoides,Mountain Bluebird,MOBL,36.00,39.00,64.3,t,lite
PC,WLNP-3-1,855,General Community Waterton Lakes National Park 2018,10,2018-06-17 05:00:00,6954,300,Catharus ustulatus,Swainson's Thrush,SWTH,39.00,42.00,54.7,t,lite
PC,WLNP-3-1,855,General Community Waterton Lakes National Park 2018,10,2018-06-17 05:00:00,6954,300,Catharus ustulatus,Swainson's Thrush,SWTH,51.00,54.00,47.9,t,lite
PC,WLNP-3-1,855,General Community Waterton Lakes National Park 2018,10,2018-06-17 05:00:00,6954,300,Sialia currucoides,Mountain Bluebird,MOBL,57.00,60.00,65.2,t,lite
PC,WLNP-3-1,855,General Community Waterton Lakes National Park 2018,10,2018-06-17 05:00:00,6954,300,Catharus ustulatus,Swainson's Thrush,SWTH,60.00,63.00,30.7,t,lite
PC,WLNP-3-1,855,General Community Waterton Lakes National Park 2018,10,2018-06-17 05:00:00,6954,300,Zonotrichia leucophrys,White-crowned Sparrow,WCSP,84.00,87.00,25.1,t,lite
PC,WLNP-3-1,855,General Community Waterton Lakes National Park 2018,10,2018-06-17 05:00:00,6954,300,Catharus ustulatus,Swainson's Thrush,SWTH,96.00,99.00,30.2,t,lite
PC,WLNP-3-1,855,General Community Waterton Lakes National Park 2018,10,2018-06-17 05:00:00,6954,300,Catharus ustulatus,Swainson's Thrush,SWTH,114.00,117.00,27.9,t,lite
PC,WLNP-3-1,855,General Community Waterton Lakes National Park 2018,10,2018-06-17 05:00:00,6954,300,Catharus ustulatus,Swainson's Thrush,SWTH,138.00,141.00,42.7,t,lite
PC,WLNP-3-1,855,General Community Waterton Lakes National Park 2018,10,2018-06-17 05:00:00,6954,300,Catharus ustulatus,Swainson's Thrush,SWTH,141.00,144.00,27.4,t,lite
PC,WLNP-3-1,855,General Community Waterton Lakes National Park 2018,10,2018-06-17 05:00:00,6954,300,Catharus ustulatus,Swainson's Thrush,SWTH,147.00,150.00,68.7,t,lite
PC,WLNP-3-1,855,General Community Waterton Lakes National Park 2018,10,2018-06-17 05:00:00,6954,300,Catharus ustulatus,Swainson's Thrush,SWTH,150.00,153.00,29.6,t,lite
PC,WLNP-3-1,855,General Community Waterton Lakes National Park 2018,10,2018-06-17 05:00:00,6954,300,Catharus ustulatus,Swainson's Thrush,SWTH,159.00,162.00,37.8,t,lite
PC,WLNP-3-1,855,General Community Waterton Lakes National Park 2018,10,2018-06-17 05:00:00,6954,300,Catharus ustulatus,Swainson's Thrush,SWTH,168.00,171.00,46.1,t,lite
PC,WLNP-3-1,855,General Community Waterton Lakes National Park 2018,10,2018-06-17 05:00:00,6954,300,Catharus ustulatus,Swainson's Thrush,SWTH,174.00,177.00,31.6,t,lite
PC,WLNP-3-1,855,General Community Waterton Lakes National Park 2018,10,2018-06-17 05:00:00,6954,300,Catharus ustulatus,Swainson's Thrush,SWTH,177.00,180.00,65.6,t,lite
PC,WLNP-3-1,855,General Community Waterton Lakes National Park 2018,10,2018-06-17 05:00:00,6954,300,Catharus ustulatus,Swainson's Thrush,SWTH,183.00,186.00,35.4,t,lite
PC,WLNP-3-1,855,General Community Waterton Lakes National Park 2018,10,2018-06-17 05:00:00,6954,300,Catharus ustulatus,Swainson's Thrush,SWTH,189.00,192.00,40.7,t,lite
PC,WLNP-3-1,855,General Community Waterton Lakes National Park 2018,10,2018-06-17 05:00:00,6954,300,Catharus ustulatus,Swainson's Thrush,SWTH,195.00,198.00,45.1,t,lite
PC,WLNP-3-1,855,General Community Waterton Lakes National Park 2018,10,2018-06-17 05:00:00,6954,300,Catharus ustulatus,Swainson's Thrush,SWTH,198.00,201.00,35.1,t,lite
PC,WLNP-3-1,855,General Community Waterton Lakes National Park 2018,10,2018-06-17 05:00:00,6954,300,Catharus ustulatus,Swainson's Thrush,SWTH,207.00,210.00,31.9,t,lite
PC,WLNP-3-1,855,General Community Waterton Lakes National Park 2018,10,2018-06-17 05:00:00,6954,300,Catharus ustulatus,Swainson's Thrush,SWTH,213.00,216.00,41.3,t,lite
PC,WLNP-3-1,855,General Community Waterton Lakes National Park 2018,10,2018-06-17 05:00:00,6954,300,Catharus ustulatus,Swainson's Thrush,SWTH,216.00,219.00,43.6,t,lite
PC,WLNP-3-1,855,General Community Waterton Lakes National Park 2018,10,2018-06-17 05:00:00,6954,300,Catharus ustulatus,Swainson's Thrush,SWTH,225.00,228.00,25.6,t,lite
PC,WLNP-3-1,855,General Community Waterton Lakes National Park 2018,10,2018-06-17 05:00:00,6954,300,Catharus ustulatus,Swainson's Thrush,SWTH,231.00,234.00,26.1,t,lite
PC,WLNP-3-1,855,General Community Waterton Lakes National Park 2018,10,2018-06-17 05:00:00,6954,300,Catharus ustulatus,Swainson's Thrush,SWTH,234.00,237.00,26.7,t,lite
PC,WLNP-3-1,855,General Community Waterton Lakes National Park 2018,10,2018-06-17 05:00:00,6954,300,Catharus ustulatus,Swainson's Thrush,SWTH,237.00,240.00,27.0,t,lite
PC,WLNP-3-1,855,General Community Waterton Lakes National Park 2018,10,2018-06-17 05:00:00,6954,300,Catharus ustulatus,Swainson's Thrush,SWTH,243.00,246.00,27.7,t,lite
PC,WLNP-3-1,855,General Community Waterton Lakes National Park 2018,10,2018-06-17 05:00:00,6954,300,Catharus ustulatus,Swainson's Thrush,SWTH,252.00,255.00,33.0,t,lite
PC,WLNP-3-1,855,General Community Waterton Lakes National Park 2018,10,2018-06-17 05:00:00,6954,300,Catharus ustulatus,Swainson's Thrush,SWTH,255.00,258.00,34.0,t,lite
PC,WLNP-3-1,855,General Community Waterton Lakes National Park 2018,10,2018-06-17 05:00:00,6954,300,Catharus ustulatus,Swainson's Thrush,SWTH,258.00,261.00,27.5,t,lite
PC,WLNP-3-1,855,General Community Waterton Lakes National Park 2018,10,2018-06-17 05:00:00,6954,300,Larvivora cyane,,,258.00,261.00,29.2,f,lite
PC,WLNP-3-1,855,General Community Waterton Lakes National Park 2018,10,2018-06-17 05:00:00,6954,300,Catharus ustulatus,Swainson's Thrush,SWTH,261.00,264.00,31.9,t,lite
PC,WLNP-3-1,855,General Community Waterton Lakes National Park 2018,10,2018-06-17 05:00:00,6954,300,Catharus ustulatus,Swainson's Thrush,SWTH,276.00,279.00,25.3,t,lite
PC,WLNP-3-1,855,General Community Waterton Lakes National Park 2018,10,2018-06-17 05:00:00,6954,300,Catharus ustulatus,Swainson's Thrush,SWTH,282.00,285.00,28.5,t,lite
PC,WLNP-3-1,855,General Community Waterton Lakes National Park 2018,10,2018-06-17 05:00:00,6954,300,Phylloscopus sarasinorum,,,294.00,297.00,26.2,f,lite
PC,WLNP-3-1,855,General Community Waterton Lakes National Park 2018,10,2018-06-17 05:00:00,6954,300,Zonotrichia leucophrys,White-crowned Sparrow,WCSP,297.00,300.00,31.4,t,lite
PC,WLNP-3-1,855,General Community Waterton Lakes National Park 2018,10,2018-06-26 04:00:00,7048,300,*NOT GENERATED/FOUND*,,,,,,f,lite
PC,WLNP-4-1,856,General Community Waterton Lakes National Park 2018,10,2018-06-10 05:19:00,7059,180,Alauda arvensis,Eurasian Skylark,EUSK,3.00,6.00,31.4,t,lite
PC,WLNP-4-1,856,General Community Waterton Lakes National Park 2018,10,2018-06-10 05:19:00,7059,180,Zonotrichia leucophrys,White-crowned Sparrow,WCSP,9.00,12.00,42.1,t,lite
PC,WLNP-4-1,856,General Community Waterton Lakes National Park 2018,10,2018-06-10 05:19:00,7059,180,Zonotrichia leucophrys,White-crowned Sparrow,WCSP,18.00,21.00,39.9,t,lite
PC,WLNP-4-1,856,General Community Waterton Lakes National Park 2018,10,2018-06-10 05:19:00,7059,180,Alauda arvensis,Eurasian Skylark,EUSK,27.00,30.00,40.1,t,lite
PC,WLNP-4-1,856,General Community Waterton Lakes National Park 2018,10,2018-06-10 05:19:00,7059,180,Zonotrichia leucophrys,White-crowned Sparrow,WCSP,33.00,36.00,25.9,t,lite
PC,WLNP-4-1,856,General Community Waterton Lakes National Park 2018,10,2018-06-10 05:19:00,7059,180,Zonotrichia leucophrys,White-crowned Sparrow,WCSP,63.00,66.00,51.0,t,lite
PC,WLNP-4-1,856,General Community Waterton Lakes National Park 2018,10,2018-06-11 04:48:00,85249,180,Zonotrichia leucophrys,White-crowned Sparrow,WCSP,18.00,21.00,29.8,t,lite
PC,WLNP-4-1,856,General Community Waterton Lakes National Park 2018,10,2018-06-11 04:48:00,85249,180,Sicalis auriventris,,,81.00,84.00,25.2,f,lite
PC,WLNP-4-1,856,General Community Waterton Lakes National Park 2018,10,2018-06-13 04:48:00,7076,180,Empidonax oberholseri,Dusky Flycatcher,DUFL,0.00,3.00,29.2,t,lite
PC,WLNP-4-1,856,General Community Waterton Lakes National Park 2018,10,2018-06-13 04:48:00,7076,180,Empidonax oberholseri,Dusky Flycatcher,DUFL,3.00,6.00,41.0,t,lite
PC,WLNP-4-1,856,General Community Waterton Lakes National Park 2018,10,2018-06-13 04:48:00,7076,180,Empidonax oberholseri,Dusky Flycatcher,DUFL,9.00,12.00,56.2,t,lite
PC,WLNP-4-1,856,General Community Waterton Lakes National Park 2018,10,2018-06-13 04:48:00,7076,180,Phylloscopus plumbeitarsus,,,9.00,12.00,34.0,f,lite
PC,WLNP-4-1,856,General Community Waterton Lakes National Park 2018,10,2018-06-13 04:48:00,7076,180,Catharus ustulatus,Swainson's Thrush,SWTH,12.00,15.00,29.5,t,lite
PC,WLNP-4-1,856,General Community Waterton Lakes National Park 2018,10,2018-06-13 04:48:00,7076,180,Catharus ustulatus,Swainson's Thrush,SWTH,15.00,18.00,52.9,t,lite
PC,WLNP-4-1,856,General Community Waterton Lakes National Park 2018,10,2018-06-13 04:48:00,7076,180,Empidonax oberholseri,Dusky Flycatcher,DUFL,21.00,24.00,26.9,t,lite
PC,WLNP-4-1,856,General Community Waterton Lakes National Park 2018,10,2018-06-13 04:48:00,7076,180,Empidonax oberholseri,Dusky Flycatcher,DUFL,24.00,27.00,47.7,t,lite
PC,WLNP-4-1,856,General Community Waterton Lakes National Park 2018,10,2018-06-13 04:48:00,7076,180,Empidonax oberholseri,Dusky Flycatcher,DUFL,27.00,30.00,60.7,t,lite
PC,WLNP-4-1,856,General Community Waterton Lakes National Park 2018,10,2018-06-13 04:48:00,7076,180,Empidonax oberholseri,Dusky Flycatcher,DUFL,30.00,33.00,58.3,t,lite
PC,WLNP-4-1,856,General Community Waterton Lakes National Park 2018,10,2018-06-13 04:48:00,7076,180,Euscarthmus meloryphus,,,33.00,36.00,38.0,f,lite
PC,WLNP-4-1,856,General Community Waterton Lakes National Park 2018,10,2018-06-13 04:48:00,7076,180,Empidonax oberholseri,Dusky Flycatcher,DUFL,33.00,36.00,42.0,t,lite
PC,WLNP-4-1,856,General Community Waterton Lakes National Park 2018,10,2018-06-13 04:48:00,7076,180,Empidonax oberholseri,Dusky Flycatcher,DUFL,36.00,39.00,52.9,t,lite
PC,WLNP-4-1,856,General Community Waterton Lakes National Park 2018,10,2018-06-13 04:48:00,7076,180,Phylloscopus trochiloides,Greenish Warbler,PHYTRO,39.00,42.00,29.2,t,lite
PC,WLNP-4-1,856,General Community Waterton Lakes National Park 2018,10,2018-06-13 04:48:00,7076,180,Empidonax oberholseri,Dusky Flycatcher,DUFL,39.00,42.00,42.3,t,lite
PC,WLNP-4-1,856,General Community Waterton Lakes National Park 2018,10,2018-06-13 04:48:00,7076,180,Empidonax oberholseri,Dusky Flycatcher,DUFL,42.00,45.00,82.2,t,lite
PC,WLNP-4-1,856,General Community Waterton Lakes National Park 2018,10,2018-06-13 04:48:00,7076,180,Empidonax oberholseri,Dusky Flycatcher,DUFL,45.00,48.00,82.9,t,lite
PC,WLNP-4-1,856,General Community Waterton Lakes National Park 2018,10,2018-06-13 04:48:00,7076,180,Empidonax oberholseri,Dusky Flycatcher,DUFL,48.00,51.00,51.3,t,lite
PC,WLNP-4-1,856,General Community Waterton Lakes National Park 2018,10,2018-06-13 04:48:00,7076,180,Empidonax oberholseri,Dusky Flycatcher,DUFL,54.00,57.00,37.8,t,lite
PC,WLNP-4-1,856,General Community Waterton Lakes National Park 2018,10,2018-06-13 04:48:00,7076,180,Empidonax oberholseri,Dusky Flycatcher,DUFL,57.00,60.00,70.5,t,lite
PC,WLNP-4-1,856,General Community Waterton Lakes National Park 2018,10,2018-06-13 04:48:00,7076,180,Empidonax oberholseri,Dusky Flycatcher,DUFL,60.00,63.00,50.0,t,lite
PC,WLNP-4-1,856,General Community Waterton Lakes National Park 2018,10,2018-06-13 04:48:00,7076,180,Empidonax oberholseri,Dusky Flycatcher,DUFL,63.00,66.00,53.7,t,lite
PC,WLNP-4-1,856,General Community Waterton Lakes National Park 2018,10,2018-06-13 04:48:00,7076,180,Phylloscopus plumbeitarsus,,,63.00,66.00,26.3,f,lite
PC,WLNP-4-1,856,General Community Waterton Lakes National Park 2018,10,2018-06-13 04:48:00,7076,180,Euscarthmus meloryphus,,,69.00,72.00,25.3,f,lite
PC,WLNP-4-1,856,General Community Waterton Lakes National Park 2018,10,2018-06-13 04:48:00,7076,180,Empidonax oberholseri,Dusky Flycatcher,DUFL,69.00,72.00,62.0,t,lite
PC,WLNP-4-1,856,General Community Waterton Lakes National Park 2018,10,2018-06-13 04:48:00,7076,180,Empidonax oberholseri,Dusky Flycatcher,DUFL,72.00,75.00,50.9,t,lite
PC,WLNP-4-1,856,General Community Waterton Lakes National Park 2018,10,2018-06-13 04:48:00,7076,180,Phylloscopus plumbeitarsus,,,75.00,78.00,31.2,f,lite
PC,WLNP-4-1,856,General Community Waterton Lakes National Park 2018,10,2018-06-13 04:48:00,7076,180,Empidonax oberholseri,Dusky Flycatcher,DUFL,75.00,78.00,51.9,t,lite
PC,WLNP-4-1,856,General Community Waterton Lakes National Park 2018,10,2018-06-13 04:48:00,7076,180,Empidonax oberholseri,Dusky Flycatcher,DUFL,78.00,81.00,86.0,t,lite
PC,WLNP-4-1,856,General Community Waterton Lakes National Park 2018,10,2018-06-13 04:48:00,7076,180,Empidonax oberholseri,Dusky Flycatcher,DUFL,81.00,84.00,37.8,t,lite
PC,WLNP-4-1,856,General Community Waterton Lakes National Park 2018,10,2018-06-13 04:48:00,7076,180,Empidonax oberholseri,Dusky Flycatcher,DUFL,84.00,87.00,44.1,t,lite
PC,WLNP-4-1,856,General Community Waterton Lakes National Park 2018,10,2018-06-13 04:48:00,7076,180,Empidonax oberholseri,Dusky Flycatcher,DUFL,93.00,96.00,36.0,t,lite
PC,WLNP-4-1,856,General Community Waterton Lakes National Park 2018,10,2018-06-13 04:48:00,7076,180,Empidonax oberholseri,Dusky Flycatcher,DUFL,96.00,99.00,53.0,t,lite
PC,WLNP-4-1,856,General Community Waterton Lakes National Park 2018,10,2018-06-13 04:48:00,7076,180,Empidonax oberholseri,Dusky Flycatcher,DUFL,99.00,102.00,32.6,t,lite
PC,WLNP-4-1,856,General Community Waterton Lakes National Park 2018,10,2018-06-13 04:48:00,7076,180,Empidonax oberholseri,Dusky Flycatcher,DUFL,102.00,105.00,53.7,t,lite
PC,WLNP-4-1,856,General Community Waterton Lakes National Park 2018,10,2018-06-13 04:48:00,7076,180,Empidonax oberholseri,Dusky Flycatcher,DUFL,105.00,108.00,57.5,t,lite
PC,WLNP-4-1,856,General Community Waterton Lakes National Park 2018,10,2018-06-13 04:48:00,7076,180,Empidonax oberholseri,Dusky Flycatcher,DUFL,108.00,111.00,50.8,t,lite
PC,WLNP-4-1,856,General Community Waterton Lakes National Park 2018,10,2018-06-13 04:48:00,7076,180,Empidonax oberholseri,Dusky Flycatcher,DUFL,111.00,114.00,75.1,t,lite
PC,WLNP-4-1,856,General Community Waterton Lakes National Park 2018,10,2018-06-13 04:48:00,7076,180,Acanthorhynchus tenuirostris,,,114.00,117.00,34.9,f,lite
PC,WLNP-4-1,856,General Community Waterton Lakes National Park 2018,10,2018-06-13 04:48:00,7076,180,Empidonax oberholseri,Dusky Flycatcher,DUFL,114.00,117.00,82.5,t,lite
PC,WLNP-4-1,856,General Community Waterton Lakes National Park 2018,10,2018-06-13 04:48:00,7076,180,Empidonax oberholseri,Dusky Flycatcher,DUFL,117.00,120.00,33.3,t,lite
PC,WLNP-4-1,856,General Community Waterton Lakes National Park 2018,10,2018-06-13 04:48:00,7076,180,Empidonax oberholseri,Dusky Flycatcher,DUFL,123.00,126.00,50.6,t,lite
PC,WLNP-4-1,856,General Community Waterton Lakes National Park 2018,10,2018-06-13 04:48:00,7076,180,Phylloscopus plumbeitarsus,,,126.00,129.00,28.7,f,lite
PC,WLNP-4-1,856,General Community Waterton Lakes National Park 2018,10,2018-06-13 04:48:00,7076,180,Empidonax oberholseri,Dusky Flycatcher,DUFL,126.00,129.00,47.9,t,lite
PC,WLNP-4-1,856,General Community Waterton Lakes National Park 2018,10,2018-06-13 04:48:00,7076,180,Empidonax oberholseri,Dusky Flycatcher,DUFL,129.00,132.00,67.1,t,lite
PC,WLNP-4-1,856,General Community Waterton Lakes National Park 2018,10,2018-06-13 04:48:00,7076,180,Empidonax oberholseri,Dusky Flycatcher,DUFL,132.00,135.00,29.2,t,lite
PC,WLNP-4-1,856,General Community Waterton Lakes National Park 2018,10,2018-06-13 04:48:00,7076,180,Empidonax oberholseri,Dusky Flycatcher,DUFL,135.00,138.00,57.8,t,lite
PC,WLNP-4-1,856,General Community Waterton Lakes National Park 2018,10,2018-06-13 04:48:00,7076,180,Empidonax oberholseri,Dusky Flycatcher,DUFL,138.00,141.00,70.6,t,lite
PC,WLNP-4-1,856,General Community Waterton Lakes National Park 2018,10,2018-06-13 04:48:00,7076,180,Empidonax oberholseri,Dusky Flycatcher,DUFL,141.00,144.00,58.0,t,lite
PC,WLNP-4-1,856,General Community Waterton Lakes National Park 2018,10,2018-06-13 04:48:00,7076,180,Empidonax oberholseri,Dusky Flycatcher,DUFL,147.00,150.00,71.7,t,lite
PC,WLNP-4-1,856,General Community Waterton Lakes National Park 2018,10,2018-06-13 04:48:00,7076,180,Empidonax oberholseri,Dusky Flycatcher,DUFL,153.00,156.00,44.3,t,lite
PC,WLNP-4-1,856,General Community Waterton Lakes National Park 2018,10,2018-06-13 04:48:00,7076,180,Empidonax oberholseri,Dusky Flycatcher,DUFL,156.00,159.00,56.8,t,lite
PC,WLNP-4-1,856,General Community Waterton Lakes National Park 2018,10,2018-06-13 04:48:00,7076,180,Empidonax oberholseri,Dusky Flycatcher,DUFL,159.00,162.00,36.9,t,lite
PC,WLNP-4-1,856,General Community Waterton Lakes National Park 2018,10,2018-06-13 04:48:00,7076,180,Empidonax oberholseri,Dusky Flycatcher,DUFL,162.00,165.00,36.7,t,lite
PC,WLNP-4-1,856,General Community Waterton Lakes National Park 2018,10,2018-06-13 04:48:00,7076,180,Empidonax oberholseri,Dusky Flycatcher,DUFL,165.00,168.00,75.1,t,lite
PC,WLNP-4-1,856,General Community Waterton Lakes National Park 2018,10,2018-06-13 04:48:00,7076,180,Empidonax oberholseri,Dusky Flycatcher,DUFL,168.00,171.00,36.2,t,lite
PC,WLNP-4-1,856,General Community Waterton Lakes National Park 2018,10,2018-06-13 04:48:00,7076,180,Euscarthmus meloryphus,,,171.00,174.00,25.4,f,lite
PC,WLNP-4-1,856,General Community Waterton Lakes National Park 2018,10,2018-06-13 04:48:00,7076,180,Empidonax oberholseri,Dusky Flycatcher,DUFL,174.00,177.00,56.5,t,lite
PC,WLNP-4-1,856,General Community Waterton Lakes National Park 2018,10,2018-06-13 04:48:00,7076,180,Empidonax oberholseri,Dusky Flycatcher,DUFL,177.00,180.00,64.2,t,lite
PC,WLNP-4-1,856,General Community Waterton Lakes National Park 2018,10,2018-06-14 05:18:00,7021,180,Locustella naevia,Common Grasshopper-Warbler,LOCNAE,18.00,21.00,49.3,t,lite
PC,WLNP-4-1,856,General Community Waterton Lakes National Park 2018,10,2018-06-14 05:18:00,7021,180,Spizella passerina,Chipping Sparrow,CHSP,27.00,30.00,38.8,t,lite
PC,WLNP-4-1,856,General Community Waterton Lakes National Park 2018,10,2018-06-14 05:18:00,7021,180,Locustella naevia,Common Grasshopper-Warbler,LOCNAE,27.00,30.00,55.0,t,lite
PC,WLNP-4-1,856,General Community Waterton Lakes National Park 2018,10,2018-06-14 05:18:00,7021,180,Tyrannus tyrannus,Eastern Kingbird,EAKI,108.00,111.00,91.1,t,lite
PC,WLNP-4-1,856,General Community Waterton Lakes National Park 2018,10,2018-06-14 05:18:00,7021,180,Tyrannus tyrannus,Eastern Kingbird,EAKI,114.00,117.00,45.3,t,lite
PC,WLNP-4-1,856,General Community Waterton Lakes National Park 2018,10,2018-06-14 05:18:00,7021,180,Emberiza rustica,Rustic Bunting,RUBU,114.00,117.00,25.1,t,lite
PC,WLNP-4-1,856,General Community Waterton Lakes National Park 2018,10,2018-06-14 05:18:00,7021,180,Ploceus philippinus,,,168.00,171.00,31.6,f,lite
PC,WLNP-4-1,856,General Community Waterton Lakes National Park 2018,10,2018-06-15 05:18:00,7028,180,Locustella certhiola,,,0.00,3.00,26.6,f,lite
PC,WLNP-4-1,856,General Community Waterton Lakes National Park 2018,10,2018-06-15 05:18:00,7028,180,Locustella naevia,Common Grasshopper-Warbler,LOCNAE,6.00,9.00,38.8,t,lite
PC,WLNP-4-1,856,General Community Waterton Lakes National Park 2018,10,2018-06-15 05:18:00,7028,180,Locustella naevia,Common Grasshopper-Warbler,LOCNAE,18.00,21.00,30.7,t,lite
PC,WLNP-4-1,856,General Community Waterton Lakes National Park 2018,10,2018-06-15 05:18:00,7028,180,Locustella naevia,Common Grasshopper-Warbler,LOCNAE,27.00,30.00,37.8,t,lite
PC,WLNP-4-1,856,General Community Waterton Lakes National Park 2018,10,2018-06-15 05:18:00,7028,180,Locustella naevia,Common Grasshopper-Warbler,LOCNAE,36.00,39.00,25.5,t,lite
PC,WLNP-4-1,856,General Community Waterton Lakes National Park 2018,10,2018-06-15 05:18:00,7028,180,Locustella naevia,Common Grasshopper-Warbler,LOCNAE,42.00,45.00,29.7,t,lite
PC,WLNP-4-1,856,General Community Waterton Lakes National Park 2018,10,2018-06-15 05:18:00,7028,180,Locustella naevia,Common Grasshopper-Warbler,LOCNAE,48.00,51.00,33.3,t,lite
PC,WLNP-4-1,856,General Community Waterton Lakes National Park 2018,10,2018-06-15 05:18:00,7028,180,Locustella naevia,Common Grasshopper-Warbler,LOCNAE,63.00,66.00,28.3,t,lite
PC,WLNP-4-1,856,General Community Waterton Lakes National Park 2018,10,2018-06-15 05:18:00,7028,180,Locustella naevia,Common Grasshopper-Warbler,LOCNAE,84.00,87.00,27.1,t,lite
PC,WLNP-4-1,856,General Community Waterton Lakes National Park 2018,10,2018-06-15 05:18:00,7028,180,Spizella passerina,Chipping Sparrow,CHSP,84.00,87.00,29.7,t,lite
PC,WLNP-4-1,856,General Community Waterton Lakes National Park 2018,10,2018-06-15 05:18:00,7028,180,Locustella naevia,Common Grasshopper-Warbler,LOCNAE,117.00,120.00,40.9,t,lite
PC,WLNP-4-1,856,General Community Waterton Lakes National Park 2018,10,2018-06-15 05:18:00,7028,180,Locustella naevia,Common Grasshopper-Warbler,LOCNAE,126.00,129.00,26.5,t,lite
PC,WLNP-4-1,856,General Community Waterton Lakes National Park 2018,10,2018-06-15 05:18:00,7028,180,Locustella naevia,Common Grasshopper-Warbler,LOCNAE,177.00,180.00,29.3,t,lite
PC,WLNP-4-2,877,General Community Waterton Lakes National Park 2018,10,2018-06-10 05:19:00,6979,180,Contopus cooperi,Olive-sided Flycatcher,OSFL,0.00,3.00,44.6,t,lite
PC,WLNP-4-2,877,General Community Waterton Lakes National Park 2018,10,2018-06-10 05:19:00,6979,180,Contopus cooperi,Olive-sided Flycatcher,OSFL,6.00,9.00,36.8,t,lite
PC,WLNP-4-2,877,General Community Waterton Lakes National Park 2018,10,2018-06-10 05:19:00,6979,180,Sphyrapicus thyroideus,Williamson's Sapsucker,WISA,21.00,24.00,28.8,t,lite
PC,WLNP-4-2,877,General Community Waterton Lakes National Park 2018,10,2018-06-10 05:19:00,6979,180,Dendrocopos major,Great Spotted Woodpecker,GSWO,21.00,24.00,40.4,t,lite
PC,WLNP-4-2,877,General Community Waterton Lakes National Park 2018,10,2018-06-10 05:19:00,6979,180,Sphyrapicus varius,Yellow-bellied Sapsucker,YBSA,21.00,24.00,37.2,t,lite
PC,WLNP-4-2,877,General Community Waterton Lakes National Park 2018,10,2018-06-10 05:19:00,6979,180,Sphyrapicus varius,Yellow-bellied Sapsucker,YBSA,24.00,27.00,29.1,t,lite
PC,WLNP-4-2,877,General Community Waterton Lakes National Park 2018,10,2018-06-10 05:19:00,6979,180,Psilopogon asiaticus,,,45.00,48.00,27.1,f,lite
PC,WLNP-4-2,877,General Community Waterton Lakes National Park 2018,10,2018-06-10 05:19:00,6979,180,Dendrocopos major,Great Spotted Woodpecker,GSWO,45.00,48.00,26.9,t,lite
PC,WLNP-4-2,877,General Community Waterton Lakes National Park 2018,10,2018-06-10 05:19:00,6979,180,Sphyrapicus nuchalis,Red-naped Sapsucker,RNSA,48.00,51.00,27.9,t,lite
PC,WLNP-4-2,877,General Community Waterton Lakes National Park 2018,10,2018-06-10 05:19:00,6979,180,Sphyrapicus varius,Yellow-bellied Sapsucker,YBSA,48.00,51.00,40.9,t,lite
PC,WLNP-4-2,877,General Community Waterton Lakes National Park 2018,10,2018-06-10 05:19:00,6979,180,Contopus cooperi,Olive-sided Flycatcher,OSFL,60.00,63.00,25.4,t,lite
PC,WLNP-4-2,877,General Community Waterton Lakes National Park 2018,10,2018-06-10 05:19:00,6979,180,Turdus migratorius,American Robin,AMRO,69.00,72.00,25.7,t,lite
PC,WLNP-4-2,877,General Community Waterton Lakes National Park 2018,10,2018-06-10 05:19:00,6979,180,Thripadectes ignobilis,,,69.00,72.00,35.2,f,lite
PC,WLNP-4-2,877,General Community Waterton Lakes National Park 2018,10,2018-06-10 05:19:00,6979,180,Turdus migratorius,American Robin,AMRO,72.00,75.00,38.3,t,lite
PC,WLNP-4-2,877,General Community Waterton Lakes National Park 2018,10,2018-06-10 05:19:00,6979,180,Turdus migratorius,American Robin,AMRO,81.00,84.00,52.7,t,lite
PC,WLNP-4-2,877,General Community Waterton Lakes National Park 2018,10,2018-06-10 05:19:00,6979,180,Lophoceros alboterminatus,,,81.00,84.00,35.6,f,lite
PC,WLNP-4-2,877,General Community Waterton Lakes National Park 2018,10,2018-06-10 05:19:00,6979,180,Sphyrapicus varius,Yellow-bellied Sapsucker,YBSA,87.00,90.00,40.9,t,lite
PC,WLNP-4-2,877,General Community Waterton Lakes National Park 2018,10,2018-06-10 05:19:00,6979,180,Turdus migratorius,American Robin,AMRO,90.00,93.00,42.0,t,lite
PC,WLNP-4-2,877,General Community Waterton Lakes National Park 2018,10,2018-06-10 05:19:00,6979,180,Turdus migratorius,American Robin,AMRO,93.00,96.00,26.7,t,lite
PC,WLNP-4-2,877,General Community Waterton Lakes National Park 2018,10,2018-06-10 05:19:00,6979,180,Troglodytes aedon,House Wren,HOWR,99.00,102.00,83.3,t,lite
PC,WLNP-4-2,877,General Community Waterton Lakes National Park 2018,10,2018-06-10 05:19:00,6979,180,Troglodytes aedon,House Wren,HOWR,102.00,105.00,29.4,t,lite
PC,WLNP-4-2,877,General Community Waterton Lakes National Park 2018,10,2018-06-10 05:19:00,6979,180,Fringilla coelebs,Common Chaffinch,CCHA,102.00,105.00,33.5,t,lite
PC,WLNP-4-2,877,General Community Waterton Lakes National Park 2018,10,2018-06-10 05:19:00,6979,180,Troglodytes aedon,House Wren,HOWR,105.00,108.00,87.4,t,lite
PC,WLNP-4-2,877,General Community Waterton Lakes National Park 2018,10,2018-06-10 05:19:00,6979,180,Fringilla coelebs,Common Chaffinch,CCHA,114.00,117.00,51.0,t,lite
PC,WLNP-4-2,877,General Community Waterton Lakes National Park 2018,10,2018-06-10 05:19:00,6979,180,Troglodytes aedon,House Wren,HOWR,114.00,117.00,80.9,t,lite
PC,WLNP-4-2,877,General Community Waterton Lakes National Park 2018,10,2018-06-10 05:19:00,6979,180,Troglodytes aedon,House Wren,HOWR,117.00,120.00,80.9,t,lite
PC,WLNP-4-2,877,General Community Waterton Lakes National Park 2018,10,2018-06-10 05:19:00,6979,180,Fringilla coelebs,Common Chaffinch,CCHA,120.00,123.00,61.0,t,lite
PC,WLNP-4-2,877,General Community Waterton Lakes National Park 2018,10,2018-06-10 05:19:00,6979,180,Troglodytes aedon,House Wren,HOWR,120.00,123.00,49.3,t,lite
PC,WLNP-4-2,877,General Community Waterton Lakes National Park 2018,10,2018-06-10 05:19:00,6979,180,Troglodytes aedon,House Wren,HOWR,123.00,126.00,84.9,t,lite
PC,WLNP-4-2,877,General Community Waterton Lakes National Park 2018,10,2018-06-10 05:19:00,6979,180,Troglodytes aedon,House Wren,HOWR,126.00,129.00,33.7,t,lite
PC,WLNP-4-2,877,General Community Waterton Lakes National Park 2018,10,2018-06-10 05:19:00,6979,180,Troglodytes aedon,House Wren,HOWR,129.00,132.00,85.7,t,lite
PC,WLNP-4-2,877,General Community Waterton Lakes National Park 2018,10,2018-06-10 05:19:00,6979,180,Sphyrapicus varius,Yellow-bellied Sapsucker,YBSA,132.00,135.00,26.9,t,lite
PC,WLNP-4-2,877,General Community Waterton Lakes National Park 2018,10,2018-06-10 05:19:00,6979,180,Fringilla coelebs,Common Chaffinch,CCHA,132.00,135.00,31.4,t,lite
PC,WLNP-4-2,877,General Community Waterton Lakes National Park 2018,10,2018-06-10 05:19:00,6979,180,Troglodytes aedon,House Wren,HOWR,135.00,138.00,78.6,t,lite
PC,WLNP-4-2,877,General Community Waterton Lakes National Park 2018,10,2018-06-10 05:19:00,6979,180,Troglodytes aedon,House Wren,HOWR,138.00,141.00,59.9,t,lite
PC,WLNP-4-2,877,General Community Waterton Lakes National Park 2018,10,2018-06-10 05:19:00,6979,180,Myiothlypis bivittata,,,138.00,141.00,29.2,f,lite
PC,WLNP-4-2,877,General Community Waterton Lakes National Park 2018,10,2018-06-10 05:19:00,6979,180,Fringilla coelebs,Common Chaffinch,CCHA,138.00,141.00,72.2,t,lite
PC,WLNP-4-2,877,General Community Waterton Lakes National Park 2018,10,2018-06-10 05:19:00,6979,180,Troglodytes aedon,House Wren,HOWR,141.00,144.00,90.5,t,lite
PC,WLNP-4-2,877,General Community Waterton Lakes National Park 2018,10,2018-06-10 05:19:00,6979,180,Troglodytes aedon,House Wren,HOWR,144.00,147.00,29.7,t,lite
PC,WLNP-4-2,877,General Community Waterton Lakes National Park 2018,10,2018-06-10 05:19:00,6979,180,Troglodytes aedon,House Wren,HOWR,147.00,150.00,90.6,t,lite
PC,WLNP-4-2,877,General Community Waterton Lakes National Park 2018,10,2018-06-10 05:19:00,6979,180,Troglodytes aedon,House Wren,HOWR,156.00,159.00,85.5,t,lite
PC,WLNP-4-2,877,General Community Waterton Lakes National Park 2018,10,2018-06-10 05:19:00,6979,180,Melozone fusca,Canyon Towhee,CANT,159.00,162.00,32.7,t,lite
PC,WLNP-4-2,877,General Community Waterton Lakes National Park 2018,10,2018-06-10 05:19:00,6979,180,Troglodytes aedon,House Wren,HOWR,162.00,165.00,40.5,t,lite
PC,WLNP-4-2,877,General Community Waterton Lakes National Park 2018,10,2018-06-10 05:19:00,6979,180,Cistothorus palustris,Marsh Wren,MAWR,162.00,165.00,36.8,t,lite
PC,WLNP-4-2,877,General Community Waterton Lakes National Park 2018,10,2018-06-10 05:19:00,6979,180,Fringilla coelebs,Common Chaffinch,CCHA,165.00,168.00,42.4,t,lite
PC,WLNP-4-2,877,General Community Waterton Lakes National Park 2018,10,2018-06-10 05:19:00,6979,180,Troglodytes aedon,House Wren,HOWR,165.00,168.00,83.7,t,lite
PC,WLNP-4-2,877,General Community Waterton Lakes National Park 2018,10,2018-06-10 05:19:00,6979,180,Sylvia cantillans,,,168.00,171.00,25.7,f,lite
PC,WLNP-4-2,877,General Community Waterton Lakes National Park 2018,10,2018-06-10 05:19:00,6979,180,Cistothorus palustris,Marsh Wren,MAWR,168.00,171.00,33.3,t,lite
PC,WLNP-4-2,877,General Community Waterton Lakes National Park 2018,10,2018-06-10 05:19:00,6979,180,Troglodytes aedon,House Wren,HOWR,168.00,171.00,37.6,t,lite
PC,WLNP-4-2,877,General Community Waterton Lakes National Park 2018,10,2018-06-10 05:19:00,6979,180,Troglodytes aedon,House Wren,HOWR,171.00,174.00,68.4,t,lite
PC,WLNP-4-2,877,General Community Waterton Lakes National Park 2018,10,2018-06-10 05:19:00,6979,180,Fringilla coelebs,Common Chaffinch,CCHA,177.00,180.00,54.5,t,lite
PC,WLNP-4-2,877,General Community Waterton Lakes National Park 2018,10,2018-06-10 05:19:00,6979,180,Troglodytes aedon,House Wren,HOWR,177.00,180.00,80.3,t,lite
PC,WLNP-4-2,877,General Community Waterton Lakes National Park 2018,10,2018-06-13 04:48:00,6963,180,Phylloscopus trochiloides,Greenish Warbler,PHYTRO,57.00,60.00,26.0,t,lite
PC,WLNP-4-2,877,General Community Waterton Lakes National Park 2018,10,2018-06-13 04:48:00,6963,180,Phylloscopus trochiloides,Greenish Warbler,PHYTRO,66.00,69.00,25.0,t,lite
PC,WLNP-4-2,877,General Community Waterton Lakes National Park 2018,10,2018-06-13 04:48:00,6963,180,Phylloscopus trochiloides,Greenish Warbler,PHYTRO,75.00,78.00,27.2,t,lite
PC,WLNP-4-2,877,General Community Waterton Lakes National Park 2018,10,2018-06-14 05:18:00,6974,180,Phylloscopus sarasinorum,,,6.00,9.00,39.6,f,lite
PC,WLNP-4-2,877,General Community Waterton Lakes National Park 2018,10,2018-06-14 05:18:00,6974,180,Phylloscopus sarasinorum,,,45.00,48.00,28.9,f,lite
PC,WLNP-4-2,877,General Community Waterton Lakes National Park 2018,10,2018-06-14 05:18:00,6974,180,Vireo gilvus,Warbling Vireo,WAVI,57.00,60.00,29.1,t,lite
PC,WLNP-4-2,877,General Community Waterton Lakes National Park 2018,10,2018-06-14 05:18:00,6974,180,Phylloscopus sarasinorum,,,57.00,60.00,35.6,f,lite
PC,WLNP-4-2,877,General Community Waterton Lakes National Park 2018,10,2018-06-14 05:18:00,6974,180,Setophaga auduboni,,,102.00,105.00,26.0,f,lite
PC,WLNP-4-2,877,General Community Waterton Lakes National Park 2018,10,2018-06-14 05:18:00,6974,180,Phylloscopus sarasinorum,,,120.00,123.00,25.9,f,lite
PC,WLNP-4-2,877,General Community Waterton Lakes National Park 2018,10,2018-06-14 05:18:00,6974,180,Phylloscopus sarasinorum,,,153.00,156.00,35.1,f,lite
PC,WLNP-4-2,877,General Community Waterton Lakes National Park 2018,10,2018-06-14 05:18:00,6974,180,Vireo gilvus,Warbling Vireo,WAVI,153.00,156.00,41.0,t,lite
PC,WLNP-4-2,877,General Community Waterton Lakes National Park 2018,10,2018-06-14 05:18:00,6974,180,Phylloscopus sarasinorum,,,168.00,171.00,30.6,f,lite
PC,WLNP-4-2,877,General Community Waterton Lakes National Park 2018,10,2018-06-14 05:18:00,6974,180,Vireo gilvus,Warbling Vireo,WAVI,168.00,171.00,31.9,t,lite
PC,WLNP-4-2,877,General Community Waterton Lakes National Park 2018,10,2018-06-14 05:18:00,6974,180,Vireo leucophrys,Brown-capped Vireo,BCAV,171.00,174.00,42.2,t,lite
PC,WLNP-4-2,877,General Community Waterton Lakes National Park 2018,10,2018-06-14 05:18:00,6974,180,Cyanoloxia brissonii,,,171.00,174.00,41.3,f,lite
PC,WLNP-4-2,877,General Community Waterton Lakes National Park 2018,10,2018-06-14 05:18:00,6974,180,Phylloscopus sarasinorum,,,171.00,174.00,59.1,f,lite
PC,WLNP-4-2,877,General Community Waterton Lakes National Park 2018,10,2018-06-14 05:18:00,6974,180,Vireo gilvus,Warbling Vireo,WAVI,171.00,174.00,45.6,t,lite
PC,WLNP-4-2,877,General Community Waterton Lakes National Park 2018,10,2018-06-15 04:48:00,6997,180,Piranga ludoviciana,Western Tanager,WETA,69.00,72.00,28.4,t,lite
PC,WLNP-4-3,871,General Community Waterton Lakes National Park 2018,10,2018-06-09 05:19:00,85250,180,Emberiza spodocephala,,,3.00,6.00,25.3,f,lite
PC,WLNP-4-3,871,General Community Waterton Lakes National Park 2018,10,2018-06-09 05:19:00,85250,180,Zonotrichia leucophrys,White-crowned Sparrow,WCSP,6.00,9.00,48.1,t,lite
PC,WLNP-4-3,871,General Community Waterton Lakes National Park 2018,10,2018-06-09 05:19:00,85250,180,Zonotrichia leucophrys,White-crowned Sparrow,WCSP,21.00,24.00,56.3,t,lite
PC,WLNP-4-3,871,General Community Waterton Lakes National Park 2018,10,2018-06-09 05:19:00,85250,180,Zonotrichia leucophrys,White-crowned Sparrow,WCSP,39.00,42.00,65.4,t,lite
PC,WLNP-4-3,871,General Community Waterton Lakes National Park 2018,10,2018-06-09 05:19:00,85250,180,Prinia hodgsonii,,,45.00,48.00,28.8,f,lite
PC,WLNP-4-3,871,General Community Waterton Lakes National Park 2018,10,2018-06-09 05:19:00,85250,180,Zonotrichia leucophrys,White-crowned Sparrow,WCSP,51.00,54.00,52.8,t,lite
PC,WLNP-4-3,871,General Community Waterton Lakes National Park 2018,10,2018-06-09 05:19:00,85250,180,Zonotrichia leucophrys,White-crowned Sparrow,WCSP,54.00,57.00,34.5,t,lite
PC,WLNP-4-3,871,General Community Waterton Lakes National Park 2018,10,2018-06-09 05:19:00,85250,180,Tachycineta bicolor,Tree Swallow,TRES,63.00,66.00,42.7,t,lite
PC,WLNP-4-3,871,General Community Waterton Lakes National Park 2018,10,2018-06-09 05:19:00,85250,180,Zonotrichia leucophrys,White-crowned Sparrow,WCSP,66.00,69.00,59.7,t,lite
PC,WLNP-4-3,871,General Community Waterton Lakes National Park 2018,10,2018-06-09 05:19:00,85250,180,Orochelidon murina,,,69.00,72.00,26.9,f,lite
PC,WLNP-4-3,871,General Community Waterton Lakes National Park 2018,10,2018-06-09 05:19:00,85250,180,Tachycineta bicolor,Tree Swallow,TRES,69.00,72.00,55.5,t,lite
PC,WLNP-4-3,871,General Community Waterton Lakes National Park 2018,10,2018-06-09 05:19:00,85250,180,Orochelidon murina,,,72.00,75.00,35.0,f,lite
PC,WLNP-4-3,871,General Community Waterton Lakes National Park 2018,10,2018-06-09 05:19:00,85250,180,Tachycineta bicolor,Tree Swallow,TRES,72.00,75.00,39.1,t,lite
PC,WLNP-4-3,871,General Community Waterton Lakes National Park 2018,10,2018-06-09 05:19:00,85250,180,Tachycineta bicolor,Tree Swallow,TRES,75.00,78.00,36.4,t,lite
PC,WLNP-4-3,871,General Community Waterton Lakes National Park 2018,10,2018-06-09 05:19:00,85250,180,Zonotrichia leucophrys,White-crowned Sparrow,WCSP,78.00,81.00,69.5,t,lite
PC,WLNP-4-3,871,General Community Waterton Lakes National Park 2018,10,2018-06-09 05:19:00,85250,180,Prinia hodgsonii,,,87.00,90.00,30.7,f,lite
PC,WLNP-4-3,871,General Community Waterton Lakes National Park 2018,10,2018-06-09 05:19:00,85250,180,Zonotrichia leucophrys,White-crowned Sparrow,WCSP,90.00,93.00,58.4,t,lite
PC,WLNP-4-3,871,General Community Waterton Lakes National Park 2018,10,2018-06-09 05:19:00,85250,180,Orochelidon murina,,,96.00,99.00,31.0,f,lite
PC,WLNP-4-3,871,General Community Waterton Lakes National Park 2018,10,2018-06-09 05:19:00,85250,180,Tachycineta bicolor,Tree Swallow,TRES,96.00,99.00,36.9,t,lite
PC,WLNP-4-3,871,General Community Waterton Lakes National Park 2018,10,2018-06-09 05:19:00,85250,180,Zonotrichia leucophrys,White-crowned Sparrow,WCSP,105.00,108.00,44.9,t,lite
PC,WLNP-4-3,871,General Community Waterton Lakes National Park 2018,10,2018-06-09 05:19:00,85250,180,Prinia hodgsonii,,,108.00,111.00,27.9,f,lite
PC,WLNP-4-3,871,General Community Waterton Lakes National Park 2018,10,2018-06-09 05:19:00,85250,180,Zonotrichia leucophrys,White-crowned Sparrow,WCSP,120.00,123.00,54.5,t,lite
PC,WLNP-4-3,871,General Community Waterton Lakes National Park 2018,10,2018-06-09 05:19:00,85250,180,Emberiza cirlus,Cirl Bunting,EMBCIR,132.00,135.00,43.1,t,lite
PC,WLNP-4-3,871,General Community Waterton Lakes National Park 2018,10,2018-06-09 05:19:00,85250,180,Emberiza cirlus,Cirl Bunting,EMBCIR,156.00,159.00,39.4,t,lite
PC,WLNP-4-3,871,General Community Waterton Lakes National Park 2018,10,2018-06-09 05:19:00,85250,180,Catamenia homochroa,,,162.00,165.00,33.7,f,lite
PC,WLNP-4-3,871,General Community Waterton Lakes National Park 2018,10,2018-06-09 05:19:00,85250,180,Emberiza cirlus,Cirl Bunting,EMBCIR,168.00,171.00,26.1,t,lite
PC,WLNP-4-3,871,General Community Waterton Lakes National Park 2018,10,2018-06-09 05:19:00,85250,180,Zonotrichia leucophrys,White-crowned Sparrow,WCSP,177.00,180.00,39.4,t,lite
PC,WLNP-4-3,871,General Community Waterton Lakes National Park 2018,10,2018-06-10 05:19:00,6964,180,Scleroptila shelleyi,,,0.00,3.00,29.1,f,lite
PC,WLNP-4-3,871,General Community Waterton Lakes National Park 2018,10,2018-06-10 05:19:00,6964,180,Nothura maculosa,,,21.00,24.00,28.9,f,lite
PC,WLNP-4-3,871,General Community Waterton Lakes National Park 2018,10,2018-06-10 05:19:00,6964,180,Sicalis auriventris,,,39.00,42.00,30.3,f,lite
PC,WLNP-4-3,871,General Community Waterton Lakes National Park 2018,10,2018-06-10 05:19:00,6964,180,Sicalis auriventris,,,48.00,51.00,30.4,f,lite
PC,WLNP-4-3,871,General Community Waterton Lakes National Park 2018,10,2018-06-10 05:19:00,6964,180,Nothura maculosa,,,54.00,57.00,28.7,f,lite
PC,WLNP-4-3,871,General Community Waterton Lakes National Park 2018,10,2018-06-10 05:19:00,6964,180,Sicalis auriventris,,,69.00,72.00,31.5,f,lite
PC,WLNP-4-3,871,General Community Waterton Lakes National Park 2018,10,2018-06-10 05:19:00,6964,180,Atlapetes rufigenis,,,111.00,114.00,31.8,f,lite
PC,WLNP-4-3,871,General Community Waterton Lakes National Park 2018,10,2018-06-10 05:19:00,6964,180,Sicalis auriventris,,,135.00,138.00,25.2,f,lite
PC,WLNP-4-3,871,General Community Waterton Lakes National Park 2018,10,2018-06-10 05:19:00,6964,180,Zonotrichia leucophrys,White-crowned Sparrow,WCSP,141.00,144.00,35.1,t,lite
PC,WLNP-4-3,871,General Community Waterton Lakes National Park 2018,10,2018-06-10 05:19:00,6964,180,Emberiza spodocephala,,,171.00,174.00,58.0,f,lite
PC,WLNP-4-3,871,General Community Waterton Lakes National Park 2018,10,2018-06-13 04:48:00,7060,180,Anthus trivialis,Tree Pipit,TRPI,75.00,78.00,29.0,t,lite
PC,WLNP-4-3,871,General Community Waterton Lakes National Park 2018,10,2018-06-13 04:48:00,7060,180,Xenospiza baileyi,Sierra Madre Sparrow,SMSP,129.00,132.00,26.2,t,lite
PC,WLNP-4-3,871,General Community Waterton Lakes National Park 2018,10,2018-06-13 04:48:00,7060,180,Spizella passerina,Chipping Sparrow,CHSP,138.00,141.00,29.6,t,lite
PC,WLNP-4-3,871,General Community Waterton Lakes National Park 2018,10,2018-06-13 04:48:00,7060,180,Locustella fluviatilis,River Warbler,RIWA,138.00,141.00,25.4,t,lite
PC,WLNP-4-3,871,General Community Waterton Lakes National Park 2018,10,2018-06-13 04:48:00,7060,180,Spizella passerina,Chipping Sparrow,CHSP,141.00,144.00,28.9,t,lite
PC,WLNP-4-3,871,General Community Waterton Lakes National Park 2018,10,2018-06-13 04:48:00,7060,180,Locustella fluviatilis,River Warbler,RIWA,141.00,144.00,28.4,t,lite
PC,WLNP-4-3,871,General Community Waterton Lakes National Park 2018,10,2018-06-13 04:48:00,7060,180,Spizella passerina,Chipping Sparrow,CHSP,150.00,153.00,31.4,t,lite
PC,WLNP-4-3,871,General Community Waterton Lakes National Park 2018,10,2018-06-13 04:48:00,7060,180,Locustella fluviatilis,River Warbler,RIWA,153.00,156.00,38.5,t,lite
PC,WLNP-4-3,871,General Community Waterton Lakes National Park 2018,10,2018-06-13 04:48:00,7060,180,Spizella passerina,Chipping Sparrow,CHSP,153.00,156.00,41.8,t,lite
PC,WLNP-4-3,871,General Community Waterton Lakes National Park 2018,10,2018-06-13 04:48:00,7060,180,Spizella passerina,Chipping Sparrow,CHSP,156.00,159.00,28.9,t,lite
PC,WLNP-4-3,871,General Community Waterton Lakes National Park 2018,10,2018-06-13 04:48:00,7060,180,Anthus trivialis,Tree Pipit,TRPI,174.00,177.00,32.4,t,lite
PC,WLNP-4-3,871,General Community Waterton Lakes National Park 2018,10,2018-06-14 04:48:00,6998,180,Spizella passerina,Chipping Sparrow,CHSP,6.00,9.00,28.4,t,lite
PC,WLNP-4-3,871,General Community Waterton Lakes National Park 2018,10,2018-06-14 04:48:00,6998,180,Spizella passerina,Chipping Sparrow,CHSP,9.00,12.00,26.3,t,lite
PC,WLNP-4-3,871,General Community Waterton Lakes National Park 2018,10,2018-06-14 04:48:00,6998,180,Locustella fluviatilis,River Warbler,RIWA,12.00,15.00,36.1,t,lite
PC,WLNP-4-3,871,General Community Waterton Lakes National Park 2018,10,2018-06-14 04:48:00,6998,180,Spizella passerina,Chipping Sparrow,CHSP,30.00,33.00,26.2,t,lite
PC,WLNP-4-3,871,General Community Waterton Lakes National Park 2018,10,2018-06-14 04:48:00,6998,180,Spizella passerina,Chipping Sparrow,CHSP,54.00,57.00,42.2,t,lite
PC,WLNP-4-3,871,General Community Waterton Lakes National Park 2018,10,2018-06-14 04:48:00,6998,180,Spizella passerina,Chipping Sparrow,CHSP,57.00,60.00,39.4,t,lite
PC,WLNP-4-3,871,General Community Waterton Lakes National Park 2018,10,2018-06-14 04:48:00,6998,180,Locustella fluviatilis,River Warbler,RIWA,60.00,63.00,32.3,t,lite
PC,WLNP-4-3,871,General Community Waterton Lakes National Park 2018,10,2018-06-14 04:48:00,6998,180,Spizella passerina,Chipping Sparrow,CHSP,60.00,63.00,36.0,t,lite
PC,WLNP-4-3,871,General Community Waterton Lakes National Park 2018,10,2018-06-14 04:48:00,6998,180,Spizella passerina,Chipping Sparrow,CHSP,90.00,93.00,32.7,t,lite
PC,WLNP-4-3,871,General Community Waterton Lakes National Park 2018,10,2018-06-14 04:48:00,6998,180,Xenospiza baileyi,Sierra Madre Sparrow,SMSP,93.00,96.00,40.8,t,lite
PC,WLNP-4-3,871,General Community Waterton Lakes National Park 2018,10,2018-06-14 04:48:00,6998,180,Locustella fluviatilis,River Warbler,RIWA,102.00,105.00,33.1,t,lite
PC,WLNP-4-3,871,General Community Waterton Lakes National Park 2018,10,2018-06-14 04:48:00,6998,180,Spizella passerina,Chipping Sparrow,CHSP,102.00,105.00,43.8,t,lite
PC,WLNP-4-3,871,General Community Waterton Lakes National Park 2018,10,2018-06-14 04:48:00,6998,180,Spizella passerina,Chipping Sparrow,CHSP,105.00,108.00,32.5,t,lite
PC,WLNP-4-3,871,General Community Waterton Lakes National Park 2018,10,2018-06-14 04:48:00,6998,180,Xenospiza baileyi,Sierra Madre Sparrow,SMSP,117.00,120.00,25.3,t,lite
PC,WLNP-4-3,871,General Community Waterton Lakes National Park 2018,10,2018-06-14 04:48:00,6998,180,Xenospiza baileyi,Sierra Madre Sparrow,SMSP,132.00,135.00,33.0,t,lite
PC,WLNP-4-3,871,General Community Waterton Lakes National Park 2018,10,2018-06-15 04:48:00,7049,180,Spizella passerina,Chipping Sparrow,CHSP,72.00,75.00,32.2,t,lite
PC,WLNP-4-3,871,General Community Waterton Lakes National Park 2018,10,2018-06-15 04:48:00,7049,180,Spizella passerina,Chipping Sparrow,CHSP,111.00,114.00,37.6,t,lite
PC,WLNP-4-3,871,General Community Waterton Lakes National Park 2018,10,2018-06-15 04:48:00,7049,180,Spizella passerina,Chipping Sparrow,CHSP,114.00,117.00,64.0,t,lite
PC,WLNP-4-3,871,General Community Waterton Lakes National Park 2018,10,2018-06-15 04:48:00,7049,180,Emberiza cirlus,Cirl Bunting,EMBCIR,114.00,117.00,36.1,t,lite
PC,WLNP-4-3,871,General Community Waterton Lakes National Park 2018,10,2018-06-15 04:48:00,7049,180,Spizella passerina,Chipping Sparrow,CHSP,117.00,120.00,44.8,t,lite
PC,WLNP-4-3,871,General Community Waterton Lakes National Park 2018,10,2018-06-15 04:48:00,7049,180,Emberiza cirlus,Cirl Bunting,EMBCIR,120.00,123.00,27.3,t,lite
PC,WLNP-4-3,871,General Community Waterton Lakes National Park 2018,10,2018-06-15 04:48:00,7049,180,Spizella passerina,Chipping Sparrow,CHSP,120.00,123.00,51.9,t,lite
PC,WLNP-4-3,871,General Community Waterton Lakes National Park 2018,10,2018-06-15 04:48:00,7049,180,Spizella passerina,Chipping Sparrow,CHSP,123.00,126.00,35.5,t,lite
PC,WLNP-4-3,871,General Community Waterton Lakes National Park 2018,10,2018-06-15 04:48:00,7049,180,Spizella passerina,Chipping Sparrow,CHSP,129.00,132.00,44.4,t,lite
PC,WLNP-4-3,871,General Community Waterton Lakes National Park 2018,10,2018-06-15 04:48:00,7049,180,Spizella passerina,Chipping Sparrow,CHSP,132.00,135.00,45.5,t,lite
PC,WLNP-4-3,871,General Community Waterton Lakes National Park 2018,10,2018-06-15 04:48:00,7049,180,Emberiza cirlus,Cirl Bunting,EMBCIR,132.00,135.00,26.0,t,lite
PC,WLNP-4-3,871,General Community Waterton Lakes National Park 2018,10,2018-06-15 04:48:00,7049,180,Spizella passerina,Chipping Sparrow,CHSP,135.00,138.00,44.1,t,lite
PC,WLNP-4-3,871,General Community Waterton Lakes National Park 2018,10,2018-06-15 04:48:00,7049,180,Spizella passerina,Chipping Sparrow,CHSP,138.00,141.00,52.7,t,lite
PC,WLNP-4-3,871,General Community Waterton Lakes National Park 2018,10,2018-06-15 04:48:00,7049,180,Spizella passerina,Chipping Sparrow,CHSP,141.00,144.00,58.0,t,lite
PC,WLNP-4-4,870,General Community Waterton Lakes National Park 2018,10,2018-06-10 04:49:00,6957,180,Cardellina rubrifrons,Red-faced Warbler,RFWA,0.00,3.00,31.1,t,lite
PC,WLNP-4-4,870,General Community Waterton Lakes National Park 2018,10,2018-06-10 04:49:00,6957,180,Piranga ludoviciana,Western Tanager,WETA,3.00,6.00,28.8,t,lite
PC,WLNP-4-4,870,General Community Waterton Lakes National Park 2018,10,2018-06-10 04:49:00,6957,180,Progne elegans,Southern Martin,SOMA,6.00,9.00,38.8,t,lite
PC,WLNP-4-4,870,General Community Waterton Lakes National Park 2018,10,2018-06-10 04:49:00,6957,180,Piranga ludoviciana,Western Tanager,WETA,6.00,9.00,41.4,t,lite
PC,WLNP-4-4,870,General Community Waterton Lakes National Park 2018,10,2018-06-10 04:49:00,6957,180,Piranga bidentata,Flame-colored Tanager,FCTA,6.00,9.00,32.3,t,lite
PC,WLNP-4-4,870,General Community Waterton Lakes National Park 2018,10,2018-06-10 04:49:00,6957,180,Piranga bidentata,Flame-colored Tanager,FCTA,18.00,21.00,36.1,t,lite
PC,WLNP-4-4,870,General Community Waterton Lakes National Park 2018,10,2018-06-10 04:49:00,6957,180,Piranga ludoviciana,Western Tanager,WETA,18.00,21.00,30.5,t,lite
PC,WLNP-4-4,870,General Community Waterton Lakes National Park 2018,10,2018-06-10 04:49:00,6957,180,Piranga ludoviciana,Western Tanager,WETA,33.00,36.00,29.5,t,lite
PC,WLNP-4-4,870,General Community Waterton Lakes National Park 2018,10,2018-06-10 04:49:00,6957,180,Piranga bidentata,Flame-colored Tanager,FCTA,48.00,51.00,33.5,t,lite
PC,WLNP-4-4,870,General Community Waterton Lakes National Park 2018,10,2018-06-10 04:49:00,6957,180,Piranga ludoviciana,Western Tanager,WETA,51.00,54.00,27.2,t,lite
PC,WLNP-4-4,870,General Community Waterton Lakes National Park 2018,10,2018-06-10 04:49:00,6957,180,Piranga ludoviciana,Western Tanager,WETA,57.00,60.00,34.8,t,lite
PC,WLNP-4-4,870,General Community Waterton Lakes National Park 2018,10,2018-06-10 04:49:00,6957,180,Piranga bidentata,Flame-colored Tanager,FCTA,57.00,60.00,26.4,t,lite
PC,WLNP-4-4,870,General Community Waterton Lakes National Park 2018,10,2018-06-10 04:49:00,6957,180,Piranga olivacea,Scarlet Tanager,SCTA,60.00,63.00,25.5,t,lite
PC,WLNP-4-4,870,General Community Waterton Lakes National Park 2018,10,2018-06-10 04:49:00,6957,180,Piranga ludoviciana,Western Tanager,WETA,60.00,63.00,25.7,t,lite
PC,WLNP-4-4,870,General Community Waterton Lakes National Park 2018,10,2018-06-10 04:49:00,6957,180,Calliope pectardens,,,69.00,72.00,29.3,f,lite
PC,WLNP-4-4,870,General Community Waterton Lakes National Park 2018,10,2018-06-10 04:49:00,6957,180,Spizella passerina,Chipping Sparrow,CHSP,78.00,81.00,26.9,t,lite
PC,WLNP-4-4,870,General Community Waterton Lakes National Park 2018,10,2018-06-10 04:49:00,6957,180,Geothlypis tolmiei,MacGillivray's Warbler,MGWA,114.00,117.00,42.5,t,lite
PC,WLNP-4-4,870,General Community Waterton Lakes National Park 2018,10,2018-06-10 04:49:00,6957,180,Setophaga aestiva,,,120.00,123.00,28.0,f,lite
PC,WLNP-4-4,870,General Community Waterton Lakes National Park 2018,10,2018-06-10 04:49:00,6957,180,Geothlypis tolmiei,MacGillivray's Warbler,MGWA,123.00,126.00,38.2,t,lite
PC,WLNP-4-4,870,General Community Waterton Lakes National Park 2018,10,2018-06-10 04:49:00,6957,180,Spizella passerina,Chipping Sparrow,CHSP,135.00,138.00,26.5,t,lite
PC,WLNP-4-4,870,General Community Waterton Lakes National Park 2018,10,2018-06-10 04:49:00,6957,180,Locustella fluviatilis,River Warbler,RIWA,135.00,138.00,33.7,t,lite
PC,WLNP-4-4,870,General Community Waterton Lakes National Park 2018,10,2018-06-10 04:49:00,6957,180,Geothlypis tolmiei,MacGillivray's Warbler,MGWA,141.00,144.00,25.0,t,lite
PC,WLNP-4-4,870,General Community Waterton Lakes National Park 2018,10,2018-06-10 04:49:00,6957,180,Geothlypis tolmiei,MacGillivray's Warbler,MGWA,150.00,153.00,33.5,t,lite
PC,WLNP-4-4,870,General Community Waterton Lakes National Park 2018,10,2018-06-10 04:49:00,6957,180,Anthus trivialis,Tree Pipit,TRPI,150.00,153.00,25.6,t,lite
PC,WLNP-4-4,870,General Community Waterton Lakes National Park 2018,10,2018-06-13 04:48:00,6999,180,Setophaga palmarum,Palm Warbler,PAWA,9.00,12.00,28.7,t,lite
PC,WLNP-4-4,870,General Community Waterton Lakes National Park 2018,10,2018-06-13 04:48:00,6999,180,Geothlypis tolmiei,MacGillivray's Warbler,MGWA,9.00,12.00,38.0,t,lite
PC,WLNP-4-4,870,General Community Waterton Lakes National Park 2018,10,2018-06-13 04:48:00,6999,180,Geothlypis tolmiei,MacGillivray's Warbler,MGWA,18.00,21.00,31.9,t,lite
PC,WLNP-4-4,870,General Community Waterton Lakes National Park 2018,10,2018-06-13 04:48:00,6999,180,Pardirallus sanguinolentus,,,21.00,24.00,25.8,f,lite
PC,WLNP-4-4,870,General Community Waterton Lakes National Park 2018,10,2018-06-13 04:48:00,6999,180,Geothlypis tolmiei,MacGillivray's Warbler,MGWA,36.00,39.00,31.2,t,lite
PC,WLNP-4-4,870,General Community Waterton Lakes National Park 2018,10,2018-06-13 04:48:00,6999,180,Geothlypis tolmiei,MacGillivray's Warbler,MGWA,54.00,57.00,28.9,t,lite
PC,WLNP-4-4,870,General Community Waterton Lakes National Park 2018,10,2018-06-13 04:48:00,6999,180,Anthus trivialis,Tree Pipit,TRPI,81.00,84.00,33.2,t,lite
PC,WLNP-4-4,870,General Community Waterton Lakes National Park 2018,10,2018-06-13 04:48:00,6999,180,Geothlypis tolmiei,MacGillivray's Warbler,MGWA,81.00,84.00,27.9,t,lite
PC,WLNP-4-4,870,General Community Waterton Lakes National Park 2018,10,2018-06-13 04:48:00,6999,180,Geothlypis tolmiei,MacGillivray's Warbler,MGWA,90.00,93.00,26.3,t,lite
PC,WLNP-4-4,870,General Community Waterton Lakes National Park 2018,10,2018-06-13 04:48:00,6999,180,Anthus trivialis,Tree Pipit,TRPI,93.00,96.00,29.8,t,lite
PC,WLNP-4-4,870,General Community Waterton Lakes National Park 2018,10,2018-06-13 04:48:00,6999,180,Anthus trivialis,Tree Pipit,TRPI,102.00,105.00,25.8,t,lite
PC,WLNP-4-4,870,General Community Waterton Lakes National Park 2018,10,2018-06-13 04:48:00,6999,180,Geothlypis tolmiei,MacGillivray's Warbler,MGWA,129.00,132.00,35.3,t,lite
PC,WLNP-4-4,870,General Community Waterton Lakes National Park 2018,10,2018-06-13 04:48:00,6999,180,Anthus trivialis,Tree Pipit,TRPI,129.00,132.00,28.6,t,lite
PC,WLNP-4-4,870,General Community Waterton Lakes National Park 2018,10,2018-06-13 04:48:00,6999,180,Geothlypis tolmiei,MacGillivray's Warbler,MGWA,138.00,141.00,30.4,t,lite
PC,WLNP-4-4,870,General Community Waterton Lakes National Park 2018,10,2018-06-13 04:48:00,6999,180,Anthus trivialis,Tree Pipit,TRPI,138.00,141.00,25.1,t,lite
PC,WLNP-4-4,870,General Community Waterton Lakes National Park 2018,10,2018-06-13 04:48:00,6999,180,Anthus trivialis,Tree Pipit,TRPI,147.00,150.00,27.3,t,lite
PC,WLNP-4-4,870,General Community Waterton Lakes National Park 2018,10,2018-06-13 04:48:00,6999,180,Anthus trivialis,Tree Pipit,TRPI,159.00,162.00,32.1,t,lite
PC,WLNP-4-4,870,General Community Waterton Lakes National Park 2018,10,2018-06-13 04:48:00,6999,180,Piranga ludoviciana,Western Tanager,WETA,165.00,168.00,34.6,t,lite
PC,WLNP-4-4,870,General Community Waterton Lakes National Park 2018,10,2018-06-13 04:48:00,6999,180,Anthus trivialis,Tree Pipit,TRPI,168.00,171.00,26.6,t,lite
PC,WLNP-4-4,870,General Community Waterton Lakes National Park 2018,10,2018-06-13 04:48:00,6999,180,Geothlypis tolmiei,MacGillivray's Warbler,MGWA,168.00,171.00,40.8,t,lite
PC,WLNP-4-4,870,General Community Waterton Lakes National Park 2018,10,2018-06-13 04:48:00,6999,180,Geothlypis tolmiei,MacGillivray's Warbler,MGWA,177.00,180.00,30.8,t,lite
PC,WLNP-4-4,870,General Community Waterton Lakes National Park 2018,10,2018-06-14 05:18:00,6990,180,Geothlypis tolmiei,MacGillivray's Warbler,MGWA,0.00,3.00,30.2,t,lite
PC,WLNP-4-4,870,General Community Waterton Lakes National Park 2018,10,2018-06-14 05:18:00,6990,180,Anthus trivialis,Tree Pipit,TRPI,0.00,3.00,28.0,t,lite
PC,WLNP-4-4,870,General Community Waterton Lakes National Park 2018,10,2018-06-14 05:18:00,6990,180,Vireo gilvus,Warbling Vireo,WAVI,6.00,9.00,30.2,t,lite
PC,WLNP-4-4,870,General Community Waterton Lakes National Park 2018,10,2018-06-14 05:18:00,6990,180,Geothlypis tolmiei,MacGillivray's Warbler,MGWA,12.00,15.00,36.6,t,lite
PC,WLNP-4-4,870,General Community Waterton Lakes National Park 2018,10,2018-06-14 05:18:00,6990,180,Anthus trivialis,Tree Pipit,TRPI,12.00,15.00,28.2,t,lite
PC,WLNP-4-4,870,General Community Waterton Lakes National Park 2018,10,2018-06-14 05:18:00,6990,180,Geothlypis tolmiei,MacGillivray's Warbler,MGWA,24.00,27.00,30.1,t,lite
PC,WLNP-4-4,870,General Community Waterton Lakes National Park 2018,10,2018-06-14 05:18:00,6990,180,Anthus trivialis,Tree Pipit,TRPI,36.00,39.00,38.8,t,lite
PC,WLNP-4-4,870,General Community Waterton Lakes National Park 2018,10,2018-06-14 05:18:00,6990,180,Myiarchus tyrannulus,Brown-crested Flycatcher,BCFL,45.00,48.00,31.4,t,lite
PC,WLNP-4-4,870,General Community Waterton Lakes National Park 2018,10,2018-06-14 05:18:00,6990,180,Catharus ustulatus,Swainson's Thrush,SWTH,45.00,48.00,32.4,t,lite
PC,WLNP-4-4,870,General Community Waterton Lakes National Park 2018,10,2018-06-14 05:18:00,6990,180,Geothlypis tolmiei,MacGillivray's Warbler,MGWA,48.00,51.00,27.6,t,lite
PC,WLNP-4-4,870,General Community Waterton Lakes National Park 2018,10,2018-06-14 05:18:00,6990,180,Myiarchus tyrannulus,Brown-crested Flycatcher,BCFL,48.00,51.00,68.2,t,lite
PC,WLNP-4-4,870,General Community Waterton Lakes National Park 2018,10,2018-06-14 05:18:00,6990,180,Anthus trivialis,Tree Pipit,TRPI,51.00,54.00,31.3,t,lite
PC,WLNP-4-4,870,General Community Waterton Lakes National Park 2018,10,2018-06-14 05:18:00,6990,180,Turdus migratorius,American Robin,AMRO,72.00,75.00,34.5,t,lite
PC,WLNP-4-4,870,General Community Waterton Lakes National Park 2018,10,2018-06-14 05:18:00,6990,180,Anthus trivialis,Tree Pipit,TRPI,81.00,84.00,34.0,t,lite
PC,WLNP-4-4,870,General Community Waterton Lakes National Park 2018,10,2018-06-14 05:18:00,6990,180,Anthus trivialis,Tree Pipit,TRPI,105.00,108.00,28.5,t,lite
PC,WLNP-4-4,870,General Community Waterton Lakes National Park 2018,10,2018-06-14 05:18:00,6990,180,Anthus trivialis,Tree Pipit,TRPI,117.00,120.00,28.0,t,lite
PC,WLNP-4-4,870,General Community Waterton Lakes National Park 2018,10,2018-06-14 05:18:00,6990,180,Anthus trivialis,Tree Pipit,TRPI,129.00,132.00,25.8,t,lite
PC,WLNP-4-4,870,General Community Waterton Lakes National Park 2018,10,2018-06-14 05:18:00,6990,180,Geothlypis tolmiei,MacGillivray's Warbler,MGWA,129.00,132.00,26.8,t,lite
PC,WLNP-4-4,870,General Community Waterton Lakes National Park 2018,10,2018-06-14 05:18:00,6990,180,Anthus trivialis,Tree Pipit,TRPI,141.00,144.00,26.0,t,lite
PC,WLNP-4-4,870,General Community Waterton Lakes National Park 2018,10,2018-06-14 05:18:00,6990,180,Incaspiza ortizi,,,147.00,150.00,32.3,f,lite
PC,WLNP-4-4,870,General Community Waterton Lakes National Park 2018,10,2018-06-14 05:18:00,6990,180,Poecilostreptus cabanisi,,,147.00,150.00,32.7,f,lite
PC,WLNP-4-4,870,General Community Waterton Lakes National Park 2018,10,2018-06-14 05:18:00,6990,180,Leptopoecile sophiae,,,150.00,153.00,29.1,f,lite
PC,WLNP-4-4,870,General Community Waterton Lakes National Park 2018,10,2018-06-14 05:18:00,6990,180,Geothlypis tolmiei,MacGillivray's Warbler,MGWA,153.00,156.00,30.9,t,lite
PC,WLNP-4-4,870,General Community Waterton Lakes National Park 2018,10,2018-06-14 05:18:00,6990,180,Anthus trivialis,Tree Pipit,TRPI,153.00,156.00,30.9,t,lite
PC,WLNP-4-4,870,General Community Waterton Lakes National Park 2018,10,2018-06-14 05:18:00,6990,180,Geothlypis tolmiei,MacGillivray's Warbler,MGWA,165.00,168.00,50.0,t,lite
PC,WLNP-4-4,870,General Community Waterton Lakes National Park 2018,10,2018-06-14 05:18:00,6990,180,Anthus trivialis,Tree Pipit,TRPI,165.00,168.00,30.5,t,lite
PC,WLNP-4-4,870,General Community Waterton Lakes National Park 2018,10,2018-06-14 05:18:00,6990,180,Geothlypis tolmiei,MacGillivray's Warbler,MGWA,177.00,180.00,35.4,t,lite
PC,WLNP-4-4,870,General Community Waterton Lakes National Park 2018,10,2018-06-14 05:18:00,6990,180,Anthus trivialis,Tree Pipit,TRPI,177.00,180.00,64.0,t,lite
PC,WLNP-4-4,870,General Community Waterton Lakes National Park 2018,10,2018-06-15 04:48:00,7044,180,Emberiza cirlus,Cirl Bunting,EMBCIR,6.00,9.00,33.5,t,lite
PC,WLNP-4-4,870,General Community Waterton Lakes National Park 2018,10,2018-06-15 04:48:00,7044,180,Junco hyemalis,Dark-eyed Junco,DEJU,6.00,9.00,28.0,t,lite
PC,WLNP-4-4,870,General Community Waterton Lakes National Park 2018,10,2018-06-15 04:48:00,7044,180,Emberiza cirlus,Cirl Bunting,EMBCIR,18.00,21.00,37.0,t,lite
PC,WLNP-4-4,870,General Community Waterton Lakes National Park 2018,10,2018-06-15 04:48:00,7044,180,Emberiza cirlus,Cirl Bunting,EMBCIR,57.00,60.00,26.8,t,lite
PC,WLNP-4-4,870,General Community Waterton Lakes National Park 2018,10,2018-06-15 04:48:00,7044,180,Emberiza cirlus,Cirl Bunting,EMBCIR,66.00,69.00,27.5,t,lite
PC,WLNP-4-4,870,General Community Waterton Lakes National Park 2018,10,2018-06-15 04:48:00,7044,180,Emberiza cirlus,Cirl Bunting,EMBCIR,72.00,75.00,25.1,t,lite
PC,WLNP-4-4,870,General Community Waterton Lakes National Park 2018,10,2018-06-15 04:48:00,7044,180,Anthus trivialis,Tree Pipit,TRPI,75.00,78.00,32.2,t,lite
PC,WLNP-4-4,870,General Community Waterton Lakes National Park 2018,10,2018-06-15 04:48:00,7044,180,Emberiza cirlus,Cirl Bunting,EMBCIR,81.00,84.00,26.6,t,lite
PC,WLNP-4-5,851,General Community Waterton Lakes National Park 2018,10,2018-06-10 04:49:00,7000,180,Setophaga aestiva,,,0.00,3.00,27.0,f,lite
PC,WLNP-4-5,851,General Community Waterton Lakes National Park 2018,10,2018-06-10 04:49:00,7000,180,Setophaga pensylvanica,Chestnut-sided Warbler,CSWA,3.00,6.00,25.7,t,lite
PC,WLNP-4-5,851,General Community Waterton Lakes National Park 2018,10,2018-06-10 04:49:00,7000,180,Setophaga aestiva,,,3.00,6.00,26.5,f,lite
PC,WLNP-4-5,851,General Community Waterton Lakes National Park 2018,10,2018-06-10 04:49:00,7000,180,Setophaga ruticilla,American Redstart,AMRE,3.00,6.00,28.0,t,lite
PC,WLNP-4-5,851,General Community Waterton Lakes National Park 2018,10,2018-06-10 04:49:00,7000,180,Setophaga aestiva,,,15.00,18.00,35.2,f,lite
PC,WLNP-4-5,851,General Community Waterton Lakes National Park 2018,10,2018-06-10 04:49:00,7000,180,Phylloscopus claudiae,,,15.00,18.00,25.6,f,lite
PC,WLNP-4-5,851,General Community Waterton Lakes National Park 2018,10,2018-06-10 04:49:00,7000,180,Cardellina rubrifrons,Red-faced Warbler,RFWA,15.00,18.00,33.5,t,lite
PC,WLNP-4-5,851,General Community Waterton Lakes National Park 2018,10,2018-06-10 04:49:00,7000,180,Setophaga aestiva,,,27.00,30.00,48.4,f,lite
PC,WLNP-4-5,851,General Community Waterton Lakes National Park 2018,10,2018-06-10 04:49:00,7000,180,Setophaga aestiva,,,33.00,36.00,36.3,f,lite
PC,WLNP-4-5,851,General Community Waterton Lakes National Park 2018,10,2018-06-10 04:49:00,7000,180,Setophaga aestiva,,,36.00,39.00,25.5,f,lite
PC,WLNP-4-5,851,General Community Waterton Lakes National Park 2018,10,2018-06-10 04:49:00,7000,180,Setophaga ruticilla,American Redstart,AMRE,42.00,45.00,25.2,t,lite
PC,WLNP-4-5,851,General Community Waterton Lakes National Park 2018,10,2018-06-10 04:49:00,7000,180,Setophaga aestiva,,,42.00,45.00,38.5,f,lite
PC,WLNP-4-5,851,General Community Waterton Lakes National Park 2018,10,2018-06-10 04:49:00,7000,180,Setophaga aestiva,,,45.00,48.00,31.5,f,lite
PC,WLNP-4-5,851,General Community Waterton Lakes National Park 2018,10,2018-06-10 04:49:00,7000,180,Setophaga aestiva,,,48.00,51.00,32.0,f,lite
PC,WLNP-4-5,851,General Community Waterton Lakes National Park 2018,10,2018-06-10 04:49:00,7000,180,Setophaga aestiva,,,54.00,57.00,25.6,f,lite
PC,WLNP-4-5,851,General Community Waterton Lakes National Park 2018,10,2018-06-10 04:49:00,7000,180,Setophaga aestiva,,,57.00,60.00,29.3,f,lite
PC,WLNP-4-5,851,General Community Waterton Lakes National Park 2018,10,2018-06-10 04:49:00,7000,180,Cardellina rubrifrons,Red-faced Warbler,RFWA,57.00,60.00,25.7,t,lite
PC,WLNP-4-5,851,General Community Waterton Lakes National Park 2018,10,2018-06-10 04:49:00,7000,180,Setophaga aestiva,,,63.00,66.00,39.3,f,lite
PC,WLNP-4-5,851,General Community Waterton Lakes National Park 2018,10,2018-06-10 04:49:00,7000,180,Setophaga aestiva,,,69.00,72.00,31.0,f,lite
PC,WLNP-4-5,851,General Community Waterton Lakes National Park 2018,10,2018-06-10 04:49:00,7000,180,Setophaga aestiva,,,78.00,81.00,32.8,f,lite
PC,WLNP-4-5,851,General Community Waterton Lakes National Park 2018,10,2018-06-10 04:49:00,7000,180,Certhia familiaris,Eurasian Treecreeper,CERFAM,84.00,87.00,26.6,t,lite
PC,WLNP-4-5,851,General Community Waterton Lakes National Park 2018,10,2018-06-10 04:49:00,7000,180,Setophaga aestiva,,,84.00,87.00,44.5,f,lite
PC,WLNP-4-5,851,General Community Waterton Lakes National Park 2018,10,2018-06-10 04:49:00,7000,180,Setophaga aestiva,,,87.00,90.00,38.2,f,lite
PC,WLNP-4-5,851,General Community Waterton Lakes National Park 2018,10,2018-06-10 04:49:00,7000,180,Setophaga aestiva,,,93.00,96.00,36.5,f,lite
PC,WLNP-4-5,851,General Community Waterton Lakes National Park 2018,10,2018-06-10 04:49:00,7000,180,Setophaga aestiva,,,99.00,102.00,31.4,f,lite
PC,WLNP-4-5,851,General Community Waterton Lakes National Park 2018,10,2018-06-10 04:49:00,7000,180,Setophaga aestiva,,,102.00,105.00,28.9,f,lite
PC,WLNP-4-5,851,General Community Waterton Lakes National Park 2018,10,2018-06-10 04:49:00,7000,180,Setophaga aestiva,,,105.00,108.00,43.7,f,lite
PC,WLNP-4-5,851,General Community Waterton Lakes National Park 2018,10,2018-06-10 04:49:00,7000,180,Setophaga aestiva,,,111.00,114.00,34.7,f,lite
PC,WLNP-4-5,851,General Community Waterton Lakes National Park 2018,10,2018-06-10 04:49:00,7000,180,Setophaga aestiva,,,123.00,126.00,28.2,f,lite
PC,WLNP-4-5,851,General Community Waterton Lakes National Park 2018,10,2018-06-10 04:49:00,7000,180,Setophaga aestiva,,,126.00,129.00,29.2,f,lite
PC,WLNP-4-5,851,General Community Waterton Lakes National Park 2018,10,2018-06-10 04:49:00,7000,180,Setophaga ruticilla,American Redstart,AMRE,129.00,132.00,27.1,t,lite
PC,WLNP-4-5,851,General Community Waterton Lakes National Park 2018,10,2018-06-10 04:49:00,7000,180,Setophaga aestiva,,,132.00,135.00,27.4,f,lite
PC,WLNP-4-5,851,General Community Waterton Lakes National Park 2018,10,2018-06-10 04:49:00,7000,180,Setophaga aestiva,,,135.00,138.00,28.3,f,lite
PC,WLNP-4-5,851,General Community Waterton Lakes National Park 2018,10,2018-06-10 04:49:00,7000,180,Setophaga ruticilla,American Redstart,AMRE,141.00,144.00,26.2,t,lite
PC,WLNP-4-5,851,General Community Waterton Lakes National Park 2018,10,2018-06-10 04:49:00,7000,180,Setophaga aestiva,,,141.00,144.00,30.8,f,lite
PC,WLNP-4-5,851,General Community Waterton Lakes National Park 2018,10,2018-06-10 04:49:00,7000,180,Setophaga aestiva,,,144.00,147.00,30.6,f,lite
PC,WLNP-4-5,851,General Community Waterton Lakes National Park 2018,10,2018-06-10 04:49:00,7000,180,Setophaga aestiva,,,147.00,150.00,30.5,f,lite
PC,WLNP-4-5,851,General Community Waterton Lakes National Park 2018,10,2018-06-10 04:49:00,7000,180,Cardellina rubrifrons,Red-faced Warbler,RFWA,150.00,153.00,27.0,t,lite
PC,WLNP-4-5,851,General Community Waterton Lakes National Park 2018,10,2018-06-10 04:49:00,7000,180,Setophaga aestiva,,,153.00,156.00,34.4,f,lite
PC,WLNP-4-5,851,General Community Waterton Lakes National Park 2018,10,2018-06-10 04:49:00,7000,180,Setophaga aestiva,,,159.00,162.00,41.4,f,lite
PC,WLNP-4-5,851,General Community Waterton Lakes National Park 2018,10,2018-06-10 04:49:00,7000,180,Setophaga aestiva,,,165.00,168.00,38.9,f,lite
PC,WLNP-4-5,851,General Community Waterton Lakes National Park 2018,10,2018-06-10 04:49:00,7000,180,Cardellina rubrifrons,Red-faced Warbler,RFWA,174.00,177.00,33.3,t,lite
PC,WLNP-4-5,851,General Community Waterton Lakes National Park 2018,10,2018-06-13 05:18:00,7016,180,Setophaga aestiva,,,0.00,3.00,29.5,f,lite
PC,WLNP-4-5,851,General Community Waterton Lakes National Park 2018,10,2018-06-13 05:18:00,7016,180,Phylloscopus cantator,,,18.00,21.00,25.0,f,lite
PC,WLNP-4-5,851,General Community Waterton Lakes National Park 2018,10,2018-06-13 05:18:00,7016,180,Pyrrhula pyrrhula,Eurasian Bullfinch,EUBU,24.00,27.00,32.0,t,lite
PC,WLNP-4-5,851,General Community Waterton Lakes National Park 2018,10,2018-06-13 05:18:00,7016,180,Setophaga aestiva,,,27.00,30.00,26.2,f,lite
PC,WLNP-4-5,851,General Community Waterton Lakes National Park 2018,10,2018-06-13 05:18:00,7016,180,Sicalis auriventris,,,36.00,39.00,25.6,f,lite
PC,WLNP-4-5,851,General Community Waterton Lakes National Park 2018,10,2018-06-13 05:18:00,7016,180,Setophaga aestiva,,,39.00,42.00,31.9,f,lite
PC,WLNP-4-5,851,General Community Waterton Lakes National Park 2018,10,2018-06-13 05:18:00,7016,180,Setophaga aestiva,,,45.00,48.00,29.3,f,lite
PC,WLNP-4-5,851,General Community Waterton Lakes National Park 2018,10,2018-06-13 05:18:00,7016,180,Setophaga aestiva,,,51.00,54.00,38.3,f,lite
PC,WLNP-4-5,851,General Community Waterton Lakes National Park 2018,10,2018-06-13 05:18:00,7016,180,Setophaga aestiva,,,57.00,60.00,27.8,f,lite
PC,WLNP-4-5,851,General Community Waterton Lakes National Park 2018,10,2018-06-13 05:18:00,7016,180,Setophaga aestiva,,,66.00,69.00,25.8,f,lite
PC,WLNP-4-5,851,General Community Waterton Lakes National Park 2018,10,2018-06-13 05:18:00,7016,180,Setophaga aestiva,,,69.00,72.00,28.5,f,lite
PC,WLNP-4-5,851,General Community Waterton Lakes National Park 2018,10,2018-06-13 05:18:00,7016,180,Setophaga aestiva,,,78.00,81.00,28.0,f,lite
PC,WLNP-4-5,851,General Community Waterton Lakes National Park 2018,10,2018-06-13 05:18:00,7016,180,Sicalis auriventris,,,90.00,93.00,26.8,f,lite
PC,WLNP-4-5,851,General Community Waterton Lakes National Park 2018,10,2018-06-13 05:18:00,7016,180,Setophaga aestiva,,,102.00,105.00,36.3,f,lite
PC,WLNP-4-5,851,General Community Waterton Lakes National Park 2018,10,2018-06-13 05:18:00,7016,180,Setophaga aestiva,,,114.00,117.00,28.4,f,lite
PC,WLNP-4-5,851,General Community Waterton Lakes National Park 2018,10,2018-06-13 05:18:00,7016,180,Setophaga aestiva,,,129.00,132.00,31.3,f,lite
PC,WLNP-4-5,851,General Community Waterton Lakes National Park 2018,10,2018-06-13 05:18:00,7016,180,Setophaga aestiva,,,147.00,150.00,34.2,f,lite
PC,WLNP-4-5,851,General Community Waterton Lakes National Park 2018,10,2018-06-13 05:18:00,7016,180,Setophaga pensylvanica,Chestnut-sided Warbler,CSWA,147.00,150.00,27.4,t,lite
PC,WLNP-4-5,851,General Community Waterton Lakes National Park 2018,10,2018-06-13 05:18:00,7016,180,Setophaga ruticilla,American Redstart,AMRE,165.00,168.00,27.3,t,lite
PC,WLNP-4-5,851,General Community Waterton Lakes National Park 2018,10,2018-06-14 04:48:00,7029,180,Setophaga aestiva,,,0.00,3.00,39.0,f,lite
PC,WLNP-4-5,851,General Community Waterton Lakes National Park 2018,10,2018-06-14 04:48:00,7029,180,Setophaga aestiva,,,3.00,6.00,45.5,f,lite
PC,WLNP-4-5,851,General Community Waterton Lakes National Park 2018,10,2018-06-14 04:48:00,7029,180,Setophaga aestiva,,,6.00,9.00,25.2,f,lite
PC,WLNP-4-5,851,General Community Waterton Lakes National Park 2018,10,2018-06-14 04:48:00,7029,180,Setophaga aestiva,,,18.00,21.00,53.8,f,lite
PC,WLNP-4-5,851,General Community Waterton Lakes National Park 2018,10,2018-06-14 04:48:00,7029,180,Setophaga petechia,Yellow Warbler,YEWA,18.00,21.00,26.2,t,lite
PC,WLNP-4-5,851,General Community Waterton Lakes National Park 2018,10,2018-06-14 04:48:00,7029,180,Phylloscopus cantator,,,18.00,21.00,30.2,f,lite
PC,WLNP-4-5,851,General Community Waterton Lakes National Park 2018,10,2018-06-14 04:48:00,7029,180,Setophaga aestiva,,,24.00,27.00,43.7,f,lite
PC,WLNP-4-5,851,General Community Waterton Lakes National Park 2018,10,2018-06-14 04:48:00,7029,180,Setophaga aestiva,,,27.00,30.00,42.9,f,lite
PC,WLNP-4-5,851,General Community Waterton Lakes National Park 2018,10,2018-06-14 04:48:00,7029,180,Setophaga aestiva,,,36.00,39.00,26.1,f,lite
PC,WLNP-4-5,851,General Community Waterton Lakes National Park 2018,10,2018-06-14 04:48:00,7029,180,Setophaga aestiva,,,39.00,42.00,33.1,f,lite
PC,WLNP-4-5,851,General Community Waterton Lakes National Park 2018,10,2018-06-14 04:48:00,7029,180,Setophaga aestiva,,,42.00,45.00,33.4,f,lite
PC,WLNP-4-5,851,General Community Waterton Lakes National Park 2018,10,2018-06-14 04:48:00,7029,180,Cardellina rubrifrons,Red-faced Warbler,RFWA,42.00,45.00,26.7,t,lite
PC,WLNP-4-5,851,General Community Waterton Lakes National Park 2018,10,2018-06-14 04:48:00,7029,180,Setophaga aestiva,,,45.00,48.00,37.5,f,lite
PC,WLNP-4-5,851,General Community Waterton Lakes National Park 2018,10,2018-06-14 04:48:00,7029,180,Troglodytes troglodytes,Eurasian Wren,4734,48.00,51.00,28.4,t,lite
PC,WLNP-4-5,851,General Community Waterton Lakes National Park 2018,10,2018-06-14 04:48:00,7029,180,Setophaga aestiva,,,51.00,54.00,25.5,f,lite
PC,WLNP-4-5,851,General Community Waterton Lakes National Park 2018,10,2018-06-14 04:48:00,7029,180,Setophaga aestiva,,,54.00,57.00,31.2,f,lite
PC,WLNP-4-5,851,General Community Waterton Lakes National Park 2018,10,2018-06-14 04:48:00,7029,180,Setophaga aestiva,,,60.00,63.00,55.1,f,lite
PC,WLNP-4-5,851,General Community Waterton Lakes National Park 2018,10,2018-06-14 04:48:00,7029,180,Setophaga aestiva,,,66.00,69.00,48.8,f,lite
PC,WLNP-4-5,851,General Community Waterton Lakes National Park 2018,10,2018-06-14 04:48:00,7029,180,Setophaga aestiva,,,69.00,72.00,39.7,f,lite
PC,WLNP-4-5,851,General Community Waterton Lakes National Park 2018,10,2018-06-14 04:48:00,7029,180,Setophaga aestiva,,,72.00,75.00,34.9,f,lite
PC,WLNP-4-5,851,General Community Waterton Lakes National Park 2018,10,2018-06-14 04:48:00,7029,180,Setophaga aestiva,,,75.00,78.00,46.3,f,lite
PC,WLNP-4-5,851,General Community Waterton Lakes National Park 2018,10,2018-06-14 04:48:00,7029,180,Setophaga aestiva,,,78.00,81.00,53.5,f,lite
PC,WLNP-4-5,851,General Community Waterton Lakes National Park 2018,10,2018-06-14 04:48:00,7029,180,Setophaga aestiva,,,81.00,84.00,50.0,f,lite
PC,WLNP-4-5,851,General Community Waterton Lakes National Park 2018,10,2018-06-14 04:48:00,7029,180,Setophaga petechia,Yellow Warbler,YEWA,81.00,84.00,26.9,t,lite
PC,WLNP-4-5,851,General Community Waterton Lakes National Park 2018,10,2018-06-14 04:48:00,7029,180,Setophaga aestiva,,,87.00,90.00,33.9,f,lite
PC,WLNP-4-5,851,General Community Waterton Lakes National Park 2018,10,2018-06-14 04:48:00,7029,180,Setophaga aestiva,,,90.00,93.00,43.4,f,lite
PC,WLNP-4-5,851,General Community Waterton Lakes National Park 2018,10,2018-06-14 04:48:00,7029,180,Setophaga aestiva,,,93.00,96.00,39.0,f,lite
PC,WLNP-4-5,851,General Community Waterton Lakes National Park 2018,10,2018-06-14 04:48:00,7029,180,Cardellina rubrifrons,Red-faced Warbler,RFWA,96.00,99.00,34.4,t,lite
PC,WLNP-4-5,851,General Community Waterton Lakes National Park 2018,10,2018-06-14 04:48:00,7029,180,Setophaga aestiva,,,99.00,102.00,51.1,f,lite
PC,WLNP-4-5,851,General Community Waterton Lakes National Park 2018,10,2018-06-14 04:48:00,7029,180,Setophaga petechia,Yellow Warbler,YEWA,99.00,102.00,25.6,t,lite
PC,WLNP-4-5,851,General Community Waterton Lakes National Park 2018,10,2018-06-14 04:48:00,7029,180,Cardellina rubrifrons,Red-faced Warbler,RFWA,99.00,102.00,32.4,t,lite
PC,WLNP-4-5,851,General Community Waterton Lakes National Park 2018,10,2018-06-14 04:48:00,7029,180,Setophaga aestiva,,,102.00,105.00,34.1,f,lite
PC,WLNP-4-5,851,General Community Waterton Lakes National Park 2018,10,2018-06-14 04:48:00,7029,180,Setophaga magnolia,Magnolia Warbler,MAWA,105.00,108.00,30.2,t,lite
PC,WLNP-4-5,851,General Community Waterton Lakes National Park 2018,10,2018-06-14 04:48:00,7029,180,Setophaga aestiva,,,108.00,111.00,32.5,f,lite
PC,WLNP-4-5,851,General Community Waterton Lakes National Park 2018,10,2018-06-14 04:48:00,7029,180,Setophaga aestiva,,,111.00,114.00,38.9,f,lite
PC,WLNP-4-5,851,General Community Waterton Lakes National Park 2018,10,2018-06-14 04:48:00,7029,180,Setophaga aestiva,,,114.00,117.00,38.3,f,lite
PC,WLNP-4-5,851,General Community Waterton Lakes National Park 2018,10,2018-06-14 04:48:00,7029,180,Setophaga aestiva,,,117.00,120.00,35.0,f,lite
PC,WLNP-4-5,851,General Community Waterton Lakes National Park 2018,10,2018-06-14 04:48:00,7029,180,Cardellina rubrifrons,Red-faced Warbler,RFWA,126.00,129.00,30.4,t,lite
PC,WLNP-4-5,851,General Community Waterton Lakes National Park 2018,10,2018-06-14 04:48:00,7029,180,Setophaga aestiva,,,126.00,129.00,36.8,f,lite
PC,WLNP-4-5,851,General Community Waterton Lakes National Park 2018,10,2018-06-14 04:48:00,7029,180,Setophaga aestiva,,,129.00,132.00,33.3,f,lite
PC,WLNP-4-5,851,General Community Waterton Lakes National Park 2018,10,2018-06-14 04:48:00,7029,180,Setophaga aestiva,,,132.00,135.00,29.6,f,lite
PC,WLNP-4-5,851,General Community Waterton Lakes National Park 2018,10,2018-06-14 04:48:00,7029,180,Cardellina rubrifrons,Red-faced Warbler,RFWA,132.00,135.00,26.6,t,lite
PC,WLNP-4-5,851,General Community Waterton Lakes National Park 2018,10,2018-06-14 04:48:00,7029,180,Setophaga aestiva,,,135.00,138.00,39.0,f,lite
PC,WLNP-4-5,851,General Community Waterton Lakes National Park 2018,10,2018-06-14 04:48:00,7029,180,Setophaga aestiva,,,138.00,141.00,47.6,f,lite
PC,WLNP-4-5,851,General Community Waterton Lakes National Park 2018,10,2018-06-14 04:48:00,7029,180,Setophaga aestiva,,,141.00,144.00,57.5,f,lite
PC,WLNP-4-5,851,General Community Waterton Lakes National Park 2018,10,2018-06-14 04:48:00,7029,180,Setophaga aestiva,,,147.00,150.00,37.6,f,lite
PC,WLNP-4-5,851,General Community Waterton Lakes National Park 2018,10,2018-06-14 04:48:00,7029,180,Setophaga aestiva,,,153.00,156.00,34.0,f,lite
PC,WLNP-4-5,851,General Community Waterton Lakes National Park 2018,10,2018-06-14 04:48:00,7029,180,Setophaga aestiva,,,156.00,159.00,39.0,f,lite
PC,WLNP-4-5,851,General Community Waterton Lakes National Park 2018,10,2018-06-14 04:48:00,7029,180,Setophaga aestiva,,,159.00,162.00,36.7,f,lite
PC,WLNP-4-5,851,General Community Waterton Lakes National Park 2018,10,2018-06-14 04:48:00,7029,180,Setophaga aestiva,,,162.00,165.00,40.8,f,lite
PC,WLNP-4-5,851,General Community Waterton Lakes National Park 2018,10,2018-06-14 04:48:00,7029,180,Setophaga aestiva,,,168.00,171.00,32.4,f,lite
PC,WLNP-4-5,851,General Community Waterton Lakes National Park 2018,10,2018-06-14 04:48:00,7029,180,Setophaga aestiva,,,174.00,177.00,42.0,f,lite
PC,WLNP-4-5,851,General Community Waterton Lakes National Park 2018,10,2018-06-14 04:48:00,7029,180,Setophaga aestiva,,,177.00,180.00,26.5,f,lite
PC,WLNP-4-5,851,General Community Waterton Lakes National Park 2018,10,2018-06-15 05:18:00,7077,180,Setophaga aestiva,,,0.00,3.00,42.7,f,lite
PC,WLNP-4-5,851,General Community Waterton Lakes National Park 2018,10,2018-06-15 05:18:00,7077,180,Setophaga aestiva,,,6.00,9.00,30.2,f,lite
PC,WLNP-4-5,851,General Community Waterton Lakes National Park 2018,10,2018-06-15 05:18:00,7077,180,Setophaga aestiva,,,36.00,39.00,25.4,f,lite
PC,WLNP-4-5,851,General Community Waterton Lakes National Park 2018,10,2018-06-15 05:18:00,7077,180,Setophaga aestiva,,,48.00,51.00,31.1,f,lite
PC,WLNP-4-5,851,General Community Waterton Lakes National Park 2018,10,2018-06-15 05:18:00,7077,180,Setophaga aestiva,,,51.00,54.00,25.6,f,lite
PC,WLNP-4-5,851,General Community Waterton Lakes National Park 2018,10,2018-06-15 05:18:00,7077,180,Setophaga aestiva,,,63.00,66.00,40.0,f,lite
PC,WLNP-4-5,851,General Community Waterton Lakes National Park 2018,10,2018-06-15 05:18:00,7077,180,Setophaga aestiva,,,90.00,93.00,37.1,f,lite
PC,WLNP-4-5,851,General Community Waterton Lakes National Park 2018,10,2018-06-15 05:18:00,7077,180,Cardellina rubrifrons,Red-faced Warbler,RFWA,93.00,96.00,27.0,t,lite
PC,WLNP-4-5,851,General Community Waterton Lakes National Park 2018,10,2018-06-15 05:18:00,7077,180,Setophaga aestiva,,,144.00,147.00,34.7,f,lite
PC,WLNP-4-5,851,General Community Waterton Lakes National Park 2018,10,2018-06-15 05:18:00,7077,180,Setophaga aestiva,,,150.00,153.00,27.6,f,lite
PC,WLNP-4-5,851,General Community Waterton Lakes National Park 2018,10,2018-06-15 05:18:00,7077,180,Cardellina rubrifrons,Red-faced Warbler,RFWA,153.00,156.00,33.7,t,lite
PC,WLNP-4-5,851,General Community Waterton Lakes National Park 2018,10,2018-06-15 05:18:00,7077,180,Setophaga aestiva,,,159.00,162.00,27.4,f,lite
PC,WLNP-4-5,851,General Community Waterton Lakes National Park 2018,10,2018-06-15 05:18:00,7077,180,Setophaga aestiva,,,171.00,174.00,28.3,f,lite
PC,WLNP-4-5,851,General Community Waterton Lakes National Park 2018,10,2018-06-15 05:18:00,7077,180,Setophaga aestiva,,,174.00,177.00,33.6,f,lite
PC,WLNP-4-5,851,General Community Waterton Lakes National Park 2018,10,2018-06-15 05:18:00,7077,180,Setophaga aestiva,,,177.00,180.00,26.5,f,lite
PC,WLNP-5-1,852,General Community Waterton Lakes National Park 2018,10,2018-06-17 21:44:00,7030,180,Catharus ustulatus,Swainson's Thrush,SWTH,81.00,84.00,29.2,t,lite
PC,WLNP-5-1,852,General Community Waterton Lakes National Park 2018,10,2018-06-17 21:44:00,7030,180,Catharus ustulatus,Swainson's Thrush,SWTH,177.00,180.00,27.9,t,lite
PC,WLNP-5-1,852,General Community Waterton Lakes National Park 2018,10,2018-06-18 05:18:00,7017,180,Zonotrichia leucophrys,White-crowned Sparrow,WCSP,6.00,9.00,35.3,t,lite
PC,WLNP-5-1,852,General Community Waterton Lakes National Park 2018,10,2018-06-18 05:18:00,7017,180,Zonotrichia leucophrys,White-crowned Sparrow,WCSP,18.00,21.00,30.5,t,lite
PC,WLNP-5-1,852,General Community Waterton Lakes National Park 2018,10,2018-06-18 05:18:00,7017,180,Zonotrichia leucophrys,White-crowned Sparrow,WCSP,33.00,36.00,44.9,t,lite
PC,WLNP-5-1,852,General Community Waterton Lakes National Park 2018,10,2018-06-18 05:18:00,7017,180,Sylvia hortensis,,,36.00,39.00,27.4,f,lite
PC,WLNP-5-1,852,General Community Waterton Lakes National Park 2018,10,2018-06-18 05:18:00,7017,180,Catharus ustulatus,Swainson's Thrush,SWTH,36.00,39.00,35.0,t,lite
PC,WLNP-5-1,852,General Community Waterton Lakes National Park 2018,10,2018-06-18 05:18:00,7017,180,Zonotrichia leucophrys,White-crowned Sparrow,WCSP,45.00,48.00,38.4,t,lite
PC,WLNP-5-1,852,General Community Waterton Lakes National Park 2018,10,2018-06-18 05:18:00,7017,180,Zonotrichia leucophrys,White-crowned Sparrow,WCSP,54.00,57.00,31.1,t,lite
PC,WLNP-5-1,852,General Community Waterton Lakes National Park 2018,10,2018-06-18 05:18:00,7017,180,Zonotrichia leucophrys,White-crowned Sparrow,WCSP,69.00,72.00,26.7,t,lite
PC,WLNP-5-1,852,General Community Waterton Lakes National Park 2018,10,2018-06-18 05:18:00,7017,180,Catharus ustulatus,Swainson's Thrush,SWTH,72.00,75.00,27.5,t,lite
PC,WLNP-5-1,852,General Community Waterton Lakes National Park 2018,10,2018-06-18 05:18:00,7017,180,Zonotrichia leucophrys,White-crowned Sparrow,WCSP,78.00,81.00,45.1,t,lite
PC,WLNP-5-1,852,General Community Waterton Lakes National Park 2018,10,2018-06-18 05:18:00,7017,180,Locustella fluviatilis,River Warbler,RIWA,99.00,102.00,27.6,t,lite
PC,WLNP-5-1,852,General Community Waterton Lakes National Park 2018,10,2018-06-18 05:18:00,7017,180,Zonotrichia leucophrys,White-crowned Sparrow,WCSP,105.00,108.00,47.0,t,lite
PC,WLNP-5-1,852,General Community Waterton Lakes National Park 2018,10,2018-06-18 05:18:00,7017,180,Catharus ustulatus,Swainson's Thrush,SWTH,120.00,123.00,29.5,t,lite
PC,WLNP-5-1,852,General Community Waterton Lakes National Park 2018,10,2018-06-18 05:18:00,7017,180,Zonotrichia leucophrys,White-crowned Sparrow,WCSP,138.00,141.00,38.8,t,lite
PC,WLNP-5-1,852,General Community Waterton Lakes National Park 2018,10,2018-06-18 05:18:00,7017,180,Zonotrichia leucophrys,White-crowned Sparrow,WCSP,168.00,171.00,37.5,t,lite
PC,WLNP-5-1,852,General Community Waterton Lakes National Park 2018,10,2018-06-20 04:48:00,7001,180,Turdus migratorius,American Robin,AMRO,12.00,15.00,32.9,t,lite
PC,WLNP-5-1,852,General Community Waterton Lakes National Park 2018,10,2018-06-20 04:48:00,7001,180,Turdus fuscater,,,12.00,15.00,26.5,f,lite
PC,WLNP-5-1,852,General Community Waterton Lakes National Park 2018,10,2018-06-20 04:48:00,7001,180,Zonotrichia leucophrys,White-crowned Sparrow,WCSP,18.00,21.00,28.1,t,lite
PC,WLNP-5-1,852,General Community Waterton Lakes National Park 2018,10,2018-06-20 04:48:00,7001,180,Zonotrichia leucophrys,White-crowned Sparrow,WCSP,27.00,30.00,48.2,t,lite
PC,WLNP-5-1,852,General Community Waterton Lakes National Park 2018,10,2018-06-20 04:48:00,7001,180,Zonotrichia leucophrys,White-crowned Sparrow,WCSP,30.00,33.00,29.6,t,lite
PC,WLNP-5-1,852,General Community Waterton Lakes National Park 2018,10,2018-06-20 04:48:00,7001,180,Contopus cooperi,Olive-sided Flycatcher,OSFL,42.00,45.00,42.4,t,lite
PC,WLNP-5-1,852,General Community Waterton Lakes National Park 2018,10,2018-06-20 04:48:00,7001,180,Zonotrichia leucophrys,White-crowned Sparrow,WCSP,48.00,51.00,55.6,t,lite
PC,WLNP-5-1,852,General Community Waterton Lakes National Park 2018,10,2018-06-20 04:48:00,7001,180,Zonotrichia leucophrys,White-crowned Sparrow,WCSP,60.00,63.00,27.1,t,lite
PC,WLNP-5-1,852,General Community Waterton Lakes National Park 2018,10,2018-06-20 04:48:00,7001,180,Zonotrichia leucophrys,White-crowned Sparrow,WCSP,69.00,72.00,49.2,t,lite
PC,WLNP-5-1,852,General Community Waterton Lakes National Park 2018,10,2018-06-20 04:48:00,7001,180,Zonotrichia leucophrys,White-crowned Sparrow,WCSP,81.00,84.00,44.6,t,lite
PC,WLNP-5-1,852,General Community Waterton Lakes National Park 2018,10,2018-06-20 04:48:00,7001,180,Turdus migratorius,American Robin,AMRO,93.00,96.00,41.6,t,lite
PC,WLNP-5-1,852,General Community Waterton Lakes National Park 2018,10,2018-06-20 04:48:00,7001,180,Turdus amaurochalinus,,,99.00,102.00,30.2,f,lite
PC,WLNP-5-1,852,General Community Waterton Lakes National Park 2018,10,2018-06-20 04:48:00,7001,180,Turdus rufitorques,Rufous-collared Robin,RCRO,99.00,102.00,66.4,t,lite
PC,WLNP-5-1,852,General Community Waterton Lakes National Park 2018,10,2018-06-20 04:48:00,7001,180,Turdus philomelos,Song Thrush,SOTH,99.00,102.00,28.4,t,lite
PC,WLNP-5-1,852,General Community Waterton Lakes National Park 2018,10,2018-06-20 04:48:00,7001,180,Turdus migratorius,American Robin,AMRO,99.00,102.00,71.4,t,lite
PC,WLNP-5-1,852,General Community Waterton Lakes National Park 2018,10,2018-06-20 04:48:00,7001,180,Turdus fuscater,,,99.00,102.00,35.3,f,lite
PC,WLNP-5-1,852,General Community Waterton Lakes National Park 2018,10,2018-06-20 04:48:00,7001,180,Turdus chrysolaus,,,99.00,102.00,61.0,f,lite
PC,WLNP-5-1,852,General Community Waterton Lakes National Park 2018,10,2018-06-20 04:48:00,7001,180,Turdus viscivorus,Mistle Thrush,MITH,102.00,105.00,25.9,t,lite
PC,WLNP-5-1,852,General Community Waterton Lakes National Park 2018,10,2018-06-20 04:48:00,7001,180,Turdus boulboul,,,102.00,105.00,34.3,f,lite
PC,WLNP-5-1,852,General Community Waterton Lakes National Park 2018,10,2018-06-20 04:48:00,7001,180,Turdus fuscater,,,102.00,105.00,40.5,f,lite
PC,WLNP-5-1,852,General Community Waterton Lakes National Park 2018,10,2018-06-20 04:48:00,7001,180,Turdus cardis,,,102.00,105.00,30.5,f,lite
PC,WLNP-5-1,852,General Community Waterton Lakes National Park 2018,10,2018-06-20 04:48:00,7001,180,Zonotrichia leucophrys,White-crowned Sparrow,WCSP,108.00,111.00,28.7,t,lite
PC,WLNP-5-1,852,General Community Waterton Lakes National Park 2018,10,2018-06-20 04:48:00,7001,180,Zonotrichia leucophrys,White-crowned Sparrow,WCSP,114.00,117.00,29.5,t,lite
PC,WLNP-5-1,852,General Community Waterton Lakes National Park 2018,10,2018-06-20 04:48:00,7001,180,Zonotrichia leucophrys,White-crowned Sparrow,WCSP,123.00,126.00,35.1,t,lite
PC,WLNP-5-1,852,General Community Waterton Lakes National Park 2018,10,2018-06-20 04:48:00,7001,180,Zonotrichia leucophrys,White-crowned Sparrow,WCSP,132.00,135.00,36.2,t,lite
PC,WLNP-5-1,852,General Community Waterton Lakes National Park 2018,10,2018-06-20 04:48:00,7001,180,Turdus amaurochalinus,,,138.00,141.00,26.6,f,lite
PC,WLNP-5-1,852,General Community Waterton Lakes National Park 2018,10,2018-06-20 04:48:00,7001,180,Zonotrichia leucophrys,White-crowned Sparrow,WCSP,144.00,147.00,41.0,t,lite
PC,WLNP-5-1,852,General Community Waterton Lakes National Park 2018,10,2018-06-20 04:48:00,7001,180,Turdus fuscater,,,147.00,150.00,30.9,f,lite
PC,WLNP-5-1,852,General Community Waterton Lakes National Park 2018,10,2018-06-20 04:48:00,7001,180,Zonotrichia leucophrys,White-crowned Sparrow,WCSP,153.00,156.00,75.3,t,lite
PC,WLNP-5-1,852,General Community Waterton Lakes National Park 2018,10,2018-06-20 04:48:00,7001,180,Zonotrichia leucophrys,White-crowned Sparrow,WCSP,156.00,159.00,74.3,t,lite
PC,WLNP-5-1,852,General Community Waterton Lakes National Park 2018,10,2018-06-20 04:48:00,7001,180,Zonotrichia leucophrys,White-crowned Sparrow,WCSP,162.00,165.00,82.8,t,lite
PC,WLNP-5-1,852,General Community Waterton Lakes National Park 2018,10,2018-06-20 04:48:00,7001,180,Zonotrichia leucophrys,White-crowned Sparrow,WCSP,165.00,168.00,26.9,t,lite
PC,WLNP-5-1,852,General Community Waterton Lakes National Park 2018,10,2018-06-20 04:48:00,7001,180,Zonotrichia leucophrys,White-crowned Sparrow,WCSP,168.00,171.00,36.5,t,lite
PC,WLNP-5-1,852,General Community Waterton Lakes National Park 2018,10,2018-06-20 04:48:00,7001,180,Zonotrichia leucophrys,White-crowned Sparrow,WCSP,171.00,174.00,71.6,t,lite
PC,WLNP-5-1,852,General Community Waterton Lakes National Park 2018,10,2018-06-20 04:48:00,7001,180,Zonotrichia leucophrys,White-crowned Sparrow,WCSP,177.00,180.00,48.0,t,lite
PC,WLNP-5-1,852,General Community Waterton Lakes National Park 2018,10,2018-06-21 04:48:00,85251,180,Cyphorhinus thoracicus,,,3.00,6.00,33.2,f,lite
PC,WLNP-5-1,852,General Community Waterton Lakes National Park 2018,10,2018-06-21 04:48:00,85251,180,Zonotrichia leucophrys,White-crowned Sparrow,WCSP,6.00,9.00,58.5,t,lite
PC,WLNP-5-1,852,General Community Waterton Lakes National Park 2018,10,2018-06-21 04:48:00,85251,180,Anthus bogotensis,,,6.00,9.00,26.8,f,lite
PC,WLNP-5-1,852,General Community Waterton Lakes National Park 2018,10,2018-06-21 04:48:00,85251,180,Geothlypis tolmiei,MacGillivray's Warbler,MGWA,12.00,15.00,25.8,t,lite
PC,WLNP-5-1,852,General Community Waterton Lakes National Park 2018,10,2018-06-21 04:48:00,85251,180,Geothlypis tolmiei,MacGillivray's Warbler,MGWA,18.00,21.00,56.4,t,lite
PC,WLNP-5-1,852,General Community Waterton Lakes National Park 2018,10,2018-06-21 04:48:00,85251,180,Geothlypis tolmiei,MacGillivray's Warbler,MGWA,21.00,24.00,61.8,t,lite
PC,WLNP-5-1,852,General Community Waterton Lakes National Park 2018,10,2018-06-21 04:48:00,85251,180,Geothlypis tolmiei,MacGillivray's Warbler,MGWA,27.00,30.00,44.4,t,lite
PC,WLNP-5-1,852,General Community Waterton Lakes National Park 2018,10,2018-06-21 04:48:00,85251,180,Geothlypis tolmiei,MacGillivray's Warbler,MGWA,30.00,33.00,57.1,t,lite
PC,WLNP-5-1,852,General Community Waterton Lakes National Park 2018,10,2018-06-21 04:48:00,85251,180,Geothlypis tolmiei,MacGillivray's Warbler,MGWA,33.00,36.00,42.4,t,lite
PC,WLNP-5-1,852,General Community Waterton Lakes National Park 2018,10,2018-06-21 04:48:00,85251,180,Geothlypis tolmiei,MacGillivray's Warbler,MGWA,36.00,39.00,55.6,t,lite
PC,WLNP-5-1,852,General Community Waterton Lakes National Park 2018,10,2018-06-21 04:48:00,85251,180,Geothlypis philadelphia,Mourning Warbler,MOWA,36.00,39.00,27.5,t,lite
PC,WLNP-5-1,852,General Community Waterton Lakes National Park 2018,10,2018-06-21 04:48:00,85251,180,Geothlypis tolmiei,MacGillivray's Warbler,MGWA,39.00,42.00,57.2,t,lite
PC,WLNP-5-1,852,General Community Waterton Lakes National Park 2018,10,2018-06-21 04:48:00,85251,180,Zonotrichia leucophrys,White-crowned Sparrow,WCSP,42.00,45.00,65.1,t,lite
PC,WLNP-5-1,852,General Community Waterton Lakes National Park 2018,10,2018-06-21 04:48:00,85251,180,Zonotrichia leucophrys,White-crowned Sparrow,WCSP,45.00,48.00,77.4,t,lite
PC,WLNP-5-1,852,General Community Waterton Lakes National Park 2018,10,2018-06-21 04:48:00,85251,180,Anthus bogotensis,,,51.00,54.00,30.9,f,lite
PC,WLNP-5-1,852,General Community Waterton Lakes National Park 2018,10,2018-06-21 04:48:00,85251,180,Zonotrichia leucophrys,White-crowned Sparrow,WCSP,51.00,54.00,75.8,t,lite
PC,WLNP-5-1,852,General Community Waterton Lakes National Park 2018,10,2018-06-21 04:48:00,85251,180,Zonotrichia leucophrys,White-crowned Sparrow,WCSP,60.00,63.00,52.3,t,lite
PC,WLNP-5-1,852,General Community Waterton Lakes National Park 2018,10,2018-06-21 04:48:00,85251,180,Anthus bogotensis,,,60.00,63.00,34.5,f,lite
PC,WLNP-5-1,852,General Community Waterton Lakes National Park 2018,10,2018-06-21 04:48:00,85251,180,Geothlypis tolmiei,MacGillivray's Warbler,MGWA,63.00,66.00,55.4,t,lite
PC,WLNP-5-1,852,General Community Waterton Lakes National Park 2018,10,2018-06-21 04:48:00,85251,180,Geothlypis tolmiei,MacGillivray's Warbler,MGWA,66.00,69.00,30.3,t,lite
PC,WLNP-5-1,852,General Community Waterton Lakes National Park 2018,10,2018-06-21 04:48:00,85251,180,Geothlypis tolmiei,MacGillivray's Warbler,MGWA,72.00,75.00,32.2,t,lite
PC,WLNP-5-1,852,General Community Waterton Lakes National Park 2018,10,2018-06-21 04:48:00,85251,180,Carduelis carduelis,European Goldfinch,EUGO,72.00,75.00,26.4,t,lite
PC,WLNP-5-1,852,General Community Waterton Lakes National Park 2018,10,2018-06-21 04:48:00,85251,180,Zonotrichia leucophrys,White-crowned Sparrow,WCSP,75.00,78.00,88.6,t,lite
PC,WLNP-5-1,852,General Community Waterton Lakes National Park 2018,10,2018-06-21 04:48:00,85251,180,Anthus bogotensis,,,75.00,78.00,26.2,f,lite
PC,WLNP-5-1,852,General Community Waterton Lakes National Park 2018,10,2018-06-21 04:48:00,85251,180,Zonotrichia leucophrys,White-crowned Sparrow,WCSP,81.00,84.00,69.6,t,lite
PC,WLNP-5-1,852,General Community Waterton Lakes National Park 2018,10,2018-06-21 04:48:00,85251,180,Alauda arvensis,Eurasian Skylark,EUSK,84.00,87.00,35.4,t,lite
PC,WLNP-5-1,852,General Community Waterton Lakes National Park 2018,10,2018-06-21 04:48:00,85251,180,Anthus bogotensis,,,84.00,87.00,32.5,f,lite
PC,WLNP-5-1,852,General Community Waterton Lakes National Park 2018,10,2018-06-21 04:48:00,85251,180,Zonotrichia leucophrys,White-crowned Sparrow,WCSP,84.00,87.00,40.8,t,lite
PC,WLNP-5-1,852,General Community Waterton Lakes National Park 2018,10,2018-06-21 04:48:00,85251,180,Zonotrichia leucophrys,White-crowned Sparrow,WCSP,90.00,93.00,31.5,t,lite
PC,WLNP-5-1,852,General Community Waterton Lakes National Park 2018,10,2018-06-21 04:48:00,85251,180,Zonotrichia leucophrys,White-crowned Sparrow,WCSP,99.00,102.00,29.3,t,lite
PC,WLNP-5-1,852,General Community Waterton Lakes National Park 2018,10,2018-06-21 04:48:00,85251,180,Zonotrichia leucophrys,White-crowned Sparrow,WCSP,147.00,150.00,66.2,t,lite
PC,WLNP-5-1,852,General Community Waterton Lakes National Park 2018,10,2018-06-21 04:48:00,85251,180,Zonotrichia leucophrys,White-crowned Sparrow,WCSP,150.00,153.00,78.5,t,lite
PC,WLNP-5-1,852,General Community Waterton Lakes National Park 2018,10,2018-06-21 04:48:00,85251,180,Zoothera aurea,White's Thrush,WHTH,153.00,156.00,27.8,t,lite
PC,WLNP-5-1,852,General Community Waterton Lakes National Park 2018,10,2018-06-21 04:48:00,85251,180,Napothera danjoui,,,153.00,156.00,47.3,f,lite
PC,WLNP-5-1,852,General Community Waterton Lakes National Park 2018,10,2018-06-21 04:48:00,85251,180,Zonotrichia leucophrys,White-crowned Sparrow,WCSP,156.00,159.00,70.4,t,lite
PC,WLNP-5-1,852,General Community Waterton Lakes National Park 2018,10,2018-06-21 04:48:00,85251,180,Anthus bogotensis,,,156.00,159.00,31.5,f,lite
PC,WLNP-5-1,852,General Community Waterton Lakes National Park 2018,10,2018-06-21 04:48:00,85251,180,Anthus bogotensis,,,162.00,165.00,40.1,f,lite
PC,WLNP-5-1,852,General Community Waterton Lakes National Park 2018,10,2018-06-21 04:48:00,85251,180,Zonotrichia leucophrys,White-crowned Sparrow,WCSP,162.00,165.00,57.3,t,lite
PC,WLNP-5-1,852,General Community Waterton Lakes National Park 2018,10,2018-06-21 04:48:00,85251,180,Zonotrichia leucophrys,White-crowned Sparrow,WCSP,168.00,171.00,40.8,t,lite
PC,WLNP-5-1,852,General Community Waterton Lakes National Park 2018,10,2018-06-21 04:48:00,85251,180,Zonotrichia leucophrys,White-crowned Sparrow,WCSP,171.00,174.00,58.8,t,lite
PC,WLNP-5-1,852,General Community Waterton Lakes National Park 2018,10,2018-06-21 04:48:00,85251,180,Anthus bogotensis,,,177.00,180.00,28.4,f,lite
PC,WLNP-5-1,852,General Community Waterton Lakes National Park 2018,10,2018-06-21 04:48:00,85251,180,Zonotrichia leucophrys,White-crowned Sparrow,WCSP,177.00,180.00,70.7,t,lite
PC,WLNP-5-1,852,General Community Waterton Lakes National Park 2018,10,2018-06-22 04:48:00,6958,180,Zonotrichia leucophrys,White-crowned Sparrow,WCSP,6.00,9.00,43.3,t,lite
PC,WLNP-5-1,852,General Community Waterton Lakes National Park 2018,10,2018-06-22 04:48:00,6958,180,Alauda arvensis,Eurasian Skylark,EUSK,24.00,27.00,33.2,t,lite
PC,WLNP-5-1,852,General Community Waterton Lakes National Park 2018,10,2018-06-22 04:48:00,6958,180,Emberiza hortulana,Ortolan Bunting,EMBHOR,30.00,33.00,30.8,t,lite
PC,WLNP-5-1,852,General Community Waterton Lakes National Park 2018,10,2018-06-22 04:48:00,6958,180,Geothlypis tolmiei,MacGillivray's Warbler,MGWA,45.00,48.00,30.3,t,lite
PC,WLNP-5-1,852,General Community Waterton Lakes National Park 2018,10,2018-06-22 04:48:00,6958,180,Zonotrichia leucophrys,White-crowned Sparrow,WCSP,60.00,63.00,52.3,t,lite
PC,WLNP-5-1,852,General Community Waterton Lakes National Park 2018,10,2018-06-22 04:48:00,6958,180,Geothlypis tolmiei,MacGillivray's Warbler,MGWA,66.00,69.00,36.4,t,lite
PC,WLNP-5-1,852,General Community Waterton Lakes National Park 2018,10,2018-06-22 04:48:00,6958,180,Zonotrichia leucophrys,White-crowned Sparrow,WCSP,69.00,72.00,52.2,t,lite
PC,WLNP-5-1,852,General Community Waterton Lakes National Park 2018,10,2018-06-22 04:48:00,6958,180,Geothlypis tolmiei,MacGillivray's Warbler,MGWA,72.00,75.00,52.1,t,lite
PC,WLNP-5-1,852,General Community Waterton Lakes National Park 2018,10,2018-06-22 04:48:00,6958,180,Zonotrichia leucophrys,White-crowned Sparrow,WCSP,84.00,87.00,48.2,t,lite
PC,WLNP-5-1,852,General Community Waterton Lakes National Park 2018,10,2018-06-22 04:48:00,6958,180,Geothlypis tolmiei,MacGillivray's Warbler,MGWA,90.00,93.00,35.4,t,lite
PC,WLNP-5-1,852,General Community Waterton Lakes National Park 2018,10,2018-06-22 04:48:00,6958,180,Geothlypis tolmiei,MacGillivray's Warbler,MGWA,99.00,102.00,30.1,t,lite
PC,WLNP-5-1,852,General Community Waterton Lakes National Park 2018,10,2018-06-22 04:48:00,6958,180,Geothlypis tolmiei,MacGillivray's Warbler,MGWA,105.00,108.00,41.7,t,lite
PC,WLNP-5-1,852,General Community Waterton Lakes National Park 2018,10,2018-06-22 04:48:00,6958,180,Geothlypis tolmiei,MacGillivray's Warbler,MGWA,117.00,120.00,46.5,t,lite
PC,WLNP-5-1,852,General Community Waterton Lakes National Park 2018,10,2018-06-22 04:48:00,6958,180,Geothlypis tolmiei,MacGillivray's Warbler,MGWA,126.00,129.00,25.4,t,lite
PC,WLNP-5-1,852,General Community Waterton Lakes National Park 2018,10,2018-06-22 04:48:00,6958,180,Geothlypis tolmiei,MacGillivray's Warbler,MGWA,132.00,135.00,40.4,t,lite
PC,WLNP-5-1,852,General Community Waterton Lakes National Park 2018,10,2018-06-22 04:48:00,6958,180,Geothlypis tolmiei,MacGillivray's Warbler,MGWA,150.00,153.00,25.2,t,lite
PC,WLNP-5-1,852,General Community Waterton Lakes National Park 2018,10,2018-06-22 04:48:00,6958,180,Locustella certhiola,,,150.00,153.00,26.9,f,lite
PC,WLNP-5-1,852,General Community Waterton Lakes National Park 2018,10,2018-06-22 04:48:00,6958,180,Zonotrichia leucophrys,White-crowned Sparrow,WCSP,153.00,156.00,28.2,t,lite
PC,WLNP-5-1,852,General Community Waterton Lakes National Park 2018,10,2018-06-22 04:48:00,6958,180,Geothlypis tolmiei,MacGillivray's Warbler,MGWA,156.00,159.00,35.0,t,lite
PC,WLNP-5-1,852,General Community Waterton Lakes National Park 2018,10,2018-06-22 04:48:00,6958,180,Zonotrichia leucophrys,White-crowned Sparrow,WCSP,159.00,162.00,28.8,t,lite
PC,WLNP-5-1,852,General Community Waterton Lakes National Park 2018,10,2018-06-22 04:48:00,6958,180,Anthus bogotensis,,,159.00,162.00,25.5,f,lite
PC,WLNP-5-1,852,General Community Waterton Lakes National Park 2018,10,2018-06-22 04:48:00,6958,180,Zonotrichia leucophrys,White-crowned Sparrow,WCSP,162.00,165.00,55.6,t,lite
PC,WLNP-5-1,852,General Community Waterton Lakes National Park 2018,10,2018-06-22 04:48:00,6958,180,Geothlypis tolmiei,MacGillivray's Warbler,MGWA,165.00,168.00,32.4,t,lite
PC,WLNP-5-1,852,General Community Waterton Lakes National Park 2018,10,2018-06-22 04:48:00,6958,180,Zonotrichia leucophrys,White-crowned Sparrow,WCSP,168.00,171.00,55.4,t,lite
PC,WLNP-5-1,852,General Community Waterton Lakes National Park 2018,10,2018-06-22 04:48:00,6958,180,Arremonops tocuyensis,,,174.00,177.00,29.6,f,lite
PC,WLNP-5-1,852,General Community Waterton Lakes National Park 2018,10,2018-06-22 04:48:00,6958,180,Zonotrichia leucophrys,White-crowned Sparrow,WCSP,174.00,177.00,25.9,t,lite
PC,WLNP-5-2,853,General Community Waterton Lakes National Park 2018,10,2018-06-17 21:44:00,7018,180,*NOT GENERATED/FOUND*,,,,,,f,lite
PC,WLNP-5-2,853,General Community Waterton Lakes National Park 2018,10,2018-06-18 04:48:00,90870,180,Zonotrichia leucophrys,White-crowned Sparrow,WCSP,3.00,6.00,42.0,t,lite
PC,WLNP-5-2,853,General Community Waterton Lakes National Park 2018,10,2018-06-18 04:48:00,90870,180,Turdus amaurochalinus,,,6.00,9.00,26.1,f,lite
PC,WLNP-5-2,853,General Community Waterton Lakes National Park 2018,10,2018-06-18 04:48:00,90870,180,Turdus migratorius,American Robin,AMRO,9.00,12.00,27.8,t,lite
PC,WLNP-5-2,853,General Community Waterton Lakes National Park 2018,10,2018-06-18 04:48:00,90870,180,Turdus amaurochalinus,,,9.00,12.00,29.0,f,lite
PC,WLNP-5-2,853,General Community Waterton Lakes National Park 2018,10,2018-06-18 04:48:00,90870,180,Turdus amaurochalinus,,,21.00,24.00,27.5,f,lite
PC,WLNP-5-2,853,General Community Waterton Lakes National Park 2018,10,2018-06-18 04:48:00,90870,180,Milvus migrans,Black Kite,BLAK,90.00,93.00,25.9,t,lite
PC,WLNP-5-2,853,General Community Waterton Lakes National Park 2018,10,2018-06-18 04:48:00,90870,180,Zonotrichia leucophrys,White-crowned Sparrow,WCSP,108.00,111.00,34.0,t,lite
PC,WLNP-5-2,853,General Community Waterton Lakes National Park 2018,10,2018-06-18 04:48:00,90870,180,Zonotrichia leucophrys,White-crowned Sparrow,WCSP,117.00,120.00,32.4,t,lite
PC,WLNP-5-2,853,General Community Waterton Lakes National Park 2018,10,2018-06-18 04:48:00,90870,180,Turdus migratorius,American Robin,AMRO,123.00,126.00,29.2,t,lite
PC,WLNP-5-2,853,General Community Waterton Lakes National Park 2018,10,2018-06-18 04:48:00,90870,180,Turdus amaurochalinus,,,123.00,126.00,34.5,f,lite
PC,WLNP-5-2,853,General Community Waterton Lakes National Park 2018,10,2018-06-18 04:48:00,90870,180,Turdus amaurochalinus,,,141.00,144.00,29.9,f,lite
PC,WLNP-5-2,853,General Community Waterton Lakes National Park 2018,10,2018-06-18 04:48:00,90870,180,Turdus migratorius,American Robin,AMRO,141.00,144.00,32.3,t,lite
PC,WLNP-5-2,853,General Community Waterton Lakes National Park 2018,10,2018-06-18 04:48:00,90870,180,Zonotrichia leucophrys,White-crowned Sparrow,WCSP,144.00,147.00,25.3,t,lite
PC,WLNP-5-2,853,General Community Waterton Lakes National Park 2018,10,2018-06-19 04:48:00,85252,180,Tunchiornis ochraceiceps,Tawny-crowned Greenlet,TCGR,63.00,66.00,37.9,t,lite
PC,WLNP-5-2,853,General Community Waterton Lakes National Park 2018,10,2018-06-19 04:48:00,85252,180,Tunchiornis ochraceiceps,Tawny-crowned Greenlet,TCGR,105.00,108.00,40.8,t,lite
PC,WLNP-5-2,853,General Community Waterton Lakes National Park 2018,10,2018-06-19 04:48:00,85252,180,Tunchiornis ochraceiceps,Tawny-crowned Greenlet,TCGR,123.00,126.00,29.3,t,lite
PC,WLNP-5-2,853,General Community Waterton Lakes National Park 2018,10,2018-06-20 05:18:00,7031,180,Vireo gilvus,Warbling Vireo,WAVI,3.00,6.00,25.5,t,lite
PC,WLNP-5-2,853,General Community Waterton Lakes National Park 2018,10,2018-06-20 05:18:00,7031,180,Melospiza lincolnii,Lincoln's Sparrow,LISP,3.00,6.00,27.3,t,lite
PC,WLNP-5-2,853,General Community Waterton Lakes National Park 2018,10,2018-06-20 05:18:00,7031,180,Vireo gilvus,Warbling Vireo,WAVI,6.00,9.00,74.1,t,lite
PC,WLNP-5-2,853,General Community Waterton Lakes National Park 2018,10,2018-06-20 05:18:00,7031,180,Vireo gilvus,Warbling Vireo,WAVI,12.00,15.00,58.3,t,lite
PC,WLNP-5-2,853,General Community Waterton Lakes National Park 2018,10,2018-06-20 05:18:00,7031,180,Phylloscopus sarasinorum,,,12.00,15.00,28.7,f,lite
PC,WLNP-5-2,853,General Community Waterton Lakes National Park 2018,10,2018-06-20 05:18:00,7031,180,Vireo leucophrys,Brown-capped Vireo,BCAV,15.00,18.00,30.2,t,lite
PC,WLNP-5-2,853,General Community Waterton Lakes National Park 2018,10,2018-06-20 05:18:00,7031,180,Vireo gilvus,Warbling Vireo,WAVI,15.00,18.00,67.7,t,lite
PC,WLNP-5-2,853,General Community Waterton Lakes National Park 2018,10,2018-06-20 05:18:00,7031,180,Ficedula hypoleuca,European Pied Flycatcher,FICHYP,15.00,18.00,30.5,t,lite
PC,WLNP-5-2,853,General Community Waterton Lakes National Park 2018,10,2018-06-20 05:18:00,7031,180,Vireo gilvus,Warbling Vireo,WAVI,21.00,24.00,49.4,t,lite
PC,WLNP-5-2,853,General Community Waterton Lakes National Park 2018,10,2018-06-20 05:18:00,7031,180,Vireo gilvus,Warbling Vireo,WAVI,24.00,27.00,37.2,t,lite
PC,WLNP-5-2,853,General Community Waterton Lakes National Park 2018,10,2018-06-20 05:18:00,7031,180,Ficedula hypoleuca,European Pied Flycatcher,FICHYP,27.00,30.00,31.0,t,lite
PC,WLNP-5-2,853,General Community Waterton Lakes National Park 2018,10,2018-06-20 05:18:00,7031,180,Vireo gilvus,Warbling Vireo,WAVI,27.00,30.00,41.5,t,lite
PC,WLNP-5-2,853,General Community Waterton Lakes National Park 2018,10,2018-06-20 05:18:00,7031,180,Phylloscopus sarasinorum,,,30.00,33.00,37.9,f,lite
PC,WLNP-5-2,853,General Community Waterton Lakes National Park 2018,10,2018-06-20 05:18:00,7031,180,Vireo gilvus,Warbling Vireo,WAVI,30.00,33.00,59.3,t,lite
PC,WLNP-5-2,853,General Community Waterton Lakes National Park 2018,10,2018-06-20 05:18:00,7031,180,Vireo leucophrys,Brown-capped Vireo,BCAV,33.00,36.00,39.3,t,lite
PC,WLNP-5-2,853,General Community Waterton Lakes National Park 2018,10,2018-06-20 05:18:00,7031,180,Vireo gilvus,Warbling Vireo,WAVI,33.00,36.00,63.0,t,lite
PC,WLNP-5-2,853,General Community Waterton Lakes National Park 2018,10,2018-06-20 05:18:00,7031,180,Vireo leucophrys,Brown-capped Vireo,BCAV,36.00,39.00,25.0,t,lite
PC,WLNP-5-2,853,General Community Waterton Lakes National Park 2018,10,2018-06-20 05:18:00,7031,180,Vireo gilvus,Warbling Vireo,WAVI,36.00,39.00,37.4,t,lite
PC,WLNP-5-2,853,General Community Waterton Lakes National Park 2018,10,2018-06-20 05:18:00,7031,180,Phylloscopus sarasinorum,,,39.00,42.00,27.5,f,lite
PC,WLNP-5-2,853,General Community Waterton Lakes National Park 2018,10,2018-06-20 05:18:00,7031,180,Vireo gilvus,Warbling Vireo,WAVI,39.00,42.00,54.2,t,lite
PC,WLNP-5-2,853,General Community Waterton Lakes National Park 2018,10,2018-06-20 05:18:00,7031,180,Vireo gilvus,Warbling Vireo,WAVI,42.00,45.00,74.7,t,lite
PC,WLNP-5-2,853,General Community Waterton Lakes National Park 2018,10,2018-06-20 05:18:00,7031,180,Ficedula hypoleuca,European Pied Flycatcher,FICHYP,48.00,51.00,25.4,t,lite
PC,WLNP-5-2,853,General Community Waterton Lakes National Park 2018,10,2018-06-20 05:18:00,7031,180,Vireo gilvus,Warbling Vireo,WAVI,48.00,51.00,63.8,t,lite
PC,WLNP-5-2,853,General Community Waterton Lakes National Park 2018,10,2018-06-20 05:18:00,7031,180,Vireo gilvus,Warbling Vireo,WAVI,51.00,54.00,33.0,t,lite
PC,WLNP-5-2,853,General Community Waterton Lakes National Park 2018,10,2018-06-20 05:18:00,7031,180,Phylloscopus sarasinorum,,,51.00,54.00,26.9,f,lite
PC,WLNP-5-2,853,General Community Waterton Lakes National Park 2018,10,2018-06-20 05:18:00,7031,180,Vireo gilvus,Warbling Vireo,WAVI,54.00,57.00,34.5,t,lite
PC,WLNP-5-2,853,General Community Waterton Lakes National Park 2018,10,2018-06-20 05:18:00,7031,180,Vireo leucophrys,Brown-capped Vireo,BCAV,54.00,57.00,27.1,t,lite
PC,WLNP-5-2,853,General Community Waterton Lakes National Park 2018,10,2018-06-20 05:18:00,7031,180,Vireo gilvus,Warbling Vireo,WAVI,57.00,60.00,48.1,t,lite
PC,WLNP-5-2,853,General Community Waterton Lakes National Park 2018,10,2018-06-20 05:18:00,7031,180,Vireo gilvus,Warbling Vireo,WAVI,60.00,63.00,62.7,t,lite
PC,WLNP-5-2,853,General Community Waterton Lakes National Park 2018,10,2018-06-20 05:18:00,7031,180,Phylloscopus sarasinorum,,,60.00,63.00,34.7,f,lite
PC,WLNP-5-2,853,General Community Waterton Lakes National Park 2018,10,2018-06-20 05:18:00,7031,180,Vireo gilvus,Warbling Vireo,WAVI,63.00,66.00,59.1,t,lite
PC,WLNP-5-2,853,General Community Waterton Lakes National Park 2018,10,2018-06-20 05:18:00,7031,180,Vireo gilvus,Warbling Vireo,WAVI,72.00,75.00,69.7,t,lite
PC,WLNP-5-2,853,General Community Waterton Lakes National Park 2018,10,2018-06-20 05:18:00,7031,180,Vireo leucophrys,Brown-capped Vireo,BCAV,72.00,75.00,27.7,t,lite
PC,WLNP-5-2,853,General Community Waterton Lakes National Park 2018,10,2018-06-20 05:18:00,7031,180,Phylloscopus sarasinorum,,,72.00,75.00,53.5,f,lite
PC,WLNP-5-2,853,General Community Waterton Lakes National Park 2018,10,2018-06-20 05:18:00,7031,180,Vireo gilvus,Warbling Vireo,WAVI,78.00,81.00,26.5,t,lite
PC,WLNP-5-2,853,General Community Waterton Lakes National Park 2018,10,2018-06-20 05:18:00,7031,180,Vireo leucophrys,Brown-capped Vireo,BCAV,81.00,84.00,37.4,t,lite
PC,WLNP-5-2,853,General Community Waterton Lakes National Park 2018,10,2018-06-20 05:18:00,7031,180,Phylloscopus sarasinorum,,,81.00,84.00,36.8,f,lite
PC,WLNP-5-2,853,General Community Waterton Lakes National Park 2018,10,2018-06-20 05:18:00,7031,180,Vireo gilvus,Warbling Vireo,WAVI,81.00,84.00,53.3,t,lite
PC,WLNP-5-2,853,General Community Waterton Lakes National Park 2018,10,2018-06-20 05:18:00,7031,180,Phylloscopus sarasinorum,,,84.00,87.00,41.9,f,lite
PC,WLNP-5-2,853,General Community Waterton Lakes National Park 2018,10,2018-06-20 05:18:00,7031,180,Vireo gilvus,Warbling Vireo,WAVI,84.00,87.00,47.4,t,lite
PC,WLNP-5-2,853,General Community Waterton Lakes National Park 2018,10,2018-06-20 05:18:00,7031,180,Vireo gilvus,Warbling Vireo,WAVI,87.00,90.00,61.1,t,lite
PC,WLNP-5-2,853,General Community Waterton Lakes National Park 2018,10,2018-06-20 05:18:00,7031,180,Phylloscopus sarasinorum,,,87.00,90.00,28.8,f,lite
PC,WLNP-5-2,853,General Community Waterton Lakes National Park 2018,10,2018-06-20 05:18:00,7031,180,Phylloscopus sarasinorum,,,90.00,93.00,33.2,f,lite
PC,WLNP-5-2,853,General Community Waterton Lakes National Park 2018,10,2018-06-20 05:18:00,7031,180,Vireo gilvus,Warbling Vireo,WAVI,90.00,93.00,36.3,t,lite
PC,WLNP-5-2,853,General Community Waterton Lakes National Park 2018,10,2018-06-20 05:18:00,7031,180,Vireo gilvus,Warbling Vireo,WAVI,93.00,96.00,57.4,t,lite
PC,WLNP-5-2,853,General Community Waterton Lakes National Park 2018,10,2018-06-20 05:18:00,7031,180,Vireo gilvus,Warbling Vireo,WAVI,96.00,99.00,43.2,t,lite
PC,WLNP-5-2,853,General Community Waterton Lakes National Park 2018,10,2018-06-20 05:18:00,7031,180,Phylloscopus sarasinorum,,,99.00,102.00,29.4,f,lite
PC,WLNP-5-2,853,General Community Waterton Lakes National Park 2018,10,2018-06-20 05:18:00,7031,180,Vireo gilvus,Warbling Vireo,WAVI,99.00,102.00,54.5,t,lite
PC,WLNP-5-2,853,General Community Waterton Lakes National Park 2018,10,2018-06-20 05:18:00,7031,180,Vireo leucophrys,Brown-capped Vireo,BCAV,99.00,102.00,25.2,t,lite
PC,WLNP-5-2,853,General Community Waterton Lakes National Park 2018,10,2018-06-20 05:18:00,7031,180,Vireo gilvus,Warbling Vireo,WAVI,102.00,105.00,63.1,t,lite
PC,WLNP-5-2,853,General Community Waterton Lakes National Park 2018,10,2018-06-20 05:18:00,7031,180,Vireo leucophrys,Brown-capped Vireo,BCAV,102.00,105.00,26.8,t,lite
PC,WLNP-5-2,853,General Community Waterton Lakes National Park 2018,10,2018-06-20 05:18:00,7031,180,Phylloscopus sarasinorum,,,102.00,105.00,25.4,f,lite
PC,WLNP-5-2,853,General Community Waterton Lakes National Park 2018,10,2018-06-20 05:18:00,7031,180,Vireo gilvus,Warbling Vireo,WAVI,105.00,108.00,40.0,t,lite
PC,WLNP-5-2,853,General Community Waterton Lakes National Park 2018,10,2018-06-20 05:18:00,7031,180,Vireo gilvus,Warbling Vireo,WAVI,108.00,111.00,42.8,t,lite
PC,WLNP-5-2,853,General Community Waterton Lakes National Park 2018,10,2018-06-20 05:18:00,7031,180,Vireo gilvus,Warbling Vireo,WAVI,111.00,114.00,30.8,t,lite
PC,WLNP-5-2,853,General Community Waterton Lakes National Park 2018,10,2018-06-20 05:18:00,7031,180,Vireo leucophrys,Brown-capped Vireo,BCAV,114.00,117.00,26.2,t,lite
PC,WLNP-5-2,853,General Community Waterton Lakes National Park 2018,10,2018-06-20 05:18:00,7031,180,Phylloscopus sarasinorum,,,114.00,117.00,33.3,f,lite
PC,WLNP-5-2,853,General Community Waterton Lakes National Park 2018,10,2018-06-20 05:18:00,7031,180,Vireo gilvus,Warbling Vireo,WAVI,114.00,117.00,37.7,t,lite
PC,WLNP-5-2,853,General Community Waterton Lakes National Park 2018,10,2018-06-20 05:18:00,7031,180,Vireo leucophrys,Brown-capped Vireo,BCAV,117.00,120.00,28.5,t,lite
PC,WLNP-5-2,853,General Community Waterton Lakes National Park 2018,10,2018-06-20 05:18:00,7031,180,Phylloscopus sarasinorum,,,117.00,120.00,36.5,f,lite
PC,WLNP-5-2,853,General Community Waterton Lakes National Park 2018,10,2018-06-20 05:18:00,7031,180,Vireo gilvus,Warbling Vireo,WAVI,117.00,120.00,62.3,t,lite
PC,WLNP-5-2,853,General Community Waterton Lakes National Park 2018,10,2018-06-20 05:18:00,7031,180,Vireo gilvus,Warbling Vireo,WAVI,120.00,123.00,53.0,t,lite
PC,WLNP-5-2,853,General Community Waterton Lakes National Park 2018,10,2018-06-20 05:18:00,7031,180,Phylloscopus sarasinorum,,,120.00,123.00,38.7,f,lite
PC,WLNP-5-2,853,General Community Waterton Lakes National Park 2018,10,2018-06-20 05:18:00,7031,180,Vireo leucophrys,Brown-capped Vireo,BCAV,120.00,123.00,46.4,t,lite
PC,WLNP-5-2,853,General Community Waterton Lakes National Park 2018,10,2018-06-20 05:18:00,7031,180,Vireo gilvus,Warbling Vireo,WAVI,123.00,126.00,62.9,t,lite
PC,WLNP-5-2,853,General Community Waterton Lakes National Park 2018,10,2018-06-20 05:18:00,7031,180,Vireo leucophrys,Brown-capped Vireo,BCAV,126.00,129.00,25.6,t,lite
PC,WLNP-5-2,853,General Community Waterton Lakes National Park 2018,10,2018-06-20 05:18:00,7031,180,Vireo gilvus,Warbling Vireo,WAVI,126.00,129.00,59.5,t,lite
PC,WLNP-5-2,853,General Community Waterton Lakes National Park 2018,10,2018-06-20 05:18:00,7031,180,Vireo gilvus,Warbling Vireo,WAVI,129.00,132.00,46.8,t,lite
PC,WLNP-5-2,853,General Community Waterton Lakes National Park 2018,10,2018-06-20 05:18:00,7031,180,Vireo gilvus,Warbling Vireo,WAVI,132.00,135.00,40.0,t,lite
PC,WLNP-5-2,853,General Community Waterton Lakes National Park 2018,10,2018-06-20 05:18:00,7031,180,Vireo gilvus,Warbling Vireo,WAVI,135.00,138.00,70.7,t,lite
PC,WLNP-5-2,853,General Community Waterton Lakes National Park 2018,10,2018-06-20 05:18:00,7031,180,Vireo leucophrys,Brown-capped Vireo,BCAV,135.00,138.00,25.2,t,lite
PC,WLNP-5-2,853,General Community Waterton Lakes National Park 2018,10,2018-06-20 05:18:00,7031,180,Phylloscopus sarasinorum,,,138.00,141.00,28.6,f,lite
PC,WLNP-5-2,853,General Community Waterton Lakes National Park 2018,10,2018-06-20 05:18:00,7031,180,Vireo gilvus,Warbling Vireo,WAVI,138.00,141.00,35.5,t,lite
PC,WLNP-5-2,853,General Community Waterton Lakes National Park 2018,10,2018-06-20 05:18:00,7031,180,Vireo gilvus,Warbling Vireo,WAVI,141.00,144.00,72.8,t,lite
PC,WLNP-5-2,853,General Community Waterton Lakes National Park 2018,10,2018-06-20 05:18:00,7031,180,Ficedula hypoleuca,European Pied Flycatcher,FICHYP,141.00,144.00,39.1,t,lite
PC,WLNP-5-2,853,General Community Waterton Lakes National Park 2018,10,2018-06-20 05:18:00,7031,180,Phylloscopus sarasinorum,,,141.00,144.00,26.2,f,lite
PC,WLNP-5-2,853,General Community Waterton Lakes National Park 2018,10,2018-06-20 05:18:00,7031,180,Vireo leucophrys,Brown-capped Vireo,BCAV,141.00,144.00,28.7,t,lite
PC,WLNP-5-2,853,General Community Waterton Lakes National Park 2018,10,2018-06-20 05:18:00,7031,180,Vireo leucophrys,Brown-capped Vireo,BCAV,144.00,147.00,25.8,t,lite
PC,WLNP-5-2,853,General Community Waterton Lakes National Park 2018,10,2018-06-20 05:18:00,7031,180,Vireo gilvus,Warbling Vireo,WAVI,144.00,147.00,87.5,t,lite
PC,WLNP-5-2,853,General Community Waterton Lakes National Park 2018,10,2018-06-20 05:18:00,7031,180,Ficedula hypoleuca,European Pied Flycatcher,FICHYP,144.00,147.00,29.3,t,lite
PC,WLNP-5-2,853,General Community Waterton Lakes National Park 2018,10,2018-06-20 05:18:00,7031,180,Vireo gilvus,Warbling Vireo,WAVI,147.00,150.00,50.5,t,lite
PC,WLNP-5-2,853,General Community Waterton Lakes National Park 2018,10,2018-06-20 05:18:00,7031,180,Vireo gilvus,Warbling Vireo,WAVI,150.00,153.00,49.4,t,lite
PC,WLNP-5-2,853,General Community Waterton Lakes National Park 2018,10,2018-06-20 05:18:00,7031,180,Phylloscopus sarasinorum,,,150.00,153.00,41.0,f,lite
PC,WLNP-5-2,853,General Community Waterton Lakes National Park 2018,10,2018-06-20 05:18:00,7031,180,Vireo gilvus,Warbling Vireo,WAVI,153.00,156.00,37.8,t,lite
PC,WLNP-5-2,853,General Community Waterton Lakes National Park 2018,10,2018-06-20 05:18:00,7031,180,Phylloscopus sarasinorum,,,156.00,159.00,26.1,f,lite
PC,WLNP-5-2,853,General Community Waterton Lakes National Park 2018,10,2018-06-20 05:18:00,7031,180,Vireo gilvus,Warbling Vireo,WAVI,156.00,159.00,54.0,t,lite
PC,WLNP-5-2,853,General Community Waterton Lakes National Park 2018,10,2018-06-20 05:18:00,7031,180,Vireo leucophrys,Brown-capped Vireo,BCAV,156.00,159.00,25.1,t,lite
PC,WLNP-5-2,853,General Community Waterton Lakes National Park 2018,10,2018-06-20 05:18:00,7031,180,Ficedula hypoleuca,European Pied Flycatcher,FICHYP,159.00,162.00,30.4,t,lite
PC,WLNP-5-2,853,General Community Waterton Lakes National Park 2018,10,2018-06-20 05:18:00,7031,180,Vireo gilvus,Warbling Vireo,WAVI,159.00,162.00,73.1,t,lite
PC,WLNP-5-2,853,General Community Waterton Lakes National Park 2018,10,2018-06-20 05:18:00,7031,180,Vireo gilvus,Warbling Vireo,WAVI,162.00,165.00,45.7,t,lite
PC,WLNP-5-2,853,General Community Waterton Lakes National Park 2018,10,2018-06-20 05:18:00,7031,180,Vireo gilvus,Warbling Vireo,WAVI,165.00,168.00,44.4,t,lite
PC,WLNP-5-2,853,General Community Waterton Lakes National Park 2018,10,2018-06-20 05:18:00,7031,180,Vireo leucophrys,Brown-capped Vireo,BCAV,165.00,168.00,28.0,t,lite
PC,WLNP-5-2,853,General Community Waterton Lakes National Park 2018,10,2018-06-20 05:18:00,7031,180,Vireo gilvus,Warbling Vireo,WAVI,168.00,171.00,53.5,t,lite
PC,WLNP-5-2,853,General Community Waterton Lakes National Park 2018,10,2018-06-20 05:18:00,7031,180,Phylloscopus sarasinorum,,,168.00,171.00,27.4,f,lite
PC,WLNP-5-2,853,General Community Waterton Lakes National Park 2018,10,2018-06-20 05:18:00,7031,180,Vireo leucophrys,Brown-capped Vireo,BCAV,168.00,171.00,29.7,t,lite
PC,WLNP-5-2,853,General Community Waterton Lakes National Park 2018,10,2018-06-20 05:18:00,7031,180,Vireo gilvus,Warbling Vireo,WAVI,171.00,174.00,47.1,t,lite
PC,WLNP-5-2,853,General Community Waterton Lakes National Park 2018,10,2018-06-20 05:18:00,7031,180,Vireo leucophrys,Brown-capped Vireo,BCAV,171.00,174.00,51.4,t,lite
PC,WLNP-5-2,853,General Community Waterton Lakes National Park 2018,10,2018-06-20 05:18:00,7031,180,Ficedula hypoleuca,European Pied Flycatcher,FICHYP,174.00,177.00,26.9,t,lite
PC,WLNP-5-2,853,General Community Waterton Lakes National Park 2018,10,2018-06-20 05:18:00,7031,180,Vireo leucophrys,Brown-capped Vireo,BCAV,174.00,177.00,28.9,t,lite
PC,WLNP-5-2,853,General Community Waterton Lakes National Park 2018,10,2018-06-20 05:18:00,7031,180,Vireo gilvus,Warbling Vireo,WAVI,174.00,177.00,82.6,t,lite
PC,WLNP-5-2,853,General Community Waterton Lakes National Park 2018,10,2018-06-20 05:18:00,7031,180,Vireo gilvus,Warbling Vireo,WAVI,177.00,180.00,64.6,t,lite
PC,WLNP-5-2,853,General Community Waterton Lakes National Park 2018,10,2018-06-22 04:48:00,7042,180,Zonotrichia leucophrys,White-crowned Sparrow,WCSP,15.00,18.00,42.7,t,lite
PC,WLNP-5-2,853,General Community Waterton Lakes National Park 2018,10,2018-06-22 04:48:00,7042,180,Zonotrichia leucophrys,White-crowned Sparrow,WCSP,51.00,54.00,38.8,t,lite
PC,WLNP-5-2,853,General Community Waterton Lakes National Park 2018,10,2018-06-22 04:48:00,7042,180,Pyrrhula erythaca,,,78.00,81.00,30.0,f,lite
PC,WLNP-5-2,853,General Community Waterton Lakes National Park 2018,10,2018-06-22 04:48:00,7042,180,Zonotrichia leucophrys,White-crowned Sparrow,WCSP,117.00,120.00,38.7,t,lite
PC,WLNP-5-2,853,General Community Waterton Lakes National Park 2018,10,2018-06-22 04:48:00,7042,180,Zonotrichia leucophrys,White-crowned Sparrow,WCSP,159.00,162.00,27.7,t,lite
PC,WLNP-5-2,853,General Community Waterton Lakes National Park 2018,10,2018-06-22 04:48:00,7042,180,Vireo gilvus,Warbling Vireo,WAVI,162.00,165.00,39.3,t,lite
PC,WLNP-5-2,853,General Community Waterton Lakes National Park 2018,10,2018-06-22 04:48:00,7042,180,Vireo gilvus,Warbling Vireo,WAVI,168.00,171.00,28.7,t,lite
PC,WLNP-5-2,853,General Community Waterton Lakes National Park 2018,10,2018-06-23 04:49:00,6980,180,Zonotrichia leucophrys,White-crowned Sparrow,WCSP,0.00,3.00,36.5,t,lite
PC,WLNP-5-2,853,General Community Waterton Lakes National Park 2018,10,2018-06-23 04:49:00,6980,180,Cyphorhinus thoracicus,,,6.00,9.00,37.8,f,lite
PC,WLNP-5-2,853,General Community Waterton Lakes National Park 2018,10,2018-06-23 04:49:00,6980,180,Anthus bogotensis,,,9.00,12.00,30.7,f,lite
PC,WLNP-5-2,853,General Community Waterton Lakes National Park 2018,10,2018-06-23 04:49:00,6980,180,Cyphorhinus thoracicus,,,18.00,21.00,32.1,f,lite
PC,WLNP-5-2,853,General Community Waterton Lakes National Park 2018,10,2018-06-23 04:49:00,6980,180,Zonotrichia leucophrys,White-crowned Sparrow,WCSP,18.00,21.00,58.0,t,lite
PC,WLNP-5-2,853,General Community Waterton Lakes National Park 2018,10,2018-06-23 04:49:00,6980,180,Zonotrichia leucophrys,White-crowned Sparrow,WCSP,24.00,27.00,51.2,t,lite
PC,WLNP-5-2,853,General Community Waterton Lakes National Park 2018,10,2018-06-23 04:49:00,6980,180,Cyphorhinus thoracicus,,,24.00,27.00,35.3,f,lite
PC,WLNP-5-2,853,General Community Waterton Lakes National Park 2018,10,2018-06-23 04:49:00,6980,180,Zonotrichia leucophrys,White-crowned Sparrow,WCSP,30.00,33.00,54.4,t,lite
PC,WLNP-5-2,853,General Community Waterton Lakes National Park 2018,10,2018-06-23 04:49:00,6980,180,Cyphorhinus thoracicus,,,30.00,33.00,37.0,f,lite
PC,WLNP-5-2,853,General Community Waterton Lakes National Park 2018,10,2018-06-23 04:49:00,6980,180,Zonotrichia leucophrys,White-crowned Sparrow,WCSP,33.00,36.00,27.1,t,lite
PC,WLNP-5-2,853,General Community Waterton Lakes National Park 2018,10,2018-06-23 04:49:00,6980,180,Nilaus afer,,,36.00,39.00,28.9,f,lite
PC,WLNP-5-2,853,General Community Waterton Lakes National Park 2018,10,2018-06-23 04:49:00,6980,180,Cyphorhinus thoracicus,,,36.00,39.00,43.4,f,lite
PC,WLNP-5-2,853,General Community Waterton Lakes National Park 2018,10,2018-06-23 04:49:00,6980,180,Zoothera aurea,White's Thrush,WHTH,36.00,39.00,34.5,t,lite
PC,WLNP-5-2,853,General Community Waterton Lakes National Park 2018,10,2018-06-23 04:49:00,6980,180,Zonotrichia leucophrys,White-crowned Sparrow,WCSP,45.00,48.00,35.6,t,lite
PC,WLNP-5-2,853,General Community Waterton Lakes National Park 2018,10,2018-06-23 04:49:00,6980,180,Zoothera aurea,White's Thrush,WHTH,51.00,54.00,25.3,t,lite
PC,WLNP-5-2,853,General Community Waterton Lakes National Park 2018,10,2018-06-23 04:49:00,6980,180,Zonotrichia leucophrys,White-crowned Sparrow,WCSP,54.00,57.00,31.9,t,lite
PC,WLNP-5-2,853,General Community Waterton Lakes National Park 2018,10,2018-06-23 04:49:00,6980,180,Zonotrichia leucophrys,White-crowned Sparrow,WCSP,60.00,63.00,50.5,t,lite
PC,WLNP-5-2,853,General Community Waterton Lakes National Park 2018,10,2018-06-23 04:49:00,6980,180,Cyphorhinus thoracicus,,,66.00,69.00,32.8,f,lite
PC,WLNP-5-2,853,General Community Waterton Lakes National Park 2018,10,2018-06-23 04:49:00,6980,180,Zonotrichia leucophrys,White-crowned Sparrow,WCSP,66.00,69.00,32.8,t,lite
PC,WLNP-5-2,853,General Community Waterton Lakes National Park 2018,10,2018-06-23 04:49:00,6980,180,Zonotrichia leucophrys,White-crowned Sparrow,WCSP,69.00,72.00,41.8,t,lite
PC,WLNP-5-2,853,General Community Waterton Lakes National Park 2018,10,2018-06-23 04:49:00,6980,180,Zonotrichia leucophrys,White-crowned Sparrow,WCSP,78.00,81.00,38.1,t,lite
PC,WLNP-5-2,853,General Community Waterton Lakes National Park 2018,10,2018-06-23 04:49:00,6980,180,Zonotrichia leucophrys,White-crowned Sparrow,WCSP,84.00,87.00,28.8,t,lite
PC,WLNP-5-2,853,General Community Waterton Lakes National Park 2018,10,2018-06-23 04:49:00,6980,180,Saltator maximus,Buff-throated Saltator,BTSA,87.00,90.00,26.0,t,lite
PC,WLNP-5-2,853,General Community Waterton Lakes National Park 2018,10,2018-06-23 04:49:00,6980,180,Zonotrichia leucophrys,White-crowned Sparrow,WCSP,90.00,93.00,38.5,t,lite
PC,WLNP-5-2,853,General Community Waterton Lakes National Park 2018,10,2018-06-23 04:49:00,6980,180,Zonotrichia leucophrys,White-crowned Sparrow,WCSP,99.00,102.00,52.8,t,lite
PC,WLNP-5-2,853,General Community Waterton Lakes National Park 2018,10,2018-06-23 04:49:00,6980,180,Cyphorhinus thoracicus,,,102.00,105.00,32.4,f,lite
PC,WLNP-5-2,853,General Community Waterton Lakes National Park 2018,10,2018-06-23 04:49:00,6980,180,Zonotrichia leucophrys,White-crowned Sparrow,WCSP,105.00,108.00,42.6,t,lite
PC,WLNP-5-2,853,General Community Waterton Lakes National Park 2018,10,2018-06-23 04:49:00,6980,180,Cyphorhinus thoracicus,,,111.00,114.00,34.3,f,lite
PC,WLNP-5-2,853,General Community Waterton Lakes National Park 2018,10,2018-06-23 04:49:00,6980,180,Cyphorhinus thoracicus,,,117.00,120.00,43.7,f,lite
PC,WLNP-5-2,853,General Community Waterton Lakes National Park 2018,10,2018-06-23 04:49:00,6980,180,Zonotrichia leucophrys,White-crowned Sparrow,WCSP,120.00,123.00,42.0,t,lite
PC,WLNP-5-2,853,General Community Waterton Lakes National Park 2018,10,2018-06-23 04:49:00,6980,180,Prunella modularis,Dunnock,PRUMOD,123.00,126.00,39.4,t,lite
PC,WLNP-5-2,853,General Community Waterton Lakes National Park 2018,10,2018-06-23 04:49:00,6980,180,Cyphorhinus thoracicus,,,126.00,129.00,40.8,f,lite
PC,WLNP-5-2,853,General Community Waterton Lakes National Park 2018,10,2018-06-23 04:49:00,6980,180,Zonotrichia leucophrys,White-crowned Sparrow,WCSP,129.00,132.00,47.2,t,lite
PC,WLNP-5-2,853,General Community Waterton Lakes National Park 2018,10,2018-06-23 04:49:00,6980,180,Zonotrichia leucophrys,White-crowned Sparrow,WCSP,132.00,135.00,39.7,t,lite
PC,WLNP-5-2,853,General Community Waterton Lakes National Park 2018,10,2018-06-23 04:49:00,6980,180,Cyphorhinus thoracicus,,,138.00,141.00,33.5,f,lite
PC,WLNP-5-2,853,General Community Waterton Lakes National Park 2018,10,2018-06-23 04:49:00,6980,180,Zonotrichia leucophrys,White-crowned Sparrow,WCSP,144.00,147.00,43.9,t,lite
PC,WLNP-5-2,853,General Community Waterton Lakes National Park 2018,10,2018-06-23 04:49:00,6980,180,Zonotrichia leucophrys,White-crowned Sparrow,WCSP,153.00,156.00,45.2,t,lite
PC,WLNP-5-2,853,General Community Waterton Lakes National Park 2018,10,2018-06-23 04:49:00,6980,180,Zonotrichia leucophrys,White-crowned Sparrow,WCSP,174.00,177.00,37.3,t,lite
PC,WLNP-5-3,874,General Community Waterton Lakes National Park 2018,10,2018-06-17 21:44:00,6965,180,Cyclarhis gujanensis,Rufous-browed Peppershrike,RBPE,0.00,3.00,27.4,t,lite
PC,WLNP-5-3,874,General Community Waterton Lakes National Park 2018,10,2018-06-17 21:44:00,6965,180,Catharus ustulatus,Swainson's Thrush,SWTH,6.00,9.00,45.9,t,lite
PC,WLNP-5-3,874,General Community Waterton Lakes National Park 2018,10,2018-06-17 21:44:00,6965,180,Catharus ustulatus,Swainson's Thrush,SWTH,9.00,12.00,27.6,t,lite
PC,WLNP-5-3,874,General Community Waterton Lakes National Park 2018,10,2018-06-17 21:44:00,6965,180,Catharus ustulatus,Swainson's Thrush,SWTH,15.00,18.00,49.0,t,lite
PC,WLNP-5-3,874,General Community Waterton Lakes National Park 2018,10,2018-06-17 21:44:00,6965,180,Henicorhina leucophrys,Gray-breasted Wood-Wren,GBWW,15.00,18.00,35.1,t,lite
PC,WLNP-5-3,874,General Community Waterton Lakes National Park 2018,10,2018-06-17 21:44:00,6965,180,Catharus ustulatus,Swainson's Thrush,SWTH,18.00,21.00,43.4,t,lite
PC,WLNP-5-3,874,General Community Waterton Lakes National Park 2018,10,2018-06-17 21:44:00,6965,180,Catharus ustulatus,Swainson's Thrush,SWTH,21.00,24.00,33.8,t,lite
PC,WLNP-5-3,874,General Community Waterton Lakes National Park 2018,10,2018-06-17 21:44:00,6965,180,Henicorhina leucophrys,Gray-breasted Wood-Wren,GBWW,21.00,24.00,26.5,t,lite
PC,WLNP-5-3,874,General Community Waterton Lakes National Park 2018,10,2018-06-17 21:44:00,6965,180,Catharus guttatus,Hermit Thrush,HETH,24.00,27.00,40.3,t,lite
PC,WLNP-5-3,874,General Community Waterton Lakes National Park 2018,10,2018-06-17 21:44:00,6965,180,Catharus ustulatus,Swainson's Thrush,SWTH,24.00,27.00,25.8,t,lite
PC,WLNP-5-3,874,General Community Waterton Lakes National Park 2018,10,2018-06-17 21:44:00,6965,180,Catharus ustulatus,Swainson's Thrush,SWTH,27.00,30.00,35.2,t,lite
PC,WLNP-5-3,874,General Community Waterton Lakes National Park 2018,10,2018-06-17 21:44:00,6965,180,Catharus ustulatus,Swainson's Thrush,SWTH,30.00,33.00,25.4,t,lite
PC,WLNP-5-3,874,General Community Waterton Lakes National Park 2018,10,2018-06-17 21:44:00,6965,180,Catharus ustulatus,Swainson's Thrush,SWTH,33.00,36.00,53.1,t,lite
PC,WLNP-5-3,874,General Community Waterton Lakes National Park 2018,10,2018-06-17 21:44:00,6965,180,Catharus ustulatus,Swainson's Thrush,SWTH,39.00,42.00,26.4,t,lite
PC,WLNP-5-3,874,General Community Waterton Lakes National Park 2018,10,2018-06-17 21:44:00,6965,180,Catharus ustulatus,Swainson's Thrush,SWTH,42.00,45.00,41.8,t,lite
PC,WLNP-5-3,874,General Community Waterton Lakes National Park 2018,10,2018-06-17 21:44:00,6965,180,Catharus ustulatus,Swainson's Thrush,SWTH,45.00,48.00,25.6,t,lite
PC,WLNP-5-3,874,General Community Waterton Lakes National Park 2018,10,2018-06-17 21:44:00,6965,180,Catharus ustulatus,Swainson's Thrush,SWTH,48.00,51.00,46.6,t,lite
PC,WLNP-5-3,874,General Community Waterton Lakes National Park 2018,10,2018-06-17 21:44:00,6965,180,Catharus ustulatus,Swainson's Thrush,SWTH,51.00,54.00,51.4,t,lite
PC,WLNP-5-3,874,General Community Waterton Lakes National Park 2018,10,2018-06-17 21:44:00,6965,180,Catharus ustulatus,Swainson's Thrush,SWTH,57.00,60.00,51.4,t,lite
PC,WLNP-5-3,874,General Community Waterton Lakes National Park 2018,10,2018-06-17 21:44:00,6965,180,Catharus ustulatus,Swainson's Thrush,SWTH,66.00,69.00,33.7,t,lite
PC,WLNP-5-3,874,General Community Waterton Lakes National Park 2018,10,2018-06-17 21:44:00,6965,180,Catharus ustulatus,Swainson's Thrush,SWTH,72.00,75.00,31.0,t,lite
PC,WLNP-5-3,874,General Community Waterton Lakes National Park 2018,10,2018-06-17 21:44:00,6965,180,Catharus ustulatus,Swainson's Thrush,SWTH,75.00,78.00,36.1,t,lite
PC,WLNP-5-3,874,General Community Waterton Lakes National Park 2018,10,2018-06-17 21:44:00,6965,180,Horornis seebohmi,,,78.00,81.00,27.0,f,lite
PC,WLNP-5-3,874,General Community Waterton Lakes National Park 2018,10,2018-06-17 21:44:00,6965,180,Catharus ustulatus,Swainson's Thrush,SWTH,78.00,81.00,87.8,t,lite
PC,WLNP-5-3,874,General Community Waterton Lakes National Park 2018,10,2018-06-17 21:44:00,6965,180,Catharus ustulatus,Swainson's Thrush,SWTH,84.00,87.00,26.2,t,lite
PC,WLNP-5-3,874,General Community Waterton Lakes National Park 2018,10,2018-06-17 21:44:00,6965,180,Catharus ustulatus,Swainson's Thrush,SWTH,87.00,90.00,32.9,t,lite
PC,WLNP-5-3,874,General Community Waterton Lakes National Park 2018,10,2018-06-17 21:44:00,6965,180,Catharus ustulatus,Swainson's Thrush,SWTH,90.00,93.00,57.9,t,lite
PC,WLNP-5-3,874,General Community Waterton Lakes National Park 2018,10,2018-06-17 21:44:00,6965,180,Catharus ustulatus,Swainson's Thrush,SWTH,93.00,96.00,30.6,t,lite
PC,WLNP-5-3,874,General Community Waterton Lakes National Park 2018,10,2018-06-17 21:44:00,6965,180,Catharus ustulatus,Swainson's Thrush,SWTH,99.00,102.00,30.6,t,lite
PC,WLNP-5-3,874,General Community Waterton Lakes National Park 2018,10,2018-06-17 21:44:00,6965,180,Catharus ustulatus,Swainson's Thrush,SWTH,102.00,105.00,44.5,t,lite
PC,WLNP-5-3,874,General Community Waterton Lakes National Park 2018,10,2018-06-17 21:44:00,6965,180,Catharus ustulatus,Swainson's Thrush,SWTH,105.00,108.00,33.0,t,lite
PC,WLNP-5-3,874,General Community Waterton Lakes National Park 2018,10,2018-06-17 21:44:00,6965,180,Catharus ustulatus,Swainson's Thrush,SWTH,108.00,111.00,33.4,t,lite
PC,WLNP-5-3,874,General Community Waterton Lakes National Park 2018,10,2018-06-17 21:44:00,6965,180,Catharus ustulatus,Swainson's Thrush,SWTH,114.00,117.00,55.2,t,lite
PC,WLNP-5-3,874,General Community Waterton Lakes National Park 2018,10,2018-06-17 21:44:00,6965,180,Ficedula zanthopygia,,,120.00,123.00,38.9,f,lite
PC,WLNP-5-3,874,General Community Waterton Lakes National Park 2018,10,2018-06-17 21:44:00,6965,180,Catharus ustulatus,Swainson's Thrush,SWTH,120.00,123.00,27.0,t,lite
PC,WLNP-5-3,874,General Community Waterton Lakes National Park 2018,10,2018-06-17 21:44:00,6965,180,Catharus ustulatus,Swainson's Thrush,SWTH,132.00,135.00,38.3,t,lite
PC,WLNP-5-3,874,General Community Waterton Lakes National Park 2018,10,2018-06-17 21:44:00,6965,180,Catharus ustulatus,Swainson's Thrush,SWTH,138.00,141.00,58.1,t,lite
PC,WLNP-5-3,874,General Community Waterton Lakes National Park 2018,10,2018-06-17 21:44:00,6965,180,Catharus ustulatus,Swainson's Thrush,SWTH,159.00,162.00,28.9,t,lite
PC,WLNP-5-3,874,General Community Waterton Lakes National Park 2018,10,2018-06-17 21:44:00,6965,180,Ixoreus naevius,Varied Thrush,VATH,162.00,165.00,35.0,t,lite
PC,WLNP-5-3,874,General Community Waterton Lakes National Park 2018,10,2018-06-17 21:44:00,6965,180,Catharus ustulatus,Swainson's Thrush,SWTH,168.00,171.00,30.3,t,lite
PC,WLNP-5-3,874,General Community Waterton Lakes National Park 2018,10,2018-06-17 21:44:00,6965,180,Catharus ustulatus,Swainson's Thrush,SWTH,177.00,180.00,30.7,t,lite
PC,WLNP-5-3,874,General Community Waterton Lakes National Park 2018,10,2018-06-19 05:18:00,85253,180,Illadopsis rufipennis,,,0.00,3.00,28.6,f,lite
PC,WLNP-5-3,874,General Community Waterton Lakes National Park 2018,10,2018-06-19 05:18:00,85253,180,Mystacornis crossleyi,,,0.00,3.00,29.1,f,lite
PC,WLNP-5-3,874,General Community Waterton Lakes National Park 2018,10,2018-06-19 05:18:00,85253,180,Myadestes genibarbis,Rufous-throated Solitaire,RTSO,0.00,3.00,32.3,t,lite
PC,WLNP-5-3,874,General Community Waterton Lakes National Park 2018,10,2018-06-19 05:18:00,85253,180,Tunchiornis ochraceiceps,Tawny-crowned Greenlet,TCGR,0.00,3.00,26.9,t,lite
PC,WLNP-5-3,874,General Community Waterton Lakes National Park 2018,10,2018-06-19 05:18:00,85253,180,Cochoa viridis,,,0.00,3.00,57.7,f,lite
PC,WLNP-5-3,874,General Community Waterton Lakes National Park 2018,10,2018-06-19 05:18:00,85253,180,Ixoreus naevius,Varied Thrush,VATH,0.00,3.00,43.3,t,lite
PC,WLNP-5-3,874,General Community Waterton Lakes National Park 2018,10,2018-06-19 05:18:00,85253,180,Ramphocaenus melanurus,Long-billed Gnatwren,LBGN,12.00,15.00,27.5,t,lite
PC,WLNP-5-3,874,General Community Waterton Lakes National Park 2018,10,2018-06-19 05:18:00,85253,180,Tunchiornis ochraceiceps,Tawny-crowned Greenlet,TCGR,33.00,36.00,29.4,t,lite
PC,WLNP-5-3,874,General Community Waterton Lakes National Park 2018,10,2018-06-19 05:18:00,85253,180,Turdus cardis,,,39.00,42.00,26.6,f,lite
PC,WLNP-5-3,874,General Community Waterton Lakes National Park 2018,10,2018-06-19 05:18:00,85253,180,Regulus calendula,,,45.00,48.00,26.9,f,lite
PC,WLNP-5-3,874,General Community Waterton Lakes National Park 2018,10,2018-06-19 05:18:00,85253,180,Vireo gilvus,Warbling Vireo,WAVI,63.00,66.00,25.8,t,lite
PC,WLNP-5-3,874,General Community Waterton Lakes National Park 2018,10,2018-06-19 05:18:00,85253,180,Colluricincla boweri,,,72.00,75.00,26.6,f,lite
PC,WLNP-5-3,874,General Community Waterton Lakes National Park 2018,10,2018-06-19 05:18:00,85253,180,Zoothera aurea,White's Thrush,WHTH,96.00,99.00,25.4,t,lite
PC,WLNP-5-3,874,General Community Waterton Lakes National Park 2018,10,2018-06-19 05:18:00,85253,180,Tunchiornis ochraceiceps,Tawny-crowned Greenlet,TCGR,96.00,99.00,26.0,t,lite
PC,WLNP-5-3,874,General Community Waterton Lakes National Park 2018,10,2018-06-19 05:18:00,85253,180,Mystacornis crossleyi,,,96.00,99.00,29.9,f,lite
PC,WLNP-5-3,874,General Community Waterton Lakes National Park 2018,10,2018-06-19 05:18:00,85253,180,Cochoa viridis,,,96.00,99.00,31.3,f,lite
PC,WLNP-5-3,874,General Community Waterton Lakes National Park 2018,10,2018-06-19 05:18:00,85253,180,Ixoreus naevius,Varied Thrush,VATH,96.00,99.00,39.2,t,lite
PC,WLNP-5-3,874,General Community Waterton Lakes National Park 2018,10,2018-06-19 05:18:00,85253,180,Picumnus sclateri,,,99.00,102.00,27.3,f,lite
PC,WLNP-5-3,874,General Community Waterton Lakes National Park 2018,10,2018-06-19 05:18:00,85253,180,Regulus calendula,,,102.00,105.00,29.2,f,lite
PC,WLNP-5-3,874,General Community Waterton Lakes National Park 2018,10,2018-06-19 05:18:00,85253,180,Culicicapa ceylonensis,,,105.00,108.00,27.8,f,lite
PC,WLNP-5-3,874,General Community Waterton Lakes National Park 2018,10,2018-06-19 05:18:00,85253,180,Regulus calendula,,,120.00,123.00,29.1,f,lite
PC,WLNP-5-3,874,General Community Waterton Lakes National Park 2018,10,2018-06-19 05:18:00,85253,180,Pyrrhula nipalensis,,,126.00,129.00,25.0,f,lite
PC,WLNP-5-3,874,General Community Waterton Lakes National Park 2018,10,2018-06-19 05:18:00,85253,180,Regulus calendula,,,138.00,141.00,28.0,f,lite
PC,WLNP-5-3,874,General Community Waterton Lakes National Park 2018,10,2018-06-19 05:18:00,85253,180,Setophaga citrina,Hooded Warbler,HOWA,150.00,153.00,26.8,t,lite
PC,WLNP-5-3,874,General Community Waterton Lakes National Park 2018,10,2018-06-19 05:18:00,85253,180,Regulus calendula,,,156.00,159.00,46.3,f,lite
PC,WLNP-5-3,874,General Community Waterton Lakes National Park 2018,10,2018-06-19 05:18:00,85253,180,Regulus calendula,,,159.00,162.00,41.9,f,lite
PC,WLNP-5-3,874,General Community Waterton Lakes National Park 2018,10,2018-06-19 05:18:00,85253,180,Regulus calendula,,,171.00,174.00,30.3,f,lite
PC,WLNP-5-3,874,General Community Waterton Lakes National Park 2018,10,2018-06-20 04:48:00,6955,180,Setophaga auduboni,,,9.00,12.00,25.7,f,lite
PC,WLNP-5-3,874,General Community Waterton Lakes National Park 2018,10,2018-06-20 04:48:00,6955,180,Catharus ustulatus,Swainson's Thrush,SWTH,12.00,15.00,44.2,t,lite
PC,WLNP-5-3,874,General Community Waterton Lakes National Park 2018,10,2018-06-20 04:48:00,6955,180,Catharus ustulatus,Swainson's Thrush,SWTH,27.00,30.00,31.6,t,lite
PC,WLNP-5-3,874,General Community Waterton Lakes National Park 2018,10,2018-06-20 04:48:00,6955,180,Catharus ustulatus,Swainson's Thrush,SWTH,30.00,33.00,44.7,t,lite
PC,WLNP-5-3,874,General Community Waterton Lakes National Park 2018,10,2018-06-20 04:48:00,6955,180,Catharus ustulatus,Swainson's Thrush,SWTH,45.00,48.00,32.9,t,lite
PC,WLNP-5-3,874,General Community Waterton Lakes National Park 2018,10,2018-06-20 04:48:00,6955,180,Catharus ustulatus,Swainson's Thrush,SWTH,57.00,60.00,26.7,t,lite
PC,WLNP-5-3,874,General Community Waterton Lakes National Park 2018,10,2018-06-20 04:48:00,6955,180,Catharus ustulatus,Swainson's Thrush,SWTH,63.00,66.00,30.5,t,lite
PC,WLNP-5-3,874,General Community Waterton Lakes National Park 2018,10,2018-06-20 04:48:00,6955,180,Catharus ustulatus,Swainson's Thrush,SWTH,75.00,78.00,35.4,t,lite
PC,WLNP-5-3,874,General Community Waterton Lakes National Park 2018,10,2018-06-20 04:48:00,6955,180,Catharus ustulatus,Swainson's Thrush,SWTH,90.00,93.00,45.4,t,lite
PC,WLNP-5-3,874,General Community Waterton Lakes National Park 2018,10,2018-06-20 04:48:00,6955,180,Catharus ustulatus,Swainson's Thrush,SWTH,93.00,96.00,34.2,t,lite
PC,WLNP-5-3,874,General Community Waterton Lakes National Park 2018,10,2018-06-20 04:48:00,6955,180,Catharus ustulatus,Swainson's Thrush,SWTH,111.00,114.00,28.5,t,lite
PC,WLNP-5-3,874,General Community Waterton Lakes National Park 2018,10,2018-06-20 04:48:00,6955,180,Catharus ustulatus,Swainson's Thrush,SWTH,117.00,120.00,29.8,t,lite
PC,WLNP-5-3,874,General Community Waterton Lakes National Park 2018,10,2018-06-20 04:48:00,6955,180,Setophaga auduboni,,,120.00,123.00,28.8,f,lite
PC,WLNP-5-3,874,General Community Waterton Lakes National Park 2018,10,2018-06-20 04:48:00,6955,180,Catharus ustulatus,Swainson's Thrush,SWTH,123.00,126.00,30.3,t,lite
PC,WLNP-5-3,874,General Community Waterton Lakes National Park 2018,10,2018-06-20 04:48:00,6955,180,Catharus ustulatus,Swainson's Thrush,SWTH,135.00,138.00,28.3,t,lite
PC,WLNP-5-3,874,General Community Waterton Lakes National Park 2018,10,2018-06-22 05:18:00,6966,180,Turdus cardis,,,0.00,3.00,25.2,f,lite
PC,WLNP-5-3,874,General Community Waterton Lakes National Park 2018,10,2018-06-22 05:18:00,6966,180,Turdus cardis,,,21.00,24.00,27.1,f,lite
PC,WLNP-5-3,874,General Community Waterton Lakes National Park 2018,10,2018-06-22 05:18:00,6966,180,Turdus cardis,,,39.00,42.00,28.2,f,lite
PC,WLNP-5-3,874,General Community Waterton Lakes National Park 2018,10,2018-06-22 05:18:00,6966,180,Turdus cardis,,,60.00,63.00,25.5,f,lite
PC,WLNP-5-3,874,General Community Waterton Lakes National Park 2018,10,2018-06-22 05:18:00,6966,180,Turdus cardis,,,84.00,87.00,25.6,f,lite
PC,WLNP-5-3,874,General Community Waterton Lakes National Park 2018,10,2018-06-22 05:18:00,6966,180,Geothlypis tolmiei,MacGillivray's Warbler,MGWA,99.00,102.00,29.5,t,lite
PC,WLNP-5-3,874,General Community Waterton Lakes National Park 2018,10,2018-06-22 05:18:00,6966,180,Pheucticus melanocephalus,,,123.00,126.00,28.6,f,lite
PC,WLNP-5-3,874,General Community Waterton Lakes National Park 2018,10,2018-06-22 05:18:00,6966,180,Turdus migratorius,American Robin,AMRO,153.00,156.00,30.9,t,lite
PC,WLNP-5-3,874,General Community Waterton Lakes National Park 2018,10,2018-06-22 05:18:00,6966,180,Turdus cardis,,,159.00,162.00,31.6,f,lite
PC,WLNP-5-3,874,General Community Waterton Lakes National Park 2018,10,2018-06-22 05:18:00,6966,180,Pheucticus melanocephalus,,,174.00,177.00,26.1,f,lite
PC,WLNP-5-3,874,General Community Waterton Lakes National Park 2018,10,2018-06-23 04:49:00,7069,180,Catharus ustulatus,Swainson's Thrush,SWTH,3.00,6.00,55.8,t,lite
PC,WLNP-5-3,874,General Community Waterton Lakes National Park 2018,10,2018-06-23 04:49:00,7069,180,Catharus ustulatus,Swainson's Thrush,SWTH,6.00,9.00,41.2,t,lite
PC,WLNP-5-3,874,General Community Waterton Lakes National Park 2018,10,2018-06-23 04:49:00,7069,180,Catharus ustulatus,Swainson's Thrush,SWTH,12.00,15.00,54.3,t,lite
PC,WLNP-5-3,874,General Community Waterton Lakes National Park 2018,10,2018-06-23 04:49:00,7069,180,Catharus ustulatus,Swainson's Thrush,SWTH,18.00,21.00,25.2,t,lite
PC,WLNP-5-3,874,General Community Waterton Lakes National Park 2018,10,2018-06-23 04:49:00,7069,180,Myrmophylax atrothorax,,,30.00,33.00,32.7,f,lite
PC,WLNP-5-3,874,General Community Waterton Lakes National Park 2018,10,2018-06-23 04:49:00,7069,180,Thryothorus ludovicianus,Carolina Wren,CARW,48.00,51.00,26.4,t,lite
PC,WLNP-5-3,874,General Community Waterton Lakes National Park 2018,10,2018-06-23 04:49:00,7069,180,Catharus ustulatus,Swainson's Thrush,SWTH,48.00,51.00,27.2,t,lite
PC,WLNP-5-3,874,General Community Waterton Lakes National Park 2018,10,2018-06-23 04:49:00,7069,180,Zonotrichia albicollis,White-throated Sparrow,WTSP,51.00,54.00,30.1,t,lite
PC,WLNP-5-3,874,General Community Waterton Lakes National Park 2018,10,2018-06-23 04:49:00,7069,180,Lochmias nematura,Sharp-tailed Streamcreeper,STST,63.00,66.00,31.9,t,lite
PC,WLNP-5-3,874,General Community Waterton Lakes National Park 2018,10,2018-06-23 04:49:00,7069,180,Turdus chrysolaus,,,81.00,84.00,29.4,f,lite
PC,WLNP-5-3,874,General Community Waterton Lakes National Park 2018,10,2018-06-23 04:49:00,7069,180,Turdus amaurochalinus,,,81.00,84.00,29.8,f,lite
PC,WLNP-5-3,874,General Community Waterton Lakes National Park 2018,10,2018-06-23 04:49:00,7069,180,Turdus migratorius,American Robin,AMRO,81.00,84.00,29.2,t,lite
PC,WLNP-5-3,874,General Community Waterton Lakes National Park 2018,10,2018-06-23 04:49:00,7069,180,Turdus amaurochalinus,,,84.00,87.00,25.8,f,lite
PC,WLNP-5-3,874,General Community Waterton Lakes National Park 2018,10,2018-06-23 04:49:00,7069,180,Turdus amaurochalinus,,,87.00,90.00,32.8,f,lite
PC,WLNP-5-3,874,General Community Waterton Lakes National Park 2018,10,2018-06-23 04:49:00,7069,180,Turdus viscivorus,Mistle Thrush,MITH,87.00,90.00,25.2,t,lite
PC,WLNP-5-3,874,General Community Waterton Lakes National Park 2018,10,2018-06-23 04:49:00,7069,180,Turdus ignobilis,,,93.00,96.00,45.1,f,lite
PC,WLNP-5-3,874,General Community Waterton Lakes National Park 2018,10,2018-06-23 04:49:00,7069,180,Turdus migratorius,American Robin,AMRO,93.00,96.00,51.4,t,lite
PC,WLNP-5-3,874,General Community Waterton Lakes National Park 2018,10,2018-06-23 04:49:00,7069,180,Turdus amaurochalinus,,,93.00,96.00,43.9,f,lite
PC,WLNP-5-3,874,General Community Waterton Lakes National Park 2018,10,2018-06-23 04:49:00,7069,180,Turdus cardis,,,96.00,99.00,27.3,f,lite
PC,WLNP-5-3,874,General Community Waterton Lakes National Park 2018,10,2018-06-23 04:49:00,7069,180,Turdus ignobilis,,,99.00,102.00,25.1,f,lite
PC,WLNP-5-3,874,General Community Waterton Lakes National Park 2018,10,2018-06-23 04:49:00,7069,180,Turdus cardis,,,129.00,132.00,26.5,f,lite
PC,WLNP-5-3,874,General Community Waterton Lakes National Park 2018,10,2018-06-23 04:49:00,7069,180,Turdus migratorius,American Robin,AMRO,132.00,135.00,35.2,t,lite
PC,WLNP-5-3,874,General Community Waterton Lakes National Park 2018,10,2018-06-23 04:49:00,7069,180,Turdus fuscater,,,138.00,141.00,26.5,f,lite
PC,WLNP-5-3,874,General Community Waterton Lakes National Park 2018,10,2018-06-23 04:49:00,7069,180,Turdus migratorius,American Robin,AMRO,144.00,147.00,33.0,t,lite
PC,WLNP-5-3,874,General Community Waterton Lakes National Park 2018,10,2018-06-23 04:49:00,7069,180,Turdus fuscater,,,147.00,150.00,28.6,f,lite
PC,WLNP-5-4,869,General Community Waterton Lakes National Park 2018,10,2018-06-17 21:44:00,6981,180,Catharus ustulatus,Swainson's Thrush,SWTH,3.00,6.00,65.4,t,lite
PC,WLNP-5-4,869,General Community Waterton Lakes National Park 2018,10,2018-06-17 21:44:00,6981,180,Catharus ustulatus,Swainson's Thrush,SWTH,12.00,15.00,32.7,t,lite
PC,WLNP-5-4,869,General Community Waterton Lakes National Park 2018,10,2018-06-17 21:44:00,6981,180,Catharus ustulatus,Swainson's Thrush,SWTH,18.00,21.00,53.7,t,lite
PC,WLNP-5-4,869,General Community Waterton Lakes National Park 2018,10,2018-06-17 21:44:00,6981,180,Catharus ustulatus,Swainson's Thrush,SWTH,24.00,27.00,26.1,t,lite
PC,WLNP-5-4,869,General Community Waterton Lakes National Park 2018,10,2018-06-17 21:44:00,6981,180,Turdus viscivorus,Mistle Thrush,MITH,24.00,27.00,26.5,t,lite
PC,WLNP-5-4,869,General Community Waterton Lakes National Park 2018,10,2018-06-17 21:44:00,6981,180,Catharus ustulatus,Swainson's Thrush,SWTH,27.00,30.00,43.0,t,lite
PC,WLNP-5-4,869,General Community Waterton Lakes National Park 2018,10,2018-06-17 21:44:00,6981,180,Catharus ustulatus,Swainson's Thrush,SWTH,33.00,36.00,58.0,t,lite
PC,WLNP-5-4,869,General Community Waterton Lakes National Park 2018,10,2018-06-17 21:44:00,6981,180,Catharus ustulatus,Swainson's Thrush,SWTH,39.00,42.00,64.5,t,lite
PC,WLNP-5-4,869,General Community Waterton Lakes National Park 2018,10,2018-06-17 21:44:00,6981,180,Catharus ustulatus,Swainson's Thrush,SWTH,45.00,48.00,59.0,t,lite
PC,WLNP-5-4,869,General Community Waterton Lakes National Park 2018,10,2018-06-17 21:44:00,6981,180,Catharus ustulatus,Swainson's Thrush,SWTH,54.00,57.00,54.7,t,lite
PC,WLNP-5-4,869,General Community Waterton Lakes National Park 2018,10,2018-06-17 21:44:00,6981,180,Catharus ustulatus,Swainson's Thrush,SWTH,60.00,63.00,32.5,t,lite
PC,WLNP-5-4,869,General Community Waterton Lakes National Park 2018,10,2018-06-17 21:44:00,6981,180,Catharus ustulatus,Swainson's Thrush,SWTH,63.00,66.00,61.2,t,lite
PC,WLNP-5-4,869,General Community Waterton Lakes National Park 2018,10,2018-06-17 21:44:00,6981,180,Zoothera lunulata,,,69.00,72.00,31.3,f,lite
PC,WLNP-5-4,869,General Community Waterton Lakes National Park 2018,10,2018-06-17 21:44:00,6981,180,Alcippe poioicephala,,,69.00,72.00,26.8,f,lite
PC,WLNP-5-4,869,General Community Waterton Lakes National Park 2018,10,2018-06-17 21:44:00,6981,180,Catharus ustulatus,Swainson's Thrush,SWTH,69.00,72.00,34.0,t,lite
PC,WLNP-5-4,869,General Community Waterton Lakes National Park 2018,10,2018-06-17 21:44:00,6981,180,Catharus ustulatus,Swainson's Thrush,SWTH,72.00,75.00,46.1,t,lite
PC,WLNP-5-4,869,General Community Waterton Lakes National Park 2018,10,2018-06-17 21:44:00,6981,180,Catharus ustulatus,Swainson's Thrush,SWTH,75.00,78.00,39.3,t,lite
PC,WLNP-5-4,869,General Community Waterton Lakes National Park 2018,10,2018-06-17 21:44:00,6981,180,Catharus ustulatus,Swainson's Thrush,SWTH,81.00,84.00,53.3,t,lite
PC,WLNP-5-4,869,General Community Waterton Lakes National Park 2018,10,2018-06-17 21:44:00,6981,180,Catharus ustulatus,Swainson's Thrush,SWTH,84.00,87.00,45.0,t,lite
PC,WLNP-5-4,869,General Community Waterton Lakes National Park 2018,10,2018-06-17 21:44:00,6981,180,Catharus ustulatus,Swainson's Thrush,SWTH,90.00,93.00,46.8,t,lite
PC,WLNP-5-4,869,General Community Waterton Lakes National Park 2018,10,2018-06-17 21:44:00,6981,180,Catharus ustulatus,Swainson's Thrush,SWTH,96.00,99.00,33.3,t,lite
PC,WLNP-5-4,869,General Community Waterton Lakes National Park 2018,10,2018-06-17 21:44:00,6981,180,Catharus ustulatus,Swainson's Thrush,SWTH,99.00,102.00,27.7,t,lite
PC,WLNP-5-4,869,General Community Waterton Lakes National Park 2018,10,2018-06-17 21:44:00,6981,180,Catharus ustulatus,Swainson's Thrush,SWTH,105.00,108.00,55.3,t,lite
PC,WLNP-5-4,869,General Community Waterton Lakes National Park 2018,10,2018-06-17 21:44:00,6981,180,Catharus ustulatus,Swainson's Thrush,SWTH,108.00,111.00,26.0,t,lite
PC,WLNP-5-4,869,General Community Waterton Lakes National Park 2018,10,2018-06-17 21:44:00,6981,180,Catharus ustulatus,Swainson's Thrush,SWTH,114.00,117.00,58.3,t,lite
PC,WLNP-5-4,869,General Community Waterton Lakes National Park 2018,10,2018-06-17 21:44:00,6981,180,Catharus ustulatus,Swainson's Thrush,SWTH,123.00,126.00,34.2,t,lite
PC,WLNP-5-4,869,General Community Waterton Lakes National Park 2018,10,2018-06-17 21:44:00,6981,180,Catharus ustulatus,Swainson's Thrush,SWTH,126.00,129.00,29.3,t,lite
PC,WLNP-5-4,869,General Community Waterton Lakes National Park 2018,10,2018-06-17 21:44:00,6981,180,Zoothera lunulata,,,129.00,132.00,31.9,f,lite
PC,WLNP-5-4,869,General Community Waterton Lakes National Park 2018,10,2018-06-17 21:44:00,6981,180,Catharus ustulatus,Swainson's Thrush,SWTH,129.00,132.00,53.5,t,lite
PC,WLNP-5-4,869,General Community Waterton Lakes National Park 2018,10,2018-06-17 21:44:00,6981,180,Catharus ustulatus,Swainson's Thrush,SWTH,135.00,138.00,56.5,t,lite
PC,WLNP-5-4,869,General Community Waterton Lakes National Park 2018,10,2018-06-17 21:44:00,6981,180,Catharus ustulatus,Swainson's Thrush,SWTH,144.00,147.00,48.6,t,lite
PC,WLNP-5-4,869,General Community Waterton Lakes National Park 2018,10,2018-06-17 21:44:00,6981,180,Horornis seebohmi,,,150.00,153.00,27.5,f,lite
PC,WLNP-5-4,869,General Community Waterton Lakes National Park 2018,10,2018-06-17 21:44:00,6981,180,Catharus ustulatus,Swainson's Thrush,SWTH,150.00,153.00,79.6,t,lite
PC,WLNP-5-4,869,General Community Waterton Lakes National Park 2018,10,2018-06-17 21:44:00,6981,180,Catharus ustulatus,Swainson's Thrush,SWTH,156.00,159.00,45.8,t,lite
PC,WLNP-5-4,869,General Community Waterton Lakes National Park 2018,10,2018-06-17 21:44:00,6981,180,Catharus ustulatus,Swainson's Thrush,SWTH,162.00,165.00,44.0,t,lite
PC,WLNP-5-4,869,General Community Waterton Lakes National Park 2018,10,2018-06-17 21:44:00,6981,180,Catharus ustulatus,Swainson's Thrush,SWTH,174.00,177.00,42.7,t,lite
PC,WLNP-5-4,869,General Community Waterton Lakes National Park 2018,10,2018-06-17 21:44:00,6981,180,Catharus ustulatus,Swainson's Thrush,SWTH,177.00,180.00,42.7,t,lite
PC,WLNP-5-4,869,General Community Waterton Lakes National Park 2018,10,2018-06-19 04:48:00,85254,180,Pelecanus onocrotalus,Great White Pelican,PELONO,24.00,27.00,29.1,t,lite
PC,WLNP-5-4,869,General Community Waterton Lakes National Park 2018,10,2018-06-19 04:48:00,85254,180,Pelecanus onocrotalus,Great White Pelican,PELONO,33.00,36.00,28.3,t,lite
PC,WLNP-5-4,869,General Community Waterton Lakes National Park 2018,10,2018-06-19 04:48:00,85254,180,Pelecanus onocrotalus,Great White Pelican,PELONO,51.00,54.00,26.2,t,lite
PC,WLNP-5-4,869,General Community Waterton Lakes National Park 2018,10,2018-06-19 04:48:00,85254,180,Pelecanus onocrotalus,Great White Pelican,PELONO,60.00,63.00,29.3,t,lite
PC,WLNP-5-4,869,General Community Waterton Lakes National Park 2018,10,2018-06-19 04:48:00,85254,180,Pelecanus onocrotalus,Great White Pelican,PELONO,69.00,72.00,29.2,t,lite
PC,WLNP-5-4,869,General Community Waterton Lakes National Park 2018,10,2018-06-19 04:48:00,85254,180,Pelecanus onocrotalus,Great White Pelican,PELONO,72.00,75.00,27.2,t,lite
PC,WLNP-5-4,869,General Community Waterton Lakes National Park 2018,10,2018-06-19 04:48:00,85254,180,Pelecanus onocrotalus,Great White Pelican,PELONO,75.00,78.00,28.1,t,lite
PC,WLNP-5-4,869,General Community Waterton Lakes National Park 2018,10,2018-06-19 04:48:00,85254,180,Pelecanus onocrotalus,Great White Pelican,PELONO,78.00,81.00,29.3,t,lite
PC,WLNP-5-4,869,General Community Waterton Lakes National Park 2018,10,2018-06-19 04:48:00,85254,180,Pelecanus onocrotalus,Great White Pelican,PELONO,102.00,105.00,26.2,t,lite
PC,WLNP-5-4,869,General Community Waterton Lakes National Park 2018,10,2018-06-19 04:48:00,85254,180,Pelecanus onocrotalus,Great White Pelican,PELONO,129.00,132.00,27.3,t,lite
PC,WLNP-5-4,869,General Community Waterton Lakes National Park 2018,10,2018-06-19 04:48:00,85254,180,Pelecanus onocrotalus,Great White Pelican,PELONO,147.00,150.00,30.3,t,lite
PC,WLNP-5-4,869,General Community Waterton Lakes National Park 2018,10,2018-06-19 04:48:00,85254,180,Pelecanus onocrotalus,Great White Pelican,PELONO,153.00,156.00,32.7,t,lite
PC,WLNP-5-4,869,General Community Waterton Lakes National Park 2018,10,2018-06-20 04:48:00,7070,180,Piranga ludoviciana,Western Tanager,WETA,0.00,3.00,26.3,t,lite
PC,WLNP-5-4,869,General Community Waterton Lakes National Park 2018,10,2018-06-20 04:48:00,7070,180,Piranga olivacea,Scarlet Tanager,SCTA,12.00,15.00,31.3,t,lite
PC,WLNP-5-4,869,General Community Waterton Lakes National Park 2018,10,2018-06-20 04:48:00,7070,180,Piranga bidentata,Flame-colored Tanager,FCTA,24.00,27.00,36.8,t,lite
PC,WLNP-5-4,869,General Community Waterton Lakes National Park 2018,10,2018-06-20 04:48:00,7070,180,Piranga ludoviciana,Western Tanager,WETA,24.00,27.00,36.8,t,lite
PC,WLNP-5-4,869,General Community Waterton Lakes National Park 2018,10,2018-06-20 04:48:00,7070,180,Poecile gambeli,Mountain Chickadee,MOCH,39.00,42.00,40.0,t,lite
PC,WLNP-5-4,869,General Community Waterton Lakes National Park 2018,10,2018-06-20 04:48:00,7070,180,Poecile gambeli,Mountain Chickadee,MOCH,51.00,54.00,41.7,t,lite
PC,WLNP-5-4,869,General Community Waterton Lakes National Park 2018,10,2018-06-20 04:48:00,7070,180,Poecile weigoldicus,,,51.00,54.00,27.2,f,lite
PC,WLNP-5-4,869,General Community Waterton Lakes National Park 2018,10,2018-06-20 04:48:00,7070,180,Poecile gambeli,Mountain Chickadee,MOCH,60.00,63.00,39.9,t,lite
PC,WLNP-5-4,869,General Community Waterton Lakes National Park 2018,10,2018-06-20 04:48:00,7070,180,Catharus ustulatus,Swainson's Thrush,SWTH,63.00,66.00,30.4,t,lite
PC,WLNP-5-4,869,General Community Waterton Lakes National Park 2018,10,2018-06-20 04:48:00,7070,180,Catharus ustulatus,Swainson's Thrush,SWTH,66.00,69.00,40.6,t,lite
PC,WLNP-5-4,869,General Community Waterton Lakes National Park 2018,10,2018-06-20 04:48:00,7070,180,Turdus cardis,,,105.00,108.00,25.5,f,lite
PC,WLNP-5-4,869,General Community Waterton Lakes National Park 2018,10,2018-06-20 04:48:00,7070,180,Catharus ustulatus,Swainson's Thrush,SWTH,111.00,114.00,58.3,t,lite
PC,WLNP-5-4,869,General Community Waterton Lakes National Park 2018,10,2018-06-20 04:48:00,7070,180,Catharus ustulatus,Swainson's Thrush,SWTH,114.00,117.00,42.2,t,lite
PC,WLNP-5-4,869,General Community Waterton Lakes National Park 2018,10,2018-06-20 04:48:00,7070,180,Catharus ustulatus,Swainson's Thrush,SWTH,135.00,138.00,27.3,t,lite
PC,WLNP-5-4,869,General Community Waterton Lakes National Park 2018,10,2018-06-20 04:48:00,7070,180,Poecile gambeli,Mountain Chickadee,MOCH,168.00,171.00,54.6,t,lite
PC,WLNP-5-4,869,General Community Waterton Lakes National Park 2018,10,2018-06-20 04:48:00,7070,180,Poecile gambeli,Mountain Chickadee,MOCH,174.00,177.00,26.3,t,lite
PC,WLNP-5-4,869,General Community Waterton Lakes National Park 2018,10,2018-06-20 04:48:00,7070,180,Poecile gambeli,Mountain Chickadee,MOCH,177.00,180.00,60.4,t,lite
PC,WLNP-5-4,869,General Community Waterton Lakes National Park 2018,10,2018-06-22 05:18:00,7071,180,Emberiza cirlus,Cirl Bunting,EMBCIR,18.00,21.00,25.9,t,lite
PC,WLNP-5-4,869,General Community Waterton Lakes National Park 2018,10,2018-06-22 05:18:00,7071,180,Chlorospingus flavopectus,Common Chlorospingus,COCL,27.00,30.00,42.9,t,lite
PC,WLNP-5-4,869,General Community Waterton Lakes National Park 2018,10,2018-06-22 05:18:00,7071,180,Chlorospingus flavopectus,Common Chlorospingus,COCL,54.00,57.00,32.1,t,lite
PC,WLNP-5-4,869,General Community Waterton Lakes National Park 2018,10,2018-06-22 05:18:00,7071,180,Chlorospingus flavopectus,Common Chlorospingus,COCL,57.00,60.00,29.0,t,lite
PC,WLNP-5-4,869,General Community Waterton Lakes National Park 2018,10,2018-06-22 05:18:00,7071,180,Emberiza spodocephala,,,57.00,60.00,33.8,f,lite
PC,WLNP-5-4,869,General Community Waterton Lakes National Park 2018,10,2018-06-22 05:18:00,7071,180,Emberiza spodocephala,,,60.00,63.00,26.8,f,lite
PC,WLNP-5-4,869,General Community Waterton Lakes National Park 2018,10,2018-06-22 05:18:00,7071,180,Chlorospingus flavopectus,Common Chlorospingus,COCL,60.00,63.00,39.8,t,lite
PC,WLNP-5-4,869,General Community Waterton Lakes National Park 2018,10,2018-06-22 05:18:00,7071,180,Spizella passerina,Chipping Sparrow,CHSP,60.00,63.00,27.5,t,lite
PC,WLNP-5-4,869,General Community Waterton Lakes National Park 2018,10,2018-06-22 05:18:00,7071,180,Emberiza elegans,Yellow-throated Bunting,YTBU,60.00,63.00,27.1,t,lite
PC,WLNP-5-4,869,General Community Waterton Lakes National Park 2018,10,2018-06-22 05:18:00,7071,180,Helmitheros vermivorum,Worm-eating Warbler,WEWA,99.00,102.00,32.6,t,lite
PC,WLNP-5-4,869,General Community Waterton Lakes National Park 2018,10,2018-06-22 05:18:00,7071,180,Helmitheros vermivorum,Worm-eating Warbler,WEWA,108.00,111.00,25.3,t,lite
PC,WLNP-5-4,869,General Community Waterton Lakes National Park 2018,10,2018-06-22 05:18:00,7071,180,Helmitheros vermivorum,Worm-eating Warbler,WEWA,117.00,120.00,36.9,t,lite
PC,WLNP-5-4,869,General Community Waterton Lakes National Park 2018,10,2018-06-22 05:18:00,7071,180,Helmitheros vermivorum,Worm-eating Warbler,WEWA,123.00,126.00,51.1,t,lite
PC,WLNP-5-4,869,General Community Waterton Lakes National Park 2018,10,2018-06-22 05:18:00,7071,180,Phylloscopus sibilatrix,Wood Warbler,WOWA,123.00,126.00,29.3,t,lite
PC,WLNP-5-4,869,General Community Waterton Lakes National Park 2018,10,2018-06-22 05:18:00,7071,180,Phylloscopus sibilatrix,Wood Warbler,WOWA,126.00,129.00,25.6,t,lite
PC,WLNP-5-4,869,General Community Waterton Lakes National Park 2018,10,2018-06-22 05:18:00,7071,180,Helmitheros vermivorum,Worm-eating Warbler,WEWA,126.00,129.00,29.2,t,lite
PC,WLNP-5-4,869,General Community Waterton Lakes National Park 2018,10,2018-06-22 05:18:00,7071,180,Helmitheros vermivorum,Worm-eating Warbler,WEWA,129.00,132.00,28.4,t,lite
PC,WLNP-5-4,869,General Community Waterton Lakes National Park 2018,10,2018-06-22 05:18:00,7071,180,Spizella passerina,Chipping Sparrow,CHSP,129.00,132.00,26.7,t,lite
PC,WLNP-5-4,869,General Community Waterton Lakes National Park 2018,10,2018-06-22 05:18:00,7071,180,Helmitheros vermivorum,Worm-eating Warbler,WEWA,132.00,135.00,37.7,t,lite
PC,WLNP-5-4,869,General Community Waterton Lakes National Park 2018,10,2018-06-22 05:18:00,7071,180,Catamenia analis,,,141.00,144.00,26.8,f,lite
PC,WLNP-5-4,869,General Community Waterton Lakes National Park 2018,10,2018-06-22 05:18:00,7071,180,Phylloscopus sibilatrix,Wood Warbler,WOWA,144.00,147.00,26.9,t,lite
PC,WLNP-5-4,869,General Community Waterton Lakes National Park 2018,10,2018-06-22 05:18:00,7071,180,Helmitheros vermivorum,Worm-eating Warbler,WEWA,147.00,150.00,41.8,t,lite
PC,WLNP-5-4,869,General Community Waterton Lakes National Park 2018,10,2018-06-22 05:18:00,7071,180,Helmitheros vermivorum,Worm-eating Warbler,WEWA,150.00,153.00,49.3,t,lite
PC,WLNP-5-4,869,General Community Waterton Lakes National Park 2018,10,2018-06-22 05:18:00,7071,180,Helmitheros vermivorum,Worm-eating Warbler,WEWA,153.00,156.00,33.1,t,lite
PC,WLNP-5-4,869,General Community Waterton Lakes National Park 2018,10,2018-06-22 05:18:00,7071,180,Helmitheros vermivorum,Worm-eating Warbler,WEWA,159.00,162.00,42.8,t,lite
PC,WLNP-5-4,869,General Community Waterton Lakes National Park 2018,10,2018-06-22 05:18:00,7071,180,Piranga ludoviciana,Western Tanager,WETA,165.00,168.00,28.1,t,lite
PC,WLNP-5-4,869,General Community Waterton Lakes National Park 2018,10,2018-06-22 05:18:00,7071,180,Piranga bidentata,Flame-colored Tanager,FCTA,171.00,174.00,30.4,t,lite
PC,WLNP-5-4,869,General Community Waterton Lakes National Park 2018,10,2018-06-22 05:18:00,7071,180,Piranga ludoviciana,Western Tanager,WETA,171.00,174.00,52.9,t,lite
PC,WLNP-5-4,869,General Community Waterton Lakes National Park 2018,10,2018-06-22 05:18:00,7071,180,Piranga ludoviciana,Western Tanager,WETA,174.00,177.00,58.1,t,lite
PC,WLNP-5-4,869,General Community Waterton Lakes National Park 2018,10,2018-06-22 05:18:00,7071,180,Piranga bidentata,Flame-colored Tanager,FCTA,174.00,177.00,32.4,t,lite
PC,WLNP-5-4,869,General Community Waterton Lakes National Park 2018,10,2018-06-23 05:19:00,7043,180,Catharus ustulatus,Swainson's Thrush,SWTH,0.00,3.00,46.2,t,lite
PC,WLNP-5-4,869,General Community Waterton Lakes National Park 2018,10,2018-06-23 05:19:00,7043,180,Catharus ustulatus,Swainson's Thrush,SWTH,9.00,12.00,26.1,t,lite
PC,WLNP-5-4,869,General Community Waterton Lakes National Park 2018,10,2018-06-23 05:19:00,7043,180,Catharus ustulatus,Swainson's Thrush,SWTH,18.00,21.00,53.9,t,lite
PC,WLNP-5-4,869,General Community Waterton Lakes National Park 2018,10,2018-06-23 05:19:00,7043,180,Criniger calurus,,,27.00,30.00,26.9,f,lite
PC,WLNP-5-4,869,General Community Waterton Lakes National Park 2018,10,2018-06-23 05:19:00,7043,180,Catharus ustulatus,Swainson's Thrush,SWTH,33.00,36.00,28.8,t,lite
PC,WLNP-5-4,869,General Community Waterton Lakes National Park 2018,10,2018-06-23 05:19:00,7043,180,Sitta canadensis,Red-breasted Nuthatch,RBNU,39.00,42.00,27.6,t,lite
PC,WLNP-5-4,869,General Community Waterton Lakes National Park 2018,10,2018-06-23 05:19:00,7043,180,Catharus ustulatus,Swainson's Thrush,SWTH,42.00,45.00,51.6,t,lite
PC,WLNP-5-4,869,General Community Waterton Lakes National Park 2018,10,2018-06-23 05:19:00,7043,180,Catharus ustulatus,Swainson's Thrush,SWTH,45.00,48.00,51.7,t,lite
PC,WLNP-5-4,869,General Community Waterton Lakes National Park 2018,10,2018-06-23 05:19:00,7043,180,Catharus ustulatus,Swainson's Thrush,SWTH,63.00,66.00,57.2,t,lite
PC,WLNP-5-4,869,General Community Waterton Lakes National Park 2018,10,2018-06-23 05:19:00,7043,180,Horornis seebohmi,,,69.00,72.00,26.2,f,lite
PC,WLNP-5-4,869,General Community Waterton Lakes National Park 2018,10,2018-06-23 05:19:00,7043,180,Catharus ustulatus,Swainson's Thrush,SWTH,69.00,72.00,61.6,t,lite
PC,WLNP-5-4,869,General Community Waterton Lakes National Park 2018,10,2018-06-23 05:19:00,7043,180,Catharus ustulatus,Swainson's Thrush,SWTH,72.00,75.00,55.6,t,lite
PC,WLNP-5-4,869,General Community Waterton Lakes National Park 2018,10,2018-06-23 05:19:00,7043,180,Catharus ustulatus,Swainson's Thrush,SWTH,81.00,84.00,32.3,t,lite
PC,WLNP-5-4,869,General Community Waterton Lakes National Park 2018,10,2018-06-23 05:19:00,7043,180,Catharus ustulatus,Swainson's Thrush,SWTH,102.00,105.00,59.6,t,lite
PC,WLNP-5-4,869,General Community Waterton Lakes National Park 2018,10,2018-06-23 05:19:00,7043,180,Catharus ustulatus,Swainson's Thrush,SWTH,108.00,111.00,59.8,t,lite
PC,WLNP-5-4,869,General Community Waterton Lakes National Park 2018,10,2018-06-23 05:19:00,7043,180,Catharus ustulatus,Swainson's Thrush,SWTH,111.00,114.00,48.3,t,lite
PC,WLNP-5-4,869,General Community Waterton Lakes National Park 2018,10,2018-06-23 05:19:00,7043,180,Catharus ustulatus,Swainson's Thrush,SWTH,117.00,120.00,48.8,t,lite
PC,WLNP-5-5,860,General Community Waterton Lakes National Park 2018,10,2018-06-17 22:44:00,6982,180,*NOT GENERATED/FOUND*,,,,,,f,lite
PC,WLNP-5-5,860,General Community Waterton Lakes National Park 2018,10,2018-06-18 04:48:00,7078,180,Phylloscopus sarasinorum,,,3.00,6.00,33.5,f,lite
PC,WLNP-5-5,860,General Community Waterton Lakes National Park 2018,10,2018-06-18 04:48:00,7078,180,Geothlypis philadelphia,Mourning Warbler,MOWA,6.00,9.00,31.9,t,lite
PC,WLNP-5-5,860,General Community Waterton Lakes National Park 2018,10,2018-06-18 04:48:00,7078,180,Catharus ustulatus,Swainson's Thrush,SWTH,12.00,15.00,25.4,t,lite
PC,WLNP-5-5,860,General Community Waterton Lakes National Park 2018,10,2018-06-18 04:48:00,7078,180,Catharus ustulatus,Swainson's Thrush,SWTH,18.00,21.00,34.0,t,lite
PC,WLNP-5-5,860,General Community Waterton Lakes National Park 2018,10,2018-06-18 04:48:00,7078,180,Phylloscopus sarasinorum,,,24.00,27.00,27.5,f,lite
PC,WLNP-5-5,860,General Community Waterton Lakes National Park 2018,10,2018-06-18 04:48:00,7078,180,Catharus ustulatus,Swainson's Thrush,SWTH,27.00,30.00,31.1,t,lite
PC,WLNP-5-5,860,General Community Waterton Lakes National Park 2018,10,2018-06-18 04:48:00,7078,180,Catharus ustulatus,Swainson's Thrush,SWTH,30.00,33.00,26.4,t,lite
PC,WLNP-5-5,860,General Community Waterton Lakes National Park 2018,10,2018-06-18 04:48:00,7078,180,Catharus ustulatus,Swainson's Thrush,SWTH,36.00,39.00,33.5,t,lite
PC,WLNP-5-5,860,General Community Waterton Lakes National Park 2018,10,2018-06-18 04:48:00,7078,180,Geothlypis philadelphia,Mourning Warbler,MOWA,42.00,45.00,30.9,t,lite
PC,WLNP-5-5,860,General Community Waterton Lakes National Park 2018,10,2018-06-18 04:48:00,7078,180,Catharus ustulatus,Swainson's Thrush,SWTH,45.00,48.00,32.4,t,lite
PC,WLNP-5-5,860,General Community Waterton Lakes National Park 2018,10,2018-06-18 04:48:00,7078,180,Phylloscopus sarasinorum,,,51.00,54.00,47.3,f,lite
PC,WLNP-5-5,860,General Community Waterton Lakes National Park 2018,10,2018-06-18 04:48:00,7078,180,Catharus ustulatus,Swainson's Thrush,SWTH,51.00,54.00,40.7,t,lite
PC,WLNP-5-5,860,General Community Waterton Lakes National Park 2018,10,2018-06-18 04:48:00,7078,180,Phylloscopus sarasinorum,,,54.00,57.00,28.1,f,lite
PC,WLNP-5-5,860,General Community Waterton Lakes National Park 2018,10,2018-06-18 04:48:00,7078,180,Catharus ustulatus,Swainson's Thrush,SWTH,54.00,57.00,25.4,t,lite
PC,WLNP-5-5,860,General Community Waterton Lakes National Park 2018,10,2018-06-18 04:48:00,7078,180,Phylloscopus sarasinorum,,,57.00,60.00,25.1,f,lite
PC,WLNP-5-5,860,General Community Waterton Lakes National Park 2018,10,2018-06-18 04:48:00,7078,180,Catharus ustulatus,Swainson's Thrush,SWTH,60.00,63.00,40.1,t,lite
PC,WLNP-5-5,860,General Community Waterton Lakes National Park 2018,10,2018-06-18 04:48:00,7078,180,Catharus ustulatus,Swainson's Thrush,SWTH,72.00,75.00,40.4,t,lite
PC,WLNP-5-5,860,General Community Waterton Lakes National Park 2018,10,2018-06-18 04:48:00,7078,180,Catharus ustulatus,Swainson's Thrush,SWTH,75.00,78.00,25.8,t,lite
PC,WLNP-5-5,860,General Community Waterton Lakes National Park 2018,10,2018-06-18 04:48:00,7078,180,Catharus ustulatus,Swainson's Thrush,SWTH,84.00,87.00,50.7,t,lite
PC,WLNP-5-5,860,General Community Waterton Lakes National Park 2018,10,2018-06-18 04:48:00,7078,180,Phylloscopus sarasinorum,,,90.00,93.00,28.7,f,lite
PC,WLNP-5-5,860,General Community Waterton Lakes National Park 2018,10,2018-06-18 04:48:00,7078,180,Catharus ustulatus,Swainson's Thrush,SWTH,99.00,102.00,29.3,t,lite
PC,WLNP-5-5,860,General Community Waterton Lakes National Park 2018,10,2018-06-18 04:48:00,7078,180,Phylloscopus sarasinorum,,,99.00,102.00,28.3,f,lite
PC,WLNP-5-5,860,General Community Waterton Lakes National Park 2018,10,2018-06-18 04:48:00,7078,180,Catharus ustulatus,Swainson's Thrush,SWTH,108.00,111.00,58.2,t,lite
PC,WLNP-5-5,860,General Community Waterton Lakes National Park 2018,10,2018-06-18 04:48:00,7078,180,Catharus ustulatus,Swainson's Thrush,SWTH,114.00,117.00,37.0,t,lite
PC,WLNP-5-5,860,General Community Waterton Lakes National Park 2018,10,2018-06-18 04:48:00,7078,180,Phylloscopus sarasinorum,,,120.00,123.00,31.9,f,lite
PC,WLNP-5-5,860,General Community Waterton Lakes National Park 2018,10,2018-06-18 04:48:00,7078,180,Vireo gilvus,Warbling Vireo,WAVI,120.00,123.00,25.3,t,lite
PC,WLNP-5-5,860,General Community Waterton Lakes National Park 2018,10,2018-06-18 04:48:00,7078,180,Geothlypis philadelphia,Mourning Warbler,MOWA,132.00,135.00,31.0,t,lite
PC,WLNP-5-5,860,General Community Waterton Lakes National Park 2018,10,2018-06-18 04:48:00,7078,180,Geothlypis philadelphia,Mourning Warbler,MOWA,144.00,147.00,29.0,t,lite
PC,WLNP-5-5,860,General Community Waterton Lakes National Park 2018,10,2018-06-18 04:48:00,7078,180,Geothlypis tolmiei,MacGillivray's Warbler,MGWA,144.00,147.00,25.7,t,lite
PC,WLNP-5-5,860,General Community Waterton Lakes National Park 2018,10,2018-06-18 04:48:00,7078,180,Catharus ustulatus,Swainson's Thrush,SWTH,147.00,150.00,29.0,t,lite
PC,WLNP-5-5,860,General Community Waterton Lakes National Park 2018,10,2018-06-18 04:48:00,7078,180,Geothlypis philadelphia,Mourning Warbler,MOWA,150.00,153.00,28.9,t,lite
PC,WLNP-5-5,860,General Community Waterton Lakes National Park 2018,10,2018-06-18 04:48:00,7078,180,Catharus ustulatus,Swainson's Thrush,SWTH,165.00,168.00,32.2,t,lite
PC,WLNP-5-5,860,General Community Waterton Lakes National Park 2018,10,2018-06-18 04:48:00,7078,180,Phylloscopus sarasinorum,,,177.00,180.00,25.6,f,lite
PC,WLNP-5-5,860,General Community Waterton Lakes National Park 2018,10,2018-06-18 04:48:00,7078,180,Geothlypis philadelphia,Mourning Warbler,MOWA,177.00,180.00,30.7,t,lite
PC,WLNP-5-5,860,General Community Waterton Lakes National Park 2018,10,2018-06-19 05:18:00,85255,180,Turdus chrysolaus,,,6.00,9.00,25.5,f,lite
PC,WLNP-5-5,860,General Community Waterton Lakes National Park 2018,10,2018-06-19 05:18:00,85255,180,Pyrrhula nipalensis,,,9.00,12.00,42.9,f,lite
PC,WLNP-5-5,860,General Community Waterton Lakes National Park 2018,10,2018-06-19 05:18:00,85255,180,Turdus cardis,,,21.00,24.00,25.9,f,lite
PC,WLNP-5-5,860,General Community Waterton Lakes National Park 2018,10,2018-06-19 05:18:00,85255,180,Turdus cardis,,,75.00,78.00,26.5,f,lite
PC,WLNP-5-5,860,General Community Waterton Lakes National Park 2018,10,2018-06-19 05:18:00,85255,180,Turdus cardis,,,93.00,96.00,27.0,f,lite
PC,WLNP-5-5,860,General Community Waterton Lakes National Park 2018,10,2018-06-19 05:18:00,85255,180,Turdus cardis,,,111.00,114.00,25.5,f,lite
PC,WLNP-5-5,860,General Community Waterton Lakes National Park 2018,10,2018-06-19 05:18:00,85255,180,Turdus cardis,,,120.00,123.00,33.3,f,lite
PC,WLNP-5-5,860,General Community Waterton Lakes National Park 2018,10,2018-06-19 05:18:00,85255,180,Pyrrhula nipalensis,,,126.00,129.00,26.1,f,lite
PC,WLNP-5-5,860,General Community Waterton Lakes National Park 2018,10,2018-06-19 05:18:00,85255,180,Turdus cardis,,,147.00,150.00,39.0,f,lite
PC,WLNP-5-5,860,General Community Waterton Lakes National Park 2018,10,2018-06-19 05:18:00,85255,180,Setophaga auduboni,,,156.00,159.00,28.2,f,lite
PC,WLNP-5-5,860,General Community Waterton Lakes National Park 2018,10,2018-06-19 05:18:00,85255,180,Cyanoptila cyanomelana,,,162.00,165.00,27.7,f,lite
PC,WLNP-5-5,860,General Community Waterton Lakes National Park 2018,10,2018-06-20 05:18:00,7032,180,Cyphorhinus thoracicus,,,42.00,45.00,27.0,f,lite
PC,WLNP-5-5,860,General Community Waterton Lakes National Park 2018,10,2018-06-20 05:18:00,7032,180,Tunchiornis ochraceiceps,Tawny-crowned Greenlet,TCGR,54.00,57.00,27.9,t,lite
PC,WLNP-5-5,860,General Community Waterton Lakes National Park 2018,10,2018-06-20 05:18:00,7032,180,Zoothera aurea,White's Thrush,WHTH,54.00,57.00,26.8,t,lite
PC,WLNP-5-5,860,General Community Waterton Lakes National Park 2018,10,2018-06-20 05:18:00,7032,180,Geothlypis tolmiei,MacGillivray's Warbler,MGWA,144.00,147.00,32.5,t,lite
PC,WLNP-5-5,860,General Community Waterton Lakes National Park 2018,10,2018-06-22 05:18:00,7045,180,Piranga ludoviciana,Western Tanager,WETA,0.00,3.00,45.5,t,lite
PC,WLNP-5-5,860,General Community Waterton Lakes National Park 2018,10,2018-06-22 05:18:00,7045,180,Piranga bidentata,Flame-colored Tanager,FCTA,0.00,3.00,38.3,t,lite
PC,WLNP-5-5,860,General Community Waterton Lakes National Park 2018,10,2018-06-22 05:18:00,7045,180,Piranga ludoviciana,Western Tanager,WETA,3.00,6.00,25.9,t,lite
PC,WLNP-5-5,860,General Community Waterton Lakes National Park 2018,10,2018-06-22 05:18:00,7045,180,Piranga bidentata,Flame-colored Tanager,FCTA,3.00,6.00,31.9,t,lite
PC,WLNP-5-5,860,General Community Waterton Lakes National Park 2018,10,2018-06-22 05:18:00,7045,180,Trochalopteron variegatum,,,3.00,6.00,27.2,f,lite
PC,WLNP-5-5,860,General Community Waterton Lakes National Park 2018,10,2018-06-22 05:18:00,7045,180,Piranga olivacea,Scarlet Tanager,SCTA,3.00,6.00,29.3,t,lite
PC,WLNP-5-5,860,General Community Waterton Lakes National Park 2018,10,2018-06-22 05:18:00,7045,180,Piranga bidentata,Flame-colored Tanager,FCTA,9.00,12.00,47.5,t,lite
PC,WLNP-5-5,860,General Community Waterton Lakes National Park 2018,10,2018-06-22 05:18:00,7045,180,Piranga ludoviciana,Western Tanager,WETA,9.00,12.00,59.3,t,lite
PC,WLNP-5-5,860,General Community Waterton Lakes National Park 2018,10,2018-06-22 05:18:00,7045,180,Piranga ludoviciana,Western Tanager,WETA,12.00,15.00,41.2,t,lite
PC,WLNP-5-5,860,General Community Waterton Lakes National Park 2018,10,2018-06-22 05:18:00,7045,180,Piranga bidentata,Flame-colored Tanager,FCTA,12.00,15.00,46.5,t,lite
PC,WLNP-5-5,860,General Community Waterton Lakes National Park 2018,10,2018-06-22 05:18:00,7045,180,Piranga bidentata,Flame-colored Tanager,FCTA,15.00,18.00,58.1,t,lite
PC,WLNP-5-5,860,General Community Waterton Lakes National Park 2018,10,2018-06-22 05:18:00,7045,180,Piranga ludoviciana,Western Tanager,WETA,15.00,18.00,76.1,t,lite
PC,WLNP-5-5,860,General Community Waterton Lakes National Park 2018,10,2018-06-22 05:18:00,7045,180,Piranga bidentata,Flame-colored Tanager,FCTA,18.00,21.00,47.5,t,lite
PC,WLNP-5-5,860,General Community Waterton Lakes National Park 2018,10,2018-06-22 05:18:00,7045,180,Piranga ludoviciana,Western Tanager,WETA,18.00,21.00,63.3,t,lite
PC,WLNP-5-5,860,General Community Waterton Lakes National Park 2018,10,2018-06-22 05:18:00,7045,180,Piranga ludoviciana,Western Tanager,WETA,24.00,27.00,58.2,t,lite
PC,WLNP-5-5,860,General Community Waterton Lakes National Park 2018,10,2018-06-22 05:18:00,7045,180,Piranga bidentata,Flame-colored Tanager,FCTA,24.00,27.00,56.0,t,lite
PC,WLNP-5-5,860,General Community Waterton Lakes National Park 2018,10,2018-06-22 05:18:00,7045,180,Piranga ludoviciana,Western Tanager,WETA,27.00,30.00,57.5,t,lite
PC,WLNP-5-5,860,General Community Waterton Lakes National Park 2018,10,2018-06-22 05:18:00,7045,180,Piranga bidentata,Flame-colored Tanager,FCTA,27.00,30.00,61.1,t,lite
PC,WLNP-5-5,860,General Community Waterton Lakes National Park 2018,10,2018-06-22 05:18:00,7045,180,Piranga bidentata,Flame-colored Tanager,FCTA,33.00,36.00,70.3,t,lite
PC,WLNP-5-5,860,General Community Waterton Lakes National Park 2018,10,2018-06-22 05:18:00,7045,180,Piranga ludoviciana,Western Tanager,WETA,33.00,36.00,57.4,t,lite
PC,WLNP-5-5,860,General Community Waterton Lakes National Park 2018,10,2018-06-22 05:18:00,7045,180,Piranga bidentata,Flame-colored Tanager,FCTA,36.00,39.00,60.0,t,lite
PC,WLNP-5-5,860,General Community Waterton Lakes National Park 2018,10,2018-06-22 05:18:00,7045,180,Piranga ludoviciana,Western Tanager,WETA,36.00,39.00,69.2,t,lite
PC,WLNP-5-5,860,General Community Waterton Lakes National Park 2018,10,2018-06-22 05:18:00,7045,180,Piranga bidentata,Flame-colored Tanager,FCTA,39.00,42.00,46.2,t,lite
PC,WLNP-5-5,860,General Community Waterton Lakes National Park 2018,10,2018-06-22 05:18:00,7045,180,Piranga ludoviciana,Western Tanager,WETA,39.00,42.00,29.3,t,lite
PC,WLNP-5-5,860,General Community Waterton Lakes National Park 2018,10,2018-06-22 05:18:00,7045,180,Pycnonotus sinensis,,,39.00,42.00,25.5,f,lite
PC,WLNP-5-5,860,General Community Waterton Lakes National Park 2018,10,2018-06-22 05:18:00,7045,180,Piranga bidentata,Flame-colored Tanager,FCTA,42.00,45.00,59.7,t,lite
PC,WLNP-5-5,860,General Community Waterton Lakes National Park 2018,10,2018-06-22 05:18:00,7045,180,Piranga ludoviciana,Western Tanager,WETA,42.00,45.00,64.2,t,lite
PC,WLNP-5-5,860,General Community Waterton Lakes National Park 2018,10,2018-06-22 05:18:00,7045,180,Piranga bidentata,Flame-colored Tanager,FCTA,45.00,48.00,28.1,t,lite
PC,WLNP-5-5,860,General Community Waterton Lakes National Park 2018,10,2018-06-22 05:18:00,7045,180,Piranga ludoviciana,Western Tanager,WETA,45.00,48.00,68.8,t,lite
PC,WLNP-5-5,860,General Community Waterton Lakes National Park 2018,10,2018-06-22 05:18:00,7045,180,Piranga bidentata,Flame-colored Tanager,FCTA,48.00,51.00,62.8,t,lite
PC,WLNP-5-5,860,General Community Waterton Lakes National Park 2018,10,2018-06-22 05:18:00,7045,180,Piranga olivacea,Scarlet Tanager,SCTA,48.00,51.00,28.2,t,lite
PC,WLNP-5-5,860,General Community Waterton Lakes National Park 2018,10,2018-06-22 05:18:00,7045,180,Piranga ludoviciana,Western Tanager,WETA,48.00,51.00,63.3,t,lite
PC,WLNP-5-5,860,General Community Waterton Lakes National Park 2018,10,2018-06-22 05:18:00,7045,180,Piranga bidentata,Flame-colored Tanager,FCTA,51.00,54.00,62.8,t,lite
PC,WLNP-5-5,860,General Community Waterton Lakes National Park 2018,10,2018-06-22 05:18:00,7045,180,Piranga olivacea,Scarlet Tanager,SCTA,51.00,54.00,36.7,t,lite
PC,WLNP-5-5,860,General Community Waterton Lakes National Park 2018,10,2018-06-22 05:18:00,7045,180,Piranga ludoviciana,Western Tanager,WETA,51.00,54.00,81.5,t,lite
PC,WLNP-5-5,860,General Community Waterton Lakes National Park 2018,10,2018-06-22 05:18:00,7045,180,Vireo chivi,,,54.00,57.00,38.1,f,lite
PC,WLNP-5-5,860,General Community Waterton Lakes National Park 2018,10,2018-06-22 05:18:00,7045,180,Piranga ludoviciana,Western Tanager,WETA,54.00,57.00,42.1,t,lite
PC,WLNP-5-5,860,General Community Waterton Lakes National Park 2018,10,2018-06-22 05:18:00,7045,180,Piranga bidentata,Flame-colored Tanager,FCTA,54.00,57.00,28.0,t,lite
PC,WLNP-5-5,860,General Community Waterton Lakes National Park 2018,10,2018-06-22 05:18:00,7045,180,Piranga bidentata,Flame-colored Tanager,FCTA,57.00,60.00,43.0,t,lite
PC,WLNP-5-5,860,General Community Waterton Lakes National Park 2018,10,2018-06-22 05:18:00,7045,180,Piranga ludoviciana,Western Tanager,WETA,57.00,60.00,66.7,t,lite
PC,WLNP-5-5,860,General Community Waterton Lakes National Park 2018,10,2018-06-22 05:18:00,7045,180,Piranga bidentata,Flame-colored Tanager,FCTA,60.00,63.00,29.6,t,lite
PC,WLNP-5-5,860,General Community Waterton Lakes National Park 2018,10,2018-06-22 05:18:00,7045,180,Piranga ludoviciana,Western Tanager,WETA,60.00,63.00,48.0,t,lite
PC,WLNP-5-5,860,General Community Waterton Lakes National Park 2018,10,2018-06-22 05:18:00,7045,180,Piranga ludoviciana,Western Tanager,WETA,63.00,66.00,50.5,t,lite
PC,WLNP-5-5,860,General Community Waterton Lakes National Park 2018,10,2018-06-22 05:18:00,7045,180,Piranga bidentata,Flame-colored Tanager,FCTA,63.00,66.00,35.2,t,lite
PC,WLNP-6-1,861,General Community Waterton Lakes National Park 2018,10,2018-06-27 05:20:00,7002,180,Myadestes townsendi,Townsend's Solitaire,TOSO,78.00,81.00,29.3,t,lite
PC,WLNP-6-1,861,General Community Waterton Lakes National Park 2018,10,2018-06-27 05:20:00,7002,180,Myadestes townsendi,Townsend's Solitaire,TOSO,90.00,93.00,31.8,t,lite
PC,WLNP-6-1,861,General Community Waterton Lakes National Park 2018,10,2018-06-27 05:20:00,7002,180,Myadestes townsendi,Townsend's Solitaire,TOSO,93.00,96.00,52.6,t,lite
PC,WLNP-6-1,861,General Community Waterton Lakes National Park 2018,10,2018-06-27 05:20:00,7002,180,Myrmecocichla monticola,,,96.00,99.00,27.2,f,lite
PC,WLNP-6-1,861,General Community Waterton Lakes National Park 2018,10,2018-06-27 05:20:00,7002,180,Myadestes townsendi,Townsend's Solitaire,TOSO,96.00,99.00,47.8,t,lite
PC,WLNP-6-1,861,General Community Waterton Lakes National Park 2018,10,2018-06-27 05:20:00,7002,180,Myadestes townsendi,Townsend's Solitaire,TOSO,99.00,102.00,40.3,t,lite
PC,WLNP-6-1,861,General Community Waterton Lakes National Park 2018,10,2018-06-27 05:20:00,7002,180,Myadestes townsendi,Townsend's Solitaire,TOSO,126.00,129.00,29.3,t,lite
PC,WLNP-6-1,861,General Community Waterton Lakes National Park 2018,10,2018-06-27 05:20:00,7002,180,Myadestes townsendi,Townsend's Solitaire,TOSO,129.00,132.00,43.5,t,lite
PC,WLNP-6-1,861,General Community Waterton Lakes National Park 2018,10,2018-06-27 05:20:00,7002,180,Myadestes townsendi,Townsend's Solitaire,TOSO,132.00,135.00,72.9,t,lite
PC,WLNP-6-1,861,General Community Waterton Lakes National Park 2018,10,2018-06-27 05:20:00,7002,180,Myadestes townsendi,Townsend's Solitaire,TOSO,135.00,138.00,36.0,t,lite
PC,WLNP-6-1,861,General Community Waterton Lakes National Park 2018,10,2018-06-27 05:20:00,7002,180,Myadestes townsendi,Townsend's Solitaire,TOSO,177.00,180.00,64.2,t,lite
PC,WLNP-6-1,861,General Community Waterton Lakes National Park 2018,10,2018-06-29 05:21:00,85256,180,Myadestes townsendi,Townsend's Solitaire,TOSO,18.00,21.00,27.0,t,lite
PC,WLNP-6-1,861,General Community Waterton Lakes National Park 2018,10,2018-07-01 04:53:00,7061,180,*NOT GENERATED/FOUND*,,,,,,f,lite
PC,WLNP-6-1,861,General Community Waterton Lakes National Park 2018,10,2018-07-03 05:24:00,7079,180,Junco hyemalis,Dark-eyed Junco,DEJU,0.00,3.00,51.6,t,lite
PC,WLNP-6-1,861,General Community Waterton Lakes National Park 2018,10,2018-07-03 05:24:00,7079,180,Junco hyemalis,Dark-eyed Junco,DEJU,3.00,6.00,33.8,t,lite
PC,WLNP-6-1,861,General Community Waterton Lakes National Park 2018,10,2018-07-03 05:24:00,7079,180,Junco hyemalis,Dark-eyed Junco,DEJU,6.00,9.00,34.9,t,lite
PC,WLNP-6-1,861,General Community Waterton Lakes National Park 2018,10,2018-07-03 05:24:00,7079,180,Junco hyemalis,Dark-eyed Junco,DEJU,9.00,12.00,54.5,t,lite
PC,WLNP-6-1,861,General Community Waterton Lakes National Park 2018,10,2018-07-03 05:24:00,7079,180,Junco hyemalis,Dark-eyed Junco,DEJU,12.00,15.00,57.8,t,lite
PC,WLNP-6-1,861,General Community Waterton Lakes National Park 2018,10,2018-07-03 05:24:00,7079,180,Emberiza cirlus,Cirl Bunting,EMBCIR,12.00,15.00,29.2,t,lite
PC,WLNP-6-1,861,General Community Waterton Lakes National Park 2018,10,2018-07-03 05:24:00,7079,180,Junco hyemalis,Dark-eyed Junco,DEJU,15.00,18.00,38.5,t,lite
PC,WLNP-6-1,861,General Community Waterton Lakes National Park 2018,10,2018-07-03 05:24:00,7079,180,Junco hyemalis,Dark-eyed Junco,DEJU,18.00,21.00,32.1,t,lite
PC,WLNP-6-1,861,General Community Waterton Lakes National Park 2018,10,2018-07-03 05:24:00,7079,180,Junco hyemalis,Dark-eyed Junco,DEJU,21.00,24.00,50.2,t,lite
PC,WLNP-6-1,861,General Community Waterton Lakes National Park 2018,10,2018-07-03 05:24:00,7079,180,Emberiza cirlus,Cirl Bunting,EMBCIR,24.00,27.00,25.7,t,lite
PC,WLNP-6-1,861,General Community Waterton Lakes National Park 2018,10,2018-07-03 05:24:00,7079,180,Junco hyemalis,Dark-eyed Junco,DEJU,24.00,27.00,42.7,t,lite
PC,WLNP-6-1,861,General Community Waterton Lakes National Park 2018,10,2018-07-03 05:24:00,7079,180,Junco hyemalis,Dark-eyed Junco,DEJU,27.00,30.00,32.0,t,lite
PC,WLNP-6-1,861,General Community Waterton Lakes National Park 2018,10,2018-07-03 05:24:00,7079,180,Junco hyemalis,Dark-eyed Junco,DEJU,30.00,33.00,40.1,t,lite
PC,WLNP-6-1,861,General Community Waterton Lakes National Park 2018,10,2018-07-03 05:24:00,7079,180,Junco hyemalis,Dark-eyed Junco,DEJU,33.00,36.00,67.0,t,lite
PC,WLNP-6-1,861,General Community Waterton Lakes National Park 2018,10,2018-07-03 05:24:00,7079,180,Emberiza cirlus,Cirl Bunting,EMBCIR,36.00,39.00,25.6,t,lite
PC,WLNP-6-1,861,General Community Waterton Lakes National Park 2018,10,2018-07-03 05:24:00,7079,180,Junco hyemalis,Dark-eyed Junco,DEJU,36.00,39.00,53.0,t,lite
PC,WLNP-6-1,861,General Community Waterton Lakes National Park 2018,10,2018-07-03 05:24:00,7079,180,Phylloscopus bonelli,Western Bonelli's Warbler,PHYBON,36.00,39.00,25.6,t,lite
PC,WLNP-6-1,861,General Community Waterton Lakes National Park 2018,10,2018-07-03 05:24:00,7079,180,Junco hyemalis,Dark-eyed Junco,DEJU,39.00,42.00,33.6,t,lite
PC,WLNP-6-1,861,General Community Waterton Lakes National Park 2018,10,2018-07-03 05:24:00,7079,180,Junco hyemalis,Dark-eyed Junco,DEJU,42.00,45.00,30.3,t,lite
PC,WLNP-6-1,861,General Community Waterton Lakes National Park 2018,10,2018-07-03 05:24:00,7079,180,Junco hyemalis,Dark-eyed Junco,DEJU,45.00,48.00,52.8,t,lite
PC,WLNP-6-1,861,General Community Waterton Lakes National Park 2018,10,2018-07-03 05:24:00,7079,180,Junco hyemalis,Dark-eyed Junco,DEJU,48.00,51.00,59.4,t,lite
PC,WLNP-6-1,861,General Community Waterton Lakes National Park 2018,10,2018-07-03 05:24:00,7079,180,Emberiza cirlus,Cirl Bunting,EMBCIR,48.00,51.00,29.4,t,lite
PC,WLNP-6-1,861,General Community Waterton Lakes National Park 2018,10,2018-07-03 05:24:00,7079,180,Junco hyemalis,Dark-eyed Junco,DEJU,51.00,54.00,57.2,t,lite
PC,WLNP-6-1,861,General Community Waterton Lakes National Park 2018,10,2018-07-03 05:24:00,7079,180,Emberiza cirlus,Cirl Bunting,EMBCIR,51.00,54.00,35.7,t,lite
PC,WLNP-6-1,861,General Community Waterton Lakes National Park 2018,10,2018-07-03 05:24:00,7079,180,Emberiza cirlus,Cirl Bunting,EMBCIR,57.00,60.00,26.5,t,lite
PC,WLNP-6-1,861,General Community Waterton Lakes National Park 2018,10,2018-07-03 05:24:00,7079,180,Junco hyemalis,Dark-eyed Junco,DEJU,57.00,60.00,59.8,t,lite
PC,WLNP-6-1,861,General Community Waterton Lakes National Park 2018,10,2018-07-03 05:24:00,7079,180,Emberiza cirlus,Cirl Bunting,EMBCIR,60.00,63.00,27.4,t,lite
PC,WLNP-6-1,861,General Community Waterton Lakes National Park 2018,10,2018-07-03 05:24:00,7079,180,Junco hyemalis,Dark-eyed Junco,DEJU,60.00,63.00,46.4,t,lite
PC,WLNP-6-1,861,General Community Waterton Lakes National Park 2018,10,2018-07-03 05:24:00,7079,180,Emberiza cirlus,Cirl Bunting,EMBCIR,63.00,66.00,30.2,t,lite
PC,WLNP-6-1,861,General Community Waterton Lakes National Park 2018,10,2018-07-03 05:24:00,7079,180,Junco hyemalis,Dark-eyed Junco,DEJU,63.00,66.00,48.7,t,lite
PC,WLNP-6-1,861,General Community Waterton Lakes National Park 2018,10,2018-07-03 05:24:00,7079,180,Junco hyemalis,Dark-eyed Junco,DEJU,66.00,69.00,34.3,t,lite
PC,WLNP-6-1,861,General Community Waterton Lakes National Park 2018,10,2018-07-03 05:24:00,7079,180,Emberiza cirlus,Cirl Bunting,EMBCIR,69.00,72.00,26.8,t,lite
PC,WLNP-6-1,861,General Community Waterton Lakes National Park 2018,10,2018-07-03 05:24:00,7079,180,Junco hyemalis,Dark-eyed Junco,DEJU,69.00,72.00,61.8,t,lite
PC,WLNP-6-1,861,General Community Waterton Lakes National Park 2018,10,2018-07-03 05:24:00,7079,180,Junco hyemalis,Dark-eyed Junco,DEJU,72.00,75.00,55.8,t,lite
PC,WLNP-6-1,861,General Community Waterton Lakes National Park 2018,10,2018-07-03 05:24:00,7079,180,Emberiza cirlus,Cirl Bunting,EMBCIR,72.00,75.00,30.7,t,lite
PC,WLNP-6-1,861,General Community Waterton Lakes National Park 2018,10,2018-07-03 05:24:00,7079,180,Junco hyemalis,Dark-eyed Junco,DEJU,75.00,78.00,57.0,t,lite
PC,WLNP-6-1,861,General Community Waterton Lakes National Park 2018,10,2018-07-03 05:24:00,7079,180,Emberiza cirlus,Cirl Bunting,EMBCIR,75.00,78.00,31.9,t,lite
PC,WLNP-6-1,861,General Community Waterton Lakes National Park 2018,10,2018-07-03 05:24:00,7079,180,Junco hyemalis,Dark-eyed Junco,DEJU,78.00,81.00,26.0,t,lite
PC,WLNP-6-1,861,General Community Waterton Lakes National Park 2018,10,2018-07-03 05:24:00,7079,180,Junco hyemalis,Dark-eyed Junco,DEJU,81.00,84.00,40.6,t,lite
PC,WLNP-6-1,861,General Community Waterton Lakes National Park 2018,10,2018-07-03 05:24:00,7079,180,Junco hyemalis,Dark-eyed Junco,DEJU,84.00,87.00,61.3,t,lite
PC,WLNP-6-1,861,General Community Waterton Lakes National Park 2018,10,2018-07-03 05:24:00,7079,180,Emberiza cirlus,Cirl Bunting,EMBCIR,84.00,87.00,26.8,t,lite
PC,WLNP-6-1,861,General Community Waterton Lakes National Park 2018,10,2018-07-03 05:24:00,7079,180,Junco hyemalis,Dark-eyed Junco,DEJU,87.00,90.00,62.7,t,lite
PC,WLNP-6-1,861,General Community Waterton Lakes National Park 2018,10,2018-07-03 05:24:00,7079,180,Junco hyemalis,Dark-eyed Junco,DEJU,90.00,93.00,47.9,t,lite
PC,WLNP-6-1,861,General Community Waterton Lakes National Park 2018,10,2018-07-03 05:24:00,7079,180,Phoenicurus ochruros,Black Redstart,PHOOCH,90.00,93.00,27.3,t,lite
PC,WLNP-6-1,861,General Community Waterton Lakes National Park 2018,10,2018-07-03 05:24:00,7079,180,Ornithion inerme,,,90.00,93.00,26.6,f,lite
PC,WLNP-6-1,861,General Community Waterton Lakes National Park 2018,10,2018-07-03 05:24:00,7079,180,Junco hyemalis,Dark-eyed Junco,DEJU,93.00,96.00,37.7,t,lite
PC,WLNP-6-1,861,General Community Waterton Lakes National Park 2018,10,2018-07-03 05:24:00,7079,180,Emberiza cirlus,Cirl Bunting,EMBCIR,93.00,96.00,25.5,t,lite
PC,WLNP-6-1,861,General Community Waterton Lakes National Park 2018,10,2018-07-03 05:24:00,7079,180,Junco hyemalis,Dark-eyed Junco,DEJU,99.00,102.00,57.1,t,lite
PC,WLNP-6-1,861,General Community Waterton Lakes National Park 2018,10,2018-07-03 05:24:00,7079,180,Emberiza cirlus,Cirl Bunting,EMBCIR,99.00,102.00,26.5,t,lite
PC,WLNP-6-1,861,General Community Waterton Lakes National Park 2018,10,2018-07-03 05:24:00,7079,180,Emberiza cirlus,Cirl Bunting,EMBCIR,162.00,165.00,31.1,t,lite
PC,WLNP-6-1,861,General Community Waterton Lakes National Park 2018,10,2018-07-03 05:24:00,7079,180,Emberiza cirlus,Cirl Bunting,EMBCIR,165.00,168.00,25.3,t,lite
PC,WLNP-6-1,861,General Community Waterton Lakes National Park 2018,10,2018-07-04 05:25:00,7033,180,Synoicus chinensis,,,3.00,6.00,32.9,f,lite
PC,WLNP-6-1,861,General Community Waterton Lakes National Park 2018,10,2018-07-04 05:25:00,7033,180,Myadestes townsendi,Townsend's Solitaire,TOSO,9.00,12.00,71.3,t,lite
PC,WLNP-6-1,861,General Community Waterton Lakes National Park 2018,10,2018-07-04 05:25:00,7033,180,Myadestes townsendi,Townsend's Solitaire,TOSO,15.00,18.00,36.6,t,lite
PC,WLNP-6-1,861,General Community Waterton Lakes National Park 2018,10,2018-07-04 05:25:00,7033,180,Myadestes townsendi,Townsend's Solitaire,TOSO,24.00,27.00,69.1,t,lite
PC,WLNP-6-1,861,General Community Waterton Lakes National Park 2018,10,2018-07-04 05:25:00,7033,180,Sialia currucoides,Mountain Bluebird,MOBL,48.00,51.00,33.1,t,lite
PC,WLNP-6-1,861,General Community Waterton Lakes National Park 2018,10,2018-07-04 05:25:00,7033,180,Sialia currucoides,Mountain Bluebird,MOBL,69.00,72.00,33.9,t,lite
PC,WLNP-6-2,875,General Community Waterton Lakes National Park 2018,10,2018-07-03 05:24:00,6991,180,Setophaga auduboni,,,9.00,12.00,39.0,f,lite
PC,WLNP-6-2,875,General Community Waterton Lakes National Park 2018,10,2018-07-03 05:24:00,6991,180,Junco hyemalis,Dark-eyed Junco,DEJU,15.00,18.00,26.2,t,lite
PC,WLNP-6-2,875,General Community Waterton Lakes National Park 2018,10,2018-07-03 05:24:00,6991,180,Emberiza cirlus,Cirl Bunting,EMBCIR,15.00,18.00,56.6,t,lite
PC,WLNP-6-2,875,General Community Waterton Lakes National Park 2018,10,2018-07-03 05:24:00,6991,180,Emberiza cirlus,Cirl Bunting,EMBCIR,18.00,21.00,67.5,t,lite
PC,WLNP-6-2,875,General Community Waterton Lakes National Park 2018,10,2018-07-03 05:24:00,6991,180,Junco hyemalis,Dark-eyed Junco,DEJU,18.00,21.00,39.5,t,lite
PC,WLNP-6-2,875,General Community Waterton Lakes National Park 2018,10,2018-07-03 05:24:00,6991,180,Emberiza cirlus,Cirl Bunting,EMBCIR,21.00,24.00,63.5,t,lite
PC,WLNP-6-2,875,General Community Waterton Lakes National Park 2018,10,2018-07-03 05:24:00,6991,180,Junco hyemalis,Dark-eyed Junco,DEJU,21.00,24.00,39.8,t,lite
PC,WLNP-6-2,875,General Community Waterton Lakes National Park 2018,10,2018-07-03 05:24:00,6991,180,Junco hyemalis,Dark-eyed Junco,DEJU,24.00,27.00,78.5,t,lite
PC,WLNP-6-2,875,General Community Waterton Lakes National Park 2018,10,2018-07-03 05:24:00,6991,180,Emberiza cirlus,Cirl Bunting,EMBCIR,24.00,27.00,91.2,t,lite
PC,WLNP-6-2,875,General Community Waterton Lakes National Park 2018,10,2018-07-03 05:24:00,6991,180,Emberiza cirlus,Cirl Bunting,EMBCIR,27.00,30.00,73.5,t,lite
PC,WLNP-6-2,875,General Community Waterton Lakes National Park 2018,10,2018-07-03 05:24:00,6991,180,Junco hyemalis,Dark-eyed Junco,DEJU,27.00,30.00,54.5,t,lite
PC,WLNP-6-2,875,General Community Waterton Lakes National Park 2018,10,2018-07-03 05:24:00,6991,180,Emberiza cirlus,Cirl Bunting,EMBCIR,33.00,36.00,78.7,t,lite
PC,WLNP-6-2,875,General Community Waterton Lakes National Park 2018,10,2018-07-03 05:24:00,6991,180,Junco hyemalis,Dark-eyed Junco,DEJU,33.00,36.00,62.6,t,lite
PC,WLNP-6-2,875,General Community Waterton Lakes National Park 2018,10,2018-07-03 05:24:00,6991,180,Junco hyemalis,Dark-eyed Junco,DEJU,36.00,39.00,61.9,t,lite
PC,WLNP-6-2,875,General Community Waterton Lakes National Park 2018,10,2018-07-03 05:24:00,6991,180,Emberiza cirlus,Cirl Bunting,EMBCIR,36.00,39.00,72.6,t,lite
PC,WLNP-6-2,875,General Community Waterton Lakes National Park 2018,10,2018-07-03 05:24:00,6991,180,Prinia socialis,,,36.00,39.00,26.6,f,lite
PC,WLNP-6-2,875,General Community Waterton Lakes National Park 2018,10,2018-07-03 05:24:00,6991,180,Emberiza cirlus,Cirl Bunting,EMBCIR,39.00,42.00,31.8,t,lite
PC,WLNP-6-2,875,General Community Waterton Lakes National Park 2018,10,2018-07-03 05:24:00,6991,180,Junco hyemalis,Dark-eyed Junco,DEJU,42.00,45.00,61.0,t,lite
PC,WLNP-6-2,875,General Community Waterton Lakes National Park 2018,10,2018-07-03 05:24:00,6991,180,Emberiza cirlus,Cirl Bunting,EMBCIR,42.00,45.00,88.0,t,lite
PC,WLNP-6-2,875,General Community Waterton Lakes National Park 2018,10,2018-07-03 05:24:00,6991,180,Emberiza cirlus,Cirl Bunting,EMBCIR,45.00,48.00,77.4,t,lite
PC,WLNP-6-2,875,General Community Waterton Lakes National Park 2018,10,2018-07-03 05:24:00,6991,180,Junco hyemalis,Dark-eyed Junco,DEJU,45.00,48.00,57.6,t,lite
PC,WLNP-6-2,875,General Community Waterton Lakes National Park 2018,10,2018-07-03 05:24:00,6991,180,Emberiza cirlus,Cirl Bunting,EMBCIR,48.00,51.00,75.1,t,lite
PC,WLNP-6-2,875,General Community Waterton Lakes National Park 2018,10,2018-07-03 05:24:00,6991,180,Loxia leucoptera,White-winged Crossbill,WWCR,48.00,51.00,26.3,t,lite
PC,WLNP-6-2,875,General Community Waterton Lakes National Park 2018,10,2018-07-03 05:24:00,6991,180,Junco hyemalis,Dark-eyed Junco,DEJU,48.00,51.00,54.0,t,lite
PC,WLNP-6-2,875,General Community Waterton Lakes National Park 2018,10,2018-07-03 05:24:00,6991,180,Junco hyemalis,Dark-eyed Junco,DEJU,51.00,54.00,32.3,t,lite
PC,WLNP-6-2,875,General Community Waterton Lakes National Park 2018,10,2018-07-03 05:24:00,6991,180,Emberiza cirlus,Cirl Bunting,EMBCIR,51.00,54.00,59.1,t,lite
PC,WLNP-6-2,875,General Community Waterton Lakes National Park 2018,10,2018-07-03 05:24:00,6991,180,Emberiza cirlus,Cirl Bunting,EMBCIR,54.00,57.00,80.9,t,lite
PC,WLNP-6-2,875,General Community Waterton Lakes National Park 2018,10,2018-07-03 05:24:00,6991,180,Junco hyemalis,Dark-eyed Junco,DEJU,54.00,57.00,64.6,t,lite
PC,WLNP-6-2,875,General Community Waterton Lakes National Park 2018,10,2018-07-03 05:24:00,6991,180,Junco hyemalis,Dark-eyed Junco,DEJU,57.00,60.00,47.4,t,lite
PC,WLNP-6-2,875,General Community Waterton Lakes National Park 2018,10,2018-07-03 05:24:00,6991,180,Emberiza cirlus,Cirl Bunting,EMBCIR,57.00,60.00,49.0,t,lite
PC,WLNP-6-2,875,General Community Waterton Lakes National Park 2018,10,2018-07-03 05:24:00,6991,180,Junco hyemalis,Dark-eyed Junco,DEJU,60.00,63.00,42.5,t,lite
PC,WLNP-6-2,875,General Community Waterton Lakes National Park 2018,10,2018-07-03 05:24:00,6991,180,Emberiza cirlus,Cirl Bunting,EMBCIR,60.00,63.00,59.2,t,lite
PC,WLNP-6-2,875,General Community Waterton Lakes National Park 2018,10,2018-07-03 05:24:00,6991,180,Junco hyemalis,Dark-eyed Junco,DEJU,63.00,66.00,63.0,t,lite
PC,WLNP-6-2,875,General Community Waterton Lakes National Park 2018,10,2018-07-03 05:24:00,6991,180,Emberiza cirlus,Cirl Bunting,EMBCIR,63.00,66.00,74.6,t,lite
PC,WLNP-6-2,875,General Community Waterton Lakes National Park 2018,10,2018-07-03 05:24:00,6991,180,Emberiza cirlus,Cirl Bunting,EMBCIR,66.00,69.00,61.4,t,lite
PC,WLNP-6-2,875,General Community Waterton Lakes National Park 2018,10,2018-07-03 05:24:00,6991,180,Junco hyemalis,Dark-eyed Junco,DEJU,66.00,69.00,44.8,t,lite
PC,WLNP-6-2,875,General Community Waterton Lakes National Park 2018,10,2018-07-03 05:24:00,6991,180,Emberiza cirlus,Cirl Bunting,EMBCIR,69.00,72.00,31.0,t,lite
PC,WLNP-6-2,875,General Community Waterton Lakes National Park 2018,10,2018-07-03 05:24:00,6991,180,Phylloscopus emeiensis,,,72.00,75.00,28.1,f,lite
PC,WLNP-6-2,875,General Community Waterton Lakes National Park 2018,10,2018-07-03 05:24:00,6991,180,Junco hyemalis,Dark-eyed Junco,DEJU,72.00,75.00,58.7,t,lite
PC,WLNP-6-2,875,General Community Waterton Lakes National Park 2018,10,2018-07-03 05:24:00,6991,180,Emberiza cirlus,Cirl Bunting,EMBCIR,72.00,75.00,77.6,t,lite
PC,WLNP-6-2,875,General Community Waterton Lakes National Park 2018,10,2018-07-03 05:24:00,6991,180,Emberiza cirlus,Cirl Bunting,EMBCIR,75.00,78.00,69.2,t,lite
PC,WLNP-6-2,875,General Community Waterton Lakes National Park 2018,10,2018-07-03 05:24:00,6991,180,Junco hyemalis,Dark-eyed Junco,DEJU,75.00,78.00,61.9,t,lite
PC,WLNP-6-2,875,General Community Waterton Lakes National Park 2018,10,2018-07-03 05:24:00,6991,180,Junco hyemalis,Dark-eyed Junco,DEJU,78.00,81.00,37.2,t,lite
PC,WLNP-6-2,875,General Community Waterton Lakes National Park 2018,10,2018-07-03 05:24:00,6991,180,Pipilo erythrophthalmus,Eastern Towhee,EATO,78.00,81.00,25.6,t,lite
PC,WLNP-6-2,875,General Community Waterton Lakes National Park 2018,10,2018-07-03 05:24:00,6991,180,Emberiza cirlus,Cirl Bunting,EMBCIR,78.00,81.00,55.2,t,lite
PC,WLNP-6-2,875,General Community Waterton Lakes National Park 2018,10,2018-07-03 05:24:00,6991,180,Junco hyemalis,Dark-eyed Junco,DEJU,81.00,84.00,52.1,t,lite
PC,WLNP-6-2,875,General Community Waterton Lakes National Park 2018,10,2018-07-03 05:24:00,6991,180,Emberiza cirlus,Cirl Bunting,EMBCIR,81.00,84.00,75.9,t,lite
PC,WLNP-6-2,875,General Community Waterton Lakes National Park 2018,10,2018-07-03 05:24:00,6991,180,Loxia leucoptera,White-winged Crossbill,WWCR,81.00,84.00,30.2,t,lite
PC,WLNP-6-2,875,General Community Waterton Lakes National Park 2018,10,2018-07-03 05:24:00,6991,180,Emberiza cirlus,Cirl Bunting,EMBCIR,84.00,87.00,68.5,t,lite
PC,WLNP-6-2,875,General Community Waterton Lakes National Park 2018,10,2018-07-03 05:24:00,6991,180,Junco hyemalis,Dark-eyed Junco,DEJU,84.00,87.00,53.9,t,lite
PC,WLNP-6-2,875,General Community Waterton Lakes National Park 2018,10,2018-07-03 05:24:00,6991,180,Leiothlypis crissalis,,,87.00,90.00,25.5,f,lite
PC,WLNP-6-2,875,General Community Waterton Lakes National Park 2018,10,2018-07-03 05:24:00,6991,180,Emberiza cirlus,Cirl Bunting,EMBCIR,87.00,90.00,59.2,t,lite
PC,WLNP-6-2,875,General Community Waterton Lakes National Park 2018,10,2018-07-03 05:24:00,6991,180,Junco hyemalis,Dark-eyed Junco,DEJU,87.00,90.00,39.2,t,lite
PC,WLNP-6-2,875,General Community Waterton Lakes National Park 2018,10,2018-07-03 05:24:00,6991,180,Junco hyemalis,Dark-eyed Junco,DEJU,90.00,93.00,43.7,t,lite
PC,WLNP-6-2,875,General Community Waterton Lakes National Park 2018,10,2018-07-03 05:24:00,6991,180,Emberiza cirlus,Cirl Bunting,EMBCIR,90.00,93.00,64.0,t,lite
PC,WLNP-6-2,875,General Community Waterton Lakes National Park 2018,10,2018-07-03 05:24:00,6991,180,Junco hyemalis,Dark-eyed Junco,DEJU,93.00,96.00,59.8,t,lite
PC,WLNP-6-2,875,General Community Waterton Lakes National Park 2018,10,2018-07-03 05:24:00,6991,180,Emberiza cirlus,Cirl Bunting,EMBCIR,93.00,96.00,82.9,t,lite
PC,WLNP-6-2,875,General Community Waterton Lakes National Park 2018,10,2018-07-03 05:24:00,6991,180,Setophaga coronata,Yellow-rumped Warbler,YRWA,96.00,99.00,31.0,t,lite
PC,WLNP-6-2,875,General Community Waterton Lakes National Park 2018,10,2018-07-03 05:24:00,6991,180,Setophaga auduboni,,,96.00,99.00,32.5,f,lite
PC,WLNP-6-2,875,General Community Waterton Lakes National Park 2018,10,2018-07-03 05:24:00,6991,180,Junco hyemalis,Dark-eyed Junco,DEJU,99.00,102.00,58.9,t,lite
PC,WLNP-6-2,875,General Community Waterton Lakes National Park 2018,10,2018-07-03 05:24:00,6991,180,Emberiza cirlus,Cirl Bunting,EMBCIR,99.00,102.00,73.2,t,lite
PC,WLNP-6-2,875,General Community Waterton Lakes National Park 2018,10,2018-07-03 05:24:00,6991,180,Emberiza cirlus,Cirl Bunting,EMBCIR,102.00,105.00,63.4,t,lite
PC,WLNP-6-2,875,General Community Waterton Lakes National Park 2018,10,2018-07-03 05:24:00,6991,180,Junco hyemalis,Dark-eyed Junco,DEJU,102.00,105.00,58.5,t,lite
PC,WLNP-6-2,875,General Community Waterton Lakes National Park 2018,10,2018-07-03 05:24:00,6991,180,Emberiza cirlus,Cirl Bunting,EMBCIR,105.00,108.00,78.1,t,lite
PC,WLNP-6-2,875,General Community Waterton Lakes National Park 2018,10,2018-07-03 05:24:00,6991,180,Junco hyemalis,Dark-eyed Junco,DEJU,105.00,108.00,48.1,t,lite
PC,WLNP-6-2,875,General Community Waterton Lakes National Park 2018,10,2018-07-03 05:24:00,6991,180,Junco hyemalis,Dark-eyed Junco,DEJU,108.00,111.00,68.9,t,lite
PC,WLNP-6-2,875,General Community Waterton Lakes National Park 2018,10,2018-07-03 05:24:00,6991,180,Emberiza cirlus,Cirl Bunting,EMBCIR,108.00,111.00,77.9,t,lite
PC,WLNP-6-2,875,General Community Waterton Lakes National Park 2018,10,2018-07-03 05:24:00,6991,180,Junco hyemalis,Dark-eyed Junco,DEJU,111.00,114.00,60.1,t,lite
PC,WLNP-6-2,875,General Community Waterton Lakes National Park 2018,10,2018-07-03 05:24:00,6991,180,Emberiza cirlus,Cirl Bunting,EMBCIR,111.00,114.00,78.5,t,lite
PC,WLNP-6-2,875,General Community Waterton Lakes National Park 2018,10,2018-07-03 05:24:00,6991,180,Emberiza cirlus,Cirl Bunting,EMBCIR,114.00,117.00,27.2,t,lite
PC,WLNP-6-2,875,General Community Waterton Lakes National Park 2018,10,2018-07-03 05:24:00,6991,180,Emberiza cirlus,Cirl Bunting,EMBCIR,117.00,120.00,76.7,t,lite
PC,WLNP-6-2,875,General Community Waterton Lakes National Park 2018,10,2018-07-03 05:24:00,6991,180,Junco hyemalis,Dark-eyed Junco,DEJU,117.00,120.00,53.6,t,lite
PC,WLNP-6-2,875,General Community Waterton Lakes National Park 2018,10,2018-07-03 05:24:00,6991,180,Loxia leucoptera,White-winged Crossbill,WWCR,120.00,123.00,27.7,t,lite
PC,WLNP-6-2,875,General Community Waterton Lakes National Park 2018,10,2018-07-03 05:24:00,6991,180,Junco hyemalis,Dark-eyed Junco,DEJU,120.00,123.00,55.0,t,lite
PC,WLNP-6-2,875,General Community Waterton Lakes National Park 2018,10,2018-07-03 05:24:00,6991,180,Emberiza cirlus,Cirl Bunting,EMBCIR,120.00,123.00,72.7,t,lite
PC,WLNP-6-2,875,General Community Waterton Lakes National Park 2018,10,2018-07-03 05:24:00,6991,180,Emberiza cirlus,Cirl Bunting,EMBCIR,126.00,129.00,84.3,t,lite
PC,WLNP-6-2,875,General Community Waterton Lakes National Park 2018,10,2018-07-03 05:24:00,6991,180,Junco hyemalis,Dark-eyed Junco,DEJU,126.00,129.00,62.5,t,lite
PC,WLNP-6-2,875,General Community Waterton Lakes National Park 2018,10,2018-07-03 05:24:00,6991,180,Loxia leucoptera,White-winged Crossbill,WWCR,129.00,132.00,30.5,t,lite
PC,WLNP-6-2,875,General Community Waterton Lakes National Park 2018,10,2018-07-03 05:24:00,6991,180,Emberiza cirlus,Cirl Bunting,EMBCIR,129.00,132.00,83.0,t,lite
PC,WLNP-6-2,875,General Community Waterton Lakes National Park 2018,10,2018-07-03 05:24:00,6991,180,Junco hyemalis,Dark-eyed Junco,DEJU,129.00,132.00,65.9,t,lite
PC,WLNP-6-2,875,General Community Waterton Lakes National Park 2018,10,2018-07-03 05:24:00,6991,180,Junco hyemalis,Dark-eyed Junco,DEJU,132.00,135.00,35.5,t,lite
PC,WLNP-6-2,875,General Community Waterton Lakes National Park 2018,10,2018-07-03 05:24:00,6991,180,Emberiza cirlus,Cirl Bunting,EMBCIR,132.00,135.00,42.7,t,lite
PC,WLNP-6-2,875,General Community Waterton Lakes National Park 2018,10,2018-07-03 05:24:00,6991,180,Emberiza cirlus,Cirl Bunting,EMBCIR,135.00,138.00,79.3,t,lite
PC,WLNP-6-2,875,General Community Waterton Lakes National Park 2018,10,2018-07-03 05:24:00,6991,180,Junco hyemalis,Dark-eyed Junco,DEJU,135.00,138.00,46.1,t,lite
PC,WLNP-6-2,875,General Community Waterton Lakes National Park 2018,10,2018-07-03 05:24:00,6991,180,Junco hyemalis,Dark-eyed Junco,DEJU,138.00,141.00,52.9,t,lite
PC,WLNP-6-2,875,General Community Waterton Lakes National Park 2018,10,2018-07-03 05:24:00,6991,180,Emberiza cirlus,Cirl Bunting,EMBCIR,138.00,141.00,72.3,t,lite
PC,WLNP-6-2,875,General Community Waterton Lakes National Park 2018,10,2018-07-03 05:24:00,6991,180,Phylloscopus emeiensis,,,144.00,147.00,25.8,f,lite
PC,WLNP-6-2,875,General Community Waterton Lakes National Park 2018,10,2018-07-03 05:24:00,6991,180,Emberiza cirlus,Cirl Bunting,EMBCIR,144.00,147.00,89.5,t,lite
PC,WLNP-6-2,875,General Community Waterton Lakes National Park 2018,10,2018-07-03 05:24:00,6991,180,Junco hyemalis,Dark-eyed Junco,DEJU,144.00,147.00,59.6,t,lite
PC,WLNP-6-2,875,General Community Waterton Lakes National Park 2018,10,2018-07-03 05:24:00,6991,180,Emberiza cirlus,Cirl Bunting,EMBCIR,147.00,150.00,69.7,t,lite
PC,WLNP-6-2,875,General Community Waterton Lakes National Park 2018,10,2018-07-03 05:24:00,6991,180,Junco hyemalis,Dark-eyed Junco,DEJU,147.00,150.00,61.6,t,lite
PC,WLNP-6-2,875,General Community Waterton Lakes National Park 2018,10,2018-07-03 05:24:00,6991,180,Loxia leucoptera,White-winged Crossbill,WWCR,150.00,153.00,27.2,t,lite
PC,WLNP-6-2,875,General Community Waterton Lakes National Park 2018,10,2018-07-03 05:24:00,6991,180,Emberiza cirlus,Cirl Bunting,EMBCIR,150.00,153.00,75.6,t,lite
PC,WLNP-6-2,875,General Community Waterton Lakes National Park 2018,10,2018-07-03 05:24:00,6991,180,Junco hyemalis,Dark-eyed Junco,DEJU,150.00,153.00,55.3,t,lite
PC,WLNP-6-2,875,General Community Waterton Lakes National Park 2018,10,2018-07-03 05:24:00,6991,180,Junco hyemalis,Dark-eyed Junco,DEJU,153.00,156.00,52.4,t,lite
PC,WLNP-6-2,875,General Community Waterton Lakes National Park 2018,10,2018-07-03 05:24:00,6991,180,Pipilo erythrophthalmus,Eastern Towhee,EATO,153.00,156.00,34.1,t,lite
PC,WLNP-6-2,875,General Community Waterton Lakes National Park 2018,10,2018-07-03 05:24:00,6991,180,Emberiza cirlus,Cirl Bunting,EMBCIR,153.00,156.00,68.1,t,lite
PC,WLNP-6-2,875,General Community Waterton Lakes National Park 2018,10,2018-07-03 05:24:00,6991,180,Phyllomyias virescens,,,153.00,156.00,29.9,f,lite
PC,WLNP-6-2,875,General Community Waterton Lakes National Park 2018,10,2018-07-03 05:24:00,6991,180,Junco hyemalis,Dark-eyed Junco,DEJU,156.00,159.00,62.7,t,lite
PC,WLNP-6-2,875,General Community Waterton Lakes National Park 2018,10,2018-07-03 05:24:00,6991,180,Emberiza cirlus,Cirl Bunting,EMBCIR,156.00,159.00,70.9,t,lite
PC,WLNP-6-2,875,General Community Waterton Lakes National Park 2018,10,2018-07-03 05:24:00,6991,180,Emberiza cirlus,Cirl Bunting,EMBCIR,159.00,162.00,79.9,t,lite
PC,WLNP-6-2,875,General Community Waterton Lakes National Park 2018,10,2018-07-03 05:24:00,6991,180,Junco hyemalis,Dark-eyed Junco,DEJU,159.00,162.00,66.6,t,lite
PC,WLNP-6-2,875,General Community Waterton Lakes National Park 2018,10,2018-07-03 05:24:00,6991,180,Junco hyemalis,Dark-eyed Junco,DEJU,165.00,168.00,54.9,t,lite
PC,WLNP-6-2,875,General Community Waterton Lakes National Park 2018,10,2018-07-03 05:24:00,6991,180,Emberiza cirlus,Cirl Bunting,EMBCIR,165.00,168.00,57.1,t,lite
PC,WLNP-6-2,875,General Community Waterton Lakes National Park 2018,10,2018-07-03 05:24:00,6991,180,Emberiza cirlus,Cirl Bunting,EMBCIR,168.00,171.00,74.7,t,lite
PC,WLNP-6-2,875,General Community Waterton Lakes National Park 2018,10,2018-07-03 05:24:00,6991,180,Junco hyemalis,Dark-eyed Junco,DEJU,168.00,171.00,59.1,t,lite
PC,WLNP-6-2,875,General Community Waterton Lakes National Park 2018,10,2018-07-03 05:24:00,6991,180,Junco hyemalis,Dark-eyed Junco,DEJU,171.00,174.00,62.9,t,lite
PC,WLNP-6-2,875,General Community Waterton Lakes National Park 2018,10,2018-07-03 05:24:00,6991,180,Pipilo erythrophthalmus,Eastern Towhee,EATO,171.00,174.00,27.7,t,lite
PC,WLNP-6-2,875,General Community Waterton Lakes National Park 2018,10,2018-07-03 05:24:00,6991,180,Emberiza cirlus,Cirl Bunting,EMBCIR,171.00,174.00,78.1,t,lite
PC,WLNP-6-2,875,General Community Waterton Lakes National Park 2018,10,2018-07-03 05:24:00,6991,180,Emberiza cirlus,Cirl Bunting,EMBCIR,174.00,177.00,81.3,t,lite
PC,WLNP-6-2,875,General Community Waterton Lakes National Park 2018,10,2018-07-03 05:24:00,6991,180,Junco hyemalis,Dark-eyed Junco,DEJU,174.00,177.00,75.6,t,lite
PC,WLNP-6-2,875,General Community Waterton Lakes National Park 2018,10,2018-07-03 05:24:00,6991,180,Emberiza cirlus,Cirl Bunting,EMBCIR,177.00,180.00,62.4,t,lite
PC,WLNP-6-2,875,General Community Waterton Lakes National Park 2018,10,2018-07-03 05:24:00,6991,180,Junco hyemalis,Dark-eyed Junco,DEJU,177.00,180.00,48.2,t,lite
PC,WLNP-6-2,875,General Community Waterton Lakes National Park 2018,10,2018-07-06 04:56:00,6983,180,Sialia currucoides,Mountain Bluebird,MOBL,0.00,3.00,34.0,t,lite
PC,WLNP-6-2,875,General Community Waterton Lakes National Park 2018,10,2018-07-06 04:56:00,6983,180,Emberiza cirlus,Cirl Bunting,EMBCIR,0.00,3.00,35.5,t,lite
PC,WLNP-6-2,875,General Community Waterton Lakes National Park 2018,10,2018-07-06 04:56:00,6983,180,Emberiza cirlus,Cirl Bunting,EMBCIR,3.00,6.00,31.4,t,lite
PC,WLNP-6-2,875,General Community Waterton Lakes National Park 2018,10,2018-07-06 04:56:00,6983,180,Emberiza cirlus,Cirl Bunting,EMBCIR,6.00,9.00,28.7,t,lite
PC,WLNP-6-2,875,General Community Waterton Lakes National Park 2018,10,2018-07-06 04:56:00,6983,180,Sialia currucoides,Mountain Bluebird,MOBL,9.00,12.00,51.5,t,lite
PC,WLNP-6-2,875,General Community Waterton Lakes National Park 2018,10,2018-07-06 04:56:00,6983,180,Sialia currucoides,Mountain Bluebird,MOBL,18.00,21.00,36.6,t,lite
PC,WLNP-6-2,875,General Community Waterton Lakes National Park 2018,10,2018-07-06 04:56:00,6983,180,Sialia currucoides,Mountain Bluebird,MOBL,21.00,24.00,66.8,t,lite
PC,WLNP-6-2,875,General Community Waterton Lakes National Park 2018,10,2018-07-06 04:56:00,6983,180,Emberiza cirlus,Cirl Bunting,EMBCIR,27.00,30.00,32.2,t,lite
PC,WLNP-6-2,875,General Community Waterton Lakes National Park 2018,10,2018-07-06 04:56:00,6983,180,Emberiza cirlus,Cirl Bunting,EMBCIR,30.00,33.00,34.9,t,lite
PC,WLNP-6-2,875,General Community Waterton Lakes National Park 2018,10,2018-07-06 04:56:00,6983,180,Emberiza cirlus,Cirl Bunting,EMBCIR,39.00,42.00,49.1,t,lite
PC,WLNP-6-2,875,General Community Waterton Lakes National Park 2018,10,2018-07-06 04:56:00,6983,180,Junco hyemalis,Dark-eyed Junco,DEJU,39.00,42.00,28.3,t,lite
PC,WLNP-6-2,875,General Community Waterton Lakes National Park 2018,10,2018-07-06 04:56:00,6983,180,Emberiza cirlus,Cirl Bunting,EMBCIR,48.00,51.00,39.3,t,lite
PC,WLNP-6-2,875,General Community Waterton Lakes National Park 2018,10,2018-07-06 04:56:00,6983,180,Emberiza cirlus,Cirl Bunting,EMBCIR,51.00,54.00,29.4,t,lite
PC,WLNP-6-2,875,General Community Waterton Lakes National Park 2018,10,2018-07-06 04:56:00,6983,180,Emberiza cirlus,Cirl Bunting,EMBCIR,54.00,57.00,69.3,t,lite
PC,WLNP-6-2,875,General Community Waterton Lakes National Park 2018,10,2018-07-06 04:56:00,6983,180,Junco hyemalis,Dark-eyed Junco,DEJU,54.00,57.00,55.1,t,lite
PC,WLNP-6-2,875,General Community Waterton Lakes National Park 2018,10,2018-07-06 04:56:00,6983,180,Sialia currucoides,Mountain Bluebird,MOBL,57.00,60.00,61.3,t,lite
PC,WLNP-6-2,875,General Community Waterton Lakes National Park 2018,10,2018-07-06 04:56:00,6983,180,Emberiza cirlus,Cirl Bunting,EMBCIR,60.00,63.00,32.3,t,lite
PC,WLNP-6-2,875,General Community Waterton Lakes National Park 2018,10,2018-07-06 04:56:00,6983,180,Sialia currucoides,Mountain Bluebird,MOBL,60.00,63.00,37.8,t,lite
PC,WLNP-6-2,875,General Community Waterton Lakes National Park 2018,10,2018-07-06 04:56:00,6983,180,Emberiza cirlus,Cirl Bunting,EMBCIR,63.00,66.00,26.3,t,lite
PC,WLNP-6-2,875,General Community Waterton Lakes National Park 2018,10,2018-07-06 04:56:00,6983,180,Emberiza cirlus,Cirl Bunting,EMBCIR,66.00,69.00,29.4,t,lite
PC,WLNP-6-2,875,General Community Waterton Lakes National Park 2018,10,2018-07-06 04:56:00,6983,180,Emberiza cirlus,Cirl Bunting,EMBCIR,72.00,75.00,33.8,t,lite
PC,WLNP-6-2,875,General Community Waterton Lakes National Park 2018,10,2018-07-06 04:56:00,6983,180,Sialia currucoides,Mountain Bluebird,MOBL,78.00,81.00,49.5,t,lite
PC,WLNP-6-2,875,General Community Waterton Lakes National Park 2018,10,2018-07-06 04:56:00,6983,180,Sialia currucoides,Mountain Bluebird,MOBL,81.00,84.00,49.5,t,lite
PC,WLNP-6-2,875,General Community Waterton Lakes National Park 2018,10,2018-07-06 04:56:00,6983,180,Emberiza cirlus,Cirl Bunting,EMBCIR,87.00,90.00,57.7,t,lite
PC,WLNP-6-2,875,General Community Waterton Lakes National Park 2018,10,2018-07-06 04:56:00,6983,180,Junco hyemalis,Dark-eyed Junco,DEJU,87.00,90.00,27.3,t,lite
PC,WLNP-6-2,875,General Community Waterton Lakes National Park 2018,10,2018-07-06 04:56:00,6983,180,Emberiza cirlus,Cirl Bunting,EMBCIR,93.00,96.00,36.9,t,lite
PC,WLNP-6-2,875,General Community Waterton Lakes National Park 2018,10,2018-07-06 04:56:00,6983,180,Junco hyemalis,Dark-eyed Junco,DEJU,96.00,99.00,33.5,t,lite
PC,WLNP-6-2,875,General Community Waterton Lakes National Park 2018,10,2018-07-06 04:56:00,6983,180,Emberiza cirlus,Cirl Bunting,EMBCIR,96.00,99.00,55.8,t,lite
PC,WLNP-6-2,875,General Community Waterton Lakes National Park 2018,10,2018-07-06 04:56:00,6983,180,Emberiza cirlus,Cirl Bunting,EMBCIR,102.00,105.00,54.5,t,lite
PC,WLNP-6-2,875,General Community Waterton Lakes National Park 2018,10,2018-07-06 04:56:00,6983,180,Junco hyemalis,Dark-eyed Junco,DEJU,102.00,105.00,30.9,t,lite
PC,WLNP-6-2,875,General Community Waterton Lakes National Park 2018,10,2018-07-06 04:56:00,6983,180,Emberiza cirlus,Cirl Bunting,EMBCIR,105.00,108.00,34.3,t,lite
PC,WLNP-6-2,875,General Community Waterton Lakes National Park 2018,10,2018-07-06 04:56:00,6983,180,Sialia currucoides,Mountain Bluebird,MOBL,111.00,114.00,29.9,t,lite
PC,WLNP-6-2,875,General Community Waterton Lakes National Park 2018,10,2018-07-06 04:56:00,6983,180,Emberiza cirlus,Cirl Bunting,EMBCIR,120.00,123.00,30.4,t,lite
PC,WLNP-6-2,875,General Community Waterton Lakes National Park 2018,10,2018-07-06 04:56:00,6983,180,Emberiza cirlus,Cirl Bunting,EMBCIR,123.00,126.00,52.5,t,lite
PC,WLNP-6-2,875,General Community Waterton Lakes National Park 2018,10,2018-07-06 04:56:00,6983,180,Junco hyemalis,Dark-eyed Junco,DEJU,123.00,126.00,28.6,t,lite
PC,WLNP-6-2,875,General Community Waterton Lakes National Park 2018,10,2018-07-06 04:56:00,6983,180,Sialia currucoides,Mountain Bluebird,MOBL,126.00,129.00,37.2,t,lite
PC,WLNP-6-2,875,General Community Waterton Lakes National Park 2018,10,2018-07-06 04:56:00,6983,180,Sialia currucoides,Mountain Bluebird,MOBL,132.00,135.00,42.3,t,lite
PC,WLNP-6-2,875,General Community Waterton Lakes National Park 2018,10,2018-07-06 04:56:00,6983,180,Emberiza cirlus,Cirl Bunting,EMBCIR,132.00,135.00,35.4,t,lite
PC,WLNP-6-2,875,General Community Waterton Lakes National Park 2018,10,2018-07-06 04:56:00,6983,180,Emberiza cirlus,Cirl Bunting,EMBCIR,135.00,138.00,39.7,t,lite
PC,WLNP-6-2,875,General Community Waterton Lakes National Park 2018,10,2018-07-06 04:56:00,6983,180,Sialia currucoides,Mountain Bluebird,MOBL,138.00,141.00,35.1,t,lite
PC,WLNP-6-2,875,General Community Waterton Lakes National Park 2018,10,2018-07-06 04:56:00,6983,180,Sialia currucoides,Mountain Bluebird,MOBL,141.00,144.00,26.9,t,lite
PC,WLNP-6-2,875,General Community Waterton Lakes National Park 2018,10,2018-07-06 04:56:00,6983,180,Emberiza cirlus,Cirl Bunting,EMBCIR,141.00,144.00,36.6,t,lite
PC,WLNP-6-2,875,General Community Waterton Lakes National Park 2018,10,2018-07-06 04:56:00,6983,180,Emberiza cirlus,Cirl Bunting,EMBCIR,144.00,147.00,45.6,t,lite
PC,WLNP-6-2,875,General Community Waterton Lakes National Park 2018,10,2018-07-06 04:56:00,6983,180,Junco hyemalis,Dark-eyed Junco,DEJU,144.00,147.00,26.8,t,lite
PC,WLNP-6-2,875,General Community Waterton Lakes National Park 2018,10,2018-07-06 04:56:00,6983,180,Emberiza cirlus,Cirl Bunting,EMBCIR,150.00,153.00,33.1,t,lite
PC,WLNP-6-2,875,General Community Waterton Lakes National Park 2018,10,2018-07-06 04:56:00,6983,180,Sialia currucoides,Mountain Bluebird,MOBL,153.00,156.00,43.4,t,lite
PC,WLNP-6-2,875,General Community Waterton Lakes National Park 2018,10,2018-07-06 04:56:00,6983,180,Sialia currucoides,Mountain Bluebird,MOBL,156.00,159.00,32.2,t,lite
PC,WLNP-6-2,875,General Community Waterton Lakes National Park 2018,10,2018-07-06 04:56:00,6983,180,Emberiza cirlus,Cirl Bunting,EMBCIR,162.00,165.00,37.9,t,lite
PC,WLNP-6-2,875,General Community Waterton Lakes National Park 2018,10,2018-07-06 04:56:00,6983,180,Junco hyemalis,Dark-eyed Junco,DEJU,162.00,165.00,28.0,t,lite
PC,WLNP-6-2,875,General Community Waterton Lakes National Park 2018,10,2018-07-06 04:56:00,6983,180,Sialia currucoides,Mountain Bluebird,MOBL,165.00,168.00,31.7,t,lite
PC,WLNP-6-2,875,General Community Waterton Lakes National Park 2018,10,2018-07-06 04:56:00,6983,180,Sialia currucoides,Mountain Bluebird,MOBL,174.00,177.00,28.5,t,lite
PC,WLNP-6-2,875,General Community Waterton Lakes National Park 2018,10,2018-07-08 05:28:00,7003,180,Catharus guttatus,Hermit Thrush,HETH,0.00,3.00,35.6,t,lite
PC,WLNP-6-2,875,General Community Waterton Lakes National Park 2018,10,2018-07-08 05:28:00,7003,180,Catharus guttatus,Hermit Thrush,HETH,9.00,12.00,29.5,t,lite
PC,WLNP-6-2,875,General Community Waterton Lakes National Park 2018,10,2018-07-08 05:28:00,7003,180,Catharus guttatus,Hermit Thrush,HETH,48.00,51.00,30.3,t,lite
PC,WLNP-6-2,875,General Community Waterton Lakes National Park 2018,10,2018-07-08 05:28:00,7003,180,Junco hyemalis,Dark-eyed Junco,DEJU,63.00,66.00,34.5,t,lite
PC,WLNP-6-2,875,General Community Waterton Lakes National Park 2018,10,2018-07-08 05:28:00,7003,180,Emberiza cirlus,Cirl Bunting,EMBCIR,63.00,66.00,44.1,t,lite
PC,WLNP-6-2,875,General Community Waterton Lakes National Park 2018,10,2018-07-08 05:28:00,7003,180,Emberiza cirlus,Cirl Bunting,EMBCIR,78.00,81.00,35.0,t,lite
PC,WLNP-6-2,875,General Community Waterton Lakes National Park 2018,10,2018-07-08 05:28:00,7003,180,Junco hyemalis,Dark-eyed Junco,DEJU,78.00,81.00,29.1,t,lite
PC,WLNP-6-2,875,General Community Waterton Lakes National Park 2018,10,2018-07-08 05:28:00,7003,180,Emberiza cirlus,Cirl Bunting,EMBCIR,84.00,87.00,27.8,t,lite
PC,WLNP-6-2,875,General Community Waterton Lakes National Park 2018,10,2018-07-08 05:28:00,7003,180,Junco hyemalis,Dark-eyed Junco,DEJU,84.00,87.00,30.0,t,lite
PC,WLNP-6-2,875,General Community Waterton Lakes National Park 2018,10,2018-07-08 05:28:00,7003,180,Emberiza cirlus,Cirl Bunting,EMBCIR,93.00,96.00,40.0,t,lite
PC,WLNP-6-2,875,General Community Waterton Lakes National Park 2018,10,2018-07-08 05:28:00,7003,180,Junco hyemalis,Dark-eyed Junco,DEJU,93.00,96.00,32.7,t,lite
PC,WLNP-6-2,875,General Community Waterton Lakes National Park 2018,10,2018-07-08 05:28:00,7003,180,Emberiza cirlus,Cirl Bunting,EMBCIR,117.00,120.00,40.0,t,lite
PC,WLNP-6-2,875,General Community Waterton Lakes National Park 2018,10,2018-07-08 05:28:00,7003,180,Junco hyemalis,Dark-eyed Junco,DEJU,117.00,120.00,35.7,t,lite
PC,WLNP-6-2,875,General Community Waterton Lakes National Park 2018,10,2018-07-08 05:28:00,7003,180,Junco hyemalis,Dark-eyed Junco,DEJU,120.00,123.00,44.4,t,lite
PC,WLNP-6-2,875,General Community Waterton Lakes National Park 2018,10,2018-07-08 05:28:00,7003,180,Emberiza cirlus,Cirl Bunting,EMBCIR,120.00,123.00,49.8,t,lite
PC,WLNP-6-2,875,General Community Waterton Lakes National Park 2018,10,2018-07-08 05:28:00,7003,180,Emberiza cirlus,Cirl Bunting,EMBCIR,126.00,129.00,40.0,t,lite
PC,WLNP-6-2,875,General Community Waterton Lakes National Park 2018,10,2018-07-08 05:28:00,7003,180,Junco hyemalis,Dark-eyed Junco,DEJU,126.00,129.00,27.6,t,lite
PC,WLNP-6-2,875,General Community Waterton Lakes National Park 2018,10,2018-07-08 05:28:00,7003,180,Emberiza cirlus,Cirl Bunting,EMBCIR,129.00,132.00,36.0,t,lite
PC,WLNP-6-2,875,General Community Waterton Lakes National Park 2018,10,2018-07-08 05:28:00,7003,180,Junco hyemalis,Dark-eyed Junco,DEJU,132.00,135.00,31.4,t,lite
PC,WLNP-6-2,875,General Community Waterton Lakes National Park 2018,10,2018-07-08 05:28:00,7003,180,Emberiza cirlus,Cirl Bunting,EMBCIR,132.00,135.00,35.6,t,lite
PC,WLNP-6-2,875,General Community Waterton Lakes National Park 2018,10,2018-07-08 05:28:00,7003,180,Emberiza cirlus,Cirl Bunting,EMBCIR,141.00,144.00,25.5,t,lite
PC,WLNP-6-2,875,General Community Waterton Lakes National Park 2018,10,2018-07-08 05:28:00,7003,180,Junco hyemalis,Dark-eyed Junco,DEJU,159.00,162.00,27.1,t,lite
PC,WLNP-6-2,875,General Community Waterton Lakes National Park 2018,10,2018-07-08 05:28:00,7003,180,Emberiza cirlus,Cirl Bunting,EMBCIR,159.00,162.00,27.2,t,lite
PC,WLNP-6-2,875,General Community Waterton Lakes National Park 2018,10,2018-07-08 05:28:00,7003,180,Junco hyemalis,Dark-eyed Junco,DEJU,162.00,165.00,27.3,t,lite
PC,WLNP-6-2,875,General Community Waterton Lakes National Park 2018,10,2018-07-08 05:28:00,7003,180,Emberiza cirlus,Cirl Bunting,EMBCIR,162.00,165.00,39.7,t,lite
PC,WLNP-6-2,875,General Community Waterton Lakes National Park 2018,10,2018-07-08 05:28:00,7003,180,Emberiza cirlus,Cirl Bunting,EMBCIR,165.00,168.00,25.7,t,lite
PC,WLNP-6-2,875,General Community Waterton Lakes National Park 2018,10,2018-07-09 04:59:00,7080,180,Catharus guttatus,Hermit Thrush,HETH,0.00,3.00,50.9,t,lite
PC,WLNP-6-2,875,General Community Waterton Lakes National Park 2018,10,2018-07-09 04:59:00,7080,180,Catharus guttatus,Hermit Thrush,HETH,6.00,9.00,29.8,t,lite
PC,WLNP-6-2,875,General Community Waterton Lakes National Park 2018,10,2018-07-09 04:59:00,7080,180,Sporophila ruficollis,,,9.00,12.00,29.1,f,lite
PC,WLNP-6-2,875,General Community Waterton Lakes National Park 2018,10,2018-07-09 04:59:00,7080,180,Rhodophoneus cruentus,,,9.00,12.00,26.9,f,lite
PC,WLNP-6-2,875,General Community Waterton Lakes National Park 2018,10,2018-07-09 04:59:00,7080,180,Catharus guttatus,Hermit Thrush,HETH,18.00,21.00,37.5,t,lite
PC,WLNP-6-2,875,General Community Waterton Lakes National Park 2018,10,2018-07-09 04:59:00,7080,180,Catharus guttatus,Hermit Thrush,HETH,24.00,27.00,31.9,t,lite
PC,WLNP-6-2,875,General Community Waterton Lakes National Park 2018,10,2018-07-09 04:59:00,7080,180,Catharus guttatus,Hermit Thrush,HETH,27.00,30.00,51.5,t,lite
PC,WLNP-6-2,875,General Community Waterton Lakes National Park 2018,10,2018-07-09 04:59:00,7080,180,Catharus guttatus,Hermit Thrush,HETH,39.00,42.00,27.6,t,lite
PC,WLNP-6-2,875,General Community Waterton Lakes National Park 2018,10,2018-07-09 04:59:00,7080,180,Catharus guttatus,Hermit Thrush,HETH,45.00,48.00,30.6,t,lite
PC,WLNP-6-2,875,General Community Waterton Lakes National Park 2018,10,2018-07-09 04:59:00,7080,180,Cyornis omissus,,,48.00,51.00,25.2,f,lite
PC,WLNP-6-2,875,General Community Waterton Lakes National Park 2018,10,2018-07-09 04:59:00,7080,180,Catharus guttatus,Hermit Thrush,HETH,48.00,51.00,77.1,t,lite
PC,WLNP-6-2,875,General Community Waterton Lakes National Park 2018,10,2018-07-09 04:59:00,7080,180,Cinclidium frontale,,,48.00,51.00,26.5,f,lite
PC,WLNP-6-2,875,General Community Waterton Lakes National Park 2018,10,2018-07-09 04:59:00,7080,180,Catharus guttatus,Hermit Thrush,HETH,69.00,72.00,55.8,t,lite
PC,WLNP-6-2,875,General Community Waterton Lakes National Park 2018,10,2018-07-09 04:59:00,7080,180,Catharus guttatus,Hermit Thrush,HETH,75.00,78.00,32.0,t,lite
PC,WLNP-6-2,875,General Community Waterton Lakes National Park 2018,10,2018-07-09 04:59:00,7080,180,Catharus guttatus,Hermit Thrush,HETH,78.00,81.00,44.4,t,lite
PC,WLNP-6-2,875,General Community Waterton Lakes National Park 2018,10,2018-07-09 04:59:00,7080,180,Catharus guttatus,Hermit Thrush,HETH,87.00,90.00,61.7,t,lite
PC,WLNP-6-2,875,General Community Waterton Lakes National Park 2018,10,2018-07-09 04:59:00,7080,180,Catharus guttatus,Hermit Thrush,HETH,93.00,96.00,42.6,t,lite
PC,WLNP-6-2,875,General Community Waterton Lakes National Park 2018,10,2018-07-09 04:59:00,7080,180,Cercotrichas signata,,,93.00,96.00,27.7,f,lite
PC,WLNP-6-2,875,General Community Waterton Lakes National Park 2018,10,2018-07-09 04:59:00,7080,180,Catharus fuscater,Slaty-backed Nightingale-Thrush,SBNT,93.00,96.00,25.1,t,lite
PC,WLNP-6-2,875,General Community Waterton Lakes National Park 2018,10,2018-07-09 04:59:00,7080,180,Catharus guttatus,Hermit Thrush,HETH,96.00,99.00,25.4,t,lite
PC,WLNP-6-2,875,General Community Waterton Lakes National Park 2018,10,2018-07-09 04:59:00,7080,180,Catharus guttatus,Hermit Thrush,HETH,102.00,105.00,31.2,t,lite
PC,WLNP-6-2,875,General Community Waterton Lakes National Park 2018,10,2018-07-09 04:59:00,7080,180,Catharus guttatus,Hermit Thrush,HETH,105.00,108.00,78.4,t,lite
PC,WLNP-6-2,875,General Community Waterton Lakes National Park 2018,10,2018-07-09 04:59:00,7080,180,Catharus guttatus,Hermit Thrush,HETH,117.00,120.00,34.3,t,lite
PC,WLNP-6-2,875,General Community Waterton Lakes National Park 2018,10,2018-07-09 04:59:00,7080,180,Catharus guttatus,Hermit Thrush,HETH,123.00,126.00,43.8,t,lite
PC,WLNP-6-2,875,General Community Waterton Lakes National Park 2018,10,2018-07-09 04:59:00,7080,180,Pachycephala homeyeri,,,123.00,126.00,26.5,f,lite
PC,WLNP-6-2,875,General Community Waterton Lakes National Park 2018,10,2018-07-09 04:59:00,7080,180,Catharus guttatus,Hermit Thrush,HETH,126.00,129.00,29.0,t,lite
PC,WLNP-6-2,875,General Community Waterton Lakes National Park 2018,10,2018-07-09 04:59:00,7080,180,Cercotrichas signata,,,132.00,135.00,39.9,f,lite
PC,WLNP-6-2,875,General Community Waterton Lakes National Park 2018,10,2018-07-09 04:59:00,7080,180,Catharus guttatus,Hermit Thrush,HETH,132.00,135.00,50.9,t,lite
PC,WLNP-6-2,875,General Community Waterton Lakes National Park 2018,10,2018-07-09 04:59:00,7080,180,Pachycephala homeyeri,,,132.00,135.00,32.9,f,lite
PC,WLNP-6-2,875,General Community Waterton Lakes National Park 2018,10,2018-07-09 04:59:00,7080,180,Catharus guttatus,Hermit Thrush,HETH,138.00,141.00,58.3,t,lite
PC,WLNP-6-2,875,General Community Waterton Lakes National Park 2018,10,2018-07-09 04:59:00,7080,180,Catharus guttatus,Hermit Thrush,HETH,150.00,153.00,36.9,t,lite
PC,WLNP-6-2,875,General Community Waterton Lakes National Park 2018,10,2018-07-09 04:59:00,7080,180,Cercotrichas signata,,,153.00,156.00,51.2,f,lite
PC,WLNP-6-2,875,General Community Waterton Lakes National Park 2018,10,2018-07-09 04:59:00,7080,180,Catharus guttatus,Hermit Thrush,HETH,153.00,156.00,47.6,t,lite
PC,WLNP-6-2,875,General Community Waterton Lakes National Park 2018,10,2018-07-09 04:59:00,7080,180,Rhodophoneus cruentus,,,153.00,156.00,26.2,f,lite
PC,WLNP-6-2,875,General Community Waterton Lakes National Park 2018,10,2018-07-09 04:59:00,7080,180,Catharus guttatus,Hermit Thrush,HETH,165.00,168.00,41.7,t,lite
PC,WLNP-6-2,875,General Community Waterton Lakes National Park 2018,10,2018-07-09 04:59:00,7080,180,Catharus guttatus,Hermit Thrush,HETH,168.00,171.00,36.3,t,lite
PC,WLNP-6-2,875,General Community Waterton Lakes National Park 2018,10,2018-07-09 04:59:00,7080,180,Catharus guttatus,Hermit Thrush,HETH,171.00,174.00,38.4,t,lite
PC,WLNP-6-2,875,General Community Waterton Lakes National Park 2018,10,2018-07-09 04:59:00,7080,180,Catharus guttatus,Hermit Thrush,HETH,174.00,177.00,54.1,t,lite
PC,WLNP-6-2,875,General Community Waterton Lakes National Park 2018,10,2018-07-09 04:59:00,7080,180,Catharus fuscater,Slaty-backed Nightingale-Thrush,SBNT,174.00,177.00,28.6,t,lite
PC,WLNP-6-2,875,General Community Waterton Lakes National Park 2018,10,2018-07-09 04:59:00,7080,180,Catharus guttatus,Hermit Thrush,HETH,177.00,180.00,41.8,t,lite
PC,WLNP-6-3,876,General Community Waterton Lakes National Park 2018,10,2018-07-05 05:26:00,7005,180,Junco hyemalis,Dark-eyed Junco,DEJU,0.00,3.00,26.0,t,lite
PC,WLNP-6-3,876,General Community Waterton Lakes National Park 2018,10,2018-07-05 05:26:00,7005,180,Junco hyemalis,Dark-eyed Junco,DEJU,6.00,9.00,26.7,t,lite
PC,WLNP-6-3,876,General Community Waterton Lakes National Park 2018,10,2018-07-05 05:26:00,7005,180,Catharus guttatus,Hermit Thrush,HETH,21.00,24.00,53.8,t,lite
PC,WLNP-6-3,876,General Community Waterton Lakes National Park 2018,10,2018-07-05 05:26:00,7005,180,Catharus guttatus,Hermit Thrush,HETH,24.00,27.00,28.2,t,lite
PC,WLNP-6-3,876,General Community Waterton Lakes National Park 2018,10,2018-07-05 05:26:00,7005,180,Catharus guttatus,Hermit Thrush,HETH,33.00,36.00,45.9,t,lite
PC,WLNP-6-3,876,General Community Waterton Lakes National Park 2018,10,2018-07-05 05:26:00,7005,180,Peucaea aestivalis,Bachman's Sparrow,BACS,33.00,36.00,44.1,t,lite
PC,WLNP-6-3,876,General Community Waterton Lakes National Park 2018,10,2018-07-05 05:26:00,7005,180,Peucaea aestivalis,Bachman's Sparrow,BACS,36.00,39.00,31.5,t,lite
PC,WLNP-6-3,876,General Community Waterton Lakes National Park 2018,10,2018-07-05 05:26:00,7005,180,Setophaga pinus,Pine Warbler,PIWA,42.00,45.00,29.7,t,lite
PC,WLNP-6-3,876,General Community Waterton Lakes National Park 2018,10,2018-07-05 05:26:00,7005,180,Peucaea aestivalis,Bachman's Sparrow,BACS,42.00,45.00,35.9,t,lite
PC,WLNP-6-3,876,General Community Waterton Lakes National Park 2018,10,2018-07-05 05:26:00,7005,180,Junco hyemalis,Dark-eyed Junco,DEJU,45.00,48.00,27.5,t,lite
PC,WLNP-6-3,876,General Community Waterton Lakes National Park 2018,10,2018-07-05 05:26:00,7005,180,Setophaga pinus,Pine Warbler,PIWA,45.00,48.00,34.8,t,lite
PC,WLNP-6-3,876,General Community Waterton Lakes National Park 2018,10,2018-07-05 05:26:00,7005,180,Peucaea aestivalis,Bachman's Sparrow,BACS,45.00,48.00,25.3,t,lite
PC,WLNP-6-3,876,General Community Waterton Lakes National Park 2018,10,2018-07-05 05:26:00,7005,180,Catharus guttatus,Hermit Thrush,HETH,48.00,51.00,65.1,t,lite
PC,WLNP-6-3,876,General Community Waterton Lakes National Park 2018,10,2018-07-05 05:26:00,7005,180,Setophaga pinus,Pine Warbler,PIWA,51.00,54.00,25.2,t,lite
PC,WLNP-6-3,876,General Community Waterton Lakes National Park 2018,10,2018-07-05 05:26:00,7005,180,Leiothlypis crissalis,,,54.00,57.00,30.4,f,lite
PC,WLNP-6-3,876,General Community Waterton Lakes National Park 2018,10,2018-07-05 05:26:00,7005,180,Setophaga pinus,Pine Warbler,PIWA,54.00,57.00,35.0,t,lite
PC,WLNP-6-3,876,General Community Waterton Lakes National Park 2018,10,2018-07-05 05:26:00,7005,180,Peucaea aestivalis,Bachman's Sparrow,BACS,57.00,60.00,38.8,t,lite
PC,WLNP-6-3,876,General Community Waterton Lakes National Park 2018,10,2018-07-05 05:26:00,7005,180,Catharus guttatus,Hermit Thrush,HETH,63.00,66.00,61.5,t,lite
PC,WLNP-6-3,876,General Community Waterton Lakes National Park 2018,10,2018-07-05 05:26:00,7005,180,Peucaea aestivalis,Bachman's Sparrow,BACS,63.00,66.00,37.0,t,lite
PC,WLNP-6-3,876,General Community Waterton Lakes National Park 2018,10,2018-07-05 05:26:00,7005,180,Setophaga pinus,Pine Warbler,PIWA,66.00,69.00,28.6,t,lite
PC,WLNP-6-3,876,General Community Waterton Lakes National Park 2018,10,2018-07-05 05:26:00,7005,180,Peucaea aestivalis,Bachman's Sparrow,BACS,69.00,72.00,28.1,t,lite
PC,WLNP-6-3,876,General Community Waterton Lakes National Park 2018,10,2018-07-05 05:26:00,7005,180,Junco hyemalis,Dark-eyed Junco,DEJU,72.00,75.00,26.6,t,lite
PC,WLNP-6-3,876,General Community Waterton Lakes National Park 2018,10,2018-07-05 05:26:00,7005,180,Peucaea aestivalis,Bachman's Sparrow,BACS,72.00,75.00,42.7,t,lite
PC,WLNP-6-3,876,General Community Waterton Lakes National Park 2018,10,2018-07-05 05:26:00,7005,180,Peucaea aestivalis,Bachman's Sparrow,BACS,84.00,87.00,28.6,t,lite
PC,WLNP-6-3,876,General Community Waterton Lakes National Park 2018,10,2018-07-05 05:26:00,7005,180,Peucaea aestivalis,Bachman's Sparrow,BACS,87.00,90.00,34.0,t,lite
PC,WLNP-6-3,876,General Community Waterton Lakes National Park 2018,10,2018-07-05 05:26:00,7005,180,Peucaea aestivalis,Bachman's Sparrow,BACS,90.00,93.00,27.5,t,lite
PC,WLNP-6-3,876,General Community Waterton Lakes National Park 2018,10,2018-07-05 05:26:00,7005,180,Junco hyemalis,Dark-eyed Junco,DEJU,93.00,96.00,30.0,t,lite
PC,WLNP-6-3,876,General Community Waterton Lakes National Park 2018,10,2018-07-05 05:26:00,7005,180,Setophaga pinus,Pine Warbler,PIWA,93.00,96.00,35.5,t,lite
PC,WLNP-6-3,876,General Community Waterton Lakes National Park 2018,10,2018-07-05 05:26:00,7005,180,Peucaea aestivalis,Bachman's Sparrow,BACS,93.00,96.00,27.3,t,lite
PC,WLNP-6-3,876,General Community Waterton Lakes National Park 2018,10,2018-07-05 05:26:00,7005,180,Catharus guttatus,Hermit Thrush,HETH,96.00,99.00,40.2,t,lite
PC,WLNP-6-3,876,General Community Waterton Lakes National Park 2018,10,2018-07-05 05:26:00,7005,180,Setophaga pinus,Pine Warbler,PIWA,99.00,102.00,28.2,t,lite
PC,WLNP-6-3,876,General Community Waterton Lakes National Park 2018,10,2018-07-05 05:26:00,7005,180,Junco hyemalis,Dark-eyed Junco,DEJU,99.00,102.00,29.2,t,lite
PC,WLNP-6-3,876,General Community Waterton Lakes National Park 2018,10,2018-07-05 05:26:00,7005,180,Setophaga pinus,Pine Warbler,PIWA,105.00,108.00,25.2,t,lite
PC,WLNP-6-3,876,General Community Waterton Lakes National Park 2018,10,2018-07-05 05:26:00,7005,180,Catharus guttatus,Hermit Thrush,HETH,108.00,111.00,58.3,t,lite
PC,WLNP-6-3,876,General Community Waterton Lakes National Park 2018,10,2018-07-05 05:26:00,7005,180,Peucaea aestivalis,Bachman's Sparrow,BACS,111.00,114.00,35.3,t,lite
PC,WLNP-6-3,876,General Community Waterton Lakes National Park 2018,10,2018-07-05 05:26:00,7005,180,Setophaga pinus,Pine Warbler,PIWA,114.00,117.00,32.7,t,lite
PC,WLNP-6-3,876,General Community Waterton Lakes National Park 2018,10,2018-07-05 05:26:00,7005,180,Phylloscopus bonelli,Western Bonelli's Warbler,PHYBON,114.00,117.00,29.2,t,lite
PC,WLNP-6-3,876,General Community Waterton Lakes National Park 2018,10,2018-07-05 05:26:00,7005,180,Junco hyemalis,Dark-eyed Junco,DEJU,114.00,117.00,31.3,t,lite
PC,WLNP-6-3,876,General Community Waterton Lakes National Park 2018,10,2018-07-05 05:26:00,7005,180,Peucaea aestivalis,Bachman's Sparrow,BACS,117.00,120.00,25.0,t,lite
PC,WLNP-6-3,876,General Community Waterton Lakes National Park 2018,10,2018-07-05 05:26:00,7005,180,Setophaga pinus,Pine Warbler,PIWA,120.00,123.00,33.5,t,lite
PC,WLNP-6-3,876,General Community Waterton Lakes National Park 2018,10,2018-07-05 05:26:00,7005,180,Junco hyemalis,Dark-eyed Junco,DEJU,120.00,123.00,39.4,t,lite
PC,WLNP-6-3,876,General Community Waterton Lakes National Park 2018,10,2018-07-05 05:26:00,7005,180,Peucaea aestivalis,Bachman's Sparrow,BACS,132.00,135.00,26.1,t,lite
PC,WLNP-6-3,876,General Community Waterton Lakes National Park 2018,10,2018-07-05 05:26:00,7005,180,Setophaga pinus,Pine Warbler,PIWA,135.00,138.00,36.6,t,lite
PC,WLNP-6-3,876,General Community Waterton Lakes National Park 2018,10,2018-07-05 05:26:00,7005,180,Junco hyemalis,Dark-eyed Junco,DEJU,135.00,138.00,28.4,t,lite
PC,WLNP-6-3,876,General Community Waterton Lakes National Park 2018,10,2018-07-05 05:26:00,7005,180,Setophaga pinus,Pine Warbler,PIWA,141.00,144.00,28.7,t,lite
PC,WLNP-6-3,876,General Community Waterton Lakes National Park 2018,10,2018-07-05 05:26:00,7005,180,Zosterops atricapilla,,,144.00,147.00,27.6,f,lite
PC,WLNP-6-3,876,General Community Waterton Lakes National Park 2018,10,2018-07-05 05:26:00,7005,180,Orochelidon murina,,,144.00,147.00,27.2,f,lite
PC,WLNP-6-3,876,General Community Waterton Lakes National Park 2018,10,2018-07-05 05:26:00,7005,180,Orochelidon murina,,,147.00,150.00,39.2,f,lite
PC,WLNP-6-3,876,General Community Waterton Lakes National Park 2018,10,2018-07-05 05:26:00,7005,180,Turdus rufitorques,Rufous-collared Robin,RCRO,156.00,159.00,27.1,t,lite
PC,WLNP-6-3,876,General Community Waterton Lakes National Park 2018,10,2018-07-05 05:26:00,7005,180,Setophaga pinus,Pine Warbler,PIWA,162.00,165.00,25.2,t,lite
PC,WLNP-6-3,876,General Community Waterton Lakes National Park 2018,10,2018-07-05 05:26:00,7005,180,Junco hyemalis,Dark-eyed Junco,DEJU,162.00,165.00,27.1,t,lite
PC,WLNP-6-3,876,General Community Waterton Lakes National Park 2018,10,2018-07-05 05:26:00,7005,180,Setophaga pinus,Pine Warbler,PIWA,168.00,171.00,28.0,t,lite
PC,WLNP-6-3,876,General Community Waterton Lakes National Park 2018,10,2018-07-05 05:26:00,7005,180,Peucaea aestivalis,Bachman's Sparrow,BACS,168.00,171.00,38.7,t,lite
PC,WLNP-6-3,876,General Community Waterton Lakes National Park 2018,10,2018-07-05 05:26:00,7005,180,Junco hyemalis,Dark-eyed Junco,DEJU,171.00,174.00,36.1,t,lite
PC,WLNP-6-3,876,General Community Waterton Lakes National Park 2018,10,2018-07-05 05:26:00,7005,180,Setophaga pinus,Pine Warbler,PIWA,171.00,174.00,28.6,t,lite
PC,WLNP-6-3,876,General Community Waterton Lakes National Park 2018,10,2018-07-05 05:26:00,7005,180,Peucaea aestivalis,Bachman's Sparrow,BACS,174.00,177.00,31.0,t,lite
PC,WLNP-6-3,876,General Community Waterton Lakes National Park 2018,10,2018-07-08 05:28:00,7081,180,Contopus cooperi,Olive-sided Flycatcher,OSFL,3.00,6.00,64.1,t,lite
PC,WLNP-6-3,876,General Community Waterton Lakes National Park 2018,10,2018-07-08 05:28:00,7081,180,Contopus cooperi,Olive-sided Flycatcher,OSFL,24.00,27.00,34.8,t,lite
PC,WLNP-6-3,876,General Community Waterton Lakes National Park 2018,10,2018-07-08 05:28:00,7081,180,Contopus cooperi,Olive-sided Flycatcher,OSFL,30.00,33.00,30.7,t,lite
PC,WLNP-6-3,876,General Community Waterton Lakes National Park 2018,10,2018-07-08 05:28:00,7081,180,Sialia currucoides,Mountain Bluebird,MOBL,36.00,39.00,26.5,t,lite
PC,WLNP-6-3,876,General Community Waterton Lakes National Park 2018,10,2018-07-08 05:28:00,7081,180,Contopus cooperi,Olive-sided Flycatcher,OSFL,45.00,48.00,73.0,t,lite
PC,WLNP-6-3,876,General Community Waterton Lakes National Park 2018,10,2018-07-08 05:28:00,7081,180,Contopus cooperi,Olive-sided Flycatcher,OSFL,51.00,54.00,66.3,t,lite
PC,WLNP-6-3,876,General Community Waterton Lakes National Park 2018,10,2018-07-08 05:28:00,7081,180,Sialia currucoides,Mountain Bluebird,MOBL,54.00,57.00,36.6,t,lite
PC,WLNP-6-3,876,General Community Waterton Lakes National Park 2018,10,2018-07-08 05:28:00,7081,180,Sialia currucoides,Mountain Bluebird,MOBL,57.00,60.00,25.0,t,lite
PC,WLNP-6-3,876,General Community Waterton Lakes National Park 2018,10,2018-07-08 05:28:00,7081,180,Contopus cooperi,Olive-sided Flycatcher,OSFL,60.00,63.00,49.1,t,lite
PC,WLNP-6-3,876,General Community Waterton Lakes National Park 2018,10,2018-07-08 05:28:00,7081,180,Sialia currucoides,Mountain Bluebird,MOBL,72.00,75.00,47.9,t,lite
PC,WLNP-6-3,876,General Community Waterton Lakes National Park 2018,10,2018-07-08 05:28:00,7081,180,Spinus pinus,Pine Siskin,PISI,81.00,84.00,44.0,t,lite
PC,WLNP-6-3,876,General Community Waterton Lakes National Park 2018,10,2018-07-08 05:28:00,7081,180,Orochelidon murina,,,81.00,84.00,28.3,f,lite
PC,WLNP-6-3,876,General Community Waterton Lakes National Park 2018,10,2018-07-08 05:28:00,7081,180,Zosterops mauritianus,,,81.00,84.00,31.6,f,lite
PC,WLNP-6-3,876,General Community Waterton Lakes National Park 2018,10,2018-07-08 05:28:00,7081,180,Sialia currucoides,Mountain Bluebird,MOBL,90.00,93.00,32.5,t,lite
PC,WLNP-6-3,876,General Community Waterton Lakes National Park 2018,10,2018-07-08 05:28:00,7081,180,Contopus cooperi,Olive-sided Flycatcher,OSFL,96.00,99.00,35.1,t,lite
PC,WLNP-6-3,876,General Community Waterton Lakes National Park 2018,10,2018-07-08 05:28:00,7081,180,Contopus cooperi,Olive-sided Flycatcher,OSFL,108.00,111.00,48.7,t,lite
PC,WLNP-6-3,876,General Community Waterton Lakes National Park 2018,10,2018-07-08 05:28:00,7081,180,Contopus cooperi,Olive-sided Flycatcher,OSFL,120.00,123.00,73.9,t,lite
PC,WLNP-6-3,876,General Community Waterton Lakes National Park 2018,10,2018-07-08 05:28:00,7081,180,Contopus cooperi,Olive-sided Flycatcher,OSFL,129.00,132.00,54.7,t,lite
PC,WLNP-6-3,876,General Community Waterton Lakes National Park 2018,10,2018-07-08 05:28:00,7081,180,Contopus cooperi,Olive-sided Flycatcher,OSFL,132.00,135.00,43.1,t,lite
PC,WLNP-6-3,876,General Community Waterton Lakes National Park 2018,10,2018-07-08 05:28:00,7081,180,Contopus cooperi,Olive-sided Flycatcher,OSFL,138.00,141.00,47.0,t,lite
PC,WLNP-6-3,876,General Community Waterton Lakes National Park 2018,10,2018-07-08 05:28:00,7081,180,Contopus cooperi,Olive-sided Flycatcher,OSFL,141.00,144.00,67.6,t,lite
PC,WLNP-6-3,876,General Community Waterton Lakes National Park 2018,10,2018-07-08 05:28:00,7081,180,Contopus cooperi,Olive-sided Flycatcher,OSFL,156.00,159.00,47.9,t,lite
PC,WLNP-6-3,876,General Community Waterton Lakes National Park 2018,10,2018-07-08 05:28:00,7081,180,Sialia currucoides,Mountain Bluebird,MOBL,159.00,162.00,27.8,t,lite
PC,WLNP-6-3,876,General Community Waterton Lakes National Park 2018,10,2018-07-08 05:28:00,7081,180,Sialia currucoides,Mountain Bluebird,MOBL,165.00,168.00,46.4,t,lite
PC,WLNP-6-3,876,General Community Waterton Lakes National Park 2018,10,2018-07-08 05:28:00,7081,180,Contopus cooperi,Olive-sided Flycatcher,OSFL,168.00,171.00,26.7,t,lite
PC,WLNP-6-3,876,General Community Waterton Lakes National Park 2018,10,2018-07-08 05:28:00,7081,180,Contopus cooperi,Olive-sided Flycatcher,OSFL,174.00,177.00,70.4,t,lite
PC,WLNP-6-3,876,General Community Waterton Lakes National Park 2018,10,2018-07-08 05:28:00,7081,180,Contopus cooperi,Olive-sided Flycatcher,OSFL,177.00,180.00,25.2,t,lite
PC,WLNP-6-3,876,General Community Waterton Lakes National Park 2018,10,2018-07-09 04:59:00,7084,180,Peucaea aestivalis,Bachman's Sparrow,BACS,42.00,45.00,31.6,t,lite
PC,WLNP-6-3,876,General Community Waterton Lakes National Park 2018,10,2018-07-09 04:59:00,7084,180,Setophaga pinus,Pine Warbler,PIWA,51.00,54.00,30.2,t,lite
PC,WLNP-6-3,876,General Community Waterton Lakes National Park 2018,10,2018-07-09 04:59:00,7084,180,Contopus cooperi,Olive-sided Flycatcher,OSFL,72.00,75.00,25.7,t,lite
PC,WLNP-6-3,876,General Community Waterton Lakes National Park 2018,10,2018-07-09 04:59:00,7084,180,Contopus cooperi,Olive-sided Flycatcher,OSFL,93.00,96.00,36.9,t,lite
PC,WLNP-6-3,876,General Community Waterton Lakes National Park 2018,10,2018-07-09 04:59:00,7084,180,Peucaea aestivalis,Bachman's Sparrow,BACS,96.00,99.00,26.4,t,lite
PC,WLNP-6-3,876,General Community Waterton Lakes National Park 2018,10,2018-07-09 04:59:00,7084,180,Peucaea aestivalis,Bachman's Sparrow,BACS,108.00,111.00,34.9,t,lite
PC,WLNP-6-3,876,General Community Waterton Lakes National Park 2018,10,2018-07-09 04:59:00,7084,180,Peucaea aestivalis,Bachman's Sparrow,BACS,129.00,132.00,35.7,t,lite
PC,WLNP-6-3,876,General Community Waterton Lakes National Park 2018,10,2018-07-09 04:59:00,7084,180,Contopus cooperi,Olive-sided Flycatcher,OSFL,150.00,153.00,34.7,t,lite
PC,WLNP-6-3,876,General Community Waterton Lakes National Park 2018,10,2018-07-09 04:59:00,7084,180,Contopus cooperi,Olive-sided Flycatcher,OSFL,159.00,162.00,36.4,t,lite
PC,WLNP-6-3,876,General Community Waterton Lakes National Park 2018,10,2018-07-09 04:59:00,7084,180,Contopus cooperi,Olive-sided Flycatcher,OSFL,171.00,174.00,33.3,t,lite
PC,WLNP-6-3,876,General Community Waterton Lakes National Park 2018,10,2018-07-10 05:30:00,7004,180,Contopus cooperi,Olive-sided Flycatcher,OSFL,0.00,3.00,51.8,t,lite
PC,WLNP-6-3,876,General Community Waterton Lakes National Park 2018,10,2018-07-10 05:30:00,7004,180,Contopus cooperi,Olive-sided Flycatcher,OSFL,3.00,6.00,83.2,t,lite
PC,WLNP-6-3,876,General Community Waterton Lakes National Park 2018,10,2018-07-10 05:30:00,7004,180,Contopus cooperi,Olive-sided Flycatcher,OSFL,6.00,9.00,70.5,t,lite
PC,WLNP-6-3,876,General Community Waterton Lakes National Park 2018,10,2018-07-10 05:30:00,7004,180,Contopus cooperi,Olive-sided Flycatcher,OSFL,9.00,12.00,84.3,t,lite
PC,WLNP-6-3,876,General Community Waterton Lakes National Park 2018,10,2018-07-10 05:30:00,7004,180,Contopus cooperi,Olive-sided Flycatcher,OSFL,12.00,15.00,83.5,t,lite
PC,WLNP-6-3,876,General Community Waterton Lakes National Park 2018,10,2018-07-10 05:30:00,7004,180,Contopus cooperi,Olive-sided Flycatcher,OSFL,15.00,18.00,40.8,t,lite
PC,WLNP-6-3,876,General Community Waterton Lakes National Park 2018,10,2018-07-10 05:30:00,7004,180,Contopus cooperi,Olive-sided Flycatcher,OSFL,18.00,21.00,83.3,t,lite
PC,WLNP-6-3,876,General Community Waterton Lakes National Park 2018,10,2018-07-10 05:30:00,7004,180,Contopus cooperi,Olive-sided Flycatcher,OSFL,21.00,24.00,92.0,t,lite
PC,WLNP-6-3,876,General Community Waterton Lakes National Park 2018,10,2018-07-10 05:30:00,7004,180,Contopus cooperi,Olive-sided Flycatcher,OSFL,24.00,27.00,86.1,t,lite
PC,WLNP-6-3,876,General Community Waterton Lakes National Park 2018,10,2018-07-10 05:30:00,7004,180,Contopus cooperi,Olive-sided Flycatcher,OSFL,27.00,30.00,86.7,t,lite
PC,WLNP-6-3,876,General Community Waterton Lakes National Park 2018,10,2018-07-10 05:30:00,7004,180,Contopus cooperi,Olive-sided Flycatcher,OSFL,30.00,33.00,96.2,t,lite
PC,WLNP-6-3,876,General Community Waterton Lakes National Park 2018,10,2018-07-10 05:30:00,7004,180,Contopus cooperi,Olive-sided Flycatcher,OSFL,33.00,36.00,92.8,t,lite
PC,WLNP-6-3,876,General Community Waterton Lakes National Park 2018,10,2018-07-10 05:30:00,7004,180,Contopus cooperi,Olive-sided Flycatcher,OSFL,36.00,39.00,66.7,t,lite
PC,WLNP-6-3,876,General Community Waterton Lakes National Park 2018,10,2018-07-10 05:30:00,7004,180,Contopus cooperi,Olive-sided Flycatcher,OSFL,39.00,42.00,93.6,t,lite
PC,WLNP-6-3,876,General Community Waterton Lakes National Park 2018,10,2018-07-10 05:30:00,7004,180,Contopus cooperi,Olive-sided Flycatcher,OSFL,42.00,45.00,90.8,t,lite
PC,WLNP-6-3,876,General Community Waterton Lakes National Park 2018,10,2018-07-10 05:30:00,7004,180,Contopus cooperi,Olive-sided Flycatcher,OSFL,45.00,48.00,92.8,t,lite
PC,WLNP-6-3,876,General Community Waterton Lakes National Park 2018,10,2018-07-10 05:30:00,7004,180,Contopus cooperi,Olive-sided Flycatcher,OSFL,48.00,51.00,92.5,t,lite
PC,WLNP-6-3,876,General Community Waterton Lakes National Park 2018,10,2018-07-10 05:30:00,7004,180,Contopus cooperi,Olive-sided Flycatcher,OSFL,51.00,54.00,93.6,t,lite
PC,WLNP-6-3,876,General Community Waterton Lakes National Park 2018,10,2018-07-10 05:30:00,7004,180,Contopus cooperi,Olive-sided Flycatcher,OSFL,54.00,57.00,93.8,t,lite
PC,WLNP-6-3,876,General Community Waterton Lakes National Park 2018,10,2018-07-10 05:30:00,7004,180,Contopus cooperi,Olive-sided Flycatcher,OSFL,57.00,60.00,95.7,t,lite
PC,WLNP-6-3,876,General Community Waterton Lakes National Park 2018,10,2018-07-10 05:30:00,7004,180,Contopus cooperi,Olive-sided Flycatcher,OSFL,60.00,63.00,95.2,t,lite
PC,WLNP-6-3,876,General Community Waterton Lakes National Park 2018,10,2018-07-10 05:30:00,7004,180,Contopus cooperi,Olive-sided Flycatcher,OSFL,63.00,66.00,96.8,t,lite
PC,WLNP-6-3,876,General Community Waterton Lakes National Park 2018,10,2018-07-10 05:30:00,7004,180,Contopus cooperi,Olive-sided Flycatcher,OSFL,66.00,69.00,85.0,t,lite
PC,WLNP-6-3,876,General Community Waterton Lakes National Park 2018,10,2018-07-10 05:30:00,7004,180,Contopus cooperi,Olive-sided Flycatcher,OSFL,69.00,72.00,76.1,t,lite
PC,WLNP-6-3,876,General Community Waterton Lakes National Park 2018,10,2018-07-10 05:30:00,7004,180,Contopus cooperi,Olive-sided Flycatcher,OSFL,75.00,78.00,80.3,t,lite
PC,WLNP-6-3,876,General Community Waterton Lakes National Park 2018,10,2018-07-10 05:30:00,7004,180,Spinus pinus,Pine Siskin,PISI,78.00,81.00,35.8,t,lite
PC,WLNP-6-3,876,General Community Waterton Lakes National Park 2018,10,2018-07-10 05:30:00,7004,180,Contopus fumigatus,,,84.00,87.00,25.7,f,lite
PC,WLNP-6-3,876,General Community Waterton Lakes National Park 2018,10,2018-07-10 05:30:00,7004,180,Contopus cooperi,Olive-sided Flycatcher,OSFL,84.00,87.00,49.0,t,lite
PC,WLNP-6-3,876,General Community Waterton Lakes National Park 2018,10,2018-07-10 05:30:00,7004,180,Spinus pinus,Pine Siskin,PISI,87.00,90.00,35.2,t,lite
PC,WLNP-6-3,876,General Community Waterton Lakes National Park 2018,10,2018-07-10 05:30:00,7004,180,Contopus cooperi,Olive-sided Flycatcher,OSFL,87.00,90.00,35.3,t,lite
PC,WLNP-6-3,876,General Community Waterton Lakes National Park 2018,10,2018-07-10 05:30:00,7004,180,Contopus cooperi,Olive-sided Flycatcher,OSFL,90.00,93.00,74.8,t,lite
PC,WLNP-6-3,876,General Community Waterton Lakes National Park 2018,10,2018-07-10 05:30:00,7004,180,Emberiza cirlus,Cirl Bunting,EMBCIR,102.00,105.00,27.0,t,lite
PC,WLNP-6-3,876,General Community Waterton Lakes National Park 2018,10,2018-07-10 05:30:00,7004,180,Junco hyemalis,Dark-eyed Junco,DEJU,102.00,105.00,28.8,t,lite
PC,WLNP-6-3,876,General Community Waterton Lakes National Park 2018,10,2018-07-10 05:30:00,7004,180,Setophaga cerulea,Cerulean Warbler,CERW,114.00,117.00,28.2,t,lite
PC,WLNP-6-3,876,General Community Waterton Lakes National Park 2018,10,2018-07-10 05:30:00,7004,180,Phylloscopus coronatus,,,114.00,117.00,37.9,f,lite
PC,WLNP-6-3,876,General Community Waterton Lakes National Park 2018,10,2018-07-10 05:30:00,7004,180,Oreothlypis gutturalis,Flame-throated Warbler,FTHW,117.00,120.00,36.8,t,lite
PC,WLNP-6-3,876,General Community Waterton Lakes National Park 2018,10,2018-07-10 05:30:00,7004,180,Myiothlypis roraimae,,,117.00,120.00,44.1,f,lite
PC,WLNP-6-3,876,General Community Waterton Lakes National Park 2018,10,2018-07-10 05:30:00,7004,180,Spinus pinus,Pine Siskin,PISI,117.00,120.00,66.6,t,lite
PC,WLNP-6-3,876,General Community Waterton Lakes National Park 2018,10,2018-07-10 05:30:00,7004,180,Emberiza cirlus,Cirl Bunting,EMBCIR,123.00,126.00,35.5,t,lite
PC,WLNP-6-3,876,General Community Waterton Lakes National Park 2018,10,2018-07-10 05:30:00,7004,180,Junco hyemalis,Dark-eyed Junco,DEJU,123.00,126.00,26.8,t,lite
PC,WLNP-6-3,876,General Community Waterton Lakes National Park 2018,10,2018-07-10 05:30:00,7004,180,Spinus pinus,Pine Siskin,PISI,126.00,129.00,51.0,t,lite
PC,WLNP-6-3,876,General Community Waterton Lakes National Park 2018,10,2018-07-10 05:30:00,7004,180,Junco hyemalis,Dark-eyed Junco,DEJU,129.00,132.00,40.7,t,lite
PC,WLNP-6-3,876,General Community Waterton Lakes National Park 2018,10,2018-07-10 05:30:00,7004,180,Emberiza cirlus,Cirl Bunting,EMBCIR,129.00,132.00,39.0,t,lite
PC,WLNP-6-3,876,General Community Waterton Lakes National Park 2018,10,2018-07-10 05:30:00,7004,180,Spinus pinus,Pine Siskin,PISI,132.00,135.00,71.5,t,lite
PC,WLNP-6-3,876,General Community Waterton Lakes National Park 2018,10,2018-07-10 05:30:00,7004,180,Junco hyemalis,Dark-eyed Junco,DEJU,135.00,138.00,28.6,t,lite
PC,WLNP-6-3,876,General Community Waterton Lakes National Park 2018,10,2018-07-10 05:30:00,7004,180,Oreothlypis gutturalis,Flame-throated Warbler,FTHW,138.00,141.00,27.5,t,lite
PC,WLNP-6-3,876,General Community Waterton Lakes National Park 2018,10,2018-07-10 05:30:00,7004,180,Spinus pinus,Pine Siskin,PISI,147.00,150.00,25.3,t,lite
PC,WLNP-6-3,876,General Community Waterton Lakes National Park 2018,10,2018-07-10 05:30:00,7004,180,Emberiza cirlus,Cirl Bunting,EMBCIR,150.00,153.00,39.9,t,lite
PC,WLNP-6-3,876,General Community Waterton Lakes National Park 2018,10,2018-07-10 05:30:00,7004,180,Junco hyemalis,Dark-eyed Junco,DEJU,150.00,153.00,42.4,t,lite
PC,WLNP-6-3,876,General Community Waterton Lakes National Park 2018,10,2018-07-10 05:30:00,7004,180,Oreothlypis gutturalis,Flame-throated Warbler,FTHW,153.00,156.00,32.5,t,lite
PC,WLNP-6-3,876,General Community Waterton Lakes National Park 2018,10,2018-07-10 05:30:00,7004,180,Junco hyemalis,Dark-eyed Junco,DEJU,156.00,159.00,45.9,t,lite
PC,WLNP-6-3,876,General Community Waterton Lakes National Park 2018,10,2018-07-10 05:30:00,7004,180,Emberiza cirlus,Cirl Bunting,EMBCIR,156.00,159.00,40.6,t,lite
PC,WLNP-6-3,876,General Community Waterton Lakes National Park 2018,10,2018-07-10 05:30:00,7004,180,Spinus pinus,Pine Siskin,PISI,159.00,162.00,51.0,t,lite
PC,WLNP-6-3,876,General Community Waterton Lakes National Park 2018,10,2018-07-10 05:30:00,7004,180,Junco hyemalis,Dark-eyed Junco,DEJU,162.00,165.00,45.3,t,lite
PC,WLNP-6-3,876,General Community Waterton Lakes National Park 2018,10,2018-07-10 05:30:00,7004,180,Emberiza cirlus,Cirl Bunting,EMBCIR,162.00,165.00,32.3,t,lite
PC,WLNP-6-3,876,General Community Waterton Lakes National Park 2018,10,2018-07-10 05:30:00,7004,180,Spinus pinus,Pine Siskin,PISI,165.00,168.00,35.5,t,lite
PC,WLNP-6-3,876,General Community Waterton Lakes National Park 2018,10,2018-07-10 05:30:00,7004,180,Oreothlypis gutturalis,Flame-throated Warbler,FTHW,171.00,174.00,27.3,t,lite
PC,WLNP-6-4,862,General Community Waterton Lakes National Park 2018,10,2018-06-29 05:21:00,7050,180,Catharus guttatus,Hermit Thrush,HETH,81.00,84.00,29.3,t,lite
PC,WLNP-6-4,862,General Community Waterton Lakes National Park 2018,10,2018-06-29 05:21:00,7050,180,Turdus cardis,,,87.00,90.00,27.4,f,lite
PC,WLNP-6-4,862,General Community Waterton Lakes National Park 2018,10,2018-06-29 05:21:00,7050,180,Catharus guttatus,Hermit Thrush,HETH,90.00,93.00,78.0,t,lite
PC,WLNP-6-4,862,General Community Waterton Lakes National Park 2018,10,2018-06-29 05:21:00,7050,180,Catharus guttatus,Hermit Thrush,HETH,96.00,99.00,51.3,t,lite
PC,WLNP-6-4,862,General Community Waterton Lakes National Park 2018,10,2018-06-29 05:21:00,7050,180,Fringilla montifringilla,Brambling,BRAM,102.00,105.00,28.3,t,lite
PC,WLNP-6-4,862,General Community Waterton Lakes National Park 2018,10,2018-06-29 05:21:00,7050,180,Catharus guttatus,Hermit Thrush,HETH,102.00,105.00,71.2,t,lite
PC,WLNP-6-4,862,General Community Waterton Lakes National Park 2018,10,2018-06-29 05:21:00,7050,180,Catharus guttatus,Hermit Thrush,HETH,111.00,114.00,65.1,t,lite
PC,WLNP-6-4,862,General Community Waterton Lakes National Park 2018,10,2018-06-29 05:21:00,7050,180,Catharus fuscater,Slaty-backed Nightingale-Thrush,SBNT,111.00,114.00,36.4,t,lite
PC,WLNP-6-4,862,General Community Waterton Lakes National Park 2018,10,2018-06-29 05:21:00,7050,180,Catharus guttatus,Hermit Thrush,HETH,120.00,123.00,34.4,t,lite
PC,WLNP-6-4,862,General Community Waterton Lakes National Park 2018,10,2018-06-29 05:21:00,7050,180,Catharus guttatus,Hermit Thrush,HETH,132.00,135.00,41.6,t,lite
PC,WLNP-6-4,862,General Community Waterton Lakes National Park 2018,10,2018-06-29 05:21:00,7050,180,Catharus guttatus,Hermit Thrush,HETH,135.00,138.00,27.2,t,lite
PC,WLNP-6-4,862,General Community Waterton Lakes National Park 2018,10,2018-06-29 05:21:00,7050,180,Mecocerculus stictopterus,,,138.00,141.00,26.0,f,lite
PC,WLNP-6-4,862,General Community Waterton Lakes National Park 2018,10,2018-06-29 05:21:00,7050,180,Catharus guttatus,Hermit Thrush,HETH,138.00,141.00,53.8,t,lite
PC,WLNP-6-4,862,General Community Waterton Lakes National Park 2018,10,2018-06-29 05:21:00,7050,180,Grallaria rufula,,,177.00,180.00,35.0,f,lite
PC,WLNP-6-4,862,General Community Waterton Lakes National Park 2018,10,2018-07-02 05:23:00,7034,180,Sialia currucoides,Mountain Bluebird,MOBL,78.00,81.00,28.6,t,lite
PC,WLNP-6-4,862,General Community Waterton Lakes National Park 2018,10,2018-07-02 05:23:00,7034,180,Sialia currucoides,Mountain Bluebird,MOBL,81.00,84.00,53.8,t,lite
PC,WLNP-6-4,862,General Community Waterton Lakes National Park 2018,10,2018-07-02 05:23:00,7034,180,Sialia currucoides,Mountain Bluebird,MOBL,87.00,90.00,51.4,t,lite
PC,WLNP-6-4,862,General Community Waterton Lakes National Park 2018,10,2018-07-02 05:23:00,7034,180,Myiotheretes pernix,,,102.00,105.00,28.3,f,lite
PC,WLNP-6-4,862,General Community Waterton Lakes National Park 2018,10,2018-07-02 05:23:00,7034,180,Catharus guttatus,Hermit Thrush,HETH,162.00,165.00,50.6,t,lite
PC,WLNP-6-4,862,General Community Waterton Lakes National Park 2018,10,2018-07-02 05:23:00,7034,180,Cyphorhinus thoracicus,,,177.00,180.00,29.8,f,lite
PC,WLNP-6-4,862,General Community Waterton Lakes National Park 2018,10,2018-07-04 05:25:00,6975,180,Sialia currucoides,Mountain Bluebird,MOBL,0.00,3.00,29.7,t,lite
PC,WLNP-6-4,862,General Community Waterton Lakes National Park 2018,10,2018-07-04 05:25:00,6975,180,Sialia currucoides,Mountain Bluebird,MOBL,3.00,6.00,54.0,t,lite
PC,WLNP-6-4,862,General Community Waterton Lakes National Park 2018,10,2018-07-04 05:25:00,6975,180,Merops apiaster,European Bee-eater,MERAPI,6.00,9.00,25.3,t,lite
PC,WLNP-6-4,862,General Community Waterton Lakes National Park 2018,10,2018-07-04 05:25:00,6975,180,Sialia currucoides,Mountain Bluebird,MOBL,6.00,9.00,55.5,t,lite
PC,WLNP-6-4,862,General Community Waterton Lakes National Park 2018,10,2018-07-04 05:25:00,6975,180,Sialia currucoides,Mountain Bluebird,MOBL,12.00,15.00,42.3,t,lite
PC,WLNP-6-4,862,General Community Waterton Lakes National Park 2018,10,2018-07-04 05:25:00,6975,180,Sialia currucoides,Mountain Bluebird,MOBL,15.00,18.00,61.5,t,lite
PC,WLNP-6-4,862,General Community Waterton Lakes National Park 2018,10,2018-07-04 05:25:00,6975,180,Sialia currucoides,Mountain Bluebird,MOBL,21.00,24.00,31.7,t,lite
PC,WLNP-6-4,862,General Community Waterton Lakes National Park 2018,10,2018-07-04 05:25:00,6975,180,Sialia currucoides,Mountain Bluebird,MOBL,24.00,27.00,69.1,t,lite
PC,WLNP-6-4,862,General Community Waterton Lakes National Park 2018,10,2018-07-04 05:25:00,6975,180,Sialia currucoides,Mountain Bluebird,MOBL,30.00,33.00,52.3,t,lite
PC,WLNP-6-4,862,General Community Waterton Lakes National Park 2018,10,2018-07-04 05:25:00,6975,180,Sialia currucoides,Mountain Bluebird,MOBL,36.00,39.00,63.1,t,lite
PC,WLNP-6-4,862,General Community Waterton Lakes National Park 2018,10,2018-07-04 05:25:00,6975,180,Chlorocharis emiliae,,,42.00,45.00,28.4,f,lite
PC,WLNP-6-4,862,General Community Waterton Lakes National Park 2018,10,2018-07-04 05:25:00,6975,180,Sialia currucoides,Mountain Bluebird,MOBL,42.00,45.00,73.6,t,lite
PC,WLNP-6-4,862,General Community Waterton Lakes National Park 2018,10,2018-07-04 05:25:00,6975,180,Pooecetes gramineus,Vesper Sparrow,VESP,57.00,60.00,27.4,t,lite
PC,WLNP-6-4,862,General Community Waterton Lakes National Park 2018,10,2018-07-04 05:25:00,6975,180,Sialia currucoides,Mountain Bluebird,MOBL,57.00,60.00,36.5,t,lite
PC,WLNP-6-4,862,General Community Waterton Lakes National Park 2018,10,2018-07-04 05:25:00,6975,180,Catharus guttatus,Hermit Thrush,HETH,63.00,66.00,48.6,t,lite
PC,WLNP-6-4,862,General Community Waterton Lakes National Park 2018,10,2018-07-04 05:25:00,6975,180,Sialia currucoides,Mountain Bluebird,MOBL,69.00,72.00,41.9,t,lite
PC,WLNP-6-4,862,General Community Waterton Lakes National Park 2018,10,2018-07-04 05:25:00,6975,180,Sialia currucoides,Mountain Bluebird,MOBL,72.00,75.00,38.7,t,lite
PC,WLNP-6-4,862,General Community Waterton Lakes National Park 2018,10,2018-07-04 05:25:00,6975,180,Clamator jacobinus,,,75.00,78.00,25.5,f,lite
PC,WLNP-6-4,862,General Community Waterton Lakes National Park 2018,10,2018-07-04 05:25:00,6975,180,Sialia currucoides,Mountain Bluebird,MOBL,75.00,78.00,66.6,t,lite
PC,WLNP-6-4,862,General Community Waterton Lakes National Park 2018,10,2018-07-04 05:25:00,6975,180,Sialia currucoides,Mountain Bluebird,MOBL,81.00,84.00,25.8,t,lite
PC,WLNP-6-4,862,General Community Waterton Lakes National Park 2018,10,2018-07-04 05:25:00,6975,180,Sialia currucoides,Mountain Bluebird,MOBL,84.00,87.00,38.4,t,lite
PC,WLNP-6-4,862,General Community Waterton Lakes National Park 2018,10,2018-07-04 05:25:00,6975,180,Catharus guttatus,Hermit Thrush,HETH,96.00,99.00,41.5,t,lite
PC,WLNP-6-4,862,General Community Waterton Lakes National Park 2018,10,2018-07-04 05:25:00,6975,180,Rhodophoneus cruentus,,,135.00,138.00,26.9,f,lite
PC,WLNP-6-4,862,General Community Waterton Lakes National Park 2018,10,2018-07-04 05:25:00,6975,180,Rhodophoneus cruentus,,,156.00,159.00,28.9,f,lite
PC,WLNP-6-4,862,General Community Waterton Lakes National Park 2018,10,2018-07-05 04:56:00,6949,180,Zonotrichia leucophrys,White-crowned Sparrow,WCSP,9.00,12.00,46.0,t,lite
PC,WLNP-6-4,862,General Community Waterton Lakes National Park 2018,10,2018-07-05 04:56:00,6949,180,Sialia currucoides,Mountain Bluebird,MOBL,69.00,72.00,58.9,t,lite
PC,WLNP-6-4,862,General Community Waterton Lakes National Park 2018,10,2018-07-05 04:56:00,6949,180,Sialia currucoides,Mountain Bluebird,MOBL,75.00,78.00,25.7,t,lite
PC,WLNP-6-4,862,General Community Waterton Lakes National Park 2018,10,2018-07-05 04:56:00,6949,180,Sialia currucoides,Mountain Bluebird,MOBL,105.00,108.00,28.3,t,lite
PC,WLNP-6-4,862,General Community Waterton Lakes National Park 2018,10,2018-07-05 04:56:00,6949,180,Sialia currucoides,Mountain Bluebird,MOBL,111.00,114.00,50.4,t,lite
PC,WLNP-6-4,862,General Community Waterton Lakes National Park 2018,10,2018-07-05 04:56:00,6949,180,Sialia currucoides,Mountain Bluebird,MOBL,120.00,123.00,29.7,t,lite
PC,WLNP-6-4,862,General Community Waterton Lakes National Park 2018,10,2018-07-05 04:56:00,6949,180,Sialia currucoides,Mountain Bluebird,MOBL,129.00,132.00,28.2,t,lite
PC,WLNP-6-4,862,General Community Waterton Lakes National Park 2018,10,2018-07-05 04:56:00,6949,180,Sialia currucoides,Mountain Bluebird,MOBL,132.00,135.00,40.0,t,lite
PC,WLNP-6-4,862,General Community Waterton Lakes National Park 2018,10,2018-07-05 04:56:00,6949,180,Sialia currucoides,Mountain Bluebird,MOBL,135.00,138.00,38.2,t,lite
PC,WLNP-6-4,862,General Community Waterton Lakes National Park 2018,10,2018-07-05 04:56:00,6949,180,Sialia currucoides,Mountain Bluebird,MOBL,138.00,141.00,27.2,t,lite
PC,WLNP-6-4,862,General Community Waterton Lakes National Park 2018,10,2018-07-05 04:56:00,6949,180,Sialia currucoides,Mountain Bluebird,MOBL,144.00,147.00,42.9,t,lite
PC,WLNP-6-4,862,General Community Waterton Lakes National Park 2018,10,2018-07-05 04:56:00,6949,180,Sialia currucoides,Mountain Bluebird,MOBL,147.00,150.00,35.4,t,lite
PC,WLNP-6-4,862,General Community Waterton Lakes National Park 2018,10,2018-07-05 04:56:00,6949,180,Sialia currucoides,Mountain Bluebird,MOBL,153.00,156.00,44.2,t,lite
PC,WLNP-6-4,862,General Community Waterton Lakes National Park 2018,10,2018-07-05 04:56:00,6949,180,Sialia currucoides,Mountain Bluebird,MOBL,159.00,162.00,47.8,t,lite
PC,WLNP-6-4,862,General Community Waterton Lakes National Park 2018,10,2018-07-05 04:56:00,6949,180,Sialia currucoides,Mountain Bluebird,MOBL,162.00,165.00,29.5,t,lite
PC,WLNP-6-4,862,General Community Waterton Lakes National Park 2018,10,2018-07-05 04:56:00,6949,180,Sialia currucoides,Mountain Bluebird,MOBL,165.00,168.00,55.8,t,lite
PC,WLNP-6-4,862,General Community Waterton Lakes National Park 2018,10,2018-07-05 04:56:00,6949,180,Sialia currucoides,Mountain Bluebird,MOBL,168.00,171.00,52.3,t,lite
PC,WLNP-6-4,862,General Community Waterton Lakes National Park 2018,10,2018-07-05 04:56:00,6949,180,Sialia currucoides,Mountain Bluebird,MOBL,174.00,177.00,32.3,t,lite
PC,WLNP-6-4,862,General Community Waterton Lakes National Park 2018,10,2018-07-05 04:56:00,6949,180,Sialia currucoides,Mountain Bluebird,MOBL,177.00,180.00,56.6,t,lite
PC,WLNP-6-5,848,General Community Waterton Lakes National Park 2018,10,2018-06-28 05:21:00,7012,180,Orochelidon murina,,,12.00,15.00,31.4,f,lite
PC,WLNP-6-5,848,General Community Waterton Lakes National Park 2018,10,2018-06-28 05:21:00,7012,180,Orochelidon murina,,,33.00,36.00,25.6,f,lite
PC,WLNP-6-5,848,General Community Waterton Lakes National Park 2018,10,2018-06-28 05:21:00,7012,180,Rhodophoneus cruentus,,,42.00,45.00,27.3,f,lite
PC,WLNP-6-5,848,General Community Waterton Lakes National Park 2018,10,2018-06-28 05:21:00,7012,180,Spizella breweri,Brewer's Sparrow,BRSP,72.00,75.00,29.6,t,lite
PC,WLNP-6-5,848,General Community Waterton Lakes National Park 2018,10,2018-06-28 05:21:00,7012,180,Zonotrichia leucophrys,White-crowned Sparrow,WCSP,123.00,126.00,29.2,t,lite
PC,WLNP-6-5,848,General Community Waterton Lakes National Park 2018,10,2018-06-28 05:21:00,7012,180,Malurus leucopterus,,,144.00,147.00,26.0,f,lite
PC,WLNP-6-5,848,General Community Waterton Lakes National Park 2018,10,2018-07-03 05:24:00,6967,180,Anthus bogotensis,,,12.00,15.00,35.3,f,lite
PC,WLNP-6-5,848,General Community Waterton Lakes National Park 2018,10,2018-07-03 05:24:00,6967,180,Sialia currucoides,Mountain Bluebird,MOBL,15.00,18.00,63.1,t,lite
PC,WLNP-6-5,848,General Community Waterton Lakes National Park 2018,10,2018-07-03 05:24:00,6967,180,Sialia currucoides,Mountain Bluebird,MOBL,27.00,30.00,35.0,t,lite
PC,WLNP-6-5,848,General Community Waterton Lakes National Park 2018,10,2018-07-03 05:24:00,6967,180,Zonotrichia leucophrys,White-crowned Sparrow,WCSP,33.00,36.00,41.7,t,lite
PC,WLNP-6-5,848,General Community Waterton Lakes National Park 2018,10,2018-07-03 05:24:00,6967,180,Zonotrichia leucophrys,White-crowned Sparrow,WCSP,36.00,39.00,35.6,t,lite
PC,WLNP-6-5,848,General Community Waterton Lakes National Park 2018,10,2018-07-03 05:24:00,6967,180,Zonotrichia leucophrys,White-crowned Sparrow,WCSP,48.00,51.00,43.4,t,lite
PC,WLNP-6-5,848,General Community Waterton Lakes National Park 2018,10,2018-07-03 05:24:00,6967,180,Myrmoderus eowilsoni,,,54.00,57.00,27.8,f,lite
PC,WLNP-6-5,848,General Community Waterton Lakes National Park 2018,10,2018-07-03 05:24:00,6967,180,Zonotrichia leucophrys,White-crowned Sparrow,WCSP,60.00,63.00,29.3,t,lite
PC,WLNP-6-5,848,General Community Waterton Lakes National Park 2018,10,2018-07-03 05:24:00,6967,180,Zonotrichia leucophrys,White-crowned Sparrow,WCSP,63.00,66.00,55.6,t,lite
PC,WLNP-6-5,848,General Community Waterton Lakes National Park 2018,10,2018-07-03 05:24:00,6967,180,Anthus bogotensis,,,63.00,66.00,29.7,f,lite
PC,WLNP-6-5,848,General Community Waterton Lakes National Park 2018,10,2018-07-03 05:24:00,6967,180,Zonotrichia leucophrys,White-crowned Sparrow,WCSP,75.00,78.00,42.4,t,lite
PC,WLNP-6-5,848,General Community Waterton Lakes National Park 2018,10,2018-07-03 05:24:00,6967,180,Sialia currucoides,Mountain Bluebird,MOBL,84.00,87.00,41.4,t,lite
PC,WLNP-6-5,848,General Community Waterton Lakes National Park 2018,10,2018-07-03 05:24:00,6967,180,Sialia currucoides,Mountain Bluebird,MOBL,87.00,90.00,36.8,t,lite
PC,WLNP-6-5,848,General Community Waterton Lakes National Park 2018,10,2018-07-03 05:24:00,6967,180,Zonotrichia leucophrys,White-crowned Sparrow,WCSP,102.00,105.00,40.3,t,lite
PC,WLNP-6-5,848,General Community Waterton Lakes National Park 2018,10,2018-07-03 05:24:00,6967,180,Sialia currucoides,Mountain Bluebird,MOBL,114.00,117.00,34.4,t,lite
PC,WLNP-6-5,848,General Community Waterton Lakes National Park 2018,10,2018-07-03 05:24:00,6967,180,Sialia currucoides,Mountain Bluebird,MOBL,153.00,156.00,29.0,t,lite
PC,WLNP-6-5,848,General Community Waterton Lakes National Park 2018,10,2018-07-09 04:59:00,7013,180,Chersophilus duponti,Dupont's Lark,CHEDUP,99.00,102.00,25.3,t,lite
PC,WLNP-6-5,848,General Community Waterton Lakes National Park 2018,10,2018-07-09 04:59:00,7013,180,Alauda arvensis,Eurasian Skylark,EUSK,129.00,132.00,25.6,t,lite
PC,WLNP-6-5,848,General Community Waterton Lakes National Park 2018,10,2018-07-10 05:30:00,7051,180,Rhodophoneus cruentus,,,3.00,6.00,29.8,f,lite
PC,WLNP-6-5,848,General Community Waterton Lakes National Park 2018,10,2018-07-10 05:30:00,7051,180,Catharus fuscater,Slaty-backed Nightingale-Thrush,SBNT,3.00,6.00,32.1,t,lite
PC,WLNP-6-5,848,General Community Waterton Lakes National Park 2018,10,2018-07-10 05:30:00,7051,180,Zonotrichia leucophrys,White-crowned Sparrow,WCSP,9.00,12.00,30.4,t,lite
PC,WLNP-6-5,848,General Community Waterton Lakes National Park 2018,10,2018-07-10 05:30:00,7051,180,Zonotrichia leucophrys,White-crowned Sparrow,WCSP,18.00,21.00,42.5,t,lite
PC,WLNP-6-5,848,General Community Waterton Lakes National Park 2018,10,2018-07-10 05:30:00,7051,180,Sporophila ruficollis,,,27.00,30.00,33.2,f,lite
PC,WLNP-6-5,848,General Community Waterton Lakes National Park 2018,10,2018-07-10 05:30:00,7051,180,Zonotrichia leucophrys,White-crowned Sparrow,WCSP,30.00,33.00,26.7,t,lite
PC,WLNP-6-5,848,General Community Waterton Lakes National Park 2018,10,2018-07-10 05:30:00,7051,180,Sporophila ruficollis,,,45.00,48.00,28.9,f,lite
PC,WLNP-6-5,848,General Community Waterton Lakes National Park 2018,10,2018-07-10 05:30:00,7051,180,Alauda arvensis,Eurasian Skylark,EUSK,66.00,69.00,36.1,t,lite
PC,WLNP-6-5,848,General Community Waterton Lakes National Park 2018,10,2018-07-10 05:30:00,7051,180,Sporophila ruficollis,,,72.00,75.00,25.4,f,lite
PC,WLNP-6-5,848,General Community Waterton Lakes National Park 2018,10,2018-07-10 05:30:00,7051,180,Alauda arvensis,Eurasian Skylark,EUSK,75.00,78.00,26.0,t,lite
PC,WLNP-6-5,848,General Community Waterton Lakes National Park 2018,10,2018-07-10 05:30:00,7051,180,Zonotrichia leucophrys,White-crowned Sparrow,WCSP,75.00,78.00,29.1,t,lite
PC,WLNP-6-5,848,General Community Waterton Lakes National Park 2018,10,2018-07-10 05:30:00,7051,180,Orochelidon murina,,,81.00,84.00,28.6,f,lite
PC,WLNP-6-5,848,General Community Waterton Lakes National Park 2018,10,2018-07-10 05:30:00,7051,180,Zonotrichia leucophrys,White-crowned Sparrow,WCSP,84.00,87.00,33.8,t,lite
PC,WLNP-6-5,848,General Community Waterton Lakes National Park 2018,10,2018-07-10 05:30:00,7051,180,Catharus guttatus,Hermit Thrush,HETH,102.00,105.00,31.7,t,lite
PC,WLNP-6-5,848,General Community Waterton Lakes National Park 2018,10,2018-07-10 05:30:00,7051,180,Alauda arvensis,Eurasian Skylark,EUSK,105.00,108.00,27.9,t,lite
PC,WLNP-6-5,848,General Community Waterton Lakes National Park 2018,10,2018-07-10 05:30:00,7051,180,Zonotrichia leucophrys,White-crowned Sparrow,WCSP,117.00,120.00,39.3,t,lite
PC,WLNP-6-5,848,General Community Waterton Lakes National Park 2018,10,2018-07-10 05:30:00,7051,180,Zonotrichia leucophrys,White-crowned Sparrow,WCSP,132.00,135.00,25.2,t,lite
PC,WLNP-6-5,848,General Community Waterton Lakes National Park 2018,10,2018-07-10 05:30:00,7051,180,Zonotrichia leucophrys,White-crowned Sparrow,WCSP,135.00,138.00,26.0,t,lite
PC,WLNP-6-5,848,General Community Waterton Lakes National Park 2018,10,2018-07-10 05:30:00,7051,180,Alauda arvensis,Eurasian Skylark,EUSK,144.00,147.00,28.9,t,lite
PC,WLNP-6-5,848,General Community Waterton Lakes National Park 2018,10,2018-07-10 05:30:00,7051,180,Zonotrichia leucophrys,White-crowned Sparrow,WCSP,147.00,150.00,33.5,t,lite
PC,WLNP-6-5,848,General Community Waterton Lakes National Park 2018,10,2018-07-10 05:30:00,7051,180,Pezoporus wallicus,,,153.00,156.00,26.4,f,lite
PC,WLNP-6-5,848,General Community Waterton Lakes National Park 2018,10,2018-07-10 05:30:00,7051,180,Zonotrichia leucophrys,White-crowned Sparrow,WCSP,162.00,165.00,54.3,t,lite
PC,WLNP-6-5,848,General Community Waterton Lakes National Park 2018,10,2018-07-10 05:30:00,7051,180,Pooecetes gramineus,Vesper Sparrow,VESP,162.00,165.00,28.1,t,lite
PC,WLNP-6-5,848,General Community Waterton Lakes National Park 2018,10,2018-07-10 05:30:00,7051,180,Anthus bogotensis,,,162.00,165.00,33.2,f,lite
PC,WLNP-6-5,848,General Community Waterton Lakes National Park 2018,10,2018-07-10 05:30:00,7051,180,Alauda arvensis,Eurasian Skylark,EUSK,162.00,165.00,36.7,t,lite
PC,WLNP-6-5,848,General Community Waterton Lakes National Park 2018,10,2018-07-10 05:30:00,7051,180,Dubusia taeniata,,,168.00,171.00,36.1,f,lite
PC,WLNP-6-5,848,General Community Waterton Lakes National Park 2018,10,2018-07-10 05:30:00,7051,180,Zonotrichia leucophrys,White-crowned Sparrow,WCSP,177.00,180.00,43.9,t,lite
PC,WLNP-7-1,849,General Community Waterton Lakes National Park 2018,10,2018-06-08 21:39:00,6956,180,Setophaga aestiva,,,33.00,36.00,25.3,f,lite
PC,WLNP-7-1,849,General Community Waterton Lakes National Park 2018,10,2018-06-08 21:39:00,6956,180,Setophaga pensylvanica,Chestnut-sided Warbler,CSWA,36.00,39.00,44.6,t,lite
PC,WLNP-7-1,849,General Community Waterton Lakes National Park 2018,10,2018-06-08 21:39:00,6956,180,Geothlypis nelsoni,Hooded Yellowthroat,HOYE,36.00,39.00,26.8,t,lite
PC,WLNP-7-1,849,General Community Waterton Lakes National Park 2018,10,2018-06-08 21:39:00,6956,180,Setophaga aestiva,,,39.00,42.00,25.3,f,lite
PC,WLNP-7-1,849,General Community Waterton Lakes National Park 2018,10,2018-06-08 21:39:00,6956,180,Phylloscopus trochilus,Willow Warbler,WILW,45.00,48.00,28.3,t,lite
PC,WLNP-7-1,849,General Community Waterton Lakes National Park 2018,10,2018-06-08 21:39:00,6956,180,Setophaga aestiva,,,48.00,51.00,37.7,f,lite
PC,WLNP-7-1,849,General Community Waterton Lakes National Park 2018,10,2018-06-08 21:39:00,6956,180,Setophaga aestiva,,,60.00,63.00,34.8,f,lite
PC,WLNP-7-1,849,General Community Waterton Lakes National Park 2018,10,2018-06-08 21:39:00,6956,180,Setophaga aestiva,,,66.00,69.00,26.5,f,lite
PC,WLNP-7-1,849,General Community Waterton Lakes National Park 2018,10,2018-06-08 21:39:00,6956,180,Setophaga aestiva,,,69.00,72.00,43.8,f,lite
PC,WLNP-7-1,849,General Community Waterton Lakes National Park 2018,10,2018-06-08 21:39:00,6956,180,Setophaga aestiva,,,78.00,81.00,36.6,f,lite
PC,WLNP-7-1,849,General Community Waterton Lakes National Park 2018,10,2018-06-08 21:39:00,6956,180,Setophaga aestiva,,,81.00,84.00,34.5,f,lite
PC,WLNP-7-1,849,General Community Waterton Lakes National Park 2018,10,2018-06-08 21:39:00,6956,180,Setophaga aestiva,,,87.00,90.00,35.7,f,lite
PC,WLNP-7-1,849,General Community Waterton Lakes National Park 2018,10,2018-06-08 21:39:00,6956,180,Setophaga pensylvanica,Chestnut-sided Warbler,CSWA,87.00,90.00,39.8,t,lite
PC,WLNP-7-1,849,General Community Waterton Lakes National Park 2018,10,2018-06-08 21:39:00,6956,180,Cardellina rubrifrons,Red-faced Warbler,RFWA,108.00,111.00,32.6,t,lite
PC,WLNP-7-1,849,General Community Waterton Lakes National Park 2018,10,2018-06-08 21:39:00,6956,180,Phylloscopus claudiae,,,111.00,114.00,31.9,f,lite
PC,WLNP-7-1,849,General Community Waterton Lakes National Park 2018,10,2018-06-08 21:39:00,6956,180,Setophaga aestiva,,,111.00,114.00,25.8,f,lite
PC,WLNP-7-1,849,General Community Waterton Lakes National Park 2018,10,2018-06-08 21:39:00,6956,180,Phylloscopus goodsoni,,,111.00,114.00,27.6,f,lite
PC,WLNP-7-1,849,General Community Waterton Lakes National Park 2018,10,2018-06-08 21:39:00,6956,180,Setophaga aestiva,,,120.00,123.00,25.0,f,lite
PC,WLNP-7-1,849,General Community Waterton Lakes National Park 2018,10,2018-06-08 21:39:00,6956,180,Setophaga aestiva,,,135.00,138.00,28.2,f,lite
PC,WLNP-7-1,849,General Community Waterton Lakes National Park 2018,10,2018-06-08 21:39:00,6956,180,Setophaga aestiva,,,150.00,153.00,34.1,f,lite
PC,WLNP-7-1,849,General Community Waterton Lakes National Park 2018,10,2018-06-08 21:39:00,6956,180,Setophaga aestiva,,,159.00,162.00,35.1,f,lite
PC,WLNP-7-1,849,General Community Waterton Lakes National Park 2018,10,2018-06-08 21:39:00,6956,180,Setophaga petechia,Yellow Warbler,YEWA,159.00,162.00,26.8,t,lite
PC,WLNP-7-1,849,General Community Waterton Lakes National Park 2018,10,2018-06-08 21:39:00,6956,180,Setophaga aestiva,,,165.00,168.00,44.8,f,lite
PC,WLNP-7-1,849,General Community Waterton Lakes National Park 2018,10,2018-06-08 21:39:00,6956,180,Setophaga petechia,Yellow Warbler,YEWA,165.00,168.00,26.6,t,lite
PC,WLNP-7-1,849,General Community Waterton Lakes National Park 2018,10,2018-06-08 21:39:00,6956,180,Leiothlypis virginiae,,,171.00,174.00,30.1,f,lite
PC,WLNP-7-1,849,General Community Waterton Lakes National Park 2018,10,2018-06-08 21:39:00,6956,180,Setophaga dominica,Yellow-throated Warbler,YTWA,174.00,177.00,26.1,t,lite
PC,WLNP-7-1,849,General Community Waterton Lakes National Park 2018,10,2018-06-10 05:19:00,6976,180,Troglodytes aedon,House Wren,HOWR,12.00,15.00,34.4,t,lite
PC,WLNP-7-1,849,General Community Waterton Lakes National Park 2018,10,2018-06-10 05:19:00,6976,180,Troglodytes aedon,House Wren,HOWR,21.00,24.00,37.3,t,lite
PC,WLNP-7-1,849,General Community Waterton Lakes National Park 2018,10,2018-06-10 05:19:00,6976,180,Troglodytes aedon,House Wren,HOWR,27.00,30.00,39.2,t,lite
PC,WLNP-7-1,849,General Community Waterton Lakes National Park 2018,10,2018-06-10 05:19:00,6976,180,Fringilla coelebs,Common Chaffinch,CCHA,27.00,30.00,27.4,t,lite
PC,WLNP-7-1,849,General Community Waterton Lakes National Park 2018,10,2018-06-10 05:19:00,6976,180,Troglodytes aedon,House Wren,HOWR,30.00,33.00,31.7,t,lite
PC,WLNP-7-1,849,General Community Waterton Lakes National Park 2018,10,2018-06-10 05:19:00,6976,180,Troglodytes aedon,House Wren,HOWR,33.00,36.00,41.7,t,lite
PC,WLNP-7-1,849,General Community Waterton Lakes National Park 2018,10,2018-06-10 05:19:00,6976,180,Troglodytes aedon,House Wren,HOWR,42.00,45.00,45.5,t,lite
PC,WLNP-7-1,849,General Community Waterton Lakes National Park 2018,10,2018-06-10 05:19:00,6976,180,Troglodytes aedon,House Wren,HOWR,48.00,51.00,49.7,t,lite
PC,WLNP-7-1,849,General Community Waterton Lakes National Park 2018,10,2018-06-10 05:19:00,6976,180,Troglodytes aedon,House Wren,HOWR,54.00,57.00,36.1,t,lite
PC,WLNP-7-1,849,General Community Waterton Lakes National Park 2018,10,2018-06-10 05:19:00,6976,180,Troglodytes aedon,House Wren,HOWR,57.00,60.00,33.8,t,lite
PC,WLNP-7-1,849,General Community Waterton Lakes National Park 2018,10,2018-06-10 05:19:00,6976,180,Prinia hodgsonii,,,60.00,63.00,36.3,f,lite
PC,WLNP-7-1,849,General Community Waterton Lakes National Park 2018,10,2018-06-10 05:19:00,6976,180,Troglodytes aedon,House Wren,HOWR,60.00,63.00,43.1,t,lite
PC,WLNP-7-1,849,General Community Waterton Lakes National Park 2018,10,2018-06-10 05:19:00,6976,180,Troglodytes aedon,House Wren,HOWR,63.00,66.00,37.4,t,lite
PC,WLNP-7-1,849,General Community Waterton Lakes National Park 2018,10,2018-06-10 05:19:00,6976,180,Troglodytes aedon,House Wren,HOWR,66.00,69.00,32.2,t,lite
PC,WLNP-7-1,849,General Community Waterton Lakes National Park 2018,10,2018-06-10 05:19:00,6976,180,Troglodytes aedon,House Wren,HOWR,69.00,72.00,33.6,t,lite
PC,WLNP-7-1,849,General Community Waterton Lakes National Park 2018,10,2018-06-10 05:19:00,6976,180,Troglodytes aedon,House Wren,HOWR,84.00,87.00,46.8,t,lite
PC,WLNP-7-1,849,General Community Waterton Lakes National Park 2018,10,2018-06-10 05:19:00,6976,180,Troglodytes aedon,House Wren,HOWR,96.00,99.00,35.2,t,lite
PC,WLNP-7-1,849,General Community Waterton Lakes National Park 2018,10,2018-06-10 05:19:00,6976,180,Pheucticus melanocephalus,,,99.00,102.00,28.5,f,lite
PC,WLNP-7-1,849,General Community Waterton Lakes National Park 2018,10,2018-06-10 05:19:00,6976,180,Troglodytes aedon,House Wren,HOWR,102.00,105.00,41.0,t,lite
PC,WLNP-7-1,849,General Community Waterton Lakes National Park 2018,10,2018-06-10 05:19:00,6976,180,Troglodytes aedon,House Wren,HOWR,105.00,108.00,25.7,t,lite
PC,WLNP-7-1,849,General Community Waterton Lakes National Park 2018,10,2018-06-10 05:19:00,6976,180,Troglodytes aedon,House Wren,HOWR,111.00,114.00,64.0,t,lite
PC,WLNP-7-1,849,General Community Waterton Lakes National Park 2018,10,2018-06-10 05:19:00,6976,180,Pheucticus melanocephalus,,,114.00,117.00,29.4,f,lite
PC,WLNP-7-1,849,General Community Waterton Lakes National Park 2018,10,2018-06-10 05:19:00,6976,180,Troglodytes aedon,House Wren,HOWR,117.00,120.00,68.7,t,lite
PC,WLNP-7-1,849,General Community Waterton Lakes National Park 2018,10,2018-06-10 05:19:00,6976,180,Fringilla coelebs,Common Chaffinch,CCHA,117.00,120.00,36.3,t,lite
PC,WLNP-7-1,849,General Community Waterton Lakes National Park 2018,10,2018-06-10 05:19:00,6976,180,Ficedula mugimaki,Mugimaki Flycatcher,MUFL,117.00,120.00,27.2,t,lite
PC,WLNP-7-1,849,General Community Waterton Lakes National Park 2018,10,2018-06-10 05:19:00,6976,180,Geothlypis philadelphia,Mourning Warbler,MOWA,117.00,120.00,25.6,t,lite
PC,WLNP-7-1,849,General Community Waterton Lakes National Park 2018,10,2018-06-10 05:19:00,6976,180,Pheucticus melanocephalus,,,123.00,126.00,28.2,f,lite
PC,WLNP-7-1,849,General Community Waterton Lakes National Park 2018,10,2018-06-10 05:19:00,6976,180,Troglodytes aedon,House Wren,HOWR,126.00,129.00,42.6,t,lite
PC,WLNP-7-1,849,General Community Waterton Lakes National Park 2018,10,2018-06-10 05:19:00,6976,180,Troglodytes aedon,House Wren,HOWR,135.00,138.00,57.8,t,lite
PC,WLNP-7-1,849,General Community Waterton Lakes National Park 2018,10,2018-06-10 05:19:00,6976,180,Troglodytes aedon,House Wren,HOWR,138.00,141.00,51.7,t,lite
PC,WLNP-7-1,849,General Community Waterton Lakes National Park 2018,10,2018-06-10 05:19:00,6976,180,Troglodytes aedon,House Wren,HOWR,144.00,147.00,45.6,t,lite
PC,WLNP-7-1,849,General Community Waterton Lakes National Park 2018,10,2018-06-10 05:19:00,6976,180,Pheucticus melanocephalus,,,147.00,150.00,35.1,f,lite
PC,WLNP-7-1,849,General Community Waterton Lakes National Park 2018,10,2018-06-10 05:19:00,6976,180,Troglodytes aedon,House Wren,HOWR,159.00,162.00,59.6,t,lite
PC,WLNP-7-1,849,General Community Waterton Lakes National Park 2018,10,2018-06-10 05:19:00,6976,180,Troglodytes aedon,House Wren,HOWR,162.00,165.00,42.6,t,lite
PC,WLNP-7-1,849,General Community Waterton Lakes National Park 2018,10,2018-06-10 05:19:00,6976,180,Troglodytes aedon,House Wren,HOWR,165.00,168.00,86.9,t,lite
PC,WLNP-7-1,849,General Community Waterton Lakes National Park 2018,10,2018-06-10 05:19:00,6976,180,Troglodytes aedon,House Wren,HOWR,171.00,174.00,85.0,t,lite
PC,WLNP-7-1,849,General Community Waterton Lakes National Park 2018,10,2018-06-10 05:19:00,6976,180,Fringilla coelebs,Common Chaffinch,CCHA,171.00,174.00,48.8,t,lite
PC,WLNP-7-1,849,General Community Waterton Lakes National Park 2018,10,2018-06-10 05:19:00,6976,180,Troglodytes aedon,House Wren,HOWR,174.00,177.00,67.7,t,lite
PC,WLNP-7-1,849,General Community Waterton Lakes National Park 2018,10,2018-06-10 05:19:00,6976,180,Tachycineta bicolor,Tree Swallow,TRES,177.00,180.00,32.8,t,lite
PC,WLNP-7-1,849,General Community Waterton Lakes National Park 2018,10,2018-06-13 05:18:00,7082,180,Troglodytes aedon,House Wren,HOWR,0.00,3.00,31.6,t,lite
PC,WLNP-7-1,849,General Community Waterton Lakes National Park 2018,10,2018-06-13 05:18:00,7082,180,Troglodytes aedon,House Wren,HOWR,3.00,6.00,78.2,t,lite
PC,WLNP-7-1,849,General Community Waterton Lakes National Park 2018,10,2018-06-13 05:18:00,7082,180,Phylloscopus umbrovirens,,,3.00,6.00,27.5,f,lite
PC,WLNP-7-1,849,General Community Waterton Lakes National Park 2018,10,2018-06-13 05:18:00,7082,180,Spinus tristis,American Goldfinch,AMGO,3.00,6.00,26.7,t,lite
PC,WLNP-7-1,849,General Community Waterton Lakes National Park 2018,10,2018-06-13 05:18:00,7082,180,Troglodytes aedon,House Wren,HOWR,6.00,9.00,87.6,t,lite
PC,WLNP-7-1,849,General Community Waterton Lakes National Park 2018,10,2018-06-13 05:18:00,7082,180,Fringilla coelebs,Common Chaffinch,CCHA,9.00,12.00,26.8,t,lite
PC,WLNP-7-1,849,General Community Waterton Lakes National Park 2018,10,2018-06-13 05:18:00,7082,180,Troglodytes aedon,House Wren,HOWR,9.00,12.00,61.0,t,lite
PC,WLNP-7-1,849,General Community Waterton Lakes National Park 2018,10,2018-06-13 05:18:00,7082,180,Sylvia curruca,Lesser Whitethroat,LEWH,9.00,12.00,25.3,t,lite
PC,WLNP-7-1,849,General Community Waterton Lakes National Park 2018,10,2018-06-13 05:18:00,7082,180,Troglodytes aedon,House Wren,HOWR,12.00,15.00,38.6,t,lite
PC,WLNP-7-1,849,General Community Waterton Lakes National Park 2018,10,2018-06-13 05:18:00,7082,180,Spinus tristis,American Goldfinch,AMGO,15.00,18.00,28.7,t,lite
PC,WLNP-7-1,849,General Community Waterton Lakes National Park 2018,10,2018-06-13 05:18:00,7082,180,Troglodytes aedon,House Wren,HOWR,15.00,18.00,67.3,t,lite
PC,WLNP-7-1,849,General Community Waterton Lakes National Park 2018,10,2018-06-13 05:18:00,7082,180,Phylloscopus umbrovirens,,,15.00,18.00,27.5,f,lite
PC,WLNP-7-1,849,General Community Waterton Lakes National Park 2018,10,2018-06-13 05:18:00,7082,180,Troglodytes aedon,House Wren,HOWR,18.00,21.00,67.4,t,lite
PC,WLNP-7-1,849,General Community Waterton Lakes National Park 2018,10,2018-06-13 05:18:00,7082,180,Troglodytes aedon,House Wren,HOWR,21.00,24.00,56.3,t,lite
PC,WLNP-7-1,849,General Community Waterton Lakes National Park 2018,10,2018-06-13 05:18:00,7082,180,Fringilla coelebs,Common Chaffinch,CCHA,21.00,24.00,42.0,t,lite
PC,WLNP-7-1,849,General Community Waterton Lakes National Park 2018,10,2018-06-13 05:18:00,7082,180,Cinnyris venustus,,,24.00,27.00,28.0,f,lite
PC,WLNP-7-1,849,General Community Waterton Lakes National Park 2018,10,2018-06-13 05:18:00,7082,180,Troglodytes aedon,House Wren,HOWR,24.00,27.00,85.2,t,lite
PC,WLNP-7-1,849,General Community Waterton Lakes National Park 2018,10,2018-06-13 05:18:00,7082,180,Troglodytes aedon,House Wren,HOWR,27.00,30.00,34.3,t,lite
PC,WLNP-7-1,849,General Community Waterton Lakes National Park 2018,10,2018-06-13 05:18:00,7082,180,Fringilla coelebs,Common Chaffinch,CCHA,27.00,30.00,28.8,t,lite
PC,WLNP-7-1,849,General Community Waterton Lakes National Park 2018,10,2018-06-13 05:18:00,7082,180,Troglodytes aedon,House Wren,HOWR,30.00,33.00,31.9,t,lite
PC,WLNP-7-1,849,General Community Waterton Lakes National Park 2018,10,2018-06-13 05:18:00,7082,180,Troglodytes aedon,House Wren,HOWR,45.00,48.00,40.1,t,lite
PC,WLNP-7-1,849,General Community Waterton Lakes National Park 2018,10,2018-06-13 05:18:00,7082,180,Troglodytes aedon,House Wren,HOWR,51.00,54.00,43.5,t,lite
PC,WLNP-7-1,849,General Community Waterton Lakes National Park 2018,10,2018-06-13 05:18:00,7082,180,Myiothlypis bivittata,,,54.00,57.00,31.5,f,lite
PC,WLNP-7-1,849,General Community Waterton Lakes National Park 2018,10,2018-06-13 05:18:00,7082,180,Troglodytes aedon,House Wren,HOWR,63.00,66.00,44.9,t,lite
PC,WLNP-7-1,849,General Community Waterton Lakes National Park 2018,10,2018-06-13 05:18:00,7082,180,Zenaida macroura,Mourning Dove,MODO,75.00,78.00,33.9,t,lite
PC,WLNP-7-1,849,General Community Waterton Lakes National Park 2018,10,2018-06-13 05:18:00,7082,180,Capito quinticolor,,,75.00,78.00,28.3,f,lite
PC,WLNP-7-1,849,General Community Waterton Lakes National Park 2018,10,2018-06-13 05:18:00,7082,180,Troglodytes aedon,House Wren,HOWR,84.00,87.00,52.8,t,lite
PC,WLNP-7-1,849,General Community Waterton Lakes National Park 2018,10,2018-06-13 05:18:00,7082,180,Pheucticus melanocephalus,,,102.00,105.00,32.8,f,lite
PC,WLNP-7-1,849,General Community Waterton Lakes National Park 2018,10,2018-06-13 05:18:00,7082,180,Lullula arborea,Wood Lark,LULARB,141.00,144.00,32.7,t,lite
PC,WLNP-7-1,849,General Community Waterton Lakes National Park 2018,10,2018-06-14 04:48:00,7014,180,Setophaga aestiva,,,0.00,3.00,46.0,f,lite
PC,WLNP-7-1,849,General Community Waterton Lakes National Park 2018,10,2018-06-14 04:48:00,7014,180,Setophaga aestiva,,,9.00,12.00,45.8,f,lite
PC,WLNP-7-1,849,General Community Waterton Lakes National Park 2018,10,2018-06-14 04:48:00,7014,180,Setophaga aestiva,,,12.00,15.00,29.2,f,lite
PC,WLNP-7-1,849,General Community Waterton Lakes National Park 2018,10,2018-06-14 04:48:00,7014,180,Setophaga aestiva,,,21.00,24.00,30.6,f,lite
PC,WLNP-7-1,849,General Community Waterton Lakes National Park 2018,10,2018-06-14 04:48:00,7014,180,Setophaga aestiva,,,27.00,30.00,51.7,f,lite
PC,WLNP-7-1,849,General Community Waterton Lakes National Park 2018,10,2018-06-14 04:48:00,7014,180,Setophaga aestiva,,,30.00,33.00,29.0,f,lite
PC,WLNP-7-1,849,General Community Waterton Lakes National Park 2018,10,2018-06-14 04:48:00,7014,180,Setophaga aestiva,,,33.00,36.00,36.0,f,lite
PC,WLNP-7-1,849,General Community Waterton Lakes National Park 2018,10,2018-06-14 04:48:00,7014,180,Setophaga aestiva,,,36.00,39.00,36.5,f,lite
PC,WLNP-7-1,849,General Community Waterton Lakes National Park 2018,10,2018-06-14 04:48:00,7014,180,Setophaga petechia,Yellow Warbler,YEWA,39.00,42.00,28.2,t,lite
PC,WLNP-7-1,849,General Community Waterton Lakes National Park 2018,10,2018-06-14 04:48:00,7014,180,Setophaga aestiva,,,39.00,42.00,56.9,f,lite
PC,WLNP-7-1,849,General Community Waterton Lakes National Park 2018,10,2018-06-14 04:48:00,7014,180,Setophaga aestiva,,,51.00,54.00,38.4,f,lite
PC,WLNP-7-1,849,General Community Waterton Lakes National Park 2018,10,2018-06-14 04:48:00,7014,180,Setophaga aestiva,,,66.00,69.00,34.6,f,lite
PC,WLNP-7-1,849,General Community Waterton Lakes National Park 2018,10,2018-06-14 04:48:00,7014,180,Contopus sordidulus,Western Wood-Pewee,WEWP,84.00,87.00,34.3,t,lite
PC,WLNP-7-1,849,General Community Waterton Lakes National Park 2018,10,2018-06-14 04:48:00,7014,180,Urosphena pallidipes,,,105.00,108.00,25.0,f,lite
PC,WLNP-7-1,849,General Community Waterton Lakes National Park 2018,10,2018-06-14 04:48:00,7014,180,Setophaga aestiva,,,108.00,111.00,29.5,f,lite
PC,WLNP-7-1,849,General Community Waterton Lakes National Park 2018,10,2018-06-14 04:48:00,7014,180,Setophaga aestiva,,,120.00,123.00,34.5,f,lite
PC,WLNP-7-1,849,General Community Waterton Lakes National Park 2018,10,2018-06-14 04:48:00,7014,180,Setophaga aestiva,,,126.00,129.00,45.5,f,lite
PC,WLNP-7-1,849,General Community Waterton Lakes National Park 2018,10,2018-06-14 04:48:00,7014,180,Setophaga aestiva,,,147.00,150.00,60.0,f,lite
PC,WLNP-7-1,849,General Community Waterton Lakes National Park 2018,10,2018-06-14 04:48:00,7014,180,Setophaga petechia,Yellow Warbler,YEWA,147.00,150.00,33.2,t,lite
PC,WLNP-7-1,849,General Community Waterton Lakes National Park 2018,10,2018-06-14 04:48:00,7014,180,Setophaga aestiva,,,150.00,153.00,35.8,f,lite
PC,WLNP-7-1,849,General Community Waterton Lakes National Park 2018,10,2018-06-14 04:48:00,7014,180,Setophaga aestiva,,,153.00,156.00,27.4,f,lite
PC,WLNP-7-1,849,General Community Waterton Lakes National Park 2018,10,2018-06-14 04:48:00,7014,180,Setophaga aestiva,,,165.00,168.00,38.0,f,lite
PC,WLNP-7-1,849,General Community Waterton Lakes National Park 2018,10,2018-06-14 04:48:00,7014,180,Setophaga aestiva,,,168.00,171.00,26.8,f,lite
PC,WLNP-7-1,849,General Community Waterton Lakes National Park 2018,10,2018-06-14 04:48:00,7014,180,Setophaga aestiva,,,177.00,180.00,25.1,f,lite
PC,WLNP-7-1,849,General Community Waterton Lakes National Park 2018,10,2018-06-15 05:18:00,85257,180,Erithacus rubecula,European Robin,EURO,3.00,6.00,51.8,t,lite
PC,WLNP-7-1,849,General Community Waterton Lakes National Park 2018,10,2018-06-15 05:18:00,85257,180,Geothlypis tolmiei,MacGillivray's Warbler,MGWA,3.00,6.00,27.5,t,lite
PC,WLNP-7-1,849,General Community Waterton Lakes National Park 2018,10,2018-06-15 05:18:00,85257,180,Basileuterus rufifrons,Rufous-capped Warbler,RCWA,6.00,9.00,25.7,t,lite
PC,WLNP-7-1,849,General Community Waterton Lakes National Park 2018,10,2018-06-15 05:18:00,85257,180,Troglodytes aedon,House Wren,HOWR,9.00,12.00,26.1,t,lite
PC,WLNP-7-1,849,General Community Waterton Lakes National Park 2018,10,2018-06-15 05:18:00,85257,180,Prinia hodgsonii,,,24.00,27.00,27.5,f,lite
PC,WLNP-7-1,849,General Community Waterton Lakes National Park 2018,10,2018-06-15 05:18:00,85257,180,Geothlypis philadelphia,Mourning Warbler,MOWA,24.00,27.00,26.1,t,lite
PC,WLNP-7-1,849,General Community Waterton Lakes National Park 2018,10,2018-06-15 05:18:00,85257,180,Fringilla coelebs,Common Chaffinch,CCHA,30.00,33.00,28.9,t,lite
PC,WLNP-7-1,849,General Community Waterton Lakes National Park 2018,10,2018-06-15 05:18:00,85257,180,Troglodytes aedon,House Wren,HOWR,30.00,33.00,60.3,t,lite
PC,WLNP-7-1,849,General Community Waterton Lakes National Park 2018,10,2018-06-15 05:18:00,85257,180,Troglodytes aedon,House Wren,HOWR,36.00,39.00,34.9,t,lite
PC,WLNP-7-1,849,General Community Waterton Lakes National Park 2018,10,2018-06-15 05:18:00,85257,180,Troglodytes aedon,House Wren,HOWR,60.00,63.00,29.9,t,lite
PC,WLNP-7-1,849,General Community Waterton Lakes National Park 2018,10,2018-06-15 05:18:00,85257,180,Setophaga dominica,Yellow-throated Warbler,YTWA,111.00,114.00,25.9,t,lite
PC,WLNP-7-1,849,General Community Waterton Lakes National Park 2018,10,2018-06-15 05:18:00,85257,180,Myioborus miniatus,Slate-throated Redstart,STRE,111.00,114.00,27.5,t,lite
PC,WLNP-7-1,849,General Community Waterton Lakes National Park 2018,10,2018-06-15 05:18:00,85257,180,Setophaga ruticilla,American Redstart,AMRE,123.00,126.00,33.2,t,lite
PC,WLNP-7-1,849,General Community Waterton Lakes National Park 2018,10,2018-06-15 05:18:00,85257,180,Mionectes oleagineus,Ochre-bellied Flycatcher,OBFL,144.00,147.00,39.0,t,lite
PC,WLNP-7-1,849,General Community Waterton Lakes National Park 2018,10,2018-06-15 05:18:00,85257,180,Lophoceros alboterminatus,,,144.00,147.00,26.4,f,lite
PC,WLNP-7-1,849,General Community Waterton Lakes National Park 2018,10,2018-06-15 05:18:00,85257,180,Vermivora chrysoptera,Golden-winged Warbler,GWWA,177.00,180.00,42.1,t,lite
PC,WLNP-7-2,863,General Community Waterton Lakes National Park 2018,10,2018-06-08 22:39:00,7035,180,Strix aluco,Tawny Owl,STRALU,0.00,3.00,29.2,t,lite
PC,WLNP-7-2,863,General Community Waterton Lakes National Park 2018,10,2018-06-08 22:39:00,7035,180,Porzana carolina,Sora,SORA,6.00,9.00,55.3,t,lite
PC,WLNP-7-2,863,General Community Waterton Lakes National Park 2018,10,2018-06-08 22:39:00,7035,180,Porzana carolina,Sora,SORA,9.00,12.00,42.9,t,lite
PC,WLNP-7-2,863,General Community Waterton Lakes National Park 2018,10,2018-06-08 22:39:00,7035,180,Strix aluco,Tawny Owl,STRALU,9.00,12.00,30.5,t,lite
PC,WLNP-7-2,863,General Community Waterton Lakes National Park 2018,10,2018-06-08 22:39:00,7035,180,Strix aluco,Tawny Owl,STRALU,15.00,18.00,25.2,t,lite
PC,WLNP-7-2,863,General Community Waterton Lakes National Park 2018,10,2018-06-08 22:39:00,7035,180,Porzana carolina,Sora,SORA,15.00,18.00,31.6,t,lite
PC,WLNP-7-2,863,General Community Waterton Lakes National Park 2018,10,2018-06-08 22:39:00,7035,180,Porzana carolina,Sora,SORA,18.00,21.00,50.0,t,lite
PC,WLNP-7-2,863,General Community Waterton Lakes National Park 2018,10,2018-06-08 22:39:00,7035,180,Strix aluco,Tawny Owl,STRALU,18.00,21.00,32.1,t,lite
PC,WLNP-7-2,863,General Community Waterton Lakes National Park 2018,10,2018-06-08 22:39:00,7035,180,Strix aluco,Tawny Owl,STRALU,27.00,30.00,31.5,t,lite
PC,WLNP-7-2,863,General Community Waterton Lakes National Park 2018,10,2018-06-08 22:39:00,7035,180,Porzana carolina,Sora,SORA,30.00,33.00,54.1,t,lite
PC,WLNP-7-2,863,General Community Waterton Lakes National Park 2018,10,2018-06-08 22:39:00,7035,180,Strix aluco,Tawny Owl,STRALU,30.00,33.00,30.3,t,lite
PC,WLNP-7-2,863,General Community Waterton Lakes National Park 2018,10,2018-06-08 22:39:00,7035,180,Porzana carolina,Sora,SORA,36.00,39.00,52.7,t,lite
PC,WLNP-7-2,863,General Community Waterton Lakes National Park 2018,10,2018-06-08 22:39:00,7035,180,Strix aluco,Tawny Owl,STRALU,36.00,39.00,27.9,t,lite
PC,WLNP-7-2,863,General Community Waterton Lakes National Park 2018,10,2018-06-08 22:39:00,7035,180,Strix aluco,Tawny Owl,STRALU,39.00,42.00,40.9,t,lite
PC,WLNP-7-2,863,General Community Waterton Lakes National Park 2018,10,2018-06-08 22:39:00,7035,180,Porzana carolina,Sora,SORA,39.00,42.00,49.3,t,lite
PC,WLNP-7-2,863,General Community Waterton Lakes National Park 2018,10,2018-06-08 22:39:00,7035,180,Porzana carolina,Sora,SORA,42.00,45.00,40.5,t,lite
PC,WLNP-7-2,863,General Community Waterton Lakes National Park 2018,10,2018-06-08 22:39:00,7035,180,Strix aluco,Tawny Owl,STRALU,45.00,48.00,25.8,t,lite
PC,WLNP-7-2,863,General Community Waterton Lakes National Park 2018,10,2018-06-08 22:39:00,7035,180,Porzana carolina,Sora,SORA,45.00,48.00,41.4,t,lite
PC,WLNP-7-2,863,General Community Waterton Lakes National Park 2018,10,2018-06-08 22:39:00,7035,180,Porzana carolina,Sora,SORA,60.00,63.00,38.7,t,lite
PC,WLNP-7-2,863,General Community Waterton Lakes National Park 2018,10,2018-06-08 22:39:00,7035,180,Strix aluco,Tawny Owl,STRALU,60.00,63.00,31.9,t,lite
PC,WLNP-7-2,863,General Community Waterton Lakes National Park 2018,10,2018-06-08 22:39:00,7035,180,Porzana carolina,Sora,SORA,63.00,66.00,44.1,t,lite
PC,WLNP-7-2,863,General Community Waterton Lakes National Park 2018,10,2018-06-08 22:39:00,7035,180,Strix aluco,Tawny Owl,STRALU,63.00,66.00,36.8,t,lite
PC,WLNP-7-2,863,General Community Waterton Lakes National Park 2018,10,2018-06-08 22:39:00,7035,180,Gallinago delicata,Wilson's Snipe,WISN,66.00,69.00,27.0,t,lite
PC,WLNP-7-2,863,General Community Waterton Lakes National Park 2018,10,2018-06-08 22:39:00,7035,180,Strix aluco,Tawny Owl,STRALU,69.00,72.00,26.3,t,lite
PC,WLNP-7-2,863,General Community Waterton Lakes National Park 2018,10,2018-06-08 22:39:00,7035,180,Porzana carolina,Sora,SORA,69.00,72.00,69.3,t,lite
PC,WLNP-7-2,863,General Community Waterton Lakes National Park 2018,10,2018-06-08 22:39:00,7035,180,Porzana carolina,Sora,SORA,72.00,75.00,29.4,t,lite
PC,WLNP-7-2,863,General Community Waterton Lakes National Park 2018,10,2018-06-08 22:39:00,7035,180,Tetrao tetrix,,,75.00,78.00,46.5,f,lite
PC,WLNP-7-2,863,General Community Waterton Lakes National Park 2018,10,2018-06-08 22:39:00,7035,180,Gallinago delicata,Wilson's Snipe,WISN,75.00,78.00,30.4,t,lite
PC,WLNP-7-2,863,General Community Waterton Lakes National Park 2018,10,2018-06-08 22:39:00,7035,180,Megascops choliba,Tropical Screech-Owl,TRSO,75.00,78.00,47.8,t,lite
PC,WLNP-7-2,863,General Community Waterton Lakes National Park 2018,10,2018-06-08 22:39:00,7035,180,Megascops kennicottii,Western Screech-Owl,WESO,75.00,78.00,26.9,t,lite
PC,WLNP-7-2,863,General Community Waterton Lakes National Park 2018,10,2018-06-08 22:39:00,7035,180,Gallinago delicata,Wilson's Snipe,WISN,81.00,84.00,33.6,t,lite
PC,WLNP-7-2,863,General Community Waterton Lakes National Park 2018,10,2018-06-08 22:39:00,7035,180,Psilopogon corvinus,,,81.00,84.00,25.8,f,lite
PC,WLNP-7-2,863,General Community Waterton Lakes National Park 2018,10,2018-06-08 22:39:00,7035,180,Gallinago gallinago,Common Snipe,COSN,90.00,93.00,29.5,t,lite
PC,WLNP-7-2,863,General Community Waterton Lakes National Park 2018,10,2018-06-08 22:39:00,7035,180,Strix aluco,Tawny Owl,STRALU,93.00,96.00,50.1,t,lite
PC,WLNP-7-2,863,General Community Waterton Lakes National Park 2018,10,2018-06-08 22:39:00,7035,180,Porzana carolina,Sora,SORA,93.00,96.00,30.9,t,lite
PC,WLNP-7-2,863,General Community Waterton Lakes National Park 2018,10,2018-06-08 22:39:00,7035,180,Strix aluco,Tawny Owl,STRALU,105.00,108.00,27.6,t,lite
PC,WLNP-7-2,863,General Community Waterton Lakes National Park 2018,10,2018-06-08 22:39:00,7035,180,Porzana carolina,Sora,SORA,105.00,108.00,54.9,t,lite
PC,WLNP-7-2,863,General Community Waterton Lakes National Park 2018,10,2018-06-08 22:39:00,7035,180,Aegolius funereus,Boreal Owl,BOOW,111.00,114.00,27.5,t,lite
PC,WLNP-7-2,863,General Community Waterton Lakes National Park 2018,10,2018-06-08 22:39:00,7035,180,Clibanornis rubiginosus,Ruddy Foliage-gleaner,RUFG,114.00,117.00,25.6,t,lite
PC,WLNP-7-2,863,General Community Waterton Lakes National Park 2018,10,2018-06-08 22:39:00,7035,180,Porzana carolina,Sora,SORA,114.00,117.00,44.4,t,lite
PC,WLNP-7-2,863,General Community Waterton Lakes National Park 2018,10,2018-06-08 22:39:00,7035,180,Porzana carolina,Sora,SORA,117.00,120.00,31.5,t,lite
PC,WLNP-7-2,863,General Community Waterton Lakes National Park 2018,10,2018-06-08 22:39:00,7035,180,Porzana carolina,Sora,SORA,120.00,123.00,28.2,t,lite
PC,WLNP-7-2,863,General Community Waterton Lakes National Park 2018,10,2018-06-08 22:39:00,7035,180,Strix aluco,Tawny Owl,STRALU,123.00,126.00,33.7,t,lite
PC,WLNP-7-2,863,General Community Waterton Lakes National Park 2018,10,2018-06-08 22:39:00,7035,180,Porzana carolina,Sora,SORA,123.00,126.00,52.7,t,lite
PC,WLNP-7-2,863,General Community Waterton Lakes National Park 2018,10,2018-06-08 22:39:00,7035,180,Porzana carolina,Sora,SORA,126.00,129.00,28.7,t,lite
PC,WLNP-7-2,863,General Community Waterton Lakes National Park 2018,10,2018-06-08 22:39:00,7035,180,Porzana carolina,Sora,SORA,132.00,135.00,27.7,t,lite
PC,WLNP-7-2,863,General Community Waterton Lakes National Park 2018,10,2018-06-08 22:39:00,7035,180,Strix aluco,Tawny Owl,STRALU,138.00,141.00,41.2,t,lite
PC,WLNP-7-2,863,General Community Waterton Lakes National Park 2018,10,2018-06-08 22:39:00,7035,180,Porzana carolina,Sora,SORA,144.00,147.00,37.0,t,lite
PC,WLNP-7-2,863,General Community Waterton Lakes National Park 2018,10,2018-06-08 22:39:00,7035,180,Strix aluco,Tawny Owl,STRALU,144.00,147.00,38.3,t,lite
PC,WLNP-7-2,863,General Community Waterton Lakes National Park 2018,10,2018-06-08 22:39:00,7035,180,Strix aluco,Tawny Owl,STRALU,150.00,153.00,46.5,t,lite
PC,WLNP-7-2,863,General Community Waterton Lakes National Park 2018,10,2018-06-08 22:39:00,7035,180,Porzana carolina,Sora,SORA,150.00,153.00,30.1,t,lite
PC,WLNP-7-2,863,General Community Waterton Lakes National Park 2018,10,2018-06-08 22:39:00,7035,180,Gallinago delicata,Wilson's Snipe,WISN,153.00,156.00,46.7,t,lite
PC,WLNP-7-2,863,General Community Waterton Lakes National Park 2018,10,2018-06-08 22:39:00,7035,180,Strix aluco,Tawny Owl,STRALU,159.00,162.00,41.8,t,lite
PC,WLNP-7-2,863,General Community Waterton Lakes National Park 2018,10,2018-06-08 22:39:00,7035,180,Porzana carolina,Sora,SORA,159.00,162.00,32.5,t,lite
PC,WLNP-7-2,863,General Community Waterton Lakes National Park 2018,10,2018-06-08 22:39:00,7035,180,Porzana carolina,Sora,SORA,162.00,165.00,31.7,t,lite
PC,WLNP-7-2,863,General Community Waterton Lakes National Park 2018,10,2018-06-08 22:39:00,7035,180,Strix aluco,Tawny Owl,STRALU,162.00,165.00,25.9,t,lite
PC,WLNP-7-2,863,General Community Waterton Lakes National Park 2018,10,2018-06-08 22:39:00,7035,180,Strix aluco,Tawny Owl,STRALU,168.00,171.00,51.6,t,lite
PC,WLNP-7-2,863,General Community Waterton Lakes National Park 2018,10,2018-06-08 22:39:00,7035,180,Porzana carolina,Sora,SORA,171.00,174.00,38.9,t,lite
PC,WLNP-7-2,863,General Community Waterton Lakes National Park 2018,10,2018-06-08 22:39:00,7035,180,Strix aluco,Tawny Owl,STRALU,171.00,174.00,45.3,t,lite
PC,WLNP-7-2,863,General Community Waterton Lakes National Park 2018,10,2018-06-08 22:39:00,7035,180,Strix aluco,Tawny Owl,STRALU,174.00,177.00,45.1,t,lite
PC,WLNP-7-2,863,General Community Waterton Lakes National Park 2018,10,2018-06-08 22:39:00,7035,180,Porzana carolina,Sora,SORA,174.00,177.00,43.4,t,lite
PC,WLNP-7-2,863,General Community Waterton Lakes National Park 2018,10,2018-06-08 22:39:00,7035,180,Gallinago gallinago,Common Snipe,COSN,177.00,180.00,31.0,t,lite
PC,WLNP-7-2,863,General Community Waterton Lakes National Park 2018,10,2018-06-08 22:39:00,7035,180,Scytalopus atratus,,,177.00,180.00,28.0,f,lite
PC,WLNP-7-2,863,General Community Waterton Lakes National Park 2018,10,2018-06-08 22:39:00,7035,180,Gallinago delicata,Wilson's Snipe,WISN,177.00,180.00,41.5,t,lite
PC,WLNP-7-2,863,General Community Waterton Lakes National Park 2018,10,2018-06-10 04:49:00,7062,180,Tachycineta bicolor,Tree Swallow,TRES,12.00,15.00,25.3,t,lite
PC,WLNP-7-2,863,General Community Waterton Lakes National Park 2018,10,2018-06-10 04:49:00,7062,180,Orochelidon murina,,,75.00,78.00,30.6,f,lite
PC,WLNP-7-2,863,General Community Waterton Lakes National Park 2018,10,2018-06-10 04:49:00,7062,180,Empidonax minimus,Least Flycatcher,LEFL,174.00,177.00,29.0,t,lite
PC,WLNP-7-2,863,General Community Waterton Lakes National Park 2018,10,2018-06-13 04:48:00,6977,180,Empidonax minimus,Least Flycatcher,LEFL,0.00,3.00,68.9,t,lite
PC,WLNP-7-2,863,General Community Waterton Lakes National Park 2018,10,2018-06-13 04:48:00,6977,180,Empidonax minimus,Least Flycatcher,LEFL,3.00,6.00,77.9,t,lite
PC,WLNP-7-2,863,General Community Waterton Lakes National Park 2018,10,2018-06-13 04:48:00,6977,180,Empidonax minimus,Least Flycatcher,LEFL,6.00,9.00,51.2,t,lite
PC,WLNP-7-2,863,General Community Waterton Lakes National Park 2018,10,2018-06-13 04:48:00,6977,180,Empidonax minimus,Least Flycatcher,LEFL,9.00,12.00,74.1,t,lite
PC,WLNP-7-2,863,General Community Waterton Lakes National Park 2018,10,2018-06-13 04:48:00,6977,180,Empidonax minimus,Least Flycatcher,LEFL,12.00,15.00,69.8,t,lite
PC,WLNP-7-2,863,General Community Waterton Lakes National Park 2018,10,2018-06-13 04:48:00,6977,180,Empidonax minimus,Least Flycatcher,LEFL,15.00,18.00,75.2,t,lite
PC,WLNP-7-2,863,General Community Waterton Lakes National Park 2018,10,2018-06-13 04:48:00,6977,180,Empidonax minimus,Least Flycatcher,LEFL,18.00,21.00,78.1,t,lite
PC,WLNP-7-2,863,General Community Waterton Lakes National Park 2018,10,2018-06-13 04:48:00,6977,180,Empidonax fulvifrons,Buff-breasted Flycatcher,BBFL,18.00,21.00,25.9,t,lite
PC,WLNP-7-2,863,General Community Waterton Lakes National Park 2018,10,2018-06-13 04:48:00,6977,180,Empidonax minimus,Least Flycatcher,LEFL,21.00,24.00,74.7,t,lite
PC,WLNP-7-2,863,General Community Waterton Lakes National Park 2018,10,2018-06-13 04:48:00,6977,180,Catharus ustulatus,Swainson's Thrush,SWTH,24.00,27.00,41.8,t,lite
PC,WLNP-7-2,863,General Community Waterton Lakes National Park 2018,10,2018-06-13 04:48:00,6977,180,Empidonax minimus,Least Flycatcher,LEFL,27.00,30.00,59.7,t,lite
PC,WLNP-7-2,863,General Community Waterton Lakes National Park 2018,10,2018-06-13 04:48:00,6977,180,Empidonax minimus,Least Flycatcher,LEFL,30.00,33.00,64.9,t,lite
PC,WLNP-7-2,863,General Community Waterton Lakes National Park 2018,10,2018-06-13 04:48:00,6977,180,Empidonax minimus,Least Flycatcher,LEFL,33.00,36.00,42.2,t,lite
PC,WLNP-7-2,863,General Community Waterton Lakes National Park 2018,10,2018-06-13 04:48:00,6977,180,Empidonax minimus,Least Flycatcher,LEFL,36.00,39.00,75.3,t,lite
PC,WLNP-7-2,863,General Community Waterton Lakes National Park 2018,10,2018-06-13 04:48:00,6977,180,Empidonax minimus,Least Flycatcher,LEFL,39.00,42.00,62.7,t,lite
PC,WLNP-7-2,863,General Community Waterton Lakes National Park 2018,10,2018-06-13 04:48:00,6977,180,Empidonax minimus,Least Flycatcher,LEFL,42.00,45.00,83.7,t,lite
PC,WLNP-7-2,863,General Community Waterton Lakes National Park 2018,10,2018-06-13 04:48:00,6977,180,Empidonax minimus,Least Flycatcher,LEFL,45.00,48.00,48.4,t,lite
PC,WLNP-7-2,863,General Community Waterton Lakes National Park 2018,10,2018-06-13 04:48:00,6977,180,Catharus ustulatus,Swainson's Thrush,SWTH,45.00,48.00,27.8,t,lite
PC,WLNP-7-2,863,General Community Waterton Lakes National Park 2018,10,2018-06-13 04:48:00,6977,180,Empidonax minimus,Least Flycatcher,LEFL,51.00,54.00,77.0,t,lite
PC,WLNP-7-2,863,General Community Waterton Lakes National Park 2018,10,2018-06-13 04:48:00,6977,180,Empidonax minimus,Least Flycatcher,LEFL,54.00,57.00,66.4,t,lite
PC,WLNP-7-2,863,General Community Waterton Lakes National Park 2018,10,2018-06-13 04:48:00,6977,180,Empidonax minimus,Least Flycatcher,LEFL,57.00,60.00,66.1,t,lite
PC,WLNP-7-2,863,General Community Waterton Lakes National Park 2018,10,2018-06-13 04:48:00,6977,180,Catharus ustulatus,Swainson's Thrush,SWTH,60.00,63.00,32.0,t,lite
PC,WLNP-7-2,863,General Community Waterton Lakes National Park 2018,10,2018-06-13 04:48:00,6977,180,Empidonax minimus,Least Flycatcher,LEFL,63.00,66.00,53.4,t,lite
PC,WLNP-7-2,863,General Community Waterton Lakes National Park 2018,10,2018-06-13 04:48:00,6977,180,Empidonax minimus,Least Flycatcher,LEFL,66.00,69.00,34.7,t,lite
PC,WLNP-7-2,863,General Community Waterton Lakes National Park 2018,10,2018-06-13 04:48:00,6977,180,Empidonax minimus,Least Flycatcher,LEFL,78.00,81.00,29.7,t,lite
PC,WLNP-7-2,863,General Community Waterton Lakes National Park 2018,10,2018-06-13 04:48:00,6977,180,Empidonax minimus,Least Flycatcher,LEFL,84.00,87.00,55.6,t,lite
PC,WLNP-7-2,863,General Community Waterton Lakes National Park 2018,10,2018-06-13 04:48:00,6977,180,Empidonax minimus,Least Flycatcher,LEFL,87.00,90.00,42.4,t,lite
PC,WLNP-7-2,863,General Community Waterton Lakes National Park 2018,10,2018-06-13 04:48:00,6977,180,Empidonax minimus,Least Flycatcher,LEFL,90.00,93.00,52.1,t,lite
PC,WLNP-7-2,863,General Community Waterton Lakes National Park 2018,10,2018-06-13 04:48:00,6977,180,Empidonax minimus,Least Flycatcher,LEFL,93.00,96.00,68.2,t,lite
PC,WLNP-7-2,863,General Community Waterton Lakes National Park 2018,10,2018-06-13 04:48:00,6977,180,Empidonax minimus,Least Flycatcher,LEFL,96.00,99.00,48.5,t,lite
PC,WLNP-7-2,863,General Community Waterton Lakes National Park 2018,10,2018-06-13 04:48:00,6977,180,Empidonax minimus,Least Flycatcher,LEFL,99.00,102.00,44.2,t,lite
PC,WLNP-7-2,863,General Community Waterton Lakes National Park 2018,10,2018-06-13 04:48:00,6977,180,Empidonax minimus,Least Flycatcher,LEFL,102.00,105.00,62.4,t,lite
PC,WLNP-7-2,863,General Community Waterton Lakes National Park 2018,10,2018-06-13 04:48:00,6977,180,Empidonax minimus,Least Flycatcher,LEFL,105.00,108.00,37.6,t,lite
PC,WLNP-7-2,863,General Community Waterton Lakes National Park 2018,10,2018-06-13 04:48:00,6977,180,Empidonax minimus,Least Flycatcher,LEFL,108.00,111.00,72.5,t,lite
PC,WLNP-7-2,863,General Community Waterton Lakes National Park 2018,10,2018-06-13 04:48:00,6977,180,Empidonax minimus,Least Flycatcher,LEFL,111.00,114.00,62.5,t,lite
PC,WLNP-7-2,863,General Community Waterton Lakes National Park 2018,10,2018-06-13 04:48:00,6977,180,Empidonax minimus,Least Flycatcher,LEFL,114.00,117.00,65.8,t,lite
PC,WLNP-7-2,863,General Community Waterton Lakes National Park 2018,10,2018-06-13 04:48:00,6977,180,Empidonax minimus,Least Flycatcher,LEFL,117.00,120.00,74.3,t,lite
PC,WLNP-7-2,863,General Community Waterton Lakes National Park 2018,10,2018-06-13 04:48:00,6977,180,Empidonax minimus,Least Flycatcher,LEFL,120.00,123.00,66.0,t,lite
PC,WLNP-7-2,863,General Community Waterton Lakes National Park 2018,10,2018-06-13 04:48:00,6977,180,Empidonax fulvifrons,Buff-breasted Flycatcher,BBFL,123.00,126.00,28.9,t,lite
PC,WLNP-7-2,863,General Community Waterton Lakes National Park 2018,10,2018-06-13 04:48:00,6977,180,Empidonax minimus,Least Flycatcher,LEFL,123.00,126.00,79.1,t,lite
PC,WLNP-7-2,863,General Community Waterton Lakes National Park 2018,10,2018-06-13 04:48:00,6977,180,Empidonax minimus,Least Flycatcher,LEFL,126.00,129.00,73.5,t,lite
PC,WLNP-7-2,863,General Community Waterton Lakes National Park 2018,10,2018-06-13 04:48:00,6977,180,Empidonax minimus,Least Flycatcher,LEFL,129.00,132.00,75.6,t,lite
PC,WLNP-7-2,863,General Community Waterton Lakes National Park 2018,10,2018-06-13 04:48:00,6977,180,Empidonax fulvifrons,Buff-breasted Flycatcher,BBFL,129.00,132.00,26.9,t,lite
PC,WLNP-7-2,863,General Community Waterton Lakes National Park 2018,10,2018-06-13 04:48:00,6977,180,Empidonax minimus,Least Flycatcher,LEFL,132.00,135.00,73.1,t,lite
PC,WLNP-7-2,863,General Community Waterton Lakes National Park 2018,10,2018-06-13 04:48:00,6977,180,Empidonax minimus,Least Flycatcher,LEFL,135.00,138.00,79.8,t,lite
PC,WLNP-7-2,863,General Community Waterton Lakes National Park 2018,10,2018-06-13 04:48:00,6977,180,Empidonax minimus,Least Flycatcher,LEFL,138.00,141.00,48.8,t,lite
PC,WLNP-7-2,863,General Community Waterton Lakes National Park 2018,10,2018-06-13 04:48:00,6977,180,Empidonax minimus,Least Flycatcher,LEFL,141.00,144.00,68.7,t,lite
PC,WLNP-7-2,863,General Community Waterton Lakes National Park 2018,10,2018-06-13 04:48:00,6977,180,Empidonax minimus,Least Flycatcher,LEFL,144.00,147.00,47.9,t,lite
PC,WLNP-7-2,863,General Community Waterton Lakes National Park 2018,10,2018-06-13 04:48:00,6977,180,Empidonax minimus,Least Flycatcher,LEFL,147.00,150.00,58.7,t,lite
PC,WLNP-7-2,863,General Community Waterton Lakes National Park 2018,10,2018-06-13 04:48:00,6977,180,Empidonax minimus,Least Flycatcher,LEFL,150.00,153.00,35.5,t,lite
PC,WLNP-7-2,863,General Community Waterton Lakes National Park 2018,10,2018-06-13 04:48:00,6977,180,Empidonax minimus,Least Flycatcher,LEFL,153.00,156.00,31.5,t,lite
PC,WLNP-7-2,863,General Community Waterton Lakes National Park 2018,10,2018-06-13 04:48:00,6977,180,Empidonax minimus,Least Flycatcher,LEFL,156.00,159.00,40.5,t,lite
PC,WLNP-7-2,863,General Community Waterton Lakes National Park 2018,10,2018-06-13 04:48:00,6977,180,Empidonax minimus,Least Flycatcher,LEFL,159.00,162.00,38.6,t,lite
PC,WLNP-7-2,863,General Community Waterton Lakes National Park 2018,10,2018-06-13 04:48:00,6977,180,Empidonax fulvifrons,Buff-breasted Flycatcher,BBFL,159.00,162.00,27.4,t,lite
PC,WLNP-7-2,863,General Community Waterton Lakes National Park 2018,10,2018-06-13 04:48:00,6977,180,Empidonax minimus,Least Flycatcher,LEFL,162.00,165.00,40.4,t,lite
PC,WLNP-7-2,863,General Community Waterton Lakes National Park 2018,10,2018-06-13 04:48:00,6977,180,Empidonax minimus,Least Flycatcher,LEFL,165.00,168.00,42.3,t,lite
PC,WLNP-7-2,863,General Community Waterton Lakes National Park 2018,10,2018-06-13 04:48:00,6977,180,Pheugopedius mystacalis,,,177.00,180.00,29.8,f,lite
PC,WLNP-7-2,863,General Community Waterton Lakes National Park 2018,10,2018-06-14 05:18:00,85258,180,Turdus migratorius,American Robin,AMRO,0.00,3.00,76.7,t,lite
PC,WLNP-7-2,863,General Community Waterton Lakes National Park 2018,10,2018-06-14 05:18:00,85258,180,Turdus merula,Eurasian Blackbird,EUBB,3.00,6.00,29.0,t,lite
PC,WLNP-7-2,863,General Community Waterton Lakes National Park 2018,10,2018-06-14 05:18:00,85258,180,Turdus migratorius,American Robin,AMRO,3.00,6.00,56.7,t,lite
PC,WLNP-7-2,863,General Community Waterton Lakes National Park 2018,10,2018-06-14 05:18:00,85258,180,Thripadectes ignobilis,,,3.00,6.00,34.2,f,lite
PC,WLNP-7-2,863,General Community Waterton Lakes National Park 2018,10,2018-06-14 05:18:00,85258,180,Turdus migratorius,American Robin,AMRO,6.00,9.00,59.0,t,lite
PC,WLNP-7-2,863,General Community Waterton Lakes National Park 2018,10,2018-06-14 05:18:00,85258,180,Turdus migratorius,American Robin,AMRO,9.00,12.00,79.6,t,lite
PC,WLNP-7-2,863,General Community Waterton Lakes National Park 2018,10,2018-06-14 05:18:00,85258,180,Turdus migratorius,American Robin,AMRO,12.00,15.00,78.1,t,lite
PC,WLNP-7-2,863,General Community Waterton Lakes National Park 2018,10,2018-06-14 05:18:00,85258,180,Turdus migratorius,American Robin,AMRO,15.00,18.00,81.4,t,lite
PC,WLNP-7-2,863,General Community Waterton Lakes National Park 2018,10,2018-06-14 05:18:00,85258,180,Turdus migratorius,American Robin,AMRO,18.00,21.00,72.0,t,lite
PC,WLNP-7-2,863,General Community Waterton Lakes National Park 2018,10,2018-06-14 05:18:00,85258,180,Turdus merula,Eurasian Blackbird,EUBB,21.00,24.00,35.1,t,lite
PC,WLNP-7-2,863,General Community Waterton Lakes National Park 2018,10,2018-06-14 05:18:00,85258,180,Thripadectes ignobilis,,,21.00,24.00,27.4,f,lite
PC,WLNP-7-2,863,General Community Waterton Lakes National Park 2018,10,2018-06-14 05:18:00,85258,180,Turdus migratorius,American Robin,AMRO,21.00,24.00,72.4,t,lite
PC,WLNP-7-2,863,General Community Waterton Lakes National Park 2018,10,2018-06-14 05:18:00,85258,180,Turdus migratorius,American Robin,AMRO,24.00,27.00,47.0,t,lite
PC,WLNP-7-2,863,General Community Waterton Lakes National Park 2018,10,2018-06-14 05:18:00,85258,180,Turdus migratorius,American Robin,AMRO,27.00,30.00,66.8,t,lite
PC,WLNP-7-2,863,General Community Waterton Lakes National Park 2018,10,2018-06-14 05:18:00,85258,180,Thripadectes ignobilis,,,30.00,33.00,29.3,f,lite
PC,WLNP-7-2,863,General Community Waterton Lakes National Park 2018,10,2018-06-14 05:18:00,85258,180,Turdus migratorius,American Robin,AMRO,30.00,33.00,38.8,t,lite
PC,WLNP-7-2,863,General Community Waterton Lakes National Park 2018,10,2018-06-14 05:18:00,85258,180,Turdus migratorius,American Robin,AMRO,33.00,36.00,67.9,t,lite
PC,WLNP-7-2,863,General Community Waterton Lakes National Park 2018,10,2018-06-14 05:18:00,85258,180,Turdus migratorius,American Robin,AMRO,36.00,39.00,45.7,t,lite
PC,WLNP-7-2,863,General Community Waterton Lakes National Park 2018,10,2018-06-14 05:18:00,85258,180,Turdus migratorius,American Robin,AMRO,39.00,42.00,80.7,t,lite
PC,WLNP-7-2,863,General Community Waterton Lakes National Park 2018,10,2018-06-14 05:18:00,85258,180,Turdus migratorius,American Robin,AMRO,42.00,45.00,51.5,t,lite
PC,WLNP-7-2,863,General Community Waterton Lakes National Park 2018,10,2018-06-14 05:18:00,85258,180,Turdus migratorius,American Robin,AMRO,45.00,48.00,75.9,t,lite
PC,WLNP-7-2,863,General Community Waterton Lakes National Park 2018,10,2018-06-14 05:18:00,85258,180,Hypsipetes amaurotis,,,48.00,51.00,25.7,f,lite
PC,WLNP-7-2,863,General Community Waterton Lakes National Park 2018,10,2018-06-14 05:18:00,85258,180,Turdus migratorius,American Robin,AMRO,48.00,51.00,67.8,t,lite
PC,WLNP-7-2,863,General Community Waterton Lakes National Park 2018,10,2018-06-14 05:18:00,85258,180,Turdus migratorius,American Robin,AMRO,51.00,54.00,73.9,t,lite
PC,WLNP-7-2,863,General Community Waterton Lakes National Park 2018,10,2018-06-14 05:18:00,85258,180,Turdus migratorius,American Robin,AMRO,54.00,57.00,83.5,t,lite
PC,WLNP-7-2,863,General Community Waterton Lakes National Park 2018,10,2018-06-14 05:18:00,85258,180,Turdus migratorius,American Robin,AMRO,57.00,60.00,67.3,t,lite
PC,WLNP-7-2,863,General Community Waterton Lakes National Park 2018,10,2018-06-14 05:18:00,85258,180,Turdus migratorius,American Robin,AMRO,60.00,63.00,86.0,t,lite
PC,WLNP-7-2,863,General Community Waterton Lakes National Park 2018,10,2018-06-14 05:18:00,85258,180,Turdus migratorius,American Robin,AMRO,63.00,66.00,59.9,t,lite
PC,WLNP-7-2,863,General Community Waterton Lakes National Park 2018,10,2018-06-14 05:18:00,85258,180,Turdus migratorius,American Robin,AMRO,66.00,69.00,65.9,t,lite
PC,WLNP-7-2,863,General Community Waterton Lakes National Park 2018,10,2018-06-14 05:18:00,85258,180,Turdus migratorius,American Robin,AMRO,69.00,72.00,47.7,t,lite
PC,WLNP-7-2,863,General Community Waterton Lakes National Park 2018,10,2018-06-14 05:18:00,85258,180,Turdus migratorius,American Robin,AMRO,72.00,75.00,64.7,t,lite
PC,WLNP-7-2,863,General Community Waterton Lakes National Park 2018,10,2018-06-14 05:18:00,85258,180,Turdus migratorius,American Robin,AMRO,75.00,78.00,79.4,t,lite
PC,WLNP-7-2,863,General Community Waterton Lakes National Park 2018,10,2018-06-14 05:18:00,85258,180,Turdus migratorius,American Robin,AMRO,78.00,81.00,63.9,t,lite
PC,WLNP-7-2,863,General Community Waterton Lakes National Park 2018,10,2018-06-14 05:18:00,85258,180,Turdus migratorius,American Robin,AMRO,81.00,84.00,55.9,t,lite
PC,WLNP-7-2,863,General Community Waterton Lakes National Park 2018,10,2018-06-14 05:18:00,85258,180,Turdus migratorius,American Robin,AMRO,84.00,87.00,72.7,t,lite
PC,WLNP-7-2,863,General Community Waterton Lakes National Park 2018,10,2018-06-14 05:18:00,85258,180,Turdus migratorius,American Robin,AMRO,87.00,90.00,55.4,t,lite
PC,WLNP-7-2,863,General Community Waterton Lakes National Park 2018,10,2018-06-14 05:18:00,85258,180,Turdus migratorius,American Robin,AMRO,90.00,93.00,59.8,t,lite
PC,WLNP-7-2,863,General Community Waterton Lakes National Park 2018,10,2018-06-14 05:18:00,85258,180,Turdus migratorius,American Robin,AMRO,93.00,96.00,85.8,t,lite
PC,WLNP-7-2,863,General Community Waterton Lakes National Park 2018,10,2018-06-14 05:18:00,85258,180,Turdus migratorius,American Robin,AMRO,96.00,99.00,67.0,t,lite
PC,WLNP-7-2,863,General Community Waterton Lakes National Park 2018,10,2018-06-14 05:18:00,85258,180,Turdus migratorius,American Robin,AMRO,99.00,102.00,72.5,t,lite
PC,WLNP-7-2,863,General Community Waterton Lakes National Park 2018,10,2018-06-14 05:18:00,85258,180,Turdus migratorius,American Robin,AMRO,102.00,105.00,81.7,t,lite
PC,WLNP-7-2,863,General Community Waterton Lakes National Park 2018,10,2018-06-14 05:18:00,85258,180,Turdus migratorius,American Robin,AMRO,105.00,108.00,71.5,t,lite
PC,WLNP-7-2,863,General Community Waterton Lakes National Park 2018,10,2018-06-14 05:18:00,85258,180,Turdus migratorius,American Robin,AMRO,108.00,111.00,80.0,t,lite
PC,WLNP-7-2,863,General Community Waterton Lakes National Park 2018,10,2018-06-14 05:18:00,85258,180,Turdus migratorius,American Robin,AMRO,111.00,114.00,32.6,t,lite
PC,WLNP-7-2,863,General Community Waterton Lakes National Park 2018,10,2018-06-14 05:18:00,85258,180,Turdus migratorius,American Robin,AMRO,114.00,117.00,65.3,t,lite
PC,WLNP-7-2,863,General Community Waterton Lakes National Park 2018,10,2018-06-14 05:18:00,85258,180,Turdus migratorius,American Robin,AMRO,117.00,120.00,86.1,t,lite
PC,WLNP-7-2,863,General Community Waterton Lakes National Park 2018,10,2018-06-14 05:18:00,85258,180,Turdus migratorius,American Robin,AMRO,120.00,123.00,86.4,t,lite
PC,WLNP-7-2,863,General Community Waterton Lakes National Park 2018,10,2018-06-14 05:18:00,85258,180,Ramphocelus carbo,,,123.00,126.00,25.6,f,lite
PC,WLNP-7-2,863,General Community Waterton Lakes National Park 2018,10,2018-06-14 05:18:00,85258,180,Turdus migratorius,American Robin,AMRO,123.00,126.00,69.7,t,lite
PC,WLNP-7-2,863,General Community Waterton Lakes National Park 2018,10,2018-06-14 05:18:00,85258,180,Turdus migratorius,American Robin,AMRO,126.00,129.00,76.8,t,lite
PC,WLNP-7-2,863,General Community Waterton Lakes National Park 2018,10,2018-06-14 05:18:00,85258,180,Turdus migratorius,American Robin,AMRO,129.00,132.00,36.2,t,lite
PC,WLNP-7-2,863,General Community Waterton Lakes National Park 2018,10,2018-06-14 05:18:00,85258,180,Turdus migratorius,American Robin,AMRO,132.00,135.00,71.9,t,lite
PC,WLNP-7-2,863,General Community Waterton Lakes National Park 2018,10,2018-06-14 05:18:00,85258,180,Turdus migratorius,American Robin,AMRO,135.00,138.00,59.7,t,lite
PC,WLNP-7-2,863,General Community Waterton Lakes National Park 2018,10,2018-06-14 05:18:00,85258,180,Turdus migratorius,American Robin,AMRO,141.00,144.00,47.7,t,lite
PC,WLNP-7-2,863,General Community Waterton Lakes National Park 2018,10,2018-06-14 05:18:00,85258,180,Turdus migratorius,American Robin,AMRO,144.00,147.00,59.4,t,lite
PC,WLNP-7-2,863,General Community Waterton Lakes National Park 2018,10,2018-06-14 05:18:00,85258,180,Turdus migratorius,American Robin,AMRO,147.00,150.00,64.9,t,lite
PC,WLNP-7-2,863,General Community Waterton Lakes National Park 2018,10,2018-06-14 05:18:00,85258,180,Turdus migratorius,American Robin,AMRO,150.00,153.00,47.4,t,lite
PC,WLNP-7-2,863,General Community Waterton Lakes National Park 2018,10,2018-06-14 05:18:00,85258,180,Turdus migratorius,American Robin,AMRO,153.00,156.00,63.7,t,lite
PC,WLNP-7-2,863,General Community Waterton Lakes National Park 2018,10,2018-06-14 05:18:00,85258,180,Turdus migratorius,American Robin,AMRO,156.00,159.00,56.6,t,lite
PC,WLNP-7-2,863,General Community Waterton Lakes National Park 2018,10,2018-06-14 05:18:00,85258,180,Turdus migratorius,American Robin,AMRO,159.00,162.00,79.7,t,lite
PC,WLNP-7-2,863,General Community Waterton Lakes National Park 2018,10,2018-06-14 05:18:00,85258,180,Turdus merula,Eurasian Blackbird,EUBB,162.00,165.00,31.2,t,lite
PC,WLNP-7-2,863,General Community Waterton Lakes National Park 2018,10,2018-06-14 05:18:00,85258,180,Turdus migratorius,American Robin,AMRO,162.00,165.00,84.6,t,lite
PC,WLNP-7-2,863,General Community Waterton Lakes National Park 2018,10,2018-06-14 05:18:00,85258,180,Turdus migratorius,American Robin,AMRO,165.00,168.00,47.2,t,lite
PC,WLNP-7-2,863,General Community Waterton Lakes National Park 2018,10,2018-06-14 05:18:00,85258,180,Turdus migratorius,American Robin,AMRO,168.00,171.00,69.4,t,lite
PC,WLNP-7-2,863,General Community Waterton Lakes National Park 2018,10,2018-06-14 05:18:00,85258,180,Turdus migratorius,American Robin,AMRO,174.00,177.00,68.2,t,lite
PC,WLNP-7-2,863,General Community Waterton Lakes National Park 2018,10,2018-06-14 05:18:00,85258,180,Turdus migratorius,American Robin,AMRO,177.00,180.00,61.0,t,lite
PC,WLNP-7-2,863,General Community Waterton Lakes National Park 2018,10,2018-06-15 04:48:00,7067,180,Phylloscopus trochiloides,Greenish Warbler,PHYTRO,93.00,96.00,34.2,t,lite
PC,WLNP-7-2,863,General Community Waterton Lakes National Park 2018,10,2018-06-15 04:48:00,7067,180,Mionectes oleagineus,Ochre-bellied Flycatcher,OBFL,132.00,135.00,26.1,t,lite
PC,WLNP-7-2,863,General Community Waterton Lakes National Park 2018,10,2018-06-15 04:48:00,7067,180,Leiothlypis ruficapilla,,,156.00,159.00,33.9,f,lite
PC,WLNP-7-2,863,General Community Waterton Lakes National Park 2018,10,2018-06-15 04:48:00,7067,180,Myioborus flavivertex,,,168.00,171.00,27.5,f,lite
PC,WLNP-7-2,863,General Community Waterton Lakes National Park 2018,10,2018-06-15 04:48:00,7067,180,Phylloscopus trochiloides,Greenish Warbler,PHYTRO,168.00,171.00,25.4,t,lite
PC,WLNP-7-2,863,General Community Waterton Lakes National Park 2018,10,2018-06-15 04:48:00,7067,180,Phylloscopus trochiloides,Greenish Warbler,PHYTRO,177.00,180.00,33.4,t,lite
PC,WLNP-7-3,864,General Community Waterton Lakes National Park 2018,10,2018-06-10 05:19:00,7036,180,Pheucticus melanocephalus,,,3.00,6.00,34.8,f,lite
PC,WLNP-7-3,864,General Community Waterton Lakes National Park 2018,10,2018-06-10 05:19:00,7036,180,Setophaga pensylvanica,Chestnut-sided Warbler,CSWA,30.00,33.00,25.6,t,lite
PC,WLNP-7-3,864,General Community Waterton Lakes National Park 2018,10,2018-06-10 05:19:00,7036,180,Pheucticus melanocephalus,,,33.00,36.00,27.7,f,lite
PC,WLNP-7-3,864,General Community Waterton Lakes National Park 2018,10,2018-06-10 05:19:00,7036,180,Pheucticus melanocephalus,,,36.00,39.00,30.7,f,lite
PC,WLNP-7-3,864,General Community Waterton Lakes National Park 2018,10,2018-06-10 05:19:00,7036,180,Pheucticus melanocephalus,,,45.00,48.00,29.0,f,lite
PC,WLNP-7-3,864,General Community Waterton Lakes National Park 2018,10,2018-06-10 05:19:00,7036,180,Pheucticus melanocephalus,,,63.00,66.00,41.6,f,lite
PC,WLNP-7-3,864,General Community Waterton Lakes National Park 2018,10,2018-06-10 05:19:00,7036,180,Pheucticus ludovicianus,Rose-breasted Grosbeak,RBGR,63.00,66.00,30.7,t,lite
PC,WLNP-7-3,864,General Community Waterton Lakes National Park 2018,10,2018-06-10 05:19:00,7036,180,Phylloscopus trochiloides,Greenish Warbler,PHYTRO,75.00,78.00,29.0,t,lite
PC,WLNP-7-3,864,General Community Waterton Lakes National Park 2018,10,2018-06-10 05:19:00,7036,180,Troglodytes aedon,House Wren,HOWR,102.00,105.00,28.2,t,lite
PC,WLNP-7-3,864,General Community Waterton Lakes National Park 2018,10,2018-06-10 05:19:00,7036,180,Troglodytes aedon,House Wren,HOWR,108.00,111.00,54.4,t,lite
PC,WLNP-7-3,864,General Community Waterton Lakes National Park 2018,10,2018-06-10 05:19:00,7036,180,Pheucticus melanocephalus,,,111.00,114.00,30.0,f,lite
PC,WLNP-7-3,864,General Community Waterton Lakes National Park 2018,10,2018-06-10 05:19:00,7036,180,Pheucticus ludovicianus,Rose-breasted Grosbeak,RBGR,111.00,114.00,26.3,t,lite
PC,WLNP-7-3,864,General Community Waterton Lakes National Park 2018,10,2018-06-10 05:19:00,7036,180,Pheucticus ludovicianus,Rose-breasted Grosbeak,RBGR,117.00,120.00,31.8,t,lite
PC,WLNP-7-3,864,General Community Waterton Lakes National Park 2018,10,2018-06-10 05:19:00,7036,180,Pheucticus melanocephalus,,,117.00,120.00,28.7,f,lite
PC,WLNP-7-3,864,General Community Waterton Lakes National Park 2018,10,2018-06-10 05:19:00,7036,180,Troglodytes aedon,House Wren,HOWR,126.00,129.00,33.7,t,lite
PC,WLNP-7-3,864,General Community Waterton Lakes National Park 2018,10,2018-06-10 05:19:00,7036,180,Fringilla coelebs,Common Chaffinch,CCHA,132.00,135.00,40.0,t,lite
PC,WLNP-7-3,864,General Community Waterton Lakes National Park 2018,10,2018-06-10 05:19:00,7036,180,Troglodytes aedon,House Wren,HOWR,132.00,135.00,39.8,t,lite
PC,WLNP-7-3,864,General Community Waterton Lakes National Park 2018,10,2018-06-10 05:19:00,7036,180,Ficedula mugimaki,Mugimaki Flycatcher,MUFL,138.00,141.00,31.7,t,lite
PC,WLNP-7-3,864,General Community Waterton Lakes National Park 2018,10,2018-06-10 05:19:00,7036,180,Troglodytes aedon,House Wren,HOWR,138.00,141.00,49.2,t,lite
PC,WLNP-7-3,864,General Community Waterton Lakes National Park 2018,10,2018-06-10 05:19:00,7036,180,Fringilla coelebs,Common Chaffinch,CCHA,138.00,141.00,31.7,t,lite
PC,WLNP-7-3,864,General Community Waterton Lakes National Park 2018,10,2018-06-10 05:19:00,7036,180,Pheucticus melanocephalus,,,144.00,147.00,27.8,f,lite
PC,WLNP-7-3,864,General Community Waterton Lakes National Park 2018,10,2018-06-10 05:19:00,7036,180,Pheucticus ludovicianus,Rose-breasted Grosbeak,RBGR,144.00,147.00,26.5,t,lite
PC,WLNP-7-3,864,General Community Waterton Lakes National Park 2018,10,2018-06-10 05:19:00,7036,180,Ficedula mugimaki,Mugimaki Flycatcher,MUFL,147.00,150.00,29.7,t,lite
PC,WLNP-7-3,864,General Community Waterton Lakes National Park 2018,10,2018-06-13 04:48:00,7083,180,Basileuterus rufifrons,Rufous-capped Warbler,RCWA,0.00,3.00,29.6,t,lite
PC,WLNP-7-3,864,General Community Waterton Lakes National Park 2018,10,2018-06-13 04:48:00,7083,180,Sylvia curruca,Lesser Whitethroat,LEWH,3.00,6.00,51.0,t,lite
PC,WLNP-7-3,864,General Community Waterton Lakes National Park 2018,10,2018-06-13 04:48:00,7083,180,Myiothlypis bivittata,,,3.00,6.00,25.0,f,lite
PC,WLNP-7-3,864,General Community Waterton Lakes National Park 2018,10,2018-06-13 04:48:00,7083,180,Troglodytes aedon,House Wren,HOWR,3.00,6.00,73.0,t,lite
PC,WLNP-7-3,864,General Community Waterton Lakes National Park 2018,10,2018-06-13 04:48:00,7083,180,Cardellina canadensis,Canada Warbler,CAWA,21.00,24.00,33.4,t,lite
PC,WLNP-7-3,864,General Community Waterton Lakes National Park 2018,10,2018-06-13 04:48:00,7083,180,Phylloscopus claudiae,,,45.00,48.00,27.6,f,lite
PC,WLNP-7-3,864,General Community Waterton Lakes National Park 2018,10,2018-06-13 04:48:00,7083,180,Basileuterus rufifrons,Rufous-capped Warbler,RCWA,48.00,51.00,25.2,t,lite
PC,WLNP-7-3,864,General Community Waterton Lakes National Park 2018,10,2018-06-13 04:48:00,7083,180,Setophaga aestiva,,,54.00,57.00,30.0,f,lite
PC,WLNP-7-3,864,General Community Waterton Lakes National Park 2018,10,2018-06-13 04:48:00,7083,180,Setophaga aestiva,,,63.00,66.00,25.5,f,lite
PC,WLNP-7-3,864,General Community Waterton Lakes National Park 2018,10,2018-06-13 04:48:00,7083,180,Protonotaria citrea,Prothonotary Warbler,PROW,81.00,84.00,27.6,t,lite
PC,WLNP-7-3,864,General Community Waterton Lakes National Park 2018,10,2018-06-13 04:48:00,7083,180,Myiothlypis bivittata,,,177.00,180.00,30.4,f,lite
PC,WLNP-7-3,864,General Community Waterton Lakes National Park 2018,10,2018-06-13 04:48:00,7083,180,Sylvia curruca,Lesser Whitethroat,LEWH,177.00,180.00,35.1,t,lite
PC,WLNP-7-3,864,General Community Waterton Lakes National Park 2018,10,2018-06-13 04:48:00,7083,180,Troglodytes aedon,House Wren,HOWR,177.00,180.00,54.3,t,lite
PC,WLNP-7-3,864,General Community Waterton Lakes National Park 2018,10,2018-06-14 04:48:00,6959,180,Troglodytes aedon,House Wren,HOWR,0.00,3.00,29.4,t,lite
PC,WLNP-7-3,864,General Community Waterton Lakes National Park 2018,10,2018-06-14 04:48:00,6959,180,Setophaga aestiva,,,12.00,15.00,33.8,f,lite
PC,WLNP-7-3,864,General Community Waterton Lakes National Park 2018,10,2018-06-14 04:48:00,6959,180,Setophaga petechia,Yellow Warbler,YEWA,12.00,15.00,35.3,t,lite
PC,WLNP-7-3,864,General Community Waterton Lakes National Park 2018,10,2018-06-14 04:48:00,6959,180,Setophaga aestiva,,,15.00,18.00,33.7,f,lite
PC,WLNP-7-3,864,General Community Waterton Lakes National Park 2018,10,2018-06-14 04:48:00,6959,180,Setophaga pensylvanica,Chestnut-sided Warbler,CSWA,15.00,18.00,29.1,t,lite
PC,WLNP-7-3,864,General Community Waterton Lakes National Park 2018,10,2018-06-14 04:48:00,6959,180,Setophaga aestiva,,,18.00,21.00,30.8,f,lite
PC,WLNP-7-3,864,General Community Waterton Lakes National Park 2018,10,2018-06-14 04:48:00,6959,180,Setophaga aestiva,,,21.00,24.00,40.3,f,lite
PC,WLNP-7-3,864,General Community Waterton Lakes National Park 2018,10,2018-06-14 04:48:00,6959,180,Setophaga petechia,Yellow Warbler,YEWA,21.00,24.00,28.8,t,lite
PC,WLNP-7-3,864,General Community Waterton Lakes National Park 2018,10,2018-06-14 04:48:00,6959,180,Troglodytes aedon,House Wren,HOWR,24.00,27.00,33.0,t,lite
PC,WLNP-7-3,864,General Community Waterton Lakes National Park 2018,10,2018-06-14 04:48:00,6959,180,Setophaga petechia,Yellow Warbler,YEWA,27.00,30.00,27.1,t,lite
PC,WLNP-7-3,864,General Community Waterton Lakes National Park 2018,10,2018-06-14 04:48:00,6959,180,Setophaga aestiva,,,27.00,30.00,39.3,f,lite
PC,WLNP-7-3,864,General Community Waterton Lakes National Park 2018,10,2018-06-14 04:48:00,6959,180,Troglodytes aedon,House Wren,HOWR,30.00,33.00,32.4,t,lite
PC,WLNP-7-3,864,General Community Waterton Lakes National Park 2018,10,2018-06-14 04:48:00,6959,180,Setophaga aestiva,,,33.00,36.00,33.3,f,lite
PC,WLNP-7-3,864,General Community Waterton Lakes National Park 2018,10,2018-06-14 04:48:00,6959,180,Troglodytes aedon,House Wren,HOWR,36.00,39.00,26.7,t,lite
PC,WLNP-7-3,864,General Community Waterton Lakes National Park 2018,10,2018-06-14 04:48:00,6959,180,Setophaga aestiva,,,39.00,42.00,41.7,f,lite
PC,WLNP-7-3,864,General Community Waterton Lakes National Park 2018,10,2018-06-14 04:48:00,6959,180,Setophaga aestiva,,,42.00,45.00,28.3,f,lite
PC,WLNP-7-3,864,General Community Waterton Lakes National Park 2018,10,2018-06-14 04:48:00,6959,180,Cardellina rubrifrons,Red-faced Warbler,RFWA,48.00,51.00,25.5,t,lite
PC,WLNP-7-3,864,General Community Waterton Lakes National Park 2018,10,2018-06-14 04:48:00,6959,180,Troglodytes aedon,House Wren,HOWR,57.00,60.00,31.7,t,lite
PC,WLNP-7-3,864,General Community Waterton Lakes National Park 2018,10,2018-06-14 04:48:00,6959,180,Setophaga aestiva,,,60.00,63.00,34.3,f,lite
PC,WLNP-7-3,864,General Community Waterton Lakes National Park 2018,10,2018-06-14 04:48:00,6959,180,Setophaga aestiva,,,69.00,72.00,26.1,f,lite
PC,WLNP-7-3,864,General Community Waterton Lakes National Park 2018,10,2018-06-14 04:48:00,6959,180,Cardellina rubrifrons,Red-faced Warbler,RFWA,72.00,75.00,25.2,t,lite
PC,WLNP-7-3,864,General Community Waterton Lakes National Park 2018,10,2018-06-14 04:48:00,6959,180,Troglodytes aedon,House Wren,HOWR,75.00,78.00,55.3,t,lite
PC,WLNP-7-3,864,General Community Waterton Lakes National Park 2018,10,2018-06-14 04:48:00,6959,180,Basileuterus rufifrons,Rufous-capped Warbler,RCWA,81.00,84.00,25.4,t,lite
PC,WLNP-7-3,864,General Community Waterton Lakes National Park 2018,10,2018-06-14 04:48:00,6959,180,Troglodytes aedon,House Wren,HOWR,84.00,87.00,33.2,t,lite
PC,WLNP-7-3,864,General Community Waterton Lakes National Park 2018,10,2018-06-14 04:48:00,6959,180,Setophaga aestiva,,,87.00,90.00,42.1,f,lite
PC,WLNP-7-3,864,General Community Waterton Lakes National Park 2018,10,2018-06-14 04:48:00,6959,180,Setophaga petechia,Yellow Warbler,YEWA,87.00,90.00,31.7,t,lite
PC,WLNP-7-3,864,General Community Waterton Lakes National Park 2018,10,2018-06-14 04:48:00,6959,180,Setophaga aestiva,,,93.00,96.00,28.2,f,lite
PC,WLNP-7-3,864,General Community Waterton Lakes National Park 2018,10,2018-06-14 04:48:00,6959,180,Setophaga aestiva,,,99.00,102.00,44.4,f,lite
PC,WLNP-7-3,864,General Community Waterton Lakes National Park 2018,10,2018-06-14 04:48:00,6959,180,Setophaga petechia,Yellow Warbler,YEWA,99.00,102.00,29.2,t,lite
PC,WLNP-7-3,864,General Community Waterton Lakes National Park 2018,10,2018-06-14 04:48:00,6959,180,Setophaga aestiva,,,108.00,111.00,42.8,f,lite
PC,WLNP-7-3,864,General Community Waterton Lakes National Park 2018,10,2018-06-14 04:48:00,6959,180,Cardellina rubrifrons,Red-faced Warbler,RFWA,108.00,111.00,26.6,t,lite
PC,WLNP-7-3,864,General Community Waterton Lakes National Park 2018,10,2018-06-14 04:48:00,6959,180,Setophaga petechia,Yellow Warbler,YEWA,108.00,111.00,35.1,t,lite
PC,WLNP-7-3,864,General Community Waterton Lakes National Park 2018,10,2018-06-14 04:48:00,6959,180,Setophaga aestiva,,,111.00,114.00,29.6,f,lite
PC,WLNP-7-3,864,General Community Waterton Lakes National Park 2018,10,2018-06-14 04:48:00,6959,180,Setophaga aestiva,,,126.00,129.00,33.1,f,lite
PC,WLNP-7-3,864,General Community Waterton Lakes National Park 2018,10,2018-06-14 04:48:00,6959,180,Phylloscopus umbrovirens,,,126.00,129.00,29.2,f,lite
PC,WLNP-7-3,864,General Community Waterton Lakes National Park 2018,10,2018-06-14 04:48:00,6959,180,Setophaga aestiva,,,129.00,132.00,37.7,f,lite
PC,WLNP-7-3,864,General Community Waterton Lakes National Park 2018,10,2018-06-14 04:48:00,6959,180,Setophaga ruticilla,American Redstart,AMRE,129.00,132.00,29.3,t,lite
PC,WLNP-7-3,864,General Community Waterton Lakes National Park 2018,10,2018-06-14 04:48:00,6959,180,Myioborus miniatus,Slate-throated Redstart,STRE,129.00,132.00,31.0,t,lite
PC,WLNP-7-3,864,General Community Waterton Lakes National Park 2018,10,2018-06-14 04:48:00,6959,180,Basileuterus culicivorus,Golden-crowned Warbler,GCRW,129.00,132.00,29.7,t,lite
PC,WLNP-7-3,864,General Community Waterton Lakes National Park 2018,10,2018-06-14 04:48:00,6959,180,Troglodytes aedon,House Wren,HOWR,135.00,138.00,50.3,t,lite
PC,WLNP-7-3,864,General Community Waterton Lakes National Park 2018,10,2018-06-14 04:48:00,6959,180,Setophaga petechia,Yellow Warbler,YEWA,138.00,141.00,27.7,t,lite
PC,WLNP-7-3,864,General Community Waterton Lakes National Park 2018,10,2018-06-14 04:48:00,6959,180,Setophaga aestiva,,,138.00,141.00,49.5,f,lite
PC,WLNP-7-3,864,General Community Waterton Lakes National Park 2018,10,2018-06-14 04:48:00,6959,180,Cardellina rubrifrons,Red-faced Warbler,RFWA,144.00,147.00,43.4,t,lite
PC,WLNP-7-3,864,General Community Waterton Lakes National Park 2018,10,2018-06-14 04:48:00,6959,180,Setophaga aestiva,,,144.00,147.00,39.2,f,lite
PC,WLNP-7-3,864,General Community Waterton Lakes National Park 2018,10,2018-06-14 04:48:00,6959,180,Setophaga aestiva,,,153.00,156.00,53.4,f,lite
PC,WLNP-7-3,864,General Community Waterton Lakes National Park 2018,10,2018-06-14 04:48:00,6959,180,Setophaga petechia,Yellow Warbler,YEWA,153.00,156.00,31.6,t,lite
PC,WLNP-7-3,864,General Community Waterton Lakes National Park 2018,10,2018-06-14 04:48:00,6959,180,Troglodytes aedon,House Wren,HOWR,162.00,165.00,79.3,t,lite
PC,WLNP-7-3,864,General Community Waterton Lakes National Park 2018,10,2018-06-14 04:48:00,6959,180,Setophaga aestiva,,,168.00,171.00,38.5,f,lite
PC,WLNP-7-3,864,General Community Waterton Lakes National Park 2018,10,2018-06-14 04:48:00,6959,180,Setophaga petechia,Yellow Warbler,YEWA,168.00,171.00,34.8,t,lite
PC,WLNP-7-3,864,General Community Waterton Lakes National Park 2018,10,2018-06-14 04:48:00,6959,180,Basileuterus rufifrons,Rufous-capped Warbler,RCWA,174.00,177.00,25.1,t,lite
PC,WLNP-7-3,864,General Community Waterton Lakes National Park 2018,10,2018-06-14 04:48:00,6959,180,Setophaga ruticilla,American Redstart,AMRE,174.00,177.00,26.0,t,lite
PC,WLNP-7-3,864,General Community Waterton Lakes National Park 2018,10,2018-06-14 04:48:00,6959,180,Setophaga aestiva,,,174.00,177.00,34.2,f,lite
PC,WLNP-7-3,864,General Community Waterton Lakes National Park 2018,10,2018-06-15 04:48:00,6950,180,Setophaga ruticilla,American Redstart,AMRE,3.00,6.00,30.0,t,lite
PC,WLNP-7-3,864,General Community Waterton Lakes National Park 2018,10,2018-06-15 04:48:00,6950,180,Myioborus miniatus,Slate-throated Redstart,STRE,3.00,6.00,34.8,t,lite
PC,WLNP-7-3,864,General Community Waterton Lakes National Park 2018,10,2018-06-15 04:48:00,6950,180,Phylloscopus coronatus,,,3.00,6.00,30.0,f,lite
PC,WLNP-7-3,864,General Community Waterton Lakes National Park 2018,10,2018-06-15 04:48:00,6950,180,Basileuterus culicivorus,Golden-crowned Warbler,GCRW,3.00,6.00,28.6,t,lite
PC,WLNP-7-3,864,General Community Waterton Lakes National Park 2018,10,2018-06-15 04:48:00,6950,180,Setophaga aestiva,,,6.00,9.00,43.6,f,lite
PC,WLNP-7-3,864,General Community Waterton Lakes National Park 2018,10,2018-06-15 04:48:00,6950,180,Setophaga petechia,Yellow Warbler,YEWA,6.00,9.00,36.9,t,lite
PC,WLNP-7-3,864,General Community Waterton Lakes National Park 2018,10,2018-06-15 04:48:00,6950,180,Catharus ustulatus,Swainson's Thrush,SWTH,9.00,12.00,32.2,t,lite
PC,WLNP-7-3,864,General Community Waterton Lakes National Park 2018,10,2018-06-15 04:48:00,6950,180,Catharus ustulatus,Swainson's Thrush,SWTH,12.00,15.00,44.9,t,lite
PC,WLNP-7-3,864,General Community Waterton Lakes National Park 2018,10,2018-06-15 04:48:00,6950,180,Setophaga aestiva,,,18.00,21.00,43.9,f,lite
PC,WLNP-7-3,864,General Community Waterton Lakes National Park 2018,10,2018-06-15 04:48:00,6950,180,Setophaga petechia,Yellow Warbler,YEWA,18.00,21.00,39.8,t,lite
PC,WLNP-7-3,864,General Community Waterton Lakes National Park 2018,10,2018-06-15 04:48:00,6950,180,Setophaga aestiva,,,27.00,30.00,37.8,f,lite
PC,WLNP-7-3,864,General Community Waterton Lakes National Park 2018,10,2018-06-15 04:48:00,6950,180,Setophaga petechia,Yellow Warbler,YEWA,27.00,30.00,34.8,t,lite
PC,WLNP-7-3,864,General Community Waterton Lakes National Park 2018,10,2018-06-15 04:48:00,6950,180,Parkesia motacilla,Louisiana Waterthrush,LOWA,33.00,36.00,35.2,t,lite
PC,WLNP-7-3,864,General Community Waterton Lakes National Park 2018,10,2018-06-15 04:48:00,6950,180,Phylloscopus coronatus,,,33.00,36.00,32.6,f,lite
PC,WLNP-7-3,864,General Community Waterton Lakes National Park 2018,10,2018-06-15 04:48:00,6950,180,Cardellina rubrifrons,Red-faced Warbler,RFWA,36.00,39.00,26.9,t,lite
PC,WLNP-7-3,864,General Community Waterton Lakes National Park 2018,10,2018-06-15 04:48:00,6950,180,Setophaga aestiva,,,36.00,39.00,39.1,f,lite
PC,WLNP-7-3,864,General Community Waterton Lakes National Park 2018,10,2018-06-15 04:48:00,6950,180,Setophaga petechia,Yellow Warbler,YEWA,36.00,39.00,35.7,t,lite
PC,WLNP-7-3,864,General Community Waterton Lakes National Park 2018,10,2018-06-15 04:48:00,6950,180,Setophaga petechia,Yellow Warbler,YEWA,48.00,51.00,28.8,t,lite
PC,WLNP-7-3,864,General Community Waterton Lakes National Park 2018,10,2018-06-15 04:48:00,6950,180,Setophaga aestiva,,,48.00,51.00,35.5,f,lite
PC,WLNP-7-3,864,General Community Waterton Lakes National Park 2018,10,2018-06-15 04:48:00,6950,180,Setophaga aestiva,,,60.00,63.00,25.7,f,lite
PC,WLNP-7-3,864,General Community Waterton Lakes National Park 2018,10,2018-06-15 04:48:00,6950,180,Setophaga petechia,Yellow Warbler,YEWA,69.00,72.00,31.6,t,lite
PC,WLNP-7-3,864,General Community Waterton Lakes National Park 2018,10,2018-06-15 04:48:00,6950,180,Setophaga aestiva,,,81.00,84.00,25.1,f,lite
PC,WLNP-7-3,864,General Community Waterton Lakes National Park 2018,10,2018-06-15 04:48:00,6950,180,Phylloscopus cantator,,,81.00,84.00,40.6,f,lite
PC,WLNP-7-3,864,General Community Waterton Lakes National Park 2018,10,2018-06-15 04:48:00,6950,180,Myzomela sanguinolenta,,,90.00,93.00,32.3,f,lite
PC,WLNP-7-3,864,General Community Waterton Lakes National Park 2018,10,2018-06-15 04:48:00,6950,180,Phylloscopus coronatus,,,90.00,93.00,41.4,f,lite
PC,WLNP-7-3,864,General Community Waterton Lakes National Park 2018,10,2018-06-15 04:48:00,6950,180,Parkesia motacilla,Louisiana Waterthrush,LOWA,90.00,93.00,33.4,t,lite
PC,WLNP-7-3,864,General Community Waterton Lakes National Park 2018,10,2018-06-15 04:48:00,6950,180,Setophaga petechia,Yellow Warbler,YEWA,102.00,105.00,34.5,t,lite
PC,WLNP-7-3,864,General Community Waterton Lakes National Park 2018,10,2018-06-15 04:48:00,6950,180,Basileuterus culicivorus,Golden-crowned Warbler,GCRW,102.00,105.00,33.1,t,lite
PC,WLNP-7-3,864,General Community Waterton Lakes National Park 2018,10,2018-06-15 04:48:00,6950,180,Setophaga aestiva,,,102.00,105.00,38.5,f,lite
PC,WLNP-7-3,864,General Community Waterton Lakes National Park 2018,10,2018-06-15 04:48:00,6950,180,Setophaga ruticilla,American Redstart,AMRE,102.00,105.00,40.6,t,lite
PC,WLNP-7-3,864,General Community Waterton Lakes National Park 2018,10,2018-06-15 04:48:00,6950,180,Setophaga graciae,Grace's Warbler,GRWA,114.00,117.00,25.8,t,lite
PC,WLNP-7-3,864,General Community Waterton Lakes National Park 2018,10,2018-06-15 04:48:00,6950,180,Poecile palustris,,,114.00,117.00,31.5,f,lite
PC,WLNP-7-3,864,General Community Waterton Lakes National Park 2018,10,2018-06-15 04:48:00,6950,180,Basileuterus culicivorus,Golden-crowned Warbler,GCRW,123.00,126.00,30.2,t,lite
PC,WLNP-7-3,864,General Community Waterton Lakes National Park 2018,10,2018-06-15 04:48:00,6950,180,Setophaga ruticilla,American Redstart,AMRE,123.00,126.00,33.1,t,lite
PC,WLNP-7-3,864,General Community Waterton Lakes National Park 2018,10,2018-06-15 04:48:00,6950,180,Setophaga petechia,Yellow Warbler,YEWA,123.00,126.00,36.1,t,lite
PC,WLNP-7-3,864,General Community Waterton Lakes National Park 2018,10,2018-06-15 04:48:00,6950,180,Setophaga aestiva,,,123.00,126.00,39.0,f,lite
PC,WLNP-7-3,864,General Community Waterton Lakes National Park 2018,10,2018-06-15 04:48:00,6950,180,Poecile palustris,,,150.00,153.00,31.9,f,lite
PC,WLNP-7-3,864,General Community Waterton Lakes National Park 2018,10,2018-06-15 04:48:00,6950,180,Setophaga graciae,Grace's Warbler,GRWA,150.00,153.00,25.8,t,lite
PC,WLNP-7-3,864,General Community Waterton Lakes National Park 2018,10,2018-06-15 04:48:00,6950,180,Hylophilus poicilotis,,,156.00,159.00,25.2,f,lite
PC,WLNP-7-3,864,General Community Waterton Lakes National Park 2018,10,2018-06-15 04:48:00,6950,180,Setophaga aestiva,,,159.00,162.00,33.8,f,lite
PC,WLNP-7-3,864,General Community Waterton Lakes National Park 2018,10,2018-06-15 04:48:00,6950,180,Setophaga ruticilla,American Redstart,AMRE,159.00,162.00,33.9,t,lite
PC,WLNP-7-3,864,General Community Waterton Lakes National Park 2018,10,2018-06-15 04:48:00,6950,180,Setophaga aestiva,,,165.00,168.00,26.3,f,lite
PC,WLNP-7-3,864,General Community Waterton Lakes National Park 2018,10,2018-06-15 04:48:00,6950,180,Setophaga petechia,Yellow Warbler,YEWA,165.00,168.00,38.1,t,lite
PC,WLNP-7-3,864,General Community Waterton Lakes National Park 2018,10,2018-06-15 04:48:00,6950,180,Basileuterus rufifrons,Rufous-capped Warbler,RCWA,171.00,174.00,26.0,t,lite
PC,WLNP-7-4,850,General Community Waterton Lakes National Park 2018,10,2018-06-08 21:39:00,7068,180,Setophaga aestiva,,,3.00,6.00,40.5,f,lite
PC,WLNP-7-4,850,General Community Waterton Lakes National Park 2018,10,2018-06-08 21:39:00,7068,180,Setophaga aestiva,,,9.00,12.00,46.2,f,lite
PC,WLNP-7-4,850,General Community Waterton Lakes National Park 2018,10,2018-06-08 21:39:00,7068,180,Setophaga petechia,Yellow Warbler,YEWA,9.00,12.00,26.2,t,lite
PC,WLNP-7-4,850,General Community Waterton Lakes National Park 2018,10,2018-06-08 21:39:00,7068,180,Setophaga aestiva,,,24.00,27.00,55.7,f,lite
PC,WLNP-7-4,850,General Community Waterton Lakes National Park 2018,10,2018-06-08 21:39:00,7068,180,Setophaga petechia,Yellow Warbler,YEWA,24.00,27.00,33.2,t,lite
PC,WLNP-7-4,850,General Community Waterton Lakes National Park 2018,10,2018-06-08 21:39:00,7068,180,Setophaga aestiva,,,30.00,33.00,46.9,f,lite
PC,WLNP-7-4,850,General Community Waterton Lakes National Park 2018,10,2018-06-08 21:39:00,7068,180,Setophaga petechia,Yellow Warbler,YEWA,30.00,33.00,26.8,t,lite
PC,WLNP-7-4,850,General Community Waterton Lakes National Park 2018,10,2018-06-08 21:39:00,7068,180,Setophaga magnolia,Magnolia Warbler,MAWA,33.00,36.00,28.6,t,lite
PC,WLNP-7-4,850,General Community Waterton Lakes National Park 2018,10,2018-06-08 21:39:00,7068,180,Setophaga dominica,Yellow-throated Warbler,YTWA,36.00,39.00,33.0,t,lite
PC,WLNP-7-4,850,General Community Waterton Lakes National Park 2018,10,2018-06-08 21:39:00,7068,180,Myioborus miniatus,Slate-throated Redstart,STRE,36.00,39.00,31.1,t,lite
PC,WLNP-7-4,850,General Community Waterton Lakes National Park 2018,10,2018-06-08 21:39:00,7068,180,Phylloscopus cantator,,,39.00,42.00,30.0,f,lite
PC,WLNP-7-4,850,General Community Waterton Lakes National Park 2018,10,2018-06-08 21:39:00,7068,180,Setophaga aestiva,,,39.00,42.00,52.7,f,lite
PC,WLNP-7-4,850,General Community Waterton Lakes National Park 2018,10,2018-06-08 21:39:00,7068,180,Setophaga aestiva,,,51.00,54.00,49.7,f,lite
PC,WLNP-7-4,850,General Community Waterton Lakes National Park 2018,10,2018-06-08 21:39:00,7068,180,Setophaga petechia,Yellow Warbler,YEWA,57.00,60.00,32.1,t,lite
PC,WLNP-7-4,850,General Community Waterton Lakes National Park 2018,10,2018-06-08 21:39:00,7068,180,Setophaga aestiva,,,57.00,60.00,54.0,f,lite
PC,WLNP-7-4,850,General Community Waterton Lakes National Park 2018,10,2018-06-08 21:39:00,7068,180,Empidonax alnorum,Alder Flycatcher,ALFL,60.00,63.00,26.7,t,lite
PC,WLNP-7-4,850,General Community Waterton Lakes National Park 2018,10,2018-06-08 21:39:00,7068,180,Setophaga aestiva,,,63.00,66.00,61.9,f,lite
PC,WLNP-7-4,850,General Community Waterton Lakes National Park 2018,10,2018-06-08 21:39:00,7068,180,Setophaga petechia,Yellow Warbler,YEWA,63.00,66.00,32.8,t,lite
PC,WLNP-7-4,850,General Community Waterton Lakes National Park 2018,10,2018-06-08 21:39:00,7068,180,Zonotrichia leucophrys,White-crowned Sparrow,WCSP,66.00,69.00,26.0,t,lite
PC,WLNP-7-4,850,General Community Waterton Lakes National Park 2018,10,2018-06-08 21:39:00,7068,180,Setophaga aestiva,,,72.00,75.00,38.2,f,lite
PC,WLNP-7-4,850,General Community Waterton Lakes National Park 2018,10,2018-06-08 21:39:00,7068,180,Cyphorhinus thoracicus,,,75.00,78.00,25.2,f,lite
PC,WLNP-7-4,850,General Community Waterton Lakes National Park 2018,10,2018-06-08 21:39:00,7068,180,Setophaga petechia,Yellow Warbler,YEWA,78.00,81.00,25.9,t,lite
PC,WLNP-7-4,850,General Community Waterton Lakes National Park 2018,10,2018-06-08 21:39:00,7068,180,Setophaga aestiva,,,78.00,81.00,56.9,f,lite
PC,WLNP-7-4,850,General Community Waterton Lakes National Park 2018,10,2018-06-08 21:39:00,7068,180,Setophaga aestiva,,,87.00,90.00,36.2,f,lite
PC,WLNP-7-4,850,General Community Waterton Lakes National Park 2018,10,2018-06-08 21:39:00,7068,180,Setophaga pensylvanica,Chestnut-sided Warbler,CSWA,96.00,99.00,34.4,t,lite
PC,WLNP-7-4,850,General Community Waterton Lakes National Park 2018,10,2018-06-08 21:39:00,7068,180,Setophaga aestiva,,,96.00,99.00,41.1,f,lite
PC,WLNP-7-4,850,General Community Waterton Lakes National Park 2018,10,2018-06-08 21:39:00,7068,180,Setophaga aestiva,,,108.00,111.00,42.4,f,lite
PC,WLNP-7-4,850,General Community Waterton Lakes National Park 2018,10,2018-06-08 21:39:00,7068,180,Setophaga aestiva,,,120.00,123.00,35.9,f,lite
PC,WLNP-7-4,850,General Community Waterton Lakes National Park 2018,10,2018-06-08 21:39:00,7068,180,Cardellina rubrifrons,Red-faced Warbler,RFWA,129.00,132.00,29.2,t,lite
PC,WLNP-7-4,850,General Community Waterton Lakes National Park 2018,10,2018-06-08 21:39:00,7068,180,Setophaga aestiva,,,129.00,132.00,39.7,f,lite
PC,WLNP-7-4,850,General Community Waterton Lakes National Park 2018,10,2018-06-08 21:39:00,7068,180,Setophaga aestiva,,,135.00,138.00,29.9,f,lite
PC,WLNP-7-4,850,General Community Waterton Lakes National Park 2018,10,2018-06-08 21:39:00,7068,180,Setophaga aestiva,,,141.00,144.00,26.7,f,lite
PC,WLNP-7-4,850,General Community Waterton Lakes National Park 2018,10,2018-06-08 21:39:00,7068,180,Leiothlypis virginiae,,,141.00,144.00,36.2,f,lite
PC,WLNP-7-4,850,General Community Waterton Lakes National Park 2018,10,2018-06-08 21:39:00,7068,180,Setophaga aestiva,,,144.00,147.00,48.8,f,lite
PC,WLNP-7-4,850,General Community Waterton Lakes National Park 2018,10,2018-06-08 21:39:00,7068,180,Cardellina rubrifrons,Red-faced Warbler,RFWA,144.00,147.00,28.8,t,lite
PC,WLNP-7-4,850,General Community Waterton Lakes National Park 2018,10,2018-06-08 21:39:00,7068,180,Setophaga aestiva,,,150.00,153.00,37.9,f,lite
PC,WLNP-7-4,850,General Community Waterton Lakes National Park 2018,10,2018-06-08 21:39:00,7068,180,Setophaga aestiva,,,153.00,156.00,26.3,f,lite
PC,WLNP-7-4,850,General Community Waterton Lakes National Park 2018,10,2018-06-08 21:39:00,7068,180,Cardellina rubrifrons,Red-faced Warbler,RFWA,153.00,156.00,26.9,t,lite
PC,WLNP-7-4,850,General Community Waterton Lakes National Park 2018,10,2018-06-08 21:39:00,7068,180,Setophaga aestiva,,,159.00,162.00,27.9,f,lite
PC,WLNP-7-4,850,General Community Waterton Lakes National Park 2018,10,2018-06-08 21:39:00,7068,180,Cardellina rubrifrons,Red-faced Warbler,RFWA,159.00,162.00,44.1,t,lite
PC,WLNP-7-4,850,General Community Waterton Lakes National Park 2018,10,2018-06-08 21:39:00,7068,180,Setophaga aestiva,,,162.00,165.00,30.9,f,lite
PC,WLNP-7-4,850,General Community Waterton Lakes National Park 2018,10,2018-06-08 21:39:00,7068,180,Cardellina rubrifrons,Red-faced Warbler,RFWA,171.00,174.00,35.6,t,lite
PC,WLNP-7-4,850,General Community Waterton Lakes National Park 2018,10,2018-06-08 21:39:00,7068,180,Setophaga aestiva,,,174.00,177.00,35.0,f,lite
PC,WLNP-7-4,850,General Community Waterton Lakes National Park 2018,10,2018-06-10 04:49:00,6968,180,Setophaga petechia,Yellow Warbler,YEWA,6.00,9.00,44.3,t,lite
PC,WLNP-7-4,850,General Community Waterton Lakes National Park 2018,10,2018-06-10 04:49:00,6968,180,Cardellina rubrifrons,Red-faced Warbler,RFWA,6.00,9.00,26.1,t,lite
PC,WLNP-7-4,850,General Community Waterton Lakes National Park 2018,10,2018-06-10 04:49:00,6968,180,Setophaga aestiva,,,6.00,9.00,45.3,f,lite
PC,WLNP-7-4,850,General Community Waterton Lakes National Park 2018,10,2018-06-10 04:49:00,6968,180,Setophaga pensylvanica,Chestnut-sided Warbler,CSWA,15.00,18.00,27.0,t,lite
PC,WLNP-7-4,850,General Community Waterton Lakes National Park 2018,10,2018-06-10 04:49:00,6968,180,Setophaga petechia,Yellow Warbler,YEWA,15.00,18.00,26.5,t,lite
PC,WLNP-7-4,850,General Community Waterton Lakes National Park 2018,10,2018-06-10 04:49:00,6968,180,Setophaga aestiva,,,15.00,18.00,45.0,f,lite
PC,WLNP-7-4,850,General Community Waterton Lakes National Park 2018,10,2018-06-10 04:49:00,6968,180,Porzana carolina,Sora,SORA,18.00,21.00,26.9,t,lite
PC,WLNP-7-4,850,General Community Waterton Lakes National Park 2018,10,2018-06-10 04:49:00,6968,180,Setophaga petechia,Yellow Warbler,YEWA,21.00,24.00,35.9,t,lite
PC,WLNP-7-4,850,General Community Waterton Lakes National Park 2018,10,2018-06-10 04:49:00,6968,180,Setophaga aestiva,,,21.00,24.00,42.9,f,lite
PC,WLNP-7-4,850,General Community Waterton Lakes National Park 2018,10,2018-06-10 04:49:00,6968,180,Setophaga aestiva,,,24.00,27.00,57.1,f,lite
PC,WLNP-7-4,850,General Community Waterton Lakes National Park 2018,10,2018-06-10 04:49:00,6968,180,Phylloscopus cantator,,,24.00,27.00,30.5,f,lite
PC,WLNP-7-4,850,General Community Waterton Lakes National Park 2018,10,2018-06-10 04:49:00,6968,180,Setophaga petechia,Yellow Warbler,YEWA,24.00,27.00,30.0,t,lite
PC,WLNP-7-4,850,General Community Waterton Lakes National Park 2018,10,2018-06-10 04:49:00,6968,180,Setophaga aestiva,,,27.00,30.00,27.6,f,lite
PC,WLNP-7-4,850,General Community Waterton Lakes National Park 2018,10,2018-06-10 04:49:00,6968,180,Setophaga aestiva,,,33.00,36.00,35.7,f,lite
PC,WLNP-7-4,850,General Community Waterton Lakes National Park 2018,10,2018-06-10 04:49:00,6968,180,Setophaga pensylvanica,Chestnut-sided Warbler,CSWA,33.00,36.00,51.3,t,lite
PC,WLNP-7-4,850,General Community Waterton Lakes National Park 2018,10,2018-06-10 04:49:00,6968,180,Setophaga petechia,Yellow Warbler,YEWA,39.00,42.00,40.6,t,lite
PC,WLNP-7-4,850,General Community Waterton Lakes National Park 2018,10,2018-06-10 04:49:00,6968,180,Setophaga aestiva,,,39.00,42.00,42.8,f,lite
PC,WLNP-7-4,850,General Community Waterton Lakes National Park 2018,10,2018-06-10 04:49:00,6968,180,Setophaga pensylvanica,Chestnut-sided Warbler,CSWA,42.00,45.00,27.5,t,lite
PC,WLNP-7-4,850,General Community Waterton Lakes National Park 2018,10,2018-06-10 04:49:00,6968,180,Setophaga aestiva,,,42.00,45.00,62.0,f,lite
PC,WLNP-7-4,850,General Community Waterton Lakes National Park 2018,10,2018-06-10 04:49:00,6968,180,Setophaga petechia,Yellow Warbler,YEWA,42.00,45.00,43.9,t,lite
PC,WLNP-7-4,850,General Community Waterton Lakes National Park 2018,10,2018-06-10 04:49:00,6968,180,Basileuterus rufifrons,Rufous-capped Warbler,RCWA,45.00,48.00,25.9,t,lite
PC,WLNP-7-4,850,General Community Waterton Lakes National Park 2018,10,2018-06-10 04:49:00,6968,180,Setophaga aestiva,,,45.00,48.00,33.9,f,lite
PC,WLNP-7-4,850,General Community Waterton Lakes National Park 2018,10,2018-06-10 04:49:00,6968,180,Setophaga aestiva,,,48.00,51.00,64.7,f,lite
PC,WLNP-7-4,850,General Community Waterton Lakes National Park 2018,10,2018-06-10 04:49:00,6968,180,Setophaga petechia,Yellow Warbler,YEWA,48.00,51.00,46.2,t,lite
PC,WLNP-7-4,850,General Community Waterton Lakes National Park 2018,10,2018-06-10 04:49:00,6968,180,Setophaga aestiva,,,51.00,54.00,26.2,f,lite
PC,WLNP-7-4,850,General Community Waterton Lakes National Park 2018,10,2018-06-10 04:49:00,6968,180,Setophaga pensylvanica,Chestnut-sided Warbler,CSWA,51.00,54.00,26.9,t,lite
PC,WLNP-7-4,850,General Community Waterton Lakes National Park 2018,10,2018-06-10 04:49:00,6968,180,Phylloscopus trochiloides,Greenish Warbler,PHYTRO,51.00,54.00,32.6,t,lite
PC,WLNP-7-4,850,General Community Waterton Lakes National Park 2018,10,2018-06-10 04:49:00,6968,180,Setophaga petechia,Yellow Warbler,YEWA,54.00,57.00,29.0,t,lite
PC,WLNP-7-4,850,General Community Waterton Lakes National Park 2018,10,2018-06-10 04:49:00,6968,180,Setophaga aestiva,,,54.00,57.00,39.5,f,lite
PC,WLNP-7-4,850,General Community Waterton Lakes National Park 2018,10,2018-06-10 04:49:00,6968,180,Cardellina rubrifrons,Red-faced Warbler,RFWA,54.00,57.00,26.5,t,lite
PC,WLNP-7-4,850,General Community Waterton Lakes National Park 2018,10,2018-06-10 04:49:00,6968,180,Setophaga aestiva,,,57.00,60.00,50.7,f,lite
PC,WLNP-7-4,850,General Community Waterton Lakes National Park 2018,10,2018-06-10 04:49:00,6968,180,Setophaga petechia,Yellow Warbler,YEWA,57.00,60.00,31.9,t,lite
PC,WLNP-7-4,850,General Community Waterton Lakes National Park 2018,10,2018-06-10 04:49:00,6968,180,Cardellina rubrifrons,Red-faced Warbler,RFWA,57.00,60.00,29.5,t,lite
PC,WLNP-7-4,850,General Community Waterton Lakes National Park 2018,10,2018-06-10 04:49:00,6968,180,Setophaga petechia,Yellow Warbler,YEWA,66.00,69.00,31.0,t,lite
PC,WLNP-7-4,850,General Community Waterton Lakes National Park 2018,10,2018-06-10 04:49:00,6968,180,Setophaga aestiva,,,66.00,69.00,40.8,f,lite
PC,WLNP-7-4,850,General Community Waterton Lakes National Park 2018,10,2018-06-10 04:49:00,6968,180,Cardellina rubrifrons,Red-faced Warbler,RFWA,66.00,69.00,28.2,t,lite
PC,WLNP-7-4,850,General Community Waterton Lakes National Park 2018,10,2018-06-10 04:49:00,6968,180,Setophaga petechia,Yellow Warbler,YEWA,69.00,72.00,31.2,t,lite
PC,WLNP-7-4,850,General Community Waterton Lakes National Park 2018,10,2018-06-10 04:49:00,6968,180,Cardellina rubrifrons,Red-faced Warbler,RFWA,69.00,72.00,31.2,t,lite
PC,WLNP-7-4,850,General Community Waterton Lakes National Park 2018,10,2018-06-10 04:49:00,6968,180,Setophaga aestiva,,,69.00,72.00,45.1,f,lite
PC,WLNP-7-4,850,General Community Waterton Lakes National Park 2018,10,2018-06-10 04:49:00,6968,180,Setophaga petechia,Yellow Warbler,YEWA,72.00,75.00,32.4,t,lite
PC,WLNP-7-4,850,General Community Waterton Lakes National Park 2018,10,2018-06-10 04:49:00,6968,180,Setophaga aestiva,,,72.00,75.00,30.4,f,lite
PC,WLNP-7-4,850,General Community Waterton Lakes National Park 2018,10,2018-06-10 04:49:00,6968,180,Cardellina rubrifrons,Red-faced Warbler,RFWA,78.00,81.00,32.3,t,lite
PC,WLNP-7-4,850,General Community Waterton Lakes National Park 2018,10,2018-06-10 04:49:00,6968,180,Setophaga petechia,Yellow Warbler,YEWA,78.00,81.00,26.1,t,lite
PC,WLNP-7-4,850,General Community Waterton Lakes National Park 2018,10,2018-06-10 04:49:00,6968,180,Setophaga aestiva,,,78.00,81.00,42.6,f,lite
PC,WLNP-7-4,850,General Community Waterton Lakes National Park 2018,10,2018-06-10 04:49:00,6968,180,Setophaga petechia,Yellow Warbler,YEWA,81.00,84.00,26.3,t,lite
PC,WLNP-7-4,850,General Community Waterton Lakes National Park 2018,10,2018-06-10 04:49:00,6968,180,Setophaga aestiva,,,81.00,84.00,48.5,f,lite
PC,WLNP-7-4,850,General Community Waterton Lakes National Park 2018,10,2018-06-10 04:49:00,6968,180,Setophaga aestiva,,,84.00,87.00,34.6,f,lite
PC,WLNP-7-4,850,General Community Waterton Lakes National Park 2018,10,2018-06-10 04:49:00,6968,180,Cardellina rubrifrons,Red-faced Warbler,RFWA,84.00,87.00,26.2,t,lite
PC,WLNP-7-4,850,General Community Waterton Lakes National Park 2018,10,2018-06-10 04:49:00,6968,180,Setophaga aestiva,,,90.00,93.00,46.9,f,lite
PC,WLNP-7-4,850,General Community Waterton Lakes National Park 2018,10,2018-06-10 04:49:00,6968,180,Myioborus miniatus,Slate-throated Redstart,STRE,99.00,102.00,32.3,t,lite
PC,WLNP-7-4,850,General Community Waterton Lakes National Park 2018,10,2018-06-10 04:49:00,6968,180,Leiothlypis ruficapilla,,,99.00,102.00,32.9,f,lite
PC,WLNP-7-4,850,General Community Waterton Lakes National Park 2018,10,2018-06-10 04:49:00,6968,180,Cardellina rubrifrons,Red-faced Warbler,RFWA,102.00,105.00,25.9,t,lite
PC,WLNP-7-4,850,General Community Waterton Lakes National Park 2018,10,2018-06-10 04:49:00,6968,180,Setophaga petechia,Yellow Warbler,YEWA,102.00,105.00,30.2,t,lite
PC,WLNP-7-4,850,General Community Waterton Lakes National Park 2018,10,2018-06-10 04:49:00,6968,180,Setophaga aestiva,,,102.00,105.00,57.6,f,lite
PC,WLNP-7-4,850,General Community Waterton Lakes National Park 2018,10,2018-06-10 04:49:00,6968,180,Phylloscopus coronatus,,,105.00,108.00,25.7,f,lite
PC,WLNP-7-4,850,General Community Waterton Lakes National Park 2018,10,2018-06-10 04:49:00,6968,180,Setophaga petechia,Yellow Warbler,YEWA,108.00,111.00,26.1,t,lite
PC,WLNP-7-4,850,General Community Waterton Lakes National Park 2018,10,2018-06-10 04:49:00,6968,180,Setophaga aestiva,,,108.00,111.00,43.7,f,lite
PC,WLNP-7-4,850,General Community Waterton Lakes National Park 2018,10,2018-06-10 04:49:00,6968,180,Cardellina rubrifrons,Red-faced Warbler,RFWA,111.00,114.00,25.5,t,lite
PC,WLNP-7-4,850,General Community Waterton Lakes National Park 2018,10,2018-06-10 04:49:00,6968,180,Setophaga aestiva,,,111.00,114.00,30.0,f,lite
PC,WLNP-7-4,850,General Community Waterton Lakes National Park 2018,10,2018-06-10 04:49:00,6968,180,Setophaga aestiva,,,114.00,117.00,26.0,f,lite
PC,WLNP-7-4,850,General Community Waterton Lakes National Park 2018,10,2018-06-10 04:49:00,6968,180,Setophaga petechia,Yellow Warbler,YEWA,117.00,120.00,25.1,t,lite
PC,WLNP-7-4,850,General Community Waterton Lakes National Park 2018,10,2018-06-10 04:49:00,6968,180,Setophaga aestiva,,,117.00,120.00,45.8,f,lite
PC,WLNP-7-4,850,General Community Waterton Lakes National Park 2018,10,2018-06-10 04:49:00,6968,180,Phylloscopus cantator,,,117.00,120.00,30.8,f,lite
PC,WLNP-7-4,850,General Community Waterton Lakes National Park 2018,10,2018-06-10 04:49:00,6968,180,Setophaga aestiva,,,123.00,126.00,51.0,f,lite
PC,WLNP-7-4,850,General Community Waterton Lakes National Park 2018,10,2018-06-10 04:49:00,6968,180,Setophaga petechia,Yellow Warbler,YEWA,123.00,126.00,45.0,t,lite
PC,WLNP-7-4,850,General Community Waterton Lakes National Park 2018,10,2018-06-10 04:49:00,6968,180,Setophaga pensylvanica,Chestnut-sided Warbler,CSWA,126.00,129.00,40.4,t,lite
PC,WLNP-7-4,850,General Community Waterton Lakes National Park 2018,10,2018-06-10 04:49:00,6968,180,Geothlypis tolmiei,MacGillivray's Warbler,MGWA,126.00,129.00,27.1,t,lite
PC,WLNP-7-4,850,General Community Waterton Lakes National Park 2018,10,2018-06-10 04:49:00,6968,180,Setophaga pensylvanica,Chestnut-sided Warbler,CSWA,129.00,132.00,34.5,t,lite
PC,WLNP-7-4,850,General Community Waterton Lakes National Park 2018,10,2018-06-10 04:49:00,6968,180,Setophaga aestiva,,,135.00,138.00,43.9,f,lite
PC,WLNP-7-4,850,General Community Waterton Lakes National Park 2018,10,2018-06-10 04:49:00,6968,180,Setophaga petechia,Yellow Warbler,YEWA,135.00,138.00,27.1,t,lite
PC,WLNP-7-4,850,General Community Waterton Lakes National Park 2018,10,2018-06-10 04:49:00,6968,180,Setophaga aestiva,,,138.00,141.00,38.0,f,lite
PC,WLNP-7-4,850,General Community Waterton Lakes National Park 2018,10,2018-06-10 04:49:00,6968,180,Setophaga pensylvanica,Chestnut-sided Warbler,CSWA,141.00,144.00,25.2,t,lite
PC,WLNP-7-4,850,General Community Waterton Lakes National Park 2018,10,2018-06-10 04:49:00,6968,180,Basileuterus rufifrons,Rufous-capped Warbler,RCWA,141.00,144.00,28.0,t,lite
PC,WLNP-7-4,850,General Community Waterton Lakes National Park 2018,10,2018-06-10 04:49:00,6968,180,Setophaga aestiva,,,141.00,144.00,30.1,f,lite
PC,WLNP-7-4,850,General Community Waterton Lakes National Park 2018,10,2018-06-10 04:49:00,6968,180,Phylloscopus cantator,,,141.00,144.00,29.0,f,lite
PC,WLNP-7-4,850,General Community Waterton Lakes National Park 2018,10,2018-06-10 04:49:00,6968,180,Setophaga petechia,Yellow Warbler,YEWA,144.00,147.00,27.8,t,lite
PC,WLNP-7-4,850,General Community Waterton Lakes National Park 2018,10,2018-06-10 04:49:00,6968,180,Setophaga aestiva,,,144.00,147.00,37.6,f,lite
PC,WLNP-7-4,850,General Community Waterton Lakes National Park 2018,10,2018-06-10 04:49:00,6968,180,Setophaga petechia,Yellow Warbler,YEWA,147.00,150.00,43.9,t,lite
PC,WLNP-7-4,850,General Community Waterton Lakes National Park 2018,10,2018-06-10 04:49:00,6968,180,Setophaga aestiva,,,147.00,150.00,47.4,f,lite
PC,WLNP-7-4,850,General Community Waterton Lakes National Park 2018,10,2018-06-10 04:49:00,6968,180,Setophaga aestiva,,,153.00,156.00,39.8,f,lite
PC,WLNP-7-4,850,General Community Waterton Lakes National Park 2018,10,2018-06-10 04:49:00,6968,180,Setophaga aestiva,,,159.00,162.00,51.8,f,lite
PC,WLNP-7-4,850,General Community Waterton Lakes National Park 2018,10,2018-06-10 04:49:00,6968,180,Setophaga petechia,Yellow Warbler,YEWA,159.00,162.00,34.3,t,lite
PC,WLNP-7-4,850,General Community Waterton Lakes National Park 2018,10,2018-06-10 04:49:00,6968,180,Setophaga aestiva,,,162.00,165.00,65.1,f,lite
PC,WLNP-7-4,850,General Community Waterton Lakes National Park 2018,10,2018-06-10 04:49:00,6968,180,Setophaga petechia,Yellow Warbler,YEWA,162.00,165.00,41.1,t,lite
PC,WLNP-7-4,850,General Community Waterton Lakes National Park 2018,10,2018-06-10 04:49:00,6968,180,Setophaga petechia,Yellow Warbler,YEWA,165.00,168.00,26.5,t,lite
PC,WLNP-7-4,850,General Community Waterton Lakes National Park 2018,10,2018-06-10 04:49:00,6968,180,Setophaga aestiva,,,165.00,168.00,44.1,f,lite
PC,WLNP-7-4,850,General Community Waterton Lakes National Park 2018,10,2018-06-10 04:49:00,6968,180,Setophaga aestiva,,,171.00,174.00,37.9,f,lite
PC,WLNP-7-4,850,General Community Waterton Lakes National Park 2018,10,2018-06-10 04:49:00,6968,180,Setophaga ruticilla,American Redstart,AMRE,174.00,177.00,44.1,t,lite
PC,WLNP-7-4,850,General Community Waterton Lakes National Park 2018,10,2018-06-10 04:49:00,6968,180,Setophaga aestiva,,,174.00,177.00,26.4,f,lite
PC,WLNP-7-4,850,General Community Waterton Lakes National Park 2018,10,2018-06-10 04:49:00,6968,180,Setophaga aestiva,,,177.00,180.00,50.8,f,lite
PC,WLNP-7-4,850,General Community Waterton Lakes National Park 2018,10,2018-06-13 05:18:00,7052,180,Spizella pallida,Clay-colored Sparrow,CCSP,3.00,6.00,43.2,t,lite
PC,WLNP-7-4,850,General Community Waterton Lakes National Park 2018,10,2018-06-13 05:18:00,7052,180,Spizella pallida,Clay-colored Sparrow,CCSP,42.00,45.00,33.1,t,lite
PC,WLNP-7-4,850,General Community Waterton Lakes National Park 2018,10,2018-06-13 05:18:00,7052,180,Spizella pallida,Clay-colored Sparrow,CCSP,57.00,60.00,27.0,t,lite
PC,WLNP-7-4,850,General Community Waterton Lakes National Park 2018,10,2018-06-13 05:18:00,7052,180,Empidonax alnorum,Alder Flycatcher,ALFL,105.00,108.00,60.3,t,lite
PC,WLNP-7-4,850,General Community Waterton Lakes National Park 2018,10,2018-06-13 05:18:00,7052,180,Empidonax alnorum,Alder Flycatcher,ALFL,114.00,117.00,43.6,t,lite
PC,WLNP-7-4,850,General Community Waterton Lakes National Park 2018,10,2018-06-13 05:18:00,7052,180,Setophaga aestiva,,,126.00,129.00,41.3,f,lite
PC,WLNP-7-4,850,General Community Waterton Lakes National Park 2018,10,2018-06-13 05:18:00,7052,180,Empidonax alnorum,Alder Flycatcher,ALFL,129.00,132.00,75.9,t,lite
PC,WLNP-7-4,850,General Community Waterton Lakes National Park 2018,10,2018-06-13 05:18:00,7052,180,Setophaga striata,Blackpoll Warbler,BLPW,132.00,135.00,37.8,t,lite
PC,WLNP-7-4,850,General Community Waterton Lakes National Park 2018,10,2018-06-13 05:18:00,7052,180,Setophaga striata,Blackpoll Warbler,BLPW,135.00,138.00,26.6,t,lite
PC,WLNP-7-4,850,General Community Waterton Lakes National Park 2018,10,2018-06-13 05:18:00,7052,180,Setophaga striata,Blackpoll Warbler,BLPW,138.00,141.00,25.9,t,lite
PC,WLNP-7-4,850,General Community Waterton Lakes National Park 2018,10,2018-06-13 05:18:00,7052,180,Setophaga striata,Blackpoll Warbler,BLPW,150.00,153.00,29.0,t,lite
PC,WLNP-7-4,850,General Community Waterton Lakes National Park 2018,10,2018-06-13 05:18:00,7052,180,Setophaga aestiva,,,153.00,156.00,25.4,f,lite
PC,WLNP-7-4,850,General Community Waterton Lakes National Park 2018,10,2018-06-13 05:18:00,7052,180,Setophaga striata,Blackpoll Warbler,BLPW,162.00,165.00,40.7,t,lite
PC,WLNP-7-4,850,General Community Waterton Lakes National Park 2018,10,2018-06-13 05:18:00,7052,180,Setophaga aestiva,,,168.00,171.00,35.3,f,lite
PC,WLNP-7-4,850,General Community Waterton Lakes National Park 2018,10,2018-06-13 05:18:00,7052,180,Setophaga petechia,Yellow Warbler,YEWA,168.00,171.00,27.5,t,lite
PC,WLNP-7-4,850,General Community Waterton Lakes National Park 2018,10,2018-06-13 05:18:00,7052,180,Setophaga striata,Blackpoll Warbler,BLPW,168.00,171.00,46.1,t,lite
PC,WLNP-7-4,850,General Community Waterton Lakes National Park 2018,10,2018-06-13 05:18:00,7052,180,Setophaga striata,Blackpoll Warbler,BLPW,171.00,174.00,40.6,t,lite
PC,WLNP-7-4,850,General Community Waterton Lakes National Park 2018,10,2018-06-13 05:18:00,7052,180,Setophaga aestiva,,,174.00,177.00,33.0,f,lite
PC,WLNP-7-4,850,General Community Waterton Lakes National Park 2018,10,2018-06-13 05:18:00,7052,180,Spizella pallida,Clay-colored Sparrow,CCSP,177.00,180.00,35.1,t,lite
PC,WLNP-7-4,850,General Community Waterton Lakes National Park 2018,10,2018-06-13 05:18:00,7052,180,Locustella tacsanowskia,,,177.00,180.00,34.9,f,lite
PC,WLNP-7-4,850,General Community Waterton Lakes National Park 2018,10,2018-06-13 05:18:00,7052,180,Oreothlypis gutturalis,Flame-throated Warbler,FTHW,177.00,180.00,33.3,t,lite
PC,WLNP-7-4,850,General Community Waterton Lakes National Park 2018,10,2018-06-14 05:18:00,7015,180,Setophaga aestiva,,,6.00,9.00,44.4,f,lite
PC,WLNP-7-4,850,General Community Waterton Lakes National Park 2018,10,2018-06-14 05:18:00,7015,180,Setophaga ruticilla,American Redstart,AMRE,6.00,9.00,37.4,t,lite
PC,WLNP-7-4,850,General Community Waterton Lakes National Park 2018,10,2018-06-14 05:18:00,7015,180,Phylloscopus cantator,,,6.00,9.00,26.8,f,lite
PC,WLNP-7-4,850,General Community Waterton Lakes National Park 2018,10,2018-06-14 05:18:00,7015,180,Cardellina rubrifrons,Red-faced Warbler,RFWA,18.00,21.00,30.7,t,lite
PC,WLNP-7-4,850,General Community Waterton Lakes National Park 2018,10,2018-06-14 05:18:00,7015,180,Setophaga petechia,Yellow Warbler,YEWA,18.00,21.00,36.8,t,lite
PC,WLNP-7-4,850,General Community Waterton Lakes National Park 2018,10,2018-06-14 05:18:00,7015,180,Setophaga aestiva,,,18.00,21.00,59.6,f,lite
PC,WLNP-7-4,850,General Community Waterton Lakes National Park 2018,10,2018-06-14 05:18:00,7015,180,Setophaga aestiva,,,27.00,30.00,46.4,f,lite
PC,WLNP-7-4,850,General Community Waterton Lakes National Park 2018,10,2018-06-14 05:18:00,7015,180,Phylloscopus claudiae,,,27.00,30.00,37.2,f,lite
PC,WLNP-7-4,850,General Community Waterton Lakes National Park 2018,10,2018-06-14 05:18:00,7015,180,Setophaga pensylvanica,Chestnut-sided Warbler,CSWA,27.00,30.00,30.7,t,lite
PC,WLNP-7-4,850,General Community Waterton Lakes National Park 2018,10,2018-06-14 05:18:00,7015,180,Phylloscopus cantator,,,30.00,33.00,37.7,f,lite
PC,WLNP-7-4,850,General Community Waterton Lakes National Park 2018,10,2018-06-14 05:18:00,7015,180,Basileuterus rufifrons,Rufous-capped Warbler,RCWA,30.00,33.00,34.7,t,lite
PC,WLNP-7-4,850,General Community Waterton Lakes National Park 2018,10,2018-06-14 05:18:00,7015,180,Setophaga aestiva,,,30.00,33.00,31.8,f,lite
PC,WLNP-7-4,850,General Community Waterton Lakes National Park 2018,10,2018-06-14 05:18:00,7015,180,Setophaga ruticilla,American Redstart,AMRE,30.00,33.00,29.8,t,lite
PC,WLNP-7-4,850,General Community Waterton Lakes National Park 2018,10,2018-06-14 05:18:00,7015,180,Setophaga petechia,Yellow Warbler,YEWA,36.00,39.00,47.6,t,lite
PC,WLNP-7-4,850,General Community Waterton Lakes National Park 2018,10,2018-06-14 05:18:00,7015,180,Setophaga aestiva,,,36.00,39.00,63.7,f,lite
PC,WLNP-7-4,850,General Community Waterton Lakes National Park 2018,10,2018-06-14 05:18:00,7015,180,Basileuterus rufifrons,Rufous-capped Warbler,RCWA,45.00,48.00,27.5,t,lite
PC,WLNP-7-4,850,General Community Waterton Lakes National Park 2018,10,2018-06-14 05:18:00,7015,180,Setophaga ruticilla,American Redstart,AMRE,45.00,48.00,34.3,t,lite
PC,WLNP-7-4,850,General Community Waterton Lakes National Park 2018,10,2018-06-14 05:18:00,7015,180,Setophaga aestiva,,,45.00,48.00,37.7,f,lite
PC,WLNP-7-4,850,General Community Waterton Lakes National Park 2018,10,2018-06-14 05:18:00,7015,180,Setophaga aestiva,,,51.00,54.00,56.9,f,lite
PC,WLNP-7-4,850,General Community Waterton Lakes National Park 2018,10,2018-06-14 05:18:00,7015,180,Setophaga petechia,Yellow Warbler,YEWA,51.00,54.00,46.1,t,lite
PC,WLNP-7-4,850,General Community Waterton Lakes National Park 2018,10,2018-06-14 05:18:00,7015,180,Setophaga aestiva,,,57.00,60.00,27.4,f,lite
PC,WLNP-7-4,850,General Community Waterton Lakes National Park 2018,10,2018-06-14 05:18:00,7015,180,Cardellina rubrifrons,Red-faced Warbler,RFWA,57.00,60.00,39.8,t,lite
PC,WLNP-7-4,850,General Community Waterton Lakes National Park 2018,10,2018-06-14 05:18:00,7015,180,Setophaga aestiva,,,72.00,75.00,26.9,f,lite
PC,WLNP-7-4,850,General Community Waterton Lakes National Park 2018,10,2018-06-14 05:18:00,7015,180,Cardellina rubrifrons,Red-faced Warbler,RFWA,78.00,81.00,27.8,t,lite
PC,WLNP-7-4,850,General Community Waterton Lakes National Park 2018,10,2018-06-14 05:18:00,7015,180,Setophaga petechia,Yellow Warbler,YEWA,81.00,84.00,46.6,t,lite
PC,WLNP-7-4,850,General Community Waterton Lakes National Park 2018,10,2018-06-14 05:18:00,7015,180,Setophaga aestiva,,,81.00,84.00,48.0,f,lite
PC,WLNP-7-4,850,General Community Waterton Lakes National Park 2018,10,2018-06-14 05:18:00,7015,180,Setophaga magnolia,Magnolia Warbler,MAWA,84.00,87.00,32.1,t,lite
PC,WLNP-7-4,850,General Community Waterton Lakes National Park 2018,10,2018-06-14 05:18:00,7015,180,Cardellina rubrifrons,Red-faced Warbler,RFWA,84.00,87.00,30.5,t,lite
PC,WLNP-7-4,850,General Community Waterton Lakes National Park 2018,10,2018-06-14 05:18:00,7015,180,Setophaga aestiva,,,93.00,96.00,33.8,f,lite
PC,WLNP-7-4,850,General Community Waterton Lakes National Park 2018,10,2018-06-14 05:18:00,7015,180,Setophaga pensylvanica,Chestnut-sided Warbler,CSWA,93.00,96.00,39.5,t,lite
PC,WLNP-7-4,850,General Community Waterton Lakes National Park 2018,10,2018-06-14 05:18:00,7015,180,Phylloscopus cantator,,,96.00,99.00,33.9,f,lite
PC,WLNP-7-4,850,General Community Waterton Lakes National Park 2018,10,2018-06-14 05:18:00,7015,180,Setophaga aestiva,,,96.00,99.00,44.1,f,lite
PC,WLNP-7-4,850,General Community Waterton Lakes National Park 2018,10,2018-06-14 05:18:00,7015,180,Basileuterus rufifrons,Rufous-capped Warbler,RCWA,96.00,99.00,27.6,t,lite
PC,WLNP-7-4,850,General Community Waterton Lakes National Park 2018,10,2018-06-14 05:18:00,7015,180,Phylloscopus claudiae,,,96.00,99.00,26.6,f,lite
PC,WLNP-7-4,850,General Community Waterton Lakes National Park 2018,10,2018-06-14 05:18:00,7015,180,Setophaga ruticilla,American Redstart,AMRE,102.00,105.00,29.0,t,lite
PC,WLNP-7-4,850,General Community Waterton Lakes National Park 2018,10,2018-06-14 05:18:00,7015,180,Setophaga aestiva,,,102.00,105.00,37.6,f,lite
PC,WLNP-7-4,850,General Community Waterton Lakes National Park 2018,10,2018-06-14 05:18:00,7015,180,Phylloscopus cantator,,,111.00,114.00,26.1,f,lite
PC,WLNP-7-4,850,General Community Waterton Lakes National Park 2018,10,2018-06-14 05:18:00,7015,180,Setophaga petechia,Yellow Warbler,YEWA,111.00,114.00,26.0,t,lite
PC,WLNP-7-4,850,General Community Waterton Lakes National Park 2018,10,2018-06-14 05:18:00,7015,180,Setophaga aestiva,,,111.00,114.00,45.4,f,lite
PC,WLNP-7-4,850,General Community Waterton Lakes National Park 2018,10,2018-06-14 05:18:00,7015,180,Setophaga ruticilla,American Redstart,AMRE,111.00,114.00,38.1,t,lite
PC,WLNP-7-4,850,General Community Waterton Lakes National Park 2018,10,2018-06-14 05:18:00,7015,180,Setophaga petechia,Yellow Warbler,YEWA,117.00,120.00,35.8,t,lite
PC,WLNP-7-4,850,General Community Waterton Lakes National Park 2018,10,2018-06-14 05:18:00,7015,180,Setophaga aestiva,,,117.00,120.00,44.2,f,lite
PC,WLNP-7-4,850,General Community Waterton Lakes National Park 2018,10,2018-06-14 05:18:00,7015,180,Setophaga aestiva,,,123.00,126.00,42.4,f,lite
PC,WLNP-7-4,850,General Community Waterton Lakes National Park 2018,10,2018-06-14 05:18:00,7015,180,Setophaga aestiva,,,126.00,129.00,32.0,f,lite
PC,WLNP-7-4,850,General Community Waterton Lakes National Park 2018,10,2018-06-14 05:18:00,7015,180,Phylloscopus trochiloides,Greenish Warbler,PHYTRO,126.00,129.00,33.6,t,lite
PC,WLNP-7-4,850,General Community Waterton Lakes National Park 2018,10,2018-06-14 05:18:00,7015,180,Pheucticus chrysopeplus,Yellow Grosbeak,YEGR,165.00,168.00,30.5,t,lite
PC,WLNP-7-4,850,General Community Waterton Lakes National Park 2018,10,2018-06-14 05:18:00,7015,180,Pheucticus melanocephalus,,,177.00,180.00,30.8,f,lite
PC,WLNP-7-4,850,General Community Waterton Lakes National Park 2018,10,2018-06-15 05:18:00,85259,180,Cardellina rubrifrons,Red-faced Warbler,RFWA,0.00,3.00,27.2,t,lite
PC,WLNP-7-4,850,General Community Waterton Lakes National Park 2018,10,2018-06-15 05:18:00,85259,180,Setophaga aestiva,,,0.00,3.00,42.2,f,lite
PC,WLNP-7-4,850,General Community Waterton Lakes National Park 2018,10,2018-06-15 05:18:00,85259,180,Cardellina rubrifrons,Red-faced Warbler,RFWA,3.00,6.00,26.4,t,lite
PC,WLNP-7-4,850,General Community Waterton Lakes National Park 2018,10,2018-06-15 05:18:00,85259,180,Setophaga petechia,Yellow Warbler,YEWA,3.00,6.00,30.3,t,lite
PC,WLNP-7-4,850,General Community Waterton Lakes National Park 2018,10,2018-06-15 05:18:00,85259,180,Setophaga aestiva,,,3.00,6.00,48.1,f,lite
PC,WLNP-7-4,850,General Community Waterton Lakes National Park 2018,10,2018-06-15 05:18:00,85259,180,Cardellina rubrifrons,Red-faced Warbler,RFWA,6.00,9.00,35.3,t,lite
PC,WLNP-7-4,850,General Community Waterton Lakes National Park 2018,10,2018-06-15 05:18:00,85259,180,Setophaga aestiva,,,6.00,9.00,29.6,f,lite
PC,WLNP-7-4,850,General Community Waterton Lakes National Park 2018,10,2018-06-15 05:18:00,85259,180,Setophaga aestiva,,,9.00,12.00,47.3,f,lite
PC,WLNP-7-4,850,General Community Waterton Lakes National Park 2018,10,2018-06-15 05:18:00,85259,180,Setophaga aestiva,,,12.00,15.00,54.8,f,lite
PC,WLNP-7-4,850,General Community Waterton Lakes National Park 2018,10,2018-06-15 05:18:00,85259,180,Setophaga petechia,Yellow Warbler,YEWA,12.00,15.00,27.2,t,lite
PC,WLNP-7-4,850,General Community Waterton Lakes National Park 2018,10,2018-06-15 05:18:00,85259,180,Setophaga petechia,Yellow Warbler,YEWA,15.00,18.00,29.7,t,lite
PC,WLNP-7-4,850,General Community Waterton Lakes National Park 2018,10,2018-06-15 05:18:00,85259,180,Basileuterus rufifrons,Rufous-capped Warbler,RCWA,15.00,18.00,34.3,t,lite
PC,WLNP-7-4,850,General Community Waterton Lakes National Park 2018,10,2018-06-15 05:18:00,85259,180,Setophaga aestiva,,,15.00,18.00,46.1,f,lite
PC,WLNP-7-4,850,General Community Waterton Lakes National Park 2018,10,2018-06-15 05:18:00,85259,180,Setophaga ruticilla,American Redstart,AMRE,18.00,21.00,28.9,t,lite
PC,WLNP-7-4,850,General Community Waterton Lakes National Park 2018,10,2018-06-15 05:18:00,85259,180,Setophaga aestiva,,,18.00,21.00,32.0,f,lite
PC,WLNP-7-4,850,General Community Waterton Lakes National Park 2018,10,2018-06-15 05:18:00,85259,180,Setophaga aestiva,,,24.00,27.00,52.9,f,lite
PC,WLNP-7-4,850,General Community Waterton Lakes National Park 2018,10,2018-06-15 05:18:00,85259,180,Setophaga petechia,Yellow Warbler,YEWA,24.00,27.00,44.0,t,lite
PC,WLNP-7-4,850,General Community Waterton Lakes National Park 2018,10,2018-06-15 05:18:00,85259,180,Setophaga aestiva,,,30.00,33.00,58.8,f,lite
PC,WLNP-7-4,850,General Community Waterton Lakes National Park 2018,10,2018-06-15 05:18:00,85259,180,Setophaga petechia,Yellow Warbler,YEWA,30.00,33.00,31.6,t,lite
PC,WLNP-7-4,850,General Community Waterton Lakes National Park 2018,10,2018-06-15 05:18:00,85259,180,Setophaga pensylvanica,Chestnut-sided Warbler,CSWA,30.00,33.00,26.9,t,lite
PC,WLNP-7-4,850,General Community Waterton Lakes National Park 2018,10,2018-06-15 05:18:00,85259,180,Phylloscopus cantator,,,30.00,33.00,29.1,f,lite
PC,WLNP-7-4,850,General Community Waterton Lakes National Park 2018,10,2018-06-15 05:18:00,85259,180,Setophaga aestiva,,,33.00,36.00,43.2,f,lite
PC,WLNP-7-4,850,General Community Waterton Lakes National Park 2018,10,2018-06-15 05:18:00,85259,180,Cardellina rubrifrons,Red-faced Warbler,RFWA,33.00,36.00,28.0,t,lite
PC,WLNP-7-4,850,General Community Waterton Lakes National Park 2018,10,2018-06-15 05:18:00,85259,180,Setophaga petechia,Yellow Warbler,YEWA,33.00,36.00,40.8,t,lite
PC,WLNP-7-4,850,General Community Waterton Lakes National Park 2018,10,2018-06-15 05:18:00,85259,180,Setophaga petechia,Yellow Warbler,YEWA,36.00,39.00,30.5,t,lite
PC,WLNP-7-4,850,General Community Waterton Lakes National Park 2018,10,2018-06-15 05:18:00,85259,180,Setophaga aestiva,,,36.00,39.00,43.4,f,lite
PC,WLNP-7-4,850,General Community Waterton Lakes National Park 2018,10,2018-06-15 05:18:00,85259,180,Phylloscopus trochilus,Willow Warbler,WILW,36.00,39.00,30.6,t,lite
PC,WLNP-7-4,850,General Community Waterton Lakes National Park 2018,10,2018-06-15 05:18:00,85259,180,Setophaga petechia,Yellow Warbler,YEWA,39.00,42.00,31.1,t,lite
PC,WLNP-7-4,850,General Community Waterton Lakes National Park 2018,10,2018-06-15 05:18:00,85259,180,Setophaga aestiva,,,39.00,42.00,48.8,f,lite
PC,WLNP-7-4,850,General Community Waterton Lakes National Park 2018,10,2018-06-15 05:18:00,85259,180,Setophaga petechia,Yellow Warbler,YEWA,42.00,45.00,32.6,t,lite
PC,WLNP-7-4,850,General Community Waterton Lakes National Park 2018,10,2018-06-15 05:18:00,85259,180,Setophaga aestiva,,,42.00,45.00,56.7,f,lite
PC,WLNP-7-4,850,General Community Waterton Lakes National Park 2018,10,2018-06-15 05:18:00,85259,180,Elaenia frantzii,Mountain Elaenia,MOEL,45.00,48.00,28.2,t,lite
PC,WLNP-7-4,850,General Community Waterton Lakes National Park 2018,10,2018-06-15 05:18:00,85259,180,Empidonax alnorum,Alder Flycatcher,ALFL,45.00,48.00,32.6,t,lite
PC,WLNP-7-4,850,General Community Waterton Lakes National Park 2018,10,2018-06-15 05:18:00,85259,180,Setophaga aestiva,,,48.00,51.00,30.2,f,lite
PC,WLNP-7-4,850,General Community Waterton Lakes National Park 2018,10,2018-06-15 05:18:00,85259,180,Setophaga petechia,Yellow Warbler,YEWA,48.00,51.00,25.4,t,lite
PC,WLNP-7-4,850,General Community Waterton Lakes National Park 2018,10,2018-06-15 05:18:00,85259,180,Setophaga petechia,Yellow Warbler,YEWA,51.00,54.00,36.3,t,lite
PC,WLNP-7-4,850,General Community Waterton Lakes National Park 2018,10,2018-06-15 05:18:00,85259,180,Setophaga aestiva,,,51.00,54.00,54.7,f,lite
PC,WLNP-7-4,850,General Community Waterton Lakes National Park 2018,10,2018-06-15 05:18:00,85259,180,Phylloscopus cantator,,,51.00,54.00,26.1,f,lite
PC,WLNP-7-4,850,General Community Waterton Lakes National Park 2018,10,2018-06-15 05:18:00,85259,180,Setophaga aestiva,,,57.00,60.00,42.0,f,lite
PC,WLNP-7-4,850,General Community Waterton Lakes National Park 2018,10,2018-06-15 05:18:00,85259,180,Setophaga pensylvanica,Chestnut-sided Warbler,CSWA,57.00,60.00,37.0,t,lite
PC,WLNP-7-4,850,General Community Waterton Lakes National Park 2018,10,2018-06-15 05:18:00,85259,180,Setophaga petechia,Yellow Warbler,YEWA,57.00,60.00,36.2,t,lite
PC,WLNP-7-4,850,General Community Waterton Lakes National Park 2018,10,2018-06-15 05:18:00,85259,180,Setophaga aestiva,,,60.00,63.00,36.9,f,lite
PC,WLNP-7-4,850,General Community Waterton Lakes National Park 2018,10,2018-06-15 05:18:00,85259,180,Setophaga petechia,Yellow Warbler,YEWA,60.00,63.00,31.0,t,lite
PC,WLNP-7-4,850,General Community Waterton Lakes National Park 2018,10,2018-06-15 05:18:00,85259,180,Phylloscopus cantator,,,66.00,69.00,34.0,f,lite
PC,WLNP-7-4,850,General Community Waterton Lakes National Park 2018,10,2018-06-15 05:18:00,85259,180,Setophaga aestiva,,,66.00,69.00,34.5,f,lite
PC,WLNP-7-4,850,General Community Waterton Lakes National Park 2018,10,2018-06-15 05:18:00,85259,180,Phylloscopus cantator,,,72.00,75.00,27.2,f,lite
PC,WLNP-7-4,850,General Community Waterton Lakes National Park 2018,10,2018-06-15 05:18:00,85259,180,Setophaga pensylvanica,Chestnut-sided Warbler,CSWA,72.00,75.00,26.8,t,lite
PC,WLNP-7-4,850,General Community Waterton Lakes National Park 2018,10,2018-06-15 05:18:00,85259,180,Setophaga aestiva,,,72.00,75.00,30.5,f,lite
PC,WLNP-7-4,850,General Community Waterton Lakes National Park 2018,10,2018-06-15 05:18:00,85259,180,Setophaga pensylvanica,Chestnut-sided Warbler,CSWA,75.00,78.00,25.9,t,lite
PC,WLNP-7-4,850,General Community Waterton Lakes National Park 2018,10,2018-06-15 05:18:00,85259,180,Setophaga aestiva,,,75.00,78.00,30.8,f,lite
PC,WLNP-7-4,850,General Community Waterton Lakes National Park 2018,10,2018-06-15 05:18:00,85259,180,Setophaga pensylvanica,Chestnut-sided Warbler,CSWA,87.00,90.00,35.8,t,lite
PC,WLNP-7-4,850,General Community Waterton Lakes National Park 2018,10,2018-06-15 05:18:00,85259,180,Setophaga aestiva,,,87.00,90.00,41.6,f,lite
PC,WLNP-7-4,850,General Community Waterton Lakes National Park 2018,10,2018-06-15 05:18:00,85259,180,Setophaga petechia,Yellow Warbler,YEWA,87.00,90.00,26.2,t,lite
PC,WLNP-7-4,850,General Community Waterton Lakes National Park 2018,10,2018-06-15 05:18:00,85259,180,Phylloscopus trochilus,Willow Warbler,WILW,93.00,96.00,33.0,t,lite
PC,WLNP-7-4,850,General Community Waterton Lakes National Park 2018,10,2018-06-15 05:18:00,85259,180,Setophaga petechia,Yellow Warbler,YEWA,93.00,96.00,26.7,t,lite
PC,WLNP-7-4,850,General Community Waterton Lakes National Park 2018,10,2018-06-15 05:18:00,85259,180,Setophaga aestiva,,,93.00,96.00,35.8,f,lite
PC,WLNP-7-4,850,General Community Waterton Lakes National Park 2018,10,2018-06-15 05:18:00,85259,180,Phylloscopus cantator,,,96.00,99.00,35.5,f,lite
PC,WLNP-7-4,850,General Community Waterton Lakes National Park 2018,10,2018-06-15 05:18:00,85259,180,Setophaga aestiva,,,114.00,117.00,25.9,f,lite
PC,WLNP-7-4,850,General Community Waterton Lakes National Park 2018,10,2018-06-15 05:18:00,85259,180,Cardellina rubrifrons,Red-faced Warbler,RFWA,114.00,117.00,34.7,t,lite
PC,WLNP-7-4,850,General Community Waterton Lakes National Park 2018,10,2018-06-15 05:18:00,85259,180,Setophaga aestiva,,,120.00,123.00,25.8,f,lite
PC,WLNP-7-4,850,General Community Waterton Lakes National Park 2018,10,2018-06-15 05:18:00,85259,180,Setophaga pensylvanica,Chestnut-sided Warbler,CSWA,123.00,126.00,27.8,t,lite
PC,WLNP-7-4,850,General Community Waterton Lakes National Park 2018,10,2018-06-15 05:18:00,85259,180,Setophaga petechia,Yellow Warbler,YEWA,123.00,126.00,27.4,t,lite
PC,WLNP-7-4,850,General Community Waterton Lakes National Park 2018,10,2018-06-15 05:18:00,85259,180,Setophaga aestiva,,,123.00,126.00,33.0,f,lite
PC,WLNP-7-4,850,General Community Waterton Lakes National Park 2018,10,2018-06-15 05:18:00,85259,180,Cardellina rubrifrons,Red-faced Warbler,RFWA,123.00,126.00,25.0,t,lite
PC,WLNP-7-4,850,General Community Waterton Lakes National Park 2018,10,2018-06-15 05:18:00,85259,180,Cardellina rubrifrons,Red-faced Warbler,RFWA,129.00,132.00,38.9,t,lite
PC,WLNP-7-4,850,General Community Waterton Lakes National Park 2018,10,2018-06-15 05:18:00,85259,180,Setophaga petechia,Yellow Warbler,YEWA,144.00,147.00,29.7,t,lite
PC,WLNP-7-4,850,General Community Waterton Lakes National Park 2018,10,2018-06-15 05:18:00,85259,180,Cardellina rubrifrons,Red-faced Warbler,RFWA,150.00,153.00,32.4,t,lite
PC,WLNP-7-4,850,General Community Waterton Lakes National Park 2018,10,2018-06-15 05:18:00,85259,180,Cardellina canadensis,Canada Warbler,CAWA,156.00,159.00,26.6,t,lite
PC,WLNP-7-4,850,General Community Waterton Lakes National Park 2018,10,2018-06-15 05:18:00,85259,180,Cardellina rubrifrons,Red-faced Warbler,RFWA,156.00,159.00,36.5,t,lite
PC,WLNP-7-4,850,General Community Waterton Lakes National Park 2018,10,2018-06-15 05:18:00,85259,180,Cardellina rubrifrons,Red-faced Warbler,RFWA,162.00,165.00,28.5,t,lite
PC,WLNP-7-4,850,General Community Waterton Lakes National Park 2018,10,2018-06-15 05:18:00,85259,180,Setophaga petechia,Yellow Warbler,YEWA,162.00,165.00,29.5,t,lite
PC,WLNP-7-4,850,General Community Waterton Lakes National Park 2018,10,2018-06-15 05:18:00,85259,180,Setophaga aestiva,,,162.00,165.00,36.8,f,lite
PC,WLNP-7-4,850,General Community Waterton Lakes National Park 2018,10,2018-06-15 05:18:00,85259,180,Atlapetes flaviceps,,,165.00,168.00,44.6,f,lite
PC,WLNP-7-4,850,General Community Waterton Lakes National Park 2018,10,2018-06-15 05:18:00,85259,180,Basileuterus rufifrons,Rufous-capped Warbler,RCWA,165.00,168.00,37.3,t,lite
PC,WLNP-7-4,850,General Community Waterton Lakes National Park 2018,10,2018-06-15 05:18:00,85259,180,Phylloscopus claudiae,,,165.00,168.00,38.0,f,lite
PC,WLNP-7-4,850,General Community Waterton Lakes National Park 2018,10,2018-06-15 05:18:00,85259,180,Setophaga ruticilla,American Redstart,AMRE,168.00,171.00,58.3,t,lite
PC,WLNP-7-4,850,General Community Waterton Lakes National Park 2018,10,2018-06-15 05:18:00,85259,180,Phylloscopus cantator,,,168.00,171.00,35.0,f,lite
PC,WLNP-7-4,850,General Community Waterton Lakes National Park 2018,10,2018-06-15 05:18:00,85259,180,Setophaga petechia,Yellow Warbler,YEWA,171.00,174.00,38.1,t,lite
PC,WLNP-7-4,850,General Community Waterton Lakes National Park 2018,10,2018-06-15 05:18:00,85259,180,Setophaga aestiva,,,171.00,174.00,36.6,f,lite
PC,WLNP-7-4,850,General Community Waterton Lakes National Park 2018,10,2018-06-15 05:18:00,85259,180,Setophaga petechia,Yellow Warbler,YEWA,177.00,180.00,55.6,t,lite
PC,WLNP-7-4,850,General Community Waterton Lakes National Park 2018,10,2018-06-15 05:18:00,85259,180,Setophaga aestiva,,,177.00,180.00,59.4,f,lite
PC,WLNP-7-5,865,General Community Waterton Lakes National Park 2018,10,2018-06-08 21:39:00,7037,180,Catharus ustulatus,Swainson's Thrush,SWTH,33.00,36.00,26.3,t,lite
PC,WLNP-7-5,865,General Community Waterton Lakes National Park 2018,10,2018-06-08 21:39:00,7037,180,Catharus ustulatus,Swainson's Thrush,SWTH,36.00,39.00,27.2,t,lite
PC,WLNP-7-5,865,General Community Waterton Lakes National Park 2018,10,2018-06-08 21:39:00,7037,180,Catharus ustulatus,Swainson's Thrush,SWTH,51.00,54.00,31.1,t,lite
PC,WLNP-7-5,865,General Community Waterton Lakes National Park 2018,10,2018-06-08 21:39:00,7037,180,Chordeiles minor,Common Nighthawk,CONI,90.00,93.00,25.8,t,lite
PC,WLNP-7-5,865,General Community Waterton Lakes National Park 2018,10,2018-06-10 04:49:00,6960,180,*NOT GENERATED/FOUND*,,,,,,f,lite
PC,WLNP-7-5,865,General Community Waterton Lakes National Park 2018,10,2018-06-11 04:48:00,85260,180,*NOT GENERATED/FOUND*,,,,,,f,lite
PC,WLNP-7-5,865,General Community Waterton Lakes National Park 2018,10,2018-06-13 04:48:00,85261,180,*NOT GENERATED/FOUND*,,,,,,f,lite
PC,WLNP-7-5,865,General Community Waterton Lakes National Park 2018,10,2018-06-14 04:48:00,7063,180,*NOT GENERATED/FOUND*,,,,,,f,lite
PC,WLNP-7-5,865,General Community Waterton Lakes National Park 2018,10,2018-06-15 05:18:00,6984,180,Turdus chrysolaus,,,21.00,24.00,25.9,f,lite
PC,WLNP-7-5,865,General Community Waterton Lakes National Park 2018,10,2018-06-15 05:18:00,6984,180,Phylloscopus trochiloides,Greenish Warbler,PHYTRO,48.00,51.00,26.6,t,lite
PC,WLNP-7-5,865,General Community Waterton Lakes National Park 2018,10,2018-06-15 05:18:00,6984,180,Vireo gilvus,Warbling Vireo,WAVI,114.00,117.00,32.2,t,lite
PC,WLNP-7-5,865,General Community Waterton Lakes National Park 2018,10,2018-06-15 05:18:00,6984,180,Turdus cardis,,,132.00,135.00,26.6,f,lite
PC,WLNP-7-5,865,General Community Waterton Lakes National Park 2018,10,2018-06-15 05:18:00,6984,180,Turdus cardis,,,138.00,141.00,32.7,f,lite
PC,WLNP-7-5,865,General Community Waterton Lakes National Park 2018,10,2018-06-15 05:18:00,6984,180,Turdus migratorius,American Robin,AMRO,138.00,141.00,27.4,t,lite
PC,WLNP-7-5,865,General Community Waterton Lakes National Park 2018,10,2018-06-15 05:18:00,6984,180,Turdus ignobilis,,,144.00,147.00,31.3,f,lite
PC,WLNP-7-5,865,General Community Waterton Lakes National Park 2018,10,2018-06-15 05:18:00,6984,180,Turdus amaurochalinus,,,144.00,147.00,32.1,f,lite
PC,WLNP-7-5,865,General Community Waterton Lakes National Park 2018,10,2018-06-15 05:18:00,6984,180,Turdus cardis,,,144.00,147.00,29.3,f,lite
PC,WLNP-7-5,865,General Community Waterton Lakes National Park 2018,10,2018-06-15 05:18:00,6984,180,Turdus migratorius,American Robin,AMRO,144.00,147.00,30.6,t,lite
PC,WLNP-7-5,865,General Community Waterton Lakes National Park 2018,10,2018-06-15 05:18:00,6984,180,Turdus amaurochalinus,,,153.00,156.00,28.0,f,lite
PC,WLNP-7-5,865,General Community Waterton Lakes National Park 2018,10,2018-06-15 05:18:00,6984,180,Turdus migratorius,American Robin,AMRO,153.00,156.00,59.9,t,lite
PC,WLNP-7-5,865,General Community Waterton Lakes National Park 2018,10,2018-06-15 05:18:00,6984,180,Turdus ignobilis,,,153.00,156.00,47.2,f,lite
PC,WLNP-7-5,865,General Community Waterton Lakes National Park 2018,10,2018-06-15 05:18:00,6984,180,Turdus ignobilis,,,159.00,162.00,50.0,f,lite
PC,WLNP-7-5,865,General Community Waterton Lakes National Park 2018,10,2018-06-15 05:18:00,6984,180,Turdus migratorius,American Robin,AMRO,159.00,162.00,39.8,t,lite
PC,WLNP-7-5,865,General Community Waterton Lakes National Park 2018,10,2018-06-15 05:18:00,6984,180,Turdus cardis,,,162.00,165.00,28.9,f,lite
PC,WLNP-7-5,865,General Community Waterton Lakes National Park 2018,10,2018-06-15 05:18:00,6984,180,Turdus viscivorus,Mistle Thrush,MITH,162.00,165.00,26.1,t,lite
PC,WLNP-7-5,865,General Community Waterton Lakes National Park 2018,10,2018-06-15 05:18:00,6984,180,Turdus amaurochalinus,,,165.00,168.00,49.4,f,lite
PC,WLNP-7-5,865,General Community Waterton Lakes National Park 2018,10,2018-06-15 05:18:00,6984,180,Turdus ignobilis,,,165.00,168.00,57.4,f,lite
PC,WLNP-7-5,865,General Community Waterton Lakes National Park 2018,10,2018-06-15 05:18:00,6984,180,Turdus migratorius,American Robin,AMRO,165.00,168.00,59.5,t,lite
PC,WLNP-7-5,865,General Community Waterton Lakes National Park 2018,10,2018-06-15 05:18:00,6984,180,Bombycilla cedrorum,Cedar Waxwing,CEDW,171.00,174.00,51.1,t,lite
PC,WLNP-7-5,865,General Community Waterton Lakes National Park 2018,10,2018-06-15 05:18:00,6984,180,Turdus ignobilis,,,174.00,177.00,30.8,f,lite
PC,WLNP-7-5,865,General Community Waterton Lakes National Park 2018,10,2018-06-15 05:18:00,6984,180,Turdus pelios,,,174.00,177.00,34.8,f,lite
PC,WLNP-7-5,865,General Community Waterton Lakes National Park 2018,10,2018-06-15 05:18:00,6984,180,Turdus migratorius,American Robin,AMRO,174.00,177.00,26.7,t,lite
PC,WLNP-7-5,865,General Community Waterton Lakes National Park 2018,10,2018-06-15 05:18:00,6984,180,Turdus philomelos,Song Thrush,SOTH,177.00,180.00,27.4,t,lite
PC,WLNP-7-5,865,General Community Waterton Lakes National Park 2018,10,2018-06-15 05:18:00,6984,180,Turdus ignobilis,,,177.00,180.00,36.7,f,lite
PC,WLNP-7-5,865,General Community Waterton Lakes National Park 2018,10,2018-06-15 05:18:00,6984,180,Turdus cardis,,,177.00,180.00,29.0,f,lite
PC,WLNP-7-5,865,General Community Waterton Lakes National Park 2018,10,2018-06-15 05:18:00,6984,180,Turdus migratorius,American Robin,AMRO,177.00,180.00,46.0,t,lite
PC,WLNP-7-5,865,General Community Waterton Lakes National Park 2018,10,2018-06-15 05:18:00,6984,180,Turdus pallidus,,,177.00,180.00,26.8,f,lite
PC,WLNP-8-1,866,General Community Waterton Lakes National Park 2018,10,2018-06-27 04:50:00,7053,180,Catharus ustulatus,Swainson's Thrush,SWTH,0.00,3.00,77.3,t,lite
PC,WLNP-8-1,866,General Community Waterton Lakes National Park 2018,10,2018-06-27 04:50:00,7053,180,Catharus ustulatus,Swainson's Thrush,SWTH,6.00,9.00,63.2,t,lite
PC,WLNP-8-1,866,General Community Waterton Lakes National Park 2018,10,2018-06-27 04:50:00,7053,180,Empidonax oberholseri,Dusky Flycatcher,DUFL,9.00,12.00,26.9,t,lite
PC,WLNP-8-1,866,General Community Waterton Lakes National Park 2018,10,2018-06-27 04:50:00,7053,180,Catharus ustulatus,Swainson's Thrush,SWTH,12.00,15.00,61.3,t,lite
PC,WLNP-8-1,866,General Community Waterton Lakes National Park 2018,10,2018-06-27 04:50:00,7053,180,Phylloscopus trochiloides,Greenish Warbler,PHYTRO,15.00,18.00,25.9,t,lite
PC,WLNP-8-1,866,General Community Waterton Lakes National Park 2018,10,2018-06-27 04:50:00,7053,180,Catharus ustulatus,Swainson's Thrush,SWTH,18.00,21.00,64.4,t,lite
PC,WLNP-8-1,866,General Community Waterton Lakes National Park 2018,10,2018-06-27 04:50:00,7053,180,Catharus ustulatus,Swainson's Thrush,SWTH,24.00,27.00,30.9,t,lite
PC,WLNP-8-1,866,General Community Waterton Lakes National Park 2018,10,2018-06-27 04:50:00,7053,180,Catharus ustulatus,Swainson's Thrush,SWTH,27.00,30.00,45.4,t,lite
PC,WLNP-8-1,866,General Community Waterton Lakes National Park 2018,10,2018-06-27 04:50:00,7053,180,Catharus ustulatus,Swainson's Thrush,SWTH,33.00,36.00,78.6,t,lite
PC,WLNP-8-1,866,General Community Waterton Lakes National Park 2018,10,2018-06-27 04:50:00,7053,180,Empidonax oberholseri,Dusky Flycatcher,DUFL,36.00,39.00,29.8,t,lite
PC,WLNP-8-1,866,General Community Waterton Lakes National Park 2018,10,2018-06-27 04:50:00,7053,180,Catharus ustulatus,Swainson's Thrush,SWTH,39.00,42.00,64.0,t,lite
PC,WLNP-8-1,866,General Community Waterton Lakes National Park 2018,10,2018-06-27 04:50:00,7053,180,Catharus ustulatus,Swainson's Thrush,SWTH,45.00,48.00,69.8,t,lite
PC,WLNP-8-1,866,General Community Waterton Lakes National Park 2018,10,2018-06-27 04:50:00,7053,180,Empidonax oberholseri,Dusky Flycatcher,DUFL,48.00,51.00,28.8,t,lite
PC,WLNP-8-1,866,General Community Waterton Lakes National Park 2018,10,2018-06-27 04:50:00,7053,180,Loxops mana,Hawaii Creeper,HCRE,48.00,51.00,25.8,t,lite
PC,WLNP-8-1,866,General Community Waterton Lakes National Park 2018,10,2018-06-27 04:50:00,7053,180,Catharus ustulatus,Swainson's Thrush,SWTH,51.00,54.00,71.5,t,lite
PC,WLNP-8-1,866,General Community Waterton Lakes National Park 2018,10,2018-06-27 04:50:00,7053,180,Catharus ustulatus,Swainson's Thrush,SWTH,54.00,57.00,34.3,t,lite
PC,WLNP-8-1,866,General Community Waterton Lakes National Park 2018,10,2018-06-27 04:50:00,7053,180,Henicorhina leucophrys,Gray-breasted Wood-Wren,GBWW,54.00,57.00,25.6,t,lite
PC,WLNP-8-1,866,General Community Waterton Lakes National Park 2018,10,2018-06-27 04:50:00,7053,180,Catharus ustulatus,Swainson's Thrush,SWTH,60.00,63.00,61.3,t,lite
PC,WLNP-8-1,866,General Community Waterton Lakes National Park 2018,10,2018-06-27 04:50:00,7053,180,Empidonax oberholseri,Dusky Flycatcher,DUFL,63.00,66.00,25.1,t,lite
PC,WLNP-8-1,866,General Community Waterton Lakes National Park 2018,10,2018-06-27 04:50:00,7053,180,Catharus ustulatus,Swainson's Thrush,SWTH,66.00,69.00,65.4,t,lite
PC,WLNP-8-1,866,General Community Waterton Lakes National Park 2018,10,2018-06-27 04:50:00,7053,180,Catharus ustulatus,Swainson's Thrush,SWTH,72.00,75.00,41.4,t,lite
PC,WLNP-8-1,866,General Community Waterton Lakes National Park 2018,10,2018-06-27 04:50:00,7053,180,Empidonax oberholseri,Dusky Flycatcher,DUFL,75.00,78.00,27.3,t,lite
PC,WLNP-8-1,866,General Community Waterton Lakes National Park 2018,10,2018-06-27 04:50:00,7053,180,Catharus ustulatus,Swainson's Thrush,SWTH,78.00,81.00,70.2,t,lite
PC,WLNP-8-1,866,General Community Waterton Lakes National Park 2018,10,2018-06-27 04:50:00,7053,180,Empidonax oberholseri,Dusky Flycatcher,DUFL,81.00,84.00,29.4,t,lite
PC,WLNP-8-1,866,General Community Waterton Lakes National Park 2018,10,2018-06-27 04:50:00,7053,180,Catharus ustulatus,Swainson's Thrush,SWTH,84.00,87.00,26.0,t,lite
PC,WLNP-8-1,866,General Community Waterton Lakes National Park 2018,10,2018-06-27 04:50:00,7053,180,Empidonax oberholseri,Dusky Flycatcher,DUFL,87.00,90.00,25.9,t,lite
PC,WLNP-8-1,866,General Community Waterton Lakes National Park 2018,10,2018-06-27 04:50:00,7053,180,Catharus ustulatus,Swainson's Thrush,SWTH,90.00,93.00,63.9,t,lite
PC,WLNP-8-1,866,General Community Waterton Lakes National Park 2018,10,2018-06-27 04:50:00,7053,180,Empidonax oberholseri,Dusky Flycatcher,DUFL,99.00,102.00,25.8,t,lite
PC,WLNP-8-1,866,General Community Waterton Lakes National Park 2018,10,2018-06-27 04:50:00,7053,180,Catharus ustulatus,Swainson's Thrush,SWTH,147.00,150.00,26.3,t,lite
PC,WLNP-8-1,866,General Community Waterton Lakes National Park 2018,10,2018-06-27 04:50:00,7053,180,Catharus ustulatus,Swainson's Thrush,SWTH,165.00,168.00,26.7,t,lite
PC,WLNP-8-1,866,General Community Waterton Lakes National Park 2018,10,2018-06-27 04:50:00,7053,180,Empidonax oberholseri,Dusky Flycatcher,DUFL,174.00,177.00,45.7,t,lite
PC,WLNP-8-1,866,General Community Waterton Lakes National Park 2018,10,2018-06-28 04:51:00,7038,180,Catharus ustulatus,Swainson's Thrush,SWTH,3.00,6.00,58.8,t,lite
PC,WLNP-8-1,866,General Community Waterton Lakes National Park 2018,10,2018-06-28 04:51:00,7038,180,Catharus ustulatus,Swainson's Thrush,SWTH,12.00,15.00,29.9,t,lite
PC,WLNP-8-1,866,General Community Waterton Lakes National Park 2018,10,2018-06-28 04:51:00,7038,180,Vireo gilvus,Warbling Vireo,WAVI,18.00,21.00,25.4,t,lite
PC,WLNP-8-1,866,General Community Waterton Lakes National Park 2018,10,2018-06-28 04:51:00,7038,180,Catharus ustulatus,Swainson's Thrush,SWTH,18.00,21.00,46.4,t,lite
PC,WLNP-8-1,866,General Community Waterton Lakes National Park 2018,10,2018-06-28 04:51:00,7038,180,Catharus ustulatus,Swainson's Thrush,SWTH,24.00,27.00,37.4,t,lite
PC,WLNP-8-1,866,General Community Waterton Lakes National Park 2018,10,2018-06-28 04:51:00,7038,180,Phylloscopus sarasinorum,,,27.00,30.00,26.2,f,lite
PC,WLNP-8-1,866,General Community Waterton Lakes National Park 2018,10,2018-06-28 04:51:00,7038,180,Catharus ustulatus,Swainson's Thrush,SWTH,27.00,30.00,30.3,t,lite
PC,WLNP-8-1,866,General Community Waterton Lakes National Park 2018,10,2018-06-28 04:51:00,7038,180,Phylloscopus sarasinorum,,,33.00,36.00,35.3,f,lite
PC,WLNP-8-1,866,General Community Waterton Lakes National Park 2018,10,2018-06-28 04:51:00,7038,180,Catharus ustulatus,Swainson's Thrush,SWTH,33.00,36.00,32.0,t,lite
PC,WLNP-8-1,866,General Community Waterton Lakes National Park 2018,10,2018-06-28 04:51:00,7038,180,Catharus ustulatus,Swainson's Thrush,SWTH,48.00,51.00,29.8,t,lite
PC,WLNP-8-1,866,General Community Waterton Lakes National Park 2018,10,2018-06-28 04:51:00,7038,180,Catharus ustulatus,Swainson's Thrush,SWTH,54.00,57.00,32.0,t,lite
PC,WLNP-8-1,866,General Community Waterton Lakes National Park 2018,10,2018-06-28 04:51:00,7038,180,Catharus ustulatus,Swainson's Thrush,SWTH,57.00,60.00,32.1,t,lite
PC,WLNP-8-1,866,General Community Waterton Lakes National Park 2018,10,2018-06-28 04:51:00,7038,180,Catharus ustulatus,Swainson's Thrush,SWTH,63.00,66.00,33.8,t,lite
PC,WLNP-8-1,866,General Community Waterton Lakes National Park 2018,10,2018-06-28 04:51:00,7038,180,Vireo gilvus,Warbling Vireo,WAVI,69.00,72.00,27.5,t,lite
PC,WLNP-8-1,866,General Community Waterton Lakes National Park 2018,10,2018-06-28 04:51:00,7038,180,Catharus ustulatus,Swainson's Thrush,SWTH,69.00,72.00,45.8,t,lite
PC,WLNP-8-1,866,General Community Waterton Lakes National Park 2018,10,2018-06-28 04:51:00,7038,180,Phylloscopus sarasinorum,,,72.00,75.00,27.9,f,lite
PC,WLNP-8-1,866,General Community Waterton Lakes National Park 2018,10,2018-06-28 04:51:00,7038,180,Catharus ustulatus,Swainson's Thrush,SWTH,72.00,75.00,44.2,t,lite
PC,WLNP-8-1,866,General Community Waterton Lakes National Park 2018,10,2018-06-28 04:51:00,7038,180,Empidonax oberholseri,Dusky Flycatcher,DUFL,75.00,78.00,25.2,t,lite
PC,WLNP-8-1,866,General Community Waterton Lakes National Park 2018,10,2018-06-28 04:51:00,7038,180,Vireo gilvus,Warbling Vireo,WAVI,78.00,81.00,25.7,t,lite
PC,WLNP-8-1,866,General Community Waterton Lakes National Park 2018,10,2018-06-28 04:51:00,7038,180,Catharus ustulatus,Swainson's Thrush,SWTH,78.00,81.00,27.7,t,lite
PC,WLNP-8-1,866,General Community Waterton Lakes National Park 2018,10,2018-06-28 04:51:00,7038,180,Catharus ustulatus,Swainson's Thrush,SWTH,84.00,87.00,41.5,t,lite
PC,WLNP-8-1,866,General Community Waterton Lakes National Park 2018,10,2018-06-28 04:51:00,7038,180,Catharus ustulatus,Swainson's Thrush,SWTH,87.00,90.00,28.8,t,lite
PC,WLNP-8-1,866,General Community Waterton Lakes National Park 2018,10,2018-06-28 04:51:00,7038,180,Catharus ustulatus,Swainson's Thrush,SWTH,93.00,96.00,54.6,t,lite
PC,WLNP-8-1,866,General Community Waterton Lakes National Park 2018,10,2018-06-28 04:51:00,7038,180,Catharus ustulatus,Swainson's Thrush,SWTH,99.00,102.00,54.6,t,lite
PC,WLNP-8-1,866,General Community Waterton Lakes National Park 2018,10,2018-06-28 04:51:00,7038,180,Catharus ustulatus,Swainson's Thrush,SWTH,108.00,111.00,72.1,t,lite
PC,WLNP-8-1,866,General Community Waterton Lakes National Park 2018,10,2018-06-28 04:51:00,7038,180,Catharus ustulatus,Swainson's Thrush,SWTH,114.00,117.00,79.8,t,lite
PC,WLNP-8-1,866,General Community Waterton Lakes National Park 2018,10,2018-06-28 04:51:00,7038,180,Henicorhina leucophrys,Gray-breasted Wood-Wren,GBWW,117.00,120.00,25.3,t,lite
PC,WLNP-8-1,866,General Community Waterton Lakes National Park 2018,10,2018-06-28 04:51:00,7038,180,Catharus ustulatus,Swainson's Thrush,SWTH,120.00,123.00,33.1,t,lite
PC,WLNP-8-1,866,General Community Waterton Lakes National Park 2018,10,2018-06-28 04:51:00,7038,180,Catharus ustulatus,Swainson's Thrush,SWTH,123.00,126.00,60.5,t,lite
PC,WLNP-8-1,866,General Community Waterton Lakes National Park 2018,10,2018-06-28 04:51:00,7038,180,Phylloscopus sarasinorum,,,123.00,126.00,25.5,f,lite
PC,WLNP-8-1,866,General Community Waterton Lakes National Park 2018,10,2018-06-28 04:51:00,7038,180,Catharus ustulatus,Swainson's Thrush,SWTH,129.00,132.00,63.2,t,lite
PC,WLNP-8-1,866,General Community Waterton Lakes National Park 2018,10,2018-06-28 04:51:00,7038,180,Catharus ustulatus,Swainson's Thrush,SWTH,138.00,141.00,53.6,t,lite
PC,WLNP-8-1,866,General Community Waterton Lakes National Park 2018,10,2018-06-28 04:51:00,7038,180,Catharus ustulatus,Swainson's Thrush,SWTH,144.00,147.00,51.0,t,lite
PC,WLNP-8-1,866,General Community Waterton Lakes National Park 2018,10,2018-06-28 04:51:00,7038,180,Catharus ustulatus,Swainson's Thrush,SWTH,150.00,153.00,25.9,t,lite
PC,WLNP-8-1,866,General Community Waterton Lakes National Park 2018,10,2018-06-28 04:51:00,7038,180,Catharus ustulatus,Swainson's Thrush,SWTH,159.00,162.00,54.6,t,lite
PC,WLNP-8-1,866,General Community Waterton Lakes National Park 2018,10,2018-06-28 04:51:00,7038,180,Catharus ustulatus,Swainson's Thrush,SWTH,165.00,168.00,41.3,t,lite
PC,WLNP-8-1,866,General Community Waterton Lakes National Park 2018,10,2018-06-28 04:51:00,7038,180,Catharus ustulatus,Swainson's Thrush,SWTH,171.00,174.00,33.1,t,lite
PC,WLNP-8-1,866,General Community Waterton Lakes National Park 2018,10,2018-07-03 05:24:00,6969,180,Piranga bidentata,Flame-colored Tanager,FCTA,0.00,3.00,51.5,t,lite
PC,WLNP-8-1,866,General Community Waterton Lakes National Park 2018,10,2018-07-03 05:24:00,6969,180,Piranga ludoviciana,Western Tanager,WETA,0.00,3.00,53.5,t,lite
PC,WLNP-8-1,866,General Community Waterton Lakes National Park 2018,10,2018-07-03 05:24:00,6969,180,Piranga bidentata,Flame-colored Tanager,FCTA,3.00,6.00,40.1,t,lite
PC,WLNP-8-1,866,General Community Waterton Lakes National Park 2018,10,2018-07-03 05:24:00,6969,180,Piranga ludoviciana,Western Tanager,WETA,3.00,6.00,26.1,t,lite
PC,WLNP-8-1,866,General Community Waterton Lakes National Park 2018,10,2018-07-03 05:24:00,6969,180,Piranga bidentata,Flame-colored Tanager,FCTA,9.00,12.00,46.3,t,lite
PC,WLNP-8-1,866,General Community Waterton Lakes National Park 2018,10,2018-07-03 05:24:00,6969,180,Piranga ludoviciana,Western Tanager,WETA,9.00,12.00,27.5,t,lite
PC,WLNP-8-1,866,General Community Waterton Lakes National Park 2018,10,2018-07-03 05:24:00,6969,180,Piranga ludoviciana,Western Tanager,WETA,12.00,15.00,54.6,t,lite
PC,WLNP-8-1,866,General Community Waterton Lakes National Park 2018,10,2018-07-03 05:24:00,6969,180,Piranga bidentata,Flame-colored Tanager,FCTA,12.00,15.00,63.4,t,lite
PC,WLNP-8-1,866,General Community Waterton Lakes National Park 2018,10,2018-07-03 05:24:00,6969,180,Piranga ludoviciana,Western Tanager,WETA,15.00,18.00,68.9,t,lite
PC,WLNP-8-1,866,General Community Waterton Lakes National Park 2018,10,2018-07-03 05:24:00,6969,180,Piranga bidentata,Flame-colored Tanager,FCTA,15.00,18.00,49.5,t,lite
PC,WLNP-8-1,866,General Community Waterton Lakes National Park 2018,10,2018-07-03 05:24:00,6969,180,Piranga ludoviciana,Western Tanager,WETA,18.00,21.00,55.8,t,lite
PC,WLNP-8-1,866,General Community Waterton Lakes National Park 2018,10,2018-07-03 05:24:00,6969,180,Piranga bidentata,Flame-colored Tanager,FCTA,18.00,21.00,33.0,t,lite
PC,WLNP-8-1,866,General Community Waterton Lakes National Park 2018,10,2018-07-03 05:24:00,6969,180,Piranga bidentata,Flame-colored Tanager,FCTA,21.00,24.00,28.6,t,lite
PC,WLNP-8-1,866,General Community Waterton Lakes National Park 2018,10,2018-07-03 05:24:00,6969,180,Piranga ludoviciana,Western Tanager,WETA,21.00,24.00,25.2,t,lite
PC,WLNP-8-1,866,General Community Waterton Lakes National Park 2018,10,2018-07-03 05:24:00,6969,180,Piranga bidentata,Flame-colored Tanager,FCTA,24.00,27.00,59.6,t,lite
PC,WLNP-8-1,866,General Community Waterton Lakes National Park 2018,10,2018-07-03 05:24:00,6969,180,Piranga ludoviciana,Western Tanager,WETA,24.00,27.00,71.3,t,lite
PC,WLNP-8-1,866,General Community Waterton Lakes National Park 2018,10,2018-07-03 05:24:00,6969,180,Piranga bidentata,Flame-colored Tanager,FCTA,27.00,30.00,55.1,t,lite
PC,WLNP-8-1,866,General Community Waterton Lakes National Park 2018,10,2018-07-03 05:24:00,6969,180,Piranga ludoviciana,Western Tanager,WETA,27.00,30.00,55.7,t,lite
PC,WLNP-8-1,866,General Community Waterton Lakes National Park 2018,10,2018-07-03 05:24:00,6969,180,Piranga bidentata,Flame-colored Tanager,FCTA,30.00,33.00,42.4,t,lite
PC,WLNP-8-1,866,General Community Waterton Lakes National Park 2018,10,2018-07-03 05:24:00,6969,180,Piranga ludoviciana,Western Tanager,WETA,30.00,33.00,30.5,t,lite
PC,WLNP-8-1,866,General Community Waterton Lakes National Park 2018,10,2018-07-03 05:24:00,6969,180,Piranga ludoviciana,Western Tanager,WETA,33.00,36.00,46.7,t,lite
PC,WLNP-8-1,866,General Community Waterton Lakes National Park 2018,10,2018-07-03 05:24:00,6969,180,Piranga bidentata,Flame-colored Tanager,FCTA,33.00,36.00,30.8,t,lite
PC,WLNP-8-1,866,General Community Waterton Lakes National Park 2018,10,2018-07-03 05:24:00,6969,180,Piranga ludoviciana,Western Tanager,WETA,36.00,39.00,66.7,t,lite
PC,WLNP-8-1,866,General Community Waterton Lakes National Park 2018,10,2018-07-03 05:24:00,6969,180,Piranga bidentata,Flame-colored Tanager,FCTA,36.00,39.00,39.7,t,lite
PC,WLNP-8-1,866,General Community Waterton Lakes National Park 2018,10,2018-07-03 05:24:00,6969,180,Piranga bidentata,Flame-colored Tanager,FCTA,39.00,42.00,51.2,t,lite
PC,WLNP-8-1,866,General Community Waterton Lakes National Park 2018,10,2018-07-03 05:24:00,6969,180,Piranga ludoviciana,Western Tanager,WETA,39.00,42.00,45.6,t,lite
PC,WLNP-8-1,866,General Community Waterton Lakes National Park 2018,10,2018-07-03 05:24:00,6969,180,Piranga ludoviciana,Western Tanager,WETA,42.00,45.00,35.0,t,lite
PC,WLNP-8-1,866,General Community Waterton Lakes National Park 2018,10,2018-07-03 05:24:00,6969,180,Piranga bidentata,Flame-colored Tanager,FCTA,42.00,45.00,44.0,t,lite
PC,WLNP-8-1,866,General Community Waterton Lakes National Park 2018,10,2018-07-03 05:24:00,6969,180,Piranga bidentata,Flame-colored Tanager,FCTA,45.00,48.00,60.0,t,lite
PC,WLNP-8-1,866,General Community Waterton Lakes National Park 2018,10,2018-07-03 05:24:00,6969,180,Piranga ludoviciana,Western Tanager,WETA,45.00,48.00,61.4,t,lite
PC,WLNP-8-1,866,General Community Waterton Lakes National Park 2018,10,2018-07-03 05:24:00,6969,180,Piranga bidentata,Flame-colored Tanager,FCTA,48.00,51.00,56.5,t,lite
PC,WLNP-8-1,866,General Community Waterton Lakes National Park 2018,10,2018-07-03 05:24:00,6969,180,Piranga ludoviciana,Western Tanager,WETA,48.00,51.00,46.7,t,lite
PC,WLNP-8-1,866,General Community Waterton Lakes National Park 2018,10,2018-07-03 05:24:00,6969,180,Piranga ludoviciana,Western Tanager,WETA,51.00,54.00,73.4,t,lite
PC,WLNP-8-1,866,General Community Waterton Lakes National Park 2018,10,2018-07-03 05:24:00,6969,180,Piranga ludoviciana,Western Tanager,WETA,54.00,57.00,38.6,t,lite
PC,WLNP-8-1,866,General Community Waterton Lakes National Park 2018,10,2018-07-03 05:24:00,6969,180,Piranga bidentata,Flame-colored Tanager,FCTA,54.00,57.00,49.0,t,lite
PC,WLNP-8-1,866,General Community Waterton Lakes National Park 2018,10,2018-07-03 05:24:00,6969,180,Piranga ludoviciana,Western Tanager,WETA,57.00,60.00,54.6,t,lite
PC,WLNP-8-1,866,General Community Waterton Lakes National Park 2018,10,2018-07-03 05:24:00,6969,180,Piranga bidentata,Flame-colored Tanager,FCTA,57.00,60.00,39.1,t,lite
PC,WLNP-8-1,866,General Community Waterton Lakes National Park 2018,10,2018-07-03 05:24:00,6969,180,Piranga bidentata,Flame-colored Tanager,FCTA,60.00,63.00,26.9,t,lite
PC,WLNP-8-1,866,General Community Waterton Lakes National Park 2018,10,2018-07-03 05:24:00,6969,180,Piranga bidentata,Flame-colored Tanager,FCTA,63.00,66.00,40.5,t,lite
PC,WLNP-8-1,866,General Community Waterton Lakes National Park 2018,10,2018-07-03 05:24:00,6969,180,Piranga ludoviciana,Western Tanager,WETA,63.00,66.00,25.6,t,lite
PC,WLNP-8-1,866,General Community Waterton Lakes National Park 2018,10,2018-07-03 05:24:00,6969,180,Piranga ludoviciana,Western Tanager,WETA,66.00,69.00,52.6,t,lite
PC,WLNP-8-1,866,General Community Waterton Lakes National Park 2018,10,2018-07-03 05:24:00,6969,180,Piranga bidentata,Flame-colored Tanager,FCTA,66.00,69.00,30.2,t,lite
PC,WLNP-8-1,866,General Community Waterton Lakes National Park 2018,10,2018-07-03 05:24:00,6969,180,Piranga bidentata,Flame-colored Tanager,FCTA,69.00,72.00,57.2,t,lite
PC,WLNP-8-1,866,General Community Waterton Lakes National Park 2018,10,2018-07-03 05:24:00,6969,180,Piranga ludoviciana,Western Tanager,WETA,69.00,72.00,63.0,t,lite
PC,WLNP-8-1,866,General Community Waterton Lakes National Park 2018,10,2018-07-03 05:24:00,6969,180,Piranga olivacea,Scarlet Tanager,SCTA,69.00,72.00,27.5,t,lite
PC,WLNP-8-1,866,General Community Waterton Lakes National Park 2018,10,2018-07-03 05:24:00,6969,180,Piranga bidentata,Flame-colored Tanager,FCTA,72.00,75.00,64.3,t,lite
PC,WLNP-8-1,866,General Community Waterton Lakes National Park 2018,10,2018-07-03 05:24:00,6969,180,Piranga ludoviciana,Western Tanager,WETA,72.00,75.00,82.5,t,lite
PC,WLNP-8-1,866,General Community Waterton Lakes National Park 2018,10,2018-07-03 05:24:00,6969,180,Piranga bidentata,Flame-colored Tanager,FCTA,75.00,78.00,43.9,t,lite
PC,WLNP-8-1,866,General Community Waterton Lakes National Park 2018,10,2018-07-03 05:24:00,6969,180,Piranga ludoviciana,Western Tanager,WETA,78.00,81.00,40.0,t,lite
PC,WLNP-8-1,866,General Community Waterton Lakes National Park 2018,10,2018-07-03 05:24:00,6969,180,Piranga bidentata,Flame-colored Tanager,FCTA,78.00,81.00,44.5,t,lite
PC,WLNP-8-1,866,General Community Waterton Lakes National Park 2018,10,2018-07-03 05:24:00,6969,180,Piranga ludoviciana,Western Tanager,WETA,87.00,90.00,54.2,t,lite
PC,WLNP-8-1,866,General Community Waterton Lakes National Park 2018,10,2018-07-03 05:24:00,6969,180,Piranga ludoviciana,Western Tanager,WETA,90.00,93.00,32.0,t,lite
PC,WLNP-8-1,866,General Community Waterton Lakes National Park 2018,10,2018-07-03 05:24:00,6969,180,Piranga bidentata,Flame-colored Tanager,FCTA,90.00,93.00,39.6,t,lite
PC,WLNP-8-1,866,General Community Waterton Lakes National Park 2018,10,2018-07-03 05:24:00,6969,180,Piranga ludoviciana,Western Tanager,WETA,93.00,96.00,56.7,t,lite
PC,WLNP-8-1,866,General Community Waterton Lakes National Park 2018,10,2018-07-03 05:24:00,6969,180,Piranga bidentata,Flame-colored Tanager,FCTA,99.00,102.00,64.6,t,lite
PC,WLNP-8-1,866,General Community Waterton Lakes National Park 2018,10,2018-07-03 05:24:00,6969,180,Piranga ludoviciana,Western Tanager,WETA,99.00,102.00,59.1,t,lite
PC,WLNP-8-1,866,General Community Waterton Lakes National Park 2018,10,2018-07-03 05:24:00,6969,180,Piranga ludoviciana,Western Tanager,WETA,102.00,105.00,28.2,t,lite
PC,WLNP-8-1,866,General Community Waterton Lakes National Park 2018,10,2018-07-03 05:24:00,6969,180,Piranga bidentata,Flame-colored Tanager,FCTA,102.00,105.00,40.1,t,lite
PC,WLNP-8-1,866,General Community Waterton Lakes National Park 2018,10,2018-07-03 05:24:00,6969,180,Piranga ludoviciana,Western Tanager,WETA,105.00,108.00,41.1,t,lite
PC,WLNP-8-1,866,General Community Waterton Lakes National Park 2018,10,2018-07-03 05:24:00,6969,180,Piranga ludoviciana,Western Tanager,WETA,108.00,111.00,29.6,t,lite
PC,WLNP-8-1,866,General Community Waterton Lakes National Park 2018,10,2018-07-03 05:24:00,6969,180,Piranga bidentata,Flame-colored Tanager,FCTA,108.00,111.00,41.4,t,lite
PC,WLNP-8-1,866,General Community Waterton Lakes National Park 2018,10,2018-07-03 05:24:00,6969,180,Piranga bidentata,Flame-colored Tanager,FCTA,111.00,114.00,46.2,t,lite
PC,WLNP-8-1,866,General Community Waterton Lakes National Park 2018,10,2018-07-03 05:24:00,6969,180,Piranga ludoviciana,Western Tanager,WETA,111.00,114.00,63.9,t,lite
PC,WLNP-8-1,866,General Community Waterton Lakes National Park 2018,10,2018-07-03 05:24:00,6969,180,Piranga ludoviciana,Western Tanager,WETA,114.00,117.00,28.2,t,lite
PC,WLNP-8-1,866,General Community Waterton Lakes National Park 2018,10,2018-07-03 05:24:00,6969,180,Piranga ludoviciana,Western Tanager,WETA,117.00,120.00,62.2,t,lite
PC,WLNP-8-1,866,General Community Waterton Lakes National Park 2018,10,2018-07-03 05:24:00,6969,180,Piranga bidentata,Flame-colored Tanager,FCTA,117.00,120.00,60.7,t,lite
PC,WLNP-8-1,866,General Community Waterton Lakes National Park 2018,10,2018-07-03 05:24:00,6969,180,Piranga ludoviciana,Western Tanager,WETA,120.00,123.00,48.9,t,lite
PC,WLNP-8-1,866,General Community Waterton Lakes National Park 2018,10,2018-07-03 05:24:00,6969,180,Piranga bidentata,Flame-colored Tanager,FCTA,120.00,123.00,42.3,t,lite
PC,WLNP-8-1,866,General Community Waterton Lakes National Park 2018,10,2018-07-03 05:24:00,6969,180,Catharus ustulatus,Swainson's Thrush,SWTH,123.00,126.00,26.1,t,lite
PC,WLNP-8-1,866,General Community Waterton Lakes National Park 2018,10,2018-07-03 05:24:00,6969,180,Piranga bidentata,Flame-colored Tanager,FCTA,126.00,129.00,40.7,t,lite
PC,WLNP-8-1,866,General Community Waterton Lakes National Park 2018,10,2018-07-03 05:24:00,6969,180,Piranga ludoviciana,Western Tanager,WETA,126.00,129.00,46.0,t,lite
PC,WLNP-8-1,866,General Community Waterton Lakes National Park 2018,10,2018-07-03 05:24:00,6969,180,Piranga ludoviciana,Western Tanager,WETA,129.00,132.00,32.2,t,lite
PC,WLNP-8-1,866,General Community Waterton Lakes National Park 2018,10,2018-07-03 05:24:00,6969,180,Piranga bidentata,Flame-colored Tanager,FCTA,129.00,132.00,30.2,t,lite
PC,WLNP-8-1,866,General Community Waterton Lakes National Park 2018,10,2018-07-03 05:24:00,6969,180,Piranga bidentata,Flame-colored Tanager,FCTA,132.00,135.00,42.6,t,lite
PC,WLNP-8-1,866,General Community Waterton Lakes National Park 2018,10,2018-07-03 05:24:00,6969,180,Piranga bidentata,Flame-colored Tanager,FCTA,138.00,141.00,55.8,t,lite
PC,WLNP-8-1,866,General Community Waterton Lakes National Park 2018,10,2018-07-03 05:24:00,6969,180,Piranga ludoviciana,Western Tanager,WETA,138.00,141.00,43.0,t,lite
PC,WLNP-8-1,866,General Community Waterton Lakes National Park 2018,10,2018-07-03 05:24:00,6969,180,Piranga bidentata,Flame-colored Tanager,FCTA,141.00,144.00,33.4,t,lite
PC,WLNP-8-1,866,General Community Waterton Lakes National Park 2018,10,2018-07-03 05:24:00,6969,180,Piranga bidentata,Flame-colored Tanager,FCTA,150.00,153.00,39.7,t,lite
PC,WLNP-8-1,866,General Community Waterton Lakes National Park 2018,10,2018-07-03 05:24:00,6969,180,Piranga ludoviciana,Western Tanager,WETA,150.00,153.00,43.1,t,lite
PC,WLNP-8-1,866,General Community Waterton Lakes National Park 2018,10,2018-07-03 05:24:00,6969,180,Piranga bidentata,Flame-colored Tanager,FCTA,153.00,156.00,51.4,t,lite
PC,WLNP-8-1,866,General Community Waterton Lakes National Park 2018,10,2018-07-03 05:24:00,6969,180,Piranga ludoviciana,Western Tanager,WETA,153.00,156.00,36.1,t,lite
PC,WLNP-8-1,866,General Community Waterton Lakes National Park 2018,10,2018-07-03 05:24:00,6969,180,Piranga bidentata,Flame-colored Tanager,FCTA,156.00,159.00,49.9,t,lite
PC,WLNP-8-1,866,General Community Waterton Lakes National Park 2018,10,2018-07-03 05:24:00,6969,180,Piranga ludoviciana,Western Tanager,WETA,156.00,159.00,52.1,t,lite
PC,WLNP-8-1,866,General Community Waterton Lakes National Park 2018,10,2018-07-03 05:24:00,6969,180,Piranga bidentata,Flame-colored Tanager,FCTA,159.00,162.00,35.8,t,lite
PC,WLNP-8-1,866,General Community Waterton Lakes National Park 2018,10,2018-07-03 05:24:00,6969,180,Piranga ludoviciana,Western Tanager,WETA,162.00,165.00,25.5,t,lite
PC,WLNP-8-1,866,General Community Waterton Lakes National Park 2018,10,2018-07-03 05:24:00,6969,180,Piranga bidentata,Flame-colored Tanager,FCTA,162.00,165.00,40.2,t,lite
PC,WLNP-8-1,866,General Community Waterton Lakes National Park 2018,10,2018-07-03 05:24:00,6969,180,Piranga ludoviciana,Western Tanager,WETA,168.00,171.00,46.9,t,lite
PC,WLNP-8-1,866,General Community Waterton Lakes National Park 2018,10,2018-07-03 05:24:00,6969,180,Piranga bidentata,Flame-colored Tanager,FCTA,168.00,171.00,44.1,t,lite
PC,WLNP-8-1,866,General Community Waterton Lakes National Park 2018,10,2018-07-03 05:24:00,6969,180,Piranga bidentata,Flame-colored Tanager,FCTA,171.00,174.00,32.0,t,lite
PC,WLNP-8-1,866,General Community Waterton Lakes National Park 2018,10,2018-07-03 05:24:00,6969,180,Calliope pectardens,,,171.00,174.00,28.7,f,lite
PC,WLNP-8-1,866,General Community Waterton Lakes National Park 2018,10,2018-07-03 05:24:00,6969,180,Piranga bidentata,Flame-colored Tanager,FCTA,174.00,177.00,48.0,t,lite
PC,WLNP-8-1,866,General Community Waterton Lakes National Park 2018,10,2018-07-03 05:24:00,6969,180,Piranga ludoviciana,Western Tanager,WETA,174.00,177.00,36.4,t,lite
PC,WLNP-8-1,866,General Community Waterton Lakes National Park 2018,10,2018-07-03 05:24:00,6969,180,Piranga bidentata,Flame-colored Tanager,FCTA,177.00,180.00,26.1,t,lite
PC,WLNP-8-1,866,General Community Waterton Lakes National Park 2018,10,2018-07-07 05:27:00,7064,180,Phylloscopus sarasinorum,,,0.00,3.00,33.7,f,lite
PC,WLNP-8-1,866,General Community Waterton Lakes National Park 2018,10,2018-07-07 05:27:00,7064,180,Catharus ustulatus,Swainson's Thrush,SWTH,0.00,3.00,58.1,t,lite
PC,WLNP-8-1,866,General Community Waterton Lakes National Park 2018,10,2018-07-07 05:27:00,7064,180,Catharus ustulatus,Swainson's Thrush,SWTH,6.00,9.00,48.3,t,lite
PC,WLNP-8-1,866,General Community Waterton Lakes National Park 2018,10,2018-07-07 05:27:00,7064,180,Phylloscopus sarasinorum,,,6.00,9.00,25.4,f,lite
PC,WLNP-8-1,866,General Community Waterton Lakes National Park 2018,10,2018-07-07 05:27:00,7064,180,Catharus ustulatus,Swainson's Thrush,SWTH,12.00,15.00,62.9,t,lite
PC,WLNP-8-1,866,General Community Waterton Lakes National Park 2018,10,2018-07-07 05:27:00,7064,180,Catharus ustulatus,Swainson's Thrush,SWTH,18.00,21.00,29.5,t,lite
PC,WLNP-8-1,866,General Community Waterton Lakes National Park 2018,10,2018-07-07 05:27:00,7064,180,Catharus ustulatus,Swainson's Thrush,SWTH,24.00,27.00,84.1,t,lite
PC,WLNP-8-1,866,General Community Waterton Lakes National Park 2018,10,2018-07-07 05:27:00,7064,180,Catharus ustulatus,Swainson's Thrush,SWTH,30.00,33.00,90.1,t,lite
PC,WLNP-8-1,866,General Community Waterton Lakes National Park 2018,10,2018-07-07 05:27:00,7064,180,Catharus ustulatus,Swainson's Thrush,SWTH,36.00,39.00,85.3,t,lite
PC,WLNP-8-1,866,General Community Waterton Lakes National Park 2018,10,2018-07-07 05:27:00,7064,180,Catharus ustulatus,Swainson's Thrush,SWTH,42.00,45.00,66.3,t,lite
PC,WLNP-8-1,866,General Community Waterton Lakes National Park 2018,10,2018-07-07 05:27:00,7064,180,Cacomantis sepulcralis,,,48.00,51.00,25.2,f,lite
PC,WLNP-8-1,866,General Community Waterton Lakes National Park 2018,10,2018-07-07 05:27:00,7064,180,Catharus ustulatus,Swainson's Thrush,SWTH,51.00,54.00,65.9,t,lite
PC,WLNP-8-1,866,General Community Waterton Lakes National Park 2018,10,2018-07-07 05:27:00,7064,180,Catharus ustulatus,Swainson's Thrush,SWTH,57.00,60.00,72.4,t,lite
PC,WLNP-8-1,866,General Community Waterton Lakes National Park 2018,10,2018-07-07 05:27:00,7064,180,Catharus ustulatus,Swainson's Thrush,SWTH,63.00,66.00,70.7,t,lite
PC,WLNP-8-1,866,General Community Waterton Lakes National Park 2018,10,2018-07-07 05:27:00,7064,180,Catharus ustulatus,Swainson's Thrush,SWTH,69.00,72.00,75.9,t,lite
PC,WLNP-8-1,866,General Community Waterton Lakes National Park 2018,10,2018-07-07 05:27:00,7064,180,Catharus ustulatus,Swainson's Thrush,SWTH,75.00,78.00,72.9,t,lite
PC,WLNP-8-1,866,General Community Waterton Lakes National Park 2018,10,2018-07-07 05:27:00,7064,180,Catharus ustulatus,Swainson's Thrush,SWTH,84.00,87.00,44.3,t,lite
PC,WLNP-8-1,866,General Community Waterton Lakes National Park 2018,10,2018-07-07 05:27:00,7064,180,Catharus ustulatus,Swainson's Thrush,SWTH,90.00,93.00,80.0,t,lite
PC,WLNP-8-1,866,General Community Waterton Lakes National Park 2018,10,2018-07-07 05:27:00,7064,180,Setophaga graciae,Grace's Warbler,GRWA,93.00,96.00,28.1,t,lite
PC,WLNP-8-1,866,General Community Waterton Lakes National Park 2018,10,2018-07-07 05:27:00,7064,180,Catharus ustulatus,Swainson's Thrush,SWTH,96.00,99.00,63.0,t,lite
PC,WLNP-8-1,866,General Community Waterton Lakes National Park 2018,10,2018-07-07 05:27:00,7064,180,Catharus ustulatus,Swainson's Thrush,SWTH,102.00,105.00,60.5,t,lite
PC,WLNP-8-1,866,General Community Waterton Lakes National Park 2018,10,2018-07-07 05:27:00,7064,180,Catharus ustulatus,Swainson's Thrush,SWTH,108.00,111.00,81.9,t,lite
PC,WLNP-8-1,866,General Community Waterton Lakes National Park 2018,10,2018-07-07 05:27:00,7064,180,Troglodytes aedon,House Wren,HOWR,114.00,117.00,34.7,t,lite
PC,WLNP-8-1,866,General Community Waterton Lakes National Park 2018,10,2018-07-07 05:27:00,7064,180,Catharus ustulatus,Swainson's Thrush,SWTH,120.00,123.00,55.5,t,lite
PC,WLNP-8-1,866,General Community Waterton Lakes National Park 2018,10,2018-07-07 05:27:00,7064,180,Henicorhina leucophrys,Gray-breasted Wood-Wren,GBWW,120.00,123.00,25.8,t,lite
PC,WLNP-8-1,866,General Community Waterton Lakes National Park 2018,10,2018-07-07 05:27:00,7064,180,Phylloscopus sarasinorum,,,123.00,126.00,28.3,f,lite
PC,WLNP-8-1,866,General Community Waterton Lakes National Park 2018,10,2018-07-07 05:27:00,7064,180,Catharus ustulatus,Swainson's Thrush,SWTH,123.00,126.00,42.3,t,lite
PC,WLNP-8-1,866,General Community Waterton Lakes National Park 2018,10,2018-07-07 05:27:00,7064,180,Catharus ustulatus,Swainson's Thrush,SWTH,129.00,132.00,69.2,t,lite
PC,WLNP-8-1,866,General Community Waterton Lakes National Park 2018,10,2018-07-07 05:27:00,7064,180,Catharus ustulatus,Swainson's Thrush,SWTH,141.00,144.00,59.3,t,lite
PC,WLNP-8-1,866,General Community Waterton Lakes National Park 2018,10,2018-07-07 05:27:00,7064,180,Horornis seebohmi,,,141.00,144.00,27.2,f,lite
PC,WLNP-8-1,866,General Community Waterton Lakes National Park 2018,10,2018-07-07 05:27:00,7064,180,Catharus ustulatus,Swainson's Thrush,SWTH,147.00,150.00,80.4,t,lite
PC,WLNP-8-1,866,General Community Waterton Lakes National Park 2018,10,2018-07-07 05:27:00,7064,180,Catharus ustulatus,Swainson's Thrush,SWTH,153.00,156.00,45.4,t,lite
PC,WLNP-8-1,866,General Community Waterton Lakes National Park 2018,10,2018-07-07 05:27:00,7064,180,Phylloscopus sarasinorum,,,153.00,156.00,32.2,f,lite
PC,WLNP-8-1,866,General Community Waterton Lakes National Park 2018,10,2018-07-07 05:27:00,7064,180,Catharus ustulatus,Swainson's Thrush,SWTH,159.00,162.00,51.7,t,lite
PC,WLNP-8-1,866,General Community Waterton Lakes National Park 2018,10,2018-07-07 05:27:00,7064,180,Catharus ustulatus,Swainson's Thrush,SWTH,165.00,168.00,64.5,t,lite
PC,WLNP-8-1,866,General Community Waterton Lakes National Park 2018,10,2018-07-07 05:27:00,7064,180,Catharus ustulatus,Swainson's Thrush,SWTH,171.00,174.00,51.1,t,lite
PC,WLNP-8-2,867,General Community Waterton Lakes National Park 2018,10,2018-06-28 04:51:00,6985,180,Catharus ustulatus,Swainson's Thrush,SWTH,30.00,33.00,36.5,t,lite
PC,WLNP-8-2,867,General Community Waterton Lakes National Park 2018,10,2018-06-28 04:51:00,6985,180,Catharus ustulatus,Swainson's Thrush,SWTH,132.00,135.00,28.1,t,lite
PC,WLNP-8-2,867,General Community Waterton Lakes National Park 2018,10,2018-06-28 04:51:00,6985,180,Catharus ustulatus,Swainson's Thrush,SWTH,177.00,180.00,33.6,t,lite
PC,WLNP-8-2,867,General Community Waterton Lakes National Park 2018,10,2018-07-01 04:53:00,7065,180,Helmitheros vermivorum,Worm-eating Warbler,WEWA,33.00,36.00,29.2,t,lite
PC,WLNP-8-2,867,General Community Waterton Lakes National Park 2018,10,2018-07-04 04:55:00,7039,180,Catharus ustulatus,Swainson's Thrush,SWTH,0.00,3.00,54.6,t,lite
PC,WLNP-8-2,867,General Community Waterton Lakes National Park 2018,10,2018-07-04 04:55:00,7039,180,Piranga bidentata,Flame-colored Tanager,FCTA,15.00,18.00,30.2,t,lite
PC,WLNP-8-2,867,General Community Waterton Lakes National Park 2018,10,2018-07-04 04:55:00,7039,180,Catharus ustulatus,Swainson's Thrush,SWTH,18.00,21.00,29.9,t,lite
PC,WLNP-8-2,867,General Community Waterton Lakes National Park 2018,10,2018-07-04 04:55:00,7039,180,Catharus ustulatus,Swainson's Thrush,SWTH,24.00,27.00,42.6,t,lite
PC,WLNP-8-2,867,General Community Waterton Lakes National Park 2018,10,2018-07-04 04:55:00,7039,180,Piranga bidentata,Flame-colored Tanager,FCTA,27.00,30.00,36.2,t,lite
PC,WLNP-8-2,867,General Community Waterton Lakes National Park 2018,10,2018-07-04 04:55:00,7039,180,Piranga ludoviciana,Western Tanager,WETA,27.00,30.00,48.9,t,lite
PC,WLNP-8-2,867,General Community Waterton Lakes National Park 2018,10,2018-07-04 04:55:00,7039,180,Piranga bidentata,Flame-colored Tanager,FCTA,33.00,36.00,28.8,t,lite
PC,WLNP-8-2,867,General Community Waterton Lakes National Park 2018,10,2018-07-04 04:55:00,7039,180,Piranga ludoviciana,Western Tanager,WETA,33.00,36.00,29.2,t,lite
PC,WLNP-8-2,867,General Community Waterton Lakes National Park 2018,10,2018-07-04 04:55:00,7039,180,Catharus ustulatus,Swainson's Thrush,SWTH,42.00,45.00,44.8,t,lite
PC,WLNP-8-2,867,General Community Waterton Lakes National Park 2018,10,2018-07-04 04:55:00,7039,180,Piranga bidentata,Flame-colored Tanager,FCTA,48.00,51.00,27.5,t,lite
PC,WLNP-8-2,867,General Community Waterton Lakes National Park 2018,10,2018-07-04 04:55:00,7039,180,Piranga ludoviciana,Western Tanager,WETA,48.00,51.00,26.1,t,lite
PC,WLNP-8-2,867,General Community Waterton Lakes National Park 2018,10,2018-07-04 04:55:00,7039,180,Piranga bidentata,Flame-colored Tanager,FCTA,54.00,57.00,37.2,t,lite
PC,WLNP-8-2,867,General Community Waterton Lakes National Park 2018,10,2018-07-04 04:55:00,7039,180,Piranga ludoviciana,Western Tanager,WETA,54.00,57.00,32.7,t,lite
PC,WLNP-8-2,867,General Community Waterton Lakes National Park 2018,10,2018-07-04 04:55:00,7039,180,Piranga ludoviciana,Western Tanager,WETA,63.00,66.00,40.1,t,lite
PC,WLNP-8-2,867,General Community Waterton Lakes National Park 2018,10,2018-07-04 04:55:00,7039,180,Piranga bidentata,Flame-colored Tanager,FCTA,63.00,66.00,35.9,t,lite
PC,WLNP-8-2,867,General Community Waterton Lakes National Park 2018,10,2018-07-04 04:55:00,7039,180,Troglodytes pacificus,Pacific Wren,PAWR,78.00,81.00,26.3,t,lite
PC,WLNP-8-2,867,General Community Waterton Lakes National Park 2018,10,2018-07-04 04:55:00,7039,180,Piranga ludoviciana,Western Tanager,WETA,87.00,90.00,30.2,t,lite
PC,WLNP-8-2,867,General Community Waterton Lakes National Park 2018,10,2018-07-04 04:55:00,7039,180,Piranga bidentata,Flame-colored Tanager,FCTA,87.00,90.00,26.7,t,lite
PC,WLNP-8-2,867,General Community Waterton Lakes National Park 2018,10,2018-07-04 04:55:00,7039,180,Piranga bidentata,Flame-colored Tanager,FCTA,108.00,111.00,37.6,t,lite
PC,WLNP-8-2,867,General Community Waterton Lakes National Park 2018,10,2018-07-04 04:55:00,7039,180,Piranga ludoviciana,Western Tanager,WETA,108.00,111.00,27.2,t,lite
PC,WLNP-8-2,867,General Community Waterton Lakes National Park 2018,10,2018-07-04 04:55:00,7039,180,Catharus ustulatus,Swainson's Thrush,SWTH,123.00,126.00,27.1,t,lite
PC,WLNP-8-2,867,General Community Waterton Lakes National Park 2018,10,2018-07-04 04:55:00,7039,180,Piranga bidentata,Flame-colored Tanager,FCTA,126.00,129.00,25.1,t,lite
PC,WLNP-8-2,867,General Community Waterton Lakes National Park 2018,10,2018-07-04 04:55:00,7039,180,Piranga ludoviciana,Western Tanager,WETA,126.00,129.00,30.2,t,lite
PC,WLNP-8-2,867,General Community Waterton Lakes National Park 2018,10,2018-07-04 04:55:00,7039,180,Piranga bidentata,Flame-colored Tanager,FCTA,138.00,141.00,34.2,t,lite
PC,WLNP-8-2,867,General Community Waterton Lakes National Park 2018,10,2018-07-04 04:55:00,7039,180,Piranga ludoviciana,Western Tanager,WETA,138.00,141.00,45.1,t,lite
PC,WLNP-8-2,867,General Community Waterton Lakes National Park 2018,10,2018-07-04 04:55:00,7039,180,Piranga bidentata,Flame-colored Tanager,FCTA,147.00,150.00,37.5,t,lite
PC,WLNP-8-2,867,General Community Waterton Lakes National Park 2018,10,2018-07-04 04:55:00,7039,180,Piranga ludoviciana,Western Tanager,WETA,147.00,150.00,34.2,t,lite
PC,WLNP-8-2,867,General Community Waterton Lakes National Park 2018,10,2018-07-04 04:55:00,7039,180,Piranga bidentata,Flame-colored Tanager,FCTA,153.00,156.00,28.1,t,lite
PC,WLNP-8-2,867,General Community Waterton Lakes National Park 2018,10,2018-07-04 04:55:00,7039,180,Piranga bidentata,Flame-colored Tanager,FCTA,162.00,165.00,27.4,t,lite
PC,WLNP-8-2,867,General Community Waterton Lakes National Park 2018,10,2018-07-04 04:55:00,7039,180,Piranga ludoviciana,Western Tanager,WETA,162.00,165.00,31.8,t,lite
PC,WLNP-8-2,867,General Community Waterton Lakes National Park 2018,10,2018-07-04 04:55:00,7039,180,Piranga bidentata,Flame-colored Tanager,FCTA,168.00,171.00,63.1,t,lite
PC,WLNP-8-2,867,General Community Waterton Lakes National Park 2018,10,2018-07-04 04:55:00,7039,180,Piranga ludoviciana,Western Tanager,WETA,168.00,171.00,64.8,t,lite
PC,WLNP-8-2,867,General Community Waterton Lakes National Park 2018,10,2018-07-04 04:55:00,7039,180,Troglodytes troglodytes,Eurasian Wren,4734,171.00,174.00,30.8,t,lite
PC,WLNP-8-2,867,General Community Waterton Lakes National Park 2018,10,2018-07-04 04:55:00,7039,180,Troglodytes pacificus,Pacific Wren,PAWR,171.00,174.00,53.3,t,lite
PC,WLNP-8-2,867,General Community Waterton Lakes National Park 2018,10,2018-07-04 04:55:00,7039,180,Troglodytes pacificus,Pacific Wren,PAWR,174.00,177.00,55.7,t,lite
PC,WLNP-8-2,867,General Community Waterton Lakes National Park 2018,10,2018-07-04 04:55:00,7039,180,Setophaga pitiayumi,Tropical Parula,TRPA,177.00,180.00,28.9,t,lite
PC,WLNP-8-2,867,General Community Waterton Lakes National Park 2018,10,2018-07-04 04:55:00,7039,180,Troglodytes pacificus,Pacific Wren,PAWR,177.00,180.00,60.8,t,lite
PC,WLNP-8-2,867,General Community Waterton Lakes National Park 2018,10,2018-07-10 05:30:00,7054,180,Troglodytes pacificus,Pacific Wren,PAWR,3.00,6.00,85.1,t,lite
PC,WLNP-8-2,867,General Community Waterton Lakes National Park 2018,10,2018-07-10 05:30:00,7054,180,Troglodytes pacificus,Pacific Wren,PAWR,6.00,9.00,85.2,t,lite
PC,WLNP-8-2,867,General Community Waterton Lakes National Park 2018,10,2018-07-10 05:30:00,7054,180,Troglodytes troglodytes,Eurasian Wren,4734,6.00,9.00,28.8,t,lite
PC,WLNP-8-2,867,General Community Waterton Lakes National Park 2018,10,2018-07-10 05:30:00,7054,180,Helmitheros vermivorum,Worm-eating Warbler,WEWA,9.00,12.00,56.4,t,lite
PC,WLNP-8-2,867,General Community Waterton Lakes National Park 2018,10,2018-07-10 05:30:00,7054,180,Troglodytes pacificus,Pacific Wren,PAWR,15.00,18.00,75.9,t,lite
PC,WLNP-8-2,867,General Community Waterton Lakes National Park 2018,10,2018-07-10 05:30:00,7054,180,Troglodytes pacificus,Pacific Wren,PAWR,18.00,21.00,78.8,t,lite
PC,WLNP-8-2,867,General Community Waterton Lakes National Park 2018,10,2018-07-10 05:30:00,7054,180,Troglodytes pacificus,Pacific Wren,PAWR,27.00,30.00,78.2,t,lite
PC,WLNP-8-2,867,General Community Waterton Lakes National Park 2018,10,2018-07-10 05:30:00,7054,180,Troglodytes pacificus,Pacific Wren,PAWR,30.00,33.00,80.0,t,lite
PC,WLNP-8-2,867,General Community Waterton Lakes National Park 2018,10,2018-07-10 05:30:00,7054,180,Troglodytes pacificus,Pacific Wren,PAWR,33.00,36.00,42.6,t,lite
PC,WLNP-8-2,867,General Community Waterton Lakes National Park 2018,10,2018-07-10 05:30:00,7054,180,Troglodytes pacificus,Pacific Wren,PAWR,42.00,45.00,85.9,t,lite
PC,WLNP-8-2,867,General Community Waterton Lakes National Park 2018,10,2018-07-10 05:30:00,7054,180,Troglodytes troglodytes,Eurasian Wren,4734,42.00,45.00,27.1,t,lite
PC,WLNP-8-2,867,General Community Waterton Lakes National Park 2018,10,2018-07-10 05:30:00,7054,180,Troglodytes troglodytes,Eurasian Wren,4734,45.00,48.00,26.9,t,lite
PC,WLNP-8-2,867,General Community Waterton Lakes National Park 2018,10,2018-07-10 05:30:00,7054,180,Troglodytes pacificus,Pacific Wren,PAWR,45.00,48.00,88.6,t,lite
PC,WLNP-8-2,867,General Community Waterton Lakes National Park 2018,10,2018-07-10 05:30:00,7054,180,Helmitheros vermivorum,Worm-eating Warbler,WEWA,48.00,51.00,52.5,t,lite
PC,WLNP-8-2,867,General Community Waterton Lakes National Park 2018,10,2018-07-10 05:30:00,7054,180,Troglodytes troglodytes,Eurasian Wren,4734,54.00,57.00,25.9,t,lite
PC,WLNP-8-2,867,General Community Waterton Lakes National Park 2018,10,2018-07-10 05:30:00,7054,180,Troglodytes pacificus,Pacific Wren,PAWR,54.00,57.00,47.6,t,lite
PC,WLNP-8-2,867,General Community Waterton Lakes National Park 2018,10,2018-07-10 05:30:00,7054,180,Troglodytes rufociliatus,Rufous-browed Wren,RBWW,54.00,57.00,27.8,t,lite
PC,WLNP-8-2,867,General Community Waterton Lakes National Park 2018,10,2018-07-10 05:30:00,7054,180,Troglodytes pacificus,Pacific Wren,PAWR,57.00,60.00,90.4,t,lite
PC,WLNP-8-2,867,General Community Waterton Lakes National Park 2018,10,2018-07-10 05:30:00,7054,180,Troglodytes troglodytes,Eurasian Wren,4734,57.00,60.00,32.6,t,lite
PC,WLNP-8-2,867,General Community Waterton Lakes National Park 2018,10,2018-07-10 05:30:00,7054,180,Troglodytes pacificus,Pacific Wren,PAWR,60.00,63.00,58.2,t,lite
PC,WLNP-8-2,867,General Community Waterton Lakes National Park 2018,10,2018-07-10 05:30:00,7054,180,Helmitheros vermivorum,Worm-eating Warbler,WEWA,63.00,66.00,32.5,t,lite
PC,WLNP-8-2,867,General Community Waterton Lakes National Park 2018,10,2018-07-10 05:30:00,7054,180,Anthus hodgsoni,Olive-backed Pipit,OBPI,69.00,72.00,30.9,t,lite
PC,WLNP-8-2,867,General Community Waterton Lakes National Park 2018,10,2018-07-10 05:30:00,7054,180,Troglodytes pacificus,Pacific Wren,PAWR,69.00,72.00,77.9,t,lite
PC,WLNP-8-2,867,General Community Waterton Lakes National Park 2018,10,2018-07-10 05:30:00,7054,180,Troglodytes troglodytes,Eurasian Wren,4734,72.00,75.00,28.5,t,lite
PC,WLNP-8-2,867,General Community Waterton Lakes National Park 2018,10,2018-07-10 05:30:00,7054,180,Troglodytes pacificus,Pacific Wren,PAWR,72.00,75.00,81.3,t,lite
PC,WLNP-8-2,867,General Community Waterton Lakes National Park 2018,10,2018-07-10 05:30:00,7054,180,Troglodytes troglodytes,Eurasian Wren,4734,75.00,78.00,30.8,t,lite
PC,WLNP-8-2,867,General Community Waterton Lakes National Park 2018,10,2018-07-10 05:30:00,7054,180,Troglodytes pacificus,Pacific Wren,PAWR,75.00,78.00,53.9,t,lite
PC,WLNP-8-2,867,General Community Waterton Lakes National Park 2018,10,2018-07-10 05:30:00,7054,180,Troglodytes pacificus,Pacific Wren,PAWR,81.00,84.00,25.1,t,lite
PC,WLNP-8-2,867,General Community Waterton Lakes National Park 2018,10,2018-07-10 05:30:00,7054,180,Troglodytes pacificus,Pacific Wren,PAWR,84.00,87.00,90.4,t,lite
PC,WLNP-8-2,867,General Community Waterton Lakes National Park 2018,10,2018-07-10 05:30:00,7054,180,Troglodytes pacificus,Pacific Wren,PAWR,87.00,90.00,57.8,t,lite
PC,WLNP-8-2,867,General Community Waterton Lakes National Park 2018,10,2018-07-10 05:30:00,7054,180,Troglodytes pacificus,Pacific Wren,PAWR,90.00,93.00,31.6,t,lite
PC,WLNP-8-2,867,General Community Waterton Lakes National Park 2018,10,2018-07-10 05:30:00,7054,180,Troglodytes pacificus,Pacific Wren,PAWR,96.00,99.00,30.6,t,lite
PC,WLNP-8-2,867,General Community Waterton Lakes National Park 2018,10,2018-07-10 05:30:00,7054,180,Troglodytes pacificus,Pacific Wren,PAWR,99.00,102.00,47.8,t,lite
PC,WLNP-8-2,867,General Community Waterton Lakes National Park 2018,10,2018-07-10 05:30:00,7054,180,Troglodytes pacificus,Pacific Wren,PAWR,102.00,105.00,67.8,t,lite
PC,WLNP-8-2,867,General Community Waterton Lakes National Park 2018,10,2018-07-10 05:30:00,7054,180,Helmitheros vermivorum,Worm-eating Warbler,WEWA,105.00,108.00,31.4,t,lite
PC,WLNP-8-2,867,General Community Waterton Lakes National Park 2018,10,2018-07-10 05:30:00,7054,180,Regulus satrapa,Golden-crowned Kinglet,GCKI,108.00,111.00,60.4,t,lite
PC,WLNP-8-2,867,General Community Waterton Lakes National Park 2018,10,2018-07-10 05:30:00,7054,180,Certhia familiaris,Eurasian Treecreeper,CERFAM,108.00,111.00,25.4,t,lite
PC,WLNP-8-2,867,General Community Waterton Lakes National Park 2018,10,2018-07-10 05:30:00,7054,180,Troglodytes pacificus,Pacific Wren,PAWR,111.00,114.00,64.0,t,lite
PC,WLNP-8-2,867,General Community Waterton Lakes National Park 2018,10,2018-07-10 05:30:00,7054,180,Troglodytes pacificus,Pacific Wren,PAWR,114.00,117.00,83.4,t,lite
PC,WLNP-8-2,867,General Community Waterton Lakes National Park 2018,10,2018-07-10 05:30:00,7054,180,Troglodytes troglodytes,Eurasian Wren,4734,114.00,117.00,25.5,t,lite
PC,WLNP-8-2,867,General Community Waterton Lakes National Park 2018,10,2018-07-10 05:30:00,7054,180,Troglodytes pacificus,Pacific Wren,PAWR,117.00,120.00,26.5,t,lite
PC,WLNP-8-2,867,General Community Waterton Lakes National Park 2018,10,2018-07-10 05:30:00,7054,180,Certhia familiaris,Eurasian Treecreeper,CERFAM,123.00,126.00,52.5,t,lite
PC,WLNP-8-2,867,General Community Waterton Lakes National Park 2018,10,2018-07-10 05:30:00,7054,180,Regulus satrapa,Golden-crowned Kinglet,GCKI,123.00,126.00,26.6,t,lite
PC,WLNP-8-2,867,General Community Waterton Lakes National Park 2018,10,2018-07-10 05:30:00,7054,180,Certhia americana,Brown Creeper,BRCR,123.00,126.00,32.4,t,lite
PC,WLNP-8-2,867,General Community Waterton Lakes National Park 2018,10,2018-07-10 05:30:00,7054,180,Troglodytes pacificus,Pacific Wren,PAWR,126.00,129.00,48.6,t,lite
PC,WLNP-8-2,867,General Community Waterton Lakes National Park 2018,10,2018-07-10 05:30:00,7054,180,Troglodytes pacificus,Pacific Wren,PAWR,129.00,132.00,71.5,t,lite
PC,WLNP-8-2,867,General Community Waterton Lakes National Park 2018,10,2018-07-10 05:30:00,7054,180,Setophaga fusca,Blackburnian Warbler,BLBW,135.00,138.00,28.4,t,lite
PC,WLNP-8-2,867,General Community Waterton Lakes National Park 2018,10,2018-07-10 05:30:00,7054,180,Troglodytes pacificus,Pacific Wren,PAWR,138.00,141.00,26.5,t,lite
PC,WLNP-8-2,867,General Community Waterton Lakes National Park 2018,10,2018-07-10 05:30:00,7054,180,Troglodytes pacificus,Pacific Wren,PAWR,141.00,144.00,37.2,t,lite
PC,WLNP-8-2,867,General Community Waterton Lakes National Park 2018,10,2018-07-10 05:30:00,7054,180,Troglodytes troglodytes,Eurasian Wren,4734,144.00,147.00,29.4,t,lite
PC,WLNP-8-2,867,General Community Waterton Lakes National Park 2018,10,2018-07-10 05:30:00,7054,180,Troglodytes pacificus,Pacific Wren,PAWR,144.00,147.00,85.4,t,lite
PC,WLNP-8-2,867,General Community Waterton Lakes National Park 2018,10,2018-07-10 05:30:00,7054,180,Diglossa albilatera,,,147.00,150.00,26.0,f,lite
PC,WLNP-8-2,867,General Community Waterton Lakes National Park 2018,10,2018-07-10 05:30:00,7054,180,Helmitheros vermivorum,Worm-eating Warbler,WEWA,147.00,150.00,42.1,t,lite
PC,WLNP-8-2,867,General Community Waterton Lakes National Park 2018,10,2018-07-10 05:30:00,7054,180,Regulus satrapa,Golden-crowned Kinglet,GCKI,150.00,153.00,39.4,t,lite
PC,WLNP-8-2,867,General Community Waterton Lakes National Park 2018,10,2018-07-10 05:30:00,7054,180,Troglodytes pacificus,Pacific Wren,PAWR,153.00,156.00,70.8,t,lite
PC,WLNP-8-2,867,General Community Waterton Lakes National Park 2018,10,2018-07-10 05:30:00,7054,180,Troglodytes pacificus,Pacific Wren,PAWR,156.00,159.00,51.6,t,lite
PC,WLNP-8-2,867,General Community Waterton Lakes National Park 2018,10,2018-07-10 05:30:00,7054,180,Troglodytes pacificus,Pacific Wren,PAWR,159.00,162.00,51.6,t,lite
PC,WLNP-8-2,867,General Community Waterton Lakes National Park 2018,10,2018-07-10 05:30:00,7054,180,Troglodytes troglodytes,Eurasian Wren,4734,159.00,162.00,36.2,t,lite
PC,WLNP-8-2,867,General Community Waterton Lakes National Park 2018,10,2018-07-10 05:30:00,7054,180,Certhia familiaris,Eurasian Treecreeper,CERFAM,162.00,165.00,32.3,t,lite
PC,WLNP-8-2,867,General Community Waterton Lakes National Park 2018,10,2018-07-10 05:30:00,7054,180,Regulus satrapa,Golden-crowned Kinglet,GCKI,162.00,165.00,25.1,t,lite
PC,WLNP-8-2,867,General Community Waterton Lakes National Park 2018,10,2018-07-10 05:30:00,7054,180,Certhia americana,Brown Creeper,BRCR,162.00,165.00,28.1,t,lite
PC,WLNP-8-2,867,General Community Waterton Lakes National Park 2018,10,2018-07-10 05:30:00,7054,180,Regulus satrapa,Golden-crowned Kinglet,GCKI,165.00,168.00,59.7,t,lite
PC,WLNP-8-2,867,General Community Waterton Lakes National Park 2018,10,2018-07-10 05:30:00,7054,180,Troglodytes pacificus,Pacific Wren,PAWR,168.00,171.00,47.0,t,lite
PC,WLNP-8-2,867,General Community Waterton Lakes National Park 2018,10,2018-07-10 05:30:00,7054,180,Troglodytes pacificus,Pacific Wren,PAWR,171.00,174.00,72.0,t,lite
PC,WLNP-8-2,867,General Community Waterton Lakes National Park 2018,10,2018-07-10 05:30:00,7054,180,Troglodytes pacificus,Pacific Wren,PAWR,174.00,177.00,42.3,t,lite
PC,WLNP-8-2,867,General Community Waterton Lakes National Park 2018,10,2018-07-10 05:30:00,7054,180,Troglodytes troglodytes,Eurasian Wren,4734,174.00,177.00,28.0,t,lite
PC,WLNP-8-2,867,General Community Waterton Lakes National Park 2018,10,2018-07-10 05:30:00,7054,180,Regulus ignicapilla,,,177.00,180.00,26.2,f,lite
PC,WLNP-8-2,867,General Community Waterton Lakes National Park 2018,10,2018-07-10 05:30:00,7054,180,Zeledonia coronata,Wrenthrush,WRET,177.00,180.00,25.5,t,lite
PC,WLNP-8-2,867,General Community Waterton Lakes National Park 2018,10,2018-07-10 05:30:00,7054,180,Regulus satrapa,Golden-crowned Kinglet,GCKI,177.00,180.00,36.6,t,lite
PC,WLNP-8-3,872,General Community Waterton Lakes National Park 2018,10,2018-07-01 04:53:00,6961,180,Catharus ustulatus,Swainson's Thrush,SWTH,15.00,18.00,37.4,t,lite
PC,WLNP-8-3,872,General Community Waterton Lakes National Park 2018,10,2018-07-01 04:53:00,6961,180,Catharus ustulatus,Swainson's Thrush,SWTH,21.00,24.00,57.5,t,lite
PC,WLNP-8-3,872,General Community Waterton Lakes National Park 2018,10,2018-07-01 04:53:00,6961,180,Catharus ustulatus,Swainson's Thrush,SWTH,24.00,27.00,29.0,t,lite
PC,WLNP-8-3,872,General Community Waterton Lakes National Park 2018,10,2018-07-01 04:53:00,6961,180,Catharus ustulatus,Swainson's Thrush,SWTH,27.00,30.00,57.8,t,lite
PC,WLNP-8-3,872,General Community Waterton Lakes National Park 2018,10,2018-07-01 04:53:00,6961,180,Cossypha caffra,,,30.00,33.00,29.8,f,lite
PC,WLNP-8-3,872,General Community Waterton Lakes National Park 2018,10,2018-07-01 04:53:00,6961,180,Catharus ustulatus,Swainson's Thrush,SWTH,30.00,33.00,33.3,t,lite
PC,WLNP-8-3,872,General Community Waterton Lakes National Park 2018,10,2018-07-01 04:53:00,6961,180,Catharus ustulatus,Swainson's Thrush,SWTH,36.00,39.00,32.7,t,lite
PC,WLNP-8-3,872,General Community Waterton Lakes National Park 2018,10,2018-07-01 04:53:00,6961,180,Catharus ustulatus,Swainson's Thrush,SWTH,51.00,54.00,56.2,t,lite
PC,WLNP-8-3,872,General Community Waterton Lakes National Park 2018,10,2018-07-01 04:53:00,6961,180,Catharus ustulatus,Swainson's Thrush,SWTH,54.00,57.00,41.4,t,lite
PC,WLNP-8-3,872,General Community Waterton Lakes National Park 2018,10,2018-07-01 04:53:00,6961,180,Trochalopteron elliotii,,,57.00,60.00,29.2,f,lite
PC,WLNP-8-3,872,General Community Waterton Lakes National Park 2018,10,2018-07-01 04:53:00,6961,180,Pellorneum rostratum,,,57.00,60.00,31.3,f,lite
PC,WLNP-8-3,872,General Community Waterton Lakes National Park 2018,10,2018-07-01 04:53:00,6961,180,Cyclarhis gujanensis,Rufous-browed Peppershrike,RBPE,57.00,60.00,30.8,t,lite
PC,WLNP-8-3,872,General Community Waterton Lakes National Park 2018,10,2018-07-01 04:53:00,6961,180,Catharus ustulatus,Swainson's Thrush,SWTH,63.00,66.00,27.1,t,lite
PC,WLNP-8-3,872,General Community Waterton Lakes National Park 2018,10,2018-07-01 04:53:00,6961,180,Catharus ustulatus,Swainson's Thrush,SWTH,69.00,72.00,42.1,t,lite
PC,WLNP-8-3,872,General Community Waterton Lakes National Park 2018,10,2018-07-01 04:53:00,6961,180,Catharus ustulatus,Swainson's Thrush,SWTH,90.00,93.00,53.7,t,lite
PC,WLNP-8-3,872,General Community Waterton Lakes National Park 2018,10,2018-07-01 04:53:00,6961,180,Cossypha caffra,,,93.00,96.00,34.8,f,lite
PC,WLNP-8-3,872,General Community Waterton Lakes National Park 2018,10,2018-07-01 04:53:00,6961,180,Catharus ustulatus,Swainson's Thrush,SWTH,93.00,96.00,37.8,t,lite
PC,WLNP-8-3,872,General Community Waterton Lakes National Park 2018,10,2018-07-01 04:53:00,6961,180,Turdus libonyana,,,96.00,99.00,33.9,f,lite
PC,WLNP-8-3,872,General Community Waterton Lakes National Park 2018,10,2018-07-01 04:53:00,6961,180,Turdus chiguanco,,,96.00,99.00,31.2,f,lite
PC,WLNP-8-3,872,General Community Waterton Lakes National Park 2018,10,2018-07-01 04:53:00,6961,180,Pellorneum rostratum,,,96.00,99.00,30.3,f,lite
PC,WLNP-8-3,872,General Community Waterton Lakes National Park 2018,10,2018-07-01 04:53:00,6961,180,Catharus ustulatus,Swainson's Thrush,SWTH,96.00,99.00,47.0,t,lite
PC,WLNP-8-3,872,General Community Waterton Lakes National Park 2018,10,2018-07-01 04:53:00,6961,180,Catharus ustulatus,Swainson's Thrush,SWTH,102.00,105.00,70.6,t,lite
PC,WLNP-8-3,872,General Community Waterton Lakes National Park 2018,10,2018-07-01 04:53:00,6961,180,Catharus ustulatus,Swainson's Thrush,SWTH,105.00,108.00,42.6,t,lite
PC,WLNP-8-3,872,General Community Waterton Lakes National Park 2018,10,2018-07-01 04:53:00,6961,180,Catharus ustulatus,Swainson's Thrush,SWTH,111.00,114.00,56.7,t,lite
PC,WLNP-8-3,872,General Community Waterton Lakes National Park 2018,10,2018-07-01 04:53:00,6961,180,Catharus ustulatus,Swainson's Thrush,SWTH,114.00,117.00,72.4,t,lite
PC,WLNP-8-3,872,General Community Waterton Lakes National Park 2018,10,2018-07-01 04:53:00,6961,180,Catharus ustulatus,Swainson's Thrush,SWTH,117.00,120.00,43.9,t,lite
PC,WLNP-8-3,872,General Community Waterton Lakes National Park 2018,10,2018-07-01 04:53:00,6961,180,Catharus ustulatus,Swainson's Thrush,SWTH,120.00,123.00,72.2,t,lite
PC,WLNP-8-3,872,General Community Waterton Lakes National Park 2018,10,2018-07-01 04:53:00,6961,180,Cyclarhis gujanensis,Rufous-browed Peppershrike,RBPE,120.00,123.00,25.5,t,lite
PC,WLNP-8-3,872,General Community Waterton Lakes National Park 2018,10,2018-07-01 04:53:00,6961,180,Catharus ustulatus,Swainson's Thrush,SWTH,123.00,126.00,26.4,t,lite
PC,WLNP-8-3,872,General Community Waterton Lakes National Park 2018,10,2018-07-01 04:53:00,6961,180,Emberiza rustica,Rustic Bunting,RUBU,126.00,129.00,39.3,t,lite
PC,WLNP-8-3,872,General Community Waterton Lakes National Park 2018,10,2018-07-01 04:53:00,6961,180,Catharus ustulatus,Swainson's Thrush,SWTH,126.00,129.00,74.1,t,lite
PC,WLNP-8-3,872,General Community Waterton Lakes National Park 2018,10,2018-07-01 04:53:00,6961,180,Catharus ustulatus,Swainson's Thrush,SWTH,129.00,132.00,81.5,t,lite
PC,WLNP-8-3,872,General Community Waterton Lakes National Park 2018,10,2018-07-01 04:53:00,6961,180,Turdus libonyana,,,129.00,132.00,34.4,f,lite
PC,WLNP-8-3,872,General Community Waterton Lakes National Park 2018,10,2018-07-01 04:53:00,6961,180,Catharus mexicanus,Black-headed Nightingale-Thrush,BHNT,132.00,135.00,26.6,t,lite
PC,WLNP-8-3,872,General Community Waterton Lakes National Park 2018,10,2018-07-01 04:53:00,6961,180,Catharus ustulatus,Swainson's Thrush,SWTH,132.00,135.00,65.8,t,lite
PC,WLNP-8-3,872,General Community Waterton Lakes National Park 2018,10,2018-07-01 04:53:00,6961,180,Catharus ustulatus,Swainson's Thrush,SWTH,135.00,138.00,69.6,t,lite
PC,WLNP-8-3,872,General Community Waterton Lakes National Park 2018,10,2018-07-01 04:53:00,6961,180,Catharus ustulatus,Swainson's Thrush,SWTH,138.00,141.00,44.0,t,lite
PC,WLNP-8-3,872,General Community Waterton Lakes National Park 2018,10,2018-07-01 04:53:00,6961,180,Cyclarhis gujanensis,Rufous-browed Peppershrike,RBPE,138.00,141.00,25.7,t,lite
PC,WLNP-8-3,872,General Community Waterton Lakes National Park 2018,10,2018-07-01 04:53:00,6961,180,Catharus ustulatus,Swainson's Thrush,SWTH,141.00,144.00,66.7,t,lite
PC,WLNP-8-3,872,General Community Waterton Lakes National Park 2018,10,2018-07-01 04:53:00,6961,180,Turdus libonyana,,,144.00,147.00,26.9,f,lite
PC,WLNP-8-3,872,General Community Waterton Lakes National Park 2018,10,2018-07-01 04:53:00,6961,180,Catharus ustulatus,Swainson's Thrush,SWTH,144.00,147.00,30.4,t,lite
PC,WLNP-8-3,872,General Community Waterton Lakes National Park 2018,10,2018-07-01 04:53:00,6961,180,Cyclarhis gujanensis,Rufous-browed Peppershrike,RBPE,147.00,150.00,27.8,t,lite
PC,WLNP-8-3,872,General Community Waterton Lakes National Park 2018,10,2018-07-01 04:53:00,6961,180,Catharus frantzii,Ruddy-capped Nightingale-Thrush,RCNT,150.00,153.00,26.9,t,lite
PC,WLNP-8-3,872,General Community Waterton Lakes National Park 2018,10,2018-07-01 04:53:00,6961,180,Catharus guttatus,Hermit Thrush,HETH,150.00,153.00,41.7,t,lite
PC,WLNP-8-3,872,General Community Waterton Lakes National Park 2018,10,2018-07-01 04:53:00,6961,180,Catharus ustulatus,Swainson's Thrush,SWTH,150.00,153.00,45.2,t,lite
PC,WLNP-8-3,872,General Community Waterton Lakes National Park 2018,10,2018-07-01 04:53:00,6961,180,Catharus ustulatus,Swainson's Thrush,SWTH,153.00,156.00,73.6,t,lite
PC,WLNP-8-3,872,General Community Waterton Lakes National Park 2018,10,2018-07-01 04:53:00,6961,180,Catharus ustulatus,Swainson's Thrush,SWTH,156.00,159.00,76.7,t,lite
PC,WLNP-8-3,872,General Community Waterton Lakes National Park 2018,10,2018-07-01 04:53:00,6961,180,Catharus mexicanus,Black-headed Nightingale-Thrush,BHNT,156.00,159.00,25.4,t,lite
PC,WLNP-8-3,872,General Community Waterton Lakes National Park 2018,10,2018-07-01 04:53:00,6961,180,Catharus ustulatus,Swainson's Thrush,SWTH,159.00,162.00,76.5,t,lite
PC,WLNP-8-3,872,General Community Waterton Lakes National Park 2018,10,2018-07-01 04:53:00,6961,180,Catharus ustulatus,Swainson's Thrush,SWTH,162.00,165.00,56.6,t,lite
PC,WLNP-8-3,872,General Community Waterton Lakes National Park 2018,10,2018-07-01 04:53:00,6961,180,Brachypodius eutilotus,,,162.00,165.00,30.8,f,lite
PC,WLNP-8-3,872,General Community Waterton Lakes National Park 2018,10,2018-07-01 04:53:00,6961,180,Cossypha caffra,,,165.00,168.00,32.5,f,lite
PC,WLNP-8-3,872,General Community Waterton Lakes National Park 2018,10,2018-07-01 04:53:00,6961,180,Catharus ustulatus,Swainson's Thrush,SWTH,165.00,168.00,61.3,t,lite
PC,WLNP-8-3,872,General Community Waterton Lakes National Park 2018,10,2018-07-01 04:53:00,6961,180,Pheugopedius sclateri,,,165.00,168.00,25.3,f,lite
PC,WLNP-8-3,872,General Community Waterton Lakes National Park 2018,10,2018-07-01 04:53:00,6961,180,Pheugopedius rutilus,Rufous-breasted Wren,RBSW,165.00,168.00,28.9,t,lite
PC,WLNP-8-3,872,General Community Waterton Lakes National Park 2018,10,2018-07-01 04:53:00,6961,180,Emberiza rustica,Rustic Bunting,RUBU,165.00,168.00,25.4,t,lite
PC,WLNP-8-3,872,General Community Waterton Lakes National Park 2018,10,2018-07-01 04:53:00,6961,180,Catharus guttatus,Hermit Thrush,HETH,168.00,171.00,26.9,t,lite
PC,WLNP-8-3,872,General Community Waterton Lakes National Park 2018,10,2018-07-01 04:53:00,6961,180,Catharus ustulatus,Swainson's Thrush,SWTH,168.00,171.00,78.4,t,lite
PC,WLNP-8-3,872,General Community Waterton Lakes National Park 2018,10,2018-07-01 04:53:00,6961,180,Catharus ustulatus,Swainson's Thrush,SWTH,171.00,174.00,70.3,t,lite
PC,WLNP-8-3,872,General Community Waterton Lakes National Park 2018,10,2018-07-01 04:53:00,6961,180,Hylocichla mustelina,Wood Thrush,WOTH,171.00,174.00,34.5,t,lite
PC,WLNP-8-3,872,General Community Waterton Lakes National Park 2018,10,2018-07-01 04:53:00,6961,180,Turdus libonyana,,,174.00,177.00,28.1,f,lite
PC,WLNP-8-3,872,General Community Waterton Lakes National Park 2018,10,2018-07-01 04:53:00,6961,180,Catharus ustulatus,Swainson's Thrush,SWTH,174.00,177.00,88.5,t,lite
PC,WLNP-8-3,872,General Community Waterton Lakes National Park 2018,10,2018-07-01 04:53:00,6961,180,Catharus mexicanus,Black-headed Nightingale-Thrush,BHNT,177.00,180.00,31.4,t,lite
PC,WLNP-8-3,872,General Community Waterton Lakes National Park 2018,10,2018-07-01 04:53:00,6961,180,Catharus ustulatus,Swainson's Thrush,SWTH,177.00,180.00,62.4,t,lite
PC,WLNP-8-3,872,General Community Waterton Lakes National Park 2018,10,2018-07-02 05:23:00,7056,180,Catharus ustulatus,Swainson's Thrush,SWTH,66.00,69.00,38.3,t,lite
PC,WLNP-8-3,872,General Community Waterton Lakes National Park 2018,10,2018-07-02 05:23:00,7056,180,Catharus ustulatus,Swainson's Thrush,SWTH,81.00,84.00,38.3,t,lite
PC,WLNP-8-3,872,General Community Waterton Lakes National Park 2018,10,2018-07-02 05:23:00,7056,180,Catharus ustulatus,Swainson's Thrush,SWTH,96.00,99.00,38.2,t,lite
PC,WLNP-8-3,872,General Community Waterton Lakes National Park 2018,10,2018-07-02 05:23:00,7056,180,Catharus ustulatus,Swainson's Thrush,SWTH,99.00,102.00,34.7,t,lite
PC,WLNP-8-3,872,General Community Waterton Lakes National Park 2018,10,2018-07-02 05:23:00,7056,180,Catharus ustulatus,Swainson's Thrush,SWTH,111.00,114.00,25.5,t,lite
PC,WLNP-8-3,872,General Community Waterton Lakes National Park 2018,10,2018-07-02 05:23:00,7056,180,Catharus ustulatus,Swainson's Thrush,SWTH,114.00,117.00,28.5,t,lite
PC,WLNP-8-3,872,General Community Waterton Lakes National Park 2018,10,2018-07-02 05:23:00,7056,180,Catharus ustulatus,Swainson's Thrush,SWTH,120.00,123.00,28.1,t,lite
PC,WLNP-8-3,872,General Community Waterton Lakes National Park 2018,10,2018-07-02 05:23:00,7056,180,Catharus ustulatus,Swainson's Thrush,SWTH,138.00,141.00,29.8,t,lite
PC,WLNP-8-3,872,General Community Waterton Lakes National Park 2018,10,2018-07-02 05:23:00,7056,180,Empidonax affinis,Pine Flycatcher,PINF,141.00,144.00,38.3,t,lite
PC,WLNP-8-3,872,General Community Waterton Lakes National Park 2018,10,2018-07-02 05:23:00,7056,180,Catharus ustulatus,Swainson's Thrush,SWTH,141.00,144.00,35.8,t,lite
PC,WLNP-8-3,872,General Community Waterton Lakes National Park 2018,10,2018-07-02 05:23:00,7056,180,Catharus ustulatus,Swainson's Thrush,SWTH,144.00,147.00,81.8,t,lite
PC,WLNP-8-3,872,General Community Waterton Lakes National Park 2018,10,2018-07-02 05:23:00,7056,180,Catharus ustulatus,Swainson's Thrush,SWTH,147.00,150.00,64.6,t,lite
PC,WLNP-8-3,872,General Community Waterton Lakes National Park 2018,10,2018-07-02 05:23:00,7056,180,Porzana porzana,Spotted Crake,SPCR,147.00,150.00,31.4,t,lite
PC,WLNP-8-3,872,General Community Waterton Lakes National Park 2018,10,2018-07-02 05:23:00,7056,180,Myiarchus tyrannulus,Brown-crested Flycatcher,BCFL,147.00,150.00,35.9,t,lite
PC,WLNP-8-3,872,General Community Waterton Lakes National Park 2018,10,2018-07-02 05:23:00,7056,180,Catharus ustulatus,Swainson's Thrush,SWTH,150.00,153.00,53.6,t,lite
PC,WLNP-8-3,872,General Community Waterton Lakes National Park 2018,10,2018-07-02 05:23:00,7056,180,Catharus ustulatus,Swainson's Thrush,SWTH,153.00,156.00,61.7,t,lite
PC,WLNP-8-3,872,General Community Waterton Lakes National Park 2018,10,2018-07-02 05:23:00,7056,180,Catharus ustulatus,Swainson's Thrush,SWTH,156.00,159.00,47.6,t,lite
PC,WLNP-8-3,872,General Community Waterton Lakes National Park 2018,10,2018-07-02 05:23:00,7056,180,Porzana porzana,Spotted Crake,SPCR,168.00,171.00,27.0,t,lite
PC,WLNP-8-3,872,General Community Waterton Lakes National Park 2018,10,2018-07-02 05:23:00,7056,180,Catharus ustulatus,Swainson's Thrush,SWTH,168.00,171.00,26.4,t,lite
PC,WLNP-8-3,872,General Community Waterton Lakes National Park 2018,10,2018-07-02 05:23:00,7056,180,Myiarchus tyrannulus,Brown-crested Flycatcher,BCFL,174.00,177.00,34.6,t,lite
PC,WLNP-8-3,872,General Community Waterton Lakes National Park 2018,10,2018-07-02 05:23:00,7056,180,Irena cyanogastra,,,174.00,177.00,46.9,f,lite
PC,WLNP-8-3,872,General Community Waterton Lakes National Park 2018,10,2018-07-02 05:23:00,7056,180,Porzana porzana,Spotted Crake,SPCR,174.00,177.00,39.6,t,lite
PC,WLNP-8-3,872,General Community Waterton Lakes National Park 2018,10,2018-07-02 05:23:00,7056,180,Merulaxis ater,,,174.00,177.00,28.0,f,lite
PC,WLNP-8-3,872,General Community Waterton Lakes National Park 2018,10,2018-07-02 05:23:00,7056,180,Catharus ustulatus,Swainson's Thrush,SWTH,174.00,177.00,56.1,t,lite
PC,WLNP-8-3,872,General Community Waterton Lakes National Park 2018,10,2018-07-02 05:23:00,7056,180,Automolus melanopezus,,,174.00,177.00,38.8,f,lite
PC,WLNP-8-3,872,General Community Waterton Lakes National Park 2018,10,2018-07-02 05:23:00,7056,180,Xolmis pyrope,,,174.00,177.00,26.0,f,lite
PC,WLNP-8-3,872,General Community Waterton Lakes National Park 2018,10,2018-07-05 04:56:00,7066,180,Catharus ustulatus,Swainson's Thrush,SWTH,0.00,3.00,42.9,t,lite
PC,WLNP-8-3,872,General Community Waterton Lakes National Park 2018,10,2018-07-05 04:56:00,7066,180,Catharus ustulatus,Swainson's Thrush,SWTH,6.00,9.00,45.9,t,lite
PC,WLNP-8-3,872,General Community Waterton Lakes National Park 2018,10,2018-07-05 04:56:00,7066,180,Catharus ustulatus,Swainson's Thrush,SWTH,12.00,15.00,68.0,t,lite
PC,WLNP-8-3,872,General Community Waterton Lakes National Park 2018,10,2018-07-05 04:56:00,7066,180,Catharus ustulatus,Swainson's Thrush,SWTH,15.00,18.00,88.5,t,lite
PC,WLNP-8-3,872,General Community Waterton Lakes National Park 2018,10,2018-07-05 04:56:00,7066,180,Catharus ustulatus,Swainson's Thrush,SWTH,18.00,21.00,88.5,t,lite
PC,WLNP-8-3,872,General Community Waterton Lakes National Park 2018,10,2018-07-05 04:56:00,7066,180,Catharus ustulatus,Swainson's Thrush,SWTH,21.00,24.00,66.3,t,lite
PC,WLNP-8-3,872,General Community Waterton Lakes National Park 2018,10,2018-07-05 04:56:00,7066,180,Catharus mexicanus,Black-headed Nightingale-Thrush,BHNT,24.00,27.00,26.9,t,lite
PC,WLNP-8-3,872,General Community Waterton Lakes National Park 2018,10,2018-07-05 04:56:00,7066,180,Catharus ustulatus,Swainson's Thrush,SWTH,24.00,27.00,86.6,t,lite
PC,WLNP-8-3,872,General Community Waterton Lakes National Park 2018,10,2018-07-05 04:56:00,7066,180,Catharus ustulatus,Swainson's Thrush,SWTH,27.00,30.00,90.7,t,lite
PC,WLNP-8-3,872,General Community Waterton Lakes National Park 2018,10,2018-07-05 04:56:00,7066,180,Catharus ustulatus,Swainson's Thrush,SWTH,30.00,33.00,81.6,t,lite
PC,WLNP-8-3,872,General Community Waterton Lakes National Park 2018,10,2018-07-05 04:56:00,7066,180,Catharus ustulatus,Swainson's Thrush,SWTH,33.00,36.00,59.3,t,lite
PC,WLNP-8-3,872,General Community Waterton Lakes National Park 2018,10,2018-07-05 04:56:00,7066,180,Catharus ustulatus,Swainson's Thrush,SWTH,36.00,39.00,42.4,t,lite
PC,WLNP-8-3,872,General Community Waterton Lakes National Park 2018,10,2018-07-05 04:56:00,7066,180,Catharus ustulatus,Swainson's Thrush,SWTH,39.00,42.00,94.5,t,lite
PC,WLNP-8-3,872,General Community Waterton Lakes National Park 2018,10,2018-07-05 04:56:00,7066,180,Catharus ustulatus,Swainson's Thrush,SWTH,42.00,45.00,86.4,t,lite
PC,WLNP-8-3,872,General Community Waterton Lakes National Park 2018,10,2018-07-05 04:56:00,7066,180,Catharus ustulatus,Swainson's Thrush,SWTH,45.00,48.00,50.6,t,lite
PC,WLNP-8-3,872,General Community Waterton Lakes National Park 2018,10,2018-07-05 04:56:00,7066,180,Catharus ustulatus,Swainson's Thrush,SWTH,48.00,51.00,84.7,t,lite
PC,WLNP-8-3,872,General Community Waterton Lakes National Park 2018,10,2018-07-05 04:56:00,7066,180,Catharus ustulatus,Swainson's Thrush,SWTH,51.00,54.00,92.1,t,lite
PC,WLNP-8-3,872,General Community Waterton Lakes National Park 2018,10,2018-07-05 04:56:00,7066,180,Pitta nympha,,,54.00,57.00,25.9,f,lite
PC,WLNP-8-3,872,General Community Waterton Lakes National Park 2018,10,2018-07-05 04:56:00,7066,180,Catharus ustulatus,Swainson's Thrush,SWTH,57.00,60.00,93.6,t,lite
PC,WLNP-8-3,872,General Community Waterton Lakes National Park 2018,10,2018-07-05 04:56:00,7066,180,Catharus ustulatus,Swainson's Thrush,SWTH,60.00,63.00,80.3,t,lite
PC,WLNP-8-3,872,General Community Waterton Lakes National Park 2018,10,2018-07-05 04:56:00,7066,180,Turdus libonyana,,,60.00,63.00,31.2,f,lite
PC,WLNP-8-3,872,General Community Waterton Lakes National Park 2018,10,2018-07-05 04:56:00,7066,180,Turdus merula,Eurasian Blackbird,EUBB,63.00,66.00,37.1,t,lite
PC,WLNP-8-3,872,General Community Waterton Lakes National Park 2018,10,2018-07-05 04:56:00,7066,180,Catharus ustulatus,Swainson's Thrush,SWTH,63.00,66.00,67.3,t,lite
PC,WLNP-8-3,872,General Community Waterton Lakes National Park 2018,10,2018-07-05 04:56:00,7066,180,Catharus ustulatus,Swainson's Thrush,SWTH,66.00,69.00,83.8,t,lite
PC,WLNP-8-3,872,General Community Waterton Lakes National Park 2018,10,2018-07-05 04:56:00,7066,180,Catharus ustulatus,Swainson's Thrush,SWTH,69.00,72.00,85.6,t,lite
PC,WLNP-8-3,872,General Community Waterton Lakes National Park 2018,10,2018-07-05 04:56:00,7066,180,Catharus ustulatus,Swainson's Thrush,SWTH,72.00,75.00,76.0,t,lite
PC,WLNP-8-3,872,General Community Waterton Lakes National Park 2018,10,2018-07-05 04:56:00,7066,180,Catharus ustulatus,Swainson's Thrush,SWTH,75.00,78.00,71.0,t,lite
PC,WLNP-8-3,872,General Community Waterton Lakes National Park 2018,10,2018-07-05 04:56:00,7066,180,Catharus ustulatus,Swainson's Thrush,SWTH,78.00,81.00,91.4,t,lite
PC,WLNP-8-3,872,General Community Waterton Lakes National Park 2018,10,2018-07-05 04:56:00,7066,180,Catharus ustulatus,Swainson's Thrush,SWTH,81.00,84.00,86.5,t,lite
PC,WLNP-8-3,872,General Community Waterton Lakes National Park 2018,10,2018-07-05 04:56:00,7066,180,Catharus ustulatus,Swainson's Thrush,SWTH,84.00,87.00,80.0,t,lite
PC,WLNP-8-3,872,General Community Waterton Lakes National Park 2018,10,2018-07-05 04:56:00,7066,180,Catharus ustulatus,Swainson's Thrush,SWTH,87.00,90.00,79.5,t,lite
PC,WLNP-8-3,872,General Community Waterton Lakes National Park 2018,10,2018-07-05 04:56:00,7066,180,Catharus ustulatus,Swainson's Thrush,SWTH,90.00,93.00,61.8,t,lite
PC,WLNP-8-3,872,General Community Waterton Lakes National Park 2018,10,2018-07-05 04:56:00,7066,180,Catharus ustulatus,Swainson's Thrush,SWTH,93.00,96.00,94.1,t,lite
PC,WLNP-8-3,872,General Community Waterton Lakes National Park 2018,10,2018-07-05 04:56:00,7066,180,Catharus ustulatus,Swainson's Thrush,SWTH,96.00,99.00,78.6,t,lite
PC,WLNP-8-3,872,General Community Waterton Lakes National Park 2018,10,2018-07-05 04:56:00,7066,180,Catharus ustulatus,Swainson's Thrush,SWTH,99.00,102.00,72.2,t,lite
PC,WLNP-8-3,872,General Community Waterton Lakes National Park 2018,10,2018-07-05 04:56:00,7066,180,Catharus ustulatus,Swainson's Thrush,SWTH,102.00,105.00,93.1,t,lite
PC,WLNP-8-3,872,General Community Waterton Lakes National Park 2018,10,2018-07-05 04:56:00,7066,180,Catharus ustulatus,Swainson's Thrush,SWTH,105.00,108.00,91.2,t,lite
PC,WLNP-8-3,872,General Community Waterton Lakes National Park 2018,10,2018-07-05 04:56:00,7066,180,Catharus ustulatus,Swainson's Thrush,SWTH,108.00,111.00,31.0,t,lite
PC,WLNP-8-3,872,General Community Waterton Lakes National Park 2018,10,2018-07-05 04:56:00,7066,180,Catharus ustulatus,Swainson's Thrush,SWTH,111.00,114.00,89.1,t,lite
PC,WLNP-8-3,872,General Community Waterton Lakes National Park 2018,10,2018-07-05 04:56:00,7066,180,Catharus ustulatus,Swainson's Thrush,SWTH,117.00,120.00,88.2,t,lite
PC,WLNP-8-3,872,General Community Waterton Lakes National Park 2018,10,2018-07-05 04:56:00,7066,180,Catharus ustulatus,Swainson's Thrush,SWTH,120.00,123.00,79.6,t,lite
PC,WLNP-8-3,872,General Community Waterton Lakes National Park 2018,10,2018-07-05 04:56:00,7066,180,Catharus ustulatus,Swainson's Thrush,SWTH,123.00,126.00,76.3,t,lite
PC,WLNP-8-3,872,General Community Waterton Lakes National Park 2018,10,2018-07-05 04:56:00,7066,180,Catharus ustulatus,Swainson's Thrush,SWTH,126.00,129.00,80.9,t,lite
PC,WLNP-8-3,872,General Community Waterton Lakes National Park 2018,10,2018-07-05 04:56:00,7066,180,Turdus merula,Eurasian Blackbird,EUBB,126.00,129.00,31.2,t,lite
PC,WLNP-8-3,872,General Community Waterton Lakes National Park 2018,10,2018-07-05 04:56:00,7066,180,Catharus ustulatus,Swainson's Thrush,SWTH,129.00,132.00,79.2,t,lite
PC,WLNP-8-3,872,General Community Waterton Lakes National Park 2018,10,2018-07-05 04:56:00,7066,180,Catharus ustulatus,Swainson's Thrush,SWTH,132.00,135.00,93.1,t,lite
PC,WLNP-8-3,872,General Community Waterton Lakes National Park 2018,10,2018-07-05 04:56:00,7066,180,Catharus ustulatus,Swainson's Thrush,SWTH,135.00,138.00,69.9,t,lite
PC,WLNP-8-3,872,General Community Waterton Lakes National Park 2018,10,2018-07-05 04:56:00,7066,180,Catharus ustulatus,Swainson's Thrush,SWTH,138.00,141.00,76.2,t,lite
PC,WLNP-8-3,872,General Community Waterton Lakes National Park 2018,10,2018-07-05 04:56:00,7066,180,Catharus ustulatus,Swainson's Thrush,SWTH,141.00,144.00,84.0,t,lite
PC,WLNP-8-3,872,General Community Waterton Lakes National Park 2018,10,2018-07-05 04:56:00,7066,180,Catharus ustulatus,Swainson's Thrush,SWTH,144.00,147.00,82.4,t,lite
PC,WLNP-8-3,872,General Community Waterton Lakes National Park 2018,10,2018-07-05 04:56:00,7066,180,Catharus ustulatus,Swainson's Thrush,SWTH,147.00,150.00,39.2,t,lite
PC,WLNP-8-3,872,General Community Waterton Lakes National Park 2018,10,2018-07-05 04:56:00,7066,180,Catharus ustulatus,Swainson's Thrush,SWTH,150.00,153.00,80.1,t,lite
PC,WLNP-8-3,872,General Community Waterton Lakes National Park 2018,10,2018-07-05 04:56:00,7066,180,Catharus ustulatus,Swainson's Thrush,SWTH,153.00,156.00,86.2,t,lite
PC,WLNP-8-3,872,General Community Waterton Lakes National Park 2018,10,2018-07-06 05:26:00,7055,180,Myadestes ralloides,,,45.00,48.00,28.7,f,lite
PC,WLNP-8-3,872,General Community Waterton Lakes National Park 2018,10,2018-07-06 05:26:00,7055,180,Helmitheros vermivorum,Worm-eating Warbler,WEWA,78.00,81.00,32.4,t,lite
PC,WLNP-8-3,872,General Community Waterton Lakes National Park 2018,10,2018-07-06 05:26:00,7055,180,Helmitheros vermivorum,Worm-eating Warbler,WEWA,93.00,96.00,39.5,t,lite
PC,WLNP-8-3,872,General Community Waterton Lakes National Park 2018,10,2018-07-06 05:26:00,7055,180,Spizella passerina,Chipping Sparrow,CHSP,93.00,96.00,27.7,t,lite
PC,WLNP-8-4,868,General Community Waterton Lakes National Park 2018,10,2018-06-29 04:51:00,7041,180,Catharus ustulatus,Swainson's Thrush,SWTH,15.00,18.00,43.6,t,lite
PC,WLNP-8-4,868,General Community Waterton Lakes National Park 2018,10,2018-06-29 04:51:00,7041,180,Catharus ustulatus,Swainson's Thrush,SWTH,21.00,24.00,48.3,t,lite
PC,WLNP-8-4,868,General Community Waterton Lakes National Park 2018,10,2018-06-29 04:51:00,7041,180,Catharus ustulatus,Swainson's Thrush,SWTH,33.00,36.00,60.7,t,lite
PC,WLNP-8-4,868,General Community Waterton Lakes National Park 2018,10,2018-06-29 04:51:00,7041,180,Catharus ustulatus,Swainson's Thrush,SWTH,48.00,51.00,47.0,t,lite
PC,WLNP-8-4,868,General Community Waterton Lakes National Park 2018,10,2018-06-29 04:51:00,7041,180,Pycnonotus jocosus,Red-whiskered Bulbul,RWBU,51.00,54.00,25.8,t,lite
PC,WLNP-8-4,868,General Community Waterton Lakes National Park 2018,10,2018-06-29 04:51:00,7041,180,Piranga ludoviciana,Western Tanager,WETA,60.00,63.00,29.4,t,lite
PC,WLNP-8-4,868,General Community Waterton Lakes National Park 2018,10,2018-06-29 04:51:00,7041,180,Piranga ludoviciana,Western Tanager,WETA,63.00,66.00,30.5,t,lite
PC,WLNP-8-4,868,General Community Waterton Lakes National Park 2018,10,2018-06-29 04:51:00,7041,180,Piranga ludoviciana,Western Tanager,WETA,66.00,69.00,28.2,t,lite
PC,WLNP-8-4,868,General Community Waterton Lakes National Park 2018,10,2018-06-29 04:51:00,7041,180,Piranga ludoviciana,Western Tanager,WETA,69.00,72.00,47.0,t,lite
PC,WLNP-8-4,868,General Community Waterton Lakes National Park 2018,10,2018-06-29 04:51:00,7041,180,Piranga bidentata,Flame-colored Tanager,FCTA,69.00,72.00,26.0,t,lite
PC,WLNP-8-4,868,General Community Waterton Lakes National Park 2018,10,2018-06-29 04:51:00,7041,180,Piranga ludoviciana,Western Tanager,WETA,72.00,75.00,38.5,t,lite
PC,WLNP-8-4,868,General Community Waterton Lakes National Park 2018,10,2018-06-29 04:51:00,7041,180,Piranga bidentata,Flame-colored Tanager,FCTA,72.00,75.00,28.7,t,lite
PC,WLNP-8-4,868,General Community Waterton Lakes National Park 2018,10,2018-06-29 04:51:00,7041,180,Piranga ludoviciana,Western Tanager,WETA,75.00,78.00,28.2,t,lite
PC,WLNP-8-4,868,General Community Waterton Lakes National Park 2018,10,2018-06-29 04:51:00,7041,180,Pycnonotus jocosus,Red-whiskered Bulbul,RWBU,90.00,93.00,30.5,t,lite
PC,WLNP-8-4,868,General Community Waterton Lakes National Park 2018,10,2018-06-29 04:51:00,7041,180,Piranga ludoviciana,Western Tanager,WETA,93.00,96.00,33.6,t,lite
PC,WLNP-8-4,868,General Community Waterton Lakes National Park 2018,10,2018-06-29 04:51:00,7041,180,Catharus ustulatus,Swainson's Thrush,SWTH,102.00,105.00,28.1,t,lite
PC,WLNP-8-4,868,General Community Waterton Lakes National Park 2018,10,2018-06-29 04:51:00,7041,180,Piranga ludoviciana,Western Tanager,WETA,129.00,132.00,32.4,t,lite
PC,WLNP-8-4,868,General Community Waterton Lakes National Park 2018,10,2018-06-29 04:51:00,7041,180,Piranga ludoviciana,Western Tanager,WETA,159.00,162.00,28.0,t,lite
PC,WLNP-8-4,868,General Community Waterton Lakes National Park 2018,10,2018-06-30 04:52:00,7006,180,Catharus ustulatus,Swainson's Thrush,SWTH,3.00,6.00,75.3,t,lite
PC,WLNP-8-4,868,General Community Waterton Lakes National Park 2018,10,2018-06-30 04:52:00,7006,180,Piranga ludoviciana,Western Tanager,WETA,6.00,9.00,26.5,t,lite
PC,WLNP-8-4,868,General Community Waterton Lakes National Park 2018,10,2018-06-30 04:52:00,7006,180,Empidonax oberholseri,Dusky Flycatcher,DUFL,6.00,9.00,27.1,t,lite
PC,WLNP-8-4,868,General Community Waterton Lakes National Park 2018,10,2018-06-30 04:52:00,7006,180,Catharus ustulatus,Swainson's Thrush,SWTH,9.00,12.00,36.8,t,lite
PC,WLNP-8-4,868,General Community Waterton Lakes National Park 2018,10,2018-06-30 04:52:00,7006,180,Piranga ludoviciana,Western Tanager,WETA,15.00,18.00,36.4,t,lite
PC,WLNP-8-4,868,General Community Waterton Lakes National Park 2018,10,2018-06-30 04:52:00,7006,180,Catharus ustulatus,Swainson's Thrush,SWTH,18.00,21.00,60.1,t,lite
PC,WLNP-8-4,868,General Community Waterton Lakes National Park 2018,10,2018-06-30 04:52:00,7006,180,Catharus ustulatus,Swainson's Thrush,SWTH,24.00,27.00,76.4,t,lite
PC,WLNP-8-4,868,General Community Waterton Lakes National Park 2018,10,2018-06-30 04:52:00,7006,180,Piranga ludoviciana,Western Tanager,WETA,27.00,30.00,26.7,t,lite
PC,WLNP-8-4,868,General Community Waterton Lakes National Park 2018,10,2018-06-30 04:52:00,7006,180,Catharus ustulatus,Swainson's Thrush,SWTH,30.00,33.00,33.1,t,lite
PC,WLNP-8-4,868,General Community Waterton Lakes National Park 2018,10,2018-06-30 04:52:00,7006,180,Catharus ustulatus,Swainson's Thrush,SWTH,36.00,39.00,73.7,t,lite
PC,WLNP-8-4,868,General Community Waterton Lakes National Park 2018,10,2018-06-30 04:52:00,7006,180,Catharus ustulatus,Swainson's Thrush,SWTH,42.00,45.00,27.6,t,lite
PC,WLNP-8-4,868,General Community Waterton Lakes National Park 2018,10,2018-06-30 04:52:00,7006,180,Catharus ustulatus,Swainson's Thrush,SWTH,45.00,48.00,32.3,t,lite
PC,WLNP-8-4,868,General Community Waterton Lakes National Park 2018,10,2018-06-30 04:52:00,7006,180,Catharus ustulatus,Swainson's Thrush,SWTH,51.00,54.00,57.5,t,lite
PC,WLNP-8-4,868,General Community Waterton Lakes National Park 2018,10,2018-06-30 04:52:00,7006,180,Catharus ustulatus,Swainson's Thrush,SWTH,57.00,60.00,63.5,t,lite
PC,WLNP-8-4,868,General Community Waterton Lakes National Park 2018,10,2018-06-30 04:52:00,7006,180,Catharus ustulatus,Swainson's Thrush,SWTH,63.00,66.00,38.6,t,lite
PC,WLNP-8-4,868,General Community Waterton Lakes National Park 2018,10,2018-06-30 04:52:00,7006,180,Catharus aurantiirostris,Orange-billed Nightingale-Thrush,OBNT,69.00,72.00,32.6,t,lite
PC,WLNP-8-4,868,General Community Waterton Lakes National Park 2018,10,2018-06-30 04:52:00,7006,180,Piranga ludoviciana,Western Tanager,WETA,75.00,78.00,32.7,t,lite
PC,WLNP-8-4,868,General Community Waterton Lakes National Park 2018,10,2018-06-30 04:52:00,7006,180,Piranga ludoviciana,Western Tanager,WETA,81.00,84.00,35.5,t,lite
PC,WLNP-8-4,868,General Community Waterton Lakes National Park 2018,10,2018-06-30 04:52:00,7006,180,Piranga ludoviciana,Western Tanager,WETA,87.00,90.00,32.7,t,lite
PC,WLNP-8-4,868,General Community Waterton Lakes National Park 2018,10,2018-06-30 04:52:00,7006,180,Piranga ludoviciana,Western Tanager,WETA,108.00,111.00,31.9,t,lite
PC,WLNP-8-4,868,General Community Waterton Lakes National Park 2018,10,2018-06-30 04:52:00,7006,180,Catharus ustulatus,Swainson's Thrush,SWTH,114.00,117.00,29.8,t,lite
PC,WLNP-8-4,868,General Community Waterton Lakes National Park 2018,10,2018-06-30 04:52:00,7006,180,Piranga ludoviciana,Western Tanager,WETA,120.00,123.00,28.4,t,lite
PC,WLNP-8-4,868,General Community Waterton Lakes National Park 2018,10,2018-06-30 04:52:00,7006,180,Gymnoris superciliaris,,,123.00,126.00,40.1,f,lite
PC,WLNP-8-4,868,General Community Waterton Lakes National Park 2018,10,2018-06-30 04:52:00,7006,180,Piranga ludoviciana,Western Tanager,WETA,129.00,132.00,34.5,t,lite
PC,WLNP-8-4,868,General Community Waterton Lakes National Park 2018,10,2018-06-30 04:52:00,7006,180,Catharus ustulatus,Swainson's Thrush,SWTH,138.00,141.00,31.6,t,lite
PC,WLNP-8-4,868,General Community Waterton Lakes National Park 2018,10,2018-06-30 04:52:00,7006,180,Piranga ludoviciana,Western Tanager,WETA,144.00,147.00,36.7,t,lite
PC,WLNP-8-4,868,General Community Waterton Lakes National Park 2018,10,2018-06-30 04:52:00,7006,180,Catharus ustulatus,Swainson's Thrush,SWTH,147.00,150.00,31.0,t,lite
PC,WLNP-8-4,868,General Community Waterton Lakes National Park 2018,10,2018-06-30 04:52:00,7006,180,Piranga ludoviciana,Western Tanager,WETA,150.00,153.00,32.1,t,lite
PC,WLNP-8-4,868,General Community Waterton Lakes National Park 2018,10,2018-06-30 04:52:00,7006,180,Piranga ludoviciana,Western Tanager,WETA,156.00,159.00,26.8,t,lite
PC,WLNP-8-4,868,General Community Waterton Lakes National Park 2018,10,2018-07-06 05:26:00,7040,180,Ficedula hypoleuca,European Pied Flycatcher,FICHYP,0.00,3.00,28.1,t,lite
PC,WLNP-8-4,868,General Community Waterton Lakes National Park 2018,10,2018-07-06 05:26:00,7040,180,Vireo leucophrys,Brown-capped Vireo,BCAV,0.00,3.00,30.6,t,lite
PC,WLNP-8-4,868,General Community Waterton Lakes National Park 2018,10,2018-07-06 05:26:00,7040,180,Vireo gilvus,Warbling Vireo,WAVI,0.00,3.00,56.0,t,lite
PC,WLNP-8-4,868,General Community Waterton Lakes National Park 2018,10,2018-07-06 05:26:00,7040,180,Vireo gilvus,Warbling Vireo,WAVI,3.00,6.00,63.8,t,lite
PC,WLNP-8-4,868,General Community Waterton Lakes National Park 2018,10,2018-07-06 05:26:00,7040,180,Ficedula hypoleuca,European Pied Flycatcher,FICHYP,6.00,9.00,31.8,t,lite
PC,WLNP-8-4,868,General Community Waterton Lakes National Park 2018,10,2018-07-06 05:26:00,7040,180,Vireo gilvus,Warbling Vireo,WAVI,6.00,9.00,80.1,t,lite
PC,WLNP-8-4,868,General Community Waterton Lakes National Park 2018,10,2018-07-06 05:26:00,7040,180,Vireo leucophrys,Brown-capped Vireo,BCAV,6.00,9.00,31.9,t,lite
PC,WLNP-8-4,868,General Community Waterton Lakes National Park 2018,10,2018-07-06 05:26:00,7040,180,Ficedula hypoleuca,European Pied Flycatcher,FICHYP,9.00,12.00,65.8,t,lite
PC,WLNP-8-4,868,General Community Waterton Lakes National Park 2018,10,2018-07-06 05:26:00,7040,180,Vireo gilvus,Warbling Vireo,WAVI,9.00,12.00,52.1,t,lite
PC,WLNP-8-4,868,General Community Waterton Lakes National Park 2018,10,2018-07-06 05:26:00,7040,180,Vireo gilvus,Warbling Vireo,WAVI,12.00,15.00,59.4,t,lite
PC,WLNP-8-4,868,General Community Waterton Lakes National Park 2018,10,2018-07-06 05:26:00,7040,180,Vireo gilvus,Warbling Vireo,WAVI,18.00,21.00,74.2,t,lite
PC,WLNP-8-4,868,General Community Waterton Lakes National Park 2018,10,2018-07-06 05:26:00,7040,180,Vireo gilvus,Warbling Vireo,WAVI,21.00,24.00,72.0,t,lite
PC,WLNP-8-4,868,General Community Waterton Lakes National Park 2018,10,2018-07-06 05:26:00,7040,180,Phylloscopus sarasinorum,,,21.00,24.00,38.0,f,lite
PC,WLNP-8-4,868,General Community Waterton Lakes National Park 2018,10,2018-07-06 05:26:00,7040,180,Vireo gilvus,Warbling Vireo,WAVI,24.00,27.00,70.9,t,lite
PC,WLNP-8-4,868,General Community Waterton Lakes National Park 2018,10,2018-07-06 05:26:00,7040,180,Vireo gilvus,Warbling Vireo,WAVI,27.00,30.00,59.5,t,lite
PC,WLNP-8-4,868,General Community Waterton Lakes National Park 2018,10,2018-07-06 05:26:00,7040,180,Vireo gilvus,Warbling Vireo,WAVI,33.00,36.00,42.2,t,lite
PC,WLNP-8-4,868,General Community Waterton Lakes National Park 2018,10,2018-07-06 05:26:00,7040,180,Piranga ludoviciana,Western Tanager,WETA,36.00,39.00,27.3,t,lite
PC,WLNP-8-4,868,General Community Waterton Lakes National Park 2018,10,2018-07-06 05:26:00,7040,180,Vireo gilvus,Warbling Vireo,WAVI,39.00,42.00,25.9,t,lite
PC,WLNP-8-4,868,General Community Waterton Lakes National Park 2018,10,2018-07-06 05:26:00,7040,180,Vireo gilvus,Warbling Vireo,WAVI,45.00,48.00,61.6,t,lite
PC,WLNP-8-4,868,General Community Waterton Lakes National Park 2018,10,2018-07-06 05:26:00,7040,180,Piranga ludoviciana,Western Tanager,WETA,48.00,51.00,30.8,t,lite
PC,WLNP-8-4,868,General Community Waterton Lakes National Park 2018,10,2018-07-06 05:26:00,7040,180,Ficedula hypoleuca,European Pied Flycatcher,FICHYP,51.00,54.00,35.0,t,lite
PC,WLNP-8-4,868,General Community Waterton Lakes National Park 2018,10,2018-07-06 05:26:00,7040,180,Vireo gilvus,Warbling Vireo,WAVI,51.00,54.00,73.0,t,lite
PC,WLNP-8-4,868,General Community Waterton Lakes National Park 2018,10,2018-07-06 05:26:00,7040,180,Phylloscopus sarasinorum,,,54.00,57.00,28.8,f,lite
PC,WLNP-8-4,868,General Community Waterton Lakes National Park 2018,10,2018-07-06 05:26:00,7040,180,Vireo leucophrys,Brown-capped Vireo,BCAV,57.00,60.00,31.8,t,lite
PC,WLNP-8-4,868,General Community Waterton Lakes National Park 2018,10,2018-07-06 05:26:00,7040,180,Vireo gilvus,Warbling Vireo,WAVI,57.00,60.00,68.1,t,lite
PC,WLNP-8-4,868,General Community Waterton Lakes National Park 2018,10,2018-07-06 05:26:00,7040,180,Vireo gilvus,Warbling Vireo,WAVI,63.00,66.00,61.4,t,lite
PC,WLNP-8-4,868,General Community Waterton Lakes National Park 2018,10,2018-07-06 05:26:00,7040,180,Vireo gilvus,Warbling Vireo,WAVI,66.00,69.00,39.0,t,lite
PC,WLNP-8-4,868,General Community Waterton Lakes National Park 2018,10,2018-07-06 05:26:00,7040,180,Phylloscopus sarasinorum,,,66.00,69.00,30.6,f,lite
PC,WLNP-8-4,868,General Community Waterton Lakes National Park 2018,10,2018-07-06 05:26:00,7040,180,Vireo gilvus,Warbling Vireo,WAVI,69.00,72.00,43.0,t,lite
PC,WLNP-8-4,868,General Community Waterton Lakes National Park 2018,10,2018-07-06 05:26:00,7040,180,Vireo gilvus,Warbling Vireo,WAVI,72.00,75.00,38.5,t,lite
PC,WLNP-8-4,868,General Community Waterton Lakes National Park 2018,10,2018-07-06 05:26:00,7040,180,Vireo gilvus,Warbling Vireo,WAVI,75.00,78.00,27.9,t,lite
PC,WLNP-8-4,868,General Community Waterton Lakes National Park 2018,10,2018-07-06 05:26:00,7040,180,Zosterops lateralis,,,78.00,81.00,25.6,f,lite
PC,WLNP-8-4,868,General Community Waterton Lakes National Park 2018,10,2018-07-06 05:26:00,7040,180,Vireo gilvus,Warbling Vireo,WAVI,78.00,81.00,62.5,t,lite
PC,WLNP-8-4,868,General Community Waterton Lakes National Park 2018,10,2018-07-06 05:26:00,7040,180,Ficedula hypoleuca,European Pied Flycatcher,FICHYP,78.00,81.00,28.9,t,lite
PC,WLNP-8-4,868,General Community Waterton Lakes National Park 2018,10,2018-07-06 05:26:00,7040,180,Vireo gilvus,Warbling Vireo,WAVI,84.00,87.00,46.4,t,lite
PC,WLNP-8-4,868,General Community Waterton Lakes National Park 2018,10,2018-07-06 05:26:00,7040,180,Vireo gilvus,Warbling Vireo,WAVI,87.00,90.00,51.4,t,lite
PC,WLNP-8-4,868,General Community Waterton Lakes National Park 2018,10,2018-07-06 05:26:00,7040,180,Vireo gilvus,Warbling Vireo,WAVI,90.00,93.00,68.0,t,lite
PC,WLNP-8-4,868,General Community Waterton Lakes National Park 2018,10,2018-07-06 05:26:00,7040,180,Ficedula hypoleuca,European Pied Flycatcher,FICHYP,90.00,93.00,38.2,t,lite
PC,WLNP-8-4,868,General Community Waterton Lakes National Park 2018,10,2018-07-06 05:26:00,7040,180,Vireo gilvus,Warbling Vireo,WAVI,96.00,99.00,47.4,t,lite
PC,WLNP-8-4,868,General Community Waterton Lakes National Park 2018,10,2018-07-06 05:26:00,7040,180,Ficedula hypoleuca,European Pied Flycatcher,FICHYP,96.00,99.00,35.8,t,lite
PC,WLNP-8-4,868,General Community Waterton Lakes National Park 2018,10,2018-07-06 05:26:00,7040,180,Phylloscopus sarasinorum,,,99.00,102.00,34.8,f,lite
PC,WLNP-8-4,868,General Community Waterton Lakes National Park 2018,10,2018-07-06 05:26:00,7040,180,Vireo gilvus,Warbling Vireo,WAVI,102.00,105.00,61.0,t,lite
PC,WLNP-8-4,868,General Community Waterton Lakes National Park 2018,10,2018-07-06 05:26:00,7040,180,Piranga ludoviciana,Western Tanager,WETA,105.00,108.00,30.2,t,lite
PC,WLNP-8-4,868,General Community Waterton Lakes National Park 2018,10,2018-07-06 05:26:00,7040,180,Vireo gilvus,Warbling Vireo,WAVI,108.00,111.00,47.9,t,lite
PC,WLNP-8-4,868,General Community Waterton Lakes National Park 2018,10,2018-07-06 05:26:00,7040,180,Vireo gilvus,Warbling Vireo,WAVI,111.00,114.00,48.3,t,lite
PC,WLNP-8-4,868,General Community Waterton Lakes National Park 2018,10,2018-07-06 05:26:00,7040,180,Phylloscopus sarasinorum,,,111.00,114.00,26.1,f,lite
PC,WLNP-8-4,868,General Community Waterton Lakes National Park 2018,10,2018-07-06 05:26:00,7040,180,Vireo leucophrys,Brown-capped Vireo,BCAV,114.00,117.00,32.2,t,lite
PC,WLNP-8-4,868,General Community Waterton Lakes National Park 2018,10,2018-07-06 05:26:00,7040,180,Vireo gilvus,Warbling Vireo,WAVI,114.00,117.00,70.8,t,lite
PC,WLNP-8-4,868,General Community Waterton Lakes National Park 2018,10,2018-07-06 05:26:00,7040,180,Piranga ludoviciana,Western Tanager,WETA,117.00,120.00,28.0,t,lite
PC,WLNP-8-4,868,General Community Waterton Lakes National Park 2018,10,2018-07-06 05:26:00,7040,180,Vireo gilvus,Warbling Vireo,WAVI,120.00,123.00,55.1,t,lite
PC,WLNP-8-4,868,General Community Waterton Lakes National Park 2018,10,2018-07-06 05:26:00,7040,180,Phylloscopus sarasinorum,,,126.00,129.00,36.8,f,lite
PC,WLNP-8-4,868,General Community Waterton Lakes National Park 2018,10,2018-07-06 05:26:00,7040,180,Vireo gilvus,Warbling Vireo,WAVI,129.00,132.00,32.8,t,lite
PC,WLNP-8-4,868,General Community Waterton Lakes National Park 2018,10,2018-07-06 05:26:00,7040,180,Vireo latimeri,Puerto Rican Vireo,PRVI,129.00,132.00,25.1,t,lite
PC,WLNP-8-4,868,General Community Waterton Lakes National Park 2018,10,2018-07-06 05:26:00,7040,180,Phylloscopus sarasinorum,,,129.00,132.00,35.5,f,lite
PC,WLNP-8-4,868,General Community Waterton Lakes National Park 2018,10,2018-07-06 05:26:00,7040,180,Phylloscopus sarasinorum,,,132.00,135.00,34.2,f,lite
PC,WLNP-8-4,868,General Community Waterton Lakes National Park 2018,10,2018-07-06 05:26:00,7040,180,Vireo gilvus,Warbling Vireo,WAVI,135.00,138.00,46.7,t,lite
PC,WLNP-8-4,868,General Community Waterton Lakes National Park 2018,10,2018-07-06 05:26:00,7040,180,Catharus ustulatus,Swainson's Thrush,SWTH,135.00,138.00,38.5,t,lite
PC,WLNP-8-4,868,General Community Waterton Lakes National Park 2018,10,2018-07-06 05:26:00,7040,180,Catharus ustulatus,Swainson's Thrush,SWTH,141.00,144.00,77.8,t,lite
PC,WLNP-8-4,868,General Community Waterton Lakes National Park 2018,10,2018-07-06 05:26:00,7040,180,Horornis seebohmi,,,141.00,144.00,37.6,f,lite
PC,WLNP-8-4,868,General Community Waterton Lakes National Park 2018,10,2018-07-06 05:26:00,7040,180,Catharus ustulatus,Swainson's Thrush,SWTH,144.00,147.00,38.3,t,lite
PC,WLNP-8-4,868,General Community Waterton Lakes National Park 2018,10,2018-07-06 05:26:00,7040,180,Vireo gilvus,Warbling Vireo,WAVI,147.00,150.00,33.6,t,lite
PC,WLNP-8-4,868,General Community Waterton Lakes National Park 2018,10,2018-07-06 05:26:00,7040,180,Catharus ustulatus,Swainson's Thrush,SWTH,153.00,156.00,27.2,t,lite
PC,WLNP-8-4,868,General Community Waterton Lakes National Park 2018,10,2018-07-06 05:26:00,7040,180,Vireo gilvus,Warbling Vireo,WAVI,153.00,156.00,45.3,t,lite
PC,WLNP-8-4,868,General Community Waterton Lakes National Park 2018,10,2018-07-06 05:26:00,7040,180,Catharus ustulatus,Swainson's Thrush,SWTH,156.00,159.00,83.2,t,lite
PC,WLNP-8-4,868,General Community Waterton Lakes National Park 2018,10,2018-07-06 05:26:00,7040,180,Vireo gilvus,Warbling Vireo,WAVI,159.00,162.00,31.6,t,lite
PC,WLNP-8-4,868,General Community Waterton Lakes National Park 2018,10,2018-07-06 05:26:00,7040,180,Catharus ustulatus,Swainson's Thrush,SWTH,162.00,165.00,81.2,t,lite
PC,WLNP-8-4,868,General Community Waterton Lakes National Park 2018,10,2018-07-06 05:26:00,7040,180,Vireo gilvus,Warbling Vireo,WAVI,165.00,168.00,49.5,t,lite
PC,WLNP-8-4,868,General Community Waterton Lakes National Park 2018,10,2018-07-06 05:26:00,7040,180,Catharus ustulatus,Swainson's Thrush,SWTH,168.00,171.00,39.4,t,lite
PC,WLNP-8-4,868,General Community Waterton Lakes National Park 2018,10,2018-07-06 05:26:00,7040,180,Vireo gilvus,Warbling Vireo,WAVI,171.00,174.00,33.7,t,lite
PC,WLNP-8-4,868,General Community Waterton Lakes National Park 2018,10,2018-07-06 05:26:00,7040,180,Catharus ustulatus,Swainson's Thrush,SWTH,177.00,180.00,57.8,t,lite
PC,WLNP-8-4,868,General Community Waterton Lakes National Park 2018,10,2018-07-10 05:30:00,6970,180,Zoothera aurea,White's Thrush,WHTH,9.00,12.00,29.5,t,lite
PC,WLNP-8-4,868,General Community Waterton Lakes National Park 2018,10,2018-07-10 05:30:00,6970,180,Piranga ludoviciana,Western Tanager,WETA,18.00,21.00,26.5,t,lite
PC,WLNP-8-4,868,General Community Waterton Lakes National Park 2018,10,2018-07-10 05:30:00,6970,180,Ramphocelus nigrogularis,,,39.00,42.00,27.4,f,lite
PC,WLNP-8-4,868,General Community Waterton Lakes National Park 2018,10,2018-07-10 05:30:00,6970,180,Zonotrichia leucophrys,White-crowned Sparrow,WCSP,42.00,45.00,26.1,t,lite
PC,WLNP-8-4,868,General Community Waterton Lakes National Park 2018,10,2018-07-10 05:30:00,6970,180,Prunella modularis,Dunnock,PRUMOD,48.00,51.00,37.5,t,lite
PC,WLNP-8-4,868,General Community Waterton Lakes National Park 2018,10,2018-07-10 05:30:00,6970,180,Phylloscopus borealis,Arctic Warbler,ARWA,48.00,51.00,31.0,t,lite
PC,WLNP-8-4,868,General Community Waterton Lakes National Park 2018,10,2018-07-10 05:30:00,6970,180,Asthenes palpebralis,,,54.00,57.00,39.2,f,lite
PC,WLNP-8-4,868,General Community Waterton Lakes National Park 2018,10,2018-07-10 05:30:00,6970,180,Catharus guttatus,Hermit Thrush,HETH,60.00,63.00,28.9,t,lite
PC,WLNP-8-4,868,General Community Waterton Lakes National Park 2018,10,2018-07-10 05:30:00,6970,180,Zoothera aurea,White's Thrush,WHTH,60.00,63.00,35.5,t,lite
PC,WLNP-8-4,868,General Community Waterton Lakes National Park 2018,10,2018-07-10 05:30:00,6970,180,Zonotrichia leucophrys,White-crowned Sparrow,WCSP,63.00,66.00,32.2,t,lite
PC,WLNP-8-4,868,General Community Waterton Lakes National Park 2018,10,2018-07-10 05:30:00,6970,180,Piranga ludoviciana,Western Tanager,WETA,66.00,69.00,27.5,t,lite
PC,WLNP-8-4,868,General Community Waterton Lakes National Park 2018,10,2018-07-10 05:30:00,6970,180,Piranga ludoviciana,Western Tanager,WETA,69.00,72.00,32.8,t,lite
PC,WLNP-8-4,868,General Community Waterton Lakes National Park 2018,10,2018-07-10 05:30:00,6970,180,Zoothera aurea,White's Thrush,WHTH,72.00,75.00,42.5,t,lite
PC,WLNP-8-4,868,General Community Waterton Lakes National Park 2018,10,2018-07-10 05:30:00,6970,180,Cyphorhinus thoracicus,,,72.00,75.00,26.0,f,lite
PC,WLNP-8-4,868,General Community Waterton Lakes National Park 2018,10,2018-07-10 05:30:00,6970,180,Zoothera aurea,White's Thrush,WHTH,81.00,84.00,44.1,t,lite
PC,WLNP-8-4,868,General Community Waterton Lakes National Park 2018,10,2018-07-10 05:30:00,6970,180,Zonotrichia leucophrys,White-crowned Sparrow,WCSP,105.00,108.00,26.7,t,lite
PC,WLNP-8-4,868,General Community Waterton Lakes National Park 2018,10,2018-07-10 05:30:00,6970,180,Asthenes palpebralis,,,108.00,111.00,35.1,f,lite
PC,WLNP-8-4,868,General Community Waterton Lakes National Park 2018,10,2018-07-10 05:30:00,6970,180,Emberiza cirlus,Cirl Bunting,EMBCIR,108.00,111.00,26.0,t,lite
PC,WLNP-8-4,868,General Community Waterton Lakes National Park 2018,10,2018-07-10 05:30:00,6970,180,Incaspiza laeta,,,132.00,135.00,25.6,f,lite
PC,WLNP-8-4,868,General Community Waterton Lakes National Park 2018,10,2018-07-10 05:30:00,6970,180,Spizella passerina,Chipping Sparrow,CHSP,135.00,138.00,30.3,t,lite
PC,WLNP-8-4,868,General Community Waterton Lakes National Park 2018,10,2018-07-10 05:30:00,6970,180,Emberiza cirlus,Cirl Bunting,EMBCIR,135.00,138.00,49.7,t,lite
PC,WLNP-8-4,868,General Community Waterton Lakes National Park 2018,10,2018-07-10 05:30:00,6970,180,Emberiza cirlus,Cirl Bunting,EMBCIR,144.00,147.00,35.1,t,lite
PC,WLNP-8-4,868,General Community Waterton Lakes National Park 2018,10,2018-07-10 05:30:00,6970,180,Emberiza spodocephala,,,150.00,153.00,28.9,f,lite
PC,WLNP-8-4,868,General Community Waterton Lakes National Park 2018,10,2018-07-10 05:30:00,6970,180,Emberiza spodocephala,,,153.00,156.00,29.8,f,lite
PC,WLNP-8-4,868,General Community Waterton Lakes National Park 2018,10,2018-07-10 05:30:00,6970,180,Emberiza cirlus,Cirl Bunting,EMBCIR,156.00,159.00,47.3,t,lite
PC,WLNP-8-4,868,General Community Waterton Lakes National Park 2018,10,2018-07-10 05:30:00,6970,180,Emberiza cirlus,Cirl Bunting,EMBCIR,168.00,171.00,42.4,t,lite
PC,WLNP-8-4,868,General Community Waterton Lakes National Park 2018,10,2018-07-10 05:30:00,6970,180,Emberiza spodocephala,,,171.00,174.00,28.5,f,lite
