organization,project_id,location,location_id,location_buffer_m,longitude,latitude,equipment_make,equipment_model,recording_id,recording_date_time,task_id,aru_task_status,task_duration,task_method,species_code,species_common_name,species_scientific_name,individual_order,tag_id,individual_count,vocalization,detection_time,tag_duration,rms_peak_dbfs,tag_is_verified,tag_rating,observer,observer_id,species_individual_comments,task_comments
PC,10,WLNP-1-1,873,,-114.035145,49.017160,,,7057,2018-06-28 05:21:00,9924,Transcribed,180s,1SPM,SWTH,Swainson's Thrush,CATHARUS USTULATUS,2,41284,1,S-C,140.56,1.29,-52.14,f,,Christopher Wagner,39,,
PC,10,WLNP-1-1,873,,-114.035145,49.017160,,,7057,2018-06-28 05:21:00,9924,Transcribed,180s,1SPM,UNAM,Unidentified passerine in the American Robin Song Complex,"",1,43948,1,Song,61.08,4.29,-42.84,f,,Christopher Wagner,39,,
PC,10,WLNP-1-1,873,,-114.035145,49.017160,,,7057,2018-06-28 05:21:00,9924,Transcribed,180s,1SPM,UNAM,Unidentified passerine in the American Robin Song Complex,"",1,43953,1,Song,120.86,4.40,-40.47,f,,Christopher Wagner,39,,
PC,10,WLNP-1-1,873,,-114.035145,49.017160,,,7057,2018-06-28 05:21:00,9924,Transcribed,180s,1SPM,DEJU,Dark-eyed Junco,JUNCO HYEMALIS,1,41288,1,Song,122.18,1.74,-40.21,f,,Christopher Wagner,39,,
PC,10,WLNP-1-1,873,,-114.035145,49.017160,,,7057,2018-06-28 05:21:00,9924,Transcribed,180s,1SPM,DEJU,Dark-eyed Junco,JUNCO HYEMALIS,1,41289,1,Song,61.31,1.66,-41.1,f,,Christopher Wagner,39,,
PC,10,WLNP-1-1,873,,-114.035145,49.017160,,,7057,2018-06-28 05:21:00,9924,Transcribed,180s,1SPM,DEJU,Dark-eyed Junco,JUNCO HYEMALIS,1,43942,1,Song,0.00,1.25,-40.13,f,,Christopher Wagner,39,,
PC,10,WLNP-1-1,873,,-114.035145,49.017160,,,7057,2018-06-28 05:21:00,9924,Transcribed,180s,1SPM,DEJU,Dark-eyed Junco,JUNCO HYEMALIS,2,41290,1,Song,65.34,1.54,-40.4,f,,Christopher Wagner,39,,
PC,10,WLNP-1-1,873,,-114.035145,49.017160,,,7057,2018-06-28 05:21:00,9924,Transcribed,180s,1SPM,DEJU,Dark-eyed Junco,JUNCO HYEMALIS,2,43943,1,Song,3.04,1.65,-49.75,f,,Christopher Wagner,39,,
PC,10,WLNP-1-1,873,,-114.035145,49.017160,,,7057,2018-06-28 05:21:00,9924,Transcribed,180s,1SPM,DEJU,Dark-eyed Junco,JUNCO HYEMALIS,2,41287,1,Song,120.49,1.49,-53.08,f,,Christopher Wagner,39,,
PC,10,WLNP-1-1,873,,-114.035145,49.017160,,,7057,2018-06-28 05:21:00,9924,Transcribed,180s,1SPM,GRAJ,Gray Jay,PERISOREUS CANADENSIS,1,43954,1,Call,125.18,1.59,-55.61,f,,Christopher Wagner,39,,
PC,10,WLNP-1-1,873,,-114.035145,49.017160,,,7057,2018-06-28 05:21:00,9924,Transcribed,180s,1SPM,VATH,Varied Thrush,IXOREUS NAEVIUS,1,41282,1,Song,124.40,1.30,-59.54,f,,Christopher Wagner,39,,
PC,10,WLNP-1-1,873,,-114.035145,49.017160,,,7057,2018-06-28 05:21:00,9924,Transcribed,180s,1SPM,SWTH,Swainson's Thrush,CATHARUS USTULATUS,2,41278,1,S-C,10.49,1.15,-47.61,f,,Christopher Wagner,39,,
PC,10,WLNP-1-1,873,,-114.035145,49.017160,,,7057,2018-06-28 05:21:00,9924,Transcribed,180s,1SPM,UNAM,Unidentified passerine in the American Robin Song Complex,"",1,43945,1,Song,0.66,2.91,-42.22,f,,Christopher Wagner,39,,
PC,10,WLNP-1-1,873,,-114.035145,49.017160,,,7057,2018-06-28 05:21:00,9924,Transcribed,180s,1SPM,SWTH,Swainson's Thrush,CATHARUS USTULATUS,1,43952,1,S-C,120.14,1.38,-52.14,f,,Christopher Wagner,39,,
PC,10,WLNP-1-1,873,,-114.035145,49.017160,,,7057,2018-06-28 05:21:00,9924,Transcribed,180s,1SPM,SWTH,Swainson's Thrush,CATHARUS USTULATUS,1,43950,1,S-C,4.06,1.43,-45.1,f,,Christopher Wagner,39,,
PC,10,WLNP-1-1,873,,-114.035145,49.017160,,,7057,2018-06-28 05:21:00,9924,Transcribed,180s,1SPM,SWTH,Swainson's Thrush,CATHARUS USTULATUS,1,43949,1,S-C,63.99,1.58,-43.52,f,,Christopher Wagner,39,,
PC,10,WLNP-1-1,873,,-114.035145,49.017160,,,7057,2018-06-28 05:21:00,9924,Transcribed,180s,1SPM,VATH,Varied Thrush,IXOREUS NAEVIUS,1,41280,1,Song,66.74,1.29,-52.07,f,,Christopher Wagner,39,,
PC,10,WLNP-1-1,873,,-114.035145,49.017160,,,7057,2018-06-28 05:21:00,9924,Transcribed,180s,1SPM,VATH,Varied Thrush,IXOREUS NAEVIUS,1,41277,1,Song,0.00,1.06,-47.05,f,,Christopher Wagner,39,,
PC,10,WLNP-1-1,873,,-114.035145,49.017160,,,7057,2018-06-28 05:21:00,9924,Transcribed,180s,1SPM,GCKI,Golden-crowned Kinglet,REGULUS SATRAPA,1,43960,1,Song,63.49,2.01,-66.71,f,,Christopher Wagner,39,,
PC,10,WLNP-1-1,873,,-114.035145,49.017160,,,7057,2018-06-28 05:21:00,9924,Transcribed,180s,1SPM,GCKI,Golden-crowned Kinglet,REGULUS SATRAPA,1,43963,1,Song,131.41,2.35,-64.26,f,,Christopher Wagner,39,,
PC,10,WLNP-1-1,873,,-114.035145,49.017160,,,7057,2018-06-28 05:21:00,9924,Transcribed,180s,1SPM,MGWA,MacGillivray's Warbler,GEOTHLYPIS TOLMIEI,1,43961,1,Song,78.36,1.44,-42.14,f,,Christopher Wagner,39,,
PC,10,WLNP-1-1,873,,-114.035145,49.017160,,,7057,2018-06-28 05:21:00,9924,Transcribed,180s,1SPM,MGWA,MacGillivray's Warbler,GEOTHLYPIS TOLMIEI,1,43947,1,Song,1.15,1.45,-55.62,f,,Christopher Wagner,39,,
PC,10,WLNP-1-1,873,,-114.035145,49.017160,,,7057,2018-06-28 05:21:00,9924,Transcribed,180s,1SPM,MGWA,MacGillivray's Warbler,GEOTHLYPIS TOLMIEI,1,43962,1,Song,124.66,1.54,-51.36,f,,Christopher Wagner,39,,
PC,10,WLNP-1-1,873,,-114.035145,49.017160,,,7057,2018-06-28 05:21:00,9924,Transcribed,180s,1SPM,MGWA,MacGillivray's Warbler,GEOTHLYPIS TOLMIEI,2,43956,1,Song,32.74,1.35,-47.27,f,,Christopher Wagner,39,,
PC,10,WLNP-1-1,873,,-114.035145,49.017160,,,7057,2018-06-28 05:21:00,9924,Transcribed,180s,1SPM,MGWA,MacGillivray's Warbler,GEOTHLYPIS TOLMIEI,2,43957,1,Song,66.93,1.21,-53.4,f,,Christopher Wagner,39,,
PC,10,WLNP-1-1,873,,-114.035145,49.017160,,,7057,2018-06-28 05:21:00,9924,Transcribed,180s,1SPM,MGWA,MacGillivray's Warbler,GEOTHLYPIS TOLMIEI,2,43958,1,Song,123.04,1.31,-40.07,f,,Christopher Wagner,39,,
PC,10,WLNP-1-1,873,,-114.035145,49.017160,,,7057,2018-06-28 05:21:00,9924,Transcribed,180s,1SPM,OSFL,Olive-sided Flycatcher,CONTOPUS COOPERI,1,41285,1,Song,143.90,0.95,-54.79,f,,Christopher Wagner,39,,
PC,10,WLNP-1-1,873,,-114.035145,49.017160,,,7057,2018-06-28 05:21:00,9924,Transcribed,180s,1SPM,OSFL,Olive-sided Flycatcher,CONTOPUS COOPERI,1,41279,1,Song,18.79,0.93,-57.96,f,,Christopher Wagner,39,,
PC,10,WLNP-1-1,873,,-114.035145,49.017160,,,7057,2018-06-28 05:21:00,9924,Transcribed,180s,1SPM,OSFL,Olive-sided Flycatcher,CONTOPUS COOPERI,1,43951,1,Song,98.49,1.05,-56.89,f,,Christopher Wagner,39,,
PC,10,WLNP-1-1,873,,-114.035145,49.017160,,,7057,2018-06-28 05:21:00,9924,Transcribed,180s,1SPM,COLO,Common Loon,GAVIA IMMER,1,41286,1,Call,156.25,3.48,-53.09,f,,Christopher Wagner,39,,
PC,10,WLNP-1-1,873,,-114.035145,49.017160,,,7057,2018-06-28 05:21:00,9924,Transcribed,180s,1SPM,UNWO,Unidentified Woodpecker,"",1,41283,1,Non-vocal,126.65,1.99,-54.77,f,,Christopher Wagner,39,,
PC,10,WLNP-1-1,873,,-114.035145,49.017160,,,7057,2018-06-28 05:21:00,9924,Transcribed,180s,1SPM,UNWO,Unidentified Woodpecker,"",1,41281,1,Non-vocal,60.89,1.43,-40.5,f,,Christopher Wagner,39,,
PC,10,WLNP-1-1,873,,-114.035145,49.017160,,,7057,2018-06-28 05:21:00,9924,Transcribed,180s,1SPM,UNWO,Unidentified Woodpecker,"",1,43941,1,Non-vocal,54.83,1.55,-47.53,f,,Christopher Wagner,39,,
PC,10,WLNP-1-1,873,,-114.035145,49.017160,,,7057,2018-06-28 05:21:00,9924,Transcribed,180s,1SPM,GCKI,Golden-crowned Kinglet,REGULUS SATRAPA,1,43959,1,Song,6.56,2.33,-67.67,f,,Christopher Wagner,39,,
PC,10,WLNP-1-1,873,,-114.035145,49.017160,,,6992,2018-07-01 04:53:00,9995,Transcribed,180s,1SPM,VATH,Varied Thrush,IXOREUS NAEVIUS,1,44422,TMTT,Song,1.99,1.58,-55.53,f,,Tyne Baker,23,AE:2-3,"Trees creaking, moderate wind with heavier gusts."
PC,10,WLNP-1-1,873,,-114.035145,49.017160,,,6992,2018-07-01 04:53:00,9995,Transcribed,180s,1SPM,HETH,Hermit Thrush,CATHARUS GUTTATUS,1,44455,TMTT,Song,121.30,1.44,-41.29,f,,Tyne Baker,23,"AE:2-4, some very distant","Trees creaking, moderate wind with heavier gusts."
PC,10,WLNP-1-1,873,,-114.035145,49.017160,,,6992,2018-07-01 04:53:00,9995,Transcribed,180s,1SPM,HETH,Hermit Thrush,CATHARUS GUTTATUS,1,44443,TMTT,Song,61.29,1.35,-41.85,f,,Tyne Baker,23,"AE:2-4, some very distant","Trees creaking, moderate wind with heavier gusts."
PC,10,WLNP-1-1,873,,-114.035145,49.017160,,,6992,2018-07-01 04:53:00,9995,Transcribed,180s,1SPM,HETH,Hermit Thrush,CATHARUS GUTTATUS,1,44419,TMTT,Song,0.01,1.13,-52.97,f,,Tyne Baker,23,"AE:2-4, some very distant","Trees creaking, moderate wind with heavier gusts."
PC,10,WLNP-1-1,873,,-114.035145,49.017160,,,6992,2018-07-01 04:53:00,9995,Transcribed,180s,1SPM,DEJU,Dark-eyed Junco,JUNCO HYEMALIS,1,44440,1,Song,60.75,1.70,-42.28,f,,Tyne Baker,23,suspect PAWA confidence:Unknown far,"Trees creaking, moderate wind with heavier gusts."
PC,10,WLNP-1-1,873,,-114.035145,49.017160,,,6992,2018-07-01 04:53:00,9995,Transcribed,180s,1SPM,DEJU,Dark-eyed Junco,JUNCO HYEMALIS,1,44457,1,Song,120.75,1.86,-41.77,f,,Tyne Baker,23,suspect PAWA confidence:Unknown far,"Trees creaking, moderate wind with heavier gusts."
PC,10,WLNP-1-1,873,,-114.035145,49.017160,,,6992,2018-07-01 04:53:00,9995,Transcribed,180s,1SPM,DEJU,Dark-eyed Junco,JUNCO HYEMALIS,1,44426,1,Song,2.00,1.55,-54.51,f,,Tyne Baker,23,suspect PAWA confidence:Unknown far,"Trees creaking, moderate wind with heavier gusts."
PC,10,WLNP-1-1,873,,-114.035145,49.017160,,,6992,2018-07-01 04:53:00,9995,Transcribed,180s,1SPM,UNAM,Unidentified passerine in the American Robin Song Complex,"",1,44432,TMTT,Song,11.54,2.45,-52.06,f,,Tyne Baker,23,"AE:2-3, AMRO or Grosbeak","Trees creaking, moderate wind with heavier gusts."
PC,10,WLNP-1-1,873,,-114.035145,49.017160,,,6992,2018-07-01 04:53:00,9995,Transcribed,180s,1SPM,LIBA,Light Background Noise,"",1,44433,1,Non-vocal,22.78,1.66,-43.29,f,,Tyne Baker,23,creaking trees,"Trees creaking, moderate wind with heavier gusts."
PC,10,WLNP-1-1,873,,-114.035145,49.017160,,,6992,2018-07-01 04:53:00,9995,Transcribed,180s,1SPM,LIBA,Light Background Noise,"",1,44447,1,Non-vocal,65.30,1.41,-35.52,f,,Tyne Baker,23,creaking trees,"Trees creaking, moderate wind with heavier gusts."
PC,10,WLNP-1-1,873,,-114.035145,49.017160,,,6992,2018-07-01 04:53:00,9995,Transcribed,180s,1SPM,MOWI,Moderate wind,"",1,44435,1,Non-vocal,37.89,2.55,-2.44,f,,Tyne Baker,23,,"Trees creaking, moderate wind with heavier gusts."
PC,10,WLNP-1-1,873,,-114.035145,49.017160,,,6992,2018-07-01 04:53:00,9995,Transcribed,180s,1SPM,HEWI,Heavy wind,"",1,44458,1,Non-vocal,127.48,3.90,-2.37,f,,Tyne Baker,23,,"Trees creaking, moderate wind with heavier gusts."
PC,10,WLNP-1-1,873,,-114.035145,49.017160,,,6992,2018-07-01 04:53:00,9995,Transcribed,180s,1SPM,VATH,Varied Thrush,IXOREUS NAEVIUS,1,44467,TMTT,Song,157.29,1.78,-49.08,f,,Tyne Baker,23,AE:2-3,"Trees creaking, moderate wind with heavier gusts."
PC,10,WLNP-1-1,873,,-114.035145,49.017160,,,6992,2018-07-01 04:53:00,9995,Transcribed,180s,1SPM,VATH,Varied Thrush,IXOREUS NAEVIUS,1,44450,TMTT,Song,72.18,2.01,-43.92,f,,Tyne Baker,23,AE:2-3,"Trees creaking, moderate wind with heavier gusts."
PC,10,WLNP-1-1,873,,-114.035145,49.017160,,,6992,2018-07-01 04:53:00,9995,Transcribed,180s,1SPM,HEWI,Heavy wind,"",1,44453,1,Non-vocal,77.49,6.38,-14.24,f,,Tyne Baker,23,,"Trees creaking, moderate wind with heavier gusts."
PC,10,WLNP-1-1,873,,-114.035145,49.017160,,,6993,2018-07-07 04:57:00,9996,Transcribed,180s,1SPM,MGWA,MacGillivray's Warbler,GEOTHLYPIS TOLMIEI,1,44639,1,Song,3.56,1.40,-52.09,f,,Tyne Baker,23,,rushing water or traffic noise contributing to background noise 
PC,10,WLNP-1-1,873,,-114.035145,49.017160,,,6993,2018-07-07 04:57:00,9996,Transcribed,180s,1SPM,VATH,Varied Thrush,IXOREUS NAEVIUS,1,44634,TMTT,Song,0.14,1.55,-56.09,f,,Tyne Baker,23,AE:3-5,rushing water or traffic noise contributing to background noise 
PC,10,WLNP-1-1,873,,-114.035145,49.017160,,,6993,2018-07-07 04:57:00,9996,Transcribed,180s,1SPM,VATH,Varied Thrush,IXOREUS NAEVIUS,1,44706,TMTT,Song,120.29,1.56,-58.69,f,,Tyne Baker,23,AE:3-5,rushing water or traffic noise contributing to background noise 
PC,10,WLNP-1-1,873,,-114.035145,49.017160,,,6993,2018-07-07 04:57:00,9996,Transcribed,180s,1SPM,SWTH,Swainson's Thrush,CATHARUS USTULATUS,1,44696,1,Song,61.25,1.20,-56.06,f,,Tyne Baker,23,,rushing water or traffic noise contributing to background noise 
PC,10,WLNP-1-1,873,,-114.035145,49.017160,,,6993,2018-07-07 04:57:00,9996,Transcribed,180s,1SPM,SWTH,Swainson's Thrush,CATHARUS USTULATUS,1,44708,1,Song,121.28,1.10,-51.37,f,,Tyne Baker,23,,rushing water or traffic noise contributing to background noise 
PC,10,WLNP-1-1,873,,-114.035145,49.017160,,,6993,2018-07-07 04:57:00,9996,Transcribed,180s,1SPM,SWTH,Swainson's Thrush,CATHARUS USTULATUS,1,44635,1,Song,1.71,1.35,-54.44,f,,Tyne Baker,23,,rushing water or traffic noise contributing to background noise 
PC,10,WLNP-1-1,873,,-114.035145,49.017160,,,6993,2018-07-07 04:57:00,9996,Transcribed,180s,1SPM,BCCH,Black-capped Chickadee,POECILE ATRICAPILLUS,1,44714,1,Song,138.43,1.30,-45.84,f,,Tyne Baker,23,,rushing water or traffic noise contributing to background noise 
PC,10,WLNP-1-1,873,,-114.035145,49.017160,,,6993,2018-07-07 04:57:00,9996,Transcribed,180s,1SPM,CCSP,Clay-colored Sparrow,SPIZELLA PALLIDA,1,44712,1,Song,123.60,1.16,-60.92,f,,Tyne Baker,23,,rushing water or traffic noise contributing to background noise 
PC,10,WLNP-1-1,873,,-114.035145,49.017160,,,6993,2018-07-07 04:57:00,9996,Transcribed,180s,1SPM,LIRA,Light rain,"",1,44702,1,Non-vocal,107.61,3.19,-39.27,f,,Tyne Baker,23,rain starts later in recording,rushing water or traffic noise contributing to background noise 
PC,10,WLNP-1-1,873,,-114.035145,49.017160,,,6993,2018-07-07 04:57:00,9996,Transcribed,180s,1SPM,LIRA,Light rain,"",1,44704,1,Non-vocal,120.19,2.54,-45.92,f,,Tyne Baker,23,rain starts later in recording,rushing water or traffic noise contributing to background noise 
PC,10,WLNP-1-1,873,,-114.035145,49.017160,,,6993,2018-07-07 04:57:00,9996,Transcribed,180s,1SPM,LIWI,Light wind,"",1,44703,1,Non-vocal,117.40,2.64,-14.68,f,,Tyne Baker,23,,rushing water or traffic noise contributing to background noise 
PC,10,WLNP-1-1,873,,-114.035145,49.017160,,,6993,2018-07-07 04:57:00,9996,Transcribed,180s,1SPM,LIWI,Light wind,"",1,44705,1,Non-vocal,120.11,1.95,-14.66,f,,Tyne Baker,23,,rushing water or traffic noise contributing to background noise 
PC,10,WLNP-1-1,873,,-114.035145,49.017160,,,6993,2018-07-07 04:57:00,9996,Transcribed,180s,1SPM,VATH,Varied Thrush,IXOREUS NAEVIUS,1,44694,TMTT,Song,62.23,2.04,-43.18,f,,Tyne Baker,23,AE:3-5,rushing water or traffic noise contributing to background noise 
PC,10,WLNP-1-1,873,,-114.035145,49.017160,,,6993,2018-07-07 04:57:00,9996,Transcribed,180s,1SPM,MGWA,MacGillivray's Warbler,GEOTHLYPIS TOLMIEI,1,44695,1,Song,64.66,1.56,-54.36,f,,Tyne Baker,23,,rushing water or traffic noise contributing to background noise 
PC,10,WLNP-1-1,873,,-114.035145,49.017160,,,6993,2018-07-07 04:57:00,9996,Transcribed,180s,1SPM,MGWA,MacGillivray's Warbler,GEOTHLYPIS TOLMIEI,1,44716,1,Song,178.48,1.51,-57.22,f,,Tyne Baker,23,,rushing water or traffic noise contributing to background noise 
PC,10,WLNP-1-1,873,,-114.035145,49.017160,,,6993,2018-07-07 04:57:00,9996,Transcribed,180s,1SPM,OSFL,Olive-sided Flycatcher,CONTOPUS COOPERI,1,44640,1,Song,2.40,0.88,-59.44,f,,Tyne Baker,23,,rushing water or traffic noise contributing to background noise 
PC,10,WLNP-1-1,873,,-114.035145,49.017160,,,6993,2018-07-07 04:57:00,9996,Transcribed,180s,1SPM,OSFL,Olive-sided Flycatcher,CONTOPUS COOPERI,1,44698,1,Song,71.11,1.16,-59.97,f,,Tyne Baker,23,,rushing water or traffic noise contributing to background noise 
PC,10,WLNP-1-1,873,,-114.035145,49.017160,,,6993,2018-07-07 04:57:00,9996,Transcribed,180s,1SPM,OSFL,Olive-sided Flycatcher,CONTOPUS COOPERI,1,44713,1,Song,134.25,1.19,-52.94,f,,Tyne Baker,23,,rushing water or traffic noise contributing to background noise 
PC,10,WLNP-1-1,873,,-114.035145,49.017160,,,6993,2018-07-07 04:57:00,9996,Transcribed,180s,1SPM,UNAM,Unidentified passerine in the American Robin Song Complex,"",1,44636,TMTT,Song,0.16,1.66,-56.14,f,,Tyne Baker,23,"suspect amro or grosbeaks, a lot of overlap confidence:Unknown far",rushing water or traffic noise contributing to background noise 
PC,10,WLNP-1-1,873,,-114.035145,49.017160,,,6993,2018-07-07 04:57:00,9996,Transcribed,180s,1SPM,UNAM,Unidentified passerine in the American Robin Song Complex,"",1,44697,TMTT,Song,60.13,3.03,-49.28,f,,Tyne Baker,23,"suspect amro or grosbeaks, a lot of overlap confidence:Unknown far",rushing water or traffic noise contributing to background noise 
PC,10,WLNP-1-1,873,,-114.035145,49.017160,,,6993,2018-07-07 04:57:00,9996,Transcribed,180s,1SPM,UNAM,Unidentified passerine in the American Robin Song Complex,"",1,44710,TMTT,Song,120.06,1.18,-56.88,f,,Tyne Baker,23,"suspect amro or grosbeaks, a lot of overlap confidence:Unknown far",rushing water or traffic noise contributing to background noise 
PC,10,WLNP-1-1,873,,-114.035145,49.017160,,,6993,2018-07-07 04:57:00,9996,Transcribed,180s,1SPM,DEJU,Dark-eyed Junco,JUNCO HYEMALIS,1,44692,1,Song,24.16,1.65,-54.91,f,,Tyne Baker,23,,rushing water or traffic noise contributing to background noise 
PC,10,WLNP-1-1,873,,-114.035145,49.017160,,,6993,2018-07-07 04:57:00,9996,Transcribed,180s,1SPM,AMRO,American Robin,TURDUS MIGRATORIUS,1,44691,1,Song,6.45,3.48,-51.47,f,,Tyne Baker,23,or RGBR,rushing water or traffic noise contributing to background noise 
PC,10,WLNP-1-1,873,,-114.035145,49.017160,,,6993,2018-07-07 04:57:00,9996,Transcribed,180s,1SPM,HETH,Hermit Thrush,CATHARUS GUTTATUS,1,44683,1,Song,4.50,1.88,-48.91,f,,Tyne Baker,23,,rushing water or traffic noise contributing to background noise 
PC,10,WLNP-1-1,873,,-114.035145,49.017160,,,6993,2018-07-07 04:57:00,9996,Transcribed,180s,1SPM,HETH,Hermit Thrush,CATHARUS GUTTATUS,1,44693,1,Song,60.11,1.35,-53.29,f,,Tyne Baker,23,,rushing water or traffic noise contributing to background noise 
PC,10,WLNP-1-1,873,,-114.035145,49.017160,,,6993,2018-07-07 04:57:00,9996,Transcribed,180s,1SPM,HETH,Hermit Thrush,CATHARUS GUTTATUS,1,44709,1,Song,122.41,1.21,-46.94,f,,Tyne Baker,23,,rushing water or traffic noise contributing to background noise 
PC,10,WLNP-1-1,873,,-114.035145,49.017160,,,6994,2018-07-09 04:59:00,9997,Transcribed,180s,1SPM,OSFL,Olive-sided Flycatcher,CONTOPUS COOPERI,1,45445,TMTT,Song,0.08,0.91,-51.28,f,,Tyne Baker,23,"AE:2-4, overlap, but some distant",rushing water in background
PC,10,WLNP-1-1,873,,-114.035145,49.017160,,,6994,2018-07-09 04:59:00,9997,Transcribed,180s,1SPM,OSFL,Olive-sided Flycatcher,CONTOPUS COOPERI,1,45457,TMTT,Song,121.35,1.24,-58.82,f,,Tyne Baker,23,"AE:2-4, overlap, but some distant",rushing water in background
PC,10,WLNP-1-1,873,,-114.035145,49.017160,,,6994,2018-07-09 04:59:00,9997,Transcribed,180s,1SPM,SWTH,Swainson's Thrush,CATHARUS USTULATUS,1,45447,TMTT,Song,0.56,1.43,-50.33,f,,Tyne Baker,23,AE:2-3,rushing water in background
PC,10,WLNP-1-1,873,,-114.035145,49.017160,,,6994,2018-07-09 04:59:00,9997,Transcribed,180s,1SPM,SWTH,Swainson's Thrush,CATHARUS USTULATUS,1,45455,TMTT,Song,120.04,0.83,-57.34,f,,Tyne Baker,23,AE:2-3,rushing water in background
PC,10,WLNP-1-1,873,,-114.035145,49.017160,,,6994,2018-07-09 04:59:00,9997,Transcribed,180s,1SPM,SWTH,Swainson's Thrush,CATHARUS USTULATUS,1,45451,TMTT,Song,63.31,0.94,-60.32,f,,Tyne Baker,23,AE:2-3,rushing water in background
PC,10,WLNP-1-1,873,,-114.035145,49.017160,,,6994,2018-07-09 04:59:00,9997,Transcribed,180s,1SPM,VATH,Varied Thrush,IXOREUS NAEVIUS,1,45449,TMTT,Song,60.23,1.35,-73.55,f,,Tyne Baker,23,AE:3-5,rushing water in background
PC,10,WLNP-1-1,873,,-114.035145,49.017160,,,6994,2018-07-09 04:59:00,9997,Transcribed,180s,1SPM,VATH,Varied Thrush,IXOREUS NAEVIUS,1,45446,TMTT,Song,0.44,1.43,-52.02,f,,Tyne Baker,23,AE:3-5,rushing water in background
PC,10,WLNP-1-1,873,,-114.035145,49.017160,,,6994,2018-07-09 04:59:00,9997,Transcribed,180s,1SPM,VATH,Varied Thrush,IXOREUS NAEVIUS,1,45453,TMTT,Song,120.03,0.96,-64.69,f,,Tyne Baker,23,AE:3-5,rushing water in background
PC,10,WLNP-1-1,873,,-114.035145,49.017160,,,6994,2018-07-09 04:59:00,9997,Transcribed,180s,1SPM,YRWA,Yellow-rumped Warbler,SETOPHAGA CORONATA,1,45458,1,Song,132.60,1.40,-59.67,f,,Tyne Baker,23,,rushing water in background
PC,10,WLNP-1-1,873,,-114.035145,49.017160,,,6994,2018-07-09 04:59:00,9997,Transcribed,180s,1SPM,YRWA,Yellow-rumped Warbler,SETOPHAGA CORONATA,1,45452,1,Song,65.19,1.45,-69.99,f,,Tyne Baker,23,,rushing water in background
PC,10,WLNP-1-1,873,,-114.035145,49.017160,,,6994,2018-07-09 04:59:00,9997,Transcribed,180s,1SPM,HETH,Hermit Thrush,CATHARUS GUTTATUS,1,45456,1,Song,122.11,1.45,-66.92,f,,Tyne Baker,23,,rushing water in background
PC,10,WLNP-1-1,873,,-114.035145,49.017160,,,6994,2018-07-09 04:59:00,9997,Transcribed,180s,1SPM,HETH,Hermit Thrush,CATHARUS GUTTATUS,1,45454,1,Song,110.53,1.25,-70.36,f,,Tyne Baker,23,,rushing water in background
PC,10,WLNP-1-1,873,,-114.035145,49.017160,,,6994,2018-07-09 04:59:00,9997,Transcribed,180s,1SPM,DEJU,Dark-eyed Junco,JUNCO HYEMALIS,1,45448,1,Song,8.85,1.73,-61.2,f,,Tyne Baker,23,,rushing water in background
PC,10,WLNP-1-1,873,,-114.035145,49.017160,,,6994,2018-07-09 04:59:00,9997,Transcribed,180s,1SPM,BCCH,Black-capped Chickadee,POECILE ATRICAPILLUS,1,45459,1,Song,149.44,1.29,-56.73,f,,Tyne Baker,23,,rushing water in background
PC,10,WLNP-1-1,873,,-114.035145,49.017160,,,6994,2018-07-09 04:59:00,9997,Transcribed,180s,1SPM,OSFL,Olive-sided Flycatcher,CONTOPUS COOPERI,1,45450,TMTT,Song,60.03,0.49,-53.67,f,,Tyne Baker,23,"AE:2-4, overlap, but some distant",rushing water in background
PC,10,WLNP-1-2,844,,-114.037593,49.017411,,,7046,2018-06-27 04:50:00,9913,Transcribed,180s,1SPM,VATH,Varied Thrush,IXOREUS NAEVIUS,1,40812,1,Song,0.00,0.75,-41.19,f,,Christopher Moser-Purdy,37,,
PC,10,WLNP-1-2,844,,-114.037593,49.017411,,,7046,2018-06-27 04:50:00,9913,Transcribed,180s,1SPM,VATH,Varied Thrush,IXOREUS NAEVIUS,1,40826,1,Song,61.78,2.03,-42.82,f,,Christopher Moser-Purdy,37,,
PC,10,WLNP-1-2,844,,-114.037593,49.017411,,,7046,2018-06-27 04:50:00,9913,Transcribed,180s,1SPM,VATH,Varied Thrush,IXOREUS NAEVIUS,2,40827,1,Song,64.01,1.89,-48.96,f,,Christopher Moser-Purdy,37,"Definitely two VATHs, hard to track",
PC,10,WLNP-1-2,844,,-114.037593,49.017411,,,7046,2018-06-27 04:50:00,9913,Transcribed,180s,1SPM,VATH,Varied Thrush,IXOREUS NAEVIUS,2,40840,1,Song,123.71,1.99,-33.48,f,,Christopher Moser-Purdy,37,"Definitely two VATHs, hard to track",
PC,10,WLNP-1-2,844,,-114.037593,49.017411,,,7046,2018-06-27 04:50:00,9913,Transcribed,180s,1SPM,VATH,Varied Thrush,IXOREUS NAEVIUS,2,40818,1,Song,9.10,1.93,-35.9,f,,Christopher Moser-Purdy,37,"Definitely two VATHs, hard to track",
PC,10,WLNP-1-2,844,,-114.037593,49.017411,,,7046,2018-06-27 04:50:00,9913,Transcribed,180s,1SPM,SWTH,Swainson's Thrush,CATHARUS USTULATUS,1,40823,1,Song,62.03,2.08,-33.24,f,,Christopher Moser-Purdy,37,,
PC,10,WLNP-1-2,844,,-114.037593,49.017411,,,7046,2018-06-27 04:50:00,9913,Transcribed,180s,1SPM,SWTH,Swainson's Thrush,CATHARUS USTULATUS,1,40837,1,Song,123.15,2.26,-33.23,f,,Christopher Moser-Purdy,37,,
PC,10,WLNP-1-2,844,,-114.037593,49.017411,,,7046,2018-06-27 04:50:00,9913,Transcribed,180s,1SPM,SWTH,Swainson's Thrush,CATHARUS USTULATUS,1,40809,1,Song,0.01,1.01,-38.49,f,,Christopher Moser-Purdy,37,,
PC,10,WLNP-1-2,844,,-114.037593,49.017411,,,7046,2018-06-27 04:50:00,9913,Transcribed,180s,1SPM,SWTH,Swainson's Thrush,CATHARUS USTULATUS,2,40838,1,Song,120.09,0.63,-61.74,f,,Christopher Moser-Purdy,37,,
PC,10,WLNP-1-2,844,,-114.037593,49.017411,,,7046,2018-06-27 04:50:00,9913,Transcribed,180s,1SPM,SWTH,Swainson's Thrush,CATHARUS USTULATUS,2,40811,1,Song,1.15,2.33,-50.84,f,,Christopher Moser-Purdy,37,,
PC,10,WLNP-1-2,844,,-114.037593,49.017411,,,7046,2018-06-27 04:50:00,9913,Transcribed,180s,1SPM,SWTH,Swainson's Thrush,CATHARUS USTULATUS,2,40824,1,Song,60.16,1.89,-53.7,f,,Christopher Moser-Purdy,37,,
PC,10,WLNP-1-2,844,,-114.037593,49.017411,,,7046,2018-06-27 04:50:00,9913,Transcribed,180s,1SPM,SWTH,Swainson's Thrush,CATHARUS USTULATUS,3,40815,1,Song,2.46,1.76,-35.51,f,,Christopher Moser-Purdy,37,,
PC,10,WLNP-1-2,844,,-114.037593,49.017411,,,7046,2018-06-27 04:50:00,9913,Transcribed,180s,1SPM,SWTH,Swainson's Thrush,CATHARUS USTULATUS,3,40845,1,Song,124.71,2.65,-35.73,f,,Christopher Moser-Purdy,37,,
PC,10,WLNP-1-2,844,,-114.037593,49.017411,,,7046,2018-06-27 04:50:00,9913,Transcribed,180s,1SPM,LIBA,Light Background Noise,"",1,40814,1,Song,0.00,4.66,-29.54,f,,Christopher Moser-Purdy,37,,
PC,10,WLNP-1-2,844,,-114.037593,49.017411,,,7046,2018-06-27 04:50:00,9913,Transcribed,180s,1SPM,SWTH,Swainson's Thrush,CATHARUS USTULATUS,4,40867,1,Song,131.66,1.65,-47.19,f,,Christopher Moser-Purdy,37,,
PC,10,WLNP-1-2,844,,-114.037593,49.017411,,,7046,2018-06-27 04:50:00,9913,Transcribed,180s,1SPM,SWTH,Swainson's Thrush,CATHARUS USTULATUS,4,40871,1,Song,95.91,1.78,-48.35,f,,Christopher Moser-Purdy,37,,
PC,10,WLNP-1-2,844,,-114.037593,49.017411,,,7046,2018-06-27 04:50:00,9913,Transcribed,180s,1SPM,SWTH,Swainson's Thrush,CATHARUS USTULATUS,3,40825,1,Song,62.98,1.90,-37.18,f,,Christopher Moser-Purdy,37,,
PC,10,WLNP-1-2,844,,-114.037593,49.017411,,,7046,2018-06-27 04:50:00,9913,Transcribed,180s,1SPM,LIBA,Light Background Noise,"",1,40831,1,Song,60.14,4.73,-30.21,f,,Christopher Moser-Purdy,37,,
PC,10,WLNP-1-2,844,,-114.037593,49.017411,,,7046,2018-06-27 04:50:00,9913,Transcribed,180s,1SPM,LIBA,Light Background Noise,"",1,40872,1,Song,120.14,4.63,-28.51,f,,Christopher Moser-Purdy,37,,
PC,10,WLNP-1-2,844,,-114.037593,49.017411,,,7046,2018-06-27 04:50:00,9913,Transcribed,180s,1SPM,GCKI,Golden-crowned Kinglet,REGULUS SATRAPA,1,40833,1,Song,75.88,2.75,-67.21,f,,Christopher Moser-Purdy,37,,
PC,10,WLNP-1-2,844,,-114.037593,49.017411,,,7046,2018-06-27 04:50:00,9913,Transcribed,180s,1SPM,GCKI,Golden-crowned Kinglet,REGULUS SATRAPA,1,40841,1,Song,126.06,3.60,-49.18,f,,Christopher Moser-Purdy,37,,
PC,10,WLNP-1-2,844,,-114.037593,49.017411,,,7046,2018-06-27 04:50:00,9913,Transcribed,180s,1SPM,GCKI,Golden-crowned Kinglet,REGULUS SATRAPA,1,40819,1,Song,7.68,2.96,-63.17,f,,Christopher Moser-Purdy,37,,
PC,10,WLNP-1-2,844,,-114.037593,49.017411,,,7046,2018-06-27 04:50:00,9913,Transcribed,180s,1SPM,UNWA,Unidentified Warbler,"",1,40835,1,Song,94.98,1.78,-60.38,f,,Christopher Moser-Purdy,37,"Distorted warbler song, two-part, maybe YRWA or MGWA confidence:Unknown far",
PC,10,WLNP-1-2,844,,-114.037593,49.017411,,,7046,2018-06-27 04:50:00,9913,Transcribed,180s,1SPM,UNWA,Unidentified Warbler,"",1,40846,1,Song,128.00,1.99,-32.81,f,,Christopher Moser-Purdy,37,"Distorted warbler song, two-part, maybe YRWA or MGWA confidence:Unknown far",
PC,10,WLNP-1-2,844,,-114.037593,49.017411,,,7046,2018-06-27 04:50:00,9913,Transcribed,180s,1SPM,TOWA,Townsend's Warbler,SETOPHAGA TOWNSENDI,1,40834,1,Song,84.31,1.63,-54.18,f,,Christopher Moser-Purdy,37,,
PC,10,WLNP-1-2,844,,-114.037593,49.017411,,,7046,2018-06-27 04:50:00,9913,Transcribed,180s,1SPM,TOWA,Townsend's Warbler,SETOPHAGA TOWNSENDI,1,40821,1,Song,53.51,1.56,-58.12,f,,Christopher Moser-Purdy,37,,
PC,10,WLNP-1-2,844,,-114.037593,49.017411,,,7046,2018-06-27 04:50:00,9913,Transcribed,180s,1SPM,TOWA,Townsend's Warbler,SETOPHAGA TOWNSENDI,1,40836,1,Song,125.44,1.51,-37.87,f,,Christopher Moser-Purdy,37,,
PC,10,WLNP-1-2,844,,-114.037593,49.017411,,,7046,2018-06-27 04:50:00,9913,Transcribed,180s,1SPM,VATH,Varied Thrush,IXOREUS NAEVIUS,1,40839,1,Song,120.39,1.96,-45.88,f,,Christopher Moser-Purdy,37,,
PC,10,WLNP-1-2,844,,-114.037593,49.017411,,,7072,2018-06-29 04:51:00,9939,Transcribed,180s,1SPM,VATH,Varied Thrush,IXOREUS NAEVIUS,1,42276,TMTT,Song,60.43,1.94,-49.56,f,,Connor Charchuk,41,"4-6, hard to tell with varying pitches",
PC,10,WLNP-1-2,844,,-114.037593,49.017411,,,7072,2018-06-29 04:51:00,9939,Transcribed,180s,1SPM,VATH,Varied Thrush,IXOREUS NAEVIUS,1,42282,TMTT,Song,120.93,1.63,-47.61,f,,Connor Charchuk,41,"4-6, hard to tell with varying pitches",
PC,10,WLNP-1-2,844,,-114.037593,49.017411,,,7072,2018-06-29 04:51:00,9939,Transcribed,180s,1SPM,VATH,Varied Thrush,IXOREUS NAEVIUS,1,42273,TMTT,Song,1.26,1.96,-40.96,f,,Connor Charchuk,41,"4-6, hard to tell with varying pitches",
PC,10,WLNP-1-2,844,,-114.037593,49.017411,,,7072,2018-06-29 04:51:00,9939,Transcribed,180s,1SPM,WETA,Western Tanager,PIRANGA LUDOVICIANA,1,42280,1,Song,101.80,0.91,-53.96,f,,Connor Charchuk,41,,
PC,10,WLNP-1-2,844,,-114.037593,49.017411,,,7072,2018-06-29 04:51:00,9939,Transcribed,180s,1SPM,WETA,Western Tanager,PIRANGA LUDOVICIANA,1,42275,1,Song,24.18,1.78,-42.94,f,,Connor Charchuk,41,,
PC,10,WLNP-1-2,844,,-114.037593,49.017411,,,7072,2018-06-29 04:51:00,9939,Transcribed,180s,1SPM,SWTH,Swainson's Thrush,CATHARUS USTULATUS,1,42271,TMTT,S-C,0.43,2.08,-38.1,f,,Connor Charchuk,41,5-7,
PC,10,WLNP-1-2,844,,-114.037593,49.017411,,,7072,2018-06-29 04:51:00,9939,Transcribed,180s,1SPM,SWTH,Swainson's Thrush,CATHARUS USTULATUS,1,42279,TMTT,S-C,60.13,1.91,-44.1,f,,Connor Charchuk,41,5-7,
PC,10,WLNP-1-2,844,,-114.037593,49.017411,,,7072,2018-06-29 04:51:00,9939,Transcribed,180s,1SPM,SWTH,Swainson's Thrush,CATHARUS USTULATUS,1,42283,TMTT,S-C,120.04,1.39,-48.17,f,,Connor Charchuk,41,5-7,
PC,10,WLNP-1-2,844,,-114.037593,49.017411,,,6986,2018-07-04 04:55:00,9989,Transcribed,180s,1SPM,SWTH,Swainson's Thrush,CATHARUS USTULATUS,3,42999,1,Song,122.53,2.60,-34.33,f,,Nicole Boucher,18,,
PC,10,WLNP-1-2,844,,-114.037593,49.017411,,,6986,2018-07-04 04:55:00,9989,Transcribed,180s,1SPM,LIRA,Light rain,"",1,42985,1,Song,46.95,1.94,-34.18,f,,Nicole Boucher,18,,
PC,10,WLNP-1-2,844,,-114.037593,49.017411,,,6986,2018-07-04 04:55:00,9989,Transcribed,180s,1SPM,LIRA,Light rain,"",1,42987,1,Song,60.23,0.90,-33.2,f,,Nicole Boucher,18,,
PC,10,WLNP-1-2,844,,-114.037593,49.017411,,,6986,2018-07-04 04:55:00,9989,Transcribed,180s,1SPM,LIRA,Light rain,"",1,43008,1,Song,123.99,0.48,-38.88,f,,Nicole Boucher,18,,
PC,10,WLNP-1-2,844,,-114.037593,49.017411,,,6986,2018-07-04 04:55:00,9989,Transcribed,180s,1SPM,LIBA,Light Background Noise,"",1,42982,1,Song,7.11,1.13,-37.21,f,,Nicole Boucher,18,,
PC,10,WLNP-1-2,844,,-114.037593,49.017411,,,6986,2018-07-04 04:55:00,9989,Transcribed,180s,1SPM,MOWI,Moderate wind,"",1,43006,1,Song,120.01,5.06,-33.46,f,,Nicole Boucher,18,,
PC,10,WLNP-1-2,844,,-114.037593,49.017411,,,6986,2018-07-04 04:55:00,9989,Transcribed,180s,1SPM,MOWI,Moderate wind,"",1,42978,1,Song,0.00,5.16,-35.04,f,,Nicole Boucher,18,,
PC,10,WLNP-1-2,844,,-114.037593,49.017411,,,6986,2018-07-04 04:55:00,9989,Transcribed,180s,1SPM,MOWI,Moderate wind,"",1,42996,1,Song,60.03,5.00,-29.55,f,,Nicole Boucher,18,,
PC,10,WLNP-1-2,844,,-114.037593,49.017411,,,6986,2018-07-04 04:55:00,9989,Transcribed,180s,1SPM,LEFL,Least Flycatcher,EMPIDONAX MINIMUS,1,43010,1,Song,127.06,0.55,-45.82,f,,Nicole Boucher,18,,
PC,10,WLNP-1-2,844,,-114.037593,49.017411,,,6986,2018-07-04 04:55:00,9989,Transcribed,180s,1SPM,UNVI,Unidentified Vireo,"",1,42997,1,Song,86.10,2.14,-45.8,f,,Nicole Boucher,18,,
PC,10,WLNP-1-2,844,,-114.037593,49.017411,,,6986,2018-07-04 04:55:00,9989,Transcribed,180s,1SPM,UNTH,Unidentified Thrush,"",1,42981,1,Song,5.14,1.44,-58.09,f,,Nicole Boucher,18,,
PC,10,WLNP-1-2,844,,-114.037593,49.017411,,,6986,2018-07-04 04:55:00,9989,Transcribed,180s,1SPM,UNSP,Unidentified Sparrow,"",1,42980,1,Song,1.59,1.53,-61.65,f,,Nicole Boucher,18,,
PC,10,WLNP-1-2,844,,-114.037593,49.017411,,,6986,2018-07-04 04:55:00,9989,Transcribed,180s,1SPM,YRWA,Yellow-rumped Warbler,SETOPHAGA CORONATA,1,43009,1,Song,123.30,1.69,-36.7,f,,Nicole Boucher,18,,
PC,10,WLNP-1-2,844,,-114.037593,49.017411,,,6986,2018-07-04 04:55:00,9989,Transcribed,180s,1SPM,VATH,Varied Thrush,IXOREUS NAEVIUS,1,42975,1,Song,1.66,1.70,-51.29,f,,Nicole Boucher,18,,
PC,10,WLNP-1-2,844,,-114.037593,49.017411,,,6986,2018-07-04 04:55:00,9989,Transcribed,180s,1SPM,VATH,Varied Thrush,IXOREUS NAEVIUS,1,42988,1,Song,60.05,1.28,-34.34,f,,Nicole Boucher,18,,
PC,10,WLNP-1-2,844,,-114.037593,49.017411,,,6986,2018-07-04 04:55:00,9989,Transcribed,180s,1SPM,VATH,Varied Thrush,IXOREUS NAEVIUS,1,43003,1,Song,125.30,1.53,-48.91,f,,Nicole Boucher,18,,
PC,10,WLNP-1-2,844,,-114.037593,49.017411,,,6986,2018-07-04 04:55:00,9989,Transcribed,180s,1SPM,VATH,Varied Thrush,IXOREUS NAEVIUS,2,42976,1,Song,2.03,1.40,-36.87,f,,Nicole Boucher,18,,
PC,10,WLNP-1-2,844,,-114.037593,49.017411,,,6986,2018-07-04 04:55:00,9989,Transcribed,180s,1SPM,VATH,Varied Thrush,IXOREUS NAEVIUS,2,42989,1,Song,61.74,1.41,-50.53,f,,Nicole Boucher,18,,
PC,10,WLNP-1-2,844,,-114.037593,49.017411,,,6986,2018-07-04 04:55:00,9989,Transcribed,180s,1SPM,VATH,Varied Thrush,IXOREUS NAEVIUS,2,43002,1,Song,121.05,1.53,-60.03,f,,Nicole Boucher,18,,
PC,10,WLNP-1-2,844,,-114.037593,49.017411,,,6986,2018-07-04 04:55:00,9989,Transcribed,180s,1SPM,VATH,Varied Thrush,IXOREUS NAEVIUS,3,43004,1,Song,126.31,1.43,-45.2,f,,Nicole Boucher,18,,
PC,10,WLNP-1-2,844,,-114.037593,49.017411,,,6986,2018-07-04 04:55:00,9989,Transcribed,180s,1SPM,VATH,Varied Thrush,IXOREUS NAEVIUS,3,42977,1,Song,2.91,1.58,-37.38,f,,Nicole Boucher,18,,
PC,10,WLNP-1-2,844,,-114.037593,49.017411,,,6986,2018-07-04 04:55:00,9989,Transcribed,180s,1SPM,VATH,Varied Thrush,IXOREUS NAEVIUS,3,42990,1,Song,62.74,1.59,-60.9,f,,Nicole Boucher,18,,
PC,10,WLNP-1-2,844,,-114.037593,49.017411,,,6986,2018-07-04 04:55:00,9989,Transcribed,180s,1SPM,VATH,Varied Thrush,IXOREUS NAEVIUS,4,42983,1,Song,11.55,1.36,-39.14,f,,Nicole Boucher,18,,
PC,10,WLNP-1-2,844,,-114.037593,49.017411,,,6986,2018-07-04 04:55:00,9989,Transcribed,180s,1SPM,VATH,Varied Thrush,IXOREUS NAEVIUS,4,42991,1,Song,64.85,1.23,-35.45,f,,Nicole Boucher,18,,
PC,10,WLNP-1-2,844,,-114.037593,49.017411,,,6986,2018-07-04 04:55:00,9989,Transcribed,180s,1SPM,VATH,Varied Thrush,IXOREUS NAEVIUS,4,43000,1,Song,122.25,1.33,-52.28,f,,Nicole Boucher,18,,
PC,10,WLNP-1-2,844,,-114.037593,49.017411,,,6986,2018-07-04 04:55:00,9989,Transcribed,180s,1SPM,SWTH,Swainson's Thrush,CATHARUS USTULATUS,1,42973,1,S-C,0.01,2.51,-31.56,f,,Nicole Boucher,18,,
PC,10,WLNP-1-2,844,,-114.037593,49.017411,,,6986,2018-07-04 04:55:00,9989,Transcribed,180s,1SPM,SWTH,Swainson's Thrush,CATHARUS USTULATUS,1,42986,1,S-C,60.04,2.08,-34.31,f,,Nicole Boucher,18,,
PC,10,WLNP-1-2,844,,-114.037593,49.017411,,,6986,2018-07-04 04:55:00,9989,Transcribed,180s,1SPM,SWTH,Swainson's Thrush,CATHARUS USTULATUS,1,42998,1,S-C,120.01,1.23,-35.98,f,,Nicole Boucher,18,,
PC,10,WLNP-1-2,844,,-114.037593,49.017411,,,6986,2018-07-04 04:55:00,9989,Transcribed,180s,1SPM,SWTH,Swainson's Thrush,CATHARUS USTULATUS,2,42974,1,Song,1.15,1.68,-36.84,f,,Nicole Boucher,18,,
PC,10,WLNP-1-2,844,,-114.037593,49.017411,,,6986,2018-07-04 04:55:00,9989,Transcribed,180s,1SPM,SWTH,Swainson's Thrush,CATHARUS USTULATUS,2,43001,1,Song,120.88,1.84,-51.66,f,,Nicole Boucher,18,,
PC,10,WLNP-1-2,844,,-114.037593,49.017411,,,6986,2018-07-04 04:55:00,9989,Transcribed,180s,1SPM,SWTH,Swainson's Thrush,CATHARUS USTULATUS,2,42992,1,S-C,60.94,1.95,-41.82,f,,Nicole Boucher,18,,
PC,10,WLNP-1-2,844,,-114.037593,49.017411,,,6986,2018-07-04 04:55:00,9989,Transcribed,180s,1SPM,SWTH,Swainson's Thrush,CATHARUS USTULATUS,3,42979,1,Song,3.06,2.61,-34.2,f,,Nicole Boucher,18,,
PC,10,WLNP-1-2,844,,-114.037593,49.017411,,,6986,2018-07-04 04:55:00,9989,Transcribed,180s,1SPM,SWTH,Swainson's Thrush,CATHARUS USTULATUS,3,42995,1,Song,77.73,2.99,-25.91,f,,Nicole Boucher,18,,
PC,10,WLNP-1-2,844,,-114.037593,49.017411,,,6986,2018-07-04 04:55:00,9989,Transcribed,180s,1SPM,SWTH,Swainson's Thrush,CATHARUS USTULATUS,4,42984,1,S-C,21.55,1.41,-41.22,f,,Nicole Boucher,18,,
PC,10,WLNP-1-2,844,,-114.037593,49.017411,,,6986,2018-07-04 04:55:00,9989,Transcribed,180s,1SPM,SWTH,Swainson's Thrush,CATHARUS USTULATUS,4,42993,1,S-C,62.78,1.81,-58.97,f,,Nicole Boucher,18,,
PC,10,WLNP-1-2,844,,-114.037593,49.017411,,,6986,2018-07-04 04:55:00,9989,Transcribed,180s,1SPM,SWTH,Swainson's Thrush,CATHARUS USTULATUS,4,43011,1,S-C,129.58,2.04,-44.34,f,,Nicole Boucher,18,,
PC,10,WLNP-1-2,844,,-114.037593,49.017411,,,7007,2018-07-05 05:26:00,9874,Transcribed,180s,1SPM,WETA,Western Tanager,PIRANGA LUDOVICIANA,1,40740,1,Song,123.69,2.19,-54.34,f,,Alex MacPhail,15,,
PC,10,WLNP-1-2,844,,-114.037593,49.017411,,,7007,2018-07-05 05:26:00,9874,Transcribed,180s,1SPM,GCKI,Golden-crowned Kinglet,REGULUS SATRAPA,1,40652,1,Song,2.46,2.81,-42.29,f,,Alex MacPhail,15,,
PC,10,WLNP-1-2,844,,-114.037593,49.017411,,,7007,2018-07-05 05:26:00,9874,Transcribed,180s,1SPM,GCKI,Golden-crowned Kinglet,REGULUS SATRAPA,1,40667,1,Song,60.16,1.38,-32.47,f,,Alex MacPhail,15,,
PC,10,WLNP-1-2,844,,-114.037593,49.017411,,,7007,2018-07-05 05:26:00,9874,Transcribed,180s,1SPM,GCKI,Golden-crowned Kinglet,REGULUS SATRAPA,2,40653,1,Song,15.05,2.19,-39.55,f,,Alex MacPhail,15,,
PC,10,WLNP-1-2,844,,-114.037593,49.017411,,,7007,2018-07-05 05:26:00,9874,Transcribed,180s,1SPM,GCKI,Golden-crowned Kinglet,REGULUS SATRAPA,2,40671,1,Song,63.99,2.73,-42.86,f,,Alex MacPhail,15,,
PC,10,WLNP-1-2,844,,-114.037593,49.017411,,,7007,2018-07-05 05:26:00,9874,Transcribed,180s,1SPM,GCKI,Golden-crowned Kinglet,REGULUS SATRAPA,2,40745,1,Song,135.08,3.11,-37.39,f,,Alex MacPhail,15,,
PC,10,WLNP-1-2,844,,-114.037593,49.017411,,,7007,2018-07-05 05:26:00,9874,Transcribed,180s,1SPM,OSFL,Olive-sided Flycatcher,CONTOPUS COOPERI,1,40649,1,Song,5.30,1.15,-49.72,f,,Alex MacPhail,15,,
PC,10,WLNP-1-2,844,,-114.037593,49.017411,,,7007,2018-07-05 05:26:00,9874,Transcribed,180s,1SPM,OSFL,Olive-sided Flycatcher,CONTOPUS COOPERI,1,40742,1,Song,128.55,0.80,-52.57,f,,Alex MacPhail,15,,
PC,10,WLNP-1-2,844,,-114.037593,49.017411,,,7007,2018-07-05 05:26:00,9874,Transcribed,180s,1SPM,OSFL,Olive-sided Flycatcher,CONTOPUS COOPERI,1,40670,1,Song,67.84,0.99,-51.22,f,,Alex MacPhail,15,,
PC,10,WLNP-1-2,844,,-114.037593,49.017411,,,7007,2018-07-05 05:26:00,9874,Transcribed,180s,1SPM,PISI,Pine Siskin,SPINUS PINUS,1,40715,1,Call,102.55,0.96,-41.03,f,,Alex MacPhail,15,,
PC,10,WLNP-1-2,844,,-114.037593,49.017411,,,7007,2018-07-05 05:26:00,9874,Transcribed,180s,1SPM,PISI,Pine Siskin,SPINUS PINUS,1,40723,1,Call,121.74,1.10,-46.47,f,,Alex MacPhail,15,,
PC,10,WLNP-1-2,844,,-114.037593,49.017411,,,7007,2018-07-05 05:26:00,9874,Transcribed,180s,1SPM,UNWA,Unidentified Warbler,"",1,40654,1,Song,6.24,1.56,-36.52,f,,Alex MacPhail,15,,
PC,10,WLNP-1-2,844,,-114.037593,49.017411,,,7007,2018-07-05 05:26:00,9874,Transcribed,180s,1SPM,UNPA,Unidentified Passerine,"",1,40738,1,Call,120.04,0.53,-55.7,f,,Alex MacPhail,15,"Sharp double chatter
",
PC,10,WLNP-1-2,844,,-114.037593,49.017411,,,7007,2018-07-05 05:26:00,9874,Transcribed,180s,1SPM,UNPA,Unidentified Passerine,"",1,40646,1,Call,0.40,0.49,-58.95,f,,Alex MacPhail,15,"Sharp double chatter
",
PC,10,WLNP-1-2,844,,-114.037593,49.017411,,,7007,2018-07-05 05:26:00,9874,Transcribed,180s,1SPM,UNPA,Unidentified Passerine,"",1,40662,1,Call,60.10,0.71,-47.75,f,,Alex MacPhail,15,"Sharp double chatter
",
PC,10,WLNP-1-2,844,,-114.037593,49.017411,,,7007,2018-07-05 05:26:00,9874,Transcribed,180s,1SPM,UNPA,Unidentified Passerine,"",2,40716,1,Call,104.71,0.81,-53.38,f,,Alex MacPhail,15,Alarm call,
PC,10,WLNP-1-2,844,,-114.037593,49.017411,,,7007,2018-07-05 05:26:00,9874,Transcribed,180s,1SPM,BLJA,Blue Jay,CYANOCITTA CRISTATA,1,40658,1,Call,51.73,1.09,-47.35,f,,Alex MacPhail,15,,
PC,10,WLNP-1-2,844,,-114.037593,49.017411,,,7007,2018-07-05 05:26:00,9874,Transcribed,180s,1SPM,BLJA,Blue Jay,CYANOCITTA CRISTATA,1,40661,1,Call,61.85,0.95,-52.51,f,,Alex MacPhail,15,,
PC,10,WLNP-1-2,844,,-114.037593,49.017411,,,7007,2018-07-05 05:26:00,9874,Transcribed,180s,1SPM,UNKN,Unidentified signal,"",1,40655,1,Song,10.09,1.91,-40.65,f,,Alex MacPhail,15,,
PC,10,WLNP-1-2,844,,-114.037593,49.017411,,,7007,2018-07-05 05:26:00,9874,Transcribed,180s,1SPM,UNKN,Unidentified signal,"",2,40718,1,Song,112.01,1.86,-48.66,f,,Alex MacPhail,15,,
PC,10,WLNP-1-2,844,,-114.037593,49.017411,,,7007,2018-07-05 05:26:00,9874,Transcribed,180s,1SPM,UNKN,Unidentified signal,"",2,40656,1,Song,29.24,1.16,-50.45,f,,Alex MacPhail,15,,
PC,10,WLNP-1-2,844,,-114.037593,49.017411,,,7007,2018-07-05 05:26:00,9874,Transcribed,180s,1SPM,UNKN,Unidentified signal,"",2,40721,1,Song,120.15,0.93,-51.63,f,,Alex MacPhail,15,,
PC,10,WLNP-1-2,844,,-114.037593,49.017411,,,7007,2018-07-05 05:26:00,9874,Transcribed,180s,1SPM,TOWA,Townsend's Warbler,SETOPHAGA TOWNSENDI,1,40731,1,Song,127.38,1.75,-38.2,f,,Alex MacPhail,15,,
PC,10,WLNP-1-2,844,,-114.037593,49.017411,,,7007,2018-07-05 05:26:00,9874,Transcribed,180s,1SPM,TOWA,Townsend's Warbler,SETOPHAGA TOWNSENDI,1,40647,1,Song,0.39,1.46,-40.39,f,,Alex MacPhail,15,,
PC,10,WLNP-1-2,844,,-114.037593,49.017411,,,7007,2018-07-05 05:26:00,9874,Transcribed,180s,1SPM,TOWA,Townsend's Warbler,SETOPHAGA TOWNSENDI,1,40668,1,Song,62.55,1.60,-39.79,f,,Alex MacPhail,15,,
PC,10,WLNP-1-2,844,,-114.037593,49.017411,,,7007,2018-07-05 05:26:00,9874,Transcribed,180s,1SPM,TOWA,Townsend's Warbler,SETOPHAGA TOWNSENDI,2,40733,1,Song,128.93,1.79,-41.5,f,,Alex MacPhail,15,,
PC,10,WLNP-1-2,844,,-114.037593,49.017411,,,7007,2018-07-05 05:26:00,9874,Transcribed,180s,1SPM,TOWA,Townsend's Warbler,SETOPHAGA TOWNSENDI,2,40648,1,Song,10.33,1.78,-26.54,f,,Alex MacPhail,15,,
PC,10,WLNP-1-2,844,,-114.037593,49.017411,,,7007,2018-07-05 05:26:00,9874,Transcribed,180s,1SPM,TOWA,Townsend's Warbler,SETOPHAGA TOWNSENDI,2,40709,1,Song,82.79,1.71,-35.67,f,,Alex MacPhail,15,,
PC,10,WLNP-1-2,844,,-114.037593,49.017411,,,7007,2018-07-05 05:26:00,9874,Transcribed,180s,1SPM,TOWA,Townsend's Warbler,SETOPHAGA TOWNSENDI,3,40712,1,Song,86.38,2.10,-49.62,f,,Alex MacPhail,15,Another one faint,
PC,10,WLNP-1-2,844,,-114.037593,49.017411,,,7007,2018-07-05 05:26:00,9874,Transcribed,180s,1SPM,UNWO,Unidentified Woodpecker,"",1,40741,1,Non-vocal,126.94,2.65,-51.82,f,,Alex MacPhail,15,,
PC,10,WLNP-1-2,844,,-114.037593,49.017411,,,7007,2018-07-05 05:26:00,9874,Transcribed,180s,1SPM,WTSP,White-throated Sparrow,ZONOTRICHIA ALBICOLLIS,1,40727,1,Song,121.01,1.69,-51.97,f,,Alex MacPhail,15,,
PC,10,WLNP-1-2,844,,-114.037593,49.017411,,,7007,2018-07-05 05:26:00,9874,Transcribed,180s,1SPM,YRWA,Yellow-rumped Warbler,SETOPHAGA CORONATA,1,40734,1,Song,125.99,1.83,-51.05,f,,Alex MacPhail,15,Faint at first,
PC,10,WLNP-1-2,844,,-114.037593,49.017411,,,7007,2018-07-05 05:26:00,9874,Transcribed,180s,1SPM,YRWA,Yellow-rumped Warbler,SETOPHAGA CORONATA,1,40714,1,Song,93.88,1.64,-55.24,f,,Alex MacPhail,15,Faint at first,
PC,10,WLNP-1-2,844,,-114.037593,49.017411,,,7007,2018-07-05 05:26:00,9874,Transcribed,180s,1SPM,VATH,Varied Thrush,IXOREUS NAEVIUS,1,40729,1,Song,122.53,1.71,-48.86,f,,Alex MacPhail,15,,
PC,10,WLNP-1-2,844,,-114.037593,49.017411,,,7007,2018-07-05 05:26:00,9874,Transcribed,180s,1SPM,VATH,Varied Thrush,IXOREUS NAEVIUS,1,40650,1,Song,1.95,1.11,-41.7,f,,Alex MacPhail,15,,
PC,10,WLNP-1-2,844,,-114.037593,49.017411,,,7007,2018-07-05 05:26:00,9874,Transcribed,180s,1SPM,VATH,Varied Thrush,IXOREUS NAEVIUS,1,40663,1,Song,63.38,1.31,-47.69,f,,Alex MacPhail,15,,
PC,10,WLNP-1-2,844,,-114.037593,49.017411,,,7007,2018-07-05 05:26:00,9874,Transcribed,180s,1SPM,VATH,Varied Thrush,IXOREUS NAEVIUS,2,40730,1,Song,123.10,2.01,-56.16,f,,Alex MacPhail,15,,
PC,10,WLNP-1-2,844,,-114.037593,49.017411,,,7007,2018-07-05 05:26:00,9874,Transcribed,180s,1SPM,VATH,Varied Thrush,IXOREUS NAEVIUS,2,40664,1,Song,64.43,1.18,-48.76,f,,Alex MacPhail,15,,
PC,10,WLNP-1-2,844,,-114.037593,49.017411,,,7007,2018-07-05 05:26:00,9874,Transcribed,180s,1SPM,SWTH,Swainson's Thrush,CATHARUS USTULATUS,1,40644,1,Song,3.00,2.08,-28.9,f,,Alex MacPhail,15,,
PC,10,WLNP-1-2,844,,-114.037593,49.017411,,,7007,2018-07-05 05:26:00,9874,Transcribed,180s,1SPM,SWTH,Swainson's Thrush,CATHARUS USTULATUS,1,40659,1,Song,60.09,1.06,-31.87,f,,Alex MacPhail,15,,
PC,10,WLNP-1-2,844,,-114.037593,49.017411,,,7007,2018-07-05 05:26:00,9874,Transcribed,180s,1SPM,SWTH,Swainson's Thrush,CATHARUS USTULATUS,1,40743,1,S-C,129.19,1.68,-40.95,f,,Alex MacPhail,15,,
PC,10,WLNP-1-2,844,,-114.037593,49.017411,,,7007,2018-07-05 05:26:00,9874,Transcribed,180s,1SPM,SWTH,Swainson's Thrush,CATHARUS USTULATUS,2,40645,1,Song,4.81,1.20,-47.3,f,,Alex MacPhail,15,,
PC,10,WLNP-1-2,844,,-114.037593,49.017411,,,7007,2018-07-05 05:26:00,9874,Transcribed,180s,1SPM,SWTH,Swainson's Thrush,CATHARUS USTULATUS,2,40660,1,Song,60.54,1.54,-33.83,f,,Alex MacPhail,15,,
PC,10,WLNP-1-2,844,,-114.037593,49.017411,,,7007,2018-07-05 05:26:00,9874,Transcribed,180s,1SPM,SWTH,Swainson's Thrush,CATHARUS USTULATUS,2,40720,1,S-C,121.16,1.44,-46.33,f,,Alex MacPhail,15,,
PC,10,WLNP-1-2,844,,-114.037593,49.017411,,,7007,2018-07-05 05:26:00,9874,Transcribed,180s,1SPM,SWTH,Swainson's Thrush,CATHARUS USTULATUS,3,40651,1,Song,25.00,1.66,-42.28,f,,Alex MacPhail,15,So many SWTH,
PC,10,WLNP-1-2,844,,-114.037593,49.017411,,,7007,2018-07-05 05:26:00,9874,Transcribed,180s,1SPM,SWTH,Swainson's Thrush,CATHARUS USTULATUS,3,40669,1,Song,69.49,1.68,-23.62,f,,Alex MacPhail,15,So many SWTH,
PC,10,WLNP-1-2,844,,-114.037593,49.017411,,,7007,2018-07-05 05:26:00,9874,Transcribed,180s,1SPM,SWTH,Swainson's Thrush,CATHARUS USTULATUS,3,40719,1,S-C,120.29,1.40,-52.64,f,,Alex MacPhail,15,So many SWTH,
PC,10,WLNP-1-3,857,,-114.041039,49.015817,,,7074,2018-06-26 22:46:00,9941,Transcribed,180s,1SPM,COLO,Common Loon,GAVIA IMMER,1,42284,1,Call,172.31,1.79,-40.68,f,,Connor Charchuk,41,,""
PC,10,WLNP-1-3,857,,-114.041039,49.015817,,,7073,2018-06-28 05:21:00,9940,Transcribed,180s,1SPM,FOSP,Fox Sparrow,PASSERELLA ILIACA,1,42301,1,Song,67.95,2.15,-42.51,f,,Connor Charchuk,41,,
PC,10,WLNP-1-3,857,,-114.041039,49.015817,,,7073,2018-06-28 05:21:00,9940,Transcribed,180s,1SPM,GCKI,Golden-crowned Kinglet,REGULUS SATRAPA,1,42285,1,Song,0.05,1.99,-52.26,f,,Connor Charchuk,41,,
PC,10,WLNP-1-3,857,,-114.041039,49.015817,,,7073,2018-06-28 05:21:00,9940,Transcribed,180s,1SPM,GCKI,Golden-crowned Kinglet,REGULUS SATRAPA,1,42296,1,Song,63.49,2.90,-58.98,f,,Connor Charchuk,41,,
PC,10,WLNP-1-3,857,,-114.041039,49.015817,,,7073,2018-06-28 05:21:00,9940,Transcribed,180s,1SPM,GCKI,Golden-crowned Kinglet,REGULUS SATRAPA,1,42308,1,Song,120.91,3.09,-58.73,f,,Connor Charchuk,41,,
PC,10,WLNP-1-3,857,,-114.041039,49.015817,,,7073,2018-06-28 05:21:00,9940,Transcribed,180s,1SPM,PUFI,Purple Finch,HAEMORHOUS PURPUREUS,1,42297,1,Song,61.79,2.03,-40.44,f,,Connor Charchuk,41,"",
PC,10,WLNP-1-3,857,,-114.041039,49.015817,,,7073,2018-06-28 05:21:00,9940,Transcribed,180s,1SPM,CHSP,Chipping Sparrow,SPIZELLA PASSERINA,1,42292,1,Song,41.49,5.24,-46.03,f,,Connor Charchuk,41,,
PC,10,WLNP-1-3,857,,-114.041039,49.015817,,,7073,2018-06-28 05:21:00,9940,Transcribed,180s,1SPM,COLO,Common Loon,GAVIA IMMER,1,42304,1,Call,95.86,3.41,-33.8,f,,Connor Charchuk,41,,
PC,10,WLNP-1-3,857,,-114.041039,49.015817,,,7073,2018-06-28 05:21:00,9940,Transcribed,180s,1SPM,UNPA,Unidentified Passerine,"",1,42290,1,Call,0.79,1.19,-52.11,f,,Connor Charchuk,41,chickadee spp,
PC,10,WLNP-1-3,857,,-114.041039,49.015817,,,7073,2018-06-28 05:21:00,9940,Transcribed,180s,1SPM,UNPA,Unidentified Passerine,"",1,42306,1,Call,101.83,1.85,-45.7,f,,Connor Charchuk,41,chickadee spp,
PC,10,WLNP-1-3,857,,-114.041039,49.015817,,,7073,2018-06-28 05:21:00,9940,Transcribed,180s,1SPM,TOWA,Townsend's Warbler,SETOPHAGA TOWNSENDI,1,42315,1,Song,169.86,1.66,-43.47,f,,Connor Charchuk,41,Brief phrase but I'm pretty certain,
PC,10,WLNP-1-3,857,,-114.041039,49.015817,,,7073,2018-06-28 05:21:00,9940,Transcribed,180s,1SPM,UNWO,Unidentified Woodpecker,"",1,42303,1,Non-vocal,79.24,2.09,-31.28,f,,Connor Charchuk,41,,
PC,10,WLNP-1-3,857,,-114.041039,49.015817,,,7073,2018-06-28 05:21:00,9940,Transcribed,180s,1SPM,UNWO,Unidentified Woodpecker,"",1,42312,1,Non-vocal,136.99,2.14,-31.24,f,,Connor Charchuk,41,,
PC,10,WLNP-1-3,857,,-114.041039,49.015817,,,7073,2018-06-28 05:21:00,9940,Transcribed,180s,1SPM,ATTW,American Three-toed Woodpecker,PICOIDES DORSALIS,1,42314,1,Non-vocal,157.48,2.84,-31,f,,Connor Charchuk,41,,
PC,10,WLNP-1-3,857,,-114.041039,49.015817,,,7073,2018-06-28 05:21:00,9940,Transcribed,180s,1SPM,AMRO,American Robin,TURDUS MIGRATORIUS,1,42287,1,Song,0.16,2.84,-38.23,f,,Connor Charchuk,41,,
PC,10,WLNP-1-3,857,,-114.041039,49.015817,,,7073,2018-06-28 05:21:00,9940,Transcribed,180s,1SPM,AMRO,American Robin,TURDUS MIGRATORIUS,1,42302,1,Song,72.94,2.41,-38.42,f,,Connor Charchuk,41,,
PC,10,WLNP-1-3,857,,-114.041039,49.015817,,,7073,2018-06-28 05:21:00,9940,Transcribed,180s,1SPM,AMRO,American Robin,TURDUS MIGRATORIUS,1,42311,1,Song,124.16,2.10,-32.95,f,,Connor Charchuk,41,,
PC,10,WLNP-1-3,857,,-114.041039,49.015817,,,7073,2018-06-28 05:21:00,9940,Transcribed,180s,1SPM,YRWA,Yellow-rumped Warbler,SETOPHAGA CORONATA,1,42295,1,Song,60.06,1.68,-43.93,f,,Connor Charchuk,41,,
PC,10,WLNP-1-3,857,,-114.041039,49.015817,,,7073,2018-06-28 05:21:00,9940,Transcribed,180s,1SPM,YRWA,Yellow-rumped Warbler,SETOPHAGA CORONATA,1,42286,1,Song,1.41,2.03,-43.26,f,,Connor Charchuk,41,,
PC,10,WLNP-1-3,857,,-114.041039,49.015817,,,7073,2018-06-28 05:21:00,9940,Transcribed,180s,1SPM,YRWA,Yellow-rumped Warbler,SETOPHAGA CORONATA,1,42307,1,Song,120.09,1.86,-43.86,f,,Connor Charchuk,41,,
PC,10,WLNP-1-3,857,,-114.041039,49.015817,,,7073,2018-06-28 05:21:00,9940,Transcribed,180s,1SPM,YRWA,Yellow-rumped Warbler,SETOPHAGA CORONATA,2,42299,1,Song,63.63,1.59,-47.41,f,,Connor Charchuk,41,"",
PC,10,WLNP-1-3,857,,-114.041039,49.015817,,,7073,2018-06-28 05:21:00,9940,Transcribed,180s,1SPM,VATH,Varied Thrush,IXOREUS NAEVIUS,1,42310,1,Song,123.98,1.94,-32.94,f,,Connor Charchuk,41,,
PC,10,WLNP-1-3,857,,-114.041039,49.015817,,,7073,2018-06-28 05:21:00,9940,Transcribed,180s,1SPM,VATH,Varied Thrush,IXOREUS NAEVIUS,1,42289,1,Song,4.80,0.98,-37.28,f,,Connor Charchuk,41,,
PC,10,WLNP-1-3,857,,-114.041039,49.015817,,,7073,2018-06-28 05:21:00,9940,Transcribed,180s,1SPM,VATH,Varied Thrush,IXOREUS NAEVIUS,1,42300,1,Song,65.45,1.60,-34.73,f,,Connor Charchuk,41,,
PC,10,WLNP-1-3,857,,-114.041039,49.015817,,,7073,2018-06-28 05:21:00,9940,Transcribed,180s,1SPM,VATH,Varied Thrush,IXOREUS NAEVIUS,2,42305,1,Song,100.75,1.63,-49.72,f,,Connor Charchuk,41,,
PC,10,WLNP-1-3,857,,-114.041039,49.015817,,,7073,2018-06-28 05:21:00,9940,Transcribed,180s,1SPM,RCKI,Ruby-crowned Kinglet,CORTHYLIO CALENDULA,1,42291,1,Song,19.45,1.55,-52.12,f,,Connor Charchuk,41,,
PC,10,WLNP-1-3,857,,-114.041039,49.015817,,,7073,2018-06-28 05:21:00,9940,Transcribed,180s,1SPM,RCKI,Ruby-crowned Kinglet,CORTHYLIO CALENDULA,1,42298,1,Song,62.59,1.19,-50.11,f,,Connor Charchuk,41,,
PC,10,WLNP-1-3,857,,-114.041039,49.015817,,,7073,2018-06-28 05:21:00,9940,Transcribed,180s,1SPM,SWTH,Swainson's Thrush,CATHARUS USTULATUS,1,42288,1,Song,2.75,2.14,-37.08,f,,Connor Charchuk,41,,
PC,10,WLNP-1-3,857,,-114.041039,49.015817,,,7073,2018-06-28 05:21:00,9940,Transcribed,180s,1SPM,SWTH,Swainson's Thrush,CATHARUS USTULATUS,1,42309,1,Song,122.39,1.58,-42.99,f,,Connor Charchuk,41,,
PC,10,WLNP-1-3,857,,-114.041039,49.015817,,,7073,2018-06-28 05:21:00,9940,Transcribed,180s,1SPM,FOSP,Fox Sparrow,PASSERELLA ILIACA,1,42313,1,Song,148.64,2.06,-39.58,f,,Connor Charchuk,41,,
PC,10,WLNP-1-3,857,,-114.041039,49.015817,,,7073,2018-06-28 05:21:00,9940,Transcribed,180s,1SPM,FOSP,Fox Sparrow,PASSERELLA ILIACA,1,42293,1,Song,44.84,1.80,-44.37,f,,Connor Charchuk,41,,
PC,10,WLNP-1-3,857,,-114.041039,49.015817,,,85241,2018-06-30 04:52:00,17679,Transcribed,180s,1SPM,CHSP,Chipping Sparrow,SPIZELLA PASSERINA,1,123455,1,Song,103.68,1.53,-60.8,f,,Michelle Knaggs,11,,
PC,10,WLNP-1-3,857,,-114.041039,49.015817,,,85241,2018-06-30 04:52:00,17679,Transcribed,180s,1SPM,UNWA,Unidentified Warbler,"",1,123474,1,Song,138.26,1.55,-55.32,f,,Michelle Knaggs,11,,
PC,10,WLNP-1-3,857,,-114.041039,49.015817,,,85241,2018-06-30 04:52:00,17679,Transcribed,180s,1SPM,AMRO,American Robin,TURDUS MIGRATORIUS,1,123462,TMTT,Song,120.04,0.91,-45.25,f,,Michelle Knaggs,11,"ae:2-3, cant distingiush",
PC,10,WLNP-1-3,857,,-114.041039,49.015817,,,85241,2018-06-30 04:52:00,17679,Transcribed,180s,1SPM,AMRO,American Robin,TURDUS MIGRATORIUS,1,123440,TMTT,Song,0.46,2.31,-40.64,f,,Michelle Knaggs,11,"ae:2-3, cant distingiush",
PC,10,WLNP-1-3,857,,-114.041039,49.015817,,,85241,2018-06-30 04:52:00,17679,Transcribed,180s,1SPM,AMRO,American Robin,TURDUS MIGRATORIUS,1,123449,TMTT,Song,60.04,1.34,-47.55,f,,Michelle Knaggs,11,"ae:2-3, cant distingiush",
PC,10,WLNP-1-3,857,,-114.041039,49.015817,,,85241,2018-06-30 04:52:00,17679,Transcribed,180s,1SPM,VATH,Varied Thrush,IXOREUS NAEVIUS,1,123397,1,Song,0.95,1.68,-51.24,f,,Michelle Knaggs,11,,
PC,10,WLNP-1-3,857,,-114.041039,49.015817,,,85241,2018-06-30 04:52:00,17679,Transcribed,180s,1SPM,VATH,Varied Thrush,IXOREUS NAEVIUS,1,123446,1,Song,63.00,1.65,-49.39,f,,Michelle Knaggs,11,,
PC,10,WLNP-1-3,857,,-114.041039,49.015817,,,85241,2018-06-30 04:52:00,17679,Transcribed,180s,1SPM,VATH,Varied Thrush,IXOREUS NAEVIUS,1,123458,1,Song,120.86,1.79,-42.48,f,,Michelle Knaggs,11,,
PC,10,WLNP-1-3,857,,-114.041039,49.015817,,,85241,2018-06-30 04:52:00,17679,Transcribed,180s,1SPM,VATH,Varied Thrush,IXOREUS NAEVIUS,2,123481,1,Song,134.46,1.14,-63.41,f,,Michelle Knaggs,11,,
PC,10,WLNP-1-3,857,,-114.041039,49.015817,,,85241,2018-06-30 04:52:00,17679,Transcribed,180s,1SPM,VATH,Varied Thrush,IXOREUS NAEVIUS,2,123401,1,Song,3.24,1.56,-39.03,f,,Michelle Knaggs,11,,
PC,10,WLNP-1-3,857,,-114.041039,49.015817,,,85241,2018-06-30 04:52:00,17679,Transcribed,180s,1SPM,VATH,Varied Thrush,IXOREUS NAEVIUS,2,123447,1,Song,64.68,1.38,-47.11,f,,Michelle Knaggs,11,,
PC,10,WLNP-1-3,857,,-114.041039,49.015817,,,85241,2018-06-30 04:52:00,17679,Transcribed,180s,1SPM,VATH,Varied Thrush,IXOREUS NAEVIUS,3,123406,1,Song,5.15,1.73,-25.41,f,,Michelle Knaggs,11,,
PC,10,WLNP-1-3,857,,-114.041039,49.015817,,,85241,2018-06-30 04:52:00,17679,Transcribed,180s,1SPM,VATH,Varied Thrush,IXOREUS NAEVIUS,3,123445,1,Song,60.30,1.61,-36.8,f,,Michelle Knaggs,11,,
PC,10,WLNP-1-3,857,,-114.041039,49.015817,,,85241,2018-06-30 04:52:00,17679,Transcribed,180s,1SPM,CHSP,Chipping Sparrow,SPIZELLA PASSERINA,1,123442,1,Song,7.59,1.41,-62.68,f,,Michelle Knaggs,11,,
PC,10,WLNP-1-3,857,,-114.041039,49.015817,,,85241,2018-06-30 04:52:00,17679,Transcribed,180s,1SPM,YEWA,Yellow Warbler,SETOPHAGA PETECHIA,1,123450,1,Song,72.08,1.56,-31.63,f,,Michelle Knaggs,11,,
PC,10,WLNP-1-3,857,,-114.041039,49.015817,,,85241,2018-06-30 04:52:00,17679,Transcribed,180s,1SPM,YEWA,Yellow Warbler,SETOPHAGA PETECHIA,1,123444,1,Song,13.46,0.96,-57.3,f,,Michelle Knaggs,11,,
PC,10,WLNP-1-3,857,,-114.041039,49.015817,,,85241,2018-06-30 04:52:00,17679,Transcribed,180s,1SPM,YEWA,Yellow Warbler,SETOPHAGA PETECHIA,1,123465,1,Song,123.84,1.60,-38.23,f,,Michelle Knaggs,11,,
PC,10,WLNP-1-3,857,,-114.041039,49.015817,,,85241,2018-06-30 04:52:00,17679,Transcribed,180s,1SPM,LIWI,Light wind,"",1,123483,1,Song,0.03,3.24,-30.2,f,,Michelle Knaggs,11,,
PC,10,WLNP-1-3,857,,-114.041039,49.015817,,,85241,2018-06-30 04:52:00,17679,Transcribed,180s,1SPM,LIWI,Light wind,"",1,123484,1,Song,60.06,5.14,-35.77,f,,Michelle Knaggs,11,,
PC,10,WLNP-1-3,857,,-114.041039,49.015817,,,85241,2018-06-30 04:52:00,17679,Transcribed,180s,1SPM,LIWI,Light wind,"",1,123485,1,Song,120.04,6.58,-33.43,f,,Michelle Knaggs,11,,
PC,10,WLNP-1-3,857,,-114.041039,49.015817,,,85241,2018-06-30 04:52:00,17679,Transcribed,180s,1SPM,VATH,Varied Thrush,IXOREUS NAEVIUS,3,123456,1,Song,122.94,1.48,-33.35,f,,Michelle Knaggs,11,,
PC,10,WLNP-1-3,857,,-114.041039,49.015817,,,85241,2018-06-30 04:52:00,17679,Transcribed,180s,1SPM,SWTH,Swainson's Thrush,CATHARUS USTULATUS,1,123441,1,Song,0.04,0.48,-45.09,f,,Michelle Knaggs,11,,
PC,10,WLNP-1-3,857,,-114.041039,49.015817,,,85241,2018-06-30 04:52:00,17679,Transcribed,180s,1SPM,SWTH,Swainson's Thrush,CATHARUS USTULATUS,1,123460,1,Song,121.29,1.18,-41.48,f,,Michelle Knaggs,11,,
PC,10,WLNP-1-3,857,,-114.041039,49.015817,,,85241,2018-06-30 04:52:00,17679,Transcribed,180s,1SPM,SWTH,Swainson's Thrush,CATHARUS USTULATUS,1,123448,1,Song,61.36,1.70,-41.94,f,,Michelle Knaggs,11,,
PC,10,WLNP-1-3,857,,-114.041039,49.015817,,,85241,2018-06-30 04:52:00,17679,Transcribed,180s,1SPM,SWTH,Swainson's Thrush,CATHARUS USTULATUS,2,123468,1,Song,124.96,1.96,-41.32,f,,Michelle Knaggs,11,,
PC,10,WLNP-1-3,857,,-114.041039,49.015817,,,85241,2018-06-30 04:52:00,17679,Transcribed,180s,1SPM,SWTH,Swainson's Thrush,CATHARUS USTULATUS,2,123453,1,Song,98.86,1.25,-44.9,f,,Michelle Knaggs,11,,
PC,10,WLNP-1-3,857,,-114.041039,49.015817,,,7058,2018-07-06 05:26:00,9925,Transcribed,180s,1SPM,DEJU,Dark-eyed Junco,JUNCO HYEMALIS,1,46153,1,Song,122.59,1.49,-51.68,f,,Christopher Wagner,39,,
PC,10,WLNP-1-3,857,,-114.041039,49.015817,,,7058,2018-07-06 05:26:00,9925,Transcribed,180s,1SPM,LIBA,Light Background Noise,"",1,46170,1,Song,12.19,1.31,-35.29,f,,Christopher Wagner,39,,
PC,10,WLNP-1-3,857,,-114.041039,49.015817,,,7058,2018-07-06 05:26:00,9925,Transcribed,180s,1SPM,GCKI,Golden-crowned Kinglet,REGULUS SATRAPA,1,46162,1,Song,66.91,4.48,-39.57,f,,Christopher Wagner,39,Maybe GCKI?,
PC,10,WLNP-1-3,857,,-114.041039,49.015817,,,7058,2018-07-06 05:26:00,9925,Transcribed,180s,1SPM,GCKI,Golden-crowned Kinglet,REGULUS SATRAPA,1,46163,1,Song,128.91,3.55,-56.96,f,,Christopher Wagner,39,Maybe GCKI?,
PC,10,WLNP-1-3,857,,-114.041039,49.015817,,,7058,2018-07-06 05:26:00,9925,Transcribed,180s,1SPM,GCKI,Golden-crowned Kinglet,REGULUS SATRAPA,1,46161,1,Song,7.15,2.74,-51.08,f,,Christopher Wagner,39,Maybe GCKI?,
PC,10,WLNP-1-3,857,,-114.041039,49.015817,,,7058,2018-07-06 05:26:00,9925,Transcribed,180s,1SPM,MGWA,MacGillivray's Warbler,GEOTHLYPIS TOLMIEI,1,46156,1,Song,1.31,1.83,-49.27,f,,Christopher Wagner,39,,
PC,10,WLNP-1-3,857,,-114.041039,49.015817,,,7058,2018-07-06 05:26:00,9925,Transcribed,180s,1SPM,MGWA,MacGillivray's Warbler,GEOTHLYPIS TOLMIEI,1,117558,1,Song,62.33,1.54,-43.33,f,,Christopher Wagner,39,,
PC,10,WLNP-1-3,857,,-114.041039,49.015817,,,7058,2018-07-06 05:26:00,9925,Transcribed,180s,1SPM,MGWA,MacGillivray's Warbler,GEOTHLYPIS TOLMIEI,1,117559,1,Song,122.44,1.60,-50.06,f,,Christopher Wagner,39,,
PC,10,WLNP-1-3,857,,-114.041039,49.015817,,,7058,2018-07-06 05:26:00,9925,Transcribed,180s,1SPM,CHSP,Chipping Sparrow,SPIZELLA PASSERINA,1,41731,1,Song,122.39,2.69,-53.17,f,,Christopher Wagner,39,,
PC,10,WLNP-1-3,857,,-114.041039,49.015817,,,7058,2018-07-06 05:26:00,9925,Transcribed,180s,1SPM,CHSP,Chipping Sparrow,SPIZELLA PASSERINA,1,43968,1,Song,0.86,3.03,-50.56,f,,Christopher Wagner,39,,
PC,10,WLNP-1-3,857,,-114.041039,49.015817,,,7058,2018-07-06 05:26:00,9925,Transcribed,180s,1SPM,CHSP,Chipping Sparrow,SPIZELLA PASSERINA,1,41717,1,Song,61.04,2.80,-41.61,f,,Christopher Wagner,39,,
PC,10,WLNP-1-3,857,,-114.041039,49.015817,,,7058,2018-07-06 05:26:00,9925,Transcribed,180s,1SPM,UNWA,Unidentified Warbler,"",1,46166,1,Song,10.01,1.60,-42.58,f,,Christopher Wagner,39,,
PC,10,WLNP-1-3,857,,-114.041039,49.015817,,,7058,2018-07-06 05:26:00,9925,Transcribed,180s,1SPM,BRCR,Brown Creeper,CERTHIA AMERICANA,1,46159,1,Song,174.84,0.89,-46.79,f,,Christopher Wagner,39,"",
PC,10,WLNP-1-3,857,,-114.041039,49.015817,,,7058,2018-07-06 05:26:00,9925,Transcribed,180s,1SPM,MOCH,Mountain Chickadee,POECILE GAMBELI,1,41732,1,Call,136.80,1.61,-50.22,f,,Christopher Wagner,39,,
PC,10,WLNP-1-3,857,,-114.041039,49.015817,,,7058,2018-07-06 05:26:00,9925,Transcribed,180s,1SPM,MOCH,Mountain Chickadee,POECILE GAMBELI,1,41719,1,S-C,65.09,1.31,-53.11,f,,Christopher Wagner,39,,
PC,10,WLNP-1-3,857,,-114.041039,49.015817,,,7058,2018-07-06 05:26:00,9925,Transcribed,180s,1SPM,MOCH,Mountain Chickadee,POECILE GAMBELI,1,41696,1,S-C,4.33,1.10,-46.63,f,,Christopher Wagner,39,,
PC,10,WLNP-1-3,857,,-114.041039,49.015817,,,7058,2018-07-06 05:26:00,9925,Transcribed,180s,1SPM,RBNU,Red-breasted Nuthatch,SITTA CANADENSIS,1,46157,1,Call,139.10,1.49,-55.85,f,,Christopher Wagner,39,,
PC,10,WLNP-1-3,857,,-114.041039,49.015817,,,7058,2018-07-06 05:26:00,9925,Transcribed,180s,1SPM,UNWO,Unidentified Woodpecker,"",1,41748,1,Non-vocal,76.49,2.13,-48.38,f,,Christopher Wagner,39,,
PC,10,WLNP-1-3,857,,-114.041039,49.015817,,,7058,2018-07-06 05:26:00,9925,Transcribed,180s,1SPM,UNWO,Unidentified Woodpecker,"",1,41705,1,Non-vocal,1.71,1.86,-44.51,f,,Christopher Wagner,39,,
PC,10,WLNP-1-3,857,,-114.041039,49.015817,,,7058,2018-07-06 05:26:00,9925,Transcribed,180s,1SPM,DEJU,Dark-eyed Junco,JUNCO HYEMALIS,1,46151,1,Song,5.99,1.31,-50.59,f,,Christopher Wagner,39,,
PC,10,WLNP-1-3,857,,-114.041039,49.015817,,,7058,2018-07-06 05:26:00,9925,Transcribed,180s,1SPM,DEJU,Dark-eyed Junco,JUNCO HYEMALIS,1,46152,1,Song,66.43,1.48,-49.61,f,,Christopher Wagner,39,,
PC,10,WLNP-1-3,857,,-114.041039,49.015817,,,7058,2018-07-06 05:26:00,9925,Transcribed,180s,1SPM,AMRO,American Robin,TURDUS MIGRATORIUS,1,46158,1,Song,144.70,1.45,-44.44,f,,Christopher Wagner,39,,
PC,10,WLNP-1-3,857,,-114.041039,49.015817,,,7058,2018-07-06 05:26:00,9925,Transcribed,180s,1SPM,AMRO,American Robin,TURDUS MIGRATORIUS,1,46154,1,S-C,0.00,2.04,-51.59,f,,Christopher Wagner,39,,
PC,10,WLNP-1-3,857,,-114.041039,49.015817,,,7058,2018-07-06 05:26:00,9925,Transcribed,180s,1SPM,AMRO,American Robin,TURDUS MIGRATORIUS,1,46155,1,S-C,63.10,2.81,-45.07,f,,Christopher Wagner,39,,
PC,10,WLNP-1-3,857,,-114.041039,49.015817,,,7058,2018-07-06 05:26:00,9925,Transcribed,180s,1SPM,YRWA,Yellow-rumped Warbler,SETOPHAGA CORONATA,1,46164,1,Song,62.83,1.79,-40.75,f,,Christopher Wagner,39,,
PC,10,WLNP-1-3,857,,-114.041039,49.015817,,,7058,2018-07-06 05:26:00,9925,Transcribed,180s,1SPM,YRWA,Yellow-rumped Warbler,SETOPHAGA CORONATA,1,46165,1,Song,125.43,1.43,-49.63,f,,Christopher Wagner,39,,
PC,10,WLNP-1-3,857,,-114.041039,49.015817,,,7058,2018-07-06 05:26:00,9925,Transcribed,180s,1SPM,YRWA,Yellow-rumped Warbler,SETOPHAGA CORONATA,1,46160,1,Song,5.41,1.28,-45.78,f,,Christopher Wagner,39,,
PC,10,WLNP-1-3,857,,-114.041039,49.015817,,,7058,2018-07-06 05:26:00,9925,Transcribed,180s,1SPM,GRAJ,Gray Jay,PERISOREUS CANADENSIS,1,46169,1,Call,75.00,0.34,-47.59,f,,Christopher Wagner,39,,
PC,10,WLNP-1-3,857,,-114.041039,49.015817,,,7058,2018-07-06 05:26:00,9925,Transcribed,180s,1SPM,VATH,Varied Thrush,IXOREUS NAEVIUS,1,41728,1,Song,64.28,1.70,-38.72,f,,Christopher Wagner,39,,
PC,10,WLNP-1-3,857,,-114.041039,49.015817,,,7058,2018-07-06 05:26:00,9925,Transcribed,180s,1SPM,VATH,Varied Thrush,IXOREUS NAEVIUS,1,41729,1,Song,120.85,1.44,-41.07,f,,Christopher Wagner,39,,
PC,10,WLNP-1-3,857,,-114.041039,49.015817,,,7058,2018-07-06 05:26:00,9925,Transcribed,180s,1SPM,VATH,Varied Thrush,IXOREUS NAEVIUS,1,41702,1,Song,0.59,1.46,-46.68,f,,Christopher Wagner,39,,
PC,10,WLNP-1-3,857,,-114.041039,49.015817,,,7058,2018-07-06 05:26:00,9925,Transcribed,180s,1SPM,VATH,Varied Thrush,IXOREUS NAEVIUS,2,41707,1,Song,3.59,1.44,-40.55,f,,Christopher Wagner,39,,
PC,10,WLNP-1-3,857,,-114.041039,49.015817,,,7058,2018-07-06 05:26:00,9925,Transcribed,180s,1SPM,VATH,Varied Thrush,IXOREUS NAEVIUS,2,41730,1,Song,122.96,1.61,-52.84,f,,Christopher Wagner,39,,
PC,10,WLNP-1-3,857,,-114.041039,49.015817,,,7058,2018-07-06 05:26:00,9925,Transcribed,180s,1SPM,VATH,Varied Thrush,IXOREUS NAEVIUS,2,41727,1,Song,60.20,1.59,-47.42,f,,Christopher Wagner,39,,
PC,10,WLNP-1-3,857,,-114.041039,49.015817,,,7058,2018-07-06 05:26:00,9925,Transcribed,180s,1SPM,SWTH,Swainson's Thrush,CATHARUS USTULATUS,1,41738,1,Song,0.03,0.78,-46.26,f,,Christopher Wagner,39,,
PC,10,WLNP-1-3,857,,-114.041039,49.015817,,,7058,2018-07-06 05:26:00,9925,Transcribed,180s,1SPM,SWTH,Swainson's Thrush,CATHARUS USTULATUS,1,41743,1,Song,60.13,2.04,-39.45,f,,Christopher Wagner,39,,
PC,10,WLNP-1-3,857,,-114.041039,49.015817,,,7058,2018-07-06 05:26:00,9925,Transcribed,180s,1SPM,SWTH,Swainson's Thrush,CATHARUS USTULATUS,1,41746,1,Song,124.45,1.88,-49.35,f,,Christopher Wagner,39,,
PC,10,WLNP-1-3,857,,-114.041039,49.015817,,,7058,2018-07-06 05:26:00,9925,Transcribed,180s,1SPM,SWTH,Swainson's Thrush,CATHARUS USTULATUS,2,41741,1,Song,61.40,1.99,-40.34,f,,Christopher Wagner,39,,
PC,10,WLNP-1-3,857,,-114.041039,49.015817,,,7058,2018-07-06 05:26:00,9925,Transcribed,180s,1SPM,SWTH,Swainson's Thrush,CATHARUS USTULATUS,2,41744,1,Song,120.88,2.26,-40.06,f,,Christopher Wagner,39,,
PC,10,WLNP-1-3,857,,-114.041039,49.015817,,,7058,2018-07-06 05:26:00,9925,Transcribed,180s,1SPM,SWTH,Swainson's Thrush,CATHARUS USTULATUS,2,41740,1,Song,0.86,1.88,-45.45,f,,Christopher Wagner,39,,
PC,10,WLNP-1-3,857,,-114.041039,49.015817,,,7022,2018-07-07 05:27:00,9889,Transcribed,180s,1SPM,GCKI,Golden-crowned Kinglet,REGULUS SATRAPA,1,41460,1,Song,120.11,2.73,-53.75,f,,Brandon Law,22,,
PC,10,WLNP-1-3,857,,-114.041039,49.015817,,,7022,2018-07-07 05:27:00,9889,Transcribed,180s,1SPM,YRWA,Yellow-rumped Warbler,SETOPHAGA CORONATA,1,41455,TMTT,Song,60.50,7.76,-35.77,f,,Brandon Law,22,AE:3-5,
PC,10,WLNP-1-3,857,,-114.041039,49.015817,,,7022,2018-07-07 05:27:00,9889,Transcribed,180s,1SPM,TOWA,Townsend's Warbler,SETOPHAGA TOWNSENDI,1,41469,1,Song,131.93,2.09,-39.54,f,,Brandon Law,22,,
PC,10,WLNP-1-3,857,,-114.041039,49.015817,,,7022,2018-07-07 05:27:00,9889,Transcribed,180s,1SPM,TOWA,Townsend's Warbler,SETOPHAGA TOWNSENDI,1,41468,1,Song,66.13,2.16,-48.62,f,,Brandon Law,22,,
PC,10,WLNP-1-3,857,,-114.041039,49.015817,,,7022,2018-07-07 05:27:00,9889,Transcribed,180s,1SPM,TOWA,Townsend's Warbler,SETOPHAGA TOWNSENDI,1,41467,1,Song,8.00,1.55,-44,f,,Brandon Law,22,,
PC,10,WLNP-1-3,857,,-114.041039,49.015817,,,7022,2018-07-07 05:27:00,9889,Transcribed,180s,1SPM,RBNU,Red-breasted Nuthatch,SITTA CANADENSIS,1,41458,1,Song,62.56,3.53,-35.58,f,,Brandon Law,22,,
PC,10,WLNP-1-3,857,,-114.041039,49.015817,,,7022,2018-07-07 05:27:00,9889,Transcribed,180s,1SPM,RBNU,Red-breasted Nuthatch,SITTA CANADENSIS,1,41457,1,Song,54.84,4.24,-44,f,,Brandon Law,22,,
PC,10,WLNP-1-3,857,,-114.041039,49.015817,,,7022,2018-07-07 05:27:00,9889,Transcribed,180s,1SPM,PISI,Pine Siskin,SPINUS PINUS,1,41450,1,Song,38.36,0.46,-43.39,f,,Brandon Law,22,,
PC,10,WLNP-1-3,857,,-114.041039,49.015817,,,7022,2018-07-07 05:27:00,9889,Transcribed,180s,1SPM,CHSP,Chipping Sparrow,SPIZELLA PASSERINA,1,41464,1,Song,121.20,2.45,-52.42,f,,Brandon Law,22,,
PC,10,WLNP-1-3,857,,-114.041039,49.015817,,,7022,2018-07-07 05:27:00,9889,Transcribed,180s,1SPM,CHSP,Chipping Sparrow,SPIZELLA PASSERINA,1,41456,1,Song,68.28,3.35,-45.26,f,,Brandon Law,22,,
PC,10,WLNP-1-3,857,,-114.041039,49.015817,,,7022,2018-07-07 05:27:00,9889,Transcribed,180s,1SPM,CHSP,Chipping Sparrow,SPIZELLA PASSERINA,1,41445,1,Song,2.91,2.79,-45.19,f,,Brandon Law,22,,
PC,10,WLNP-1-3,857,,-114.041039,49.015817,,,7022,2018-07-07 05:27:00,9889,Transcribed,180s,1SPM,OSFL,Olive-sided Flycatcher,CONTOPUS COOPERI,1,41449,1,Song,16.06,1.18,-45.34,f,,Brandon Law,22,,
PC,10,WLNP-1-3,857,,-114.041039,49.015817,,,7022,2018-07-07 05:27:00,9889,Transcribed,180s,1SPM,OSFL,Olive-sided Flycatcher,CONTOPUS COOPERI,1,41466,1,Song,122.31,0.89,-47.5,f,,Brandon Law,22,,
PC,10,WLNP-1-3,857,,-114.041039,49.015817,,,7022,2018-07-07 05:27:00,9889,Transcribed,180s,1SPM,OSFL,Olive-sided Flycatcher,CONTOPUS COOPERI,1,41459,1,Song,65.10,0.91,-38.13,f,,Brandon Law,22,,
PC,10,WLNP-1-3,857,,-114.041039,49.015817,,,7022,2018-07-07 05:27:00,9889,Transcribed,180s,1SPM,GCKI,Golden-crowned Kinglet,REGULUS SATRAPA,1,41453,1,Song,64.64,3.49,-48.93,f,,Brandon Law,22,,
PC,10,WLNP-1-3,857,,-114.041039,49.015817,,,7022,2018-07-07 05:27:00,9889,Transcribed,180s,1SPM,GCKI,Golden-crowned Kinglet,REGULUS SATRAPA,1,41448,1,Song,2.80,3.85,-47.86,f,,Brandon Law,22,,
PC,10,WLNP-1-3,857,,-114.041039,49.015817,,,7022,2018-07-07 05:27:00,9889,Transcribed,180s,1SPM,LIBA,Light Background Noise,"",1,41451,1,Song,60.11,1.99,-43.1,f,,Brandon Law,22,,
PC,10,WLNP-1-3,857,,-114.041039,49.015817,,,7022,2018-07-07 05:27:00,9889,Transcribed,180s,1SPM,LIBA,Light Background Noise,"",1,41462,1,Song,120.13,2.59,-38.79,f,,Brandon Law,22,,
PC,10,WLNP-1-3,857,,-114.041039,49.015817,,,7022,2018-07-07 05:27:00,9889,Transcribed,180s,1SPM,LIBA,Light Background Noise,"",1,41446,1,Song,0.06,1.55,-32.39,f,,Brandon Law,22,,
PC,10,WLNP-1-3,857,,-114.041039,49.015817,,,7022,2018-07-07 05:27:00,9889,Transcribed,180s,1SPM,SWTH,Swainson's Thrush,CATHARUS USTULATUS,1,41461,TMTT,Song,120.20,6.25,-36.96,f,,Brandon Law,22,AE:4-5,
PC,10,WLNP-1-3,857,,-114.041039,49.015817,,,7022,2018-07-07 05:27:00,9889,Transcribed,180s,1SPM,SWTH,Swainson's Thrush,CATHARUS USTULATUS,1,41454,TMTT,Song,60.78,5.61,-35.47,f,,Brandon Law,22,AE:4-5,
PC,10,WLNP-1-3,857,,-114.041039,49.015817,,,7022,2018-07-07 05:27:00,9889,Transcribed,180s,1SPM,SWTH,Swainson's Thrush,CATHARUS USTULATUS,1,41442,TMTT,Song,0.05,9.04,-35.51,f,,Brandon Law,22,AE:4-5,
PC,10,WLNP-1-3,857,,-114.041039,49.015817,,,7022,2018-07-07 05:27:00,9889,Transcribed,180s,1SPM,VATH,Varied Thrush,IXOREUS NAEVIUS,1,41444,TMTT,Song,0.56,8.45,-35.8,f,,Brandon Law,22,AE:4-6,
PC,10,WLNP-1-3,857,,-114.041039,49.015817,,,7022,2018-07-07 05:27:00,9889,Transcribed,180s,1SPM,VATH,Varied Thrush,IXOREUS NAEVIUS,1,41452,TMTT,Song,60.38,4.43,-35.36,f,,Brandon Law,22,AE:4-6,
PC,10,WLNP-1-3,857,,-114.041039,49.015817,,,7022,2018-07-07 05:27:00,9889,Transcribed,180s,1SPM,VATH,Varied Thrush,IXOREUS NAEVIUS,1,41463,TMTT,Song,121.53,6.06,-35.85,f,,Brandon Law,22,AE:4-6,
PC,10,WLNP-1-3,857,,-114.041039,49.015817,,,7022,2018-07-07 05:27:00,9889,Transcribed,180s,1SPM,YRWA,Yellow-rumped Warbler,SETOPHAGA CORONATA,1,41447,TMTT,Song,2.53,7.99,-36.87,f,,Brandon Law,22,AE:3-5,
PC,10,WLNP-1-3,857,,-114.041039,49.015817,,,7022,2018-07-07 05:27:00,9889,Transcribed,180s,1SPM,YRWA,Yellow-rumped Warbler,SETOPHAGA CORONATA,1,41465,TMTT,Song,121.74,4.25,-37.5,f,,Brandon Law,22,AE:3-5,
PC,10,WLNP-2-1,858,,-113.965298,49.093598,,,6962,2018-06-17 22:44:00,9965,Bad Weather,180s,1SPM,NONE,NONE,"",,,,,,,,,,Jillian Slater,25,,
PC,10,WLNP-2-1,858,,-113.965298,49.093598,,,6951,2018-06-18 04:48:00,9954,Transcribed,180s,1SPM,HETH,Hermit Thrush,CATHARUS GUTTATUS,1,49044,1,Call,98.03,1.03,-51.51,f,,Dan Burgin,19,,"Either near a water source, or just lots of static on both sides smothering calls and song."
PC,10,WLNP-2-1,858,,-113.965298,49.093598,,,6951,2018-06-18 04:48:00,9954,Transcribed,180s,1SPM,UNTH,Unidentified Thrush,"",1,49043,1,Call,21.96,1.39,-52.82,f,,Dan Burgin,19,,"Either near a water source, or just lots of static on both sides smothering calls and song."
PC,10,WLNP-2-1,858,,-113.965298,49.093598,,,6951,2018-06-18 04:48:00,9954,Transcribed,180s,1SPM,HETH,Hermit Thrush,CATHARUS GUTTATUS,1,49045,1,Call,120.39,0.60,-51.4,f,,Dan Burgin,19,,"Either near a water source, or just lots of static on both sides smothering calls and song."
PC,10,WLNP-2-1,858,,-113.965298,49.093598,,,6951,2018-06-18 04:48:00,9954,Transcribed,180s,1SPM,HETH,Hermit Thrush,CATHARUS GUTTATUS,1,49042,1,Call,1.99,3.44,-52.31,f,,Dan Burgin,19,,"Either near a water source, or just lots of static on both sides smothering calls and song."
PC,10,WLNP-2-1,858,,-113.965298,49.093598,,,6951,2018-06-18 04:48:00,9954,Transcribed,180s,1SPM,UNTR,Unidentified Trill,"",1,49046,1,Song,147.28,1.48,-53.81,f,,Dan Burgin,19,,"Either near a water source, or just lots of static on both sides smothering calls and song."
PC,10,WLNP-2-1,858,,-113.965298,49.093598,,,85242,2018-06-21 04:48:00,17680,Bad Weather,180s,1SPM,NONE,NONE,"",,,,,,,,,,Michelle Knaggs,11,,
PC,10,WLNP-2-1,858,,-113.965298,49.093598,,,7075,2018-06-22 04:48:00,9942,Transcribed,180s,1SPM,AMRO,American Robin,TURDUS MIGRATORIUS,1,42316,1,Song,2.59,2.19,-38.9,f,,Connor Charchuk,41,,
PC,10,WLNP-2-1,858,,-113.965298,49.093598,,,7075,2018-06-22 04:48:00,9942,Transcribed,180s,1SPM,AMRO,American Robin,TURDUS MIGRATORIUS,1,42317,1,Song,64.74,1.88,-39.11,f,,Connor Charchuk,41,,
PC,10,WLNP-2-1,858,,-113.965298,49.093598,,,90867,2018-06-22 05:18:00,20896,Transcribed,180s,1SPM,HEWI,Heavy wind,"",1,178374,1,Song,120.18,3.73,-34.74,f,,Michelle Knaggs,11,,
PC,10,WLNP-2-1,858,,-113.965298,49.093598,,,90867,2018-06-22 05:18:00,20896,Transcribed,180s,1SPM,UNFI,Unidentified Finch,"",1,178356,1,Call,83.05,0.48,-39.68,f,,Michelle Knaggs,11,,
PC,10,WLNP-2-1,858,,-113.965298,49.093598,,,90867,2018-06-22 05:18:00,20896,Transcribed,180s,1SPM,UNPA,Unidentified Passerine,"",2,178351,1,Song,14.53,1.00,-43.89,f,,Michelle Knaggs,11,,
PC,10,WLNP-2-1,858,,-113.965298,49.093598,,,90867,2018-06-22 05:18:00,20896,Transcribed,180s,1SPM,UNPA,Unidentified Passerine,"",1,178349,1,Song,5.33,2.31,-38.73,f,,Michelle Knaggs,11,,
PC,10,WLNP-2-1,858,,-113.965298,49.093598,,,90867,2018-06-22 05:18:00,20896,Transcribed,180s,1SPM,UNPA,Unidentified Passerine,"",1,178367,1,Song,145.98,0.88,-40.98,f,,Michelle Knaggs,11,,
PC,10,WLNP-2-1,858,,-113.965298,49.093598,,,90867,2018-06-22 05:18:00,20896,Transcribed,180s,1SPM,UNPA,Unidentified Passerine,"",1,178365,1,Song,100.89,1.39,-40.62,f,,Michelle Knaggs,11,,
PC,10,WLNP-2-1,858,,-113.965298,49.093598,,,90867,2018-06-22 05:18:00,20896,Transcribed,180s,1SPM,SWTH,Swainson's Thrush,CATHARUS USTULATUS,1,178353,1,Song,18.73,1.03,-40.78,f,,Michelle Knaggs,11,,
PC,10,WLNP-2-1,858,,-113.965298,49.093598,,,90867,2018-06-22 05:18:00,20896,Transcribed,180s,1SPM,HEWI,Heavy wind,"",1,178373,1,Song,60.15,3.99,-34.75,f,,Michelle Knaggs,11,,
PC,10,WLNP-2-1,858,,-113.965298,49.093598,,,90867,2018-06-22 05:18:00,20896,Transcribed,180s,1SPM,HEWI,Heavy wind,"",1,178371,1,Song,0.80,4.13,-32.55,f,,Michelle Knaggs,11,,
PC,10,WLNP-2-1,858,,-113.965298,49.093598,,,7023,2018-06-26 04:50:00,9890,Transcribed,180s,1SPM,LINO,Light continuous industrial noise,"",1,41472,1,Song,120.30,1.58,-29.71,f,,Brandon Law,22,,NONE
PC,10,WLNP-2-1,858,,-113.965298,49.093598,,,7023,2018-06-26 04:50:00,9890,Transcribed,180s,1SPM,LINO,Light continuous industrial noise,"",1,41470,1,Song,0.11,1.55,-29.39,f,,Brandon Law,22,,NONE
PC,10,WLNP-2-1,858,,-113.965298,49.093598,,,7023,2018-06-26 04:50:00,9890,Transcribed,180s,1SPM,LINO,Light continuous industrial noise,"",1,41471,1,Song,60.13,1.70,-28.93,f,,Brandon Law,22,,NONE
PC,10,WLNP-2-2,845,,-113.966544,49.096121,,,6971,2018-06-20 04:48:00,9974,Transcribed,180s,1SPM,AMRO,American Robin,TURDUS MIGRATORIUS,1,41392,1,Song,60.26,1.99,-53.4,f,,Kevan Cowcill,20,,
PC,10,WLNP-2-2,845,,-113.966544,49.096121,,,6971,2018-06-20 04:48:00,9974,Transcribed,180s,1SPM,AMRO,American Robin,TURDUS MIGRATORIUS,1,41387,1,Song,2.20,2.84,-49.39,f,,Kevan Cowcill,20,,
PC,10,WLNP-2-2,845,,-113.966544,49.096121,,,6971,2018-06-20 04:48:00,9974,Transcribed,180s,1SPM,AMRO,American Robin,TURDUS MIGRATORIUS,1,41411,1,Song,139.88,1.06,-59.86,f,,Kevan Cowcill,20,,
PC,10,WLNP-2-2,845,,-113.966544,49.096121,,,6971,2018-06-20 04:48:00,9974,Transcribed,180s,1SPM,WCSP,White-crowned Sparrow,ZONOTRICHIA LEUCOPHRYS,1,41402,1,Song,37.80,2.41,-52.31,f,,Kevan Cowcill,20,,
PC,10,WLNP-2-2,845,,-113.966544,49.096121,,,6971,2018-06-20 04:48:00,9974,Transcribed,180s,1SPM,WCSP,White-crowned Sparrow,ZONOTRICHIA LEUCOPHRYS,1,121356,1,Song,63.04,2.49,-52.21,f,,Kevan Cowcill,20,,
PC,10,WLNP-2-2,845,,-113.966544,49.096121,,,6971,2018-06-20 04:48:00,9974,Transcribed,180s,1SPM,MOWI,Moderate wind,"",1,41383,1,Non-vocal,0.04,4.65,-35.7,f,,Kevan Cowcill,20,,
PC,10,WLNP-2-2,845,,-113.966544,49.096121,,,6971,2018-06-20 04:48:00,9974,Transcribed,180s,1SPM,MOWI,Moderate wind,"",1,41391,1,Non-vocal,60.09,4.74,-34.55,f,,Kevan Cowcill,20,,
PC,10,WLNP-2-2,845,,-113.966544,49.096121,,,6971,2018-06-20 04:48:00,9974,Transcribed,180s,1SPM,MOWI,Moderate wind,"",1,41399,1,Non-vocal,120.14,5.50,-33.24,f,,Kevan Cowcill,20,,
PC,10,WLNP-2-2,845,,-113.966544,49.096121,,,6971,2018-06-20 04:48:00,9974,Transcribed,180s,1SPM,CHSP,Chipping Sparrow,SPIZELLA PASSERINA,1,41396,1,Song,120.28,1.68,-58.83,f,,Kevan Cowcill,20,,
PC,10,WLNP-2-2,845,,-113.966544,49.096121,,,6971,2018-06-20 04:48:00,9974,Transcribed,180s,1SPM,CHSP,Chipping Sparrow,SPIZELLA PASSERINA,1,41397,1,Song,0.01,0.98,-53.26,f,,Kevan Cowcill,20,,
PC,10,WLNP-2-2,845,,-113.966544,49.096121,,,6971,2018-06-20 04:48:00,9974,Transcribed,180s,1SPM,CHSP,Chipping Sparrow,SPIZELLA PASSERINA,2,41398,TMTT,Song,68.25,4.19,-51.06,f,,Kevan Cowcill,20,,
PC,10,WLNP-2-2,845,,-113.966544,49.096121,,,6971,2018-06-20 04:48:00,9974,Transcribed,180s,1SPM,UNWA,Unidentified Warbler,"",1,41405,1,Song,106.64,1.23,-47.63,f,,Kevan Cowcill,20,AMRE? MAWA? partial YEWA?,
PC,10,WLNP-2-2,845,,-113.966544,49.096121,,,6971,2018-06-20 04:48:00,9974,Transcribed,180s,1SPM,UNWA,Unidentified Warbler,"",1,41408,1,Song,128.66,1.28,-51.22,f,,Kevan Cowcill,20,AMRE? MAWA? partial YEWA?,
PC,10,WLNP-2-2,845,,-113.966544,49.096121,,,6971,2018-06-20 04:48:00,9974,Transcribed,180s,1SPM,UNPA,Unidentified Passerine,"",1,41406,1,Song,113.88,1.29,-58.08,f,,Kevan Cowcill,20,"faint, might be RBNU with western dialect

Not a ghost detection. Definitely a nuthatch of some type.  confidence:To Be Checked",
PC,10,WLNP-2-2,845,,-113.966544,49.096121,,,6971,2018-06-20 04:48:00,9974,Transcribed,180s,1SPM,OCWA,Orange-crowned Warbler,LEIOTHLYPIS CELATA,1,41390,TMTT,Song,60.48,2.53,-58.79,f,,Kevan Cowcill,20,several overlapping later,
PC,10,WLNP-2-2,845,,-113.966544,49.096121,,,6971,2018-06-20 04:48:00,9974,Transcribed,180s,1SPM,HOWR,House Wren,TROGLODYTES AEDON,1,41403,1,Song,69.69,2.50,-50.74,f,,Kevan Cowcill,20,,
PC,10,WLNP-2-2,845,,-113.966544,49.096121,,,6971,2018-06-20 04:48:00,9974,Transcribed,180s,1SPM,HOWR,House Wren,TROGLODYTES AEDON,1,41401,1,Song,123.53,2.33,-50.06,f,,Kevan Cowcill,20,,
PC,10,WLNP-2-2,845,,-113.966544,49.096121,,,6971,2018-06-20 04:48:00,9974,Transcribed,180s,1SPM,OCWA,Orange-crowned Warbler,LEIOTHLYPIS CELATA,1,41384,TMTT,Song,0.04,4.91,-53.17,f,,Kevan Cowcill,20,several overlapping later,
PC,10,WLNP-2-2,845,,-113.966544,49.096121,,,6971,2018-06-20 04:48:00,9974,Transcribed,180s,1SPM,AMRO,American Robin,TURDUS MIGRATORIUS,2,41407,1,Song,124.40,1.88,-56.06,f,,Kevan Cowcill,20,,
PC,10,WLNP-2-2,845,,-113.966544,49.096121,,,6971,2018-06-20 04:48:00,9974,Transcribed,180s,1SPM,AMRO,American Robin,TURDUS MIGRATORIUS,2,41395,1,Song,98.74,1.91,-54.49,f,,Kevan Cowcill,20,,
PC,10,WLNP-2-2,845,,-113.966544,49.096121,,,6971,2018-06-20 04:48:00,9974,Transcribed,180s,1SPM,SWTH,Swainson's Thrush,CATHARUS USTULATUS,2,41410,1,Song,134.46,1.69,-54.97,f,,Kevan Cowcill,20,faint,
PC,10,WLNP-2-2,845,,-113.966544,49.096121,,,6971,2018-06-20 04:48:00,9974,Transcribed,180s,1SPM,SWTH,Swainson's Thrush,CATHARUS USTULATUS,2,41385,1,Song,1.21,1.25,-54.81,f,,Kevan Cowcill,20,faint,
PC,10,WLNP-2-2,845,,-113.966544,49.096121,,,6971,2018-06-20 04:48:00,9974,Transcribed,180s,1SPM,SWTH,Swainson's Thrush,CATHARUS USTULATUS,1,41394,1,Call,66.69,1.20,-51.36,f,,Kevan Cowcill,20,,
PC,10,WLNP-2-2,845,,-113.966544,49.096121,,,6971,2018-06-20 04:48:00,9974,Transcribed,180s,1SPM,SWTH,Swainson's Thrush,CATHARUS USTULATUS,1,41400,1,Song,121.65,1.73,-48.44,f,,Kevan Cowcill,20,,
PC,10,WLNP-2-2,845,,-113.966544,49.096121,,,6971,2018-06-20 04:48:00,9974,Transcribed,180s,1SPM,SWTH,Swainson's Thrush,CATHARUS USTULATUS,1,41382,1,Song,0.16,1.90,-52.48,f,,Kevan Cowcill,20,,
PC,10,WLNP-2-2,845,,-113.966544,49.096121,,,6971,2018-06-20 04:48:00,9974,Transcribed,180s,1SPM,WCSP,White-crowned Sparrow,ZONOTRICHIA LEUCOPHRYS,1,121357,1,Song,130.21,2.35,-46.79,f,,Kevan Cowcill,20,,
PC,10,WLNP-2-2,845,,-113.966544,49.096121,,,6971,2018-06-20 04:48:00,9974,Transcribed,180s,1SPM,AMRO,American Robin,TURDUS MIGRATORIUS,2,41388,1,Song,5.28,2.44,-53.92,f,,Kevan Cowcill,20,,
PC,10,WLNP-2-2,845,,-113.966544,49.096121,,,7009,2018-06-21 05:18:00,9876,Transcribed,180s,1SPM,WAVI,Warbling Vireo,VIREO GILVUS,1,54788,1,Song,106.38,1.94,-46.94,f,,Alex MacPhail,15,,Maybe mixing up DEJUs?
PC,10,WLNP-2-2,845,,-113.966544,49.096121,,,7009,2018-06-21 05:18:00,9876,Transcribed,180s,1SPM,WAVI,Warbling Vireo,VIREO GILVUS,1,54801,1,Song,128.05,2.13,-58.57,f,,Alex MacPhail,15,,Maybe mixing up DEJUs?
PC,10,WLNP-2-2,845,,-113.966544,49.096121,,,7009,2018-06-21 05:18:00,9876,Transcribed,180s,1SPM,MOWI,Moderate wind,"",1,54777,1,Song,60.10,5.70,-39.01,f,,Alex MacPhail,15,,Maybe mixing up DEJUs?
PC,10,WLNP-2-2,845,,-113.966544,49.096121,,,7009,2018-06-21 05:18:00,9876,Transcribed,180s,1SPM,SWTH,Swainson's Thrush,CATHARUS USTULATUS,1,54764,1,Song,2.39,1.39,-52.66,f,,Alex MacPhail,15,,Maybe mixing up DEJUs?
PC,10,WLNP-2-2,845,,-113.966544,49.096121,,,7009,2018-06-21 05:18:00,9876,Transcribed,180s,1SPM,SWTH,Swainson's Thrush,CATHARUS USTULATUS,1,54798,1,Song,126.86,1.73,-51.58,f,,Alex MacPhail,15,,Maybe mixing up DEJUs?
PC,10,WLNP-2-2,845,,-113.966544,49.096121,,,7009,2018-06-21 05:18:00,9876,Transcribed,180s,1SPM,SWTH,Swainson's Thrush,CATHARUS USTULATUS,1,54782,1,Song,64.28,1.43,-51.78,f,,Alex MacPhail,15,,Maybe mixing up DEJUs?
PC,10,WLNP-2-2,845,,-113.966544,49.096121,,,7009,2018-06-21 05:18:00,9876,Transcribed,180s,1SPM,WAVI,Warbling Vireo,VIREO GILVUS,1,54768,1,Song,5.29,1.79,-61.2,f,,Alex MacPhail,15,,Maybe mixing up DEJUs?
PC,10,WLNP-2-2,845,,-113.966544,49.096121,,,7009,2018-06-21 05:18:00,9876,Transcribed,180s,1SPM,DEJU,Dark-eyed Junco,JUNCO HYEMALIS,1,54770,1,Song,15.28,2.26,-51.39,f,,Alex MacPhail,15,,Maybe mixing up DEJUs?
PC,10,WLNP-2-2,845,,-113.966544,49.096121,,,7009,2018-06-21 05:18:00,9876,Transcribed,180s,1SPM,DEJU,Dark-eyed Junco,JUNCO HYEMALIS,1,54780,1,Song,62.23,2.01,-60.65,f,,Alex MacPhail,15,,Maybe mixing up DEJUs?
PC,10,WLNP-2-2,845,,-113.966544,49.096121,,,7009,2018-06-21 05:18:00,9876,Transcribed,180s,1SPM,MOWI,Moderate wind,"",1,54763,1,Song,0.10,5.31,-22.72,f,,Alex MacPhail,15,,Maybe mixing up DEJUs?
PC,10,WLNP-2-2,845,,-113.966544,49.096121,,,7009,2018-06-21 05:18:00,9876,Transcribed,180s,1SPM,MOWI,Moderate wind,"",1,54796,1,Song,120.09,5.06,-37.99,f,,Alex MacPhail,15,,Maybe mixing up DEJUs?
PC,10,WLNP-2-2,845,,-113.966544,49.096121,,,7009,2018-06-21 05:18:00,9876,Transcribed,180s,1SPM,MGWA,MacGillivray's Warbler,GEOTHLYPIS TOLMIEI,1,54776,1,Song,60.11,1.06,-45.58,f,,Alex MacPhail,15,,Maybe mixing up DEJUs?
PC,10,WLNP-2-2,845,,-113.966544,49.096121,,,7009,2018-06-21 05:18:00,9876,Transcribed,180s,1SPM,MGWA,MacGillivray's Warbler,GEOTHLYPIS TOLMIEI,1,54794,1,Song,123.96,1.34,-44.36,f,,Alex MacPhail,15,,Maybe mixing up DEJUs?
PC,10,WLNP-2-2,845,,-113.966544,49.096121,,,7009,2018-06-21 05:18:00,9876,Transcribed,180s,1SPM,MGWA,MacGillivray's Warbler,GEOTHLYPIS TOLMIEI,1,54767,1,Song,0.31,1.48,-46.23,f,,Alex MacPhail,15,,Maybe mixing up DEJUs?
PC,10,WLNP-2-2,845,,-113.966544,49.096121,,,7009,2018-06-21 05:18:00,9876,Transcribed,180s,1SPM,MGWA,MacGillivray's Warbler,GEOTHLYPIS TOLMIEI,2,54783,1,Song,64.26,1.76,-55.85,f,,Alex MacPhail,15,fainter - pretty sure confidence:To Be Checked,Maybe mixing up DEJUs?
PC,10,WLNP-2-2,845,,-113.966544,49.096121,,,7009,2018-06-21 05:18:00,9876,Transcribed,180s,1SPM,MGWA,MacGillivray's Warbler,GEOTHLYPIS TOLMIEI,2,54775,1,Song,53.48,1.39,-61.05,f,,Alex MacPhail,15,fainter - pretty sure confidence:To Be Checked,Maybe mixing up DEJUs?
PC,10,WLNP-2-2,845,,-113.966544,49.096121,,,7009,2018-06-21 05:18:00,9876,Transcribed,180s,1SPM,DEJU,Dark-eyed Junco,JUNCO HYEMALIS,1,54791,1,Song,120.06,1.13,-60.09,f,,Alex MacPhail,15,,Maybe mixing up DEJUs?
PC,10,WLNP-2-2,845,,-113.966544,49.096121,,,7009,2018-06-21 05:18:00,9876,Transcribed,180s,1SPM,MGWA,MacGillivray's Warbler,GEOTHLYPIS TOLMIEI,2,54795,1,Song,121.89,1.46,-58.98,f,,Alex MacPhail,15,fainter - pretty sure confidence:To Be Checked,Maybe mixing up DEJUs?
PC,10,WLNP-2-2,845,,-113.966544,49.096121,,,7009,2018-06-21 05:18:00,9876,Transcribed,180s,1SPM,PISI,Pine Siskin,SPINUS PINUS,1,54778,1,S-C,61.10,0.86,-59.19,f,,Alex MacPhail,15,,Maybe mixing up DEJUs?
PC,10,WLNP-2-2,845,,-113.966544,49.096121,,,7009,2018-06-21 05:18:00,9876,Transcribed,180s,1SPM,PISI,Pine Siskin,SPINUS PINUS,1,54766,1,S-C,1.89,0.75,-56.39,f,,Alex MacPhail,15,,Maybe mixing up DEJUs?
PC,10,WLNP-2-2,845,,-113.966544,49.096121,,,7009,2018-06-21 05:18:00,9876,Transcribed,180s,1SPM,UNWA,Unidentified Warbler,"",1,54774,1,Song,25.38,2.01,-47.65,f,,Alex MacPhail,15,,Maybe mixing up DEJUs?
PC,10,WLNP-2-2,845,,-113.966544,49.096121,,,7009,2018-06-21 05:18:00,9876,Transcribed,180s,1SPM,WCSP,White-crowned Sparrow,ZONOTRICHIA LEUCOPHRYS,1,54797,1,Song,123.10,2.11,-45.95,f,,Alex MacPhail,15,,Maybe mixing up DEJUs?
PC,10,WLNP-2-2,845,,-113.966544,49.096121,,,7009,2018-06-21 05:18:00,9876,Transcribed,180s,1SPM,DEJU,Dark-eyed Junco,JUNCO HYEMALIS,2,54779,1,Song,36.90,2.13,-64.57,f,,Alex MacPhail,15,Pretty sure 2nd DEJU here,Maybe mixing up DEJUs?
PC,10,WLNP-2-2,845,,-113.966544,49.096121,,,7009,2018-06-21 05:18:00,9876,Transcribed,180s,1SPM,WCSP,White-crowned Sparrow,ZONOTRICHIA LEUCOPHRYS,1,54784,1,Song,66.38,1.85,-55.59,f,,Alex MacPhail,15,,Maybe mixing up DEJUs?
PC,10,WLNP-2-2,845,,-113.966544,49.096121,,,7009,2018-06-21 05:18:00,9876,Transcribed,180s,1SPM,WCSP,White-crowned Sparrow,ZONOTRICHIA LEUCOPHRYS,1,54769,1,Song,10.64,1.85,-49.9,f,,Alex MacPhail,15,,Maybe mixing up DEJUs?
PC,10,WLNP-2-2,845,,-113.966544,49.096121,,,7009,2018-06-21 05:18:00,9876,Transcribed,180s,1SPM,AMRO,American Robin,TURDUS MIGRATORIUS,1,54790,1,Call,121.34,0.53,-73.74,f,,Alex MacPhail,15,,Maybe mixing up DEJUs?
PC,10,WLNP-2-2,845,,-113.966544,49.096121,,,7009,2018-06-21 05:18:00,9876,Transcribed,180s,1SPM,AMRO,American Robin,TURDUS MIGRATORIUS,1,54789,1,Call,114.96,0.71,-69.79,f,,Alex MacPhail,15,,Maybe mixing up DEJUs?
PC,10,WLNP-2-2,845,,-113.966544,49.096121,,,7009,2018-06-21 05:18:00,9876,Transcribed,180s,1SPM,AMRO,American Robin,TURDUS MIGRATORIUS,1,54765,1,Song,0.04,1.01,-43.35,f,,Alex MacPhail,15,,Maybe mixing up DEJUs?
PC,10,WLNP-2-2,845,,-113.966544,49.096121,,,7009,2018-06-21 05:18:00,9876,Transcribed,180s,1SPM,DEJU,Dark-eyed Junco,JUNCO HYEMALIS,3,54802,1,Song,133.11,2.00,-57.8,f,,Alex MacPhail,15,,Maybe mixing up DEJUs?
PC,10,WLNP-2-2,845,,-113.966544,49.096121,,,7009,2018-06-21 05:18:00,9876,Transcribed,180s,1SPM,DEJU,Dark-eyed Junco,JUNCO HYEMALIS,2,54781,1,Song,62.95,1.54,-60.41,f,,Alex MacPhail,15,Pretty sure 2nd DEJU here,Maybe mixing up DEJUs?
PC,10,WLNP-2-2,845,,-113.966544,49.096121,,,7009,2018-06-21 05:18:00,9876,Transcribed,180s,1SPM,UNTH,Unidentified Thrush,"",1,54772,1,Song,6.93,1.54,-52.3,f,,Alex MacPhail,15,,Maybe mixing up DEJUs?
PC,10,WLNP-2-2,845,,-113.966544,49.096121,,,7009,2018-06-21 05:18:00,9876,Transcribed,180s,1SPM,UNTR,Unidentified Trill,"",1,54773,1,Song,12.56,1.68,-55.77,f,,Alex MacPhail,15,,Maybe mixing up DEJUs?
PC,10,WLNP-2-2,845,,-113.966544,49.096121,,,7009,2018-06-21 05:18:00,9876,Transcribed,180s,1SPM,UNTR,Unidentified Trill,"",2,54787,1,Song,87.65,2.36,-59.33,f,,Alex MacPhail,15,swsp? confidence:To Be Checked,Maybe mixing up DEJUs?
PC,10,WLNP-2-2,845,,-113.966544,49.096121,,,7009,2018-06-21 05:18:00,9876,Transcribed,180s,1SPM,UNTR,Unidentified Trill,"",2,54799,1,Song,121.76,2.40,-55.5,f,,Alex MacPhail,15,swsp? confidence:To Be Checked,Maybe mixing up DEJUs?
PC,10,WLNP-2-2,845,,-113.966544,49.096121,,,7009,2018-06-21 05:18:00,9876,Transcribed,180s,1SPM,DEJU,Dark-eyed Junco,JUNCO HYEMALIS,2,54792,1,Song,120.35,1.44,-60.64,f,,Alex MacPhail,15,Pretty sure 2nd DEJU here,Maybe mixing up DEJUs?
PC,10,WLNP-2-2,845,,-113.966544,49.096121,,,7009,2018-06-21 05:18:00,9876,Transcribed,180s,1SPM,UNSP,Unidentified Sparrow,"",1,54804,1,Song,153.11,2.18,-44.2,f,,Alex MacPhail,15,wcsp? confidence:Unknown far,Maybe mixing up DEJUs?
PC,10,WLNP-2-2,845,,-113.966544,49.096121,,,7009,2018-06-21 05:18:00,9876,Transcribed,180s,1SPM,UNSP,Unidentified Sparrow,"",1,54771,1,Song,3.83,2.31,-62.48,f,,Alex MacPhail,15,wcsp? confidence:Unknown far,Maybe mixing up DEJUs?
PC,10,WLNP-2-2,845,,-113.966544,49.096121,,,85243,2018-06-22 04:48:00,17681,Transcribed,180s,1SPM,DEJU,Dark-eyed Junco,JUNCO HYEMALIS,1,123757,1,Song,120.06,2.18,-47.38,f,,Michelle Knaggs,11,,
PC,10,WLNP-2-2,845,,-113.966544,49.096121,,,85243,2018-06-22 04:48:00,17681,Transcribed,180s,1SPM,UNKN,Unidentified signal,"",1,123720,1,Call,119.05,2.35,-68.89,f,,Michelle Knaggs,11,insect? confidence:Unknown far,
PC,10,WLNP-2-2,845,,-113.966544,49.096121,,,85243,2018-06-22 04:48:00,17681,Transcribed,180s,1SPM,UNAM,Unidentified passerine in the American Robin Song Complex,"",1,123683,1,Song,5.08,0.44,-55.11,f,,Michelle Knaggs,11,,
PC,10,WLNP-2-2,845,,-113.966544,49.096121,,,85243,2018-06-22 04:48:00,17681,Transcribed,180s,1SPM,DEJU,Dark-eyed Junco,JUNCO HYEMALIS,1,123713,1,Song,60.71,1.53,-53.37,f,,Michelle Knaggs,11,,
PC,10,WLNP-2-2,845,,-113.966544,49.096121,,,85243,2018-06-22 04:48:00,17681,Transcribed,180s,1SPM,UNAM,Unidentified passerine in the American Robin Song Complex,"",1,123763,1,Song,129.38,0.40,-53.34,f,,Michelle Knaggs,11,,
PC,10,WLNP-2-2,845,,-113.966544,49.096121,,,85243,2018-06-22 04:48:00,17681,Transcribed,180s,1SPM,SWTH,Swainson's Thrush,CATHARUS USTULATUS,2,123762,1,Song,124.44,0.63,-52.97,f,,Michelle Knaggs,11,,
PC,10,WLNP-2-2,845,,-113.966544,49.096121,,,85243,2018-06-22 04:48:00,17681,Transcribed,180s,1SPM,SWTH,Swainson's Thrush,CATHARUS USTULATUS,2,123710,1,Song,64.64,1.01,-48.87,f,,Michelle Knaggs,11,,
PC,10,WLNP-2-2,845,,-113.966544,49.096121,,,85243,2018-06-22 04:48:00,17681,Transcribed,180s,1SPM,SWTH,Swainson's Thrush,CATHARUS USTULATUS,2,123684,1,Song,7.83,0.91,-58.11,f,,Michelle Knaggs,11,,
PC,10,WLNP-2-2,845,,-113.966544,49.096121,,,85243,2018-06-22 04:48:00,17681,Transcribed,180s,1SPM,SWTH,Swainson's Thrush,CATHARUS USTULATUS,1,123709,1,Song,60.01,0.83,-43.85,f,,Michelle Knaggs,11,,
PC,10,WLNP-2-2,845,,-113.966544,49.096121,,,85243,2018-06-22 04:48:00,17681,Transcribed,180s,1SPM,SWTH,Swainson's Thrush,CATHARUS USTULATUS,1,123662,1,Song,3.60,1.04,-46.86,f,,Michelle Knaggs,11,,
PC,10,WLNP-2-2,845,,-113.966544,49.096121,,,85243,2018-06-22 04:48:00,17681,Transcribed,180s,1SPM,SWTH,Swainson's Thrush,CATHARUS USTULATUS,1,123764,1,Song,146.55,1.48,-47.82,f,,Michelle Knaggs,11,,
PC,10,WLNP-2-2,845,,-113.966544,49.096121,,,85243,2018-06-22 04:48:00,17681,Transcribed,180s,1SPM,DEJU,Dark-eyed Junco,JUNCO HYEMALIS,2,123758,1,Song,121.50,1.65,-49.49,f,,Michelle Knaggs,11,,
PC,10,WLNP-2-2,845,,-113.966544,49.096121,,,85243,2018-06-22 04:48:00,17681,Transcribed,180s,1SPM,DEJU,Dark-eyed Junco,JUNCO HYEMALIS,2,123715,1,Song,78.90,1.13,-51.41,f,,Michelle Knaggs,11,,
PC,10,WLNP-2-2,845,,-113.966544,49.096121,,,85243,2018-06-22 04:48:00,17681,Transcribed,180s,1SPM,DEJU,Dark-eyed Junco,JUNCO HYEMALIS,2,123708,1,Song,47.35,1.44,-48.41,f,,Michelle Knaggs,11,,
PC,10,WLNP-2-2,845,,-113.966544,49.096121,,,85243,2018-06-22 04:48:00,17681,Transcribed,180s,1SPM,DEJU,Dark-eyed Junco,JUNCO HYEMALIS,1,123703,1,Song,24.26,1.29,-56.81,f,,Michelle Knaggs,11,,
PC,10,WLNP-2-2,845,,-113.966544,49.096121,,,85243,2018-06-22 04:48:00,17681,Transcribed,180s,1SPM,UNPA,Unidentified Passerine,"",1,123682,1,Song,2.06,1.19,-55.43,f,,Michelle Knaggs,11,,
PC,10,WLNP-2-2,845,,-113.966544,49.096121,,,85243,2018-06-22 04:48:00,17681,Transcribed,180s,1SPM,LIWI,Light wind,"",1,123769,1,Song,0.04,5.30,-31.42,f,,Michelle Knaggs,11,,
PC,10,WLNP-2-2,845,,-113.966544,49.096121,,,85243,2018-06-22 04:48:00,17681,Transcribed,180s,1SPM,LIWI,Light wind,"",1,123770,1,Song,60.06,5.16,-25.42,f,,Michelle Knaggs,11,,
PC,10,WLNP-2-2,845,,-113.966544,49.096121,,,85243,2018-06-22 04:48:00,17681,Transcribed,180s,1SPM,LIWI,Light wind,"",1,123772,1,Song,120.06,5.44,-31.94,f,,Michelle Knaggs,11,,
PC,10,WLNP-2-2,845,,-113.966544,49.096121,,,85243,2018-06-22 04:48:00,17681,Transcribed,180s,1SPM,WETA,Western Tanager,PIRANGA LUDOVICIANA,1,123714,1,Call,71.43,0.43,-56.21,f,,Michelle Knaggs,11,,
PC,10,WLNP-2-2,845,,-113.966544,49.096121,,,85243,2018-06-22 04:48:00,17681,Transcribed,180s,1SPM,MGWA,MacGillivray's Warbler,GEOTHLYPIS TOLMIEI,1,123711,1,Song,62.73,1.08,-45.62,f,,Michelle Knaggs,11,,
PC,10,WLNP-2-2,845,,-113.966544,49.096121,,,85243,2018-06-22 04:48:00,17681,Transcribed,180s,1SPM,MGWA,MacGillivray's Warbler,GEOTHLYPIS TOLMIEI,1,123760,1,Song,120.05,0.71,-46.09,f,,Michelle Knaggs,11,,
PC,10,WLNP-2-2,845,,-113.966544,49.096121,,,85243,2018-06-22 04:48:00,17681,Transcribed,180s,1SPM,MGWA,MacGillivray's Warbler,GEOTHLYPIS TOLMIEI,1,123656,1,Song,0.03,1.19,-49.44,f,,Michelle Knaggs,11,,
PC,10,WLNP-2-2,845,,-113.966544,49.096121,,,85243,2018-06-22 04:48:00,17681,Transcribed,180s,1SPM,MGWA,MacGillivray's Warbler,GEOTHLYPIS TOLMIEI,2,123659,1,Song,3.89,1.45,-47.86,f,,Michelle Knaggs,11,,
PC,10,WLNP-2-2,845,,-113.966544,49.096121,,,85243,2018-06-22 04:48:00,17681,Transcribed,180s,1SPM,MGWA,MacGillivray's Warbler,GEOTHLYPIS TOLMIEI,2,123712,1,Song,63.80,0.66,-51.45,f,,Michelle Knaggs,11,,
PC,10,WLNP-2-2,845,,-113.966544,49.096121,,,85243,2018-06-22 04:48:00,17681,Transcribed,180s,1SPM,MGWA,MacGillivray's Warbler,GEOTHLYPIS TOLMIEI,2,123761,1,Song,121.35,1.09,-49.4,f,,Michelle Knaggs,11,,
PC,10,WLNP-2-2,845,,-113.966544,49.096121,,,6987,2018-06-23 04:49:00,9990,Transcribed,180s,1SPM,MGWA,MacGillivray's Warbler,GEOTHLYPIS TOLMIEI,2,44052,1,Song,120.71,1.63,-58.46,f,,Nicole Boucher,18,,
PC,10,WLNP-2-2,845,,-113.966544,49.096121,,,6987,2018-06-23 04:49:00,9990,Transcribed,180s,1SPM,MOWI,Moderate wind,"",1,44033,1,Song,0.04,5.04,-39.82,f,,Nicole Boucher,18,,
PC,10,WLNP-2-2,845,,-113.966544,49.096121,,,6987,2018-06-23 04:49:00,9990,Transcribed,180s,1SPM,MOWI,Moderate wind,"",1,44053,1,Song,120.10,5.14,-40.98,f,,Nicole Boucher,18,,
PC,10,WLNP-2-2,845,,-113.966544,49.096121,,,6987,2018-06-23 04:49:00,9990,Transcribed,180s,1SPM,MOWI,Moderate wind,"",1,44054,1,Song,60.01,5.05,-26.74,f,,Nicole Boucher,18,,
PC,10,WLNP-2-2,845,,-113.966544,49.096121,,,6987,2018-06-23 04:49:00,9990,Transcribed,180s,1SPM,MGWA,MacGillivray's Warbler,GEOTHLYPIS TOLMIEI,1,44042,1,Song,64.18,1.23,-50.98,f,,Nicole Boucher,18,,
PC,10,WLNP-2-2,845,,-113.966544,49.096121,,,6987,2018-06-23 04:49:00,9990,Transcribed,180s,1SPM,MGWA,MacGillivray's Warbler,GEOTHLYPIS TOLMIEI,1,44035,1,Song,1.24,1.30,-51.8,f,,Nicole Boucher,18,,
PC,10,WLNP-2-2,845,,-113.966544,49.096121,,,6987,2018-06-23 04:49:00,9990,Transcribed,180s,1SPM,MGWA,MacGillivray's Warbler,GEOTHLYPIS TOLMIEI,1,44049,1,Song,120.04,0.90,-50.24,f,,Nicole Boucher,18,,
PC,10,WLNP-2-2,845,,-113.966544,49.096121,,,6987,2018-06-23 04:49:00,9990,Transcribed,180s,1SPM,MGWA,MacGillivray's Warbler,GEOTHLYPIS TOLMIEI,2,44036,1,Song,2.58,1.41,-63.05,f,,Nicole Boucher,18,,
PC,10,WLNP-2-2,845,,-113.966544,49.096121,,,6987,2018-06-23 04:49:00,9990,Transcribed,180s,1SPM,MGWA,MacGillivray's Warbler,GEOTHLYPIS TOLMIEI,2,44046,1,Song,85.33,1.46,-60.14,f,,Nicole Boucher,18,,
PC,10,WLNP-2-2,845,,-113.966544,49.096121,,,6987,2018-06-23 04:49:00,9990,Transcribed,180s,1SPM,WWCR,White-winged Crossbill,LOXIA LEUCOPTERA,1,44034,1,Song,0.15,1.99,-53.01,f,,Nicole Boucher,18,,
PC,10,WLNP-2-2,845,,-113.966544,49.096121,,,6987,2018-06-23 04:49:00,9990,Transcribed,180s,1SPM,WWCR,White-winged Crossbill,LOXIA LEUCOPTERA,1,44043,1,Song,61.41,1.90,-57.53,f,,Nicole Boucher,18,,
PC,10,WLNP-2-2,845,,-113.966544,49.096121,,,6987,2018-06-23 04:49:00,9990,Transcribed,180s,1SPM,WWCR,White-winged Crossbill,LOXIA LEUCOPTERA,1,44047,1,Song,120.95,1.75,-58.26,f,,Nicole Boucher,18,,
PC,10,WLNP-2-2,845,,-113.966544,49.096121,,,6987,2018-06-23 04:49:00,9990,Transcribed,180s,1SPM,WWCR,White-winged Crossbill,LOXIA LEUCOPTERA,2,44044,1,Song,60.03,1.51,-61.7,f,,Nicole Boucher,18,,
PC,10,WLNP-2-2,845,,-113.966544,49.096121,,,6987,2018-06-23 04:49:00,9990,Transcribed,180s,1SPM,WWCR,White-winged Crossbill,LOXIA LEUCOPTERA,2,44038,1,Song,23.89,2.08,-56.87,f,,Nicole Boucher,18,,
PC,10,WLNP-2-2,845,,-113.966544,49.096121,,,6987,2018-06-23 04:49:00,9990,Transcribed,180s,1SPM,WWCR,White-winged Crossbill,LOXIA LEUCOPTERA,2,44048,1,Song,122.51,1.88,-60.29,f,,Nicole Boucher,18,,
PC,10,WLNP-2-2,845,,-113.966544,49.096121,,,6987,2018-06-23 04:49:00,9990,Transcribed,180s,1SPM,UNKN,Unidentified signal,"",1,44037,1,Song,17.16,2.51,-57.18,f,,Nicole Boucher,18,,
PC,10,WLNP-2-2,845,,-113.966544,49.096121,,,6987,2018-06-23 04:49:00,9990,Transcribed,180s,1SPM,DEJU,Dark-eyed Junco,JUNCO HYEMALIS,1,44039,1,Song,34.61,1.31,-66.9,f,,Nicole Boucher,18,,
PC,10,WLNP-2-2,845,,-113.966544,49.096121,,,6987,2018-06-23 04:49:00,9990,Transcribed,180s,1SPM,SWTH,Swainson's Thrush,CATHARUS USTULATUS,1,44031,1,Song,0.41,1.13,-62.04,f,,Nicole Boucher,18,,
PC,10,WLNP-2-2,845,,-113.966544,49.096121,,,6987,2018-06-23 04:49:00,9990,Transcribed,180s,1SPM,SWTH,Swainson's Thrush,CATHARUS USTULATUS,1,44050,1,Song,122.93,1.78,-54.06,f,,Nicole Boucher,18,,
PC,10,WLNP-2-2,845,,-113.966544,49.096121,,,6987,2018-06-23 04:49:00,9990,Transcribed,180s,1SPM,SWTH,Swainson's Thrush,CATHARUS USTULATUS,1,44041,1,Song,60.05,1.60,-53.53,f,,Nicole Boucher,18,,
PC,10,WLNP-2-2,845,,-113.966544,49.096121,,,6987,2018-06-23 04:49:00,9990,Transcribed,180s,1SPM,SWTH,Swainson's Thrush,CATHARUS USTULATUS,2,44032,1,Song,1.41,1.45,-49.35,f,,Nicole Boucher,18,,
PC,10,WLNP-2-2,845,,-113.966544,49.096121,,,6987,2018-06-23 04:49:00,9990,Transcribed,180s,1SPM,SWTH,Swainson's Thrush,CATHARUS USTULATUS,2,44045,1,Song,63.00,1.75,-57.54,f,,Nicole Boucher,18,,
PC,10,WLNP-2-2,845,,-113.966544,49.096121,,,6987,2018-06-23 04:49:00,9990,Transcribed,180s,1SPM,SWTH,Swainson's Thrush,CATHARUS USTULATUS,2,44051,1,Song,120.11,1.15,-53.26,f,,Nicole Boucher,18,,
PC,10,WLNP-2-2,845,,-113.966544,49.096121,,,7008,2018-06-26 05:20:00,9875,Bad Weather,180s,1SPM,NONE,NONE,"",,,,,,,,,,Alex MacPhail,15,,""
PC,10,WLNP-2-3,846,,-113.967195,49.091174,,,7024,2018-06-17 21:44:00,9891,Transcribed,180s,1SPM,LIWI,Light wind,"",1,41483,1,Song,60.28,2.64,-18.67,f,,Brandon Law,22,,
PC,10,WLNP-2-3,846,,-113.967195,49.091174,,,7024,2018-06-17 21:44:00,9891,Transcribed,180s,1SPM,CHSP,Chipping Sparrow,SPIZELLA PASSERINA,1,41491,1,Song,143.80,2.26,-46.11,f,,Brandon Law,22,,
PC,10,WLNP-2-3,846,,-113.967195,49.091174,,,7024,2018-06-17 21:44:00,9891,Transcribed,180s,1SPM,LISP,Lincoln's Sparrow,MELOSPIZA LINCOLNII,1,41490,1,Song,139.65,2.26,-45.36,f,,Brandon Law,22,,
PC,10,WLNP-2-3,846,,-113.967195,49.091174,,,7024,2018-06-17 21:44:00,9891,Transcribed,180s,1SPM,LISP,Lincoln's Sparrow,MELOSPIZA LINCOLNII,1,41484,1,Song,107.40,2.00,-49.51,f,,Brandon Law,22,,
PC,10,WLNP-2-3,846,,-113.967195,49.091174,,,7024,2018-06-17 21:44:00,9891,Transcribed,180s,1SPM,AMRO,American Robin,TURDUS MIGRATORIUS,1,41488,1,Song,125.24,2.75,-53.93,f,,Brandon Law,22,,
PC,10,WLNP-2-3,846,,-113.967195,49.091174,,,7024,2018-06-17 21:44:00,9891,Transcribed,180s,1SPM,AMRO,American Robin,TURDUS MIGRATORIUS,1,41478,1,Song,33.85,3.34,-47.12,f,,Brandon Law,22,,
PC,10,WLNP-2-3,846,,-113.967195,49.091174,,,7024,2018-06-17 21:44:00,9891,Transcribed,180s,1SPM,AMRO,American Robin,TURDUS MIGRATORIUS,1,41482,1,Song,73.93,3.85,-48.03,f,,Brandon Law,22,,
PC,10,WLNP-2-3,846,,-113.967195,49.091174,,,7024,2018-06-17 21:44:00,9891,Transcribed,180s,1SPM,YRWA,Yellow-rumped Warbler,SETOPHAGA CORONATA,1,41489,1,Song,148.21,1.80,-48.62,f,,Brandon Law,22,,
PC,10,WLNP-2-3,846,,-113.967195,49.091174,,,7024,2018-06-17 21:44:00,9891,Transcribed,180s,1SPM,SWTH,Swainson's Thrush,CATHARUS USTULATUS,1,41479,1,Song,61.61,1.69,-46.87,f,,Brandon Law,22,,
PC,10,WLNP-2-3,846,,-113.967195,49.091174,,,7024,2018-06-17 21:44:00,9891,Transcribed,180s,1SPM,SWTH,Swainson's Thrush,CATHARUS USTULATUS,1,41487,1,Song,123.90,1.90,-49.56,f,,Brandon Law,22,,
PC,10,WLNP-2-3,846,,-113.967195,49.091174,,,7024,2018-06-17 21:44:00,9891,Transcribed,180s,1SPM,SWTH,Swainson's Thrush,CATHARUS USTULATUS,1,41473,1,Song,2.06,2.06,-52.67,f,,Brandon Law,22,,
PC,10,WLNP-2-3,846,,-113.967195,49.091174,,,7024,2018-06-17 21:44:00,9891,Transcribed,180s,1SPM,SWTH,Swainson's Thrush,CATHARUS USTULATUS,2,41486,1,Song,120.95,1.60,-46.63,f,,Brandon Law,22,,
PC,10,WLNP-2-3,846,,-113.967195,49.091174,,,7024,2018-06-17 21:44:00,9891,Transcribed,180s,1SPM,SWTH,Swainson's Thrush,CATHARUS USTULATUS,2,41480,1,Song,65.59,1.30,-48.63,f,,Brandon Law,22,,
PC,10,WLNP-2-3,846,,-113.967195,49.091174,,,7024,2018-06-17 21:44:00,9891,Transcribed,180s,1SPM,SWTH,Swainson's Thrush,CATHARUS USTULATUS,2,41474,1,Song,7.14,1.39,-48.81,f,,Brandon Law,22,,
PC,10,WLNP-2-3,846,,-113.967195,49.091174,,,7024,2018-06-17 21:44:00,9891,Transcribed,180s,1SPM,SWTH,Swainson's Thrush,CATHARUS USTULATUS,3,41475,1,Song,8.54,1.40,-51.07,f,,Brandon Law,22,,
PC,10,WLNP-2-3,846,,-113.967195,49.091174,,,7024,2018-06-17 21:44:00,9891,Transcribed,180s,1SPM,SWTH,Swainson's Thrush,CATHARUS USTULATUS,3,41481,1,Song,68.23,2.05,-52.06,f,,Brandon Law,22,,
PC,10,WLNP-2-3,846,,-113.967195,49.091174,,,7024,2018-06-17 21:44:00,9891,Transcribed,180s,1SPM,LIWI,Light wind,"",1,41485,1,Song,120.30,2.24,-22.7,f,,Brandon Law,22,,
PC,10,WLNP-2-3,846,,-113.967195,49.091174,,,7024,2018-06-17 21:44:00,9891,Transcribed,180s,1SPM,LIWI,Light wind,"",1,41476,1,Song,0.20,2.64,-19.19,f,,Brandon Law,22,,
PC,10,WLNP-2-3,846,,-113.967195,49.091174,,,6972,2018-06-18 05:18:00,9975,Transcribed,180s,1SPM,MGWA,MacGillivray's Warbler,GEOTHLYPIS TOLMIEI,1,44770,1,Song,5.59,1.20,-43.68,f,,Kevan Cowcill,20,,
PC,10,WLNP-2-3,846,,-113.967195,49.091174,,,6972,2018-06-18 05:18:00,9975,Transcribed,180s,1SPM,YRWA,Yellow-rumped Warbler,SETOPHAGA CORONATA,1,44791,1,Song,90.19,1.58,-55.81,f,,Kevan Cowcill,20,,
PC,10,WLNP-2-3,846,,-113.967195,49.091174,,,6972,2018-06-18 05:18:00,9975,Transcribed,180s,1SPM,LIBA,Light Background Noise,"",1,44766,1,Non-vocal,0.50,4.29,-35.73,f,,Kevan Cowcill,20,,
PC,10,WLNP-2-3,846,,-113.967195,49.091174,,,6972,2018-06-18 05:18:00,9975,Transcribed,180s,1SPM,LIBA,Light Background Noise,"",1,44785,1,Non-vocal,60.06,4.55,-24.76,f,,Kevan Cowcill,20,,
PC,10,WLNP-2-3,846,,-113.967195,49.091174,,,6972,2018-06-18 05:18:00,9975,Transcribed,180s,1SPM,LIBA,Light Background Noise,"",1,44793,1,Non-vocal,120.09,4.45,-19.48,f,,Kevan Cowcill,20,,
PC,10,WLNP-2-3,846,,-113.967195,49.091174,,,6972,2018-06-18 05:18:00,9975,Transcribed,180s,1SPM,SWTH,Swainson's Thrush,CATHARUS USTULATUS,1,44786,1,Song,64.83,1.16,-48.87,f,,Kevan Cowcill,20,,
PC,10,WLNP-2-3,846,,-113.967195,49.091174,,,6972,2018-06-18 05:18:00,9975,Transcribed,180s,1SPM,SWTH,Swainson's Thrush,CATHARUS USTULATUS,1,44797,1,Song,123.06,1.34,-50.23,f,,Kevan Cowcill,20,,
PC,10,WLNP-2-3,846,,-113.967195,49.091174,,,6972,2018-06-18 05:18:00,9975,Transcribed,180s,1SPM,SWTH,Swainson's Thrush,CATHARUS USTULATUS,2,44788,1,Song,63.06,1.34,-53.46,f,,Kevan Cowcill,20,faint,
PC,10,WLNP-2-3,846,,-113.967195,49.091174,,,6972,2018-06-18 05:18:00,9975,Transcribed,180s,1SPM,MGWA,MacGillivray's Warbler,GEOTHLYPIS TOLMIEI,1,44794,1,Song,121.09,2.09,-42.76,f,,Kevan Cowcill,20,,
PC,10,WLNP-2-3,846,,-113.967195,49.091174,,,6972,2018-06-18 05:18:00,9975,Transcribed,180s,1SPM,WCSP,White-crowned Sparrow,ZONOTRICHIA LEUCOPHRYS,1,44802,1,Song,154.65,1.51,-52.77,f,,Kevan Cowcill,20,,
PC,10,WLNP-2-3,846,,-113.967195,49.091174,,,6972,2018-06-18 05:18:00,9975,Transcribed,180s,1SPM,WCSP,White-crowned Sparrow,ZONOTRICHIA LEUCOPHRYS,1,44768,1,Song,2.29,2.50,-36.55,f,,Kevan Cowcill,20,,
PC,10,WLNP-2-3,846,,-113.967195,49.091174,,,6972,2018-06-18 05:18:00,9975,Transcribed,180s,1SPM,HETH,Hermit Thrush,CATHARUS GUTTATUS,1,44767,1,Song,0.79,0.95,-54.71,f,,Kevan Cowcill,20,,
PC,10,WLNP-2-3,846,,-113.967195,49.091174,,,6972,2018-06-18 05:18:00,9975,Transcribed,180s,1SPM,AMRO,American Robin,TURDUS MIGRATORIUS,1,44779,1,Song,24.39,1.68,-54.21,f,,Kevan Cowcill,20,distant,
PC,10,WLNP-2-3,846,,-113.967195,49.091174,,,6972,2018-06-18 05:18:00,9975,Transcribed,180s,1SPM,AMRO,American Robin,TURDUS MIGRATORIUS,1,44800,1,Song,124.35,4.18,-52.74,f,,Kevan Cowcill,20,distant,
PC,10,WLNP-2-3,846,,-113.967195,49.091174,,,6972,2018-06-18 05:18:00,9975,Transcribed,180s,1SPM,AMRO,American Robin,TURDUS MIGRATORIUS,1,44789,1,Song,69.45,1.86,-51.59,f,,Kevan Cowcill,20,distant,
PC,10,WLNP-2-3,846,,-113.967195,49.091174,,,6972,2018-06-18 05:18:00,9975,Transcribed,180s,1SPM,DEJU,Dark-eyed Junco,JUNCO HYEMALIS,2,44775,1,Song,16.03,1.86,-54.91,f,,Kevan Cowcill,20,,
PC,10,WLNP-2-3,846,,-113.967195,49.091174,,,6972,2018-06-18 05:18:00,9975,Transcribed,180s,1SPM,DEJU,Dark-eyed Junco,JUNCO HYEMALIS,2,44790,1,Song,80.09,2.20,-52.72,f,,Kevan Cowcill,20,,
PC,10,WLNP-2-3,846,,-113.967195,49.091174,,,6972,2018-06-18 05:18:00,9975,Transcribed,180s,1SPM,DEJU,Dark-eyed Junco,JUNCO HYEMALIS,2,44801,1,Song,133.44,1.39,-55.18,f,,Kevan Cowcill,20,,
PC,10,WLNP-2-3,846,,-113.967195,49.091174,,,6972,2018-06-18 05:18:00,9975,Transcribed,180s,1SPM,DEJU,Dark-eyed Junco,JUNCO HYEMALIS,1,44796,1,Song,123.34,1.94,-55.2,f,,Kevan Cowcill,20,,
PC,10,WLNP-2-3,846,,-113.967195,49.091174,,,6972,2018-06-18 05:18:00,9975,Transcribed,180s,1SPM,DEJU,Dark-eyed Junco,JUNCO HYEMALIS,1,44782,1,Song,60.21,1.88,-51.88,f,,Kevan Cowcill,20,,
PC,10,WLNP-2-3,846,,-113.967195,49.091174,,,6972,2018-06-18 05:18:00,9975,Transcribed,180s,1SPM,DEJU,Dark-eyed Junco,JUNCO HYEMALIS,1,44765,1,Song,0.23,2.10,-54.8,f,,Kevan Cowcill,20,,
PC,10,WLNP-2-3,846,,-113.967195,49.091174,,,6972,2018-06-18 05:18:00,9975,Transcribed,180s,1SPM,UNFI,Unidentified Finch,"",1,44792,1,Call,94.50,2.65,-55.84,f,,Kevan Cowcill,20,PISI?,
PC,10,WLNP-2-3,846,,-113.967195,49.091174,,,6972,2018-06-18 05:18:00,9975,Transcribed,180s,1SPM,UNKN,Unidentified signal,"",1,44776,1,Call,18.80,0.76,-32.99,f,,Kevan Cowcill,20,sounds like an AMBI note confidence:Unknown far,
PC,10,WLNP-2-3,846,,-113.967195,49.091174,,,6972,2018-06-18 05:18:00,9975,Transcribed,180s,1SPM,UNKN,Unidentified signal,"",1,44799,1,Call,122.84,0.86,-34.85,f,,Kevan Cowcill,20,sounds like an AMBI note confidence:Unknown far,
PC,10,WLNP-2-3,846,,-113.967195,49.091174,,,6972,2018-06-18 05:18:00,9975,Transcribed,180s,1SPM,MGWA,MacGillivray's Warbler,GEOTHLYPIS TOLMIEI,2,44780,1,Song,25.94,1.88,-53.01,f,,Kevan Cowcill,20,further away,
PC,10,WLNP-2-3,846,,-113.967195,49.091174,,,6972,2018-06-18 05:18:00,9975,Transcribed,180s,1SPM,SWTH,Swainson's Thrush,CATHARUS USTULATUS,1,44771,1,Song,6.84,1.21,-55.24,f,,Kevan Cowcill,20,,
PC,10,WLNP-2-3,846,,-113.967195,49.091174,,,6972,2018-06-18 05:18:00,9975,Transcribed,180s,1SPM,MGWA,MacGillivray's Warbler,GEOTHLYPIS TOLMIEI,1,44783,1,Song,61.90,1.43,-41.66,f,,Kevan Cowcill,20,,
PC,10,WLNP-2-3,846,,-113.967195,49.091174,,,6995,2018-06-20 05:18:00,9998,Transcribed,180s,1SPM,YRWA,Yellow-rumped Warbler,SETOPHAGA CORONATA,1,45960,1,Song,59.35,0.64,-49.29,f,,Tyne Baker,23,,moderate to heavy winds
PC,10,WLNP-2-3,846,,-113.967195,49.091174,,,6995,2018-06-20 05:18:00,9998,Transcribed,180s,1SPM,YRWA,Yellow-rumped Warbler,SETOPHAGA CORONATA,1,45959,1,Song,60.05,1.00,-49.99,f,,Tyne Baker,23,,moderate to heavy winds
PC,10,WLNP-2-3,846,,-113.967195,49.091174,,,6995,2018-06-20 05:18:00,9998,Transcribed,180s,1SPM,AMRO,American Robin,TURDUS MIGRATORIUS,1,45969,1,Song,124.10,1.88,-48.73,f,,Tyne Baker,23,,moderate to heavy winds
PC,10,WLNP-2-3,846,,-113.967195,49.091174,,,6995,2018-06-20 05:18:00,9998,Transcribed,180s,1SPM,SWTH,Swainson's Thrush,CATHARUS USTULATUS,1,45967,1,S-C,123.04,1.36,-41.79,f,,Tyne Baker,23,,moderate to heavy winds
PC,10,WLNP-2-3,846,,-113.967195,49.091174,,,6995,2018-06-20 05:18:00,9998,Transcribed,180s,1SPM,VATH,Varied Thrush,IXOREUS NAEVIUS,1,45972,1,Song,164.94,1.36,-52.49,f,,Tyne Baker,23,"
",moderate to heavy winds
PC,10,WLNP-2-3,846,,-113.967195,49.091174,,,6995,2018-06-20 05:18:00,9998,Transcribed,180s,1SPM,YRWA,Yellow-rumped Warbler,SETOPHAGA CORONATA,1,45971,1,Song,131.06,1.81,-47.22,f,,Tyne Baker,23,,moderate to heavy winds
PC,10,WLNP-2-3,846,,-113.967195,49.091174,,,6995,2018-06-20 05:18:00,9998,Transcribed,180s,1SPM,LISP,Lincoln's Sparrow,MELOSPIZA LINCOLNII,1,45965,1,Song,68.43,1.61,-41.47,f,,Tyne Baker,23,,moderate to heavy winds
PC,10,WLNP-2-3,846,,-113.967195,49.091174,,,6995,2018-06-20 05:18:00,9998,Transcribed,180s,1SPM,LISP,Lincoln's Sparrow,MELOSPIZA LINCOLNII,1,45966,1,Song,122.26,1.39,-37.6,f,,Tyne Baker,23,,moderate to heavy winds
PC,10,WLNP-2-3,846,,-113.967195,49.091174,,,6995,2018-06-20 05:18:00,9998,Transcribed,180s,1SPM,LISP,Lincoln's Sparrow,MELOSPIZA LINCOLNII,1,45957,1,Song,6.45,1.26,-45.16,f,,Tyne Baker,23,,moderate to heavy winds
PC,10,WLNP-2-3,846,,-113.967195,49.091174,,,6995,2018-06-20 05:18:00,9998,Transcribed,180s,1SPM,LISP,Lincoln's Sparrow,MELOSPIZA LINCOLNII,2,45963,1,Song,62.24,2.73,-42.9,f,,Tyne Baker,23,different sylllables than LISP 1 song,moderate to heavy winds
PC,10,WLNP-2-3,846,,-113.967195,49.091174,,,6995,2018-06-20 05:18:00,9998,Transcribed,180s,1SPM,LISP,Lincoln's Sparrow,MELOSPIZA LINCOLNII,2,45968,1,Song,122.73,2.00,-37.98,f,,Tyne Baker,23,different sylllables than LISP 1 song,moderate to heavy winds
PC,10,WLNP-2-3,846,,-113.967195,49.091174,,,6995,2018-06-20 05:18:00,9998,Transcribed,180s,1SPM,TRES,Tree Swallow,TACHYCINETA BICOLOR,1,45487,1,Song,0.14,1.48,-52.01,f,,Tyne Baker,23,,moderate to heavy winds
PC,10,WLNP-2-3,846,,-113.967195,49.091174,,,6995,2018-06-20 05:18:00,9998,Transcribed,180s,1SPM,DEJU,Dark-eyed Junco,JUNCO HYEMALIS,1,45956,1,Song,2.45,1.88,-45.98,f,,Tyne Baker,23,,moderate to heavy winds
PC,10,WLNP-2-3,846,,-113.967195,49.091174,,,6995,2018-06-20 05:18:00,9998,Transcribed,180s,1SPM,DEJU,Dark-eyed Junco,JUNCO HYEMALIS,1,45962,1,Song,62.21,1.91,-42.96,f,,Tyne Baker,23,,moderate to heavy winds
PC,10,WLNP-2-3,846,,-113.967195,49.091174,,,6995,2018-06-20 05:18:00,9998,Transcribed,180s,1SPM,DEJU,Dark-eyed Junco,JUNCO HYEMALIS,1,45970,1,Song,125.35,1.53,-44.49,f,,Tyne Baker,23,,moderate to heavy winds
PC,10,WLNP-2-3,846,,-113.967195,49.091174,,,6995,2018-06-20 05:18:00,9998,Transcribed,180s,1SPM,AMRO,American Robin,TURDUS MIGRATORIUS,1,45958,1,Song,14.91,0.96,-51.22,f,,Tyne Baker,23,,moderate to heavy winds
PC,10,WLNP-2-3,846,,-113.967195,49.091174,,,6995,2018-06-20 05:18:00,9998,Transcribed,180s,1SPM,AMRO,American Robin,TURDUS MIGRATORIUS,1,45961,1,Song,61.08,1.78,-49.76,f,,Tyne Baker,23,,moderate to heavy winds
PC,10,WLNP-2-3,846,,-113.967195,49.091174,,,6995,2018-06-20 05:18:00,9998,Transcribed,180s,1SPM,SWTH,Swainson's Thrush,CATHARUS USTULATUS,1,45955,1,Song,2.55,1.28,-43.52,f,,Tyne Baker,23,,moderate to heavy winds
PC,10,WLNP-2-3,846,,-113.967195,49.091174,,,6995,2018-06-20 05:18:00,9998,Transcribed,180s,1SPM,SWTH,Swainson's Thrush,CATHARUS USTULATUS,1,45964,1,Song,64.46,1.54,-43.1,f,,Tyne Baker,23,,moderate to heavy winds
PC,10,WLNP-2-3,846,,-113.967195,49.091174,,,7010,2018-06-21 04:48:00,9877,Transcribed,180s,1SPM,YRWA,Yellow-rumped Warbler,SETOPHAGA CORONATA,1,59608,1,Song,123.11,1.78,-51.24,f,,Alex MacPhail,15,,
PC,10,WLNP-2-3,846,,-113.967195,49.091174,,,7010,2018-06-21 04:48:00,9877,Transcribed,180s,1SPM,SWTH,Swainson's Thrush,CATHARUS USTULATUS,2,40993,1,Song,73.15,1.33,-50.14,f,,Alex MacPhail,15,,
PC,10,WLNP-2-3,846,,-113.967195,49.091174,,,7010,2018-06-21 04:48:00,9877,Transcribed,180s,1SPM,SWTH,Swainson's Thrush,CATHARUS USTULATUS,2,40958,1,Song,2.94,1.46,-45.17,f,,Alex MacPhail,15,,
PC,10,WLNP-2-3,846,,-113.967195,49.091174,,,7010,2018-06-21 04:48:00,9877,Transcribed,180s,1SPM,SWTH,Swainson's Thrush,CATHARUS USTULATUS,1,59607,1,Song,121.69,1.46,-46.89,f,,Alex MacPhail,15,,
PC,10,WLNP-2-3,846,,-113.967195,49.091174,,,7010,2018-06-21 04:48:00,9877,Transcribed,180s,1SPM,SWTH,Swainson's Thrush,CATHARUS USTULATUS,1,40994,1,Song,60.89,1.40,-41.32,f,,Alex MacPhail,15,,
PC,10,WLNP-2-3,846,,-113.967195,49.091174,,,7010,2018-06-21 04:48:00,9877,Transcribed,180s,1SPM,SWTH,Swainson's Thrush,CATHARUS USTULATUS,1,40957,1,Song,2.09,1.68,-43.45,f,,Alex MacPhail,15,,
PC,10,WLNP-2-3,846,,-113.967195,49.091174,,,7010,2018-06-21 04:48:00,9877,Transcribed,180s,1SPM,MOWI,Moderate wind,"",1,40980,1,Song,60.14,6.35,-37.99,f,,Alex MacPhail,15,,
PC,10,WLNP-2-3,846,,-113.967195,49.091174,,,7010,2018-06-21 04:48:00,9877,Transcribed,180s,1SPM,MOWI,Moderate wind,"",1,59606,1,Song,120.06,5.59,-38.18,f,,Alex MacPhail,15,,
PC,10,WLNP-2-3,846,,-113.967195,49.091174,,,7010,2018-06-21 04:48:00,9877,Transcribed,180s,1SPM,MGWA,MacGillivray's Warbler,GEOTHLYPIS TOLMIEI,1,40960,1,Song,0.00,0.83,-45.04,f,,Alex MacPhail,15,,
PC,10,WLNP-2-3,846,,-113.967195,49.091174,,,7010,2018-06-21 04:48:00,9877,Transcribed,180s,1SPM,MGWA,MacGillivray's Warbler,GEOTHLYPIS TOLMIEI,1,40978,1,Song,60.46,1.81,-41.71,f,,Alex MacPhail,15,,
PC,10,WLNP-2-3,846,,-113.967195,49.091174,,,7010,2018-06-21 04:48:00,9877,Transcribed,180s,1SPM,MGWA,MacGillivray's Warbler,GEOTHLYPIS TOLMIEI,1,59609,1,Song,125.26,1.74,-44.56,f,,Alex MacPhail,15,,
PC,10,WLNP-2-3,846,,-113.967195,49.091174,,,7010,2018-06-21 04:48:00,9877,Transcribed,180s,1SPM,UNPA,Unidentified Passerine,"",1,40962,1,Song,3.80,1.13,-49.66,f,,Alex MacPhail,15,,
PC,10,WLNP-2-3,846,,-113.967195,49.091174,,,7010,2018-06-21 04:48:00,9877,Transcribed,180s,1SPM,UNTR,Unidentified Trill,"",1,40972,1,Song,46.71,2.45,-46.38,f,,Alex MacPhail,15,,
PC,10,WLNP-2-3,846,,-113.967195,49.091174,,,7010,2018-06-21 04:48:00,9877,Transcribed,180s,1SPM,UNTR,Unidentified Trill,"",1,59603,1,Song,95.58,2.23,-49.73,f,,Alex MacPhail,15,,
PC,10,WLNP-2-3,846,,-113.967195,49.091174,,,7010,2018-06-21 04:48:00,9877,Transcribed,180s,1SPM,UNTR,Unidentified Trill,"",1,59610,1,Song,168.18,2.06,-41.82,f,,Alex MacPhail,15,,
PC,10,WLNP-2-3,846,,-113.967195,49.091174,,,7010,2018-06-21 04:48:00,9877,Transcribed,180s,1SPM,WCSP,White-crowned Sparrow,ZONOTRICHIA LEUCOPHRYS,1,40959,1,Song,5.29,1.91,-37.05,f,,Alex MacPhail,15,,
PC,10,WLNP-2-3,846,,-113.967195,49.091174,,,7010,2018-06-21 04:48:00,9877,Transcribed,180s,1SPM,MOWI,Moderate wind,"",1,40956,1,Song,0.09,5.69,-36.58,f,,Alex MacPhail,15,,
PC,10,WLNP-2-3,846,,-113.967195,49.091174,,,7010,2018-06-21 04:48:00,9877,Transcribed,180s,1SPM,YRWA,Yellow-rumped Warbler,SETOPHAGA CORONATA,1,40961,1,Song,0.70,1.99,-46.56,f,,Alex MacPhail,15,,
PC,10,WLNP-2-3,846,,-113.967195,49.091174,,,7010,2018-06-21 04:48:00,9877,Transcribed,180s,1SPM,YRWA,Yellow-rumped Warbler,SETOPHAGA CORONATA,1,40981,1,Song,62.31,1.80,-52.09,f,,Alex MacPhail,15,,
PC,10,WLNP-2-3,846,,-113.967195,49.091174,,,85244,2018-06-23 04:49:00,17682,Transcribed,180s,1SPM,MGWA,MacGillivray's Warbler,GEOTHLYPIS TOLMIEI,1,123795,1,Song,55.30,1.05,-55.91,f,,Michelle Knaggs,11,,
PC,10,WLNP-2-3,846,,-113.967195,49.091174,,,85244,2018-06-23 04:49:00,17682,Transcribed,180s,1SPM,MOWI,Moderate wind,"",1,123860,1,Song,0.04,5.80,-34.52,f,,Michelle Knaggs,11,,
PC,10,WLNP-2-3,846,,-113.967195,49.091174,,,85244,2018-06-23 04:49:00,17682,Transcribed,180s,1SPM,MOWI,Moderate wind,"",1,123861,1,Song,60.03,5.24,-29.76,f,,Michelle Knaggs,11,,
PC,10,WLNP-2-3,846,,-113.967195,49.091174,,,85244,2018-06-23 04:49:00,17682,Transcribed,180s,1SPM,MOWI,Moderate wind,"",1,123862,1,Song,120.03,5.79,-36.38,f,,Michelle Knaggs,11,,
PC,10,WLNP-2-3,846,,-113.967195,49.091174,,,85244,2018-06-23 04:49:00,17682,Transcribed,180s,1SPM,WIWA,Wilson's Warbler,CARDELLINA PUSILLA,1,123846,1,Song,141.99,1.10,-53.58,f,,Michelle Knaggs,11,,
PC,10,WLNP-2-3,846,,-113.967195,49.091174,,,85244,2018-06-23 04:49:00,17682,Transcribed,180s,1SPM,MGWA,MacGillivray's Warbler,GEOTHLYPIS TOLMIEI,1,123799,1,Song,61.96,1.20,-52.99,f,,Michelle Knaggs,11,,
PC,10,WLNP-2-3,846,,-113.967195,49.091174,,,85244,2018-06-23 04:49:00,17682,Transcribed,180s,1SPM,MGWA,MacGillivray's Warbler,GEOTHLYPIS TOLMIEI,1,123806,1,Song,120.83,0.66,-53.99,f,,Michelle Knaggs,11,,
PC,10,WLNP-2-3,846,,-113.967195,49.091174,,,85244,2018-06-23 04:49:00,17682,Transcribed,180s,1SPM,DEJU,Dark-eyed Junco,JUNCO HYEMALIS,1,123816,1,Song,164.81,1.80,-56.3,f,,Michelle Knaggs,11,,
PC,10,WLNP-2-3,846,,-113.967195,49.091174,,,85244,2018-06-23 04:49:00,17682,Transcribed,180s,1SPM,YRWA,Yellow-rumped Warbler,SETOPHAGA CORONATA,1,123812,1,Song,129.15,1.70,-53.4,f,,Michelle Knaggs,11,,
PC,10,WLNP-2-3,846,,-113.967195,49.091174,,,85244,2018-06-23 04:49:00,17682,Transcribed,180s,1SPM,YRWA,Yellow-rumped Warbler,SETOPHAGA CORONATA,1,123790,1,Song,25.56,1.66,-52.86,f,,Michelle Knaggs,11,,
PC,10,WLNP-2-3,846,,-113.967195,49.091174,,,85244,2018-06-23 04:49:00,17682,Transcribed,180s,1SPM,YRWA,Yellow-rumped Warbler,SETOPHAGA CORONATA,1,123801,1,Song,70.63,1.29,-53.72,f,,Michelle Knaggs,11,,
PC,10,WLNP-2-3,846,,-113.967195,49.091174,,,85244,2018-06-23 04:49:00,17682,Transcribed,180s,1SPM,SWTH,Swainson's Thrush,CATHARUS USTULATUS,1,123797,1,Song,60.86,1.65,-48.49,f,,Michelle Knaggs,11,,
PC,10,WLNP-2-3,846,,-113.967195,49.091174,,,85244,2018-06-23 04:49:00,17682,Transcribed,180s,1SPM,SWTH,Swainson's Thrush,CATHARUS USTULATUS,1,123778,1,Song,1.20,1.06,-51.75,f,,Michelle Knaggs,11,,
PC,10,WLNP-2-3,846,,-113.967195,49.091174,,,85244,2018-06-23 04:49:00,17682,Transcribed,180s,1SPM,SWTH,Swainson's Thrush,CATHARUS USTULATUS,1,123807,1,Song,121.99,1.14,-47.45,f,,Michelle Knaggs,11,,
PC,10,WLNP-2-3,846,,-113.967195,49.091174,,,85244,2018-06-23 04:49:00,17682,Transcribed,180s,1SPM,SWTH,Swainson's Thrush,CATHARUS USTULATUS,2,123798,1,Song,63.85,2.31,-45.77,f,,Michelle Knaggs,11,,
PC,10,WLNP-2-3,846,,-113.967195,49.091174,,,85244,2018-06-23 04:49:00,17682,Transcribed,180s,1SPM,SWTH,Swainson's Thrush,CATHARUS USTULATUS,2,123808,1,Song,124.43,1.44,-45.72,f,,Michelle Knaggs,11,,
PC,10,WLNP-2-3,846,,-113.967195,49.091174,,,85244,2018-06-23 04:49:00,17682,Transcribed,180s,1SPM,SWTH,Swainson's Thrush,CATHARUS USTULATUS,2,123779,1,Song,3.25,1.81,-46.21,f,,Michelle Knaggs,11,,
PC,10,WLNP-2-3,846,,-113.967195,49.091174,,,85244,2018-06-23 04:49:00,17682,Transcribed,180s,1SPM,SWTH,Swainson's Thrush,CATHARUS USTULATUS,3,123803,1,Song,70.18,1.26,-48.76,f,,Michelle Knaggs,11,,
PC,10,WLNP-2-3,846,,-113.967195,49.091174,,,85244,2018-06-23 04:49:00,17682,Transcribed,180s,1SPM,SWTH,Swainson's Thrush,CATHARUS USTULATUS,3,123809,1,Song,123.40,1.06,-50.68,f,,Michelle Knaggs,11,,
PC,10,WLNP-2-3,846,,-113.967195,49.091174,,,85244,2018-06-23 04:49:00,17682,Transcribed,180s,1SPM,SWTH,Swainson's Thrush,CATHARUS USTULATUS,3,123783,1,Song,4.76,0.80,-53.94,f,,Michelle Knaggs,11,,
PC,10,WLNP-2-4,859,,-113.969862,49.086507,,,7025,2018-06-17 22:44:00,9892,Transcribed,180s,1SPM,UNPA,Unidentified Passerine,"",3,116982,1,Song,86.28,2.38,-70.34,f,,Brandon Law,22,,
PC,10,WLNP-2-4,859,,-113.969862,49.086507,,,7025,2018-06-17 22:44:00,9892,Transcribed,180s,1SPM,LIBA,Light Background Noise,"",1,116984,1,Song,60.31,5.76,-39.84,f,,Brandon Law,22,,
PC,10,WLNP-2-4,859,,-113.969862,49.086507,,,7025,2018-06-17 22:44:00,9892,Transcribed,180s,1SPM,LIBA,Light Background Noise,"",1,116983,1,Song,0.00,5.40,-36.1,f,,Brandon Law,22,,
PC,10,WLNP-2-4,859,,-113.969862,49.086507,,,7025,2018-06-17 22:44:00,9892,Transcribed,180s,1SPM,LIBA,Light Background Noise,"",1,116985,1,Song,120.28,6.13,-36.02,f,,Brandon Law,22,,
PC,10,WLNP-2-4,859,,-113.969862,49.086507,,,7025,2018-06-17 22:44:00,9892,Transcribed,180s,1SPM,UNPA,Unidentified Passerine,"",1,41493,1,Call,61.61,0.74,-71.97,f,,Brandon Law,22,,
PC,10,WLNP-2-4,859,,-113.969862,49.086507,,,7025,2018-06-17 22:44:00,9892,Transcribed,180s,1SPM,UNPA,Unidentified Passerine,"",1,41492,1,Call,42.34,3.08,-70.21,f,,Brandon Law,22,,
PC,10,WLNP-2-4,859,,-113.969862,49.086507,,,7025,2018-06-17 22:44:00,9892,Transcribed,180s,1SPM,UNPA,Unidentified Passerine,"",2,41494,1,Song,81.80,4.14,-67.06,f,,Brandon Law,22,,
PC,10,WLNP-2-4,859,,-113.969862,49.086507,,,7047,2018-06-18 04:48:00,9914,Transcribed,180s,1SPM,AMRO,American Robin,TURDUS MIGRATORIUS,3,40876,1,Song,2.58,2.48,-44.78,f,,Christopher Moser-Purdy,37,Sounds like 2 AMROs in background,
PC,10,WLNP-2-4,859,,-113.969862,49.086507,,,7047,2018-06-18 04:48:00,9914,Transcribed,180s,1SPM,LIBA,Light Background Noise,"",1,40887,1,Song,60.10,4.74,-44.57,f,,Christopher Moser-Purdy,37,,
PC,10,WLNP-2-4,859,,-113.969862,49.086507,,,7047,2018-06-18 04:48:00,9914,Transcribed,180s,1SPM,LIBA,Light Background Noise,"",1,40875,1,Song,0.06,4.85,-43.07,f,,Christopher Moser-Purdy,37,,
PC,10,WLNP-2-4,859,,-113.969862,49.086507,,,7047,2018-06-18 04:48:00,9914,Transcribed,180s,1SPM,BCCH,Black-capped Chickadee,POECILE ATRICAPILLUS,1,40882,1,Song,33.66,1.61,-57.94,f,,Christopher Moser-Purdy,37,,
PC,10,WLNP-2-4,859,,-113.969862,49.086507,,,7047,2018-06-18 04:48:00,9914,Transcribed,180s,1SPM,BCCH,Black-capped Chickadee,POECILE ATRICAPILLUS,1,40895,1,Song,123.18,1.54,-59.01,f,,Christopher Moser-Purdy,37,,
PC,10,WLNP-2-4,859,,-113.969862,49.086507,,,7047,2018-06-18 04:48:00,9914,Transcribed,180s,1SPM,UNWA,Unidentified Warbler,"",1,40881,1,Song,6.43,1.36,-49.51,f,,Christopher Moser-Purdy,37,Faint song confidence:Unknown far,
PC,10,WLNP-2-4,859,,-113.969862,49.086507,,,7047,2018-06-18 04:48:00,9914,Transcribed,180s,1SPM,LIBA,Light Background Noise,"",1,40894,1,Song,120.08,4.69,-38,f,,Christopher Moser-Purdy,37,,
PC,10,WLNP-2-4,859,,-113.969862,49.086507,,,7047,2018-06-18 04:48:00,9914,Transcribed,180s,1SPM,AMCR,American Crow,CORVUS BRACHYRHYNCHOS,1,40904,1,Call,171.68,0.75,-61.75,f,,Christopher Moser-Purdy,37,,
PC,10,WLNP-2-4,859,,-113.969862,49.086507,,,7047,2018-06-18 04:48:00,9914,Transcribed,180s,1SPM,UNWA,Unidentified Warbler,"",1,41337,1,Song,148.60,1.56,-46.24,f,,Christopher Moser-Purdy,37,Faint song confidence:Unknown far,
PC,10,WLNP-2-4,859,,-113.969862,49.086507,,,7047,2018-06-18 04:48:00,9914,Transcribed,180s,1SPM,AMRO,American Robin,TURDUS MIGRATORIUS,1,40885,1,Song,62.08,1.91,-44.54,f,,Christopher Moser-Purdy,37,,
PC,10,WLNP-2-4,859,,-113.969862,49.086507,,,7047,2018-06-18 04:48:00,9914,Transcribed,180s,1SPM,AMRO,American Robin,TURDUS MIGRATORIUS,1,40873,1,Song,0.01,1.98,-45.37,f,,Christopher Moser-Purdy,37,,
PC,10,WLNP-2-4,859,,-113.969862,49.086507,,,7047,2018-06-18 04:48:00,9914,Transcribed,180s,1SPM,AMRO,American Robin,TURDUS MIGRATORIUS,2,40874,1,Song,0.58,2.44,-45.29,f,,Christopher Moser-Purdy,37,,
PC,10,WLNP-2-4,859,,-113.969862,49.086507,,,7047,2018-06-18 04:48:00,9914,Transcribed,180s,1SPM,AMRO,American Robin,TURDUS MIGRATORIUS,2,40883,1,Song,60.09,2.10,-52.9,f,,Christopher Moser-Purdy,37,,
PC,10,WLNP-2-4,859,,-113.969862,49.086507,,,7047,2018-06-18 04:48:00,9914,Transcribed,180s,1SPM,AMRO,American Robin,TURDUS MIGRATORIUS,2,40890,1,Song,120.11,2.25,-51.93,f,,Christopher Moser-Purdy,37,,
PC,10,WLNP-2-4,859,,-113.969862,49.086507,,,7047,2018-06-18 04:48:00,9914,Transcribed,180s,1SPM,AMRO,American Robin,TURDUS MIGRATORIUS,3,40891,1,Song,121.00,2.39,-52.02,f,,Christopher Moser-Purdy,37,Sounds like 2 AMROs in background,
PC,10,WLNP-2-4,859,,-113.969862,49.086507,,,7047,2018-06-18 04:48:00,9914,Transcribed,180s,1SPM,AMRO,American Robin,TURDUS MIGRATORIUS,3,40884,1,Song,60.91,2.60,-44.11,f,,Christopher Moser-Purdy,37,Sounds like 2 AMROs in background,
PC,10,WLNP-2-4,859,,-113.969862,49.086507,,,7047,2018-06-18 04:48:00,9914,Transcribed,180s,1SPM,WCSP,White-crowned Sparrow,ZONOTRICHIA LEUCOPHRYS,1,41334,1,Song,61.61,2.10,-44.15,f,,Christopher Moser-Purdy,37,,
PC,10,WLNP-2-4,859,,-113.969862,49.086507,,,7047,2018-06-18 04:48:00,9914,Transcribed,180s,1SPM,WCSP,White-crowned Sparrow,ZONOTRICHIA LEUCOPHRYS,1,41335,1,Song,123.70,1.81,-50.33,f,,Christopher Moser-Purdy,37,,
PC,10,WLNP-2-4,859,,-113.969862,49.086507,,,7047,2018-06-18 04:48:00,9914,Transcribed,180s,1SPM,YRWA,Yellow-rumped Warbler,SETOPHAGA CORONATA,1,41333,1,Song,29.49,1.15,-57.3,f,,Christopher Moser-Purdy,37,Distorted warbler song,
PC,10,WLNP-2-4,859,,-113.969862,49.086507,,,7047,2018-06-18 04:48:00,9914,Transcribed,180s,1SPM,SWTH,Swainson's Thrush,CATHARUS USTULATUS,1,40892,1,S-C,122.21,0.38,-55.32,f,,Christopher Moser-Purdy,37,,
PC,10,WLNP-2-4,859,,-113.969862,49.086507,,,85245,2018-06-19 05:18:00,17683,Bad Weather,180s,1SPM,NONE,NONE,"",,,,,,,,,,Michelle Knaggs,11,,
PC,10,WLNP-2-4,859,,-113.969862,49.086507,,,90868,2018-06-20 04:48:00,20897,Transcribed,180s,1SPM,MGWA,MacGillivray's Warbler,GEOTHLYPIS TOLMIEI,1,178389,1,Song,60.44,1.11,-48.54,f,,Michelle Knaggs,11,,
PC,10,WLNP-2-4,859,,-113.969862,49.086507,,,90868,2018-06-20 04:48:00,20897,Transcribed,180s,1SPM,MGWA,MacGillivray's Warbler,GEOTHLYPIS TOLMIEI,1,178408,1,Song,168.59,1.25,-60.79,f,,Michelle Knaggs,11,,
PC,10,WLNP-2-4,859,,-113.969862,49.086507,,,90868,2018-06-20 04:48:00,20897,Transcribed,180s,1SPM,MGWA,MacGillivray's Warbler,GEOTHLYPIS TOLMIEI,2,178386,1,Song,7.43,1.16,-63.84,f,,Michelle Knaggs,11,,
PC,10,WLNP-2-4,859,,-113.969862,49.086507,,,90868,2018-06-20 04:48:00,20897,Transcribed,180s,1SPM,CHSP,Chipping Sparrow,SPIZELLA PASSERINA,2,178392,1,Song,60.64,1.68,-50.77,f,,Michelle Knaggs,11,,
PC,10,WLNP-2-4,859,,-113.969862,49.086507,,,90868,2018-06-20 04:48:00,20897,Transcribed,180s,1SPM,LIWI,Light wind,"",1,178402,1,Song,120.03,4.73,-50.2,f,,Michelle Knaggs,11,,
PC,10,WLNP-2-4,859,,-113.969862,49.086507,,,90868,2018-06-20 04:48:00,20897,Transcribed,180s,1SPM,DEJU,Dark-eyed Junco,JUNCO HYEMALIS,1,178385,1,Song,4.14,1.34,-67.66,f,,Michelle Knaggs,11,,
PC,10,WLNP-2-4,859,,-113.969862,49.086507,,,90868,2018-06-20 04:48:00,20897,Transcribed,180s,1SPM,DEJU,Dark-eyed Junco,JUNCO HYEMALIS,1,178404,1,Song,128.61,1.39,-62.14,f,,Michelle Knaggs,11,,
PC,10,WLNP-2-4,859,,-113.969862,49.086507,,,90868,2018-06-20 04:48:00,20897,Transcribed,180s,1SPM,DEJU,Dark-eyed Junco,JUNCO HYEMALIS,1,178393,1,Song,62.14,0.75,-58.98,f,,Michelle Knaggs,11,,
PC,10,WLNP-2-4,859,,-113.969862,49.086507,,,90868,2018-06-20 04:48:00,20897,Transcribed,180s,1SPM,AMRO,American Robin,TURDUS MIGRATORIUS,1,178403,1,Song,120.04,4.91,-48.02,f,,Michelle Knaggs,11,,
PC,10,WLNP-2-4,859,,-113.969862,49.086507,,,90868,2018-06-20 04:48:00,20897,Transcribed,180s,1SPM,AMRO,American Robin,TURDUS MIGRATORIUS,1,178376,1,Song,0.03,1.58,-46.67,f,,Michelle Knaggs,11,,
PC,10,WLNP-2-4,859,,-113.969862,49.086507,,,90868,2018-06-20 04:48:00,20897,Transcribed,180s,1SPM,AMRO,American Robin,TURDUS MIGRATORIUS,1,178395,1,Song,60.08,3.99,-43.74,f,,Michelle Knaggs,11,,
PC,10,WLNP-2-4,859,,-113.969862,49.086507,,,90868,2018-06-20 04:48:00,20897,Transcribed,180s,1SPM,SWTH,Swainson's Thrush,CATHARUS USTULATUS,1,178387,1,Song,18.51,0.70,-58.33,f,,Michelle Knaggs,11,,
PC,10,WLNP-2-4,859,,-113.969862,49.086507,,,90868,2018-06-20 04:48:00,20897,Transcribed,180s,1SPM,LIWI,Light wind,"",1,178378,1,Song,2.39,3.09,-34.29,f,,Michelle Knaggs,11,,
PC,10,WLNP-2-4,859,,-113.969862,49.086507,,,90868,2018-06-20 04:48:00,20897,Transcribed,180s,1SPM,CHSP,Chipping Sparrow,SPIZELLA PASSERINA,2,178388,1,Song,54.83,1.79,-49.49,f,,Michelle Knaggs,11,,
PC,10,WLNP-2-4,859,,-113.969862,49.086507,,,90868,2018-06-20 04:48:00,20897,Transcribed,180s,1SPM,CHSP,Chipping Sparrow,SPIZELLA PASSERINA,2,178399,1,Song,122.25,1.80,-52.48,f,,Michelle Knaggs,11,,
PC,10,WLNP-2-4,859,,-113.969862,49.086507,,,90868,2018-06-20 04:48:00,20897,Transcribed,180s,1SPM,CHSP,Chipping Sparrow,SPIZELLA PASSERINA,1,178398,1,Song,120.00,1.65,-51.96,f,,Michelle Knaggs,11,,
PC,10,WLNP-2-4,859,,-113.969862,49.086507,,,90868,2018-06-20 04:48:00,20897,Transcribed,180s,1SPM,CHSP,Chipping Sparrow,SPIZELLA PASSERINA,1,178390,1,Song,60.03,0.73,-55.65,f,,Michelle Knaggs,11,,
PC,10,WLNP-2-4,859,,-113.969862,49.086507,,,90868,2018-06-20 04:48:00,20897,Transcribed,180s,1SPM,CHSP,Chipping Sparrow,SPIZELLA PASSERINA,1,178384,1,Song,2.05,1.50,-67.73,f,,Michelle Knaggs,11,,
PC,10,WLNP-2-4,859,,-113.969862,49.086507,,,90868,2018-06-20 04:48:00,20897,Transcribed,180s,1SPM,MGWA,MacGillivray's Warbler,GEOTHLYPIS TOLMIEI,2,178400,1,Song,124.79,1.56,-48.12,f,,Michelle Knaggs,11,,
PC,10,WLNP-2-4,859,,-113.969862,49.086507,,,90868,2018-06-20 04:48:00,20897,Transcribed,180s,1SPM,MGWA,MacGillivray's Warbler,GEOTHLYPIS TOLMIEI,2,178396,1,Song,66.11,1.74,-47.68,f,,Michelle Knaggs,11,,
PC,10,WLNP-2-4,859,,-113.969862,49.086507,,,90868,2018-06-20 04:48:00,20897,Transcribed,180s,1SPM,MGWA,MacGillivray's Warbler,GEOTHLYPIS TOLMIEI,1,178383,1,Song,0.03,1.38,-45.86,f,,Michelle Knaggs,11,,
PC,10,WLNP-2-4,859,,-113.969862,49.086507,,,90868,2018-06-20 04:48:00,20897,Transcribed,180s,1SPM,LIWI,Light wind,"",1,178394,1,Song,60.10,4.15,-45.55,f,,Michelle Knaggs,11,,
PC,10,WLNP-2-4,859,,-113.969862,49.086507,,,7026,2018-06-21 04:48:00,9893,Transcribed,180s,1SPM,SWTH,Swainson's Thrush,CATHARUS USTULATUS,1,41498,1,Song,2.80,2.08,-42.43,f,,Brandon Law,22,,
PC,10,WLNP-2-4,859,,-113.969862,49.086507,,,7026,2018-06-21 04:48:00,9893,Transcribed,180s,1SPM,AMRO,American Robin,TURDUS MIGRATORIUS,1,41495,TMTT,Song,0.14,3.68,-54.19,f,,Brandon Law,22,AE:2-3,
PC,10,WLNP-2-4,859,,-113.969862,49.086507,,,7026,2018-06-21 04:48:00,9893,Transcribed,180s,1SPM,AMRO,American Robin,TURDUS MIGRATORIUS,1,41508,TMTT,Song,60.30,6.93,-40.2,f,,Brandon Law,22,AE:2-3,
PC,10,WLNP-2-4,859,,-113.969862,49.086507,,,7026,2018-06-21 04:48:00,9893,Transcribed,180s,1SPM,MODO,Mourning Dove,ZENAIDA MACROURA,1,41520,1,Call,104.01,3.56,-26.91,f,,Brandon Law,22,,
PC,10,WLNP-2-4,859,,-113.969862,49.086507,,,7026,2018-06-21 04:48:00,9893,Transcribed,180s,1SPM,MODO,Mourning Dove,ZENAIDA MACROURA,1,41500,1,Call,0.31,3.25,-34.5,f,,Brandon Law,22,,
PC,10,WLNP-2-4,859,,-113.969862,49.086507,,,7026,2018-06-21 04:48:00,9893,Transcribed,180s,1SPM,MODO,Mourning Dove,ZENAIDA MACROURA,1,41519,1,Call,127.35,3.43,-22.07,f,,Brandon Law,22,,
PC,10,WLNP-2-4,859,,-113.969862,49.086507,,,7026,2018-06-21 04:48:00,9893,Transcribed,180s,1SPM,CHSP,Chipping Sparrow,SPIZELLA PASSERINA,3,41501,1,Song,12.28,1.88,-54.71,f,,Brandon Law,22,,
PC,10,WLNP-2-4,859,,-113.969862,49.086507,,,7026,2018-06-21 04:48:00,9893,Transcribed,180s,1SPM,CHSP,Chipping Sparrow,SPIZELLA PASSERINA,3,41522,1,Song,123.61,2.71,-47.63,f,,Brandon Law,22,,
PC,10,WLNP-2-4,859,,-113.969862,49.086507,,,7026,2018-06-21 04:48:00,9893,Transcribed,180s,1SPM,CHSP,Chipping Sparrow,SPIZELLA PASSERINA,3,41504,1,Song,60.76,2.10,-48.66,f,,Brandon Law,22,,
PC,10,WLNP-2-4,859,,-113.969862,49.086507,,,7026,2018-06-21 04:48:00,9893,Transcribed,180s,1SPM,CHSP,Chipping Sparrow,SPIZELLA PASSERINA,2,41517,1,Song,121.19,2.86,-55.32,f,,Brandon Law,22,,
PC,10,WLNP-2-4,859,,-113.969862,49.086507,,,7026,2018-06-21 04:48:00,9893,Transcribed,180s,1SPM,CHSP,Chipping Sparrow,SPIZELLA PASSERINA,2,41507,1,Song,67.18,2.41,-45.09,f,,Brandon Law,22,,
PC,10,WLNP-2-4,859,,-113.969862,49.086507,,,7026,2018-06-21 04:48:00,9893,Transcribed,180s,1SPM,CHSP,Chipping Sparrow,SPIZELLA PASSERINA,2,41497,1,Song,2.99,2.25,-46.76,f,,Brandon Law,22,,
PC,10,WLNP-2-4,859,,-113.969862,49.086507,,,7026,2018-06-21 04:48:00,9893,Transcribed,180s,1SPM,CHSP,Chipping Sparrow,SPIZELLA PASSERINA,1,41516,1,Song,120.96,2.04,-62.05,f,,Brandon Law,22,,
PC,10,WLNP-2-4,859,,-113.969862,49.086507,,,7026,2018-06-21 04:48:00,9893,Transcribed,180s,1SPM,CHSP,Chipping Sparrow,SPIZELLA PASSERINA,1,41496,1,Song,0.95,2.23,-59.35,f,,Brandon Law,22,,
PC,10,WLNP-2-4,859,,-113.969862,49.086507,,,7026,2018-06-21 04:48:00,9893,Transcribed,180s,1SPM,CHSP,Chipping Sparrow,SPIZELLA PASSERINA,1,41506,1,Song,64.74,2.58,-50.01,f,,Brandon Law,22,,
PC,10,WLNP-2-4,859,,-113.969862,49.086507,,,7026,2018-06-21 04:48:00,9893,Transcribed,180s,1SPM,MGWA,MacGillivray's Warbler,GEOTHLYPIS TOLMIEI,1,41512,1,Song,123.60,2.08,-47.26,f,,Brandon Law,22,,
PC,10,WLNP-2-4,859,,-113.969862,49.086507,,,7026,2018-06-21 04:48:00,9893,Transcribed,180s,1SPM,MGWA,MacGillivray's Warbler,GEOTHLYPIS TOLMIEI,1,41503,1,Song,60.04,1.00,-49.15,f,,Brandon Law,22,,
PC,10,WLNP-2-4,859,,-113.969862,49.086507,,,7026,2018-06-21 04:48:00,9893,Transcribed,180s,1SPM,MGWA,MacGillivray's Warbler,GEOTHLYPIS TOLMIEI,1,41502,1,Song,41.45,1.84,-42.06,f,,Brandon Law,22,,
PC,10,WLNP-2-4,859,,-113.969862,49.086507,,,7026,2018-06-21 04:48:00,9893,Transcribed,180s,1SPM,LIBA,Light Background Noise,"",1,41510,1,Song,0.04,3.25,-34.42,f,,Brandon Law,22,,
PC,10,WLNP-2-4,859,,-113.969862,49.086507,,,7026,2018-06-21 04:48:00,9893,Transcribed,180s,1SPM,LIBA,Light Background Noise,"",1,41513,1,Song,120.16,2.86,-25.75,f,,Brandon Law,22,,
PC,10,WLNP-2-4,859,,-113.969862,49.086507,,,7026,2018-06-21 04:48:00,9893,Transcribed,180s,1SPM,LIBA,Light Background Noise,"",1,41509,1,Song,60.29,3.15,-31.64,f,,Brandon Law,22,,
PC,10,WLNP-2-4,859,,-113.969862,49.086507,,,7026,2018-06-21 04:48:00,9893,Transcribed,180s,1SPM,SWTH,Swainson's Thrush,CATHARUS USTULATUS,3,41518,1,Song,122.59,1.90,-48.94,f,,Brandon Law,22,,
PC,10,WLNP-2-4,859,,-113.969862,49.086507,,,7026,2018-06-21 04:48:00,9893,Transcribed,180s,1SPM,SWTH,Swainson's Thrush,CATHARUS USTULATUS,2,41505,1,Song,61.23,2.18,-39.74,f,,Brandon Law,22,,
PC,10,WLNP-2-4,859,,-113.969862,49.086507,,,7026,2018-06-21 04:48:00,9893,Transcribed,180s,1SPM,SWTH,Swainson's Thrush,CATHARUS USTULATUS,2,41515,1,Song,125.28,2.40,-44.76,f,,Brandon Law,22,,
PC,10,WLNP-2-4,859,,-113.969862,49.086507,,,7026,2018-06-21 04:48:00,9893,Transcribed,180s,1SPM,SWTH,Swainson's Thrush,CATHARUS USTULATUS,2,41499,1,Song,4.06,1.88,-42.35,f,,Brandon Law,22,,
PC,10,WLNP-2-4,859,,-113.969862,49.086507,,,7026,2018-06-21 04:48:00,9893,Transcribed,180s,1SPM,SWTH,Swainson's Thrush,CATHARUS USTULATUS,1,41514,1,Song,120.95,2.08,-54.01,f,,Brandon Law,22,,
PC,10,WLNP-2-4,859,,-113.969862,49.086507,,,7026,2018-06-21 04:48:00,9893,Transcribed,180s,1SPM,SWTH,Swainson's Thrush,CATHARUS USTULATUS,1,41511,1,Song,65.39,1.53,-52.72,f,,Brandon Law,22,,
PC,10,WLNP-2-4,859,,-113.969862,49.086507,,,7026,2018-06-21 04:48:00,9893,Transcribed,180s,1SPM,AMRO,American Robin,TURDUS MIGRATORIUS,1,41521,TMTT,Song,120.33,4.74,-50.22,f,,Brandon Law,22,AE:2-3,
PC,10,WLNP-2-4,859,,-113.969862,49.086507,,,6996,2018-06-22 05:18:00,9999,Transcribed,180s,1SPM,WAVI,Warbling Vireo,VIREO GILVUS,1,45990,1,Song,120.06,1.58,-49.76,f,,Tyne Baker,23,"",rushing water
PC,10,WLNP-2-4,859,,-113.969862,49.086507,,,6996,2018-06-22 05:18:00,9999,Transcribed,180s,1SPM,SWTH,Swainson's Thrush,CATHARUS USTULATUS,1,45973,TMTT,S-C,1.30,0.54,-27.5,f,,Tyne Baker,23,"AE:2-3, songs and calls overlapping",rushing water
PC,10,WLNP-2-4,859,,-113.969862,49.086507,,,6996,2018-06-22 05:18:00,9999,Transcribed,180s,1SPM,SWTH,Swainson's Thrush,CATHARUS USTULATUS,1,45988,TMTT,S-C,121.45,0.89,-27.38,f,,Tyne Baker,23,"AE:2-3, songs and calls overlapping",rushing water
PC,10,WLNP-2-4,859,,-113.969862,49.086507,,,6996,2018-06-22 05:18:00,9999,Transcribed,180s,1SPM,SWTH,Swainson's Thrush,CATHARUS USTULATUS,1,45982,TMTT,S-C,60.06,1.29,-25.87,f,,Tyne Baker,23,"AE:2-3, songs and calls overlapping",rushing water
PC,10,WLNP-2-4,859,,-113.969862,49.086507,,,6996,2018-06-22 05:18:00,9999,Transcribed,180s,1SPM,YRWA,Yellow-rumped Warbler,SETOPHAGA CORONATA,1,45992,TMTT,Song,123.90,1.28,-33.31,f,,Tyne Baker,23,"AE:2-3, some very quiet and distant, some close and distinct",rushing water
PC,10,WLNP-2-4,859,,-113.969862,49.086507,,,6996,2018-06-22 05:18:00,9999,Transcribed,180s,1SPM,YRWA,Yellow-rumped Warbler,SETOPHAGA CORONATA,1,45985,TMTT,Song,71.46,1.70,-38.91,f,,Tyne Baker,23,"AE:2-3, some very quiet and distant, some close and distinct",rushing water
PC,10,WLNP-2-4,859,,-113.969862,49.086507,,,6996,2018-06-22 05:18:00,9999,Transcribed,180s,1SPM,YRWA,Yellow-rumped Warbler,SETOPHAGA CORONATA,1,45975,TMTT,Song,2.01,1.34,-52.96,f,,Tyne Baker,23,"AE:2-3, some very quiet and distant, some close and distinct",rushing water
PC,10,WLNP-2-4,859,,-113.969862,49.086507,,,6996,2018-06-22 05:18:00,9999,Transcribed,180s,1SPM,AMRO,American Robin,TURDUS MIGRATORIUS,1,45993,1,S-C,122.45,1.73,-48.17,f,,Tyne Baker,23,,rushing water
PC,10,WLNP-2-4,859,,-113.969862,49.086507,,,6996,2018-06-22 05:18:00,9999,Transcribed,180s,1SPM,AMRO,American Robin,TURDUS MIGRATORIUS,1,45976,1,Song,0.75,2.89,-31.34,f,,Tyne Baker,23,,rushing water
PC,10,WLNP-2-4,859,,-113.969862,49.086507,,,6996,2018-06-22 05:18:00,9999,Transcribed,180s,1SPM,AMRO,American Robin,TURDUS MIGRATORIUS,1,45984,1,Song,64.55,2.08,-48.85,f,,Tyne Baker,23,,rushing water
PC,10,WLNP-2-4,859,,-113.969862,49.086507,,,6996,2018-06-22 05:18:00,9999,Transcribed,180s,1SPM,DEJU,Dark-eyed Junco,JUNCO HYEMALIS,1,45991,1,Song,122.14,1.75,-48.49,f,,Tyne Baker,23,,rushing water
PC,10,WLNP-2-4,859,,-113.969862,49.086507,,,6996,2018-06-22 05:18:00,9999,Transcribed,180s,1SPM,DEJU,Dark-eyed Junco,JUNCO HYEMALIS,1,45983,1,Song,60.73,1.69,-36.52,f,,Tyne Baker,23,,rushing water
PC,10,WLNP-2-4,859,,-113.969862,49.086507,,,6996,2018-06-22 05:18:00,9999,Transcribed,180s,1SPM,DEJU,Dark-eyed Junco,JUNCO HYEMALIS,1,45978,1,Song,15.03,1.56,-52.66,f,,Tyne Baker,23,,rushing water
PC,10,WLNP-2-4,859,,-113.969862,49.086507,,,6996,2018-06-22 05:18:00,9999,Transcribed,180s,1SPM,MODO,Mourning Dove,ZENAIDA MACROURA,1,45980,1,Call,61.38,4.25,-13.2,f,,Tyne Baker,23,distant,rushing water
PC,10,WLNP-2-4,859,,-113.969862,49.086507,,,6996,2018-06-22 05:18:00,9999,Transcribed,180s,1SPM,MODO,Mourning Dove,ZENAIDA MACROURA,1,45979,1,Call,14.33,2.93,-30.72,f,,Tyne Baker,23,distant,rushing water
PC,10,WLNP-2-4,859,,-113.969862,49.086507,,,6996,2018-06-22 05:18:00,9999,Transcribed,180s,1SPM,CEDW,Cedar Waxwing,BOMBYCILLA CEDRORUM,1,45989,1,Call,121.24,3.71,-51.94,f,,Tyne Baker,23,,rushing water
PC,10,WLNP-2-4,859,,-113.969862,49.086507,,,6996,2018-06-22 05:18:00,9999,Transcribed,180s,1SPM,CEDW,Cedar Waxwing,BOMBYCILLA CEDRORUM,1,45981,1,Call,60.11,3.80,-51.73,f,,Tyne Baker,23,,rushing water
PC,10,WLNP-2-4,859,,-113.969862,49.086507,,,6996,2018-06-22 05:18:00,9999,Transcribed,180s,1SPM,CEDW,Cedar Waxwing,BOMBYCILLA CEDRORUM,1,45974,1,Call,0.04,2.56,-60.59,f,,Tyne Baker,23,,rushing water
PC,10,WLNP-2-4,859,,-113.969862,49.086507,,,6996,2018-06-22 05:18:00,9999,Transcribed,180s,1SPM,WAVI,Warbling Vireo,VIREO GILVUS,1,45986,1,Song,76.48,2.81,-28.14,f,,Tyne Baker,23,"",rushing water
PC,10,WLNP-2-4,859,,-113.969862,49.086507,,,6996,2018-06-22 05:18:00,9999,Transcribed,180s,1SPM,WAVI,Warbling Vireo,VIREO GILVUS,1,45977,1,Song,10.63,3.13,-26.71,f,,Tyne Baker,23,"",rushing water
PC,10,WLNP-2-4,859,,-113.969862,49.086507,,,6996,2018-06-22 05:18:00,9999,Transcribed,180s,1SPM,TRES,Tree Swallow,TACHYCINETA BICOLOR,1,45994,1,Call,123.08,0.79,-47.68,f,,Tyne Baker,23,,rushing water
PC,10,WLNP-2-5,847,,-113.968277,49.083831,,,85246,2018-06-18 04:48:00,17684,Transcribed,180s,1SPM,DEJU,Dark-eyed Junco,JUNCO HYEMALIS,1,126705,1,Song,24.44,1.51,-68.83,f,,Michelle Knaggs,11,,
PC,10,WLNP-2-5,847,,-113.968277,49.083831,,,85246,2018-06-18 04:48:00,17684,Transcribed,180s,1SPM,DEJU,Dark-eyed Junco,JUNCO HYEMALIS,1,126711,1,Song,107.05,1.54,-72.83,f,,Michelle Knaggs,11,,
PC,10,WLNP-2-5,847,,-113.968277,49.083831,,,85246,2018-06-18 04:48:00,17684,Transcribed,180s,1SPM,DEJU,Dark-eyed Junco,JUNCO HYEMALIS,1,126714,1,Song,122.68,1.45,-66.85,f,,Michelle Knaggs,11,,
PC,10,WLNP-2-5,847,,-113.968277,49.083831,,,85246,2018-06-18 04:48:00,17684,Transcribed,180s,1SPM,SWTH,Swainson's Thrush,CATHARUS USTULATUS,1,123887,1,Call,4.85,0.38,-43.44,f,,Michelle Knaggs,11,,
PC,10,WLNP-2-5,847,,-113.968277,49.083831,,,85246,2018-06-18 04:48:00,17684,Transcribed,180s,1SPM,SWTH,Swainson's Thrush,CATHARUS USTULATUS,1,126717,1,Call,130.89,0.65,-57.94,f,,Michelle Knaggs,11,,
PC,10,WLNP-2-5,847,,-113.968277,49.083831,,,85246,2018-06-18 04:48:00,17684,Transcribed,180s,1SPM,SWTH,Swainson's Thrush,CATHARUS USTULATUS,1,126707,1,Call,60.09,0.71,-61.83,f,,Michelle Knaggs,11,,
PC,10,WLNP-2-5,847,,-113.968277,49.083831,,,85246,2018-06-18 04:48:00,17684,Transcribed,180s,1SPM,WCSP,White-crowned Sparrow,ZONOTRICHIA LEUCOPHRYS,1,126710,1,Song,78.58,1.60,-54.45,f,,Michelle Knaggs,11,,
PC,10,WLNP-2-5,847,,-113.968277,49.083831,,,85246,2018-06-18 04:48:00,17684,Transcribed,180s,1SPM,AMRO,American Robin,TURDUS MIGRATORIUS,2,126709,1,Song,61.89,1.44,-57.73,f,,Michelle Knaggs,11,,
PC,10,WLNP-2-5,847,,-113.968277,49.083831,,,85246,2018-06-18 04:48:00,17684,Transcribed,180s,1SPM,AMRO,American Robin,TURDUS MIGRATORIUS,2,126716,1,Song,121.45,1.95,-57.54,f,,Michelle Knaggs,11,,
PC,10,WLNP-2-5,847,,-113.968277,49.083831,,,85246,2018-06-18 04:48:00,17684,Transcribed,180s,1SPM,AMRO,American Robin,TURDUS MIGRATORIUS,2,126704,1,Song,8.30,1.16,-43.27,f,,Michelle Knaggs,11,,
PC,10,WLNP-2-5,847,,-113.968277,49.083831,,,85246,2018-06-18 04:48:00,17684,Transcribed,180s,1SPM,AMRO,American Robin,TURDUS MIGRATORIUS,1,126715,1,Song,120.04,1.36,-56.23,f,,Michelle Knaggs,11,,
PC,10,WLNP-2-5,847,,-113.968277,49.083831,,,85246,2018-06-18 04:48:00,17684,Transcribed,180s,1SPM,AMRO,American Robin,TURDUS MIGRATORIUS,1,126708,1,Song,60.88,0.96,-57.77,f,,Michelle Knaggs,11,,
PC,10,WLNP-2-5,847,,-113.968277,49.083831,,,85246,2018-06-18 04:48:00,17684,Transcribed,180s,1SPM,AMRO,American Robin,TURDUS MIGRATORIUS,1,126703,1,Song,0.08,1.06,-48.47,f,,Michelle Knaggs,11,,
PC,10,WLNP-2-5,847,,-113.968277,49.083831,,,85246,2018-06-18 04:48:00,17684,Transcribed,180s,1SPM,DEJU,Dark-eyed Junco,JUNCO HYEMALIS,2,126712,1,Song,111.30,1.24,-68.52,f,,Michelle Knaggs,11,,
PC,10,WLNP-2-5,847,,-113.968277,49.083831,,,85246,2018-06-18 04:48:00,17684,Transcribed,180s,1SPM,DEJU,Dark-eyed Junco,JUNCO HYEMALIS,2,126713,1,Song,120.25,1.23,-67.69,f,,Michelle Knaggs,11,,
PC,10,WLNP-2-5,847,,-113.968277,49.083831,,,85247,2018-06-19 04:48:00,17685,Bad Weather,180s,1SPM,NONE,NONE,"",,,,,,,,,,Michelle Knaggs,11,,
PC,10,WLNP-2-5,847,,-113.968277,49.083831,,,6989,2018-06-20 05:18:00,9992,Bad Weather,180s,1SPM,MORA,Moderate rain,"",1,44055,1,Song,0.35,1.19,-55.43,f,,Nicole Boucher,18,,
PC,10,WLNP-2-5,847,,-113.968277,49.083831,,,6952,2018-06-21 04:48:00,9955,Transcribed,180s,1SPM,AMRO,American Robin,TURDUS MIGRATORIUS,1,49518,1,Song,121.65,3.61,-45.71,f,,Dan Burgin,19,Distant but sounds like song in background,
PC,10,WLNP-2-5,847,,-113.968277,49.083831,,,6952,2018-06-21 04:48:00,9955,Transcribed,180s,1SPM,UNKN,Unidentified signal,"",1,49539,1,Call,56.59,0.49,-19.11,f,,Dan Burgin,19,AMBI? confidence:Unknown far,
PC,10,WLNP-2-5,847,,-113.968277,49.083831,,,6952,2018-06-21 04:48:00,9955,Transcribed,180s,1SPM,CHSP,Chipping Sparrow,SPIZELLA PASSERINA,2,49524,1,Song,137.24,1.75,-65.08,f,,Dan Burgin,19,,
PC,10,WLNP-2-5,847,,-113.968277,49.083831,,,6952,2018-06-21 04:48:00,9955,Transcribed,180s,1SPM,CHSP,Chipping Sparrow,SPIZELLA PASSERINA,1,49522,1,Song,121.60,3.43,-54,f,,Dan Burgin,19,Difficult to discern as faded but definitely triller,
PC,10,WLNP-2-5,847,,-113.968277,49.083831,,,6952,2018-06-21 04:48:00,9955,Transcribed,180s,1SPM,CHSP,Chipping Sparrow,SPIZELLA PASSERINA,1,49509,1,Song,5.46,1.49,-59.74,f,,Dan Burgin,19,Difficult to discern as faded but definitely triller,
PC,10,WLNP-2-5,847,,-113.968277,49.083831,,,6952,2018-06-21 04:48:00,9955,Transcribed,180s,1SPM,CHSP,Chipping Sparrow,SPIZELLA PASSERINA,1,49517,1,Song,60.04,0.85,-57.41,f,,Dan Burgin,19,Difficult to discern as faded but definitely triller,
PC,10,WLNP-2-5,847,,-113.968277,49.083831,,,6952,2018-06-21 04:48:00,9955,Transcribed,180s,1SPM,AMRO,American Robin,TURDUS MIGRATORIUS,1,49511,1,Song,18.55,2.35,-53.5,f,,Dan Burgin,19,Distant but sounds like song in background,
PC,10,WLNP-2-5,847,,-113.968277,49.083831,,,6952,2018-06-21 04:48:00,9955,Transcribed,180s,1SPM,DEJU,Dark-eyed Junco,JUNCO HYEMALIS,1,49521,1,Song,120.01,1.51,-55.79,f,,Dan Burgin,19,Trill,
PC,10,WLNP-2-5,847,,-113.968277,49.083831,,,6952,2018-06-21 04:48:00,9955,Transcribed,180s,1SPM,DEJU,Dark-eyed Junco,JUNCO HYEMALIS,1,49508,1,Song,0.54,1.89,-61.17,f,,Dan Burgin,19,Trill,
PC,10,WLNP-2-5,847,,-113.968277,49.083831,,,6952,2018-06-21 04:48:00,9955,Transcribed,180s,1SPM,DEJU,Dark-eyed Junco,JUNCO HYEMALIS,1,49515,1,Song,61.50,4.06,-39.04,f,,Dan Burgin,19,Trill,
PC,10,WLNP-2-5,847,,-113.968277,49.083831,,,6952,2018-06-21 04:48:00,9955,Transcribed,180s,1SPM,TRES,Tree Swallow,TACHYCINETA BICOLOR,1,119936,1,Call,120.05,7.54,-44.84,f,,Dan Burgin,19,,
PC,10,WLNP-2-5,847,,-113.968277,49.083831,,,6952,2018-06-21 04:48:00,9955,Transcribed,180s,1SPM,SWTH,Swainson's Thrush,CATHARUS USTULATUS,1,49510,1,Song,0.08,2.15,-51.75,f,,Dan Burgin,19,,
PC,10,WLNP-2-5,847,,-113.968277,49.083831,,,6952,2018-06-21 04:48:00,9955,Transcribed,180s,1SPM,SWTH,Swainson's Thrush,CATHARUS USTULATUS,1,49514,1,Song,64.63,1.49,-37.87,f,,Dan Burgin,19,,
PC,10,WLNP-2-5,847,,-113.968277,49.083831,,,6952,2018-06-21 04:48:00,9955,Transcribed,180s,1SPM,SWTH,Swainson's Thrush,CATHARUS USTULATUS,2,49523,1,Song,131.53,1.68,-54.37,f,,Dan Burgin,19,"",
PC,10,WLNP-2-5,847,,-113.968277,49.083831,,,6952,2018-06-21 04:48:00,9955,Transcribed,180s,1SPM,SWTH,Swainson's Thrush,CATHARUS USTULATUS,2,49516,1,Call,67.61,0.84,-41.25,f,,Dan Burgin,19,"",
PC,10,WLNP-2-5,847,,-113.968277,49.083831,,,6952,2018-06-21 04:48:00,9955,Transcribed,180s,1SPM,SWTH,Swainson's Thrush,CATHARUS USTULATUS,2,49507,1,Call,3.29,0.90,-38.26,f,,Dan Burgin,19,"",
PC,10,WLNP-2-5,847,,-113.968277,49.083831,,,6952,2018-06-21 04:48:00,9955,Transcribed,180s,1SPM,SWTH,Swainson's Thrush,CATHARUS USTULATUS,3,49512,1,Call,16.39,0.70,-40.95,f,,Dan Burgin,19,,
PC,10,WLNP-2-5,847,,-113.968277,49.083831,,,6952,2018-06-21 04:48:00,9955,Transcribed,180s,1SPM,TRES,Tree Swallow,TACHYCINETA BICOLOR,1,119934,1,Call,0.00,7.70,-38.14,f,,Dan Burgin,19,,
PC,10,WLNP-2-5,847,,-113.968277,49.083831,,,6952,2018-06-21 04:48:00,9955,Transcribed,180s,1SPM,TRES,Tree Swallow,TACHYCINETA BICOLOR,1,119935,1,Call,61.00,9.59,-37.79,f,,Dan Burgin,19,,
PC,10,WLNP-2-5,847,,-113.968277,49.083831,,,6952,2018-06-21 04:48:00,9955,Transcribed,180s,1SPM,UNKN,Unidentified signal,"",1,49541,1,Call,70.71,0.49,-28.28,f,,Dan Burgin,19,AMBI? confidence:Unknown far,
PC,10,WLNP-2-5,847,,-113.968277,49.083831,,,6952,2018-06-21 04:48:00,9955,Transcribed,180s,1SPM,LIWI,Light wind,"",1,119932,1,Non-vocal,2.31,8.14,-23.29,f,,Dan Burgin,19,,
PC,10,WLNP-2-5,847,,-113.968277,49.083831,,,6952,2018-06-21 04:48:00,9955,Transcribed,180s,1SPM,AMRO,American Robin,TURDUS MIGRATORIUS,2,49535,1,Song,125.48,3.70,-44.66,f,,Dan Burgin,19,,
PC,10,WLNP-2-5,847,,-113.968277,49.083831,,,6952,2018-06-21 04:48:00,9955,Transcribed,180s,1SPM,AMRO,American Robin,TURDUS MIGRATORIUS,1,49513,1,Song,61.19,4.34,-37.82,f,,Dan Burgin,19,Distant but sounds like song in background,
PC,10,WLNP-2-5,847,,-113.968277,49.083831,,,6988,2018-06-22 04:48:00,9991,Bad Weather,180s,1SPM,NONE,NONE,"",,,,,,,,,,Nicole Boucher,18,,
PC,10,WLNP-2-5,847,,-113.968277,49.083831,,,90869,2018-06-22 05:18:00,20898,Transcribed,180s,1SPM,DEJU,Dark-eyed Junco,JUNCO HYEMALIS,1,178431,1,Song,120.03,1.28,-48.71,f,,Michelle Knaggs,11,,
PC,10,WLNP-2-5,847,,-113.968277,49.083831,,,90869,2018-06-22 05:18:00,20898,Transcribed,180s,1SPM,WAVI,Warbling Vireo,VIREO GILVUS,1,178439,1,Song,145.58,1.20,-53.21,f,,Michelle Knaggs,11,,
PC,10,WLNP-2-5,847,,-113.968277,49.083831,,,90869,2018-06-22 05:18:00,20898,Transcribed,180s,1SPM,MOWI,Moderate wind,"",1,178417,1,Song,0.08,5.65,-33.95,f,,Michelle Knaggs,11,,
PC,10,WLNP-2-5,847,,-113.968277,49.083831,,,90869,2018-06-22 05:18:00,20898,Transcribed,180s,1SPM,MOWI,Moderate wind,"",1,178434,1,Song,120.09,4.31,-37.93,f,,Michelle Knaggs,11,,
PC,10,WLNP-2-5,847,,-113.968277,49.083831,,,90869,2018-06-22 05:18:00,20898,Transcribed,180s,1SPM,MOWI,Moderate wind,"",1,178424,1,Song,60.01,3.55,-32.41,f,,Michelle Knaggs,11,,
PC,10,WLNP-2-5,847,,-113.968277,49.083831,,,90869,2018-06-22 05:18:00,20898,Transcribed,180s,1SPM,OSFL,Olive-sided Flycatcher,CONTOPUS COOPERI,1,178430,1,Song,109.19,0.91,-50.77,f,,Michelle Knaggs,11,,
PC,10,WLNP-2-5,847,,-113.968277,49.083831,,,90869,2018-06-22 05:18:00,20898,Transcribed,180s,1SPM,UNPA,Unidentified Passerine,"",1,178416,1,Call,0.80,3.60,-49.05,f,,Michelle Knaggs,11,,
PC,10,WLNP-2-5,847,,-113.968277,49.083831,,,90869,2018-06-22 05:18:00,20898,Transcribed,180s,1SPM,UNPA,Unidentified Passerine,"",1,178425,1,Call,60.05,2.99,-40.25,f,,Michelle Knaggs,11,,
PC,10,WLNP-2-5,847,,-113.968277,49.083831,,,90869,2018-06-22 05:18:00,20898,Transcribed,180s,1SPM,UNPA,Unidentified Passerine,"",1,178433,1,Call,120.09,2.36,-47.7,f,,Michelle Knaggs,11,,
PC,10,WLNP-2-5,847,,-113.968277,49.083831,,,90869,2018-06-22 05:18:00,20898,Transcribed,180s,1SPM,WAVI,Warbling Vireo,VIREO GILVUS,1,178427,1,Song,63.91,0.71,-50.84,f,,Michelle Knaggs,11,,
PC,10,WLNP-2-5,847,,-113.968277,49.083831,,,90869,2018-06-22 05:18:00,20898,Transcribed,180s,1SPM,WAVI,Warbling Vireo,VIREO GILVUS,1,178419,1,Song,8.55,0.88,-50.79,f,,Michelle Knaggs,11,,
PC,10,WLNP-2-5,847,,-113.968277,49.083831,,,90869,2018-06-22 05:18:00,20898,Transcribed,180s,1SPM,SWTH,Swainson's Thrush,CATHARUS USTULATUS,1,178414,1,Call,1.13,0.31,-45.01,f,,Michelle Knaggs,11,,
PC,10,WLNP-2-5,847,,-113.968277,49.083831,,,90869,2018-06-22 05:18:00,20898,Transcribed,180s,1SPM,YRWA,Yellow-rumped Warbler,SETOPHAGA CORONATA,2,178421,1,Song,52.25,1.33,-53.09,f,,Michelle Knaggs,11,,
PC,10,WLNP-2-5,847,,-113.968277,49.083831,,,90869,2018-06-22 05:18:00,20898,Transcribed,180s,1SPM,YRWA,Yellow-rumped Warbler,SETOPHAGA CORONATA,2,178436,1,Song,128.20,1.36,-53.35,f,,Michelle Knaggs,11,,
PC,10,WLNP-2-5,847,,-113.968277,49.083831,,,90869,2018-06-22 05:18:00,20898,Transcribed,180s,1SPM,YRWA,Yellow-rumped Warbler,SETOPHAGA CORONATA,1,178423,1,Song,61.14,1.44,-40.06,f,,Michelle Knaggs,11,,
PC,10,WLNP-2-5,847,,-113.968277,49.083831,,,90869,2018-06-22 05:18:00,20898,Transcribed,180s,1SPM,YRWA,Yellow-rumped Warbler,SETOPHAGA CORONATA,1,178415,1,Song,2.43,1.49,-41.88,f,,Michelle Knaggs,11,,
PC,10,WLNP-2-5,847,,-113.968277,49.083831,,,90869,2018-06-22 05:18:00,20898,Transcribed,180s,1SPM,YRWA,Yellow-rumped Warbler,SETOPHAGA CORONATA,1,178432,1,Song,122.50,1.65,-37.46,f,,Michelle Knaggs,11,,
PC,10,WLNP-2-5,847,,-113.968277,49.083831,,,90869,2018-06-22 05:18:00,20898,Transcribed,180s,1SPM,AMRO,American Robin,TURDUS MIGRATORIUS,1,178429,1,Call,98.91,1.56,-50.64,f,,Michelle Knaggs,11,,
PC,10,WLNP-2-5,847,,-113.968277,49.083831,,,90869,2018-06-22 05:18:00,20898,Transcribed,180s,1SPM,AMRO,American Robin,TURDUS MIGRATORIUS,1,178422,1,Song,54.59,5.09,-50.09,f,,Michelle Knaggs,11,,
PC,10,WLNP-2-5,847,,-113.968277,49.083831,,,90869,2018-06-22 05:18:00,20898,Transcribed,180s,1SPM,AMRO,American Robin,TURDUS MIGRATORIUS,1,178435,1,Song,124.78,1.38,-50.21,f,,Michelle Knaggs,11,,
PC,10,WLNP-2-5,847,,-113.968277,49.083831,,,90869,2018-06-22 05:18:00,20898,Transcribed,180s,1SPM,DEJU,Dark-eyed Junco,JUNCO HYEMALIS,1,178428,1,Song,92.49,2.49,-49.78,f,,Michelle Knaggs,11,,
PC,10,WLNP-2-5,847,,-113.968277,49.083831,,,7011,2018-06-23 04:49:00,9878,Transcribed,180s,1SPM,DEJU,Dark-eyed Junco,JUNCO HYEMALIS,1,54806,1,Song,0.14,2.09,-62.28,f,,Alex MacPhail,15,,
PC,10,WLNP-2-5,847,,-113.968277,49.083831,,,7011,2018-06-23 04:49:00,9878,Transcribed,180s,1SPM,DEJU,Dark-eyed Junco,JUNCO HYEMALIS,1,54843,1,Song,137.85,1.55,-44.64,f,,Alex MacPhail,15,,
PC,10,WLNP-2-5,847,,-113.968277,49.083831,,,7011,2018-06-23 04:49:00,9878,Transcribed,180s,1SPM,DEJU,Dark-eyed Junco,JUNCO HYEMALIS,2,54812,1,Song,5.93,1.48,-50.13,f,,Alex MacPhail,15,,
PC,10,WLNP-2-5,847,,-113.968277,49.083831,,,7011,2018-06-23 04:49:00,9878,Transcribed,180s,1SPM,DEJU,Dark-eyed Junco,JUNCO HYEMALIS,2,54823,1,Song,62.61,1.69,-50.15,f,,Alex MacPhail,15,,
PC,10,WLNP-2-5,847,,-113.968277,49.083831,,,7011,2018-06-23 04:49:00,9878,Transcribed,180s,1SPM,DEJU,Dark-eyed Junco,JUNCO HYEMALIS,2,54840,1,Song,120.48,1.91,-53.69,f,,Alex MacPhail,15,,
PC,10,WLNP-2-5,847,,-113.968277,49.083831,,,7011,2018-06-23 04:49:00,9878,Transcribed,180s,1SPM,SPSA,Spotted Sandpiper,ACTITIS MACULARIUS,1,54844,1,Call,150.16,2.30,-49.78,f,,Alex MacPhail,15,,
PC,10,WLNP-2-5,847,,-113.968277,49.083831,,,7011,2018-06-23 04:49:00,9878,Transcribed,180s,1SPM,UNSW,Unidentified Swallow,HIRUNDO,1,54815,1,Song,24.16,4.05,-44.98,f,,Alex MacPhail,15,Check confidence:To Be Checked,
PC,10,WLNP-2-5,847,,-113.968277,49.083831,,,7011,2018-06-23 04:49:00,9878,Transcribed,180s,1SPM,UNSW,Unidentified Swallow,HIRUNDO,1,54842,1,Song,134.29,1.93,-44.82,f,,Alex MacPhail,15,Check confidence:To Be Checked,
PC,10,WLNP-2-5,847,,-113.968277,49.083831,,,7011,2018-06-23 04:49:00,9878,Transcribed,180s,1SPM,UNSW,Unidentified Swallow,HIRUNDO,1,54827,1,Song,60.24,1.15,-56.67,f,,Alex MacPhail,15,Check confidence:To Be Checked,
PC,10,WLNP-2-5,847,,-113.968277,49.083831,,,7011,2018-06-23 04:49:00,9878,Transcribed,180s,1SPM,UNTH,Unidentified Thrush,"",1,54841,1,Song,130.95,1.54,-54.9,f,,Alex MacPhail,15,Another SWTH? confidence:Unknown far,
PC,10,WLNP-2-5,847,,-113.968277,49.083831,,,7011,2018-06-23 04:49:00,9878,Transcribed,180s,1SPM,UNTH,Unidentified Thrush,"",1,54834,1,Song,108.73,1.39,-58.1,f,,Alex MacPhail,15,Another SWTH? confidence:Unknown far,
PC,10,WLNP-2-5,847,,-113.968277,49.083831,,,7011,2018-06-23 04:49:00,9878,Transcribed,180s,1SPM,UNWA,Unidentified Warbler,"",1,54819,1,Song,47.30,1.26,-55.6,f,,Alex MacPhail,15,,
PC,10,WLNP-2-5,847,,-113.968277,49.083831,,,7011,2018-06-23 04:49:00,9878,Transcribed,180s,1SPM,MOWI,Moderate wind,"",1,54826,1,Song,60.05,5.31,-36.89,f,,Alex MacPhail,15,,
PC,10,WLNP-2-5,847,,-113.968277,49.083831,,,7011,2018-06-23 04:49:00,9878,Transcribed,180s,1SPM,MOWI,Moderate wind,"",1,54817,1,Song,0.08,5.36,-36.97,f,,Alex MacPhail,15,,
PC,10,WLNP-2-5,847,,-113.968277,49.083831,,,7011,2018-06-23 04:49:00,9878,Transcribed,180s,1SPM,WAVI,Warbling Vireo,VIREO GILVUS,1,54831,1,Song,72.08,2.09,-53.48,f,,Alex MacPhail,15,,
PC,10,WLNP-2-5,847,,-113.968277,49.083831,,,7011,2018-06-23 04:49:00,9878,Transcribed,180s,1SPM,VATH,Varied Thrush,IXOREUS NAEVIUS,1,54808,1,Song,4.15,1.85,-62.57,f,,Alex MacPhail,15,,
PC,10,WLNP-2-5,847,,-113.968277,49.083831,,,7011,2018-06-23 04:49:00,9878,Transcribed,180s,1SPM,AMRO,American Robin,TURDUS MIGRATORIUS,2,54814,1,Song,7.94,2.29,-48.28,f,,Alex MacPhail,15,Second one overlapping,
PC,10,WLNP-2-5,847,,-113.968277,49.083831,,,7011,2018-06-23 04:49:00,9878,Transcribed,180s,1SPM,AMRO,American Robin,TURDUS MIGRATORIUS,2,54837,1,Song,121.25,2.31,-47.01,f,,Alex MacPhail,15,Second one overlapping,
PC,10,WLNP-2-5,847,,-113.968277,49.083831,,,7011,2018-06-23 04:49:00,9878,Transcribed,180s,1SPM,AMRO,American Robin,TURDUS MIGRATORIUS,2,54828,1,Song,62.84,2.74,-54.7,f,,Alex MacPhail,15,Second one overlapping,
PC,10,WLNP-2-5,847,,-113.968277,49.083831,,,7011,2018-06-23 04:49:00,9878,Transcribed,180s,1SPM,AMRO,American Robin,TURDUS MIGRATORIUS,1,54811,1,Song,0.03,5.50,-43.08,f,,Alex MacPhail,15,,
PC,10,WLNP-2-5,847,,-113.968277,49.083831,,,7011,2018-06-23 04:49:00,9878,Transcribed,180s,1SPM,AMRO,American Robin,TURDUS MIGRATORIUS,1,54836,1,Song,120.38,1.91,-51.28,f,,Alex MacPhail,15,,
PC,10,WLNP-2-5,847,,-113.968277,49.083831,,,7011,2018-06-23 04:49:00,9878,Transcribed,180s,1SPM,AMRO,American Robin,TURDUS MIGRATORIUS,1,54830,1,Song,65.48,2.31,-44.22,f,,Alex MacPhail,15,,
PC,10,WLNP-2-5,847,,-113.968277,49.083831,,,7011,2018-06-23 04:49:00,9878,Transcribed,180s,1SPM,VATH,Varied Thrush,IXOREUS NAEVIUS,1,54821,1,Song,60.05,0.51,-62.97,f,,Alex MacPhail,15,,
PC,10,WLNP-2-5,847,,-113.968277,49.083831,,,7011,2018-06-23 04:49:00,9878,Transcribed,180s,1SPM,VATH,Varied Thrush,IXOREUS NAEVIUS,2,54822,1,Song,60.25,1.81,-64.41,f,,Alex MacPhail,15,,
PC,10,WLNP-2-5,847,,-113.968277,49.083831,,,7011,2018-06-23 04:49:00,9878,Transcribed,180s,1SPM,VATH,Varied Thrush,IXOREUS NAEVIUS,2,54839,1,Song,121.95,1.43,-65.2,f,,Alex MacPhail,15,,
PC,10,WLNP-2-5,847,,-113.968277,49.083831,,,7011,2018-06-23 04:49:00,9878,Transcribed,180s,1SPM,VATH,Varied Thrush,IXOREUS NAEVIUS,2,54813,1,Song,10.66,1.45,-51.5,f,,Alex MacPhail,15,,
PC,10,WLNP-2-5,847,,-113.968277,49.083831,,,7011,2018-06-23 04:49:00,9878,Transcribed,180s,1SPM,SWTH,Swainson's Thrush,CATHARUS USTULATUS,1,54825,1,Song,61.73,1.91,-46.21,f,,Alex MacPhail,15,,
PC,10,WLNP-2-5,847,,-113.968277,49.083831,,,7011,2018-06-23 04:49:00,9878,Transcribed,180s,1SPM,SWTH,Swainson's Thrush,CATHARUS USTULATUS,1,54805,1,Song,2.48,1.64,-44.24,f,,Alex MacPhail,15,,
PC,10,WLNP-2-5,847,,-113.968277,49.083831,,,7011,2018-06-23 04:49:00,9878,Transcribed,180s,1SPM,SWTH,Swainson's Thrush,CATHARUS USTULATUS,1,54838,1,Song,120.08,1.06,-48.24,f,,Alex MacPhail,15,,
PC,10,WLNP-2-5,847,,-113.968277,49.083831,,,7011,2018-06-23 04:49:00,9878,Transcribed,180s,1SPM,SPSA,Spotted Sandpiper,ACTITIS MACULARIUS,1,54833,1,Call,80.10,2.65,-53.56,f,,Alex MacPhail,15,,
PC,10,WLNP-2-6,854,,-113.969614,49.089249,,,7027,2018-06-18 04:48:00,9894,Transcribed,180s,1SPM,AMRO,American Robin,TURDUS MIGRATORIUS,1,41855,1,Song,60.09,4.05,-47.33,f,,Brandon Law,22,,
PC,10,WLNP-2-6,854,,-113.969614,49.089249,,,7027,2018-06-18 04:48:00,9894,Transcribed,180s,1SPM,SWTH,Swainson's Thrush,CATHARUS USTULATUS,1,41854,1,Song,60.90,1.54,-46.88,f,,Brandon Law,22,,
PC,10,WLNP-2-6,854,,-113.969614,49.089249,,,7027,2018-06-18 04:48:00,9894,Transcribed,180s,1SPM,SWTH,Swainson's Thrush,CATHARUS USTULATUS,2,41853,1,Song,11.80,1.15,-50.41,f,,Brandon Law,22,,
PC,10,WLNP-2-6,854,,-113.969614,49.089249,,,7027,2018-06-18 04:48:00,9894,Transcribed,180s,1SPM,SWTH,Swainson's Thrush,CATHARUS USTULATUS,2,41861,1,Song,123.78,1.10,-50.26,f,,Brandon Law,22,,
PC,10,WLNP-2-6,854,,-113.969614,49.089249,,,7027,2018-06-18 04:48:00,9894,Transcribed,180s,1SPM,SWTH,Swainson's Thrush,CATHARUS USTULATUS,2,41857,1,Song,63.00,1.28,-50.24,f,,Brandon Law,22,,
PC,10,WLNP-2-6,854,,-113.969614,49.089249,,,7027,2018-06-18 04:48:00,9894,Transcribed,180s,1SPM,SWTH,Swainson's Thrush,CATHARUS USTULATUS,1,41859,1,Song,121.15,1.40,-49.53,f,,Brandon Law,22,,
PC,10,WLNP-2-6,854,,-113.969614,49.089249,,,7027,2018-06-18 04:48:00,9894,Transcribed,180s,1SPM,AMRO,American Robin,TURDUS MIGRATORIUS,1,41852,1,Song,2.76,1.99,-50.73,f,,Brandon Law,22,,
PC,10,WLNP-2-6,854,,-113.969614,49.089249,,,7027,2018-06-18 04:48:00,9894,Transcribed,180s,1SPM,AMRO,American Robin,TURDUS MIGRATORIUS,1,41860,1,Song,120.15,3.49,-49.77,f,,Brandon Law,22,,
PC,10,WLNP-2-6,854,,-113.969614,49.089249,,,7027,2018-06-18 04:48:00,9894,Transcribed,180s,1SPM,MOBA,Moderate Background Noise,"",1,41850,1,Song,0.16,3.24,-37.29,f,,Brandon Law,22,,
PC,10,WLNP-2-6,854,,-113.969614,49.089249,,,7027,2018-06-18 04:48:00,9894,Transcribed,180s,1SPM,MOBA,Moderate Background Noise,"",1,41856,1,Song,60.06,3.23,-45.09,f,,Brandon Law,22,,
PC,10,WLNP-2-6,854,,-113.969614,49.089249,,,7027,2018-06-18 04:48:00,9894,Transcribed,180s,1SPM,MOBA,Moderate Background Noise,"",1,41858,1,Song,120.33,2.66,-46.66,f,,Brandon Law,22,,
PC,10,WLNP-2-6,854,,-113.969614,49.089249,,,7027,2018-06-18 04:48:00,9894,Transcribed,180s,1SPM,SWTH,Swainson's Thrush,CATHARUS USTULATUS,1,41851,1,Song,1.20,1.61,-49.21,f,,Brandon Law,22,,
PC,10,WLNP-2-6,854,,-113.969614,49.089249,,,85248,2018-06-19 05:18:00,17686,Transcribed,180s,1SPM,HEWI,Heavy wind,"",1,123943,1,Song,120.05,5.83,-27.77,f,,Michelle Knaggs,11,,
PC,10,WLNP-2-6,854,,-113.969614,49.089249,,,85248,2018-06-19 05:18:00,17686,Transcribed,180s,1SPM,HEWI,Heavy wind,"",1,123940,1,Song,60.05,5.61,-26.79,f,,Michelle Knaggs,11,,
PC,10,WLNP-2-6,854,,-113.969614,49.089249,,,85248,2018-06-19 05:18:00,17686,Transcribed,180s,1SPM,SWTH,Swainson's Thrush,CATHARUS USTULATUS,1,123901,1,Song,0.03,0.69,-33.69,f,,Michelle Knaggs,11,,
PC,10,WLNP-2-6,854,,-113.969614,49.089249,,,85248,2018-06-19 05:18:00,17686,Transcribed,180s,1SPM,AMRO,American Robin,TURDUS MIGRATORIUS,1,123926,1,Song,123.21,1.68,-28.15,f,,Michelle Knaggs,11,,
PC,10,WLNP-2-6,854,,-113.969614,49.089249,,,85248,2018-06-19 05:18:00,17686,Transcribed,180s,1SPM,HEWI,Heavy wind,"",1,123937,1,Song,0.05,5.58,-29.75,f,,Michelle Knaggs,11,,
PC,10,WLNP-2-6,854,,-113.969614,49.089249,,,85248,2018-06-19 05:18:00,17686,Transcribed,180s,1SPM,AMRO,American Robin,TURDUS MIGRATORIUS,1,123916,1,Song,60.00,0.53,-32.12,f,,Michelle Knaggs,11,,
PC,10,WLNP-2-6,854,,-113.969614,49.089249,,,85248,2018-06-19 05:18:00,17686,Transcribed,180s,1SPM,DEJU,Dark-eyed Junco,JUNCO HYEMALIS,1,123921,1,Song,79.16,1.49,-45.98,f,,Michelle Knaggs,11,,
PC,10,WLNP-2-6,854,,-113.969614,49.089249,,,85248,2018-06-19 05:18:00,17686,Transcribed,180s,1SPM,DEJU,Dark-eyed Junco,JUNCO HYEMALIS,1,123908,1,Song,1.05,2.01,-41.11,f,,Michelle Knaggs,11,,
PC,10,WLNP-2-6,854,,-113.969614,49.089249,,,85248,2018-06-19 05:18:00,17686,Transcribed,180s,1SPM,AMRO,American Robin,TURDUS MIGRATORIUS,1,123911,1,Song,15.09,1.86,-26.61,f,,Michelle Knaggs,11,,
PC,10,WLNP-2-6,854,,-113.969614,49.089249,,,7019,2018-06-20 04:48:00,9886,Bad Weather,180s,1SPM,NONE,NONE,"",,,,,,,,,,Alex MacPhail,15,,
PC,10,WLNP-2-6,854,,-113.969614,49.089249,,,90871,2018-06-20 05:18:00,20899,Transcribed,180s,1SPM,PISI,Pine Siskin,SPINUS PINUS,1,178459,1,Call,144.31,0.35,-43.98,f,,Michelle Knaggs,11,,
PC,10,WLNP-2-6,854,,-113.969614,49.089249,,,90871,2018-06-20 05:18:00,20899,Transcribed,180s,1SPM,HOWR,House Wren,TROGLODYTES AEDON,1,178444,1,Song,19.21,1.64,-45.29,f,,Michelle Knaggs,11,,
PC,10,WLNP-2-6,854,,-113.969614,49.089249,,,90871,2018-06-20 05:18:00,20899,Transcribed,180s,1SPM,HOWR,House Wren,TROGLODYTES AEDON,1,178451,1,Song,60.54,1.20,-41.36,f,,Michelle Knaggs,11,,
PC,10,WLNP-2-6,854,,-113.969614,49.089249,,,90871,2018-06-20 05:18:00,20899,Transcribed,180s,1SPM,YRWA,Yellow-rumped Warbler,SETOPHAGA CORONATA,1,178445,1,Song,22.45,1.18,-49.35,f,,Michelle Knaggs,11,,
PC,10,WLNP-2-6,854,,-113.969614,49.089249,,,90871,2018-06-20 05:18:00,20899,Transcribed,180s,1SPM,CHSP,Chipping Sparrow,SPIZELLA PASSERINA,1,178454,1,Song,122.18,2.61,-47.68,f,,Michelle Knaggs,11,,
PC,10,WLNP-2-6,854,,-113.969614,49.089249,,,90871,2018-06-20 05:18:00,20899,Transcribed,180s,1SPM,WETA,Western Tanager,PIRANGA LUDOVICIANA,1,178443,1,Song,3.11,0.48,-44.14,f,,Michelle Knaggs,11,,
PC,10,WLNP-2-6,854,,-113.969614,49.089249,,,90871,2018-06-20 05:18:00,20899,Transcribed,180s,1SPM,WETA,Western Tanager,PIRANGA LUDOVICIANA,1,178450,1,Song,60.34,0.55,-41.22,f,,Michelle Knaggs,11,,
PC,10,WLNP-2-6,854,,-113.969614,49.089249,,,90871,2018-06-20 05:18:00,20899,Transcribed,180s,1SPM,WETA,Western Tanager,PIRANGA LUDOVICIANA,1,178457,1,Song,137.75,1.05,-43.73,f,,Michelle Knaggs,11,,
PC,10,WLNP-2-6,854,,-113.969614,49.089249,,,90871,2018-06-20 05:18:00,20899,Transcribed,180s,1SPM,HEWI,Heavy wind,"",1,178452,1,Song,60.04,2.84,-33.9,f,,Michelle Knaggs,11,,
PC,10,WLNP-2-6,854,,-113.969614,49.089249,,,90871,2018-06-20 05:18:00,20899,Transcribed,180s,1SPM,HEWI,Heavy wind,"",1,178455,1,Song,120.05,2.94,-39.07,f,,Michelle Knaggs,11,,
PC,10,WLNP-2-6,854,,-113.969614,49.089249,,,90871,2018-06-20 05:18:00,20899,Transcribed,180s,1SPM,HEWI,Heavy wind,"",1,178442,1,Song,0.30,2.79,-39.87,f,,Michelle Knaggs,11,,
PC,10,WLNP-2-6,854,,-113.969614,49.089249,,,90871,2018-06-20 05:18:00,20899,Transcribed,180s,1SPM,CHSP,Chipping Sparrow,SPIZELLA PASSERINA,1,178449,1,Song,60.05,2.81,-34.75,f,,Michelle Knaggs,11,,
PC,10,WLNP-2-6,854,,-113.969614,49.089249,,,90871,2018-06-20 05:18:00,20899,Transcribed,180s,1SPM,HOWR,House Wren,TROGLODYTES AEDON,1,178453,1,Song,122.30,0.99,-43.56,f,,Michelle Knaggs,11,,
PC,10,WLNP-2-6,854,,-113.969614,49.089249,,,90871,2018-06-20 05:18:00,20899,Transcribed,180s,1SPM,PISI,Pine Siskin,SPINUS PINUS,1,178441,1,Call,0.86,0.36,-46.71,f,,Michelle Knaggs,11,,
PC,10,WLNP-2-6,854,,-113.969614,49.089249,,,90871,2018-06-20 05:18:00,20899,Transcribed,180s,1SPM,CHSP,Chipping Sparrow,SPIZELLA PASSERINA,1,178447,1,Song,44.58,3.74,-35.6,f,,Michelle Knaggs,11,,
PC,10,WLNP-2-6,854,,-113.969614,49.089249,,,6953,2018-06-21 04:48:00,9956,Transcribed,180s,1SPM,UNWA,Unidentified Warbler,"",1,49698,1,Song,15.90,1.80,-49.32,f,,Dan Burgin,19,,"Difficult to discern calls due to high static, could maybe be by a river but noise smothers calls"
PC,10,WLNP-2-6,854,,-113.969614,49.089249,,,6953,2018-06-21 04:48:00,9956,Transcribed,180s,1SPM,UNWA,Unidentified Warbler,"",1,49700,1,Song,60.18,1.29,-48.74,f,,Dan Burgin,19,,"Difficult to discern calls due to high static, could maybe be by a river but noise smothers calls"
PC,10,WLNP-2-6,854,,-113.969614,49.089249,,,6953,2018-06-21 04:48:00,9956,Transcribed,180s,1SPM,UNTR,Unidentified Trill,"",1,49697,1,Song,3.09,1.45,-50.45,f,,Dan Burgin,19,,"Difficult to discern calls due to high static, could maybe be by a river but noise smothers calls"
PC,10,WLNP-2-6,854,,-113.969614,49.089249,,,6953,2018-06-21 04:48:00,9956,Transcribed,180s,1SPM,UNTR,Unidentified Trill,"",1,49704,1,Song,122.33,1.33,-52.66,f,,Dan Burgin,19,,"Difficult to discern calls due to high static, could maybe be by a river but noise smothers calls"
PC,10,WLNP-2-6,854,,-113.969614,49.089249,,,6953,2018-06-21 04:48:00,9956,Transcribed,180s,1SPM,WETA,Western Tanager,PIRANGA LUDOVICIANA,2,49701,1,Song,62.16,6.33,-47.35,f,,Dan Burgin,19,,"Difficult to discern calls due to high static, could maybe be by a river but noise smothers calls"
PC,10,WLNP-2-6,854,,-113.969614,49.089249,,,6953,2018-06-21 04:48:00,9956,Transcribed,180s,1SPM,AMRO,American Robin,TURDUS MIGRATORIUS,1,49702,1,Song,120.88,5.78,-44.32,f,,Dan Burgin,19,,"Difficult to discern calls due to high static, could maybe be by a river but noise smothers calls"
PC,10,WLNP-2-6,854,,-113.969614,49.089249,,,6953,2018-06-21 04:48:00,9956,Transcribed,180s,1SPM,WETA,Western Tanager,PIRANGA LUDOVICIANA,1,49696,1,Song,0.13,5.03,-45.47,f,,Dan Burgin,19,,"Difficult to discern calls due to high static, could maybe be by a river but noise smothers calls"
PC,10,WLNP-2-6,854,,-113.969614,49.089249,,,6953,2018-06-21 04:48:00,9956,Transcribed,180s,1SPM,WETA,Western Tanager,PIRANGA LUDOVICIANA,1,49703,1,Song,120.95,8.24,-46.72,f,,Dan Burgin,19,,"Difficult to discern calls due to high static, could maybe be by a river but noise smothers calls"
PC,10,WLNP-2-6,854,,-113.969614,49.089249,,,6953,2018-06-21 04:48:00,9956,Transcribed,180s,1SPM,UNWA,Unidentified Warbler,"",1,49705,1,Song,149.88,1.39,-47.52,f,,Dan Burgin,19,,"Difficult to discern calls due to high static, could maybe be by a river but noise smothers calls"
PC,10,WLNP-2-6,854,,-113.969614,49.089249,,,6953,2018-06-21 04:48:00,9956,Transcribed,180s,1SPM,WETA,Western Tanager,PIRANGA LUDOVICIANA,1,49699,1,Song,60.84,7.08,-47.07,f,,Dan Burgin,19,,"Difficult to discern calls due to high static, could maybe be by a river but noise smothers calls"
PC,10,WLNP-2-6,854,,-113.969614,49.089249,,,6973,2018-06-23 04:49:00,9976,Transcribed,180s,1SPM,AMRO,American Robin,TURDUS MIGRATORIUS,1,44813,1,Song,120.15,3.96,-44.9,f,,Kevan Cowcill,20,,
PC,10,WLNP-2-6,854,,-113.969614,49.089249,,,6973,2018-06-23 04:49:00,9976,Transcribed,180s,1SPM,SWTH,Swainson's Thrush,CATHARUS USTULATUS,1,44814,1,Song,125.54,2.15,-45.53,f,,Kevan Cowcill,20,,
PC,10,WLNP-2-6,854,,-113.969614,49.089249,,,6973,2018-06-23 04:49:00,9976,Transcribed,180s,1SPM,SWTH,Swainson's Thrush,CATHARUS USTULATUS,1,44810,1,Song,71.28,1.35,-43.94,f,,Kevan Cowcill,20,,
PC,10,WLNP-2-6,854,,-113.969614,49.089249,,,6973,2018-06-23 04:49:00,9976,Transcribed,180s,1SPM,SWTH,Swainson's Thrush,CATHARUS USTULATUS,1,44804,1,Song,0.06,1.55,-43.49,f,,Kevan Cowcill,20,,
PC,10,WLNP-2-6,854,,-113.969614,49.089249,,,6973,2018-06-23 04:49:00,9976,Transcribed,180s,1SPM,AMRO,American Robin,TURDUS MIGRATORIUS,1,44809,1,Song,60.10,4.56,-41.54,f,,Kevan Cowcill,20,,
PC,10,WLNP-2-6,854,,-113.969614,49.089249,,,6973,2018-06-23 04:49:00,9976,Transcribed,180s,1SPM,AMRO,American Robin,TURDUS MIGRATORIUS,1,44805,1,Song,7.11,3.16,-40.98,f,,Kevan Cowcill,20,,
PC,10,WLNP-2-6,854,,-113.969614,49.089249,,,6973,2018-06-23 04:49:00,9976,Transcribed,180s,1SPM,UNTR,Unidentified Trill,"",1,44815,1,Song,129.36,1.80,-50.23,f,,Kevan Cowcill,20,,
PC,10,WLNP-2-6,854,,-113.969614,49.089249,,,6973,2018-06-23 04:49:00,9976,Transcribed,180s,1SPM,UNKN,Unidentified signal,"",1,44807,1,Call,21.58,2.28,-50.76,f,,Kevan Cowcill,20,might be a shorebird confidence:Unknown far,
PC,10,WLNP-2-6,854,,-113.969614,49.089249,,,6973,2018-06-23 04:49:00,9976,Transcribed,180s,1SPM,LIWI,Light wind,"",1,44811,1,Non-vocal,87.89,3.54,-33.5,f,,Kevan Cowcill,20,,
PC,10,WLNP-2-6,854,,-113.969614,49.089249,,,6973,2018-06-23 04:49:00,9976,Transcribed,180s,1SPM,MOBA,Moderate Background Noise,"",1,44803,1,Non-vocal,0.14,5.14,-30.54,f,,Kevan Cowcill,20,,
PC,10,WLNP-2-6,854,,-113.969614,49.089249,,,6973,2018-06-23 04:49:00,9976,Transcribed,180s,1SPM,MOBA,Moderate Background Noise,"",1,44812,1,Non-vocal,120.15,4.36,-37.78,f,,Kevan Cowcill,20,,
PC,10,WLNP-2-6,854,,-113.969614,49.089249,,,6973,2018-06-23 04:49:00,9976,Transcribed,180s,1SPM,MOBA,Moderate Background Noise,"",1,44808,1,Non-vocal,60.16,4.71,-40.07,f,,Kevan Cowcill,20,,
PC,10,WLNP-3-1,855,,-113.896938,49.132933,,,7020,2018-06-14 05:00:00,9887,Transcribed,180s,1SPM,WCSP,White-crowned Sparrow,ZONOTRICHIA LEUCOPHRYS,1,40842,1,Song,9.45,2.24,-44.55,f,,Alex MacPhail,15,,
PC,10,WLNP-3-1,855,,-113.896938,49.132933,,,7020,2018-06-14 05:00:00,9887,Transcribed,180s,1SPM,WIFL,Willow Flycatcher,EMPIDONAX TRAILLII,1,40866,1,Song,117.51,0.60,-60.77,f,,Alex MacPhail,15,,
PC,10,WLNP-3-1,855,,-113.896938,49.132933,,,7020,2018-06-14 05:00:00,9887,Transcribed,180s,1SPM,HOWR,House Wren,TROGLODYTES AEDON,1,40829,1,Song,0.45,1.74,-45.06,f,,Alex MacPhail,15,,
PC,10,WLNP-3-1,855,,-113.896938,49.132933,,,7020,2018-06-14 05:00:00,9887,Transcribed,180s,1SPM,HOWR,House Wren,TROGLODYTES AEDON,1,40861,1,Song,121.06,1.95,-39.13,f,,Alex MacPhail,15,,
PC,10,WLNP-3-1,855,,-113.896938,49.132933,,,7020,2018-06-14 05:00:00,9887,Transcribed,180s,1SPM,HOWR,House Wren,TROGLODYTES AEDON,1,40854,1,Song,63.50,1.40,-46.83,f,,Alex MacPhail,15,,
PC,10,WLNP-3-1,855,,-113.896938,49.132933,,,7020,2018-06-14 05:00:00,9887,Transcribed,180s,1SPM,HOWR,House Wren,TROGLODYTES AEDON,2,40880,1,Song,162.34,2.56,-50.21,f,,Alex MacPhail,15,,
PC,10,WLNP-3-1,855,,-113.896938,49.132933,,,7020,2018-06-14 05:00:00,9887,Transcribed,180s,1SPM,DEJU,Dark-eyed Junco,JUNCO HYEMALIS,1,40830,1,Song,6.78,1.98,-39.97,f,,Alex MacPhail,15,,
PC,10,WLNP-3-1,855,,-113.896938,49.132933,,,7020,2018-06-14 05:00:00,9887,Transcribed,180s,1SPM,DEJU,Dark-eyed Junco,JUNCO HYEMALIS,1,40863,1,Song,123.69,2.05,-52.35,f,,Alex MacPhail,15,,
PC,10,WLNP-3-1,855,,-113.896938,49.132933,,,7020,2018-06-14 05:00:00,9887,Transcribed,180s,1SPM,DEJU,Dark-eyed Junco,JUNCO HYEMALIS,1,40852,1,Song,60.21,1.96,-48.95,f,,Alex MacPhail,15,,
PC,10,WLNP-3-1,855,,-113.896938,49.132933,,,7020,2018-06-14 05:00:00,9887,Transcribed,180s,1SPM,AMRO,American Robin,TURDUS MIGRATORIUS,1,40832,1,Song,1.48,2.74,-52.48,f,,Alex MacPhail,15,,
PC,10,WLNP-3-1,855,,-113.896938,49.132933,,,7020,2018-06-14 05:00:00,9887,Transcribed,180s,1SPM,WEWP,Western Wood-Pewee,CONTOPUS SORDIDULUS,1,40859,1,Song,98.70,0.99,-56.74,f,,Alex MacPhail,15,,
PC,10,WLNP-3-1,855,,-113.896938,49.132933,,,7020,2018-06-14 05:00:00,9887,Transcribed,180s,1SPM,WCSP,White-crowned Sparrow,ZONOTRICHIA LEUCOPHRYS,1,40869,1,Song,127.26,1.36,-52.77,f,,Alex MacPhail,15,,
PC,10,WLNP-3-1,855,,-113.896938,49.132933,,,7020,2018-06-14 05:00:00,9887,Transcribed,180s,1SPM,AMRO,American Robin,TURDUS MIGRATORIUS,1,40868,1,Song,123.81,2.39,-44.92,f,,Alex MacPhail,15,,
PC,10,WLNP-3-1,855,,-113.896938,49.132933,,,7020,2018-06-14 05:00:00,9887,Transcribed,180s,1SPM,AMRO,American Robin,TURDUS MIGRATORIUS,1,40856,1,Song,77.89,2.35,-50.48,f,,Alex MacPhail,15,,
PC,10,WLNP-3-1,855,,-113.896938,49.132933,,,7020,2018-06-14 05:00:00,9887,Transcribed,180s,1SPM,MOWI,Moderate wind,"",1,40865,1,Song,124.88,4.38,-39.07,f,,Alex MacPhail,15,,
PC,10,WLNP-3-1,855,,-113.896938,49.132933,,,7020,2018-06-14 05:00:00,9887,Transcribed,180s,1SPM,SWTH,Swainson's Thrush,CATHARUS USTULATUS,1,40878,1,Song,120.83,2.21,-39.04,f,,Alex MacPhail,15,,
PC,10,WLNP-3-1,855,,-113.896938,49.132933,,,7020,2018-06-14 05:00:00,9887,Transcribed,180s,1SPM,SWTH,Swainson's Thrush,CATHARUS USTULATUS,1,40828,1,Song,0.03,1.79,-45.05,f,,Alex MacPhail,15,,
PC,10,WLNP-3-1,855,,-113.896938,49.132933,,,7020,2018-06-14 05:00:00,9887,Transcribed,180s,1SPM,SWTH,Swainson's Thrush,CATHARUS USTULATUS,1,40853,1,Song,60.54,1.78,-42.64,f,,Alex MacPhail,15,,
PC,10,WLNP-3-1,855,,-113.896938,49.132933,,,7020,2018-06-14 05:00:00,9887,Transcribed,180s,1SPM,WCSP,White-crowned Sparrow,ZONOTRICHIA LEUCOPHRYS,2,40847,1,Song,39.13,0.98,-55.02,f,,Alex MacPhail,15,check confidence:To Be Checked,
PC,10,WLNP-3-1,855,,-113.896938,49.132933,,,7020,2018-06-14 05:00:00,9887,Transcribed,180s,1SPM,WCSP,White-crowned Sparrow,ZONOTRICHIA LEUCOPHRYS,2,40858,1,Song,93.89,1.24,-52.69,f,,Alex MacPhail,15,check confidence:To Be Checked,
PC,10,WLNP-3-1,855,,-113.896938,49.132933,,,7020,2018-06-14 05:00:00,9887,Transcribed,180s,1SPM,LIWI,Light wind,"",1,40864,1,Song,120.04,4.96,-48.35,f,,Alex MacPhail,15,,
PC,10,WLNP-3-1,855,,-113.896938,49.132933,,,7020,2018-06-14 05:00:00,9887,Transcribed,180s,1SPM,LIWI,Light wind,"",1,40822,1,Song,0.19,4.96,-36.34,f,,Alex MacPhail,15,,
PC,10,WLNP-3-1,855,,-113.896938,49.132933,,,7020,2018-06-14 05:00:00,9887,Transcribed,180s,1SPM,LIWI,Light wind,"",1,40862,1,Song,105.88,6.38,-37.66,f,,Alex MacPhail,15,,
PC,10,WLNP-3-1,855,,-113.896938,49.132933,,,7020,2018-06-14 05:00:00,9887,Transcribed,180s,1SPM,HAFL,Hammond's Flycatcher,EMPIDONAX HAMMONDII,1,40870,1,Song,132.29,2.23,-48.27,f,,Alex MacPhail,15,Sings before this?,
PC,10,WLNP-3-1,855,,-113.896938,49.132933,,,7020,2018-06-14 05:00:00,9887,Transcribed,180s,1SPM,WCSP,White-crowned Sparrow,ZONOTRICHIA LEUCOPHRYS,1,40857,1,Song,89.20,1.24,-54.35,f,,Alex MacPhail,15,,
PC,10,WLNP-3-1,855,,-113.896938,49.132933,,,7020,2018-06-14 05:00:00,9887,Transcribed,180s,1SPM,HAFL,Hammond's Flycatcher,EMPIDONAX HAMMONDII,1,40855,1,Song,71.61,0.60,-55.55,f,,Alex MacPhail,15,Sings before this?,
PC,10,WLNP-3-1,855,,-113.896938,49.132933,,,7020,2018-06-14 05:00:00,9887,Transcribed,180s,1SPM,OSFL,Olive-sided Flycatcher,CONTOPUS COOPERI,1,40860,1,Song,122.76,0.99,-52.5,f,,Alex MacPhail,15,,
PC,10,WLNP-3-1,855,,-113.896938,49.132933,,,7020,2018-06-14 05:00:00,9887,Transcribed,180s,1SPM,HEWI,Heavy wind,"",1,40849,1,Song,61.01,4.16,-20.68,f,,Alex MacPhail,15,,
PC,10,WLNP-3-1,855,,-113.896938,49.132933,,,7020,2018-06-14 05:00:00,9887,Transcribed,180s,1SPM,HEWI,Heavy wind,"",1,40848,1,Song,40.79,4.01,-24.4,f,,Alex MacPhail,15,,
PC,10,WLNP-3-1,855,,-113.896938,49.132933,,,7020,2018-06-14 05:00:00,9887,Transcribed,180s,1SPM,MOWI,Moderate wind,"",1,40850,1,Song,60.13,0.83,-36.86,f,,Alex MacPhail,15,,
PC,10,WLNP-3-1,855,,-113.896938,49.132933,,,7020,2018-06-14 05:00:00,9887,Transcribed,180s,1SPM,MOWI,Moderate wind,"",1,40843,1,Song,19.09,8.11,-29.47,f,,Alex MacPhail,15,,
PC,10,WLNP-3-1,855,,-113.896938,49.132933,,,6978,2018-06-16 05:00:00,9981,Transcribed,180s,1SPM,WCSP,White-crowned Sparrow,ZONOTRICHIA LEUCOPHRYS,2,48812,1,Song,63.63,2.00,-39.1,f,,Laurel McDonald,42,,
PC,10,WLNP-3-1,855,,-113.896938,49.132933,,,6978,2018-06-16 05:00:00,9981,Transcribed,180s,1SPM,MORA,Moderate rain,"",1,48813,1,Song,60.05,3.99,-35.14,f,,Laurel McDonald,42,,
PC,10,WLNP-3-1,855,,-113.896938,49.132933,,,6978,2018-06-16 05:00:00,9981,Transcribed,180s,1SPM,WCSP,White-crowned Sparrow,ZONOTRICHIA LEUCOPHRYS,2,48808,1,Song,4.80,2.53,-39.73,f,,Laurel McDonald,42,,
PC,10,WLNP-3-1,855,,-113.896938,49.132933,,,6978,2018-06-16 05:00:00,9981,Transcribed,180s,1SPM,SWTH,Swainson's Thrush,CATHARUS USTULATUS,1,48807,1,Song,0.03,0.43,-40.32,f,,Laurel McDonald,42,,
PC,10,WLNP-3-1,855,,-113.896938,49.132933,,,6978,2018-06-16 05:00:00,9981,Transcribed,180s,1SPM,SWTH,Swainson's Thrush,CATHARUS USTULATUS,1,48811,1,Song,60.96,1.30,-36.39,f,,Laurel McDonald,42,,
PC,10,WLNP-3-1,855,,-113.896938,49.132933,,,6978,2018-06-16 05:00:00,9981,Transcribed,180s,1SPM,SWTH,Swainson's Thrush,CATHARUS USTULATUS,1,48814,1,S-C,120.68,0.99,-38.82,f,,Laurel McDonald,42,,
PC,10,WLNP-3-1,855,,-113.896938,49.132933,,,6978,2018-06-16 05:00:00,9981,Transcribed,180s,1SPM,MORA,Moderate rain,"",1,48818,1,Song,120.03,4.00,,f,,Laurel McDonald,42,,
PC,10,WLNP-3-1,855,,-113.896938,49.132933,,,6978,2018-06-16 05:00:00,9981,Transcribed,180s,1SPM,MORA,Moderate rain,"",1,48805,1,Song,0.08,3.94,-33.26,f,,Laurel McDonald,42,,
PC,10,WLNP-3-1,855,,-113.896938,49.132933,,,6978,2018-06-16 05:00:00,9981,Transcribed,180s,1SPM,WCSP,White-crowned Sparrow,ZONOTRICHIA LEUCOPHRYS,1,48806,1,Song,1.24,2.28,-38.24,f,,Laurel McDonald,42,,
PC,10,WLNP-3-1,855,,-113.896938,49.132933,,,6978,2018-06-16 05:00:00,9981,Transcribed,180s,1SPM,WCSP,White-crowned Sparrow,ZONOTRICHIA LEUCOPHRYS,1,48809,1,Song,60.05,0.39,-43.32,f,,Laurel McDonald,42,,
PC,10,WLNP-3-1,855,,-113.896938,49.132933,,,6978,2018-06-16 05:00:00,9981,Transcribed,180s,1SPM,WCSP,White-crowned Sparrow,ZONOTRICHIA LEUCOPHRYS,1,48817,1,Song,132.40,1.65,-43.52,f,,Laurel McDonald,42,,
PC,10,WLNP-3-1,855,,-113.896938,49.132933,,,6978,2018-06-16 05:00:00,9981,Transcribed,180s,1SPM,WCSP,White-crowned Sparrow,ZONOTRICHIA LEUCOPHRYS,2,48816,1,Song,120.66,1.90,-39.18,f,,Laurel McDonald,42,,
PC,10,WLNP-3-1,855,,-113.896938,49.132933,,,6954,2018-06-17 05:00:00,9957,Transcribed,180s,1SPM,SWTH,Swainson's Thrush,CATHARUS USTULATUS,1,49719,1,Song,120.09,1.74,-29.05,f,,Dan Burgin,19,,
PC,10,WLNP-3-1,855,,-113.896938,49.132933,,,6954,2018-06-17 05:00:00,9957,Transcribed,180s,1SPM,DEJU,Dark-eyed Junco,JUNCO HYEMALIS,1,49708,1,Song,0.53,1.71,-49.44,f,,Dan Burgin,19,Trill,
PC,10,WLNP-3-1,855,,-113.896938,49.132933,,,6954,2018-06-17 05:00:00,9957,Transcribed,180s,1SPM,DEJU,Dark-eyed Junco,JUNCO HYEMALIS,1,49713,1,Song,67.29,1.79,-35.94,f,,Dan Burgin,19,Trill,
PC,10,WLNP-3-1,855,,-113.896938,49.132933,,,6954,2018-06-17 05:00:00,9957,Transcribed,180s,1SPM,HOWR,House Wren,TROGLODYTES AEDON,3,49735,1,Song,149.50,2.38,-38.88,f,,Dan Burgin,19,,
PC,10,WLNP-3-1,855,,-113.896938,49.132933,,,6954,2018-06-17 05:00:00,9957,Transcribed,180s,1SPM,HOWR,House Wren,TROGLODYTES AEDON,2,49730,1,Song,16.15,4.66,-37.02,f,,Dan Burgin,19,,
PC,10,WLNP-3-1,855,,-113.896938,49.132933,,,6954,2018-06-17 05:00:00,9957,Transcribed,180s,1SPM,HOWR,House Wren,TROGLODYTES AEDON,2,49721,1,Song,122.49,1.54,-45.31,f,,Dan Burgin,19,,
PC,10,WLNP-3-1,855,,-113.896938,49.132933,,,6954,2018-06-17 05:00:00,9957,Transcribed,180s,1SPM,HOWR,House Wren,TROGLODYTES AEDON,2,49732,1,Song,62.80,3.20,-34.7,f,,Dan Burgin,19,,
PC,10,WLNP-3-1,855,,-113.896938,49.132933,,,6954,2018-06-17 05:00:00,9957,Transcribed,180s,1SPM,HOWR,House Wren,TROGLODYTES AEDON,1,49709,1,Song,11.29,1.96,-40.65,f,,Dan Burgin,19,,
PC,10,WLNP-3-1,855,,-113.896938,49.132933,,,6954,2018-06-17 05:00:00,9957,Transcribed,180s,1SPM,MOBL,Mountain Bluebird,SIALIA CURRUCOIDES,2,49724,1,Song,128.05,4.89,-42.99,f,,Dan Burgin,19,,
PC,10,WLNP-3-1,855,,-113.896938,49.132933,,,6954,2018-06-17 05:00:00,9957,Transcribed,180s,1SPM,MOBL,Mountain Bluebird,SIALIA CURRUCOIDES,2,49712,1,Song,61.93,3.45,-47.46,f,,Dan Burgin,19,,
PC,10,WLNP-3-1,855,,-113.896938,49.132933,,,6954,2018-06-17 05:00:00,9957,Transcribed,180s,1SPM,MOBL,Mountain Bluebird,SIALIA CURRUCOIDES,1,49707,1,Song,0.71,4.31,-33.59,f,,Dan Burgin,19,,
PC,10,WLNP-3-1,855,,-113.896938,49.132933,,,6954,2018-06-17 05:00:00,9957,Transcribed,180s,1SPM,DUFL,Dusky Flycatcher,EMPIDONAX OBERHOLSERI,1,49734,1,Song,100.65,1.18,-47.06,f,,Dan Burgin,19,,
PC,10,WLNP-3-1,855,,-113.896938,49.132933,,,6954,2018-06-17 05:00:00,9957,Transcribed,180s,1SPM,DUFL,Dusky Flycatcher,EMPIDONAX OBERHOLSERI,1,49728,1,Song,0.04,2.86,-49.11,f,,Dan Burgin,19,,
PC,10,WLNP-3-1,855,,-113.896938,49.132933,,,6954,2018-06-17 05:00:00,9957,Transcribed,180s,1SPM,DUFL,Dusky Flycatcher,EMPIDONAX OBERHOLSERI,1,49725,1,Song,139.98,2.68,-47.26,f,,Dan Burgin,19,,
PC,10,WLNP-3-1,855,,-113.896938,49.132933,,,6954,2018-06-17 05:00:00,9957,Transcribed,180s,1SPM,SWTH,Swainson's Thrush,CATHARUS USTULATUS,2,49731,1,Song,41.13,0.93,-39.19,f,,Dan Burgin,19,,
PC,10,WLNP-3-1,855,,-113.896938,49.132933,,,6954,2018-06-17 05:00:00,9957,Transcribed,180s,1SPM,SWTH,Swainson's Thrush,CATHARUS USTULATUS,2,49723,1,Song,127.71,1.16,-35.28,f,,Dan Burgin,19,,
PC,10,WLNP-3-1,855,,-113.896938,49.132933,,,6954,2018-06-17 05:00:00,9957,Transcribed,180s,1SPM,SWTH,Swainson's Thrush,CATHARUS USTULATUS,2,49716,1,Song,68.11,1.43,-34.38,f,,Dan Burgin,19,,
PC,10,WLNP-3-1,855,,-113.896938,49.132933,,,6954,2018-06-17 05:00:00,9957,Transcribed,180s,1SPM,SWTH,Swainson's Thrush,CATHARUS USTULATUS,1,49711,1,Song,60.13,1.58,-28.44,f,,Dan Burgin,19,,
PC,10,WLNP-3-1,855,,-113.896938,49.132933,,,6954,2018-06-17 05:00:00,9957,Transcribed,180s,1SPM,SWTH,Swainson's Thrush,CATHARUS USTULATUS,1,49706,1,Song,2.98,1.39,-30.49,f,,Dan Burgin,19,,
PC,10,WLNP-3-1,855,,-113.896938,49.132933,,,6954,2018-06-17 05:00:00,9957,Transcribed,180s,1SPM,WCSP,White-crowned Sparrow,ZONOTRICHIA LEUCOPHRYS,2,49733,1,Song,90.70,2.09,-38.59,f,,Dan Burgin,19,,
PC,10,WLNP-3-1,855,,-113.896938,49.132933,,,6954,2018-06-17 05:00:00,9957,Transcribed,180s,1SPM,WCSP,White-crowned Sparrow,ZONOTRICHIA LEUCOPHRYS,2,49726,1,Song,153.86,1.09,-55.5,f,,Dan Burgin,19,,
PC,10,WLNP-3-1,855,,-113.896938,49.132933,,,6954,2018-06-17 05:00:00,9957,Transcribed,180s,1SPM,WCSP,White-crowned Sparrow,ZONOTRICHIA LEUCOPHRYS,1,49715,1,Song,67.89,2.74,-34.76,f,,Dan Burgin,19,,
PC,10,WLNP-3-1,855,,-113.896938,49.132933,,,6954,2018-06-17 05:00:00,9957,Transcribed,180s,1SPM,WCSP,White-crowned Sparrow,ZONOTRICHIA LEUCOPHRYS,1,49710,1,Song,9.36,2.44,-37.97,f,,Dan Burgin,19,,
PC,10,WLNP-3-1,855,,-113.896938,49.132933,,,6954,2018-06-17 05:00:00,9957,Transcribed,180s,1SPM,WCSP,White-crowned Sparrow,ZONOTRICHIA LEUCOPHRYS,1,49720,1,Song,120.09,0.75,-30.13,f,,Dan Burgin,19,,
PC,10,WLNP-3-1,855,,-113.896938,49.132933,,,6954,2018-06-17 05:00:00,9957,Transcribed,180s,1SPM,AMRO,American Robin,TURDUS MIGRATORIUS,1,49729,1,Song,7.23,1.39,-52.16,f,,Dan Burgin,19,Distant,
PC,10,WLNP-3-1,855,,-113.896938,49.132933,,,6954,2018-06-17 05:00:00,9957,Transcribed,180s,1SPM,DEJU,Dark-eyed Junco,JUNCO HYEMALIS,1,49722,1,Song,126.49,1.90,-43.78,f,,Dan Burgin,19,Trill,
PC,10,WLNP-3-1,855,,-113.896938,49.132933,,,7048,2018-06-26 04:00:00,9915,Transcribed,180s,1SPM,HENO,Heavy continuous industrial noise,"",1,40906,1,Song,0.15,4.71,-28.29,f,,Christopher Moser-Purdy,37,,No biotic sounds
PC,10,WLNP-3-1,855,,-113.896938,49.132933,,,7048,2018-06-26 04:00:00,9915,Transcribed,180s,1SPM,HENO,Heavy continuous industrial noise,"",1,40909,1,Song,60.01,4.90,-38.64,f,,Christopher Moser-Purdy,37,,No biotic sounds
PC,10,WLNP-3-1,855,,-113.896938,49.132933,,,7048,2018-06-26 04:00:00,9915,Transcribed,180s,1SPM,HENO,Heavy continuous industrial noise,"",1,40911,1,Song,120.04,4.73,-32.91,f,,Christopher Moser-Purdy,37,,No biotic sounds
PC,10,WLNP-4-1,856,,-113.893891,49.087674,,,7059,2018-06-10 05:19:00,9926,Bad Weather,180s,1SPM,NONE,NONE,"",,,,,,,,,,Christopher Wagner,39,,
PC,10,WLNP-4-1,856,,-113.893891,49.087674,,,85249,2018-06-11 04:48:00,17687,Transcribed,180s,1SPM,LISP,Lincoln's Sparrow,MELOSPIZA LINCOLNII,1,124199,1,Song,149.28,1.79,-54.27,f,,Michelle Knaggs,11,,
PC,10,WLNP-4-1,856,,-113.893891,49.087674,,,85249,2018-06-11 04:48:00,17687,Transcribed,180s,1SPM,MGWA,MacGillivray's Warbler,GEOTHLYPIS TOLMIEI,1,124129,1,Song,65.68,1.35,-62.58,f,,Michelle Knaggs,11,,
PC,10,WLNP-4-1,856,,-113.893891,49.087674,,,85249,2018-06-11 04:48:00,17687,Transcribed,180s,1SPM,MGWA,MacGillivray's Warbler,GEOTHLYPIS TOLMIEI,1,124124,1,Song,2.46,0.88,-64.81,f,,Michelle Knaggs,11,,
PC,10,WLNP-4-1,856,,-113.893891,49.087674,,,85249,2018-06-11 04:48:00,17687,Transcribed,180s,1SPM,MGWA,MacGillivray's Warbler,GEOTHLYPIS TOLMIEI,1,124140,1,Song,130.06,0.88,-56.72,f,,Michelle Knaggs,11,,
PC,10,WLNP-4-1,856,,-113.893891,49.087674,,,85249,2018-06-11 04:48:00,17687,Transcribed,180s,1SPM,HEWI,Heavy wind,"",1,124206,1,Song,36.76,5.26,-10.48,f,,Michelle Knaggs,11,,
PC,10,WLNP-4-1,856,,-113.893891,49.087674,,,85249,2018-06-11 04:48:00,17687,Transcribed,180s,1SPM,HEWI,Heavy wind,"",1,124211,1,Song,120.03,5.73,-22.15,f,,Michelle Knaggs,11,,
PC,10,WLNP-4-1,856,,-113.893891,49.087674,,,85249,2018-06-11 04:48:00,17687,Transcribed,180s,1SPM,HEWI,Heavy wind,"",1,124208,1,Song,60.09,5.63,-20.17,f,,Michelle Knaggs,11,,
PC,10,WLNP-4-1,856,,-113.893891,49.087674,,,85249,2018-06-11 04:48:00,17687,Transcribed,180s,1SPM,WCSP,White-crowned Sparrow,ZONOTRICHIA LEUCOPHRYS,2,124142,1,Song,160.03,1.98,-53.25,f,,Michelle Knaggs,11,,
PC,10,WLNP-4-1,856,,-113.893891,49.087674,,,85249,2018-06-11 04:48:00,17687,Transcribed,180s,1SPM,SWTH,Swainson's Thrush,CATHARUS USTULATUS,1,124131,1,Song,67.36,1.13,-53.96,f,,Michelle Knaggs,11,,
PC,10,WLNP-4-1,856,,-113.893891,49.087674,,,85249,2018-06-11 04:48:00,17687,Transcribed,180s,1SPM,SWTH,Swainson's Thrush,CATHARUS USTULATUS,1,124125,1,Song,11.99,0.89,-49.22,f,,Michelle Knaggs,11,,
PC,10,WLNP-4-1,856,,-113.893891,49.087674,,,85249,2018-06-11 04:48:00,17687,Transcribed,180s,1SPM,UNPA,Unidentified Passerine,"",2,124135,1,Call,100.91,0.68,-61,f,,Michelle Knaggs,11,maybe amro,
PC,10,WLNP-4-1,856,,-113.893891,49.087674,,,85249,2018-06-11 04:48:00,17687,Transcribed,180s,1SPM,SWTH,Swainson's Thrush,CATHARUS USTULATUS,1,124137,1,Call,122.65,0.89,-55.12,f,,Michelle Knaggs,11,,
PC,10,WLNP-4-1,856,,-113.893891,49.087674,,,85249,2018-06-11 04:48:00,17687,Transcribed,180s,1SPM,UNPA,Unidentified Passerine,"",1,124138,1,Call,124.25,0.29,-56.63,f,,Michelle Knaggs,11,,
PC,10,WLNP-4-1,856,,-113.893891,49.087674,,,85249,2018-06-11 04:48:00,17687,Transcribed,180s,1SPM,UNPA,Unidentified Passerine,"",1,124127,1,Call,35.05,0.28,-46.71,f,,Michelle Knaggs,11,,
PC,10,WLNP-4-1,856,,-113.893891,49.087674,,,85249,2018-06-11 04:48:00,17687,Transcribed,180s,1SPM,UNPA,Unidentified Passerine,"",1,124134,1,Call,87.08,0.35,-56.86,f,,Michelle Knaggs,11,,
PC,10,WLNP-4-1,856,,-113.893891,49.087674,,,85249,2018-06-11 04:48:00,17687,Transcribed,180s,1SPM,WCSP,White-crowned Sparrow,ZONOTRICHIA LEUCOPHRYS,2,124132,1,Song,77.50,1.95,-51.26,f,,Michelle Knaggs,11,,
PC,10,WLNP-4-1,856,,-113.893891,49.087674,,,85249,2018-06-11 04:48:00,17687,Transcribed,180s,1SPM,WCSP,White-crowned Sparrow,ZONOTRICHIA LEUCOPHRYS,2,124123,1,Song,5.91,1.60,-49.5,f,,Michelle Knaggs,11,,
PC,10,WLNP-4-1,856,,-113.893891,49.087674,,,85249,2018-06-11 04:48:00,17687,Transcribed,180s,1SPM,WCSP,White-crowned Sparrow,ZONOTRICHIA LEUCOPHRYS,1,124128,1,Song,61.28,2.21,-45.86,f,,Michelle Knaggs,11,,
PC,10,WLNP-4-1,856,,-113.893891,49.087674,,,85249,2018-06-11 04:48:00,17687,Transcribed,180s,1SPM,WCSP,White-crowned Sparrow,ZONOTRICHIA LEUCOPHRYS,1,124122,1,Song,3.25,1.89,-48.83,f,,Michelle Knaggs,11,,
PC,10,WLNP-4-1,856,,-113.893891,49.087674,,,85249,2018-06-11 04:48:00,17687,Transcribed,180s,1SPM,WCSP,White-crowned Sparrow,ZONOTRICHIA LEUCOPHRYS,1,124139,1,Song,125.33,1.81,-51.24,f,,Michelle Knaggs,11,,
PC,10,WLNP-4-1,856,,-113.893891,49.087674,,,85249,2018-06-11 04:48:00,17687,Transcribed,180s,1SPM,AMRO,American Robin,TURDUS MIGRATORIUS,1,123944,1,Song,0.04,1.99,-50.04,f,,Michelle Knaggs,11,,
PC,10,WLNP-4-1,856,,-113.893891,49.087674,,,85249,2018-06-11 04:48:00,17687,Transcribed,180s,1SPM,AMRO,American Robin,TURDUS MIGRATORIUS,1,124130,1,Song,63.53,1.91,-55.96,f,,Michelle Knaggs,11,,
PC,10,WLNP-4-1,856,,-113.893891,49.087674,,,85249,2018-06-11 04:48:00,17687,Transcribed,180s,1SPM,AMRO,American Robin,TURDUS MIGRATORIUS,1,124136,1,Song,121.05,1.54,-52.15,f,,Michelle Knaggs,11,,
PC,10,WLNP-4-1,856,,-113.893891,49.087674,,,85249,2018-06-11 04:48:00,17687,Transcribed,180s,1SPM,HOWR,House Wren,TROGLODYTES AEDON,1,124192,1,Song,100.04,1.48,-59.56,f,,Michelle Knaggs,11,,
PC,10,WLNP-4-1,856,,-113.893891,49.087674,,,85249,2018-06-11 04:48:00,17687,Transcribed,180s,1SPM,UNTR,Unidentified Trill,"",1,124141,1,Song,131.03,1.21,-61.91,f,,Michelle Knaggs,11,,
PC,10,WLNP-4-1,856,,-113.893891,49.087674,,,85249,2018-06-11 04:48:00,17687,Transcribed,180s,1SPM,UNTR,Unidentified Trill,"",1,124133,1,Song,82.26,1.51,-60.46,f,,Michelle Knaggs,11,,
PC,10,WLNP-4-1,856,,-113.893891,49.087674,,,85249,2018-06-11 04:48:00,17687,Transcribed,180s,1SPM,UNTR,Unidentified Trill,"",1,124126,1,Song,17.44,1.24,-62.2,f,,Michelle Knaggs,11,,
PC,10,WLNP-4-1,856,,-113.893891,49.087674,,,7076,2018-06-13 04:48:00,9943,Transcribed,180s,1SPM,SWTH,Swainson's Thrush,CATHARUS USTULATUS,2,42351,1,Song,160.74,1.15,-30.48,f,,Connor Charchuk,41,,
PC,10,WLNP-4-1,856,,-113.893891,49.087674,,,7076,2018-06-13 04:48:00,9943,Transcribed,180s,1SPM,MGWA,MacGillivray's Warbler,GEOTHLYPIS TOLMIEI,1,42319,1,Song,0.59,1.60,-41.77,f,,Connor Charchuk,41,,
PC,10,WLNP-4-1,856,,-113.893891,49.087674,,,7076,2018-06-13 04:48:00,9943,Transcribed,180s,1SPM,MGWA,MacGillivray's Warbler,GEOTHLYPIS TOLMIEI,1,42330,1,Song,60.05,1.40,-54.53,f,,Connor Charchuk,41,,
PC,10,WLNP-4-1,856,,-113.893891,49.087674,,,7076,2018-06-13 04:48:00,9943,Transcribed,180s,1SPM,MGWA,MacGillivray's Warbler,GEOTHLYPIS TOLMIEI,1,42340,1,Song,120.04,1.14,-55.57,f,,Connor Charchuk,41,,
PC,10,WLNP-4-1,856,,-113.893891,49.087674,,,7076,2018-06-13 04:48:00,9943,Transcribed,180s,1SPM,RWBL,Red-winged Blackbird,AGELAIUS PHOENICEUS,1,42326,1,Song,30.79,1.59,-33.93,f,,Connor Charchuk,41,,
PC,10,WLNP-4-1,856,,-113.893891,49.087674,,,7076,2018-06-13 04:48:00,9943,Transcribed,180s,1SPM,OSFL,Olive-sided Flycatcher,CONTOPUS COOPERI,1,42347,1,Song,141.79,1.46,-37.67,f,,Connor Charchuk,41,,
PC,10,WLNP-4-1,856,,-113.893891,49.087674,,,7076,2018-06-13 04:48:00,9943,Transcribed,180s,1SPM,UNWA,Unidentified Warbler,"",1,42345,1,Song,136.94,1.83,-55.27,f,,Connor Charchuk,41,Maybe just a weird YEWA? confidence:Unknown far,
PC,10,WLNP-4-1,856,,-113.893891,49.087674,,,7076,2018-06-13 04:48:00,9943,Transcribed,180s,1SPM,UNWA,Unidentified Warbler,"",1,42337,1,Song,100.66,2.38,-56.76,f,,Connor Charchuk,41,Maybe just a weird YEWA? confidence:Unknown far,
PC,10,WLNP-4-1,856,,-113.893891,49.087674,,,7076,2018-06-13 04:48:00,9943,Transcribed,180s,1SPM,SWTH,Swainson's Thrush,CATHARUS USTULATUS,1,42335,1,Song,83.78,0.85,-40.61,f,,Connor Charchuk,41,,
PC,10,WLNP-4-1,856,,-113.893891,49.087674,,,7076,2018-06-13 04:48:00,9943,Transcribed,180s,1SPM,SWTH,Swainson's Thrush,CATHARUS USTULATUS,1,42341,1,Song,120.84,1.44,-57.91,f,,Connor Charchuk,41,,
PC,10,WLNP-4-1,856,,-113.893891,49.087674,,,7076,2018-06-13 04:48:00,9943,Transcribed,180s,1SPM,WISN,Wilson's Snipe,GALLINAGO DELICATA,1,42327,1,Call,39.83,2.89,-50.61,f,,Connor Charchuk,41,,
PC,10,WLNP-4-1,856,,-113.893891,49.087674,,,7076,2018-06-13 04:48:00,9943,Transcribed,180s,1SPM,WCSP,White-crowned Sparrow,ZONOTRICHIA LEUCOPHRYS,1,42333,1,Song,67.64,2.44,-53.12,f,,Connor Charchuk,41,,
PC,10,WLNP-4-1,856,,-113.893891,49.087674,,,7076,2018-06-13 04:48:00,9943,Transcribed,180s,1SPM,AMRO,American Robin,TURDUS MIGRATORIUS,1,42346,1,Song,139.45,2.75,-46.94,f,,Connor Charchuk,41,,
PC,10,WLNP-4-1,856,,-113.893891,49.087674,,,7076,2018-06-13 04:48:00,9943,Transcribed,180s,1SPM,AMRO,American Robin,TURDUS MIGRATORIUS,1,42338,1,Song,109.90,1.94,-51.64,f,,Connor Charchuk,41,,
PC,10,WLNP-4-1,856,,-113.893891,49.087674,,,7076,2018-06-13 04:48:00,9943,Transcribed,180s,1SPM,UNPA,Unidentified Passerine,"",2,42339,1,Song,117.39,1.66,-60.74,f,,Connor Charchuk,41,AMRE/YEWA confidence:To Be Checked,
PC,10,WLNP-4-1,856,,-113.893891,49.087674,,,7076,2018-06-13 04:48:00,9943,Transcribed,180s,1SPM,UNPA,Unidentified Passerine,"",2,42349,1,Song,152.90,1.34,-57.61,f,,Connor Charchuk,41,AMRE/YEWA confidence:To Be Checked,
PC,10,WLNP-4-1,856,,-113.893891,49.087674,,,7076,2018-06-13 04:48:00,9943,Transcribed,180s,1SPM,YEWA,Yellow Warbler,SETOPHAGA PETECHIA,1,42336,1,Song,93.19,1.61,-36.29,f,,Connor Charchuk,41,,
PC,10,WLNP-4-1,856,,-113.893891,49.087674,,,7076,2018-06-13 04:48:00,9943,Transcribed,180s,1SPM,AMRO,American Robin,TURDUS MIGRATORIUS,1,42320,1,Song,1.46,2.01,-50.47,f,,Connor Charchuk,41,,
PC,10,WLNP-4-1,856,,-113.893891,49.087674,,,7076,2018-06-13 04:48:00,9943,Transcribed,180s,1SPM,YEWA,Yellow Warbler,SETOPHAGA PETECHIA,1,42344,1,Song,134.78,1.26,-55.08,f,,Connor Charchuk,41,,
PC,10,WLNP-4-1,856,,-113.893891,49.087674,,,7076,2018-06-13 04:48:00,9943,Transcribed,180s,1SPM,DUFL,Dusky Flycatcher,EMPIDONAX OBERHOLSERI,1,42318,1,Song,0.04,0.81,-42.85,f,,Connor Charchuk,41,,
PC,10,WLNP-4-1,856,,-113.893891,49.087674,,,7076,2018-06-13 04:48:00,9943,Transcribed,180s,1SPM,FOSP,Fox Sparrow,PASSERELLA ILIACA,1,42334,1,Song,80.99,1.94,-47.63,f,,Connor Charchuk,41,,
PC,10,WLNP-4-1,856,,-113.893891,49.087674,,,7076,2018-06-13 04:48:00,9943,Transcribed,180s,1SPM,SWTH,Swainson's Thrush,CATHARUS USTULATUS,1,42322,1,Call,7.68,0.89,-43.84,f,,Connor Charchuk,41,,
PC,10,WLNP-4-1,856,,-113.893891,49.087674,,,7076,2018-06-13 04:48:00,9943,Transcribed,180s,1SPM,HOWR,House Wren,TROGLODYTES AEDON,1,42332,1,Song,65.26,2.18,-29.2,f,,Connor Charchuk,41,,
PC,10,WLNP-4-1,856,,-113.893891,49.087674,,,7076,2018-06-13 04:48:00,9943,Transcribed,180s,1SPM,HOWR,House Wren,TROGLODYTES AEDON,1,42343,1,Song,132.54,2.04,-32.74,f,,Connor Charchuk,41,,
PC,10,WLNP-4-1,856,,-113.893891,49.087674,,,7076,2018-06-13 04:48:00,9943,Transcribed,180s,1SPM,HOWR,House Wren,TROGLODYTES AEDON,1,42325,1,Song,28.65,1.30,-43.32,f,,Connor Charchuk,41,,
PC,10,WLNP-4-1,856,,-113.893891,49.087674,,,7076,2018-06-13 04:48:00,9943,Transcribed,180s,1SPM,DEJU,Dark-eyed Junco,JUNCO HYEMALIS,1,42331,1,Song,61.75,2.16,-34.77,f,,Connor Charchuk,41,,
PC,10,WLNP-4-1,856,,-113.893891,49.087674,,,7076,2018-06-13 04:48:00,9943,Transcribed,180s,1SPM,DEJU,Dark-eyed Junco,JUNCO HYEMALIS,1,42321,1,Song,6.23,2.38,-56.84,f,,Connor Charchuk,41,,
PC,10,WLNP-4-1,856,,-113.893891,49.087674,,,7076,2018-06-13 04:48:00,9943,Transcribed,180s,1SPM,DUFL,Dusky Flycatcher,EMPIDONAX OBERHOLSERI,1,42342,1,Song,124.51,1.28,-31.52,f,,Connor Charchuk,41,,
PC,10,WLNP-4-1,856,,-113.893891,49.087674,,,7076,2018-06-13 04:48:00,9943,Transcribed,180s,1SPM,DUFL,Dusky Flycatcher,EMPIDONAX OBERHOLSERI,1,42329,1,Song,61.26,5.29,-28.6,f,,Connor Charchuk,41,,
PC,10,WLNP-4-1,856,,-113.893891,49.087674,,,7076,2018-06-13 04:48:00,9943,Transcribed,180s,1SPM,FOSP,Fox Sparrow,PASSERELLA ILIACA,1,42328,1,Song,53.73,2.31,-50.34,f,,Connor Charchuk,41,,
PC,10,WLNP-4-1,856,,-113.893891,49.087674,,,7076,2018-06-13 04:48:00,9943,Transcribed,180s,1SPM,SWTH,Swainson's Thrush,CATHARUS USTULATUS,2,42324,1,Call,13.40,1.23,-48.49,f,,Connor Charchuk,41,,
PC,10,WLNP-4-1,856,,-113.893891,49.087674,,,7076,2018-06-13 04:48:00,9943,Transcribed,180s,1SPM,UNPA,Unidentified Passerine,"",1,42323,1,Song,10.25,3.08,-52.75,f,,Connor Charchuk,41,"Jumbled mess, maybe it'll unpack throughout recording confidence:Unknown far",
PC,10,WLNP-4-1,856,,-113.893891,49.087674,,,7021,2018-06-14 05:18:00,9888,Transcribed,180s,1SPM,CHSP,Chipping Sparrow,SPIZELLA PASSERINA,1,56245,1,Song,63.95,2.20,-51.03,f,,Alex MacPhail,15,,"Very busy recording; vireos, howr and grosbeaks(?) dominating centre part of recording"
PC,10,WLNP-4-1,856,,-113.893891,49.087674,,,7021,2018-06-14 05:18:00,9888,Transcribed,180s,1SPM,CHSP,Chipping Sparrow,SPIZELLA PASSERINA,1,56194,1,Song,11.33,3.13,-52,f,,Alex MacPhail,15,,"Very busy recording; vireos, howr and grosbeaks(?) dominating centre part of recording"
PC,10,WLNP-4-1,856,,-113.893891,49.087674,,,7021,2018-06-14 05:18:00,9888,Transcribed,180s,1SPM,CHSP,Chipping Sparrow,SPIZELLA PASSERINA,1,56263,1,Song,129.21,3.08,-46.27,f,,Alex MacPhail,15,,"Very busy recording; vireos, howr and grosbeaks(?) dominating centre part of recording"
PC,10,WLNP-4-1,856,,-113.893891,49.087674,,,7021,2018-06-14 05:18:00,9888,Transcribed,180s,1SPM,CHSP,Chipping Sparrow,SPIZELLA PASSERINA,2,56195,1,Song,16.70,3.90,-44.82,f,,Alex MacPhail,15,,"Very busy recording; vireos, howr and grosbeaks(?) dominating centre part of recording"
PC,10,WLNP-4-1,856,,-113.893891,49.087674,,,7021,2018-06-14 05:18:00,9888,Transcribed,180s,1SPM,CHSP,Chipping Sparrow,SPIZELLA PASSERINA,2,56262,1,Song,137.81,4.80,-48.58,f,,Alex MacPhail,15,,"Very busy recording; vireos, howr and grosbeaks(?) dominating centre part of recording"
PC,10,WLNP-4-1,856,,-113.893891,49.087674,,,7021,2018-06-14 05:18:00,9888,Transcribed,180s,1SPM,BCCH,Black-capped Chickadee,POECILE ATRICAPILLUS,1,56270,1,Song,143.91,1.33,-49,f,,Alex MacPhail,15,,"Very busy recording; vireos, howr and grosbeaks(?) dominating centre part of recording"
PC,10,WLNP-4-1,856,,-113.893891,49.087674,,,7021,2018-06-14 05:18:00,9888,Transcribed,180s,1SPM,EAKI,Eastern Kingbird,TYRANNUS TYRANNUS,1,56265,1,Song,131.58,0.96,-55.99,f,,Alex MacPhail,15,"","Very busy recording; vireos, howr and grosbeaks(?) dominating centre part of recording"
PC,10,WLNP-4-1,856,,-113.893891,49.087674,,,7021,2018-06-14 05:18:00,9888,Transcribed,180s,1SPM,UNWO,Unidentified Woodpecker,"",1,56272,1,Non-vocal,178.11,1.80,-53.82,f,,Alex MacPhail,15,Likely RNSA but not obvious,"Very busy recording; vireos, howr and grosbeaks(?) dominating centre part of recording"
PC,10,WLNP-4-1,856,,-113.893891,49.087674,,,7021,2018-06-14 05:18:00,9888,Transcribed,180s,1SPM,WAVI,Warbling Vireo,VIREO GILVUS,1,56189,1,Song,4.14,2.15,-43.61,f,,Alex MacPhail,15,,"Very busy recording; vireos, howr and grosbeaks(?) dominating centre part of recording"
PC,10,WLNP-4-1,856,,-113.893891,49.087674,,,7021,2018-06-14 05:18:00,9888,Transcribed,180s,1SPM,WAVI,Warbling Vireo,VIREO GILVUS,2,56191,1,Song,6.30,2.04,-52.69,f,,Alex MacPhail,15,,"Very busy recording; vireos, howr and grosbeaks(?) dominating centre part of recording"
PC,10,WLNP-4-1,856,,-113.893891,49.087674,,,7021,2018-06-14 05:18:00,9888,Transcribed,180s,1SPM,UNFL,Unidentified Flycatcher,"",1,56252,1,Song,87.74,2.53,-47.15,f,,Alex MacPhail,15,psfl? confidence:To Be Checked,"Very busy recording; vireos, howr and grosbeaks(?) dominating centre part of recording"
PC,10,WLNP-4-1,856,,-113.893891,49.087674,,,7021,2018-06-14 05:18:00,9888,Transcribed,180s,1SPM,BCCH,Black-capped Chickadee,POECILE ATRICAPILLUS,1,56241,1,Call,64.81,0.98,-54.33,f,,Alex MacPhail,15,,"Very busy recording; vireos, howr and grosbeaks(?) dominating centre part of recording"
PC,10,WLNP-4-1,856,,-113.893891,49.087674,,,7021,2018-06-14 05:18:00,9888,Transcribed,180s,1SPM,UNPA,Unidentified Passerine,"",1,56196,1,Song,9.48,1.66,-39.49,f,,Alex MacPhail,15,Bunting? Grosbeak? confidence:To Be Checked,"Very busy recording; vireos, howr and grosbeaks(?) dominating centre part of recording"
PC,10,WLNP-4-1,856,,-113.893891,49.087674,,,7021,2018-06-14 05:18:00,9888,Transcribed,180s,1SPM,UNPA,Unidentified Passerine,"",1,56243,1,Song,60.06,1.33,-52.62,f,,Alex MacPhail,15,Bunting? Grosbeak? confidence:To Be Checked,"Very busy recording; vireos, howr and grosbeaks(?) dominating centre part of recording"
PC,10,WLNP-4-1,856,,-113.893891,49.087674,,,7021,2018-06-14 05:18:00,9888,Transcribed,180s,1SPM,UNPA,Unidentified Passerine,"",1,56259,1,Song,121.10,4.25,-45.53,f,,Alex MacPhail,15,Bunting? Grosbeak? confidence:To Be Checked,"Very busy recording; vireos, howr and grosbeaks(?) dominating centre part of recording"
PC,10,WLNP-4-1,856,,-113.893891,49.087674,,,7021,2018-06-14 05:18:00,9888,Transcribed,180s,1SPM,UNPA,Unidentified Passerine,"",2,56200,1,Call,11.24,5.49,-55.72,f,,Alex MacPhail,15,Sharp distinct notes,"Very busy recording; vireos, howr and grosbeaks(?) dominating centre part of recording"
PC,10,WLNP-4-1,856,,-113.893891,49.087674,,,7021,2018-06-14 05:18:00,9888,Transcribed,180s,1SPM,UNPA,Unidentified Passerine,"",2,56242,1,Call,67.53,1.29,-65.95,f,,Alex MacPhail,15,Sharp distinct notes,"Very busy recording; vireos, howr and grosbeaks(?) dominating centre part of recording"
PC,10,WLNP-4-1,856,,-113.893891,49.087674,,,7021,2018-06-14 05:18:00,9888,Transcribed,180s,1SPM,UNPA,Unidentified Passerine,"",2,56260,1,Call,126.68,1.50,-60.26,f,,Alex MacPhail,15,Sharp distinct notes,"Very busy recording; vireos, howr and grosbeaks(?) dominating centre part of recording"
PC,10,WLNP-4-1,856,,-113.893891,49.087674,,,7021,2018-06-14 05:18:00,9888,Transcribed,180s,1SPM,UNPA,Unidentified Passerine,"",3,56247,1,Song,68.56,3.49,-48.55,f,,Alex MacPhail,15,Like UNPA1 confidence:To Be Checked,"Very busy recording; vireos, howr and grosbeaks(?) dominating centre part of recording"
PC,10,WLNP-4-1,856,,-113.893891,49.087674,,,7021,2018-06-14 05:18:00,9888,Transcribed,180s,1SPM,UNFL,Unidentified Flycatcher,"",1,56268,1,Song,153.10,0.90,-48.72,f,,Alex MacPhail,15,psfl? confidence:To Be Checked,"Very busy recording; vireos, howr and grosbeaks(?) dominating centre part of recording"
PC,10,WLNP-4-1,856,,-113.893891,49.087674,,,7021,2018-06-14 05:18:00,9888,Transcribed,180s,1SPM,HOWR,House Wren,TROGLODYTES AEDON,1,56184,1,Song,0.31,1.86,-52.09,f,,Alex MacPhail,15,,"Very busy recording; vireos, howr and grosbeaks(?) dominating centre part of recording"
PC,10,WLNP-4-1,856,,-113.893891,49.087674,,,7021,2018-06-14 05:18:00,9888,Transcribed,180s,1SPM,HOWR,House Wren,TROGLODYTES AEDON,1,56246,1,Song,63.69,2.33,-49.83,f,,Alex MacPhail,15,,"Very busy recording; vireos, howr and grosbeaks(?) dominating centre part of recording"
PC,10,WLNP-4-1,856,,-113.893891,49.087674,,,7021,2018-06-14 05:18:00,9888,Transcribed,180s,1SPM,HOWR,House Wren,TROGLODYTES AEDON,1,56257,1,Song,120.10,1.76,-49.44,f,,Alex MacPhail,15,,"Very busy recording; vireos, howr and grosbeaks(?) dominating centre part of recording"
PC,10,WLNP-4-1,856,,-113.893891,49.087674,,,7021,2018-06-14 05:18:00,9888,Transcribed,180s,1SPM,HOWR,House Wren,TROGLODYTES AEDON,2,56251,1,Song,89.19,1.93,-45.8,f,,Alex MacPhail,15,,"Very busy recording; vireos, howr and grosbeaks(?) dominating centre part of recording"
PC,10,WLNP-4-1,856,,-113.893891,49.087674,,,7021,2018-06-14 05:18:00,9888,Transcribed,180s,1SPM,HOWR,House Wren,TROGLODYTES AEDON,2,56186,1,Song,1.74,1.61,-52.69,f,,Alex MacPhail,15,,"Very busy recording; vireos, howr and grosbeaks(?) dominating centre part of recording"
PC,10,WLNP-4-1,856,,-113.893891,49.087674,,,7021,2018-06-14 05:18:00,9888,Transcribed,180s,1SPM,HOWR,House Wren,TROGLODYTES AEDON,2,56261,1,Song,124.34,2.24,-46.66,f,,Alex MacPhail,15,,"Very busy recording; vireos, howr and grosbeaks(?) dominating centre part of recording"
PC,10,WLNP-4-1,856,,-113.893891,49.087674,,,7021,2018-06-14 05:18:00,9888,Transcribed,180s,1SPM,HOWR,House Wren,TROGLODYTES AEDON,3,56266,1,Song,132.10,2.29,-52.18,f,,Alex MacPhail,15,,"Very busy recording; vireos, howr and grosbeaks(?) dominating centre part of recording"
PC,10,WLNP-4-1,856,,-113.893891,49.087674,,,7021,2018-06-14 05:18:00,9888,Transcribed,180s,1SPM,HOWR,House Wren,TROGLODYTES AEDON,3,56188,1,Song,2.76,1.89,-50.44,f,,Alex MacPhail,15,,"Very busy recording; vireos, howr and grosbeaks(?) dominating centre part of recording"
PC,10,WLNP-4-1,856,,-113.893891,49.087674,,,7021,2018-06-14 05:18:00,9888,Transcribed,180s,1SPM,WTSP,White-throated Sparrow,ZONOTRICHIA ALBICOLLIS,1,56258,1,Call,121.65,0.51,-50.84,f,,Alex MacPhail,15,,"Very busy recording; vireos, howr and grosbeaks(?) dominating centre part of recording"
PC,10,WLNP-4-1,856,,-113.893891,49.087674,,,7021,2018-06-14 05:18:00,9888,Transcribed,180s,1SPM,GRAJ,Gray Jay,PERISOREUS CANADENSIS,1,56239,1,Call,60.28,2.08,-59.69,f,,Alex MacPhail,15,"","Very busy recording; vireos, howr and grosbeaks(?) dominating centre part of recording"
PC,10,WLNP-4-1,856,,-113.893891,49.087674,,,7021,2018-06-14 05:18:00,9888,Transcribed,180s,1SPM,RUGR,Ruffed Grouse,BONASA UMBELLUS,1,56267,1,Non-vocal,141.50,7.19,-18.69,f,,Alex MacPhail,15,,"Very busy recording; vireos, howr and grosbeaks(?) dominating centre part of recording"
PC,10,WLNP-4-1,856,,-113.893891,49.087674,,,7021,2018-06-14 05:18:00,9888,Transcribed,180s,1SPM,SWTH,Swainson's Thrush,CATHARUS USTULATUS,1,56192,1,Call,9.08,0.58,-45.02,f,,Alex MacPhail,15,,"Very busy recording; vireos, howr and grosbeaks(?) dominating centre part of recording"
PC,10,WLNP-4-1,856,,-113.893891,49.087674,,,7021,2018-06-14 05:18:00,9888,Transcribed,180s,1SPM,UNPA,Unidentified Passerine,"",3,56264,1,Song,126.21,3.30,-52.13,f,,Alex MacPhail,15,Like UNPA1 confidence:To Be Checked,"Very busy recording; vireos, howr and grosbeaks(?) dominating centre part of recording"
PC,10,WLNP-4-1,856,,-113.893891,49.087674,,,7021,2018-06-14 05:18:00,9888,Transcribed,180s,1SPM,UNPA,Unidentified Passerine,"",3,56198,1,Song,11.91,2.36,-53.35,f,,Alex MacPhail,15,Like UNPA1 confidence:To Be Checked,"Very busy recording; vireos, howr and grosbeaks(?) dominating centre part of recording"
PC,10,WLNP-4-1,856,,-113.893891,49.087674,,,7021,2018-06-14 05:18:00,9888,Transcribed,180s,1SPM,TRES,Tree Swallow,TACHYCINETA BICOLOR,1,56269,1,Song,160.46,4.45,-36.78,f,,Alex MacPhail,15,tres?,"Very busy recording; vireos, howr and grosbeaks(?) dominating centre part of recording"
PC,10,WLNP-4-1,856,,-113.893891,49.087674,,,7021,2018-06-14 05:18:00,9888,Transcribed,180s,1SPM,TRES,Tree Swallow,TACHYCINETA BICOLOR,1,56249,1,Song,77.46,2.05,-49.21,f,,Alex MacPhail,15,tres?,"Very busy recording; vireos, howr and grosbeaks(?) dominating centre part of recording"
PC,10,WLNP-4-1,856,,-113.893891,49.087674,,,7021,2018-06-14 05:18:00,9888,Transcribed,180s,1SPM,TRES,Tree Swallow,TACHYCINETA BICOLOR,2,56271,1,Song,168.46,6.38,-36.51,f,,Alex MacPhail,15,Second one,"Very busy recording; vireos, howr and grosbeaks(?) dominating centre part of recording"
PC,10,WLNP-4-1,856,,-113.893891,49.087674,,,7021,2018-06-14 05:18:00,9888,Transcribed,180s,1SPM,WIFL,Willow Flycatcher,EMPIDONAX TRAILLII,1,56203,1,Song,40.25,0.79,-55.74,f,,Alex MacPhail,15,,"Very busy recording; vireos, howr and grosbeaks(?) dominating centre part of recording"
PC,10,WLNP-4-1,856,,-113.893891,49.087674,,,7021,2018-06-14 05:18:00,9888,Transcribed,180s,1SPM,WIFL,Willow Flycatcher,EMPIDONAX TRAILLII,1,56250,1,Song,68.95,0.78,-53.48,f,,Alex MacPhail,15,,"Very busy recording; vireos, howr and grosbeaks(?) dominating centre part of recording"
PC,10,WLNP-4-1,856,,-113.893891,49.087674,,,7021,2018-06-14 05:18:00,9888,Transcribed,180s,1SPM,EAKI,Eastern Kingbird,TYRANNUS TYRANNUS,1,56253,1,Song,97.36,5.65,-36.52,f,,Alex MacPhail,15,"","Very busy recording; vireos, howr and grosbeaks(?) dominating centre part of recording"
PC,10,WLNP-4-1,856,,-113.893891,49.087674,,,7021,2018-06-14 05:18:00,9888,Transcribed,180s,1SPM,MOWI,Moderate wind,"",1,56237,1,Song,47.95,1.18,-15.98,f,,Alex MacPhail,15,,"Very busy recording; vireos, howr and grosbeaks(?) dominating centre part of recording"
PC,10,WLNP-4-1,856,,-113.893891,49.087674,,,7021,2018-06-14 05:18:00,9888,Transcribed,180s,1SPM,LIWI,Light wind,"",1,56254,1,Song,60.14,6.66,-32.32,f,,Alex MacPhail,15,,"Very busy recording; vireos, howr and grosbeaks(?) dominating centre part of recording"
PC,10,WLNP-4-1,856,,-113.893891,49.087674,,,7021,2018-06-14 05:18:00,9888,Transcribed,180s,1SPM,LIWI,Light wind,"",1,56201,1,Song,0.05,5.64,-57.08,f,,Alex MacPhail,15,,"Very busy recording; vireos, howr and grosbeaks(?) dominating centre part of recording"
PC,10,WLNP-4-1,856,,-113.893891,49.087674,,,7021,2018-06-14 05:18:00,9888,Transcribed,180s,1SPM,LIWI,Light wind,"",1,56255,1,Song,120.14,5.18,-44.93,f,,Alex MacPhail,15,,"Very busy recording; vireos, howr and grosbeaks(?) dominating centre part of recording"
PC,10,WLNP-4-1,856,,-113.893891,49.087674,,,7021,2018-06-14 05:18:00,9888,Transcribed,180s,1SPM,YEWA,Yellow Warbler,SETOPHAGA PETECHIA,1,56185,1,Song,7.94,1.63,-47.53,f,,Alex MacPhail,15,,"Very busy recording; vireos, howr and grosbeaks(?) dominating centre part of recording"
PC,10,WLNP-4-1,856,,-113.893891,49.087674,,,7021,2018-06-14 05:18:00,9888,Transcribed,180s,1SPM,YEWA,Yellow Warbler,SETOPHAGA PETECHIA,1,56244,1,Song,61.90,1.08,-55.48,f,,Alex MacPhail,15,,"Very busy recording; vireos, howr and grosbeaks(?) dominating centre part of recording"
PC,10,WLNP-4-1,856,,-113.893891,49.087674,,,7021,2018-06-14 05:18:00,9888,Transcribed,180s,1SPM,MGWA,MacGillivray's Warbler,GEOTHLYPIS TOLMIEI,1,56240,1,Song,63.09,1.51,-52.06,f,,Alex MacPhail,15,,"Very busy recording; vireos, howr and grosbeaks(?) dominating centre part of recording"
PC,10,WLNP-4-1,856,,-113.893891,49.087674,,,7021,2018-06-14 05:18:00,9888,Transcribed,180s,1SPM,MGWA,MacGillivray's Warbler,GEOTHLYPIS TOLMIEI,1,56256,1,Song,122.61,1.65,-45.61,f,,Alex MacPhail,15,,"Very busy recording; vireos, howr and grosbeaks(?) dominating centre part of recording"
PC,10,WLNP-4-1,856,,-113.893891,49.087674,,,7028,2018-06-15 05:18:00,9895,Transcribed,180s,1SPM,DUFL,Dusky Flycatcher,EMPIDONAX OBERHOLSERI,1,41875,1,Song,1.85,0.41,-43.91,f,,Brandon Law,22,,
PC,10,WLNP-4-1,856,,-113.893891,49.087674,,,7028,2018-06-15 05:18:00,9895,Transcribed,180s,1SPM,HOWR,House Wren,TROGLODYTES AEDON,1,41873,1,Song,61.75,2.68,-43.33,f,,Brandon Law,22,,
PC,10,WLNP-4-1,856,,-113.893891,49.087674,,,7028,2018-06-15 05:18:00,9895,Transcribed,180s,1SPM,HOWR,House Wren,TROGLODYTES AEDON,1,41881,1,Song,120.09,2.21,-45.53,f,,Brandon Law,22,,
PC,10,WLNP-4-1,856,,-113.893891,49.087674,,,7028,2018-06-15 05:18:00,9895,Transcribed,180s,1SPM,WCSP,White-crowned Sparrow,ZONOTRICHIA LEUCOPHRYS,1,41867,1,Song,6.28,2.46,-44.36,f,,Brandon Law,22,,
PC,10,WLNP-4-1,856,,-113.893891,49.087674,,,7028,2018-06-15 05:18:00,9895,Transcribed,180s,1SPM,WCSP,White-crowned Sparrow,ZONOTRICHIA LEUCOPHRYS,1,41889,1,Song,137.71,2.41,-39.25,f,,Brandon Law,22,,
PC,10,WLNP-4-1,856,,-113.893891,49.087674,,,7028,2018-06-15 05:18:00,9895,Transcribed,180s,1SPM,CHSP,Chipping Sparrow,SPIZELLA PASSERINA,1,41870,1,Song,60.56,2.06,-46.88,f,,Brandon Law,22,,
PC,10,WLNP-4-1,856,,-113.893891,49.087674,,,7028,2018-06-15 05:18:00,9895,Transcribed,180s,1SPM,CHSP,Chipping Sparrow,SPIZELLA PASSERINA,1,41882,1,Song,120.11,2.24,-45.61,f,,Brandon Law,22,,
PC,10,WLNP-4-1,856,,-113.893891,49.087674,,,7028,2018-06-15 05:18:00,9895,Transcribed,180s,1SPM,CHSP,Chipping Sparrow,SPIZELLA PASSERINA,1,41863,1,Song,0.25,1.89,-49.18,f,,Brandon Law,22,,
PC,10,WLNP-4-1,856,,-113.893891,49.087674,,,7028,2018-06-15 05:18:00,9895,Transcribed,180s,1SPM,PUFI,Purple Finch,HAEMORHOUS PURPUREUS,1,41887,1,Song,128.84,2.95,-35.48,f,,Brandon Law,22,,
PC,10,WLNP-4-1,856,,-113.893891,49.087674,,,7028,2018-06-15 05:18:00,9895,Transcribed,180s,1SPM,PUFI,Purple Finch,HAEMORHOUS PURPUREUS,1,41869,1,Song,0.80,2.18,-42.83,f,,Brandon Law,22,,
PC,10,WLNP-4-1,856,,-113.893891,49.087674,,,7028,2018-06-15 05:18:00,9895,Transcribed,180s,1SPM,PUFI,Purple Finch,HAEMORHOUS PURPUREUS,1,41879,1,Song,76.86,2.09,-40.39,f,,Brandon Law,22,,
PC,10,WLNP-4-1,856,,-113.893891,49.087674,,,7028,2018-06-15 05:18:00,9895,Transcribed,180s,1SPM,DUFL,Dusky Flycatcher,EMPIDONAX OBERHOLSERI,1,41890,1,Call,170.96,0.41,-44.45,f,,Brandon Law,22,,
PC,10,WLNP-4-1,856,,-113.893891,49.087674,,,7028,2018-06-15 05:18:00,9895,Transcribed,180s,1SPM,UNBT,Unidentified Black-backed / American Three-toed Woodpecker,PICOIDES,1,41877,1,Song,68.03,3.06,-18.83,f,,Brandon Law,22,,
PC,10,WLNP-4-1,856,,-113.893891,49.087674,,,7028,2018-06-15 05:18:00,9895,Transcribed,180s,1SPM,TRES,Tree Swallow,TACHYCINETA BICOLOR,1,41888,1,Song,130.45,1.58,-53.35,f,,Brandon Law,22,,
PC,10,WLNP-4-1,856,,-113.893891,49.087674,,,7028,2018-06-15 05:18:00,9895,Transcribed,180s,1SPM,TRES,Tree Swallow,TACHYCINETA BICOLOR,1,41880,1,Song,95.86,2.03,-42.97,f,,Brandon Law,22,,
PC,10,WLNP-4-1,856,,-113.893891,49.087674,,,7028,2018-06-15 05:18:00,9895,Transcribed,180s,1SPM,UNKN,Unidentified signal,"",1,41891,1,Call,161.56,9.33,-48.43,f,,Brandon Law,22,,
PC,10,WLNP-4-1,856,,-113.893891,49.087674,,,7028,2018-06-15 05:18:00,9895,Transcribed,180s,1SPM,LISP,Lincoln's Sparrow,MELOSPIZA LINCOLNII,1,41878,1,Song,70.93,1.80,-43.2,f,,Brandon Law,22,,
PC,10,WLNP-4-1,856,,-113.893891,49.087674,,,7028,2018-06-15 05:18:00,9895,Transcribed,180s,1SPM,CHSP,Chipping Sparrow,SPIZELLA PASSERINA,2,41862,1,Song,4.79,3.40,-38.25,f,,Brandon Law,22,,
PC,10,WLNP-4-1,856,,-113.893891,49.087674,,,7028,2018-06-15 05:18:00,9895,Transcribed,180s,1SPM,CHSP,Chipping Sparrow,SPIZELLA PASSERINA,2,41883,1,Song,124.45,2.88,-44.56,f,,Brandon Law,22,,
PC,10,WLNP-4-1,856,,-113.893891,49.087674,,,7028,2018-06-15 05:18:00,9895,Transcribed,180s,1SPM,CHSP,Chipping Sparrow,SPIZELLA PASSERINA,2,41871,1,Song,62.41,3.15,-46.78,f,,Brandon Law,22,,
PC,10,WLNP-4-1,856,,-113.893891,49.087674,,,7028,2018-06-15 05:18:00,9895,Transcribed,180s,1SPM,HOWR,House Wren,TROGLODYTES AEDON,1,41868,1,Song,8.68,2.71,-38.48,f,,Brandon Law,22,,
PC,10,WLNP-4-1,856,,-113.893891,49.087674,,,7028,2018-06-15 05:18:00,9895,Transcribed,180s,1SPM,LIWI,Light wind,"",1,41884,1,Song,115.50,4.05,-11.55,f,,Brandon Law,22,,
PC,10,WLNP-4-1,856,,-113.893891,49.087674,,,7028,2018-06-15 05:18:00,9895,Transcribed,180s,1SPM,LIWI,Light wind,"",1,41885,1,Song,120.36,3.21,-6.96,f,,Brandon Law,22,,
PC,10,WLNP-4-1,856,,-113.893891,49.087674,,,7028,2018-06-15 05:18:00,9895,Transcribed,180s,1SPM,LIAI,Light aircraft,"",1,41866,1,Song,0.64,5.90,-7.38,f,,Brandon Law,22,,
PC,10,WLNP-4-1,856,,-113.893891,49.087674,,,7028,2018-06-15 05:18:00,9895,Transcribed,180s,1SPM,YEWA,Yellow Warbler,SETOPHAGA PETECHIA,1,41864,TMTT,Song,1.95,2.78,-42.22,f,,Brandon Law,22,AE:3-4,
PC,10,WLNP-4-1,856,,-113.893891,49.087674,,,7028,2018-06-15 05:18:00,9895,Transcribed,180s,1SPM,YEWA,Yellow Warbler,SETOPHAGA PETECHIA,1,41876,TMTT,Song,65.73,5.46,-41.07,f,,Brandon Law,22,AE:3-4,
PC,10,WLNP-4-1,856,,-113.893891,49.087674,,,7028,2018-06-15 05:18:00,9895,Transcribed,180s,1SPM,YEWA,Yellow Warbler,SETOPHAGA PETECHIA,1,41886,TMTT,Song,127.95,1.43,-50.87,f,,Brandon Law,22,AE:3-4,
PC,10,WLNP-4-1,856,,-113.893891,49.087674,,,7028,2018-06-15 05:18:00,9895,Transcribed,180s,1SPM,WETA,Western Tanager,PIRANGA LUDOVICIANA,1,41892,1,Song,61.93,0.89,-44.03,f,,Brandon Law,22,,
PC,10,WLNP-4-1,856,,-113.893891,49.087674,,,7028,2018-06-15 05:18:00,9895,Transcribed,180s,1SPM,DUFL,Dusky Flycatcher,EMPIDONAX OBERHOLSERI,1,41874,1,Call,65.95,0.50,-40.92,f,,Brandon Law,22,,
PC,10,WLNP-4-2,877,,-113.895451,49.081769,,,6979,2018-06-10 05:19:00,9982,Transcribed,180s,1SPM,MOWI,Moderate wind,"",1,48881,1,Song,60.04,4.00,-15.66,f,,Laurel McDonald,42,,
PC,10,WLNP-4-2,877,,-113.895451,49.081769,,,6979,2018-06-10 05:19:00,9982,Transcribed,180s,1SPM,MOWI,Moderate wind,"",1,48882,1,Song,120.06,3.98,-29.3,f,,Laurel McDonald,42,,
PC,10,WLNP-4-2,877,,-113.895451,49.081769,,,6979,2018-06-10 05:19:00,9982,Transcribed,180s,1SPM,MOWI,Moderate wind,"",1,48880,1,Song,0.09,3.95,-33.46,f,,Laurel McDonald,42,,
PC,10,WLNP-4-2,877,,-113.895451,49.081769,,,6979,2018-06-10 05:19:00,9982,Transcribed,180s,1SPM,YEWA,Yellow Warbler,SETOPHAGA PETECHIA,1,48865,1,Song,60.21,1.49,-39.32,f,,Laurel McDonald,42,,
PC,10,WLNP-4-2,877,,-113.895451,49.081769,,,6979,2018-06-10 05:19:00,9982,Transcribed,180s,1SPM,YEWA,Yellow Warbler,SETOPHAGA PETECHIA,1,48866,1,Song,1.36,1.33,-33.09,f,,Laurel McDonald,42,,
PC,10,WLNP-4-2,877,,-113.895451,49.081769,,,6979,2018-06-10 05:19:00,9982,Transcribed,180s,1SPM,YEWA,Yellow Warbler,SETOPHAGA PETECHIA,1,48872,1,Song,124.03,0.89,-39.01,f,,Laurel McDonald,42,,
PC,10,WLNP-4-2,877,,-113.895451,49.081769,,,6979,2018-06-10 05:19:00,9982,Transcribed,180s,1SPM,OSFL,Olive-sided Flycatcher,CONTOPUS COOPERI,1,48864,1,Song,62.03,1.25,-36.97,f,,Laurel McDonald,42,,
PC,10,WLNP-4-2,877,,-113.895451,49.081769,,,6979,2018-06-10 05:19:00,9982,Transcribed,180s,1SPM,OSFL,Olive-sided Flycatcher,CONTOPUS COOPERI,1,48849,1,Song,1.28,1.34,-32.84,f,,Laurel McDonald,42,,
PC,10,WLNP-4-2,877,,-113.895451,49.081769,,,6979,2018-06-10 05:19:00,9982,Transcribed,180s,1SPM,CHSP,Chipping Sparrow,SPIZELLA PASSERINA,1,48868,1,Song,89.48,1.15,-49.18,f,,Laurel McDonald,42,,
PC,10,WLNP-4-2,877,,-113.895451,49.081769,,,6979,2018-06-10 05:19:00,9982,Transcribed,180s,1SPM,CHSP,Chipping Sparrow,SPIZELLA PASSERINA,1,48870,1,Song,121.84,1.38,-48.72,f,,Laurel McDonald,42,,
PC,10,WLNP-4-2,877,,-113.895451,49.081769,,,6979,2018-06-10 05:19:00,9982,Transcribed,180s,1SPM,UNTH,Unidentified Thrush,"",1,48875,1,Song,37.43,0.78,-58.24,f,,Laurel McDonald,42,confidence:Unknown far,
PC,10,WLNP-4-2,877,,-113.895451,49.081769,,,6979,2018-06-10 05:19:00,9982,Transcribed,180s,1SPM,UNKN,Unidentified signal,"",1,48876,1,Call,65.84,0.70,-49.18,f,,Laurel McDonald,42,,
PC,10,WLNP-4-2,877,,-113.895451,49.081769,,,6979,2018-06-10 05:19:00,9982,Transcribed,180s,1SPM,UNAM,Unidentified passerine in the American Robin Song Complex,"",1,48879,1,Song,93.83,1.28,-44.23,f,,Laurel McDonald,42,confidence:Unknown far,
PC,10,WLNP-4-2,877,,-113.895451,49.081769,,,6979,2018-06-10 05:19:00,9982,Transcribed,180s,1SPM,RNSA,Red-naped Sapsucker,SPHYRAPICUS NUCHALIS,1,48867,1,Non-vocal,86.89,1.00,-34.16,f,,Laurel McDonald,42,,
PC,10,WLNP-4-2,877,,-113.895451,49.081769,,,6979,2018-06-10 05:19:00,9982,Transcribed,180s,1SPM,RNSA,Red-naped Sapsucker,SPHYRAPICUS NUCHALIS,1,48850,1,Non-vocal,23.33,1.31,-33.88,f,,Laurel McDonald,42,,
PC,10,WLNP-4-2,877,,-113.895451,49.081769,,,6979,2018-06-10 05:19:00,9982,Transcribed,180s,1SPM,AMRO,American Robin,TURDUS MIGRATORIUS,1,48863,1,Call,60.26,0.23,-50.28,f,,Laurel McDonald,42,,
PC,10,WLNP-4-2,877,,-113.895451,49.081769,,,6979,2018-06-10 05:19:00,9982,Transcribed,180s,1SPM,AMRO,American Robin,TURDUS MIGRATORIUS,1,48871,1,Call,121.18,0.23,-46.9,f,,Laurel McDonald,42,,
PC,10,WLNP-4-2,877,,-113.895451,49.081769,,,6979,2018-06-10 05:19:00,9982,Transcribed,180s,1SPM,MODO,Mourning Dove,ZENAIDA MACROURA,1,48877,1,Call,81.96,1.78,-24.94,f,,Laurel McDonald,42,,
PC,10,WLNP-4-2,877,,-113.895451,49.081769,,,6979,2018-06-10 05:19:00,9982,Transcribed,180s,1SPM,RNSA,Red-naped Sapsucker,SPHYRAPICUS NUCHALIS,1,48873,1,Non-vocal,132.61,1.34,-32.63,f,,Laurel McDonald,42,,
PC,10,WLNP-4-2,877,,-113.895451,49.081769,,,6979,2018-06-10 05:19:00,9982,Transcribed,180s,1SPM,MODO,Mourning Dove,ZENAIDA MACROURA,1,48878,1,Call,125.43,2.68,-34,f,,Laurel McDonald,42,,
PC,10,WLNP-4-2,877,,-113.895451,49.081769,,,6979,2018-06-10 05:19:00,9982,Transcribed,180s,1SPM,HOWR,House Wren,TROGLODYTES AEDON,1,48853,1,Song,0.00,1.15,-45.53,f,,Laurel McDonald,42,,
PC,10,WLNP-4-2,877,,-113.895451,49.081769,,,6979,2018-06-10 05:19:00,9982,Transcribed,180s,1SPM,HOWR,House Wren,TROGLODYTES AEDON,1,48869,1,Song,120.05,1.33,-19.82,f,,Laurel McDonald,42,,
PC,10,WLNP-4-2,877,,-113.895451,49.081769,,,6979,2018-06-10 05:19:00,9982,Transcribed,180s,1SPM,HOWR,House Wren,TROGLODYTES AEDON,1,48874,1,Song,64.03,1.64,-49.79,f,,Laurel McDonald,42,,
PC,10,WLNP-4-2,877,,-113.895451,49.081769,,,6979,2018-06-10 05:19:00,9982,Transcribed,180s,1SPM,AMRO,American Robin,TURDUS MIGRATORIUS,1,48852,1,Call,0.34,0.28,-47.02,f,,Laurel McDonald,42,,
PC,10,WLNP-4-2,877,,-113.895451,49.081769,,,6963,2018-06-13 04:48:00,9966,Transcribed,180s,1SPM,AMRE,American Redstart,SETOPHAGA RUTICILLA,1,42905,TMTT,Song,122.38,12.24,-48.88,f,,Jillian Slater,25,AE: 2-4,
PC,10,WLNP-4-2,877,,-113.895451,49.081769,,,6963,2018-06-13 04:48:00,9966,Transcribed,180s,1SPM,LIWI,Light wind,"",1,42893,1,Song,0.03,4.93,-26.47,f,,Jillian Slater,25,,
PC,10,WLNP-4-2,877,,-113.895451,49.081769,,,6963,2018-06-13 04:48:00,9966,Transcribed,180s,1SPM,LIWI,Light wind,"",1,42903,1,Song,120.05,5.13,-13.15,f,,Jillian Slater,25,,
PC,10,WLNP-4-2,877,,-113.895451,49.081769,,,6963,2018-06-13 04:48:00,9966,Transcribed,180s,1SPM,LIWI,Light wind,"",1,42901,1,Song,60.06,4.25,-27.46,f,,Jillian Slater,25,,
PC,10,WLNP-4-2,877,,-113.895451,49.081769,,,6963,2018-06-13 04:48:00,9966,Transcribed,180s,1SPM,YEWA,Yellow Warbler,SETOPHAGA PETECHIA,1,42908,1,Song,123.69,8.96,-48.89,f,,Jillian Slater,25,,
PC,10,WLNP-4-2,877,,-113.895451,49.081769,,,6963,2018-06-13 04:48:00,9966,Transcribed,180s,1SPM,YEWA,Yellow Warbler,SETOPHAGA PETECHIA,1,42907,1,Song,96.78,1.90,-55.25,f,,Jillian Slater,25,,
PC,10,WLNP-4-2,877,,-113.895451,49.081769,,,6963,2018-06-13 04:48:00,9966,Transcribed,180s,1SPM,YEWA,Yellow Warbler,SETOPHAGA PETECHIA,1,119664,1,Song,2.75,6.96,-54.83,f,,Jillian Slater,25,,
PC,10,WLNP-4-2,877,,-113.895451,49.081769,,,6963,2018-06-13 04:48:00,9966,Transcribed,180s,1SPM,DUFL,Dusky Flycatcher,EMPIDONAX OBERHOLSERI,1,116670,1,Song,120.04,3.81,-50.66,f,,Jillian Slater,25,,
PC,10,WLNP-4-2,877,,-113.895451,49.081769,,,6963,2018-06-13 04:48:00,9966,Transcribed,180s,1SPM,DUFL,Dusky Flycatcher,EMPIDONAX OBERHOLSERI,1,116668,1,Song,0.41,4.04,-54.11,f,,Jillian Slater,25,,
PC,10,WLNP-4-2,877,,-113.895451,49.081769,,,6963,2018-06-13 04:48:00,9966,Transcribed,180s,1SPM,DUFL,Dusky Flycatcher,EMPIDONAX OBERHOLSERI,1,116669,1,Song,61.44,4.18,-58.81,f,,Jillian Slater,25,,
PC,10,WLNP-4-2,877,,-113.895451,49.081769,,,6963,2018-06-13 04:48:00,9966,Transcribed,180s,1SPM,MGWA,MacGillivray's Warbler,GEOTHLYPIS TOLMIEI,1,116672,TMTT,Song,4.23,8.26,-51.88,f,,Jillian Slater,25,AE: 2-3,
PC,10,WLNP-4-2,877,,-113.895451,49.081769,,,6963,2018-06-13 04:48:00,9966,Transcribed,180s,1SPM,MGWA,MacGillivray's Warbler,GEOTHLYPIS TOLMIEI,1,119663,TMTT,Song,120.36,11.44,-48.99,f,,Jillian Slater,25,AE: 2-3,
PC,10,WLNP-4-2,877,,-113.895451,49.081769,,,6963,2018-06-13 04:48:00,9966,Transcribed,180s,1SPM,MGWA,MacGillivray's Warbler,GEOTHLYPIS TOLMIEI,1,119666,TMTT,Song,60.04,8.63,-47.52,f,,Jillian Slater,25,AE: 2-3,
PC,10,WLNP-4-2,877,,-113.895451,49.081769,,,6963,2018-06-13 04:48:00,9966,Transcribed,180s,1SPM,OSFL,Olive-sided Flycatcher,CONTOPUS COOPERI,1,42083,1,Song,1.29,1.08,-58.85,f,,Jillian Slater,25,,
PC,10,WLNP-4-2,877,,-113.895451,49.081769,,,6963,2018-06-13 04:48:00,9966,Transcribed,180s,1SPM,OSFL,Olive-sided Flycatcher,CONTOPUS COOPERI,1,42897,1,Song,60.69,1.03,-59.11,f,,Jillian Slater,25,,
PC,10,WLNP-4-2,877,,-113.895451,49.081769,,,6963,2018-06-13 04:48:00,9966,Transcribed,180s,1SPM,OSFL,Olive-sided Flycatcher,CONTOPUS COOPERI,1,42904,1,Song,120.03,0.69,-57.86,f,,Jillian Slater,25,,
PC,10,WLNP-4-2,877,,-113.895451,49.081769,,,6963,2018-06-13 04:48:00,9966,Transcribed,180s,1SPM,CHSP,Chipping Sparrow,SPIZELLA PASSERINA,1,42910,1,Song,139.44,3.11,-52.23,f,,Jillian Slater,25,,
PC,10,WLNP-4-2,877,,-113.895451,49.081769,,,6963,2018-06-13 04:48:00,9966,Transcribed,180s,1SPM,AMRE,American Redstart,SETOPHAGA RUTICILLA,1,42896,TMTT,Song,60.03,9.81,-47.53,f,,Jillian Slater,25,AE: 2-4,
PC,10,WLNP-4-2,877,,-113.895451,49.081769,,,6963,2018-06-13 04:48:00,9966,Transcribed,180s,1SPM,AMRE,American Redstart,SETOPHAGA RUTICILLA,1,42894,TMTT,Song,8.19,6.49,-51.88,f,,Jillian Slater,25,AE: 2-4,
PC,10,WLNP-4-2,877,,-113.895451,49.081769,,,6963,2018-06-13 04:48:00,9966,Transcribed,180s,1SPM,MOBL,Mountain Bluebird,SIALIA CURRUCOIDES,1,42912,1,Song,2.26,8.09,-56.48,f,,Jillian Slater,25,,
PC,10,WLNP-4-2,877,,-113.895451,49.081769,,,6963,2018-06-13 04:48:00,9966,Transcribed,180s,1SPM,MOBL,Mountain Bluebird,SIALIA CURRUCOIDES,1,42913,1,Song,120.01,9.95,-61.04,f,,Jillian Slater,25,,
PC,10,WLNP-4-2,877,,-113.895451,49.081769,,,6963,2018-06-13 04:48:00,9966,Transcribed,180s,1SPM,MOBL,Mountain Bluebird,SIALIA CURRUCOIDES,1,42914,1,Song,60.03,7.49,-56.65,f,,Jillian Slater,25,,
PC,10,WLNP-4-2,877,,-113.895451,49.081769,,,6963,2018-06-13 04:48:00,9966,Transcribed,180s,1SPM,YRWA,Yellow-rumped Warbler,SETOPHAGA CORONATA,1,116671,TMTT,Song,5.14,10.73,-51.06,f,,Jillian Slater,25,AE: 2-3,
PC,10,WLNP-4-2,877,,-113.895451,49.081769,,,6963,2018-06-13 04:48:00,9966,Transcribed,180s,1SPM,YRWA,Yellow-rumped Warbler,SETOPHAGA CORONATA,1,119665,TMTT,Song,60.10,10.96,-47.56,f,,Jillian Slater,25,AE: 2-3,
PC,10,WLNP-4-2,877,,-113.895451,49.081769,,,6963,2018-06-13 04:48:00,9966,Transcribed,180s,1SPM,YRWA,Yellow-rumped Warbler,SETOPHAGA CORONATA,1,119669,TMTT,Song,120.09,10.59,-49.13,f,,Jillian Slater,25,AE: 2-3,
PC,10,WLNP-4-2,877,,-113.895451,49.081769,,,6963,2018-06-13 04:48:00,9966,Transcribed,180s,1SPM,SWTH,Swainson's Thrush,CATHARUS USTULATUS,1,42911,TMTT,Song,120.24,31.84,-51.56,f,,Jillian Slater,25,AE: 2-3,
PC,10,WLNP-4-2,877,,-113.895451,49.081769,,,6963,2018-06-13 04:48:00,9966,Transcribed,180s,1SPM,SWTH,Swainson's Thrush,CATHARUS USTULATUS,1,42386,TMTT,Song,0.00,10.86,-53.61,f,,Jillian Slater,25,AE: 2-3,
PC,10,WLNP-4-2,877,,-113.895451,49.081769,,,6963,2018-06-13 04:48:00,9966,Transcribed,180s,1SPM,SWTH,Swainson's Thrush,CATHARUS USTULATUS,1,42898,TMTT,S-C,61.76,12.33,-47.44,f,,Jillian Slater,25,AE: 2-3,
PC,10,WLNP-4-2,877,,-113.895451,49.081769,,,6974,2018-06-14 05:18:00,9977,Transcribed,180s,1SPM,AMRO,American Robin,TURDUS MIGRATORIUS,1,44833,1,Call,68.13,1.31,-47.55,f,,Kevan Cowcill,20,,Should be checked. PUFI and HOWR making it difficult to tell them apart as well as other similar sounding birds apart.
PC,10,WLNP-4-2,877,,-113.895451,49.081769,,,6974,2018-06-14 05:18:00,9977,Transcribed,180s,1SPM,LIBA,Light Background Noise,"",1,44819,1,Non-vocal,0.08,4.91,-25.44,f,,Kevan Cowcill,20,,Should be checked. PUFI and HOWR making it difficult to tell them apart as well as other similar sounding birds apart.
PC,10,WLNP-4-2,877,,-113.895451,49.081769,,,6974,2018-06-14 05:18:00,9977,Transcribed,180s,1SPM,LIBA,Light Background Noise,"",1,44830,1,Non-vocal,60.24,3.83,-31.53,f,,Kevan Cowcill,20,,Should be checked. PUFI and HOWR making it difficult to tell them apart as well as other similar sounding birds apart.
PC,10,WLNP-4-2,877,,-113.895451,49.081769,,,6974,2018-06-14 05:18:00,9977,Transcribed,180s,1SPM,CHSP,Chipping Sparrow,SPIZELLA PASSERINA,1,44834,1,Song,60.11,2.31,-50.15,f,,Kevan Cowcill,20,,Should be checked. PUFI and HOWR making it difficult to tell them apart as well as other similar sounding birds apart.
PC,10,WLNP-4-2,877,,-113.895451,49.081769,,,6974,2018-06-14 05:18:00,9977,Transcribed,180s,1SPM,CHSP,Chipping Sparrow,SPIZELLA PASSERINA,1,44822,1,Song,20.03,3.33,-48.09,f,,Kevan Cowcill,20,,Should be checked. PUFI and HOWR making it difficult to tell them apart as well as other similar sounding birds apart.
PC,10,WLNP-4-2,877,,-113.895451,49.081769,,,6974,2018-06-14 05:18:00,9977,Transcribed,180s,1SPM,CHSP,Chipping Sparrow,SPIZELLA PASSERINA,1,44843,1,Song,124.34,1.58,-61.1,f,,Kevan Cowcill,20,,Should be checked. PUFI and HOWR making it difficult to tell them apart as well as other similar sounding birds apart.
PC,10,WLNP-4-2,877,,-113.895451,49.081769,,,6974,2018-06-14 05:18:00,9977,Transcribed,180s,1SPM,WIWA,Wilson's Warbler,CARDELLINA PUSILLA,1,44849,1,Song,158.93,1.46,-60.62,f,,Kevan Cowcill,20,,Should be checked. PUFI and HOWR making it difficult to tell them apart as well as other similar sounding birds apart.
PC,10,WLNP-4-2,877,,-113.895451,49.081769,,,6974,2018-06-14 05:18:00,9977,Transcribed,180s,1SPM,LIWI,Light wind,"",1,44821,1,Non-vocal,11.38,4.03,-17.66,f,,Kevan Cowcill,20,,Should be checked. PUFI and HOWR making it difficult to tell them apart as well as other similar sounding birds apart.
PC,10,WLNP-4-2,877,,-113.895451,49.081769,,,6974,2018-06-14 05:18:00,9977,Transcribed,180s,1SPM,LIBA,Light Background Noise,"",1,44839,1,Non-vocal,120.09,3.16,-30.62,f,,Kevan Cowcill,20,,Should be checked. PUFI and HOWR making it difficult to tell them apart as well as other similar sounding birds apart.
PC,10,WLNP-4-2,877,,-113.895451,49.081769,,,6974,2018-06-14 05:18:00,9977,Transcribed,180s,1SPM,LITF,Light traffic,"",1,44829,1,Non-vocal,60.14,3.09,-27.78,f,,Kevan Cowcill,20,,Should be checked. PUFI and HOWR making it difficult to tell them apart as well as other similar sounding birds apart.
PC,10,WLNP-4-2,877,,-113.895451,49.081769,,,6974,2018-06-14 05:18:00,9977,Transcribed,180s,1SPM,WAVI,Warbling Vireo,VIREO GILVUS,1,44832,1,Song,62.01,2.51,-44.21,f,,Kevan Cowcill,20,"",Should be checked. PUFI and HOWR making it difficult to tell them apart as well as other similar sounding birds apart.
PC,10,WLNP-4-2,877,,-113.895451,49.081769,,,6974,2018-06-14 05:18:00,9977,Transcribed,180s,1SPM,WAVI,Warbling Vireo,VIREO GILVUS,1,121390,1,Song,126.49,2.20,-48.37,f,,Kevan Cowcill,20,"",Should be checked. PUFI and HOWR making it difficult to tell them apart as well as other similar sounding birds apart.
PC,10,WLNP-4-2,877,,-113.895451,49.081769,,,6974,2018-06-14 05:18:00,9977,Transcribed,180s,1SPM,WAVI,Warbling Vireo,VIREO GILVUS,2,44844,1,Song,124.70,2.10,-55.41,f,,Kevan Cowcill,20,,Should be checked. PUFI and HOWR making it difficult to tell them apart as well as other similar sounding birds apart.
PC,10,WLNP-4-2,877,,-113.895451,49.081769,,,6974,2018-06-14 05:18:00,9977,Transcribed,180s,1SPM,WAVI,Warbling Vireo,VIREO GILVUS,2,44838,1,Song,76.86,2.11,-47.76,f,,Kevan Cowcill,20,,Should be checked. PUFI and HOWR making it difficult to tell them apart as well as other similar sounding birds apart.
PC,10,WLNP-4-2,877,,-113.895451,49.081769,,,6974,2018-06-14 05:18:00,9977,Transcribed,180s,1SPM,HOWR,House Wren,TROGLODYTES AEDON,1,44840,1,Song,120.54,2.28,-45.24,f,,Kevan Cowcill,20,faint,Should be checked. PUFI and HOWR making it difficult to tell them apart as well as other similar sounding birds apart.
PC,10,WLNP-4-2,877,,-113.895451,49.081769,,,6974,2018-06-14 05:18:00,9977,Transcribed,180s,1SPM,HOWR,House Wren,TROGLODYTES AEDON,1,44818,1,Song,0.44,2.30,-44.7,f,,Kevan Cowcill,20,faint,Should be checked. PUFI and HOWR making it difficult to tell them apart as well as other similar sounding birds apart.
PC,10,WLNP-4-2,877,,-113.895451,49.081769,,,6974,2018-06-14 05:18:00,9977,Transcribed,180s,1SPM,HOWR,House Wren,TROGLODYTES AEDON,1,44827,1,Song,60.03,1.40,-49.79,f,,Kevan Cowcill,20,faint,Should be checked. PUFI and HOWR making it difficult to tell them apart as well as other similar sounding birds apart.
PC,10,WLNP-4-2,877,,-113.895451,49.081769,,,6974,2018-06-14 05:18:00,9977,Transcribed,180s,1SPM,HOWR,House Wren,TROGLODYTES AEDON,2,44825,1,Song,1.24,2.16,-44.67,f,,Kevan Cowcill,20,,Should be checked. PUFI and HOWR making it difficult to tell them apart as well as other similar sounding birds apart.
PC,10,WLNP-4-2,877,,-113.895451,49.081769,,,6974,2018-06-14 05:18:00,9977,Transcribed,180s,1SPM,HOWR,House Wren,TROGLODYTES AEDON,2,44835,1,Song,62.25,2.05,-44.02,f,,Kevan Cowcill,20,,Should be checked. PUFI and HOWR making it difficult to tell them apart as well as other similar sounding birds apart.
PC,10,WLNP-4-2,877,,-113.895451,49.081769,,,6974,2018-06-14 05:18:00,9977,Transcribed,180s,1SPM,HOWR,House Wren,TROGLODYTES AEDON,2,44846,1,Song,121.86,2.58,-48.28,f,,Kevan Cowcill,20,,Should be checked. PUFI and HOWR making it difficult to tell them apart as well as other similar sounding birds apart.
PC,10,WLNP-4-2,877,,-113.895451,49.081769,,,6974,2018-06-14 05:18:00,9977,Transcribed,180s,1SPM,AMRO,American Robin,TURDUS MIGRATORIUS,1,121370,1,Call,6.03,1.33,-45.25,f,,Kevan Cowcill,20,,Should be checked. PUFI and HOWR making it difficult to tell them apart as well as other similar sounding birds apart.
PC,10,WLNP-4-2,877,,-113.895451,49.081769,,,6974,2018-06-14 05:18:00,9977,Transcribed,180s,1SPM,SWTH,Swainson's Thrush,CATHARUS USTULATUS,1,44847,1,Call,121.24,0.49,-56.47,f,,Kevan Cowcill,20,,Should be checked. PUFI and HOWR making it difficult to tell them apart as well as other similar sounding birds apart.
PC,10,WLNP-4-2,877,,-113.895451,49.081769,,,6974,2018-06-14 05:18:00,9977,Transcribed,180s,1SPM,SWTH,Swainson's Thrush,CATHARUS USTULATUS,1,44817,1,Call,0.04,0.35,-63.14,f,,Kevan Cowcill,20,,Should be checked. PUFI and HOWR making it difficult to tell them apart as well as other similar sounding birds apart.
PC,10,WLNP-4-2,877,,-113.895451,49.081769,,,6974,2018-06-14 05:18:00,9977,Transcribed,180s,1SPM,SWTH,Swainson's Thrush,CATHARUS USTULATUS,1,44836,1,Call,60.43,0.80,-51.56,f,,Kevan Cowcill,20,,Should be checked. PUFI and HOWR making it difficult to tell them apart as well as other similar sounding birds apart.
PC,10,WLNP-4-2,877,,-113.895451,49.081769,,,6974,2018-06-14 05:18:00,9977,Transcribed,180s,1SPM,WAVI,Warbling Vireo,VIREO GILVUS,1,44820,1,Song,0.95,3.15,-45.21,f,,Kevan Cowcill,20,"",Should be checked. PUFI and HOWR making it difficult to tell them apart as well as other similar sounding birds apart.
PC,10,WLNP-4-2,877,,-113.895451,49.081769,,,6974,2018-06-14 05:18:00,9977,Transcribed,180s,1SPM,AMRE,American Redstart,SETOPHAGA RUTICILLA,1,44828,1,Song,61.78,1.85,-44,f,,Kevan Cowcill,20,,Should be checked. PUFI and HOWR making it difficult to tell them apart as well as other similar sounding birds apart.
PC,10,WLNP-4-2,877,,-113.895451,49.081769,,,6974,2018-06-14 05:18:00,9977,Transcribed,180s,1SPM,AMRE,American Redstart,SETOPHAGA RUTICILLA,1,44824,1,Song,39.44,1.09,-47.42,f,,Kevan Cowcill,20,,Should be checked. PUFI and HOWR making it difficult to tell them apart as well as other similar sounding birds apart.
PC,10,WLNP-4-2,877,,-113.895451,49.081769,,,6974,2018-06-14 05:18:00,9977,Transcribed,180s,1SPM,AMRE,American Redstart,SETOPHAGA RUTICILLA,1,44845,1,Song,128.61,1.49,-45.24,f,,Kevan Cowcill,20,,Should be checked. PUFI and HOWR making it difficult to tell them apart as well as other similar sounding birds apart.
PC,10,WLNP-4-2,877,,-113.895451,49.081769,,,6974,2018-06-14 05:18:00,9977,Transcribed,180s,1SPM,BHCO,Brown-headed Cowbird,MOLOTHRUS ATER,1,44848,1,Song,146.30,0.64,-57.57,f,,Kevan Cowcill,20,,Should be checked. PUFI and HOWR making it difficult to tell them apart as well as other similar sounding birds apart.
PC,10,WLNP-4-2,877,,-113.895451,49.081769,,,6974,2018-06-14 05:18:00,9977,Transcribed,180s,1SPM,BHCO,Brown-headed Cowbird,MOLOTHRUS ATER,1,44837,1,Song,75.65,0.88,-59.25,f,,Kevan Cowcill,20,,Should be checked. PUFI and HOWR making it difficult to tell them apart as well as other similar sounding birds apart.
PC,10,WLNP-4-2,877,,-113.895451,49.081769,,,6974,2018-06-14 05:18:00,9977,Transcribed,180s,1SPM,BHCO,Brown-headed Cowbird,MOLOTHRUS ATER,1,44826,1,Song,26.40,0.98,-63.83,f,,Kevan Cowcill,20,,Should be checked. PUFI and HOWR making it difficult to tell them apart as well as other similar sounding birds apart.
PC,10,WLNP-4-2,877,,-113.895451,49.081769,,,6974,2018-06-14 05:18:00,9977,Transcribed,180s,1SPM,LITF,Light traffic,"",1,44823,1,Non-vocal,19.74,3.23,-17.77,f,,Kevan Cowcill,20,,Should be checked. PUFI and HOWR making it difficult to tell them apart as well as other similar sounding birds apart.
PC,10,WLNP-4-2,877,,-113.895451,49.081769,,,6974,2018-06-14 05:18:00,9977,Transcribed,180s,1SPM,LITF,Light traffic,"",1,44841,1,Non-vocal,120.63,4.95,-24.71,f,,Kevan Cowcill,20,,Should be checked. PUFI and HOWR making it difficult to tell them apart as well as other similar sounding birds apart.
PC,10,WLNP-4-2,877,,-113.895451,49.081769,,,6997,2018-06-15 04:48:00,10000,Transcribed,180s,1SPM,WETA,Western Tanager,PIRANGA LUDOVICIANA,1,47113,TMTT,Song,95.28,2.03,-48.02,f,,Tyne Baker,23,"AE:2-3, some overlap, similar amplitude",
PC,10,WLNP-4-2,877,,-113.895451,49.081769,,,6997,2018-06-15 04:48:00,10000,Transcribed,180s,1SPM,WETA,Western Tanager,PIRANGA LUDOVICIANA,1,47119,TMTT,Song,121.21,1.99,-50.15,f,,Tyne Baker,23,"AE:2-3, some overlap, similar amplitude",
PC,10,WLNP-4-2,877,,-113.895451,49.081769,,,6997,2018-06-15 04:48:00,10000,Transcribed,180s,1SPM,DUFL,Dusky Flycatcher,EMPIDONAX OBERHOLSERI,1,47108,1,Song,60.09,0.26,-52.9,f,,Tyne Baker,23,,
PC,10,WLNP-4-2,877,,-113.895451,49.081769,,,6997,2018-06-15 04:48:00,10000,Transcribed,180s,1SPM,DUFL,Dusky Flycatcher,EMPIDONAX OBERHOLSERI,1,116810,1,Song,17.50,1.04,-58.74,f,,Tyne Baker,23,,
PC,10,WLNP-4-2,877,,-113.895451,49.081769,,,6997,2018-06-15 04:48:00,10000,Transcribed,180s,1SPM,DUFL,Dusky Flycatcher,EMPIDONAX OBERHOLSERI,1,47121,1,Song,130.83,0.51,-48.89,f,,Tyne Baker,23,,
PC,10,WLNP-4-2,877,,-113.895451,49.081769,,,6997,2018-06-15 04:48:00,10000,Transcribed,180s,1SPM,MGWA,MacGillivray's Warbler,GEOTHLYPIS TOLMIEI,1,47081,1,Song,13.50,1.65,-56.13,f,,Tyne Baker,23,,
PC,10,WLNP-4-2,877,,-113.895451,49.081769,,,6997,2018-06-15 04:48:00,10000,Transcribed,180s,1SPM,MGWA,MacGillivray's Warbler,GEOTHLYPIS TOLMIEI,1,47110,1,Song,76.89,1.33,-61.3,f,,Tyne Baker,23,,
PC,10,WLNP-4-2,877,,-113.895451,49.081769,,,6997,2018-06-15 04:48:00,10000,Transcribed,180s,1SPM,MGWA,MacGillivray's Warbler,GEOTHLYPIS TOLMIEI,1,116790,1,Song,126.46,1.50,-53.55,f,,Tyne Baker,23,,
PC,10,WLNP-4-2,877,,-113.895451,49.081769,,,6997,2018-06-15 04:48:00,10000,Transcribed,180s,1SPM,PISI,Pine Siskin,SPINUS PINUS,1,47106,1,Call,60.51,1.21,-60.61,f,,Tyne Baker,23,,
PC,10,WLNP-4-2,877,,-113.895451,49.081769,,,6997,2018-06-15 04:48:00,10000,Transcribed,180s,1SPM,PISI,Pine Siskin,SPINUS PINUS,1,47117,1,Call,121.98,0.69,-61.1,f,,Tyne Baker,23,,
PC,10,WLNP-4-2,877,,-113.895451,49.081769,,,6997,2018-06-15 04:48:00,10000,Transcribed,180s,1SPM,PISI,Pine Siskin,SPINUS PINUS,1,47099,1,Call,9.71,0.75,-61.62,f,,Tyne Baker,23,,
PC,10,WLNP-4-2,877,,-113.895451,49.081769,,,6997,2018-06-15 04:48:00,10000,Transcribed,180s,1SPM,UNTR,Unidentified Trill,"",1,47076,1,Song,1.93,1.86,-61.65,f,,Tyne Baker,23,Possibly DEJU or YRWA,
PC,10,WLNP-4-2,877,,-113.895451,49.081769,,,6997,2018-06-15 04:48:00,10000,Transcribed,180s,1SPM,AMRE,American Redstart,SETOPHAGA RUTICILLA,1,116825,1,Song,153.04,1.13,-64.55,f,,Tyne Baker,23,,
PC,10,WLNP-4-2,877,,-113.895451,49.081769,,,6997,2018-06-15 04:48:00,10000,Transcribed,180s,1SPM,MOBL,Mountain Bluebird,SIALIA CURRUCOIDES,1,47125,1,Song,145.54,17.33,-51.56,f,,Tyne Baker,23,"Uncertain again based on range (possible edge or outside of range), but very similar sound to MOBL.",
PC,10,WLNP-4-2,877,,-113.895451,49.081769,,,6997,2018-06-15 04:48:00,10000,Transcribed,180s,1SPM,HOWR,House Wren,TROGLODYTES AEDON,1,116824,1,Song,129.85,2.59,-50.6,f,,Tyne Baker,23,,
PC,10,WLNP-4-2,877,,-113.895451,49.081769,,,6997,2018-06-15 04:48:00,10000,Transcribed,180s,1SPM,HOWR,House Wren,TROGLODYTES AEDON,1,116821,1,Song,80.61,2.41,-58.11,f,,Tyne Baker,23,,
PC,10,WLNP-4-2,877,,-113.895451,49.081769,,,6997,2018-06-15 04:48:00,10000,Transcribed,180s,1SPM,HOWR,House Wren,TROGLODYTES AEDON,1,116827,1,Song,9.56,2.93,-51.76,f,,Tyne Baker,23,,
PC,10,WLNP-4-2,877,,-113.895451,49.081769,,,6997,2018-06-15 04:48:00,10000,Transcribed,180s,1SPM,DEJU,Dark-eyed Junco,JUNCO HYEMALIS,1,47102,1,Song,38.06,1.38,-63.07,f,,Tyne Baker,23,,
PC,10,WLNP-4-2,877,,-113.895451,49.081769,,,6997,2018-06-15 04:48:00,10000,Transcribed,180s,1SPM,DEJU,Dark-eyed Junco,JUNCO HYEMALIS,1,47112,1,Song,85.79,1.69,-56.46,f,,Tyne Baker,23,,
PC,10,WLNP-4-2,877,,-113.895451,49.081769,,,6997,2018-06-15 04:48:00,10000,Transcribed,180s,1SPM,DEJU,Dark-eyed Junco,JUNCO HYEMALIS,1,47122,1,Song,139.16,1.88,-59.15,f,,Tyne Baker,23,,
PC,10,WLNP-4-2,877,,-113.895451,49.081769,,,6997,2018-06-15 04:48:00,10000,Transcribed,180s,1SPM,AMRO,American Robin,TURDUS MIGRATORIUS,1,47104,TMTT,Song,60.76,1.84,-50.99,f,,Tyne Baker,23,"AE:2-4, some overlap, some distant",
PC,10,WLNP-4-2,877,,-113.895451,49.081769,,,6997,2018-06-15 04:48:00,10000,Transcribed,180s,1SPM,AMRO,American Robin,TURDUS MIGRATORIUS,1,47045,TMTT,Song,0.13,8.64,-50.27,f,,Tyne Baker,23,"AE:2-4, some overlap, some distant",
PC,10,WLNP-4-2,877,,-113.895451,49.081769,,,6997,2018-06-15 04:48:00,10000,Transcribed,180s,1SPM,AMRO,American Robin,TURDUS MIGRATORIUS,1,47120,TMTT,Song,123.15,2.06,-52.04,f,,Tyne Baker,23,"AE:2-4, some overlap, some distant",
PC,10,WLNP-4-2,877,,-113.895451,49.081769,,,6997,2018-06-15 04:48:00,10000,Transcribed,180s,1SPM,WISN,Wilson's Snipe,GALLINAGO DELICATA,1,116817,1,Non-vocal,41.55,1.41,-53.15,f,,Tyne Baker,23,winnow,
PC,10,WLNP-4-2,877,,-113.895451,49.081769,,,6997,2018-06-15 04:48:00,10000,Transcribed,180s,1SPM,WISN,Wilson's Snipe,GALLINAGO DELICATA,1,47109,1,Non-vocal,63.58,1.95,-25.72,f,,Tyne Baker,23,winnow,
PC,10,WLNP-4-2,877,,-113.895451,49.081769,,,6997,2018-06-15 04:48:00,10000,Transcribed,180s,1SPM,SWTH,Swainson's Thrush,CATHARUS USTULATUS,1,47048,TMTT,Song,4.16,1.36,-51.98,f,,Tyne Baker,23,AE:2-3,
PC,10,WLNP-4-2,877,,-113.895451,49.081769,,,6997,2018-06-15 04:48:00,10000,Transcribed,180s,1SPM,SWTH,Swainson's Thrush,CATHARUS USTULATUS,1,47118,TMTT,Song,123.30,1.68,-51.78,f,,Tyne Baker,23,AE:2-3,
PC,10,WLNP-4-2,877,,-113.895451,49.081769,,,6997,2018-06-15 04:48:00,10000,Transcribed,180s,1SPM,SWTH,Swainson's Thrush,CATHARUS USTULATUS,1,47105,TMTT,S-C,62.19,1.53,-52.47,f,,Tyne Baker,23,AE:2-3,
PC,10,WLNP-4-2,877,,-113.895451,49.081769,,,6997,2018-06-15 04:48:00,10000,Transcribed,180s,1SPM,YEWA,Yellow Warbler,SETOPHAGA PETECHIA,1,47116,TMTT,Song,120.04,1.30,-54.55,f,,Tyne Baker,23,"AE:3-5, some very distant, lots of overlap",
PC,10,WLNP-4-2,877,,-113.895451,49.081769,,,6997,2018-06-15 04:48:00,10000,Transcribed,180s,1SPM,HEWI,Heavy wind,"",1,47078,1,Non-vocal,0.04,9.13,-7.28,f,,Tyne Baker,23,,
PC,10,WLNP-4-2,877,,-113.895451,49.081769,,,6997,2018-06-15 04:48:00,10000,Transcribed,180s,1SPM,YEWA,Yellow Warbler,SETOPHAGA PETECHIA,1,47107,TMTT,Song,61.95,1.38,-58.77,f,,Tyne Baker,23,"AE:3-5, some very distant, lots of overlap",
PC,10,WLNP-4-2,877,,-113.895451,49.081769,,,6997,2018-06-15 04:48:00,10000,Transcribed,180s,1SPM,YEWA,Yellow Warbler,SETOPHAGA PETECHIA,1,46996,TMTT,Song,3.73,1.73,-55.88,f,,Tyne Baker,23,"AE:3-5, some very distant, lots of overlap",
PC,10,WLNP-4-3,871,,-113.895971,49.078229,,,85250,2018-06-09 05:19:00,17688,Transcribed,180s,1SPM,TRES,Tree Swallow,TACHYCINETA BICOLOR,1,124300,1,Call,64.75,1.36,-45.98,f,,Michelle Knaggs,11,,"many birds in the background that I can't hear distinctly, all one big chorus"
PC,10,WLNP-4-3,871,,-113.895971,49.078229,,,85250,2018-06-09 05:19:00,17688,Transcribed,180s,1SPM,WIWA,Wilson's Warbler,CARDELLINA PUSILLA,1,124307,1,Song,80.75,1.26,-47.18,f,,Michelle Knaggs,11,,"many birds in the background that I can't hear distinctly, all one big chorus"
PC,10,WLNP-4-3,871,,-113.895971,49.078229,,,85250,2018-06-09 05:19:00,17688,Transcribed,180s,1SPM,WIWA,Wilson's Warbler,CARDELLINA PUSILLA,1,124291,1,Song,19.59,0.96,-45.6,f,,Michelle Knaggs,11,,"many birds in the background that I can't hear distinctly, all one big chorus"
PC,10,WLNP-4-3,871,,-113.895971,49.078229,,,85250,2018-06-09 05:19:00,17688,Transcribed,180s,1SPM,WIWA,Wilson's Warbler,CARDELLINA PUSILLA,1,124368,1,Song,124.65,1.33,-42.38,f,,Michelle Knaggs,11,,"many birds in the background that I can't hear distinctly, all one big chorus"
PC,10,WLNP-4-3,871,,-113.895971,49.078229,,,85250,2018-06-09 05:19:00,17688,Transcribed,180s,1SPM,OSFL,Olive-sided Flycatcher,CONTOPUS COOPERI,1,124383,1,Song,156.76,0.79,-55.43,f,,Michelle Knaggs,11,,"many birds in the background that I can't hear distinctly, all one big chorus"
PC,10,WLNP-4-3,871,,-113.895971,49.078229,,,85250,2018-06-09 05:19:00,17688,Transcribed,180s,1SPM,UNPA,Unidentified Passerine,"",1,124285,1,Call,2.03,0.18,-55.29,f,,Michelle Knaggs,11,,"many birds in the background that I can't hear distinctly, all one big chorus"
PC,10,WLNP-4-3,871,,-113.895971,49.078229,,,85250,2018-06-09 05:19:00,17688,Transcribed,180s,1SPM,UNPA,Unidentified Passerine,"",1,124296,1,Call,60.39,0.15,-63.52,f,,Michelle Knaggs,11,,"many birds in the background that I can't hear distinctly, all one big chorus"
PC,10,WLNP-4-3,871,,-113.895971,49.078229,,,85250,2018-06-09 05:19:00,17688,Transcribed,180s,1SPM,UNPA,Unidentified Passerine,"",1,124373,1,Call,127.29,0.24,-70.55,f,,Michelle Knaggs,11,,"many birds in the background that I can't hear distinctly, all one big chorus"
PC,10,WLNP-4-3,871,,-113.895971,49.078229,,,85250,2018-06-09 05:19:00,17688,Transcribed,180s,1SPM,UNTR,Unidentified Trill,"",1,124371,1,Song,122.25,2.08,-51.17,f,,Michelle Knaggs,11,,"many birds in the background that I can't hear distinctly, all one big chorus"
PC,10,WLNP-4-3,871,,-113.895971,49.078229,,,85250,2018-06-09 05:19:00,17688,Transcribed,180s,1SPM,UNTR,Unidentified Trill,"",1,124360,1,Song,112.06,2.01,-49.07,f,,Michelle Knaggs,11,,"many birds in the background that I can't hear distinctly, all one big chorus"
PC,10,WLNP-4-3,871,,-113.895971,49.078229,,,85250,2018-06-09 05:19:00,17688,Transcribed,180s,1SPM,YBSA,Yellow-bellied Sapsucker,SPHYRAPICUS VARIUS,1,124376,1,Non-vocal,137.16,4.34,-55.22,f,,Michelle Knaggs,11,,"many birds in the background that I can't hear distinctly, all one big chorus"
PC,10,WLNP-4-3,871,,-113.895971,49.078229,,,85250,2018-06-09 05:19:00,17688,Transcribed,180s,1SPM,YBSA,Yellow-bellied Sapsucker,SPHYRAPICUS VARIUS,1,124289,1,Non-vocal,10.21,2.33,-54.18,f,,Michelle Knaggs,11,,"many birds in the background that I can't hear distinctly, all one big chorus"
PC,10,WLNP-4-3,871,,-113.895971,49.078229,,,85250,2018-06-09 05:19:00,17688,Transcribed,180s,1SPM,YBSA,Yellow-bellied Sapsucker,SPHYRAPICUS VARIUS,1,124363,1,Non-vocal,116.23,3.28,-58.1,f,,Michelle Knaggs,11,,"many birds in the background that I can't hear distinctly, all one big chorus"
PC,10,WLNP-4-3,871,,-113.895971,49.078229,,,85250,2018-06-09 05:19:00,17688,Transcribed,180s,1SPM,UNWO,Unidentified Woodpecker,"",1,124357,1,Non-vocal,102.86,2.88,-60.73,f,,Michelle Knaggs,11,,"many birds in the background that I can't hear distinctly, all one big chorus"
PC,10,WLNP-4-3,871,,-113.895971,49.078229,,,85250,2018-06-09 05:19:00,17688,Transcribed,180s,1SPM,UNFI,Unidentified Finch,"",1,124377,1,Song,140.93,1.58,-52.55,f,,Michelle Knaggs,11,,"many birds in the background that I can't hear distinctly, all one big chorus"
PC,10,WLNP-4-3,871,,-113.895971,49.078229,,,85250,2018-06-09 05:19:00,17688,Transcribed,180s,1SPM,RNSA,Red-naped Sapsucker,SPHYRAPICUS NUCHALIS,1,124287,1,Non-vocal,6.86,1.89,-59.97,f,,Michelle Knaggs,11,,"many birds in the background that I can't hear distinctly, all one big chorus"
PC,10,WLNP-4-3,871,,-113.895971,49.078229,,,85250,2018-06-09 05:19:00,17688,Transcribed,180s,1SPM,HOWR,House Wren,TROGLODYTES AEDON,1,124290,1,Song,17.86,1.53,-54.14,f,,Michelle Knaggs,11,,"many birds in the background that I can't hear distinctly, all one big chorus"
PC,10,WLNP-4-3,871,,-113.895971,49.078229,,,85250,2018-06-09 05:19:00,17688,Transcribed,180s,1SPM,HOWR,House Wren,TROGLODYTES AEDON,1,124374,1,Song,130.30,1.49,-53.14,f,,Michelle Knaggs,11,,"many birds in the background that I can't hear distinctly, all one big chorus"
PC,10,WLNP-4-3,871,,-113.895971,49.078229,,,85250,2018-06-09 05:19:00,17688,Transcribed,180s,1SPM,HOWR,House Wren,TROGLODYTES AEDON,1,124355,1,Song,95.64,0.71,-52.47,f,,Michelle Knaggs,11,,"many birds in the background that I can't hear distinctly, all one big chorus"
PC,10,WLNP-4-3,871,,-113.895971,49.078229,,,85250,2018-06-09 05:19:00,17688,Transcribed,180s,1SPM,AMRO,American Robin,TURDUS MIGRATORIUS,1,124297,1,Song,61.39,3.54,-52.49,f,,Michelle Knaggs,11,,"many birds in the background that I can't hear distinctly, all one big chorus"
PC,10,WLNP-4-3,871,,-113.895971,49.078229,,,85250,2018-06-09 05:19:00,17688,Transcribed,180s,1SPM,AMRO,American Robin,TURDUS MIGRATORIUS,1,124370,1,Song,122.73,3.61,-44.1,f,,Michelle Knaggs,11,,"many birds in the background that I can't hear distinctly, all one big chorus"
PC,10,WLNP-4-3,871,,-113.895971,49.078229,,,85250,2018-06-09 05:19:00,17688,Transcribed,180s,1SPM,AMRO,American Robin,TURDUS MIGRATORIUS,1,124295,1,Call,43.34,1.23,-59.6,f,,Michelle Knaggs,11,,"many birds in the background that I can't hear distinctly, all one big chorus"
PC,10,WLNP-4-3,871,,-113.895971,49.078229,,,85250,2018-06-09 05:19:00,17688,Transcribed,180s,1SPM,WCSP,White-crowned Sparrow,ZONOTRICHIA LEUCOPHRYS,1,124298,1,Song,67.00,2.39,-22.96,f,,Michelle Knaggs,11,,"many birds in the background that I can't hear distinctly, all one big chorus"
PC,10,WLNP-4-3,871,,-113.895971,49.078229,,,85250,2018-06-09 05:19:00,17688,Transcribed,180s,1SPM,WCSP,White-crowned Sparrow,ZONOTRICHIA LEUCOPHRYS,1,124366,1,Song,120.04,2.28,-33.48,f,,Michelle Knaggs,11,,"many birds in the background that I can't hear distinctly, all one big chorus"
PC,10,WLNP-4-3,871,,-113.895971,49.078229,,,85250,2018-06-09 05:19:00,17688,Transcribed,180s,1SPM,WCSP,White-crowned Sparrow,ZONOTRICHIA LEUCOPHRYS,1,124252,1,Song,6.11,1.75,-24.44,f,,Michelle Knaggs,11,,"many birds in the background that I can't hear distinctly, all one big chorus"
PC,10,WLNP-4-3,871,,-113.895971,49.078229,,,85250,2018-06-09 05:19:00,17688,Transcribed,180s,1SPM,WCSP,White-crowned Sparrow,ZONOTRICHIA LEUCOPHRYS,2,124253,1,Song,7.86,0.93,-42.5,f,,Michelle Knaggs,11,,"many birds in the background that I can't hear distinctly, all one big chorus"
PC,10,WLNP-4-3,871,,-113.895971,49.078229,,,85250,2018-06-09 05:19:00,17688,Transcribed,180s,1SPM,WCSP,White-crowned Sparrow,ZONOTRICHIA LEUCOPHRYS,2,124303,1,Song,70.40,2.20,-38.95,f,,Michelle Knaggs,11,,"many birds in the background that I can't hear distinctly, all one big chorus"
PC,10,WLNP-4-3,871,,-113.895971,49.078229,,,85250,2018-06-09 05:19:00,17688,Transcribed,180s,1SPM,SWTH,Swainson's Thrush,CATHARUS USTULATUS,1,124251,1,Song,2.95,1.03,-55.53,f,,Michelle Knaggs,11,,"many birds in the background that I can't hear distinctly, all one big chorus"
PC,10,WLNP-4-3,871,,-113.895971,49.078229,,,85250,2018-06-09 05:19:00,17688,Transcribed,180s,1SPM,SWTH,Swainson's Thrush,CATHARUS USTULATUS,1,124359,1,Song,110.95,0.90,-49.13,f,,Michelle Knaggs,11,,"many birds in the background that I can't hear distinctly, all one big chorus"
PC,10,WLNP-4-3,871,,-113.895971,49.078229,,,85250,2018-06-09 05:19:00,17688,Transcribed,180s,1SPM,SWTH,Swainson's Thrush,CATHARUS USTULATUS,1,124369,1,Song,123.80,0.70,-52.4,f,,Michelle Knaggs,11,,"many birds in the background that I can't hear distinctly, all one big chorus"
PC,10,WLNP-4-3,871,,-113.895971,49.078229,,,85250,2018-06-09 05:19:00,17688,Transcribed,180s,1SPM,SWTH,Swainson's Thrush,CATHARUS USTULATUS,2,124292,1,Song,23.89,0.73,-56.19,f,,Michelle Knaggs,11,,"many birds in the background that I can't hear distinctly, all one big chorus"
PC,10,WLNP-4-3,871,,-113.895971,49.078229,,,85250,2018-06-09 05:19:00,17688,Transcribed,180s,1SPM,SWTH,Swainson's Thrush,CATHARUS USTULATUS,2,124381,1,Song,153.25,0.91,-56.07,f,,Michelle Knaggs,11,,"many birds in the background that I can't hear distinctly, all one big chorus"
PC,10,WLNP-4-3,871,,-113.895971,49.078229,,,6964,2018-06-10 05:19:00,9967,Bad Weather,180s,1SPM,CHSP,Chipping Sparrow,SPIZELLA PASSERINA,1,42111,1,Song,3.31,3.43,-46.4,f,,Jillian Slater,25,,
PC,10,WLNP-4-3,871,,-113.895971,49.078229,,,6964,2018-06-10 05:19:00,9967,Bad Weather,180s,1SPM,LIWI,Light wind,"",1,42104,1,Song,4.80,3.39,-8.92,f,,Jillian Slater,25,,
PC,10,WLNP-4-3,871,,-113.895971,49.078229,,,6964,2018-06-10 05:19:00,9967,Bad Weather,180s,1SPM,MOWI,Moderate wind,"",1,42107,1,Song,0.06,2.99,-7.14,f,,Jillian Slater,25,,
PC,10,WLNP-4-3,871,,-113.895971,49.078229,,,6964,2018-06-10 05:19:00,9967,Bad Weather,180s,1SPM,AMRO,American Robin,TURDUS MIGRATORIUS,1,42109,1,Song,0.09,3.40,-37.03,f,,Jillian Slater,25,,
PC,10,WLNP-4-3,871,,-113.895971,49.078229,,,7060,2018-06-13 04:48:00,9927,Transcribed,180s,1SPM,PUFI,Purple Finch,HAEMORHOUS PURPUREUS,1,47376,1,Song,0.00,1.46,-45.89,f,,Christopher Wagner,39,,
PC,10,WLNP-4-3,871,,-113.895971,49.078229,,,7060,2018-06-13 04:48:00,9927,Transcribed,180s,1SPM,PUFI,Purple Finch,HAEMORHOUS PURPUREUS,1,47375,1,Song,66.41,1.76,-51.16,f,,Christopher Wagner,39,,
PC,10,WLNP-4-3,871,,-113.895971,49.078229,,,7060,2018-06-13 04:48:00,9927,Transcribed,180s,1SPM,DUFL,Dusky Flycatcher,EMPIDONAX OBERHOLSERI,1,117562,1,Song,122.20,0.46,-55.43,f,,Christopher Wagner,39,,
PC,10,WLNP-4-3,871,,-113.895971,49.078229,,,7060,2018-06-13 04:48:00,9927,Transcribed,180s,1SPM,DUFL,Dusky Flycatcher,EMPIDONAX OBERHOLSERI,1,117561,1,Song,61.35,0.45,-57.33,f,,Christopher Wagner,39,,
PC,10,WLNP-4-3,871,,-113.895971,49.078229,,,7060,2018-06-13 04:48:00,9927,Transcribed,180s,1SPM,DUFL,Dusky Flycatcher,EMPIDONAX OBERHOLSERI,1,117560,1,Song,3.33,0.55,-55.58,f,,Christopher Wagner,39,,
PC,10,WLNP-4-3,871,,-113.895971,49.078229,,,7060,2018-06-13 04:48:00,9927,Transcribed,180s,1SPM,WETA,Western Tanager,PIRANGA LUDOVICIANA,1,47366,1,Song,62.50,5.29,-51.29,f,,Christopher Wagner,39,,
PC,10,WLNP-4-3,871,,-113.895971,49.078229,,,7060,2018-06-13 04:48:00,9927,Transcribed,180s,1SPM,WETA,Western Tanager,PIRANGA LUDOVICIANA,1,47369,1,Song,0.00,3.06,-45.88,f,,Christopher Wagner,39,,
PC,10,WLNP-4-3,871,,-113.895971,49.078229,,,7060,2018-06-13 04:48:00,9927,Transcribed,180s,1SPM,WETA,Western Tanager,PIRANGA LUDOVICIANA,1,47368,1,Song,123.44,2.51,-41.77,f,,Christopher Wagner,39,,
PC,10,WLNP-4-3,871,,-113.895971,49.078229,,,7060,2018-06-13 04:48:00,9927,Transcribed,180s,1SPM,WIWA,Wilson's Warbler,CARDELLINA PUSILLA,1,47411,1,Song,125.70,2.03,-45.66,f,,Christopher Wagner,39,"",
PC,10,WLNP-4-3,871,,-113.895971,49.078229,,,7060,2018-06-13 04:48:00,9927,Transcribed,180s,1SPM,WIWA,Wilson's Warbler,CARDELLINA PUSILLA,1,47404,1,Song,0.04,1.93,-46.22,f,,Christopher Wagner,39,"",
PC,10,WLNP-4-3,871,,-113.895971,49.078229,,,7060,2018-06-13 04:48:00,9927,Transcribed,180s,1SPM,WIWA,Wilson's Warbler,CARDELLINA PUSILLA,1,47410,1,Song,67.40,2.03,-52.38,f,,Christopher Wagner,39,"",
PC,10,WLNP-4-3,871,,-113.895971,49.078229,,,7060,2018-06-13 04:48:00,9927,Transcribed,180s,1SPM,WCSP,White-crowned Sparrow,ZONOTRICHIA LEUCOPHRYS,3,116338,1,Song,127.78,1.95,-48.13,f,,Christopher Wagner,39,,
PC,10,WLNP-4-3,871,,-113.895971,49.078229,,,7060,2018-06-13 04:48:00,9927,Transcribed,180s,1SPM,WCSP,White-crowned Sparrow,ZONOTRICHIA LEUCOPHRYS,3,116337,1,Song,75.09,2.20,-51.42,f,,Christopher Wagner,39,,
PC,10,WLNP-4-3,871,,-113.895971,49.078229,,,7060,2018-06-13 04:48:00,9927,Transcribed,180s,1SPM,WCSP,White-crowned Sparrow,ZONOTRICHIA LEUCOPHRYS,3,116335,1,Song,34.45,2.34,-53.91,f,,Christopher Wagner,39,,
PC,10,WLNP-4-3,871,,-113.895971,49.078229,,,7060,2018-06-13 04:48:00,9927,Transcribed,180s,1SPM,WCSP,White-crowned Sparrow,ZONOTRICHIA LEUCOPHRYS,2,116339,1,Song,134.95,1.86,-43.55,f,,Christopher Wagner,39,,
PC,10,WLNP-4-3,871,,-113.895971,49.078229,,,7060,2018-06-13 04:48:00,9927,Transcribed,180s,1SPM,WCSP,White-crowned Sparrow,ZONOTRICHIA LEUCOPHRYS,2,116336,1,Song,65.36,2.25,-51.24,f,,Christopher Wagner,39,,
PC,10,WLNP-4-3,871,,-113.895971,49.078229,,,7060,2018-06-13 04:48:00,9927,Transcribed,180s,1SPM,WCSP,White-crowned Sparrow,ZONOTRICHIA LEUCOPHRYS,2,116334,1,Song,19.93,2.01,-52.97,f,,Christopher Wagner,39,,
PC,10,WLNP-4-3,871,,-113.895971,49.078229,,,7060,2018-06-13 04:48:00,9927,Transcribed,180s,1SPM,WCSP,White-crowned Sparrow,ZONOTRICHIA LEUCOPHRYS,1,47408,1,Song,62.21,1.63,-59.05,f,,Christopher Wagner,39,"",
PC,10,WLNP-4-3,871,,-113.895971,49.078229,,,7060,2018-06-13 04:48:00,9927,Transcribed,180s,1SPM,WCSP,White-crowned Sparrow,ZONOTRICHIA LEUCOPHRYS,1,47407,1,Song,4.76,1.59,-50,f,,Christopher Wagner,39,"",
PC,10,WLNP-4-3,871,,-113.895971,49.078229,,,7060,2018-06-13 04:48:00,9927,Transcribed,180s,1SPM,WCSP,White-crowned Sparrow,ZONOTRICHIA LEUCOPHRYS,1,47413,1,Song,124.74,1.45,-43.26,f,,Christopher Wagner,39,"",
PC,10,WLNP-4-3,871,,-113.895971,49.078229,,,7060,2018-06-13 04:48:00,9927,Transcribed,180s,1SPM,HETH,Hermit Thrush,CATHARUS GUTTATUS,1,47372,1,Song,62.83,1.38,-58.93,f,,Christopher Wagner,39,,
PC,10,WLNP-4-3,871,,-113.895971,49.078229,,,7060,2018-06-13 04:48:00,9927,Transcribed,180s,1SPM,HETH,Hermit Thrush,CATHARUS GUTTATUS,1,47371,1,Song,14.68,1.43,-56.73,f,,Christopher Wagner,39,,
PC,10,WLNP-4-3,871,,-113.895971,49.078229,,,7060,2018-06-13 04:48:00,9927,Transcribed,180s,1SPM,HETH,Hermit Thrush,CATHARUS GUTTATUS,1,47379,1,Song,175.15,1.20,-45.42,f,,Christopher Wagner,39,,
PC,10,WLNP-4-3,871,,-113.895971,49.078229,,,7060,2018-06-13 04:48:00,9927,Transcribed,180s,1SPM,AMRO,American Robin,TURDUS MIGRATORIUS,1,47370,1,S-C,0.36,4.44,-46.24,f,,Christopher Wagner,39,,
PC,10,WLNP-4-3,871,,-113.895971,49.078229,,,7060,2018-06-13 04:48:00,9927,Transcribed,180s,1SPM,AMRO,American Robin,TURDUS MIGRATORIUS,1,47367,1,S-C,120.16,4.13,-40.35,f,,Christopher Wagner,39,,
PC,10,WLNP-4-3,871,,-113.895971,49.078229,,,7060,2018-06-13 04:48:00,9927,Transcribed,180s,1SPM,AMRO,American Robin,TURDUS MIGRATORIUS,1,47365,1,S-C,60.09,4.28,-58.45,f,,Christopher Wagner,39,,
PC,10,WLNP-4-3,871,,-113.895971,49.078229,,,7060,2018-06-13 04:48:00,9927,Transcribed,180s,1SPM,DEJU,Dark-eyed Junco,JUNCO HYEMALIS,1,47395,1,Song,110.13,1.73,-53.32,f,,Christopher Wagner,39,,
PC,10,WLNP-4-3,871,,-113.895971,49.078229,,,7060,2018-06-13 04:48:00,9927,Transcribed,180s,1SPM,DEJU,Dark-eyed Junco,JUNCO HYEMALIS,1,47394,1,Song,120.03,1.35,-52.72,f,,Christopher Wagner,39,,
PC,10,WLNP-4-3,871,,-113.895971,49.078229,,,7060,2018-06-13 04:48:00,9927,Transcribed,180s,1SPM,DEJU,Dark-eyed Junco,JUNCO HYEMALIS,1,47387,1,Song,0.00,1.23,-45.97,f,,Christopher Wagner,39,,
PC,10,WLNP-4-3,871,,-113.895971,49.078229,,,7060,2018-06-13 04:48:00,9927,Transcribed,180s,1SPM,HOWR,House Wren,TROGLODYTES AEDON,1,47377,1,Song,20.75,2.34,-54.54,f,,Christopher Wagner,39,,
PC,10,WLNP-4-3,871,,-113.895971,49.078229,,,7060,2018-06-13 04:48:00,9927,Transcribed,180s,1SPM,HOWR,House Wren,TROGLODYTES AEDON,1,47373,1,Song,127.86,2.06,-49.82,f,,Christopher Wagner,39,,
PC,10,WLNP-4-3,871,,-113.895971,49.078229,,,7060,2018-06-13 04:48:00,9927,Transcribed,180s,1SPM,HOWR,House Wren,TROGLODYTES AEDON,1,47374,1,Song,60.49,3.61,-57.33,f,,Christopher Wagner,39,,
PC,10,WLNP-4-3,871,,-113.895971,49.078229,,,7060,2018-06-13 04:48:00,9927,Transcribed,180s,1SPM,UNKN,Unidentified signal,"",1,47412,1,Song,123.34,1.34,-45.06,f,,Christopher Wagner,39,Sounds like a WTSP but with odd harsh accented double note end confidence:To Be Checked,
PC,10,WLNP-4-3,871,,-113.895971,49.078229,,,7060,2018-06-13 04:48:00,9927,Transcribed,180s,1SPM,UNKN,Unidentified signal,"",1,47409,1,Song,70.18,1.68,-55.14,f,,Christopher Wagner,39,Sounds like a WTSP but with odd harsh accented double note end confidence:To Be Checked,
PC,10,WLNP-4-3,871,,-113.895971,49.078229,,,7060,2018-06-13 04:48:00,9927,Transcribed,180s,1SPM,UNKN,Unidentified signal,"",1,47406,1,Song,4.26,1.69,-50.04,f,,Christopher Wagner,39,Sounds like a WTSP but with odd harsh accented double note end confidence:To Be Checked,
PC,10,WLNP-4-3,871,,-113.895971,49.078229,,,6998,2018-06-14 04:48:00,10001,Transcribed,180s,1SPM,UNKN,Unidentified signal,"",1,47168,1,Call,64.83,0.45,-50.9,f,,Tyne Baker,23,SBDO?LESA? confidence:To Be Checked,"Heavy chorus, blends into other trills"
PC,10,WLNP-4-3,871,,-113.895971,49.078229,,,6998,2018-06-14 04:48:00,10001,Transcribed,180s,1SPM,BCCH,Black-capped Chickadee,POECILE ATRICAPILLUS,1,47172,1,Song,121.30,1.23,-52.62,f,,Tyne Baker,23,starts higher pitched,"Heavy chorus, blends into other trills"
PC,10,WLNP-4-3,871,,-113.895971,49.078229,,,6998,2018-06-14 04:48:00,10001,Transcribed,180s,1SPM,BCCH,Black-capped Chickadee,POECILE ATRICAPILLUS,1,47169,1,Song,69.78,1.15,-49.69,f,,Tyne Baker,23,starts higher pitched,"Heavy chorus, blends into other trills"
PC,10,WLNP-4-3,871,,-113.895971,49.078229,,,6998,2018-06-14 04:48:00,10001,Transcribed,180s,1SPM,CHSP,Chipping Sparrow,SPIZELLA PASSERINA,1,47176,TMTT,Song,120.05,1.38,-53,f,,Tyne Baker,23,"AE:2-4, some with very similar syllable structure, overlap","Heavy chorus, blends into other trills"
PC,10,WLNP-4-3,871,,-113.895971,49.078229,,,6998,2018-06-14 04:48:00,10001,Transcribed,180s,1SPM,CHSP,Chipping Sparrow,SPIZELLA PASSERINA,1,47131,TMTT,Song,0.01,0.69,-51.84,f,,Tyne Baker,23,"AE:2-4, some with very similar syllable structure, overlap","Heavy chorus, blends into other trills"
PC,10,WLNP-4-3,871,,-113.895971,49.078229,,,6998,2018-06-14 04:48:00,10001,Transcribed,180s,1SPM,CHSP,Chipping Sparrow,SPIZELLA PASSERINA,1,47163,TMTT,Song,60.05,0.68,-48.44,f,,Tyne Baker,23,"AE:2-4, some with very similar syllable structure, overlap","Heavy chorus, blends into other trills"
PC,10,WLNP-4-3,871,,-113.895971,49.078229,,,6998,2018-06-14 04:48:00,10001,Transcribed,180s,1SPM,RWBL,Red-winged Blackbird,AGELAIUS PHOENICEUS,1,47165,TMTT,Call,60.51,0.56,-58.61,f,,Tyne Baker,23,AE:2-4,"Heavy chorus, blends into other trills"
PC,10,WLNP-4-3,871,,-113.895971,49.078229,,,6998,2018-06-14 04:48:00,10001,Transcribed,180s,1SPM,RWBL,Red-winged Blackbird,AGELAIUS PHOENICEUS,1,47179,TMTT,Call,124.88,0.83,-60.8,f,,Tyne Baker,23,AE:2-4,"Heavy chorus, blends into other trills"
PC,10,WLNP-4-3,871,,-113.895971,49.078229,,,6998,2018-06-14 04:48:00,10001,Transcribed,180s,1SPM,RWBL,Red-winged Blackbird,AGELAIUS PHOENICEUS,1,47142,TMTT,Call,2.48,1.66,-46.75,f,,Tyne Baker,23,AE:2-4,"Heavy chorus, blends into other trills"
PC,10,WLNP-4-3,871,,-113.895971,49.078229,,,6998,2018-06-14 04:48:00,10001,Transcribed,180s,1SPM,BCCH,Black-capped Chickadee,POECILE ATRICAPILLUS,2,47170,1,Song,70.99,1.00,-53.54,f,,Tyne Baker,23,starts lower pitched,"Heavy chorus, blends into other trills"
PC,10,WLNP-4-3,871,,-113.895971,49.078229,,,6998,2018-06-14 04:48:00,10001,Transcribed,180s,1SPM,BCCH,Black-capped Chickadee,POECILE ATRICAPILLUS,3,47173,1,Song,120.96,1.03,-54.54,f,,Tyne Baker,23,quietest,"Heavy chorus, blends into other trills"
PC,10,WLNP-4-3,871,,-113.895971,49.078229,,,6998,2018-06-14 04:48:00,10001,Transcribed,180s,1SPM,BCCH,Black-capped Chickadee,POECILE ATRICAPILLUS,3,47171,1,Song,72.11,0.96,-53.15,f,,Tyne Baker,23,quietest,"Heavy chorus, blends into other trills"
PC,10,WLNP-4-3,871,,-113.895971,49.078229,,,6998,2018-06-14 04:48:00,10001,Transcribed,180s,1SPM,UNKN,Unidentified signal,"",1,47160,1,Call,0.48,1.78,-50.22,f,,Tyne Baker,23,SBDO?LESA? confidence:To Be Checked,"Heavy chorus, blends into other trills"
PC,10,WLNP-4-3,871,,-113.895971,49.078229,,,6998,2018-06-14 04:48:00,10001,Transcribed,180s,1SPM,UNTR,Unidentified Trill,"",1,47182,1,Song,140.93,1.40,-48.74,f,,Tyne Baker,23,,"Heavy chorus, blends into other trills"
PC,10,WLNP-4-3,871,,-113.895971,49.078229,,,6998,2018-06-14 04:48:00,10001,Transcribed,180s,1SPM,UNTR,Unidentified Trill,"",1,47166,1,Song,61.78,1.30,-54.2,f,,Tyne Baker,23,,"Heavy chorus, blends into other trills"
PC,10,WLNP-4-3,871,,-113.895971,49.078229,,,6998,2018-06-14 04:48:00,10001,Transcribed,180s,1SPM,TRES,Tree Swallow,TACHYCINETA BICOLOR,1,47183,1,Call,142.83,2.36,-60.1,f,,Tyne Baker,23,"","Heavy chorus, blends into other trills"
PC,10,WLNP-4-3,871,,-113.895971,49.078229,,,6998,2018-06-14 04:48:00,10001,Transcribed,180s,1SPM,DEJU,Dark-eyed Junco,JUNCO HYEMALIS,1,47180,1,Song,124.19,1.80,-52.16,f,,Tyne Baker,23,,"Heavy chorus, blends into other trills"
PC,10,WLNP-4-3,871,,-113.895971,49.078229,,,6998,2018-06-14 04:48:00,10001,Transcribed,180s,1SPM,AMRO,American Robin,TURDUS MIGRATORIUS,1,47162,TMTT,Song,60.10,0.80,-48.94,f,,Tyne Baker,23,AE:2-3,"Heavy chorus, blends into other trills"
PC,10,WLNP-4-3,871,,-113.895971,49.078229,,,6998,2018-06-14 04:48:00,10001,Transcribed,180s,1SPM,AMRO,American Robin,TURDUS MIGRATORIUS,1,47152,TMTT,Song,4.45,1.39,-51.83,f,,Tyne Baker,23,AE:2-3,"Heavy chorus, blends into other trills"
PC,10,WLNP-4-3,871,,-113.895971,49.078229,,,6998,2018-06-14 04:48:00,10001,Transcribed,180s,1SPM,AMRO,American Robin,TURDUS MIGRATORIUS,1,47177,TMTT,Song,121.61,1.73,-51.22,f,,Tyne Baker,23,AE:2-3,"Heavy chorus, blends into other trills"
PC,10,WLNP-4-3,871,,-113.895971,49.078229,,,6998,2018-06-14 04:48:00,10001,Transcribed,180s,1SPM,WCSP,White-crowned Sparrow,ZONOTRICHIA LEUCOPHRYS,1,47138,TMTT,Song,6.28,1.88,-45.58,f,,Tyne Baker,23,AE:2-4 some distant,"Heavy chorus, blends into other trills"
PC,10,WLNP-4-3,871,,-113.895971,49.078229,,,6998,2018-06-14 04:48:00,10001,Transcribed,180s,1SPM,WCSP,White-crowned Sparrow,ZONOTRICHIA LEUCOPHRYS,1,47167,TMTT,Song,63.85,1.03,-51.17,f,,Tyne Baker,23,AE:2-4 some distant,"Heavy chorus, blends into other trills"
PC,10,WLNP-4-3,871,,-113.895971,49.078229,,,6998,2018-06-14 04:48:00,10001,Transcribed,180s,1SPM,WCSP,White-crowned Sparrow,ZONOTRICHIA LEUCOPHRYS,1,47181,TMTT,Song,131.29,2.64,-49.49,f,,Tyne Baker,23,AE:2-4 some distant,"Heavy chorus, blends into other trills"
PC,10,WLNP-4-3,871,,-113.895971,49.078229,,,6998,2018-06-14 04:48:00,10001,Transcribed,180s,1SPM,SWTH,Swainson's Thrush,CATHARUS USTULATUS,1,47154,1,Song,2.81,1.49,-48.8,f,,Tyne Baker,23,,"Heavy chorus, blends into other trills"
PC,10,WLNP-4-3,871,,-113.895971,49.078229,,,6998,2018-06-14 04:48:00,10001,Transcribed,180s,1SPM,SWTH,Swainson's Thrush,CATHARUS USTULATUS,1,47164,1,Song,60.95,0.86,-52.58,f,,Tyne Baker,23,,"Heavy chorus, blends into other trills"
PC,10,WLNP-4-3,871,,-113.895971,49.078229,,,6998,2018-06-14 04:48:00,10001,Transcribed,180s,1SPM,SWTH,Swainson's Thrush,CATHARUS USTULATUS,1,47178,1,Song,128.26,1.40,-53.25,f,,Tyne Baker,23,,"Heavy chorus, blends into other trills"
PC,10,WLNP-4-3,871,,-113.895971,49.078229,,,6998,2018-06-14 04:48:00,10001,Transcribed,180s,1SPM,BCCH,Black-capped Chickadee,POECILE ATRICAPILLUS,2,47175,1,Song,124.99,1.15,-55.94,f,,Tyne Baker,23,starts lower pitched,"Heavy chorus, blends into other trills"
PC,10,WLNP-4-3,871,,-113.895971,49.078229,,,7049,2018-06-15 04:48:00,9916,Transcribed,180s,1SPM,UNPA,Unidentified Passerine,"",2,41144,1,Call,150.33,3.64,-65.15,f,,Christopher Moser-Purdy,37,"High pitched calls, potentially different from UNPA1 since calls are fairly different",Probably more stuff in the background but can't discern anything behind the vireos
PC,10,WLNP-4-3,871,,-113.895971,49.078229,,,7049,2018-06-15 04:48:00,9916,Transcribed,180s,1SPM,UNPA,Unidentified Passerine,"",1,41131,1,Call,83.11,4.68,-60.19,f,,Christopher Moser-Purdy,37,High pitched calls,Probably more stuff in the background but can't discern anything behind the vireos
PC,10,WLNP-4-3,871,,-113.895971,49.078229,,,7049,2018-06-15 04:48:00,9916,Transcribed,180s,1SPM,REVI,Red-eyed Vireo,VIREO OLIVACEUS,1,41127,TMTT,Song,60.08,8.89,-44.38,f,,Christopher Moser-Purdy,37,AE:3-5,Probably more stuff in the background but can't discern anything behind the vireos
PC,10,WLNP-4-3,871,,-113.895971,49.078229,,,7049,2018-06-15 04:48:00,9916,Transcribed,180s,1SPM,REVI,Red-eyed Vireo,VIREO OLIVACEUS,1,41134,TMTT,Song,120.06,6.60,-46.37,f,,Christopher Moser-Purdy,37,AE:3-5,Probably more stuff in the background but can't discern anything behind the vireos
PC,10,WLNP-4-3,871,,-113.895971,49.078229,,,7049,2018-06-15 04:48:00,9916,Transcribed,180s,1SPM,VESP,Vesper Sparrow,POOECETES GRAMINEUS,1,41235,1,Song,86.65,3.24,-45.84,f,,Christopher Moser-Purdy,37,,Probably more stuff in the background but can't discern anything behind the vireos
PC,10,WLNP-4-3,871,,-113.895971,49.078229,,,7049,2018-06-15 04:48:00,9916,Transcribed,180s,1SPM,VESP,Vesper Sparrow,POOECETES GRAMINEUS,1,41142,1,Song,157.58,2.40,-46.38,f,,Christopher Moser-Purdy,37,,Probably more stuff in the background but can't discern anything behind the vireos
PC,10,WLNP-4-3,871,,-113.895971,49.078229,,,7049,2018-06-15 04:48:00,9916,Transcribed,180s,1SPM,VESP,Vesper Sparrow,POOECETES GRAMINEUS,1,41123,1,Song,0.04,2.08,-47.23,f,,Christopher Moser-Purdy,37,,Probably more stuff in the background but can't discern anything behind the vireos
PC,10,WLNP-4-3,871,,-113.895971,49.078229,,,7049,2018-06-15 04:48:00,9916,Transcribed,180s,1SPM,CHSP,Chipping Sparrow,SPIZELLA PASSERINA,2,41132,1,Song,112.68,2.19,-49.85,f,,Christopher Moser-Purdy,37,,Probably more stuff in the background but can't discern anything behind the vireos
PC,10,WLNP-4-3,871,,-113.895971,49.078229,,,7049,2018-06-15 04:48:00,9916,Transcribed,180s,1SPM,CHSP,Chipping Sparrow,SPIZELLA PASSERINA,2,41136,1,Song,121.66,1.30,-50.74,f,,Christopher Moser-Purdy,37,,Probably more stuff in the background but can't discern anything behind the vireos
PC,10,WLNP-4-3,871,,-113.895971,49.078229,,,7049,2018-06-15 04:48:00,9916,Transcribed,180s,1SPM,SWTH,Swainson's Thrush,CATHARUS USTULATUS,1,119269,1,Song,125.04,1.91,-45.23,f,,Christopher Moser-Purdy,37,,Probably more stuff in the background but can't discern anything behind the vireos
PC,10,WLNP-4-3,871,,-113.895971,49.078229,,,7049,2018-06-15 04:48:00,9916,Transcribed,180s,1SPM,MOWI,Moderate wind,"",1,114574,1,Song,90.76,4.46,-7.97,f,,Christopher Moser-Purdy,37,,Probably more stuff in the background but can't discern anything behind the vireos
PC,10,WLNP-4-3,871,,-113.895971,49.078229,,,7049,2018-06-15 04:48:00,9916,Transcribed,180s,1SPM,MOWI,Moderate wind,"",1,114568,1,Song,52.74,4.33,-9.57,f,,Christopher Moser-Purdy,37,,Probably more stuff in the background but can't discern anything behind the vireos
PC,10,WLNP-4-3,871,,-113.895971,49.078229,,,7049,2018-06-15 04:48:00,9916,Transcribed,180s,1SPM,LIBA,Light Background Noise,"",1,41147,1,Song,120.14,4.59,-28.35,f,,Christopher Moser-Purdy,37,,Probably more stuff in the background but can't discern anything behind the vireos
PC,10,WLNP-4-3,871,,-113.895971,49.078229,,,7049,2018-06-15 04:48:00,9916,Transcribed,180s,1SPM,CHSP,Chipping Sparrow,SPIZELLA PASSERINA,1,41133,1,Song,120.11,3.10,-48.31,f,,Christopher Moser-Purdy,37,,Probably more stuff in the background but can't discern anything behind the vireos
PC,10,WLNP-4-3,871,,-113.895971,49.078229,,,7049,2018-06-15 04:48:00,9916,Transcribed,180s,1SPM,SWTH,Swainson's Thrush,CATHARUS USTULATUS,1,41120,1,Song,2.48,2.30,-45.31,f,,Christopher Moser-Purdy,37,,Probably more stuff in the background but can't discern anything behind the vireos
PC,10,WLNP-4-3,871,,-113.895971,49.078229,,,7049,2018-06-15 04:48:00,9916,Transcribed,180s,1SPM,WISN,Wilson's Snipe,GALLINAGO DELICATA,1,41130,1,Non-vocal,79.58,2.45,-23.93,f,,Christopher Moser-Purdy,37,"",Probably more stuff in the background but can't discern anything behind the vireos
PC,10,WLNP-4-3,871,,-113.895971,49.078229,,,7049,2018-06-15 04:48:00,9916,Transcribed,180s,1SPM,WISN,Wilson's Snipe,GALLINAGO DELICATA,1,41124,1,Non-vocal,39.60,0.99,-30.57,f,,Christopher Moser-Purdy,37,"",Probably more stuff in the background but can't discern anything behind the vireos
PC,10,WLNP-4-3,871,,-113.895971,49.078229,,,7049,2018-06-15 04:48:00,9916,Transcribed,180s,1SPM,WCSP,White-crowned Sparrow,ZONOTRICHIA LEUCOPHRYS,3,119268,1,Song,74.24,1.66,-48.63,f,,Christopher Moser-Purdy,37,,Probably more stuff in the background but can't discern anything behind the vireos
PC,10,WLNP-4-3,871,,-113.895971,49.078229,,,7049,2018-06-15 04:48:00,9916,Transcribed,180s,1SPM,WCSP,White-crowned Sparrow,ZONOTRICHIA LEUCOPHRYS,3,119263,1,Song,15.51,1.79,-41.23,f,,Christopher Moser-Purdy,37,,Probably more stuff in the background but can't discern anything behind the vireos
PC,10,WLNP-4-3,871,,-113.895971,49.078229,,,7049,2018-06-15 04:48:00,9916,Transcribed,180s,1SPM,WCSP,White-crowned Sparrow,ZONOTRICHIA LEUCOPHRYS,2,119267,1,Song,65.48,1.41,-52.51,f,,Christopher Moser-Purdy,37,,Probably more stuff in the background but can't discern anything behind the vireos
PC,10,WLNP-4-3,871,,-113.895971,49.078229,,,7049,2018-06-15 04:48:00,9916,Transcribed,180s,1SPM,WCSP,White-crowned Sparrow,ZONOTRICHIA LEUCOPHRYS,2,119262,1,Song,13.39,1.59,-54.25,f,,Christopher Moser-Purdy,37,,Probably more stuff in the background but can't discern anything behind the vireos
PC,10,WLNP-4-3,871,,-113.895971,49.078229,,,7049,2018-06-15 04:48:00,9916,Transcribed,180s,1SPM,WCSP,White-crowned Sparrow,ZONOTRICHIA LEUCOPHRYS,1,41140,1,Song,125.08,2.31,-45.13,f,,Christopher Moser-Purdy,37,,Probably more stuff in the background but can't discern anything behind the vireos
PC,10,WLNP-4-3,871,,-113.895971,49.078229,,,7049,2018-06-15 04:48:00,9916,Transcribed,180s,1SPM,WCSP,White-crowned Sparrow,ZONOTRICHIA LEUCOPHRYS,1,41126,1,Song,60.31,2.40,-44.37,f,,Christopher Moser-Purdy,37,,Probably more stuff in the background but can't discern anything behind the vireos
PC,10,WLNP-4-3,871,,-113.895971,49.078229,,,7049,2018-06-15 04:48:00,9916,Transcribed,180s,1SPM,WCSP,White-crowned Sparrow,ZONOTRICHIA LEUCOPHRYS,1,41119,1,Song,0.10,1.94,-46.83,f,,Christopher Moser-Purdy,37,,Probably more stuff in the background but can't discern anything behind the vireos
PC,10,WLNP-4-3,871,,-113.895971,49.078229,,,7049,2018-06-15 04:48:00,9916,Transcribed,180s,1SPM,AMRO,American Robin,TURDUS MIGRATORIUS,1,41236,TMTT,Song,67.50,3.44,-50.06,f,,Christopher Moser-Purdy,37,"AE:3-5, lots of overlapping robins, hard to distinguish",Probably more stuff in the background but can't discern anything behind the vireos
PC,10,WLNP-4-3,871,,-113.895971,49.078229,,,7049,2018-06-15 04:48:00,9916,Transcribed,180s,1SPM,AMRO,American Robin,TURDUS MIGRATORIUS,1,41137,TMTT,Song,127.18,1.66,-48.31,f,,Christopher Moser-Purdy,37,"AE:3-5, lots of overlapping robins, hard to distinguish",Probably more stuff in the background but can't discern anything behind the vireos
PC,10,WLNP-4-3,871,,-113.895971,49.078229,,,7049,2018-06-15 04:48:00,9916,Transcribed,180s,1SPM,AMRO,American Robin,TURDUS MIGRATORIUS,1,41122,TMTT,Song,0.34,6.33,-45.29,f,,Christopher Moser-Purdy,37,"AE:3-5, lots of overlapping robins, hard to distinguish",Probably more stuff in the background but can't discern anything behind the vireos
PC,10,WLNP-4-3,871,,-113.895971,49.078229,,,7049,2018-06-15 04:48:00,9916,Transcribed,180s,1SPM,HOWR,House Wren,TROGLODYTES AEDON,1,119271,1,Song,157.59,2.65,-46.22,f,,Christopher Moser-Purdy,37,,Probably more stuff in the background but can't discern anything behind the vireos
PC,10,WLNP-4-3,871,,-113.895971,49.078229,,,7049,2018-06-15 04:48:00,9916,Transcribed,180s,1SPM,TRES,Tree Swallow,TACHYCINETA BICOLOR,1,119264,1,Song,31.33,1.40,-56.39,f,,Christopher Moser-Purdy,37,,Probably more stuff in the background but can't discern anything behind the vireos
PC,10,WLNP-4-3,871,,-113.895971,49.078229,,,7049,2018-06-15 04:48:00,9916,Transcribed,180s,1SPM,TRES,Tree Swallow,TACHYCINETA BICOLOR,1,119270,1,Song,154.79,1.06,-58.21,f,,Christopher Moser-Purdy,37,,Probably more stuff in the background but can't discern anything behind the vireos
PC,10,WLNP-4-3,871,,-113.895971,49.078229,,,7049,2018-06-15 04:48:00,9916,Transcribed,180s,1SPM,LIWI,Light wind,"",1,41138,1,Song,125.98,3.09,-15.12,f,,Christopher Moser-Purdy,37,,Probably more stuff in the background but can't discern anything behind the vireos
PC,10,WLNP-4-3,871,,-113.895971,49.078229,,,7049,2018-06-15 04:48:00,9916,Transcribed,180s,1SPM,LIWI,Light wind,"",1,41233,1,Song,60.14,4.65,-20.19,f,,Christopher Moser-Purdy,37,,Probably more stuff in the background but can't discern anything behind the vireos
PC,10,WLNP-4-3,871,,-113.895971,49.078229,,,7049,2018-06-15 04:48:00,9916,Transcribed,180s,1SPM,LIWI,Light wind,"",1,119266,1,Song,0.08,4.83,-28.94,f,,Christopher Moser-Purdy,37,,Probably more stuff in the background but can't discern anything behind the vireos
PC,10,WLNP-4-3,871,,-113.895971,49.078229,,,7049,2018-06-15 04:48:00,9916,Transcribed,180s,1SPM,WETA,Western Tanager,PIRANGA LUDOVICIANA,1,41143,1,Song,76.91,6.09,-47.89,f,,Christopher Moser-Purdy,37,,Probably more stuff in the background but can't discern anything behind the vireos
PC,10,WLNP-4-3,871,,-113.895971,49.078229,,,7049,2018-06-15 04:48:00,9916,Transcribed,180s,1SPM,WETA,Western Tanager,PIRANGA LUDOVICIANA,1,41139,1,Song,138.88,1.74,-50.21,f,,Christopher Moser-Purdy,37,,Probably more stuff in the background but can't discern anything behind the vireos
PC,10,WLNP-4-3,871,,-113.895971,49.078229,,,7049,2018-06-15 04:48:00,9916,Transcribed,180s,1SPM,OSFL,Olive-sided Flycatcher,CONTOPUS COOPERI,1,41128,1,Song,67.09,1.48,-50.36,f,,Christopher Moser-Purdy,37,,Probably more stuff in the background but can't discern anything behind the vireos
PC,10,WLNP-4-3,871,,-113.895971,49.078229,,,7049,2018-06-15 04:48:00,9916,Transcribed,180s,1SPM,OSFL,Olive-sided Flycatcher,CONTOPUS COOPERI,1,41135,1,Song,120.05,0.66,-52.94,f,,Christopher Moser-Purdy,37,,Probably more stuff in the background but can't discern anything behind the vireos
PC,10,WLNP-4-3,871,,-113.895971,49.078229,,,7049,2018-06-15 04:48:00,9916,Transcribed,180s,1SPM,OSFL,Olive-sided Flycatcher,CONTOPUS COOPERI,1,41234,1,Song,0.86,1.30,-46.82,f,,Christopher Moser-Purdy,37,,Probably more stuff in the background but can't discern anything behind the vireos
PC,10,WLNP-4-3,871,,-113.895971,49.078229,,,7049,2018-06-15 04:48:00,9916,Transcribed,180s,1SPM,CHSP,Chipping Sparrow,SPIZELLA PASSERINA,1,41129,1,Song,66.73,2.15,-52.1,f,,Christopher Moser-Purdy,37,,Probably more stuff in the background but can't discern anything behind the vireos
PC,10,WLNP-4-4,870,,-113.895542,49.080039,,,6957,2018-06-10 04:49:00,9960,Transcribed,180s,1SPM,WETA,Western Tanager,PIRANGA LUDOVICIANA,1,49976,1,Call,0.91,0.39,-48.83,f,,Jake Lewis,27,,
PC,10,WLNP-4-4,870,,-113.895542,49.080039,,,6957,2018-06-10 04:49:00,9960,Transcribed,180s,1SPM,SWTH,Swainson's Thrush,CATHARUS USTULATUS,1,49975,1,Song,26.50,1.50,-40.75,f,,Jake Lewis,27,,
PC,10,WLNP-4-4,870,,-113.895542,49.080039,,,6957,2018-06-10 04:49:00,9960,Transcribed,180s,1SPM,SWTH,Swainson's Thrush,CATHARUS USTULATUS,1,50036,1,Song,125.94,0.88,-45.22,f,,Jake Lewis,27,,
PC,10,WLNP-4-4,870,,-113.895542,49.080039,,,6957,2018-06-10 04:49:00,9960,Transcribed,180s,1SPM,SWTH,Swainson's Thrush,CATHARUS USTULATUS,1,49977,1,Song,61.31,1.03,-40.91,f,,Jake Lewis,27,,
PC,10,WLNP-4-4,870,,-113.895542,49.080039,,,6957,2018-06-10 04:49:00,9960,Transcribed,180s,1SPM,WCSP,White-crowned Sparrow,ZONOTRICHIA LEUCOPHRYS,1,50040,1,Song,86.83,1.43,-39.44,f,,Jake Lewis,27,,
PC,10,WLNP-4-4,870,,-113.895542,49.080039,,,6957,2018-06-10 04:49:00,9960,Transcribed,180s,1SPM,WCSP,White-crowned Sparrow,ZONOTRICHIA LEUCOPHRYS,1,50041,1,Song,120.03,0.39,-56.28,f,,Jake Lewis,27,,
PC,10,WLNP-4-4,870,,-113.895542,49.080039,,,6957,2018-06-10 04:49:00,9960,Transcribed,180s,1SPM,WCSP,White-crowned Sparrow,ZONOTRICHIA LEUCOPHRYS,1,50038,1,Song,3.10,1.40,-49.73,f,,Jake Lewis,27,,
PC,10,WLNP-4-4,870,,-113.895542,49.080039,,,6957,2018-06-10 04:49:00,9960,Transcribed,180s,1SPM,AMRO,American Robin,TURDUS MIGRATORIUS,1,50034,TMTT,Song,120.19,3.20,-48.59,f,,Jake Lewis,27,AE:1-2,
PC,10,WLNP-4-4,870,,-113.895542,49.080039,,,6957,2018-06-10 04:49:00,9960,Transcribed,180s,1SPM,AMRO,American Robin,TURDUS MIGRATORIUS,1,49973,TMTT,Song,60.03,2.91,-41.4,f,,Jake Lewis,27,AE:1-2,
PC,10,WLNP-4-4,870,,-113.895542,49.080039,,,6957,2018-06-10 04:49:00,9960,Transcribed,180s,1SPM,AMRO,American Robin,TURDUS MIGRATORIUS,1,49971,TMTT,Song,0.03,3.69,-42.61,f,,Jake Lewis,27,AE:1-2,
PC,10,WLNP-4-4,870,,-113.895542,49.080039,,,6957,2018-06-10 04:49:00,9960,Transcribed,180s,1SPM,BCCH,Black-capped Chickadee,POECILE ATRICAPILLUS,1,50035,TMTT,Song,121.88,3.93,-48.68,f,,Jake Lewis,27,AE:1-2,
PC,10,WLNP-4-4,870,,-113.895542,49.080039,,,6957,2018-06-10 04:49:00,9960,Transcribed,180s,1SPM,BCCH,Black-capped Chickadee,POECILE ATRICAPILLUS,1,49974,TMTT,Song,60.03,2.91,-41.53,f,,Jake Lewis,27,AE:1-2,
PC,10,WLNP-4-4,870,,-113.895542,49.080039,,,6957,2018-06-10 04:49:00,9960,Transcribed,180s,1SPM,BCCH,Black-capped Chickadee,POECILE ATRICAPILLUS,1,49970,TMTT,Song,0.50,2.70,-42.96,f,,Jake Lewis,27,AE:1-2,
PC,10,WLNP-4-4,870,,-113.895542,49.080039,,,6957,2018-06-10 04:49:00,9960,Transcribed,180s,1SPM,CHSP,Chipping Sparrow,SPIZELLA PASSERINA,1,49979,1,Song,71.58,2.04,-44.58,f,,Jake Lewis,27,,
PC,10,WLNP-4-4,870,,-113.895542,49.080039,,,6957,2018-06-10 04:49:00,9960,Transcribed,180s,1SPM,CHSP,Chipping Sparrow,SPIZELLA PASSERINA,1,50033,1,Song,126.40,2.03,-45.93,f,,Jake Lewis,27,,
PC,10,WLNP-4-4,870,,-113.895542,49.080039,,,6957,2018-06-10 04:49:00,9960,Transcribed,180s,1SPM,WETA,Western Tanager,PIRANGA LUDOVICIANA,1,49978,1,Song,60.61,2.64,-40.62,f,,Jake Lewis,27,,
PC,10,WLNP-4-4,870,,-113.895542,49.080039,,,6957,2018-06-10 04:49:00,9960,Transcribed,180s,1SPM,YEWA,Yellow Warbler,SETOPHAGA PETECHIA,1,49982,1,Song,120.44,1.53,-41.97,f,,Jake Lewis,27,,
PC,10,WLNP-4-4,870,,-113.895542,49.080039,,,6957,2018-06-10 04:49:00,9960,Transcribed,180s,1SPM,WIWA,Wilson's Warbler,CARDELLINA PUSILLA,1,50037,1,Song,0.04,0.38,-49.89,f,,Jake Lewis,27,,
PC,10,WLNP-4-4,870,,-113.895542,49.080039,,,6957,2018-06-10 04:49:00,9960,Transcribed,180s,1SPM,WIWA,Wilson's Warbler,CARDELLINA PUSILLA,1,50042,1,Song,125.05,1.54,-44.97,f,,Jake Lewis,27,,
PC,10,WLNP-4-4,870,,-113.895542,49.080039,,,6957,2018-06-10 04:49:00,9960,Transcribed,180s,1SPM,WIWA,Wilson's Warbler,CARDELLINA PUSILLA,1,50039,1,Song,62.70,1.53,-43.67,f,,Jake Lewis,27,,
PC,10,WLNP-4-4,870,,-113.895542,49.080039,,,6957,2018-06-10 04:49:00,9960,Transcribed,180s,1SPM,YEWA,Yellow Warbler,SETOPHAGA PETECHIA,1,49972,1,Song,0.44,1.44,-42.85,f,,Jake Lewis,27,,
PC,10,WLNP-4-4,870,,-113.895542,49.080039,,,6957,2018-06-10 04:49:00,9960,Transcribed,180s,1SPM,YEWA,Yellow Warbler,SETOPHAGA PETECHIA,1,50032,1,Song,79.13,0.96,-41.12,f,,Jake Lewis,27,,
PC,10,WLNP-4-4,870,,-113.895542,49.080039,,,6999,2018-06-13 04:48:00,10002,Transcribed,180s,1SPM,CHSP,Chipping Sparrow,SPIZELLA PASSERINA,1,47228,1,Song,60.45,3.04,-57.42,f,,Tyne Baker,23,"","Possible rushing water in background, distant"
PC,10,WLNP-4-4,870,,-113.895542,49.080039,,,6999,2018-06-13 04:48:00,10002,Transcribed,180s,1SPM,OSFL,Olive-sided Flycatcher,CONTOPUS COOPERI,1,47246,1,Song,126.90,0.93,-54.3,f,,Tyne Baker,23,"","Possible rushing water in background, distant"
PC,10,WLNP-4-4,870,,-113.895542,49.080039,,,6999,2018-06-13 04:48:00,10002,Transcribed,180s,1SPM,WETA,Western Tanager,PIRANGA LUDOVICIANA,1,47237,TMTT,S-C,120.08,0.86,-46.93,f,,Tyne Baker,23,"AE:2-3, heavily overlapping and quieter WETA blending with thrushes.","Possible rushing water in background, distant"
PC,10,WLNP-4-4,870,,-113.895542,49.080039,,,6999,2018-06-13 04:48:00,10002,Transcribed,180s,1SPM,WETA,Western Tanager,PIRANGA LUDOVICIANA,1,47231,TMTT,Song,60.03,0.60,-57.38,f,,Tyne Baker,23,"AE:2-3, heavily overlapping and quieter WETA blending with thrushes.","Possible rushing water in background, distant"
PC,10,WLNP-4-4,870,,-113.895542,49.080039,,,6999,2018-06-13 04:48:00,10002,Transcribed,180s,1SPM,WETA,Western Tanager,PIRANGA LUDOVICIANA,1,47218,TMTT,Song,0.01,2.49,-49.41,f,,Tyne Baker,23,"AE:2-3, heavily overlapping and quieter WETA blending with thrushes.","Possible rushing water in background, distant"
PC,10,WLNP-4-4,870,,-113.895542,49.080039,,,6999,2018-06-13 04:48:00,10002,Transcribed,180s,1SPM,YEWA,Yellow Warbler,SETOPHAGA PETECHIA,1,47220,1,Song,4.56,1.30,-63.38,f,,Tyne Baker,23,,"Possible rushing water in background, distant"
PC,10,WLNP-4-4,870,,-113.895542,49.080039,,,6999,2018-06-13 04:48:00,10002,Transcribed,180s,1SPM,YEWA,Yellow Warbler,SETOPHAGA PETECHIA,1,47241,1,Song,126.58,1.40,-66.98,f,,Tyne Baker,23,,"Possible rushing water in background, distant"
PC,10,WLNP-4-4,870,,-113.895542,49.080039,,,6999,2018-06-13 04:48:00,10002,Transcribed,180s,1SPM,WIWA,Wilson's Warbler,CARDELLINA PUSILLA,1,47216,1,Song,0.55,1.48,-44.82,f,,Tyne Baker,23,,"Possible rushing water in background, distant"
PC,10,WLNP-4-4,870,,-113.895542,49.080039,,,6999,2018-06-13 04:48:00,10002,Transcribed,180s,1SPM,WIWA,Wilson's Warbler,CARDELLINA PUSILLA,1,47232,1,Song,64.51,1.51,-45.97,f,,Tyne Baker,23,,"Possible rushing water in background, distant"
PC,10,WLNP-4-4,870,,-113.895542,49.080039,,,6999,2018-06-13 04:48:00,10002,Transcribed,180s,1SPM,WIWA,Wilson's Warbler,CARDELLINA PUSILLA,1,47238,1,Song,120.85,1.58,-44.81,f,,Tyne Baker,23,,"Possible rushing water in background, distant"
PC,10,WLNP-4-4,870,,-113.895542,49.080039,,,6999,2018-06-13 04:48:00,10002,Transcribed,180s,1SPM,MOWI,Moderate wind,"",1,47225,1,Non-vocal,40.41,2.61,-7.63,f,,Tyne Baker,23,,"Possible rushing water in background, distant"
PC,10,WLNP-4-4,870,,-113.895542,49.080039,,,6999,2018-06-13 04:48:00,10002,Transcribed,180s,1SPM,DEJU,Dark-eyed Junco,JUNCO HYEMALIS,1,47217,1,Song,0.04,0.56,-55.04,f,,Tyne Baker,23,,"Possible rushing water in background, distant"
PC,10,WLNP-4-4,870,,-113.895542,49.080039,,,6999,2018-06-13 04:48:00,10002,Transcribed,180s,1SPM,DEJU,Dark-eyed Junco,JUNCO HYEMALIS,1,47239,1,Song,120.06,1.36,-49.36,f,,Tyne Baker,23,,"Possible rushing water in background, distant"
PC,10,WLNP-4-4,870,,-113.895542,49.080039,,,6999,2018-06-13 04:48:00,10002,Transcribed,180s,1SPM,SWTH,Swainson's Thrush,CATHARUS USTULATUS,1,47221,1,Song,3.14,1.46,-49.14,f,,Tyne Baker,23,,"Possible rushing water in background, distant"
PC,10,WLNP-4-4,870,,-113.895542,49.080039,,,6999,2018-06-13 04:48:00,10002,Transcribed,180s,1SPM,MOBL,Mountain Bluebird,SIALIA CURRUCOIDES,1,47245,1,Song,127.94,5.23,-56.18,f,,Tyne Baker,23,possibly out of range depending on location of device. Quiet and distant confidence:To Be Checked,"Possible rushing water in background, distant"
PC,10,WLNP-4-4,870,,-113.895542,49.080039,,,6999,2018-06-13 04:48:00,10002,Transcribed,180s,1SPM,DEJU,Dark-eyed Junco,JUNCO HYEMALIS,1,47227,1,Song,61.88,1.70,-56.91,f,,Tyne Baker,23,,"Possible rushing water in background, distant"
PC,10,WLNP-4-4,870,,-113.895542,49.080039,,,6999,2018-06-13 04:48:00,10002,Transcribed,180s,1SPM,MOBL,Mountain Bluebird,SIALIA CURRUCOIDES,1,47226,1,Song,32.46,2.25,-61.21,f,,Tyne Baker,23,possibly out of range depending on location of device. Quiet and distant confidence:To Be Checked,"Possible rushing water in background, distant"
PC,10,WLNP-4-4,870,,-113.895542,49.080039,,,6999,2018-06-13 04:48:00,10002,Transcribed,180s,1SPM,MOBL,Mountain Bluebird,SIALIA CURRUCOIDES,1,47230,1,Song,62.48,1.88,-58.9,f,,Tyne Baker,23,possibly out of range depending on location of device. Quiet and distant confidence:To Be Checked,"Possible rushing water in background, distant"
PC,10,WLNP-4-4,870,,-113.895542,49.080039,,,6999,2018-06-13 04:48:00,10002,Transcribed,180s,1SPM,UNTR,Unidentified Trill,"",1,47222,1,Song,2.61,1.43,-58.91,f,,Tyne Baker,23,suspect YRWA or MOWA or SWSP confidence:Unknown far,"Possible rushing water in background, distant"
PC,10,WLNP-4-4,870,,-113.895542,49.080039,,,6999,2018-06-13 04:48:00,10002,Transcribed,180s,1SPM,WCSP,White-crowned Sparrow,ZONOTRICHIA LEUCOPHRYS,1,47242,TMTT,Song,123.65,2.73,-52.12,f,,Tyne Baker,23,AE:2-3,"Possible rushing water in background, distant"
PC,10,WLNP-4-4,870,,-113.895542,49.080039,,,6999,2018-06-13 04:48:00,10002,Transcribed,180s,1SPM,YRWA,Yellow-rumped Warbler,SETOPHAGA CORONATA,1,47224,1,Song,15.23,2.04,-59.59,f,,Tyne Baker,23,,"Possible rushing water in background, distant"
PC,10,WLNP-4-4,870,,-113.895542,49.080039,,,6999,2018-06-13 04:48:00,10002,Transcribed,180s,1SPM,YRWA,Yellow-rumped Warbler,SETOPHAGA CORONATA,1,47236,1,Song,63.50,1.59,-52.22,f,,Tyne Baker,23,,"Possible rushing water in background, distant"
PC,10,WLNP-4-4,870,,-113.895542,49.080039,,,6999,2018-06-13 04:48:00,10002,Transcribed,180s,1SPM,SWTH,Swainson's Thrush,CATHARUS USTULATUS,1,47229,1,Song,60.76,1.26,-51.84,f,,Tyne Baker,23,,"Possible rushing water in background, distant"
PC,10,WLNP-4-4,870,,-113.895542,49.080039,,,6999,2018-06-13 04:48:00,10002,Transcribed,180s,1SPM,CHSP,Chipping Sparrow,SPIZELLA PASSERINA,1,47240,1,Song,126.13,1.58,-66.85,f,,Tyne Baker,23,"","Possible rushing water in background, distant"
PC,10,WLNP-4-4,870,,-113.895542,49.080039,,,6999,2018-06-13 04:48:00,10002,Transcribed,180s,1SPM,CHSP,Chipping Sparrow,SPIZELLA PASSERINA,1,47219,1,Song,0.04,2.54,-44.16,f,,Tyne Baker,23,"","Possible rushing water in background, distant"
PC,10,WLNP-4-4,870,,-113.895542,49.080039,,,6999,2018-06-13 04:48:00,10002,Transcribed,180s,1SPM,SWTH,Swainson's Thrush,CATHARUS USTULATUS,1,47243,1,Song,121.73,1.25,-46.92,f,,Tyne Baker,23,,"Possible rushing water in background, distant"
PC,10,WLNP-4-4,870,,-113.895542,49.080039,,,6999,2018-06-13 04:48:00,10002,Transcribed,180s,1SPM,WCSP,White-crowned Sparrow,ZONOTRICHIA LEUCOPHRYS,1,47223,TMTT,Song,11.13,1.90,-54.96,f,,Tyne Baker,23,AE:2-3,"Possible rushing water in background, distant"
PC,10,WLNP-4-4,870,,-113.895542,49.080039,,,6990,2018-06-14 05:18:00,9993,Transcribed,180s,1SPM,WETA,Western Tanager,PIRANGA LUDOVICIANA,1,44021,1,Song,121.23,3.66,-56.11,f,,Nicole Boucher,18,,
PC,10,WLNP-4-4,870,,-113.895542,49.080039,,,6990,2018-06-14 05:18:00,9993,Transcribed,180s,1SPM,WETA,Western Tanager,PIRANGA LUDOVICIANA,1,44011,1,Song,70.09,2.96,-47.71,f,,Nicole Boucher,18,,
PC,10,WLNP-4-4,870,,-113.895542,49.080039,,,6990,2018-06-14 05:18:00,9993,Transcribed,180s,1SPM,WETA,Western Tanager,PIRANGA LUDOVICIANA,1,43986,1,Song,4.91,3.36,-46.63,f,,Nicole Boucher,18,,
PC,10,WLNP-4-4,870,,-113.895542,49.080039,,,6990,2018-06-14 05:18:00,9993,Transcribed,180s,1SPM,NOWA,Northern Waterthrush,PARKESIA NOVEBORACENSIS,1,43984,1,Song,0.04,1.15,-42.67,f,,Nicole Boucher,18,,
PC,10,WLNP-4-4,870,,-113.895542,49.080039,,,6990,2018-06-14 05:18:00,9993,Transcribed,180s,1SPM,NOWA,Northern Waterthrush,PARKESIA NOVEBORACENSIS,1,43999,1,Song,60.46,1.53,-41.03,f,,Nicole Boucher,18,,
PC,10,WLNP-4-4,870,,-113.895542,49.080039,,,6990,2018-06-14 05:18:00,9993,Transcribed,180s,1SPM,NOWA,Northern Waterthrush,PARKESIA NOVEBORACENSIS,1,44018,1,Song,130.51,1.56,-42.83,f,,Nicole Boucher,18,,
PC,10,WLNP-4-4,870,,-113.895542,49.080039,,,6990,2018-06-14 05:18:00,9993,Transcribed,180s,1SPM,MOTF,Moderate traffic,"",1,43994,1,Song,16.63,2.84,-34.65,f,,Nicole Boucher,18,,
PC,10,WLNP-4-4,870,,-113.895542,49.080039,,,6990,2018-06-14 05:18:00,9993,Transcribed,180s,1SPM,MOTF,Moderate traffic,"",1,44020,1,Song,120.05,5.05,-14.46,f,,Nicole Boucher,18,,
PC,10,WLNP-4-4,870,,-113.895542,49.080039,,,6990,2018-06-14 05:18:00,9993,Transcribed,180s,1SPM,MOWI,Moderate wind,"",1,44019,1,Song,120.03,5.03,-14.44,f,,Nicole Boucher,18,,
PC,10,WLNP-4-4,870,,-113.895542,49.080039,,,6990,2018-06-14 05:18:00,9993,Transcribed,180s,1SPM,MOWI,Moderate wind,"",1,43985,1,Song,0.01,5.01,-47.23,f,,Nicole Boucher,18,,
PC,10,WLNP-4-4,870,,-113.895542,49.080039,,,6990,2018-06-14 05:18:00,9993,Transcribed,180s,1SPM,MOWI,Moderate wind,"",1,44006,1,Song,60.01,5.05,-27.84,f,,Nicole Boucher,18,,
PC,10,WLNP-4-4,870,,-113.895542,49.080039,,,6990,2018-06-14 05:18:00,9993,Transcribed,180s,1SPM,LIBA,Light Background Noise,"",1,44008,1,Song,60.21,1.34,-54.53,f,,Nicole Boucher,18,,
PC,10,WLNP-4-4,870,,-113.895542,49.080039,,,6990,2018-06-14 05:18:00,9993,Transcribed,180s,1SPM,LIBA,Light Background Noise,"",1,44007,1,Song,35.68,1.60,-60.96,f,,Nicole Boucher,18,,
PC,10,WLNP-4-4,870,,-113.895542,49.080039,,,6990,2018-06-14 05:18:00,9993,Transcribed,180s,1SPM,HEWI,Heavy wind,"",1,44014,1,Song,89.94,5.04,-27.67,f,,Nicole Boucher,18,,
PC,10,WLNP-4-4,870,,-113.895542,49.080039,,,6990,2018-06-14 05:18:00,9993,Transcribed,180s,1SPM,BHCO,Brown-headed Cowbird,MOLOTHRUS ATER,1,44028,1,Song,136.44,1.13,-51.29,f,,Nicole Boucher,18,,
PC,10,WLNP-4-4,870,,-113.895542,49.080039,,,6990,2018-06-14 05:18:00,9993,Transcribed,180s,1SPM,WAVI,Warbling Vireo,VIREO GILVUS,2,44004,1,Song,64.93,1.95,-48.01,f,,Nicole Boucher,18,,
PC,10,WLNP-4-4,870,,-113.895542,49.080039,,,6990,2018-06-14 05:18:00,9993,Transcribed,180s,1SPM,WAVI,Warbling Vireo,VIREO GILVUS,2,44027,1,Song,133.33,1.91,-54.48,f,,Nicole Boucher,18,,
PC,10,WLNP-4-4,870,,-113.895542,49.080039,,,6990,2018-06-14 05:18:00,9993,Transcribed,180s,1SPM,HOWR,House Wren,TROGLODYTES AEDON,1,44017,1,Song,113.11,2.06,-57.17,f,,Nicole Boucher,18,,
PC,10,WLNP-4-4,870,,-113.895542,49.080039,,,6990,2018-06-14 05:18:00,9993,Transcribed,180s,1SPM,HOWR,House Wren,TROGLODYTES AEDON,1,44022,1,Song,120.13,1.73,-54.89,f,,Nicole Boucher,18,,
PC,10,WLNP-4-4,870,,-113.895542,49.080039,,,6990,2018-06-14 05:18:00,9993,Transcribed,180s,1SPM,DEJU,Dark-eyed Junco,JUNCO HYEMALIS,1,44016,1,Song,124.30,1.74,-55.94,f,,Nicole Boucher,18,,
PC,10,WLNP-4-4,870,,-113.895542,49.080039,,,6990,2018-06-14 05:18:00,9993,Transcribed,180s,1SPM,DEJU,Dark-eyed Junco,JUNCO HYEMALIS,1,43983,1,Song,3.95,1.89,-51.1,f,,Nicole Boucher,18,,
PC,10,WLNP-4-4,870,,-113.895542,49.080039,,,6990,2018-06-14 05:18:00,9993,Transcribed,180s,1SPM,DEJU,Dark-eyed Junco,JUNCO HYEMALIS,1,44002,1,Song,62.30,1.96,-53.91,f,,Nicole Boucher,18,,
PC,10,WLNP-4-4,870,,-113.895542,49.080039,,,6990,2018-06-14 05:18:00,9993,Transcribed,180s,1SPM,AMRO,American Robin,TURDUS MIGRATORIUS,1,43997,1,Song,1.75,1.58,-45.3,f,,Nicole Boucher,18,,
PC,10,WLNP-4-4,870,,-113.895542,49.080039,,,6990,2018-06-14 05:18:00,9993,Transcribed,180s,1SPM,AMRO,American Robin,TURDUS MIGRATORIUS,1,44003,1,S-C,60.56,2.86,-47.94,f,,Nicole Boucher,18,,
PC,10,WLNP-4-4,870,,-113.895542,49.080039,,,6990,2018-06-14 05:18:00,9993,Transcribed,180s,1SPM,AMRO,American Robin,TURDUS MIGRATORIUS,1,44029,1,S-C,129.13,0.40,-53.78,f,,Nicole Boucher,18,,
PC,10,WLNP-4-4,870,,-113.895542,49.080039,,,6990,2018-06-14 05:18:00,9993,Transcribed,180s,1SPM,HETH,Hermit Thrush,CATHARUS GUTTATUS,1,43987,1,Song,2.99,1.21,-58.41,f,,Nicole Boucher,18,,
PC,10,WLNP-4-4,870,,-113.895542,49.080039,,,6990,2018-06-14 05:18:00,9993,Transcribed,180s,1SPM,YRWA,Yellow-rumped Warbler,SETOPHAGA CORONATA,1,44005,1,Song,67.36,1.78,-54.5,f,,Nicole Boucher,18,,
PC,10,WLNP-4-4,870,,-113.895542,49.080039,,,6990,2018-06-14 05:18:00,9993,Transcribed,180s,1SPM,YRWA,Yellow-rumped Warbler,SETOPHAGA CORONATA,1,44023,1,Song,121.03,2.06,-54.88,f,,Nicole Boucher,18,,
PC,10,WLNP-4-4,870,,-113.895542,49.080039,,,6990,2018-06-14 05:18:00,9993,Transcribed,180s,1SPM,YRWA,Yellow-rumped Warbler,SETOPHAGA CORONATA,1,43988,1,Song,6.96,1.53,-60.56,f,,Nicole Boucher,18,,
PC,10,WLNP-4-4,870,,-113.895542,49.080039,,,6990,2018-06-14 05:18:00,9993,Transcribed,180s,1SPM,SWTH,Swainson's Thrush,CATHARUS USTULATUS,1,43990,1,Call,2.09,0.56,-45.68,f,,Nicole Boucher,18,,
PC,10,WLNP-4-4,870,,-113.895542,49.080039,,,6990,2018-06-14 05:18:00,9993,Transcribed,180s,1SPM,BHCO,Brown-headed Cowbird,MOLOTHRUS ATER,1,44000,1,Song,60.16,0.48,-61.63,f,,Nicole Boucher,18,,
PC,10,WLNP-4-4,870,,-113.895542,49.080039,,,6990,2018-06-14 05:18:00,9993,Transcribed,180s,1SPM,UNPA,Unidentified Passerine,"",2,44025,1,Call,127.88,0.49,-54.6,f,,Nicole Boucher,18,,
PC,10,WLNP-4-4,870,,-113.895542,49.080039,,,6990,2018-06-14 05:18:00,9993,Transcribed,180s,1SPM,UNPA,Unidentified Passerine,"",2,43989,1,Call,8.14,0.61,-59.84,f,,Nicole Boucher,18,,
PC,10,WLNP-4-4,870,,-113.895542,49.080039,,,6990,2018-06-14 05:18:00,9993,Transcribed,180s,1SPM,UNPA,Unidentified Passerine,"",1,44001,1,Call,62.83,0.64,-53.93,f,,Nicole Boucher,18,,
PC,10,WLNP-4-4,870,,-113.895542,49.080039,,,6990,2018-06-14 05:18:00,9993,Transcribed,180s,1SPM,UNPA,Unidentified Passerine,"",1,43982,1,Call,0.80,0.75,-64.41,f,,Nicole Boucher,18,,
PC,10,WLNP-4-4,870,,-113.895542,49.080039,,,6990,2018-06-14 05:18:00,9993,Transcribed,180s,1SPM,UNPA,Unidentified Passerine,"",1,44015,1,Call,122.43,0.80,-56.01,f,,Nicole Boucher,18,,
PC,10,WLNP-4-4,870,,-113.895542,49.080039,,,6990,2018-06-14 05:18:00,9993,Transcribed,180s,1SPM,PISI,Pine Siskin,SPINUS PINUS,1,44026,1,Song,132.13,0.69,-55.78,f,,Nicole Boucher,18,,
PC,10,WLNP-4-4,870,,-113.895542,49.080039,,,6990,2018-06-14 05:18:00,9993,Transcribed,180s,1SPM,LITF,Light traffic,"",1,43993,1,Song,13.03,3.61,-32.71,f,,Nicole Boucher,18,,
PC,10,WLNP-4-4,870,,-113.895542,49.080039,,,6990,2018-06-14 05:18:00,9993,Transcribed,180s,1SPM,LITF,Light traffic,"",1,44012,1,Song,65.98,4.19,-30.21,f,,Nicole Boucher,18,,
PC,10,WLNP-4-4,870,,-113.895542,49.080039,,,6990,2018-06-14 05:18:00,9993,Transcribed,180s,1SPM,CHSP,Chipping Sparrow,SPIZELLA PASSERINA,1,43991,1,Song,13.35,0.98,-45.15,f,,Nicole Boucher,18,,
PC,10,WLNP-4-4,870,,-113.895542,49.080039,,,6990,2018-06-14 05:18:00,9993,Transcribed,180s,1SPM,CHSP,Chipping Sparrow,SPIZELLA PASSERINA,1,44013,1,Song,90.51,3.23,-54.79,f,,Nicole Boucher,18,,
PC,10,WLNP-4-4,870,,-113.895542,49.080039,,,6990,2018-06-14 05:18:00,9993,Transcribed,180s,1SPM,WAVI,Warbling Vireo,VIREO GILVUS,2,43992,1,Song,15.74,1.66,-47.45,f,,Nicole Boucher,18,,
PC,10,WLNP-4-4,870,,-113.895542,49.080039,,,6990,2018-06-14 05:18:00,9993,Transcribed,180s,1SPM,WAVI,Warbling Vireo,VIREO GILVUS,1,44024,1,Song,125.71,1.70,-48.54,f,,Nicole Boucher,18,,
PC,10,WLNP-4-4,870,,-113.895542,49.080039,,,6990,2018-06-14 05:18:00,9993,Transcribed,180s,1SPM,WAVI,Warbling Vireo,VIREO GILVUS,1,43981,1,Song,0.91,2.20,-44.71,f,,Nicole Boucher,18,,
PC,10,WLNP-4-4,870,,-113.895542,49.080039,,,6990,2018-06-14 05:18:00,9993,Transcribed,180s,1SPM,WAVI,Warbling Vireo,VIREO GILVUS,1,43998,1,Song,60.03,0.80,-46.61,f,,Nicole Boucher,18,,
PC,10,WLNP-4-4,870,,-113.895542,49.080039,,,6990,2018-06-14 05:18:00,9993,Transcribed,180s,1SPM,UNSP,Unidentified Sparrow,"",1,44009,1,Song,64.43,1.11,-59.92,f,,Nicole Boucher,18,WCSP? confidence:Unknown far,
PC,10,WLNP-4-4,870,,-113.895542,49.080039,,,6990,2018-06-14 05:18:00,9993,Transcribed,180s,1SPM,TRES,Tree Swallow,TACHYCINETA BICOLOR,1,44030,1,Call,137.95,0.48,-50.04,f,,Nicole Boucher,18,,
PC,10,WLNP-4-4,870,,-113.895542,49.080039,,,6990,2018-06-14 05:18:00,9993,Transcribed,180s,1SPM,UNKN,Unidentified signal,"",1,44010,1,Song,67.01,1.15,-62.18,f,,Nicole Boucher,18,,
PC,10,WLNP-4-4,870,,-113.895542,49.080039,,,6990,2018-06-14 05:18:00,9993,Transcribed,180s,1SPM,BHCO,Brown-headed Cowbird,MOLOTHRUS ATER,1,43995,1,Song,18.03,0.76,-63.74,f,,Nicole Boucher,18,,
PC,10,WLNP-4-4,870,,-113.895542,49.080039,,,7044,2018-06-15 04:48:00,9911,Transcribed,180s,1SPM,WCSP,White-crowned Sparrow,ZONOTRICHIA LEUCOPHRYS,1,41776,1,Song,3.23,1.86,-36.72,f,,Brandon Law,22,,
PC,10,WLNP-4-4,870,,-113.895542,49.080039,,,7044,2018-06-15 04:48:00,9911,Transcribed,180s,1SPM,WCSP,White-crowned Sparrow,ZONOTRICHIA LEUCOPHRYS,1,41781,1,Song,60.10,1.06,-41.7,f,,Brandon Law,22,,
PC,10,WLNP-4-4,870,,-113.895542,49.080039,,,7044,2018-06-15 04:48:00,9911,Transcribed,180s,1SPM,AMRO,American Robin,TURDUS MIGRATORIUS,1,41793,TMTT,Song,120.56,4.59,-39.21,f,,Brandon Law,22,AE:2-3,
PC,10,WLNP-4-4,870,,-113.895542,49.080039,,,7044,2018-06-15 04:48:00,9911,Transcribed,180s,1SPM,AMRO,American Robin,TURDUS MIGRATORIUS,1,41760,TMTT,Song,1.68,2.61,-47.02,f,,Brandon Law,22,AE:2-3,
PC,10,WLNP-4-4,870,,-113.895542,49.080039,,,7044,2018-06-15 04:48:00,9911,Transcribed,180s,1SPM,AMRO,American Robin,TURDUS MIGRATORIUS,1,41780,TMTT,Song,61.08,3.54,-49.6,f,,Brandon Law,22,AE:2-3,
PC,10,WLNP-4-4,870,,-113.895542,49.080039,,,7044,2018-06-15 04:48:00,9911,Transcribed,180s,1SPM,DEJU,Dark-eyed Junco,JUNCO HYEMALIS,1,41778,1,Song,62.01,2.18,-44.71,f,,Brandon Law,22,,
PC,10,WLNP-4-4,870,,-113.895542,49.080039,,,7044,2018-06-15 04:48:00,9911,Transcribed,180s,1SPM,DEJU,Dark-eyed Junco,JUNCO HYEMALIS,1,41755,1,Song,2.04,1.83,-46.49,f,,Brandon Law,22,,
PC,10,WLNP-4-4,870,,-113.895542,49.080039,,,7044,2018-06-15 04:48:00,9911,Transcribed,180s,1SPM,DEJU,Dark-eyed Junco,JUNCO HYEMALIS,1,41791,1,Song,121.24,1.93,-46.7,f,,Brandon Law,22,,
PC,10,WLNP-4-4,870,,-113.895542,49.080039,,,7044,2018-06-15 04:48:00,9911,Transcribed,180s,1SPM,MOBL,Mountain Bluebird,SIALIA CURRUCOIDES,1,41804,1,Song,120.65,1.54,-50.31,f,,Brandon Law,22,,
PC,10,WLNP-4-4,870,,-113.895542,49.080039,,,7044,2018-06-15 04:48:00,9911,Transcribed,180s,1SPM,OSFL,Olive-sided Flycatcher,CONTOPUS COOPERI,1,41806,1,Song,128.20,0.93,-53.42,f,,Brandon Law,22,,
PC,10,WLNP-4-4,870,,-113.895542,49.080039,,,7044,2018-06-15 04:48:00,9911,Transcribed,180s,1SPM,OSFL,Olive-sided Flycatcher,CONTOPUS COOPERI,1,41762,1,Song,5.60,0.91,-51.08,f,,Brandon Law,22,,
PC,10,WLNP-4-4,870,,-113.895542,49.080039,,,7044,2018-06-15 04:48:00,9911,Transcribed,180s,1SPM,OSFL,Olive-sided Flycatcher,CONTOPUS COOPERI,1,41790,1,Song,113.58,0.85,-52.54,f,,Brandon Law,22,,
PC,10,WLNP-4-4,870,,-113.895542,49.080039,,,7044,2018-06-15 04:48:00,9911,Transcribed,180s,1SPM,WETA,Western Tanager,PIRANGA LUDOVICIANA,1,41799,1,Song,123.55,2.98,-46.33,f,,Brandon Law,22,,
PC,10,WLNP-4-4,870,,-113.895542,49.080039,,,7044,2018-06-15 04:48:00,9911,Transcribed,180s,1SPM,WETA,Western Tanager,PIRANGA LUDOVICIANA,1,41796,1,Song,116.01,2.38,-44.61,f,,Brandon Law,22,,
PC,10,WLNP-4-4,870,,-113.895542,49.080039,,,7044,2018-06-15 04:48:00,9911,Transcribed,180s,1SPM,YEWA,Yellow Warbler,SETOPHAGA PETECHIA,1,41763,1,Song,8.23,1.05,-58.24,f,,Brandon Law,22,,
PC,10,WLNP-4-4,870,,-113.895542,49.080039,,,7044,2018-06-15 04:48:00,9911,Transcribed,180s,1SPM,WIWA,Wilson's Warbler,CARDELLINA PUSILLA,1,41809,1,Song,120.69,1.59,-50.48,f,,Brandon Law,22,,
PC,10,WLNP-4-4,870,,-113.895542,49.080039,,,7044,2018-06-15 04:48:00,9911,Transcribed,180s,1SPM,LIBA,Light Background Noise,"",1,41785,1,Song,60.16,2.05,-34.5,f,,Brandon Law,22,,
PC,10,WLNP-4-4,870,,-113.895542,49.080039,,,7044,2018-06-15 04:48:00,9911,Transcribed,180s,1SPM,LIBA,Light Background Noise,"",1,41768,1,Song,0.16,2.03,-39.03,f,,Brandon Law,22,,
PC,10,WLNP-4-4,870,,-113.895542,49.080039,,,7044,2018-06-15 04:48:00,9911,Transcribed,180s,1SPM,SWTH,Swainson's Thrush,CATHARUS USTULATUS,1,41794,1,Song,122.08,1.96,-38.94,f,,Brandon Law,22,,
PC,10,WLNP-4-4,870,,-113.895542,49.080039,,,7044,2018-06-15 04:48:00,9911,Transcribed,180s,1SPM,YRWA,Yellow-rumped Warbler,SETOPHAGA CORONATA,1,41775,1,Song,31.51,1.29,-55.12,f,,Brandon Law,22,,
PC,10,WLNP-4-4,870,,-113.895542,49.080039,,,7044,2018-06-15 04:48:00,9911,Transcribed,180s,1SPM,YRWA,Yellow-rumped Warbler,SETOPHAGA CORONATA,1,41810,1,Song,155.30,1.08,-53.35,f,,Brandon Law,22,,
PC,10,WLNP-4-4,870,,-113.895542,49.080039,,,7044,2018-06-15 04:48:00,9911,Transcribed,180s,1SPM,WISN,Wilson's Snipe,GALLINAGO DELICATA,1,41773,1,Non-vocal,12.04,2.60,-33.38,f,,Brandon Law,22,WINNOW,
PC,10,WLNP-4-4,870,,-113.895542,49.080039,,,7044,2018-06-15 04:48:00,9911,Transcribed,180s,1SPM,SWTH,Swainson's Thrush,CATHARUS USTULATUS,1,41779,1,Song,60.26,1.81,-40.12,f,,Brandon Law,22,,
PC,10,WLNP-4-4,870,,-113.895542,49.080039,,,7044,2018-06-15 04:48:00,9911,Transcribed,180s,1SPM,WIWA,Wilson's Warbler,CARDELLINA PUSILLA,1,41777,1,Song,60.55,1.60,-41.91,f,,Brandon Law,22,,
PC,10,WLNP-4-4,870,,-113.895542,49.080039,,,7044,2018-06-15 04:48:00,9911,Transcribed,180s,1SPM,WIWA,Wilson's Warbler,CARDELLINA PUSILLA,1,41771,1,Song,9.11,1.40,-43.52,f,,Brandon Law,22,,
PC,10,WLNP-4-4,870,,-113.895542,49.080039,,,7044,2018-06-15 04:48:00,9911,Transcribed,180s,1SPM,LIWI,Light wind,"",1,41797,1,Song,120.06,2.46,-3.73,f,,Brandon Law,22,,
PC,10,WLNP-4-4,870,,-113.895542,49.080039,,,7044,2018-06-15 04:48:00,9911,Transcribed,180s,1SPM,LIWI,Light wind,"",1,41788,1,Song,96.30,4.36,-13.97,f,,Brandon Law,22,,
PC,10,WLNP-4-4,870,,-113.895542,49.080039,,,7044,2018-06-15 04:48:00,9911,Transcribed,180s,1SPM,LIBA,Light Background Noise,"",1,41792,1,Song,120.20,2.44,-3.71,f,,Brandon Law,22,,
PC,10,WLNP-4-4,870,,-113.895542,49.080039,,,7044,2018-06-15 04:48:00,9911,Transcribed,180s,1SPM,SWTH,Swainson's Thrush,CATHARUS USTULATUS,2,41774,1,Song,15.03,1.79,-48.54,f,,Brandon Law,22,,
PC,10,WLNP-4-4,870,,-113.895542,49.080039,,,7044,2018-06-15 04:48:00,9911,Transcribed,180s,1SPM,SWTH,Swainson's Thrush,CATHARUS USTULATUS,2,41787,1,Song,95.09,1.71,-45.39,f,,Brandon Law,22,,
PC,10,WLNP-4-4,870,,-113.895542,49.080039,,,7044,2018-06-15 04:48:00,9911,Transcribed,180s,1SPM,SWTH,Swainson's Thrush,CATHARUS USTULATUS,1,41758,1,Song,0.04,1.49,-43.22,f,,Brandon Law,22,,
PC,10,WLNP-4-4,870,,-113.895542,49.080039,,,7044,2018-06-15 04:48:00,9911,Transcribed,180s,1SPM,WCSP,White-crowned Sparrow,ZONOTRICHIA LEUCOPHRYS,2,41783,1,Song,61.30,1.74,-49.05,f,,Brandon Law,22,,
PC,10,WLNP-4-4,870,,-113.895542,49.080039,,,7044,2018-06-15 04:48:00,9911,Transcribed,180s,1SPM,WCSP,White-crowned Sparrow,ZONOTRICHIA LEUCOPHRYS,2,41808,1,Song,135.39,2.23,-50.59,f,,Brandon Law,22,,
PC,10,WLNP-4-4,870,,-113.895542,49.080039,,,7044,2018-06-15 04:48:00,9911,Transcribed,180s,1SPM,WCSP,White-crowned Sparrow,ZONOTRICHIA LEUCOPHRYS,2,41761,1,Song,6.64,2.04,-46.43,f,,Brandon Law,22,,
PC,10,WLNP-4-4,870,,-113.895542,49.080039,,,7044,2018-06-15 04:48:00,9911,Transcribed,180s,1SPM,WCSP,White-crowned Sparrow,ZONOTRICHIA LEUCOPHRYS,1,41798,1,Song,120.10,1.88,-48.71,f,,Brandon Law,22,,
PC,10,WLNP-4-5,851,,-113.896302,49.076385,,,7000,2018-06-10 04:49:00,10003,Transcribed,180s,1SPM,YEWA,Yellow Warbler,SETOPHAGA PETECHIA,1,47206,TMTT,Song,120.65,1.10,-26.43,f,,Tyne Baker,23,"AE:5-7, some of the distant singers difficult to distinguish syllable structure",
PC,10,WLNP-4-5,851,,-113.896302,49.076385,,,7000,2018-06-10 04:49:00,10003,Transcribed,180s,1SPM,SWTH,Swainson's Thrush,CATHARUS USTULATUS,1,47210,1,S-C,126.08,1.64,-37.66,f,,Tyne Baker,23,"",
PC,10,WLNP-4-5,851,,-113.896302,49.076385,,,7000,2018-06-10 04:49:00,10003,Transcribed,180s,1SPM,SWTH,Swainson's Thrush,CATHARUS USTULATUS,1,47204,1,Song,28.74,1.46,-36.53,f,,Tyne Baker,23,"",
PC,10,WLNP-4-5,851,,-113.896302,49.076385,,,7000,2018-06-10 04:49:00,10003,Transcribed,180s,1SPM,SWTH,Swainson's Thrush,CATHARUS USTULATUS,1,47203,1,Song,68.14,1.45,-43.38,f,,Tyne Baker,23,"",
PC,10,WLNP-4-5,851,,-113.896302,49.076385,,,7000,2018-06-10 04:49:00,10003,Transcribed,180s,1SPM,WCSP,White-crowned Sparrow,ZONOTRICHIA LEUCOPHRYS,1,47190,TMTT,Song,3.99,1.40,-34.67,f,,Tyne Baker,23,"Intro of song at start, full song later.
AE:2-3, some distant",
PC,10,WLNP-4-5,851,,-113.896302,49.076385,,,7000,2018-06-10 04:49:00,10003,Transcribed,180s,1SPM,WCSP,White-crowned Sparrow,ZONOTRICHIA LEUCOPHRYS,1,47205,TMTT,Song,120.14,2.50,-27.85,f,,Tyne Baker,23,"Intro of song at start, full song later.
AE:2-3, some distant",
PC,10,WLNP-4-5,851,,-113.896302,49.076385,,,7000,2018-06-10 04:49:00,10003,Transcribed,180s,1SPM,WCSP,White-crowned Sparrow,ZONOTRICHIA LEUCOPHRYS,1,47202,TMTT,Song,63.30,2.43,-29.48,f,,Tyne Baker,23,"Intro of song at start, full song later.
AE:2-3, some distant",
PC,10,WLNP-4-5,851,,-113.896302,49.076385,,,7000,2018-06-10 04:49:00,10003,Transcribed,180s,1SPM,TRES,Tree Swallow,TACHYCINETA BICOLOR,1,47187,1,Call,1.21,1.66,-32.66,f,,Tyne Baker,23,"",
PC,10,WLNP-4-5,851,,-113.896302,49.076385,,,7000,2018-06-10 04:49:00,10003,Transcribed,180s,1SPM,AMRE,American Redstart,SETOPHAGA RUTICILLA,1,47189,1,Song,6.75,0.78,-47.29,f,,Tyne Baker,23,,
PC,10,WLNP-4-5,851,,-113.896302,49.076385,,,7000,2018-06-10 04:49:00,10003,Transcribed,180s,1SPM,AMRE,American Redstart,SETOPHAGA RUTICILLA,1,47199,1,Song,67.99,0.93,-42.96,f,,Tyne Baker,23,,
PC,10,WLNP-4-5,851,,-113.896302,49.076385,,,7000,2018-06-10 04:49:00,10003,Transcribed,180s,1SPM,AMRE,American Redstart,SETOPHAGA RUTICILLA,1,47212,1,Song,145.48,0.83,-38.75,f,,Tyne Baker,23,,
PC,10,WLNP-4-5,851,,-113.896302,49.076385,,,7000,2018-06-10 04:49:00,10003,Transcribed,180s,1SPM,MOBL,Mountain Bluebird,SIALIA CURRUCOIDES,1,47192,1,Song,24.70,2.98,-37.6,f,,Tyne Baker,23,"Sounds like MOBL, Confidence 1 because of uncertain location in relation to range confidence:To Be Checked",
PC,10,WLNP-4-5,851,,-113.896302,49.076385,,,7000,2018-06-10 04:49:00,10003,Transcribed,180s,1SPM,MOBL,Mountain Bluebird,SIALIA CURRUCOIDES,1,47194,1,Song,60.13,0.44,-49.55,f,,Tyne Baker,23,"Sounds like MOBL, Confidence 1 because of uncertain location in relation to range confidence:To Be Checked",
PC,10,WLNP-4-5,851,,-113.896302,49.076385,,,7000,2018-06-10 04:49:00,10003,Transcribed,180s,1SPM,TRES,Tree Swallow,TACHYCINETA BICOLOR,1,47215,1,Call,169.44,1.84,-43.29,f,,Tyne Baker,23,"",
PC,10,WLNP-4-5,851,,-113.896302,49.076385,,,7000,2018-06-10 04:49:00,10003,Transcribed,180s,1SPM,TRES,Tree Swallow,TACHYCINETA BICOLOR,1,47200,1,Call,60.70,2.14,-41.16,f,,Tyne Baker,23,"",
PC,10,WLNP-4-5,851,,-113.896302,49.076385,,,7000,2018-06-10 04:49:00,10003,Transcribed,180s,1SPM,MOBL,Mountain Bluebird,SIALIA CURRUCOIDES,1,47208,1,Song,120.36,2.54,-45.55,f,,Tyne Baker,23,"Sounds like MOBL, Confidence 1 because of uncertain location in relation to range confidence:To Be Checked",
PC,10,WLNP-4-5,851,,-113.896302,49.076385,,,7000,2018-06-10 04:49:00,10003,Transcribed,180s,1SPM,AMRO,American Robin,TURDUS MIGRATORIUS,1,47185,TMTT,Song,0.06,2.31,-45.2,f,,Tyne Baker,23,"AE:2-3, heavy overlap",
PC,10,WLNP-4-5,851,,-113.896302,49.076385,,,7000,2018-06-10 04:49:00,10003,Transcribed,180s,1SPM,AMRO,American Robin,TURDUS MIGRATORIUS,1,47209,TMTT,Song,124.90,1.51,-45.27,f,,Tyne Baker,23,"AE:2-3, heavy overlap",
PC,10,WLNP-4-5,851,,-113.896302,49.076385,,,7000,2018-06-10 04:49:00,10003,Transcribed,180s,1SPM,AMRO,American Robin,TURDUS MIGRATORIUS,1,47198,TMTT,Song,61.33,2.93,-44.6,f,,Tyne Baker,23,"AE:2-3, heavy overlap",
PC,10,WLNP-4-5,851,,-113.896302,49.076385,,,7000,2018-06-10 04:49:00,10003,Transcribed,180s,1SPM,WIWA,Wilson's Warbler,CARDELLINA PUSILLA,1,47193,1,Song,60.08,1.24,-42.21,f,,Tyne Baker,23,,
PC,10,WLNP-4-5,851,,-113.896302,49.076385,,,7000,2018-06-10 04:49:00,10003,Transcribed,180s,1SPM,WIWA,Wilson's Warbler,CARDELLINA PUSILLA,1,47188,1,Song,3.75,1.23,-47.83,f,,Tyne Baker,23,,
PC,10,WLNP-4-5,851,,-113.896302,49.076385,,,7000,2018-06-10 04:49:00,10003,Transcribed,180s,1SPM,LIWI,Light wind,"",1,47196,1,Non-vocal,60.10,4.10,-16.88,f,,Tyne Baker,23,,
PC,10,WLNP-4-5,851,,-113.896302,49.076385,,,7000,2018-06-10 04:49:00,10003,Transcribed,180s,1SPM,LIWI,Light wind,"",1,47214,1,Non-vocal,133.76,6.26,-19.04,f,,Tyne Baker,23,,
PC,10,WLNP-4-5,851,,-113.896302,49.076385,,,7000,2018-06-10 04:49:00,10003,Transcribed,180s,1SPM,MORA,Moderate rain,"",1,47195,1,Non-vocal,60.09,1.79,-31.44,f,,Tyne Baker,23,,
PC,10,WLNP-4-5,851,,-113.896302,49.076385,,,7000,2018-06-10 04:49:00,10003,Transcribed,180s,1SPM,MORA,Moderate rain,"",1,47213,1,Non-vocal,120.21,2.63,-25.83,f,,Tyne Baker,23,,
PC,10,WLNP-4-5,851,,-113.896302,49.076385,,,7000,2018-06-10 04:49:00,10003,Transcribed,180s,1SPM,MORA,Moderate rain,"",1,47186,1,Non-vocal,0.06,2.46,-31.21,f,,Tyne Baker,23,,
PC,10,WLNP-4-5,851,,-113.896302,49.076385,,,7000,2018-06-10 04:49:00,10003,Transcribed,180s,1SPM,BCCH,Black-capped Chickadee,POECILE ATRICAPILLUS,1,47211,1,Song,126.55,1.36,-41.55,f,,Tyne Baker,23,,
PC,10,WLNP-4-5,851,,-113.896302,49.076385,,,7000,2018-06-10 04:49:00,10003,Transcribed,180s,1SPM,BCCH,Black-capped Chickadee,POECILE ATRICAPILLUS,1,47201,1,Song,60.04,1.38,-53.9,f,,Tyne Baker,23,,
PC,10,WLNP-4-5,851,,-113.896302,49.076385,,,7000,2018-06-10 04:49:00,10003,Transcribed,180s,1SPM,BCCH,Black-capped Chickadee,POECILE ATRICAPILLUS,1,47191,1,Song,10.60,1.35,-43.4,f,,Tyne Baker,23,,
PC,10,WLNP-4-5,851,,-113.896302,49.076385,,,7000,2018-06-10 04:49:00,10003,Transcribed,180s,1SPM,YEWA,Yellow Warbler,SETOPHAGA PETECHIA,1,47197,TMTT,Song,60.10,0.54,-44.02,f,,Tyne Baker,23,"AE:5-7, some of the distant singers difficult to distinguish syllable structure",
PC,10,WLNP-4-5,851,,-113.896302,49.076385,,,7000,2018-06-10 04:49:00,10003,Transcribed,180s,1SPM,YEWA,Yellow Warbler,SETOPHAGA PETECHIA,1,47184,TMTT,Song,0.36,1.65,-31.4,f,,Tyne Baker,23,"AE:5-7, some of the distant singers difficult to distinguish syllable structure",
PC,10,WLNP-4-5,851,,-113.896302,49.076385,,,7016,2018-06-13 05:18:00,9883,Transcribed,180s,1SPM,HOWR,House Wren,TROGLODYTES AEDON,3,55152,1,Song,72.86,1.43,-59.67,f,,Alex MacPhail,15,,
PC,10,WLNP-4-5,851,,-113.896302,49.076385,,,7016,2018-06-13 05:18:00,9883,Transcribed,180s,1SPM,HEWI,Heavy wind,"",1,55120,1,Song,0.05,6.16,-22.69,f,,Alex MacPhail,15,,
PC,10,WLNP-4-5,851,,-113.896302,49.076385,,,7016,2018-06-13 05:18:00,9883,Transcribed,180s,1SPM,HEWI,Heavy wind,"",1,55180,1,Song,156.40,5.96,-28.01,f,,Alex MacPhail,15,,
PC,10,WLNP-4-5,851,,-113.896302,49.076385,,,7016,2018-06-13 05:18:00,9883,Transcribed,180s,1SPM,MOWI,Moderate wind,"",1,55140,1,Song,50.15,5.34,-28.35,f,,Alex MacPhail,15,,
PC,10,WLNP-4-5,851,,-113.896302,49.076385,,,7016,2018-06-13 05:18:00,9883,Transcribed,180s,1SPM,MOWI,Moderate wind,"",1,55145,1,Song,60.13,4.94,-24.27,f,,Alex MacPhail,15,,
PC,10,WLNP-4-5,851,,-113.896302,49.076385,,,7016,2018-06-13 05:18:00,9883,Transcribed,180s,1SPM,YEWA,Yellow Warbler,SETOPHAGA PETECHIA,1,55118,1,Song,0.04,1.08,-22.93,f,,Alex MacPhail,15,,
PC,10,WLNP-4-5,851,,-113.896302,49.076385,,,7016,2018-06-13 05:18:00,9883,Transcribed,180s,1SPM,YEWA,Yellow Warbler,SETOPHAGA PETECHIA,1,55174,1,Song,130.50,1.88,-32.89,f,,Alex MacPhail,15,,
PC,10,WLNP-4-5,851,,-113.896302,49.076385,,,7016,2018-06-13 05:18:00,9883,Transcribed,180s,1SPM,YEWA,Yellow Warbler,SETOPHAGA PETECHIA,1,55156,1,Song,65.96,1.74,-27.91,f,,Alex MacPhail,15,,
PC,10,WLNP-4-5,851,,-113.896302,49.076385,,,7016,2018-06-13 05:18:00,9883,Transcribed,180s,1SPM,YEWA,Yellow Warbler,SETOPHAGA PETECHIA,2,55150,1,Song,64.50,1.56,-40.43,f,,Alex MacPhail,15,,
PC,10,WLNP-4-5,851,,-113.896302,49.076385,,,7016,2018-06-13 05:18:00,9883,Transcribed,180s,1SPM,YEWA,Yellow Warbler,SETOPHAGA PETECHIA,2,55181,1,Song,165.78,1.56,-33.03,f,,Alex MacPhail,15,,
PC,10,WLNP-4-5,851,,-113.896302,49.076385,,,7016,2018-06-13 05:18:00,9883,Transcribed,180s,1SPM,YEWA,Yellow Warbler,SETOPHAGA PETECHIA,2,55124,1,Song,5.70,1.75,-29.18,f,,Alex MacPhail,15,,
PC,10,WLNP-4-5,851,,-113.896302,49.076385,,,7016,2018-06-13 05:18:00,9883,Transcribed,180s,1SPM,YEWA,Yellow Warbler,SETOPHAGA PETECHIA,3,55160,1,Song,89.94,1.10,-62.08,f,,Alex MacPhail,15,,
PC,10,WLNP-4-5,851,,-113.896302,49.076385,,,7016,2018-06-13 05:18:00,9883,Transcribed,180s,1SPM,YEWA,Yellow Warbler,SETOPHAGA PETECHIA,3,55125,1,Song,7.98,1.89,-47.83,f,,Alex MacPhail,15,,
PC,10,WLNP-4-5,851,,-113.896302,49.076385,,,7016,2018-06-13 05:18:00,9883,Transcribed,180s,1SPM,LAZB,Lazuli Bunting,PASSERINA AMOENA,1,55164,1,Song,101.66,2.20,-39.26,f,,Alex MacPhail,15,,
PC,10,WLNP-4-5,851,,-113.896302,49.076385,,,7016,2018-06-13 05:18:00,9883,Transcribed,180s,1SPM,LAZB,Lazuli Bunting,PASSERINA AMOENA,1,55173,1,Song,123.78,2.01,-60.1,f,,Alex MacPhail,15,,
PC,10,WLNP-4-5,851,,-113.896302,49.076385,,,7016,2018-06-13 05:18:00,9883,Transcribed,180s,1SPM,TRES,Tree Swallow,TACHYCINETA BICOLOR,1,55177,1,Song,128.24,0.66,-53.12,f,,Alex MacPhail,15,,
PC,10,WLNP-4-5,851,,-113.896302,49.076385,,,7016,2018-06-13 05:18:00,9883,Transcribed,180s,1SPM,WIFL,Willow Flycatcher,EMPIDONAX TRAILLII,1,55147,1,Song,62.43,0.79,-60.18,f,,Alex MacPhail,15,,
PC,10,WLNP-4-5,851,,-113.896302,49.076385,,,7016,2018-06-13 05:18:00,9883,Transcribed,180s,1SPM,WIFL,Willow Flycatcher,EMPIDONAX TRAILLII,1,55131,1,Song,26.19,0.94,-62.27,f,,Alex MacPhail,15,,
PC,10,WLNP-4-5,851,,-113.896302,49.076385,,,7016,2018-06-13 05:18:00,9883,Transcribed,180s,1SPM,EAKI,Eastern Kingbird,TYRANNUS TYRANNUS,1,55165,1,Song,106.44,1.71,-62.07,f,,Alex MacPhail,15,,
PC,10,WLNP-4-5,851,,-113.896302,49.076385,,,7016,2018-06-13 05:18:00,9883,Transcribed,180s,1SPM,EAKI,Eastern Kingbird,TYRANNUS TYRANNUS,1,55128,1,Song,16.55,0.51,-58.55,f,,Alex MacPhail,15,,
PC,10,WLNP-4-5,851,,-113.896302,49.076385,,,7016,2018-06-13 05:18:00,9883,Transcribed,180s,1SPM,HOWR,House Wren,TROGLODYTES AEDON,1,55121,1,Song,0.96,2.50,-47.63,f,,Alex MacPhail,15,,
PC,10,WLNP-4-5,851,,-113.896302,49.076385,,,7016,2018-06-13 05:18:00,9883,Transcribed,180s,1SPM,HOWR,House Wren,TROGLODYTES AEDON,1,55171,1,Song,123.95,2.16,-59.51,f,,Alex MacPhail,15,,
PC,10,WLNP-4-5,851,,-113.896302,49.076385,,,7016,2018-06-13 05:18:00,9883,Transcribed,180s,1SPM,HOWR,House Wren,TROGLODYTES AEDON,1,55170,1,Song,105.14,1.85,-57.39,f,,Alex MacPhail,15,,
PC,10,WLNP-4-5,851,,-113.896302,49.076385,,,7016,2018-06-13 05:18:00,9883,Transcribed,180s,1SPM,HOWR,House Wren,TROGLODYTES AEDON,2,55148,1,Song,60.05,2.09,-47.32,f,,Alex MacPhail,15,,
PC,10,WLNP-4-5,851,,-113.896302,49.076385,,,7016,2018-06-13 05:18:00,9883,Transcribed,180s,1SPM,HOWR,House Wren,TROGLODYTES AEDON,2,55135,1,Song,33.11,1.99,-57.54,f,,Alex MacPhail,15,,
PC,10,WLNP-4-5,851,,-113.896302,49.076385,,,7016,2018-06-13 05:18:00,9883,Transcribed,180s,1SPM,HOWR,House Wren,TROGLODYTES AEDON,3,55138,1,Song,34.59,1.26,-52.97,f,,Alex MacPhail,15,,
PC,10,WLNP-4-5,851,,-113.896302,49.076385,,,7016,2018-06-13 05:18:00,9883,Transcribed,180s,1SPM,HOWR,House Wren,TROGLODYTES AEDON,3,55169,1,Song,122.08,1.69,-55.12,f,,Alex MacPhail,15,,
PC,10,WLNP-4-5,851,,-113.896302,49.076385,,,7016,2018-06-13 05:18:00,9883,Transcribed,180s,1SPM,AMRO,American Robin,TURDUS MIGRATORIUS,1,55167,1,Call,120.43,0.98,-62.83,f,,Alex MacPhail,15,,
PC,10,WLNP-4-5,851,,-113.896302,49.076385,,,7016,2018-06-13 05:18:00,9883,Transcribed,180s,1SPM,WCSP,White-crowned Sparrow,ZONOTRICHIA LEUCOPHRYS,1,55153,1,Song,79.15,2.23,-35.18,f,,Alex MacPhail,15,,
PC,10,WLNP-4-5,851,,-113.896302,49.076385,,,7016,2018-06-13 05:18:00,9883,Transcribed,180s,1SPM,WCSP,White-crowned Sparrow,ZONOTRICHIA LEUCOPHRYS,1,55122,1,Song,2.33,2.11,-46.65,f,,Alex MacPhail,15,,
PC,10,WLNP-4-5,851,,-113.896302,49.076385,,,7016,2018-06-13 05:18:00,9883,Transcribed,180s,1SPM,WCSP,White-crowned Sparrow,ZONOTRICHIA LEUCOPHRYS,1,55179,1,Song,145.50,2.59,-33.03,f,,Alex MacPhail,15,,
PC,10,WLNP-4-5,851,,-113.896302,49.076385,,,7016,2018-06-13 05:18:00,9883,Transcribed,180s,1SPM,WCSP,White-crowned Sparrow,ZONOTRICHIA LEUCOPHRYS,2,55178,1,Song,141.89,2.01,-59.4,f,,Alex MacPhail,15,,
PC,10,WLNP-4-5,851,,-113.896302,49.076385,,,7016,2018-06-13 05:18:00,9883,Transcribed,180s,1SPM,SWTH,Swainson's Thrush,CATHARUS USTULATUS,1,55123,1,Song,3.71,1.04,-45.65,f,,Alex MacPhail,15,"
",
PC,10,WLNP-4-5,851,,-113.896302,49.076385,,,7016,2018-06-13 05:18:00,9883,Transcribed,180s,1SPM,SWTH,Swainson's Thrush,CATHARUS USTULATUS,1,55175,1,Song,121.99,0.94,-55.07,f,,Alex MacPhail,15,"
",
PC,10,WLNP-4-5,851,,-113.896302,49.076385,,,7016,2018-06-13 05:18:00,9883,Transcribed,180s,1SPM,SWTH,Swainson's Thrush,CATHARUS USTULATUS,1,55149,1,Song,62.00,1.03,-55.85,f,,Alex MacPhail,15,"
",
PC,10,WLNP-4-5,851,,-113.896302,49.076385,,,7016,2018-06-13 05:18:00,9883,Transcribed,180s,1SPM,SWTH,Swainson's Thrush,CATHARUS USTULATUS,2,55126,1,Call,12.85,0.56,-40.06,f,,Alex MacPhail,15,,
PC,10,WLNP-4-5,851,,-113.896302,49.076385,,,7029,2018-06-14 04:48:00,9896,Transcribed,180s,1SPM,YEWA,Yellow Warbler,SETOPHAGA PETECHIA,1,41901,TMTT,Song,60.68,5.79,-23.74,f,,Brandon Law,22,AE:3-5,
PC,10,WLNP-4-5,851,,-113.896302,49.076385,,,7029,2018-06-14 04:48:00,9896,Transcribed,180s,1SPM,YEWA,Yellow Warbler,SETOPHAGA PETECHIA,1,41913,TMTT,Song,120.30,7.49,-30.09,f,,Brandon Law,22,AE:3-5,
PC,10,WLNP-4-5,851,,-113.896302,49.076385,,,7029,2018-06-14 04:48:00,9896,Transcribed,180s,1SPM,SWTH,Swainson's Thrush,CATHARUS USTULATUS,1,41915,1,Song,122.05,1.56,-41.69,f,,Brandon Law,22,,
PC,10,WLNP-4-5,851,,-113.896302,49.076385,,,7029,2018-06-14 04:48:00,9896,Transcribed,180s,1SPM,SWTH,Swainson's Thrush,CATHARUS USTULATUS,1,41899,1,S-C,1.25,1.63,-41.98,f,,Brandon Law,22,,
PC,10,WLNP-4-5,851,,-113.896302,49.076385,,,7029,2018-06-14 04:48:00,9896,Transcribed,180s,1SPM,SWTH,Swainson's Thrush,CATHARUS USTULATUS,1,41904,1,Song,60.06,1.23,-32.21,f,,Brandon Law,22,,
PC,10,WLNP-4-5,851,,-113.896302,49.076385,,,7029,2018-06-14 04:48:00,9896,Transcribed,180s,1SPM,YEWA,Yellow Warbler,SETOPHAGA PETECHIA,1,41896,TMTT,Song,2.58,6.69,-30.19,f,,Brandon Law,22,AE:3-5,
PC,10,WLNP-4-5,851,,-113.896302,49.076385,,,7029,2018-06-14 04:48:00,9896,Transcribed,180s,1SPM,WCSP,White-crowned Sparrow,ZONOTRICHIA LEUCOPHRYS,2,41914,1,Song,124.64,2.40,-31.54,f,,Brandon Law,22,,
PC,10,WLNP-4-5,851,,-113.896302,49.076385,,,7029,2018-06-14 04:48:00,9896,Transcribed,180s,1SPM,WCSP,White-crowned Sparrow,ZONOTRICHIA LEUCOPHRYS,2,41906,1,Song,64.86,2.40,-23.85,f,,Brandon Law,22,,
PC,10,WLNP-4-5,851,,-113.896302,49.076385,,,7029,2018-06-14 04:48:00,9896,Transcribed,180s,1SPM,WCSP,White-crowned Sparrow,ZONOTRICHIA LEUCOPHRYS,2,41900,1,Song,5.65,2.40,-36,f,,Brandon Law,22,,
PC,10,WLNP-4-5,851,,-113.896302,49.076385,,,7029,2018-06-14 04:48:00,9896,Transcribed,180s,1SPM,WCSP,White-crowned Sparrow,ZONOTRICHIA LEUCOPHRYS,1,41910,1,Song,121.54,2.50,-41.32,f,,Brandon Law,22,,
PC,10,WLNP-4-5,851,,-113.896302,49.076385,,,7029,2018-06-14 04:48:00,9896,Transcribed,180s,1SPM,CHSP,Chipping Sparrow,SPIZELLA PASSERINA,1,41912,1,Song,123.54,2.53,-34.08,f,,Brandon Law,22,,
PC,10,WLNP-4-5,851,,-113.896302,49.076385,,,7029,2018-06-14 04:48:00,9896,Transcribed,180s,1SPM,CHSP,Chipping Sparrow,SPIZELLA PASSERINA,1,41908,1,Song,108.08,2.06,-40.45,f,,Brandon Law,22,,
PC,10,WLNP-4-5,851,,-113.896302,49.076385,,,7029,2018-06-14 04:48:00,9896,Transcribed,180s,1SPM,CHSP,Chipping Sparrow,SPIZELLA PASSERINA,1,41894,1,Song,0.21,1.83,-33.76,f,,Brandon Law,22,,
PC,10,WLNP-4-5,851,,-113.896302,49.076385,,,7029,2018-06-14 04:48:00,9896,Transcribed,180s,1SPM,CONI,Common Nighthawk,CHORDEILES MINOR,1,41895,1,Call,19.46,0.55,-45.1,f,,Brandon Law,22,,
PC,10,WLNP-4-5,851,,-113.896302,49.076385,,,7029,2018-06-14 04:48:00,9896,Transcribed,180s,1SPM,CONI,Common Nighthawk,CHORDEILES MINOR,1,41909,1,Call,103.30,0.65,-47.14,f,,Brandon Law,22,,
PC,10,WLNP-4-5,851,,-113.896302,49.076385,,,7029,2018-06-14 04:48:00,9896,Transcribed,180s,1SPM,WAVI,Warbling Vireo,VIREO GILVUS,1,41916,1,Song,125.03,2.38,-33.97,f,,Brandon Law,22,,
PC,10,WLNP-4-5,851,,-113.896302,49.076385,,,7029,2018-06-14 04:48:00,9896,Transcribed,180s,1SPM,HOWR,House Wren,TROGLODYTES AEDON,1,41907,1,Song,88.56,2.09,-29.2,f,,Brandon Law,22,,
PC,10,WLNP-4-5,851,,-113.896302,49.076385,,,7029,2018-06-14 04:48:00,9896,Transcribed,180s,1SPM,AMRO,American Robin,TURDUS MIGRATORIUS,1,41903,TMTT,Song,60.11,4.53,-32.79,f,,Brandon Law,22,AE:2-3,
PC,10,WLNP-4-5,851,,-113.896302,49.076385,,,7029,2018-06-14 04:48:00,9896,Transcribed,180s,1SPM,AMRO,American Robin,TURDUS MIGRATORIUS,1,41911,TMTT,Song,121.53,4.58,-38.44,f,,Brandon Law,22,AE:2-3,
PC,10,WLNP-4-5,851,,-113.896302,49.076385,,,7029,2018-06-14 04:48:00,9896,Transcribed,180s,1SPM,AMRO,American Robin,TURDUS MIGRATORIUS,1,41893,TMTT,Song,0.44,1.79,-41.52,f,,Brandon Law,22,AE:2-3,
PC,10,WLNP-4-5,851,,-113.896302,49.076385,,,7029,2018-06-14 04:48:00,9896,Transcribed,180s,1SPM,WCSP,White-crowned Sparrow,ZONOTRICHIA LEUCOPHRYS,1,41898,1,Song,2.61,2.30,-32.49,f,,Brandon Law,22,,
PC,10,WLNP-4-5,851,,-113.896302,49.076385,,,7029,2018-06-14 04:48:00,9896,Transcribed,180s,1SPM,WCSP,White-crowned Sparrow,ZONOTRICHIA LEUCOPHRYS,1,41905,1,Song,60.56,2.28,-23.81,f,,Brandon Law,22,,
PC,10,WLNP-4-5,851,,-113.896302,49.076385,,,7077,2018-06-15 05:18:00,9944,Transcribed,180s,1SPM,LAZB,Lazuli Bunting,PASSERINA AMOENA,2,42387,1,Song,76.78,1.64,-39.94,f,,Connor Charchuk,41,,Incredibly challenging recording with the LAZB and YEWA competing for the soundscape
PC,10,WLNP-4-5,851,,-113.896302,49.076385,,,7077,2018-06-15 05:18:00,9944,Transcribed,180s,1SPM,MGWA,MacGillivray's Warbler,GEOTHLYPIS TOLMIEI,1,42382,1,Song,66.96,2.21,-39.2,f,,Connor Charchuk,41,,Incredibly challenging recording with the LAZB and YEWA competing for the soundscape
PC,10,WLNP-4-5,851,,-113.896302,49.076385,,,7077,2018-06-15 05:18:00,9944,Transcribed,180s,1SPM,HOWR,House Wren,TROGLODYTES AEDON,1,42366,1,Song,1.51,1.61,-36.32,f,,Connor Charchuk,41,,Incredibly challenging recording with the LAZB and YEWA competing for the soundscape
PC,10,WLNP-4-5,851,,-113.896302,49.076385,,,7077,2018-06-15 05:18:00,9944,Transcribed,180s,1SPM,HOWR,House Wren,TROGLODYTES AEDON,2,42373,1,Song,31.49,2.21,-43.94,f,,Connor Charchuk,41,,Incredibly challenging recording with the LAZB and YEWA competing for the soundscape
PC,10,WLNP-4-5,851,,-113.896302,49.076385,,,7077,2018-06-15 05:18:00,9944,Transcribed,180s,1SPM,HOWR,House Wren,TROGLODYTES AEDON,2,42377,1,Song,60.18,1.90,-45.57,f,,Connor Charchuk,41,,Incredibly challenging recording with the LAZB and YEWA competing for the soundscape
PC,10,WLNP-4-5,851,,-113.896302,49.076385,,,7077,2018-06-15 05:18:00,9944,Transcribed,180s,1SPM,AMRO,American Robin,TURDUS MIGRATORIUS,1,42378,1,Song,60.20,4.40,-44.01,f,,Connor Charchuk,41,,Incredibly challenging recording with the LAZB and YEWA competing for the soundscape
PC,10,WLNP-4-5,851,,-113.896302,49.076385,,,7077,2018-06-15 05:18:00,9944,Transcribed,180s,1SPM,AMRO,American Robin,TURDUS MIGRATORIUS,1,42391,1,Song,120.03,2.94,-40.72,f,,Connor Charchuk,41,,Incredibly challenging recording with the LAZB and YEWA competing for the soundscape
PC,10,WLNP-4-5,851,,-113.896302,49.076385,,,7077,2018-06-15 05:18:00,9944,Transcribed,180s,1SPM,SWTH,Swainson's Thrush,CATHARUS USTULATUS,1,42379,1,Song,61.86,1.69,-43.36,f,,Connor Charchuk,41,,Incredibly challenging recording with the LAZB and YEWA competing for the soundscape
PC,10,WLNP-4-5,851,,-113.896302,49.076385,,,7077,2018-06-15 05:18:00,9944,Transcribed,180s,1SPM,SWTH,Swainson's Thrush,CATHARUS USTULATUS,1,42363,1,Song,0.04,1.58,-34.95,f,,Connor Charchuk,41,,Incredibly challenging recording with the LAZB and YEWA competing for the soundscape
PC,10,WLNP-4-5,851,,-113.896302,49.076385,,,7077,2018-06-15 05:18:00,9944,Transcribed,180s,1SPM,WCSP,White-crowned Sparrow,ZONOTRICHIA LEUCOPHRYS,1,42370,1,Song,5.05,2.51,-35.58,f,,Connor Charchuk,41,,Incredibly challenging recording with the LAZB and YEWA competing for the soundscape
PC,10,WLNP-4-5,851,,-113.896302,49.076385,,,7077,2018-06-15 05:18:00,9944,Transcribed,180s,1SPM,WCSP,White-crowned Sparrow,ZONOTRICHIA LEUCOPHRYS,1,42390,1,Song,120.04,1.65,-40.71,f,,Connor Charchuk,41,,Incredibly challenging recording with the LAZB and YEWA competing for the soundscape
PC,10,WLNP-4-5,851,,-113.896302,49.076385,,,7077,2018-06-15 05:18:00,9944,Transcribed,180s,1SPM,YEWA,Yellow Warbler,SETOPHAGA PETECHIA,1,42381,1,Song,64.94,1.71,-35.31,f,,Connor Charchuk,41,,Incredibly challenging recording with the LAZB and YEWA competing for the soundscape
PC,10,WLNP-4-5,851,,-113.896302,49.076385,,,7077,2018-06-15 05:18:00,9944,Transcribed,180s,1SPM,YEWA,Yellow Warbler,SETOPHAGA PETECHIA,1,42364,1,Song,0.54,1.49,-29.34,f,,Connor Charchuk,41,,Incredibly challenging recording with the LAZB and YEWA competing for the soundscape
PC,10,WLNP-4-5,851,,-113.896302,49.076385,,,7077,2018-06-15 05:18:00,9944,Transcribed,180s,1SPM,YEWA,Yellow Warbler,SETOPHAGA PETECHIA,2,42371,1,Song,7.84,1.36,-33.98,f,,Connor Charchuk,41,,Incredibly challenging recording with the LAZB and YEWA competing for the soundscape
PC,10,WLNP-4-5,851,,-113.896302,49.076385,,,7077,2018-06-15 05:18:00,9944,Transcribed,180s,1SPM,YEWA,Yellow Warbler,SETOPHAGA PETECHIA,2,42384,1,Song,72.20,1.08,-43.87,f,,Connor Charchuk,41,,Incredibly challenging recording with the LAZB and YEWA competing for the soundscape
PC,10,WLNP-4-5,851,,-113.896302,49.076385,,,7077,2018-06-15 05:18:00,9944,Transcribed,180s,1SPM,YEWA,Yellow Warbler,SETOPHAGA PETECHIA,2,42393,1,Song,122.73,1.36,-41.48,f,,Connor Charchuk,41,,Incredibly challenging recording with the LAZB and YEWA competing for the soundscape
PC,10,WLNP-4-5,851,,-113.896302,49.076385,,,7077,2018-06-15 05:18:00,9944,Transcribed,180s,1SPM,YEWA,Yellow Warbler,SETOPHAGA PETECHIA,3,42388,1,Song,81.58,1.53,-45.44,f,,Connor Charchuk,41,,Incredibly challenging recording with the LAZB and YEWA competing for the soundscape
PC,10,WLNP-4-5,851,,-113.896302,49.076385,,,7077,2018-06-15 05:18:00,9944,Transcribed,180s,1SPM,YEWA,Yellow Warbler,SETOPHAGA PETECHIA,3,42396,1,Song,126.43,1.74,-44.8,f,,Connor Charchuk,41,,Incredibly challenging recording with the LAZB and YEWA competing for the soundscape
PC,10,WLNP-4-5,851,,-113.896302,49.076385,,,7077,2018-06-15 05:18:00,9944,Transcribed,180s,1SPM,YEWA,Yellow Warbler,SETOPHAGA PETECHIA,4,42398,1,Song,148.81,1.39,-42.15,f,,Connor Charchuk,41,,Incredibly challenging recording with the LAZB and YEWA competing for the soundscape
PC,10,WLNP-4-5,851,,-113.896302,49.076385,,,7077,2018-06-15 05:18:00,9944,Transcribed,180s,1SPM,YEWA,Yellow Warbler,SETOPHAGA PETECHIA,4,42389,1,Song,88.05,1.59,-45.08,f,,Connor Charchuk,41,,Incredibly challenging recording with the LAZB and YEWA competing for the soundscape
PC,10,WLNP-4-5,851,,-113.896302,49.076385,,,7077,2018-06-15 05:18:00,9944,Transcribed,180s,1SPM,LAZB,Lazuli Bunting,PASSERINA AMOENA,1,42400,1,Song,173.98,1.95,-30.95,f,,Connor Charchuk,41,,Incredibly challenging recording with the LAZB and YEWA competing for the soundscape
PC,10,WLNP-4-5,851,,-113.896302,49.076385,,,7077,2018-06-15 05:18:00,9944,Transcribed,180s,1SPM,LAZB,Lazuli Bunting,PASSERINA AMOENA,1,42375,1,Song,36.73,2.45,-34.79,f,,Connor Charchuk,41,,Incredibly challenging recording with the LAZB and YEWA competing for the soundscape
PC,10,WLNP-4-5,851,,-113.896302,49.076385,,,7077,2018-06-15 05:18:00,9944,Transcribed,180s,1SPM,LAZB,Lazuli Bunting,PASSERINA AMOENA,1,42380,1,Song,62.71,2.11,-41.71,f,,Connor Charchuk,41,,Incredibly challenging recording with the LAZB and YEWA competing for the soundscape
PC,10,WLNP-4-5,851,,-113.896302,49.076385,,,7077,2018-06-15 05:18:00,9944,Transcribed,180s,1SPM,LAZB,Lazuli Bunting,PASSERINA AMOENA,2,42392,1,Song,121.15,1.54,-44.78,f,,Connor Charchuk,41,,Incredibly challenging recording with the LAZB and YEWA competing for the soundscape
PC,10,WLNP-4-5,851,,-113.896302,49.076385,,,7077,2018-06-15 05:18:00,9944,Transcribed,180s,1SPM,WCSP,White-crowned Sparrow,ZONOTRICHIA LEUCOPHRYS,1,42385,1,Song,76.88,2.35,-39.72,f,,Connor Charchuk,41,,Incredibly challenging recording with the LAZB and YEWA competing for the soundscape
PC,10,WLNP-4-5,851,,-113.896302,49.076385,,,7077,2018-06-15 05:18:00,9944,Transcribed,180s,1SPM,AMRO,American Robin,TURDUS MIGRATORIUS,1,42368,1,Song,1.91,3.69,-39.69,f,,Connor Charchuk,41,,Incredibly challenging recording with the LAZB and YEWA competing for the soundscape
PC,10,WLNP-4-5,851,,-113.896302,49.076385,,,7077,2018-06-15 05:18:00,9944,Transcribed,180s,1SPM,MGWA,MacGillivray's Warbler,GEOTHLYPIS TOLMIEI,1,42394,1,Song,123.81,1.49,-39.16,f,,Connor Charchuk,41,,Incredibly challenging recording with the LAZB and YEWA competing for the soundscape
PC,10,WLNP-4-5,851,,-113.896302,49.076385,,,7077,2018-06-15 05:18:00,9944,Transcribed,180s,1SPM,MGWA,MacGillivray's Warbler,GEOTHLYPIS TOLMIEI,1,42367,1,Song,2.28,2.35,-39.87,f,,Connor Charchuk,41,,Incredibly challenging recording with the LAZB and YEWA competing for the soundscape
PC,10,WLNP-4-5,851,,-113.896302,49.076385,,,7077,2018-06-15 05:18:00,9944,Transcribed,180s,1SPM,BCCH,Black-capped Chickadee,POECILE ATRICAPILLUS,1,42397,1,Song,140.43,1.53,-47.23,f,,Connor Charchuk,41,,Incredibly challenging recording with the LAZB and YEWA competing for the soundscape
PC,10,WLNP-4-5,851,,-113.896302,49.076385,,,7077,2018-06-15 05:18:00,9944,Transcribed,180s,1SPM,BCCH,Black-capped Chickadee,POECILE ATRICAPILLUS,1,42376,1,Song,50.29,1.56,-41.54,f,,Connor Charchuk,41,,Incredibly challenging recording with the LAZB and YEWA competing for the soundscape
PC,10,WLNP-4-5,851,,-113.896302,49.076385,,,7077,2018-06-15 05:18:00,9944,Transcribed,180s,1SPM,HOWR,House Wren,TROGLODYTES AEDON,1,42399,1,Song,157.00,1.33,-46,f,,Connor Charchuk,41,,Incredibly challenging recording with the LAZB and YEWA competing for the soundscape
PC,10,WLNP-4-5,851,,-113.896302,49.076385,,,7077,2018-06-15 05:18:00,9944,Transcribed,180s,1SPM,HOWR,House Wren,TROGLODYTES AEDON,1,42383,1,Song,68.93,1.54,-41.74,f,,Connor Charchuk,41,,Incredibly challenging recording with the LAZB and YEWA competing for the soundscape
PC,10,WLNP-4-5,851,,-113.896302,49.076385,,,7077,2018-06-15 05:18:00,9944,Transcribed,180s,1SPM,HOWR,House Wren,TROGLODYTES AEDON,2,42395,1,Song,124.35,1.75,-39.23,f,,Connor Charchuk,41,,Incredibly challenging recording with the LAZB and YEWA competing for the soundscape
PC,10,WLNP-5-1,852,,-113.783361,49.052202,,,7030,2018-06-17 21:44:00,9897,Transcribed,180s,1SPM,SWTH,Swainson's Thrush,CATHARUS USTULATUS,1,41918,1,Song,0.95,1.43,-58.28,f,,Brandon Law,22,,
PC,10,WLNP-5-1,852,,-113.783361,49.052202,,,7030,2018-06-17 21:44:00,9897,Transcribed,180s,1SPM,SWTH,Swainson's Thrush,CATHARUS USTULATUS,1,41926,1,Song,127.61,1.20,-58.29,f,,Brandon Law,22,,
PC,10,WLNP-5-1,852,,-113.783361,49.052202,,,7030,2018-06-17 21:44:00,9897,Transcribed,180s,1SPM,WCSP,White-crowned Sparrow,ZONOTRICHIA LEUCOPHRYS,2,41920,1,Song,15.54,2.50,-59.29,f,,Brandon Law,22,,
PC,10,WLNP-5-1,852,,-113.783361,49.052202,,,7030,2018-06-17 21:44:00,9897,Transcribed,180s,1SPM,MOWI,Moderate wind,"",1,41917,1,Song,0.04,2.86,-47.03,f,,Brandon Law,22,,
PC,10,WLNP-5-1,852,,-113.783361,49.052202,,,7030,2018-06-17 21:44:00,9897,Transcribed,180s,1SPM,MOWI,Moderate wind,"",1,41921,1,Song,60.36,3.08,-41.67,f,,Brandon Law,22,,
PC,10,WLNP-5-1,852,,-113.783361,49.052202,,,7030,2018-06-17 21:44:00,9897,Transcribed,180s,1SPM,MOWI,Moderate wind,"",1,41925,1,Song,120.21,2.68,-28.85,f,,Brandon Law,22,,
PC,10,WLNP-5-1,852,,-113.783361,49.052202,,,7030,2018-06-17 21:44:00,9897,Transcribed,180s,1SPM,WCSP,White-crowned Sparrow,ZONOTRICHIA LEUCOPHRYS,1,41927,1,Song,133.71,1.84,-59.03,f,,Brandon Law,22,,
PC,10,WLNP-5-1,852,,-113.783361,49.052202,,,7030,2018-06-17 21:44:00,9897,Transcribed,180s,1SPM,WCSP,White-crowned Sparrow,ZONOTRICHIA LEUCOPHRYS,1,41919,1,Song,12.05,2.41,-55.12,f,,Brandon Law,22,,
PC,10,WLNP-5-1,852,,-113.783361,49.052202,,,7030,2018-06-17 21:44:00,9897,Transcribed,180s,1SPM,SWTH,Swainson's Thrush,CATHARUS USTULATUS,1,41922,1,Song,60.93,1.61,-58.49,f,,Brandon Law,22,,
PC,10,WLNP-5-1,852,,-113.783361,49.052202,,,7030,2018-06-17 21:44:00,9897,Transcribed,180s,1SPM,SWTH,Swainson's Thrush,CATHARUS USTULATUS,2,41928,1,Song,138.28,1.56,-58.49,f,,Brandon Law,22,,
PC,10,WLNP-5-1,852,,-113.783361,49.052202,,,7030,2018-06-17 21:44:00,9897,Transcribed,180s,1SPM,WCSP,White-crowned Sparrow,ZONOTRICHIA LEUCOPHRYS,1,41923,1,Song,69.68,1.74,-62.24,f,,Brandon Law,22,,
PC,10,WLNP-5-1,852,,-113.783361,49.052202,,,7030,2018-06-17 21:44:00,9897,Transcribed,180s,1SPM,SWTH,Swainson's Thrush,CATHARUS USTULATUS,2,41924,1,Song,79.54,1.64,-57.61,f,,Brandon Law,22,,
PC,10,WLNP-5-1,852,,-113.783361,49.052202,,,7017,2018-06-18 05:18:00,9884,Transcribed,180s,1SPM,FOSP,Fox Sparrow,PASSERELLA ILIACA,1,40901,1,Song,0.30,2.06,-54.74,f,,Alex MacPhail,15,,
PC,10,WLNP-5-1,852,,-113.783361,49.052202,,,7017,2018-06-18 05:18:00,9884,Transcribed,180s,1SPM,WAVI,Warbling Vireo,VIREO GILVUS,1,40937,1,Song,126.58,2.28,-45.64,f,,Alex MacPhail,15,,
PC,10,WLNP-5-1,852,,-113.783361,49.052202,,,7017,2018-06-18 05:18:00,9884,Transcribed,180s,1SPM,WAVI,Warbling Vireo,VIREO GILVUS,1,40912,1,Song,62.91,1.81,-49.55,f,,Alex MacPhail,15,,
PC,10,WLNP-5-1,852,,-113.783361,49.052202,,,7017,2018-06-18 05:18:00,9884,Transcribed,180s,1SPM,WAVI,Warbling Vireo,VIREO GILVUS,1,40900,1,Song,2.24,2.45,-50.11,f,,Alex MacPhail,15,,
PC,10,WLNP-5-1,852,,-113.783361,49.052202,,,7017,2018-06-18 05:18:00,9884,Transcribed,180s,1SPM,TOSO,Townsend's Solitaire,MYADESTES TOWNSENDI,1,40908,1,Song,14.51,3.40,-49.26,f,,Alex MacPhail,15,,
PC,10,WLNP-5-1,852,,-113.783361,49.052202,,,7017,2018-06-18 05:18:00,9884,Transcribed,180s,1SPM,UNPA,Unidentified Passerine,"",1,40944,1,Song,120.21,1.79,-56.95,f,,Alex MacPhail,15,Messy in here confidence:Unknown far,
PC,10,WLNP-5-1,852,,-113.783361,49.052202,,,7017,2018-06-18 05:18:00,9884,Transcribed,180s,1SPM,WCSP,White-crowned Sparrow,ZONOTRICHIA LEUCOPHRYS,1,40898,1,Song,7.15,2.80,-41.84,f,,Alex MacPhail,15,,
PC,10,WLNP-5-1,852,,-113.783361,49.052202,,,7017,2018-06-18 05:18:00,9884,Transcribed,180s,1SPM,WCSP,White-crowned Sparrow,ZONOTRICHIA LEUCOPHRYS,1,40935,1,Song,124.98,2.51,-42.59,f,,Alex MacPhail,15,,
PC,10,WLNP-5-1,852,,-113.783361,49.052202,,,7017,2018-06-18 05:18:00,9884,Transcribed,180s,1SPM,WCSP,White-crowned Sparrow,ZONOTRICHIA LEUCOPHRYS,1,40913,1,Song,67.65,2.68,-37.7,f,,Alex MacPhail,15,,
PC,10,WLNP-5-1,852,,-113.783361,49.052202,,,7017,2018-06-18 05:18:00,9884,Transcribed,180s,1SPM,AMRO,American Robin,TURDUS MIGRATORIUS,1,40953,1,Song,173.53,3.09,-53.87,f,,Alex MacPhail,15,,
PC,10,WLNP-5-1,852,,-113.783361,49.052202,,,7017,2018-06-18 05:18:00,9884,Transcribed,180s,1SPM,AMRO,American Robin,TURDUS MIGRATORIUS,1,40922,1,Song,82.68,2.34,-54.12,f,,Alex MacPhail,15,,
PC,10,WLNP-5-1,852,,-113.783361,49.052202,,,7017,2018-06-18 05:18:00,9884,Transcribed,180s,1SPM,AMRO,American Robin,TURDUS MIGRATORIUS,1,40902,1,Song,2.89,2.10,-51.14,f,,Alex MacPhail,15,,
PC,10,WLNP-5-1,852,,-113.783361,49.052202,,,7017,2018-06-18 05:18:00,9884,Transcribed,180s,1SPM,WTSP,White-throated Sparrow,ZONOTRICHIA ALBICOLLIS,1,40914,1,Song,64.19,2.29,-51.8,f,,Alex MacPhail,15,,
PC,10,WLNP-5-1,852,,-113.783361,49.052202,,,7017,2018-06-18 05:18:00,9884,Transcribed,180s,1SPM,WTSP,White-throated Sparrow,ZONOTRICHIA ALBICOLLIS,1,40952,1,Song,170.41,2.20,-56.74,f,,Alex MacPhail,15,,
PC,10,WLNP-5-1,852,,-113.783361,49.052202,,,7017,2018-06-18 05:18:00,9884,Transcribed,180s,1SPM,WAVI,Warbling Vireo,VIREO GILVUS,2,40930,1,Song,98.40,2.56,-53.73,f,,Alex MacPhail,15,Pretty sure there are 2 here confidence:To Be Checked,
PC,10,WLNP-5-1,852,,-113.783361,49.052202,,,7017,2018-06-18 05:18:00,9884,Transcribed,180s,1SPM,WCSP,White-crowned Sparrow,ZONOTRICHIA LEUCOPHRYS,2,40910,1,Song,60.21,2.28,-58.72,f,,Alex MacPhail,15,Fainter,
PC,10,WLNP-5-1,852,,-113.783361,49.052202,,,7017,2018-06-18 05:18:00,9884,Transcribed,180s,1SPM,WAVI,Warbling Vireo,VIREO GILVUS,2,40903,1,Song,4.93,2.03,-53.01,f,,Alex MacPhail,15,Pretty sure there are 2 here confidence:To Be Checked,
PC,10,WLNP-5-1,852,,-113.783361,49.052202,,,7017,2018-06-18 05:18:00,9884,Transcribed,180s,1SPM,WAVI,Warbling Vireo,VIREO GILVUS,2,40938,1,Song,121.81,2.65,-43.92,f,,Alex MacPhail,15,Pretty sure there are 2 here confidence:To Be Checked,
PC,10,WLNP-5-1,852,,-113.783361,49.052202,,,7017,2018-06-18 05:18:00,9884,Transcribed,180s,1SPM,UNWA,Unidentified Warbler,"",1,40950,1,Call,134.09,1.75,-54.78,f,,Alex MacPhail,15,,
PC,10,WLNP-5-1,852,,-113.783361,49.052202,,,7017,2018-06-18 05:18:00,9884,Transcribed,180s,1SPM,CHSP,Chipping Sparrow,SPIZELLA PASSERINA,2,40920,1,Song,87.46,3.35,-51.19,f,,Alex MacPhail,15,,
PC,10,WLNP-5-1,852,,-113.783361,49.052202,,,7017,2018-06-18 05:18:00,9884,Transcribed,180s,1SPM,CHSP,Chipping Sparrow,SPIZELLA PASSERINA,2,40933,1,Song,123.34,2.84,-53.36,f,,Alex MacPhail,15,,
PC,10,WLNP-5-1,852,,-113.783361,49.052202,,,7017,2018-06-18 05:18:00,9884,Transcribed,180s,1SPM,CHSP,Chipping Sparrow,SPIZELLA PASSERINA,1,40915,1,Song,66.20,2.41,-39.07,f,,Alex MacPhail,15,,
PC,10,WLNP-5-1,852,,-113.783361,49.052202,,,7017,2018-06-18 05:18:00,9884,Transcribed,180s,1SPM,CHSP,Chipping Sparrow,SPIZELLA PASSERINA,1,40932,1,Song,124.18,2.76,-42.73,f,,Alex MacPhail,15,,
PC,10,WLNP-5-1,852,,-113.783361,49.052202,,,7017,2018-06-18 05:18:00,9884,Transcribed,180s,1SPM,SWTH,Swainson's Thrush,CATHARUS USTULATUS,1,40934,1,Song,122.09,2.01,-44.15,f,,Alex MacPhail,15,,
PC,10,WLNP-5-1,852,,-113.783361,49.052202,,,7017,2018-06-18 05:18:00,9884,Transcribed,180s,1SPM,SWTH,Swainson's Thrush,CATHARUS USTULATUS,1,40907,1,Song,8.55,1.66,-42.11,f,,Alex MacPhail,15,,
PC,10,WLNP-5-1,852,,-113.783361,49.052202,,,7017,2018-06-18 05:18:00,9884,Transcribed,180s,1SPM,WCSP,White-crowned Sparrow,ZONOTRICHIA LEUCOPHRYS,2,40905,1,Song,9.73,2.21,-54.35,f,,Alex MacPhail,15,Fainter,
PC,10,WLNP-5-1,852,,-113.783361,49.052202,,,7017,2018-06-18 05:18:00,9884,Transcribed,180s,1SPM,FOSP,Fox Sparrow,PASSERELLA ILIACA,1,40917,1,Song,70.13,2.59,-52.27,f,,Alex MacPhail,15,,
PC,10,WLNP-5-1,852,,-113.783361,49.052202,,,7017,2018-06-18 05:18:00,9884,Transcribed,180s,1SPM,OSFL,Olive-sided Flycatcher,CONTOPUS COOPERI,1,40897,1,Song,1.76,0.96,-52.89,f,,Alex MacPhail,15,,
PC,10,WLNP-5-1,852,,-113.783361,49.052202,,,7017,2018-06-18 05:18:00,9884,Transcribed,180s,1SPM,OSFL,Olive-sided Flycatcher,CONTOPUS COOPERI,1,40925,1,Song,74.25,1.06,-49.95,f,,Alex MacPhail,15,,
PC,10,WLNP-5-1,852,,-113.783361,49.052202,,,7017,2018-06-18 05:18:00,9884,Transcribed,180s,1SPM,OSFL,Olive-sided Flycatcher,CONTOPUS COOPERI,1,40940,1,Song,129.99,1.06,-56.13,f,,Alex MacPhail,15,,
PC,10,WLNP-5-1,852,,-113.783361,49.052202,,,7017,2018-06-18 05:18:00,9884,Transcribed,180s,1SPM,LIWI,Light wind,"",1,40942,1,Song,120.01,7.01,-44.96,f,,Alex MacPhail,15,,
PC,10,WLNP-5-1,852,,-113.783361,49.052202,,,7017,2018-06-18 05:18:00,9884,Transcribed,180s,1SPM,LIWI,Light wind,"",1,40889,1,Song,0.08,5.89,-38.86,f,,Alex MacPhail,15,,
PC,10,WLNP-5-1,852,,-113.783361,49.052202,,,7017,2018-06-18 05:18:00,9884,Transcribed,180s,1SPM,LIWI,Light wind,"",1,40924,1,Song,60.05,5.70,-47.85,f,,Alex MacPhail,15,,
PC,10,WLNP-5-1,852,,-113.783361,49.052202,,,7017,2018-06-18 05:18:00,9884,Transcribed,180s,1SPM,SWTH,Swainson's Thrush,CATHARUS USTULATUS,1,40918,1,Song,69.04,1.69,-37.72,f,,Alex MacPhail,15,,
PC,10,WLNP-5-1,852,,-113.783361,49.052202,,,7001,2018-06-20 04:48:00,10004,Transcribed,180s,1SPM,CHSP,Chipping Sparrow,SPIZELLA PASSERINA,1,46128,TMTT,Song,125.15,2.11,-41.8,f,,Tyne Baker,23,"AE:2-4, some distant, lots of overlap of singers with matching syllables",rushing water
PC,10,WLNP-5-1,852,,-113.783361,49.052202,,,7001,2018-06-20 04:48:00,10004,Transcribed,180s,1SPM,UNWA,Unidentified Warbler,"",1,46121,1,Song,72.28,1.41,-56.74,f,,Tyne Baker,23,suspect MOWA or YEWA confidence:Unknown far,rushing water
PC,10,WLNP-5-1,852,,-113.783361,49.052202,,,7001,2018-06-20 04:48:00,10004,Transcribed,180s,1SPM,DEJU,Dark-eyed Junco,JUNCO HYEMALIS,1,46125,1,Song,89.24,1.58,-52.53,f,,Tyne Baker,23,,rushing water
PC,10,WLNP-5-1,852,,-113.783361,49.052202,,,7001,2018-06-20 04:48:00,10004,Transcribed,180s,1SPM,DEJU,Dark-eyed Junco,JUNCO HYEMALIS,1,46126,1,Song,122.73,1.55,-45.65,f,,Tyne Baker,23,,rushing water
PC,10,WLNP-5-1,852,,-113.783361,49.052202,,,7001,2018-06-20 04:48:00,10004,Transcribed,180s,1SPM,AMRO,American Robin,TURDUS MIGRATORIUS,1,46113,1,Song,0.26,3.10,-37.37,f,,Tyne Baker,23,,rushing water
PC,10,WLNP-5-1,852,,-113.783361,49.052202,,,7001,2018-06-20 04:48:00,10004,Transcribed,180s,1SPM,AMRO,American Robin,TURDUS MIGRATORIUS,1,46129,1,Song,120.58,1.83,-47.21,f,,Tyne Baker,23,,rushing water
PC,10,WLNP-5-1,852,,-113.783361,49.052202,,,7001,2018-06-20 04:48:00,10004,Transcribed,180s,1SPM,CHSP,Chipping Sparrow,SPIZELLA PASSERINA,1,46119,TMTT,Song,60.73,2.16,-45.29,f,,Tyne Baker,23,"AE:2-4, some distant, lots of overlap of singers with matching syllables",rushing water
PC,10,WLNP-5-1,852,,-113.783361,49.052202,,,7001,2018-06-20 04:48:00,10004,Transcribed,180s,1SPM,CHSP,Chipping Sparrow,SPIZELLA PASSERINA,1,46112,TMTT,Song,0.01,2.95,-51.64,f,,Tyne Baker,23,"AE:2-4, some distant, lots of overlap of singers with matching syllables",rushing water
PC,10,WLNP-5-1,852,,-113.783361,49.052202,,,7001,2018-06-20 04:48:00,10004,Transcribed,180s,1SPM,OSFL,Olive-sided Flycatcher,CONTOPUS COOPERI,1,46131,1,Song,140.99,1.39,-50.43,f,,Tyne Baker,23,,rushing water
PC,10,WLNP-5-1,852,,-113.783361,49.052202,,,7001,2018-06-20 04:48:00,10004,Transcribed,180s,1SPM,OSFL,Olive-sided Flycatcher,CONTOPUS COOPERI,1,46117,1,Song,60.09,1.16,-39.97,f,,Tyne Baker,23,,rushing water
PC,10,WLNP-5-1,852,,-113.783361,49.052202,,,7001,2018-06-20 04:48:00,10004,Transcribed,180s,1SPM,OSFL,Olive-sided Flycatcher,CONTOPUS COOPERI,1,46111,1,Song,0.11,0.73,-42.53,f,,Tyne Baker,23,,rushing water
PC,10,WLNP-5-1,852,,-113.783361,49.052202,,,7001,2018-06-20 04:48:00,10004,Transcribed,180s,1SPM,WCSP,White-crowned Sparrow,ZONOTRICHIA LEUCOPHRYS,1,46130,TMTT,Song,120.05,2.24,-44.54,f,,Tyne Baker,23,"AE:3-5, some with VERY similar song structure, heavily overlapped in places.",rushing water
PC,10,WLNP-5-1,852,,-113.783361,49.052202,,,7001,2018-06-20 04:48:00,10004,Transcribed,180s,1SPM,WCSP,White-crowned Sparrow,ZONOTRICHIA LEUCOPHRYS,1,120876,TMTT,Song,60.01,2.18,-35.66,f,,Tyne Baker,23,"AE:3-5, some with VERY similar song structure, heavily overlapped in places.",rushing water
PC,10,WLNP-5-1,852,,-113.783361,49.052202,,,7001,2018-06-20 04:48:00,10004,Transcribed,180s,1SPM,SWTH,Swainson's Thrush,CATHARUS USTULATUS,1,46114,TMTT,Song,3.00,1.36,-41.78,f,,Tyne Baker,23,"AE:2-3, song and call overlapping",rushing water
PC,10,WLNP-5-1,852,,-113.783361,49.052202,,,7001,2018-06-20 04:48:00,10004,Transcribed,180s,1SPM,SWTH,Swainson's Thrush,CATHARUS USTULATUS,1,46120,TMTT,S-C,61.06,0.21,-59.56,f,,Tyne Baker,23,"AE:2-3, song and call overlapping",rushing water
PC,10,WLNP-5-1,852,,-113.783361,49.052202,,,7001,2018-06-20 04:48:00,10004,Transcribed,180s,1SPM,WCSP,White-crowned Sparrow,ZONOTRICHIA LEUCOPHRYS,1,46124,TMTT,Song,0.44,1.88,-38.57,f,,Tyne Baker,23,"AE:3-5, some with VERY similar song structure, heavily overlapped in places.",rushing water
PC,10,WLNP-5-1,852,,-113.783361,49.052202,,,7001,2018-06-20 04:48:00,10004,Transcribed,180s,1SPM,AMRO,American Robin,TURDUS MIGRATORIUS,1,46122,1,Song,92.30,3.18,-33.02,f,,Tyne Baker,23,,rushing water
PC,10,WLNP-5-1,852,,-113.783361,49.052202,,,85251,2018-06-21 04:48:00,17689,Transcribed,180s,1SPM,MGWA,MacGillivray's Warbler,GEOTHLYPIS TOLMIEI,1,125273,1,Song,62.99,1.04,-38.53,f,,Michelle Knaggs,11,,
PC,10,WLNP-5-1,852,,-113.783361,49.052202,,,85251,2018-06-21 04:48:00,17689,Transcribed,180s,1SPM,AMRO,American Robin,TURDUS MIGRATORIUS,2,125267,1,Song,28.36,1.44,-53.14,f,,Michelle Knaggs,11,,
PC,10,WLNP-5-1,852,,-113.783361,49.052202,,,85251,2018-06-21 04:48:00,17689,Transcribed,180s,1SPM,WCSP,White-crowned Sparrow,ZONOTRICHIA LEUCOPHRYS,1,125253,1,Song,0.11,2.84,-50.19,f,,Michelle Knaggs,11,,
PC,10,WLNP-5-1,852,,-113.783361,49.052202,,,85251,2018-06-21 04:48:00,17689,Transcribed,180s,1SPM,WCSP,White-crowned Sparrow,ZONOTRICHIA LEUCOPHRYS,1,125272,1,Song,62.06,1.01,-48.27,f,,Michelle Knaggs,11,,
PC,10,WLNP-5-1,852,,-113.783361,49.052202,,,85251,2018-06-21 04:48:00,17689,Transcribed,180s,1SPM,WCSP,White-crowned Sparrow,ZONOTRICHIA LEUCOPHRYS,1,125296,1,Song,148.91,2.55,-25.98,f,,Michelle Knaggs,11,,
PC,10,WLNP-5-1,852,,-113.783361,49.052202,,,85251,2018-06-21 04:48:00,17689,Transcribed,180s,1SPM,WCSP,White-crowned Sparrow,ZONOTRICHIA LEUCOPHRYS,2,125270,1,Song,60.05,1.78,-24.32,f,,Michelle Knaggs,11,,
PC,10,WLNP-5-1,852,,-113.783361,49.052202,,,85251,2018-06-21 04:48:00,17689,Transcribed,180s,1SPM,WCSP,White-crowned Sparrow,ZONOTRICHIA LEUCOPHRYS,2,125255,1,Song,5.41,2.39,-23.62,f,,Michelle Knaggs,11,,
PC,10,WLNP-5-1,852,,-113.783361,49.052202,,,85251,2018-06-21 04:48:00,17689,Transcribed,180s,1SPM,WCSP,White-crowned Sparrow,ZONOTRICHIA LEUCOPHRYS,2,125291,1,Song,137.08,1.89,-51.5,f,,Michelle Knaggs,11,,
PC,10,WLNP-5-1,852,,-113.783361,49.052202,,,85251,2018-06-21 04:48:00,17689,Transcribed,180s,1SPM,WCSP,White-crowned Sparrow,ZONOTRICHIA LEUCOPHRYS,3,125282,1,Song,79.69,1.63,-36.48,f,,Michelle Knaggs,11,,
PC,10,WLNP-5-1,852,,-113.783361,49.052202,,,85251,2018-06-21 04:48:00,17689,Transcribed,180s,1SPM,WCSP,White-crowned Sparrow,ZONOTRICHIA LEUCOPHRYS,3,125289,1,Song,124.36,1.01,-51.56,f,,Michelle Knaggs,11,,
PC,10,WLNP-5-1,852,,-113.783361,49.052202,,,85251,2018-06-21 04:48:00,17689,Transcribed,180s,1SPM,SWTH,Swainson's Thrush,CATHARUS USTULATUS,1,125266,1,Song,19.31,0.80,-52.18,f,,Michelle Knaggs,11,,
PC,10,WLNP-5-1,852,,-113.783361,49.052202,,,85251,2018-06-21 04:48:00,17689,Transcribed,180s,1SPM,SWTH,Swainson's Thrush,CATHARUS USTULATUS,1,125277,1,Song,65.73,0.71,-56.87,f,,Michelle Knaggs,11,,
PC,10,WLNP-5-1,852,,-113.783361,49.052202,,,85251,2018-06-21 04:48:00,17689,Transcribed,180s,1SPM,SWTH,Swainson's Thrush,CATHARUS USTULATUS,1,125290,1,Song,125.09,0.54,-51.5,f,,Michelle Knaggs,11,,
PC,10,WLNP-5-1,852,,-113.783361,49.052202,,,85251,2018-06-21 04:48:00,17689,Transcribed,180s,1SPM,CHSP,Chipping Sparrow,SPIZELLA PASSERINA,1,125269,1,Song,41.59,1.65,-54.68,f,,Michelle Knaggs,11,,
PC,10,WLNP-5-1,852,,-113.783361,49.052202,,,85251,2018-06-21 04:48:00,17689,Transcribed,180s,1SPM,CHSP,Chipping Sparrow,SPIZELLA PASSERINA,1,125274,1,Song,61.86,1.63,-40.16,f,,Michelle Knaggs,11,,
PC,10,WLNP-5-1,852,,-113.783361,49.052202,,,85251,2018-06-21 04:48:00,17689,Transcribed,180s,1SPM,CHSP,Chipping Sparrow,SPIZELLA PASSERINA,1,125286,1,Song,120.03,0.93,-57.68,f,,Michelle Knaggs,11,,
PC,10,WLNP-5-1,852,,-113.783361,49.052202,,,85251,2018-06-21 04:48:00,17689,Transcribed,180s,1SPM,CHSP,Chipping Sparrow,SPIZELLA PASSERINA,2,125294,1,Song,140.03,2.30,-60.85,f,,Michelle Knaggs,11,,
PC,10,WLNP-5-1,852,,-113.783361,49.052202,,,85251,2018-06-21 04:48:00,17689,Transcribed,180s,1SPM,UNPA,Unidentified Passerine,"",1,125262,1,Call,14.45,1.30,-48.62,f,,Michelle Knaggs,11,,
PC,10,WLNP-5-1,852,,-113.783361,49.052202,,,85251,2018-06-21 04:48:00,17689,Transcribed,180s,1SPM,WAVI,Warbling Vireo,VIREO GILVUS,1,125264,1,Song,16.00,1.14,-47.19,f,,Michelle Knaggs,11,,
PC,10,WLNP-5-1,852,,-113.783361,49.052202,,,85251,2018-06-21 04:48:00,17689,Transcribed,180s,1SPM,WAVI,Warbling Vireo,VIREO GILVUS,1,125287,1,Song,121.19,2.09,-51.98,f,,Michelle Knaggs,11,,
PC,10,WLNP-5-1,852,,-113.783361,49.052202,,,85251,2018-06-21 04:48:00,17689,Transcribed,180s,1SPM,WAVI,Warbling Vireo,VIREO GILVUS,1,125284,1,Song,94.38,1.84,-52.74,f,,Michelle Knaggs,11,,
PC,10,WLNP-5-1,852,,-113.783361,49.052202,,,85251,2018-06-21 04:48:00,17689,Transcribed,180s,1SPM,AMRO,American Robin,TURDUS MIGRATORIUS,1,125257,1,Song,0.05,3.04,-51.77,f,,Michelle Knaggs,11,,
PC,10,WLNP-5-1,852,,-113.783361,49.052202,,,85251,2018-06-21 04:48:00,17689,Transcribed,180s,1SPM,AMRO,American Robin,TURDUS MIGRATORIUS,1,125276,1,Song,64.09,0.41,-50.22,f,,Michelle Knaggs,11,,
PC,10,WLNP-5-1,852,,-113.783361,49.052202,,,85251,2018-06-21 04:48:00,17689,Transcribed,180s,1SPM,AMRO,American Robin,TURDUS MIGRATORIUS,1,125298,1,Song,179.15,0.81,-55.87,f,,Michelle Knaggs,11,,
PC,10,WLNP-5-1,852,,-113.783361,49.052202,,,85251,2018-06-21 04:48:00,17689,Transcribed,180s,1SPM,MGWA,MacGillivray's Warbler,GEOTHLYPIS TOLMIEI,1,125256,1,Song,3.40,1.70,-39.22,f,,Michelle Knaggs,11,,
PC,10,WLNP-5-1,852,,-113.783361,49.052202,,,85251,2018-06-21 04:48:00,17689,Transcribed,180s,1SPM,HEWI,Heavy wind,"",1,125297,1,Song,158.35,6.15,-20.27,f,,Michelle Knaggs,11,,
PC,10,WLNP-5-1,852,,-113.783361,49.052202,,,85251,2018-06-21 04:48:00,17689,Transcribed,180s,1SPM,HEWI,Heavy wind,"",1,125280,1,Song,68.26,3.86,-7.67,f,,Michelle Knaggs,11,,
PC,10,WLNP-5-1,852,,-113.783361,49.052202,,,6958,2018-06-22 04:48:00,9961,Transcribed,180s,1SPM,SWTH,Swainson's Thrush,CATHARUS USTULATUS,1,50067,1,Song,123.54,1.19,-46.42,f,,Jake Lewis,27,,
PC,10,WLNP-5-1,852,,-113.783361,49.052202,,,6958,2018-06-22 04:48:00,9961,Transcribed,180s,1SPM,MGWA,MacGillivray's Warbler,GEOTHLYPIS TOLMIEI,1,50068,1,Song,121.85,1.26,-39.79,f,,Jake Lewis,27,,
PC,10,WLNP-5-1,852,,-113.783361,49.052202,,,6958,2018-06-22 04:48:00,9961,Transcribed,180s,1SPM,OSFL,Olive-sided Flycatcher,CONTOPUS COOPERI,1,115161,1,Song,3.01,0.93,-62.3,f,,Jake Lewis,27,,
PC,10,WLNP-5-1,852,,-113.783361,49.052202,,,6958,2018-06-22 04:48:00,9961,Transcribed,180s,1SPM,CHSP,Chipping Sparrow,SPIZELLA PASSERINA,1,43977,1,Song,0.01,1.34,-42.08,f,,Jake Lewis,27,,
PC,10,WLNP-5-1,852,,-113.783361,49.052202,,,6958,2018-06-22 04:48:00,9961,Transcribed,180s,1SPM,CHSP,Chipping Sparrow,SPIZELLA PASSERINA,1,50061,1,Song,60.03,0.19,-56.98,f,,Jake Lewis,27,,
PC,10,WLNP-5-1,852,,-113.783361,49.052202,,,6958,2018-06-22 04:48:00,9961,Transcribed,180s,1SPM,CHSP,Chipping Sparrow,SPIZELLA PASSERINA,1,50065,1,Song,120.03,0.35,-39.91,f,,Jake Lewis,27,,
PC,10,WLNP-5-1,852,,-113.783361,49.052202,,,6958,2018-06-22 04:48:00,9961,Transcribed,180s,1SPM,AMRO,American Robin,TURDUS MIGRATORIUS,1,50072,1,Song,61.35,0.66,-52.66,f,,Jake Lewis,27,,
PC,10,WLNP-5-1,852,,-113.783361,49.052202,,,6958,2018-06-22 04:48:00,9961,Transcribed,180s,1SPM,AMRO,American Robin,TURDUS MIGRATORIUS,1,43980,1,Song,0.00,1.53,-47.63,f,,Jake Lewis,27,,
PC,10,WLNP-5-1,852,,-113.783361,49.052202,,,6958,2018-06-22 04:48:00,9961,Transcribed,180s,1SPM,WCSP,White-crowned Sparrow,ZONOTRICHIA LEUCOPHRYS,1,43979,TMTT,Song,6.53,6.64,-33.5,f,,Jake Lewis,27,AE:1-2,
PC,10,WLNP-5-1,852,,-113.783361,49.052202,,,6958,2018-06-22 04:48:00,9961,Transcribed,180s,1SPM,WCSP,White-crowned Sparrow,ZONOTRICHIA LEUCOPHRYS,1,50063,TMTT,Song,60.06,3.91,-37.99,f,,Jake Lewis,27,AE:1-2,
PC,10,WLNP-5-1,852,,-113.783361,49.052202,,,6958,2018-06-22 04:48:00,9961,Transcribed,180s,1SPM,MGWA,MacGillivray's Warbler,GEOTHLYPIS TOLMIEI,1,50060,1,Song,0.05,0.78,-45.28,f,,Jake Lewis,27,,
PC,10,WLNP-5-1,852,,-113.783361,49.052202,,,6958,2018-06-22 04:48:00,9961,Transcribed,180s,1SPM,MOWI,Moderate wind,"",1,50070,1,Song,60.04,0.54,-24.97,f,,Jake Lewis,27,,
PC,10,WLNP-5-1,852,,-113.783361,49.052202,,,6958,2018-06-22 04:48:00,9961,Transcribed,180s,1SPM,SWTH,Swainson's Thrush,CATHARUS USTULATUS,1,43978,1,Song,4.08,1.19,-42.33,f,,Jake Lewis,27,,
PC,10,WLNP-5-1,852,,-113.783361,49.052202,,,6958,2018-06-22 04:48:00,9961,Transcribed,180s,1SPM,SWTH,Swainson's Thrush,CATHARUS USTULATUS,1,50062,1,Song,60.04,0.30,-56.45,f,,Jake Lewis,27,,
PC,10,WLNP-5-1,852,,-113.783361,49.052202,,,6958,2018-06-22 04:48:00,9961,Transcribed,180s,1SPM,MOWI,Moderate wind,"",1,50071,1,Song,120.09,0.60,-18.93,f,,Jake Lewis,27,,
PC,10,WLNP-5-1,852,,-113.783361,49.052202,,,6958,2018-06-22 04:48:00,9961,Transcribed,180s,1SPM,MOWI,Moderate wind,"",1,50069,1,Song,0.03,0.58,-16.32,f,,Jake Lewis,27,,
PC,10,WLNP-5-1,852,,-113.783361,49.052202,,,6958,2018-06-22 04:48:00,9961,Transcribed,180s,1SPM,MGWA,MacGillivray's Warbler,GEOTHLYPIS TOLMIEI,1,50064,1,Song,61.96,1.11,-39.13,f,,Jake Lewis,27,,
PC,10,WLNP-5-1,852,,-113.783361,49.052202,,,6958,2018-06-22 04:48:00,9961,Transcribed,180s,1SPM,WCSP,White-crowned Sparrow,ZONOTRICHIA LEUCOPHRYS,1,50066,TMTT,Song,120.04,2.84,-34.29,f,,Jake Lewis,27,AE:1-2,
PC,10,WLNP-5-2,853,,-113.785140,49.049748,,,7018,2018-06-17 21:44:00,9885,Bad Weather,180s,1SPM,NONE,NONE,"",,,,,,,,,,Alex MacPhail,15,,
PC,10,WLNP-5-2,853,,-113.785140,49.049748,,,90870,2018-06-18 04:48:00,20900,Transcribed,180s,1SPM,LIBA,Light Background Noise,"",1,178346,1,Song,60.06,7.78,-55.22,f,,Michelle Knaggs,11,,faint running water 
PC,10,WLNP-5-2,853,,-113.785140,49.049748,,,90870,2018-06-18 04:48:00,20900,Transcribed,180s,1SPM,SWTH,Swainson's Thrush,CATHARUS USTULATUS,1,178325,1,Song,61.54,0.85,-53.61,f,,Michelle Knaggs,11,,faint running water 
PC,10,WLNP-5-2,853,,-113.785140,49.049748,,,90870,2018-06-18 04:48:00,20900,Transcribed,180s,1SPM,SWTH,Swainson's Thrush,CATHARUS USTULATUS,1,178343,1,Song,137.06,0.29,-58.89,f,,Michelle Knaggs,11,,faint running water 
PC,10,WLNP-5-2,853,,-113.785140,49.049748,,,90870,2018-06-18 04:48:00,20900,Transcribed,180s,1SPM,WCSP,White-crowned Sparrow,ZONOTRICHIA LEUCOPHRYS,3,178342,1,Song,130.00,2.43,-45.09,f,,Michelle Knaggs,11,,faint running water 
PC,10,WLNP-5-2,853,,-113.785140,49.049748,,,90870,2018-06-18 04:48:00,20900,Transcribed,180s,1SPM,WCSP,White-crowned Sparrow,ZONOTRICHIA LEUCOPHRYS,3,178333,1,Song,83.38,2.25,-43.24,f,,Michelle Knaggs,11,,faint running water 
PC,10,WLNP-5-2,853,,-113.785140,49.049748,,,90870,2018-06-18 04:48:00,20900,Transcribed,180s,1SPM,WCSP,White-crowned Sparrow,ZONOTRICHIA LEUCOPHRYS,2,178299,1,Song,3.63,2.65,-40.51,f,,Michelle Knaggs,11,,faint running water 
PC,10,WLNP-5-2,853,,-113.785140,49.049748,,,90870,2018-06-18 04:48:00,20900,Transcribed,180s,1SPM,WCSP,White-crowned Sparrow,ZONOTRICHIA LEUCOPHRYS,2,178319,1,Song,63.08,3.43,-41.91,f,,Michelle Knaggs,11,,faint running water 
PC,10,WLNP-5-2,853,,-113.785140,49.049748,,,90870,2018-06-18 04:48:00,20900,Transcribed,180s,1SPM,WCSP,White-crowned Sparrow,ZONOTRICHIA LEUCOPHRYS,2,178341,1,Song,126.88,2.56,-43.03,f,,Michelle Knaggs,11,,faint running water 
PC,10,WLNP-5-2,853,,-113.785140,49.049748,,,90870,2018-06-18 04:48:00,20900,Transcribed,180s,1SPM,WCSP,White-crowned Sparrow,ZONOTRICHIA LEUCOPHRYS,1,178328,1,Song,69.29,1.80,-50.78,f,,Michelle Knaggs,11,"
",faint running water 
PC,10,WLNP-5-2,853,,-113.785140,49.049748,,,90870,2018-06-18 04:48:00,20900,Transcribed,180s,1SPM,WCSP,White-crowned Sparrow,ZONOTRICHIA LEUCOPHRYS,1,178338,1,Song,120.10,1.15,-58.68,f,,Michelle Knaggs,11,"
",faint running water 
PC,10,WLNP-5-2,853,,-113.785140,49.049748,,,90870,2018-06-18 04:48:00,20900,Transcribed,180s,1SPM,WCSP,White-crowned Sparrow,ZONOTRICHIA LEUCOPHRYS,1,178302,1,Song,1.59,1.99,-45.36,f,,Michelle Knaggs,11,"
",faint running water 
PC,10,WLNP-5-2,853,,-113.785140,49.049748,,,90870,2018-06-18 04:48:00,20900,Transcribed,180s,1SPM,HETH,Hermit Thrush,CATHARUS GUTTATUS,1,178308,1,Song,0.04,1.09,-55.4,f,,Michelle Knaggs,11,,faint running water 
PC,10,WLNP-5-2,853,,-113.785140,49.049748,,,90870,2018-06-18 04:48:00,20900,Transcribed,180s,1SPM,HETH,Hermit Thrush,CATHARUS GUTTATUS,1,178330,1,Song,79.28,1.39,-46.29,f,,Michelle Knaggs,11,,faint running water 
PC,10,WLNP-5-2,853,,-113.785140,49.049748,,,90870,2018-06-18 04:48:00,20900,Transcribed,180s,1SPM,AMRO,American Robin,TURDUS MIGRATORIUS,1,178296,1,Song,1.76,1.05,-45.84,f,,Michelle Knaggs,11,,faint running water 
PC,10,WLNP-5-2,853,,-113.785140,49.049748,,,90870,2018-06-18 04:48:00,20900,Transcribed,180s,1SPM,AMRO,American Robin,TURDUS MIGRATORIUS,1,178317,1,Song,60.01,2.00,-49.29,f,,Michelle Knaggs,11,,faint running water 
PC,10,WLNP-5-2,853,,-113.785140,49.049748,,,90870,2018-06-18 04:48:00,20900,Transcribed,180s,1SPM,AMRO,American Robin,TURDUS MIGRATORIUS,1,178340,1,Song,123.30,1.53,-42.97,f,,Michelle Knaggs,11,,faint running water 
PC,10,WLNP-5-2,853,,-113.785140,49.049748,,,90870,2018-06-18 04:48:00,20900,Transcribed,180s,1SPM,DEJU,Dark-eyed Junco,JUNCO HYEMALIS,1,178344,1,Song,168.13,1.31,-50.7,f,,Michelle Knaggs,11,,faint running water 
PC,10,WLNP-5-2,853,,-113.785140,49.049748,,,90870,2018-06-18 04:48:00,20900,Transcribed,180s,1SPM,DEJU,Dark-eyed Junco,JUNCO HYEMALIS,1,178313,1,Song,20.68,0.85,-60.11,f,,Michelle Knaggs,11,,faint running water 
PC,10,WLNP-5-2,853,,-113.785140,49.049748,,,90870,2018-06-18 04:48:00,20900,Transcribed,180s,1SPM,UNPA,Unidentified Passerine,"",1,178339,1,Call,120.08,2.88,-53.48,f,,Michelle Knaggs,11,,faint running water 
PC,10,WLNP-5-2,853,,-113.785140,49.049748,,,90870,2018-06-18 04:48:00,20900,Transcribed,180s,1SPM,UNPA,Unidentified Passerine,"",1,178322,1,Call,60.13,1.49,-56.26,f,,Michelle Knaggs,11,,faint running water 
PC,10,WLNP-5-2,853,,-113.785140,49.049748,,,90870,2018-06-18 04:48:00,20900,Transcribed,180s,1SPM,LIBA,Light Background Noise,"",1,178348,1,Song,120.08,6.40,-45.84,f,,Michelle Knaggs,11,,faint running water 
PC,10,WLNP-5-2,853,,-113.785140,49.049748,,,90870,2018-06-18 04:48:00,20900,Transcribed,180s,1SPM,LIBA,Light Background Noise,"",1,178345,1,Song,0.06,6.69,-47.78,f,,Michelle Knaggs,11,,faint running water 
PC,10,WLNP-5-2,853,,-113.785140,49.049748,,,85252,2018-06-19 04:48:00,17690,Bad Weather,180s,1SPM,NONE,NONE,"",,,,,,,,,,Michelle Knaggs,11,,
PC,10,WLNP-5-2,853,,-113.785140,49.049748,,,7031,2018-06-20 05:18:00,9898,Transcribed,180s,1SPM,SAVS,Savannah Sparrow,PASSERCULUS SANDWICHENSIS,1,41945,1,Song,67.23,2.95,-47.84,f,,Brandon Law,22,,
PC,10,WLNP-5-2,853,,-113.785140,49.049748,,,7031,2018-06-20 05:18:00,9898,Transcribed,180s,1SPM,LISP,Lincoln's Sparrow,MELOSPIZA LINCOLNII,1,41935,1,Song,4.65,2.08,-29.9,f,,Brandon Law,22,,
PC,10,WLNP-5-2,853,,-113.785140,49.049748,,,7031,2018-06-20 05:18:00,9898,Transcribed,180s,1SPM,LIBA,Light Background Noise,"",1,41931,1,Song,0.46,1.64,-34.16,f,,Brandon Law,22,,
PC,10,WLNP-5-2,853,,-113.785140,49.049748,,,7031,2018-06-20 05:18:00,9898,Transcribed,180s,1SPM,WCSP,White-crowned Sparrow,ZONOTRICHIA LEUCOPHRYS,1,41930,1,Song,0.28,2.24,-48.78,f,,Brandon Law,22,,
PC,10,WLNP-5-2,853,,-113.785140,49.049748,,,7031,2018-06-20 05:18:00,9898,Transcribed,180s,1SPM,LIBA,Light Background Noise,"",1,41949,1,Song,120.18,2.33,-35.6,f,,Brandon Law,22,,
PC,10,WLNP-5-2,853,,-113.785140,49.049748,,,7031,2018-06-20 05:18:00,9898,Transcribed,180s,1SPM,SAVS,Savannah Sparrow,PASSERCULUS SANDWICHENSIS,1,41952,1,Song,127.78,2.56,-34.5,f,,Brandon Law,22,,
PC,10,WLNP-5-2,853,,-113.785140,49.049748,,,7031,2018-06-20 05:18:00,9898,Transcribed,180s,1SPM,LIBA,Light Background Noise,"",1,41944,1,Song,60.16,1.78,-31.77,f,,Brandon Law,22,,
PC,10,WLNP-5-2,853,,-113.785140,49.049748,,,7031,2018-06-20 05:18:00,9898,Transcribed,180s,1SPM,SAVS,Savannah Sparrow,PASSERCULUS SANDWICHENSIS,1,41929,1,Song,0.06,1.35,-48.87,f,,Brandon Law,22,,
PC,10,WLNP-5-2,853,,-113.785140,49.049748,,,7031,2018-06-20 05:18:00,9898,Transcribed,180s,1SPM,YRWA,Yellow-rumped Warbler,SETOPHAGA CORONATA,1,41946,1,Song,69.23,1.39,-51.41,f,,Brandon Law,22,,
PC,10,WLNP-5-2,853,,-113.785140,49.049748,,,7031,2018-06-20 05:18:00,9898,Transcribed,180s,1SPM,YRWA,Yellow-rumped Warbler,SETOPHAGA CORONATA,1,41933,1,Song,0.34,1.43,-49.05,f,,Brandon Law,22,,
PC,10,WLNP-5-2,853,,-113.785140,49.049748,,,7031,2018-06-20 05:18:00,9898,Transcribed,180s,1SPM,YRWA,Yellow-rumped Warbler,SETOPHAGA CORONATA,1,41955,1,Song,132.63,1.76,-36.07,f,,Brandon Law,22,,
PC,10,WLNP-5-2,853,,-113.785140,49.049748,,,7031,2018-06-20 05:18:00,9898,Transcribed,180s,1SPM,RCKI,Ruby-crowned Kinglet,CORTHYLIO CALENDULA,1,41936,1,Song,9.25,1.06,-66.93,f,,Brandon Law,22,,
PC,10,WLNP-5-2,853,,-113.785140,49.049748,,,7031,2018-06-20 05:18:00,9898,Transcribed,180s,1SPM,WCSP,White-crowned Sparrow,ZONOTRICHIA LEUCOPHRYS,2,41947,1,Song,64.90,2.14,-35.11,f,,Brandon Law,22,,
PC,10,WLNP-5-2,853,,-113.785140,49.049748,,,7031,2018-06-20 05:18:00,9898,Transcribed,180s,1SPM,WCSP,White-crowned Sparrow,ZONOTRICHIA LEUCOPHRYS,1,41943,1,Song,62.25,2.31,-36.61,f,,Brandon Law,22,,
PC,10,WLNP-5-2,853,,-113.785140,49.049748,,,7031,2018-06-20 05:18:00,9898,Transcribed,180s,1SPM,RCKI,Ruby-crowned Kinglet,CORTHYLIO CALENDULA,1,41939,1,Song,60.20,1.40,-58.74,f,,Brandon Law,22,,
PC,10,WLNP-5-2,853,,-113.785140,49.049748,,,7031,2018-06-20 05:18:00,9898,Transcribed,180s,1SPM,RCKI,Ruby-crowned Kinglet,CORTHYLIO CALENDULA,1,41956,1,Song,143.59,1.24,-47.72,f,,Brandon Law,22,,
PC,10,WLNP-5-2,853,,-113.785140,49.049748,,,7031,2018-06-20 05:18:00,9898,Transcribed,180s,1SPM,RCKI,Ruby-crowned Kinglet,CORTHYLIO CALENDULA,2,41940,1,Song,60.06,1.11,-57.29,f,,Brandon Law,22,,
PC,10,WLNP-5-2,853,,-113.785140,49.049748,,,7031,2018-06-20 05:18:00,9898,Transcribed,180s,1SPM,SWTH,Swainson's Thrush,CATHARUS USTULATUS,1,41957,1,Song,158.16,1.63,-32.01,f,,Brandon Law,22,,
PC,10,WLNP-5-2,853,,-113.785140,49.049748,,,7031,2018-06-20 05:18:00,9898,Transcribed,180s,1SPM,SWTH,Swainson's Thrush,CATHARUS USTULATUS,1,41932,1,Song,1.06,1.59,-50.2,f,,Brandon Law,22,,
PC,10,WLNP-5-2,853,,-113.785140,49.049748,,,7031,2018-06-20 05:18:00,9898,Transcribed,180s,1SPM,WCSP,White-crowned Sparrow,ZONOTRICHIA LEUCOPHRYS,1,41954,1,Song,125.19,2.11,-35.58,f,,Brandon Law,22,,
PC,10,WLNP-5-2,853,,-113.785140,49.049748,,,7031,2018-06-20 05:18:00,9898,Transcribed,180s,1SPM,PUFI,Purple Finch,HAEMORHOUS PURPUREUS,2,41953,1,Song,121.36,1.60,-39.5,f,,Brandon Law,22,,
PC,10,WLNP-5-2,853,,-113.785140,49.049748,,,7031,2018-06-20 05:18:00,9898,Transcribed,180s,1SPM,PUFI,Purple Finch,HAEMORHOUS PURPUREUS,2,41948,1,Song,71.85,1.50,-50.68,f,,Brandon Law,22,,
PC,10,WLNP-5-2,853,,-113.785140,49.049748,,,7031,2018-06-20 05:18:00,9898,Transcribed,180s,1SPM,PUFI,Purple Finch,HAEMORHOUS PURPUREUS,1,41950,1,Song,120.09,1.35,-35.5,f,,Brandon Law,22,,
PC,10,WLNP-5-2,853,,-113.785140,49.049748,,,7031,2018-06-20 05:18:00,9898,Transcribed,180s,1SPM,PUFI,Purple Finch,HAEMORHOUS PURPUREUS,1,41942,1,Song,60.74,2.08,-34.74,f,,Brandon Law,22,,
PC,10,WLNP-5-2,853,,-113.785140,49.049748,,,7031,2018-06-20 05:18:00,9898,Transcribed,180s,1SPM,PUFI,Purple Finch,HAEMORHOUS PURPUREUS,1,41934,1,Song,2.45,2.56,-35.07,f,,Brandon Law,22,,
PC,10,WLNP-5-2,853,,-113.785140,49.049748,,,7031,2018-06-20 05:18:00,9898,Transcribed,180s,1SPM,MGWA,MacGillivray's Warbler,GEOTHLYPIS TOLMIEI,1,41938,1,Song,13.83,1.70,-53.85,f,,Brandon Law,22,,
PC,10,WLNP-5-2,853,,-113.785140,49.049748,,,7031,2018-06-20 05:18:00,9898,Transcribed,180s,1SPM,MGWA,MacGillivray's Warbler,GEOTHLYPIS TOLMIEI,1,41941,1,Song,60.03,1.05,-54.25,f,,Brandon Law,22,,
PC,10,WLNP-5-2,853,,-113.785140,49.049748,,,7031,2018-06-20 05:18:00,9898,Transcribed,180s,1SPM,UNKN,Unidentified signal,"",1,41937,1,Call,14.79,1.78,-52.3,f,,Brandon Law,22,,
PC,10,WLNP-5-2,853,,-113.785140,49.049748,,,7031,2018-06-20 05:18:00,9898,Transcribed,180s,1SPM,MGWA,MacGillivray's Warbler,GEOTHLYPIS TOLMIEI,1,41951,1,Song,124.81,1.95,-36.7,f,,Brandon Law,22,,
PC,10,WLNP-5-2,853,,-113.785140,49.049748,,,7042,2018-06-22 04:48:00,9909,Transcribed,180s,1SPM,LIBA,Light Background Noise,"",1,41962,1,Song,0.15,2.65,-32.23,f,,Brandon Law,22,,
PC,10,WLNP-5-2,853,,-113.785140,49.049748,,,7042,2018-06-22 04:48:00,9909,Transcribed,180s,1SPM,HEWI,Heavy wind,"",1,41973,1,Song,78.71,2.23,-28.28,f,,Brandon Law,22,,
PC,10,WLNP-5-2,853,,-113.785140,49.049748,,,7042,2018-06-22 04:48:00,9909,Transcribed,180s,1SPM,HEWI,Heavy wind,"",1,41967,1,Song,39.45,3.64,-5.24,f,,Brandon Law,22,,
PC,10,WLNP-5-2,853,,-113.785140,49.049748,,,7042,2018-06-22 04:48:00,9909,Transcribed,180s,1SPM,MOWI,Moderate wind,"",1,41966,1,Song,23.88,4.04,-21.23,f,,Brandon Law,22,,
PC,10,WLNP-5-2,853,,-113.785140,49.049748,,,7042,2018-06-22 04:48:00,9909,Transcribed,180s,1SPM,MOWI,Moderate wind,"",1,41972,1,Song,60.28,3.95,-27.5,f,,Brandon Law,22,,
PC,10,WLNP-5-2,853,,-113.785140,49.049748,,,7042,2018-06-22 04:48:00,9909,Transcribed,180s,1SPM,WCSP,White-crowned Sparrow,ZONOTRICHIA LEUCOPHRYS,3,41979,1,Song,123.44,2.91,-46.55,f,,Brandon Law,22,,
PC,10,WLNP-5-2,853,,-113.785140,49.049748,,,7042,2018-06-22 04:48:00,9909,Transcribed,180s,1SPM,YRWA,Yellow-rumped Warbler,SETOPHAGA CORONATA,1,41965,1,Song,20.03,1.76,-50.77,f,,Brandon Law,22,,
PC,10,WLNP-5-2,853,,-113.785140,49.049748,,,7042,2018-06-22 04:48:00,9909,Transcribed,180s,1SPM,YRWA,Yellow-rumped Warbler,SETOPHAGA CORONATA,1,41984,1,Song,157.88,1.43,-47.25,f,,Brandon Law,22,,
PC,10,WLNP-5-2,853,,-113.785140,49.049748,,,7042,2018-06-22 04:48:00,9909,Transcribed,180s,1SPM,SWTH,Swainson's Thrush,CATHARUS USTULATUS,1,41970,1,Song,60.13,1.51,-44.7,f,,Brandon Law,22,,
PC,10,WLNP-5-2,853,,-113.785140,49.049748,,,7042,2018-06-22 04:48:00,9909,Transcribed,180s,1SPM,SWTH,Swainson's Thrush,CATHARUS USTULATUS,1,41981,1,Song,138.10,1.58,-46.75,f,,Brandon Law,22,,
PC,10,WLNP-5-2,853,,-113.785140,49.049748,,,7042,2018-06-22 04:48:00,9909,Transcribed,180s,1SPM,SWTH,Swainson's Thrush,CATHARUS USTULATUS,1,41958,1,Song,0.20,2.66,-48.33,f,,Brandon Law,22,,
PC,10,WLNP-5-2,853,,-113.785140,49.049748,,,7042,2018-06-22 04:48:00,9909,Transcribed,180s,1SPM,SWTH,Swainson's Thrush,CATHARUS USTULATUS,2,41983,1,Song,145.18,1.64,-46.29,f,,Brandon Law,22,,
PC,10,WLNP-5-2,853,,-113.785140,49.049748,,,7042,2018-06-22 04:48:00,9909,Transcribed,180s,1SPM,SWTH,Swainson's Thrush,CATHARUS USTULATUS,2,41963,1,Song,1.29,1.70,-50.16,f,,Brandon Law,22,,
PC,10,WLNP-5-2,853,,-113.785140,49.049748,,,7042,2018-06-22 04:48:00,9909,Transcribed,180s,1SPM,LIWI,Light wind,"",1,41959,1,Song,0.16,2.26,-32.29,f,,Brandon Law,22,,
PC,10,WLNP-5-2,853,,-113.785140,49.049748,,,7042,2018-06-22 04:48:00,9909,Transcribed,180s,1SPM,LIWI,Light wind,"",1,41974,1,Song,98.36,5.04,-28.68,f,,Brandon Law,22,,
PC,10,WLNP-5-2,853,,-113.785140,49.049748,,,7042,2018-06-22 04:48:00,9909,Transcribed,180s,1SPM,LIWI,Light wind,"",1,41975,1,Song,120.24,3.01,-32.1,f,,Brandon Law,22,,
PC,10,WLNP-5-2,853,,-113.785140,49.049748,,,7042,2018-06-22 04:48:00,9909,Transcribed,180s,1SPM,SAVS,Savannah Sparrow,PASSERCULUS SANDWICHENSIS,1,41976,1,Song,122.45,2.51,-57.26,f,,Brandon Law,22,,
PC,10,WLNP-5-2,853,,-113.785140,49.049748,,,7042,2018-06-22 04:48:00,9909,Transcribed,180s,1SPM,SAVS,Savannah Sparrow,PASSERCULUS SANDWICHENSIS,2,41982,1,Song,138.36,1.86,-55.99,f,,Brandon Law,22,,
PC,10,WLNP-5-2,853,,-113.785140,49.049748,,,7042,2018-06-22 04:48:00,9909,Transcribed,180s,1SPM,AMRO,American Robin,TURDUS MIGRATORIUS,1,41969,1,Song,60.85,4.20,-46.42,f,,Brandon Law,22,,
PC,10,WLNP-5-2,853,,-113.785140,49.049748,,,7042,2018-06-22 04:48:00,9909,Transcribed,180s,1SPM,AMRO,American Robin,TURDUS MIGRATORIUS,1,41964,1,Song,10.43,1.59,-47.91,f,,Brandon Law,22,,
PC,10,WLNP-5-2,853,,-113.785140,49.049748,,,7042,2018-06-22 04:48:00,9909,Transcribed,180s,1SPM,AMRO,American Robin,TURDUS MIGRATORIUS,1,41980,1,Song,120.41,1.38,-54.19,f,,Brandon Law,22,,
PC,10,WLNP-5-2,853,,-113.785140,49.049748,,,7042,2018-06-22 04:48:00,9909,Transcribed,180s,1SPM,WCSP,White-crowned Sparrow,ZONOTRICHIA LEUCOPHRYS,1,41960,1,Song,2.34,3.23,-43.39,f,,Brandon Law,22,,
PC,10,WLNP-5-2,853,,-113.785140,49.049748,,,7042,2018-06-22 04:48:00,9909,Transcribed,180s,1SPM,WCSP,White-crowned Sparrow,ZONOTRICHIA LEUCOPHRYS,1,41968,1,Song,60.03,1.61,-44.07,f,,Brandon Law,22,,
PC,10,WLNP-5-2,853,,-113.785140,49.049748,,,7042,2018-06-22 04:48:00,9909,Transcribed,180s,1SPM,WCSP,White-crowned Sparrow,ZONOTRICHIA LEUCOPHRYS,1,41978,1,Song,124.64,3.31,-46.54,f,,Brandon Law,22,,
PC,10,WLNP-5-2,853,,-113.785140,49.049748,,,7042,2018-06-22 04:48:00,9909,Transcribed,180s,1SPM,WCSP,White-crowned Sparrow,ZONOTRICHIA LEUCOPHRYS,2,41971,1,Song,75.26,2.45,-42.55,f,,Brandon Law,22,,
PC,10,WLNP-5-2,853,,-113.785140,49.049748,,,7042,2018-06-22 04:48:00,9909,Transcribed,180s,1SPM,WCSP,White-crowned Sparrow,ZONOTRICHIA LEUCOPHRYS,2,41961,1,Song,2.99,2.90,-43.44,f,,Brandon Law,22,,
PC,10,WLNP-5-2,853,,-113.785140,49.049748,,,7042,2018-06-22 04:48:00,9909,Transcribed,180s,1SPM,WCSP,White-crowned Sparrow,ZONOTRICHIA LEUCOPHRYS,2,41977,1,Song,121.90,2.46,-49.25,f,,Brandon Law,22,,
PC,10,WLNP-5-2,853,,-113.785140,49.049748,,,6980,2018-06-23 04:49:00,9983,Transcribed,180s,1SPM,AMRO,American Robin,TURDUS MIGRATORIUS,1,48762,1,Song,60.01,0.35,-56.83,f,,Laurel McDonald,42,,
PC,10,WLNP-5-2,853,,-113.785140,49.049748,,,6980,2018-06-23 04:49:00,9983,Transcribed,180s,1SPM,SAVS,Savannah Sparrow,PASSERCULUS SANDWICHENSIS,1,48777,1,Song,108.95,1.48,-55,f,,Laurel McDonald,42,,
PC,10,WLNP-5-2,853,,-113.785140,49.049748,,,6980,2018-06-23 04:49:00,9983,Transcribed,180s,1SPM,SAVS,Savannah Sparrow,PASSERCULUS SANDWICHENSIS,1,48778,1,Song,121.56,1.31,-59.83,f,,Laurel McDonald,42,,
PC,10,WLNP-5-2,853,,-113.785140,49.049748,,,6980,2018-06-23 04:49:00,9983,Transcribed,180s,1SPM,OSFL,Olive-sided Flycatcher,CONTOPUS COOPERI,1,48780,1,Song,123.70,0.73,-61.86,f,,Laurel McDonald,42,,
PC,10,WLNP-5-2,853,,-113.785140,49.049748,,,6980,2018-06-23 04:49:00,9983,Transcribed,180s,1SPM,OSFL,Olive-sided Flycatcher,CONTOPUS COOPERI,1,48779,1,Song,118.29,0.81,-53.86,f,,Laurel McDonald,42,,
PC,10,WLNP-5-2,853,,-113.785140,49.049748,,,6980,2018-06-23 04:49:00,9983,Transcribed,180s,1SPM,MOWI,Moderate wind,"",1,48764,1,Song,60.06,3.98,-33.98,f,,Laurel McDonald,42,,
PC,10,WLNP-5-2,853,,-113.785140,49.049748,,,6980,2018-06-23 04:49:00,9983,Transcribed,180s,1SPM,MOWI,Moderate wind,"",1,48774,1,Song,120.06,3.98,-34.33,f,,Laurel McDonald,42,,
PC,10,WLNP-5-2,853,,-113.785140,49.049748,,,6980,2018-06-23 04:49:00,9983,Transcribed,180s,1SPM,MOWI,Moderate wind,"",1,48759,1,Song,0.03,3.99,-29.43,f,,Laurel McDonald,42,,
PC,10,WLNP-5-2,853,,-113.785140,49.049748,,,6980,2018-06-23 04:49:00,9983,Transcribed,180s,1SPM,AMRO,American Robin,TURDUS MIGRATORIUS,1,48775,1,Song,4.20,1.06,-54.53,f,,Laurel McDonald,42,,
PC,10,WLNP-5-2,853,,-113.785140,49.049748,,,6980,2018-06-23 04:49:00,9983,Transcribed,180s,1SPM,WCSP,White-crowned Sparrow,ZONOTRICHIA LEUCOPHRYS,2,48765,1,Song,81.45,1.86,-53.18,f,,Laurel McDonald,42,,
PC,10,WLNP-5-2,853,,-113.785140,49.049748,,,6980,2018-06-23 04:49:00,9983,Transcribed,180s,1SPM,WCSP,White-crowned Sparrow,ZONOTRICHIA LEUCOPHRYS,2,48758,1,Song,5.91,2.05,-44.4,f,,Laurel McDonald,42,,
PC,10,WLNP-5-2,853,,-113.785140,49.049748,,,6980,2018-06-23 04:49:00,9983,Transcribed,180s,1SPM,WCSP,White-crowned Sparrow,ZONOTRICHIA LEUCOPHRYS,2,48769,1,Song,125.70,1.96,-53.92,f,,Laurel McDonald,42,,
PC,10,WLNP-5-2,853,,-113.785140,49.049748,,,6980,2018-06-23 04:49:00,9983,Transcribed,180s,1SPM,WCSP,White-crowned Sparrow,ZONOTRICHIA LEUCOPHRYS,1,48767,1,Song,120.03,1.18,-41.94,f,,Laurel McDonald,42,,
PC,10,WLNP-5-2,853,,-113.785140,49.049748,,,6980,2018-06-23 04:49:00,9983,Transcribed,180s,1SPM,WCSP,White-crowned Sparrow,ZONOTRICHIA LEUCOPHRYS,1,48757,1,Song,0.04,2.46,-44.23,f,,Laurel McDonald,42,,
PC,10,WLNP-5-2,853,,-113.785140,49.049748,,,6980,2018-06-23 04:49:00,9983,Transcribed,180s,1SPM,WCSP,White-crowned Sparrow,ZONOTRICHIA LEUCOPHRYS,1,48763,1,Song,60.78,2.33,-41.3,f,,Laurel McDonald,42,,
PC,10,WLNP-5-2,853,,-113.785140,49.049748,,,6980,2018-06-23 04:49:00,9983,Transcribed,180s,1SPM,AMRO,American Robin,TURDUS MIGRATORIUS,1,48768,1,Song,122.59,0.50,-56.73,f,,Laurel McDonald,42,,
PC,10,WLNP-5-3,874,,-113.779924,49.064692,,,6965,2018-06-17 21:44:00,9968,Transcribed,180s,1SPM,LIAI,Light aircraft,"",1,42174,1,Song,17.71,3.74,-41.47,f,,Jillian Slater,25,,"SWTH 2: Time of best detection is at 98s and at 139s. Almost certainly the same individual.

No other individuals within the rules."
PC,10,WLNP-5-3,874,,-113.779924,49.064692,,,6965,2018-06-17 21:44:00,9968,Transcribed,180s,1SPM,LIBA,Light Background Noise,"",1,42156,1,Song,120.10,1.38,-35.39,f,,Jillian Slater,25,,"SWTH 2: Time of best detection is at 98s and at 139s. Almost certainly the same individual.

No other individuals within the rules."
PC,10,WLNP-5-3,874,,-113.779924,49.064692,,,6965,2018-06-17 21:44:00,9968,Transcribed,180s,1SPM,MOAI,Moderate aircraft,"",1,42147,1,Song,60.04,4.34,-31.62,f,,Jillian Slater,25,,"SWTH 2: Time of best detection is at 98s and at 139s. Almost certainly the same individual.

No other individuals within the rules."
PC,10,WLNP-5-3,874,,-113.779924,49.064692,,,6965,2018-06-17 21:44:00,9968,Transcribed,180s,1SPM,CHSP,Chipping Sparrow,SPIZELLA PASSERINA,1,42162,1,Song,130.43,5.29,-48.37,f,,Jillian Slater,25,,"SWTH 2: Time of best detection is at 98s and at 139s. Almost certainly the same individual.

No other individuals within the rules."
PC,10,WLNP-5-3,874,,-113.779924,49.064692,,,6965,2018-06-17 21:44:00,9968,Transcribed,180s,1SPM,DEJU,Dark-eyed Junco,JUNCO HYEMALIS,1,42146,1,Song,35.21,2.15,-48.64,f,,Jillian Slater,25,,"SWTH 2: Time of best detection is at 98s and at 139s. Almost certainly the same individual.

No other individuals within the rules."
PC,10,WLNP-5-3,874,,-113.779924,49.064692,,,6965,2018-06-17 21:44:00,9968,Transcribed,180s,1SPM,DEJU,Dark-eyed Junco,JUNCO HYEMALIS,1,42150,1,Song,65.70,2.00,-45.31,f,,Jillian Slater,25,,"SWTH 2: Time of best detection is at 98s and at 139s. Almost certainly the same individual.

No other individuals within the rules."
PC,10,WLNP-5-3,874,,-113.779924,49.064692,,,6965,2018-06-17 21:44:00,9968,Transcribed,180s,1SPM,YRWA,Yellow-rumped Warbler,SETOPHAGA CORONATA,1,42149,1,Song,60.58,1.71,-57.4,f,,Jillian Slater,25,,"SWTH 2: Time of best detection is at 98s and at 139s. Almost certainly the same individual.

No other individuals within the rules."
PC,10,WLNP-5-3,874,,-113.779924,49.064692,,,6965,2018-06-17 21:44:00,9968,Transcribed,180s,1SPM,YRWA,Yellow-rumped Warbler,SETOPHAGA CORONATA,1,42137,1,Song,14.25,1.71,-56.36,f,,Jillian Slater,25,,"SWTH 2: Time of best detection is at 98s and at 139s. Almost certainly the same individual.

No other individuals within the rules."
PC,10,WLNP-5-3,874,,-113.779924,49.064692,,,6965,2018-06-17 21:44:00,9968,Transcribed,180s,1SPM,VATH,Varied Thrush,IXOREUS NAEVIUS,1,42152,1,Song,67.98,1.19,-41.43,f,,Jillian Slater,25,,"SWTH 2: Time of best detection is at 98s and at 139s. Almost certainly the same individual.

No other individuals within the rules."
PC,10,WLNP-5-3,874,,-113.779924,49.064692,,,6965,2018-06-17 21:44:00,9968,Transcribed,180s,1SPM,VATH,Varied Thrush,IXOREUS NAEVIUS,1,42160,1,Song,122.24,1.43,-42.71,f,,Jillian Slater,25,,"SWTH 2: Time of best detection is at 98s and at 139s. Almost certainly the same individual.

No other individuals within the rules."
PC,10,WLNP-5-3,874,,-113.779924,49.064692,,,6965,2018-06-17 21:44:00,9968,Transcribed,180s,1SPM,SWTH,Swainson's Thrush,CATHARUS USTULATUS,1,42159,TMTT,S-C,120.05,5.96,-42.73,f,,Jillian Slater,25,AE: 4-5,"SWTH 2: Time of best detection is at 98s and at 139s. Almost certainly the same individual.

No other individuals within the rules."
PC,10,WLNP-5-3,874,,-113.779924,49.064692,,,6965,2018-06-17 21:44:00,9968,Transcribed,180s,1SPM,SWTH,Swainson's Thrush,CATHARUS USTULATUS,1,42148,TMTT,S-C,60.08,6.03,-39.68,f,,Jillian Slater,25,AE: 4-5,"SWTH 2: Time of best detection is at 98s and at 139s. Almost certainly the same individual.

No other individuals within the rules."
PC,10,WLNP-5-3,874,,-113.779924,49.064692,,,6965,2018-06-17 21:44:00,9968,Transcribed,180s,1SPM,SWTH,Swainson's Thrush,CATHARUS USTULATUS,1,42131,TMTT,S-C,2.25,5.64,-40.97,f,,Jillian Slater,25,AE: 4-5,"SWTH 2: Time of best detection is at 98s and at 139s. Almost certainly the same individual.

No other individuals within the rules."
PC,10,WLNP-5-3,874,,-113.779924,49.064692,,,6965,2018-06-17 21:44:00,9968,Transcribed,180s,1SPM,SWTH,Swainson's Thrush,CATHARUS USTULATUS,2,42179,1,Song,98.36,2.51,-46.37,f,,Jillian Slater,25,SWTH for SPM,"SWTH 2: Time of best detection is at 98s and at 139s. Almost certainly the same individual.

No other individuals within the rules."
PC,10,WLNP-5-3,874,,-113.779924,49.064692,,,6965,2018-06-17 21:44:00,9968,Transcribed,180s,1SPM,SWTH,Swainson's Thrush,CATHARUS USTULATUS,2,42201,1,Song,139.18,2.13,-44.51,f,,Jillian Slater,25,SWTH for SPM,"SWTH 2: Time of best detection is at 98s and at 139s. Almost certainly the same individual.

No other individuals within the rules."
PC,10,WLNP-5-3,874,,-113.779924,49.064692,,,6965,2018-06-17 21:44:00,9968,Transcribed,180s,1SPM,MOAI,Moderate aircraft,"",1,42141,1,Song,38.73,7.11,-31.51,f,,Jillian Slater,25,,"SWTH 2: Time of best detection is at 98s and at 139s. Almost certainly the same individual.

No other individuals within the rules."
PC,10,WLNP-5-3,874,,-113.779924,49.064692,,,85253,2018-06-19 05:18:00,17691,Transcribed,180s,1SPM,AMRO,American Robin,TURDUS MIGRATORIUS,1,126471,1,Song,60.03,4.83,-41.74,f,,Michelle Knaggs,11,,
PC,10,WLNP-5-3,874,,-113.779924,49.064692,,,85253,2018-06-19 05:18:00,17691,Transcribed,180s,1SPM,VATH,Varied Thrush,IXOREUS NAEVIUS,1,126470,1,Song,60.13,1.20,-44.52,f,,Michelle Knaggs,11,,
PC,10,WLNP-5-3,874,,-113.779924,49.064692,,,85253,2018-06-19 05:18:00,17691,Transcribed,180s,1SPM,VATH,Varied Thrush,IXOREUS NAEVIUS,2,126473,1,Song,68.34,1.61,-34.48,f,,Michelle Knaggs,11,,
PC,10,WLNP-5-3,874,,-113.779924,49.064692,,,85253,2018-06-19 05:18:00,17691,Transcribed,180s,1SPM,RCKI,Ruby-crowned Kinglet,CORTHYLIO CALENDULA,1,126476,1,Song,120.01,2.85,-28.79,f,,Michelle Knaggs,11,,
PC,10,WLNP-5-3,874,,-113.779924,49.064692,,,85253,2018-06-19 05:18:00,17691,Transcribed,180s,1SPM,RCKI,Ruby-crowned Kinglet,CORTHYLIO CALENDULA,1,126456,1,Song,3.53,3.34,-42.35,f,,Michelle Knaggs,11,,
PC,10,WLNP-5-3,874,,-113.779924,49.064692,,,85253,2018-06-19 05:18:00,17691,Transcribed,180s,1SPM,RCKI,Ruby-crowned Kinglet,CORTHYLIO CALENDULA,1,126472,1,Song,62.88,1.16,-33.16,f,,Michelle Knaggs,11,,
PC,10,WLNP-5-3,874,,-113.779924,49.064692,,,85253,2018-06-19 05:18:00,17691,Transcribed,180s,1SPM,MORA,Moderate rain,"",1,126491,1,Song,60.04,5.29,-33.39,f,,Michelle Knaggs,11,,
PC,10,WLNP-5-3,874,,-113.779924,49.064692,,,85253,2018-06-19 05:18:00,17691,Transcribed,180s,1SPM,MORA,Moderate rain,"",1,126493,1,Song,0.05,5.24,-31.23,f,,Michelle Knaggs,11,,
PC,10,WLNP-5-3,874,,-113.779924,49.064692,,,85253,2018-06-19 05:18:00,17691,Transcribed,180s,1SPM,MORA,Moderate rain,"",1,126495,1,Song,120.05,6.51,-28.63,f,,Michelle Knaggs,11,,
PC,10,WLNP-5-3,874,,-113.779924,49.064692,,,85253,2018-06-19 05:18:00,17691,Transcribed,180s,1SPM,CHSP,Chipping Sparrow,SPIZELLA PASSERINA,1,126475,1,Song,103.61,1.68,-36.03,f,,Michelle Knaggs,11,,
PC,10,WLNP-5-3,874,,-113.779924,49.064692,,,85253,2018-06-19 05:18:00,17691,Transcribed,180s,1SPM,CHSP,Chipping Sparrow,SPIZELLA PASSERINA,1,126477,1,Song,124.11,1.69,-47.78,f,,Michelle Knaggs,11,,
PC,10,WLNP-5-3,874,,-113.779924,49.064692,,,85253,2018-06-19 05:18:00,17691,Transcribed,180s,1SPM,LISP,Lincoln's Sparrow,MELOSPIZA LINCOLNII,1,126474,1,Song,75.08,1.59,-46.28,f,,Michelle Knaggs,11,,
PC,10,WLNP-5-3,874,,-113.779924,49.064692,,,85253,2018-06-19 05:18:00,17691,Transcribed,180s,1SPM,LISP,Lincoln's Sparrow,MELOSPIZA LINCOLNII,1,126479,1,Song,131.48,1.26,-45.12,f,,Michelle Knaggs,11,,
PC,10,WLNP-5-3,874,,-113.779924,49.064692,,,85253,2018-06-19 05:18:00,17691,Transcribed,180s,1SPM,COLO,Common Loon,GAVIA IMMER,1,126439,1,Song,5.31,2.45,-47.48,f,,Michelle Knaggs,11,,
PC,10,WLNP-5-3,874,,-113.779924,49.064692,,,85253,2018-06-19 05:18:00,17691,Transcribed,180s,1SPM,AMRO,American Robin,TURDUS MIGRATORIUS,1,126478,1,Song,123.23,2.66,-48.26,f,,Michelle Knaggs,11,,
PC,10,WLNP-5-3,874,,-113.779924,49.064692,,,85253,2018-06-19 05:18:00,17691,Transcribed,180s,1SPM,AMRO,American Robin,TURDUS MIGRATORIUS,1,126441,1,Song,0.04,2.06,-52.52,f,,Michelle Knaggs,11,,
PC,10,WLNP-5-3,874,,-113.779924,49.064692,,,85253,2018-06-19 05:18:00,17691,Transcribed,180s,1SPM,VATH,Varied Thrush,IXOREUS NAEVIUS,1,126440,1,Song,2.06,1.49,-31.23,f,,Michelle Knaggs,11,,
PC,10,WLNP-5-3,874,,-113.779924,49.064692,,,6955,2018-06-20 04:48:00,9958,Transcribed,180s,1SPM,OCWA,Orange-crowned Warbler,LEIOTHLYPIS CELATA,2,49744,1,Song,61.09,2.41,-52.1,f,,Dan Burgin,19,,
PC,10,WLNP-5-3,874,,-113.779924,49.064692,,,6955,2018-06-20 04:48:00,9958,Transcribed,180s,1SPM,MGWA,MacGillivray's Warbler,GEOTHLYPIS TOLMIEI,1,49754,1,Song,5.49,2.53,-46,f,,Dan Burgin,19,,
PC,10,WLNP-5-3,874,,-113.779924,49.064692,,,6955,2018-06-20 04:48:00,9958,Transcribed,180s,1SPM,CHSP,Chipping Sparrow,SPIZELLA PASSERINA,1,49738,1,Song,1.03,2.25,-58.68,f,,Dan Burgin,19,Strong trill,
PC,10,WLNP-5-3,874,,-113.779924,49.064692,,,6955,2018-06-20 04:48:00,9958,Transcribed,180s,1SPM,CHSP,Chipping Sparrow,SPIZELLA PASSERINA,1,49750,1,Song,123.60,1.56,-57.05,f,,Dan Burgin,19,Strong trill,
PC,10,WLNP-5-3,874,,-113.779924,49.064692,,,6955,2018-06-20 04:48:00,9958,Transcribed,180s,1SPM,CHSP,Chipping Sparrow,SPIZELLA PASSERINA,1,49745,1,Song,66.89,1.76,-63.88,f,,Dan Burgin,19,Strong trill,
PC,10,WLNP-5-3,874,,-113.779924,49.064692,,,6955,2018-06-20 04:48:00,9958,Transcribed,180s,1SPM,WISN,Wilson's Snipe,GALLINAGO DELICATA,1,49746,1,Song,84.88,2.30,-41.64,f,,Dan Burgin,19,,
PC,10,WLNP-5-3,874,,-113.779924,49.064692,,,6955,2018-06-20 04:48:00,9958,Transcribed,180s,1SPM,WISN,Wilson's Snipe,GALLINAGO DELICATA,1,49751,1,Song,131.56,1.24,-63.82,f,,Dan Burgin,19,,
PC,10,WLNP-5-3,874,,-113.779924,49.064692,,,6955,2018-06-20 04:48:00,9958,Transcribed,180s,1SPM,WISN,Wilson's Snipe,GALLINAGO DELICATA,1,49741,1,Song,55.98,1.69,-35.51,f,,Dan Burgin,19,,
PC,10,WLNP-5-3,874,,-113.779924,49.064692,,,6955,2018-06-20 04:48:00,9958,Transcribed,180s,1SPM,SWTH,Swainson's Thrush,CATHARUS USTULATUS,1,49748,1,Song,122.85,1.41,-47.19,f,,Dan Burgin,19,,
PC,10,WLNP-5-3,874,,-113.779924,49.064692,,,6955,2018-06-20 04:48:00,9958,Transcribed,180s,1SPM,SWTH,Swainson's Thrush,CATHARUS USTULATUS,1,49757,1,Song,66.75,2.09,-47.66,f,,Dan Burgin,19,,
PC,10,WLNP-5-3,874,,-113.779924,49.064692,,,6955,2018-06-20 04:48:00,9958,Transcribed,180s,1SPM,SWTH,Swainson's Thrush,CATHARUS USTULATUS,1,49737,1,Song,0.79,1.34,-45.21,f,,Dan Burgin,19,,
PC,10,WLNP-5-3,874,,-113.779924,49.064692,,,6955,2018-06-20 04:48:00,9958,Transcribed,180s,1SPM,SWTH,Swainson's Thrush,CATHARUS USTULATUS,2,49749,1,Song,121.56,1.16,-50.21,f,,Dan Burgin,19,,
PC,10,WLNP-5-3,874,,-113.779924,49.064692,,,6955,2018-06-20 04:48:00,9958,Transcribed,180s,1SPM,SWTH,Swainson's Thrush,CATHARUS USTULATUS,2,49740,1,Song,2.68,1.54,-48.65,f,,Dan Burgin,19,,
PC,10,WLNP-5-3,874,,-113.779924,49.064692,,,6955,2018-06-20 04:48:00,9958,Transcribed,180s,1SPM,SWTH,Swainson's Thrush,CATHARUS USTULATUS,2,49742,1,Song,64.48,1.75,-48.12,f,,Dan Burgin,19,,
PC,10,WLNP-5-3,874,,-113.779924,49.064692,,,6955,2018-06-20 04:48:00,9958,Transcribed,180s,1SPM,SWTH,Swainson's Thrush,CATHARUS USTULATUS,3,49743,1,Song,62.71,1.45,-52.66,f,,Dan Burgin,19,,
PC,10,WLNP-5-3,874,,-113.779924,49.064692,,,6955,2018-06-20 04:48:00,9958,Transcribed,180s,1SPM,MOCH,Mountain Chickadee,POECILE GAMBELI,1,49752,1,Call,148.60,0.79,-62.87,f,,Dan Burgin,19,,
PC,10,WLNP-5-3,874,,-113.779924,49.064692,,,6955,2018-06-20 04:48:00,9958,Transcribed,180s,1SPM,MOCH,Mountain Chickadee,POECILE GAMBELI,2,49753,1,Call,151.93,1.10,-58.91,f,,Dan Burgin,19,,
PC,10,WLNP-5-3,874,,-113.779924,49.064692,,,6955,2018-06-20 04:48:00,9958,Transcribed,180s,1SPM,MGWA,MacGillivray's Warbler,GEOTHLYPIS TOLMIEI,1,49747,1,Song,120.05,1.70,-48.42,f,,Dan Burgin,19,,
PC,10,WLNP-5-3,874,,-113.779924,49.064692,,,6955,2018-06-20 04:48:00,9958,Transcribed,180s,1SPM,OCWA,Orange-crowned Warbler,LEIOTHLYPIS CELATA,1,49756,1,Song,65.38,1.44,-57.86,f,,Dan Burgin,19,,
PC,10,WLNP-5-3,874,,-113.779924,49.064692,,,6955,2018-06-20 04:48:00,9958,Transcribed,180s,1SPM,SWTH,Swainson's Thrush,CATHARUS USTULATUS,3,49755,1,Song,20.54,1.26,-55.4,f,,Dan Burgin,19,,
PC,10,WLNP-5-3,874,,-113.779924,49.064692,,,6955,2018-06-20 04:48:00,9958,Transcribed,180s,1SPM,SWTH,Swainson's Thrush,CATHARUS USTULATUS,3,49758,1,Song,125.74,1.70,-51,f,,Dan Burgin,19,,
PC,10,WLNP-5-3,874,,-113.779924,49.064692,,,6955,2018-06-20 04:48:00,9958,Transcribed,180s,1SPM,OCWA,Orange-crowned Warbler,LEIOTHLYPIS CELATA,1,49739,1,Song,3.56,2.18,-53.68,f,,Dan Burgin,19,,
PC,10,WLNP-5-3,874,,-113.779924,49.064692,,,6966,2018-06-22 05:18:00,9969,Transcribed,180s,1SPM,AMRO,American Robin,TURDUS MIGRATORIUS,1,42248,1,S-C,0.03,5.74,-39.18,f,,Jillian Slater,25,,Too windy for any SPM individuals
PC,10,WLNP-5-3,874,,-113.779924,49.064692,,,6966,2018-06-22 05:18:00,9969,Transcribed,180s,1SPM,MOCH,Mountain Chickadee,POECILE GAMBELI,1,42260,1,Call,134.43,1.13,-45.42,f,,Jillian Slater,25,,Too windy for any SPM individuals
PC,10,WLNP-5-3,874,,-113.779924,49.064692,,,6966,2018-06-22 05:18:00,9969,Transcribed,180s,1SPM,LISP,Lincoln's Sparrow,MELOSPIZA LINCOLNII,1,42369,1,Song,61.23,1.89,-44.35,f,,Jillian Slater,25,,Too windy for any SPM individuals
PC,10,WLNP-5-3,874,,-113.779924,49.064692,,,6966,2018-06-22 05:18:00,9969,Transcribed,180s,1SPM,LISP,Lincoln's Sparrow,MELOSPIZA LINCOLNII,1,42261,1,Song,135.11,2.36,-42.24,f,,Jillian Slater,25,,Too windy for any SPM individuals
PC,10,WLNP-5-3,874,,-113.779924,49.064692,,,6966,2018-06-22 05:18:00,9969,Transcribed,180s,1SPM,LISP,Lincoln's Sparrow,MELOSPIZA LINCOLNII,1,42362,1,Song,39.35,2.14,-42.85,f,,Jillian Slater,25,,Too windy for any SPM individuals
PC,10,WLNP-5-3,874,,-113.779924,49.064692,,,6966,2018-06-22 05:18:00,9969,Transcribed,180s,1SPM,CHSP,Chipping Sparrow,SPIZELLA PASSERINA,1,42247,1,Song,1.05,2.36,-46.08,f,,Jillian Slater,25,,Too windy for any SPM individuals
PC,10,WLNP-5-3,874,,-113.779924,49.064692,,,6966,2018-06-22 05:18:00,9969,Transcribed,180s,1SPM,CHSP,Chipping Sparrow,SPIZELLA PASSERINA,1,42259,1,Song,125.24,2.80,-44.63,f,,Jillian Slater,25,,Too windy for any SPM individuals
PC,10,WLNP-5-3,874,,-113.779924,49.064692,,,6966,2018-06-22 05:18:00,9969,Transcribed,180s,1SPM,CHSP,Chipping Sparrow,SPIZELLA PASSERINA,1,42254,1,Song,102.73,2.89,-44.35,f,,Jillian Slater,25,,Too windy for any SPM individuals
PC,10,WLNP-5-3,874,,-113.779924,49.064692,,,6966,2018-06-22 05:18:00,9969,Transcribed,180s,1SPM,YEWA,Yellow Warbler,SETOPHAGA PETECHIA,1,42353,1,Song,3.26,1.60,-41.99,f,,Jillian Slater,25,,Too windy for any SPM individuals
PC,10,WLNP-5-3,874,,-113.779924,49.064692,,,6966,2018-06-22 05:18:00,9969,Transcribed,180s,1SPM,YEWA,Yellow Warbler,SETOPHAGA PETECHIA,1,42355,1,Song,69.65,1.50,-40.23,f,,Jillian Slater,25,,Too windy for any SPM individuals
PC,10,WLNP-5-3,874,,-113.779924,49.064692,,,6966,2018-06-22 05:18:00,9969,Transcribed,180s,1SPM,YEWA,Yellow Warbler,SETOPHAGA PETECHIA,1,42258,1,Song,120.05,1.29,-38.5,f,,Jillian Slater,25,,Too windy for any SPM individuals
PC,10,WLNP-5-3,874,,-113.779924,49.064692,,,6966,2018-06-22 05:18:00,9969,Transcribed,180s,1SPM,LIWI,Light wind,"",1,42360,1,Song,143.20,4.15,-40.58,f,,Jillian Slater,25,,Too windy for any SPM individuals
PC,10,WLNP-5-3,874,,-113.779924,49.064692,,,6966,2018-06-22 05:18:00,9969,Transcribed,180s,1SPM,MOWI,Moderate wind,"",1,42244,1,Song,0.04,3.09,-38.15,f,,Jillian Slater,25,,Too windy for any SPM individuals
PC,10,WLNP-5-3,874,,-113.779924,49.064692,,,6966,2018-06-22 05:18:00,9969,Transcribed,180s,1SPM,MOWI,Moderate wind,"",1,42350,1,Song,120.03,4.98,-38.28,f,,Jillian Slater,25,,Too windy for any SPM individuals
PC,10,WLNP-5-3,874,,-113.779924,49.064692,,,6966,2018-06-22 05:18:00,9969,Transcribed,180s,1SPM,SWTH,Swainson's Thrush,CATHARUS USTULATUS,1,42372,1,Song,107.21,1.38,-48.51,f,,Jillian Slater,25,,Too windy for any SPM individuals
PC,10,WLNP-5-3,874,,-113.779924,49.064692,,,6966,2018-06-22 05:18:00,9969,Transcribed,180s,1SPM,MOWI,Moderate wind,"",1,42358,1,Song,60.03,3.00,-42.1,f,,Jillian Slater,25,,Too windy for any SPM individuals
PC,10,WLNP-5-3,874,,-113.779924,49.064692,,,6966,2018-06-22 05:18:00,9969,Transcribed,180s,1SPM,HEWI,Heavy wind,"",1,42245,1,Song,11.61,2.80,-34.85,f,,Jillian Slater,25,,Too windy for any SPM individuals
PC,10,WLNP-5-3,874,,-113.779924,49.064692,,,6966,2018-06-22 05:18:00,9969,Transcribed,180s,1SPM,HEWI,Heavy wind,"",1,42352,1,Song,130.68,3.84,-40.6,f,,Jillian Slater,25,,Too windy for any SPM individuals
PC,10,WLNP-5-3,874,,-113.779924,49.064692,,,6966,2018-06-22 05:18:00,9969,Transcribed,180s,1SPM,HEWI,Heavy wind,"",1,42359,1,Song,63.18,2.91,-42.68,f,,Jillian Slater,25,,Too windy for any SPM individuals
PC,10,WLNP-5-3,874,,-113.779924,49.064692,,,6966,2018-06-22 05:18:00,9969,Transcribed,180s,1SPM,SWTH,Swainson's Thrush,CATHARUS USTULATUS,1,42250,1,Song,16.24,1.50,-39.85,f,,Jillian Slater,25,,Too windy for any SPM individuals
PC,10,WLNP-5-3,874,,-113.779924,49.064692,,,6966,2018-06-22 05:18:00,9969,Transcribed,180s,1SPM,WCSP,White-crowned Sparrow,ZONOTRICHIA LEUCOPHRYS,1,42249,1,Song,0.09,0.86,-48.42,f,,Jillian Slater,25,,Too windy for any SPM individuals
PC,10,WLNP-5-3,874,,-113.779924,49.064692,,,6966,2018-06-22 05:18:00,9969,Transcribed,180s,1SPM,WCSP,White-crowned Sparrow,ZONOTRICHIA LEUCOPHRYS,1,42348,1,Song,120.60,1.36,-39.85,f,,Jillian Slater,25,,Too windy for any SPM individuals
PC,10,WLNP-5-3,874,,-113.779924,49.064692,,,6966,2018-06-22 05:18:00,9969,Transcribed,180s,1SPM,WCSP,White-crowned Sparrow,ZONOTRICHIA LEUCOPHRYS,1,42374,1,Song,74.88,1.85,-45.66,f,,Jillian Slater,25,,Too windy for any SPM individuals
PC,10,WLNP-5-3,874,,-113.779924,49.064692,,,6966,2018-06-22 05:18:00,9969,Transcribed,180s,1SPM,AMRO,American Robin,TURDUS MIGRATORIUS,1,42257,1,S-C,120.09,4.03,-42.14,f,,Jillian Slater,25,,Too windy for any SPM individuals
PC,10,WLNP-5-3,874,,-113.779924,49.064692,,,6966,2018-06-22 05:18:00,9969,Transcribed,180s,1SPM,AMRO,American Robin,TURDUS MIGRATORIUS,1,42252,1,S-C,60.08,6.08,-42.86,f,,Jillian Slater,25,,Too windy for any SPM individuals
PC,10,WLNP-5-3,874,,-113.779924,49.064692,,,6966,2018-06-22 05:18:00,9969,Transcribed,180s,1SPM,WAVI,Warbling Vireo,VIREO GILVUS,1,42251,1,Song,22.19,1.90,-40.59,f,,Jillian Slater,25,,Too windy for any SPM individuals
PC,10,WLNP-5-3,874,,-113.779924,49.064692,,,6966,2018-06-22 05:18:00,9969,Transcribed,180s,1SPM,MOCH,Mountain Chickadee,POECILE GAMBELI,1,42253,1,Call,60.08,1.15,-43.28,f,,Jillian Slater,25,,Too windy for any SPM individuals
PC,10,WLNP-5-3,874,,-113.779924,49.064692,,,6966,2018-06-22 05:18:00,9969,Transcribed,180s,1SPM,MOCH,Mountain Chickadee,POECILE GAMBELI,1,42246,1,Call,3.98,1.50,-42.27,f,,Jillian Slater,25,,Too windy for any SPM individuals
PC,10,WLNP-5-3,874,,-113.779924,49.064692,,,7069,2018-06-23 04:49:00,9936,Transcribed,180s,1SPM,SWTH,Swainson's Thrush,CATHARUS USTULATUS,1,42412,1,Song,121.43,1.98,-43.08,f,,Connor Charchuk,41,,
PC,10,WLNP-5-3,874,,-113.779924,49.064692,,,7069,2018-06-23 04:49:00,9936,Transcribed,180s,1SPM,CHSP,Chipping Sparrow,SPIZELLA PASSERINA,1,42413,1,Song,140.94,2.28,-51.47,f,,Connor Charchuk,41,,
PC,10,WLNP-5-3,874,,-113.779924,49.064692,,,7069,2018-06-23 04:49:00,9936,Transcribed,180s,1SPM,CHSP,Chipping Sparrow,SPIZELLA PASSERINA,1,42402,1,Song,1.95,2.68,-44.23,f,,Connor Charchuk,41,,
PC,10,WLNP-5-3,874,,-113.779924,49.064692,,,7069,2018-06-23 04:49:00,9936,Transcribed,180s,1SPM,MOCH,Mountain Chickadee,POECILE GAMBELI,1,42406,1,Call,62.23,1.26,-38.85,f,,Connor Charchuk,41,,
PC,10,WLNP-5-3,874,,-113.779924,49.064692,,,7069,2018-06-23 04:49:00,9936,Transcribed,180s,1SPM,AMRO,American Robin,TURDUS MIGRATORIUS,1,42409,1,Song,70.34,2.11,-36.15,f,,Connor Charchuk,41,,
PC,10,WLNP-5-3,874,,-113.779924,49.064692,,,7069,2018-06-23 04:49:00,9936,Transcribed,180s,1SPM,AMRO,American Robin,TURDUS MIGRATORIUS,1,42411,1,Song,120.05,2.19,-43.63,f,,Connor Charchuk,41,,
PC,10,WLNP-5-3,874,,-113.779924,49.064692,,,7069,2018-06-23 04:49:00,9936,Transcribed,180s,1SPM,WCSP,White-crowned Sparrow,ZONOTRICHIA LEUCOPHRYS,1,42403,1,Song,5.24,2.15,-45.01,f,,Connor Charchuk,41,,
PC,10,WLNP-5-3,874,,-113.779924,49.064692,,,7069,2018-06-23 04:49:00,9936,Transcribed,180s,1SPM,WCSP,White-crowned Sparrow,ZONOTRICHIA LEUCOPHRYS,1,42410,1,Song,69.01,2.40,-37.53,f,,Connor Charchuk,41,,
PC,10,WLNP-5-3,874,,-113.779924,49.064692,,,7069,2018-06-23 04:49:00,9936,Transcribed,180s,1SPM,SWTH,Swainson's Thrush,CATHARUS USTULATUS,2,42414,1,Song,150.68,1.93,-44.83,f,,Connor Charchuk,41,,
PC,10,WLNP-5-3,874,,-113.779924,49.064692,,,7069,2018-06-23 04:49:00,9936,Transcribed,180s,1SPM,SWTH,Swainson's Thrush,CATHARUS USTULATUS,1,42401,1,Song,1.45,1.81,-45.76,f,,Connor Charchuk,41,,
PC,10,WLNP-5-3,874,,-113.779924,49.064692,,,7069,2018-06-23 04:49:00,9936,Transcribed,180s,1SPM,SWTH,Swainson's Thrush,CATHARUS USTULATUS,1,42405,1,Song,60.43,1.40,-36.68,f,,Connor Charchuk,41,,
PC,10,WLNP-5-3,874,,-113.779924,49.064692,,,7069,2018-06-23 04:49:00,9936,Transcribed,180s,1SPM,VATH,Varied Thrush,IXOREUS NAEVIUS,1,42415,1,Song,153.01,2.13,-44.03,f,,Connor Charchuk,41,,
PC,10,WLNP-5-3,874,,-113.779924,49.064692,,,7069,2018-06-23 04:49:00,9936,Transcribed,180s,1SPM,VATH,Varied Thrush,IXOREUS NAEVIUS,1,42404,1,Song,15.68,1.30,-50.72,f,,Connor Charchuk,41,,
PC,10,WLNP-5-3,874,,-113.779924,49.064692,,,7069,2018-06-23 04:49:00,9936,Transcribed,180s,1SPM,VATH,Varied Thrush,IXOREUS NAEVIUS,1,42407,1,Song,65.56,1.63,-49.16,f,,Connor Charchuk,41,,
PC,10,WLNP-5-3,874,,-113.779924,49.064692,,,7069,2018-06-23 04:49:00,9936,Transcribed,180s,1SPM,CHSP,Chipping Sparrow,SPIZELLA PASSERINA,1,42408,1,Song,65.43,1.91,-49.44,f,,Connor Charchuk,41,,
PC,10,WLNP-5-4,869,,-113.782880,49.060248,,,6981,2018-06-17 21:44:00,9984,Transcribed,180s,1SPM,SWTH,Swainson's Thrush,CATHARUS USTULATUS,1,48785,TMTT,S-C,60.03,7.91,-46.2,f,,Laurel McDonald,42,AE: 5-6,
PC,10,WLNP-5-4,869,,-113.782880,49.060248,,,6981,2018-06-17 21:44:00,9984,Transcribed,180s,1SPM,UNTR,Unidentified Trill,"",1,48791,1,Song,60.49,1.49,-71.16,f,,Laurel McDonald,42,,
PC,10,WLNP-5-4,869,,-113.782880,49.060248,,,6981,2018-06-17 21:44:00,9984,Transcribed,180s,1SPM,SWTH,Swainson's Thrush,CATHARUS USTULATUS,1,48782,TMTT,S-C,0.04,10.13,-43.35,f,,Laurel McDonald,42,AE: 5-6,
PC,10,WLNP-5-4,869,,-113.782880,49.060248,,,6981,2018-06-17 21:44:00,9984,Transcribed,180s,1SPM,UNTR,Unidentified Trill,"",1,48790,1,Song,57.16,1.11,-72.39,f,,Laurel McDonald,42,,
PC,10,WLNP-5-4,869,,-113.782880,49.060248,,,6981,2018-06-17 21:44:00,9984,Transcribed,180s,1SPM,LITF,Light traffic,"",1,48788,1,Song,120.01,4.00,-40.69,f,,Laurel McDonald,42,,
PC,10,WLNP-5-4,869,,-113.782880,49.060248,,,6981,2018-06-17 21:44:00,9984,Transcribed,180s,1SPM,LITF,Light traffic,"",1,48786,1,Song,60.04,3.99,-40.6,f,,Laurel McDonald,42,,
PC,10,WLNP-5-4,869,,-113.782880,49.060248,,,6981,2018-06-17 21:44:00,9984,Transcribed,180s,1SPM,LITF,Light traffic,"",1,48783,1,Song,0.03,4.00,-34.3,f,,Laurel McDonald,42,,
PC,10,WLNP-5-4,869,,-113.782880,49.060248,,,6981,2018-06-17 21:44:00,9984,Transcribed,180s,1SPM,SWTH,Swainson's Thrush,CATHARUS USTULATUS,1,48787,TMTT,S-C,120.03,6.29,-47.25,f,,Laurel McDonald,42,AE: 5-6,
PC,10,WLNP-5-4,869,,-113.782880,49.060248,,,85254,2018-06-19 04:48:00,17692,Bad Weather,180s,1SPM,NONE,NONE,"",,,,,,,,,,Michelle Knaggs,11,,
PC,10,WLNP-5-4,869,,-113.782880,49.060248,,,7070,2018-06-20 04:48:00,9937,Transcribed,180s,1SPM,CHSP,Chipping Sparrow,SPIZELLA PASSERINA,1,42582,1,Song,62.54,2.49,-47.22,f,,Connor Charchuk,41,,
PC,10,WLNP-5-4,869,,-113.782880,49.060248,,,7070,2018-06-20 04:48:00,9937,Transcribed,180s,1SPM,SWTH,Swainson's Thrush,CATHARUS USTULATUS,3,42646,1,Song,122.44,1.23,-46.34,f,,Connor Charchuk,41,,
PC,10,WLNP-5-4,869,,-113.782880,49.060248,,,7070,2018-06-20 04:48:00,9937,Transcribed,180s,1SPM,SWTH,Swainson's Thrush,CATHARUS USTULATUS,3,42577,1,Song,31.45,1.79,-50.58,f,,Connor Charchuk,41,,
PC,10,WLNP-5-4,869,,-113.782880,49.060248,,,7070,2018-06-20 04:48:00,9937,Transcribed,180s,1SPM,SWTH,Swainson's Thrush,CATHARUS USTULATUS,2,42576,1,Song,19.64,2.13,-31.6,f,,Connor Charchuk,41,,
PC,10,WLNP-5-4,869,,-113.782880,49.060248,,,7070,2018-06-20 04:48:00,9937,Transcribed,180s,1SPM,SWTH,Swainson's Thrush,CATHARUS USTULATUS,2,42644,1,Song,120.35,1.64,-40.71,f,,Connor Charchuk,41,,
PC,10,WLNP-5-4,869,,-113.782880,49.060248,,,7070,2018-06-20 04:48:00,9937,Transcribed,180s,1SPM,SWTH,Swainson's Thrush,CATHARUS USTULATUS,2,42584,1,Song,61.93,1.95,-43.73,f,,Connor Charchuk,41,,
PC,10,WLNP-5-4,869,,-113.782880,49.060248,,,7070,2018-06-20 04:48:00,9937,Transcribed,180s,1SPM,SWTH,Swainson's Thrush,CATHARUS USTULATUS,1,42647,1,Song,124.89,1.70,-38.42,f,,Connor Charchuk,41,,
PC,10,WLNP-5-4,869,,-113.782880,49.060248,,,7070,2018-06-20 04:48:00,9937,Transcribed,180s,1SPM,SWTH,Swainson's Thrush,CATHARUS USTULATUS,1,42585,1,Song,64.51,2.18,-39.89,f,,Connor Charchuk,41,,
PC,10,WLNP-5-4,869,,-113.782880,49.060248,,,7070,2018-06-20 04:48:00,9937,Transcribed,180s,1SPM,SWTH,Swainson's Thrush,CATHARUS USTULATUS,1,42575,1,Song,7.70,2.01,-30.44,f,,Connor Charchuk,41,,
PC,10,WLNP-5-4,869,,-113.782880,49.060248,,,7070,2018-06-20 04:48:00,9937,Transcribed,180s,1SPM,VATH,Varied Thrush,IXOREUS NAEVIUS,1,42650,1,Song,140.54,1.33,-44.66,f,,Connor Charchuk,41,,
PC,10,WLNP-5-4,869,,-113.782880,49.060248,,,7070,2018-06-20 04:48:00,9937,Transcribed,180s,1SPM,VATH,Varied Thrush,IXOREUS NAEVIUS,1,42589,1,Song,82.36,1.78,-46.69,f,,Connor Charchuk,41,,
PC,10,WLNP-5-4,869,,-113.782880,49.060248,,,7070,2018-06-20 04:48:00,9937,Transcribed,180s,1SPM,VATH,Varied Thrush,IXOREUS NAEVIUS,1,42579,1,Song,46.03,1.56,-47.48,f,,Connor Charchuk,41,,
PC,10,WLNP-5-4,869,,-113.782880,49.060248,,,7070,2018-06-20 04:48:00,9937,Transcribed,180s,1SPM,AMRO,American Robin,TURDUS MIGRATORIUS,1,42657,1,Song,154.50,2.44,-37.73,f,,Connor Charchuk,41,,
PC,10,WLNP-5-4,869,,-113.782880,49.060248,,,7070,2018-06-20 04:48:00,9937,Transcribed,180s,1SPM,AMRO,American Robin,TURDUS MIGRATORIUS,1,42587,1,Song,78.83,3.51,-38.8,f,,Connor Charchuk,41,,
PC,10,WLNP-5-4,869,,-113.782880,49.060248,,,7070,2018-06-20 04:48:00,9937,Transcribed,180s,1SPM,MOCH,Mountain Chickadee,POECILE GAMBELI,1,42658,1,Call,168.03,1.99,-36.81,f,,Connor Charchuk,41,,
PC,10,WLNP-5-4,869,,-113.782880,49.060248,,,7070,2018-06-20 04:48:00,9937,Transcribed,180s,1SPM,MOCH,Mountain Chickadee,POECILE GAMBELI,1,42580,1,Call,60.21,1.53,-35.21,f,,Connor Charchuk,41,,
PC,10,WLNP-5-4,869,,-113.782880,49.060248,,,7070,2018-06-20 04:48:00,9937,Transcribed,180s,1SPM,MOCH,Mountain Chickadee,POECILE GAMBELI,1,42573,1,Call,0.96,2.43,-27.86,f,,Connor Charchuk,41,,
PC,10,WLNP-5-4,869,,-113.782880,49.060248,,,7070,2018-06-20 04:48:00,9937,Transcribed,180s,1SPM,UNPA,Unidentified Passerine,"",1,42652,1,Call,128.69,1.05,-54.56,f,,Connor Charchuk,41,,
PC,10,WLNP-5-4,869,,-113.782880,49.060248,,,7070,2018-06-20 04:48:00,9937,Transcribed,180s,1SPM,UNPA,Unidentified Passerine,"",1,42651,1,Call,118.04,1.09,-51.84,f,,Connor Charchuk,41,,
PC,10,WLNP-5-4,869,,-113.782880,49.060248,,,7070,2018-06-20 04:48:00,9937,Transcribed,180s,1SPM,CHSP,Chipping Sparrow,SPIZELLA PASSERINA,1,42645,1,Song,121.30,2.06,-45,f,,Connor Charchuk,41,,
PC,10,WLNP-5-4,869,,-113.782880,49.060248,,,7070,2018-06-20 04:48:00,9937,Transcribed,180s,1SPM,CHSP,Chipping Sparrow,SPIZELLA PASSERINA,1,42574,1,Song,6.38,1.83,-29.13,f,,Connor Charchuk,41,,
PC,10,WLNP-5-4,869,,-113.782880,49.060248,,,7070,2018-06-20 04:48:00,9937,Transcribed,180s,1SPM,GCKI,Golden-crowned Kinglet,REGULUS SATRAPA,1,42648,1,Song,126.35,2.15,-70.99,f,,Connor Charchuk,41,,
PC,10,WLNP-5-4,869,,-113.782880,49.060248,,,7070,2018-06-20 04:48:00,9937,Transcribed,180s,1SPM,GCKI,Golden-crowned Kinglet,REGULUS SATRAPA,1,42583,1,Song,63.80,3.09,-62.17,f,,Connor Charchuk,41,,
PC,10,WLNP-5-4,869,,-113.782880,49.060248,,,7070,2018-06-20 04:48:00,9937,Transcribed,180s,1SPM,GCKI,Golden-crowned Kinglet,REGULUS SATRAPA,1,42578,1,Song,35.20,2.69,-56.91,f,,Connor Charchuk,41,,
PC,10,WLNP-5-4,869,,-113.782880,49.060248,,,7070,2018-06-20 04:48:00,9937,Transcribed,180s,1SPM,WETA,Western Tanager,PIRANGA LUDOVICIANA,1,42586,1,Song,69.69,2.34,-37.63,f,,Connor Charchuk,41,,
PC,10,WLNP-5-4,869,,-113.782880,49.060248,,,7070,2018-06-20 04:48:00,9937,Transcribed,180s,1SPM,WETA,Western Tanager,PIRANGA LUDOVICIANA,1,42572,1,Song,0.63,2.73,-28.05,f,,Connor Charchuk,41,,
PC,10,WLNP-5-4,869,,-113.782880,49.060248,,,7070,2018-06-20 04:48:00,9937,Transcribed,180s,1SPM,WETA,Western Tanager,PIRANGA LUDOVICIANA,1,42654,1,Song,149.61,1.45,-37.69,f,,Connor Charchuk,41,,
PC,10,WLNP-5-4,869,,-113.782880,49.060248,,,7070,2018-06-20 04:48:00,9937,Transcribed,180s,1SPM,NOWA,Northern Waterthrush,PARKESIA NOVEBORACENSIS,1,42643,1,Song,115.88,1.66,-49.2,f,,Connor Charchuk,41,,
PC,10,WLNP-5-4,869,,-113.782880,49.060248,,,7070,2018-06-20 04:48:00,9937,Transcribed,180s,1SPM,NOWA,Northern Waterthrush,PARKESIA NOVEBORACENSIS,1,42649,1,Song,137.80,1.54,-47.65,f,,Connor Charchuk,41,,
PC,10,WLNP-5-4,869,,-113.782880,49.060248,,,7071,2018-06-22 05:18:00,9938,Transcribed,180s,1SPM,CHSP,Chipping Sparrow,SPIZELLA PASSERINA,1,42692,1,Song,121.91,2.73,-49.52,f,,Connor Charchuk,41,,
PC,10,WLNP-5-4,869,,-113.782880,49.060248,,,7071,2018-06-22 05:18:00,9938,Transcribed,180s,1SPM,RCKI,Ruby-crowned Kinglet,CORTHYLIO CALENDULA,1,42668,1,Song,7.95,1.99,-51.94,f,,Connor Charchuk,41,,
PC,10,WLNP-5-4,869,,-113.782880,49.060248,,,7071,2018-06-22 05:18:00,9938,Transcribed,180s,1SPM,RCKI,Ruby-crowned Kinglet,CORTHYLIO CALENDULA,1,42680,1,Song,62.89,2.06,-54.72,f,,Connor Charchuk,41,,
PC,10,WLNP-5-4,869,,-113.782880,49.060248,,,7071,2018-06-22 05:18:00,9938,Transcribed,180s,1SPM,VATH,Varied Thrush,IXOREUS NAEVIUS,2,42696,1,Song,126.76,1.15,-54.76,f,,Connor Charchuk,41,,
PC,10,WLNP-5-4,869,,-113.782880,49.060248,,,7071,2018-06-22 05:18:00,9938,Transcribed,180s,1SPM,VATH,Varied Thrush,IXOREUS NAEVIUS,2,42693,1,Song,114.21,1.45,-50.95,f,,Connor Charchuk,41,,
PC,10,WLNP-5-4,869,,-113.782880,49.060248,,,7071,2018-06-22 05:18:00,9938,Transcribed,180s,1SPM,VATH,Varied Thrush,IXOREUS NAEVIUS,1,42663,1,Song,1.95,1.40,-51.78,f,,Connor Charchuk,41,,
PC,10,WLNP-5-4,869,,-113.782880,49.060248,,,7071,2018-06-22 05:18:00,9938,Transcribed,180s,1SPM,VATH,Varied Thrush,IXOREUS NAEVIUS,1,42690,1,Song,120.15,1.66,-52.76,f,,Connor Charchuk,41,,
PC,10,WLNP-5-4,869,,-113.782880,49.060248,,,7071,2018-06-22 05:18:00,9938,Transcribed,180s,1SPM,VATH,Varied Thrush,IXOREUS NAEVIUS,1,42682,1,Song,66.41,1.65,-53.59,f,,Connor Charchuk,41,,
PC,10,WLNP-5-4,869,,-113.782880,49.060248,,,7071,2018-06-22 05:18:00,9938,Transcribed,180s,1SPM,AMRO,American Robin,TURDUS MIGRATORIUS,1,42686,1,Song,71.34,2.95,-51.14,f,,Connor Charchuk,41,,
PC,10,WLNP-5-4,869,,-113.782880,49.060248,,,7071,2018-06-22 05:18:00,9938,Transcribed,180s,1SPM,AMRO,American Robin,TURDUS MIGRATORIUS,1,42697,1,Song,133.34,4.08,-52.96,f,,Connor Charchuk,41,,
PC,10,WLNP-5-4,869,,-113.782880,49.060248,,,7071,2018-06-22 05:18:00,9938,Transcribed,180s,1SPM,AMRO,American Robin,TURDUS MIGRATORIUS,1,42671,1,Song,14.10,1.84,-54.12,f,,Connor Charchuk,41,,
PC,10,WLNP-5-4,869,,-113.782880,49.060248,,,7071,2018-06-22 05:18:00,9938,Transcribed,180s,1SPM,TRES,Tree Swallow,TACHYCINETA BICOLOR,1,42688,1,Call,77.73,3.08,-52.95,f,,Connor Charchuk,41,,
PC,10,WLNP-5-4,869,,-113.782880,49.060248,,,7071,2018-06-22 05:18:00,9938,Transcribed,180s,1SPM,PISI,Pine Siskin,SPINUS PINUS,1,42694,1,Call,121.48,0.63,-55.63,f,,Connor Charchuk,41,,
PC,10,WLNP-5-4,869,,-113.782880,49.060248,,,7071,2018-06-22 05:18:00,9938,Transcribed,180s,1SPM,CHSP,Chipping Sparrow,SPIZELLA PASSERINA,2,42683,1,Song,66.31,3.13,-59.56,f,,Connor Charchuk,41,,
PC,10,WLNP-5-4,869,,-113.782880,49.060248,,,7071,2018-06-22 05:18:00,9938,Transcribed,180s,1SPM,CHSP,Chipping Sparrow,SPIZELLA PASSERINA,2,42691,1,Song,120.14,2.99,-50.54,f,,Connor Charchuk,41,,
PC,10,WLNP-5-4,869,,-113.782880,49.060248,,,7071,2018-06-22 05:18:00,9938,Transcribed,180s,1SPM,CHSP,Chipping Sparrow,SPIZELLA PASSERINA,2,42670,1,Song,12.00,3.71,-57.26,f,,Connor Charchuk,41,,
PC,10,WLNP-5-4,869,,-113.782880,49.060248,,,7071,2018-06-22 05:18:00,9938,Transcribed,180s,1SPM,CHSP,Chipping Sparrow,SPIZELLA PASSERINA,1,42669,1,Song,9.45,2.53,-56.97,f,,Connor Charchuk,41,,
PC,10,WLNP-5-4,869,,-113.782880,49.060248,,,7071,2018-06-22 05:18:00,9938,Transcribed,180s,1SPM,CHSP,Chipping Sparrow,SPIZELLA PASSERINA,1,42678,1,Song,60.20,2.11,-57.59,f,,Connor Charchuk,41,,
PC,10,WLNP-5-4,869,,-113.782880,49.060248,,,7071,2018-06-22 05:18:00,9938,Transcribed,180s,1SPM,RCKI,Ruby-crowned Kinglet,CORTHYLIO CALENDULA,1,42698,1,Song,136.18,1.55,-53.11,f,,Connor Charchuk,41,,
PC,10,WLNP-5-4,869,,-113.782880,49.060248,,,7071,2018-06-22 05:18:00,9938,Transcribed,180s,1SPM,GCKI,Golden-crowned Kinglet,REGULUS SATRAPA,1,42701,1,Song,145.35,3.31,-63.12,f,,Connor Charchuk,41,,
PC,10,WLNP-5-4,869,,-113.782880,49.060248,,,7071,2018-06-22 05:18:00,9938,Transcribed,180s,1SPM,SWTH,Swainson's Thrush,CATHARUS USTULATUS,1,42703,1,Song,160.58,1.45,-49.8,f,,Connor Charchuk,41,,
PC,10,WLNP-5-4,869,,-113.782880,49.060248,,,7071,2018-06-22 05:18:00,9938,Transcribed,180s,1SPM,SWTH,Swainson's Thrush,CATHARUS USTULATUS,1,42673,1,Song,46.29,1.93,-55.96,f,,Connor Charchuk,41,,
PC,10,WLNP-5-4,869,,-113.782880,49.060248,,,7071,2018-06-22 05:18:00,9938,Transcribed,180s,1SPM,SWTH,Swainson's Thrush,CATHARUS USTULATUS,1,42679,1,Song,63.00,1.53,-54.02,f,,Connor Charchuk,41,,
PC,10,WLNP-5-4,869,,-113.782880,49.060248,,,7071,2018-06-22 05:18:00,9938,Transcribed,180s,1SPM,SWTH,Swainson's Thrush,CATHARUS USTULATUS,2,42695,1,Song,124.29,1.50,-54.88,f,,Connor Charchuk,41,,
PC,10,WLNP-5-4,869,,-113.782880,49.060248,,,7071,2018-06-22 05:18:00,9938,Transcribed,180s,1SPM,SWTH,Swainson's Thrush,CATHARUS USTULATUS,2,42689,1,Song,81.88,1.58,-51.1,f,,Connor Charchuk,41,,
PC,10,WLNP-5-4,869,,-113.782880,49.060248,,,7071,2018-06-22 05:18:00,9938,Transcribed,180s,1SPM,NOWA,Northern Waterthrush,PARKESIA NOVEBORACENSIS,1,42702,1,Song,155.75,1.43,-54.29,f,,Connor Charchuk,41,,
PC,10,WLNP-5-4,869,,-113.782880,49.060248,,,7071,2018-06-22 05:18:00,9938,Transcribed,180s,1SPM,NOWA,Northern Waterthrush,PARKESIA NOVEBORACENSIS,1,42681,1,Song,65.14,1.34,-57.14,f,,Connor Charchuk,41,,
PC,10,WLNP-5-4,869,,-113.782880,49.060248,,,7071,2018-06-22 05:18:00,9938,Transcribed,180s,1SPM,GCKI,Golden-crowned Kinglet,REGULUS SATRAPA,1,42684,1,Song,69.95,3.36,-56.89,f,,Connor Charchuk,41,,
PC,10,WLNP-5-4,869,,-113.782880,49.060248,,,7071,2018-06-22 05:18:00,9938,Transcribed,180s,1SPM,NOWA,Northern Waterthrush,PARKESIA NOVEBORACENSIS,1,42672,1,Song,38.14,1.89,-46.93,f,,Connor Charchuk,41,,
PC,10,WLNP-5-4,869,,-113.782880,49.060248,,,7071,2018-06-22 05:18:00,9938,Transcribed,180s,1SPM,WETA,Western Tanager,PIRANGA LUDOVICIANA,1,42676,1,Call,50.49,0.69,-57.63,f,,Connor Charchuk,41,,
PC,10,WLNP-5-4,869,,-113.782880,49.060248,,,7071,2018-06-22 05:18:00,9938,Transcribed,180s,1SPM,WETA,Western Tanager,PIRANGA LUDOVICIANA,1,42705,1,S-C,162.93,0.79,-50.04,f,,Connor Charchuk,41,,
PC,10,WLNP-5-4,869,,-113.782880,49.060248,,,7071,2018-06-22 05:18:00,9938,Transcribed,180s,1SPM,GCKI,Golden-crowned Kinglet,REGULUS SATRAPA,1,42666,1,Song,6.69,2.71,-49.52,f,,Connor Charchuk,41,,
PC,10,WLNP-5-4,869,,-113.782880,49.060248,,,7043,2018-06-23 05:19:00,9910,Transcribed,180s,1SPM,RESQ,Red Squirrel,TAMIASCIURUS HUDSONICUS,1,41834,1,Call,100.95,4.54,-39.47,f,,Brandon Law,22,,
PC,10,WLNP-5-4,869,,-113.782880,49.060248,,,7043,2018-06-23 05:19:00,9910,Transcribed,180s,1SPM,MOWI,Moderate wind,"",1,41837,1,Song,120.20,3.56,-46.51,f,,Brandon Law,22,,
PC,10,WLNP-5-4,869,,-113.782880,49.060248,,,7043,2018-06-23 05:19:00,9910,Transcribed,180s,1SPM,VATH,Varied Thrush,IXOREUS NAEVIUS,1,41831,1,Song,64.33,2.04,-50.53,f,,Brandon Law,22,,
PC,10,WLNP-5-4,869,,-113.782880,49.060248,,,7043,2018-06-23 05:19:00,9910,Transcribed,180s,1SPM,VATH,Varied Thrush,IXOREUS NAEVIUS,1,41842,1,Song,125.79,1.38,-52.93,f,,Brandon Law,22,,
PC,10,WLNP-5-4,869,,-113.782880,49.060248,,,7043,2018-06-23 05:19:00,9910,Transcribed,180s,1SPM,RCKI,Ruby-crowned Kinglet,CORTHYLIO CALENDULA,1,41829,1,Song,64.54,2.15,-50.68,f,,Brandon Law,22,,
PC,10,WLNP-5-4,869,,-113.782880,49.060248,,,7043,2018-06-23 05:19:00,9910,Transcribed,180s,1SPM,RCKI,Ruby-crowned Kinglet,CORTHYLIO CALENDULA,1,41817,1,Song,7.58,2.31,-52.41,f,,Brandon Law,22,,
PC,10,WLNP-5-4,869,,-113.782880,49.060248,,,7043,2018-06-23 05:19:00,9910,Transcribed,180s,1SPM,RCKI,Ruby-crowned Kinglet,CORTHYLIO CALENDULA,1,41840,1,Song,124.40,3.36,-49.5,f,,Brandon Law,22,,
PC,10,WLNP-5-4,869,,-113.782880,49.060248,,,7043,2018-06-23 05:19:00,9910,Transcribed,180s,1SPM,SWTH,Swainson's Thrush,CATHARUS USTULATUS,1,41843,1,Song,137.90,1.68,-51.97,f,,Brandon Law,22,,
PC,10,WLNP-5-4,869,,-113.782880,49.060248,,,7043,2018-06-23 05:19:00,9910,Transcribed,180s,1SPM,SWTH,Swainson's Thrush,CATHARUS USTULATUS,1,41812,1,Song,2.06,2.30,-43.78,f,,Brandon Law,22,,
PC,10,WLNP-5-4,869,,-113.782880,49.060248,,,7043,2018-06-23 05:19:00,9910,Transcribed,180s,1SPM,SWTH,Swainson's Thrush,CATHARUS USTULATUS,1,41828,1,Song,63.00,2.26,-42.6,f,,Brandon Law,22,,
PC,10,WLNP-5-4,869,,-113.782880,49.060248,,,7043,2018-06-23 05:19:00,9910,Transcribed,180s,1SPM,SWTH,Swainson's Thrush,CATHARUS USTULATUS,2,41835,1,Song,95.46,1.90,-46.11,f,,Brandon Law,22,,
PC,10,WLNP-5-4,869,,-113.782880,49.060248,,,7043,2018-06-23 05:19:00,9910,Transcribed,180s,1SPM,SWTH,Swainson's Thrush,CATHARUS USTULATUS,2,41848,1,Song,151.30,1.80,-55.53,f,,Brandon Law,22,,
PC,10,WLNP-5-4,869,,-113.782880,49.060248,,,7043,2018-06-23 05:19:00,9910,Transcribed,180s,1SPM,YRWA,Yellow-rumped Warbler,SETOPHAGA CORONATA,1,41833,1,Song,72.45,1.49,-53.33,f,,Brandon Law,22,,
PC,10,WLNP-5-4,869,,-113.782880,49.060248,,,7043,2018-06-23 05:19:00,9910,Transcribed,180s,1SPM,YRWA,Yellow-rumped Warbler,SETOPHAGA CORONATA,1,41821,1,Song,52.31,1.38,-57.96,f,,Brandon Law,22,,
PC,10,WLNP-5-4,869,,-113.782880,49.060248,,,7043,2018-06-23 05:19:00,9910,Transcribed,180s,1SPM,YRWA,Yellow-rumped Warbler,SETOPHAGA CORONATA,1,41847,1,Song,150.26,1.94,-54.75,f,,Brandon Law,22,,
PC,10,WLNP-5-4,869,,-113.782880,49.060248,,,7043,2018-06-23 05:19:00,9910,Transcribed,180s,1SPM,VATH,Varied Thrush,IXOREUS NAEVIUS,1,41818,1,Song,22.83,1.58,-43.94,f,,Brandon Law,22,,
PC,10,WLNP-5-4,869,,-113.782880,49.060248,,,7043,2018-06-23 05:19:00,9910,Transcribed,180s,1SPM,CHSP,Chipping Sparrow,SPIZELLA PASSERINA,2,41825,1,Song,61.80,3.04,-46.86,f,,Brandon Law,22,,
PC,10,WLNP-5-4,869,,-113.782880,49.060248,,,7043,2018-06-23 05:19:00,9910,Transcribed,180s,1SPM,CHSP,Chipping Sparrow,SPIZELLA PASSERINA,2,41819,1,Song,0.71,2.29,-47.12,f,,Brandon Law,22,,
PC,10,WLNP-5-4,869,,-113.782880,49.060248,,,7043,2018-06-23 05:19:00,9910,Transcribed,180s,1SPM,CHSP,Chipping Sparrow,SPIZELLA PASSERINA,2,41845,1,Song,138.93,2.51,-54.33,f,,Brandon Law,22,,
PC,10,WLNP-5-4,869,,-113.782880,49.060248,,,7043,2018-06-23 05:19:00,9910,Transcribed,180s,1SPM,CHSP,Chipping Sparrow,SPIZELLA PASSERINA,1,41839,1,Song,120.20,2.54,-53.77,f,,Brandon Law,22,,
PC,10,WLNP-5-4,869,,-113.782880,49.060248,,,7043,2018-06-23 05:19:00,9910,Transcribed,180s,1SPM,CHSP,Chipping Sparrow,SPIZELLA PASSERINA,1,41824,1,Song,60.13,1.80,-53.6,f,,Brandon Law,22,,
PC,10,WLNP-5-4,869,,-113.782880,49.060248,,,7043,2018-06-23 05:19:00,9910,Transcribed,180s,1SPM,CHSP,Chipping Sparrow,SPIZELLA PASSERINA,1,41811,1,Song,0.04,1.33,-57.19,f,,Brandon Law,22,,
PC,10,WLNP-5-4,869,,-113.782880,49.060248,,,7043,2018-06-23 05:19:00,9910,Transcribed,180s,1SPM,GCKI,Golden-crowned Kinglet,REGULUS SATRAPA,1,41841,1,Song,122.74,3.23,-53.45,f,,Brandon Law,22,,
PC,10,WLNP-5-4,869,,-113.782880,49.060248,,,7043,2018-06-23 05:19:00,9910,Transcribed,180s,1SPM,GCKI,Golden-crowned Kinglet,REGULUS SATRAPA,1,41826,1,Song,60.28,4.09,-58.47,f,,Brandon Law,22,,
PC,10,WLNP-5-4,869,,-113.782880,49.060248,,,7043,2018-06-23 05:19:00,9910,Transcribed,180s,1SPM,GCKI,Golden-crowned Kinglet,REGULUS SATRAPA,1,41813,1,Song,3.33,3.45,-61.02,f,,Brandon Law,22,,
PC,10,WLNP-5-4,869,,-113.782880,49.060248,,,7043,2018-06-23 05:19:00,9910,Transcribed,180s,1SPM,WETA,Western Tanager,PIRANGA LUDOVICIANA,1,41823,1,Song,60.15,2.01,-50.62,f,,Brandon Law,22,,
PC,10,WLNP-5-4,869,,-113.782880,49.060248,,,7043,2018-06-23 05:19:00,9910,Transcribed,180s,1SPM,WETA,Western Tanager,PIRANGA LUDOVICIANA,1,41814,1,Song,4.84,1.83,-47.95,f,,Brandon Law,22,,
PC,10,WLNP-5-4,869,,-113.782880,49.060248,,,7043,2018-06-23 05:19:00,9910,Transcribed,180s,1SPM,YEWA,Yellow Warbler,SETOPHAGA PETECHIA,1,41846,1,Song,142.80,1.59,-50.55,f,,Brandon Law,22,,
PC,10,WLNP-5-4,869,,-113.782880,49.060248,,,7043,2018-06-23 05:19:00,9910,Transcribed,180s,1SPM,LIWI,Light wind,"",1,41822,1,Song,54.76,2.85,-34.91,f,,Brandon Law,22,,
PC,10,WLNP-5-4,869,,-113.782880,49.060248,,,7043,2018-06-23 05:19:00,9910,Transcribed,180s,1SPM,LIWI,Light wind,"",1,41849,1,Song,134.58,3.45,-34.78,f,,Brandon Law,22,,
PC,10,WLNP-5-4,869,,-113.782880,49.060248,,,7043,2018-06-23 05:19:00,9910,Transcribed,180s,1SPM,LIWI,Light wind,"",1,41830,1,Song,60.15,2.76,-34.57,f,,Brandon Law,22,,
PC,10,WLNP-5-4,869,,-113.782880,49.060248,,,7043,2018-06-23 05:19:00,9910,Transcribed,180s,1SPM,PISI,Pine Siskin,SPINUS PINUS,1,41836,1,Song,94.35,0.56,-48.63,f,,Brandon Law,22,,
PC,10,WLNP-5-4,869,,-113.782880,49.060248,,,7043,2018-06-23 05:19:00,9910,Transcribed,180s,1SPM,RBNU,Red-breasted Nuthatch,SITTA CANADENSIS,1,41827,1,Song,61.54,2.73,-42.36,f,,Brandon Law,22,,
PC,10,WLNP-5-4,869,,-113.782880,49.060248,,,7043,2018-06-23 05:19:00,9910,Transcribed,180s,1SPM,RBNU,Red-breasted Nuthatch,SITTA CANADENSIS,1,41838,1,Song,120.21,3.05,-53.3,f,,Brandon Law,22,,
PC,10,WLNP-5-4,869,,-113.782880,49.060248,,,7043,2018-06-23 05:19:00,9910,Transcribed,180s,1SPM,RBNU,Red-breasted Nuthatch,SITTA CANADENSIS,1,41815,1,Song,9.63,6.00,-45.14,f,,Brandon Law,22,,
PC,10,WLNP-5-4,869,,-113.782880,49.060248,,,7043,2018-06-23 05:19:00,9910,Transcribed,180s,1SPM,TEWA,Tennessee Warbler,LEIOTHYLPIS PEREGRINA,1,41820,1,Song,13.78,1.26,-45.71,f,,Brandon Law,22,,
PC,10,WLNP-5-4,869,,-113.782880,49.060248,,,7043,2018-06-23 05:19:00,9910,Transcribed,180s,1SPM,TEWA,Tennessee Warbler,LEIOTHYLPIS PEREGRINA,1,41832,1,Song,70.56,1.86,-56.63,f,,Brandon Law,22,,
PC,10,WLNP-5-4,869,,-113.782880,49.060248,,,7043,2018-06-23 05:19:00,9910,Transcribed,180s,1SPM,TEWA,Tennessee Warbler,LEIOTHYLPIS PEREGRINA,1,41844,1,Song,139.43,1.94,-53.51,f,,Brandon Law,22,,
PC,10,WLNP-5-4,869,,-113.782880,49.060248,,,7043,2018-06-23 05:19:00,9910,Transcribed,180s,1SPM,AMRO,American Robin,TURDUS MIGRATORIUS,1,41816,1,Song,0.04,2.38,-57.4,f,,Brandon Law,22,,
PC,10,WLNP-5-5,860,,-113.784305,49.058810,,,6982,2018-06-17 22:44:00,9985,Transcribed,180s,1SPM,LIWI,Light wind,"",1,48794,1,Song,60.04,3.99,-33.74,f,,Laurel McDonald,42,,""
PC,10,WLNP-5-5,860,,-113.784305,49.058810,,,6982,2018-06-17 22:44:00,9985,Transcribed,180s,1SPM,LIWI,Light wind,"",1,48795,1,Song,120.03,3.99,-30.59,f,,Laurel McDonald,42,,""
PC,10,WLNP-5-5,860,,-113.784305,49.058810,,,6982,2018-06-17 22:44:00,9985,Transcribed,180s,1SPM,UNKN,Unidentified signal,"",1,48796,1,Call,145.86,4.60,-73.48,f,,Laurel McDonald,42,,""
PC,10,WLNP-5-5,860,,-113.784305,49.058810,,,6982,2018-06-17 22:44:00,9985,Transcribed,180s,1SPM,LIWI,Light wind,"",1,48793,1,Song,0.05,3.96,-36.2,f,,Laurel McDonald,42,,""
PC,10,WLNP-5-5,860,,-113.784305,49.058810,,,7078,2018-06-18 04:48:00,9945,Transcribed,180s,1SPM,SWTH,Swainson's Thrush,CATHARUS USTULATUS,1,42716,TMTT,Song,120.65,1.79,-43.95,f,,Connor Charchuk,41,4-5,
PC,10,WLNP-5-5,860,,-113.784305,49.058810,,,7078,2018-06-18 04:48:00,9945,Transcribed,180s,1SPM,SWTH,Swainson's Thrush,CATHARUS USTULATUS,1,42707,TMTT,S-C,0.04,1.25,-44.72,f,,Connor Charchuk,41,4-5,
PC,10,WLNP-5-5,860,,-113.784305,49.058810,,,7078,2018-06-18 04:48:00,9945,Transcribed,180s,1SPM,SWTH,Swainson's Thrush,CATHARUS USTULATUS,1,42713,TMTT,Song,60.15,1.96,-39.47,f,,Connor Charchuk,41,4-5,
PC,10,WLNP-5-5,860,,-113.784305,49.058810,,,7078,2018-06-18 04:48:00,9945,Transcribed,180s,1SPM,WISN,Wilson's Snipe,GALLINAGO DELICATA,1,42712,1,Non-vocal,24.25,2.18,-52.88,f,,Connor Charchuk,41,,
PC,10,WLNP-5-5,860,,-113.784305,49.058810,,,7078,2018-06-18 04:48:00,9945,Transcribed,180s,1SPM,WCSP,White-crowned Sparrow,ZONOTRICHIA LEUCOPHRYS,1,42720,1,Song,137.90,2.31,-45.96,f,,Connor Charchuk,41,,
PC,10,WLNP-5-5,860,,-113.784305,49.058810,,,7078,2018-06-18 04:48:00,9945,Transcribed,180s,1SPM,WCSP,White-crowned Sparrow,ZONOTRICHIA LEUCOPHRYS,1,42719,1,Song,113.49,2.30,-44.71,f,,Connor Charchuk,41,,
PC,10,WLNP-5-5,860,,-113.784305,49.058810,,,7078,2018-06-18 04:48:00,9945,Transcribed,180s,1SPM,WCSP,White-crowned Sparrow,ZONOTRICHIA LEUCOPHRYS,1,42710,1,Song,13.10,2.46,-43.74,f,,Connor Charchuk,41,,
PC,10,WLNP-5-5,860,,-113.784305,49.058810,,,7078,2018-06-18 04:48:00,9945,Transcribed,180s,1SPM,UNWA,Unidentified Warbler,"",1,42709,1,Song,5.66,1.18,-59.93,f,,Connor Charchuk,41,,
PC,10,WLNP-5-5,860,,-113.784305,49.058810,,,7078,2018-06-18 04:48:00,9945,Transcribed,180s,1SPM,UNWA,Unidentified Warbler,"",1,42718,1,Song,123.76,1.59,-43.76,f,,Connor Charchuk,41,,
PC,10,WLNP-5-5,860,,-113.784305,49.058810,,,7078,2018-06-18 04:48:00,9945,Transcribed,180s,1SPM,UNWA,Unidentified Warbler,"",1,42715,1,Song,75.94,1.83,-41.2,f,,Connor Charchuk,41,,
PC,10,WLNP-5-5,860,,-113.784305,49.058810,,,7078,2018-06-18 04:48:00,9945,Transcribed,180s,1SPM,MGWA,MacGillivray's Warbler,GEOTHLYPIS TOLMIEI,1,42714,1,Song,62.36,2.03,-41.91,f,,Connor Charchuk,41,,
PC,10,WLNP-5-5,860,,-113.784305,49.058810,,,7078,2018-06-18 04:48:00,9945,Transcribed,180s,1SPM,MGWA,MacGillivray's Warbler,GEOTHLYPIS TOLMIEI,1,42717,1,Song,122.29,1.91,-40.89,f,,Connor Charchuk,41,,
PC,10,WLNP-5-5,860,,-113.784305,49.058810,,,7078,2018-06-18 04:48:00,9945,Transcribed,180s,1SPM,MGWA,MacGillivray's Warbler,GEOTHLYPIS TOLMIEI,1,42708,1,Song,1.84,2.24,-41.97,f,,Connor Charchuk,41,,
PC,10,WLNP-5-5,860,,-113.784305,49.058810,,,85255,2018-06-19 05:18:00,17693,Transcribed,180s,1SPM,SWTH,Swainson's Thrush,CATHARUS USTULATUS,1,126594,1,Song,153.24,0.61,-49.75,f,,Michelle Knaggs,11,,
PC,10,WLNP-5-5,860,,-113.784305,49.058810,,,85255,2018-06-19 05:18:00,17693,Transcribed,180s,1SPM,YRWA,Yellow-rumped Warbler,SETOPHAGA CORONATA,1,126586,1,Song,120.10,1.48,-37.28,f,,Michelle Knaggs,11,,
PC,10,WLNP-5-5,860,,-113.784305,49.058810,,,85255,2018-06-19 05:18:00,17693,Transcribed,180s,1SPM,YRWA,Yellow-rumped Warbler,SETOPHAGA CORONATA,1,126577,1,Song,28.81,1.43,-41.93,f,,Michelle Knaggs,11,,
PC,10,WLNP-5-5,860,,-113.784305,49.058810,,,85255,2018-06-19 05:18:00,17693,Transcribed,180s,1SPM,YRWA,Yellow-rumped Warbler,SETOPHAGA CORONATA,1,126580,1,Song,62.98,1.60,-39.46,f,,Michelle Knaggs,11,,
PC,10,WLNP-5-5,860,,-113.784305,49.058810,,,85255,2018-06-19 05:18:00,17693,Transcribed,180s,1SPM,WCSP,White-crowned Sparrow,ZONOTRICHIA LEUCOPHRYS,1,126583,1,Song,65.88,1.65,-37.11,f,,Michelle Knaggs,11,,
PC,10,WLNP-5-5,860,,-113.784305,49.058810,,,85255,2018-06-19 05:18:00,17693,Transcribed,180s,1SPM,WCSP,White-crowned Sparrow,ZONOTRICHIA LEUCOPHRYS,1,126591,1,Song,121.15,1.00,-40.01,f,,Michelle Knaggs,11,,
PC,10,WLNP-5-5,860,,-113.784305,49.058810,,,85255,2018-06-19 05:18:00,17693,Transcribed,180s,1SPM,WCSP,White-crowned Sparrow,ZONOTRICHIA LEUCOPHRYS,1,126576,1,Song,22.05,0.85,-38.94,f,,Michelle Knaggs,11,,
PC,10,WLNP-5-5,860,,-113.784305,49.058810,,,85255,2018-06-19 05:18:00,17693,Transcribed,180s,1SPM,AMRO,American Robin,TURDUS MIGRATORIUS,2,126573,1,Song,2.46,1.31,-41.02,f,,Michelle Knaggs,11,,
PC,10,WLNP-5-5,860,,-113.784305,49.058810,,,85255,2018-06-19 05:18:00,17693,Transcribed,180s,1SPM,AMRO,American Robin,TURDUS MIGRATORIUS,1,126579,1,Song,60.03,3.09,-38.81,f,,Michelle Knaggs,11,,
PC,10,WLNP-5-5,860,,-113.784305,49.058810,,,85255,2018-06-19 05:18:00,17693,Transcribed,180s,1SPM,AMRO,American Robin,TURDUS MIGRATORIUS,1,126587,1,Song,120.04,3.00,-41.18,f,,Michelle Knaggs,11,,
PC,10,WLNP-5-5,860,,-113.784305,49.058810,,,85255,2018-06-19 05:18:00,17693,Transcribed,180s,1SPM,AMRO,American Robin,TURDUS MIGRATORIUS,1,126571,1,Song,0.51,0.96,-43.89,f,,Michelle Knaggs,11,,
PC,10,WLNP-5-5,860,,-113.784305,49.058810,,,85255,2018-06-19 05:18:00,17693,Transcribed,180s,1SPM,WTSP,White-throated Sparrow,ZONOTRICHIA ALBICOLLIS,1,126585,1,Song,84.41,1.73,-43.82,f,,Michelle Knaggs,11,,
PC,10,WLNP-5-5,860,,-113.784305,49.058810,,,85255,2018-06-19 05:18:00,17693,Transcribed,180s,1SPM,MGWA,MacGillivray's Warbler,GEOTHLYPIS TOLMIEI,2,126593,1,Song,126.68,1.20,-43.78,f,,Michelle Knaggs,11,,
PC,10,WLNP-5-5,860,,-113.784305,49.058810,,,85255,2018-06-19 05:18:00,17693,Transcribed,180s,1SPM,MGWA,MacGillivray's Warbler,GEOTHLYPIS TOLMIEI,2,126584,1,Song,75.09,1.53,-39.54,f,,Michelle Knaggs,11,,
PC,10,WLNP-5-5,860,,-113.784305,49.058810,,,85255,2018-06-19 05:18:00,17693,Transcribed,180s,1SPM,MGWA,MacGillivray's Warbler,GEOTHLYPIS TOLMIEI,2,126575,1,Song,10.49,1.14,-47.29,f,,Michelle Knaggs,11,,
PC,10,WLNP-5-5,860,,-113.784305,49.058810,,,85255,2018-06-19 05:18:00,17693,Transcribed,180s,1SPM,MGWA,MacGillivray's Warbler,GEOTHLYPIS TOLMIEI,1,126592,1,Song,125.30,1.31,-43.34,f,,Michelle Knaggs,11,,
PC,10,WLNP-5-5,860,,-113.784305,49.058810,,,85255,2018-06-19 05:18:00,17693,Transcribed,180s,1SPM,MGWA,MacGillivray's Warbler,GEOTHLYPIS TOLMIEI,1,126578,1,Song,60.03,0.96,-38.2,f,,Michelle Knaggs,11,,
PC,10,WLNP-5-5,860,,-113.784305,49.058810,,,85255,2018-06-19 05:18:00,17693,Transcribed,180s,1SPM,MGWA,MacGillivray's Warbler,GEOTHLYPIS TOLMIEI,1,126574,1,Song,5.01,1.66,-28.12,f,,Michelle Knaggs,11,,
PC,10,WLNP-5-5,860,,-113.784305,49.058810,,,85255,2018-06-19 05:18:00,17693,Transcribed,180s,1SPM,MORA,Moderate rain,"",1,126572,1,Song,0.71,5.78,-27.73,f,,Michelle Knaggs,11,,
PC,10,WLNP-5-5,860,,-113.784305,49.058810,,,85255,2018-06-19 05:18:00,17693,Transcribed,180s,1SPM,MORA,Moderate rain,"",1,126582,1,Song,60.05,5.01,-36.71,f,,Michelle Knaggs,11,,
PC,10,WLNP-5-5,860,,-113.784305,49.058810,,,85255,2018-06-19 05:18:00,17693,Transcribed,180s,1SPM,MORA,Moderate rain,"",1,126589,1,Song,120.06,4.38,-36.6,f,,Michelle Knaggs,11,,
PC,10,WLNP-5-5,860,,-113.784305,49.058810,,,7032,2018-06-20 05:18:00,9899,Transcribed,180s,1SPM,WETA,Western Tanager,PIRANGA LUDOVICIANA,1,42001,1,Song,64.54,3.80,-37.9,f,,Brandon Law,22,,
PC,10,WLNP-5-5,860,,-113.784305,49.058810,,,7032,2018-06-20 05:18:00,9899,Transcribed,180s,1SPM,WETA,Western Tanager,PIRANGA LUDOVICIANA,1,41986,1,Song,0.24,2.98,-50.98,f,,Brandon Law,22,,
PC,10,WLNP-5-5,860,,-113.784305,49.058810,,,7032,2018-06-20 05:18:00,9899,Transcribed,180s,1SPM,WETA,Western Tanager,PIRANGA LUDOVICIANA,1,42016,1,Song,129.60,1.08,-53.58,f,,Brandon Law,22,,
PC,10,WLNP-5-5,860,,-113.784305,49.058810,,,7032,2018-06-20 05:18:00,9899,Transcribed,180s,1SPM,WCSP,White-crowned Sparrow,ZONOTRICHIA LEUCOPHRYS,3,41997,1,Song,60.06,1.30,-34.06,f,,Brandon Law,22,,
PC,10,WLNP-5-5,860,,-113.784305,49.058810,,,7032,2018-06-20 05:18:00,9899,Transcribed,180s,1SPM,WCSP,White-crowned Sparrow,ZONOTRICHIA LEUCOPHRYS,2,41995,1,Song,31.01,2.68,-47.09,f,,Brandon Law,22,,
PC,10,WLNP-5-5,860,,-113.784305,49.058810,,,7032,2018-06-20 05:18:00,9899,Transcribed,180s,1SPM,WCSP,White-crowned Sparrow,ZONOTRICHIA LEUCOPHRYS,1,42005,1,Song,71.48,2.16,-49.67,f,,Brandon Law,22,,
PC,10,WLNP-5-5,860,,-113.784305,49.058810,,,7032,2018-06-20 05:18:00,9899,Transcribed,180s,1SPM,WCSP,White-crowned Sparrow,ZONOTRICHIA LEUCOPHRYS,1,41993,1,Song,17.30,2.10,-49.04,f,,Brandon Law,22,,
PC,10,WLNP-5-5,860,,-113.784305,49.058810,,,7032,2018-06-20 05:18:00,9899,Transcribed,180s,1SPM,HETH,Hermit Thrush,CATHARUS GUTTATUS,1,42006,1,Song,79.06,1.71,-53.13,f,,Brandon Law,22,,
PC,10,WLNP-5-5,860,,-113.784305,49.058810,,,7032,2018-06-20 05:18:00,9899,Transcribed,180s,1SPM,HETH,Hermit Thrush,CATHARUS GUTTATUS,1,42017,1,Song,142.44,1.48,-55.34,f,,Brandon Law,22,,
PC,10,WLNP-5-5,860,,-113.784305,49.058810,,,7032,2018-06-20 05:18:00,9899,Transcribed,180s,1SPM,HETH,Hermit Thrush,CATHARUS GUTTATUS,1,41994,1,Song,15.43,1.89,-56.1,f,,Brandon Law,22,,
PC,10,WLNP-5-5,860,,-113.784305,49.058810,,,7032,2018-06-20 05:18:00,9899,Transcribed,180s,1SPM,AMRO,American Robin,TURDUS MIGRATORIUS,1,42004,1,Song,68.61,2.85,-50.07,f,,Brandon Law,22,,
PC,10,WLNP-5-5,860,,-113.784305,49.058810,,,7032,2018-06-20 05:18:00,9899,Transcribed,180s,1SPM,AMRO,American Robin,TURDUS MIGRATORIUS,1,42013,1,Song,120.34,3.35,-56.65,f,,Brandon Law,22,,
PC,10,WLNP-5-5,860,,-113.784305,49.058810,,,7032,2018-06-20 05:18:00,9899,Transcribed,180s,1SPM,AMRO,American Robin,TURDUS MIGRATORIUS,1,41991,1,Song,6.56,2.81,-50.36,f,,Brandon Law,22,,
PC,10,WLNP-5-5,860,,-113.784305,49.058810,,,7032,2018-06-20 05:18:00,9899,Transcribed,180s,1SPM,CHSP,Chipping Sparrow,SPIZELLA PASSERINA,2,42011,1,Song,123.08,2.09,-52.25,f,,Brandon Law,22,,
PC,10,WLNP-5-5,860,,-113.784305,49.058810,,,7032,2018-06-20 05:18:00,9899,Transcribed,180s,1SPM,CHSP,Chipping Sparrow,SPIZELLA PASSERINA,2,42008,1,Song,61.89,2.35,-54.16,f,,Brandon Law,22,,
PC,10,WLNP-5-5,860,,-113.784305,49.058810,,,7032,2018-06-20 05:18:00,9899,Transcribed,180s,1SPM,CHSP,Chipping Sparrow,SPIZELLA PASSERINA,2,42007,1,Song,9.55,2.29,-51.22,f,,Brandon Law,22,,
PC,10,WLNP-5-5,860,,-113.784305,49.058810,,,7032,2018-06-20 05:18:00,9899,Transcribed,180s,1SPM,CHSP,Chipping Sparrow,SPIZELLA PASSERINA,1,41985,1,Song,0.59,2.29,-51.46,f,,Brandon Law,22,,
PC,10,WLNP-5-5,860,,-113.784305,49.058810,,,7032,2018-06-20 05:18:00,9899,Transcribed,180s,1SPM,CHSP,Chipping Sparrow,SPIZELLA PASSERINA,1,42010,1,Song,121.01,2.19,-56.81,f,,Brandon Law,22,,
PC,10,WLNP-5-5,860,,-113.784305,49.058810,,,7032,2018-06-20 05:18:00,9899,Transcribed,180s,1SPM,CHSP,Chipping Sparrow,SPIZELLA PASSERINA,1,41998,1,Song,60.94,2.16,-51.37,f,,Brandon Law,22,,
PC,10,WLNP-5-5,860,,-113.784305,49.058810,,,7032,2018-06-20 05:18:00,9899,Transcribed,180s,1SPM,PUFI,Purple Finch,HAEMORHOUS PURPUREUS,1,42020,1,Song,151.38,2.15,-52.76,f,,Brandon Law,22,,
PC,10,WLNP-5-5,860,,-113.784305,49.058810,,,7032,2018-06-20 05:18:00,9899,Transcribed,180s,1SPM,MGWA,MacGillivray's Warbler,GEOTHLYPIS TOLMIEI,2,41990,1,Song,7.55,1.99,-50.48,f,,Brandon Law,22,,
PC,10,WLNP-5-5,860,,-113.784305,49.058810,,,7032,2018-06-20 05:18:00,9899,Transcribed,180s,1SPM,MGWA,MacGillivray's Warbler,GEOTHLYPIS TOLMIEI,1,42003,1,Song,62.86,2.13,-54.13,f,,Brandon Law,22,,
PC,10,WLNP-5-5,860,,-113.784305,49.058810,,,7032,2018-06-20 05:18:00,9899,Transcribed,180s,1SPM,MGWA,MacGillivray's Warbler,GEOTHLYPIS TOLMIEI,1,42021,1,Song,164.90,1.58,-58.08,f,,Brandon Law,22,,
PC,10,WLNP-5-5,860,,-113.784305,49.058810,,,7032,2018-06-20 05:18:00,9899,Transcribed,180s,1SPM,MGWA,MacGillivray's Warbler,GEOTHLYPIS TOLMIEI,1,41988,1,Song,3.61,1.85,-52.66,f,,Brandon Law,22,,
PC,10,WLNP-5-5,860,,-113.784305,49.058810,,,7032,2018-06-20 05:18:00,9899,Transcribed,180s,1SPM,RCKI,Ruby-crowned Kinglet,CORTHYLIO CALENDULA,1,42015,1,Song,126.68,1.70,-66.03,f,,Brandon Law,22,,
PC,10,WLNP-5-5,860,,-113.784305,49.058810,,,7032,2018-06-20 05:18:00,9899,Transcribed,180s,1SPM,RCKI,Ruby-crowned Kinglet,CORTHYLIO CALENDULA,1,41989,1,Song,3.34,2.39,-52.66,f,,Brandon Law,22,,
PC,10,WLNP-5-5,860,,-113.784305,49.058810,,,7032,2018-06-20 05:18:00,9899,Transcribed,180s,1SPM,RCKI,Ruby-crowned Kinglet,CORTHYLIO CALENDULA,1,42002,1,Song,64.58,1.50,-71.44,f,,Brandon Law,22,,
PC,10,WLNP-5-5,860,,-113.784305,49.058810,,,7032,2018-06-20 05:18:00,9899,Transcribed,180s,1SPM,VATH,Varied Thrush,IXOREUS NAEVIUS,2,42018,1,Song,147.29,1.63,-55.82,f,,Brandon Law,22,,
PC,10,WLNP-5-5,860,,-113.784305,49.058810,,,7032,2018-06-20 05:18:00,9899,Transcribed,180s,1SPM,VATH,Varied Thrush,IXOREUS NAEVIUS,1,42000,1,Song,67.84,1.50,-52.15,f,,Brandon Law,22,,
PC,10,WLNP-5-5,860,,-113.784305,49.058810,,,7032,2018-06-20 05:18:00,9899,Transcribed,180s,1SPM,VATH,Varied Thrush,IXOREUS NAEVIUS,1,42014,1,Song,123.81,1.44,-52.02,f,,Brandon Law,22,,
PC,10,WLNP-5-5,860,,-113.784305,49.058810,,,7032,2018-06-20 05:18:00,9899,Transcribed,180s,1SPM,VATH,Varied Thrush,IXOREUS NAEVIUS,1,41987,1,Song,3.26,1.35,-52.39,f,,Brandon Law,22,,
PC,10,WLNP-5-5,860,,-113.784305,49.058810,,,7032,2018-06-20 05:18:00,9899,Transcribed,180s,1SPM,YRWA,Yellow-rumped Warbler,SETOPHAGA CORONATA,1,42012,1,Song,120.49,1.98,-55.52,f,,Brandon Law,22,,
PC,10,WLNP-5-5,860,,-113.784305,49.058810,,,7032,2018-06-20 05:18:00,9899,Transcribed,180s,1SPM,YRWA,Yellow-rumped Warbler,SETOPHAGA CORONATA,1,42009,1,Song,83.21,1.64,-49.55,f,,Brandon Law,22,,
PC,10,WLNP-5-5,860,,-113.784305,49.058810,,,7032,2018-06-20 05:18:00,9899,Transcribed,180s,1SPM,YRWA,Yellow-rumped Warbler,SETOPHAGA CORONATA,1,41992,1,Song,10.64,1.19,-51.87,f,,Brandon Law,22,,
PC,10,WLNP-5-5,860,,-113.784305,49.058810,,,7032,2018-06-20 05:18:00,9899,Transcribed,180s,1SPM,WCSP,White-crowned Sparrow,ZONOTRICHIA LEUCOPHRYS,3,42019,1,Song,148.68,2.58,-42.1,f,,Brandon Law,22,,
PC,10,WLNP-5-5,860,,-113.784305,49.058810,,,7032,2018-06-20 05:18:00,9899,Transcribed,180s,1SPM,WCSP,White-crowned Sparrow,ZONOTRICHIA LEUCOPHRYS,3,41996,1,Song,43.65,2.55,-24.83,f,,Brandon Law,22,,
PC,10,WLNP-5-5,860,,-113.784305,49.058810,,,7045,2018-06-22 05:18:00,9912,Transcribed,180s,1SPM,DEJU,Dark-eyed Junco,JUNCO HYEMALIS,1,41414,1,Song,1.56,1.95,-40.41,f,,Brandon Law,22,,
PC,10,WLNP-5-5,860,,-113.784305,49.058810,,,7045,2018-06-22 05:18:00,9912,Transcribed,180s,1SPM,DEJU,Dark-eyed Junco,JUNCO HYEMALIS,1,41422,1,Song,62.79,1.93,-26.36,f,,Brandon Law,22,,
PC,10,WLNP-5-5,860,,-113.784305,49.058810,,,7045,2018-06-22 05:18:00,9912,Transcribed,180s,1SPM,SWTH,Swainson's Thrush,CATHARUS USTULATUS,2,41424,1,Song,76.65,1.39,-49.86,f,,Brandon Law,22,,
PC,10,WLNP-5-5,860,,-113.784305,49.058810,,,7045,2018-06-22 05:18:00,9912,Transcribed,180s,1SPM,SWTH,Swainson's Thrush,CATHARUS USTULATUS,1,41432,1,Song,123.49,1.76,-49.61,f,,Brandon Law,22,,
PC,10,WLNP-5-5,860,,-113.784305,49.058810,,,7045,2018-06-22 05:18:00,9912,Transcribed,180s,1SPM,SWTH,Swainson's Thrush,CATHARUS USTULATUS,1,41423,1,Song,65.89,0.94,-50.86,f,,Brandon Law,22,,
PC,10,WLNP-5-5,860,,-113.784305,49.058810,,,7045,2018-06-22 05:18:00,9912,Transcribed,180s,1SPM,RCKI,Ruby-crowned Kinglet,CORTHYLIO CALENDULA,1,41440,1,Song,157.56,1.45,-64.39,f,,Brandon Law,22,,
PC,10,WLNP-5-5,860,,-113.784305,49.058810,,,7045,2018-06-22 05:18:00,9912,Transcribed,180s,1SPM,YRWA,Yellow-rumped Warbler,SETOPHAGA CORONATA,1,41437,1,Song,91.39,1.53,-58.21,f,,Brandon Law,22,,
PC,10,WLNP-5-5,860,,-113.784305,49.058810,,,7045,2018-06-22 05:18:00,9912,Transcribed,180s,1SPM,YRWA,Yellow-rumped Warbler,SETOPHAGA CORONATA,1,41436,1,Song,123.36,1.81,-51.33,f,,Brandon Law,22,,
PC,10,WLNP-5-5,860,,-113.784305,49.058810,,,7045,2018-06-22 05:18:00,9912,Transcribed,180s,1SPM,WCSP,White-crowned Sparrow,ZONOTRICHIA LEUCOPHRYS,1,41439,1,Song,154.51,1.60,-52.17,f,,Brandon Law,22,,
PC,10,WLNP-5-5,860,,-113.784305,49.058810,,,7045,2018-06-22 05:18:00,9912,Transcribed,180s,1SPM,WCSP,White-crowned Sparrow,ZONOTRICHIA LEUCOPHRYS,1,41425,1,Song,60.13,1.84,-24.29,f,,Brandon Law,22,,
PC,10,WLNP-5-5,860,,-113.784305,49.058810,,,7045,2018-06-22 05:18:00,9912,Transcribed,180s,1SPM,WCSP,White-crowned Sparrow,ZONOTRICHIA LEUCOPHRYS,1,41415,1,Song,5.93,1.98,-43.84,f,,Brandon Law,22,,
PC,10,WLNP-5-5,860,,-113.784305,49.058810,,,7045,2018-06-22 05:18:00,9912,Transcribed,180s,1SPM,AMRO,American Robin,TURDUS MIGRATORIUS,1,41433,1,Song,120.21,2.45,-62.78,f,,Brandon Law,22,,
PC,10,WLNP-5-5,860,,-113.784305,49.058810,,,7045,2018-06-22 05:18:00,9912,Transcribed,180s,1SPM,AMRO,American Robin,TURDUS MIGRATORIUS,1,41426,1,Song,75.89,2.98,-50.8,f,,Brandon Law,22,,
PC,10,WLNP-5-5,860,,-113.784305,49.058810,,,7045,2018-06-22 05:18:00,9912,Transcribed,180s,1SPM,SWTH,Swainson's Thrush,CATHARUS USTULATUS,2,41438,1,Song,137.04,0.98,-57.94,f,,Brandon Law,22,,
PC,10,WLNP-5-5,860,,-113.784305,49.058810,,,7045,2018-06-22 05:18:00,9912,Transcribed,180s,1SPM,AMRO,American Robin,TURDUS MIGRATORIUS,1,41417,1,Song,3.50,1.31,-58.21,f,,Brandon Law,22,,
PC,10,WLNP-5-5,860,,-113.784305,49.058810,,,7045,2018-06-22 05:18:00,9912,Transcribed,180s,1SPM,DEJU,Dark-eyed Junco,JUNCO HYEMALIS,1,41431,1,Song,120.09,1.05,-62.09,f,,Brandon Law,22,,
PC,10,WLNP-5-5,860,,-113.784305,49.058810,,,7045,2018-06-22 05:18:00,9912,Transcribed,180s,1SPM,MOWI,Moderate wind,"",1,41419,1,Song,60.20,2.79,-24.19,f,,Brandon Law,22,,
PC,10,WLNP-5-5,860,,-113.784305,49.058810,,,7045,2018-06-22 05:18:00,9912,Transcribed,180s,1SPM,MOWI,Moderate wind,"",1,116978,1,Song,0.06,3.93,-26.13,f,,Brandon Law,22,,
PC,10,WLNP-5-5,860,,-113.784305,49.058810,,,7045,2018-06-22 05:18:00,9912,Transcribed,180s,1SPM,LIWI,Light wind,"",1,41429,1,Song,75.53,3.66,-38.92,f,,Brandon Law,22,,
PC,10,WLNP-5-5,860,,-113.784305,49.058810,,,7045,2018-06-22 05:18:00,9912,Transcribed,180s,1SPM,LIWI,Light wind,"",1,41434,1,Song,120.45,2.90,-48.15,f,,Brandon Law,22,,
PC,10,WLNP-5-5,860,,-113.784305,49.058810,,,7045,2018-06-22 05:18:00,9912,Transcribed,180s,1SPM,YEWA,Yellow Warbler,SETOPHAGA PETECHIA,1,41441,1,Song,164.78,1.70,-52.92,f,,Brandon Law,22,,
PC,10,WLNP-5-5,860,,-113.784305,49.058810,,,7045,2018-06-22 05:18:00,9912,Transcribed,180s,1SPM,WETA,Western Tanager,PIRANGA LUDOVICIANA,1,41418,1,Song,61.31,2.75,-24.15,f,,Brandon Law,22,,
PC,10,WLNP-5-5,860,,-113.784305,49.058810,,,7045,2018-06-22 05:18:00,9912,Transcribed,180s,1SPM,WETA,Western Tanager,PIRANGA LUDOVICIANA,1,41412,1,Song,0.14,3.29,-30.22,f,,Brandon Law,22,,
PC,10,WLNP-5-5,860,,-113.784305,49.058810,,,7045,2018-06-22 05:18:00,9912,Transcribed,180s,1SPM,WETA,Western Tanager,PIRANGA LUDOVICIANA,1,41435,1,Song,123.98,2.64,-49.6,f,,Brandon Law,22,,
PC,10,WLNP-5-5,860,,-113.784305,49.058810,,,7045,2018-06-22 05:18:00,9912,Transcribed,180s,1SPM,UNPA,Unidentified Passerine,"",1,41430,1,Song,110.63,1.51,-58.27,f,,Brandon Law,22,,
PC,10,WLNP-6-1,861,,-114.021207,49.011654,,,7002,2018-06-27 05:20:00,10005,Transcribed,180s,1SPM,TOSO,Townsend's Solitaire,MYADESTES TOWNSENDI,1,46110,1,Song,122.63,16.19,-31.23,f,,Tyne Baker,23,Syllable structure and some song lengths best match TOSO. BHGR has fewer entrophic syllables more whistled/tonal syllables.,
PC,10,WLNP-6-1,861,,-114.021207,49.011654,,,7002,2018-06-27 05:20:00,10005,Transcribed,180s,1SPM,HEWI,Heavy wind,"",1,46109,1,Song,102.46,1.83,-10.95,f,,Tyne Baker,23,gusting heavier,
PC,10,WLNP-6-1,861,,-114.021207,49.011654,,,7002,2018-06-27 05:20:00,10005,Transcribed,180s,1SPM,UNPA,Unidentified Passerine,"",1,46099,1,Call,4.94,1.04,-67.98,f,,Tyne Baker,23,possible call or partial song from a warbler YEWA or similar,
PC,10,WLNP-6-1,861,,-114.021207,49.011654,,,7002,2018-06-27 05:20:00,10005,Transcribed,180s,1SPM,UNTR,Unidentified Trill,"",1,46101,1,Song,47.36,1.25,-69.96,f,,Tyne Baker,23,Suspect PAWA or DEJU confidence:Unknown far,
PC,10,WLNP-6-1,861,,-114.021207,49.011654,,,7002,2018-06-27 05:20:00,10005,Transcribed,180s,1SPM,UNTR,Unidentified Trill,"",1,46102,1,Song,60.43,1.70,-66.02,f,,Tyne Baker,23,Suspect PAWA or DEJU confidence:Unknown far,
PC,10,WLNP-6-1,861,,-114.021207,49.011654,,,7002,2018-06-27 05:20:00,10005,Transcribed,180s,1SPM,TOSO,Townsend's Solitaire,MYADESTES TOWNSENDI,1,46103,1,Song,74.00,5.34,-41.51,f,,Tyne Baker,23,Syllable structure and some song lengths best match TOSO. BHGR has fewer entrophic syllables more whistled/tonal syllables.,
PC,10,WLNP-6-1,861,,-114.021207,49.011654,,,7002,2018-06-27 05:20:00,10005,Transcribed,180s,1SPM,TOSO,Townsend's Solitaire,MYADESTES TOWNSENDI,1,46100,1,Song,31.29,10.36,-52.57,f,,Tyne Baker,23,Syllable structure and some song lengths best match TOSO. BHGR has fewer entrophic syllables more whistled/tonal syllables.,
PC,10,WLNP-6-1,861,,-114.021207,49.011654,,,85256,2018-06-29 05:21:00,17694,Transcribed,180s,1SPM,OSFL,Olive-sided Flycatcher,CONTOPUS COOPERI,1,126666,1,Song,121.98,0.84,-68.77,f,,Michelle Knaggs,11,,""
PC,10,WLNP-6-1,861,,-114.021207,49.011654,,,85256,2018-06-29 05:21:00,17694,Transcribed,180s,1SPM,WAVI,Warbling Vireo,VIREO GILVUS,1,126660,1,Song,65.48,2.13,-51.36,f,,Michelle Knaggs,11,,""
PC,10,WLNP-6-1,861,,-114.021207,49.011654,,,85256,2018-06-29 05:21:00,17694,Transcribed,180s,1SPM,MOBL,Mountain Bluebird,SIALIA CURRUCOIDES,1,126669,1,Song,143.74,1.09,-59.81,f,,Michelle Knaggs,11,,""
PC,10,WLNP-6-1,861,,-114.021207,49.011654,,,85256,2018-06-29 05:21:00,17694,Transcribed,180s,1SPM,UNTR,Unidentified Trill,"",1,126670,1,Song,150.28,1.55,-69.03,f,,Michelle Knaggs,11,,""
PC,10,WLNP-6-1,861,,-114.021207,49.011654,,,85256,2018-06-29 05:21:00,17694,Transcribed,180s,1SPM,UNTR,Unidentified Trill,"",1,126662,1,Song,70.89,1.49,-68.14,f,,Michelle Knaggs,11,,""
PC,10,WLNP-6-1,861,,-114.021207,49.011654,,,85256,2018-06-29 05:21:00,17694,Transcribed,180s,1SPM,UNTR,Unidentified Trill,"",1,126615,1,Song,7.89,1.61,-67.78,f,,Michelle Knaggs,11,,""
PC,10,WLNP-6-1,861,,-114.021207,49.011654,,,85256,2018-06-29 05:21:00,17694,Transcribed,180s,1SPM,OSFL,Olive-sided Flycatcher,CONTOPUS COOPERI,2,126672,1,Song,114.11,0.91,-66.34,f,,Michelle Knaggs,11,,""
PC,10,WLNP-6-1,861,,-114.021207,49.011654,,,85256,2018-06-29 05:21:00,17694,Transcribed,180s,1SPM,OSFL,Olive-sided Flycatcher,CONTOPUS COOPERI,1,126664,1,Song,98.96,1.15,-65,f,,Michelle Knaggs,11,,""
PC,10,WLNP-6-1,861,,-114.021207,49.011654,,,85256,2018-06-29 05:21:00,17694,Transcribed,180s,1SPM,WIWA,Wilson's Warbler,CARDELLINA PUSILLA,1,126665,1,Song,124.43,0.88,-63.81,f,,Michelle Knaggs,11,,""
PC,10,WLNP-6-1,861,,-114.021207,49.011654,,,85256,2018-06-29 05:21:00,17694,Transcribed,180s,1SPM,LIWI,Light wind,"",1,126675,1,Song,120.04,5.25,-26.24,f,,Michelle Knaggs,11,,""
PC,10,WLNP-6-1,861,,-114.021207,49.011654,,,85256,2018-06-29 05:21:00,17694,Transcribed,180s,1SPM,LIWI,Light wind,"",1,126674,1,Song,60.06,5.28,-36.24,f,,Michelle Knaggs,11,,""
PC,10,WLNP-6-1,861,,-114.021207,49.011654,,,85256,2018-06-29 05:21:00,17694,Transcribed,180s,1SPM,LIWI,Light wind,"",1,126673,1,Song,0.06,5.26,-54.43,f,,Michelle Knaggs,11,,""
PC,10,WLNP-6-1,861,,-114.021207,49.011654,,,85256,2018-06-29 05:21:00,17694,Transcribed,180s,1SPM,WAVI,Warbling Vireo,VIREO GILVUS,2,126671,1,Song,161.00,2.40,-61.63,f,,Michelle Knaggs,11,,""
PC,10,WLNP-6-1,861,,-114.021207,49.011654,,,85256,2018-06-29 05:21:00,17694,Transcribed,180s,1SPM,WAVI,Warbling Vireo,VIREO GILVUS,2,126659,1,Song,62.83,2.55,-55.6,f,,Michelle Knaggs,11,,""
PC,10,WLNP-6-1,861,,-114.021207,49.011654,,,85256,2018-06-29 05:21:00,17694,Transcribed,180s,1SPM,DEJU,Dark-eyed Junco,JUNCO HYEMALIS,1,126663,1,Song,86.00,1.23,-67.84,f,,Michelle Knaggs,11,,""
PC,10,WLNP-6-1,861,,-114.021207,49.011654,,,85256,2018-06-29 05:21:00,17694,Transcribed,180s,1SPM,DEJU,Dark-eyed Junco,JUNCO HYEMALIS,1,126667,1,Song,122.65,1.94,-69.21,f,,Michelle Knaggs,11,,""
PC,10,WLNP-6-1,861,,-114.021207,49.011654,,,85256,2018-06-29 05:21:00,17694,Transcribed,180s,1SPM,WCSP,White-crowned Sparrow,ZONOTRICHIA LEUCOPHRYS,1,126607,1,Song,0.08,1.45,-65.67,f,,Michelle Knaggs,11,,""
PC,10,WLNP-6-1,861,,-114.021207,49.011654,,,85256,2018-06-29 05:21:00,17694,Transcribed,180s,1SPM,WCSP,White-crowned Sparrow,ZONOTRICHIA LEUCOPHRYS,1,126661,1,Song,61.76,1.01,-65.27,f,,Michelle Knaggs,11,,""
PC,10,WLNP-6-1,861,,-114.021207,49.011654,,,85256,2018-06-29 05:21:00,17694,Transcribed,180s,1SPM,WAVI,Warbling Vireo,VIREO GILVUS,2,126658,1,Song,53.60,2.65,-62.3,f,,Michelle Knaggs,11,,""
PC,10,WLNP-6-1,861,,-114.021207,49.011654,,,85256,2018-06-29 05:21:00,17694,Transcribed,180s,1SPM,WAVI,Warbling Vireo,VIREO GILVUS,1,126609,1,Song,4.41,2.58,-51.9,f,,Michelle Knaggs,11,,""
PC,10,WLNP-6-1,861,,-114.021207,49.011654,,,85256,2018-06-29 05:21:00,17694,Transcribed,180s,1SPM,WAVI,Warbling Vireo,VIREO GILVUS,1,126668,1,Song,130.80,3.10,-59.66,f,,Michelle Knaggs,11,,""
PC,10,WLNP-6-1,861,,-114.021207,49.011654,,,7061,2018-07-01 04:53:00,9928,Bad Weather,180s,1SPM,NONE,NONE,"",,,,,,,,,,Christopher Wagner,39,,
PC,10,WLNP-6-1,861,,-114.021207,49.011654,,,7079,2018-07-03 05:24:00,9946,Transcribed,180s,1SPM,FOSP,Fox Sparrow,PASSERELLA ILIACA,1,42734,1,Song,96.16,2.69,-61.94,f,,Connor Charchuk,41,,
PC,10,WLNP-6-1,861,,-114.021207,49.011654,,,7079,2018-07-03 05:24:00,9946,Transcribed,180s,1SPM,DEJU,Dark-eyed Junco,JUNCO HYEMALIS,1,42721,1,Song,1.15,1.91,-46.07,f,,Connor Charchuk,41,,
PC,10,WLNP-6-1,861,,-114.021207,49.011654,,,7079,2018-07-03 05:24:00,9946,Transcribed,180s,1SPM,WCSP,White-crowned Sparrow,ZONOTRICHIA LEUCOPHRYS,1,42726,1,Song,38.78,2.68,-47.63,f,,Connor Charchuk,41,,
PC,10,WLNP-6-1,861,,-114.021207,49.011654,,,7079,2018-07-03 05:24:00,9946,Transcribed,180s,1SPM,WCSP,White-crowned Sparrow,ZONOTRICHIA LEUCOPHRYS,1,42730,1,Song,67.09,2.36,-43.34,f,,Connor Charchuk,41,,
PC,10,WLNP-6-1,861,,-114.021207,49.011654,,,7079,2018-07-03 05:24:00,9946,Transcribed,180s,1SPM,FOSP,Fox Sparrow,PASSERELLA ILIACA,1,42735,1,Song,125.19,3.00,-59.32,f,,Connor Charchuk,41,,
PC,10,WLNP-6-1,861,,-114.021207,49.011654,,,7079,2018-07-03 05:24:00,9946,Transcribed,180s,1SPM,OSFL,Olive-sided Flycatcher,CONTOPUS COOPERI,1,42736,1,Song,123.74,1.06,-64.86,f,,Connor Charchuk,41,,
PC,10,WLNP-6-1,861,,-114.021207,49.011654,,,7079,2018-07-03 05:24:00,9946,Transcribed,180s,1SPM,OSFL,Olive-sided Flycatcher,CONTOPUS COOPERI,1,42732,1,Song,77.06,0.95,-54.18,f,,Connor Charchuk,41,,
PC,10,WLNP-6-1,861,,-114.021207,49.011654,,,7079,2018-07-03 05:24:00,9946,Transcribed,180s,1SPM,SWTH,Swainson's Thrush,CATHARUS USTULATUS,1,42733,1,Song,85.78,1.70,-54.6,f,,Connor Charchuk,41,,
PC,10,WLNP-6-1,861,,-114.021207,49.011654,,,7079,2018-07-03 05:24:00,9946,Transcribed,180s,1SPM,UNWA,Unidentified Warbler,"",1,42731,1,Song,70.76,1.75,-66.3,f,,Connor Charchuk,41,,
PC,10,WLNP-6-1,861,,-114.021207,49.011654,,,7079,2018-07-03 05:24:00,9946,Transcribed,180s,1SPM,UNPA,Unidentified Passerine,"",1,42723,1,Song,11.78,3.06,-52.62,f,,Connor Charchuk,41,,
PC,10,WLNP-6-1,861,,-114.021207,49.011654,,,7079,2018-07-03 05:24:00,9946,Transcribed,180s,1SPM,UNTR,Unidentified Trill,"",1,42739,1,Song,137.84,1.76,-69.96,f,,Connor Charchuk,41,probably another junco confidence:Unknown far,
PC,10,WLNP-6-1,861,,-114.021207,49.011654,,,7079,2018-07-03 05:24:00,9946,Transcribed,180s,1SPM,UNTR,Unidentified Trill,"",1,42724,1,Song,19.89,1.43,-51.26,f,,Connor Charchuk,41,probably another junco confidence:Unknown far,
PC,10,WLNP-6-1,861,,-114.021207,49.011654,,,7079,2018-07-03 05:24:00,9946,Transcribed,180s,1SPM,UNTR,Unidentified Trill,"",1,42729,1,Song,65.71,1.45,-45.41,f,,Connor Charchuk,41,probably another junco confidence:Unknown far,
PC,10,WLNP-6-1,861,,-114.021207,49.011654,,,7079,2018-07-03 05:24:00,9946,Transcribed,180s,1SPM,MOBL,Mountain Bluebird,SIALIA CURRUCOIDES,1,42722,1,Song,6.25,2.73,-61.85,f,,Connor Charchuk,41,,
PC,10,WLNP-6-1,861,,-114.021207,49.011654,,,7079,2018-07-03 05:24:00,9946,Transcribed,180s,1SPM,MOBL,Mountain Bluebird,SIALIA CURRUCOIDES,1,42737,1,Song,123.99,2.91,-59.51,f,,Connor Charchuk,41,,
PC,10,WLNP-6-1,861,,-114.021207,49.011654,,,7079,2018-07-03 05:24:00,9946,Transcribed,180s,1SPM,MOBL,Mountain Bluebird,SIALIA CURRUCOIDES,1,42728,1,Song,60.30,1.31,-60.7,f,,Connor Charchuk,41,,
PC,10,WLNP-6-1,861,,-114.021207,49.011654,,,7079,2018-07-03 05:24:00,9946,Transcribed,180s,1SPM,DEJU,Dark-eyed Junco,JUNCO HYEMALIS,1,42727,1,Song,60.46,1.83,-41.86,f,,Connor Charchuk,41,,
PC,10,WLNP-6-1,861,,-114.021207,49.011654,,,7079,2018-07-03 05:24:00,9946,Transcribed,180s,1SPM,FOSP,Fox Sparrow,PASSERELLA ILIACA,1,42725,1,Song,23.91,1.96,-46.2,f,,Connor Charchuk,41,,
PC,10,WLNP-6-1,861,,-114.021207,49.011654,,,7079,2018-07-03 05:24:00,9946,Transcribed,180s,1SPM,DEJU,Dark-eyed Junco,JUNCO HYEMALIS,1,42738,1,Song,139.50,1.16,-64.08,f,,Connor Charchuk,41,,
PC,10,WLNP-6-1,861,,-114.021207,49.011654,,,7033,2018-07-04 05:25:00,9900,Transcribed,180s,1SPM,LIBA,Light Background Noise,"",1,42046,1,Song,120.34,1.91,-27.02,f,,Brandon Law,22,,
PC,10,WLNP-6-1,861,,-114.021207,49.011654,,,7033,2018-07-04 05:25:00,9900,Transcribed,180s,1SPM,LIBA,Light Background Noise,"",1,42026,1,Song,0.15,2.21,-20.71,f,,Brandon Law,22,,
PC,10,WLNP-6-1,861,,-114.021207,49.011654,,,7033,2018-07-04 05:25:00,9900,Transcribed,180s,1SPM,LIBA,Light Background Noise,"",1,42034,1,Song,60.08,1.91,-19.82,f,,Brandon Law,22,,
PC,10,WLNP-6-1,861,,-114.021207,49.011654,,,7033,2018-07-04 05:25:00,9900,Transcribed,180s,1SPM,OSFL,Olive-sided Flycatcher,CONTOPUS COOPERI,1,42023,1,Song,0.03,0.95,-56.6,f,,Brandon Law,22,,
PC,10,WLNP-6-1,861,,-114.021207,49.011654,,,7033,2018-07-04 05:25:00,9900,Transcribed,180s,1SPM,OSFL,Olive-sided Flycatcher,CONTOPUS COOPERI,1,42032,1,Song,61.25,0.80,-64.91,f,,Brandon Law,22,,
PC,10,WLNP-6-1,861,,-114.021207,49.011654,,,7033,2018-07-04 05:25:00,9900,Transcribed,180s,1SPM,OSFL,Olive-sided Flycatcher,CONTOPUS COOPERI,1,42043,1,Song,120.41,1.06,-58.75,f,,Brandon Law,22,,
PC,10,WLNP-6-1,861,,-114.021207,49.011654,,,7033,2018-07-04 05:25:00,9900,Transcribed,180s,1SPM,OSFL,Olive-sided Flycatcher,CONTOPUS COOPERI,2,42033,1,Song,63.41,1.13,-64.19,f,,Brandon Law,22,,
PC,10,WLNP-6-1,861,,-114.021207,49.011654,,,7033,2018-07-04 05:25:00,9900,Transcribed,180s,1SPM,OSFL,Olive-sided Flycatcher,CONTOPUS COOPERI,2,42044,1,Song,120.75,1.06,-58.57,f,,Brandon Law,22,,
PC,10,WLNP-6-1,861,,-114.021207,49.011654,,,7033,2018-07-04 05:25:00,9900,Transcribed,180s,1SPM,OSFL,Olive-sided Flycatcher,CONTOPUS COOPERI,2,42027,1,Song,6.50,1.04,-59.46,f,,Brandon Law,22,,
PC,10,WLNP-6-1,861,,-114.021207,49.011654,,,7033,2018-07-04 05:25:00,9900,Transcribed,180s,1SPM,OSFL,Olive-sided Flycatcher,CONTOPUS COOPERI,3,42038,1,Song,83.48,1.14,-65.39,f,,Brandon Law,22,,
PC,10,WLNP-6-1,861,,-114.021207,49.011654,,,7033,2018-07-04 05:25:00,9900,Transcribed,180s,1SPM,CHSP,Chipping Sparrow,SPIZELLA PASSERINA,1,42031,1,Song,62.35,1.79,-65.53,f,,Brandon Law,22,,
PC,10,WLNP-6-1,861,,-114.021207,49.011654,,,7033,2018-07-04 05:25:00,9900,Transcribed,180s,1SPM,CHSP,Chipping Sparrow,SPIZELLA PASSERINA,1,42022,1,Song,2.91,2.21,-63.03,f,,Brandon Law,22,,
PC,10,WLNP-6-1,861,,-114.021207,49.011654,,,7033,2018-07-04 05:25:00,9900,Transcribed,180s,1SPM,CHSP,Chipping Sparrow,SPIZELLA PASSERINA,1,42042,1,Song,122.95,2.26,-65.44,f,,Brandon Law,22,,
PC,10,WLNP-6-1,861,,-114.021207,49.011654,,,7033,2018-07-04 05:25:00,9900,Transcribed,180s,1SPM,CHSP,Chipping Sparrow,SPIZELLA PASSERINA,2,42028,1,Song,17.49,1.83,-54.79,f,,Brandon Law,22,,
PC,10,WLNP-6-1,861,,-114.021207,49.011654,,,7033,2018-07-04 05:25:00,9900,Transcribed,180s,1SPM,CHSP,Chipping Sparrow,SPIZELLA PASSERINA,2,42036,1,Song,70.25,2.10,-67.94,f,,Brandon Law,22,,
PC,10,WLNP-6-1,861,,-114.021207,49.011654,,,7033,2018-07-04 05:25:00,9900,Transcribed,180s,1SPM,TOSO,Townsend's Solitaire,MYADESTES TOWNSENDI,1,42024,1,Song,0.04,1.66,-55.73,f,,Brandon Law,22,,
PC,10,WLNP-6-1,861,,-114.021207,49.011654,,,7033,2018-07-04 05:25:00,9900,Transcribed,180s,1SPM,MOBL,Mountain Bluebird,SIALIA CURRUCOIDES,1,42030,1,Call,31.19,1.25,-62.3,f,,Brandon Law,22,,
PC,10,WLNP-6-1,861,,-114.021207,49.011654,,,7033,2018-07-04 05:25:00,9900,Transcribed,180s,1SPM,MOBL,Mountain Bluebird,SIALIA CURRUCOIDES,1,42045,1,Call,120.64,2.03,-65.32,f,,Brandon Law,22,,
PC,10,WLNP-6-1,861,,-114.021207,49.011654,,,7033,2018-07-04 05:25:00,9900,Transcribed,180s,1SPM,MOBL,Mountain Bluebird,SIALIA CURRUCOIDES,1,42035,1,Call,64.05,3.15,-58.62,f,,Brandon Law,22,,
PC,10,WLNP-6-1,861,,-114.021207,49.011654,,,7033,2018-07-04 05:25:00,9900,Transcribed,180s,1SPM,HETH,Hermit Thrush,CATHARUS GUTTATUS,1,42048,1,Song,128.94,1.11,-63.65,f,,Brandon Law,22,,
PC,10,WLNP-6-1,861,,-114.021207,49.011654,,,7033,2018-07-04 05:25:00,9900,Transcribed,180s,1SPM,HETH,Hermit Thrush,CATHARUS GUTTATUS,1,42025,1,Song,0.79,1.29,-56.4,f,,Brandon Law,22,,
PC,10,WLNP-6-1,861,,-114.021207,49.011654,,,7033,2018-07-04 05:25:00,9900,Transcribed,180s,1SPM,HETH,Hermit Thrush,CATHARUS GUTTATUS,1,42037,1,Song,78.45,1.31,-65.3,f,,Brandon Law,22,,
PC,10,WLNP-6-1,861,,-114.021207,49.011654,,,7033,2018-07-04 05:25:00,9900,Transcribed,180s,1SPM,HETH,Hermit Thrush,CATHARUS GUTTATUS,2,42049,1,Song,141.90,1.63,-62.18,f,,Brandon Law,22,,
PC,10,WLNP-6-1,861,,-114.021207,49.011654,,,7033,2018-07-04 05:25:00,9900,Transcribed,180s,1SPM,WCSP,White-crowned Sparrow,ZONOTRICHIA LEUCOPHRYS,1,42029,1,Song,21.85,2.41,-56,f,,Brandon Law,22,,
PC,10,WLNP-6-1,861,,-114.021207,49.011654,,,7033,2018-07-04 05:25:00,9900,Transcribed,180s,1SPM,WCSP,White-crowned Sparrow,ZONOTRICHIA LEUCOPHRYS,1,42039,1,Song,92.45,2.79,-65,f,,Brandon Law,22,,
PC,10,WLNP-6-1,861,,-114.021207,49.011654,,,7033,2018-07-04 05:25:00,9900,Transcribed,180s,1SPM,YRWA,Yellow-rumped Warbler,SETOPHAGA CORONATA,1,42041,1,Song,121.59,1.64,-65.03,f,,Brandon Law,22,,
PC,10,WLNP-6-1,861,,-114.021207,49.011654,,,7033,2018-07-04 05:25:00,9900,Transcribed,180s,1SPM,YRWA,Yellow-rumped Warbler,SETOPHAGA CORONATA,1,42040,1,Song,111.28,1.64,-66.17,f,,Brandon Law,22,,
PC,10,WLNP-6-1,861,,-114.021207,49.011654,,,7033,2018-07-04 05:25:00,9900,Transcribed,180s,1SPM,YRWA,Yellow-rumped Warbler,SETOPHAGA CORONATA,2,42047,1,Song,123.23,1.24,-65.46,f,,Brandon Law,22,,
PC,10,WLNP-6-2,875,,-114.019654,49.017048,,,6991,2018-07-03 05:24:00,9994,Transcribed,180s,1SPM,YRWA,Yellow-rumped Warbler,SETOPHAGA CORONATA,2,42955,1,Song,60.51,1.63,-36.33,f,,Nicole Boucher,18,,
PC,10,WLNP-6-2,875,,-114.019654,49.017048,,,6991,2018-07-03 05:24:00,9994,Transcribed,180s,1SPM,MOWI,Moderate wind,"",1,42942,1,Song,0.03,4.94,-41.91,f,,Nicole Boucher,18,,
PC,10,WLNP-6-2,875,,-114.019654,49.017048,,,6991,2018-07-03 05:24:00,9994,Transcribed,180s,1SPM,MOWI,Moderate wind,"",1,42954,1,Song,60.01,5.09,-21.02,f,,Nicole Boucher,18,,
PC,10,WLNP-6-2,875,,-114.019654,49.017048,,,6991,2018-07-03 05:24:00,9994,Transcribed,180s,1SPM,MOWI,Moderate wind,"",1,42967,1,Song,120.04,5.11,-12.16,f,,Nicole Boucher,18,,
PC,10,WLNP-6-2,875,,-114.019654,49.017048,,,6991,2018-07-03 05:24:00,9994,Transcribed,180s,1SPM,UNPA,Unidentified Passerine,"",1,42966,1,Call,123.75,0.59,-53.4,f,,Nicole Boucher,18,,
PC,10,WLNP-6-2,875,,-114.019654,49.017048,,,6991,2018-07-03 05:24:00,9994,Transcribed,180s,1SPM,UNPA,Unidentified Passerine,"",1,42940,1,Call,2.00,0.36,-72.68,f,,Nicole Boucher,18,,
PC,10,WLNP-6-2,875,,-114.019654,49.017048,,,6991,2018-07-03 05:24:00,9994,Transcribed,180s,1SPM,UNPA,Unidentified Passerine,"",1,42960,1,Call,66.46,0.36,-64.24,f,,Nicole Boucher,18,,
PC,10,WLNP-6-2,875,,-114.019654,49.017048,,,6991,2018-07-03 05:24:00,9994,Transcribed,180s,1SPM,UNKN,Unidentified signal,"",1,42971,1,Song,141.59,0.96,-61.6,f,,Nicole Boucher,18,,
PC,10,WLNP-6-2,875,,-114.019654,49.017048,,,6991,2018-07-03 05:24:00,9994,Transcribed,180s,1SPM,YRWA,Yellow-rumped Warbler,SETOPHAGA CORONATA,2,42964,1,Song,120.04,0.95,-51.54,f,,Nicole Boucher,18,,
PC,10,WLNP-6-2,875,,-114.019654,49.017048,,,6991,2018-07-03 05:24:00,9994,Transcribed,180s,1SPM,UNTR,Unidentified Trill,"",1,42970,1,Song,127.65,0.85,-50.05,f,,Nicole Boucher,18,,
PC,10,WLNP-6-2,875,,-114.019654,49.017048,,,6991,2018-07-03 05:24:00,9994,Transcribed,180s,1SPM,UNTR,Unidentified Trill,"",1,42959,1,Song,65.53,1.76,-61.8,f,,Nicole Boucher,18,,
PC,10,WLNP-6-2,875,,-114.019654,49.017048,,,6991,2018-07-03 05:24:00,9994,Transcribed,180s,1SPM,MOBL,Mountain Bluebird,SIALIA CURRUCOIDES,1,42953,1,Song,63.98,3.96,-54.87,f,,Nicole Boucher,18,,
PC,10,WLNP-6-2,875,,-114.019654,49.017048,,,6991,2018-07-03 05:24:00,9994,Transcribed,180s,1SPM,MOBL,Mountain Bluebird,SIALIA CURRUCOIDES,1,42972,1,Song,165.48,2.23,-66.99,f,,Nicole Boucher,18,,
PC,10,WLNP-6-2,875,,-114.019654,49.017048,,,6991,2018-07-03 05:24:00,9994,Transcribed,180s,1SPM,MOBL,Mountain Bluebird,SIALIA CURRUCOIDES,1,42937,1,Song,0.05,3.51,-53.45,f,,Nicole Boucher,18,,
PC,10,WLNP-6-2,875,,-114.019654,49.017048,,,6991,2018-07-03 05:24:00,9994,Transcribed,180s,1SPM,UNAM,Unidentified passerine in the American Robin Song Complex,"",1,42946,1,Song,5.68,3.61,-68.94,f,,Nicole Boucher,18,Probably MOBL confidence:Unknown far,
PC,10,WLNP-6-2,875,,-114.019654,49.017048,,,6991,2018-07-03 05:24:00,9994,Transcribed,180s,1SPM,DEJU,Dark-eyed Junco,JUNCO HYEMALIS,1,42943,1,Song,0.04,1.10,-67.33,f,,Nicole Boucher,18,,
PC,10,WLNP-6-2,875,,-114.019654,49.017048,,,6991,2018-07-03 05:24:00,9994,Transcribed,180s,1SPM,DEJU,Dark-eyed Junco,JUNCO HYEMALIS,1,42952,1,Song,64.71,1.03,-40.83,f,,Nicole Boucher,18,,
PC,10,WLNP-6-2,875,,-114.019654,49.017048,,,6991,2018-07-03 05:24:00,9994,Transcribed,180s,1SPM,DEJU,Dark-eyed Junco,JUNCO HYEMALIS,1,42963,1,Song,120.98,1.00,-37.03,f,,Nicole Boucher,18,,
PC,10,WLNP-6-2,875,,-114.019654,49.017048,,,6991,2018-07-03 05:24:00,9994,Transcribed,180s,1SPM,DEJU,Dark-eyed Junco,JUNCO HYEMALIS,2,42947,1,Song,15.59,2.00,-39.52,f,,Nicole Boucher,18,,
PC,10,WLNP-6-2,875,,-114.019654,49.017048,,,6991,2018-07-03 05:24:00,9994,Transcribed,180s,1SPM,DEJU,Dark-eyed Junco,JUNCO HYEMALIS,2,42961,1,Song,121.48,1.86,-35.79,f,,Nicole Boucher,18,,
PC,10,WLNP-6-2,875,,-114.019654,49.017048,,,6991,2018-07-03 05:24:00,9994,Transcribed,180s,1SPM,DEJU,Dark-eyed Junco,JUNCO HYEMALIS,2,42950,1,Song,60.04,1.13,-35.05,f,,Nicole Boucher,18,,
PC,10,WLNP-6-2,875,,-114.019654,49.017048,,,6991,2018-07-03 05:24:00,9994,Transcribed,180s,1SPM,DEJU,Dark-eyed Junco,JUNCO HYEMALIS,3,42948,1,Song,17.64,1.46,-53.37,f,,Nicole Boucher,18,,
PC,10,WLNP-6-2,875,,-114.019654,49.017048,,,6991,2018-07-03 05:24:00,9994,Transcribed,180s,1SPM,DEJU,Dark-eyed Junco,JUNCO HYEMALIS,3,42951,1,Song,62.19,1.60,-36.37,f,,Nicole Boucher,18,,
PC,10,WLNP-6-2,875,,-114.019654,49.017048,,,6991,2018-07-03 05:24:00,9994,Transcribed,180s,1SPM,DEJU,Dark-eyed Junco,JUNCO HYEMALIS,3,42962,1,Song,123.75,1.63,-53.43,f,,Nicole Boucher,18,,
PC,10,WLNP-6-2,875,,-114.019654,49.017048,,,6991,2018-07-03 05:24:00,9994,Transcribed,180s,1SPM,HETH,Hermit Thrush,CATHARUS GUTTATUS,1,42944,1,S-C,1.96,1.46,-56.46,f,,Nicole Boucher,18,,
PC,10,WLNP-6-2,875,,-114.019654,49.017048,,,6991,2018-07-03 05:24:00,9994,Transcribed,180s,1SPM,HETH,Hermit Thrush,CATHARUS GUTTATUS,1,42958,1,S-C,62.21,1.98,-48.95,f,,Nicole Boucher,18,,
PC,10,WLNP-6-2,875,,-114.019654,49.017048,,,6991,2018-07-03 05:24:00,9994,Transcribed,180s,1SPM,HETH,Hermit Thrush,CATHARUS GUTTATUS,1,42968,1,S-C,120.94,1.50,-45.68,f,,Nicole Boucher,18,,
PC,10,WLNP-6-2,875,,-114.019654,49.017048,,,6991,2018-07-03 05:24:00,9994,Transcribed,180s,1SPM,HETH,Hermit Thrush,CATHARUS GUTTATUS,2,42945,1,Song,4.60,1.54,-47.87,f,,Nicole Boucher,18,,
PC,10,WLNP-6-2,875,,-114.019654,49.017048,,,6991,2018-07-03 05:24:00,9994,Transcribed,180s,1SPM,HETH,Hermit Thrush,CATHARUS GUTTATUS,2,42956,1,Song,60.68,1.53,-42.3,f,,Nicole Boucher,18,,
PC,10,WLNP-6-2,875,,-114.019654,49.017048,,,6991,2018-07-03 05:24:00,9994,Transcribed,180s,1SPM,HETH,Hermit Thrush,CATHARUS GUTTATUS,2,42969,1,Song,126.54,1.70,-44.49,f,,Nicole Boucher,18,,
PC,10,WLNP-6-2,875,,-114.019654,49.017048,,,6991,2018-07-03 05:24:00,9994,Transcribed,180s,1SPM,YRWA,Yellow-rumped Warbler,SETOPHAGA CORONATA,1,42965,1,Song,128.54,1.68,-64.2,f,,Nicole Boucher,18,,
PC,10,WLNP-6-2,875,,-114.019654,49.017048,,,6991,2018-07-03 05:24:00,9994,Transcribed,180s,1SPM,YRWA,Yellow-rumped Warbler,SETOPHAGA CORONATA,1,42938,1,Song,1.18,1.46,-62.5,f,,Nicole Boucher,18,,
PC,10,WLNP-6-2,875,,-114.019654,49.017048,,,6991,2018-07-03 05:24:00,9994,Transcribed,180s,1SPM,YRWA,Yellow-rumped Warbler,SETOPHAGA CORONATA,2,42939,1,Song,3.66,1.58,-47.62,f,,Nicole Boucher,18,,
PC,10,WLNP-6-2,875,,-114.019654,49.017048,,,6983,2018-07-06 04:56:00,9986,Transcribed,180s,1SPM,HETH,Hermit Thrush,CATHARUS GUTTATUS,1,48908,TMTT,Song,60.01,6.19,-46.12,f,,Laurel McDonald,42,AE: 4-5,
PC,10,WLNP-6-2,875,,-114.019654,49.017048,,,6983,2018-07-06 04:56:00,9986,Transcribed,180s,1SPM,YRWA,Yellow-rumped Warbler,SETOPHAGA CORONATA,1,49672,1,Song,1.55,0.85,-69.04,f,,Laurel McDonald,42,,
PC,10,WLNP-6-2,875,,-114.019654,49.017048,,,6983,2018-07-06 04:56:00,9986,Transcribed,180s,1SPM,YRWA,Yellow-rumped Warbler,SETOPHAGA CORONATA,1,49677,1,Song,132.50,1.26,-53.98,f,,Laurel McDonald,42,,
PC,10,WLNP-6-2,875,,-114.019654,49.017048,,,6983,2018-07-06 04:56:00,9986,Transcribed,180s,1SPM,YRWA,Yellow-rumped Warbler,SETOPHAGA CORONATA,1,49674,1,Song,66.00,1.20,-59.77,f,,Laurel McDonald,42,,
PC,10,WLNP-6-2,875,,-114.019654,49.017048,,,6983,2018-07-06 04:56:00,9986,Transcribed,180s,1SPM,WCSP,White-crowned Sparrow,ZONOTRICHIA LEUCOPHRYS,1,48912,1,Song,130.91,2.69,-46.78,f,,Laurel McDonald,42,,
PC,10,WLNP-6-2,875,,-114.019654,49.017048,,,6983,2018-07-06 04:56:00,9986,Transcribed,180s,1SPM,WCSP,White-crowned Sparrow,ZONOTRICHIA LEUCOPHRYS,1,48802,1,Song,62.59,2.18,-51.53,f,,Laurel McDonald,42,,
PC,10,WLNP-6-2,875,,-114.019654,49.017048,,,6983,2018-07-06 04:56:00,9986,Transcribed,180s,1SPM,WCSP,White-crowned Sparrow,ZONOTRICHIA LEUCOPHRYS,1,48799,1,Song,5.25,2.31,-47.16,f,,Laurel McDonald,42,,
PC,10,WLNP-6-2,875,,-114.019654,49.017048,,,6983,2018-07-06 04:56:00,9986,Transcribed,180s,1SPM,HETH,Hermit Thrush,CATHARUS GUTTATUS,1,48910,TMTT,Song,121.99,7.58,-47.98,f,,Laurel McDonald,42,AE: 4-5,
PC,10,WLNP-6-2,875,,-114.019654,49.017048,,,6983,2018-07-06 04:56:00,9986,Transcribed,180s,1SPM,LIWI,Light wind,"",1,48915,1,Song,0.03,3.98,-19.87,f,,Laurel McDonald,42,,
PC,10,WLNP-6-2,875,,-114.019654,49.017048,,,6983,2018-07-06 04:56:00,9986,Transcribed,180s,1SPM,LIWI,Light wind,"",1,48916,1,Song,60.03,3.98,-27.37,f,,Laurel McDonald,42,,
PC,10,WLNP-6-2,875,,-114.019654,49.017048,,,6983,2018-07-06 04:56:00,9986,Transcribed,180s,1SPM,LIWI,Light wind,"",1,48917,1,Song,120.03,3.99,-27.6,f,,Laurel McDonald,42,,
PC,10,WLNP-6-2,875,,-114.019654,49.017048,,,6983,2018-07-06 04:56:00,9986,Transcribed,180s,1SPM,MOBL,Mountain Bluebird,SIALIA CURRUCOIDES,1,48801,1,Song,60.01,4.95,-45.83,f,,Laurel McDonald,42,,
PC,10,WLNP-6-2,875,,-114.019654,49.017048,,,6983,2018-07-06 04:56:00,9986,Transcribed,180s,1SPM,MOBL,Mountain Bluebird,SIALIA CURRUCOIDES,1,48804,1,Song,126.20,8.50,-46.44,f,,Laurel McDonald,42,,
PC,10,WLNP-6-2,875,,-114.019654,49.017048,,,6983,2018-07-06 04:56:00,9986,Transcribed,180s,1SPM,MOBL,Mountain Bluebird,SIALIA CURRUCOIDES,1,48797,1,Song,1.09,3.84,-46.07,f,,Laurel McDonald,42,,
PC,10,WLNP-6-2,875,,-114.019654,49.017048,,,6983,2018-07-06 04:56:00,9986,Transcribed,180s,1SPM,DEJU,Dark-eyed Junco,JUNCO HYEMALIS,1,48798,1,Song,2.36,1.43,-47.49,f,,Laurel McDonald,42,,
PC,10,WLNP-6-2,875,,-114.019654,49.017048,,,6983,2018-07-06 04:56:00,9986,Transcribed,180s,1SPM,DEJU,Dark-eyed Junco,JUNCO HYEMALIS,1,48800,1,Song,60.01,1.26,-50.47,f,,Laurel McDonald,42,,
PC,10,WLNP-6-2,875,,-114.019654,49.017048,,,6983,2018-07-06 04:56:00,9986,Transcribed,180s,1SPM,DEJU,Dark-eyed Junco,JUNCO HYEMALIS,1,48803,1,Song,121.23,1.08,-48.96,f,,Laurel McDonald,42,,
PC,10,WLNP-6-2,875,,-114.019654,49.017048,,,6983,2018-07-06 04:56:00,9986,Transcribed,180s,1SPM,DEJU,Dark-eyed Junco,JUNCO HYEMALIS,2,49675,1,Song,79.23,0.96,-66.53,f,,Laurel McDonald,42,,
PC,10,WLNP-6-2,875,,-114.019654,49.017048,,,6983,2018-07-06 04:56:00,9986,Transcribed,180s,1SPM,DEJU,Dark-eyed Junco,JUNCO HYEMALIS,2,49676,1,Song,122.28,0.98,-72.51,f,,Laurel McDonald,42,,
PC,10,WLNP-6-2,875,,-114.019654,49.017048,,,6983,2018-07-06 04:56:00,9986,Transcribed,180s,1SPM,DEJU,Dark-eyed Junco,JUNCO HYEMALIS,2,49673,1,Song,3.99,0.81,-73.78,f,,Laurel McDonald,42,,
PC,10,WLNP-6-2,875,,-114.019654,49.017048,,,6983,2018-07-06 04:56:00,9986,Transcribed,180s,1SPM,HETH,Hermit Thrush,CATHARUS GUTTATUS,1,48906,TMTT,Song,0.05,6.91,-47.85,f,,Laurel McDonald,42,AE: 4-5,
PC,10,WLNP-6-2,875,,-114.019654,49.017048,,,7003,2018-07-08 05:28:00,10006,Transcribed,180s,1SPM,UNPA,Unidentified Passerine,"",1,120966,1,Song,35.80,1.40,-62.31,f,,Tyne Baker,23,partial song from WTSP or BCCH with oddball fee note confidence:To Be Checked,rushing water
PC,10,WLNP-6-2,875,,-114.019654,49.017048,,,7003,2018-07-08 05:28:00,10006,Transcribed,180s,1SPM,PISI,Pine Siskin,SPINUS PINUS,1,45482,1,Song,135.75,0.79,-73.74,f,,Tyne Baker,23,,rushing water
PC,10,WLNP-6-2,875,,-114.019654,49.017048,,,7003,2018-07-08 05:28:00,10006,Transcribed,180s,1SPM,BCCH,Black-capped Chickadee,POECILE ATRICAPILLUS,1,45480,1,Song,122.33,0.79,-75.38,f,,Tyne Baker,23,,rushing water
PC,10,WLNP-6-2,875,,-114.019654,49.017048,,,7003,2018-07-08 05:28:00,10006,Transcribed,180s,1SPM,BCCH,Black-capped Chickadee,POECILE ATRICAPILLUS,1,45471,1,Song,60.01,1.03,-67.23,f,,Tyne Baker,23,,rushing water
PC,10,WLNP-6-2,875,,-114.019654,49.017048,,,7003,2018-07-08 05:28:00,10006,Transcribed,180s,1SPM,LIBA,Light Background Noise,"",1,45468,1,Non-vocal,42.49,3.16,-37.31,f,,Tyne Baker,23,something moving in vegetation,rushing water
PC,10,WLNP-6-2,875,,-114.019654,49.017048,,,7003,2018-07-08 05:28:00,10006,Transcribed,180s,1SPM,YRWA,Yellow-rumped Warbler,SETOPHAGA CORONATA,1,45479,1,Song,123.54,1.48,-61.03,f,,Tyne Baker,23,,rushing water
PC,10,WLNP-6-2,875,,-114.019654,49.017048,,,7003,2018-07-08 05:28:00,10006,Transcribed,180s,1SPM,YRWA,Yellow-rumped Warbler,SETOPHAGA CORONATA,1,45464,1,Song,5.54,1.26,-59.92,f,,Tyne Baker,23,,rushing water
PC,10,WLNP-6-2,875,,-114.019654,49.017048,,,7003,2018-07-08 05:28:00,10006,Transcribed,180s,1SPM,YRWA,Yellow-rumped Warbler,SETOPHAGA CORONATA,1,45474,1,Song,65.90,1.66,-58.99,f,,Tyne Baker,23,,rushing water
PC,10,WLNP-6-2,875,,-114.019654,49.017048,,,7003,2018-07-08 05:28:00,10006,Transcribed,180s,1SPM,HETH,Hermit Thrush,CATHARUS GUTTATUS,2,45465,1,Song,9.79,1.49,-73.29,f,,Tyne Baker,23,Quieter,rushing water
PC,10,WLNP-6-2,875,,-114.019654,49.017048,,,7003,2018-07-08 05:28:00,10006,Transcribed,180s,1SPM,HETH,Hermit Thrush,CATHARUS GUTTATUS,1,45472,1,Song,61.23,1.49,-61.8,f,,Tyne Baker,23,,rushing water
PC,10,WLNP-6-2,875,,-114.019654,49.017048,,,7003,2018-07-08 05:28:00,10006,Transcribed,180s,1SPM,TOSO,Townsend's Solitaire,MYADESTES TOWNSENDI,1,45483,1,Song,140.71,2.93,-70.81,f,,Tyne Baker,23,"",rushing water
PC,10,WLNP-6-2,875,,-114.019654,49.017048,,,7003,2018-07-08 05:28:00,10006,Transcribed,180s,1SPM,MOBL,Mountain Bluebird,SIALIA CURRUCOIDES,1,45481,TMTT,Song,126.28,0.40,-74.82,f,,Tyne Baker,23,"AE: 2-3, Fairly certain with songs and calls, heard. Sounds like mountain bluebird but could be very edge or out of range depending on location within WBN park. Clear but checking for out-of-range confirmation confidence:To Be Checked",rushing water
PC,10,WLNP-6-2,875,,-114.019654,49.017048,,,7003,2018-07-08 05:28:00,10006,Transcribed,180s,1SPM,MOBL,Mountain Bluebird,SIALIA CURRUCOIDES,1,45466,TMTT,Song,12.70,4.98,-61.09,f,,Tyne Baker,23,"AE: 2-3, Fairly certain with songs and calls, heard. Sounds like mountain bluebird but could be very edge or out of range depending on location within WBN park. Clear but checking for out-of-range confirmation confidence:To Be Checked",rushing water
PC,10,WLNP-6-2,875,,-114.019654,49.017048,,,7003,2018-07-08 05:28:00,10006,Transcribed,180s,1SPM,MOBL,Mountain Bluebird,SIALIA CURRUCOIDES,1,45470,TMTT,S-C,60.04,0.98,-57.54,f,,Tyne Baker,23,"AE: 2-3, Fairly certain with songs and calls, heard. Sounds like mountain bluebird but could be very edge or out of range depending on location within WBN park. Clear but checking for out-of-range confirmation confidence:To Be Checked",rushing water
PC,10,WLNP-6-2,875,,-114.019654,49.017048,,,7003,2018-07-08 05:28:00,10006,Transcribed,180s,1SPM,UNAM,Unidentified passerine in the American Robin Song Complex,"",1,45463,1,Song,2.93,0.58,-74.41,f,,Tyne Baker,23,"Vireo or amro, distant confidence:Unknown far",rushing water
PC,10,WLNP-6-2,875,,-114.019654,49.017048,,,7003,2018-07-08 05:28:00,10006,Transcribed,180s,1SPM,DEJU,Dark-eyed Junco,JUNCO HYEMALIS,1,45475,1,Song,70.34,2.11,-68.57,f,,Tyne Baker,23,,rushing water
PC,10,WLNP-6-2,875,,-114.019654,49.017048,,,7003,2018-07-08 05:28:00,10006,Transcribed,180s,1SPM,DEJU,Dark-eyed Junco,JUNCO HYEMALIS,1,45460,1,Song,0.04,0.91,-66.96,f,,Tyne Baker,23,,rushing water
PC,10,WLNP-6-2,875,,-114.019654,49.017048,,,7003,2018-07-08 05:28:00,10006,Transcribed,180s,1SPM,HETH,Hermit Thrush,CATHARUS GUTTATUS,1,45462,1,Song,1.00,1.75,-46.78,f,,Tyne Baker,23,,rushing water
PC,10,WLNP-6-2,875,,-114.019654,49.017048,,,7003,2018-07-08 05:28:00,10006,Transcribed,180s,1SPM,HETH,Hermit Thrush,CATHARUS GUTTATUS,1,45485,1,Song,150.91,1.18,-71.23,f,,Tyne Baker,23,,rushing water
PC,10,WLNP-6-2,875,,-114.019654,49.017048,,,7003,2018-07-08 05:28:00,10006,Transcribed,180s,1SPM,DEJU,Dark-eyed Junco,JUNCO HYEMALIS,2,45473,1,Song,62.60,1.70,-59.9,f,,Tyne Baker,23,,rushing water
PC,10,WLNP-6-2,875,,-114.019654,49.017048,,,7003,2018-07-08 05:28:00,10006,Transcribed,180s,1SPM,DEJU,Dark-eyed Junco,JUNCO HYEMALIS,2,45478,1,Song,120.25,1.70,-61.65,f,,Tyne Baker,23,,rushing water
PC,10,WLNP-6-2,875,,-114.019654,49.017048,,,7003,2018-07-08 05:28:00,10006,Transcribed,180s,1SPM,DEJU,Dark-eyed Junco,JUNCO HYEMALIS,2,45461,1,Song,4.89,1.50,-55.16,f,,Tyne Baker,23,,rushing water
PC,10,WLNP-6-2,875,,-114.019654,49.017048,,,7003,2018-07-08 05:28:00,10006,Transcribed,180s,1SPM,LIBA,Light Background Noise,"",1,45476,1,Non-vocal,64.68,1.45,-50.13,f,,Tyne Baker,23,something moving in vegetation,rushing water
PC,10,WLNP-6-2,875,,-114.019654,49.017048,,,7003,2018-07-08 05:28:00,10006,Transcribed,180s,1SPM,LIWI,Light wind,"",1,45467,1,Non-vocal,21.39,5.85,-21.28,f,,Tyne Baker,23,intermittent,rushing water
PC,10,WLNP-6-2,875,,-114.019654,49.017048,,,7003,2018-07-08 05:28:00,10006,Transcribed,180s,1SPM,LIBA,Light Background Noise,"",1,45486,1,Non-vocal,179.35,0.55,-62.39,f,,Tyne Baker,23,something moving in vegetation,rushing water
PC,10,WLNP-6-2,875,,-114.019654,49.017048,,,7003,2018-07-08 05:28:00,10006,Transcribed,180s,1SPM,BCCH,Black-capped Chickadee,POECILE ATRICAPILLUS,1,45469,1,Song,51.58,0.94,-49.91,f,,Tyne Baker,23,,rushing water
PC,10,WLNP-6-2,875,,-114.019654,49.017048,,,7003,2018-07-08 05:28:00,10006,Transcribed,180s,1SPM,TOSO,Townsend's Solitaire,MYADESTES TOWNSENDI,1,45477,1,Song,95.76,12.71,-57.24,f,,Tyne Baker,23,"",rushing water
PC,10,WLNP-6-2,875,,-114.019654,49.017048,,,7003,2018-07-08 05:28:00,10006,Transcribed,180s,1SPM,UNPA,Unidentified Passerine,"",1,120969,1,Song,155.46,1.10,-68.66,f,,Tyne Baker,23,partial song from WTSP or BCCH with oddball fee note confidence:To Be Checked,rushing water
PC,10,WLNP-6-2,875,,-114.019654,49.017048,,,7003,2018-07-08 05:28:00,10006,Transcribed,180s,1SPM,UNPA,Unidentified Passerine,"",1,120967,1,Song,90.50,1.06,-74.77,f,,Tyne Baker,23,partial song from WTSP or BCCH with oddball fee note confidence:To Be Checked,rushing water
PC,10,WLNP-6-2,875,,-114.019654,49.017048,,,7080,2018-07-09 04:59:00,9947,Transcribed,180s,1SPM,HETH,Hermit Thrush,CATHARUS GUTTATUS,2,46293,1,Song,140.24,1.29,-63.65,f,,Connor Charchuk,41,,
PC,10,WLNP-6-2,875,,-114.019654,49.017048,,,7080,2018-07-09 04:59:00,9947,Transcribed,180s,1SPM,DEJU,Dark-eyed Junco,JUNCO HYEMALIS,1,46281,1,Song,64.19,1.79,-70.44,f,,Connor Charchuk,41,,
PC,10,WLNP-6-2,875,,-114.019654,49.017048,,,7080,2018-07-09 04:59:00,9947,Transcribed,180s,1SPM,MOBL,Mountain Bluebird,SIALIA CURRUCOIDES,1,46290,1,Song,125.01,4.89,-41.5,f,,Connor Charchuk,41,,
PC,10,WLNP-6-2,875,,-114.019654,49.017048,,,7080,2018-07-09 04:59:00,9947,Transcribed,180s,1SPM,MOBL,Mountain Bluebird,SIALIA CURRUCOIDES,1,46283,1,Song,72.99,2.26,-67.87,f,,Connor Charchuk,41,,
PC,10,WLNP-6-2,875,,-114.019654,49.017048,,,7080,2018-07-09 04:59:00,9947,Transcribed,180s,1SPM,UNWA,Unidentified Warbler,"",1,46291,1,Song,133.74,1.61,-43.39,f,,Connor Charchuk,41,Just too faint to make out. Could be MacGillivray's though confidence:Unknown far,
PC,10,WLNP-6-2,875,,-114.019654,49.017048,,,7080,2018-07-09 04:59:00,9947,Transcribed,180s,1SPM,UNWA,Unidentified Warbler,"",1,46286,1,Song,103.90,1.61,-68.12,f,,Connor Charchuk,41,Just too faint to make out. Could be MacGillivray's though confidence:Unknown far,
PC,10,WLNP-6-2,875,,-114.019654,49.017048,,,7080,2018-07-09 04:59:00,9947,Transcribed,180s,1SPM,DEJU,Dark-eyed Junco,JUNCO HYEMALIS,2,46285,1,Song,89.19,1.88,-67.92,f,,Connor Charchuk,41,,
PC,10,WLNP-6-2,875,,-114.019654,49.017048,,,7080,2018-07-09 04:59:00,9947,Transcribed,180s,1SPM,DEJU,Dark-eyed Junco,JUNCO HYEMALIS,2,46292,1,Song,138.63,1.91,-67.96,f,,Connor Charchuk,41,,
PC,10,WLNP-6-2,875,,-114.019654,49.017048,,,7080,2018-07-09 04:59:00,9947,Transcribed,180s,1SPM,HETH,Hermit Thrush,CATHARUS GUTTATUS,1,42740,1,Song,0.40,2.28,-44.7,f,,Connor Charchuk,41,,
PC,10,WLNP-6-2,875,,-114.019654,49.017048,,,7080,2018-07-09 04:59:00,9947,Transcribed,180s,1SPM,HETH,Hermit Thrush,CATHARUS GUTTATUS,1,46282,1,Song,62.25,1.70,-44.14,f,,Connor Charchuk,41,,
PC,10,WLNP-6-2,875,,-114.019654,49.017048,,,7080,2018-07-09 04:59:00,9947,Transcribed,180s,1SPM,HETH,Hermit Thrush,CATHARUS GUTTATUS,1,46287,1,Song,120.59,1.40,-59.68,f,,Connor Charchuk,41,,
PC,10,WLNP-6-2,875,,-114.019654,49.017048,,,7080,2018-07-09 04:59:00,9947,Transcribed,180s,1SPM,HETH,Hermit Thrush,CATHARUS GUTTATUS,2,46278,1,Song,13.71,1.36,-65.01,f,,Connor Charchuk,41,,
PC,10,WLNP-6-2,875,,-114.019654,49.017048,,,7080,2018-07-09 04:59:00,9947,Transcribed,180s,1SPM,HETH,Hermit Thrush,CATHARUS GUTTATUS,2,46284,1,Song,84.04,1.79,-68.66,f,,Connor Charchuk,41,,
PC,10,WLNP-6-2,875,,-114.019654,49.017048,,,7080,2018-07-09 04:59:00,9947,Transcribed,180s,1SPM,WCSP,White-crowned Sparrow,ZONOTRICHIA LEUCOPHRYS,1,46277,1,Song,9.81,2.44,-46.9,f,,Connor Charchuk,41,,
PC,10,WLNP-6-2,875,,-114.019654,49.017048,,,7080,2018-07-09 04:59:00,9947,Transcribed,180s,1SPM,WCSP,White-crowned Sparrow,ZONOTRICHIA LEUCOPHRYS,2,46279,1,Song,20.19,2.89,-51.34,f,,Connor Charchuk,41,,
PC,10,WLNP-6-2,875,,-114.019654,49.017048,,,7080,2018-07-09 04:59:00,9947,Transcribed,180s,1SPM,WCSP,White-crowned Sparrow,ZONOTRICHIA LEUCOPHRYS,2,46280,1,Song,60.98,3.14,-43.99,f,,Connor Charchuk,41,,
PC,10,WLNP-6-2,875,,-114.019654,49.017048,,,7080,2018-07-09 04:59:00,9947,Transcribed,180s,1SPM,WCSP,White-crowned Sparrow,ZONOTRICHIA LEUCOPHRYS,2,46289,1,Song,125.94,2.89,-41.2,f,,Connor Charchuk,41,,
PC,10,WLNP-6-2,875,,-114.019654,49.017048,,,7080,2018-07-09 04:59:00,9947,Transcribed,180s,1SPM,DEJU,Dark-eyed Junco,JUNCO HYEMALIS,1,46288,1,Song,120.04,2.18,-59.85,f,,Connor Charchuk,41,,
PC,10,WLNP-6-2,875,,-114.019654,49.017048,,,7080,2018-07-09 04:59:00,9947,Transcribed,180s,1SPM,DEJU,Dark-eyed Junco,JUNCO HYEMALIS,1,42741,1,Song,2.53,2.19,-69.3,f,,Connor Charchuk,41,,
PC,10,WLNP-6-3,876,,-114.027589,49.009902,,,7005,2018-07-05 05:26:00,10008,Transcribed,180s,1SPM,HETH,Hermit Thrush,CATHARUS GUTTATUS,1,44631,TMTT,Song,122.85,1.83,-51.25,f,,Tyne Baker,23,AE:2-3 some very distant,
PC,10,WLNP-6-3,876,,-114.027589,49.009902,,,7005,2018-07-05 05:26:00,10008,Transcribed,180s,1SPM,HETH,Hermit Thrush,CATHARUS GUTTATUS,1,44589,TMTT,Song,9.83,1.54,-60.16,f,,Tyne Baker,23,AE:2-3 some very distant,
PC,10,WLNP-6-3,876,,-114.027589,49.009902,,,7005,2018-07-05 05:26:00,10008,Transcribed,180s,1SPM,HETH,Hermit Thrush,CATHARUS GUTTATUS,1,44605,TMTT,Song,60.90,1.66,-50.97,f,,Tyne Baker,23,AE:2-3 some very distant,
PC,10,WLNP-6-3,876,,-114.027589,49.009902,,,7005,2018-07-05 05:26:00,10008,Transcribed,180s,1SPM,DEJU,Dark-eyed Junco,JUNCO HYEMALIS,2,44630,1,Song,125.49,1.53,-62.91,f,,Tyne Baker,23,closer songs later on,
PC,10,WLNP-6-3,876,,-114.027589,49.009902,,,7005,2018-07-05 05:26:00,10008,Transcribed,180s,1SPM,DEJU,Dark-eyed Junco,JUNCO HYEMALIS,2,44607,1,Song,64.14,1.31,-57.55,f,,Tyne Baker,23,closer songs later on,
PC,10,WLNP-6-3,876,,-114.027589,49.009902,,,7005,2018-07-05 05:26:00,10008,Transcribed,180s,1SPM,DEJU,Dark-eyed Junco,JUNCO HYEMALIS,2,44594,1,Song,5.64,1.18,-59.23,f,,Tyne Baker,23,closer songs later on,
PC,10,WLNP-6-3,876,,-114.027589,49.009902,,,7005,2018-07-05 05:26:00,10008,Transcribed,180s,1SPM,DEJU,Dark-eyed Junco,JUNCO HYEMALIS,1,44629,1,Song,121.84,1.50,-50.66,f,,Tyne Baker,23,,
PC,10,WLNP-6-3,876,,-114.027589,49.009902,,,7005,2018-07-05 05:26:00,10008,Transcribed,180s,1SPM,DEJU,Dark-eyed Junco,JUNCO HYEMALIS,1,44587,1,Song,0.15,1.65,-55.88,f,,Tyne Baker,23,,
PC,10,WLNP-6-3,876,,-114.027589,49.009902,,,7005,2018-07-05 05:26:00,10008,Transcribed,180s,1SPM,DEJU,Dark-eyed Junco,JUNCO HYEMALIS,1,44606,1,Song,62.43,1.65,-52.39,f,,Tyne Baker,23,,
PC,10,WLNP-6-3,876,,-114.027589,49.009902,,,7005,2018-07-05 05:26:00,10008,Transcribed,180s,1SPM,TRES,Tree Swallow,TACHYCINETA BICOLOR,1,44626,1,Call,120.44,1.24,-66.04,f,,Tyne Baker,23,,
PC,10,WLNP-6-3,876,,-114.027589,49.009902,,,7005,2018-07-05 05:26:00,10008,Transcribed,180s,1SPM,TRES,Tree Swallow,TACHYCINETA BICOLOR,1,44623,1,Call,81.75,1.00,-69.38,f,,Tyne Baker,23,,
PC,10,WLNP-6-3,876,,-114.027589,49.009902,,,7005,2018-07-05 05:26:00,10008,Transcribed,180s,1SPM,BCCH,Black-capped Chickadee,POECILE ATRICAPILLUS,1,44627,TMTT,Song,120.71,1.19,-67.95,f,,Tyne Baker,23,"AE:3-4, lots of frequency matching.",
PC,10,WLNP-6-3,876,,-114.027589,49.009902,,,7005,2018-07-05 05:26:00,10008,Transcribed,180s,1SPM,BCCH,Black-capped Chickadee,POECILE ATRICAPILLUS,1,44599,TMTT,Song,0.33,1.00,-66.29,f,,Tyne Baker,23,"AE:3-4, lots of frequency matching.",
PC,10,WLNP-6-3,876,,-114.027589,49.009902,,,7005,2018-07-05 05:26:00,10008,Transcribed,180s,1SPM,BCCH,Black-capped Chickadee,POECILE ATRICAPILLUS,1,44603,TMTT,Song,60.49,1.04,-49.69,f,,Tyne Baker,23,"AE:3-4, lots of frequency matching.",
PC,10,WLNP-6-3,876,,-114.027589,49.009902,,,7005,2018-07-05 05:26:00,10008,Transcribed,180s,1SPM,OSFL,Olive-sided Flycatcher,CONTOPUS COOPERI,1,44610,1,Song,62.65,0.91,-63.64,f,,Tyne Baker,23,,
PC,10,WLNP-6-3,876,,-114.027589,49.009902,,,7005,2018-07-05 05:26:00,10008,Transcribed,180s,1SPM,OSFL,Olive-sided Flycatcher,CONTOPUS COOPERI,1,44591,1,Song,2.98,1.08,-70.29,f,,Tyne Baker,23,,
PC,10,WLNP-6-3,876,,-114.027589,49.009902,,,7005,2018-07-05 05:26:00,10008,Transcribed,180s,1SPM,MGWA,MacGillivray's Warbler,GEOTHLYPIS TOLMIEI,1,44633,1,Song,130.09,1.21,-64.03,f,,Tyne Baker,23,"",
PC,10,WLNP-6-3,876,,-114.027589,49.009902,,,7005,2018-07-05 05:26:00,10008,Transcribed,180s,1SPM,MGWA,MacGillivray's Warbler,GEOTHLYPIS TOLMIEI,1,44625,1,Song,85.86,1.16,-63.5,f,,Tyne Baker,23,"",
PC,10,WLNP-6-3,876,,-114.027589,49.009902,,,7005,2018-07-05 05:26:00,10008,Transcribed,180s,1SPM,MGWA,MacGillivray's Warbler,GEOTHLYPIS TOLMIEI,1,44593,1,Song,1.83,1.06,-70.17,f,,Tyne Baker,23,"",
PC,10,WLNP-6-3,876,,-114.027589,49.009902,,,7081,2018-07-08 05:28:00,9948,Transcribed,180s,1SPM,OSFL,Olive-sided Flycatcher,CONTOPUS COOPERI,2,45531,1,Song,67.49,1.09,-65.53,f,,Connor Charchuk,41,,
PC,10,WLNP-6-3,876,,-114.027589,49.009902,,,7081,2018-07-08 05:28:00,9948,Transcribed,180s,1SPM,YRWA,Yellow-rumped Warbler,SETOPHAGA CORONATA,1,45532,1,Song,68.39,1.68,-55.35,f,,Connor Charchuk,41,,
PC,10,WLNP-6-3,876,,-114.027589,49.009902,,,7081,2018-07-08 05:28:00,9948,Transcribed,180s,1SPM,YRWA,Yellow-rumped Warbler,SETOPHAGA CORONATA,1,45538,1,Song,124.06,1.91,-56.94,f,,Connor Charchuk,41,,
PC,10,WLNP-6-3,876,,-114.027589,49.009902,,,7081,2018-07-08 05:28:00,9948,Transcribed,180s,1SPM,YRWA,Yellow-rumped Warbler,SETOPHAGA CORONATA,1,45522,1,Song,6.66,1.46,-60.49,f,,Connor Charchuk,41,,
PC,10,WLNP-6-3,876,,-114.027589,49.009902,,,7081,2018-07-08 05:28:00,9948,Transcribed,180s,1SPM,WCSP,White-crowned Sparrow,ZONOTRICHIA LEUCOPHRYS,3,45536,1,Song,101.21,2.21,-51,f,,Connor Charchuk,41,,
PC,10,WLNP-6-3,876,,-114.027589,49.009902,,,7081,2018-07-08 05:28:00,9948,Transcribed,180s,1SPM,WCSP,White-crowned Sparrow,ZONOTRICHIA LEUCOPHRYS,3,45544,1,Song,165.91,2.54,-50.67,f,,Connor Charchuk,41,,
PC,10,WLNP-6-3,876,,-114.027589,49.009902,,,7081,2018-07-08 05:28:00,9948,Transcribed,180s,1SPM,WCSP,White-crowned Sparrow,ZONOTRICHIA LEUCOPHRYS,2,45535,1,Song,92.10,2.90,-51.73,f,,Connor Charchuk,41,,
PC,10,WLNP-6-3,876,,-114.027589,49.009902,,,7081,2018-07-08 05:28:00,9948,Transcribed,180s,1SPM,WCSP,White-crowned Sparrow,ZONOTRICHIA LEUCOPHRYS,2,45525,1,Song,36.49,2.30,-47.45,f,,Connor Charchuk,41,,
PC,10,WLNP-6-3,876,,-114.027589,49.009902,,,7081,2018-07-08 05:28:00,9948,Transcribed,180s,1SPM,WCSP,White-crowned Sparrow,ZONOTRICHIA LEUCOPHRYS,2,45542,1,Song,128.65,2.43,-53.34,f,,Connor Charchuk,41,,
PC,10,WLNP-6-3,876,,-114.027589,49.009902,,,7081,2018-07-08 05:28:00,9948,Transcribed,180s,1SPM,WCSP,White-crowned Sparrow,ZONOTRICHIA LEUCOPHRYS,1,45518,1,Song,1.44,2.41,-52.31,f,,Connor Charchuk,41,,
PC,10,WLNP-6-3,876,,-114.027589,49.009902,,,7081,2018-07-08 05:28:00,9948,Transcribed,180s,1SPM,WCSP,White-crowned Sparrow,ZONOTRICHIA LEUCOPHRYS,1,45541,1,Song,126.78,2.75,-49.43,f,,Connor Charchuk,41,,
PC,10,WLNP-6-3,876,,-114.027589,49.009902,,,7081,2018-07-08 05:28:00,9948,Transcribed,180s,1SPM,WCSP,White-crowned Sparrow,ZONOTRICHIA LEUCOPHRYS,1,45528,1,Song,63.19,2.16,-43.68,f,,Connor Charchuk,41,,
PC,10,WLNP-6-3,876,,-114.027589,49.009902,,,7081,2018-07-08 05:28:00,9948,Transcribed,180s,1SPM,HETH,Hermit Thrush,CATHARUS GUTTATUS,1,45517,1,Song,0.63,1.53,-62.35,f,,Connor Charchuk,41,,
PC,10,WLNP-6-3,876,,-114.027589,49.009902,,,7081,2018-07-08 05:28:00,9948,Transcribed,180s,1SPM,HETH,Hermit Thrush,CATHARUS GUTTATUS,1,45533,1,Song,70.01,1.25,-46.16,f,,Connor Charchuk,41,,
PC,10,WLNP-6-3,876,,-114.027589,49.009902,,,7081,2018-07-08 05:28:00,9948,Transcribed,180s,1SPM,AMRO,American Robin,TURDUS MIGRATORIUS,1,45521,1,Song,4.69,6.18,-51.78,f,,Connor Charchuk,41,,
PC,10,WLNP-6-3,876,,-114.027589,49.009902,,,7081,2018-07-08 05:28:00,9948,Transcribed,180s,1SPM,AMRO,American Robin,TURDUS MIGRATORIUS,1,45527,1,Song,61.95,2.26,-43.67,f,,Connor Charchuk,41,,
PC,10,WLNP-6-3,876,,-114.027589,49.009902,,,7081,2018-07-08 05:28:00,9948,Transcribed,180s,1SPM,AMRO,American Robin,TURDUS MIGRATORIUS,1,45539,1,Song,121.28,2.23,-54.38,f,,Connor Charchuk,41,,
PC,10,WLNP-6-3,876,,-114.027589,49.009902,,,7081,2018-07-08 05:28:00,9948,Transcribed,180s,1SPM,MOBL,Mountain Bluebird,SIALIA CURRUCOIDES,1,45540,1,Song,125.33,1.23,-51.6,f,,Connor Charchuk,41,,
PC,10,WLNP-6-3,876,,-114.027589,49.009902,,,7081,2018-07-08 05:28:00,9948,Transcribed,180s,1SPM,MOBL,Mountain Bluebird,SIALIA CURRUCOIDES,1,45530,1,Song,65.05,2.56,-50.14,f,,Connor Charchuk,41,,
PC,10,WLNP-6-3,876,,-114.027589,49.009902,,,7081,2018-07-08 05:28:00,9948,Transcribed,180s,1SPM,MOBL,Mountain Bluebird,SIALIA CURRUCOIDES,1,45524,1,Song,12.29,4.53,-45.93,f,,Connor Charchuk,41,,
PC,10,WLNP-6-3,876,,-114.027589,49.009902,,,7081,2018-07-08 05:28:00,9948,Transcribed,180s,1SPM,UNTR,Unidentified Trill,"",1,45520,1,Song,3.91,1.91,-51.26,f,,Connor Charchuk,41,,
PC,10,WLNP-6-3,876,,-114.027589,49.009902,,,7081,2018-07-08 05:28:00,9948,Transcribed,180s,1SPM,UNPA,Unidentified Passerine,"",1,45529,1,Song,64.81,1.75,-52.15,f,,Connor Charchuk,41,,
PC,10,WLNP-6-3,876,,-114.027589,49.009902,,,7081,2018-07-08 05:28:00,9948,Transcribed,180s,1SPM,UNPA,Unidentified Passerine,"",1,45523,1,Song,9.41,1.64,-59.2,f,,Connor Charchuk,41,,
PC,10,WLNP-6-3,876,,-114.027589,49.009902,,,7081,2018-07-08 05:28:00,9948,Transcribed,180s,1SPM,PISI,Pine Siskin,SPINUS PINUS,1,45534,1,Call,77.61,0.89,-49.47,f,,Connor Charchuk,41,,
PC,10,WLNP-6-3,876,,-114.027589,49.009902,,,7081,2018-07-08 05:28:00,9948,Transcribed,180s,1SPM,CHSP,Chipping Sparrow,SPIZELLA PASSERINA,1,45545,1,Song,175.94,4.04,-49.77,f,,Connor Charchuk,41,,
PC,10,WLNP-6-3,876,,-114.027589,49.009902,,,7081,2018-07-08 05:28:00,9948,Transcribed,180s,1SPM,OSFL,Olive-sided Flycatcher,CONTOPUS COOPERI,2,45543,1,Song,131.96,0.89,-63.93,f,,Connor Charchuk,41,,
PC,10,WLNP-6-3,876,,-114.027589,49.009902,,,7081,2018-07-08 05:28:00,9948,Transcribed,180s,1SPM,OSFL,Olive-sided Flycatcher,CONTOPUS COOPERI,2,45519,1,Song,2.53,1.34,-52.62,f,,Connor Charchuk,41,,
PC,10,WLNP-6-3,876,,-114.027589,49.009902,,,7081,2018-07-08 05:28:00,9948,Transcribed,180s,1SPM,OSFL,Olive-sided Flycatcher,CONTOPUS COOPERI,1,45516,1,Song,0.03,0.95,-54.01,f,,Connor Charchuk,41,,
PC,10,WLNP-6-3,876,,-114.027589,49.009902,,,7081,2018-07-08 05:28:00,9948,Transcribed,180s,1SPM,OSFL,Olive-sided Flycatcher,CONTOPUS COOPERI,1,45537,1,Song,121.99,1.16,-54.47,f,,Connor Charchuk,41,,
PC,10,WLNP-6-3,876,,-114.027589,49.009902,,,7081,2018-07-08 05:28:00,9948,Transcribed,180s,1SPM,OSFL,Olive-sided Flycatcher,CONTOPUS COOPERI,1,45526,1,Song,60.04,1.20,-58.67,f,,Connor Charchuk,41,,
PC,10,WLNP-6-3,876,,-114.027589,49.009902,,,7084,2018-07-09 04:59:00,9951,Transcribed,180s,1SPM,DEJU,Dark-eyed Junco,JUNCO HYEMALIS,3,45506,1,Song,122.03,1.69,-62.89,f,,Connor Charchuk,41,,
PC,10,WLNP-6-3,876,,-114.027589,49.009902,,,7084,2018-07-09 04:59:00,9951,Transcribed,180s,1SPM,WCSP,White-crowned Sparrow,ZONOTRICHIA LEUCOPHRYS,3,45503,1,Song,63.10,2.65,-55.02,f,,Connor Charchuk,41,,
PC,10,WLNP-6-3,876,,-114.027589,49.009902,,,7084,2018-07-09 04:59:00,9951,Transcribed,180s,1SPM,WCSP,White-crowned Sparrow,ZONOTRICHIA LEUCOPHRYS,3,45508,1,Song,120.35,1.91,-64.61,f,,Connor Charchuk,41,,
PC,10,WLNP-6-3,876,,-114.027589,49.009902,,,7084,2018-07-09 04:59:00,9951,Transcribed,180s,1SPM,WCSP,White-crowned Sparrow,ZONOTRICHIA LEUCOPHRYS,3,45494,1,Song,38.41,2.53,-60.91,f,,Connor Charchuk,41,,
PC,10,WLNP-6-3,876,,-114.027589,49.009902,,,7084,2018-07-09 04:59:00,9951,Transcribed,180s,1SPM,WCSP,White-crowned Sparrow,ZONOTRICHIA LEUCOPHRYS,2,45515,1,Song,138.63,2.85,-58.37,f,,Connor Charchuk,41,,
PC,10,WLNP-6-3,876,,-114.027589,49.009902,,,7084,2018-07-09 04:59:00,9951,Transcribed,180s,1SPM,WCSP,White-crowned Sparrow,ZONOTRICHIA LEUCOPHRYS,2,45502,1,Song,66.01,3.04,-59.37,f,,Connor Charchuk,41,,
PC,10,WLNP-6-3,876,,-114.027589,49.009902,,,7084,2018-07-09 04:59:00,9951,Transcribed,180s,1SPM,WCSP,White-crowned Sparrow,ZONOTRICHIA LEUCOPHRYS,2,45493,1,Song,10.55,2.99,-54.13,f,,Connor Charchuk,41,,
PC,10,WLNP-6-3,876,,-114.027589,49.009902,,,7084,2018-07-09 04:59:00,9951,Transcribed,180s,1SPM,WCSP,White-crowned Sparrow,ZONOTRICHIA LEUCOPHRYS,1,45512,1,Song,127.56,3.11,-59.77,f,,Connor Charchuk,41,,
PC,10,WLNP-6-3,876,,-114.027589,49.009902,,,7084,2018-07-09 04:59:00,9951,Transcribed,180s,1SPM,WCSP,White-crowned Sparrow,ZONOTRICHIA LEUCOPHRYS,1,45505,1,Song,78.15,2.64,-60.32,f,,Connor Charchuk,41,,
PC,10,WLNP-6-3,876,,-114.027589,49.009902,,,7084,2018-07-09 04:59:00,9951,Transcribed,180s,1SPM,WCSP,White-crowned Sparrow,ZONOTRICHIA LEUCOPHRYS,1,45489,1,Song,2.29,3.13,-57.29,f,,Connor Charchuk,41,,
PC,10,WLNP-6-3,876,,-114.027589,49.009902,,,7084,2018-07-09 04:59:00,9951,Transcribed,180s,1SPM,HETH,Hermit Thrush,CATHARUS GUTTATUS,1,45513,1,Call,131.81,1.03,-60.27,f,,Connor Charchuk,41,,
PC,10,WLNP-6-3,876,,-114.027589,49.009902,,,7084,2018-07-09 04:59:00,9951,Transcribed,180s,1SPM,HETH,Hermit Thrush,CATHARUS GUTTATUS,1,45491,1,Song,6.98,1.70,-53.53,f,,Connor Charchuk,41,,
PC,10,WLNP-6-3,876,,-114.027589,49.009902,,,7084,2018-07-09 04:59:00,9951,Transcribed,180s,1SPM,DEJU,Dark-eyed Junco,JUNCO HYEMALIS,3,45498,1,Song,60.01,1.01,-64.57,f,,Connor Charchuk,41,,
PC,10,WLNP-6-3,876,,-114.027589,49.009902,,,7084,2018-07-09 04:59:00,9951,Transcribed,180s,1SPM,DEJU,Dark-eyed Junco,JUNCO HYEMALIS,3,45495,1,Song,44.40,2.05,-60.87,f,,Connor Charchuk,41,,
PC,10,WLNP-6-3,876,,-114.027589,49.009902,,,7084,2018-07-09 04:59:00,9951,Transcribed,180s,1SPM,DEJU,Dark-eyed Junco,JUNCO HYEMALIS,2,45511,1,Song,133.10,1.56,-70.35,f,,Connor Charchuk,41,,
PC,10,WLNP-6-3,876,,-114.027589,49.009902,,,7084,2018-07-09 04:59:00,9951,Transcribed,180s,1SPM,DEJU,Dark-eyed Junco,JUNCO HYEMALIS,2,45490,1,Song,4.71,2.38,-59.72,f,,Connor Charchuk,41,,
PC,10,WLNP-6-3,876,,-114.027589,49.009902,,,7084,2018-07-09 04:59:00,9951,Transcribed,180s,1SPM,DEJU,Dark-eyed Junco,JUNCO HYEMALIS,2,45499,1,Song,61.04,1.63,-65.99,f,,Connor Charchuk,41,,
PC,10,WLNP-6-3,876,,-114.027589,49.009902,,,7084,2018-07-09 04:59:00,9951,Transcribed,180s,1SPM,DEJU,Dark-eyed Junco,JUNCO HYEMALIS,1,45510,1,Song,123.70,1.76,-57.44,f,,Connor Charchuk,41,,
PC,10,WLNP-6-3,876,,-114.027589,49.009902,,,7084,2018-07-09 04:59:00,9951,Transcribed,180s,1SPM,DEJU,Dark-eyed Junco,JUNCO HYEMALIS,1,45500,1,Song,63.29,1.98,-54.12,f,,Connor Charchuk,41,,
PC,10,WLNP-6-3,876,,-114.027589,49.009902,,,7084,2018-07-09 04:59:00,9951,Transcribed,180s,1SPM,DEJU,Dark-eyed Junco,JUNCO HYEMALIS,1,45488,1,Song,0.85,1.95,-56.79,f,,Connor Charchuk,41,,
PC,10,WLNP-6-3,876,,-114.027589,49.009902,,,7084,2018-07-09 04:59:00,9951,Transcribed,180s,1SPM,OSFL,Olive-sided Flycatcher,CONTOPUS COOPERI,2,45504,1,Song,72.09,1.06,-69.06,f,,Connor Charchuk,41,,
PC,10,WLNP-6-3,876,,-114.027589,49.009902,,,7084,2018-07-09 04:59:00,9951,Transcribed,180s,1SPM,OSFL,Olive-sided Flycatcher,CONTOPUS COOPERI,1,45509,1,Song,121.76,1.25,-64.01,f,,Connor Charchuk,41,,
PC,10,WLNP-6-3,876,,-114.027589,49.009902,,,7084,2018-07-09 04:59:00,9951,Transcribed,180s,1SPM,OSFL,Olive-sided Flycatcher,CONTOPUS COOPERI,1,45492,1,Song,8.98,1.06,-61.54,f,,Connor Charchuk,41,,
PC,10,WLNP-6-3,876,,-114.027589,49.009902,,,7084,2018-07-09 04:59:00,9951,Transcribed,180s,1SPM,OSFL,Olive-sided Flycatcher,CONTOPUS COOPERI,1,45501,1,Song,61.39,1.26,-65.55,f,,Connor Charchuk,41,,
PC,10,WLNP-6-3,876,,-114.027589,49.009902,,,7004,2018-07-10 05:30:00,10007,Transcribed,180s,1SPM,DEJU,Dark-eyed Junco,JUNCO HYEMALIS,1,45233,1,Song,74.24,1.40,-59.14,f,,Tyne Baker,23,,
PC,10,WLNP-6-3,876,,-114.027589,49.009902,,,7004,2018-07-10 05:30:00,10007,Transcribed,180s,1SPM,OSFL,Olive-sided Flycatcher,CONTOPUS COOPERI,1,45231,TMTT,Song,60.79,1.30,-51.86,f,,Tyne Baker,23,AE: 2-3 some distant,
PC,10,WLNP-6-3,876,,-114.027589,49.009902,,,7004,2018-07-10 05:30:00,10007,Transcribed,180s,1SPM,OSFL,Olive-sided Flycatcher,CONTOPUS COOPERI,1,45193,TMTT,Song,0.03,0.66,-56.79,f,,Tyne Baker,23,AE: 2-3 some distant,
PC,10,WLNP-6-3,876,,-114.027589,49.009902,,,7004,2018-07-10 05:30:00,10007,Transcribed,180s,1SPM,BCCH,Black-capped Chickadee,POECILE ATRICAPILLUS,1,45236,1,Song,68.84,1.10,-61.46,f,,Tyne Baker,23,,
PC,10,WLNP-6-3,876,,-114.027589,49.009902,,,7004,2018-07-10 05:30:00,10007,Transcribed,180s,1SPM,BCCH,Black-capped Chickadee,POECILE ATRICAPILLUS,1,45257,1,Song,133.41,1.30,-65.34,f,,Tyne Baker,23,,
PC,10,WLNP-6-3,876,,-114.027589,49.009902,,,7004,2018-07-10 05:30:00,10007,Transcribed,180s,1SPM,BCCH,Black-capped Chickadee,POECILE ATRICAPILLUS,1,45214,1,Song,14.04,1.31,-49.86,f,,Tyne Baker,23,,
PC,10,WLNP-6-3,876,,-114.027589,49.009902,,,7004,2018-07-10 05:30:00,10007,Transcribed,180s,1SPM,BCCH,Black-capped Chickadee,POECILE ATRICAPILLUS,2,45256,1,Song,124.41,1.13,-69.85,f,,Tyne Baker,23,quieter,
PC,10,WLNP-6-3,876,,-114.027589,49.009902,,,7004,2018-07-10 05:30:00,10007,Transcribed,180s,1SPM,BCCH,Black-capped Chickadee,POECILE ATRICAPILLUS,2,45248,1,Song,89.75,1.03,-74.15,f,,Tyne Baker,23,quieter,
PC,10,WLNP-6-3,876,,-114.027589,49.009902,,,7004,2018-07-10 05:30:00,10007,Transcribed,180s,1SPM,PISI,Pine Siskin,SPINUS PINUS,1,45230,TMTT,Song,62.11,1.98,-68.52,f,,Tyne Baker,23,AE:2-5,
PC,10,WLNP-6-3,876,,-114.027589,49.009902,,,7004,2018-07-10 05:30:00,10007,Transcribed,180s,1SPM,PISI,Pine Siskin,SPINUS PINUS,1,45242,TMTT,Song,1.49,1.78,-56.02,f,,Tyne Baker,23,AE:2-5,
PC,10,WLNP-6-3,876,,-114.027589,49.009902,,,7004,2018-07-10 05:30:00,10007,Transcribed,180s,1SPM,PISI,Pine Siskin,SPINUS PINUS,1,45250,TMTT,Song,126.86,1.73,-44.47,f,,Tyne Baker,23,AE:2-5,
PC,10,WLNP-6-3,876,,-114.027589,49.009902,,,7004,2018-07-10 05:30:00,10007,Transcribed,180s,1SPM,UNPA,Unidentified Passerine,"",1,45259,1,Song,131.63,1.84,-68.33,f,,Tyne Baker,23,PUFI? WAVI? distant confidence:To Be Checked,
PC,10,WLNP-6-3,876,,-114.027589,49.009902,,,7004,2018-07-10 05:30:00,10007,Transcribed,180s,1SPM,UNKN,Unidentified signal,"",1,45247,1,Call,102.29,1.78,-65.31,f,,Tyne Baker,23,UNWO or AMRO confidence:Unknown far,
PC,10,WLNP-6-3,876,,-114.027589,49.009902,,,7004,2018-07-10 05:30:00,10007,Transcribed,180s,1SPM,DEJU,Dark-eyed Junco,JUNCO HYEMALIS,1,45194,1,Song,4.14,1.91,-60.04,f,,Tyne Baker,23,,
PC,10,WLNP-6-3,876,,-114.027589,49.009902,,,7004,2018-07-10 05:30:00,10007,Transcribed,180s,1SPM,UNAM,Unidentified passerine in the American Robin Song Complex,"",1,45243,TMTT,Song,76.50,1.88,-57.07,f,,Tyne Baker,23,"AE: 2-4, 
AMRO, finch or Grosbeaks (or combo), distant confidence:Unknown far",
PC,10,WLNP-6-3,876,,-114.027589,49.009902,,,7004,2018-07-10 05:30:00,10007,Transcribed,180s,1SPM,UNAM,Unidentified passerine in the American Robin Song Complex,"",1,45253,TMTT,Song,120.10,1.59,-70.42,f,,Tyne Baker,23,"AE: 2-4, 
AMRO, finch or Grosbeaks (or combo), distant confidence:Unknown far",
PC,10,WLNP-6-3,876,,-114.027589,49.009902,,,7004,2018-07-10 05:30:00,10007,Transcribed,180s,1SPM,UNAM,Unidentified passerine in the American Robin Song Complex,"",1,45212,TMTT,Song,6.78,1.60,-72.13,f,,Tyne Baker,23,"AE: 2-4, 
AMRO, finch or Grosbeaks (or combo), distant confidence:Unknown far",
PC,10,WLNP-6-3,876,,-114.027589,49.009902,,,7004,2018-07-10 05:30:00,10007,Transcribed,180s,1SPM,DEJU,Dark-eyed Junco,JUNCO HYEMALIS,1,45251,1,Song,121.06,1.54,-58.34,f,,Tyne Baker,23,,
PC,10,WLNP-6-3,876,,-114.027589,49.009902,,,7004,2018-07-10 05:30:00,10007,Transcribed,180s,1SPM,WCSP,White-crowned Sparrow,ZONOTRICHIA LEUCOPHRYS,1,45235,1,Song,67.34,1.54,-54.16,f,,Tyne Baker,23, ,
PC,10,WLNP-6-3,876,,-114.027589,49.009902,,,7004,2018-07-10 05:30:00,10007,Transcribed,180s,1SPM,WCSP,White-crowned Sparrow,ZONOTRICHIA LEUCOPHRYS,1,45255,1,Song,122.09,1.98,-65.86,f,,Tyne Baker,23, ,
PC,10,WLNP-6-3,876,,-114.027589,49.009902,,,7004,2018-07-10 05:30:00,10007,Transcribed,180s,1SPM,WCSP,White-crowned Sparrow,ZONOTRICHIA LEUCOPHRYS,1,45213,1,Song,0.04,4.66,-56.12,f,,Tyne Baker,23, ,
PC,10,WLNP-6-3,876,,-114.027589,49.009902,,,7004,2018-07-10 05:30:00,10007,Transcribed,180s,1SPM,AMRO,American Robin,TURDUS MIGRATORIUS,1,45262,1,S-C,136.69,1.21,-67.21,f,,Tyne Baker,23,,
PC,10,WLNP-6-3,876,,-114.027589,49.009902,,,7004,2018-07-10 05:30:00,10007,Transcribed,180s,1SPM,DEJU,Dark-eyed Junco,JUNCO HYEMALIS,2,45211,1,Song,6.54,1.84,-68.8,f,,Tyne Baker,23,,
PC,10,WLNP-6-3,876,,-114.027589,49.009902,,,7004,2018-07-10 05:30:00,10007,Transcribed,180s,1SPM,DEJU,Dark-eyed Junco,JUNCO HYEMALIS,2,45252,1,Song,120.15,0.91,-66.6,f,,Tyne Baker,23,,
PC,10,WLNP-6-3,876,,-114.027589,49.009902,,,7004,2018-07-10 05:30:00,10007,Transcribed,180s,1SPM,DEJU,Dark-eyed Junco,JUNCO HYEMALIS,2,45232,1,Song,60.05,0.93,-74.46,f,,Tyne Baker,23,,
PC,10,WLNP-6-4,862,,-114.012901,49.020166,,,7050,2018-06-29 05:21:00,9917,Transcribed,180s,1SPM,MOBL,Mountain Bluebird,SIALIA CURRUCOIDES,1,40947,1,Song,60.11,5.73,-67.05,f,,Christopher Moser-Purdy,37,,
PC,10,WLNP-6-4,862,,-114.012901,49.020166,,,7050,2018-06-29 05:21:00,9917,Transcribed,180s,1SPM,FOSP,Fox Sparrow,PASSERELLA ILIACA,1,40992,1,Song,72.96,2.50,-56.86,f,,Christopher Moser-Purdy,37,,
PC,10,WLNP-6-4,862,,-114.012901,49.020166,,,7050,2018-06-29 05:21:00,9917,Transcribed,180s,1SPM,FOSP,Fox Sparrow,PASSERELLA ILIACA,1,40982,1,Song,138.60,2.75,-57.17,f,,Christopher Moser-Purdy,37,,
PC,10,WLNP-6-4,862,,-114.012901,49.020166,,,7050,2018-06-29 05:21:00,9917,Transcribed,180s,1SPM,FOSP,Fox Sparrow,PASSERELLA ILIACA,1,40986,1,Song,14.86,2.49,-61.41,f,,Christopher Moser-Purdy,37,,
PC,10,WLNP-6-4,862,,-114.012901,49.020166,,,7050,2018-06-29 05:21:00,9917,Transcribed,180s,1SPM,AMPI,American Pipit,ANTHUS RUBESCENS,1,40954,1,Song,84.66,4.20,-55.75,f,,Christopher Moser-Purdy,37,"Really long slow trill, syllables seem too far apart for CHSP but song in general too long to be other triller",
PC,10,WLNP-6-4,862,,-114.012901,49.020166,,,7050,2018-06-29 05:21:00,9917,Transcribed,180s,1SPM,AMPI,American Pipit,ANTHUS RUBESCENS,1,40941,1,Song,27.85,4.04,-63.15,f,,Christopher Moser-Purdy,37,"Really long slow trill, syllables seem too far apart for CHSP but song in general too long to be other triller",
PC,10,WLNP-6-4,862,,-114.012901,49.020166,,,7050,2018-06-29 05:21:00,9917,Transcribed,180s,1SPM,AMPI,American Pipit,ANTHUS RUBESCENS,1,40999,1,Song,157.76,5.36,-62.18,f,,Christopher Moser-Purdy,37,"Really long slow trill, syllables seem too far apart for CHSP but song in general too long to be other triller",
PC,10,WLNP-6-4,862,,-114.012901,49.020166,,,7050,2018-06-29 05:21:00,9917,Transcribed,180s,1SPM,WCSP,White-crowned Sparrow,ZONOTRICHIA LEUCOPHRYS,3,40991,1,Song,6.80,2.38,-56.83,f,,Christopher Moser-Purdy,37,,
PC,10,WLNP-6-4,862,,-114.012901,49.020166,,,7050,2018-06-29 05:21:00,9917,Transcribed,180s,1SPM,WCSP,White-crowned Sparrow,ZONOTRICHIA LEUCOPHRYS,3,40990,1,Song,67.99,1.98,-62.06,f,,Christopher Moser-Purdy,37,,
PC,10,WLNP-6-4,862,,-114.012901,49.020166,,,7050,2018-06-29 05:21:00,9917,Transcribed,180s,1SPM,WCSP,White-crowned Sparrow,ZONOTRICHIA LEUCOPHRYS,3,40998,1,Song,123.83,2.49,-56.97,f,,Christopher Moser-Purdy,37,,
PC,10,WLNP-6-4,862,,-114.012901,49.020166,,,7050,2018-06-29 05:21:00,9917,Transcribed,180s,1SPM,WCSP,White-crowned Sparrow,ZONOTRICHIA LEUCOPHRYS,2,40936,1,Song,5.45,2.36,-60.78,f,,Christopher Moser-Purdy,37,,
PC,10,WLNP-6-4,862,,-114.012901,49.020166,,,7050,2018-06-29 05:21:00,9917,Transcribed,180s,1SPM,WCSP,White-crowned Sparrow,ZONOTRICHIA LEUCOPHRYS,2,40971,1,Song,127.35,3.48,-58.48,f,,Christopher Moser-Purdy,37,,
PC,10,WLNP-6-4,862,,-114.012901,49.020166,,,7050,2018-06-29 05:21:00,9917,Transcribed,180s,1SPM,WCSP,White-crowned Sparrow,ZONOTRICHIA LEUCOPHRYS,2,40949,1,Song,62.54,2.96,-58.75,f,,Christopher Moser-Purdy,37,,
PC,10,WLNP-6-4,862,,-114.012901,49.020166,,,7050,2018-06-29 05:21:00,9917,Transcribed,180s,1SPM,WCSP,White-crowned Sparrow,ZONOTRICHIA LEUCOPHRYS,1,40948,1,Song,60.16,1.96,-61.25,f,,Christopher Moser-Purdy,37,,
PC,10,WLNP-6-4,862,,-114.012901,49.020166,,,7050,2018-06-29 05:21:00,9917,Transcribed,180s,1SPM,WCSP,White-crowned Sparrow,ZONOTRICHIA LEUCOPHRYS,1,40928,1,Song,1.45,2.61,-65.52,f,,Christopher Moser-Purdy,37,,
PC,10,WLNP-6-4,862,,-114.012901,49.020166,,,7050,2018-06-29 05:21:00,9917,Transcribed,180s,1SPM,WCSP,White-crowned Sparrow,ZONOTRICHIA LEUCOPHRYS,1,40976,1,Song,161.46,2.76,-64.04,f,,Christopher Moser-Purdy,37,,
PC,10,WLNP-6-4,862,,-114.012901,49.020166,,,7050,2018-06-29 05:21:00,9917,Transcribed,180s,1SPM,HETH,Hermit Thrush,CATHARUS GUTTATUS,1,40931,1,S-C,3.51,1.90,-62.09,f,,Christopher Moser-Purdy,37,,
PC,10,WLNP-6-4,862,,-114.012901,49.020166,,,7050,2018-06-29 05:21:00,9917,Transcribed,180s,1SPM,HETH,Hermit Thrush,CATHARUS GUTTATUS,1,41331,1,Call,120.38,2.26,-58.33,f,,Christopher Moser-Purdy,37,,
PC,10,WLNP-6-4,862,,-114.012901,49.020166,,,7050,2018-06-29 05:21:00,9917,Transcribed,180s,1SPM,HETH,Hermit Thrush,CATHARUS GUTTATUS,1,40951,1,Call,67.64,0.74,-62.75,f,,Christopher Moser-Purdy,37,,
PC,10,WLNP-6-4,862,,-114.012901,49.020166,,,7050,2018-06-29 05:21:00,9917,Transcribed,180s,1SPM,MOBL,Mountain Bluebird,SIALIA CURRUCOIDES,1,40973,1,Song,120.36,9.68,-58.31,f,,Christopher Moser-Purdy,37,,
PC,10,WLNP-6-4,862,,-114.012901,49.020166,,,7050,2018-06-29 05:21:00,9917,Transcribed,180s,1SPM,MOBL,Mountain Bluebird,SIALIA CURRUCOIDES,1,40927,1,Song,0.01,3.50,-68.58,f,,Christopher Moser-Purdy,37,,
PC,10,WLNP-6-4,862,,-114.012901,49.020166,,,7050,2018-06-29 05:21:00,9917,Transcribed,180s,1SPM,VESP,Vesper Sparrow,POOECETES GRAMINEUS,1,40997,1,Song,120.09,1.38,-60.65,f,,Christopher Moser-Purdy,37,,
PC,10,WLNP-6-4,862,,-114.012901,49.020166,,,7050,2018-06-29 05:21:00,9917,Transcribed,180s,1SPM,VESP,Vesper Sparrow,POOECETES GRAMINEUS,1,40975,1,Song,119.50,0.53,-65.34,f,,Christopher Moser-Purdy,37,,
PC,10,WLNP-6-4,862,,-114.012901,49.020166,,,7050,2018-06-29 05:21:00,9917,Transcribed,180s,1SPM,LIWI,Light wind,"",1,40967,1,Song,111.01,3.60,-21.71,f,,Christopher Moser-Purdy,37,,
PC,10,WLNP-6-4,862,,-114.012901,49.020166,,,7050,2018-06-29 05:21:00,9917,Transcribed,180s,1SPM,LIBA,Light Background Noise,"",1,40945,1,Song,60.04,4.83,-39.94,f,,Christopher Moser-Purdy,37,,
PC,10,WLNP-6-4,862,,-114.012901,49.020166,,,7050,2018-06-29 05:21:00,9917,Transcribed,180s,1SPM,LIBA,Light Background Noise,"",1,41332,1,Song,120.09,4.73,-22.81,f,,Christopher Moser-Purdy,37,,
PC,10,WLNP-6-4,862,,-114.012901,49.020166,,,7050,2018-06-29 05:21:00,9917,Transcribed,180s,1SPM,LIBA,Light Background Noise,"",1,40923,1,Song,0.04,4.70,-36.93,f,,Christopher Moser-Purdy,37,,
PC,10,WLNP-6-4,862,,-114.012901,49.020166,,,7034,2018-07-02 05:23:00,9901,Transcribed,180s,1SPM,HETH,Hermit Thrush,CATHARUS GUTTATUS,2,42066,1,Song,139.00,1.25,-71.02,f,,Brandon Law,22,,
PC,10,WLNP-6-4,862,,-114.012901,49.020166,,,7034,2018-07-02 05:23:00,9901,Transcribed,180s,1SPM,HETH,Hermit Thrush,CATHARUS GUTTATUS,2,42060,1,Song,63.69,1.55,-63.17,f,,Brandon Law,22,,
PC,10,WLNP-6-4,862,,-114.012901,49.020166,,,7034,2018-07-02 05:23:00,9901,Transcribed,180s,1SPM,WCSP,White-crowned Sparrow,ZONOTRICHIA LEUCOPHRYS,2,42054,1,Song,28.65,2.63,-56.3,f,,Brandon Law,22,,
PC,10,WLNP-6-4,862,,-114.012901,49.020166,,,7034,2018-07-02 05:23:00,9901,Transcribed,180s,1SPM,WCSP,White-crowned Sparrow,ZONOTRICHIA LEUCOPHRYS,1,42064,1,Song,122.25,2.69,-64.01,f,,Brandon Law,22,,
PC,10,WLNP-6-4,862,,-114.012901,49.020166,,,7034,2018-07-02 05:23:00,9901,Transcribed,180s,1SPM,HETH,Hermit Thrush,CATHARUS GUTTATUS,1,42051,1,Song,0.18,1.38,-61.66,f,,Brandon Law,22,,
PC,10,WLNP-6-4,862,,-114.012901,49.020166,,,7034,2018-07-02 05:23:00,9901,Transcribed,180s,1SPM,HETH,Hermit Thrush,CATHARUS GUTTATUS,2,42053,1,Song,24.73,1.68,-62.45,f,,Brandon Law,22,,
PC,10,WLNP-6-4,862,,-114.012901,49.020166,,,7034,2018-07-02 05:23:00,9901,Transcribed,180s,1SPM,HETH,Hermit Thrush,CATHARUS GUTTATUS,1,42063,1,Song,120.21,1.83,-62.25,f,,Brandon Law,22,,
PC,10,WLNP-6-4,862,,-114.012901,49.020166,,,7034,2018-07-02 05:23:00,9901,Transcribed,180s,1SPM,WCSP,White-crowned Sparrow,ZONOTRICHIA LEUCOPHRYS,1,42057,1,Song,64.80,2.85,-63.55,f,,Brandon Law,22,,
PC,10,WLNP-6-4,862,,-114.012901,49.020166,,,7034,2018-07-02 05:23:00,9901,Transcribed,180s,1SPM,WCSP,White-crowned Sparrow,ZONOTRICHIA LEUCOPHRYS,1,42052,1,Song,4.80,2.08,-56.42,f,,Brandon Law,22,,
PC,10,WLNP-6-4,862,,-114.012901,49.020166,,,7034,2018-07-02 05:23:00,9901,Transcribed,180s,1SPM,LIBA,Light Background Noise,"",1,42055,1,Song,0.26,2.84,-45.94,f,,Brandon Law,22,,
PC,10,WLNP-6-4,862,,-114.012901,49.020166,,,7034,2018-07-02 05:23:00,9901,Transcribed,180s,1SPM,LIBA,Light Background Noise,"",1,42062,1,Song,120.26,2.50,-15.83,f,,Brandon Law,22,,
PC,10,WLNP-6-4,862,,-114.012901,49.020166,,,7034,2018-07-02 05:23:00,9901,Transcribed,180s,1SPM,LIBA,Light Background Noise,"",1,42059,1,Song,60.21,2.48,-27.92,f,,Brandon Law,22,,
PC,10,WLNP-6-4,862,,-114.012901,49.020166,,,7034,2018-07-02 05:23:00,9901,Transcribed,180s,1SPM,LIWI,Light wind,"",1,42061,1,Song,97.24,4.51,-12.54,f,,Brandon Law,22,,
PC,10,WLNP-6-4,862,,-114.012901,49.020166,,,7034,2018-07-02 05:23:00,9901,Transcribed,180s,1SPM,MOBL,Mountain Bluebird,SIALIA CURRUCOIDES,1,42050,1,Song,0.08,1.69,-56.96,f,,Brandon Law,22,,
PC,10,WLNP-6-4,862,,-114.012901,49.020166,,,7034,2018-07-02 05:23:00,9901,Transcribed,180s,1SPM,MOBL,Mountain Bluebird,SIALIA CURRUCOIDES,1,42056,1,Song,61.66,2.19,-62.48,f,,Brandon Law,22,,
PC,10,WLNP-6-4,862,,-114.012901,49.020166,,,7034,2018-07-02 05:23:00,9901,Transcribed,180s,1SPM,MOBL,Mountain Bluebird,SIALIA CURRUCOIDES,1,42065,1,Song,130.10,6.64,-54.23,f,,Brandon Law,22,,
PC,10,WLNP-6-4,862,,-114.012901,49.020166,,,7034,2018-07-02 05:23:00,9901,Transcribed,180s,1SPM,HETH,Hermit Thrush,CATHARUS GUTTATUS,1,42058,1,Song,63.23,2.20,-63.58,f,,Brandon Law,22,,
PC,10,WLNP-6-4,862,,-114.012901,49.020166,,,6975,2018-07-04 05:25:00,9978,Transcribed,180s,1SPM,VESP,Vesper Sparrow,POOECETES GRAMINEUS,1,44738,1,Song,10.04,1.93,-55.35,f,,Kevan Cowcill,20,,
PC,10,WLNP-6-4,862,,-114.012901,49.020166,,,6975,2018-07-04 05:25:00,9978,Transcribed,180s,1SPM,VESP,Vesper Sparrow,POOECETES GRAMINEUS,1,44751,1,Song,103.35,1.73,-60.45,f,,Kevan Cowcill,20,,
PC,10,WLNP-6-4,862,,-114.012901,49.020166,,,6975,2018-07-04 05:25:00,9978,Transcribed,180s,1SPM,HETH,Hermit Thrush,CATHARUS GUTTATUS,2,44762,1,Song,137.70,1.83,-65.58,f,,Kevan Cowcill,20,further away,
PC,10,WLNP-6-4,862,,-114.012901,49.020166,,,6975,2018-07-04 05:25:00,9978,Transcribed,180s,1SPM,HETH,Hermit Thrush,CATHARUS GUTTATUS,1,44744,1,Song,62.80,1.78,-52.66,f,,Kevan Cowcill,20,,
PC,10,WLNP-6-4,862,,-114.012901,49.020166,,,6975,2018-07-04 05:25:00,9978,Transcribed,180s,1SPM,HETH,Hermit Thrush,CATHARUS GUTTATUS,1,44730,1,Song,5.18,1.75,-54.37,f,,Kevan Cowcill,20,,
PC,10,WLNP-6-4,862,,-114.012901,49.020166,,,6975,2018-07-04 05:25:00,9978,Transcribed,180s,1SPM,MOBL,Mountain Bluebird,SIALIA CURRUCOIDES,1,44755,1,Call,120.05,4.09,-58.07,f,,Kevan Cowcill,20,Good example,
PC,10,WLNP-6-4,862,,-114.012901,49.020166,,,6975,2018-07-04 05:25:00,9978,Transcribed,180s,1SPM,MOBL,Mountain Bluebird,SIALIA CURRUCOIDES,1,44741,1,Call,60.73,3.81,-52.53,f,,Kevan Cowcill,20,Good example,
PC,10,WLNP-6-4,862,,-114.012901,49.020166,,,6975,2018-07-04 05:25:00,9978,Transcribed,180s,1SPM,HETH,Hermit Thrush,CATHARUS GUTTATUS,2,44743,1,Song,60.76,2.11,-59.66,f,,Kevan Cowcill,20,further away,
PC,10,WLNP-6-4,862,,-114.012901,49.020166,,,6975,2018-07-04 05:25:00,9978,Transcribed,180s,1SPM,HETH,Hermit Thrush,CATHARUS GUTTATUS,3,44736,1,Song,29.14,1.36,-58.35,f,,Kevan Cowcill,20,furthest away,
PC,10,WLNP-6-4,862,,-114.012901,49.020166,,,6975,2018-07-04 05:25:00,9978,Transcribed,180s,1SPM,HETH,Hermit Thrush,CATHARUS GUTTATUS,3,44757,1,Song,120.84,1.21,-68.77,f,,Kevan Cowcill,20,furthest away,
PC,10,WLNP-6-4,862,,-114.012901,49.020166,,,6975,2018-07-04 05:25:00,9978,Transcribed,180s,1SPM,HETH,Hermit Thrush,CATHARUS GUTTATUS,3,44747,1,Song,67.81,1.48,-58.58,f,,Kevan Cowcill,20,furthest away,
PC,10,WLNP-6-4,862,,-114.012901,49.020166,,,6975,2018-07-04 05:25:00,9978,Transcribed,180s,1SPM,WCSP,White-crowned Sparrow,ZONOTRICHIA LEUCOPHRYS,1,44748,1,Song,69.98,2.13,-62.38,f,,Kevan Cowcill,20,,
PC,10,WLNP-6-4,862,,-114.012901,49.020166,,,6975,2018-07-04 05:25:00,9978,Transcribed,180s,1SPM,WCSP,White-crowned Sparrow,ZONOTRICHIA LEUCOPHRYS,1,44726,1,Song,2.34,1.79,-60.52,f,,Kevan Cowcill,20,,
PC,10,WLNP-6-4,862,,-114.012901,49.020166,,,6975,2018-07-04 05:25:00,9978,Transcribed,180s,1SPM,WCSP,White-crowned Sparrow,ZONOTRICHIA LEUCOPHRYS,1,44763,1,Song,142.94,1.81,-60.69,f,,Kevan Cowcill,20,,
PC,10,WLNP-6-4,862,,-114.012901,49.020166,,,6975,2018-07-04 05:25:00,9978,Transcribed,180s,1SPM,HETH,Hermit Thrush,CATHARUS GUTTATUS,2,44734,1,Song,15.18,1.53,-58.08,f,,Kevan Cowcill,20,further away,
PC,10,WLNP-6-4,862,,-114.012901,49.020166,,,6975,2018-07-04 05:25:00,9978,Transcribed,180s,1SPM,MOBL,Mountain Bluebird,SIALIA CURRUCOIDES,1,44718,1,Call,0.18,2.75,-56.14,f,,Kevan Cowcill,20,Good example,
PC,10,WLNP-6-4,862,,-114.012901,49.020166,,,6975,2018-07-04 05:25:00,9978,Transcribed,180s,1SPM,UNTR,Unidentified Trill,"",1,44759,1,Song,120.11,1.45,-66.51,f,,Kevan Cowcill,20,"faint, masked",
PC,10,WLNP-6-4,862,,-114.012901,49.020166,,,6975,2018-07-04 05:25:00,9978,Transcribed,180s,1SPM,UNTR,Unidentified Trill,"",1,44728,1,Song,0.06,2.10,-65.97,f,,Kevan Cowcill,20,"faint, masked",
PC,10,WLNP-6-4,862,,-114.012901,49.020166,,,6975,2018-07-04 05:25:00,9978,Transcribed,180s,1SPM,UNTR,Unidentified Trill,"",1,44745,1,Song,64.45,1.54,-68.78,f,,Kevan Cowcill,20,"faint, masked",
PC,10,WLNP-6-4,862,,-114.012901,49.020166,,,6975,2018-07-04 05:25:00,9978,Transcribed,180s,1SPM,LIWI,Light wind,"",1,44760,1,Non-vocal,129.05,3.63,-22.19,f,,Kevan Cowcill,20,,
PC,10,WLNP-6-4,862,,-114.012901,49.020166,,,6975,2018-07-04 05:25:00,9978,Transcribed,180s,1SPM,LIWI,Light wind,"",1,44749,1,Non-vocal,78.39,3.11,-56.7,f,,Kevan Cowcill,20,,
PC,10,WLNP-6-4,862,,-114.012901,49.020166,,,6975,2018-07-04 05:25:00,9978,Transcribed,180s,1SPM,LIWI,Light wind,"",1,44739,1,Non-vocal,21.46,2.80,-55.36,f,,Kevan Cowcill,20,,
PC,10,WLNP-6-4,862,,-114.012901,49.020166,,,6975,2018-07-04 05:25:00,9978,Transcribed,180s,1SPM,LIBA,Light Background Noise,"",1,44740,1,Non-vocal,60.15,4.14,-54.47,f,,Kevan Cowcill,20,,
PC,10,WLNP-6-4,862,,-114.012901,49.020166,,,6975,2018-07-04 05:25:00,9978,Transcribed,180s,1SPM,LIBA,Light Background Noise,"",1,44754,1,Non-vocal,120.05,4.40,-24.58,f,,Kevan Cowcill,20,,
PC,10,WLNP-6-4,862,,-114.012901,49.020166,,,6975,2018-07-04 05:25:00,9978,Transcribed,180s,1SPM,LIBA,Light Background Noise,"",1,44729,1,Non-vocal,0.05,4.85,-58.87,f,,Kevan Cowcill,20,,
PC,10,WLNP-6-4,862,,-114.012901,49.020166,,,6975,2018-07-04 05:25:00,9978,Transcribed,180s,1SPM,WCSP,White-crowned Sparrow,ZONOTRICHIA LEUCOPHRYS,2,44750,1,Song,79.70,1.49,-66.99,f,,Kevan Cowcill,20,faint,
PC,10,WLNP-6-4,862,,-114.012901,49.020166,,,6975,2018-07-04 05:25:00,9978,Transcribed,180s,1SPM,WCSP,White-crowned Sparrow,ZONOTRICHIA LEUCOPHRYS,2,44764,1,Song,149.10,1.83,-63.08,f,,Kevan Cowcill,20,faint,
PC,10,WLNP-6-4,862,,-114.012901,49.020166,,,6975,2018-07-04 05:25:00,9978,Transcribed,180s,1SPM,HETH,Hermit Thrush,CATHARUS GUTTATUS,1,44758,1,Song,122.65,1.74,-62.13,f,,Kevan Cowcill,20,,
PC,10,WLNP-6-4,862,,-114.012901,49.020166,,,6949,2018-07-05 04:56:00,9952,Transcribed,180s,1SPM,HETH,Hermit Thrush,CATHARUS GUTTATUS,2,42567,1,Song,93.20,1.48,-55.29,f,,Connor Charchuk,41,,
PC,10,WLNP-6-4,862,,-114.012901,49.020166,,,6949,2018-07-05 04:56:00,9952,Transcribed,180s,1SPM,WCSP,White-crowned Sparrow,ZONOTRICHIA LEUCOPHRYS,1,42571,TMTT,Song,123.68,2.21,-60.51,f,,Connor Charchuk,41,4-5,
PC,10,WLNP-6-4,862,,-114.012901,49.020166,,,6949,2018-07-05 04:56:00,9952,Transcribed,180s,1SPM,WCSP,White-crowned Sparrow,ZONOTRICHIA LEUCOPHRYS,1,42560,TMTT,Song,2.59,2.56,-48.18,f,,Connor Charchuk,41,4-5,
PC,10,WLNP-6-4,862,,-114.012901,49.020166,,,6949,2018-07-05 04:56:00,9952,Transcribed,180s,1SPM,WCSP,White-crowned Sparrow,ZONOTRICHIA LEUCOPHRYS,1,42564,TMTT,Song,61.38,1.95,-52.81,f,,Connor Charchuk,41,4-5,
PC,10,WLNP-6-4,862,,-114.012901,49.020166,,,6949,2018-07-05 04:56:00,9952,Transcribed,180s,1SPM,UNWA,Unidentified Warbler,"",1,42563,1,Song,34.13,1.30,-65.69,f,,Connor Charchuk,41,like MOWA confidence:Unknown far,
PC,10,WLNP-6-4,862,,-114.012901,49.020166,,,6949,2018-07-05 04:56:00,9952,Transcribed,180s,1SPM,MOBL,Mountain Bluebird,SIALIA CURRUCOIDES,1,42565,TMTT,Song,60.31,1.71,-54.82,f,,Connor Charchuk,41,3-5 probably,
PC,10,WLNP-6-4,862,,-114.012901,49.020166,,,6949,2018-07-05 04:56:00,9952,Transcribed,180s,1SPM,MOBL,Mountain Bluebird,SIALIA CURRUCOIDES,1,42562,TMTT,Song,13.76,1.18,-63.19,f,,Connor Charchuk,41,3-5 probably,
PC,10,WLNP-6-4,862,,-114.012901,49.020166,,,6949,2018-07-05 04:56:00,9952,Transcribed,180s,1SPM,MOBL,Mountain Bluebird,SIALIA CURRUCOIDES,1,42568,TMTT,Song,120.10,3.85,-55.93,f,,Connor Charchuk,41,3-5 probably,
PC,10,WLNP-6-4,862,,-114.012901,49.020166,,,6949,2018-07-05 04:56:00,9952,Transcribed,180s,1SPM,HETH,Hermit Thrush,CATHARUS GUTTATUS,1,42570,1,Song,122.81,1.49,-56.93,f,,Connor Charchuk,41,,
PC,10,WLNP-6-4,862,,-114.012901,49.020166,,,6949,2018-07-05 04:56:00,9952,Transcribed,180s,1SPM,HETH,Hermit Thrush,CATHARUS GUTTATUS,1,42561,1,Song,4.98,1.51,-59.2,f,,Connor Charchuk,41,,
PC,10,WLNP-6-4,862,,-114.012901,49.020166,,,6949,2018-07-05 04:56:00,9952,Transcribed,180s,1SPM,HETH,Hermit Thrush,CATHARUS GUTTATUS,1,42566,1,Song,66.56,1.55,-61.82,f,,Connor Charchuk,41,,
PC,10,WLNP-6-4,862,,-114.012901,49.020166,,,6949,2018-07-05 04:56:00,9952,Transcribed,180s,1SPM,HETH,Hermit Thrush,CATHARUS GUTTATUS,2,42569,1,Song,120.68,2.09,-57.75,f,,Connor Charchuk,41,,
PC,10,WLNP-6-5,848,,-114.009125,49.021301,,,7012,2018-06-28 05:21:00,9879,Transcribed,180s,1SPM,CHSP,Chipping Sparrow,SPIZELLA PASSERINA,1,59589,1,Song,120.10,1.06,-63.96,f,,Alex MacPhail,15,,
PC,10,WLNP-6-5,848,,-114.009125,49.021301,,,7012,2018-06-28 05:21:00,9879,Transcribed,180s,1SPM,AMPI,American Pipit,ANTHUS RUBESCENS,2,59578,1,Song,47.59,5.75,-64.5,f,,Alex MacPhail,15,Buzzier,
PC,10,WLNP-6-5,848,,-114.009125,49.021301,,,7012,2018-06-28 05:21:00,9879,Transcribed,180s,1SPM,AMPI,American Pipit,ANTHUS RUBESCENS,2,59590,1,Song,120.03,1.14,-64.78,f,,Alex MacPhail,15,Buzzier,
PC,10,WLNP-6-5,848,,-114.009125,49.021301,,,7012,2018-06-28 05:21:00,9879,Transcribed,180s,1SPM,AMPI,American Pipit,ANTHUS RUBESCENS,1,59579,1,Song,60.13,4.10,-63.37,f,,Alex MacPhail,15,Something cool!,
PC,10,WLNP-6-5,848,,-114.009125,49.021301,,,7012,2018-06-28 05:21:00,9879,Transcribed,180s,1SPM,AMPI,American Pipit,ANTHUS RUBESCENS,1,55212,1,Song,0.03,4.86,-58.36,f,,Alex MacPhail,15,Something cool!,
PC,10,WLNP-6-5,848,,-114.009125,49.021301,,,7012,2018-06-28 05:21:00,9879,Transcribed,180s,1SPM,WCSP,White-crowned Sparrow,ZONOTRICHIA LEUCOPHRYS,1,55190,1,Song,0.03,1.31,-59.87,f,,Alex MacPhail,15,,
PC,10,WLNP-6-5,848,,-114.009125,49.021301,,,7012,2018-06-28 05:21:00,9879,Transcribed,180s,1SPM,WCSP,White-crowned Sparrow,ZONOTRICHIA LEUCOPHRYS,2,55192,1,Song,2.01,2.06,-59.24,f,,Alex MacPhail,15,,
PC,10,WLNP-6-5,848,,-114.009125,49.021301,,,7012,2018-06-28 05:21:00,9879,Transcribed,180s,1SPM,WCSP,White-crowned Sparrow,ZONOTRICHIA LEUCOPHRYS,2,59592,1,Song,122.80,2.44,-58.87,f,,Alex MacPhail,15,,
PC,10,WLNP-6-5,848,,-114.009125,49.021301,,,7012,2018-06-28 05:21:00,9879,Transcribed,180s,1SPM,CHSP,Chipping Sparrow,SPIZELLA PASSERINA,1,59584,1,Song,62.69,3.94,-58.18,f,,Alex MacPhail,15,,
PC,10,WLNP-6-5,848,,-114.009125,49.021301,,,7012,2018-06-28 05:21:00,9879,Transcribed,180s,1SPM,CHSP,Chipping Sparrow,SPIZELLA PASSERINA,1,59577,1,Song,8.96,2.31,-70.27,f,,Alex MacPhail,15,,
PC,10,WLNP-6-5,848,,-114.009125,49.021301,,,7012,2018-06-28 05:21:00,9879,Transcribed,180s,1SPM,LIWI,Light wind,"",1,55188,1,Song,0.08,5.35,-39.26,f,,Alex MacPhail,15,,
PC,10,WLNP-6-5,848,,-114.009125,49.021301,,,7012,2018-06-28 05:21:00,9879,Transcribed,180s,1SPM,LIWI,Light wind,"",1,59581,1,Song,60.11,5.03,-37.97,f,,Alex MacPhail,15,,
PC,10,WLNP-6-5,848,,-114.009125,49.021301,,,7012,2018-06-28 05:21:00,9879,Transcribed,180s,1SPM,LIWI,Light wind,"",1,59596,1,Song,120.01,5.13,-36.74,f,,Alex MacPhail,15,,
PC,10,WLNP-6-5,848,,-114.009125,49.021301,,,7012,2018-06-28 05:21:00,9879,Transcribed,180s,1SPM,MOWI,Moderate wind,"",1,59597,1,Song,134.83,6.11,-25.98,f,,Alex MacPhail,15,,
PC,10,WLNP-6-5,848,,-114.009125,49.021301,,,7012,2018-06-28 05:21:00,9879,Transcribed,180s,1SPM,WCSP,White-crowned Sparrow,ZONOTRICHIA LEUCOPHRYS,2,59582,1,Song,60.05,1.23,-64.26,f,,Alex MacPhail,15,,
PC,10,WLNP-6-5,848,,-114.009125,49.021301,,,7012,2018-06-28 05:21:00,9879,Transcribed,180s,1SPM,WCSP,White-crowned Sparrow,ZONOTRICHIA LEUCOPHRYS,3,59585,1,Song,64.43,1.84,-57.57,f,,Alex MacPhail,15,,
PC,10,WLNP-6-5,848,,-114.009125,49.021301,,,7012,2018-06-28 05:21:00,9879,Transcribed,180s,1SPM,WCSP,White-crowned Sparrow,ZONOTRICHIA LEUCOPHRYS,3,55193,1,Song,2.96,1.99,-58.64,f,,Alex MacPhail,15,,
PC,10,WLNP-6-5,848,,-114.009125,49.021301,,,7012,2018-06-28 05:21:00,9879,Transcribed,180s,1SPM,AMPI,American Pipit,ANTHUS RUBESCENS,1,59591,1,Song,124.85,4.30,-56.56,f,,Alex MacPhail,15,Something cool!,
PC,10,WLNP-6-5,848,,-114.009125,49.021301,,,7012,2018-06-28 05:21:00,9879,Transcribed,180s,1SPM,WCSP,White-crowned Sparrow,ZONOTRICHIA LEUCOPHRYS,4,55226,1,Song,45.51,2.15,-60.4,f,,Alex MacPhail,15,,
PC,10,WLNP-6-5,848,,-114.009125,49.021301,,,7012,2018-06-28 05:21:00,9879,Transcribed,180s,1SPM,WCSP,White-crowned Sparrow,ZONOTRICHIA LEUCOPHRYS,4,59595,1,Song,126.28,1.88,-56.27,f,,Alex MacPhail,15,,
PC,10,WLNP-6-5,848,,-114.009125,49.021301,,,7012,2018-06-28 05:21:00,9879,Transcribed,180s,1SPM,AMPI,American Pipit,ANTHUS RUBESCENS,2,59580,1,Song,60.06,4.40,-64.06,f,,Alex MacPhail,15,Buzzier,
PC,10,WLNP-6-5,848,,-114.009125,49.021301,,,7012,2018-06-28 05:21:00,9879,Transcribed,180s,1SPM,UNTR,Unidentified Trill,"",1,59600,1,Song,156.58,1.91,-70.92,f,,Alex MacPhail,15,,
PC,10,WLNP-6-5,848,,-114.009125,49.021301,,,7012,2018-06-28 05:21:00,9879,Transcribed,180s,1SPM,UNTR,Unidentified Trill,"",1,55208,1,Song,4.63,1.60,-69.36,f,,Alex MacPhail,15,,
PC,10,WLNP-6-5,848,,-114.009125,49.021301,,,7012,2018-06-28 05:21:00,9879,Transcribed,180s,1SPM,MOBL,Mountain Bluebird,SIALIA CURRUCOIDES,1,59587,1,Song,69.09,1.18,-62.49,f,,Alex MacPhail,15,,
PC,10,WLNP-6-5,848,,-114.009125,49.021301,,,7012,2018-06-28 05:21:00,9879,Transcribed,180s,1SPM,MOBL,Mountain Bluebird,SIALIA CURRUCOIDES,1,59593,1,Song,125.29,0.93,-66.36,f,,Alex MacPhail,15,,
PC,10,WLNP-6-5,848,,-114.009125,49.021301,,,7012,2018-06-28 05:21:00,9879,Transcribed,180s,1SPM,MOBL,Mountain Bluebird,SIALIA CURRUCOIDES,1,55224,1,Song,2.83,0.89,-62.55,f,,Alex MacPhail,15,,
PC,10,WLNP-6-5,848,,-114.009125,49.021301,,,7012,2018-06-28 05:21:00,9879,Transcribed,180s,1SPM,UNAM,Unidentified passerine in the American Robin Song Complex,"",1,59588,1,Song,82.24,2.33,-64.25,f,,Alex MacPhail,15,Sounds like MOBL/AMRO confidence:Unknown far,
PC,10,WLNP-6-5,848,,-114.009125,49.021301,,,7012,2018-06-28 05:21:00,9879,Transcribed,180s,1SPM,HETH,Hermit Thrush,CATHARUS GUTTATUS,1,59583,1,Song,62.70,1.54,-62.42,f,,Alex MacPhail,15,,
PC,10,WLNP-6-5,848,,-114.009125,49.021301,,,7012,2018-06-28 05:21:00,9879,Transcribed,180s,1SPM,HETH,Hermit Thrush,CATHARUS GUTTATUS,1,59598,1,Song,142.44,1.34,-64.83,f,,Alex MacPhail,15,,
PC,10,WLNP-6-5,848,,-114.009125,49.021301,,,7012,2018-06-28 05:21:00,9879,Transcribed,180s,1SPM,HETH,Hermit Thrush,CATHARUS GUTTATUS,1,55222,1,Song,7.58,1.34,-61.31,f,,Alex MacPhail,15,,
PC,10,WLNP-6-5,848,,-114.009125,49.021301,,,7012,2018-06-28 05:21:00,9879,Transcribed,180s,1SPM,WCSP,White-crowned Sparrow,ZONOTRICHIA LEUCOPHRYS,1,59594,1,Song,129.66,1.88,-67.67,f,,Alex MacPhail,15,,
PC,10,WLNP-6-5,848,,-114.009125,49.021301,,,7012,2018-06-28 05:21:00,9879,Transcribed,180s,1SPM,WCSP,White-crowned Sparrow,ZONOTRICHIA LEUCOPHRYS,1,59586,1,Song,65.60,1.64,-61.24,f,,Alex MacPhail,15,,
PC,10,WLNP-6-5,848,,-114.009125,49.021301,,,6967,2018-07-03 05:24:00,9970,Transcribed,180s,1SPM,MOBL,Mountain Bluebird,SIALIA CURRUCOIDES,1,42925,1,Song,64.96,5.60,-63.37,f,,Jillian Slater,25,,"HETH: Time of first detection is at 0:00, 1:00 and 2:00 but time of best detection is at 0:40.

WCSP: Time of first detection is at 0:02, 1:02 and 2:17 but time of best detection is at 0:10."
PC,10,WLNP-6-5,848,,-114.009125,49.021301,,,6967,2018-07-03 05:24:00,9970,Transcribed,180s,1SPM,MOBL,Mountain Bluebird,SIALIA CURRUCOIDES,1,42916,1,Song,0.05,9.31,-56.51,f,,Jillian Slater,25,,"HETH: Time of first detection is at 0:00, 1:00 and 2:00 but time of best detection is at 0:40.

WCSP: Time of first detection is at 0:02, 1:02 and 2:17 but time of best detection is at 0:10."
PC,10,WLNP-6-5,848,,-114.009125,49.021301,,,6967,2018-07-03 05:24:00,9970,Transcribed,180s,1SPM,MOBL,Mountain Bluebird,SIALIA CURRUCOIDES,1,42931,1,Song,124.11,9.66,-61.97,f,,Jillian Slater,25,,"HETH: Time of first detection is at 0:00, 1:00 and 2:00 but time of best detection is at 0:40.

WCSP: Time of first detection is at 0:02, 1:02 and 2:17 but time of best detection is at 0:10."
PC,10,WLNP-6-5,848,,-114.009125,49.021301,,,6967,2018-07-03 05:24:00,9970,Transcribed,180s,1SPM,HETH,Hermit Thrush,CATHARUS GUTTATUS,1,42924,TMTT,Song,60.05,7.15,-49.19,f,,Jillian Slater,25,AE: 2-3 probably two but impossible to track accurately,"HETH: Time of first detection is at 0:00, 1:00 and 2:00 but time of best detection is at 0:40.

WCSP: Time of first detection is at 0:02, 1:02 and 2:17 but time of best detection is at 0:10."
PC,10,WLNP-6-5,848,,-114.009125,49.021301,,,6967,2018-07-03 05:24:00,9970,Transcribed,180s,1SPM,HETH,Hermit Thrush,CATHARUS GUTTATUS,1,42917,TMTT,Song,0.00,5.51,-55.19,f,,Jillian Slater,25,AE: 2-3 probably two but impossible to track accurately,"HETH: Time of first detection is at 0:00, 1:00 and 2:00 but time of best detection is at 0:40.

WCSP: Time of first detection is at 0:02, 1:02 and 2:17 but time of best detection is at 0:10."
PC,10,WLNP-6-5,848,,-114.009125,49.021301,,,6967,2018-07-03 05:24:00,9970,Transcribed,180s,1SPM,HETH,Hermit Thrush,CATHARUS GUTTATUS,1,42930,TMTT,Song,120.04,5.80,-64.73,f,,Jillian Slater,25,AE: 2-3 probably two but impossible to track accurately,"HETH: Time of first detection is at 0:00, 1:00 and 2:00 but time of best detection is at 0:40.

WCSP: Time of first detection is at 0:02, 1:02 and 2:17 but time of best detection is at 0:10."
PC,10,WLNP-6-5,848,,-114.009125,49.021301,,,6967,2018-07-03 05:24:00,9970,Transcribed,180s,1SPM,HETH,Hermit Thrush,CATHARUS GUTTATUS,2,42936,1,Song,39.56,1.85,-64.01,f,,Jillian Slater,25,TOBD for HETH,"HETH: Time of first detection is at 0:00, 1:00 and 2:00 but time of best detection is at 0:40.

WCSP: Time of first detection is at 0:02, 1:02 and 2:17 but time of best detection is at 0:10."
PC,10,WLNP-6-5,848,,-114.009125,49.021301,,,6967,2018-07-03 05:24:00,9970,Transcribed,180s,1SPM,WCSP,White-crowned Sparrow,ZONOTRICHIA LEUCOPHRYS,1,42915,1,Song,2.03,2.44,-55.05,f,,Jillian Slater,25,,"HETH: Time of first detection is at 0:00, 1:00 and 2:00 but time of best detection is at 0:40.

WCSP: Time of first detection is at 0:02, 1:02 and 2:17 but time of best detection is at 0:10."
PC,10,WLNP-6-5,848,,-114.009125,49.021301,,,6967,2018-07-03 05:24:00,9970,Transcribed,180s,1SPM,WCSP,White-crowned Sparrow,ZONOTRICHIA LEUCOPHRYS,1,42921,1,Song,62.29,2.50,-49.23,f,,Jillian Slater,25,,"HETH: Time of first detection is at 0:00, 1:00 and 2:00 but time of best detection is at 0:40.

WCSP: Time of first detection is at 0:02, 1:02 and 2:17 but time of best detection is at 0:10."
PC,10,WLNP-6-5,848,,-114.009125,49.021301,,,6967,2018-07-03 05:24:00,9970,Transcribed,180s,1SPM,WCSP,White-crowned Sparrow,ZONOTRICHIA LEUCOPHRYS,1,42932,1,Song,137.54,2.70,-60.51,f,,Jillian Slater,25,,"HETH: Time of first detection is at 0:00, 1:00 and 2:00 but time of best detection is at 0:40.

WCSP: Time of first detection is at 0:02, 1:02 and 2:17 but time of best detection is at 0:10."
PC,10,WLNP-6-5,848,,-114.009125,49.021301,,,6967,2018-07-03 05:24:00,9970,Transcribed,180s,1SPM,WCSP,White-crowned Sparrow,ZONOTRICHIA LEUCOPHRYS,2,43007,1,Song,10.98,2.43,-51.46,f,,Jillian Slater,25,TOBD for WCSP1,"HETH: Time of first detection is at 0:00, 1:00 and 2:00 but time of best detection is at 0:40.

WCSP: Time of first detection is at 0:02, 1:02 and 2:17 but time of best detection is at 0:10."
PC,10,WLNP-6-5,848,,-114.009125,49.021301,,,6967,2018-07-03 05:24:00,9970,Transcribed,180s,1SPM,AMPI,American Pipit,ANTHUS RUBESCENS,1,42929,1,Call,130.43,9.84,-58.39,f,,Jillian Slater,25,,"HETH: Time of first detection is at 0:00, 1:00 and 2:00 but time of best detection is at 0:40.

WCSP: Time of first detection is at 0:02, 1:02 and 2:17 but time of best detection is at 0:10."
PC,10,WLNP-6-5,848,,-114.009125,49.021301,,,6967,2018-07-03 05:24:00,9970,Transcribed,180s,1SPM,LIBA,Light Background Noise,"",1,42927,1,Song,120.05,6.71,-52.56,f,,Jillian Slater,25,,"HETH: Time of first detection is at 0:00, 1:00 and 2:00 but time of best detection is at 0:40.

WCSP: Time of first detection is at 0:02, 1:02 and 2:17 but time of best detection is at 0:10."
PC,10,WLNP-6-5,848,,-114.009125,49.021301,,,6967,2018-07-03 05:24:00,9970,Transcribed,180s,1SPM,LIBA,Light Background Noise,"",1,42933,1,Song,60.04,6.08,-46.05,f,,Jillian Slater,25,,"HETH: Time of first detection is at 0:00, 1:00 and 2:00 but time of best detection is at 0:40.

WCSP: Time of first detection is at 0:02, 1:02 and 2:17 but time of best detection is at 0:10."
PC,10,WLNP-6-5,848,,-114.009125,49.021301,,,6967,2018-07-03 05:24:00,9970,Transcribed,180s,1SPM,LIBA,Light Background Noise,"",1,42934,1,Song,0.08,4.75,-39.32,f,,Jillian Slater,25,,"HETH: Time of first detection is at 0:00, 1:00 and 2:00 but time of best detection is at 0:40.

WCSP: Time of first detection is at 0:02, 1:02 and 2:17 but time of best detection is at 0:10."
PC,10,WLNP-6-5,848,,-114.009125,49.021301,,,6967,2018-07-03 05:24:00,9970,Transcribed,180s,1SPM,CHSP,Chipping Sparrow,SPIZELLA PASSERINA,1,42928,1,Song,120.89,1.81,-70.45,f,,Jillian Slater,25,,"HETH: Time of first detection is at 0:00, 1:00 and 2:00 but time of best detection is at 0:40.

WCSP: Time of first detection is at 0:02, 1:02 and 2:17 but time of best detection is at 0:10."
PC,10,WLNP-6-5,848,,-114.009125,49.021301,,,6967,2018-07-03 05:24:00,9970,Transcribed,180s,1SPM,CHSP,Chipping Sparrow,SPIZELLA PASSERINA,1,42918,1,Song,18.59,1.84,-67.87,f,,Jillian Slater,25,,"HETH: Time of first detection is at 0:00, 1:00 and 2:00 but time of best detection is at 0:40.

WCSP: Time of first detection is at 0:02, 1:02 and 2:17 but time of best detection is at 0:10."
PC,10,WLNP-6-5,848,,-114.009125,49.021301,,,6967,2018-07-03 05:24:00,9970,Transcribed,180s,1SPM,CHSP,Chipping Sparrow,SPIZELLA PASSERINA,1,42926,1,Song,74.65,2.21,-61.46,f,,Jillian Slater,25,,"HETH: Time of first detection is at 0:00, 1:00 and 2:00 but time of best detection is at 0:40.

WCSP: Time of first detection is at 0:02, 1:02 and 2:17 but time of best detection is at 0:10."
PC,10,WLNP-6-5,848,,-114.009125,49.021301,,,6967,2018-07-03 05:24:00,9970,Transcribed,180s,1SPM,UNPA,Unidentified Passerine,"",1,42919,1,Song,29.64,1.50,-74.08,f,,Jillian Slater,25,confidence:Unknown far,"HETH: Time of first detection is at 0:00, 1:00 and 2:00 but time of best detection is at 0:40.

WCSP: Time of first detection is at 0:02, 1:02 and 2:17 but time of best detection is at 0:10."
PC,10,WLNP-6-5,848,,-114.009125,49.021301,,,6967,2018-07-03 05:24:00,9970,Transcribed,180s,1SPM,UNPA,Unidentified Passerine,"",1,42922,1,Song,61.78,1.50,-54.51,f,,Jillian Slater,25,confidence:Unknown far,"HETH: Time of first detection is at 0:00, 1:00 and 2:00 but time of best detection is at 0:40.

WCSP: Time of first detection is at 0:02, 1:02 and 2:17 but time of best detection is at 0:10."
PC,10,WLNP-6-5,848,,-114.009125,49.021301,,,7013,2018-07-09 04:59:00,9880,Transcribed,180s,1SPM,BCFR,Boreal Chorus Frog,PSEUDACRIS MACULATA,1,55101,CI 1,Song,101.36,1.46,-66.56,f,,Alex MacPhail,15,,Everything very faint/masked by wind
PC,10,WLNP-6-5,848,,-114.009125,49.021301,,,7013,2018-07-09 04:59:00,9880,Transcribed,180s,1SPM,WCSP,White-crowned Sparrow,ZONOTRICHIA LEUCOPHRYS,1,55086,TMTT,Song,60.24,14.54,-58.95,f,,Alex MacPhail,15,AE: 4-5?,Everything very faint/masked by wind
PC,10,WLNP-6-5,848,,-114.009125,49.021301,,,7013,2018-07-09 04:59:00,9880,Transcribed,180s,1SPM,WCSP,White-crowned Sparrow,ZONOTRICHIA LEUCOPHRYS,1,55103,TMTT,Song,120.18,14.88,-51.53,f,,Alex MacPhail,15,AE: 4-5?,Everything very faint/masked by wind
PC,10,WLNP-6-5,848,,-114.009125,49.021301,,,7013,2018-07-09 04:59:00,9880,Transcribed,180s,1SPM,WCSP,White-crowned Sparrow,ZONOTRICHIA LEUCOPHRYS,1,55058,TMTT,Song,1.03,14.01,-61.41,f,,Alex MacPhail,15,AE: 4-5?,Everything very faint/masked by wind
PC,10,WLNP-6-5,848,,-114.009125,49.021301,,,7013,2018-07-09 04:59:00,9880,Transcribed,180s,1SPM,HETH,Hermit Thrush,CATHARUS GUTTATUS,2,55093,1,Song,60.90,1.11,-65.2,f,,Alex MacPhail,15,,Everything very faint/masked by wind
PC,10,WLNP-6-5,848,,-114.009125,49.021301,,,7013,2018-07-09 04:59:00,9880,Transcribed,180s,1SPM,HETH,Hermit Thrush,CATHARUS GUTTATUS,2,55080,1,Song,8.44,1.60,-67.24,f,,Alex MacPhail,15,,Everything very faint/masked by wind
PC,10,WLNP-6-5,848,,-114.009125,49.021301,,,7013,2018-07-09 04:59:00,9880,Transcribed,180s,1SPM,HETH,Hermit Thrush,CATHARUS GUTTATUS,1,55079,1,Song,0.88,2.14,-63.83,f,,Alex MacPhail,15,,Everything very faint/masked by wind
PC,10,WLNP-6-5,848,,-114.009125,49.021301,,,7013,2018-07-09 04:59:00,9880,Transcribed,180s,1SPM,HETH,Hermit Thrush,CATHARUS GUTTATUS,1,55091,1,Song,63.29,1.53,-58.91,f,,Alex MacPhail,15,,Everything very faint/masked by wind
PC,10,WLNP-6-5,848,,-114.009125,49.021301,,,7013,2018-07-09 04:59:00,9880,Transcribed,180s,1SPM,MOBL,Mountain Bluebird,SIALIA CURRUCOIDES,2,55111,1,Song,139.89,2.91,-66.82,f,,Alex MacPhail,15,Convinced there's a second one here..,Everything very faint/masked by wind
PC,10,WLNP-6-5,848,,-114.009125,49.021301,,,7013,2018-07-09 04:59:00,9880,Transcribed,180s,1SPM,MOBL,Mountain Bluebird,SIALIA CURRUCOIDES,2,55083,1,Song,52.10,3.70,-64.2,f,,Alex MacPhail,15,Convinced there's a second one here..,Everything very faint/masked by wind
PC,10,WLNP-6-5,848,,-114.009125,49.021301,,,7013,2018-07-09 04:59:00,9880,Transcribed,180s,1SPM,MOBL,Mountain Bluebird,SIALIA CURRUCOIDES,2,55098,1,Song,93.24,4.11,-67.37,f,,Alex MacPhail,15,Convinced there's a second one here..,Everything very faint/masked by wind
PC,10,WLNP-6-5,848,,-114.009125,49.021301,,,7013,2018-07-09 04:59:00,9880,Transcribed,180s,1SPM,MOBL,Mountain Bluebird,SIALIA CURRUCOIDES,1,55110,1,Song,138.84,3.04,-66.22,f,,Alex MacPhail,15,,Everything very faint/masked by wind
PC,10,WLNP-6-5,848,,-114.009125,49.021301,,,7013,2018-07-09 04:59:00,9880,Transcribed,180s,1SPM,MOBL,Mountain Bluebird,SIALIA CURRUCOIDES,1,55061,1,Song,18.59,4.60,-64.85,f,,Alex MacPhail,15,,Everything very faint/masked by wind
PC,10,WLNP-6-5,848,,-114.009125,49.021301,,,7013,2018-07-09 04:59:00,9880,Transcribed,180s,1SPM,MOBL,Mountain Bluebird,SIALIA CURRUCOIDES,1,55090,1,Song,66.80,3.83,-61.35,f,,Alex MacPhail,15,,Everything very faint/masked by wind
PC,10,WLNP-6-5,848,,-114.009125,49.021301,,,7013,2018-07-09 04:59:00,9880,Transcribed,180s,1SPM,UNTR,Unidentified Trill,"",1,55095,1,Song,71.15,1.45,-73.78,f,,Alex MacPhail,15,,Everything very faint/masked by wind
PC,10,WLNP-6-5,848,,-114.009125,49.021301,,,7013,2018-07-09 04:59:00,9880,Transcribed,180s,1SPM,UNPA,Unidentified Passerine,"",1,55099,1,Call,96.63,1.31,-70.7,f,,Alex MacPhail,15,,Everything very faint/masked by wind
PC,10,WLNP-6-5,848,,-114.009125,49.021301,,,7013,2018-07-09 04:59:00,9880,Transcribed,180s,1SPM,LIWI,Light wind,"",1,55094,1,Song,60.15,5.58,-38.23,f,,Alex MacPhail,15,,Everything very faint/masked by wind
PC,10,WLNP-6-5,848,,-114.009125,49.021301,,,7013,2018-07-09 04:59:00,9880,Transcribed,180s,1SPM,LIWI,Light wind,"",1,55106,1,Song,120.03,6.16,-29.87,f,,Alex MacPhail,15,,Everything very faint/masked by wind
PC,10,WLNP-6-5,848,,-114.009125,49.021301,,,7013,2018-07-09 04:59:00,9880,Transcribed,180s,1SPM,LIWI,Light wind,"",1,55057,1,Song,0.06,5.28,-47.2,f,,Alex MacPhail,15,,Everything very faint/masked by wind
PC,10,WLNP-6-5,848,,-114.009125,49.021301,,,7013,2018-07-09 04:59:00,9880,Transcribed,180s,1SPM,HEWI,Heavy wind,"",1,55060,1,Song,15.58,3.65,-33.63,f,,Alex MacPhail,15,,Everything very faint/masked by wind
PC,10,WLNP-6-5,848,,-114.009125,49.021301,,,7051,2018-07-10 05:30:00,9918,Transcribed,180s,1SPM,SWTH,Swainson's Thrush,CATHARUS USTULATUS,1,41329,1,Song,75.80,1.38,-60.19,f,,Christopher Moser-Purdy,37,,
PC,10,WLNP-6-5,848,,-114.009125,49.021301,,,7051,2018-07-10 05:30:00,9918,Transcribed,180s,1SPM,WCSP,White-crowned Sparrow,ZONOTRICHIA LEUCOPHRYS,1,41016,TMTT,Song,120.06,9.00,-52.47,f,,Christopher Moser-Purdy,37,"AE:5-8, not too difficult to track the louder ones but a bunch of faint ones with similar intro notes",
PC,10,WLNP-6-5,848,,-114.009125,49.021301,,,7051,2018-07-10 05:30:00,9918,Transcribed,180s,1SPM,WCSP,White-crowned Sparrow,ZONOTRICHIA LEUCOPHRYS,1,41015,TMTT,Song,60.08,10.05,-51.56,f,,Christopher Moser-Purdy,37,"AE:5-8, not too difficult to track the louder ones but a bunch of faint ones with similar intro notes",
PC,10,WLNP-6-5,848,,-114.009125,49.021301,,,7051,2018-07-10 05:30:00,9918,Transcribed,180s,1SPM,WCSP,White-crowned Sparrow,ZONOTRICHIA LEUCOPHRYS,1,41014,TMTT,Song,2.08,10.64,-52.6,f,,Christopher Moser-Purdy,37,"AE:5-8, not too difficult to track the louder ones but a bunch of faint ones with similar intro notes",
PC,10,WLNP-6-5,848,,-114.009125,49.021301,,,7051,2018-07-10 05:30:00,9918,Transcribed,180s,1SPM,HETH,Hermit Thrush,CATHARUS GUTTATUS,1,41018,1,S-C,122.71,1.53,-68.22,f,,Christopher Moser-Purdy,37,,
PC,10,WLNP-6-5,848,,-114.009125,49.021301,,,7051,2018-07-10 05:30:00,9918,Transcribed,180s,1SPM,HETH,Hermit Thrush,CATHARUS GUTTATUS,1,41000,1,Song,0.05,1.26,-63.51,f,,Christopher Moser-Purdy,37,,
PC,10,WLNP-6-5,848,,-114.009125,49.021301,,,7051,2018-07-10 05:30:00,9918,Transcribed,180s,1SPM,HETH,Hermit Thrush,CATHARUS GUTTATUS,1,41327,1,Song,88.69,1.81,-69.4,f,,Christopher Moser-Purdy,37,,
PC,10,WLNP-6-5,848,,-114.009125,49.021301,,,7051,2018-07-10 05:30:00,9918,Transcribed,180s,1SPM,UNPA,Unidentified Passerine,"",2,41328,1,Song,151.58,1.40,-65.77,f,,Christopher Moser-Purdy,37,"Maybe a call, short distant trill confidence:Unknown far",
PC,10,WLNP-6-5,848,,-114.009125,49.021301,,,7051,2018-07-10 05:30:00,9918,Transcribed,180s,1SPM,UNPA,Unidentified Passerine,"",1,41006,1,Call,16.78,0.60,-67.52,f,,Christopher Moser-Purdy,37,High pitched call,
PC,10,WLNP-6-5,848,,-114.009125,49.021301,,,7051,2018-07-10 05:30:00,9918,Transcribed,180s,1SPM,LIWI,Light wind,"",1,41009,1,Song,60.15,4.70,-11.17,f,,Christopher Moser-Purdy,37,,
PC,10,WLNP-6-5,848,,-114.009125,49.021301,,,7051,2018-07-10 05:30:00,9918,Transcribed,180s,1SPM,LIWI,Light wind,"",1,41001,1,Song,0.05,4.86,-12.86,f,,Christopher Moser-Purdy,37,,
PC,10,WLNP-6-5,848,,-114.009125,49.021301,,,7051,2018-07-10 05:30:00,9918,Transcribed,180s,1SPM,LIWI,Light wind,"",1,41017,1,Song,120.10,4.66,-4.36,f,,Christopher Moser-Purdy,37,,
PC,10,WLNP-7-1,849,,-113.831745,49.099050,,,6956,2018-06-08 21:39:00,9959,Transcribed,180s,1SPM,YHBL,Yellow-headed Blackbird,XANTHOCEPHALUS XANTHOCEPHALUS,2,49690,1,Song,144.31,1.05,-52.03,f,,Dan Burgin,19,,""
PC,10,WLNP-7-1,849,,-113.831745,49.099050,,,6956,2018-06-08 21:39:00,9959,Transcribed,180s,1SPM,TEWA,Tennessee Warbler,LEIOTHYLPIS PEREGRINA,1,49659,1,Song,37.69,3.40,-46.77,f,,Dan Burgin,19,,""
PC,10,WLNP-7-1,849,,-113.831745,49.099050,,,6956,2018-06-08 21:39:00,9959,Transcribed,180s,1SPM,TEWA,Tennessee Warbler,LEIOTHYLPIS PEREGRINA,1,49688,1,Song,125.56,2.56,-49.34,f,,Dan Burgin,19,,""
PC,10,WLNP-7-1,849,,-113.831745,49.099050,,,6956,2018-06-08 21:39:00,9959,Transcribed,180s,1SPM,TEWA,Tennessee Warbler,LEIOTHYLPIS PEREGRINA,2,49680,1,Song,75.81,1.23,-58.67,f,,Dan Burgin,19,,""
PC,10,WLNP-7-1,849,,-113.831745,49.099050,,,6956,2018-06-08 21:39:00,9959,Transcribed,180s,1SPM,TEWA,Tennessee Warbler,LEIOTHYLPIS PEREGRINA,2,49678,1,Song,41.40,2.13,-56.02,f,,Dan Burgin,19,,""
PC,10,WLNP-7-1,849,,-113.831745,49.099050,,,6956,2018-06-08 21:39:00,9959,Transcribed,180s,1SPM,AMRO,American Robin,TURDUS MIGRATORIUS,1,49693,1,Song,151.40,4.08,-56.55,f,,Dan Burgin,19,,""
PC,10,WLNP-7-1,849,,-113.831745,49.099050,,,6956,2018-06-08 21:39:00,9959,Transcribed,180s,1SPM,AMRO,American Robin,TURDUS MIGRATORIUS,1,49657,1,Song,9.81,3.99,-46.16,f,,Dan Burgin,19,,""
PC,10,WLNP-7-1,849,,-113.831745,49.099050,,,6956,2018-06-08 21:39:00,9959,Transcribed,180s,1SPM,AMRO,American Robin,TURDUS MIGRATORIUS,1,49667,1,Song,86.38,3.41,-37.49,f,,Dan Burgin,19,,""
PC,10,WLNP-7-1,849,,-113.831745,49.099050,,,6956,2018-06-08 21:39:00,9959,Transcribed,180s,1SPM,WISN,Wilson's Snipe,GALLINAGO DELICATA,1,49666,1,Song,69.44,0.85,-34.04,f,,Dan Burgin,19,,""
PC,10,WLNP-7-1,849,,-113.831745,49.099050,,,6956,2018-06-08 21:39:00,9959,Transcribed,180s,1SPM,WISN,Wilson's Snipe,GALLINAGO DELICATA,1,44900,1,Song,19.46,1.51,-61.48,f,,Dan Burgin,19,,""
PC,10,WLNP-7-1,849,,-113.831745,49.099050,,,6956,2018-06-08 21:39:00,9959,Transcribed,180s,1SPM,WISN,Wilson's Snipe,GALLINAGO DELICATA,1,49692,1,Song,148.01,1.94,-37.26,f,,Dan Burgin,19,,""
PC,10,WLNP-7-1,849,,-113.831745,49.099050,,,6956,2018-06-08 21:39:00,9959,Transcribed,180s,1SPM,SACR,Sandhill Crane,ANTIGONE CANADENSIS,1,49681,1,Song,110.18,9.71,-50.42,f,,Dan Burgin,19,"",""
PC,10,WLNP-7-1,849,,-113.831745,49.099050,,,6956,2018-06-08 21:39:00,9959,Transcribed,180s,1SPM,SACR,Sandhill Crane,ANTIGONE CANADENSIS,1,49660,1,Song,38.51,7.03,-34.76,f,,Dan Burgin,19,"",""
PC,10,WLNP-7-1,849,,-113.831745,49.099050,,,6956,2018-06-08 21:39:00,9959,Transcribed,180s,1SPM,SACR,Sandhill Crane,ANTIGONE CANADENSIS,1,49684,1,Song,122.45,8.39,-46.94,f,,Dan Burgin,19,"",""
PC,10,WLNP-7-1,849,,-113.831745,49.099050,,,6956,2018-06-08 21:39:00,9959,Transcribed,180s,1SPM,SACR,Sandhill Crane,ANTIGONE CANADENSIS,2,49687,1,Song,125.78,8.44,-47.47,f,,Dan Burgin,19,,""
PC,10,WLNP-7-1,849,,-113.831745,49.099050,,,6956,2018-06-08 21:39:00,9959,Transcribed,180s,1SPM,UNPA,Unidentified Passerine,"",1,49694,1,Call,121.78,1.34,-63.37,f,,Dan Burgin,19,Set for rechecking later after Audit 16/1/18 confidence:To Be Checked,""
PC,10,WLNP-7-1,849,,-113.831745,49.099050,,,6956,2018-06-08 21:39:00,9959,Transcribed,180s,1SPM,SWTH,Swainson's Thrush,CATHARUS USTULATUS,1,49654,1,Song,2.13,1.96,-52.57,f,,Dan Burgin,19,,""
PC,10,WLNP-7-1,849,,-113.831745,49.099050,,,6956,2018-06-08 21:39:00,9959,Transcribed,180s,1SPM,SWTH,Swainson's Thrush,CATHARUS USTULATUS,2,49655,1,Song,4.30,1.38,-57.35,f,,Dan Burgin,19,,""
PC,10,WLNP-7-1,849,,-113.831745,49.099050,,,6956,2018-06-08 21:39:00,9959,Transcribed,180s,1SPM,CCSP,Clay-colored Sparrow,SPIZELLA PALLIDA,1,49691,1,Song,147.68,1.64,-61.14,f,,Dan Burgin,19,,""
PC,10,WLNP-7-1,849,,-113.831745,49.099050,,,6956,2018-06-08 21:39:00,9959,Transcribed,180s,1SPM,RWBL,Red-winged Blackbird,AGELAIUS PHOENICEUS,1,49686,1,Song,124.16,0.91,-64.62,f,,Dan Burgin,19,,""
PC,10,WLNP-7-1,849,,-113.831745,49.099050,,,6956,2018-06-08 21:39:00,9959,Transcribed,180s,1SPM,RWBL,Red-winged Blackbird,AGELAIUS PHOENICEUS,1,44899,1,Song,0.89,1.08,-56.82,f,,Dan Burgin,19,,""
PC,10,WLNP-7-1,849,,-113.831745,49.099050,,,6956,2018-06-08 21:39:00,9959,Transcribed,180s,1SPM,YEWA,Yellow Warbler,SETOPHAGA PETECHIA,3,49682,1,Song,120.36,1.51,-47.58,f,,Dan Burgin,19,,""
PC,10,WLNP-7-1,849,,-113.831745,49.099050,,,6956,2018-06-08 21:39:00,9959,Transcribed,180s,1SPM,YEWA,Yellow Warbler,SETOPHAGA PETECHIA,3,49664,1,Song,62.61,1.38,-54.73,f,,Dan Burgin,19,,""
PC,10,WLNP-7-1,849,,-113.831745,49.099050,,,6956,2018-06-08 21:39:00,9959,Transcribed,180s,1SPM,YEWA,Yellow Warbler,SETOPHAGA PETECHIA,2,49683,1,Song,121.98,1.99,-33.12,f,,Dan Burgin,19,,""
PC,10,WLNP-7-1,849,,-113.831745,49.099050,,,6956,2018-06-08 21:39:00,9959,Transcribed,180s,1SPM,YEWA,Yellow Warbler,SETOPHAGA PETECHIA,2,49662,1,Song,60.26,1.68,-34.84,f,,Dan Burgin,19,,""
PC,10,WLNP-7-1,849,,-113.831745,49.099050,,,6956,2018-06-08 21:39:00,9959,Transcribed,180s,1SPM,YEWA,Yellow Warbler,SETOPHAGA PETECHIA,2,44901,1,Song,6.53,2.00,-37.65,f,,Dan Burgin,19,,""
PC,10,WLNP-7-1,849,,-113.831745,49.099050,,,6956,2018-06-08 21:39:00,9959,Transcribed,180s,1SPM,YEWA,Yellow Warbler,SETOPHAGA PETECHIA,1,49653,1,Song,0.93,2.19,-64.72,f,,Dan Burgin,19,,""
PC,10,WLNP-7-1,849,,-113.831745,49.099050,,,6956,2018-06-08 21:39:00,9959,Transcribed,180s,1SPM,SWTH,Swainson's Thrush,CATHARUS USTULATUS,1,49665,1,Song,67.65,1.34,-56.76,f,,Dan Burgin,19,,""
PC,10,WLNP-7-1,849,,-113.831745,49.099050,,,6956,2018-06-08 21:39:00,9959,Transcribed,180s,1SPM,UNPA,Unidentified Passerine,"",1,49658,1,Call,0.00,1.29,-49.05,f,,Dan Burgin,19,Set for rechecking later after Audit 16/1/18 confidence:To Be Checked,""
PC,10,WLNP-7-1,849,,-113.831745,49.099050,,,6956,2018-06-08 21:39:00,9959,Transcribed,180s,1SPM,UNPA,Unidentified Passerine,"",1,49668,1,Call,104.98,0.93,-58.15,f,,Dan Burgin,19,Set for rechecking later after Audit 16/1/18 confidence:To Be Checked,""
PC,10,WLNP-7-1,849,,-113.831745,49.099050,,,6956,2018-06-08 21:39:00,9959,Transcribed,180s,1SPM,UNPA,Unidentified Passerine,"",2,119875,1,Call,115.53,1.38,-58.21,f,,Dan Burgin,19,After audit 16/1/18 confidence:To Be Checked,""
PC,10,WLNP-7-1,849,,-113.831745,49.099050,,,6956,2018-06-08 21:39:00,9959,Transcribed,180s,1SPM,UNPA,Unidentified Passerine,"",3,49695,1,Call,129.45,1.33,-44.63,f,,Dan Burgin,19,,""
PC,10,WLNP-7-1,849,,-113.831745,49.099050,,,6956,2018-06-08 21:39:00,9959,Transcribed,180s,1SPM,WEWP,Western Wood-Pewee,CONTOPUS SORDIDULUS,1,119880,1,Song,141.89,1.06,-57.17,f,,Dan Burgin,19,,""
PC,10,WLNP-7-1,849,,-113.831745,49.099050,,,6956,2018-06-08 21:39:00,9959,Transcribed,180s,1SPM,WEWP,Western Wood-Pewee,CONTOPUS SORDIDULUS,1,119871,1,Song,85.80,0.93,-53.71,f,,Dan Burgin,19,,""
PC,10,WLNP-7-1,849,,-113.831745,49.099050,,,6956,2018-06-08 21:39:00,9959,Transcribed,180s,1SPM,RNSA,Red-naped Sapsucker,SPHYRAPICUS NUCHALIS,1,44898,1,Non-vocal,0.01,2.35,-35.1,f,,Dan Burgin,19,,""
PC,10,WLNP-7-1,849,,-113.831745,49.099050,,,6956,2018-06-08 21:39:00,9959,Transcribed,180s,1SPM,YHBL,Yellow-headed Blackbird,XANTHOCEPHALUS XANTHOCEPHALUS,1,49663,1,Song,63.13,2.16,-51.2,f,,Dan Burgin,19,,""
PC,10,WLNP-7-1,849,,-113.831745,49.099050,,,6956,2018-06-08 21:39:00,9959,Transcribed,180s,1SPM,YHBL,Yellow-headed Blackbird,XANTHOCEPHALUS XANTHOCEPHALUS,1,49661,1,Song,45.98,2.18,-45.56,f,,Dan Burgin,19,,""
PC,10,WLNP-7-1,849,,-113.831745,49.099050,,,6956,2018-06-08 21:39:00,9959,Transcribed,180s,1SPM,YHBL,Yellow-headed Blackbird,XANTHOCEPHALUS XANTHOCEPHALUS,1,49689,1,Song,135.63,1.45,-51.36,f,,Dan Burgin,19,,""
PC,10,WLNP-7-1,849,,-113.831745,49.099050,,,6956,2018-06-08 21:39:00,9959,Transcribed,180s,1SPM,YHBL,Yellow-headed Blackbird,XANTHOCEPHALUS XANTHOCEPHALUS,2,49679,1,Song,50.50,2.38,-54.49,f,,Dan Burgin,19,,""
PC,10,WLNP-7-1,849,,-113.831745,49.099050,,,6976,2018-06-10 05:19:00,9979,Transcribed,180s,1SPM,LINO,Light continuous industrial noise,"",1,44389,1,Non-vocal,60.20,3.70,-28.45,f,,Kevan Cowcill,20,,
PC,10,WLNP-7-1,849,,-113.831745,49.099050,,,6976,2018-06-10 05:19:00,9979,Transcribed,180s,1SPM,LIWI,Light wind,"",1,44370,1,Non-vocal,22.44,5.38,-23.42,f,,Kevan Cowcill,20,,
PC,10,WLNP-7-1,849,,-113.831745,49.099050,,,6976,2018-06-10 05:19:00,9979,Transcribed,180s,1SPM,LIWI,Light wind,"",1,44427,1,Non-vocal,169.33,4.96,-20.88,f,,Kevan Cowcill,20,,
PC,10,WLNP-7-1,849,,-113.831745,49.099050,,,6976,2018-06-10 05:19:00,9979,Transcribed,180s,1SPM,YEWA,Yellow Warbler,SETOPHAGA PETECHIA,1,44397,1,Song,67.44,1.61,-32.72,f,,Kevan Cowcill,20,,
PC,10,WLNP-7-1,849,,-113.831745,49.099050,,,6976,2018-06-10 05:19:00,9979,Transcribed,180s,1SPM,YEWA,Yellow Warbler,SETOPHAGA PETECHIA,1,44366,1,Song,3.78,1.61,-28.92,f,,Kevan Cowcill,20,,
PC,10,WLNP-7-1,849,,-113.831745,49.099050,,,6976,2018-06-10 05:19:00,9979,Transcribed,180s,1SPM,CCSP,Clay-colored Sparrow,SPIZELLA PALLIDA,1,44423,1,Song,150.15,1.46,-46.05,f,,Kevan Cowcill,20,,
PC,10,WLNP-7-1,849,,-113.831745,49.099050,,,6976,2018-06-10 05:19:00,9979,Transcribed,180s,1SPM,TRES,Tree Swallow,TACHYCINETA BICOLOR,1,44429,1,Call,176.71,2.78,-31.31,f,,Kevan Cowcill,20,,
PC,10,WLNP-7-1,849,,-113.831745,49.099050,,,6976,2018-06-10 05:19:00,9979,Transcribed,180s,1SPM,RBGR,Rose-breasted Grosbeak,PHEUCTICUS LUDOVICIANUS,1,44393,1,Song,63.68,1.96,-38.35,f,,Kevan Cowcill,20,"",
PC,10,WLNP-7-1,849,,-113.831745,49.099050,,,6976,2018-06-10 05:19:00,9979,Transcribed,180s,1SPM,RBGR,Rose-breasted Grosbeak,PHEUCTICUS LUDOVICIANUS,1,44365,1,Song,0.04,3.05,-39.64,f,,Kevan Cowcill,20,"",
PC,10,WLNP-7-1,849,,-113.831745,49.099050,,,6976,2018-06-10 05:19:00,9979,Transcribed,180s,1SPM,LINO,Light continuous industrial noise,"",1,44412,1,Non-vocal,120.04,5.05,-33.2,f,,Kevan Cowcill,20,,
PC,10,WLNP-7-1,849,,-113.831745,49.099050,,,6976,2018-06-10 05:19:00,9979,Transcribed,180s,1SPM,LINO,Light continuous industrial noise,"",1,44367,1,Non-vocal,0.15,4.91,-18.88,f,,Kevan Cowcill,20,,
PC,10,WLNP-7-1,849,,-113.831745,49.099050,,,6976,2018-06-10 05:19:00,9979,Transcribed,180s,1SPM,HOWR,House Wren,TROGLODYTES AEDON,1,44380,1,Song,60.08,1.63,-41.42,f,,Kevan Cowcill,20,,
PC,10,WLNP-7-1,849,,-113.831745,49.099050,,,6976,2018-06-10 05:19:00,9979,Transcribed,180s,1SPM,HOWR,House Wren,TROGLODYTES AEDON,1,44411,1,Song,120.11,2.50,-29.58,f,,Kevan Cowcill,20,,
PC,10,WLNP-7-1,849,,-113.831745,49.099050,,,6976,2018-06-10 05:19:00,9979,Transcribed,180s,1SPM,HOWR,House Wren,TROGLODYTES AEDON,1,44364,1,Song,0.09,2.48,-37.72,f,,Kevan Cowcill,20,,
PC,10,WLNP-7-1,849,,-113.831745,49.099050,,,6976,2018-06-10 05:19:00,9979,Transcribed,180s,1SPM,HOWR,House Wren,TROGLODYTES AEDON,2,44381,1,Song,61.79,2.01,-26.31,f,,Kevan Cowcill,20,,
PC,10,WLNP-7-1,849,,-113.831745,49.099050,,,6976,2018-06-10 05:19:00,9979,Transcribed,180s,1SPM,HOWR,House Wren,TROGLODYTES AEDON,2,44368,1,Song,2.61,1.90,-27.38,f,,Kevan Cowcill,20,,
PC,10,WLNP-7-1,849,,-113.831745,49.099050,,,6976,2018-06-10 05:19:00,9979,Transcribed,180s,1SPM,HOWR,House Wren,TROGLODYTES AEDON,2,44415,1,Song,126.38,2.18,-25.93,f,,Kevan Cowcill,20,,
PC,10,WLNP-7-1,849,,-113.831745,49.099050,,,6976,2018-06-10 05:19:00,9979,Transcribed,180s,1SPM,SACR,Sandhill Crane,ANTIGONE CANADENSIS,1,44369,1,Call,12.85,3.54,-36.24,f,,Kevan Cowcill,20,,
PC,10,WLNP-7-1,849,,-113.831745,49.099050,,,6976,2018-06-10 05:19:00,9979,Transcribed,180s,1SPM,SACR,Sandhill Crane,ANTIGONE CANADENSIS,2,44383,1,Call,60.19,3.65,-42.85,f,,Kevan Cowcill,20,off to the right,
PC,10,WLNP-7-1,849,,-113.831745,49.099050,,,6976,2018-06-10 05:19:00,9979,Transcribed,180s,1SPM,SACR,Sandhill Crane,ANTIGONE CANADENSIS,2,44371,1,Call,32.88,5.83,-40.94,f,,Kevan Cowcill,20,off to the right,
PC,10,WLNP-7-1,849,,-113.831745,49.099050,,,6976,2018-06-10 05:19:00,9979,Transcribed,180s,1SPM,RBGR,Rose-breasted Grosbeak,PHEUCTICUS LUDOVICIANUS,1,44414,1,Song,120.18,0.91,-41.54,f,,Kevan Cowcill,20,"",
PC,10,WLNP-7-1,849,,-113.831745,49.099050,,,7082,2018-06-13 05:18:00,9949,Transcribed,180s,1SPM,HOWR,House Wren,TROGLODYTES AEDON,2,46313,1,Song,144.01,2.08,-43.4,f,,Connor Charchuk,41,,
PC,10,WLNP-7-1,849,,-113.831745,49.099050,,,7082,2018-06-13 05:18:00,9949,Transcribed,180s,1SPM,FOSP,Fox Sparrow,PASSERELLA ILIACA,1,46308,1,Song,81.34,2.86,-47.86,f,,Connor Charchuk,41,,
PC,10,WLNP-7-1,849,,-113.831745,49.099050,,,7082,2018-06-13 05:18:00,9949,Transcribed,180s,1SPM,AMRO,American Robin,TURDUS MIGRATORIUS,1,46309,1,Song,120.14,1.54,-42.79,f,,Connor Charchuk,41,,
PC,10,WLNP-7-1,849,,-113.831745,49.099050,,,7082,2018-06-13 05:18:00,9949,Transcribed,180s,1SPM,AMRO,American Robin,TURDUS MIGRATORIUS,1,46305,1,Song,65.86,3.76,-48.5,f,,Connor Charchuk,41,,
PC,10,WLNP-7-1,849,,-113.831745,49.099050,,,7082,2018-06-13 05:18:00,9949,Transcribed,180s,1SPM,AMRO,American Robin,TURDUS MIGRATORIUS,1,46298,1,Song,22.05,2.90,-32.95,f,,Connor Charchuk,41,,
PC,10,WLNP-7-1,849,,-113.831745,49.099050,,,7082,2018-06-13 05:18:00,9949,Transcribed,180s,1SPM,HOWR,House Wren,TROGLODYTES AEDON,4,46297,1,Song,10.03,1.60,-19.83,f,,Connor Charchuk,41,,
PC,10,WLNP-7-1,849,,-113.831745,49.099050,,,7082,2018-06-13 05:18:00,9949,Transcribed,180s,1SPM,HOWR,House Wren,TROGLODYTES AEDON,4,46310,1,Song,121.28,1.85,-41.49,f,,Connor Charchuk,41,,
PC,10,WLNP-7-1,849,,-113.831745,49.099050,,,7082,2018-06-13 05:18:00,9949,Transcribed,180s,1SPM,YEWA,Yellow Warbler,SETOPHAGA PETECHIA,1,46300,1,Song,48.04,1.40,-45,f,,Connor Charchuk,41,,
PC,10,WLNP-7-1,849,,-113.831745,49.099050,,,7082,2018-06-13 05:18:00,9949,Transcribed,180s,1SPM,YEWA,Yellow Warbler,SETOPHAGA PETECHIA,1,46307,1,Song,72.35,1.96,-47.61,f,,Connor Charchuk,41,,
PC,10,WLNP-7-1,849,,-113.831745,49.099050,,,7082,2018-06-13 05:18:00,9949,Transcribed,180s,1SPM,YEWA,Yellow Warbler,SETOPHAGA PETECHIA,1,46312,1,Song,138.90,1.81,-38.24,f,,Connor Charchuk,41,,
PC,10,WLNP-7-1,849,,-113.831745,49.099050,,,7082,2018-06-13 05:18:00,9949,Transcribed,180s,1SPM,MODO,Mourning Dove,ZENAIDA MACROURA,1,46299,1,Song,21.04,4.63,-20.56,f,,Connor Charchuk,41,,
PC,10,WLNP-7-1,849,,-113.831745,49.099050,,,7082,2018-06-13 05:18:00,9949,Transcribed,180s,1SPM,MODO,Mourning Dove,ZENAIDA MACROURA,1,46303,1,Song,60.74,3.33,-27.36,f,,Connor Charchuk,41,,
PC,10,WLNP-7-1,849,,-113.831745,49.099050,,,7082,2018-06-13 05:18:00,9949,Transcribed,180s,1SPM,HOWR,House Wren,TROGLODYTES AEDON,1,46294,1,Song,0.00,1.68,-42.46,f,,Connor Charchuk,41,,
PC,10,WLNP-7-1,849,,-113.831745,49.099050,,,7082,2018-06-13 05:18:00,9949,Transcribed,180s,1SPM,HOWR,House Wren,TROGLODYTES AEDON,1,46302,1,Song,60.21,2.04,-45.16,f,,Connor Charchuk,41,,
PC,10,WLNP-7-1,849,,-113.831745,49.099050,,,7082,2018-06-13 05:18:00,9949,Transcribed,180s,1SPM,HOWR,House Wren,TROGLODYTES AEDON,2,46295,1,Song,1.53,1.69,-27.6,f,,Connor Charchuk,41,,
PC,10,WLNP-7-1,849,,-113.831745,49.099050,,,7082,2018-06-13 05:18:00,9949,Transcribed,180s,1SPM,HOWR,House Wren,TROGLODYTES AEDON,2,46304,1,Song,61.59,1.51,-44.58,f,,Connor Charchuk,41,,
PC,10,WLNP-7-1,849,,-113.831745,49.099050,,,7082,2018-06-13 05:18:00,9949,Transcribed,180s,1SPM,HOWR,House Wren,TROGLODYTES AEDON,3,46301,1,Song,63.09,1.39,-33.18,f,,Connor Charchuk,41,,
PC,10,WLNP-7-1,849,,-113.831745,49.099050,,,7082,2018-06-13 05:18:00,9949,Transcribed,180s,1SPM,HOWR,House Wren,TROGLODYTES AEDON,3,46296,1,Song,2.94,2.09,-16.25,f,,Connor Charchuk,41,,
PC,10,WLNP-7-1,849,,-113.831745,49.099050,,,7082,2018-06-13 05:18:00,9949,Transcribed,180s,1SPM,HOWR,House Wren,TROGLODYTES AEDON,3,46311,1,Song,124.33,2.01,-38.66,f,,Connor Charchuk,41,,
PC,10,WLNP-7-1,849,,-113.831745,49.099050,,,7082,2018-06-13 05:18:00,9949,Transcribed,180s,1SPM,HOWR,House Wren,TROGLODYTES AEDON,4,46306,1,Song,64.24,1.91,-44.55,f,,Connor Charchuk,41,,
PC,10,WLNP-7-1,849,,-113.831745,49.099050,,,7014,2018-06-14 04:48:00,9881,Transcribed,180s,1SPM,WISN,Wilson's Snipe,GALLINAGO DELICATA,2,59652,1,Non-vocal,67.74,2.85,-51.56,f,,Alex MacPhail,15,,""
PC,10,WLNP-7-1,849,,-113.831745,49.099050,,,7014,2018-06-14 04:48:00,9881,Transcribed,180s,1SPM,GRCA,Gray Catbird,DUMETELLA CAROLINENSIS,1,59623,1,Song,0.10,7.05,-41.3,f,,Alex MacPhail,15,,""
PC,10,WLNP-7-1,849,,-113.831745,49.099050,,,7014,2018-06-14 04:48:00,9881,Transcribed,180s,1SPM,RUGR,Ruffed Grouse,BONASA UMBELLUS,1,59671,1,Non-vocal,115.16,4.81,-39.27,f,,Alex MacPhail,15,,""
PC,10,WLNP-7-1,849,,-113.831745,49.099050,,,7014,2018-06-14 04:48:00,9881,Transcribed,180s,1SPM,GRCA,Gray Catbird,DUMETELLA CAROLINENSIS,1,59687,1,Song,120.14,2.95,-40.92,f,,Alex MacPhail,15,,""
PC,10,WLNP-7-1,849,,-113.831745,49.099050,,,7014,2018-06-14 04:48:00,9881,Transcribed,180s,1SPM,EAPH,Eastern Phoebe,SAYORNIS PHOEBE,1,59647,1,Song,63.34,0.78,-41.28,f,,Alex MacPhail,15,,""
PC,10,WLNP-7-1,849,,-113.831745,49.099050,,,7014,2018-06-14 04:48:00,9881,Transcribed,180s,1SPM,MODO,Mourning Dove,ZENAIDA MACROURA,2,59659,1,Song,87.26,4.06,-48.63,f,,Alex MacPhail,15,Deeper,""
PC,10,WLNP-7-1,849,,-113.831745,49.099050,,,7014,2018-06-14 04:48:00,9881,Transcribed,180s,1SPM,HOWR,House Wren,TROGLODYTES AEDON,1,59673,1,Song,120.05,1.44,-37.29,f,,Alex MacPhail,15,Likely sings before this,""
PC,10,WLNP-7-1,849,,-113.831745,49.099050,,,7014,2018-06-14 04:48:00,9881,Transcribed,180s,1SPM,HOWR,House Wren,TROGLODYTES AEDON,1,59655,1,Song,82.65,1.98,-39.67,f,,Alex MacPhail,15,Likely sings before this,""
PC,10,WLNP-7-1,849,,-113.831745,49.099050,,,7014,2018-06-14 04:48:00,9881,Transcribed,180s,1SPM,EAPH,Eastern Phoebe,SAYORNIS PHOEBE,1,59620,1,Song,25.36,1.30,-44.08,f,,Alex MacPhail,15,,""
PC,10,WLNP-7-1,849,,-113.831745,49.099050,,,7014,2018-06-14 04:48:00,9881,Transcribed,180s,1SPM,MODO,Mourning Dove,ZENAIDA MACROURA,2,59697,1,Song,120.04,2.76,-52.06,f,,Alex MacPhail,15,Deeper,""
PC,10,WLNP-7-1,849,,-113.831745,49.099050,,,7014,2018-06-14 04:48:00,9881,Transcribed,180s,1SPM,MODO,Mourning Dove,ZENAIDA MACROURA,1,59699,1,Call,130.81,4.41,-47,f,,Alex MacPhail,15,,""
PC,10,WLNP-7-1,849,,-113.831745,49.099050,,,7014,2018-06-14 04:48:00,9881,Transcribed,180s,1SPM,MODO,Mourning Dove,ZENAIDA MACROURA,1,59642,1,Call,62.21,3.99,-43.97,f,,Alex MacPhail,15,,""
PC,10,WLNP-7-1,849,,-113.831745,49.099050,,,7014,2018-06-14 04:48:00,9881,Transcribed,180s,1SPM,MODO,Mourning Dove,ZENAIDA MACROURA,1,59611,1,Call,0.65,3.70,-48.28,f,,Alex MacPhail,15,,""
PC,10,WLNP-7-1,849,,-113.831745,49.099050,,,7014,2018-06-14 04:48:00,9881,Transcribed,180s,1SPM,UNAM,Unidentified passerine in the American Robin Song Complex,"",1,59628,1,Song,11.29,4.54,-42.69,f,,Alex MacPhail,15,bhgr? confidence:Unknown far,""
PC,10,WLNP-7-1,849,,-113.831745,49.099050,,,7014,2018-06-14 04:48:00,9881,Transcribed,180s,1SPM,SORA,Sora,PORZANA CAROLINA,2,59638,1,Call,61.85,0.74,-44.43,f,,Alex MacPhail,15,Estimated location on spectrogram; very masked; definitely two here,""
PC,10,WLNP-7-1,849,,-113.831745,49.099050,,,7014,2018-06-14 04:48:00,9881,Transcribed,180s,1SPM,SORA,Sora,PORZANA CAROLINA,2,59678,1,Call,123.21,0.65,-52.91,f,,Alex MacPhail,15,Estimated location on spectrogram; very masked; definitely two here,""
PC,10,WLNP-7-1,849,,-113.831745,49.099050,,,7014,2018-06-14 04:48:00,9881,Transcribed,180s,1SPM,SORA,Sora,PORZANA CAROLINA,2,59615,1,Call,1.36,0.76,-44.2,f,,Alex MacPhail,15,Estimated location on spectrogram; very masked; definitely two here,""
PC,10,WLNP-7-1,849,,-113.831745,49.099050,,,7014,2018-06-14 04:48:00,9881,Transcribed,180s,1SPM,SORA,Sora,PORZANA CAROLINA,1,59643,1,Call,60.65,0.61,-45.87,f,,Alex MacPhail,15,Estimated location on spectrogram; very masked; definitely two here,""
PC,10,WLNP-7-1,849,,-113.831745,49.099050,,,7014,2018-06-14 04:48:00,9881,Transcribed,180s,1SPM,SORA,Sora,PORZANA CAROLINA,1,59617,1,Call,0.24,0.84,-49.6,f,,Alex MacPhail,15,Estimated location on spectrogram; very masked; definitely two here,""
PC,10,WLNP-7-1,849,,-113.831745,49.099050,,,7014,2018-06-14 04:48:00,9881,Transcribed,180s,1SPM,BAOR,Baltimore Oriole,ICTERUS GALBULA,1,59750,1,Song,162.59,3.36,-40.95,f,,Alex MacPhail,15,Fairly confident,""
PC,10,WLNP-7-1,849,,-113.831745,49.099050,,,7014,2018-06-14 04:48:00,9881,Transcribed,180s,1SPM,YEWA,Yellow Warbler,SETOPHAGA PETECHIA,1,59641,TMTT,Song,60.03,17.15,-38.38,f,,Alex MacPhail,15,"AE: 3-4; might be pushing it but recording very dense, difficult to tell apart individuals",""
PC,10,WLNP-7-1,849,,-113.831745,49.099050,,,7014,2018-06-14 04:48:00,9881,Transcribed,180s,1SPM,YEWA,Yellow Warbler,SETOPHAGA PETECHIA,1,59624,TMTT,Song,0.06,17.56,-30.41,f,,Alex MacPhail,15,"AE: 3-4; might be pushing it but recording very dense, difficult to tell apart individuals",""
PC,10,WLNP-7-1,849,,-113.831745,49.099050,,,7014,2018-06-14 04:48:00,9881,Transcribed,180s,1SPM,YEWA,Yellow Warbler,SETOPHAGA PETECHIA,1,59674,TMTT,Song,120.11,16.20,-30.16,f,,Alex MacPhail,15,"AE: 3-4; might be pushing it but recording very dense, difficult to tell apart individuals",""
PC,10,WLNP-7-1,849,,-113.831745,49.099050,,,7014,2018-06-14 04:48:00,9881,Transcribed,180s,1SPM,COYE,Common Yellowthroat,GEOTHLYPIS TRICHAS,1,59693,1,Song,123.83,1.50,-47.17,f,,Alex MacPhail,15,"Fairly certain, although very masked",""
PC,10,WLNP-7-1,849,,-113.831745,49.099050,,,7014,2018-06-14 04:48:00,9881,Transcribed,180s,1SPM,GRCA,Gray Catbird,DUMETELLA CAROLINENSIS,1,59648,1,Song,60.11,4.09,-40.32,f,,Alex MacPhail,15,,""
PC,10,WLNP-7-1,849,,-113.831745,49.099050,,,7014,2018-06-14 04:48:00,9881,Transcribed,180s,1SPM,EUST,European Starling,STURNUS VULGARIS,1,59626,1,Call,6.24,0.60,-41.21,f,,Alex MacPhail,15,,""
PC,10,WLNP-7-1,849,,-113.831745,49.099050,,,7014,2018-06-14 04:48:00,9881,Transcribed,180s,1SPM,EUST,European Starling,STURNUS VULGARIS,1,59701,1,Call,129.05,0.64,-39.86,f,,Alex MacPhail,15,,""
PC,10,WLNP-7-1,849,,-113.831745,49.099050,,,7014,2018-06-14 04:48:00,9881,Transcribed,180s,1SPM,PBGR,Pied-billed Grebe,PODILYMBUS PODICEPS,1,59630,1,Call,25.61,17.25,-50.43,f,,Alex MacPhail,15,Sounds off..,""
PC,10,WLNP-7-1,849,,-113.831745,49.099050,,,7014,2018-06-14 04:48:00,9881,Transcribed,180s,1SPM,WEWP,Western Wood-Pewee,CONTOPUS SORDIDULUS,1,59613,1,Song,2.64,0.85,-40.15,f,,Alex MacPhail,15,,""
PC,10,WLNP-7-1,849,,-113.831745,49.099050,,,7014,2018-06-14 04:48:00,9881,Transcribed,180s,1SPM,HOWR,House Wren,TROGLODYTES AEDON,1,59637,1,Song,55.76,2.09,-43.61,f,,Alex MacPhail,15,Likely sings before this,""
PC,10,WLNP-7-1,849,,-113.831745,49.099050,,,7014,2018-06-14 04:48:00,9881,Transcribed,180s,1SPM,HOWR,House Wren,TROGLODYTES AEDON,2,59662,1,Song,93.84,1.59,-39.25,f,,Alex MacPhail,15,Second one,""
PC,10,WLNP-7-1,849,,-113.831745,49.099050,,,7014,2018-06-14 04:48:00,9881,Transcribed,180s,1SPM,HOWR,House Wren,TROGLODYTES AEDON,2,59713,1,Song,138.79,1.84,-36.51,f,,Alex MacPhail,15,Second one,""
PC,10,WLNP-7-1,849,,-113.831745,49.099050,,,7014,2018-06-14 04:48:00,9881,Transcribed,180s,1SPM,YHBL,Yellow-headed Blackbird,XANTHOCEPHALUS XANTHOCEPHALUS,1,59631,1,Song,27.94,0.95,-50.61,f,,Alex MacPhail,15,Part of PBGR? confidence:To Be Checked,""
PC,10,WLNP-7-1,849,,-113.831745,49.099050,,,7014,2018-06-14 04:48:00,9881,Transcribed,180s,1SPM,WISN,Wilson's Snipe,GALLINAGO DELICATA,1,59646,1,Non-vocal,62.23,2.25,-56.6,f,,Alex MacPhail,15,,""
PC,10,WLNP-7-1,849,,-113.831745,49.099050,,,7014,2018-06-14 04:48:00,9881,Transcribed,180s,1SPM,WISN,Wilson's Snipe,GALLINAGO DELICATA,1,59707,1,Non-vocal,124.79,2.14,-47.9,f,,Alex MacPhail,15,,""
PC,10,WLNP-7-1,849,,-113.831745,49.099050,,,7014,2018-06-14 04:48:00,9881,Transcribed,180s,1SPM,WISN,Wilson's Snipe,GALLINAGO DELICATA,1,59612,1,Non-vocal,1.71,2.86,-58.83,f,,Alex MacPhail,15,,""
PC,10,WLNP-7-1,849,,-113.831745,49.099050,,,7014,2018-06-14 04:48:00,9881,Transcribed,180s,1SPM,WEWP,Western Wood-Pewee,CONTOPUS SORDIDULUS,1,59645,1,Song,61.35,0.79,-40.46,f,,Alex MacPhail,15,,""
PC,10,WLNP-7-1,849,,-113.831745,49.099050,,,7014,2018-06-14 04:48:00,9881,Transcribed,180s,1SPM,WISN,Wilson's Snipe,GALLINAGO DELICATA,2,59635,1,Non-vocal,38.38,2.59,-43.03,f,,Alex MacPhail,15,,""
PC,10,WLNP-7-1,849,,-113.831745,49.099050,,,85257,2018-06-15 05:18:00,17695,Transcribed,180s,1SPM,AMRE,American Redstart,SETOPHAGA RUTICILLA,1,126681,1,Song,11.33,1.78,-37.33,f,,Michelle Knaggs,11,,
PC,10,WLNP-7-1,849,,-113.831745,49.099050,,,85257,2018-06-15 05:18:00,17695,Transcribed,180s,1SPM,HEWI,Heavy wind,"",1,126695,1,Song,138.13,4.66,-33.27,f,,Michelle Knaggs,11,,
PC,10,WLNP-7-1,849,,-113.831745,49.099050,,,85257,2018-06-15 05:18:00,17695,Transcribed,180s,1SPM,MOWI,Moderate wind,"",1,126685,1,Song,47.73,3.49,-29.31,f,,Michelle Knaggs,11,,
PC,10,WLNP-7-1,849,,-113.831745,49.099050,,,85257,2018-06-15 05:18:00,17695,Transcribed,180s,1SPM,MOWI,Moderate wind,"",1,126692,1,Song,85.66,3.56,-13.98,f,,Michelle Knaggs,11,,
PC,10,WLNP-7-1,849,,-113.831745,49.099050,,,85257,2018-06-15 05:18:00,17695,Transcribed,180s,1SPM,LIWI,Light wind,"",1,126683,1,Song,0.06,5.81,-33.1,f,,Michelle Knaggs,11,,
PC,10,WLNP-7-1,849,,-113.831745,49.099050,,,85257,2018-06-15 05:18:00,17695,Transcribed,180s,1SPM,YEWA,Yellow Warbler,SETOPHAGA PETECHIA,1,126676,1,Song,2.36,0.95,-35.93,f,,Michelle Knaggs,11,,
PC,10,WLNP-7-1,849,,-113.831745,49.099050,,,85257,2018-06-15 05:18:00,17695,Transcribed,180s,1SPM,YEWA,Yellow Warbler,SETOPHAGA PETECHIA,1,126686,1,Song,62.21,0.84,-37.03,f,,Michelle Knaggs,11,,
PC,10,WLNP-7-1,849,,-113.831745,49.099050,,,85257,2018-06-15 05:18:00,17695,Transcribed,180s,1SPM,YEWA,Yellow Warbler,SETOPHAGA PETECHIA,1,126694,1,Song,120.09,0.81,-40.78,f,,Michelle Knaggs,11,,
PC,10,WLNP-7-1,849,,-113.831745,49.099050,,,85257,2018-06-15 05:18:00,17695,Transcribed,180s,1SPM,YEWA,Yellow Warbler,SETOPHAGA PETECHIA,2,126682,1,Song,25.78,1.11,-41.42,f,,Michelle Knaggs,11,,
PC,10,WLNP-7-1,849,,-113.831745,49.099050,,,85257,2018-06-15 05:18:00,17695,Transcribed,180s,1SPM,YEWA,Yellow Warbler,SETOPHAGA PETECHIA,2,126699,1,Song,127.25,1.23,-46.78,f,,Michelle Knaggs,11,,
PC,10,WLNP-7-1,849,,-113.831745,49.099050,,,85257,2018-06-15 05:18:00,17695,Transcribed,180s,1SPM,MGWA,MacGillivray's Warbler,GEOTHLYPIS TOLMIEI,1,126691,1,Song,64.51,1.48,-31.84,f,,Michelle Knaggs,11,,
PC,10,WLNP-7-1,849,,-113.831745,49.099050,,,85257,2018-06-15 05:18:00,17695,Transcribed,180s,1SPM,MGWA,MacGillivray's Warbler,GEOTHLYPIS TOLMIEI,1,126701,1,Song,147.66,1.56,-28.98,f,,Michelle Knaggs,11,,
PC,10,WLNP-7-1,849,,-113.831745,49.099050,,,85257,2018-06-15 05:18:00,17695,Transcribed,180s,1SPM,UNPA,Unidentified Passerine,"",1,126680,1,Call,3.19,0.30,-35.71,f,,Michelle Knaggs,11,,
PC,10,WLNP-7-1,849,,-113.831745,49.099050,,,85257,2018-06-15 05:18:00,17695,Transcribed,180s,1SPM,AMRE,American Redstart,SETOPHAGA RUTICILLA,1,126689,1,Song,71.46,1.39,-40.71,f,,Michelle Knaggs,11,,
PC,10,WLNP-7-1,849,,-113.831745,49.099050,,,85257,2018-06-15 05:18:00,17695,Transcribed,180s,1SPM,AMRE,American Redstart,SETOPHAGA RUTICILLA,1,126697,1,Song,122.90,1.13,-39.58,f,,Michelle Knaggs,11,,
PC,10,WLNP-7-1,849,,-113.831745,49.099050,,,85257,2018-06-15 05:18:00,17695,Transcribed,180s,1SPM,SWTH,Swainson's Thrush,CATHARUS USTULATUS,1,126693,1,Song,99.69,1.16,-45.11,f,,Michelle Knaggs,11,,
PC,10,WLNP-7-1,849,,-113.831745,49.099050,,,85257,2018-06-15 05:18:00,17695,Transcribed,180s,1SPM,SWTH,Swainson's Thrush,CATHARUS USTULATUS,1,126702,1,Song,178.46,1.08,-48.62,f,,Michelle Knaggs,11,,
PC,10,WLNP-7-1,849,,-113.831745,49.099050,,,85257,2018-06-15 05:18:00,17695,Transcribed,180s,1SPM,AMRO,American Robin,TURDUS MIGRATORIUS,2,126696,1,Call,129.35,1.98,-40.7,f,,Michelle Knaggs,11,,
PC,10,WLNP-7-1,849,,-113.831745,49.099050,,,85257,2018-06-15 05:18:00,17695,Transcribed,180s,1SPM,AMRO,American Robin,TURDUS MIGRATORIUS,1,126684,1,Song,32.91,0.76,-51.1,f,,Michelle Knaggs,11,,
PC,10,WLNP-7-1,849,,-113.831745,49.099050,,,85257,2018-06-15 05:18:00,17695,Transcribed,180s,1SPM,HOWR,House Wren,TROGLODYTES AEDON,3,126690,1,Song,68.84,1.41,-35.41,f,,Michelle Knaggs,11,,
PC,10,WLNP-7-1,849,,-113.831745,49.099050,,,85257,2018-06-15 05:18:00,17695,Transcribed,180s,1SPM,HOWR,House Wren,TROGLODYTES AEDON,3,126679,1,Song,5.38,1.91,-33.76,f,,Michelle Knaggs,11,,
PC,10,WLNP-7-1,849,,-113.831745,49.099050,,,85257,2018-06-15 05:18:00,17695,Transcribed,180s,1SPM,HOWR,House Wren,TROGLODYTES AEDON,2,126700,1,Song,131.73,1.46,-41.39,f,,Michelle Knaggs,11,,
PC,10,WLNP-7-1,849,,-113.831745,49.099050,,,85257,2018-06-15 05:18:00,17695,Transcribed,180s,1SPM,HOWR,House Wren,TROGLODYTES AEDON,2,126688,1,Song,63.58,1.20,-37.66,f,,Michelle Knaggs,11,,
PC,10,WLNP-7-1,849,,-113.831745,49.099050,,,85257,2018-06-15 05:18:00,17695,Transcribed,180s,1SPM,HOWR,House Wren,TROGLODYTES AEDON,2,126678,1,Song,3.96,1.58,-47.46,f,,Michelle Knaggs,11,,
PC,10,WLNP-7-1,849,,-113.831745,49.099050,,,85257,2018-06-15 05:18:00,17695,Transcribed,180s,1SPM,HOWR,House Wren,TROGLODYTES AEDON,1,126687,1,Song,60.10,1.15,-30.65,f,,Michelle Knaggs,11,,
PC,10,WLNP-7-1,849,,-113.831745,49.099050,,,85257,2018-06-15 05:18:00,17695,Transcribed,180s,1SPM,HOWR,House Wren,TROGLODYTES AEDON,1,126677,1,Song,0.29,2.59,-35.38,f,,Michelle Knaggs,11,,
PC,10,WLNP-7-1,849,,-113.831745,49.099050,,,85257,2018-06-15 05:18:00,17695,Transcribed,180s,1SPM,HOWR,House Wren,TROGLODYTES AEDON,1,126698,1,Song,121.64,2.29,-39.72,f,,Michelle Knaggs,11,,
PC,10,WLNP-7-2,863,,-113.830341,49.100155,,,7035,2018-06-08 22:39:00,9902,Transcribed,180s,1SPM,LIWI,Light wind,"",1,42078,1,Song,120.28,2.65,-32.8,f,,Brandon Law,22,,
PC,10,WLNP-7-2,863,,-113.830341,49.100155,,,7035,2018-06-08 22:39:00,9902,Transcribed,180s,1SPM,SORA,Sora,PORZANA CAROLINA,1,42067,1,Song,0.11,0.79,-52.35,f,,Brandon Law,22,,
PC,10,WLNP-7-2,863,,-113.830341,49.100155,,,7035,2018-06-08 22:39:00,9902,Transcribed,180s,1SPM,WISN,Wilson's Snipe,GALLINAGO DELICATA,1,42069,1,Non-vocal,1.71,3.04,-28.97,f,,Brandon Law,22,WINNOW,
PC,10,WLNP-7-2,863,,-113.830341,49.100155,,,7035,2018-06-08 22:39:00,9902,Transcribed,180s,1SPM,WISN,Wilson's Snipe,GALLINAGO DELICATA,1,42079,1,Non-vocal,121.36,3.55,-25.2,f,,Brandon Law,22,WINNOW,
PC,10,WLNP-7-2,863,,-113.830341,49.100155,,,7035,2018-06-08 22:39:00,9902,Transcribed,180s,1SPM,WISN,Wilson's Snipe,GALLINAGO DELICATA,1,42075,1,Non-vocal,63.81,3.73,-29.8,f,,Brandon Law,22,WINNOW,
PC,10,WLNP-7-2,863,,-113.830341,49.100155,,,7035,2018-06-08 22:39:00,9902,Transcribed,180s,1SPM,SORA,Sora,PORZANA CAROLINA,1,42077,1,Song,121.05,0.61,-64.05,f,,Brandon Law,22,,
PC,10,WLNP-7-2,863,,-113.830341,49.100155,,,7035,2018-06-08 22:39:00,9902,Transcribed,180s,1SPM,SORA,Sora,PORZANA CAROLINA,1,42074,1,Song,60.96,0.88,-30.54,f,,Brandon Law,22,,
PC,10,WLNP-7-2,863,,-113.830341,49.100155,,,7035,2018-06-08 22:39:00,9902,Transcribed,180s,1SPM,WEWP,Western Wood-Pewee,CONTOPUS SORDIDULUS,1,42082,1,Song,134.69,1.15,-62.52,f,,Brandon Law,22,"",
PC,10,WLNP-7-2,863,,-113.830341,49.100155,,,7035,2018-06-08 22:39:00,9902,Transcribed,180s,1SPM,WEWP,Western Wood-Pewee,CONTOPUS SORDIDULUS,1,42068,1,Song,3.28,0.88,-61.45,f,,Brandon Law,22,"",
PC,10,WLNP-7-2,863,,-113.830341,49.100155,,,7035,2018-06-08 22:39:00,9902,Transcribed,180s,1SPM,WISN,Wilson's Snipe,GALLINAGO DELICATA,2,42080,1,Call,130.74,2.46,-30.56,f,,Brandon Law,22,,
PC,10,WLNP-7-2,863,,-113.830341,49.100155,,,7035,2018-06-08 22:39:00,9902,Transcribed,180s,1SPM,WEWP,Western Wood-Pewee,CONTOPUS SORDIDULUS,1,42073,1,Song,60.38,0.71,-61.54,f,,Brandon Law,22,"",
PC,10,WLNP-7-2,863,,-113.830341,49.100155,,,7035,2018-06-08 22:39:00,9902,Transcribed,180s,1SPM,WISN,Wilson's Snipe,GALLINAGO DELICATA,2,42076,1,Call,66.64,4.10,-30.39,f,,Brandon Law,22,,
PC,10,WLNP-7-2,863,,-113.830341,49.100155,,,7035,2018-06-08 22:39:00,9902,Transcribed,180s,1SPM,WISN,Wilson's Snipe,GALLINAGO DELICATA,2,42070,1,Call,9.65,7.39,-33.27,f,,Brandon Law,22,,
PC,10,WLNP-7-2,863,,-113.830341,49.100155,,,7035,2018-06-08 22:39:00,9902,Transcribed,180s,1SPM,LIWI,Light wind,"",1,42071,1,Song,17.75,4.35,-56.79,f,,Brandon Law,22,,
PC,10,WLNP-7-2,863,,-113.830341,49.100155,,,7035,2018-06-08 22:39:00,9902,Transcribed,180s,1SPM,LIWI,Light wind,"",1,42072,1,Song,60.31,3.28,-29.51,f,,Brandon Law,22,,
PC,10,WLNP-7-2,863,,-113.830341,49.100155,,,7062,2018-06-10 04:49:00,9929,Transcribed,180s,1SPM,LIWI,Light wind,"",1,49634,1,Song,120.01,4.24,-33.07,f,,Christopher Wagner,39,,Lots of overlap between bird calls and difficult to discern with wind
PC,10,WLNP-7-2,863,,-113.830341,49.100155,,,7062,2018-06-10 04:49:00,9929,Transcribed,180s,1SPM,MOWI,Moderate wind,"",1,43929,1,Song,60.01,3.23,-30.51,f,,Christopher Wagner,39,,Lots of overlap between bird calls and difficult to discern with wind
PC,10,WLNP-7-2,863,,-113.830341,49.100155,,,7062,2018-06-10 04:49:00,9929,Transcribed,180s,1SPM,MOWI,Moderate wind,"",1,49633,1,Song,165.81,5.11,-30.47,f,,Christopher Wagner,39,,Lots of overlap between bird calls and difficult to discern with wind
PC,10,WLNP-7-2,863,,-113.830341,49.100155,,,7062,2018-06-10 04:49:00,9929,Transcribed,180s,1SPM,MOWI,Moderate wind,"",1,43925,1,Song,0.00,5.71,-28.33,f,,Christopher Wagner,39,,Lots of overlap between bird calls and difficult to discern with wind
PC,10,WLNP-7-2,863,,-113.830341,49.100155,,,7062,2018-06-10 04:49:00,9929,Transcribed,180s,1SPM,WISN,Wilson's Snipe,GALLINAGO DELICATA,2,43937,1,NV-C,8.43,1.90,-53.48,f,,Christopher Wagner,39,,Lots of overlap between bird calls and difficult to discern with wind
PC,10,WLNP-7-2,863,,-113.830341,49.100155,,,7062,2018-06-10 04:49:00,9929,Transcribed,180s,1SPM,YHBL,Yellow-headed Blackbird,XANTHOCEPHALUS XANTHOCEPHALUS,1,47360,1,Song,158.71,1.61,-43.73,f,,Christopher Wagner,39,,Lots of overlap between bird calls and difficult to discern with wind
PC,10,WLNP-7-2,863,,-113.830341,49.100155,,,7062,2018-06-10 04:49:00,9929,Transcribed,180s,1SPM,WTSP,White-throated Sparrow,ZONOTRICHIA ALBICOLLIS,1,46173,1,Song,135.79,2.06,-48.91,f,,Christopher Wagner,39,,Lots of overlap between bird calls and difficult to discern with wind
PC,10,WLNP-7-2,863,,-113.830341,49.100155,,,7062,2018-06-10 04:49:00,9929,Transcribed,180s,1SPM,AMRO,American Robin,TURDUS MIGRATORIUS,1,46175,1,S-C,0.03,4.15,-48.76,f,,Christopher Wagner,39,,Lots of overlap between bird calls and difficult to discern with wind
PC,10,WLNP-7-2,863,,-113.830341,49.100155,,,7062,2018-06-10 04:49:00,9929,Transcribed,180s,1SPM,AMRO,American Robin,TURDUS MIGRATORIUS,1,46177,1,S-C,60.30,2.41,-47.59,f,,Christopher Wagner,39,,Lots of overlap between bird calls and difficult to discern with wind
PC,10,WLNP-7-2,863,,-113.830341,49.100155,,,7062,2018-06-10 04:49:00,9929,Transcribed,180s,1SPM,AMRO,American Robin,TURDUS MIGRATORIUS,1,46179,1,S-C,120.04,2.85,-50.88,f,,Christopher Wagner,39,,Lots of overlap between bird calls and difficult to discern with wind
PC,10,WLNP-7-2,863,,-113.830341,49.100155,,,7062,2018-06-10 04:49:00,9929,Transcribed,180s,1SPM,AMRO,American Robin,TURDUS MIGRATORIUS,2,46180,1,S-C,120.71,2.46,-50.67,f,,Christopher Wagner,39,,Lots of overlap between bird calls and difficult to discern with wind
PC,10,WLNP-7-2,863,,-113.830341,49.100155,,,7062,2018-06-10 04:49:00,9929,Transcribed,180s,1SPM,AMRO,American Robin,TURDUS MIGRATORIUS,2,46176,1,S-C,0.69,1.88,-48.74,f,,Christopher Wagner,39,,Lots of overlap between bird calls and difficult to discern with wind
PC,10,WLNP-7-2,863,,-113.830341,49.100155,,,7062,2018-06-10 04:49:00,9929,Transcribed,180s,1SPM,AMRO,American Robin,TURDUS MIGRATORIUS,2,46178,1,S-C,67.13,2.09,-48.17,f,,Christopher Wagner,39,,Lots of overlap between bird calls and difficult to discern with wind
PC,10,WLNP-7-2,863,,-113.830341,49.100155,,,7062,2018-06-10 04:49:00,9929,Transcribed,180s,1SPM,WISN,Wilson's Snipe,GALLINAGO DELICATA,1,43924,1,NV-C,4.36,1.74,-52.17,f,,Christopher Wagner,39,,Lots of overlap between bird calls and difficult to discern with wind
PC,10,WLNP-7-2,863,,-113.830341,49.100155,,,7062,2018-06-10 04:49:00,9929,Transcribed,180s,1SPM,WISN,Wilson's Snipe,GALLINAGO DELICATA,1,43931,1,NV-C,120.14,3.93,-54.73,f,,Christopher Wagner,39,,Lots of overlap between bird calls and difficult to discern with wind
PC,10,WLNP-7-2,863,,-113.830341,49.100155,,,7062,2018-06-10 04:49:00,9929,Transcribed,180s,1SPM,WISN,Wilson's Snipe,GALLINAGO DELICATA,2,43935,1,NV-C,64.28,2.15,-56.07,f,,Christopher Wagner,39,,Lots of overlap between bird calls and difficult to discern with wind
PC,10,WLNP-7-2,863,,-113.830341,49.100155,,,7062,2018-06-10 04:49:00,9929,Transcribed,180s,1SPM,WISN,Wilson's Snipe,GALLINAGO DELICATA,1,43936,1,NV-C,91.24,8.13,-55.59,f,,Christopher Wagner,39,,Lots of overlap between bird calls and difficult to discern with wind
PC,10,WLNP-7-2,863,,-113.830341,49.100155,,,7062,2018-06-10 04:49:00,9929,Transcribed,180s,1SPM,WISN,Wilson's Snipe,GALLINAGO DELICATA,2,43932,1,NV-C,122.55,1.76,-52.67,f,,Christopher Wagner,39,,Lots of overlap between bird calls and difficult to discern with wind
PC,10,WLNP-7-2,863,,-113.830341,49.100155,,,7062,2018-06-10 04:49:00,9929,Transcribed,180s,1SPM,SORA,Sora,PORZANA CAROLINA,1,46174,1,Song,175.88,0.91,-53.09,f,,Christopher Wagner,39,,Lots of overlap between bird calls and difficult to discern with wind
PC,10,WLNP-7-2,863,,-113.830341,49.100155,,,7062,2018-06-10 04:49:00,9929,Transcribed,180s,1SPM,WEWP,Western Wood-Pewee,CONTOPUS SORDIDULUS,1,47358,1,Song,61.76,1.23,-45.16,f,,Christopher Wagner,39,,Lots of overlap between bird calls and difficult to discern with wind
PC,10,WLNP-7-2,863,,-113.830341,49.100155,,,7062,2018-06-10 04:49:00,9929,Transcribed,180s,1SPM,WEWP,Western Wood-Pewee,CONTOPUS SORDIDULUS,1,47357,1,Song,2.03,1.21,-48.24,f,,Christopher Wagner,39,,Lots of overlap between bird calls and difficult to discern with wind
PC,10,WLNP-7-2,863,,-113.830341,49.100155,,,7062,2018-06-10 04:49:00,9929,Transcribed,180s,1SPM,WEWP,Western Wood-Pewee,CONTOPUS SORDIDULUS,1,47359,1,Song,120.66,1.18,-45.48,f,,Christopher Wagner,39,,Lots of overlap between bird calls and difficult to discern with wind
PC,10,WLNP-7-2,863,,-113.830341,49.100155,,,7062,2018-06-10 04:49:00,9929,Transcribed,180s,1SPM,TRES,Tree Swallow,TACHYCINETA BICOLOR,1,43928,1,Call,60.19,4.53,-44.72,f,,Christopher Wagner,39,,Lots of overlap between bird calls and difficult to discern with wind
PC,10,WLNP-7-2,863,,-113.830341,49.100155,,,7062,2018-06-10 04:49:00,9929,Transcribed,180s,1SPM,TRES,Tree Swallow,TACHYCINETA BICOLOR,1,43930,1,Call,120.86,2.61,-46.36,f,,Christopher Wagner,39,,Lots of overlap between bird calls and difficult to discern with wind
PC,10,WLNP-7-2,863,,-113.830341,49.100155,,,7062,2018-06-10 04:49:00,9929,Transcribed,180s,1SPM,TRES,Tree Swallow,TACHYCINETA BICOLOR,1,43926,1,Call,0.53,2.39,-47.27,f,,Christopher Wagner,39,,Lots of overlap between bird calls and difficult to discern with wind
PC,10,WLNP-7-2,863,,-113.830341,49.100155,,,7062,2018-06-10 04:49:00,9929,Transcribed,180s,1SPM,YEWA,Yellow Warbler,SETOPHAGA PETECHIA,5,49636,1,Song,122.89,1.28,-47.62,f,,Christopher Wagner,39,"",Lots of overlap between bird calls and difficult to discern with wind
PC,10,WLNP-7-2,863,,-113.830341,49.100155,,,7062,2018-06-10 04:49:00,9929,Transcribed,180s,1SPM,UNWA,Unidentified Warbler,"",1,117557,1,Song,2.60,1.96,-44.81,f,,Christopher Wagner,39,,Lots of overlap between bird calls and difficult to discern with wind
PC,10,WLNP-7-2,863,,-113.830341,49.100155,,,7062,2018-06-10 04:49:00,9929,Transcribed,180s,1SPM,YEWA,Yellow Warbler,SETOPHAGA PETECHIA,5,49631,1,Song,102.84,1.50,-50.29,f,,Christopher Wagner,39,"",Lots of overlap between bird calls and difficult to discern with wind
PC,10,WLNP-7-2,863,,-113.830341,49.100155,,,7062,2018-06-10 04:49:00,9929,Transcribed,180s,1SPM,YEWA,Yellow Warbler,SETOPHAGA PETECHIA,4,49638,1,Song,124.48,2.13,-46.11,f,,Christopher Wagner,39,,Lots of overlap between bird calls and difficult to discern with wind
PC,10,WLNP-7-2,863,,-113.830341,49.100155,,,7062,2018-06-10 04:49:00,9929,Transcribed,180s,1SPM,YEWA,Yellow Warbler,SETOPHAGA PETECHIA,4,49630,1,Song,100.50,1.89,-45.09,f,,Christopher Wagner,39,,Lots of overlap between bird calls and difficult to discern with wind
PC,10,WLNP-7-2,863,,-113.830341,49.100155,,,7062,2018-06-10 04:49:00,9929,Transcribed,180s,1SPM,YEWA,Yellow Warbler,SETOPHAGA PETECHIA,3,49637,1,Song,122.19,1.25,-46.2,f,,Christopher Wagner,39,,Lots of overlap between bird calls and difficult to discern with wind
PC,10,WLNP-7-2,863,,-113.830341,49.100155,,,7062,2018-06-10 04:49:00,9929,Transcribed,180s,1SPM,YEWA,Yellow Warbler,SETOPHAGA PETECHIA,3,49628,1,Song,68.11,1.34,-44.08,f,,Christopher Wagner,39,,Lots of overlap between bird calls and difficult to discern with wind
PC,10,WLNP-7-2,863,,-113.830341,49.100155,,,7062,2018-06-10 04:49:00,9929,Transcribed,180s,1SPM,YEWA,Yellow Warbler,SETOPHAGA PETECHIA,3,49622,1,Song,30.20,1.23,-44.86,f,,Christopher Wagner,39,,Lots of overlap between bird calls and difficult to discern with wind
PC,10,WLNP-7-2,863,,-113.830341,49.100155,,,7062,2018-06-10 04:49:00,9929,Transcribed,180s,1SPM,YEWA,Yellow Warbler,SETOPHAGA PETECHIA,2,49619,1,Song,6.51,1.21,-46.97,f,,Christopher Wagner,39,,Lots of overlap between bird calls and difficult to discern with wind
PC,10,WLNP-7-2,863,,-113.830341,49.100155,,,7062,2018-06-10 04:49:00,9929,Transcribed,180s,1SPM,YEWA,Yellow Warbler,SETOPHAGA PETECHIA,2,49641,1,Song,129.99,1.14,-48.33,f,,Christopher Wagner,39,,Lots of overlap between bird calls and difficult to discern with wind
PC,10,WLNP-7-2,863,,-113.830341,49.100155,,,7062,2018-06-10 04:49:00,9929,Transcribed,180s,1SPM,YEWA,Yellow Warbler,SETOPHAGA PETECHIA,1,47364,1,Song,127.89,1.23,-45.52,f,,Christopher Wagner,39,,Lots of overlap between bird calls and difficult to discern with wind
PC,10,WLNP-7-2,863,,-113.830341,49.100155,,,7062,2018-06-10 04:49:00,9929,Transcribed,180s,1SPM,YEWA,Yellow Warbler,SETOPHAGA PETECHIA,1,46172,1,Song,63.55,1.01,-45.35,f,,Christopher Wagner,39,,Lots of overlap between bird calls and difficult to discern with wind
PC,10,WLNP-7-2,863,,-113.830341,49.100155,,,7062,2018-06-10 04:49:00,9929,Transcribed,180s,1SPM,YEWA,Yellow Warbler,SETOPHAGA PETECHIA,1,46171,1,Song,0.66,1.40,-45.55,f,,Christopher Wagner,39,,Lots of overlap between bird calls and difficult to discern with wind
PC,10,WLNP-7-2,863,,-113.830341,49.100155,,,7062,2018-06-10 04:49:00,9929,Transcribed,180s,1SPM,LEFL,Least Flycatcher,EMPIDONAX MINIMUS,1,49632,1,Song,124.68,0.33,-46.41,f,,Christopher Wagner,39,,Lots of overlap between bird calls and difficult to discern with wind
PC,10,WLNP-7-2,863,,-113.830341,49.100155,,,7062,2018-06-10 04:49:00,9929,Transcribed,180s,1SPM,LEFL,Least Flycatcher,EMPIDONAX MINIMUS,1,47363,1,Song,62.61,0.34,-48.23,f,,Christopher Wagner,39,,Lots of overlap between bird calls and difficult to discern with wind
PC,10,WLNP-7-2,863,,-113.830341,49.100155,,,7062,2018-06-10 04:49:00,9929,Transcribed,180s,1SPM,LEFL,Least Flycatcher,EMPIDONAX MINIMUS,1,47361,1,Song,25.85,0.39,-51.68,f,,Christopher Wagner,39,,Lots of overlap between bird calls and difficult to discern with wind
PC,10,WLNP-7-2,863,,-113.830341,49.100155,,,6977,2018-06-13 04:48:00,9980,Transcribed,180s,1SPM,WISN,Wilson's Snipe,GALLINAGO DELICATA,1,41372,1,Non-vocal,118.49,1.48,-30.83,f,,Kevan Cowcill,20,,
PC,10,WLNP-7-2,863,,-113.830341,49.100155,,,6977,2018-06-13 04:48:00,9980,Transcribed,180s,1SPM,MOWI,Moderate wind,"",1,41361,1,Non-vocal,32.70,3.63,-37.89,f,,Kevan Cowcill,20,,
PC,10,WLNP-7-2,863,,-113.830341,49.100155,,,6977,2018-06-13 04:48:00,9980,Transcribed,180s,1SPM,MOWI,Moderate wind,"",1,41370,1,Non-vocal,67.66,4.43,-39.86,f,,Kevan Cowcill,20,,
PC,10,WLNP-7-2,863,,-113.830341,49.100155,,,6977,2018-06-13 04:48:00,9980,Transcribed,180s,1SPM,LEFL,Least Flycatcher,EMPIDONAX MINIMUS,1,41374,1,Song,120.06,1.80,-39.84,f,,Kevan Cowcill,20,,
PC,10,WLNP-7-2,863,,-113.830341,49.100155,,,6977,2018-06-13 04:48:00,9980,Transcribed,180s,1SPM,LEFL,Least Flycatcher,EMPIDONAX MINIMUS,1,41352,1,Song,0.28,1.60,-39.3,f,,Kevan Cowcill,20,,
PC,10,WLNP-7-2,863,,-113.830341,49.100155,,,6977,2018-06-13 04:48:00,9980,Transcribed,180s,1SPM,LEFL,Least Flycatcher,EMPIDONAX MINIMUS,1,41367,1,Song,60.80,0.64,-42.96,f,,Kevan Cowcill,20,,
PC,10,WLNP-7-2,863,,-113.830341,49.100155,,,6977,2018-06-13 04:48:00,9980,Transcribed,180s,1SPM,YEWA,Yellow Warbler,SETOPHAGA PETECHIA,1,41364,1,Song,60.01,3.11,-43.06,f,,Kevan Cowcill,20,,
PC,10,WLNP-7-2,863,,-113.830341,49.100155,,,6977,2018-06-13 04:48:00,9980,Transcribed,180s,1SPM,YEWA,Yellow Warbler,SETOPHAGA PETECHIA,1,41362,1,Song,48.45,2.68,-46.09,f,,Kevan Cowcill,20,,
PC,10,WLNP-7-2,863,,-113.830341,49.100155,,,6977,2018-06-13 04:48:00,9980,Transcribed,180s,1SPM,YEWA,Yellow Warbler,SETOPHAGA PETECHIA,1,41379,1,Song,129.34,2.69,-38.71,f,,Kevan Cowcill,20,,
PC,10,WLNP-7-2,863,,-113.830341,49.100155,,,6977,2018-06-13 04:48:00,9980,Transcribed,180s,1SPM,WETA,Western Tanager,PIRANGA LUDOVICIANA,1,41359,1,Song,11.18,1.63,-45.41,f,,Kevan Cowcill,20,,
PC,10,WLNP-7-2,863,,-113.830341,49.100155,,,6977,2018-06-13 04:48:00,9980,Transcribed,180s,1SPM,WETA,Western Tanager,PIRANGA LUDOVICIANA,1,41378,1,Song,125.39,2.13,-44.88,f,,Kevan Cowcill,20,,
PC,10,WLNP-7-2,863,,-113.830341,49.100155,,,6977,2018-06-13 04:48:00,9980,Transcribed,180s,1SPM,UNWA,Unidentified Warbler,"",1,41356,1,Song,1.11,2.18,-39.28,f,,Kevan Cowcill,20,,
PC,10,WLNP-7-2,863,,-113.830341,49.100155,,,6977,2018-06-13 04:48:00,9980,Transcribed,180s,1SPM,WEWP,Western Wood-Pewee,CONTOPUS SORDIDULUS,1,41380,1,Song,152.25,1.15,-48.43,f,,Kevan Cowcill,20,,
PC,10,WLNP-7-2,863,,-113.830341,49.100155,,,6977,2018-06-13 04:48:00,9980,Transcribed,180s,1SPM,WEWP,Western Wood-Pewee,CONTOPUS SORDIDULUS,1,41371,1,Song,84.26,1.21,-52.51,f,,Kevan Cowcill,20,,
PC,10,WLNP-7-2,863,,-113.830341,49.100155,,,6977,2018-06-13 04:48:00,9980,Transcribed,180s,1SPM,WEWP,Western Wood-Pewee,CONTOPUS SORDIDULUS,1,41354,1,Song,0.81,0.80,-40.71,f,,Kevan Cowcill,20,,
PC,10,WLNP-7-2,863,,-113.830341,49.100155,,,6977,2018-06-13 04:48:00,9980,Transcribed,180s,1SPM,HOWR,House Wren,TROGLODYTES AEDON,1,41377,1,Song,121.93,2.76,-40.05,f,,Kevan Cowcill,20,,
PC,10,WLNP-7-2,863,,-113.830341,49.100155,,,6977,2018-06-13 04:48:00,9980,Transcribed,180s,1SPM,HOWR,House Wren,TROGLODYTES AEDON,1,41369,1,Song,65.48,1.80,-41.26,f,,Kevan Cowcill,20,,
PC,10,WLNP-7-2,863,,-113.830341,49.100155,,,6977,2018-06-13 04:48:00,9980,Transcribed,180s,1SPM,HOWR,House Wren,TROGLODYTES AEDON,1,41358,1,Song,8.93,1.95,-41.96,f,,Kevan Cowcill,20,,
PC,10,WLNP-7-2,863,,-113.830341,49.100155,,,6977,2018-06-13 04:48:00,9980,Transcribed,180s,1SPM,AMRO,American Robin,TURDUS MIGRATORIUS,1,41368,1,Song,62.95,2.23,-41.86,f,,Kevan Cowcill,20,sounds like 2-3 calling or singing later on,
PC,10,WLNP-7-2,863,,-113.830341,49.100155,,,6977,2018-06-13 04:48:00,9980,Transcribed,180s,1SPM,AMRO,American Robin,TURDUS MIGRATORIUS,1,41376,1,Song,122.23,2.50,-40.9,f,,Kevan Cowcill,20,sounds like 2-3 calling or singing later on,
PC,10,WLNP-7-2,863,,-113.830341,49.100155,,,6977,2018-06-13 04:48:00,9980,Transcribed,180s,1SPM,AMRO,American Robin,TURDUS MIGRATORIUS,1,41355,1,Call,1.46,1.31,-44.85,f,,Kevan Cowcill,20,sounds like 2-3 calling or singing later on,
PC,10,WLNP-7-2,863,,-113.830341,49.100155,,,6977,2018-06-13 04:48:00,9980,Transcribed,180s,1SPM,HETH,Hermit Thrush,CATHARUS GUTTATUS,1,41353,1,Song,0.03,0.49,-46.25,f,,Kevan Cowcill,20,,
PC,10,WLNP-7-2,863,,-113.830341,49.100155,,,6977,2018-06-13 04:48:00,9980,Transcribed,180s,1SPM,WISN,Wilson's Snipe,GALLINAGO DELICATA,1,41381,1,Non-vocal,169.06,2.41,-30.85,f,,Kevan Cowcill,20,,
PC,10,WLNP-7-2,863,,-113.830341,49.100155,,,6977,2018-06-13 04:48:00,9980,Transcribed,180s,1SPM,CORA,Common Raven,CORVUS CORAX,1,41363,1,Call,56.16,0.54,-54.97,f,,Kevan Cowcill,20,,
PC,10,WLNP-7-2,863,,-113.830341,49.100155,,,6977,2018-06-13 04:48:00,9980,Transcribed,180s,1SPM,CORA,Common Raven,CORVUS CORAX,1,41366,1,Call,62.26,1.23,-49.64,f,,Kevan Cowcill,20,,
PC,10,WLNP-7-2,863,,-113.830341,49.100155,,,6977,2018-06-13 04:48:00,9980,Transcribed,180s,1SPM,RUGR,Ruffed Grouse,BONASA UMBELLUS,1,41375,1,Non-vocal,120.09,5.93,-30.39,f,,Kevan Cowcill,20,,
PC,10,WLNP-7-2,863,,-113.830341,49.100155,,,6977,2018-06-13 04:48:00,9980,Transcribed,180s,1SPM,RUGR,Ruffed Grouse,BONASA UMBELLUS,1,41360,1,Non-vocal,25.79,6.73,-30.31,f,,Kevan Cowcill,20,,
PC,10,WLNP-7-2,863,,-113.830341,49.100155,,,6977,2018-06-13 04:48:00,9980,Transcribed,180s,1SPM,SWTH,Swainson's Thrush,CATHARUS USTULATUS,1,41357,1,Song,5.91,1.63,-40.34,f,,Kevan Cowcill,20,,
PC,10,WLNP-7-2,863,,-113.830341,49.100155,,,6977,2018-06-13 04:48:00,9980,Transcribed,180s,1SPM,SWTH,Swainson's Thrush,CATHARUS USTULATUS,1,41365,1,Song,60.93,1.65,-43.76,f,,Kevan Cowcill,20,,
PC,10,WLNP-7-2,863,,-113.830341,49.100155,,,6977,2018-06-13 04:48:00,9980,Transcribed,180s,1SPM,SWTH,Swainson's Thrush,CATHARUS USTULATUS,1,41373,1,Song,120.43,1.54,-42.77,f,,Kevan Cowcill,20,,
PC,10,WLNP-7-2,863,,-113.830341,49.100155,,,85258,2018-06-14 05:18:00,17696,Transcribed,180s,1SPM,HOWR,House Wren,TROGLODYTES AEDON,2,126384,1,Song,11.54,1.13,-22.31,f,,Michelle Knaggs,11,,
PC,10,WLNP-7-2,863,,-113.830341,49.100155,,,85258,2018-06-14 05:18:00,17696,Transcribed,180s,1SPM,WEWP,Western Wood-Pewee,CONTOPUS SORDIDULUS,1,126387,1,Song,17.96,0.44,-34.02,f,,Michelle Knaggs,11,,
PC,10,WLNP-7-2,863,,-113.830341,49.100155,,,85258,2018-06-14 05:18:00,17696,Transcribed,180s,1SPM,PBGR,Pied-billed Grebe,PODILYMBUS PODICEPS,1,126386,1,Call,23.23,1.78,-49.21,f,,Michelle Knaggs,11,,
PC,10,WLNP-7-2,863,,-113.830341,49.100155,,,85258,2018-06-14 05:18:00,17696,Transcribed,180s,1SPM,UNKN,Unidentified signal,"",1,126424,1,Call,147.39,0.66,-52.62,f,,Michelle Knaggs,11,toot toot low confidence:To Be Checked,
PC,10,WLNP-7-2,863,,-113.830341,49.100155,,,85258,2018-06-14 05:18:00,17696,Transcribed,180s,1SPM,RWBL,Red-winged Blackbird,AGELAIUS PHOENICEUS,1,126382,1,Song,8.60,0.74,-58.94,f,,Michelle Knaggs,11,,
PC,10,WLNP-7-2,863,,-113.830341,49.100155,,,85258,2018-06-14 05:18:00,17696,Transcribed,180s,1SPM,RWBL,Red-winged Blackbird,AGELAIUS PHOENICEUS,1,126412,1,Song,126.38,0.70,-31.2,f,,Michelle Knaggs,11,,
PC,10,WLNP-7-2,863,,-113.830341,49.100155,,,85258,2018-06-14 05:18:00,17696,Transcribed,180s,1SPM,RWBL,Red-winged Blackbird,AGELAIUS PHOENICEUS,1,126396,1,Song,72.29,0.74,-33.35,f,,Michelle Knaggs,11,,
PC,10,WLNP-7-2,863,,-113.830341,49.100155,,,85258,2018-06-14 05:18:00,17696,Transcribed,180s,1SPM,LEFL,Least Flycatcher,EMPIDONAX MINIMUS,1,126388,1,Song,40.24,0.16,-47.65,f,,Michelle Knaggs,11,,
PC,10,WLNP-7-2,863,,-113.830341,49.100155,,,85258,2018-06-14 05:18:00,17696,Transcribed,180s,1SPM,LEFL,Least Flycatcher,EMPIDONAX MINIMUS,1,126395,1,Song,64.96,0.19,-52.67,f,,Michelle Knaggs,11,,
PC,10,WLNP-7-2,863,,-113.830341,49.100155,,,85258,2018-06-14 05:18:00,17696,Transcribed,180s,1SPM,LEFL,Least Flycatcher,EMPIDONAX MINIMUS,1,126409,1,Song,120.81,0.24,-45.85,f,,Michelle Knaggs,11,,
PC,10,WLNP-7-2,863,,-113.830341,49.100155,,,85258,2018-06-14 05:18:00,17696,Transcribed,180s,1SPM,LIWI,Light wind,"",1,126431,1,Song,60.06,6.48,-17.55,f,,Michelle Knaggs,11,,
PC,10,WLNP-7-2,863,,-113.830341,49.100155,,,85258,2018-06-14 05:18:00,17696,Transcribed,180s,1SPM,LIWI,Light wind,"",1,126429,1,Song,0.04,5.90,-22.58,f,,Michelle Knaggs,11,,
PC,10,WLNP-7-2,863,,-113.830341,49.100155,,,85258,2018-06-14 05:18:00,17696,Transcribed,180s,1SPM,WEWP,Western Wood-Pewee,CONTOPUS SORDIDULUS,1,126417,1,Song,136.19,0.45,-30.6,f,,Michelle Knaggs,11,,
PC,10,WLNP-7-2,863,,-113.830341,49.100155,,,85258,2018-06-14 05:18:00,17696,Transcribed,180s,1SPM,WCSP,White-crowned Sparrow,ZONOTRICHIA LEUCOPHRYS,1,126419,1,Song,139.35,2.29,-23.77,f,,Michelle Knaggs,11,,
PC,10,WLNP-7-2,863,,-113.830341,49.100155,,,85258,2018-06-14 05:18:00,17696,Transcribed,180s,1SPM,WCSP,White-crowned Sparrow,ZONOTRICHIA LEUCOPHRYS,1,126385,1,Song,13.79,2.19,-22.86,f,,Michelle Knaggs,11,,
PC,10,WLNP-7-2,863,,-113.830341,49.100155,,,85258,2018-06-14 05:18:00,17696,Transcribed,180s,1SPM,AMRO,American Robin,TURDUS MIGRATORIUS,2,126406,1,Call,121.66,0.81,-29.5,f,,Michelle Knaggs,11,,
PC,10,WLNP-7-2,863,,-113.830341,49.100155,,,85258,2018-06-14 05:18:00,17696,Transcribed,180s,1SPM,AMRO,American Robin,TURDUS MIGRATORIUS,2,126394,1,Call,61.80,0.40,-43.48,f,,Michelle Knaggs,11,,
PC,10,WLNP-7-2,863,,-113.830341,49.100155,,,85258,2018-06-14 05:18:00,17696,Transcribed,180s,1SPM,LIWI,Light wind,"",1,126432,1,Song,120.08,6.10,-13.78,f,,Michelle Knaggs,11,,
PC,10,WLNP-7-2,863,,-113.830341,49.100155,,,85258,2018-06-14 05:18:00,17696,Transcribed,180s,1SPM,AMRO,American Robin,TURDUS MIGRATORIUS,2,126383,1,Call,1.03,0.55,-38.81,f,,Michelle Knaggs,11,,
PC,10,WLNP-7-2,863,,-113.830341,49.100155,,,85258,2018-06-14 05:18:00,17696,Transcribed,180s,1SPM,AMRO,American Robin,TURDUS MIGRATORIUS,1,126404,1,Call,120.05,0.30,-14.75,f,,Michelle Knaggs,11,,
PC,10,WLNP-7-2,863,,-113.830341,49.100155,,,85258,2018-06-14 05:18:00,17696,Transcribed,180s,1SPM,AMRO,American Robin,TURDUS MIGRATORIUS,1,126391,1,Call,60.60,0.99,-23.31,f,,Michelle Knaggs,11,,
PC,10,WLNP-7-2,863,,-113.830341,49.100155,,,85258,2018-06-14 05:18:00,17696,Transcribed,180s,1SPM,AMRO,American Robin,TURDUS MIGRATORIUS,1,126380,1,Call,0.29,0.70,-23.13,f,,Michelle Knaggs,11,,
PC,10,WLNP-7-2,863,,-113.830341,49.100155,,,85258,2018-06-14 05:18:00,17696,Transcribed,180s,1SPM,YHBL,Yellow-headed Blackbird,XANTHOCEPHALUS XANTHOCEPHALUS,1,126389,1,Song,48.21,1.91,-35.6,f,,Michelle Knaggs,11,,
PC,10,WLNP-7-2,863,,-113.830341,49.100155,,,85258,2018-06-14 05:18:00,17696,Transcribed,180s,1SPM,YHBL,Yellow-headed Blackbird,XANTHOCEPHALUS XANTHOCEPHALUS,1,126393,1,Song,60.08,0.58,-57.78,f,,Michelle Knaggs,11,,
PC,10,WLNP-7-2,863,,-113.830341,49.100155,,,85258,2018-06-14 05:18:00,17696,Transcribed,180s,1SPM,HOWR,House Wren,TROGLODYTES AEDON,2,126407,1,Song,123.65,1.49,-14.03,f,,Michelle Knaggs,11,,
PC,10,WLNP-7-2,863,,-113.830341,49.100155,,,85258,2018-06-14 05:18:00,17696,Transcribed,180s,1SPM,HOWR,House Wren,TROGLODYTES AEDON,2,126392,1,Song,62.99,1.50,-23.86,f,,Michelle Knaggs,11,,
PC,10,WLNP-7-2,863,,-113.830341,49.100155,,,85258,2018-06-14 05:18:00,17696,Transcribed,180s,1SPM,HOWR,House Wren,TROGLODYTES AEDON,1,126381,1,Song,5.40,1.16,-27.21,f,,Michelle Knaggs,11,,
PC,10,WLNP-7-2,863,,-113.830341,49.100155,,,85258,2018-06-14 05:18:00,17696,Transcribed,180s,1SPM,MODO,Mourning Dove,ZENAIDA MACROURA,1,126410,1,Song,125.84,0.81,-52.72,f,,Michelle Knaggs,11,,
PC,10,WLNP-7-2,863,,-113.830341,49.100155,,,85258,2018-06-14 05:18:00,17696,Transcribed,180s,1SPM,MODO,Mourning Dove,ZENAIDA MACROURA,1,126397,1,Song,74.10,1.55,-53.62,f,,Michelle Knaggs,11,,
PC,10,WLNP-7-2,863,,-113.830341,49.100155,,,85258,2018-06-14 05:18:00,17696,Transcribed,180s,1SPM,MODO,Mourning Dove,ZENAIDA MACROURA,1,126390,1,Song,58.31,1.33,-42.5,f,,Michelle Knaggs,11,,
PC,10,WLNP-7-2,863,,-113.830341,49.100155,,,85258,2018-06-14 05:18:00,17696,Transcribed,180s,1SPM,SORA,Sora,PORZANA CAROLINA,1,126403,1,Call,106.85,0.43,-62.53,f,,Michelle Knaggs,11,,
PC,10,WLNP-7-2,863,,-113.830341,49.100155,,,85258,2018-06-14 05:18:00,17696,Transcribed,180s,1SPM,WEWP,Western Wood-Pewee,CONTOPUS SORDIDULUS,1,126399,1,Song,80.16,0.53,-31.6,f,,Michelle Knaggs,11,,
PC,10,WLNP-7-2,863,,-113.830341,49.100155,,,85258,2018-06-14 05:18:00,17696,Transcribed,180s,1SPM,HOWR,House Wren,TROGLODYTES AEDON,1,126401,1,Song,95.44,1.51,-16.05,f,,Michelle Knaggs,11,,
PC,10,WLNP-7-2,863,,-113.830341,49.100155,,,85258,2018-06-14 05:18:00,17696,Transcribed,180s,1SPM,HOWR,House Wren,TROGLODYTES AEDON,1,126414,1,Song,133.26,1.89,-31.39,f,,Michelle Knaggs,11,,
PC,10,WLNP-7-2,863,,-113.830341,49.100155,,,7067,2018-06-15 04:48:00,9934,Transcribed,180s,1SPM,YEWA,Yellow Warbler,SETOPHAGA PETECHIA,1,46325,1,Song,125.21,1.59,-47.4,f,,Connor Charchuk,41,,
PC,10,WLNP-7-2,863,,-113.830341,49.100155,,,7067,2018-06-15 04:48:00,9934,Transcribed,180s,1SPM,SWTH,Swainson's Thrush,CATHARUS USTULATUS,1,46328,1,Call,138.31,0.73,-45.56,f,,Connor Charchuk,41,,
PC,10,WLNP-7-2,863,,-113.830341,49.100155,,,7067,2018-06-15 04:48:00,9934,Transcribed,180s,1SPM,SWTH,Swainson's Thrush,CATHARUS USTULATUS,1,46320,1,Call,92.34,0.98,-46.51,f,,Connor Charchuk,41,,
PC,10,WLNP-7-2,863,,-113.830341,49.100155,,,7067,2018-06-15 04:48:00,9934,Transcribed,180s,1SPM,WISN,Wilson's Snipe,GALLINAGO DELICATA,1,46319,1,Non-vocal,63.65,1.89,-30.68,f,,Connor Charchuk,41,,
PC,10,WLNP-7-2,863,,-113.830341,49.100155,,,7067,2018-06-15 04:48:00,9934,Transcribed,180s,1SPM,WISN,Wilson's Snipe,GALLINAGO DELICATA,1,46324,1,Non-vocal,122.90,2.18,-39.39,f,,Connor Charchuk,41,,
PC,10,WLNP-7-2,863,,-113.830341,49.100155,,,7067,2018-06-15 04:48:00,9934,Transcribed,180s,1SPM,AMRO,American Robin,TURDUS MIGRATORIUS,1,46321,1,Call,95.86,1.69,-42.11,f,,Connor Charchuk,41,,
PC,10,WLNP-7-2,863,,-113.830341,49.100155,,,7067,2018-06-15 04:48:00,9934,Transcribed,180s,1SPM,AMRO,American Robin,TURDUS MIGRATORIUS,1,46323,1,Song,120.96,2.54,-46.61,f,,Connor Charchuk,41,,
PC,10,WLNP-7-2,863,,-113.830341,49.100155,,,7067,2018-06-15 04:48:00,9934,Transcribed,180s,1SPM,AMRO,American Robin,TURDUS MIGRATORIUS,1,46316,1,Song,9.99,3.28,-50.46,f,,Connor Charchuk,41,,
PC,10,WLNP-7-2,863,,-113.830341,49.100155,,,7067,2018-06-15 04:48:00,9934,Transcribed,180s,1SPM,HOWR,House Wren,TROGLODYTES AEDON,1,46331,1,Song,161.15,2.05,-39.67,f,,Connor Charchuk,41,,
PC,10,WLNP-7-2,863,,-113.830341,49.100155,,,7067,2018-06-15 04:48:00,9934,Transcribed,180s,1SPM,WEWP,Western Wood-Pewee,CONTOPUS SORDIDULUS,1,46330,1,Song,160.96,0.73,-49.89,f,,Connor Charchuk,41,,
PC,10,WLNP-7-2,863,,-113.830341,49.100155,,,7067,2018-06-15 04:48:00,9934,Transcribed,180s,1SPM,WEWP,Western Wood-Pewee,CONTOPUS SORDIDULUS,1,46322,1,Song,99.50,0.76,-50.77,f,,Connor Charchuk,41,,
PC,10,WLNP-7-2,863,,-113.830341,49.100155,,,7067,2018-06-15 04:48:00,9934,Transcribed,180s,1SPM,WEWP,Western Wood-Pewee,CONTOPUS SORDIDULUS,1,46315,1,Song,10.44,1.19,-50.47,f,,Connor Charchuk,41,,
PC,10,WLNP-7-2,863,,-113.830341,49.100155,,,7067,2018-06-15 04:48:00,9934,Transcribed,180s,1SPM,RWBL,Red-winged Blackbird,AGELAIUS PHOENICEUS,1,46329,1,Song,139.20,1.36,-39.43,f,,Connor Charchuk,41,,
PC,10,WLNP-7-2,863,,-113.830341,49.100155,,,7067,2018-06-15 04:48:00,9934,Transcribed,180s,1SPM,LAZB,Lazuli Bunting,PASSERINA AMOENA,1,46318,1,Song,61.58,1.99,-45.42,f,,Connor Charchuk,41,,
PC,10,WLNP-7-2,863,,-113.830341,49.100155,,,7067,2018-06-15 04:48:00,9934,Transcribed,180s,1SPM,LAZB,Lazuli Bunting,PASSERINA AMOENA,1,46327,1,Song,129.93,1.83,-37.42,f,,Connor Charchuk,41,,
PC,10,WLNP-7-2,863,,-113.830341,49.100155,,,7067,2018-06-15 04:48:00,9934,Transcribed,180s,1SPM,LAZB,Lazuli Bunting,PASSERINA AMOENA,1,46314,1,Song,1.85,2.65,-42.95,f,,Connor Charchuk,41,,
PC,10,WLNP-7-2,863,,-113.830341,49.100155,,,7067,2018-06-15 04:48:00,9934,Transcribed,180s,1SPM,YEWA,Yellow Warbler,SETOPHAGA PETECHIA,2,46326,1,Song,126.39,2.04,-47.33,f,,Connor Charchuk,41,,
PC,10,WLNP-7-2,863,,-113.830341,49.100155,,,7067,2018-06-15 04:48:00,9934,Transcribed,180s,1SPM,YEWA,Yellow Warbler,SETOPHAGA PETECHIA,1,46317,1,Song,60.04,1.63,-44.39,f,,Connor Charchuk,41,,
PC,10,WLNP-7-3,864,,-113.840157,49.091844,,,7036,2018-06-10 05:19:00,9903,Transcribed,180s,1SPM,VEER,Veery,CATHARUS FUSCESCENS,1,42101,1,Song,120.96,2.28,-39.52,f,,Brandon Law,22,,
PC,10,WLNP-7-3,864,,-113.840157,49.091844,,,7036,2018-06-10 05:19:00,9903,Transcribed,180s,1SPM,VEER,Veery,CATHARUS FUSCESCENS,1,42097,1,Song,64.98,3.28,-36.32,f,,Brandon Law,22,,
PC,10,WLNP-7-3,864,,-113.840157,49.091844,,,7036,2018-06-10 05:19:00,9903,Transcribed,180s,1SPM,VEER,Veery,CATHARUS FUSCESCENS,1,42089,1,Song,9.08,2.45,-41.6,f,,Brandon Law,22,,
PC,10,WLNP-7-3,864,,-113.840157,49.091844,,,7036,2018-06-10 05:19:00,9903,Transcribed,180s,1SPM,UNKN,Unidentified signal,"",1,42110,1,Song,125.26,1.63,-36.29,f,,Brandon Law,22,,
PC,10,WLNP-7-3,864,,-113.840157,49.091844,,,7036,2018-06-10 05:19:00,9903,Transcribed,180s,1SPM,BCCH,Black-capped Chickadee,POECILE ATRICAPILLUS,1,42112,1,Song,163.64,1.54,-49.22,f,,Brandon Law,22,,
PC,10,WLNP-7-3,864,,-113.840157,49.091844,,,7036,2018-06-10 05:19:00,9903,Transcribed,180s,1SPM,YEWA,Yellow Warbler,SETOPHAGA PETECHIA,2,42099,1,Song,84.23,1.93,-38.7,f,,Brandon Law,22,,
PC,10,WLNP-7-3,864,,-113.840157,49.091844,,,7036,2018-06-10 05:19:00,9903,Transcribed,180s,1SPM,YEWA,Yellow Warbler,SETOPHAGA PETECHIA,1,42105,1,Song,120.85,1.65,-39.28,f,,Brandon Law,22,,
PC,10,WLNP-7-3,864,,-113.840157,49.091844,,,7036,2018-06-10 05:19:00,9903,Transcribed,180s,1SPM,YEWA,Yellow Warbler,SETOPHAGA PETECHIA,1,42096,1,Song,65.34,1.81,-36.6,f,,Brandon Law,22,,
PC,10,WLNP-7-3,864,,-113.840157,49.091844,,,7036,2018-06-10 05:19:00,9903,Transcribed,180s,1SPM,YEWA,Yellow Warbler,SETOPHAGA PETECHIA,1,42090,1,Song,16.29,1.53,-30.96,f,,Brandon Law,22,,
PC,10,WLNP-7-3,864,,-113.840157,49.091844,,,7036,2018-06-10 05:19:00,9903,Transcribed,180s,1SPM,MOWI,Moderate wind,"",1,42093,1,Song,60.14,2.31,-35.23,f,,Brandon Law,22,,
PC,10,WLNP-7-3,864,,-113.840157,49.091844,,,7036,2018-06-10 05:19:00,9903,Transcribed,180s,1SPM,MOWI,Moderate wind,"",1,42103,1,Song,120.23,2.09,-39.4,f,,Brandon Law,22,,
PC,10,WLNP-7-3,864,,-113.840157,49.091844,,,7036,2018-06-10 05:19:00,9903,Transcribed,180s,1SPM,MOWI,Moderate wind,"",1,42086,1,Song,0.08,2.06,-32.29,f,,Brandon Law,22,,
PC,10,WLNP-7-3,864,,-113.840157,49.091844,,,7036,2018-06-10 05:19:00,9903,Transcribed,180s,1SPM,HOWR,House Wren,TROGLODYTES AEDON,1,42084,TMTT,Song,0.31,7.93,-32.36,f,,Brandon Law,22,AE:3-4,
PC,10,WLNP-7-3,864,,-113.840157,49.091844,,,7036,2018-06-10 05:19:00,9903,Transcribed,180s,1SPM,HOWR,House Wren,TROGLODYTES AEDON,1,42094,TMTT,Song,60.63,10.99,-32.45,f,,Brandon Law,22,AE:3-4,
PC,10,WLNP-7-3,864,,-113.840157,49.091844,,,7036,2018-06-10 05:19:00,9903,Transcribed,180s,1SPM,HOWR,House Wren,TROGLODYTES AEDON,1,42106,TMTT,Song,123.29,5.83,-26.16,f,,Brandon Law,22,AE:3-4,
PC,10,WLNP-7-3,864,,-113.840157,49.091844,,,7036,2018-06-10 05:19:00,9903,Transcribed,180s,1SPM,WISN,Wilson's Snipe,GALLINAGO DELICATA,1,42091,1,Non-vocal,26.44,2.41,-32.62,f,,Brandon Law,22,WINNOW,
PC,10,WLNP-7-3,864,,-113.840157,49.091844,,,7036,2018-06-10 05:19:00,9903,Transcribed,180s,1SPM,SWTH,Swainson's Thrush,CATHARUS USTULATUS,1,42088,1,Song,2.34,1.80,-36.17,f,,Brandon Law,22,,
PC,10,WLNP-7-3,864,,-113.840157,49.091844,,,7036,2018-06-10 05:19:00,9903,Transcribed,180s,1SPM,CEDW,Cedar Waxwing,BOMBYCILLA CEDRORUM,1,42100,1,Call,111.03,0.98,-46.06,f,,Brandon Law,22,,
PC,10,WLNP-7-3,864,,-113.840157,49.091844,,,7036,2018-06-10 05:19:00,9903,Transcribed,180s,1SPM,RBGR,Rose-breasted Grosbeak,PHEUCTICUS LUDOVICIANUS,1,42102,1,Song,120.10,0.86,-38.18,f,,Brandon Law,22,,
PC,10,WLNP-7-3,864,,-113.840157,49.091844,,,7036,2018-06-10 05:19:00,9903,Transcribed,180s,1SPM,RBGR,Rose-breasted Grosbeak,PHEUCTICUS LUDOVICIANUS,1,42087,1,Song,3.60,4.48,-34.57,f,,Brandon Law,22,,
PC,10,WLNP-7-3,864,,-113.840157,49.091844,,,7036,2018-06-10 05:19:00,9903,Transcribed,180s,1SPM,RBGR,Rose-breasted Grosbeak,PHEUCTICUS LUDOVICIANUS,1,42092,1,Song,60.29,0.94,-38,f,,Brandon Law,22,,
PC,10,WLNP-7-3,864,,-113.840157,49.091844,,,7036,2018-06-10 05:19:00,9903,Transcribed,180s,1SPM,UNWO,Unidentified Woodpecker,"",1,42108,1,Non-vocal,130.84,2.71,-34.64,f,,Brandon Law,22,DRUM,
PC,10,WLNP-7-3,864,,-113.840157,49.091844,,,7083,2018-06-13 04:48:00,9950,Transcribed,180s,1SPM,AMRO,American Robin,TURDUS MIGRATORIUS,1,46338,1,Song,66.30,2.20,-60.06,f,,Connor Charchuk,41,,
PC,10,WLNP-7-3,864,,-113.840157,49.091844,,,7083,2018-06-13 04:48:00,9950,Transcribed,180s,1SPM,HOWR,House Wren,TROGLODYTES AEDON,1,46333,1,Song,3.00,2.85,-31.51,f,,Connor Charchuk,41,,
PC,10,WLNP-7-3,864,,-113.840157,49.091844,,,7083,2018-06-13 04:48:00,9950,Transcribed,180s,1SPM,HOWR,House Wren,TROGLODYTES AEDON,1,46346,1,Song,176.81,3.08,-29.44,f,,Connor Charchuk,41,,
PC,10,WLNP-7-3,864,,-113.840157,49.091844,,,7083,2018-06-13 04:48:00,9950,Transcribed,180s,1SPM,RWBL,Red-winged Blackbird,AGELAIUS PHOENICEUS,1,46342,1,Song,137.03,1.03,-57.05,f,,Connor Charchuk,41,,
PC,10,WLNP-7-3,864,,-113.840157,49.091844,,,7083,2018-06-13 04:48:00,9950,Transcribed,180s,1SPM,YEWA,Yellow Warbler,SETOPHAGA PETECHIA,3,46336,1,Song,62.51,1.50,-57.93,f,,Connor Charchuk,41,,
PC,10,WLNP-7-3,864,,-113.840157,49.091844,,,7083,2018-06-13 04:48:00,9950,Transcribed,180s,1SPM,YEWA,Yellow Warbler,SETOPHAGA PETECHIA,3,46344,1,Song,144.89,1.76,-56.66,f,,Connor Charchuk,41,,
PC,10,WLNP-7-3,864,,-113.840157,49.091844,,,7083,2018-06-13 04:48:00,9950,Transcribed,180s,1SPM,YEWA,Yellow Warbler,SETOPHAGA PETECHIA,2,46343,1,Song,140.84,2.43,-57.64,f,,Connor Charchuk,41,,
PC,10,WLNP-7-3,864,,-113.840157,49.091844,,,7083,2018-06-13 04:48:00,9950,Transcribed,180s,1SPM,YEWA,Yellow Warbler,SETOPHAGA PETECHIA,2,46334,1,Song,42.14,1.73,-53.98,f,,Connor Charchuk,41,,
PC,10,WLNP-7-3,864,,-113.840157,49.091844,,,7083,2018-06-13 04:48:00,9950,Transcribed,180s,1SPM,YEWA,Yellow Warbler,SETOPHAGA PETECHIA,1,46337,1,Song,63.95,1.86,-47.51,f,,Connor Charchuk,41,,
PC,10,WLNP-7-3,864,,-113.840157,49.091844,,,7083,2018-06-13 04:48:00,9950,Transcribed,180s,1SPM,YEWA,Yellow Warbler,SETOPHAGA PETECHIA,1,46341,1,Song,128.81,1.63,-57.17,f,,Connor Charchuk,41,,
PC,10,WLNP-7-3,864,,-113.840157,49.091844,,,7083,2018-06-13 04:48:00,9950,Transcribed,180s,1SPM,YEWA,Yellow Warbler,SETOPHAGA PETECHIA,1,46332,1,Song,1.36,1.78,-46.99,f,,Connor Charchuk,41,,
PC,10,WLNP-7-3,864,,-113.840157,49.091844,,,7083,2018-06-13 04:48:00,9950,Transcribed,180s,1SPM,SWTH,Swainson's Thrush,CATHARUS USTULATUS,1,46345,1,Call,168.30,2.81,-53.98,f,,Connor Charchuk,41,,
PC,10,WLNP-7-3,864,,-113.840157,49.091844,,,7083,2018-06-13 04:48:00,9950,Transcribed,180s,1SPM,SWTH,Swainson's Thrush,CATHARUS USTULATUS,1,46339,1,Song,70.68,1.48,-59.68,f,,Connor Charchuk,41,,
PC,10,WLNP-7-3,864,,-113.840157,49.091844,,,7083,2018-06-13 04:48:00,9950,Transcribed,180s,1SPM,SWTH,Swainson's Thrush,CATHARUS USTULATUS,1,46335,1,Song,45.05,1.73,-52.38,f,,Connor Charchuk,41,,
PC,10,WLNP-7-3,864,,-113.840157,49.091844,,,7083,2018-06-13 04:48:00,9950,Transcribed,180s,1SPM,RUGR,Ruffed Grouse,BONASA UMBELLUS,1,46340,1,Non-vocal,89.21,4.93,-32.3,f,,Connor Charchuk,41,,
PC,10,WLNP-7-3,864,,-113.840157,49.091844,,,6959,2018-06-14 04:48:00,9962,Transcribed,180s,1SPM,WISN,Wilson's Snipe,GALLINAGO DELICATA,1,50074,1,Non-vocal,72.49,3.68,-61.83,f,,Jake Lewis,27,,
PC,10,WLNP-7-3,864,,-113.840157,49.091844,,,6959,2018-06-14 04:48:00,9962,Transcribed,180s,1SPM,WISN,Wilson's Snipe,GALLINAGO DELICATA,1,121364,1,Non-vocal,121.43,3.05,-58.91,f,,Jake Lewis,27,,
PC,10,WLNP-7-3,864,,-113.840157,49.091844,,,6959,2018-06-14 04:48:00,9962,Transcribed,180s,1SPM,RUGR,Ruffed Grouse,BONASA UMBELLUS,1,50073,1,Non-vocal,68.99,7.75,-33.94,f,,Jake Lewis,27,,
PC,10,WLNP-7-3,864,,-113.840157,49.091844,,,6959,2018-06-14 04:48:00,9962,Transcribed,180s,1SPM,RUGR,Ruffed Grouse,BONASA UMBELLUS,1,121369,1,Non-vocal,177.08,2.83,-35.6,f,,Jake Lewis,27,,
PC,10,WLNP-7-3,864,,-113.840157,49.091844,,,6959,2018-06-14 04:48:00,9962,Transcribed,180s,1SPM,RUGR,Ruffed Grouse,BONASA UMBELLUS,1,43975,1,Non-vocal,5.89,7.18,-32.11,f,,Jake Lewis,27,,
PC,10,WLNP-7-3,864,,-113.840157,49.091844,,,6959,2018-06-14 04:48:00,9962,Transcribed,180s,1SPM,SOSP,Song Sparrow,MELOSPIZA MELODIA,1,121367,1,Song,150.90,1.71,-57.76,f,,Jake Lewis,27,,
PC,10,WLNP-7-3,864,,-113.840157,49.091844,,,6959,2018-06-14 04:48:00,9962,Transcribed,180s,1SPM,SOSP,Song Sparrow,MELOSPIZA MELODIA,1,121361,1,Song,92.44,1.53,-58.29,f,,Jake Lewis,27,,
PC,10,WLNP-7-3,864,,-113.840157,49.091844,,,6959,2018-06-14 04:48:00,9962,Transcribed,180s,1SPM,MODO,Mourning Dove,ZENAIDA MACROURA,1,121366,1,Song,134.19,2.10,-62.35,f,,Jake Lewis,27,,
PC,10,WLNP-7-3,864,,-113.840157,49.091844,,,6959,2018-06-14 04:48:00,9962,Transcribed,180s,1SPM,YEWA,Yellow Warbler,SETOPHAGA PETECHIA,1,121350,1,Song,4.20,1.51,-26.85,f,,Jake Lewis,27,,
PC,10,WLNP-7-3,864,,-113.840157,49.091844,,,6959,2018-06-14 04:48:00,9962,Transcribed,180s,1SPM,YEWA,Yellow Warbler,SETOPHAGA PETECHIA,1,121353,1,Song,60.43,1.39,-27.24,f,,Jake Lewis,27,,
PC,10,WLNP-7-3,864,,-113.840157,49.091844,,,6959,2018-06-14 04:48:00,9962,Transcribed,180s,1SPM,YEWA,Yellow Warbler,SETOPHAGA PETECHIA,2,43397,1,Song,13.46,1.36,-25.2,f,,Jake Lewis,27,,
PC,10,WLNP-7-3,864,,-113.840157,49.091844,,,6959,2018-06-14 04:48:00,9962,Transcribed,180s,1SPM,YEWA,Yellow Warbler,SETOPHAGA PETECHIA,2,121354,1,Song,68.25,1.66,-26.56,f,,Jake Lewis,27,,
PC,10,WLNP-7-3,864,,-113.840157,49.091844,,,6959,2018-06-14 04:48:00,9962,Transcribed,180s,1SPM,YEWA,Yellow Warbler,SETOPHAGA PETECHIA,2,121363,1,Song,123.16,1.64,-25.26,f,,Jake Lewis,27,,
PC,10,WLNP-7-3,864,,-113.840157,49.091844,,,6959,2018-06-14 04:48:00,9962,Transcribed,180s,1SPM,RWBL,Red-winged Blackbird,AGELAIUS PHOENICEUS,1,121360,1,Song,85.13,1.08,-39.12,f,,Jake Lewis,27,,
PC,10,WLNP-7-3,864,,-113.840157,49.091844,,,6959,2018-06-14 04:48:00,9962,Transcribed,180s,1SPM,RWBL,Red-winged Blackbird,AGELAIUS PHOENICEUS,1,121368,1,Song,159.49,0.59,-54.06,f,,Jake Lewis,27,,
PC,10,WLNP-7-3,864,,-113.840157,49.091844,,,6959,2018-06-14 04:48:00,9962,Transcribed,180s,1SPM,UNKN,Unidentified signal,"",1,121352,1,Call,36.20,3.74,-66.8,f,,Jake Lewis,27,,
PC,10,WLNP-7-3,864,,-113.840157,49.091844,,,6959,2018-06-14 04:48:00,9962,Transcribed,180s,1SPM,UNKN,Unidentified signal,"",1,121355,1,Call,60.14,0.49,-70.27,f,,Jake Lewis,27,,
PC,10,WLNP-7-3,864,,-113.840157,49.091844,,,6959,2018-06-14 04:48:00,9962,Transcribed,180s,1SPM,MODO,Mourning Dove,ZENAIDA MACROURA,1,121365,1,Song,72.24,0.35,-72.14,f,,Jake Lewis,27,,
PC,10,WLNP-7-3,864,,-113.840157,49.091844,,,6959,2018-06-14 04:48:00,9962,Transcribed,180s,1SPM,HOWR,House Wren,TROGLODYTES AEDON,1,43976,TMTT,Song,0.95,9.09,-26.84,f,,Jake Lewis,27,AE:2-3 confidence:To Be Checked,
PC,10,WLNP-7-3,864,,-113.840157,49.091844,,,6959,2018-06-14 04:48:00,9962,Transcribed,180s,1SPM,HOWR,House Wren,TROGLODYTES AEDON,1,121351,TMTT,Song,60.15,6.85,-26.95,f,,Jake Lewis,27,AE:2-3 confidence:To Be Checked,
PC,10,WLNP-7-3,864,,-113.840157,49.091844,,,6959,2018-06-14 04:48:00,9962,Transcribed,180s,1SPM,HOWR,House Wren,TROGLODYTES AEDON,1,121362,TMTT,Song,120.04,7.58,-25.21,f,,Jake Lewis,27,AE:2-3 confidence:To Be Checked,
PC,10,WLNP-7-3,864,,-113.840157,49.091844,,,6959,2018-06-14 04:48:00,9962,Transcribed,180s,1SPM,WISN,Wilson's Snipe,GALLINAGO DELICATA,1,43396,1,Non-vocal,5.48,1.98,-63.1,f,,Jake Lewis,27,,
PC,10,WLNP-7-3,864,,-113.840157,49.091844,,,6950,2018-06-15 04:48:00,9953,Transcribed,180s,1SPM,SWTH,Swainson's Thrush,CATHARUS USTULATUS,1,42267,1,Song,64.58,1.34,-49.21,f,,Connor Charchuk,41,,
PC,10,WLNP-7-3,864,,-113.840157,49.091844,,,6950,2018-06-15 04:48:00,9953,Transcribed,180s,1SPM,SWTH,Swainson's Thrush,CATHARUS USTULATUS,1,42263,1,Song,4.04,1.61,-44.62,f,,Connor Charchuk,41,,
PC,10,WLNP-7-3,864,,-113.840157,49.091844,,,6950,2018-06-15 04:48:00,9953,Transcribed,180s,1SPM,AMRO,American Robin,TURDUS MIGRATORIUS,1,42266,1,Call,63.28,1.25,-51.05,f,,Connor Charchuk,41,,
PC,10,WLNP-7-3,864,,-113.840157,49.091844,,,6950,2018-06-15 04:48:00,9953,Transcribed,180s,1SPM,AMRO,American Robin,TURDUS MIGRATORIUS,1,42264,1,Call,12.89,0.54,-54.16,f,,Connor Charchuk,41,,
PC,10,WLNP-7-3,864,,-113.840157,49.091844,,,6950,2018-06-15 04:48:00,9953,Transcribed,180s,1SPM,AMRO,American Robin,TURDUS MIGRATORIUS,1,42270,1,Song,128.06,1.98,-50.83,f,,Connor Charchuk,41,,
PC,10,WLNP-7-3,864,,-113.840157,49.091844,,,6950,2018-06-15 04:48:00,9953,Transcribed,180s,1SPM,UNPA,Unidentified Passerine,"",1,42268,1,Song,123.58,2.03,-28.16,f,,Connor Charchuk,41,confidence:To Be Checked,
PC,10,WLNP-7-3,864,,-113.840157,49.091844,,,6950,2018-06-15 04:48:00,9953,Transcribed,180s,1SPM,SWTH,Swainson's Thrush,CATHARUS USTULATUS,1,42269,1,Song,122.26,1.48,-48.01,f,,Connor Charchuk,41,,
PC,10,WLNP-7-3,864,,-113.840157,49.091844,,,6950,2018-06-15 04:48:00,9953,Transcribed,180s,1SPM,MOWI,Moderate wind,"",1,120897,1,Non-vocal,0.06,3.89,-45.36,f,,Connor Charchuk,41,,
PC,10,WLNP-7-3,864,,-113.840157,49.091844,,,6950,2018-06-15 04:48:00,9953,Transcribed,180s,1SPM,UNPA,Unidentified Passerine,"",1,42265,1,Song,60.41,1.96,-27.92,f,,Connor Charchuk,41,confidence:To Be Checked,
PC,10,WLNP-7-3,864,,-113.840157,49.091844,,,6950,2018-06-15 04:48:00,9953,Transcribed,180s,1SPM,UNPA,Unidentified Passerine,"",1,42262,1,Song,5.18,2.98,-27.26,f,,Connor Charchuk,41,confidence:To Be Checked,
PC,10,WLNP-7-3,864,,-113.840157,49.091844,,,6950,2018-06-15 04:48:00,9953,Transcribed,180s,1SPM,MOWI,Moderate wind,"",1,120899,1,Non-vocal,65.96,2.84,-45.41,f,,Connor Charchuk,41,,
PC,10,WLNP-7-3,864,,-113.840157,49.091844,,,6950,2018-06-15 04:48:00,9953,Transcribed,180s,1SPM,MOWI,Moderate wind,"",1,120898,1,Non-vocal,120.18,2.03,-43.2,f,,Connor Charchuk,41,,
PC,10,WLNP-7-4,850,,-113.826266,49.106553,,,7068,2018-06-08 21:39:00,9935,Transcribed,180s,1SPM,NOWA,Northern Waterthrush,PARKESIA NOVEBORACENSIS,1,46975,1,Song,81.31,1.34,-58.07,f,,Connor Charchuk,41,,
PC,10,WLNP-7-4,850,,-113.826266,49.106553,,,7068,2018-06-08 21:39:00,9935,Transcribed,180s,1SPM,NOWA,Northern Waterthrush,PARKESIA NOVEBORACENSIS,1,46965,1,Song,53.35,1.58,-53.61,f,,Connor Charchuk,41,,
PC,10,WLNP-7-4,850,,-113.826266,49.106553,,,7068,2018-06-08 21:39:00,9935,Transcribed,180s,1SPM,RUGR,Ruffed Grouse,BONASA UMBELLUS,1,46976,1,Non-vocal,85.25,4.61,-31.26,f,,Connor Charchuk,41,,
PC,10,WLNP-7-4,850,,-113.826266,49.106553,,,7068,2018-06-08 21:39:00,9935,Transcribed,180s,1SPM,SACR,Sandhill Crane,ANTIGONE CANADENSIS,1,46978,1,Call,116.81,3.08,-35.19,f,,Connor Charchuk,41,,
PC,10,WLNP-7-4,850,,-113.826266,49.106553,,,7068,2018-06-08 21:39:00,9935,Transcribed,180s,1SPM,SACR,Sandhill Crane,ANTIGONE CANADENSIS,1,46985,1,Call,128.65,6.53,-46.44,f,,Connor Charchuk,41,,
PC,10,WLNP-7-4,850,,-113.826266,49.106553,,,7068,2018-06-08 21:39:00,9935,Transcribed,180s,1SPM,WISN,Wilson's Snipe,GALLINAGO DELICATA,1,46973,1,Non-vocal,81.09,3.34,-32.4,f,,Connor Charchuk,41,,
PC,10,WLNP-7-4,850,,-113.826266,49.106553,,,7068,2018-06-08 21:39:00,9935,Transcribed,180s,1SPM,WISN,Wilson's Snipe,GALLINAGO DELICATA,1,46953,1,Non-vocal,0.14,2.41,-50,f,,Connor Charchuk,41,,
PC,10,WLNP-7-4,850,,-113.826266,49.106553,,,7068,2018-06-08 21:39:00,9935,Transcribed,180s,1SPM,WCSP,White-crowned Sparrow,ZONOTRICHIA LEUCOPHRYS,1,46984,1,Song,127.16,2.49,-34.39,f,,Connor Charchuk,41,,
PC,10,WLNP-7-4,850,,-113.826266,49.106553,,,7068,2018-06-08 21:39:00,9935,Transcribed,180s,1SPM,WCSP,White-crowned Sparrow,ZONOTRICHIA LEUCOPHRYS,1,46969,1,Song,66.75,2.85,-44.59,f,,Connor Charchuk,41,,
PC,10,WLNP-7-4,850,,-113.826266,49.106553,,,7068,2018-06-08 21:39:00,9935,Transcribed,180s,1SPM,WCSP,White-crowned Sparrow,ZONOTRICHIA LEUCOPHRYS,1,46959,1,Song,5.56,2.35,-48.74,f,,Connor Charchuk,41,,
PC,10,WLNP-7-4,850,,-113.826266,49.106553,,,7068,2018-06-08 21:39:00,9935,Transcribed,180s,1SPM,YHBL,Yellow-headed Blackbird,XANTHOCEPHALUS XANTHOCEPHALUS,1,46991,1,Call,165.05,2.19,-32.66,f,,Connor Charchuk,41,,
PC,10,WLNP-7-4,850,,-113.826266,49.106553,,,7068,2018-06-08 21:39:00,9935,Transcribed,180s,1SPM,YHBL,Yellow-headed Blackbird,XANTHOCEPHALUS XANTHOCEPHALUS,1,46956,1,Call,2.83,1.05,-58.94,f,,Connor Charchuk,41,,
PC,10,WLNP-7-4,850,,-113.826266,49.106553,,,7068,2018-06-08 21:39:00,9935,Transcribed,180s,1SPM,HOWR,House Wren,TROGLODYTES AEDON,1,46961,1,Song,7.93,1.83,-59.11,f,,Connor Charchuk,41,,
PC,10,WLNP-7-4,850,,-113.826266,49.106553,,,7068,2018-06-08 21:39:00,9935,Transcribed,180s,1SPM,ALFL,Alder Flycatcher,EMPIDONAX ALNORUM,1,46966,1,Call,60.55,1.06,-44.41,f,,Connor Charchuk,41,,
PC,10,WLNP-7-4,850,,-113.826266,49.106553,,,7068,2018-06-08 21:39:00,9935,Transcribed,180s,1SPM,ALFL,Alder Flycatcher,EMPIDONAX ALNORUM,1,46963,1,Call,20.43,0.74,-47.71,f,,Connor Charchuk,41,,
PC,10,WLNP-7-4,850,,-113.826266,49.106553,,,7068,2018-06-08 21:39:00,9935,Transcribed,180s,1SPM,ALFL,Alder Flycatcher,EMPIDONAX ALNORUM,1,46983,1,Call,125.65,0.75,-44.85,f,,Connor Charchuk,41,,
PC,10,WLNP-7-4,850,,-113.826266,49.106553,,,7068,2018-06-08 21:39:00,9935,Transcribed,180s,1SPM,CEDW,Cedar Waxwing,BOMBYCILLA CEDRORUM,1,46960,1,Call,6.90,1.91,-64.09,f,,Connor Charchuk,41,,
PC,10,WLNP-7-4,850,,-113.826266,49.106553,,,7068,2018-06-08 21:39:00,9935,Transcribed,180s,1SPM,CEDW,Cedar Waxwing,BOMBYCILLA CEDRORUM,1,46974,1,Call,82.45,0.78,-65.86,f,,Connor Charchuk,41,,
PC,10,WLNP-7-4,850,,-113.826266,49.106553,,,7068,2018-06-08 21:39:00,9935,Transcribed,180s,1SPM,SORA,Sora,PORZANA CAROLINA,1,46954,1,Call,2.08,0.64,-45.92,f,,Connor Charchuk,41,,
PC,10,WLNP-7-4,850,,-113.826266,49.106553,,,7068,2018-06-08 21:39:00,9935,Transcribed,180s,1SPM,SORA,Sora,PORZANA CAROLINA,1,46988,1,Call,142.38,0.83,-32.76,f,,Connor Charchuk,41,,
PC,10,WLNP-7-4,850,,-113.826266,49.106553,,,7068,2018-06-08 21:39:00,9935,Transcribed,180s,1SPM,EAKI,Eastern Kingbird,TYRANNUS TYRANNUS,1,46989,1,Call,148.00,0.40,-63.74,f,,Connor Charchuk,41,,
PC,10,WLNP-7-4,850,,-113.826266,49.106553,,,7068,2018-06-08 21:39:00,9935,Transcribed,180s,1SPM,VEER,Veery,CATHARUS FUSCESCENS,1,46992,1,Song,170.13,2.11,-56.7,f,,Connor Charchuk,41,,
PC,10,WLNP-7-4,850,,-113.826266,49.106553,,,7068,2018-06-08 21:39:00,9935,Transcribed,180s,1SPM,VEER,Veery,CATHARUS FUSCESCENS,1,46977,1,Song,105.51,2.24,-57.47,f,,Connor Charchuk,41,,
PC,10,WLNP-7-4,850,,-113.826266,49.106553,,,7068,2018-06-08 21:39:00,9935,Transcribed,180s,1SPM,UNKN,Unidentified signal,"",1,46962,1,Call,11.91,0.78,-62.7,f,,Connor Charchuk,41,,
PC,10,WLNP-7-4,850,,-113.826266,49.106553,,,7068,2018-06-08 21:39:00,9935,Transcribed,180s,1SPM,AMCO,American Coot,FULICA AMERICANA,1,46990,1,Call,155.06,4.30,-32.09,f,,Connor Charchuk,41,,
PC,10,WLNP-7-4,850,,-113.826266,49.106553,,,7068,2018-06-08 21:39:00,9935,Transcribed,180s,1SPM,CCSP,Clay-colored Sparrow,SPIZELLA PALLIDA,1,46987,1,Song,137.65,1.96,-55.07,f,,Connor Charchuk,41,,
PC,10,WLNP-7-4,850,,-113.826266,49.106553,,,7068,2018-06-08 21:39:00,9935,Transcribed,180s,1SPM,RWBL,Red-winged Blackbird,AGELAIUS PHOENICEUS,1,46964,1,Song,33.73,1.78,-54.4,f,,Connor Charchuk,41,,
PC,10,WLNP-7-4,850,,-113.826266,49.106553,,,7068,2018-06-08 21:39:00,9935,Transcribed,180s,1SPM,RWBL,Red-winged Blackbird,AGELAIUS PHOENICEUS,1,46970,1,Song,65.00,1.36,-34.63,f,,Connor Charchuk,41,,
PC,10,WLNP-7-4,850,,-113.826266,49.106553,,,7068,2018-06-08 21:39:00,9935,Transcribed,180s,1SPM,YEWA,Yellow Warbler,SETOPHAGA PETECHIA,4,46986,1,Song,130.41,1.75,-54.09,f,,Connor Charchuk,41,,
PC,10,WLNP-7-4,850,,-113.826266,49.106553,,,7068,2018-06-08 21:39:00,9935,Transcribed,180s,1SPM,YEWA,Yellow Warbler,SETOPHAGA PETECHIA,4,46971,1,Song,66.40,1.15,-49.04,f,,Connor Charchuk,41,,
PC,10,WLNP-7-4,850,,-113.826266,49.106553,,,7068,2018-06-08 21:39:00,9935,Transcribed,180s,1SPM,YEWA,Yellow Warbler,SETOPHAGA PETECHIA,3,46957,1,Song,3.58,1.63,-37.18,f,,Connor Charchuk,41,,
PC,10,WLNP-7-4,850,,-113.826266,49.106553,,,7068,2018-06-08 21:39:00,9935,Transcribed,180s,1SPM,YEWA,Yellow Warbler,SETOPHAGA PETECHIA,3,46982,1,Song,127.91,2.24,-34.65,f,,Connor Charchuk,41,,
PC,10,WLNP-7-4,850,,-113.826266,49.106553,,,7068,2018-06-08 21:39:00,9935,Transcribed,180s,1SPM,YEWA,Yellow Warbler,SETOPHAGA PETECHIA,3,46968,1,Song,64.16,1.99,-33.58,f,,Connor Charchuk,41,,
PC,10,WLNP-7-4,850,,-113.826266,49.106553,,,7068,2018-06-08 21:39:00,9935,Transcribed,180s,1SPM,YEWA,Yellow Warbler,SETOPHAGA PETECHIA,2,46981,1,Song,122.84,1.93,-56.41,f,,Connor Charchuk,41,,
PC,10,WLNP-7-4,850,,-113.826266,49.106553,,,7068,2018-06-08 21:39:00,9935,Transcribed,180s,1SPM,YEWA,Yellow Warbler,SETOPHAGA PETECHIA,2,46967,1,Song,62.28,1.70,-52.91,f,,Connor Charchuk,41,,
PC,10,WLNP-7-4,850,,-113.826266,49.106553,,,7068,2018-06-08 21:39:00,9935,Transcribed,180s,1SPM,YEWA,Yellow Warbler,SETOPHAGA PETECHIA,2,46955,1,Song,1.98,1.39,-64.33,f,,Connor Charchuk,41,,
PC,10,WLNP-7-4,850,,-113.826266,49.106553,,,7068,2018-06-08 21:39:00,9935,Transcribed,180s,1SPM,YEWA,Yellow Warbler,SETOPHAGA PETECHIA,1,46979,1,Song,121.11,1.74,-54.06,f,,Connor Charchuk,41,,
PC,10,WLNP-7-4,850,,-113.826266,49.106553,,,7068,2018-06-08 21:39:00,9935,Transcribed,180s,1SPM,YEWA,Yellow Warbler,SETOPHAGA PETECHIA,1,46972,1,Song,69.19,1.43,-54.57,f,,Connor Charchuk,41,,
PC,10,WLNP-7-4,850,,-113.826266,49.106553,,,7068,2018-06-08 21:39:00,9935,Transcribed,180s,1SPM,YEWA,Yellow Warbler,SETOPHAGA PETECHIA,1,46952,1,Song,0.00,1.60,-55.28,f,,Connor Charchuk,41,,
PC,10,WLNP-7-4,850,,-113.826266,49.106553,,,6968,2018-06-10 04:49:00,9971,Transcribed,180s,1SPM,VEER,Veery,CATHARUS FUSCESCENS,1,116664,1,Call,172.38,2.96,-45.93,f,,Jillian Slater,25,,No SPM individuals since wind in all the recording and a lot of overlap
PC,10,WLNP-7-4,850,,-113.826266,49.106553,,,6968,2018-06-10 04:49:00,9971,Transcribed,180s,1SPM,AMRE,American Redstart,SETOPHAGA RUTICILLA,1,42446,TMTT,Song,5.73,23.20,-23.08,f,,Jillian Slater,25,AE: 4-6,No SPM individuals since wind in all the recording and a lot of overlap
PC,10,WLNP-7-4,850,,-113.826266,49.106553,,,6968,2018-06-10 04:49:00,9971,Transcribed,180s,1SPM,AMRE,American Redstart,SETOPHAGA RUTICILLA,1,42653,TMTT,Song,66.14,13.05,-22.74,f,,Jillian Slater,25,AE: 4-6,No SPM individuals since wind in all the recording and a lot of overlap
PC,10,WLNP-7-4,850,,-113.826266,49.106553,,,6968,2018-06-10 04:49:00,9971,Transcribed,180s,1SPM,AMRE,American Redstart,SETOPHAGA RUTICILLA,1,42825,TMTT,Song,123.53,14.85,-22.94,f,,Jillian Slater,25,AE: 4-6,No SPM individuals since wind in all the recording and a lot of overlap
PC,10,WLNP-7-4,850,,-113.826266,49.106553,,,6968,2018-06-10 04:49:00,9971,Transcribed,180s,1SPM,SORA,Sora,PORZANA CAROLINA,1,42443,1,Call,0.33,18.36,-38.7,f,,Jillian Slater,25,"",No SPM individuals since wind in all the recording and a lot of overlap
PC,10,WLNP-7-4,850,,-113.826266,49.106553,,,6968,2018-06-10 04:49:00,9971,Transcribed,180s,1SPM,SORA,Sora,PORZANA CAROLINA,1,42608,1,Call,60.06,14.94,-40.64,f,,Jillian Slater,25,"",No SPM individuals since wind in all the recording and a lot of overlap
PC,10,WLNP-7-4,850,,-113.826266,49.106553,,,6968,2018-06-10 04:49:00,9971,Transcribed,180s,1SPM,SORA,Sora,PORZANA CAROLINA,1,42826,1,Call,120.04,8.53,-34.29,f,,Jillian Slater,25,"",No SPM individuals since wind in all the recording and a lot of overlap
PC,10,WLNP-7-4,850,,-113.826266,49.106553,,,6968,2018-06-10 04:49:00,9971,Transcribed,180s,1SPM,CCSP,Clay-colored Sparrow,SPIZELLA PALLIDA,2,42820,1,Song,76.59,1.60,-45.95,f,,Jillian Slater,25,,No SPM individuals since wind in all the recording and a lot of overlap
PC,10,WLNP-7-4,850,,-113.826266,49.106553,,,6968,2018-06-10 04:49:00,9971,Transcribed,180s,1SPM,LIRA,Light rain,"",1,42440,1,Song,0.00,3.58,-14.79,f,,Jillian Slater,25,,No SPM individuals since wind in all the recording and a lot of overlap
PC,10,WLNP-7-4,850,,-113.826266,49.106553,,,6968,2018-06-10 04:49:00,9971,Transcribed,180s,1SPM,HEWI,Heavy wind,"",1,42604,1,Song,60.05,2.31,-29.7,f,,Jillian Slater,25,,No SPM individuals since wind in all the recording and a lot of overlap
PC,10,WLNP-7-4,850,,-113.826266,49.106553,,,6968,2018-06-10 04:49:00,9971,Transcribed,180s,1SPM,HEWI,Heavy wind,"",1,42439,1,Song,0.04,2.91,-23.34,f,,Jillian Slater,25,,No SPM individuals since wind in all the recording and a lot of overlap
PC,10,WLNP-7-4,850,,-113.826266,49.106553,,,6968,2018-06-10 04:49:00,9971,Transcribed,180s,1SPM,HEWI,Heavy wind,"",1,42828,1,Song,125.26,4.28,-10.2,f,,Jillian Slater,25,,No SPM individuals since wind in all the recording and a lot of overlap
PC,10,WLNP-7-4,850,,-113.826266,49.106553,,,6968,2018-06-10 04:49:00,9971,Transcribed,180s,1SPM,MOWI,Moderate wind,"",1,42441,1,Song,18.63,3.94,-40.65,f,,Jillian Slater,25,,No SPM individuals since wind in all the recording and a lot of overlap
PC,10,WLNP-7-4,850,,-113.826266,49.106553,,,6968,2018-06-10 04:49:00,9971,Transcribed,180s,1SPM,MOWI,Moderate wind,"",1,42605,1,Song,69.36,2.94,-22.28,f,,Jillian Slater,25,,No SPM individuals since wind in all the recording and a lot of overlap
PC,10,WLNP-7-4,850,,-113.826266,49.106553,,,6968,2018-06-10 04:49:00,9971,Transcribed,180s,1SPM,MOWI,Moderate wind,"",1,42827,1,Song,120.05,3.59,-34.37,f,,Jillian Slater,25,,No SPM individuals since wind in all the recording and a lot of overlap
PC,10,WLNP-7-4,850,,-113.826266,49.106553,,,6968,2018-06-10 04:49:00,9971,Transcribed,180s,1SPM,YEWA,Yellow Warbler,SETOPHAGA PETECHIA,1,42602,1,Song,60.20,1.71,-29.88,f,,Jillian Slater,25,,No SPM individuals since wind in all the recording and a lot of overlap
PC,10,WLNP-7-4,850,,-113.826266,49.106553,,,6968,2018-06-10 04:49:00,9971,Transcribed,180s,1SPM,CCSP,Clay-colored Sparrow,SPIZELLA PALLIDA,1,42624,1,Song,2.95,4.13,-23.66,f,,Jillian Slater,25,,No SPM individuals since wind in all the recording and a lot of overlap
PC,10,WLNP-7-4,850,,-113.826266,49.106553,,,6968,2018-06-10 04:49:00,9971,Transcribed,180s,1SPM,CCSP,Clay-colored Sparrow,SPIZELLA PALLIDA,1,42656,1,Song,64.39,4.66,-30.7,f,,Jillian Slater,25,,No SPM individuals since wind in all the recording and a lot of overlap
PC,10,WLNP-7-4,850,,-113.826266,49.106553,,,6968,2018-06-10 04:49:00,9971,Transcribed,180s,1SPM,CCSP,Clay-colored Sparrow,SPIZELLA PALLIDA,1,42824,1,Song,120.68,5.56,-29.73,f,,Jillian Slater,25,,No SPM individuals since wind in all the recording and a lot of overlap
PC,10,WLNP-7-4,850,,-113.826266,49.106553,,,6968,2018-06-10 04:49:00,9971,Transcribed,180s,1SPM,CCSP,Clay-colored Sparrow,SPIZELLA PALLIDA,2,42445,1,Song,7.89,1.38,-48.73,f,,Jillian Slater,25,,No SPM individuals since wind in all the recording and a lot of overlap
PC,10,WLNP-7-4,850,,-113.826266,49.106553,,,6968,2018-06-10 04:49:00,9971,Transcribed,180s,1SPM,CCSP,Clay-colored Sparrow,SPIZELLA PALLIDA,2,42830,1,Song,131.75,1.88,-47.89,f,,Jillian Slater,25,,No SPM individuals since wind in all the recording and a lot of overlap
PC,10,WLNP-7-4,850,,-113.826266,49.106553,,,6968,2018-06-10 04:49:00,9971,Transcribed,180s,1SPM,AMCO,American Coot,FULICA AMERICANA,1,116663,1,Call,62.51,2.10,-44.58,f,,Jillian Slater,25,,No SPM individuals since wind in all the recording and a lot of overlap
PC,10,WLNP-7-4,850,,-113.826266,49.106553,,,6968,2018-06-10 04:49:00,9971,Transcribed,180s,1SPM,AMCO,American Coot,FULICA AMERICANA,1,42887,1,Call,150.11,4.30,-44.84,f,,Jillian Slater,25,,No SPM individuals since wind in all the recording and a lot of overlap
PC,10,WLNP-7-4,850,,-113.826266,49.106553,,,6968,2018-06-10 04:49:00,9971,Transcribed,180s,1SPM,REVI,Red-eyed Vireo,VIREO OLIVACEUS,1,42821,1,Song,82.98,2.78,-37.58,f,,Jillian Slater,25,,No SPM individuals since wind in all the recording and a lot of overlap
PC,10,WLNP-7-4,850,,-113.826266,49.106553,,,6968,2018-06-10 04:49:00,9971,Transcribed,180s,1SPM,REVI,Red-eyed Vireo,VIREO OLIVACEUS,1,42829,1,Song,125.95,5.25,-41.68,f,,Jillian Slater,25,,No SPM individuals since wind in all the recording and a lot of overlap
PC,10,WLNP-7-4,850,,-113.826266,49.106553,,,6968,2018-06-10 04:49:00,9971,Transcribed,180s,1SPM,UNPA,Unidentified Passerine,"",1,42818,1,Song,43.99,1.03,-47.18,f,,Jillian Slater,25,,No SPM individuals since wind in all the recording and a lot of overlap
PC,10,WLNP-7-4,850,,-113.826266,49.106553,,,7052,2018-06-13 05:18:00,9919,Transcribed,180s,1SPM,RWBL,Red-winged Blackbird,AGELAIUS PHOENICEUS,2,41069,1,Song,120.26,1.59,-56.45,f,,Christopher Moser-Purdy,37,,Probably more stuff in the background
PC,10,WLNP-7-4,850,,-113.826266,49.106553,,,7052,2018-06-13 05:18:00,9919,Transcribed,180s,1SPM,RWBL,Red-winged Blackbird,AGELAIUS PHOENICEUS,2,41526,1,Song,88.75,1.43,-49.67,f,,Christopher Moser-Purdy,37,,Probably more stuff in the background
PC,10,WLNP-7-4,850,,-113.826266,49.106553,,,7052,2018-06-13 05:18:00,9919,Transcribed,180s,1SPM,RWBL,Red-winged Blackbird,AGELAIUS PHOENICEUS,2,41030,1,Song,19.35,1.59,-49.8,f,,Christopher Moser-Purdy,37,,Probably more stuff in the background
PC,10,WLNP-7-4,850,,-113.826266,49.106553,,,7052,2018-06-13 05:18:00,9919,Transcribed,180s,1SPM,CCSP,Clay-colored Sparrow,SPIZELLA PALLIDA,1,41019,1,Song,0.23,2.10,-51.13,f,,Christopher Moser-Purdy,37,,Probably more stuff in the background
PC,10,WLNP-7-4,850,,-113.826266,49.106553,,,7052,2018-06-13 05:18:00,9919,Transcribed,180s,1SPM,CCSP,Clay-colored Sparrow,SPIZELLA PALLIDA,1,41057,1,Song,99.01,1.66,-53.31,f,,Christopher Moser-Purdy,37,,Probably more stuff in the background
PC,10,WLNP-7-4,850,,-113.826266,49.106553,,,7052,2018-06-13 05:18:00,9919,Transcribed,180s,1SPM,CCSP,Clay-colored Sparrow,SPIZELLA PALLIDA,1,41074,1,Song,128.88,1.43,-40.29,f,,Christopher Moser-Purdy,37,,Probably more stuff in the background
PC,10,WLNP-7-4,850,,-113.826266,49.106553,,,7052,2018-06-13 05:18:00,9919,Transcribed,180s,1SPM,CCSP,Clay-colored Sparrow,SPIZELLA PALLIDA,2,41020,1,Song,1.84,4.59,-50.44,f,,Christopher Moser-Purdy,37,,Probably more stuff in the background
PC,10,WLNP-7-4,850,,-113.826266,49.106553,,,7052,2018-06-13 05:18:00,9919,Transcribed,180s,1SPM,CCSP,Clay-colored Sparrow,SPIZELLA PALLIDA,2,41037,1,Song,60.09,0.90,-55.05,f,,Christopher Moser-Purdy,37,,Probably more stuff in the background
PC,10,WLNP-7-4,850,,-113.826266,49.106553,,,7052,2018-06-13 05:18:00,9919,Transcribed,180s,1SPM,AMRO,American Robin,TURDUS MIGRATORIUS,1,41085,1,S-C,120.60,3.26,-49,f,,Christopher Moser-Purdy,37,,Probably more stuff in the background
PC,10,WLNP-7-4,850,,-113.826266,49.106553,,,7052,2018-06-13 05:18:00,9919,Transcribed,180s,1SPM,WISN,Wilson's Snipe,GALLINAGO DELICATA,1,114684,1,Call,45.66,3.50,-52.81,f,,Christopher Moser-Purdy,37,,Probably more stuff in the background
PC,10,WLNP-7-4,850,,-113.826266,49.106553,,,7052,2018-06-13 05:18:00,9919,Transcribed,180s,1SPM,WISN,Wilson's Snipe,GALLINAGO DELICATA,1,41040,1,Call,67.56,5.33,-53.39,f,,Christopher Moser-Purdy,37,,Probably more stuff in the background
PC,10,WLNP-7-4,850,,-113.826266,49.106553,,,7052,2018-06-13 05:18:00,9919,Transcribed,180s,1SPM,YEWA,Yellow Warbler,SETOPHAGA PETECHIA,3,114647,1,Song,95.28,0.94,-55.93,f,,Christopher Moser-Purdy,37,,Probably more stuff in the background
PC,10,WLNP-7-4,850,,-113.826266,49.106553,,,7052,2018-06-13 05:18:00,9919,Transcribed,180s,1SPM,YEWA,Yellow Warbler,SETOPHAGA PETECHIA,2,114646,1,Song,91.61,1.18,-56.3,f,,Christopher Moser-Purdy,37,,Probably more stuff in the background
PC,10,WLNP-7-4,850,,-113.826266,49.106553,,,7052,2018-06-13 05:18:00,9919,Transcribed,180s,1SPM,LIBA,Light Background Noise,"",1,41021,1,Song,0.06,4.80,-32.22,f,,Christopher Moser-Purdy,37,,Probably more stuff in the background
PC,10,WLNP-7-4,850,,-113.826266,49.106553,,,7052,2018-06-13 05:18:00,9919,Transcribed,180s,1SPM,MOWI,Moderate wind,"",1,41084,1,Song,60.10,5.00,-36.09,f,,Christopher Moser-Purdy,37,,Probably more stuff in the background
PC,10,WLNP-7-4,850,,-113.826266,49.106553,,,7052,2018-06-13 05:18:00,9919,Transcribed,180s,1SPM,LIWI,Light wind,"",1,41535,1,Song,37.21,2.94,-31.73,f,,Christopher Moser-Purdy,37,,Probably more stuff in the background
PC,10,WLNP-7-4,850,,-113.826266,49.106553,,,7052,2018-06-13 05:18:00,9919,Transcribed,180s,1SPM,LIWI,Light wind,"",1,121080,1,Song,120.25,4.66,-32.02,f,,Christopher Moser-Purdy,37,,Probably more stuff in the background
PC,10,WLNP-7-4,850,,-113.826266,49.106553,,,7052,2018-06-13 05:18:00,9919,Transcribed,180s,1SPM,MOTF,Moderate traffic,"",1,41088,1,Song,164.03,4.09,-32.03,f,,Christopher Moser-Purdy,37,,Probably more stuff in the background
PC,10,WLNP-7-4,850,,-113.826266,49.106553,,,7052,2018-06-13 05:18:00,9919,Transcribed,180s,1SPM,CCSP,Clay-colored Sparrow,SPIZELLA PALLIDA,2,41062,1,Song,120.30,3.14,-48.61,f,,Christopher Moser-Purdy,37,,Probably more stuff in the background
PC,10,WLNP-7-4,850,,-113.826266,49.106553,,,7052,2018-06-13 05:18:00,9919,Transcribed,180s,1SPM,LISP,Lincoln's Sparrow,MELOSPIZA LINCOLNII,1,41087,1,Song,135.53,2.40,-31.34,f,,Christopher Moser-Purdy,37,,Probably more stuff in the background
PC,10,WLNP-7-4,850,,-113.826266,49.106553,,,7052,2018-06-13 05:18:00,9919,Transcribed,180s,1SPM,BCCH,Black-capped Chickadee,POECILE ATRICAPILLUS,1,41022,1,Song,0.01,1.04,-61.95,f,,Christopher Moser-Purdy,37,,Probably more stuff in the background
PC,10,WLNP-7-4,850,,-113.826266,49.106553,,,7052,2018-06-13 05:18:00,9919,Transcribed,180s,1SPM,BCCH,Black-capped Chickadee,POECILE ATRICAPILLUS,1,41044,1,Song,60.25,1.00,-57.56,f,,Christopher Moser-Purdy,37,,Probably more stuff in the background
PC,10,WLNP-7-4,850,,-113.826266,49.106553,,,7052,2018-06-13 05:18:00,9919,Transcribed,180s,1SPM,UNPA,Unidentified Passerine,"",1,41042,1,Call,22.11,1.14,-47.65,f,,Christopher Moser-Purdy,37,,Probably more stuff in the background
PC,10,WLNP-7-4,850,,-113.826266,49.106553,,,7052,2018-06-13 05:18:00,9919,Transcribed,180s,1SPM,UNPA,Unidentified Passerine,"",1,41525,1,Call,70.98,10.14,-49.48,f,,Christopher Moser-Purdy,37,,Probably more stuff in the background
PC,10,WLNP-7-4,850,,-113.826266,49.106553,,,7052,2018-06-13 05:18:00,9919,Transcribed,180s,1SPM,UNPA,Unidentified Passerine,"",1,41073,1,Call,133.19,11.10,-28.47,f,,Christopher Moser-Purdy,37,,Probably more stuff in the background
PC,10,WLNP-7-4,850,,-113.826266,49.106553,,,7052,2018-06-13 05:18:00,9919,Transcribed,180s,1SPM,UNPA,Unidentified Passerine,"",2,41527,1,Song,130.23,1.74,-44.49,f,,Christopher Moser-Purdy,37,confidence:Unknown far,Probably more stuff in the background
PC,10,WLNP-7-4,850,,-113.826266,49.106553,,,7052,2018-06-13 05:18:00,9919,Transcribed,180s,1SPM,VEER,Veery,CATHARUS FUSCESCENS,1,41546,1,Call,172.98,0.68,-54.57,f,,Christopher Moser-Purdy,37,,Probably more stuff in the background
PC,10,WLNP-7-4,850,,-113.826266,49.106553,,,7052,2018-06-13 05:18:00,9919,Transcribed,180s,1SPM,VEER,Veery,CATHARUS FUSCESCENS,1,41031,1,Call,22.23,0.56,-52.48,f,,Christopher Moser-Purdy,37,,Probably more stuff in the background
PC,10,WLNP-7-4,850,,-113.826266,49.106553,,,7052,2018-06-13 05:18:00,9919,Transcribed,180s,1SPM,GRCA,Gray Catbird,DUMETELLA CAROLINENSIS,1,41023,1,Call,1.23,0.69,-51.01,f,,Christopher Moser-Purdy,37,,Probably more stuff in the background
PC,10,WLNP-7-4,850,,-113.826266,49.106553,,,7052,2018-06-13 05:18:00,9919,Transcribed,180s,1SPM,PBGR,Pied-billed Grebe,PODILYMBUS PODICEPS,1,114581,1,Call,3.70,1.16,-63.38,f,,Christopher Moser-Purdy,37,Low rising call,Probably more stuff in the background
PC,10,WLNP-7-4,850,,-113.826266,49.106553,,,7052,2018-06-13 05:18:00,9919,Transcribed,180s,1SPM,GRCA,Gray Catbird,DUMETELLA CAROLINENSIS,1,114658,1,Call,121.53,3.51,-49.24,f,,Christopher Moser-Purdy,37,,Probably more stuff in the background
PC,10,WLNP-7-4,850,,-113.826266,49.106553,,,7052,2018-06-13 05:18:00,9919,Transcribed,180s,1SPM,GRCA,Gray Catbird,DUMETELLA CAROLINENSIS,1,114635,1,Call,60.71,0.65,-55.02,f,,Christopher Moser-Purdy,37,,Probably more stuff in the background
PC,10,WLNP-7-4,850,,-113.826266,49.106553,,,7052,2018-06-13 05:18:00,9919,Transcribed,180s,1SPM,YEWA,Yellow Warbler,SETOPHAGA PETECHIA,3,114662,1,Song,123.49,1.08,-56.75,f,,Christopher Moser-Purdy,37,,Probably more stuff in the background
PC,10,WLNP-7-4,850,,-113.826266,49.106553,,,7052,2018-06-13 05:18:00,9919,Transcribed,180s,1SPM,PBGR,Pied-billed Grebe,PODILYMBUS PODICEPS,1,41528,1,Call,154.30,4.71,-54.55,f,,Christopher Moser-Purdy,37,Low rising call,Probably more stuff in the background
PC,10,WLNP-7-4,850,,-113.826266,49.106553,,,7052,2018-06-13 05:18:00,9919,Transcribed,180s,1SPM,SORA,Sora,PORZANA CAROLINA,1,41053,1,Call,77.16,0.65,-59.71,f,,Christopher Moser-Purdy,37,,Probably more stuff in the background
PC,10,WLNP-7-4,850,,-113.826266,49.106553,,,7052,2018-06-13 05:18:00,9919,Transcribed,180s,1SPM,SORA,Sora,PORZANA CAROLINA,1,41027,1,Call,0.10,1.05,-32.35,f,,Christopher Moser-Purdy,37,,Probably more stuff in the background
PC,10,WLNP-7-4,850,,-113.826266,49.106553,,,7052,2018-06-13 05:18:00,9919,Transcribed,180s,1SPM,ALFL,Alder Flycatcher,EMPIDONAX ALNORUM,1,41555,1,Song,124.88,1.06,-39.9,f,,Christopher Moser-Purdy,37,,Probably more stuff in the background
PC,10,WLNP-7-4,850,,-113.826266,49.106553,,,7052,2018-06-13 05:18:00,9919,Transcribed,180s,1SPM,ALFL,Alder Flycatcher,EMPIDONAX ALNORUM,1,41033,1,Song,28.81,1.00,-55.88,f,,Christopher Moser-Purdy,37,,Probably more stuff in the background
PC,10,WLNP-7-4,850,,-113.826266,49.106553,,,7052,2018-06-13 05:18:00,9919,Transcribed,180s,1SPM,ALFL,Alder Flycatcher,EMPIDONAX ALNORUM,1,41038,1,Song,62.68,0.79,-53.8,f,,Christopher Moser-Purdy,37,,Probably more stuff in the background
PC,10,WLNP-7-4,850,,-113.826266,49.106553,,,7052,2018-06-13 05:18:00,9919,Transcribed,180s,1SPM,HOWR,House Wren,TROGLODYTES AEDON,1,41047,1,Song,62.29,2.55,-52.72,f,,Christopher Moser-Purdy,37,,Probably more stuff in the background
PC,10,WLNP-7-4,850,,-113.826266,49.106553,,,7052,2018-06-13 05:18:00,9919,Transcribed,180s,1SPM,HOWR,House Wren,TROGLODYTES AEDON,1,41071,1,Song,121.86,2.56,-48.75,f,,Christopher Moser-Purdy,37,,Probably more stuff in the background
PC,10,WLNP-7-4,850,,-113.826266,49.106553,,,7052,2018-06-13 05:18:00,9919,Transcribed,180s,1SPM,COYE,Common Yellowthroat,GEOTHLYPIS TRICHAS,1,41034,1,Song,38.21,1.71,-55.58,f,,Christopher Moser-Purdy,37,,Probably more stuff in the background
PC,10,WLNP-7-4,850,,-113.826266,49.106553,,,7052,2018-06-13 05:18:00,9919,Transcribed,180s,1SPM,LEFL,Least Flycatcher,EMPIDONAX MINIMUS,1,41026,1,Song,14.64,0.51,-57.51,f,,Christopher Moser-Purdy,37,,Probably more stuff in the background
PC,10,WLNP-7-4,850,,-113.826266,49.106553,,,7052,2018-06-13 05:18:00,9919,Transcribed,180s,1SPM,NOWA,Northern Waterthrush,PARKESIA NOVEBORACENSIS,1,41036,1,Song,43.28,1.79,-50.25,f,,Christopher Moser-Purdy,37,,Probably more stuff in the background
PC,10,WLNP-7-4,850,,-113.826266,49.106553,,,7052,2018-06-13 05:18:00,9919,Transcribed,180s,1SPM,NOWA,Northern Waterthrush,PARKESIA NOVEBORACENSIS,1,41048,1,Song,65.83,1.94,-50.06,f,,Christopher Moser-Purdy,37,,Probably more stuff in the background
PC,10,WLNP-7-4,850,,-113.826266,49.106553,,,7052,2018-06-13 05:18:00,9919,Transcribed,180s,1SPM,YEWA,Yellow Warbler,SETOPHAGA PETECHIA,1,114664,1,Song,124.76,1.80,-39.4,f,,Christopher Moser-Purdy,37,,Probably more stuff in the background
PC,10,WLNP-7-4,850,,-113.826266,49.106553,,,7052,2018-06-13 05:18:00,9919,Transcribed,180s,1SPM,YEWA,Yellow Warbler,SETOPHAGA PETECHIA,1,41064,1,Song,19.75,2.36,-50.31,f,,Christopher Moser-Purdy,37,,Probably more stuff in the background
PC,10,WLNP-7-4,850,,-113.826266,49.106553,,,7052,2018-06-13 05:18:00,9919,Transcribed,180s,1SPM,YEWA,Yellow Warbler,SETOPHAGA PETECHIA,1,41065,1,Song,60.95,2.21,-52.79,f,,Christopher Moser-Purdy,37,,Probably more stuff in the background
PC,10,WLNP-7-4,850,,-113.826266,49.106553,,,7052,2018-06-13 05:18:00,9919,Transcribed,180s,1SPM,YEWA,Yellow Warbler,SETOPHAGA PETECHIA,2,114655,1,Song,120.11,0.44,-52.24,f,,Christopher Moser-Purdy,37,,Probably more stuff in the background
PC,10,WLNP-7-4,850,,-113.826266,49.106553,,,7052,2018-06-13 05:18:00,9919,Transcribed,180s,1SPM,HOWR,House Wren,TROGLODYTES AEDON,1,41028,1,Song,3.70,3.51,-34.8,f,,Christopher Moser-Purdy,37,,Probably more stuff in the background
PC,10,WLNP-7-4,850,,-113.826266,49.106553,,,7052,2018-06-13 05:18:00,9919,Transcribed,180s,1SPM,HOWR,House Wren,TROGLODYTES AEDON,2,41536,1,Song,49.78,2.15,-51.12,f,,Christopher Moser-Purdy,37,,Probably more stuff in the background
PC,10,WLNP-7-4,850,,-113.826266,49.106553,,,7052,2018-06-13 05:18:00,9919,Transcribed,180s,1SPM,HOWR,House Wren,TROGLODYTES AEDON,2,41540,1,Song,83.49,1.93,-51.23,f,,Christopher Moser-Purdy,37,,Probably more stuff in the background
PC,10,WLNP-7-4,850,,-113.826266,49.106553,,,7052,2018-06-13 05:18:00,9919,Transcribed,180s,1SPM,YHBL,Yellow-headed Blackbird,XANTHOCEPHALUS XANTHOCEPHALUS,1,41077,1,Song,1.91,2.30,-37.21,f,,Christopher Moser-Purdy,37,,Probably more stuff in the background
PC,10,WLNP-7-4,850,,-113.826266,49.106553,,,7052,2018-06-13 05:18:00,9919,Transcribed,180s,1SPM,YHBL,Yellow-headed Blackbird,XANTHOCEPHALUS XANTHOCEPHALUS,1,41075,1,Song,151.99,1.76,-34.71,f,,Christopher Moser-Purdy,37,,Probably more stuff in the background
PC,10,WLNP-7-4,850,,-113.826266,49.106553,,,7052,2018-06-13 05:18:00,9919,Transcribed,180s,1SPM,AMRO,American Robin,TURDUS MIGRATORIUS,1,41083,1,Song,56.46,2.96,-52.41,f,,Christopher Moser-Purdy,37,,Probably more stuff in the background
PC,10,WLNP-7-4,850,,-113.826266,49.106553,,,7052,2018-06-13 05:18:00,9919,Transcribed,180s,1SPM,AMRO,American Robin,TURDUS MIGRATORIUS,1,41049,1,Song,70.08,3.53,-52.86,f,,Christopher Moser-Purdy,37,,Probably more stuff in the background
PC,10,WLNP-7-4,850,,-113.826266,49.106553,,,7052,2018-06-13 05:18:00,9919,Transcribed,180s,1SPM,RWBL,Red-winged Blackbird,AGELAIUS PHOENICEUS,1,41079,1,Song,18.09,1.78,-50.82,f,,Christopher Moser-Purdy,37,,Probably more stuff in the background
PC,10,WLNP-7-4,850,,-113.826266,49.106553,,,7015,2018-06-14 05:18:00,9882,Transcribed,180s,1SPM,ALFL,Alder Flycatcher,EMPIDONAX ALNORUM,1,59870,1,Song,137.64,0.88,-52.33,f,,Alex MacPhail,15,Definitely an ALFL!,Very dense recording; YEWAs I think abundance is good but detections might be skewed due to maskedness
PC,10,WLNP-7-4,850,,-113.826266,49.106553,,,7015,2018-06-14 05:18:00,9882,Transcribed,180s,1SPM,HOWR,House Wren,TROGLODYTES AEDON,2,59817,1,Song,11.13,1.66,-47.18,f,,Alex MacPhail,15,,Very dense recording; YEWAs I think abundance is good but detections might be skewed due to maskedness
PC,10,WLNP-7-4,850,,-113.826266,49.106553,,,7015,2018-06-14 05:18:00,9882,Transcribed,180s,1SPM,CCSP,Clay-colored Sparrow,SPIZELLA PALLIDA,3,59823,1,Song,31.14,1.66,-39.48,f,,Alex MacPhail,15,Closer,Very dense recording; YEWAs I think abundance is good but detections might be skewed due to maskedness
PC,10,WLNP-7-4,850,,-113.826266,49.106553,,,7015,2018-06-14 05:18:00,9882,Transcribed,180s,1SPM,CCSP,Clay-colored Sparrow,SPIZELLA PALLIDA,2,59866,1,Song,131.14,3.83,-48.11,f,,Alex MacPhail,15,,Very dense recording; YEWAs I think abundance is good but detections might be skewed due to maskedness
PC,10,WLNP-7-4,850,,-113.826266,49.106553,,,7015,2018-06-14 05:18:00,9882,Transcribed,180s,1SPM,CCSP,Clay-colored Sparrow,SPIZELLA PALLIDA,2,59832,1,Song,63.43,1.85,-52.96,f,,Alex MacPhail,15,,Very dense recording; YEWAs I think abundance is good but detections might be skewed due to maskedness
PC,10,WLNP-7-4,850,,-113.826266,49.106553,,,7015,2018-06-14 05:18:00,9882,Transcribed,180s,1SPM,HOWR,House Wren,TROGLODYTES AEDON,2,59830,1,Song,60.03,1.44,-50.44,f,,Alex MacPhail,15,,Very dense recording; YEWAs I think abundance is good but detections might be skewed due to maskedness
PC,10,WLNP-7-4,850,,-113.826266,49.106553,,,7015,2018-06-14 05:18:00,9882,Transcribed,180s,1SPM,HOWR,House Wren,TROGLODYTES AEDON,2,59868,1,Song,135.04,1.65,-50.34,f,,Alex MacPhail,15,,Very dense recording; YEWAs I think abundance is good but detections might be skewed due to maskedness
PC,10,WLNP-7-4,850,,-113.826266,49.106553,,,7015,2018-06-14 05:18:00,9882,Transcribed,180s,1SPM,YHBL,Yellow-headed Blackbird,XANTHOCEPHALUS XANTHOCEPHALUS,1,59805,1,Song,3.11,0.93,-52.03,f,,Alex MacPhail,15,,Very dense recording; YEWAs I think abundance is good but detections might be skewed due to maskedness
PC,10,WLNP-7-4,850,,-113.826266,49.106553,,,7015,2018-06-14 05:18:00,9882,Transcribed,180s,1SPM,RUGR,Ruffed Grouse,BONASA UMBELLUS,1,59856,1,Non-vocal,118.71,1.24,-43.73,f,,Alex MacPhail,15,,Very dense recording; YEWAs I think abundance is good but detections might be skewed due to maskedness
PC,10,WLNP-7-4,850,,-113.826266,49.106553,,,7015,2018-06-14 05:18:00,9882,Transcribed,180s,1SPM,RUGR,Ruffed Grouse,BONASA UMBELLUS,1,59857,1,Non-vocal,120.13,5.70,-34.67,f,,Alex MacPhail,15,,Very dense recording; YEWAs I think abundance is good but detections might be skewed due to maskedness
PC,10,WLNP-7-4,850,,-113.826266,49.106553,,,7015,2018-06-14 05:18:00,9882,Transcribed,180s,1SPM,CCSP,Clay-colored Sparrow,SPIZELLA PALLIDA,2,59768,1,Song,2.91,2.40,-41.86,f,,Alex MacPhail,15,,Very dense recording; YEWAs I think abundance is good but detections might be skewed due to maskedness
PC,10,WLNP-7-4,850,,-113.826266,49.106553,,,7015,2018-06-14 05:18:00,9882,Transcribed,180s,1SPM,CCSP,Clay-colored Sparrow,SPIZELLA PALLIDA,1,59865,1,Song,125.71,1.91,-29.74,f,,Alex MacPhail,15,,Very dense recording; YEWAs I think abundance is good but detections might be skewed due to maskedness
PC,10,WLNP-7-4,850,,-113.826266,49.106553,,,7015,2018-06-14 05:18:00,9882,Transcribed,180s,1SPM,CCSP,Clay-colored Sparrow,SPIZELLA PALLIDA,1,59767,1,Song,0.06,3.56,-44.03,f,,Alex MacPhail,15,,Very dense recording; YEWAs I think abundance is good but detections might be skewed due to maskedness
PC,10,WLNP-7-4,850,,-113.826266,49.106553,,,7015,2018-06-14 05:18:00,9882,Transcribed,180s,1SPM,CCSP,Clay-colored Sparrow,SPIZELLA PALLIDA,1,59833,1,Song,66.40,2.75,-27.69,f,,Alex MacPhail,15,,Very dense recording; YEWAs I think abundance is good but detections might be skewed due to maskedness
PC,10,WLNP-7-4,850,,-113.826266,49.106553,,,7015,2018-06-14 05:18:00,9882,Transcribed,180s,1SPM,RWBL,Red-winged Blackbird,AGELAIUS PHOENICEUS,1,59885,1,Song,177.48,0.94,-44.92,f,,Alex MacPhail,15,,Very dense recording; YEWAs I think abundance is good but detections might be skewed due to maskedness
PC,10,WLNP-7-4,850,,-113.826266,49.106553,,,7015,2018-06-14 05:18:00,9882,Transcribed,180s,1SPM,RWBL,Red-winged Blackbird,AGELAIUS PHOENICEUS,1,59845,1,Song,114.84,0.89,-47.2,f,,Alex MacPhail,15,,Very dense recording; YEWAs I think abundance is good but detections might be skewed due to maskedness
PC,10,WLNP-7-4,850,,-113.826266,49.106553,,,7015,2018-06-14 05:18:00,9882,Transcribed,180s,1SPM,GRCA,Gray Catbird,DUMETELLA CAROLINENSIS,2,59863,1,Song,128.59,5.18,-42.05,f,,Alex MacPhail,15,Quite certain there is a second catbird here but need to confirm confidence:To Be Checked,Very dense recording; YEWAs I think abundance is good but detections might be skewed due to maskedness
PC,10,WLNP-7-4,850,,-113.826266,49.106553,,,7015,2018-06-14 05:18:00,9882,Transcribed,180s,1SPM,GRCA,Gray Catbird,DUMETELLA CAROLINENSIS,2,59841,1,Song,63.94,7.49,-27.93,f,,Alex MacPhail,15,Quite certain there is a second catbird here but need to confirm confidence:To Be Checked,Very dense recording; YEWAs I think abundance is good but detections might be skewed due to maskedness
PC,10,WLNP-7-4,850,,-113.826266,49.106553,,,7015,2018-06-14 05:18:00,9882,Transcribed,180s,1SPM,GRCA,Gray Catbird,DUMETELLA CAROLINENSIS,1,59862,1,Song,120.09,5.73,-40.66,f,,Alex MacPhail,15,,Very dense recording; YEWAs I think abundance is good but detections might be skewed due to maskedness
PC,10,WLNP-7-4,850,,-113.826266,49.106553,,,7015,2018-06-14 05:18:00,9882,Transcribed,180s,1SPM,GRCA,Gray Catbird,DUMETELLA CAROLINENSIS,1,59838,1,Song,62.69,6.31,-31.4,f,,Alex MacPhail,15,,Very dense recording; YEWAs I think abundance is good but detections might be skewed due to maskedness
PC,10,WLNP-7-4,850,,-113.826266,49.106553,,,7015,2018-06-14 05:18:00,9882,Transcribed,180s,1SPM,GRCA,Gray Catbird,DUMETELLA CAROLINENSIS,1,59804,1,Song,2.14,5.70,-47.09,f,,Alex MacPhail,15,,Very dense recording; YEWAs I think abundance is good but detections might be skewed due to maskedness
PC,10,WLNP-7-4,850,,-113.826266,49.106553,,,7015,2018-06-14 05:18:00,9882,Transcribed,180s,1SPM,YEWA,Yellow Warbler,SETOPHAGA PETECHIA,4,59860,1,Song,126.54,1.69,-44.27,f,,Alex MacPhail,15,,Very dense recording; YEWAs I think abundance is good but detections might be skewed due to maskedness
PC,10,WLNP-7-4,850,,-113.826266,49.106553,,,7015,2018-06-14 05:18:00,9882,Transcribed,180s,1SPM,YEWA,Yellow Warbler,SETOPHAGA PETECHIA,4,59847,1,Song,76.30,1.59,-43.95,f,,Alex MacPhail,15,,Very dense recording; YEWAs I think abundance is good but detections might be skewed due to maskedness
PC,10,WLNP-7-4,850,,-113.826266,49.106553,,,7015,2018-06-14 05:18:00,9882,Transcribed,180s,1SPM,YEWA,Yellow Warbler,SETOPHAGA PETECHIA,3,59861,1,Song,127.98,1.49,-44.05,f,,Alex MacPhail,15,,Very dense recording; YEWAs I think abundance is good but detections might be skewed due to maskedness
PC,10,WLNP-7-4,850,,-113.826266,49.106553,,,7015,2018-06-14 05:18:00,9882,Transcribed,180s,1SPM,YEWA,Yellow Warbler,SETOPHAGA PETECHIA,3,59851,1,Song,74.04,1.46,-46.45,f,,Alex MacPhail,15,,Very dense recording; YEWAs I think abundance is good but detections might be skewed due to maskedness
PC,10,WLNP-7-4,850,,-113.826266,49.106553,,,7015,2018-06-14 05:18:00,9882,Transcribed,180s,1SPM,YEWA,Yellow Warbler,SETOPHAGA PETECHIA,2,59846,1,Song,71.56,1.25,-47.34,f,,Alex MacPhail,15,,Very dense recording; YEWAs I think abundance is good but detections might be skewed due to maskedness
PC,10,WLNP-7-4,850,,-113.826266,49.106553,,,7015,2018-06-14 05:18:00,9882,Transcribed,180s,1SPM,YEWA,Yellow Warbler,SETOPHAGA PETECHIA,2,59859,1,Song,122.53,1.50,-43.57,f,,Alex MacPhail,15,,Very dense recording; YEWAs I think abundance is good but detections might be skewed due to maskedness
PC,10,WLNP-7-4,850,,-113.826266,49.106553,,,7015,2018-06-14 05:18:00,9882,Transcribed,180s,1SPM,YEWA,Yellow Warbler,SETOPHAGA PETECHIA,1,59858,1,Song,124.49,1.80,-28.33,f,,Alex MacPhail,15,,Very dense recording; YEWAs I think abundance is good but detections might be skewed due to maskedness
PC,10,WLNP-7-4,850,,-113.826266,49.106553,,,7015,2018-06-14 05:18:00,9882,Transcribed,180s,1SPM,YEWA,Yellow Warbler,SETOPHAGA PETECHIA,1,59771,1,Song,5.34,1.73,-26.78,f,,Alex MacPhail,15,,Very dense recording; YEWAs I think abundance is good but detections might be skewed due to maskedness
PC,10,WLNP-7-4,850,,-113.826266,49.106553,,,7015,2018-06-14 05:18:00,9882,Transcribed,180s,1SPM,YEWA,Yellow Warbler,SETOPHAGA PETECHIA,1,59834,1,Song,65.33,1.61,-27.48,f,,Alex MacPhail,15,,Very dense recording; YEWAs I think abundance is good but detections might be skewed due to maskedness
PC,10,WLNP-7-4,850,,-113.826266,49.106553,,,7015,2018-06-14 05:18:00,9882,Transcribed,180s,1SPM,LEFL,Least Flycatcher,EMPIDONAX MINIMUS,1,59883,1,Song,162.50,0.44,-49.89,f,,Alex MacPhail,15,,Very dense recording; YEWAs I think abundance is good but detections might be skewed due to maskedness
PC,10,WLNP-7-4,850,,-113.826266,49.106553,,,7015,2018-06-14 05:18:00,9882,Transcribed,180s,1SPM,LEFL,Least Flycatcher,EMPIDONAX MINIMUS,1,59813,1,Song,7.39,0.38,-53.46,f,,Alex MacPhail,15,,Very dense recording; YEWAs I think abundance is good but detections might be skewed due to maskedness
PC,10,WLNP-7-4,850,,-113.826266,49.106553,,,7015,2018-06-14 05:18:00,9882,Transcribed,180s,1SPM,MOWI,Moderate wind,"",1,59864,1,Song,120.10,5.96,-28.54,f,,Alex MacPhail,15,,Very dense recording; YEWAs I think abundance is good but detections might be skewed due to maskedness
PC,10,WLNP-7-4,850,,-113.826266,49.106553,,,7015,2018-06-14 05:18:00,9882,Transcribed,180s,1SPM,MOWI,Moderate wind,"",1,59831,1,Song,60.11,5.50,-34.12,f,,Alex MacPhail,15,,Very dense recording; YEWAs I think abundance is good but detections might be skewed due to maskedness
PC,10,WLNP-7-4,850,,-113.826266,49.106553,,,7015,2018-06-14 05:18:00,9882,Transcribed,180s,1SPM,MOWI,Moderate wind,"",1,59827,1,Song,49.89,5.86,-26.6,f,,Alex MacPhail,15,,Very dense recording; YEWAs I think abundance is good but detections might be skewed due to maskedness
PC,10,WLNP-7-4,850,,-113.826266,49.106553,,,7015,2018-06-14 05:18:00,9882,Transcribed,180s,1SPM,SORA,Sora,PORZANA CAROLINA,1,59843,1,S-C,69.84,0.70,-52.68,f,,Alex MacPhail,15,,Very dense recording; YEWAs I think abundance is good but detections might be skewed due to maskedness
PC,10,WLNP-7-4,850,,-113.826266,49.106553,,,7015,2018-06-14 05:18:00,9882,Transcribed,180s,1SPM,SORA,Sora,PORZANA CAROLINA,1,59891,1,Call,125.81,0.79,-35.88,f,,Alex MacPhail,15,,Very dense recording; YEWAs I think abundance is good but detections might be skewed due to maskedness
PC,10,WLNP-7-4,850,,-113.826266,49.106553,,,7015,2018-06-14 05:18:00,9882,Transcribed,180s,1SPM,SORA,Sora,PORZANA CAROLINA,1,59789,1,Call,1.59,0.65,-46.48,f,,Alex MacPhail,15,,Very dense recording; YEWAs I think abundance is good but detections might be skewed due to maskedness
PC,10,WLNP-7-4,850,,-113.826266,49.106553,,,7015,2018-06-14 05:18:00,9882,Transcribed,180s,1SPM,EAKI,Eastern Kingbird,TYRANNUS TYRANNUS,1,59871,1,Song,153.81,0.85,-51.74,f,,Alex MacPhail,15,,Very dense recording; YEWAs I think abundance is good but detections might be skewed due to maskedness
PC,10,WLNP-7-4,850,,-113.826266,49.106553,,,7015,2018-06-14 05:18:00,9882,Transcribed,180s,1SPM,EAKI,Eastern Kingbird,TYRANNUS TYRANNUS,1,59825,1,Song,41.33,0.94,-46.67,f,,Alex MacPhail,15,,Very dense recording; YEWAs I think abundance is good but detections might be skewed due to maskedness
PC,10,WLNP-7-4,850,,-113.826266,49.106553,,,7015,2018-06-14 05:18:00,9882,Transcribed,180s,1SPM,WEWP,Western Wood-Pewee,CONTOPUS SORDIDULUS,1,59869,1,Song,137.29,0.78,-57.12,f,,Alex MacPhail,15,"
",Very dense recording; YEWAs I think abundance is good but detections might be skewed due to maskedness
PC,10,WLNP-7-4,850,,-113.826266,49.106553,,,7015,2018-06-14 05:18:00,9882,Transcribed,180s,1SPM,WEWP,Western Wood-Pewee,CONTOPUS SORDIDULUS,1,59820,1,Song,23.51,0.81,-50.18,f,,Alex MacPhail,15,"
",Very dense recording; YEWAs I think abundance is good but detections might be skewed due to maskedness
PC,10,WLNP-7-4,850,,-113.826266,49.106553,,,7015,2018-06-14 05:18:00,9882,Transcribed,180s,1SPM,PBGR,Pied-billed Grebe,PODILYMBUS PODICEPS,1,59773,1,Song,0.03,1.98,-61.76,f,,Alex MacPhail,15,,Very dense recording; YEWAs I think abundance is good but detections might be skewed due to maskedness
PC,10,WLNP-7-4,850,,-113.826266,49.106553,,,7015,2018-06-14 05:18:00,9882,Transcribed,180s,1SPM,UNKN,Unidentified signal,"",1,59842,1,Call,61.36,0.95,-33.86,f,,Alex MacPhail,15,Catbird? confidence:To Be Checked,Very dense recording; YEWAs I think abundance is good but detections might be skewed due to maskedness
PC,10,WLNP-7-4,850,,-113.826266,49.106553,,,7015,2018-06-14 05:18:00,9882,Transcribed,180s,1SPM,UNWA,Unidentified Warbler,"",1,59853,1,Song,85.68,1.70,-50.65,f,,Alex MacPhail,15,Really messed up YEWA? Changes song? confidence:To Be Checked,Very dense recording; YEWAs I think abundance is good but detections might be skewed due to maskedness
PC,10,WLNP-7-4,850,,-113.826266,49.106553,,,7015,2018-06-14 05:18:00,9882,Transcribed,180s,1SPM,UNWA,Unidentified Warbler,"",1,59809,1,Song,0.75,1.65,-43.65,f,,Alex MacPhail,15,Really messed up YEWA? Changes song? confidence:To Be Checked,Very dense recording; YEWAs I think abundance is good but detections might be skewed due to maskedness
PC,10,WLNP-7-4,850,,-113.826266,49.106553,,,7015,2018-06-14 05:18:00,9882,Transcribed,180s,1SPM,BCCH,Black-capped Chickadee,POECILE ATRICAPILLUS,1,59867,1,Song,133.58,1.51,-51.49,f,,Alex MacPhail,15,,Very dense recording; YEWAs I think abundance is good but detections might be skewed due to maskedness
PC,10,WLNP-7-4,850,,-113.826266,49.106553,,,7015,2018-06-14 05:18:00,9882,Transcribed,180s,1SPM,BCCH,Black-capped Chickadee,POECILE ATRICAPILLUS,1,59849,1,Song,70.35,1.48,-50.01,f,,Alex MacPhail,15,,Very dense recording; YEWAs I think abundance is good but detections might be skewed due to maskedness
PC,10,WLNP-7-4,850,,-113.826266,49.106553,,,7015,2018-06-14 05:18:00,9882,Transcribed,180s,1SPM,BCCH,Black-capped Chickadee,POECILE ATRICAPILLUS,1,59815,1,Song,7.09,1.34,-53.42,f,,Alex MacPhail,15,,Very dense recording; YEWAs I think abundance is good but detections might be skewed due to maskedness
PC,10,WLNP-7-4,850,,-113.826266,49.106553,,,7015,2018-06-14 05:18:00,9882,Transcribed,180s,1SPM,AMGO,American Goldfinch,SPINUS TRISTIS,1,59880,1,Song,159.45,1.76,-49.36,f,,Alex MacPhail,15,Fairly certain,Very dense recording; YEWAs I think abundance is good but detections might be skewed due to maskedness
PC,10,WLNP-7-4,850,,-113.826266,49.106553,,,7015,2018-06-14 05:18:00,9882,Transcribed,180s,1SPM,CCSP,Clay-colored Sparrow,SPIZELLA PALLIDA,3,59877,1,Song,161.74,1.98,-49.49,f,,Alex MacPhail,15,Closer,Very dense recording; YEWAs I think abundance is good but detections might be skewed due to maskedness
PC,10,WLNP-7-4,850,,-113.826266,49.106553,,,7015,2018-06-14 05:18:00,9882,Transcribed,180s,1SPM,CCSP,Clay-colored Sparrow,SPIZELLA PALLIDA,3,59844,1,Song,88.58,1.60,-49.04,f,,Alex MacPhail,15,Closer,Very dense recording; YEWAs I think abundance is good but detections might be skewed due to maskedness
PC,10,WLNP-7-4,850,,-113.826266,49.106553,,,7015,2018-06-14 05:18:00,9882,Transcribed,180s,1SPM,ALFL,Alder Flycatcher,EMPIDONAX ALNORUM,1,59818,1,Song,13.74,0.88,-49.45,f,,Alex MacPhail,15,Definitely an ALFL!,Very dense recording; YEWAs I think abundance is good but detections might be skewed due to maskedness
PC,10,WLNP-7-4,850,,-113.826266,49.106553,,,7015,2018-06-14 05:18:00,9882,Transcribed,180s,1SPM,HOWR,House Wren,TROGLODYTES AEDON,1,59772,1,Song,0.01,1.26,-47.94,f,,Alex MacPhail,15,,Very dense recording; YEWAs I think abundance is good but detections might be skewed due to maskedness
PC,10,WLNP-7-4,850,,-113.826266,49.106553,,,85259,2018-06-15 05:18:00,17697,Transcribed,180s,1SPM,ALFL,Alder Flycatcher,EMPIDONAX ALNORUM,2,124416,1,Song,63.10,0.70,-45.65,f,,Michelle Knaggs,11,,
PC,10,WLNP-7-4,850,,-113.826266,49.106553,,,85259,2018-06-15 05:18:00,17697,Transcribed,180s,1SPM,ALFL,Alder Flycatcher,EMPIDONAX ALNORUM,2,124406,1,Song,45.10,0.59,-38.89,f,,Michelle Knaggs,11,,
PC,10,WLNP-7-4,850,,-113.826266,49.106553,,,85259,2018-06-15 05:18:00,17697,Transcribed,180s,1SPM,ALFL,Alder Flycatcher,EMPIDONAX ALNORUM,1,124401,1,Song,14.35,0.44,-51.35,f,,Michelle Knaggs,11,,
PC,10,WLNP-7-4,850,,-113.826266,49.106553,,,85259,2018-06-15 05:18:00,17697,Transcribed,180s,1SPM,ALFL,Alder Flycatcher,EMPIDONAX ALNORUM,1,124447,1,Song,147.14,0.48,-45.75,f,,Michelle Knaggs,11,,
PC,10,WLNP-7-4,850,,-113.826266,49.106553,,,85259,2018-06-15 05:18:00,17697,Transcribed,180s,1SPM,HOWR,House Wren,TROGLODYTES AEDON,1,124441,1,Song,130.14,1.49,-47.86,f,,Michelle Knaggs,11,,
PC,10,WLNP-7-4,850,,-113.826266,49.106553,,,85259,2018-06-15 05:18:00,17697,Transcribed,180s,1SPM,HEWI,Heavy wind,"",1,124419,1,Song,77.04,6.46,-22.05,f,,Michelle Knaggs,11,,
PC,10,WLNP-7-4,850,,-113.826266,49.106553,,,85259,2018-06-15 05:18:00,17697,Transcribed,180s,1SPM,AMRO,American Robin,TURDUS MIGRATORIUS,1,124432,1,Song,116.29,8.13,-41.12,f,,Michelle Knaggs,11,,
PC,10,WLNP-7-4,850,,-113.826266,49.106553,,,85259,2018-06-15 05:18:00,17697,Transcribed,180s,1SPM,HEWI,Heavy wind,"",1,124444,1,Song,134.08,2.41,-29.21,f,,Michelle Knaggs,11,,
PC,10,WLNP-7-4,850,,-113.826266,49.106553,,,85259,2018-06-15 05:18:00,17697,Transcribed,180s,1SPM,MOWI,Moderate wind,"",1,124402,1,Song,16.39,5.95,-25.32,f,,Michelle Knaggs,11,,
PC,10,WLNP-7-4,850,,-113.826266,49.106553,,,85259,2018-06-15 05:18:00,17697,Transcribed,180s,1SPM,MOWI,Moderate wind,"",1,124417,1,Song,67.39,6.58,-28.62,f,,Michelle Knaggs,11,,
PC,10,WLNP-7-4,850,,-113.826266,49.106553,,,85259,2018-06-15 05:18:00,17697,Transcribed,180s,1SPM,NOWA,Northern Waterthrush,PARKESIA NOVEBORACENSIS,1,124423,1,Song,89.64,1.18,-43.42,f,,Michelle Knaggs,11,,
PC,10,WLNP-7-4,850,,-113.826266,49.106553,,,85259,2018-06-15 05:18:00,17697,Transcribed,180s,1SPM,NOWA,Northern Waterthrush,PARKESIA NOVEBORACENSIS,1,124451,1,Song,174.99,1.29,-45.45,f,,Michelle Knaggs,11,,
PC,10,WLNP-7-4,850,,-113.826266,49.106553,,,85259,2018-06-15 05:18:00,17697,Transcribed,180s,1SPM,YEWA,Yellow Warbler,SETOPHAGA PETECHIA,1,124412,1,Song,61.73,1.33,-28.22,f,,Michelle Knaggs,11,,
PC,10,WLNP-7-4,850,,-113.826266,49.106553,,,85259,2018-06-15 05:18:00,17697,Transcribed,180s,1SPM,YEWA,Yellow Warbler,SETOPHAGA PETECHIA,1,124392,1,Song,0.30,1.28,-25.3,f,,Michelle Knaggs,11,,
PC,10,WLNP-7-4,850,,-113.826266,49.106553,,,85259,2018-06-15 05:18:00,17697,Transcribed,180s,1SPM,YEWA,Yellow Warbler,SETOPHAGA PETECHIA,1,124436,1,Song,122.53,1.46,-29.22,f,,Michelle Knaggs,11,,
PC,10,WLNP-7-4,850,,-113.826266,49.106553,,,85259,2018-06-15 05:18:00,17697,Transcribed,180s,1SPM,YEWA,Yellow Warbler,SETOPHAGA PETECHIA,2,124393,1,Song,1.75,1.59,-28.23,f,,Michelle Knaggs,11,,
PC,10,WLNP-7-4,850,,-113.826266,49.106553,,,85259,2018-06-15 05:18:00,17697,Transcribed,180s,1SPM,MOBL,Mountain Bluebird,SIALIA CURRUCOIDES,1,124425,1,Song,91.43,3.13,-44.09,f,,Michelle Knaggs,11,,
PC,10,WLNP-7-4,850,,-113.826266,49.106553,,,85259,2018-06-15 05:18:00,17697,Transcribed,180s,1SPM,HOWR,House Wren,TROGLODYTES AEDON,1,124399,1,Song,10.16,0.65,-48.09,f,,Michelle Knaggs,11,,
PC,10,WLNP-7-4,850,,-113.826266,49.106553,,,85259,2018-06-15 05:18:00,17697,Transcribed,180s,1SPM,HOWR,House Wren,TROGLODYTES AEDON,1,124415,1,Song,60.48,0.89,-49.63,f,,Michelle Knaggs,11,,
PC,10,WLNP-7-4,850,,-113.826266,49.106553,,,85259,2018-06-15 05:18:00,17697,Transcribed,180s,1SPM,YEWA,Yellow Warbler,SETOPHAGA PETECHIA,2,124413,1,Song,65.49,1.53,-29.5,f,,Michelle Knaggs,11,,
PC,10,WLNP-7-4,850,,-113.826266,49.106553,,,85259,2018-06-15 05:18:00,17697,Transcribed,180s,1SPM,YEWA,Yellow Warbler,SETOPHAGA PETECHIA,2,124437,1,Song,128.74,1.40,-27.04,f,,Michelle Knaggs,11,,
PC,10,WLNP-7-4,850,,-113.826266,49.106553,,,85259,2018-06-15 05:18:00,17697,Transcribed,180s,1SPM,YEWA,Yellow Warbler,SETOPHAGA PETECHIA,3,124427,1,Song,96.86,1.61,-42.09,f,,Michelle Knaggs,11,,
PC,10,WLNP-7-4,850,,-113.826266,49.106553,,,85259,2018-06-15 05:18:00,17697,Transcribed,180s,1SPM,YEWA,Yellow Warbler,SETOPHAGA PETECHIA,3,124396,1,Song,6.80,1.18,-29.03,f,,Michelle Knaggs,11,,
PC,10,WLNP-7-4,850,,-113.826266,49.106553,,,85259,2018-06-15 05:18:00,17697,Transcribed,180s,1SPM,UNPA,Unidentified Passerine,"",2,124421,1,Song,86.45,1.93,-45.52,f,,Michelle Knaggs,11,confidence:To Be Checked,
PC,10,WLNP-7-4,850,,-113.826266,49.106553,,,85259,2018-06-15 05:18:00,17697,Transcribed,180s,1SPM,YEWA,Yellow Warbler,SETOPHAGA PETECHIA,3,124439,1,Song,126.99,0.84,-45.03,f,,Michelle Knaggs,11,,
PC,10,WLNP-7-4,850,,-113.826266,49.106553,,,85259,2018-06-15 05:18:00,17697,Transcribed,180s,1SPM,YEWA,Yellow Warbler,SETOPHAGA PETECHIA,4,124403,1,Song,22.84,1.14,-41.92,f,,Michelle Knaggs,11,,
PC,10,WLNP-7-4,850,,-113.826266,49.106553,,,85259,2018-06-15 05:18:00,17697,Transcribed,180s,1SPM,YEWA,Yellow Warbler,SETOPHAGA PETECHIA,4,124426,1,Song,99.26,1.71,-43.67,f,,Michelle Knaggs,11,,
PC,10,WLNP-7-4,850,,-113.826266,49.106553,,,85259,2018-06-15 05:18:00,17697,Transcribed,180s,1SPM,UNPA,Unidentified Passerine,"",1,124407,1,Call,50.85,1.08,-43.21,f,,Michelle Knaggs,11,,
PC,10,WLNP-7-4,850,,-113.826266,49.106553,,,85259,2018-06-15 05:18:00,17697,Transcribed,180s,1SPM,UNPA,Unidentified Passerine,"",1,124446,1,Call,142.40,1.66,-42.33,f,,Michelle Knaggs,11,,
PC,10,WLNP-7-5,865,,-113.838190,49.094348,,,7037,2018-06-08 21:39:00,9904,Transcribed,180s,1SPM,WEWP,Western Wood-Pewee,CONTOPUS SORDIDULUS,1,42130,1,Song,66.79,0.74,-68.56,f,,Brandon Law,22,,
PC,10,WLNP-7-5,865,,-113.838190,49.094348,,,7037,2018-06-08 21:39:00,9904,Transcribed,180s,1SPM,CONI,Common Nighthawk,CHORDEILES MINOR,1,42142,1,Call,120.49,0.70,-64.19,f,,Brandon Law,22,,
PC,10,WLNP-7-5,865,,-113.838190,49.094348,,,7037,2018-06-08 21:39:00,9904,Transcribed,180s,1SPM,SACR,Sandhill Crane,ANTIGONE CANADENSIS,1,42136,1,Call,120.13,3.80,-47.82,f,,Brandon Law,22,,
PC,10,WLNP-7-5,865,,-113.838190,49.094348,,,7037,2018-06-08 21:39:00,9904,Transcribed,180s,1SPM,CONI,Common Nighthawk,CHORDEILES MINOR,1,42132,1,Call,74.79,0.54,-62.02,f,,Brandon Law,22,,
PC,10,WLNP-7-5,865,,-113.838190,49.094348,,,7037,2018-06-08 21:39:00,9904,Transcribed,180s,1SPM,WISN,Wilson's Snipe,GALLINAGO DELICATA,1,42129,1,Call,70.76,4.13,-32.96,f,,Brandon Law,22,,
PC,10,WLNP-7-5,865,,-113.838190,49.094348,,,7037,2018-06-08 21:39:00,9904,Transcribed,180s,1SPM,LISP,Lincoln's Sparrow,MELOSPIZA LINCOLNII,1,42128,1,Song,70.44,1.70,-60.59,f,,Brandon Law,22,,
PC,10,WLNP-7-5,865,,-113.838190,49.094348,,,7037,2018-06-08 21:39:00,9904,Transcribed,180s,1SPM,RWBL,Red-winged Blackbird,AGELAIUS PHOENICEUS,1,42145,1,Song,146.09,1.61,-58.3,f,,Brandon Law,22,,
PC,10,WLNP-7-5,865,,-113.838190,49.094348,,,7037,2018-06-08 21:39:00,9904,Transcribed,180s,1SPM,RWBL,Red-winged Blackbird,AGELAIUS PHOENICEUS,1,42121,1,Song,45.71,1.61,-53.37,f,,Brandon Law,22,,
PC,10,WLNP-7-5,865,,-113.838190,49.094348,,,7037,2018-06-08 21:39:00,9904,Transcribed,180s,1SPM,SACR,Sandhill Crane,ANTIGONE CANADENSIS,1,42135,1,Call,114.28,3.31,-32.95,f,,Brandon Law,22,,
PC,10,WLNP-7-5,865,,-113.838190,49.094348,,,7037,2018-06-08 21:39:00,9904,Transcribed,180s,1SPM,SACR,Sandhill Crane,ANTIGONE CANADENSIS,1,42120,1,Call,42.29,6.10,-43.03,f,,Brandon Law,22,,
PC,10,WLNP-7-5,865,,-113.838190,49.094348,,,7037,2018-06-08 21:39:00,9904,Transcribed,180s,1SPM,SWTH,Swainson's Thrush,CATHARUS USTULATUS,1,42113,1,Song,0.78,1.54,-55.89,f,,Brandon Law,22,,
PC,10,WLNP-7-5,865,,-113.838190,49.094348,,,7037,2018-06-08 21:39:00,9904,Transcribed,180s,1SPM,SWTH,Swainson's Thrush,CATHARUS USTULATUS,1,42124,1,Song,63.40,1.85,-54.17,f,,Brandon Law,22,,
PC,10,WLNP-7-5,865,,-113.838190,49.094348,,,7037,2018-06-08 21:39:00,9904,Transcribed,180s,1SPM,SWTH,Swainson's Thrush,CATHARUS USTULATUS,1,42140,1,Song,123.29,1.95,-52.7,f,,Brandon Law,22,,
PC,10,WLNP-7-5,865,,-113.838190,49.094348,,,7037,2018-06-08 21:39:00,9904,Transcribed,180s,1SPM,SWTH,Swainson's Thrush,CATHARUS USTULATUS,2,42117,1,Song,7.01,1.76,-57.04,f,,Brandon Law,22,,
PC,10,WLNP-7-5,865,,-113.838190,49.094348,,,7037,2018-06-08 21:39:00,9904,Transcribed,180s,1SPM,SWTH,Swainson's Thrush,CATHARUS USTULATUS,2,42125,1,Song,64.64,1.91,-50.29,f,,Brandon Law,22,,
PC,10,WLNP-7-5,865,,-113.838190,49.094348,,,7037,2018-06-08 21:39:00,9904,Transcribed,180s,1SPM,TRES,Tree Swallow,TACHYCINETA BICOLOR,1,42134,1,Song,100.41,2.00,-67.63,f,,Brandon Law,22,,
PC,10,WLNP-7-5,865,,-113.838190,49.094348,,,7037,2018-06-08 21:39:00,9904,Transcribed,180s,1SPM,TRES,Tree Swallow,TACHYCINETA BICOLOR,1,42119,1,Song,20.23,1.76,-57.58,f,,Brandon Law,22,,
PC,10,WLNP-7-5,865,,-113.838190,49.094348,,,7037,2018-06-08 21:39:00,9904,Transcribed,180s,1SPM,LIBA,Light Background Noise,"",1,42127,1,Song,60.44,2.71,-50.02,f,,Brandon Law,22,,
PC,10,WLNP-7-5,865,,-113.838190,49.094348,,,7037,2018-06-08 21:39:00,9904,Transcribed,180s,1SPM,LIBA,Light Background Noise,"",1,42138,1,Song,120.24,2.43,-50.85,f,,Brandon Law,22,,
PC,10,WLNP-7-5,865,,-113.838190,49.094348,,,7037,2018-06-08 21:39:00,9904,Transcribed,180s,1SPM,LIBA,Light Background Noise,"",1,42118,1,Song,1.00,2.39,-32.72,f,,Brandon Law,22,,
PC,10,WLNP-7-5,865,,-113.838190,49.094348,,,7037,2018-06-08 21:39:00,9904,Transcribed,180s,1SPM,YEWA,Yellow Warbler,SETOPHAGA PETECHIA,1,42122,1,Song,63.04,1.86,-54.18,f,,Brandon Law,22,,
PC,10,WLNP-7-5,865,,-113.838190,49.094348,,,7037,2018-06-08 21:39:00,9904,Transcribed,180s,1SPM,YEWA,Yellow Warbler,SETOPHAGA PETECHIA,1,42139,1,Song,126.45,1.44,-53.14,f,,Brandon Law,22,,
PC,10,WLNP-7-5,865,,-113.838190,49.094348,,,7037,2018-06-08 21:39:00,9904,Transcribed,180s,1SPM,YEWA,Yellow Warbler,SETOPHAGA PETECHIA,1,42114,1,Song,5.25,1.85,-59.16,f,,Brandon Law,22,,
PC,10,WLNP-7-5,865,,-113.838190,49.094348,,,7037,2018-06-08 21:39:00,9904,Transcribed,180s,1SPM,YEWA,Yellow Warbler,SETOPHAGA PETECHIA,2,42123,1,Song,64.56,1.83,-50.04,f,,Brandon Law,22,,
PC,10,WLNP-7-5,865,,-113.838190,49.094348,,,7037,2018-06-08 21:39:00,9904,Transcribed,180s,1SPM,YEWA,Yellow Warbler,SETOPHAGA PETECHIA,2,42115,1,Song,6.74,1.78,-57.66,f,,Brandon Law,22,,
PC,10,WLNP-7-5,865,,-113.838190,49.094348,,,7037,2018-06-08 21:39:00,9904,Transcribed,180s,1SPM,YEWA,Yellow Warbler,SETOPHAGA PETECHIA,2,42144,1,Song,135.88,1.69,-52.66,f,,Brandon Law,22,,
PC,10,WLNP-7-5,865,,-113.838190,49.094348,,,7037,2018-06-08 21:39:00,9904,Transcribed,180s,1SPM,YEWA,Yellow Warbler,SETOPHAGA PETECHIA,3,42116,1,Song,8.19,1.78,-54.63,f,,Brandon Law,22,,
PC,10,WLNP-7-5,865,,-113.838190,49.094348,,,7037,2018-06-08 21:39:00,9904,Transcribed,180s,1SPM,YEWA,Yellow Warbler,SETOPHAGA PETECHIA,3,42126,1,Song,61.36,1.34,-65.03,f,,Brandon Law,22,,
PC,10,WLNP-7-5,865,,-113.838190,49.094348,,,7037,2018-06-08 21:39:00,9904,Transcribed,180s,1SPM,GRCA,Gray Catbird,DUMETELLA CAROLINENSIS,1,42151,1,Song,160.46,5.09,-48.83,f,,Brandon Law,22,,
PC,10,WLNP-7-5,865,,-113.838190,49.094348,,,7037,2018-06-08 21:39:00,9904,Transcribed,180s,1SPM,RWBL,Red-winged Blackbird,AGELAIUS PHOENICEUS,1,42133,1,Song,84.56,1.06,-63.7,f,,Brandon Law,22,,
PC,10,WLNP-7-5,865,,-113.838190,49.094348,,,7037,2018-06-08 21:39:00,9904,Transcribed,180s,1SPM,TRES,Tree Swallow,TACHYCINETA BICOLOR,1,42143,1,Song,122.53,3.21,-53.47,f,,Brandon Law,22,,
PC,10,WLNP-7-5,865,,-113.838190,49.094348,,,6960,2018-06-10 04:49:00,9963,Bad Weather,180s,1SPM,WISN,Wilson's Snipe,GALLINAGO DELICATA,1,43395,1,Song,0.65,1.71,-52.01,f,,Jake Lewis,27,,
PC,10,WLNP-7-5,865,,-113.838190,49.094348,,,85260,2018-06-11 04:48:00,17698,Bad Weather,180s,1SPM,NONE,NONE,"",,,,,,,,,,Michelle Knaggs,11,,
PC,10,WLNP-7-5,865,,-113.838190,49.094348,,,85261,2018-06-13 04:48:00,17699,Transcribed,180s,1SPM,WISN,Wilson's Snipe,GALLINAGO DELICATA,1,123361,1,Non-vocal,63.54,1.70,-58.06,f,,Michelle Knaggs,11,,
PC,10,WLNP-7-5,865,,-113.838190,49.094348,,,85261,2018-06-13 04:48:00,17699,Transcribed,180s,1SPM,SWTH,Swainson's Thrush,CATHARUS USTULATUS,1,123346,1,Song,1.53,1.13,-52.27,f,,Michelle Knaggs,11,,
PC,10,WLNP-7-5,865,,-113.838190,49.094348,,,85261,2018-06-13 04:48:00,17699,Transcribed,180s,1SPM,RUGR,Ruffed Grouse,BONASA UMBELLUS,1,123364,1,Non-vocal,63.44,5.11,-36.22,f,,Michelle Knaggs,11,,
PC,10,WLNP-7-5,865,,-113.838190,49.094348,,,85261,2018-06-13 04:48:00,17699,Transcribed,180s,1SPM,WISN,Wilson's Snipe,GALLINAGO DELICATA,1,123353,1,Non-vocal,17.50,2.74,-58.7,f,,Michelle Knaggs,11,,
PC,10,WLNP-7-5,865,,-113.838190,49.094348,,,85261,2018-06-13 04:48:00,17699,Transcribed,180s,1SPM,MOWI,Moderate wind,"",1,123394,1,Song,29.85,5.33,-44.62,f,,Michelle Knaggs,11,,
PC,10,WLNP-7-5,865,,-113.838190,49.094348,,,85261,2018-06-13 04:48:00,17699,Transcribed,180s,1SPM,YEWA,Yellow Warbler,SETOPHAGA PETECHIA,1,123348,1,Song,2.60,1.03,-54.97,f,,Michelle Knaggs,11,,
PC,10,WLNP-7-5,865,,-113.838190,49.094348,,,85261,2018-06-13 04:48:00,17699,Transcribed,180s,1SPM,YEWA,Yellow Warbler,SETOPHAGA PETECHIA,1,123370,1,Song,79.48,1.31,-55.2,f,,Michelle Knaggs,11,,
PC,10,WLNP-7-5,865,,-113.838190,49.094348,,,85261,2018-06-13 04:48:00,17699,Transcribed,180s,1SPM,YEWA,Yellow Warbler,SETOPHAGA PETECHIA,1,123377,1,Song,121.61,1.40,-58.86,f,,Michelle Knaggs,11,,
PC,10,WLNP-7-5,865,,-113.838190,49.094348,,,85261,2018-06-13 04:48:00,17699,Transcribed,180s,1SPM,YEWA,Yellow Warbler,SETOPHAGA PETECHIA,2,123352,1,Song,11.81,1.24,-55.34,f,,Michelle Knaggs,11,,
PC,10,WLNP-7-5,865,,-113.838190,49.094348,,,85261,2018-06-13 04:48:00,17699,Transcribed,180s,1SPM,YEWA,Yellow Warbler,SETOPHAGA PETECHIA,2,123360,1,Song,63.11,1.80,-55.2,f,,Michelle Knaggs,11,,
PC,10,WLNP-7-5,865,,-113.838190,49.094348,,,85261,2018-06-13 04:48:00,17699,Transcribed,180s,1SPM,YEWA,Yellow Warbler,SETOPHAGA PETECHIA,2,123379,1,Song,125.34,0.83,-60.1,f,,Michelle Knaggs,11,,
PC,10,WLNP-7-5,865,,-113.838190,49.094348,,,85261,2018-06-13 04:48:00,17699,Transcribed,180s,1SPM,YEWA,Yellow Warbler,SETOPHAGA PETECHIA,3,123357,1,Song,28.51,1.01,-58.11,f,,Michelle Knaggs,11,,
PC,10,WLNP-7-5,865,,-113.838190,49.094348,,,85261,2018-06-13 04:48:00,17699,Transcribed,180s,1SPM,YEWA,Yellow Warbler,SETOPHAGA PETECHIA,3,123373,1,Song,85.71,1.14,-58.71,f,,Michelle Knaggs,11,,
PC,10,WLNP-7-5,865,,-113.838190,49.094348,,,85261,2018-06-13 04:48:00,17699,Transcribed,180s,1SPM,YEWA,Yellow Warbler,SETOPHAGA PETECHIA,3,123381,1,Song,128.66,1.39,-56.39,f,,Michelle Knaggs,11,,
PC,10,WLNP-7-5,865,,-113.838190,49.094348,,,85261,2018-06-13 04:48:00,17699,Transcribed,180s,1SPM,LISP,Lincoln's Sparrow,MELOSPIZA LINCOLNII,1,123382,1,Song,132.45,1.23,-59.52,f,,Michelle Knaggs,11,,
PC,10,WLNP-7-5,865,,-113.838190,49.094348,,,85261,2018-06-13 04:48:00,17699,Transcribed,180s,1SPM,LISP,Lincoln's Sparrow,MELOSPIZA LINCOLNII,1,123354,1,Song,21.71,1.19,-59.62,f,,Michelle Knaggs,11,,
PC,10,WLNP-7-5,865,,-113.838190,49.094348,,,85261,2018-06-13 04:48:00,17699,Transcribed,180s,1SPM,LISP,Lincoln's Sparrow,MELOSPIZA LINCOLNII,1,123372,1,Song,83.64,1.41,-58.49,f,,Michelle Knaggs,11,,
PC,10,WLNP-7-5,865,,-113.838190,49.094348,,,85261,2018-06-13 04:48:00,17699,Transcribed,180s,1SPM,UNDU,Unidentified Duck,"",1,123368,1,Call,67.68,1.89,-54.7,f,,Michelle Knaggs,11,indistinct quacks confidence:Unknown far,
PC,10,WLNP-7-5,865,,-113.838190,49.094348,,,85261,2018-06-13 04:48:00,17699,Transcribed,180s,1SPM,HOWR,House Wren,TROGLODYTES AEDON,1,123385,1,Song,143.65,2.55,-57.95,f,,Michelle Knaggs,11,,
PC,10,WLNP-7-5,865,,-113.838190,49.094348,,,85261,2018-06-13 04:48:00,17699,Transcribed,180s,1SPM,AMRO,American Robin,TURDUS MIGRATORIUS,1,123350,1,Song,4.88,0.56,-57.51,f,,Michelle Knaggs,11,,
PC,10,WLNP-7-5,865,,-113.838190,49.094348,,,85261,2018-06-13 04:48:00,17699,Transcribed,180s,1SPM,AMRO,American Robin,TURDUS MIGRATORIUS,1,123362,1,Song,63.45,1.46,-62.22,f,,Michelle Knaggs,11,,
PC,10,WLNP-7-5,865,,-113.838190,49.094348,,,85261,2018-06-13 04:48:00,17699,Transcribed,180s,1SPM,AMRO,American Robin,TURDUS MIGRATORIUS,1,123375,1,Song,120.11,1.00,-62.86,f,,Michelle Knaggs,11,,
PC,10,WLNP-7-5,865,,-113.838190,49.094348,,,7063,2018-06-14 04:48:00,9930,Transcribed,180s,1SPM,AMRO,American Robin,TURDUS MIGRATORIUS,1,49652,1,Song,127.79,4.74,-58.24,f,,Christopher Wagner,39,,
PC,10,WLNP-7-5,865,,-113.838190,49.094348,,,7063,2018-06-14 04:48:00,9930,Transcribed,180s,1SPM,HOWR,House Wren,TROGLODYTES AEDON,3,49966,1,Song,126.45,2.21,-55.74,f,,Christopher Wagner,39,,
PC,10,WLNP-7-5,865,,-113.838190,49.094348,,,7063,2018-06-14 04:48:00,9930,Transcribed,180s,1SPM,HOWR,House Wren,TROGLODYTES AEDON,3,49958,1,Song,6.08,2.09,-53.15,f,,Christopher Wagner,39,,
PC,10,WLNP-7-5,865,,-113.838190,49.094348,,,7063,2018-06-14 04:48:00,9930,Transcribed,180s,1SPM,HOWR,House Wren,TROGLODYTES AEDON,3,49959,1,Song,68.14,2.49,-49.19,f,,Christopher Wagner,39,,
PC,10,WLNP-7-5,865,,-113.838190,49.094348,,,7063,2018-06-14 04:48:00,9930,Transcribed,180s,1SPM,HOWR,House Wren,TROGLODYTES AEDON,2,49951,1,Song,60.95,2.90,-48.72,f,,Christopher Wagner,39,,
PC,10,WLNP-7-5,865,,-113.838190,49.094348,,,7063,2018-06-14 04:48:00,9930,Transcribed,180s,1SPM,HOWR,House Wren,TROGLODYTES AEDON,2,49945,1,Song,2.13,2.36,-50.82,f,,Christopher Wagner,39,,
PC,10,WLNP-7-5,865,,-113.838190,49.094348,,,7063,2018-06-14 04:48:00,9930,Transcribed,180s,1SPM,HOWR,House Wren,TROGLODYTES AEDON,2,49964,1,Song,120.04,2.79,-54.25,f,,Christopher Wagner,39,,
PC,10,WLNP-7-5,865,,-113.838190,49.094348,,,7063,2018-06-14 04:48:00,9930,Transcribed,180s,1SPM,HOWR,House Wren,TROGLODYTES AEDON,1,49965,1,Song,123.75,2.63,-52.32,f,,Christopher Wagner,39,,
PC,10,WLNP-7-5,865,,-113.838190,49.094348,,,7063,2018-06-14 04:48:00,9930,Transcribed,180s,1SPM,HOWR,House Wren,TROGLODYTES AEDON,1,49953,1,Song,65.98,2.68,-53.22,f,,Christopher Wagner,39,,
PC,10,WLNP-7-5,865,,-113.838190,49.094348,,,7063,2018-06-14 04:48:00,9930,Transcribed,180s,1SPM,HOWR,House Wren,TROGLODYTES AEDON,1,49944,1,Song,0.04,1.50,-51.54,f,,Christopher Wagner,39,,
PC,10,WLNP-7-5,865,,-113.838190,49.094348,,,7063,2018-06-14 04:48:00,9930,Transcribed,180s,1SPM,MODO,Mourning Dove,ZENAIDA MACROURA,1,47435,1,Song,134.54,3.01,-41.39,f,,Christopher Wagner,39,,
PC,10,WLNP-7-5,865,,-113.838190,49.094348,,,7063,2018-06-14 04:48:00,9930,Transcribed,180s,1SPM,MODO,Mourning Dove,ZENAIDA MACROURA,1,47423,1,Song,8.96,2.79,-37.2,f,,Christopher Wagner,39,,
PC,10,WLNP-7-5,865,,-113.838190,49.094348,,,7063,2018-06-14 04:48:00,9930,Transcribed,180s,1SPM,MODO,Mourning Dove,ZENAIDA MACROURA,1,47428,1,Song,60.63,2.51,-50.42,f,,Christopher Wagner,39,,
PC,10,WLNP-7-5,865,,-113.838190,49.094348,,,7063,2018-06-14 04:48:00,9930,Transcribed,180s,1SPM,UNKN,Unidentified signal,"",1,49961,1,Call,142.26,1.00,-67.79,f,,Christopher Wagner,39,"High pitched, difficult to hear confidence:Unknown far",
PC,10,WLNP-7-5,865,,-113.838190,49.094348,,,7063,2018-06-14 04:48:00,9930,Transcribed,180s,1SPM,UNPA,Unidentified Passerine,"",2,116344,1,Song,122.83,1.36,-51.63,f,,Christopher Wagner,39,,
PC,10,WLNP-7-5,865,,-113.838190,49.094348,,,7063,2018-06-14 04:48:00,9930,Transcribed,180s,1SPM,UNPA,Unidentified Passerine,"",1,49957,1,Song,65.04,1.55,-54.29,f,,Christopher Wagner,39,,
PC,10,WLNP-7-5,865,,-113.838190,49.094348,,,7063,2018-06-14 04:48:00,9930,Transcribed,180s,1SPM,YEWA,Yellow Warbler,SETOPHAGA PETECHIA,2,49969,1,Song,136.14,1.26,-56.8,f,,Christopher Wagner,39,,
PC,10,WLNP-7-5,865,,-113.838190,49.094348,,,7063,2018-06-14 04:48:00,9930,Transcribed,180s,1SPM,YEWA,Yellow Warbler,SETOPHAGA PETECHIA,2,49947,1,Song,4.88,1.13,-54.74,f,,Christopher Wagner,39,,
PC,10,WLNP-7-5,865,,-113.838190,49.094348,,,7063,2018-06-14 04:48:00,9930,Transcribed,180s,1SPM,YEWA,Yellow Warbler,SETOPHAGA PETECHIA,2,49960,1,Song,70.90,1.18,-47.84,f,,Christopher Wagner,39,,
PC,10,WLNP-7-5,865,,-113.838190,49.094348,,,7063,2018-06-14 04:48:00,9930,Transcribed,180s,1SPM,YEWA,Yellow Warbler,SETOPHAGA PETECHIA,1,49968,1,Song,130.83,1.21,-47.15,f,,Christopher Wagner,39,,
PC,10,WLNP-7-5,865,,-113.838190,49.094348,,,7063,2018-06-14 04:48:00,9930,Transcribed,180s,1SPM,YEWA,Yellow Warbler,SETOPHAGA PETECHIA,1,49955,1,Song,63.91,1.20,-54.6,f,,Christopher Wagner,39,,
PC,10,WLNP-7-5,865,,-113.838190,49.094348,,,7063,2018-06-14 04:48:00,9930,Transcribed,180s,1SPM,YEWA,Yellow Warbler,SETOPHAGA PETECHIA,1,49946,1,Song,3.89,1.09,-55.4,f,,Christopher Wagner,39,,
PC,10,WLNP-7-5,865,,-113.838190,49.094348,,,7063,2018-06-14 04:48:00,9930,Transcribed,180s,1SPM,WIWA,Wilson's Warbler,CARDELLINA PUSILLA,1,49954,1,Song,127.98,1.71,-55.08,f,,Christopher Wagner,39,"",
PC,10,WLNP-7-5,865,,-113.838190,49.094348,,,7063,2018-06-14 04:48:00,9930,Transcribed,180s,1SPM,WIWA,Wilson's Warbler,CARDELLINA PUSILLA,1,49952,1,Song,2.04,1.69,-55.05,f,,Christopher Wagner,39,"",
PC,10,WLNP-7-5,865,,-113.838190,49.094348,,,7063,2018-06-14 04:48:00,9930,Transcribed,180s,1SPM,LEFL,Least Flycatcher,EMPIDONAX MINIMUS,1,49948,1,Song,13.98,0.34,-56.4,f,,Christopher Wagner,39,,
PC,10,WLNP-7-5,865,,-113.838190,49.094348,,,7063,2018-06-14 04:48:00,9930,Transcribed,180s,1SPM,LEFL,Least Flycatcher,EMPIDONAX MINIMUS,1,49956,1,Song,63.50,0.33,-59.89,f,,Christopher Wagner,39,,
PC,10,WLNP-7-5,865,,-113.838190,49.094348,,,7063,2018-06-14 04:48:00,9930,Transcribed,180s,1SPM,SWTH,Swainson's Thrush,CATHARUS USTULATUS,1,49943,1,Song,49.23,1.18,-58.43,f,,Christopher Wagner,39,,
PC,10,WLNP-7-5,865,,-113.838190,49.094348,,,7063,2018-06-14 04:48:00,9930,Transcribed,180s,1SPM,RUGR,Ruffed Grouse,BONASA UMBELLUS,2,49647,1,Non-vocal,75.39,5.33,-34.54,f,,Christopher Wagner,39,,
PC,10,WLNP-7-5,865,,-113.838190,49.094348,,,7063,2018-06-14 04:48:00,9930,Transcribed,180s,1SPM,RUGR,Ruffed Grouse,BONASA UMBELLUS,1,49649,1,Non-vocal,4.83,8.60,-32.27,f,,Christopher Wagner,39,,
PC,10,WLNP-7-5,865,,-113.838190,49.094348,,,7063,2018-06-14 04:48:00,9930,Transcribed,180s,1SPM,RUGR,Ruffed Grouse,BONASA UMBELLUS,1,49648,1,Non-vocal,154.20,7.28,-32.68,f,,Christopher Wagner,39,,
PC,10,WLNP-7-5,865,,-113.838190,49.094348,,,7063,2018-06-14 04:48:00,9930,Transcribed,180s,1SPM,RUGR,Ruffed Grouse,BONASA UMBELLUS,1,49646,1,Non-vocal,66.61,9.99,-31.89,f,,Christopher Wagner,39,,
PC,10,WLNP-7-5,865,,-113.838190,49.094348,,,7063,2018-06-14 04:48:00,9930,Transcribed,180s,1SPM,WISN,Wilson's Snipe,GALLINAGO DELICATA,2,47433,1,Non-vocal,127.75,2.50,-41.46,f,,Christopher Wagner,39,,
PC,10,WLNP-7-5,865,,-113.838190,49.094348,,,7063,2018-06-14 04:48:00,9930,Transcribed,180s,1SPM,WISN,Wilson's Snipe,GALLINAGO DELICATA,2,47429,1,Non-vocal,63.96,2.30,-61.02,f,,Christopher Wagner,39,,
PC,10,WLNP-7-5,865,,-113.838190,49.094348,,,7063,2018-06-14 04:48:00,9930,Transcribed,180s,1SPM,WISN,Wilson's Snipe,GALLINAGO DELICATA,2,47427,1,Non-vocal,5.69,2.38,-58.99,f,,Christopher Wagner,39,,
PC,10,WLNP-7-5,865,,-113.838190,49.094348,,,7063,2018-06-14 04:48:00,9930,Transcribed,180s,1SPM,WISN,Wilson's Snipe,GALLINAGO DELICATA,1,47425,1,NV-C,0.00,4.09,-65.97,f,,Christopher Wagner,39,,
PC,10,WLNP-7-5,865,,-113.838190,49.094348,,,7063,2018-06-14 04:48:00,9930,Transcribed,180s,1SPM,WISN,Wilson's Snipe,GALLINAGO DELICATA,1,47432,1,NV-C,120.38,4.01,-37.14,f,,Christopher Wagner,39,,
PC,10,WLNP-7-5,865,,-113.838190,49.094348,,,7063,2018-06-14 04:48:00,9930,Transcribed,180s,1SPM,WISN,Wilson's Snipe,GALLINAGO DELICATA,1,47430,1,NV-C,64.43,3.03,-58.62,f,,Christopher Wagner,39,,
PC,10,WLNP-7-5,865,,-113.838190,49.094348,,,7063,2018-06-14 04:48:00,9930,Transcribed,180s,1SPM,WCSP,White-crowned Sparrow,ZONOTRICHIA LEUCOPHRYS,1,47445,1,Song,61.34,1.75,-49.38,f,,Christopher Wagner,39,,
PC,10,WLNP-7-5,865,,-113.838190,49.094348,,,7063,2018-06-14 04:48:00,9930,Transcribed,180s,1SPM,WCSP,White-crowned Sparrow,ZONOTRICHIA LEUCOPHRYS,1,47446,1,Song,122.39,1.85,-51.72,f,,Christopher Wagner,39,,
PC,10,WLNP-7-5,865,,-113.838190,49.094348,,,7063,2018-06-14 04:48:00,9930,Transcribed,180s,1SPM,WCSP,White-crowned Sparrow,ZONOTRICHIA LEUCOPHRYS,1,47444,1,Song,15.49,1.95,-53.19,f,,Christopher Wagner,39,,
PC,10,WLNP-7-5,865,,-113.838190,49.094348,,,7063,2018-06-14 04:48:00,9930,Transcribed,180s,1SPM,AMRO,American Robin,TURDUS MIGRATORIUS,1,49651,1,Song,60.04,3.95,-51.6,f,,Christopher Wagner,39,,
PC,10,WLNP-7-5,865,,-113.838190,49.094348,,,7063,2018-06-14 04:48:00,9930,Transcribed,180s,1SPM,AMRO,American Robin,TURDUS MIGRATORIUS,1,49650,1,Song,0.05,3.31,-52.02,f,,Christopher Wagner,39,,
PC,10,WLNP-7-5,865,,-113.838190,49.094348,,,6984,2018-06-15 05:18:00,9987,Transcribed,180s,1SPM,AMRO,American Robin,TURDUS MIGRATORIUS,1,48888,1,Song,127.36,1.21,-41.73,f,,Laurel McDonald,42,,
PC,10,WLNP-7-5,865,,-113.838190,49.094348,,,6984,2018-06-15 05:18:00,9987,Transcribed,180s,1SPM,SWTH,Swainson's Thrush,CATHARUS USTULATUS,1,48902,1,S-C,70.16,0.94,-51.21,f,,Laurel McDonald,42,,
PC,10,WLNP-7-5,865,,-113.838190,49.094348,,,6984,2018-06-15 05:18:00,9987,Transcribed,180s,1SPM,SWTH,Swainson's Thrush,CATHARUS USTULATUS,1,48887,1,Song,122.15,0.46,-45.55,f,,Laurel McDonald,42,,
PC,10,WLNP-7-5,865,,-113.838190,49.094348,,,6984,2018-06-15 05:18:00,9987,Transcribed,180s,1SPM,AMRO,American Robin,TURDUS MIGRATORIUS,1,48883,1,Song,0.14,0.53,-46.27,f,,Laurel McDonald,42,,
PC,10,WLNP-7-5,865,,-113.838190,49.094348,,,6984,2018-06-15 05:18:00,9987,Transcribed,180s,1SPM,HOWR,House Wren,TROGLODYTES AEDON,2,48897,1,Song,137.79,1.34,-38.54,f,,Laurel McDonald,42,,
PC,10,WLNP-7-5,865,,-113.838190,49.094348,,,6984,2018-06-15 05:18:00,9987,Transcribed,180s,1SPM,HOWR,House Wren,TROGLODYTES AEDON,1,48898,1,Song,2.58,1.54,-44.94,f,,Laurel McDonald,42,,
PC,10,WLNP-7-5,865,,-113.838190,49.094348,,,6984,2018-06-15 05:18:00,9987,Transcribed,180s,1SPM,HOWR,House Wren,TROGLODYTES AEDON,1,48885,1,Song,120.03,0.48,-48.63,f,,Laurel McDonald,42,,
PC,10,WLNP-7-5,865,,-113.838190,49.094348,,,6984,2018-06-15 05:18:00,9987,Transcribed,180s,1SPM,HOWR,House Wren,TROGLODYTES AEDON,1,48900,1,Song,61.84,2.55,-43.11,f,,Laurel McDonald,42,,
PC,10,WLNP-7-5,865,,-113.838190,49.094348,,,6984,2018-06-15 05:18:00,9987,Transcribed,180s,1SPM,CEDW,Cedar Waxwing,BOMBYCILLA CEDRORUM,2,48891,1,Call,172.38,1.06,-27.8,f,,Laurel McDonald,42,,
PC,10,WLNP-7-5,865,,-113.838190,49.094348,,,6984,2018-06-15 05:18:00,9987,Transcribed,180s,1SPM,CEDW,Cedar Waxwing,BOMBYCILLA CEDRORUM,1,48890,1,Call,169.90,2.50,-47.3,f,,Laurel McDonald,42,,
PC,10,WLNP-7-5,865,,-113.838190,49.094348,,,6984,2018-06-15 05:18:00,9987,Transcribed,180s,1SPM,WAVI,Warbling Vireo,VIREO GILVUS,1,48901,1,Song,66.48,1.90,-45.24,f,,Laurel McDonald,42,,
PC,10,WLNP-7-5,865,,-113.838190,49.094348,,,6984,2018-06-15 05:18:00,9987,Transcribed,180s,1SPM,WAVI,Warbling Vireo,VIREO GILVUS,1,48899,1,Song,4.35,1.69,-40.95,f,,Laurel McDonald,42,,
PC,10,WLNP-7-5,865,,-113.838190,49.094348,,,6984,2018-06-15 05:18:00,9987,Transcribed,180s,1SPM,WAVI,Warbling Vireo,VIREO GILVUS,1,48886,1,Song,120.68,1.78,-45.14,f,,Laurel McDonald,42,,
PC,10,WLNP-7-5,865,,-113.838190,49.094348,,,6984,2018-06-15 05:18:00,9987,Transcribed,180s,1SPM,YEWA,Yellow Warbler,SETOPHAGA PETECHIA,1,48889,1,Song,134.08,0.96,-48.54,f,,Laurel McDonald,42,,
PC,10,WLNP-7-5,865,,-113.838190,49.094348,,,6984,2018-06-15 05:18:00,9987,Transcribed,180s,1SPM,YEWA,Yellow Warbler,SETOPHAGA PETECHIA,1,48884,1,Song,1.30,1.34,-47.9,f,,Laurel McDonald,42,,
PC,10,WLNP-7-5,865,,-113.838190,49.094348,,,6984,2018-06-15 05:18:00,9987,Transcribed,180s,1SPM,YEWA,Yellow Warbler,SETOPHAGA PETECHIA,1,48903,1,Song,60.18,1.55,-48.48,f,,Laurel McDonald,42,,
PC,10,WLNP-7-5,865,,-113.838190,49.094348,,,6984,2018-06-15 05:18:00,9987,Transcribed,180s,1SPM,MOWI,Moderate wind,"",1,48895,1,Song,0.03,4.00,-29.7,f,,Laurel McDonald,42,,
PC,10,WLNP-7-5,865,,-113.838190,49.094348,,,6984,2018-06-15 05:18:00,9987,Transcribed,180s,1SPM,MOWI,Moderate wind,"",1,48896,1,Song,60.03,3.98,-30.06,f,,Laurel McDonald,42,,
PC,10,WLNP-7-5,865,,-113.838190,49.094348,,,6984,2018-06-15 05:18:00,9987,Transcribed,180s,1SPM,MOWI,Moderate wind,"",1,48892,1,Song,120.06,3.95,-31.44,f,,Laurel McDonald,42,,
PC,10,WLNP-7-5,865,,-113.838190,49.094348,,,6984,2018-06-15 05:18:00,9987,Transcribed,180s,1SPM,LIBA,Light Background Noise,"",1,48904,1,Song,6.99,4.41,-29.04,f,,Laurel McDonald,42,Thunder,
PC,10,WLNP-8-1,866,,-113.843517,49.069522,,,7053,2018-06-27 04:50:00,9920,Transcribed,180s,1SPM,WTSP,White-throated Sparrow,ZONOTRICHIA ALBICOLLIS,1,114706,1,Song,3.93,1.30,-52.98,f,,Christopher Moser-Purdy,37,,
PC,10,WLNP-8-1,866,,-113.843517,49.069522,,,7053,2018-06-27 04:50:00,9920,Transcribed,180s,1SPM,LIBA,Light Background Noise,"",1,41114,1,Song,60.40,4.45,-35.67,f,,Christopher Moser-Purdy,37,,
PC,10,WLNP-8-1,866,,-113.843517,49.069522,,,7053,2018-06-27 04:50:00,9920,Transcribed,180s,1SPM,LIBA,Light Background Noise,"",1,41115,1,Song,120.16,4.65,-33.21,f,,Christopher Moser-Purdy,37,,
PC,10,WLNP-8-1,866,,-113.843517,49.069522,,,7053,2018-06-27 04:50:00,9920,Transcribed,180s,1SPM,LIBA,Light Background Noise,"",1,41113,1,Song,0.05,4.86,-33.15,f,,Christopher Moser-Purdy,37,,
PC,10,WLNP-8-1,866,,-113.843517,49.069522,,,7053,2018-06-27 04:50:00,9920,Transcribed,180s,1SPM,YEWA,Yellow Warbler,SETOPHAGA PETECHIA,1,41232,1,Song,116.26,1.85,-44.28,f,,Christopher Moser-Purdy,37,"Two parts at least, first part small syllables, second part tall quick syllables",
PC,10,WLNP-8-1,866,,-113.843517,49.069522,,,7053,2018-06-27 04:50:00,9920,Transcribed,180s,1SPM,DUFL,Dusky Flycatcher,EMPIDONAX OBERHOLSERI,1,41098,1,Song,60.06,7.03,-40.05,f,,Christopher Moser-Purdy,37,,
PC,10,WLNP-8-1,866,,-113.843517,49.069522,,,7053,2018-06-27 04:50:00,9920,Transcribed,180s,1SPM,DUFL,Dusky Flycatcher,EMPIDONAX OBERHOLSERI,1,41107,1,Song,120.30,2.56,-44.5,f,,Christopher Moser-Purdy,37,,
PC,10,WLNP-8-1,866,,-113.843517,49.069522,,,7053,2018-06-27 04:50:00,9920,Transcribed,180s,1SPM,DUFL,Dusky Flycatcher,EMPIDONAX OBERHOLSERI,1,41091,1,Song,0.95,5.04,-38.88,f,,Christopher Moser-Purdy,37,,
PC,10,WLNP-8-1,866,,-113.843517,49.069522,,,7053,2018-06-27 04:50:00,9920,Transcribed,180s,1SPM,VESP,Vesper Sparrow,POOECETES GRAMINEUS,1,41230,1,Song,2.51,1.81,-46.68,f,,Christopher Moser-Purdy,37,At very end of recording these notes are with a VESP intro,
PC,10,WLNP-8-1,866,,-113.843517,49.069522,,,7053,2018-06-27 04:50:00,9920,Transcribed,180s,1SPM,VESP,Vesper Sparrow,POOECETES GRAMINEUS,1,41109,1,Song,123.21,2.00,-47.95,f,,Christopher Moser-Purdy,37,At very end of recording these notes are with a VESP intro,
PC,10,WLNP-8-1,866,,-113.843517,49.069522,,,7053,2018-06-27 04:50:00,9920,Transcribed,180s,1SPM,VESP,Vesper Sparrow,POOECETES GRAMINEUS,1,41099,1,Song,60.84,1.45,-36.72,f,,Christopher Moser-Purdy,37,At very end of recording these notes are with a VESP intro,
PC,10,WLNP-8-1,866,,-113.843517,49.069522,,,7053,2018-06-27 04:50:00,9920,Transcribed,180s,1SPM,REVI,Red-eyed Vireo,VIREO OLIVACEUS,1,41108,1,Song,120.18,6.29,-44.69,f,,Christopher Moser-Purdy,37,"",
PC,10,WLNP-8-1,866,,-113.843517,49.069522,,,7053,2018-06-27 04:50:00,9920,Transcribed,180s,1SPM,REVI,Red-eyed Vireo,VIREO OLIVACEUS,1,41092,1,Song,0.03,6.65,-38.45,f,,Christopher Moser-Purdy,37,"",
PC,10,WLNP-8-1,866,,-113.843517,49.069522,,,7053,2018-06-27 04:50:00,9920,Transcribed,180s,1SPM,REVI,Red-eyed Vireo,VIREO OLIVACEUS,1,41097,1,Song,60.18,6.59,-36.71,f,,Christopher Moser-Purdy,37,"",
PC,10,WLNP-8-1,866,,-113.843517,49.069522,,,7053,2018-06-27 04:50:00,9920,Transcribed,180s,1SPM,UNWA,Unidentified Warbler,"",1,41095,1,Song,52.96,1.45,-58.06,f,,Christopher Moser-Purdy,37,"Two part, second part lower, probably YRWA or MGWA confidence:Unknown far",
PC,10,WLNP-8-1,866,,-113.843517,49.069522,,,7053,2018-06-27 04:50:00,9920,Transcribed,180s,1SPM,MODO,Mourning Dove,ZENAIDA MACROURA,1,41111,1,Call,131.16,1.93,-33.31,f,,Christopher Moser-Purdy,37,,
PC,10,WLNP-8-1,866,,-113.843517,49.069522,,,7053,2018-06-27 04:50:00,9920,Transcribed,180s,1SPM,MODO,Mourning Dove,ZENAIDA MACROURA,1,41231,1,Call,11.23,3.28,-33.21,f,,Christopher Moser-Purdy,37,,
PC,10,WLNP-8-1,866,,-113.843517,49.069522,,,7053,2018-06-27 04:50:00,9920,Transcribed,180s,1SPM,MODO,Mourning Dove,ZENAIDA MACROURA,1,41104,1,Call,84.41,3.53,-35.89,f,,Christopher Moser-Purdy,37,,
PC,10,WLNP-8-1,866,,-113.843517,49.069522,,,7053,2018-06-27 04:50:00,9920,Transcribed,180s,1SPM,HOWR,House Wren,TROGLODYTES AEDON,1,41102,1,Song,68.46,4.81,-41.29,f,,Christopher Moser-Purdy,37,,
PC,10,WLNP-8-1,866,,-113.843517,49.069522,,,7053,2018-06-27 04:50:00,9920,Transcribed,180s,1SPM,HOWR,House Wren,TROGLODYTES AEDON,1,41105,1,Song,120.03,2.30,-44.55,f,,Christopher Moser-Purdy,37,,
PC,10,WLNP-8-1,866,,-113.843517,49.069522,,,7053,2018-06-27 04:50:00,9920,Transcribed,180s,1SPM,AMRO,American Robin,TURDUS MIGRATORIUS,1,41094,1,Song,8.73,1.90,-50.65,f,,Christopher Moser-Purdy,37,,
PC,10,WLNP-8-1,866,,-113.843517,49.069522,,,7053,2018-06-27 04:50:00,9920,Transcribed,180s,1SPM,SWTH,Swainson's Thrush,CATHARUS USTULATUS,1,41089,1,Song,0.94,2.38,-37.97,f,,Christopher Moser-Purdy,37,,
PC,10,WLNP-8-1,866,,-113.843517,49.069522,,,7053,2018-06-27 04:50:00,9920,Transcribed,180s,1SPM,SWTH,Swainson's Thrush,CATHARUS USTULATUS,1,41096,1,Song,60.81,2.46,-36.79,f,,Christopher Moser-Purdy,37,,
PC,10,WLNP-8-1,866,,-113.843517,49.069522,,,7053,2018-06-27 04:50:00,9920,Transcribed,180s,1SPM,SWTH,Swainson's Thrush,CATHARUS USTULATUS,1,41106,1,Song,122.11,2.00,-44.85,f,,Christopher Moser-Purdy,37,,
PC,10,WLNP-8-1,866,,-113.843517,49.069522,,,7053,2018-06-27 04:50:00,9920,Transcribed,180s,1SPM,SWTH,Swainson's Thrush,CATHARUS USTULATUS,2,114716,1,S-C,8.83,1.60,-49.94,f,,Christopher Moser-Purdy,37,,
PC,10,WLNP-8-1,866,,-113.843517,49.069522,,,7053,2018-06-27 04:50:00,9920,Transcribed,180s,1SPM,SWTH,Swainson's Thrush,CATHARUS USTULATUS,2,41103,1,S-C,64.86,1.14,-54.83,f,,Christopher Moser-Purdy,37,,
PC,10,WLNP-8-1,866,,-113.843517,49.069522,,,7053,2018-06-27 04:50:00,9920,Transcribed,180s,1SPM,SWTH,Swainson's Thrush,CATHARUS USTULATUS,2,41110,1,S-C,124.28,1.20,-48.15,f,,Christopher Moser-Purdy,37,,
PC,10,WLNP-8-1,866,,-113.843517,49.069522,,,7053,2018-06-27 04:50:00,9920,Transcribed,180s,1SPM,SWTH,Swainson's Thrush,CATHARUS USTULATUS,3,114718,1,Song,48.75,2.10,-49.29,f,,Christopher Moser-Purdy,37,,
PC,10,WLNP-8-1,866,,-113.843517,49.069522,,,7053,2018-06-27 04:50:00,9920,Transcribed,180s,1SPM,SWTH,Swainson's Thrush,CATHARUS USTULATUS,3,114722,1,Song,60.18,1.46,-42.81,f,,Christopher Moser-Purdy,37,,
PC,10,WLNP-8-1,866,,-113.843517,49.069522,,,7053,2018-06-27 04:50:00,9920,Transcribed,180s,1SPM,SWTH,Swainson's Thrush,CATHARUS USTULATUS,3,114730,1,Song,120.14,1.03,-45.22,f,,Christopher Moser-Purdy,37,,
PC,10,WLNP-8-1,866,,-113.843517,49.069522,,,7038,2018-06-28 04:51:00,9905,Transcribed,180s,1SPM,WETA,Western Tanager,PIRANGA LUDOVICIANA,1,42166,1,Song,70.89,2.14,-53.73,f,,Brandon Law,22,,
PC,10,WLNP-8-1,866,,-113.843517,49.069522,,,7038,2018-06-28 04:51:00,9905,Transcribed,180s,1SPM,WETA,Western Tanager,PIRANGA LUDOVICIANA,1,42167,1,Song,120.44,2.56,-50.09,f,,Brandon Law,22,,
PC,10,WLNP-8-1,866,,-113.843517,49.069522,,,7038,2018-06-28 04:51:00,9905,Transcribed,180s,1SPM,DUFL,Dusky Flycatcher,EMPIDONAX OBERHOLSERI,1,42163,1,Song,60.40,1.59,-47.6,f,,Brandon Law,22,,
PC,10,WLNP-8-1,866,,-113.843517,49.069522,,,7038,2018-06-28 04:51:00,9905,Transcribed,180s,1SPM,DUFL,Dusky Flycatcher,EMPIDONAX OBERHOLSERI,1,42157,1,Song,0.28,3.54,-37.02,f,,Brandon Law,22,,
PC,10,WLNP-8-1,866,,-113.843517,49.069522,,,7038,2018-06-28 04:51:00,9905,Transcribed,180s,1SPM,SWTH,Swainson's Thrush,CATHARUS USTULATUS,1,42165,TMTT,Song,60.44,6.70,-36.2,f,,Brandon Law,22,AE:4-6,
PC,10,WLNP-8-1,866,,-113.843517,49.069522,,,7038,2018-06-28 04:51:00,9905,Transcribed,180s,1SPM,SWTH,Swainson's Thrush,CATHARUS USTULATUS,1,42170,TMTT,Song,120.59,6.84,-36.06,f,,Brandon Law,22,AE:4-6,
PC,10,WLNP-8-1,866,,-113.843517,49.069522,,,7038,2018-06-28 04:51:00,9905,Transcribed,180s,1SPM,DUFL,Dusky Flycatcher,EMPIDONAX OBERHOLSERI,1,42169,1,Song,121.80,2.98,-36.92,f,,Brandon Law,22,,
PC,10,WLNP-8-1,866,,-113.843517,49.069522,,,7038,2018-06-28 04:51:00,9905,Transcribed,180s,1SPM,MGWA,MacGillivray's Warbler,GEOTHLYPIS TOLMIEI,1,42161,1,Song,1.21,2.09,-50.43,f,,Brandon Law,22,,
PC,10,WLNP-8-1,866,,-113.843517,49.069522,,,7038,2018-06-28 04:51:00,9905,Transcribed,180s,1SPM,MGWA,MacGillivray's Warbler,GEOTHLYPIS TOLMIEI,1,42164,1,Song,62.36,1.88,-36.33,f,,Brandon Law,22,,
PC,10,WLNP-8-1,866,,-113.843517,49.069522,,,7038,2018-06-28 04:51:00,9905,Transcribed,180s,1SPM,MGWA,MacGillivray's Warbler,GEOTHLYPIS TOLMIEI,1,42168,1,Song,121.95,2.10,-52.51,f,,Brandon Law,22,,
PC,10,WLNP-8-1,866,,-113.843517,49.069522,,,7038,2018-06-28 04:51:00,9905,Transcribed,180s,1SPM,AMRO,American Robin,TURDUS MIGRATORIUS,1,42171,1,Song,145.81,3.80,-49.42,f,,Brandon Law,22,,
PC,10,WLNP-8-1,866,,-113.843517,49.069522,,,7038,2018-06-28 04:51:00,9905,Transcribed,180s,1SPM,WCSP,White-crowned Sparrow,ZONOTRICHIA LEUCOPHRYS,1,42153,1,Song,4.40,2.55,-49.7,f,,Brandon Law,22,,
PC,10,WLNP-8-1,866,,-113.843517,49.069522,,,7038,2018-06-28 04:51:00,9905,Transcribed,180s,1SPM,SWTH,Swainson's Thrush,CATHARUS USTULATUS,1,42154,TMTT,Song,1.24,6.81,-36.8,f,,Brandon Law,22,AE:4-6,
PC,10,WLNP-8-1,866,,-113.843517,49.069522,,,7038,2018-06-28 04:51:00,9905,Transcribed,180s,1SPM,WETA,Western Tanager,PIRANGA LUDOVICIANA,1,42155,1,Song,9.48,1.71,-50.4,f,,Brandon Law,22,,
PC,10,WLNP-8-1,866,,-113.843517,49.069522,,,6969,2018-07-03 05:24:00,9972,Transcribed,180s,1SPM,DUFL,Dusky Flycatcher,EMPIDONAX OBERHOLSERI,1,116667,1,Song,128.56,3.04,-42.11,f,,Jillian Slater,25,,"No TOBD, too much overlap during the entire recording."
PC,10,WLNP-8-1,866,,-113.843517,49.069522,,,6969,2018-07-03 05:24:00,9972,Transcribed,180s,1SPM,DUFL,Dusky Flycatcher,EMPIDONAX OBERHOLSERI,1,116666,1,Song,60.88,5.93,-34.04,f,,Jillian Slater,25,,"No TOBD, too much overlap during the entire recording."
PC,10,WLNP-8-1,866,,-113.843517,49.069522,,,6969,2018-07-03 05:24:00,9972,Transcribed,180s,1SPM,DUFL,Dusky Flycatcher,EMPIDONAX OBERHOLSERI,1,116665,1,Song,9.39,3.78,-34.63,f,,Jillian Slater,25,,"No TOBD, too much overlap during the entire recording."
PC,10,WLNP-8-1,866,,-113.843517,49.069522,,,6969,2018-07-03 05:24:00,9972,Transcribed,180s,1SPM,GCSP,Golden-crowned Sparrow,ZONOTRICHIA ATRICAPILLA,1,43027,1,Song,61.56,1.26,-61.62,f,,Jillian Slater,25,,"No TOBD, too much overlap during the entire recording."
PC,10,WLNP-8-1,866,,-113.843517,49.069522,,,6969,2018-07-03 05:24:00,9972,Transcribed,180s,1SPM,GCSP,Golden-crowned Sparrow,ZONOTRICHIA ATRICAPILLA,1,43017,1,Song,24.73,1.24,-53.92,f,,Jillian Slater,25,,"No TOBD, too much overlap during the entire recording."
PC,10,WLNP-8-1,866,,-113.843517,49.069522,,,6969,2018-07-03 05:24:00,9972,Transcribed,180s,1SPM,YRWA,Yellow-rumped Warbler,SETOPHAGA CORONATA,2,43115,1,Song,106.16,1.96,-23.43,f,,Jillian Slater,25,,"No TOBD, too much overlap during the entire recording."
PC,10,WLNP-8-1,866,,-113.843517,49.069522,,,6969,2018-07-03 05:24:00,9972,Transcribed,180s,1SPM,YRWA,Yellow-rumped Warbler,SETOPHAGA CORONATA,2,43114,1,Song,121.46,2.48,-23.11,f,,Jillian Slater,25,,"No TOBD, too much overlap during the entire recording."
PC,10,WLNP-8-1,866,,-113.843517,49.069522,,,6969,2018-07-03 05:24:00,9972,Transcribed,180s,1SPM,RESQ,Red Squirrel,TAMIASCIURUS HUDSONICUS,1,43019,1,Call,28.65,3.66,-23.15,f,,Jillian Slater,25,,"No TOBD, too much overlap during the entire recording."
PC,10,WLNP-8-1,866,,-113.843517,49.069522,,,6969,2018-07-03 05:24:00,9972,Transcribed,180s,1SPM,RESQ,Red Squirrel,TAMIASCIURUS HUDSONICUS,1,43103,1,Call,178.78,1.18,-23.84,f,,Jillian Slater,25,,"No TOBD, too much overlap during the entire recording."
PC,10,WLNP-8-1,866,,-113.843517,49.069522,,,6969,2018-07-03 05:24:00,9972,Transcribed,180s,1SPM,SWTH,Swainson's Thrush,CATHARUS USTULATUS,1,43024,1,Song,60.06,1.53,-33.18,f,,Jillian Slater,25,,"No TOBD, too much overlap during the entire recording."
PC,10,WLNP-8-1,866,,-113.843517,49.069522,,,6969,2018-07-03 05:24:00,9972,Transcribed,180s,1SPM,SWTH,Swainson's Thrush,CATHARUS USTULATUS,1,43039,1,Song,0.08,1.36,-26.12,f,,Jillian Slater,25,,"No TOBD, too much overlap during the entire recording."
PC,10,WLNP-8-1,866,,-113.843517,49.069522,,,6969,2018-07-03 05:24:00,9972,Transcribed,180s,1SPM,SWTH,Swainson's Thrush,CATHARUS USTULATUS,2,43026,1,Song,60.06,0.65,-33.17,f,,Jillian Slater,25,,"No TOBD, too much overlap during the entire recording."
PC,10,WLNP-8-1,866,,-113.843517,49.069522,,,6969,2018-07-03 05:24:00,9972,Transcribed,180s,1SPM,SWTH,Swainson's Thrush,CATHARUS USTULATUS,2,43013,1,Song,2.61,2.30,-24.7,f,,Jillian Slater,25,,"No TOBD, too much overlap during the entire recording."
PC,10,WLNP-8-1,866,,-113.843517,49.069522,,,6969,2018-07-03 05:24:00,9972,Transcribed,180s,1SPM,SWTH,Swainson's Thrush,CATHARUS USTULATUS,2,43081,1,Song,120.03,1.41,-24.28,f,,Jillian Slater,25,,"No TOBD, too much overlap during the entire recording."
PC,10,WLNP-8-1,866,,-113.843517,49.069522,,,6969,2018-07-03 05:24:00,9972,Transcribed,180s,1SPM,UNWA,Unidentified Warbler,"",1,43079,1,Song,85.53,1.31,-42.43,f,,Jillian Slater,25,Sounds like a BTNW or BTYW? Both seem out of range and the bird is very faint. confidence:Unknown far,"No TOBD, too much overlap during the entire recording."
PC,10,WLNP-8-1,866,,-113.843517,49.069522,,,6969,2018-07-03 05:24:00,9972,Transcribed,180s,1SPM,UNWA,Unidentified Warbler,"",1,43043,1,Song,13.18,1.71,-28.22,f,,Jillian Slater,25,Sounds like a BTNW or BTYW? Both seem out of range and the bird is very faint. confidence:Unknown far,"No TOBD, too much overlap during the entire recording."
PC,10,WLNP-8-1,866,,-113.843517,49.069522,,,6969,2018-07-03 05:24:00,9972,Transcribed,180s,1SPM,UNKN,Unidentified signal,"",1,43102,1,Call,132.88,0.88,-30.95,f,,Jillian Slater,25,"Cow or loon, leaning loon but not sure","No TOBD, too much overlap during the entire recording."
PC,10,WLNP-8-1,866,,-113.843517,49.069522,,,6969,2018-07-03 05:24:00,9972,Transcribed,180s,1SPM,HOWR,House Wren,TROGLODYTES AEDON,1,43085,TMTT,Song,63.24,9.98,-22.15,f,,Jillian Slater,25,AE: 3,"No TOBD, too much overlap during the entire recording."
PC,10,WLNP-8-1,866,,-113.843517,49.069522,,,6969,2018-07-03 05:24:00,9972,Transcribed,180s,1SPM,WETA,Western Tanager,PIRANGA LUDOVICIANA,1,43089,1,Song,120.04,8.30,-23.09,f,,Jillian Slater,25,,"No TOBD, too much overlap during the entire recording."
PC,10,WLNP-8-1,866,,-113.843517,49.069522,,,6969,2018-07-03 05:24:00,9972,Transcribed,180s,1SPM,HOWR,House Wren,TROGLODYTES AEDON,1,43037,TMTT,Song,0.61,11.29,-23.26,f,,Jillian Slater,25,AE: 3,"No TOBD, too much overlap during the entire recording."
PC,10,WLNP-8-1,866,,-113.843517,49.069522,,,6969,2018-07-03 05:24:00,9972,Transcribed,180s,1SPM,HOWR,House Wren,TROGLODYTES AEDON,1,43083,TMTT,Song,124.10,7.11,-23.18,f,,Jillian Slater,25,AE: 3,"No TOBD, too much overlap during the entire recording."
PC,10,WLNP-8-1,866,,-113.843517,49.069522,,,6969,2018-07-03 05:24:00,9972,Transcribed,180s,1SPM,AMRO,American Robin,TURDUS MIGRATORIUS,1,43084,1,Song,50.80,1.80,-56.48,f,,Jillian Slater,25,,"No TOBD, too much overlap during the entire recording."
PC,10,WLNP-8-1,866,,-113.843517,49.069522,,,6969,2018-07-03 05:24:00,9972,Transcribed,180s,1SPM,YRWA,Yellow-rumped Warbler,SETOPHAGA CORONATA,1,43116,1,Song,63.81,2.38,-27.21,f,,Jillian Slater,25,,"No TOBD, too much overlap during the entire recording."
PC,10,WLNP-8-1,866,,-113.843517,49.069522,,,6969,2018-07-03 05:24:00,9972,Transcribed,180s,1SPM,WETA,Western Tanager,PIRANGA LUDOVICIANA,1,43025,1,Song,62.54,7.79,-22.25,f,,Jillian Slater,25,,"No TOBD, too much overlap during the entire recording."
PC,10,WLNP-8-1,866,,-113.843517,49.069522,,,6969,2018-07-03 05:24:00,9972,Transcribed,180s,1SPM,YRWA,Yellow-rumped Warbler,SETOPHAGA CORONATA,1,43082,1,Song,126.43,2.44,-26.82,f,,Jillian Slater,25,,"No TOBD, too much overlap during the entire recording."
PC,10,WLNP-8-1,866,,-113.843517,49.069522,,,6969,2018-07-03 05:24:00,9972,Transcribed,180s,1SPM,YRWA,Yellow-rumped Warbler,SETOPHAGA CORONATA,1,43030,1,Song,4.01,2.06,-24.16,f,,Jillian Slater,25,,"No TOBD, too much overlap during the entire recording."
PC,10,WLNP-8-1,866,,-113.843517,49.069522,,,6969,2018-07-03 05:24:00,9972,Transcribed,180s,1SPM,WETA,Western Tanager,PIRANGA LUDOVICIANA,1,43012,1,Song,0.03,6.31,-23.49,f,,Jillian Slater,25,,"No TOBD, too much overlap during the entire recording."
PC,10,WLNP-8-1,866,,-113.843517,49.069522,,,7064,2018-07-07 05:27:00,9931,Transcribed,180s,1SPM,PUFI,Purple Finch,HAEMORHOUS PURPUREUS,1,117585,1,Song,52.13,2.23,-37.14,f,,Christopher Wagner,39,,
PC,10,WLNP-8-1,866,,-113.843517,49.069522,,,7064,2018-07-07 05:27:00,9931,Transcribed,180s,1SPM,FOSP,Fox Sparrow,PASSERELLA ILIACA,1,41579,1,Song,34.31,2.74,-34.31,f,,Christopher Wagner,39,"",
PC,10,WLNP-8-1,866,,-113.843517,49.069522,,,7064,2018-07-07 05:27:00,9931,Transcribed,180s,1SPM,FOSP,Fox Sparrow,PASSERELLA ILIACA,1,41597,1,Song,170.93,2.31,-33.61,f,,Christopher Wagner,39,"",
PC,10,WLNP-8-1,866,,-113.843517,49.069522,,,7064,2018-07-07 05:27:00,9931,Transcribed,180s,1SPM,SWTH,Swainson's Thrush,CATHARUS USTULATUS,3,41621,1,Song,123.31,1.85,-43.21,f,,Christopher Wagner,39,,
PC,10,WLNP-8-1,866,,-113.843517,49.069522,,,7064,2018-07-07 05:27:00,9931,Transcribed,180s,1SPM,SWTH,Swainson's Thrush,CATHARUS USTULATUS,3,41606,1,Song,60.50,1.95,-45.97,f,,Christopher Wagner,39,,
PC,10,WLNP-8-1,866,,-113.843517,49.069522,,,7064,2018-07-07 05:27:00,9931,Transcribed,180s,1SPM,SWTH,Swainson's Thrush,CATHARUS USTULATUS,3,41602,1,Song,9.96,2.24,-49.94,f,,Christopher Wagner,39,,
PC,10,WLNP-8-1,866,,-113.843517,49.069522,,,7064,2018-07-07 05:27:00,9931,Transcribed,180s,1SPM,SWTH,Swainson's Thrush,CATHARUS USTULATUS,2,41600,1,S-C,4.69,1.88,-42.12,f,,Christopher Wagner,39,,
PC,10,WLNP-8-1,866,,-113.843517,49.069522,,,7064,2018-07-07 05:27:00,9931,Transcribed,180s,1SPM,SWTH,Swainson's Thrush,CATHARUS USTULATUS,2,41622,1,Song,126.24,2.00,-47.32,f,,Christopher Wagner,39,,
PC,10,WLNP-8-1,866,,-113.843517,49.069522,,,7064,2018-07-07 05:27:00,9931,Transcribed,180s,1SPM,SWTH,Swainson's Thrush,CATHARUS USTULATUS,2,41615,1,Song,72.04,2.04,-46.58,f,,Christopher Wagner,39,,
PC,10,WLNP-8-1,866,,-113.843517,49.069522,,,7064,2018-07-07 05:27:00,9931,Transcribed,180s,1SPM,SWTH,Swainson's Thrush,CATHARUS USTULATUS,1,41618,1,Song,121.96,2.55,-37.52,f,,Christopher Wagner,39,,
PC,10,WLNP-8-1,866,,-113.843517,49.069522,,,7064,2018-07-07 05:27:00,9931,Transcribed,180s,1SPM,SWTH,Swainson's Thrush,CATHARUS USTULATUS,1,41607,1,Song,63.74,2.41,-36.64,f,,Christopher Wagner,39,,
PC,10,WLNP-8-1,866,,-113.843517,49.069522,,,7064,2018-07-07 05:27:00,9931,Transcribed,180s,1SPM,SWTH,Swainson's Thrush,CATHARUS USTULATUS,1,41598,1,Song,0.43,2.03,-35.64,f,,Christopher Wagner,39,,
PC,10,WLNP-8-1,866,,-113.843517,49.069522,,,7064,2018-07-07 05:27:00,9931,Transcribed,180s,1SPM,HOWR,House Wren,TROGLODYTES AEDON,4,117564,1,Song,12.74,1.96,-36.1,f,,Christopher Wagner,39,,
PC,10,WLNP-8-1,866,,-113.843517,49.069522,,,7064,2018-07-07 05:27:00,9931,Transcribed,180s,1SPM,HOWR,House Wren,TROGLODYTES AEDON,4,117576,1,Song,128.16,1.90,-36.45,f,,Christopher Wagner,39,,
PC,10,WLNP-8-1,866,,-113.843517,49.069522,,,7064,2018-07-07 05:27:00,9931,Transcribed,180s,1SPM,HOWR,House Wren,TROGLODYTES AEDON,4,117570,1,Song,61.34,1.88,-46.54,f,,Christopher Wagner,39,,
PC,10,WLNP-8-1,866,,-113.843517,49.069522,,,7064,2018-07-07 05:27:00,9931,Transcribed,180s,1SPM,HOWR,House Wren,TROGLODYTES AEDON,3,41669,1,Song,120.94,2.63,-37.55,f,,Christopher Wagner,39,,
PC,10,WLNP-8-1,866,,-113.843517,49.069522,,,7064,2018-07-07 05:27:00,9931,Transcribed,180s,1SPM,HOWR,House Wren,TROGLODYTES AEDON,3,41650,1,Song,5.79,2.35,-36.67,f,,Christopher Wagner,39,,
PC,10,WLNP-8-1,866,,-113.843517,49.069522,,,7064,2018-07-07 05:27:00,9931,Transcribed,180s,1SPM,HOWR,House Wren,TROGLODYTES AEDON,3,41660,1,Song,66.26,2.26,-45.27,f,,Christopher Wagner,39,,
PC,10,WLNP-8-1,866,,-113.843517,49.069522,,,7064,2018-07-07 05:27:00,9931,Transcribed,180s,1SPM,HOWR,House Wren,TROGLODYTES AEDON,2,117575,1,Song,122.31,2.14,-37.01,f,,Christopher Wagner,39,,
PC,10,WLNP-8-1,866,,-113.843517,49.069522,,,7064,2018-07-07 05:27:00,9931,Transcribed,180s,1SPM,HOWR,House Wren,TROGLODYTES AEDON,2,117571,1,Song,66.26,2.00,-45.33,f,,Christopher Wagner,39,,
PC,10,WLNP-8-1,866,,-113.843517,49.069522,,,7064,2018-07-07 05:27:00,9931,Transcribed,180s,1SPM,HOWR,House Wren,TROGLODYTES AEDON,2,117563,1,Song,4.81,2.11,-36.73,f,,Christopher Wagner,39,,
PC,10,WLNP-8-1,866,,-113.843517,49.069522,,,7064,2018-07-07 05:27:00,9931,Transcribed,180s,1SPM,HOWR,House Wren,TROGLODYTES AEDON,1,41661,1,Song,125.66,2.61,-47.23,f,,Christopher Wagner,39,,
PC,10,WLNP-8-1,866,,-113.843517,49.069522,,,7064,2018-07-07 05:27:00,9931,Transcribed,180s,1SPM,HOWR,House Wren,TROGLODYTES AEDON,1,41658,1,Song,61.94,2.23,-38.83,f,,Christopher Wagner,39,,
PC,10,WLNP-8-1,866,,-113.843517,49.069522,,,7064,2018-07-07 05:27:00,9931,Transcribed,180s,1SPM,HOWR,House Wren,TROGLODYTES AEDON,1,41645,1,Song,0.03,1.69,-35.76,f,,Christopher Wagner,39,,
PC,10,WLNP-8-1,866,,-113.843517,49.069522,,,7064,2018-07-07 05:27:00,9931,Transcribed,180s,1SPM,RBNU,Red-breasted Nuthatch,SITTA CANADENSIS,1,41595,1,Song,150.73,1.39,-30.47,f,,Christopher Wagner,39,,
PC,10,WLNP-8-1,866,,-113.843517,49.069522,,,7064,2018-07-07 05:27:00,9931,Transcribed,180s,1SPM,PUFI,Purple Finch,HAEMORHOUS PURPUREUS,1,117582,1,Song,144.78,3.11,-47.15,f,,Christopher Wagner,39,,
PC,10,WLNP-8-1,866,,-113.843517,49.069522,,,7064,2018-07-07 05:27:00,9931,Transcribed,180s,1SPM,PUFI,Purple Finch,HAEMORHOUS PURPUREUS,1,117573,1,Song,107.63,3.33,-34.68,f,,Christopher Wagner,39,,
PC,10,WLNP-8-1,866,,-113.843517,49.069522,,,7064,2018-07-07 05:27:00,9931,Transcribed,180s,1SPM,MGWA,MacGillivray's Warbler,GEOTHLYPIS TOLMIEI,1,41632,1,Song,2.84,1.74,-48.5,f,,Christopher Wagner,39,"",
PC,10,WLNP-8-1,866,,-113.843517,49.069522,,,7064,2018-07-07 05:27:00,9931,Transcribed,180s,1SPM,MGWA,MacGillivray's Warbler,GEOTHLYPIS TOLMIEI,1,41635,1,Song,123.10,1.94,-42.44,f,,Christopher Wagner,39,"",
PC,10,WLNP-8-1,866,,-113.843517,49.069522,,,7064,2018-07-07 05:27:00,9931,Transcribed,180s,1SPM,MGWA,MacGillivray's Warbler,GEOTHLYPIS TOLMIEI,1,41634,1,Song,63.23,1.46,-36.54,f,,Christopher Wagner,39,"",
PC,10,WLNP-8-1,866,,-113.843517,49.069522,,,7064,2018-07-07 05:27:00,9931,Transcribed,180s,1SPM,WETA,Western Tanager,PIRANGA LUDOVICIANA,1,41628,1,Song,64.80,3.44,-43.81,f,,Christopher Wagner,39,,
PC,10,WLNP-8-1,866,,-113.843517,49.069522,,,7064,2018-07-07 05:27:00,9931,Transcribed,180s,1SPM,WETA,Western Tanager,PIRANGA LUDOVICIANA,1,41627,1,Song,120.15,3.59,-37.33,f,,Christopher Wagner,39,,
PC,10,WLNP-8-1,866,,-113.843517,49.069522,,,7064,2018-07-07 05:27:00,9931,Transcribed,180s,1SPM,WETA,Western Tanager,PIRANGA LUDOVICIANA,1,41625,1,Song,3.71,3.13,-36.82,f,,Christopher Wagner,39,,
PC,10,WLNP-8-1,866,,-113.843517,49.069522,,,7064,2018-07-07 05:27:00,9931,Transcribed,180s,1SPM,MOWI,Moderate wind,"",1,41590,1,Song,131.28,5.75,-30.51,f,,Christopher Wagner,39,Gust of wind,
PC,10,WLNP-8-1,866,,-113.843517,49.069522,,,7064,2018-07-07 05:27:00,9931,Transcribed,180s,1SPM,LIBA,Light Background Noise,"",1,41656,1,Song,30.78,1.25,-38.32,f,,Christopher Wagner,39,Insect flying past microphone,
PC,10,WLNP-8-1,866,,-113.843517,49.069522,,,7064,2018-07-07 05:27:00,9931,Transcribed,180s,1SPM,LIBA,Light Background Noise,"",1,41586,1,Song,80.20,0.98,-34.04,f,,Christopher Wagner,39,Insect flying past microphone,
PC,10,WLNP-8-2,867,,-113.844181,49.064099,,,6985,2018-06-28 04:51:00,9988,Transcribed,180s,1SPM,SWTH,Swainson's Thrush,CATHARUS USTULATUS,1,48846,TMTT,Song,60.05,4.35,-41.1,f,,Laurel McDonald,42,AE: 3-5,
PC,10,WLNP-8-2,867,,-113.844181,49.064099,,,6985,2018-06-28 04:51:00,9988,Transcribed,180s,1SPM,WETA,Western Tanager,PIRANGA LUDOVICIANA,1,48829,1,Song,60.40,3.96,-41.67,f,,Laurel McDonald,42,,
PC,10,WLNP-8-2,867,,-113.844181,49.064099,,,6985,2018-06-28 04:51:00,9988,Transcribed,180s,1SPM,WETA,Western Tanager,PIRANGA LUDOVICIANA,1,48835,1,Song,137.25,5.58,-36.14,f,,Laurel McDonald,42,,
PC,10,WLNP-8-2,867,,-113.844181,49.064099,,,6985,2018-06-28 04:51:00,9988,Transcribed,180s,1SPM,UNPA,Unidentified Passerine,"",1,48836,1,Song,159.85,0.55,-56.79,f,,Laurel McDonald,42,suspect osfl confidence:Unknown far,
PC,10,WLNP-8-2,867,,-113.844181,49.064099,,,6985,2018-06-28 04:51:00,9988,Transcribed,180s,1SPM,RBNU,Red-breasted Nuthatch,SITTA CANADENSIS,1,48831,1,Call,64.64,0.61,-48.06,f,,Laurel McDonald,42,,
PC,10,WLNP-8-2,867,,-113.844181,49.064099,,,6985,2018-06-28 04:51:00,9988,Transcribed,180s,1SPM,RBNU,Red-breasted Nuthatch,SITTA CANADENSIS,1,48833,1,Call,121.75,0.75,-53.24,f,,Laurel McDonald,42,,
PC,10,WLNP-8-2,867,,-113.844181,49.064099,,,6985,2018-06-28 04:51:00,9988,Transcribed,180s,1SPM,RBNU,Red-breasted Nuthatch,SITTA CANADENSIS,1,48826,1,Call,4.99,2.58,-42.27,f,,Laurel McDonald,42,,
PC,10,WLNP-8-2,867,,-113.844181,49.064099,,,6985,2018-06-28 04:51:00,9988,Transcribed,180s,1SPM,PAWR,Pacific Wren,TROGLODYTES PACIFICUS,1,48824,1,Song,0.04,5.81,-51.2,f,,Laurel McDonald,42,,
PC,10,WLNP-8-2,867,,-113.844181,49.064099,,,6985,2018-06-28 04:51:00,9988,Transcribed,180s,1SPM,YEWA,Yellow Warbler,SETOPHAGA PETECHIA,1,48827,1,Song,14.78,1.31,-52.83,f,,Laurel McDonald,42,,
PC,10,WLNP-8-2,867,,-113.844181,49.064099,,,6985,2018-06-28 04:51:00,9988,Transcribed,180s,1SPM,YEWA,Yellow Warbler,SETOPHAGA PETECHIA,1,48832,1,Song,72.34,1.64,-51.32,f,,Laurel McDonald,42,,
PC,10,WLNP-8-2,867,,-113.844181,49.064099,,,6985,2018-06-28 04:51:00,9988,Transcribed,180s,1SPM,SWTH,Swainson's Thrush,CATHARUS USTULATUS,1,48844,TMTT,Song,2.40,12.31,-41.53,f,,Laurel McDonald,42,AE: 3-5,
PC,10,WLNP-8-2,867,,-113.844181,49.064099,,,6985,2018-06-28 04:51:00,9988,Transcribed,180s,1SPM,MOBA,Moderate Background Noise,"",1,48837,1,Song,0.01,4.03,-22.49,f,,Laurel McDonald,42,Running water,
PC,10,WLNP-8-2,867,,-113.844181,49.064099,,,6985,2018-06-28 04:51:00,9988,Transcribed,180s,1SPM,MOBA,Moderate Background Noise,"",1,48842,1,Song,120.46,3.55,-30.41,f,,Laurel McDonald,42,Running water,
PC,10,WLNP-8-2,867,,-113.844181,49.064099,,,6985,2018-06-28 04:51:00,9988,Transcribed,180s,1SPM,MOBA,Moderate Background Noise,"",1,48840,1,Song,60.03,3.99,-23.09,f,,Laurel McDonald,42,Running water,
PC,10,WLNP-8-2,867,,-113.844181,49.064099,,,6985,2018-06-28 04:51:00,9988,Transcribed,180s,1SPM,YEWA,Yellow Warbler,SETOPHAGA PETECHIA,1,48834,1,Song,121.25,1.69,-43.54,f,,Laurel McDonald,42,,
PC,10,WLNP-8-2,867,,-113.844181,49.064099,,,6985,2018-06-28 04:51:00,9988,Transcribed,180s,1SPM,PAWR,Pacific Wren,TROGLODYTES PACIFICUS,1,48828,1,Song,60.63,7.70,-49.34,f,,Laurel McDonald,42,,
PC,10,WLNP-8-2,867,,-113.844181,49.064099,,,6985,2018-06-28 04:51:00,9988,Transcribed,180s,1SPM,SWTH,Swainson's Thrush,CATHARUS USTULATUS,1,48847,TMTT,Song,120.06,4.68,-37.75,f,,Laurel McDonald,42,AE: 3-5,
PC,10,WLNP-8-2,867,,-113.844181,49.064099,,,6985,2018-06-28 04:51:00,9988,Transcribed,180s,1SPM,WETA,Western Tanager,PIRANGA LUDOVICIANA,1,48825,1,Song,0.13,6.36,-42.18,f,,Laurel McDonald,42,,
PC,10,WLNP-8-2,867,,-113.844181,49.064099,,,7065,2018-07-01 04:53:00,9932,Transcribed,180s,1SPM,MOWI,Moderate wind,"",1,41270,1,Song,60.05,2.09,-31.93,f,,Christopher Wagner,39,,
PC,10,WLNP-8-2,867,,-113.844181,49.064099,,,7065,2018-07-01 04:53:00,9932,Transcribed,180s,1SPM,WETA,Western Tanager,PIRANGA LUDOVICIANA,1,41261,1,S-C,7.91,0.43,-49.5,f,,Christopher Wagner,39,,
PC,10,WLNP-8-2,867,,-113.844181,49.064099,,,7065,2018-07-01 04:53:00,9932,Transcribed,180s,1SPM,WETA,Western Tanager,PIRANGA LUDOVICIANA,1,41266,1,S-C,62.68,0.43,-48.33,f,,Christopher Wagner,39,,
PC,10,WLNP-8-2,867,,-113.844181,49.064099,,,7065,2018-07-01 04:53:00,9932,Transcribed,180s,1SPM,WETA,Western Tanager,PIRANGA LUDOVICIANA,1,41271,1,S-C,121.06,0.50,-49.48,f,,Christopher Wagner,39,,
PC,10,WLNP-8-2,867,,-113.844181,49.064099,,,7065,2018-07-01 04:53:00,9932,Transcribed,180s,1SPM,MOWI,Moderate wind,"",1,41268,1,Song,0.00,1.86,-31.54,f,,Christopher Wagner,39,,
PC,10,WLNP-8-2,867,,-113.844181,49.064099,,,7065,2018-07-01 04:53:00,9932,Transcribed,180s,1SPM,SWTH,Swainson's Thrush,CATHARUS USTULATUS,2,41273,1,Song,122.23,1.66,-45.93,f,,Christopher Wagner,39,,
PC,10,WLNP-8-2,867,,-113.844181,49.064099,,,7065,2018-07-01 04:53:00,9932,Transcribed,180s,1SPM,SWTH,Swainson's Thrush,CATHARUS USTULATUS,2,41262,1,Song,8.38,1.94,-47.33,f,,Christopher Wagner,39,,
PC,10,WLNP-8-2,867,,-113.844181,49.064099,,,7065,2018-07-01 04:53:00,9932,Transcribed,180s,1SPM,SWTH,Swainson's Thrush,CATHARUS USTULATUS,3,41275,1,Song,126.25,1.51,-50.19,f,,Christopher Wagner,39,,
PC,10,WLNP-8-2,867,,-113.844181,49.064099,,,7065,2018-07-01 04:53:00,9932,Transcribed,180s,1SPM,SWTH,Swainson's Thrush,CATHARUS USTULATUS,3,41263,1,Song,16.79,1.78,-50.55,f,,Christopher Wagner,39,,
PC,10,WLNP-8-2,867,,-113.844181,49.064099,,,7065,2018-07-01 04:53:00,9932,Transcribed,180s,1SPM,SWTH,Swainson's Thrush,CATHARUS USTULATUS,3,41267,1,Song,66.89,1.38,-46.01,f,,Christopher Wagner,39,,
PC,10,WLNP-8-2,867,,-113.844181,49.064099,,,7065,2018-07-01 04:53:00,9932,Transcribed,180s,1SPM,DEJU,Dark-eyed Junco,JUNCO HYEMALIS,1,41276,1,Song,131.35,1.58,-57.86,f,,Christopher Wagner,39,,
PC,10,WLNP-8-2,867,,-113.844181,49.064099,,,7065,2018-07-01 04:53:00,9932,Transcribed,180s,1SPM,DEJU,Dark-eyed Junco,JUNCO HYEMALIS,1,41259,1,Song,0.00,0.73,-58.44,f,,Christopher Wagner,39,,
PC,10,WLNP-8-2,867,,-113.844181,49.064099,,,7065,2018-07-01 04:53:00,9932,Transcribed,180s,1SPM,DEJU,Dark-eyed Junco,JUNCO HYEMALIS,1,41269,1,Song,63.00,1.75,-60.64,f,,Christopher Wagner,39,,
PC,10,WLNP-8-2,867,,-113.844181,49.064099,,,7065,2018-07-01 04:53:00,9932,Transcribed,180s,1SPM,SWTH,Swainson's Thrush,CATHARUS USTULATUS,1,41260,1,Song,3.01,2.24,-43.86,f,,Christopher Wagner,39,,
PC,10,WLNP-8-2,867,,-113.844181,49.064099,,,7065,2018-07-01 04:53:00,9932,Transcribed,180s,1SPM,SWTH,Swainson's Thrush,CATHARUS USTULATUS,1,41272,1,Song,120.03,1.80,-48.93,f,,Christopher Wagner,39,,
PC,10,WLNP-8-2,867,,-113.844181,49.064099,,,7065,2018-07-01 04:53:00,9932,Transcribed,180s,1SPM,SWTH,Swainson's Thrush,CATHARUS USTULATUS,1,41265,1,Song,65.41,1.94,-45.94,f,,Christopher Wagner,39,,
PC,10,WLNP-8-2,867,,-113.844181,49.064099,,,7065,2018-07-01 04:53:00,9932,Transcribed,180s,1SPM,SWTH,Swainson's Thrush,CATHARUS USTULATUS,2,41264,1,Song,64.14,1.81,-45.14,f,,Christopher Wagner,39,,
PC,10,WLNP-8-2,867,,-113.844181,49.064099,,,7065,2018-07-01 04:53:00,9932,Transcribed,180s,1SPM,MOWI,Moderate wind,"",1,41274,1,Song,120.04,2.25,-28.03,f,,Christopher Wagner,39,,
PC,10,WLNP-8-2,867,,-113.844181,49.064099,,,7039,2018-07-04 04:55:00,9906,Transcribed,180s,1SPM,YRWA,Yellow-rumped Warbler,SETOPHAGA CORONATA,2,42186,1,Song,66.45,1.63,-47.05,f,,Brandon Law,22,,
PC,10,WLNP-8-2,867,,-113.844181,49.064099,,,7039,2018-07-04 04:55:00,9906,Transcribed,180s,1SPM,SWTH,Swainson's Thrush,CATHARUS USTULATUS,1,42192,TMTT,Song,122.00,9.04,-38.83,f,,Brandon Law,22,AE:3-4,
PC,10,WLNP-8-2,867,,-113.844181,49.064099,,,7039,2018-07-04 04:55:00,9906,Transcribed,180s,1SPM,SWTH,Swainson's Thrush,CATHARUS USTULATUS,1,42181,TMTT,Song,61.39,4.66,-39.14,f,,Brandon Law,22,AE:3-4,
PC,10,WLNP-8-2,867,,-113.844181,49.064099,,,7039,2018-07-04 04:55:00,9906,Transcribed,180s,1SPM,PAWR,Pacific Wren,TROGLODYTES PACIFICUS,1,42180,1,Song,60.08,6.20,-39.17,f,,Brandon Law,22,,
PC,10,WLNP-8-2,867,,-113.844181,49.064099,,,7039,2018-07-04 04:55:00,9906,Transcribed,180s,1SPM,PAWR,Pacific Wren,TROGLODYTES PACIFICUS,1,42178,1,Song,57.31,2.68,-44.62,f,,Brandon Law,22,,
PC,10,WLNP-8-2,867,,-113.844181,49.064099,,,7039,2018-07-04 04:55:00,9906,Transcribed,180s,1SPM,PAWR,Pacific Wren,TROGLODYTES PACIFICUS,1,42193,1,Song,127.78,9.20,-39.35,f,,Brandon Law,22,,
PC,10,WLNP-8-2,867,,-113.844181,49.064099,,,7039,2018-07-04 04:55:00,9906,Transcribed,180s,1SPM,YRWA,Yellow-rumped Warbler,SETOPHAGA CORONATA,2,42190,1,Song,125.63,1.85,-42.72,f,,Brandon Law,22,,
PC,10,WLNP-8-2,867,,-113.844181,49.064099,,,7039,2018-07-04 04:55:00,9906,Transcribed,180s,1SPM,YRWA,Yellow-rumped Warbler,SETOPHAGA CORONATA,1,42177,1,Song,1.05,1.88,-42,f,,Brandon Law,22,,
PC,10,WLNP-8-2,867,,-113.844181,49.064099,,,7039,2018-07-04 04:55:00,9906,Transcribed,180s,1SPM,YRWA,Yellow-rumped Warbler,SETOPHAGA CORONATA,1,42187,1,Song,120.05,0.59,-52.27,f,,Brandon Law,22,,
PC,10,WLNP-8-2,867,,-113.844181,49.064099,,,7039,2018-07-04 04:55:00,9906,Transcribed,180s,1SPM,YRWA,Yellow-rumped Warbler,SETOPHAGA CORONATA,1,42183,1,Song,69.29,1.50,-38.16,f,,Brandon Law,22,,
PC,10,WLNP-8-2,867,,-113.844181,49.064099,,,7039,2018-07-04 04:55:00,9906,Transcribed,180s,1SPM,OSFL,Olive-sided Flycatcher,CONTOPUS COOPERI,1,42176,1,Song,4.08,1.05,-40.62,f,,Brandon Law,22,,
PC,10,WLNP-8-2,867,,-113.844181,49.064099,,,7039,2018-07-04 04:55:00,9906,Transcribed,180s,1SPM,OSFL,Olive-sided Flycatcher,CONTOPUS COOPERI,1,42191,1,Song,125.24,1.23,-44.08,f,,Brandon Law,22,,
PC,10,WLNP-8-2,867,,-113.844181,49.064099,,,7039,2018-07-04 04:55:00,9906,Transcribed,180s,1SPM,OSFL,Olive-sided Flycatcher,CONTOPUS COOPERI,1,42185,1,Song,68.99,1.08,-37.95,f,,Brandon Law,22,,
PC,10,WLNP-8-2,867,,-113.844181,49.064099,,,7039,2018-07-04 04:55:00,9906,Transcribed,180s,1SPM,WETA,Western Tanager,PIRANGA LUDOVICIANA,1,42182,1,Song,63.33,3.74,-39.67,f,,Brandon Law,22,,
PC,10,WLNP-8-2,867,,-113.844181,49.064099,,,7039,2018-07-04 04:55:00,9906,Transcribed,180s,1SPM,WETA,Western Tanager,PIRANGA LUDOVICIANA,1,42175,1,Song,3.39,2.79,-38.93,f,,Brandon Law,22,,
PC,10,WLNP-8-2,867,,-113.844181,49.064099,,,7039,2018-07-04 04:55:00,9906,Transcribed,180s,1SPM,WETA,Western Tanager,PIRANGA LUDOVICIANA,1,42188,1,Song,120.35,2.26,-39.37,f,,Brandon Law,22,,
PC,10,WLNP-8-2,867,,-113.844181,49.064099,,,7039,2018-07-04 04:55:00,9906,Transcribed,180s,1SPM,MOBA,Moderate Background Noise,"",1,42189,1,Song,120.33,2.19,-37.13,f,,Brandon Law,22,,
PC,10,WLNP-8-2,867,,-113.844181,49.064099,,,7039,2018-07-04 04:55:00,9906,Transcribed,180s,1SPM,MOBA,Moderate Background Noise,"",1,42184,1,Song,60.21,2.86,-26.72,f,,Brandon Law,22,,
PC,10,WLNP-8-2,867,,-113.844181,49.064099,,,7039,2018-07-04 04:55:00,9906,Transcribed,180s,1SPM,MOBA,Moderate Background Noise,"",1,42173,1,Song,0.09,2.25,-36.47,f,,Brandon Law,22,,
PC,10,WLNP-8-2,867,,-113.844181,49.064099,,,7039,2018-07-04 04:55:00,9906,Transcribed,180s,1SPM,SWTH,Swainson's Thrush,CATHARUS USTULATUS,1,42172,TMTT,Song,0.08,8.61,-36.79,f,,Brandon Law,22,AE:3-4,
PC,10,WLNP-8-2,867,,-113.844181,49.064099,,,7054,2018-07-10 05:30:00,9921,Transcribed,180s,1SPM,WETA,Western Tanager,PIRANGA LUDOVICIANA,1,41158,1,Song,60.29,2.86,-46.09,f,,Christopher Moser-Purdy,37,,
PC,10,WLNP-8-2,867,,-113.844181,49.064099,,,7054,2018-07-10 05:30:00,9921,Transcribed,180s,1SPM,MOWI,Moderate wind,"",1,41183,1,Song,120.13,4.81,-31.93,f,,Christopher Moser-Purdy,37,,
PC,10,WLNP-8-2,867,,-113.844181,49.064099,,,7054,2018-07-10 05:30:00,9921,Transcribed,180s,1SPM,MOWI,Moderate wind,"",1,41182,1,Song,60.05,4.90,-35.75,f,,Christopher Moser-Purdy,37,,
PC,10,WLNP-8-2,867,,-113.844181,49.064099,,,7054,2018-07-10 05:30:00,9921,Transcribed,180s,1SPM,MOWI,Moderate wind,"",1,41181,1,Song,0.00,4.90,-31.23,f,,Christopher Moser-Purdy,37,,
PC,10,WLNP-8-2,867,,-113.844181,49.064099,,,7054,2018-07-10 05:30:00,9921,Transcribed,180s,1SPM,SWTH,Swainson's Thrush,CATHARUS USTULATUS,1,41150,1,S-C,1.06,0.55,-55.71,f,,Christopher Moser-Purdy,37,,
PC,10,WLNP-8-2,867,,-113.844181,49.064099,,,7054,2018-07-10 05:30:00,9921,Transcribed,180s,1SPM,PAWR,Pacific Wren,TROGLODYTES PACIFICUS,1,41166,1,Song,125.50,8.75,-38.47,f,,Christopher Moser-Purdy,37,,
PC,10,WLNP-8-2,867,,-113.844181,49.064099,,,7054,2018-07-10 05:30:00,9921,Transcribed,180s,1SPM,SWTH,Swainson's Thrush,CATHARUS USTULATUS,1,41178,1,Song,66.03,1.73,-52.8,f,,Christopher Moser-Purdy,37,,
PC,10,WLNP-8-2,867,,-113.844181,49.064099,,,7054,2018-07-10 05:30:00,9921,Transcribed,180s,1SPM,SWTH,Swainson's Thrush,CATHARUS USTULATUS,1,41171,1,Song,151.44,2.24,-47.49,f,,Christopher Moser-Purdy,37,,
PC,10,WLNP-8-2,867,,-113.844181,49.064099,,,7054,2018-07-10 05:30:00,9921,Transcribed,180s,1SPM,PAWR,Pacific Wren,TROGLODYTES PACIFICUS,1,41157,1,Song,60.05,3.51,-38.79,f,,Christopher Moser-Purdy,37,,
PC,10,WLNP-8-2,867,,-113.844181,49.064099,,,7054,2018-07-10 05:30:00,9921,Transcribed,180s,1SPM,PAWR,Pacific Wren,TROGLODYTES PACIFICUS,1,41148,1,Song,2.24,7.75,-37.53,f,,Christopher Moser-Purdy,37,,
PC,10,WLNP-8-2,867,,-113.844181,49.064099,,,7054,2018-07-10 05:30:00,9921,Transcribed,180s,1SPM,MOCH,Mountain Chickadee,POECILE GAMBELI,1,41172,1,Song,0.03,0.90,-61.85,f,,Christopher Moser-Purdy,37,,
PC,10,WLNP-8-2,867,,-113.844181,49.064099,,,7054,2018-07-10 05:30:00,9921,Transcribed,180s,1SPM,MOCH,Mountain Chickadee,POECILE GAMBELI,1,41165,1,Song,122.88,2.44,-59.47,f,,Christopher Moser-Purdy,37,,
PC,10,WLNP-8-2,867,,-113.844181,49.064099,,,7054,2018-07-10 05:30:00,9921,Transcribed,180s,1SPM,MOCH,Mountain Chickadee,POECILE GAMBELI,1,41159,1,Song,63.33,1.09,-61.97,f,,Christopher Moser-Purdy,37,,
PC,10,WLNP-8-2,867,,-113.844181,49.064099,,,7054,2018-07-10 05:30:00,9921,Transcribed,180s,1SPM,UNWA,Unidentified Warbler,"",2,41156,1,Song,10.45,1.43,-57.05,f,,Christopher Moser-Purdy,37,Sort of OVENy but short and terminal note confidence:Unknown far,
PC,10,WLNP-8-2,867,,-113.844181,49.064099,,,7054,2018-07-10 05:30:00,9921,Transcribed,180s,1SPM,UNWA,Unidentified Warbler,"",2,41168,1,Song,120.65,1.96,-55.66,f,,Christopher Moser-Purdy,37,Sort of OVENy but short and terminal note confidence:Unknown far,
PC,10,WLNP-8-2,867,,-113.844181,49.064099,,,7054,2018-07-10 05:30:00,9921,Transcribed,180s,1SPM,UNWA,Unidentified Warbler,"",2,41160,1,Song,63.76,1.90,-53.45,f,,Christopher Moser-Purdy,37,Sort of OVENy but short and terminal note confidence:Unknown far,
PC,10,WLNP-8-2,867,,-113.844181,49.064099,,,7054,2018-07-10 05:30:00,9921,Transcribed,180s,1SPM,UNWA,Unidentified Warbler,"",1,41176,1,Song,9.83,2.16,-56.72,f,,Christopher Moser-Purdy,37,YRWA or MGWA confidence:Unknown far,
PC,10,WLNP-8-2,867,,-113.844181,49.064099,,,7054,2018-07-10 05:30:00,9921,Transcribed,180s,1SPM,UNWA,Unidentified Warbler,"",1,41170,1,Song,133.53,1.43,-43,f,,Christopher Moser-Purdy,37,YRWA or MGWA confidence:Unknown far,
PC,10,WLNP-8-2,867,,-113.844181,49.064099,,,7054,2018-07-10 05:30:00,9921,Transcribed,180s,1SPM,UNWA,Unidentified Warbler,"",1,41162,1,Song,67.50,1.38,-56.84,f,,Christopher Moser-Purdy,37,YRWA or MGWA confidence:Unknown far,
PC,10,WLNP-8-2,867,,-113.844181,49.064099,,,7054,2018-07-10 05:30:00,9921,Transcribed,180s,1SPM,CHSP,Chipping Sparrow,SPIZELLA PASSERINA,1,41229,1,Song,25.93,2.79,-42.17,f,,Christopher Moser-Purdy,37,,
PC,10,WLNP-8-2,867,,-113.844181,49.064099,,,7054,2018-07-10 05:30:00,9921,Transcribed,180s,1SPM,CHSP,Chipping Sparrow,SPIZELLA PASSERINA,1,41161,1,Song,64.78,2.86,-59.07,f,,Christopher Moser-Purdy,37,,
PC,10,WLNP-8-2,867,,-113.844181,49.064099,,,7054,2018-07-10 05:30:00,9921,Transcribed,180s,1SPM,OSFL,Olive-sided Flycatcher,CONTOPUS COOPERI,1,41180,1,Song,164.71,1.54,-53.88,f,,Christopher Moser-Purdy,37,,
PC,10,WLNP-8-2,867,,-113.844181,49.064099,,,7054,2018-07-10 05:30:00,9921,Transcribed,180s,1SPM,OSFL,Olive-sided Flycatcher,CONTOPUS COOPERI,1,41175,1,Song,0.86,1.34,-55.66,f,,Christopher Moser-Purdy,37,,
PC,10,WLNP-8-2,867,,-113.844181,49.064099,,,7054,2018-07-10 05:30:00,9921,Transcribed,180s,1SPM,OSFL,Olive-sided Flycatcher,CONTOPUS COOPERI,1,41179,1,Song,68.40,0.99,-56.12,f,,Christopher Moser-Purdy,37,,
PC,10,WLNP-8-2,867,,-113.844181,49.064099,,,7054,2018-07-10 05:30:00,9921,Transcribed,180s,1SPM,GCKI,Golden-crowned Kinglet,REGULUS SATRAPA,1,41164,1,S-C,120.70,1.06,-62.37,f,,Christopher Moser-Purdy,37,,
PC,10,WLNP-8-2,867,,-113.844181,49.064099,,,7054,2018-07-10 05:30:00,9921,Transcribed,180s,1SPM,GCKI,Golden-crowned Kinglet,REGULUS SATRAPA,1,41163,1,S-C,78.41,4.19,-59.07,f,,Christopher Moser-Purdy,37,,
PC,10,WLNP-8-2,867,,-113.844181,49.064099,,,7054,2018-07-10 05:30:00,9921,Transcribed,180s,1SPM,WETA,Western Tanager,PIRANGA LUDOVICIANA,1,41174,1,Song,1.61,3.78,-46.02,f,,Christopher Moser-Purdy,37,,
PC,10,WLNP-8-2,867,,-113.844181,49.064099,,,7054,2018-07-10 05:30:00,9921,Transcribed,180s,1SPM,WETA,Western Tanager,PIRANGA LUDOVICIANA,1,41167,1,Song,120.13,1.39,-53.8,f,,Christopher Moser-Purdy,37,,
PC,10,WLNP-8-3,872,,-113.840199,49.060350,,,6961,2018-07-01 04:53:00,9964,Transcribed,180s,1SPM,HEWI,Heavy wind,"",1,43394,1,Song,120.04,0.59,-27.54,f,,Jake Lewis,27,,
PC,10,WLNP-8-3,872,,-113.840199,49.060350,,,6961,2018-07-01 04:53:00,9964,Transcribed,180s,1SPM,HEWI,Heavy wind,"",1,43393,1,Song,60.05,0.69,-22.91,f,,Jake Lewis,27,,
PC,10,WLNP-8-3,872,,-113.840199,49.060350,,,6961,2018-07-01 04:53:00,9964,Transcribed,180s,1SPM,SWTH,Swainson's Thrush,CATHARUS USTULATUS,1,43387,1,Song,3.35,1.41,-48.48,f,,Jake Lewis,27,,
PC,10,WLNP-8-3,872,,-113.840199,49.060350,,,6961,2018-07-01 04:53:00,9964,Transcribed,180s,1SPM,SWTH,Swainson's Thrush,CATHARUS USTULATUS,2,43388,1,Song,11.43,1.43,-49.11,f,,Jake Lewis,27,,
PC,10,WLNP-8-3,872,,-113.840199,49.060350,,,6961,2018-07-01 04:53:00,9964,Transcribed,180s,1SPM,SWTH,Swainson's Thrush,CATHARUS USTULATUS,1,43391,1,Song,120.50,1.14,-39.5,f,,Jake Lewis,27,,
PC,10,WLNP-8-3,872,,-113.840199,49.060350,,,6961,2018-07-01 04:53:00,9964,Transcribed,180s,1SPM,SWTH,Swainson's Thrush,CATHARUS USTULATUS,1,43390,1,Song,99.91,1.41,-41.35,f,,Jake Lewis,27,,
PC,10,WLNP-8-3,872,,-113.840199,49.060350,,,6961,2018-07-01 04:53:00,9964,Transcribed,180s,1SPM,SWTH,Swainson's Thrush,CATHARUS USTULATUS,2,43389,1,Song,60.04,0.66,-34.06,f,,Jake Lewis,27,,
PC,10,WLNP-8-3,872,,-113.840199,49.060350,,,6961,2018-07-01 04:53:00,9964,Transcribed,180s,1SPM,SWTH,Swainson's Thrush,CATHARUS USTULATUS,2,43392,1,Song,122.10,2.00,-26.71,f,,Jake Lewis,27,,
PC,10,WLNP-8-3,872,,-113.840199,49.060350,,,6961,2018-07-01 04:53:00,9964,Transcribed,180s,1SPM,HEWI,Heavy wind,"",1,43386,1,Song,0.01,0.50,-33.34,f,,Jake Lewis,27,,
PC,10,WLNP-8-3,872,,-113.840199,49.060350,,,7056,2018-07-02 05:23:00,9923,Transcribed,180s,1SPM,MGWA,MacGillivray's Warbler,GEOTHLYPIS TOLMIEI,1,40770,1,Song,7.99,1.88,-54.81,f,,Christopher Moser-Purdy,37,,
PC,10,WLNP-8-3,872,,-113.840199,49.060350,,,7056,2018-07-02 05:23:00,9923,Transcribed,180s,1SPM,GCKI,Golden-crowned Kinglet,REGULUS SATRAPA,1,40769,1,Song,5.73,3.49,-56.06,f,,Christopher Moser-Purdy,37,,
PC,10,WLNP-8-3,872,,-113.840199,49.060350,,,7056,2018-07-02 05:23:00,9923,Transcribed,180s,1SPM,WETA,Western Tanager,PIRANGA LUDOVICIANA,1,41349,1,Song,73.61,5.10,-44.29,f,,Christopher Moser-Purdy,37,"",
PC,10,WLNP-8-3,872,,-113.840199,49.060350,,,7056,2018-07-02 05:23:00,9923,Transcribed,180s,1SPM,WETA,Western Tanager,PIRANGA LUDOVICIANA,1,40806,1,Song,139.88,1.43,-43.16,f,,Christopher Moser-Purdy,37,"",
PC,10,WLNP-8-3,872,,-113.840199,49.060350,,,7056,2018-07-02 05:23:00,9923,Transcribed,180s,1SPM,WETA,Western Tanager,PIRANGA LUDOVICIANA,1,40773,1,Song,40.93,2.33,-57.49,f,,Christopher Moser-Purdy,37,"",
PC,10,WLNP-8-3,872,,-113.840199,49.060350,,,7056,2018-07-02 05:23:00,9923,Transcribed,180s,1SPM,LIWI,Light wind,"",1,40795,1,Song,60.08,4.59,-16.99,f,,Christopher Moser-Purdy,37,,
PC,10,WLNP-8-3,872,,-113.840199,49.060350,,,7056,2018-07-02 05:23:00,9923,Transcribed,180s,1SPM,LIWI,Light wind,"",1,40787,1,Song,158.55,4.15,-21.14,f,,Christopher Moser-Purdy,37,,
PC,10,WLNP-8-3,872,,-113.840199,49.060350,,,7056,2018-07-02 05:23:00,9923,Transcribed,180s,1SPM,LIWI,Light wind,"",1,40771,1,Song,38.16,3.60,-17.31,f,,Christopher Moser-Purdy,37,,
PC,10,WLNP-8-3,872,,-113.840199,49.060350,,,7056,2018-07-02 05:23:00,9923,Transcribed,180s,1SPM,MOBA,Moderate Background Noise,"",1,40778,1,Song,60.06,4.90,-16.99,f,,Christopher Moser-Purdy,37,,
PC,10,WLNP-8-3,872,,-113.840199,49.060350,,,7056,2018-07-02 05:23:00,9923,Transcribed,180s,1SPM,MOBA,Moderate Background Noise,"",1,41351,1,Song,120.05,4.85,-33.02,f,,Christopher Moser-Purdy,37,,
PC,10,WLNP-8-3,872,,-113.840199,49.060350,,,7056,2018-07-02 05:23:00,9923,Transcribed,180s,1SPM,MOBA,Moderate Background Noise,"",1,40763,1,Song,0.03,4.90,-30.75,f,,Christopher Moser-Purdy,37,,
PC,10,WLNP-8-3,872,,-113.840199,49.060350,,,7056,2018-07-02 05:23:00,9923,Transcribed,180s,1SPM,MGWA,MacGillivray's Warbler,GEOTHLYPIS TOLMIEI,1,40796,1,Song,72.36,2.45,-46.62,f,,Christopher Moser-Purdy,37,,
PC,10,WLNP-8-3,872,,-113.840199,49.060350,,,7056,2018-07-02 05:23:00,9923,Transcribed,180s,1SPM,MGWA,MacGillivray's Warbler,GEOTHLYPIS TOLMIEI,1,40804,1,Song,130.68,1.98,-41.25,f,,Christopher Moser-Purdy,37,,
PC,10,WLNP-8-3,872,,-113.840199,49.060350,,,7056,2018-07-02 05:23:00,9923,Transcribed,180s,1SPM,CHSP,Chipping Sparrow,SPIZELLA PASSERINA,1,40767,1,Song,0.06,0.93,-67.56,f,,Christopher Moser-Purdy,37,,
PC,10,WLNP-8-3,872,,-113.840199,49.060350,,,7056,2018-07-02 05:23:00,9923,Transcribed,180s,1SPM,CHSP,Chipping Sparrow,SPIZELLA PASSERINA,1,40782,1,Song,120.18,1.93,-60.64,f,,Christopher Moser-Purdy,37,,
PC,10,WLNP-8-3,872,,-113.840199,49.060350,,,7056,2018-07-02 05:23:00,9923,Transcribed,180s,1SPM,CHSP,Chipping Sparrow,SPIZELLA PASSERINA,1,40775,1,Song,61.96,2.05,-65.16,f,,Christopher Moser-Purdy,37,,
PC,10,WLNP-8-3,872,,-113.840199,49.060350,,,7056,2018-07-02 05:23:00,9923,Transcribed,180s,1SPM,MOCH,Mountain Chickadee,POECILE GAMBELI,1,40781,1,Song,120.01,0.89,-60.07,f,,Christopher Moser-Purdy,37,,
PC,10,WLNP-8-3,872,,-113.840199,49.060350,,,7056,2018-07-02 05:23:00,9923,Transcribed,180s,1SPM,MOCH,Mountain Chickadee,POECILE GAMBELI,1,40765,1,Song,2.01,1.76,-52.12,f,,Christopher Moser-Purdy,37,,
PC,10,WLNP-8-3,872,,-113.840199,49.060350,,,7056,2018-07-02 05:23:00,9923,Transcribed,180s,1SPM,MOCH,Mountain Chickadee,POECILE GAMBELI,1,40777,1,Song,63.86,1.45,-52.96,f,,Christopher Moser-Purdy,37,,
PC,10,WLNP-8-3,872,,-113.840199,49.060350,,,7056,2018-07-02 05:23:00,9923,Transcribed,180s,1SPM,CAVI,Cassin's Vireo,VIREO CASSINII,1,40802,1,Song,120.16,7.05,-44.2,f,,Christopher Moser-Purdy,37,,
PC,10,WLNP-8-3,872,,-113.840199,49.060350,,,7056,2018-07-02 05:23:00,9923,Transcribed,180s,1SPM,CAVI,Cassin's Vireo,VIREO CASSINII,1,114776,1,Song,102.03,13.39,-44.29,f,,Christopher Moser-Purdy,37,,
PC,10,WLNP-8-3,872,,-113.840199,49.060350,,,7056,2018-07-02 05:23:00,9923,Transcribed,180s,1SPM,SWTH,Swainson's Thrush,CATHARUS USTULATUS,1,41338,1,Song,0.01,2.13,-54.72,f,,Christopher Moser-Purdy,37,,
PC,10,WLNP-8-3,872,,-113.840199,49.060350,,,7056,2018-07-02 05:23:00,9923,Transcribed,180s,1SPM,SWTH,Swainson's Thrush,CATHARUS USTULATUS,1,41343,1,Song,62.98,1.80,-42.58,f,,Christopher Moser-Purdy,37,,
PC,10,WLNP-8-3,872,,-113.840199,49.060350,,,7056,2018-07-02 05:23:00,9923,Transcribed,180s,1SPM,SWTH,Swainson's Thrush,CATHARUS USTULATUS,1,41346,1,Song,123.59,1.76,-52.98,f,,Christopher Moser-Purdy,37,,
PC,10,WLNP-8-3,872,,-113.840199,49.060350,,,7056,2018-07-02 05:23:00,9923,Transcribed,180s,1SPM,SWTH,Swainson's Thrush,CATHARUS USTULATUS,2,41341,1,Song,60.15,2.01,-47.41,f,,Christopher Moser-Purdy,37,,
PC,10,WLNP-8-3,872,,-113.840199,49.060350,,,7056,2018-07-02 05:23:00,9923,Transcribed,180s,1SPM,SWTH,Swainson's Thrush,CATHARUS USTULATUS,2,41347,1,Song,122.38,2.34,-43.96,f,,Christopher Moser-Purdy,37,,
PC,10,WLNP-8-3,872,,-113.840199,49.060350,,,7056,2018-07-02 05:23:00,9923,Transcribed,180s,1SPM,SWTH,Swainson's Thrush,CATHARUS USTULATUS,2,41339,1,Song,2.13,2.23,-44.31,f,,Christopher Moser-Purdy,37,,
PC,10,WLNP-8-3,872,,-113.840199,49.060350,,,7056,2018-07-02 05:23:00,9923,Transcribed,180s,1SPM,SWTH,Swainson's Thrush,CATHARUS USTULATUS,3,41348,1,Song,141.71,1.84,-43.25,f,,Christopher Moser-Purdy,37,Hard to track which swth is which but seems like 3 singing,
PC,10,WLNP-8-3,872,,-113.840199,49.060350,,,7056,2018-07-02 05:23:00,9923,Transcribed,180s,1SPM,SWTH,Swainson's Thrush,CATHARUS USTULATUS,3,41340,1,Song,4.29,1.70,-52.24,f,,Christopher Moser-Purdy,37,Hard to track which swth is which but seems like 3 singing,
PC,10,WLNP-8-3,872,,-113.840199,49.060350,,,7056,2018-07-02 05:23:00,9923,Transcribed,180s,1SPM,SWTH,Swainson's Thrush,CATHARUS USTULATUS,3,41342,1,Song,68.71,1.81,-54.85,f,,Christopher Moser-Purdy,37,Hard to track which swth is which but seems like 3 singing,
PC,10,WLNP-8-3,872,,-113.840199,49.060350,,,7056,2018-07-02 05:23:00,9923,Transcribed,180s,1SPM,SWTH,Swainson's Thrush,CATHARUS USTULATUS,4,41345,1,Call,121.01,0.29,-49.01,f,,Christopher Moser-Purdy,37,,
PC,10,WLNP-8-3,872,,-113.840199,49.060350,,,7056,2018-07-02 05:23:00,9923,Transcribed,180s,1SPM,SWTH,Swainson's Thrush,CATHARUS USTULATUS,4,41344,1,Call,79.00,0.60,-48.78,f,,Christopher Moser-Purdy,37,,
PC,10,WLNP-8-3,872,,-113.840199,49.060350,,,7066,2018-07-05 04:56:00,9933,Transcribed,180s,1SPM,SWTH,Swainson's Thrush,CATHARUS USTULATUS,5,41257,1,Song,135.98,2.54,-32.84,f,,Christopher Wagner,39,,
PC,10,WLNP-8-3,872,,-113.840199,49.060350,,,7066,2018-07-05 04:56:00,9933,Transcribed,180s,1SPM,LIWI,Light wind,"",1,41676,1,Song,0.00,2.80,-31.09,f,,Christopher Wagner,39,,
PC,10,WLNP-8-3,872,,-113.840199,49.060350,,,7066,2018-07-05 04:56:00,9933,Transcribed,180s,1SPM,LIWI,Light wind,"",1,41678,1,Song,60.01,3.56,-29.97,f,,Christopher Wagner,39,,
PC,10,WLNP-8-3,872,,-113.840199,49.060350,,,7066,2018-07-05 04:56:00,9933,Transcribed,180s,1SPM,LIWI,Light wind,"",1,41680,1,Song,120.01,3.64,-32.4,f,,Christopher Wagner,39,,
PC,10,WLNP-8-3,872,,-113.840199,49.060350,,,7066,2018-07-05 04:56:00,9933,Transcribed,180s,1SPM,SWTH,Swainson's Thrush,CATHARUS USTULATUS,5,41242,1,Song,4.08,2.06,-52.38,f,,Christopher Wagner,39,,
PC,10,WLNP-8-3,872,,-113.840199,49.060350,,,7066,2018-07-05 04:56:00,9933,Transcribed,180s,1SPM,OSFL,Olive-sided Flycatcher,CONTOPUS COOPERI,1,41252,1,Song,122.76,1.21,-55.15,f,,Christopher Wagner,39,,
PC,10,WLNP-8-3,872,,-113.840199,49.060350,,,7066,2018-07-05 04:56:00,9933,Transcribed,180s,1SPM,OSFL,Olive-sided Flycatcher,CONTOPUS COOPERI,1,41250,1,Song,67.38,1.21,-56.38,f,,Christopher Wagner,39,,
PC,10,WLNP-8-3,872,,-113.840199,49.060350,,,7066,2018-07-05 04:56:00,9933,Transcribed,180s,1SPM,UNPA,Unidentified Passerine,"",1,41258,1,Song,139.66,2.11,-65.55,f,,Christopher Wagner,39,,
PC,10,WLNP-8-3,872,,-113.840199,49.060350,,,7066,2018-07-05 04:56:00,9933,Transcribed,180s,1SPM,SWTH,Swainson's Thrush,CATHARUS USTULATUS,1,41251,1,Song,120.50,2.19,-31.38,f,,Christopher Wagner,39,,
PC,10,WLNP-8-3,872,,-113.840199,49.060350,,,7066,2018-07-05 04:56:00,9933,Transcribed,180s,1SPM,SWTH,Swainson's Thrush,CATHARUS USTULATUS,1,41238,1,Song,0.03,1.13,-42.56,f,,Christopher Wagner,39,,
PC,10,WLNP-8-3,872,,-113.840199,49.060350,,,7066,2018-07-05 04:56:00,9933,Transcribed,180s,1SPM,SWTH,Swainson's Thrush,CATHARUS USTULATUS,1,41245,1,Song,61.54,2.25,-30.34,f,,Christopher Wagner,39,,
PC,10,WLNP-8-3,872,,-113.840199,49.060350,,,7066,2018-07-05 04:56:00,9933,Transcribed,180s,1SPM,SWTH,Swainson's Thrush,CATHARUS USTULATUS,2,41239,1,Song,0.20,2.23,-46.56,f,,Christopher Wagner,39,,
PC,10,WLNP-8-3,872,,-113.840199,49.060350,,,7066,2018-07-05 04:56:00,9933,Transcribed,180s,1SPM,SWTH,Swainson's Thrush,CATHARUS USTULATUS,2,41248,1,Song,64.15,2.39,-31.4,f,,Christopher Wagner,39,,
PC,10,WLNP-8-3,872,,-113.840199,49.060350,,,7066,2018-07-05 04:56:00,9933,Transcribed,180s,1SPM,SWTH,Swainson's Thrush,CATHARUS USTULATUS,2,41253,1,Song,123.46,2.49,-32.63,f,,Christopher Wagner,39,,
PC,10,WLNP-8-3,872,,-113.840199,49.060350,,,7066,2018-07-05 04:56:00,9933,Transcribed,180s,1SPM,SWTH,Swainson's Thrush,CATHARUS USTULATUS,3,41240,1,Song,2.11,1.78,-46.97,f,,Christopher Wagner,39,,
PC,10,WLNP-8-3,872,,-113.840199,49.060350,,,7066,2018-07-05 04:56:00,9933,Transcribed,180s,1SPM,SWTH,Swainson's Thrush,CATHARUS USTULATUS,3,41246,1,Song,60.04,1.81,-52.53,f,,Christopher Wagner,39,,
PC,10,WLNP-8-3,872,,-113.840199,49.060350,,,7066,2018-07-05 04:56:00,9933,Transcribed,180s,1SPM,SWTH,Swainson's Thrush,CATHARUS USTULATUS,3,41256,1,Song,134.39,2.46,-47.66,f,,Christopher Wagner,39,,
PC,10,WLNP-8-3,872,,-113.840199,49.060350,,,7066,2018-07-05 04:56:00,9933,Transcribed,180s,1SPM,SWTH,Swainson's Thrush,CATHARUS USTULATUS,4,41254,1,Song,130.73,2.53,-44.31,f,,Christopher Wagner,39,,
PC,10,WLNP-8-3,872,,-113.840199,49.060350,,,7066,2018-07-05 04:56:00,9933,Transcribed,180s,1SPM,SWTH,Swainson's Thrush,CATHARUS USTULATUS,4,41241,1,Song,2.96,2.19,-46.92,f,,Christopher Wagner,39,,
PC,10,WLNP-8-3,872,,-113.840199,49.060350,,,7066,2018-07-05 04:56:00,9933,Transcribed,180s,1SPM,OSFL,Olive-sided Flycatcher,CONTOPUS COOPERI,1,41237,1,Song,5.60,1.44,-56.14,f,,Christopher Wagner,39,,
PC,10,WLNP-8-3,872,,-113.840199,49.060350,,,7066,2018-07-05 04:56:00,9933,Transcribed,180s,1SPM,SWTH,Swainson's Thrush,CATHARUS USTULATUS,4,41249,1,Song,67.86,1.95,-51,f,,Christopher Wagner,39,,
PC,10,WLNP-8-3,872,,-113.840199,49.060350,,,7066,2018-07-05 04:56:00,9933,Transcribed,180s,1SPM,SWTH,Swainson's Thrush,CATHARUS USTULATUS,5,41247,1,Song,61.15,1.89,-30.55,f,,Christopher Wagner,39,,
PC,10,WLNP-8-3,872,,-113.840199,49.060350,,,7055,2018-07-06 05:26:00,9922,Transcribed,180s,1SPM,SWTH,Swainson's Thrush,CATHARUS USTULATUS,2,41205,1,Song,120.11,1.01,-52.5,f,,Christopher Moser-Purdy,37,,
PC,10,WLNP-8-3,872,,-113.840199,49.060350,,,7055,2018-07-06 05:26:00,9922,Transcribed,180s,1SPM,LIWI,Light wind,"",1,41219,1,Song,120.08,4.65,-34.41,f,,Christopher Moser-Purdy,37,,
PC,10,WLNP-8-3,872,,-113.840199,49.060350,,,7055,2018-07-06 05:26:00,9922,Transcribed,180s,1SPM,LIWI,Light wind,"",1,41187,1,Song,0.00,4.90,-23.8,f,,Christopher Moser-Purdy,37,,
PC,10,WLNP-8-3,872,,-113.840199,49.060350,,,7055,2018-07-06 05:26:00,9922,Transcribed,180s,1SPM,LIWI,Light wind,"",1,41220,1,Song,60.11,4.80,-28.92,f,,Christopher Moser-Purdy,37,,
PC,10,WLNP-8-3,872,,-113.840199,49.060350,,,7055,2018-07-06 05:26:00,9922,Transcribed,180s,1SPM,WETA,Western Tanager,PIRANGA LUDOVICIANA,1,41218,1,Song,159.88,2.66,-61.86,f,,Christopher Moser-Purdy,37,,
PC,10,WLNP-8-3,872,,-113.840199,49.060350,,,7055,2018-07-06 05:26:00,9922,Transcribed,180s,1SPM,WETA,Western Tanager,PIRANGA LUDOVICIANA,1,41185,1,Song,0.01,5.94,-63.58,f,,Christopher Moser-Purdy,37,,
PC,10,WLNP-8-3,872,,-113.840199,49.060350,,,7055,2018-07-06 05:26:00,9922,Transcribed,180s,1SPM,WETA,Western Tanager,PIRANGA LUDOVICIANA,1,41198,1,Song,60.11,1.55,-66.59,f,,Christopher Moser-Purdy,37,,
PC,10,WLNP-8-3,872,,-113.840199,49.060350,,,7055,2018-07-06 05:26:00,9922,Transcribed,180s,1SPM,WETA,Western Tanager,PIRANGA LUDOVICIANA,2,41188,1,Song,7.10,1.46,-54.46,f,,Christopher Moser-Purdy,37,,
PC,10,WLNP-8-3,872,,-113.840199,49.060350,,,7055,2018-07-06 05:26:00,9922,Transcribed,180s,1SPM,WETA,Western Tanager,PIRANGA LUDOVICIANA,2,41213,1,Song,124.09,2.68,-60.75,f,,Christopher Moser-Purdy,37,,
PC,10,WLNP-8-3,872,,-113.840199,49.060350,,,7055,2018-07-06 05:26:00,9922,Transcribed,180s,1SPM,WETA,Western Tanager,PIRANGA LUDOVICIANA,2,41224,1,Song,62.84,1.84,-53.31,f,,Christopher Moser-Purdy,37,,
PC,10,WLNP-8-3,872,,-113.840199,49.060350,,,7055,2018-07-06 05:26:00,9922,Transcribed,180s,1SPM,MGWA,MacGillivray's Warbler,GEOTHLYPIS TOLMIEI,1,41189,1,Song,11.61,1.55,-54.86,f,,Christopher Moser-Purdy,37,,
PC,10,WLNP-8-3,872,,-113.840199,49.060350,,,7055,2018-07-06 05:26:00,9922,Transcribed,180s,1SPM,MGWA,MacGillivray's Warbler,GEOTHLYPIS TOLMIEI,1,41206,1,Song,120.51,1.44,-52.52,f,,Christopher Moser-Purdy,37,,
PC,10,WLNP-8-3,872,,-113.840199,49.060350,,,7055,2018-07-06 05:26:00,9922,Transcribed,180s,1SPM,MGWA,MacGillivray's Warbler,GEOTHLYPIS TOLMIEI,1,41199,1,Song,63.44,1.81,-53.22,f,,Christopher Moser-Purdy,37,,
PC,10,WLNP-8-3,872,,-113.840199,49.060350,,,7055,2018-07-06 05:26:00,9922,Transcribed,180s,1SPM,OSFL,Olive-sided Flycatcher,CONTOPUS COOPERI,1,41225,1,Song,65.81,1.58,-47.92,f,,Christopher Moser-Purdy,37,,
PC,10,WLNP-8-3,872,,-113.840199,49.060350,,,7055,2018-07-06 05:26:00,9922,Transcribed,180s,1SPM,CHSP,Chipping Sparrow,SPIZELLA PASSERINA,1,41202,1,Song,79.06,2.21,-51.21,f,,Christopher Moser-Purdy,37,,
PC,10,WLNP-8-3,872,,-113.840199,49.060350,,,7055,2018-07-06 05:26:00,9922,Transcribed,180s,1SPM,CHSP,Chipping Sparrow,SPIZELLA PASSERINA,1,41184,1,Song,0.06,0.35,-65.4,f,,Christopher Moser-Purdy,37,,
PC,10,WLNP-8-3,872,,-113.840199,49.060350,,,7055,2018-07-06 05:26:00,9922,Transcribed,180s,1SPM,CHSP,Chipping Sparrow,SPIZELLA PASSERINA,1,41212,1,Song,129.46,3.60,-49.55,f,,Christopher Moser-Purdy,37,,
PC,10,WLNP-8-3,872,,-113.840199,49.060350,,,7055,2018-07-06 05:26:00,9922,Transcribed,180s,1SPM,CHSP,Chipping Sparrow,SPIZELLA PASSERINA,2,41223,1,Song,22.01,2.99,-59.55,f,,Christopher Moser-Purdy,37,,
PC,10,WLNP-8-3,872,,-113.840199,49.060350,,,7055,2018-07-06 05:26:00,9922,Transcribed,180s,1SPM,CHSP,Chipping Sparrow,SPIZELLA PASSERINA,2,41203,1,Song,83.29,1.76,-66.56,f,,Christopher Moser-Purdy,37,,
PC,10,WLNP-8-3,872,,-113.840199,49.060350,,,7055,2018-07-06 05:26:00,9922,Transcribed,180s,1SPM,CHSP,Chipping Sparrow,SPIZELLA PASSERINA,3,41195,1,Song,46.39,1.79,-68.29,f,,Christopher Moser-Purdy,37,,
PC,10,WLNP-8-3,872,,-113.840199,49.060350,,,7055,2018-07-06 05:26:00,9922,Transcribed,180s,1SPM,CHSP,Chipping Sparrow,SPIZELLA PASSERINA,3,41196,1,Song,64.04,2.29,-54.94,f,,Christopher Moser-Purdy,37,,
PC,10,WLNP-8-3,872,,-113.840199,49.060350,,,7055,2018-07-06 05:26:00,9922,Transcribed,180s,1SPM,UNPA,Unidentified Passerine,"",1,41190,1,Song,13.91,1.93,-68.58,f,,Christopher Moser-Purdy,37,Really faint maybe triller confidence:Unknown far,
PC,10,WLNP-8-3,872,,-113.840199,49.060350,,,7055,2018-07-06 05:26:00,9922,Transcribed,180s,1SPM,UNPA,Unidentified Passerine,"",2,41214,1,Call,126.34,0.36,-71.44,f,,Christopher Moser-Purdy,37,Generic calls,
PC,10,WLNP-8-3,872,,-113.840199,49.060350,,,7055,2018-07-06 05:26:00,9922,Transcribed,180s,1SPM,UNKN,Unidentified signal,"",1,41210,1,Call,122.16,3.94,-62.22,f,,Christopher Moser-Purdy,37,Pip calls,
PC,10,WLNP-8-3,872,,-113.840199,49.060350,,,7055,2018-07-06 05:26:00,9922,Transcribed,180s,1SPM,MOCH,Mountain Chickadee,POECILE GAMBELI,1,41215,1,Song,144.39,1.13,-69.97,f,,Christopher Moser-Purdy,37,,
PC,10,WLNP-8-3,872,,-113.840199,49.060350,,,7055,2018-07-06 05:26:00,9922,Transcribed,180s,1SPM,MOCH,Mountain Chickadee,POECILE GAMBELI,1,41221,1,Song,1.61,1.08,-63.18,f,,Christopher Moser-Purdy,37,,
PC,10,WLNP-8-3,872,,-113.840199,49.060350,,,7055,2018-07-06 05:26:00,9922,Transcribed,180s,1SPM,MOCH,Mountain Chickadee,POECILE GAMBELI,1,41226,1,Song,69.16,1.45,-68.06,f,,Christopher Moser-Purdy,37,,
PC,10,WLNP-8-3,872,,-113.840199,49.060350,,,7055,2018-07-06 05:26:00,9922,Transcribed,180s,1SPM,CEDW,Cedar Waxwing,BOMBYCILLA CEDRORUM,1,41192,1,Song,19.86,1.98,-48.15,f,,Christopher Moser-Purdy,37,Little weird but CEDW-y,
PC,10,WLNP-8-3,872,,-113.840199,49.060350,,,7055,2018-07-06 05:26:00,9922,Transcribed,180s,1SPM,DEJU,Dark-eyed Junco,JUNCO HYEMALIS,1,41186,1,Song,0.68,1.49,-60.9,f,,Christopher Moser-Purdy,37,,
PC,10,WLNP-8-3,872,,-113.840199,49.060350,,,7055,2018-07-06 05:26:00,9922,Transcribed,180s,1SPM,YRWA,Yellow-rumped Warbler,SETOPHAGA CORONATA,1,41227,1,Song,96.36,2.10,-51.87,f,,Christopher Moser-Purdy,37,,
PC,10,WLNP-8-3,872,,-113.840199,49.060350,,,7055,2018-07-06 05:26:00,9922,Transcribed,180s,1SPM,YRWA,Yellow-rumped Warbler,SETOPHAGA CORONATA,1,41194,1,Song,41.61,2.79,-53.57,f,,Christopher Moser-Purdy,37,,
PC,10,WLNP-8-3,872,,-113.840199,49.060350,,,7055,2018-07-06 05:26:00,9922,Transcribed,180s,1SPM,YRWA,Yellow-rumped Warbler,SETOPHAGA CORONATA,1,41207,1,Song,121.74,2.10,-62.11,f,,Christopher Moser-Purdy,37,,
PC,10,WLNP-8-3,872,,-113.840199,49.060350,,,7055,2018-07-06 05:26:00,9922,Transcribed,180s,1SPM,COWW,Domestic Cow,BOS TAURUS,1,41193,1,Call,26.78,1.21,-30.2,f,,Christopher Moser-Purdy,37,,
PC,10,WLNP-8-3,872,,-113.840199,49.060350,,,7055,2018-07-06 05:26:00,9922,Transcribed,180s,1SPM,COWW,Domestic Cow,BOS TAURUS,1,41201,1,Call,64.95,1.29,-22.65,f,,Christopher Moser-Purdy,37,,
PC,10,WLNP-8-3,872,,-113.840199,49.060350,,,7055,2018-07-06 05:26:00,9922,Transcribed,180s,1SPM,COWW,Domestic Cow,BOS TAURUS,1,41217,1,Call,121.03,1.45,-21.74,f,,Christopher Moser-Purdy,37,,
PC,10,WLNP-8-3,872,,-113.840199,49.060350,,,7055,2018-07-06 05:26:00,9922,Transcribed,180s,1SPM,SWTH,Swainson's Thrush,CATHARUS USTULATUS,1,41228,1,Call,101.78,0.34,-66.12,f,,Christopher Moser-Purdy,37,,
PC,10,WLNP-8-3,872,,-113.840199,49.060350,,,7055,2018-07-06 05:26:00,9922,Transcribed,180s,1SPM,SWTH,Swainson's Thrush,CATHARUS USTULATUS,1,41524,1,Call,121.94,1.28,-62.73,f,,Christopher Moser-Purdy,37,,
PC,10,WLNP-8-3,872,,-113.840199,49.060350,,,7055,2018-07-06 05:26:00,9922,Transcribed,180s,1SPM,SWTH,Swainson's Thrush,CATHARUS USTULATUS,1,41222,1,Call,17.36,0.48,-52.81,f,,Christopher Moser-Purdy,37,,
PC,10,WLNP-8-3,872,,-113.840199,49.060350,,,7055,2018-07-06 05:26:00,9922,Transcribed,180s,1SPM,SWTH,Swainson's Thrush,CATHARUS USTULATUS,2,41197,1,Song,61.58,2.24,-50.06,f,,Christopher Moser-Purdy,37,,
PC,10,WLNP-8-3,872,,-113.840199,49.060350,,,7055,2018-07-06 05:26:00,9922,Transcribed,180s,1SPM,SWTH,Swainson's Thrush,CATHARUS USTULATUS,2,41191,1,Song,18.13,1.80,-55.88,f,,Christopher Moser-Purdy,37,,
PC,10,WLNP-8-4,868,,-113.835936,49.056738,,,7041,2018-06-29 04:51:00,9908,Transcribed,180s,1SPM,YRWA,Yellow-rumped Warbler,SETOPHAGA CORONATA,1,42202,1,Song,62.11,1.96,-41.9,f,,Brandon Law,22,,
PC,10,WLNP-8-4,868,,-113.835936,49.056738,,,7041,2018-06-29 04:51:00,9908,Transcribed,180s,1SPM,WETA,Western Tanager,PIRANGA LUDOVICIANA,1,42217,1,Song,154.90,3.19,-41.27,f,,Brandon Law,22,,
PC,10,WLNP-8-4,868,,-113.835936,49.056738,,,7041,2018-06-29 04:51:00,9908,Transcribed,180s,1SPM,DUFL,Dusky Flycatcher,EMPIDONAX OBERHOLSERI,1,42213,1,Song,127.95,0.58,-42.84,f,,Brandon Law,22,,
PC,10,WLNP-8-4,868,,-113.835936,49.056738,,,7041,2018-06-29 04:51:00,9908,Transcribed,180s,1SPM,DUFL,Dusky Flycatcher,EMPIDONAX OBERHOLSERI,1,42197,1,Song,2.24,3.54,-43.04,f,,Brandon Law,22,,
PC,10,WLNP-8-4,868,,-113.835936,49.056738,,,7041,2018-06-29 04:51:00,9908,Transcribed,180s,1SPM,DUFL,Dusky Flycatcher,EMPIDONAX OBERHOLSERI,1,42203,1,Song,60.25,0.53,-40.91,f,,Brandon Law,22,,
PC,10,WLNP-8-4,868,,-113.835936,49.056738,,,7041,2018-06-29 04:51:00,9908,Transcribed,180s,1SPM,CHSP,Chipping Sparrow,SPIZELLA PASSERINA,1,42206,1,Song,75.14,1.24,-59.56,f,,Brandon Law,22,,
PC,10,WLNP-8-4,868,,-113.835936,49.056738,,,7041,2018-06-29 04:51:00,9908,Transcribed,180s,1SPM,CHSP,Chipping Sparrow,SPIZELLA PASSERINA,1,42209,1,Song,121.86,2.23,-50.81,f,,Brandon Law,22,,
PC,10,WLNP-8-4,868,,-113.835936,49.056738,,,7041,2018-06-29 04:51:00,9908,Transcribed,180s,1SPM,CHSP,Chipping Sparrow,SPIZELLA PASSERINA,1,42194,1,Song,3.15,2.45,-44.97,f,,Brandon Law,22,,
PC,10,WLNP-8-4,868,,-113.835936,49.056738,,,7041,2018-06-29 04:51:00,9908,Transcribed,180s,1SPM,CHSP,Chipping Sparrow,SPIZELLA PASSERINA,2,42216,1,Song,155.35,2.23,-40.98,f,,Brandon Law,22,,
PC,10,WLNP-8-4,868,,-113.835936,49.056738,,,7041,2018-06-29 04:51:00,9908,Transcribed,180s,1SPM,MODO,Mourning Dove,ZENAIDA MACROURA,1,42208,1,Call,109.25,4.96,-32.81,f,,Brandon Law,22,,
PC,10,WLNP-8-4,868,,-113.835936,49.056738,,,7041,2018-06-29 04:51:00,9908,Transcribed,180s,1SPM,WCSP,White-crowned Sparrow,ZONOTRICHIA LEUCOPHRYS,1,42200,1,Song,41.10,1.99,-51.4,f,,Brandon Law,22,,
PC,10,WLNP-8-4,868,,-113.835936,49.056738,,,7041,2018-06-29 04:51:00,9908,Transcribed,180s,1SPM,WCSP,White-crowned Sparrow,ZONOTRICHIA LEUCOPHRYS,1,42207,1,Song,81.98,1.84,-65.23,f,,Brandon Law,22,,
PC,10,WLNP-8-4,868,,-113.835936,49.056738,,,7041,2018-06-29 04:51:00,9908,Transcribed,180s,1SPM,WCSP,White-crowned Sparrow,ZONOTRICHIA LEUCOPHRYS,1,42215,1,Song,130.74,1.78,-52.91,f,,Brandon Law,22,,
PC,10,WLNP-8-4,868,,-113.835936,49.056738,,,7041,2018-06-29 04:51:00,9908,Transcribed,180s,1SPM,WCSP,White-crowned Sparrow,ZONOTRICHIA LEUCOPHRYS,2,42211,1,Song,118.51,2.88,-40.61,f,,Brandon Law,22,,
PC,10,WLNP-8-4,868,,-113.835936,49.056738,,,7041,2018-06-29 04:51:00,9908,Transcribed,180s,1SPM,WCSP,White-crowned Sparrow,ZONOTRICHIA LEUCOPHRYS,2,42212,1,Song,125.35,2.65,-43.14,f,,Brandon Law,22,,
PC,10,WLNP-8-4,868,,-113.835936,49.056738,,,7041,2018-06-29 04:51:00,9908,Transcribed,180s,1SPM,YRWA,Yellow-rumped Warbler,SETOPHAGA CORONATA,1,42198,1,Song,9.96,1.25,-45.67,f,,Brandon Law,22,,
PC,10,WLNP-8-4,868,,-113.835936,49.056738,,,7041,2018-06-29 04:51:00,9908,Transcribed,180s,1SPM,YRWA,Yellow-rumped Warbler,SETOPHAGA CORONATA,1,42218,1,Song,179.14,0.81,-42.42,f,,Brandon Law,22,,
PC,10,WLNP-8-4,868,,-113.835936,49.056738,,,7041,2018-06-29 04:51:00,9908,Transcribed,180s,1SPM,SWTH,Swainson's Thrush,CATHARUS USTULATUS,1,42210,1,Song,123.53,1.85,-44.82,f,,Brandon Law,22,,
PC,10,WLNP-8-4,868,,-113.835936,49.056738,,,7041,2018-06-29 04:51:00,9908,Transcribed,180s,1SPM,SWTH,Swainson's Thrush,CATHARUS USTULATUS,1,42205,1,Song,64.99,1.54,-62.09,f,,Brandon Law,22,,
PC,10,WLNP-8-4,868,,-113.835936,49.056738,,,7041,2018-06-29 04:51:00,9908,Transcribed,180s,1SPM,SWTH,Swainson's Thrush,CATHARUS USTULATUS,1,42195,1,Song,1.26,1.89,-42.89,f,,Brandon Law,22,,
PC,10,WLNP-8-4,868,,-113.835936,49.056738,,,7041,2018-06-29 04:51:00,9908,Transcribed,180s,1SPM,SWTH,Swainson's Thrush,CATHARUS USTULATUS,2,42196,1,Song,3.35,2.74,-43.65,f,,Brandon Law,22,,
PC,10,WLNP-8-4,868,,-113.835936,49.056738,,,7041,2018-06-29 04:51:00,9908,Transcribed,180s,1SPM,SWTH,Swainson's Thrush,CATHARUS USTULATUS,2,42204,1,Song,63.36,2.24,-41.54,f,,Brandon Law,22,,
PC,10,WLNP-8-4,868,,-113.835936,49.056738,,,7041,2018-06-29 04:51:00,9908,Transcribed,180s,1SPM,SWTH,Swainson's Thrush,CATHARUS USTULATUS,2,42214,1,Song,122.91,1.49,-48.66,f,,Brandon Law,22,,
PC,10,WLNP-8-4,868,,-113.835936,49.056738,,,7041,2018-06-29 04:51:00,9908,Transcribed,180s,1SPM,SWTH,Swainson's Thrush,CATHARUS USTULATUS,3,42199,1,Song,27.11,2.33,-40.88,f,,Brandon Law,22,,
PC,10,WLNP-8-4,868,,-113.835936,49.056738,,,7006,2018-06-30 04:52:00,10009,Transcribed,180s,1SPM,SWTH,Swainson's Thrush,CATHARUS USTULATUS,1,44297,TMTT,Song,120.53,2.16,-43.64,f,,Tyne Baker,23,"AE:3-5, some very distant",
PC,10,WLNP-8-4,868,,-113.835936,49.056738,,,7006,2018-06-30 04:52:00,10009,Transcribed,180s,1SPM,SWTH,Swainson's Thrush,CATHARUS USTULATUS,1,44286,TMTT,Song,60.61,2.14,-38.27,f,,Tyne Baker,23,"AE:3-5, some very distant",
PC,10,WLNP-8-4,868,,-113.835936,49.056738,,,7006,2018-06-30 04:52:00,10009,Transcribed,180s,1SPM,SWTH,Swainson's Thrush,CATHARUS USTULATUS,1,44269,TMTT,Song,2.96,2.86,-36.77,f,,Tyne Baker,23,"AE:3-5, some very distant",
PC,10,WLNP-8-4,868,,-113.835936,49.056738,,,7006,2018-06-30 04:52:00,10009,Transcribed,180s,1SPM,OCWA,Orange-crowned Warbler,LEIOTHLYPIS CELATA,1,44270,TMTT,Song,0.13,1.38,-61.95,f,,Tyne Baker,23,AE:2-4,
PC,10,WLNP-8-4,868,,-113.835936,49.056738,,,7006,2018-06-30 04:52:00,10009,Transcribed,180s,1SPM,OCWA,Orange-crowned Warbler,LEIOTHLYPIS CELATA,1,44300,TMTT,Song,125.73,1.55,-62.01,f,,Tyne Baker,23,AE:2-4,
PC,10,WLNP-8-4,868,,-113.835936,49.056738,,,7006,2018-06-30 04:52:00,10009,Transcribed,180s,1SPM,OCWA,Orange-crowned Warbler,LEIOTHLYPIS CELATA,1,44285,TMTT,Song,63.81,1.25,-61.4,f,,Tyne Baker,23,AE:2-4,
PC,10,WLNP-8-4,868,,-113.835936,49.056738,,,7006,2018-06-30 04:52:00,10009,Transcribed,180s,1SPM,DEJU,Dark-eyed Junco,JUNCO HYEMALIS,1,44299,TMTT,Song,120.90,2.50,-43.03,f,,Tyne Baker,23,AE:2-3,
PC,10,WLNP-8-4,868,,-113.835936,49.056738,,,7006,2018-06-30 04:52:00,10009,Transcribed,180s,1SPM,DEJU,Dark-eyed Junco,JUNCO HYEMALIS,1,44283,TMTT,Song,60.05,1.71,-53.99,f,,Tyne Baker,23,AE:2-3,
PC,10,WLNP-8-4,868,,-113.835936,49.056738,,,7006,2018-06-30 04:52:00,10009,Transcribed,180s,1SPM,DEJU,Dark-eyed Junco,JUNCO HYEMALIS,1,44268,TMTT,Song,2.36,2.16,-46.44,f,,Tyne Baker,23,AE:2-3,
PC,10,WLNP-8-4,868,,-113.835936,49.056738,,,7006,2018-06-30 04:52:00,10009,Transcribed,180s,1SPM,UNDU,Unidentified Duck,"",1,44291,1,Call,74.33,0.68,-32.27,f,,Tyne Baker,23,"",
PC,10,WLNP-8-4,868,,-113.835936,49.056738,,,7006,2018-06-30 04:52:00,10009,Transcribed,180s,1SPM,UNDU,Unidentified Duck,"",1,44303,1,Call,124.41,1.56,-34.88,f,,Tyne Baker,23,"",
PC,10,WLNP-8-4,868,,-113.835936,49.056738,,,7006,2018-06-30 04:52:00,10009,Transcribed,180s,1SPM,UNDU,Unidentified Duck,"",1,44272,1,Call,1.08,1.21,-43.18,f,,Tyne Baker,23,"",
PC,10,WLNP-8-4,868,,-113.835936,49.056738,,,7006,2018-06-30 04:52:00,10009,Transcribed,180s,1SPM,WAVI,Warbling Vireo,VIREO GILVUS,1,44413,1,Song,169.95,1.65,-43.08,f,,Tyne Baker,23,,
PC,10,WLNP-8-4,868,,-113.835936,49.056738,,,7006,2018-06-30 04:52:00,10009,Transcribed,180s,1SPM,BCCH,Black-capped Chickadee,POECILE ATRICAPILLUS,1,44296,1,Song,118.16,1.10,-62.42,f,,Tyne Baker,23,,
PC,10,WLNP-8-4,868,,-113.835936,49.056738,,,7006,2018-06-30 04:52:00,10009,Transcribed,180s,1SPM,MGWA,MacGillivray's Warbler,GEOTHLYPIS TOLMIEI,1,44377,1,Song,146.33,1.60,-52.31,f,,Tyne Baker,23,"",
PC,10,WLNP-8-4,868,,-113.835936,49.056738,,,7006,2018-06-30 04:52:00,10009,Transcribed,180s,1SPM,MGWA,MacGillivray's Warbler,GEOTHLYPIS TOLMIEI,1,44271,1,Song,1.74,2.08,-55.56,f,,Tyne Baker,23,"",
PC,10,WLNP-8-4,868,,-113.835936,49.056738,,,7006,2018-06-30 04:52:00,10009,Transcribed,180s,1SPM,WETA,Western Tanager,PIRANGA LUDOVICIANA,1,44273,1,S-C,1.43,9.48,-36.85,f,,Tyne Baker,23,,
PC,10,WLNP-8-4,868,,-113.835936,49.056738,,,7006,2018-06-30 04:52:00,10009,Transcribed,180s,1SPM,WETA,Western Tanager,PIRANGA LUDOVICIANA,1,44289,1,S-C,62.20,5.78,-37.01,f,,Tyne Baker,23,,
PC,10,WLNP-8-4,868,,-113.835936,49.056738,,,7006,2018-06-30 04:52:00,10009,Transcribed,180s,1SPM,WETA,Western Tanager,PIRANGA LUDOVICIANA,1,44386,1,Call,122.40,7.61,-38.05,f,,Tyne Baker,23,,
PC,10,WLNP-8-4,868,,-113.835936,49.056738,,,7040,2018-07-06 05:26:00,9907,Transcribed,180s,1SPM,RESQ,Red Squirrel,TAMIASCIURUS HUDSONICUS,1,42224,1,Call,10.06,3.00,-41.26,f,,Brandon Law,22,,
PC,10,WLNP-8-4,868,,-113.835936,49.056738,,,7040,2018-07-06 05:26:00,9907,Transcribed,180s,1SPM,WETA,Western Tanager,PIRANGA LUDOVICIANA,1,42225,1,Song,14.58,2.11,-56.44,f,,Brandon Law,22,,
PC,10,WLNP-8-4,868,,-113.835936,49.056738,,,7040,2018-07-06 05:26:00,9907,Transcribed,180s,1SPM,WETA,Western Tanager,PIRANGA LUDOVICIANA,1,42228,1,Song,60.18,3.64,-40.11,f,,Brandon Law,22,,
PC,10,WLNP-8-4,868,,-113.835936,49.056738,,,7040,2018-07-06 05:26:00,9907,Transcribed,180s,1SPM,WETA,Western Tanager,PIRANGA LUDOVICIANA,1,42241,1,Song,125.74,3.71,-31.13,f,,Brandon Law,22,,
PC,10,WLNP-8-4,868,,-113.835936,49.056738,,,7040,2018-07-06 05:26:00,9907,Transcribed,180s,1SPM,MGWA,MacGillivray's Warbler,GEOTHLYPIS TOLMIEI,1,42227,1,Song,42.73,1.40,-49.94,f,,Brandon Law,22,,
PC,10,WLNP-8-4,868,,-113.835936,49.056738,,,7040,2018-07-06 05:26:00,9907,Transcribed,180s,1SPM,MGWA,MacGillivray's Warbler,GEOTHLYPIS TOLMIEI,1,42242,1,Song,138.29,1.49,-43.23,f,,Brandon Law,22,,
PC,10,WLNP-8-4,868,,-113.835936,49.056738,,,7040,2018-07-06 05:26:00,9907,Transcribed,180s,1SPM,PUFI,Purple Finch,HAEMORHOUS PURPUREUS,1,42219,1,Song,0.33,2.51,-45.46,f,,Brandon Law,22,,
PC,10,WLNP-8-4,868,,-113.835936,49.056738,,,7040,2018-07-06 05:26:00,9907,Transcribed,180s,1SPM,PUFI,Purple Finch,HAEMORHOUS PURPUREUS,1,42232,1,Song,70.16,2.75,-44.4,f,,Brandon Law,22,,
PC,10,WLNP-8-4,868,,-113.835936,49.056738,,,7040,2018-07-06 05:26:00,9907,Transcribed,180s,1SPM,PUFI,Purple Finch,HAEMORHOUS PURPUREUS,1,42240,1,Song,122.85,2.34,-52.66,f,,Brandon Law,22,,
PC,10,WLNP-8-4,868,,-113.835936,49.056738,,,7040,2018-07-06 05:26:00,9907,Transcribed,180s,1SPM,PUFI,Purple Finch,HAEMORHOUS PURPUREUS,2,42220,1,Song,1.65,3.10,-37.02,f,,Brandon Law,22,,
PC,10,WLNP-8-4,868,,-113.835936,49.056738,,,7040,2018-07-06 05:26:00,9907,Transcribed,180s,1SPM,PUFI,Purple Finch,HAEMORHOUS PURPUREUS,2,42229,1,Song,61.05,3.73,-35.4,f,,Brandon Law,22,,
PC,10,WLNP-8-4,868,,-113.835936,49.056738,,,7040,2018-07-06 05:26:00,9907,Transcribed,180s,1SPM,PUFI,Purple Finch,HAEMORHOUS PURPUREUS,2,42236,1,Song,120.05,2.03,-34.05,f,,Brandon Law,22,,
PC,10,WLNP-8-4,868,,-113.835936,49.056738,,,7040,2018-07-06 05:26:00,9907,Transcribed,180s,1SPM,CHSP,Chipping Sparrow,SPIZELLA PASSERINA,1,42239,1,Song,120.76,2.24,-34.11,f,,Brandon Law,22,,
PC,10,WLNP-8-4,868,,-113.835936,49.056738,,,7040,2018-07-06 05:26:00,9907,Transcribed,180s,1SPM,CHSP,Chipping Sparrow,SPIZELLA PASSERINA,1,42221,1,Song,4.26,2.93,-48.25,f,,Brandon Law,22,,
PC,10,WLNP-8-4,868,,-113.835936,49.056738,,,7040,2018-07-06 05:26:00,9907,Transcribed,180s,1SPM,CHSP,Chipping Sparrow,SPIZELLA PASSERINA,1,42233,1,Song,74.53,2.06,-34.34,f,,Brandon Law,22,,
PC,10,WLNP-8-4,868,,-113.835936,49.056738,,,7040,2018-07-06 05:26:00,9907,Transcribed,180s,1SPM,TRES,Tree Swallow,TACHYCINETA BICOLOR,1,42234,1,Song,77.74,4.11,-34.91,f,,Brandon Law,22,,
PC,10,WLNP-8-4,868,,-113.835936,49.056738,,,7040,2018-07-06 05:26:00,9907,Transcribed,180s,1SPM,CEDW,Cedar Waxwing,BOMBYCILLA CEDRORUM,1,42226,1,Song,19.31,0.45,-54.59,f,,Brandon Law,22,,
PC,10,WLNP-8-4,868,,-113.835936,49.056738,,,7040,2018-07-06 05:26:00,9907,Transcribed,180s,1SPM,HOWR,House Wren,TROGLODYTES AEDON,1,42243,1,Song,150.45,1.73,-55.78,f,,Brandon Law,22,,
PC,10,WLNP-8-4,868,,-113.835936,49.056738,,,7040,2018-07-06 05:26:00,9907,Transcribed,180s,1SPM,HOWR,House Wren,TROGLODYTES AEDON,1,42223,1,Song,10.10,2.10,-57.83,f,,Brandon Law,22,,
PC,10,WLNP-8-4,868,,-113.835936,49.056738,,,7040,2018-07-06 05:26:00,9907,Transcribed,180s,1SPM,HOWR,House Wren,TROGLODYTES AEDON,1,42231,1,Song,60.04,1.34,-48.36,f,,Brandon Law,22,,
PC,10,WLNP-8-4,868,,-113.835936,49.056738,,,7040,2018-07-06 05:26:00,9907,Transcribed,180s,1SPM,OCWA,Orange-crowned Warbler,LEIOTHLYPIS CELATA,1,42222,1,Song,3.38,1.73,-37.26,f,,Brandon Law,22,,
PC,10,WLNP-8-4,868,,-113.835936,49.056738,,,7040,2018-07-06 05:26:00,9907,Transcribed,180s,1SPM,OCWA,Orange-crowned Warbler,LEIOTHLYPIS CELATA,1,42238,1,Song,124.88,1.89,-31.07,f,,Brandon Law,22,,
PC,10,WLNP-8-4,868,,-113.835936,49.056738,,,7040,2018-07-06 05:26:00,9907,Transcribed,180s,1SPM,OCWA,Orange-crowned Warbler,LEIOTHLYPIS CELATA,1,42230,1,Song,66.36,1.96,-56.96,f,,Brandon Law,22,,
PC,10,WLNP-8-4,868,,-113.835936,49.056738,,,7040,2018-07-06 05:26:00,9907,Transcribed,180s,1SPM,SWTH,Swainson's Thrush,CATHARUS USTULATUS,1,42235,1,Song,88.01,1.44,-51.73,f,,Brandon Law,22,,
PC,10,WLNP-8-4,868,,-113.835936,49.056738,,,7040,2018-07-06 05:26:00,9907,Transcribed,180s,1SPM,SWTH,Swainson's Thrush,CATHARUS USTULATUS,1,42237,1,Song,120.40,2.66,-34.22,f,,Brandon Law,22,,
PC,10,WLNP-8-4,868,,-113.835936,49.056738,,,6970,2018-07-10 05:30:00,9973,Transcribed,180s,1SPM,OCWA,Orange-crowned Warbler,LEIOTHLYPIS CELATA,1,41679,1,Song,66.63,1.73,-42.62,f,,Jillian Slater,25,,
PC,10,WLNP-8-4,868,,-113.835936,49.056738,,,6970,2018-07-10 05:30:00,9973,Transcribed,180s,1SPM,WCSP,White-crowned Sparrow,ZONOTRICHIA LEUCOPHRYS,1,41682,1,Song,62.36,2.59,-34.49,f,,Jillian Slater,25,,
PC,10,WLNP-8-4,868,,-113.835936,49.056738,,,6970,2018-07-10 05:30:00,9973,Transcribed,180s,1SPM,LIBA,Light Background Noise,"",1,41704,1,Song,166.61,5.90,-37.14,f,,Jillian Slater,25,,
PC,10,WLNP-8-4,868,,-113.835936,49.056738,,,6970,2018-07-10 05:30:00,9973,Transcribed,180s,1SPM,LIBA,Light Background Noise,"",1,41675,1,Song,37.89,4.54,-46.03,f,,Jillian Slater,25,,
PC,10,WLNP-8-4,868,,-113.835936,49.056738,,,6970,2018-07-10 05:30:00,9973,Transcribed,180s,1SPM,WETA,Western Tanager,PIRANGA LUDOVICIANA,1,41563,1,Song,1.15,2.81,-50.53,f,,Jillian Slater,25,,
PC,10,WLNP-8-4,868,,-113.835936,49.056738,,,6970,2018-07-10 05:30:00,9973,Transcribed,180s,1SPM,WETA,Western Tanager,PIRANGA LUDOVICIANA,1,41683,1,Song,65.40,4.84,-46.98,f,,Jillian Slater,25,,
PC,10,WLNP-8-4,868,,-113.835936,49.056738,,,6970,2018-07-10 05:30:00,9973,Transcribed,180s,1SPM,MGWA,MacGillivray's Warbler,GEOTHLYPIS TOLMIEI,1,41725,1,Song,28.85,1.59,-58.41,f,,Jillian Slater,25,,
PC,10,WLNP-8-4,868,,-113.835936,49.056738,,,6970,2018-07-10 05:30:00,9973,Transcribed,180s,1SPM,PISI,Pine Siskin,SPINUS PINUS,1,41673,1,Call,24.00,3.54,-65.32,f,,Jillian Slater,25,,
PC,10,WLNP-8-4,868,,-113.835936,49.056738,,,6970,2018-07-10 05:30:00,9973,Transcribed,180s,1SPM,UNPA,Unidentified Passerine,"",1,41655,1,Song,2.03,2.80,-50.11,f,,Jillian Slater,25,,
PC,10,WLNP-8-4,868,,-113.835936,49.056738,,,6970,2018-07-10 05:30:00,9973,Transcribed,180s,1SPM,UNPA,Unidentified Passerine,"",2,41670,1,Song,5.26,0.65,-65.69,f,,Jillian Slater,25,,
PC,10,WLNP-8-4,868,,-113.835936,49.056738,,,6970,2018-07-10 05:30:00,9973,Transcribed,180s,1SPM,WAVI,Warbling Vireo,VIREO GILVUS,1,41651,TMTT,Song,2.73,8.66,-46.55,f,,Jillian Slater,25,AE: 3-4,
PC,10,WLNP-8-4,868,,-113.835936,49.056738,,,6970,2018-07-10 05:30:00,9973,Transcribed,180s,1SPM,WAVI,Warbling Vireo,VIREO GILVUS,1,41756,TMTT,Song,61.15,12.60,-34.68,f,,Jillian Slater,25,AE: 3-4,
PC,10,WLNP-8-4,868,,-113.835936,49.056738,,,6970,2018-07-10 05:30:00,9973,Transcribed,180s,1SPM,WAVI,Warbling Vireo,VIREO GILVUS,1,41690,TMTT,Song,120.03,13.21,-42.73,f,,Jillian Slater,25,AE: 3-4,
PC,10,WLNP-8-4,868,,-113.835936,49.056738,,,6970,2018-07-10 05:30:00,9973,Transcribed,180s,1SPM,WTSP,White-throated Sparrow,ZONOTRICHIA ALBICOLLIS,1,41714,1,Song,6.40,2.65,-53.73,f,,Jillian Slater,25,,
PC,10,WLNP-8-4,868,,-113.835936,49.056738,,,6970,2018-07-10 05:30:00,9973,Transcribed,180s,1SPM,WTSP,White-throated Sparrow,ZONOTRICHIA ALBICOLLIS,2,41665,1,Song,20.80,2.30,-51.36,f,,Jillian Slater,25,,
PC,10,WLNP-8-4,868,,-113.835936,49.056738,,,6970,2018-07-10 05:30:00,9973,Transcribed,180s,1SPM,WTSP,White-throated Sparrow,ZONOTRICHIA ALBICOLLIS,2,41747,1,Song,113.05,1.89,-60.34,f,,Jillian Slater,25,,
PC,10,WLNP-8-4,868,,-113.835936,49.056738,,,6970,2018-07-10 05:30:00,9973,Transcribed,180s,1SPM,DEJU,Dark-eyed Junco,JUNCO HYEMALIS,1,41687,1,Song,123.31,2.09,-64.76,f,,Jillian Slater,25,,
PC,10,WLNP-8-4,868,,-113.835936,49.056738,,,6970,2018-07-10 05:30:00,9973,Transcribed,180s,1SPM,OCWA,Orange-crowned Warbler,LEIOTHLYPIS CELATA,1,41692,1,Song,125.95,2.29,-42.91,f,,Jillian Slater,25,,
PC,10,WLNP-8-4,868,,-113.835936,49.056738,,,6970,2018-07-10 05:30:00,9973,Transcribed,180s,1SPM,WCSP,White-crowned Sparrow,ZONOTRICHIA LEUCOPHRYS,1,41701,1,Song,152.25,2.89,-53.61,f,,Jillian Slater,25,,
PC,10,WLNP-8-4,868,,-113.835936,49.056738,,,6970,2018-07-10 05:30:00,9973,Transcribed,180s,1SPM,RESQ,Red Squirrel,TAMIASCIURUS HUDSONICUS,1,41695,1,Call,145.20,4.09,-39.46,f,,Jillian Slater,25,,
PC,10,WLNP-8-4,868,,-113.835936,49.056738,,,6970,2018-07-10 05:30:00,9973,Transcribed,180s,1SPM,DOGG,Domestic Dog,CANIS LUPUS FAMILIARIS,1,41688,1,Call,125.26,3.69,-32.84,f,,Jillian Slater,25,,
PC,10,WLNP-8-4,868,,-113.835936,49.056738,,,6970,2018-07-10 05:30:00,9973,Transcribed,180s,1SPM,SWTH,Swainson's Thrush,CATHARUS USTULATUS,1,41693,1,Song,129.13,1.55,-61.15,f,,Jillian Slater,25,,
PC,10,WLNP-8-4,868,,-113.835936,49.056738,,,6970,2018-07-10 05:30:00,9973,Transcribed,180s,1SPM,SWTH,Swainson's Thrush,CATHARUS USTULATUS,1,41558,1,Song,0.04,1.25,-51.68,f,,Jillian Slater,25,,
PC,10,WLNP-8-4,868,,-113.835936,49.056738,,,6970,2018-07-10 05:30:00,9973,Transcribed,180s,1SPM,SWTH,Swainson's Thrush,CATHARUS USTULATUS,1,41681,1,Song,60.01,1.49,-53.34,f,,Jillian Slater,25,,
PC,10,WLNP-8-4,868,,-113.835936,49.056738,,,6970,2018-07-10 05:30:00,9973,Transcribed,180s,1SPM,OCWA,Orange-crowned Warbler,LEIOTHLYPIS CELATA,1,41677,1,Song,44.04,1.45,-42.3,f,,Jillian Slater,25,,
PC,10,WLNP-8-4,868,,-113.835936,49.056738,,,6970,2018-07-10 05:30:00,9973,Transcribed,180s,1SPM,WCSP,White-crowned Sparrow,ZONOTRICHIA LEUCOPHRYS,1,41659,1,Song,11.45,2.50,-40.7,f,,Jillian Slater,25,,
