organization,project,project_id,location,location_id,recording_date_time,recording_id,task_method,task_id,aru_task_status,species_code,species_common_name,species_scientific_name,species_class,detection_time,task_duration,tag_duration,min_tag_freq,max_tag_freq,tag_id,individual_order,vocalization,abundance,tag_rating,tag_is_verified,clip_channel_used,observer,observer_id,verifier_id,left_full_freq_tag_rms_peak_dbfs,left_full_freq_tag_rms_trough_dbfs,left_full_freq_tag_pk_count,left_full_freq_tag_dc_offset,left_full_freq_tag_min_level,left_full_freq_tag_max_level,left_full_freq_tag_peak_level_dbfs,left_freq_filter_tag_rms_peak_dbfs,left_freq_filter_tag_rms_trough_dbfs,left_freq_filter_tag_pk_count,left_freq_filter_tag_dc_offset,left_freq_filter_tag_min_level,left_freq_filter_tag_max_level,left_freq_filter_tag_peak_level_dbfs,right_full_freq_tag_rms_peak_dbfs,right_full_freq_tag_rms_trough_dbfs,right_full_freq_tag_pk_count,right_full_freq_tag_dc_offset,right_full_freq_tag_min_level,right_full_freq_tag_max_level,right_full_freq_tag_peak_level_dbfs,right_freq_filter_tag_rms_peak_dbfs,right_freq_filter_tag_rms_trough_dbfs,right_freq_filter_tag_pk_count,right_freq_filter_tag_dc_offset,right_freq_filter_tag_min_level,right_freq_filter_tag_max_level,right_freq_filter_tag_peak_level_dbfs,tagged_in_wildtrax,media_url,spectrogram_url,clip_url
PC,Waterton Lakes National Park Aquatic Conservation and Restoration ARU Pilot Program 2021,862,WLNP-AQP-2,238274,2021-07-07 05:11:00,354561,1SPT,331426,Transcribed,WCSP,White-crowned Sparrow,ZONOTRICHIA LEUCOPHRYS,Aves,0.03,180.00,0.90,2.33kHz,6.54kHz,2693551,1,Song,1,,f,2,Alana Demko,532,,-29.34,-30.01,2,0.030718,-0.007161,0.038399,-28.31,-63.84,-69.12,2,0,-0.009822,0.011272,-38.96,-33.11,-33.6,2,0.020186,-0.006299,0.02673,-31.46,-64.52,-70.74,2,0,-0.007704,0.008891,-41.02,t,https://portal.wildtrax.ca/home/aru-tasks/recording.html?taskId=331426,https://wildtrax-aru.s3.us-west-2.amazonaws.com/5c7b19f6-a530-4cd7-8774-5f0ab8708fb0/65709550fe18401da34b4f8f59c890d0.jpg,https://wildtrax-aru.s3.us-west-2.amazonaws.com/5c7b19f6-a530-4cd7-8774-5f0ab8708fb0/65709550fe18401da34b4f8f59c890d0.mp3
PC,Waterton Lakes National Park Aquatic Conservation and Restoration ARU Pilot Program 2021,862,WLNP-AQP-2,238274,2021-07-07 05:11:00,354561,1SPT,331426,Transcribed,DEJU,Dark-eyed Junco,JUNCO HYEMALIS,Aves,0.70,180.00,1.88,3.36kHz,6.30kHz,2693552,1,Song,1,,f,1,Alana Demko,532,,-29.55,-29.96,2,0.031747,-0.007136,0.03843,-28.31,-69.13,-72.5,2,0,-0.001151,0.001182,-58.55,-33.16,-33.67,2,0.020851,-0.004112,0.026165,-31.65,-70.53,-73.2,2,0,-0.001111,0.001018,-59.08,t,https://portal.wildtrax.ca/home/aru-tasks/recording.html?taskId=331426,https://wildtrax-aru.s3.us-west-2.amazonaws.com/5c7b19f6-a530-4cd7-8774-5f0ab8708fb0/1774887da26a4cc5ae12f21cfd3e8f9e.jpg,https://wildtrax-aru.s3.us-west-2.amazonaws.com/5c7b19f6-a530-4cd7-8774-5f0ab8708fb0/1774887da26a4cc5ae12f21cfd3e8f9e.mp3
PC,Waterton Lakes National Park Aquatic Conservation and Restoration ARU Pilot Program 2021,862,WLNP-AQP-2,238274,2021-07-07 05:11:00,354561,1SPT,331426,Transcribed,AMRO,American Robin,TURDUS MIGRATORIUS,Aves,0.91,180.00,2.14,1.26kHz,3.92kHz,2693550,1,Song,1,,f,2,Alana Demko,532,,-29.54,-29.95,2,0.031887,-0.007324,0.038569,-28.28,-62.87,-70.87,2,0,-0.002717,0.002427,-51.32,-33.17,-33.7,2,0.020901,-0.004928,0.025865,-31.75,-64.76,-72.77,2,0,-0.001861,0.001869,-54.57,t,https://portal.wildtrax.ca/home/aru-tasks/recording.html?taskId=331426,https://wildtrax-aru.s3.us-west-2.amazonaws.com/5c7b19f6-a530-4cd7-8774-5f0ab8708fb0/d746aa5278534633bb98c7cd5649cea4.jpg,https://wildtrax-aru.s3.us-west-2.amazonaws.com/5c7b19f6-a530-4cd7-8774-5f0ab8708fb0/d746aa5278534633bb98c7cd5649cea4.mp3
PC,Waterton Lakes National Park Aquatic Conservation and Restoration ARU Pilot Program 2021,862,WLNP-AQP-2,238274,2021-07-07 05:11:00,354561,1SPT,331426,Transcribed,SPSA,Spotted Sandpiper,ACTITIS MACULARIUS,Aves,1.65,180.00,2.14,1.96kHz,4.20kHz,2693554,1,Song,1,,f,1,Alana Demko,532,,-29.51,-30.05,2,0.031602,-0.006872,0.037877,-28.43,-62.98,-71.37,2,0,-0.002151,0.002061,-53.35,-33.17,-33.68,2,0.02068,-0.004887,0.025901,-31.73,-65.02,-72.81,2,0,-0.001947,0.001983,-54.05,t,https://portal.wildtrax.ca/home/aru-tasks/recording.html?taskId=331426,https://wildtrax-aru.s3.us-west-2.amazonaws.com/5c7b19f6-a530-4cd7-8774-5f0ab8708fb0/d024a49440aa459db6a997ab96e1540e.jpg,https://wildtrax-aru.s3.us-west-2.amazonaws.com/5c7b19f6-a530-4cd7-8774-5f0ab8708fb0/d024a49440aa459db6a997ab96e1540e.mp3
PC,Waterton Lakes National Park Aquatic Conservation and Restoration ARU Pilot Program 2021,862,WLNP-AQP-2,238274,2021-07-07 05:11:00,354561,1SPT,331426,Transcribed,AMRO,American Robin,TURDUS MIGRATORIUS,Aves,11.58,180.00,0.63,0.05kHz,2.47kHz,2693555,2,Call,1,,f,1,Alana Demko,532,,-29.43,-29.99,2,0.029279,-0.007308,0.039047,-28.17,-32.39,-32.95,2,-0.019914,-0.026469,0.005178,-31.55,-33.32,-33.65,2,0.019028,-0.004751,0.025263,-31.95,-36.27,-36.71,2,-0.012953,-0.017614,0.003331,-35.08,t,https://portal.wildtrax.ca/home/aru-tasks/recording.html?taskId=331426,https://wildtrax-aru.s3.us-west-2.amazonaws.com/5c7b19f6-a530-4cd7-8774-5f0ab8708fb0/aab93270e84a4f74a15477015afddcb6.jpg,https://wildtrax-aru.s3.us-west-2.amazonaws.com/5c7b19f6-a530-4cd7-8774-5f0ab8708fb0/aab93270e84a4f74a15477015afddcb6.mp3
PC,Waterton Lakes National Park Aquatic Conservation and Restoration ARU Pilot Program 2021,862,WLNP-AQP-2,238274,2021-07-07 05:11:00,354561,1SPT,331426,Transcribed,WCSP,White-crowned Sparrow,ZONOTRICHIA LEUCOPHRYS,Aves,17.33,180.00,1.98,1.82kHz,6.02kHz,2693553,2,Song,1,,f,1,Alana Demko,532,,-29.37,-30.14,2,0.031582,-0.007429,0.039005,-28.18,-58.4,-69.06,2,0,-0.003123,0.00316,-50.01,-32.85,-33.93,2,0.020653,-0.0047,0.026587,-31.51,-61.84,-70.68,2,0,-0.002321,0.002059,-52.69,t,https://portal.wildtrax.ca/home/aru-tasks/recording.html?taskId=331426,https://wildtrax-aru.s3.us-west-2.amazonaws.com/5c7b19f6-a530-4cd7-8774-5f0ab8708fb0/bf21b15445264c17b37b33597dba57d4.jpg,https://wildtrax-aru.s3.us-west-2.amazonaws.com/5c7b19f6-a530-4cd7-8774-5f0ab8708fb0/bf21b15445264c17b37b33597dba57d4.mp3
PC,Waterton Lakes National Park Aquatic Conservation and Restoration ARU Pilot Program 2021,862,WLNP-AQP-2,238274,2021-07-07 05:11:00,354561,1SPT,331426,Transcribed,UNDU,Unidentified Duck,"",Aves,142.80,180.00,5.24,0.14kHz,1.82kHz,2693549,1,Non-vocal,1,,f,1,Alana Demko,532,,-28.28,-31.23,2,0.032214,-0.006622,0.049179,-26.16,-37.41,-40.36,2,-0.011189,-0.018765,0.00264,-34.53,-32.93,-34.11,2,0.020882,-0.005142,0.031468,-30.04,-42.03,-43.26,2,-0.007247,-0.011823,0.002135,-38.55,t,https://portal.wildtrax.ca/home/aru-tasks/recording.html?taskId=331426,https://wildtrax-aru.s3.us-west-2.amazonaws.com/5c7b19f6-a530-4cd7-8774-5f0ab8708fb0/2a2290a5d6c248529959baa8c20f0333.jpg,https://wildtrax-aru.s3.us-west-2.amazonaws.com/5c7b19f6-a530-4cd7-8774-5f0ab8708fb0/2a2290a5d6c248529959baa8c20f0333.mp3
PC,Waterton Lakes National Park Aquatic Conservation and Restoration ARU Pilot Program 2021,862,WLNP-AQP-2,238274,2021-07-13 05:16:00,354575,1SPT,331440,Transcribed,WCSP,White-crowned Sparrow,ZONOTRICHIA LEUCOPHRYS,Aves,1.03,180.00,2.78,1.31kHz,6.16kHz,2689272,1,Song,1,2,t,1,Marcus Sommers,1224,15,-25.97,-31.91,2,0.031848,-0.007604,0.062376,-24.1,-60.84,-70.75,2,0,-0.002595,0.002641,-51.57,-32.15,-34.45,2,0.020788,-0.006185,0.031393,-30.06,-64.41,-71.68,2,0,-0.00258,0.002257,-51.77,t,https://portal.wildtrax.ca/home/aru-tasks/recording.html?taskId=331440,https://wildtrax-aru.s3.us-west-2.amazonaws.com/4a675e27-61e4-41c5-994b-830b0c6585b0/658ae0c6fff64223be490937bd6e7e4a.jpg,https://wildtrax-aru.s3.us-west-2.amazonaws.com/4a675e27-61e4-41c5-994b-830b0c6585b0/658ae0c6fff64223be490937bd6e7e4a.mp3
PC,Waterton Lakes National Park Aquatic Conservation and Restoration ARU Pilot Program 2021,862,WLNP-AQP-2,238274,2021-07-13 05:16:00,354575,1SPT,331440,Transcribed,WCSP,White-crowned Sparrow,ZONOTRICHIA LEUCOPHRYS,Aves,4.16,180.00,2.93,1.49kHz,6.49kHz,2689271,2,Song,1,3,t,1,Marcus Sommers,1224,15,-24.69,-31.8,2,0.032116,-0.069227,0.091938,-20.73,-48.81,-69.8,2,0,-0.007719,0.007561,-42.25,-31.6,-35.39,2,0.020866,-0.005545,0.032885,-29.66,-54.11,-71.05,2,0,-0.0063,0.006032,-44.01,t,https://portal.wildtrax.ca/home/aru-tasks/recording.html?taskId=331440,https://wildtrax-aru.s3.us-west-2.amazonaws.com/4a675e27-61e4-41c5-994b-830b0c6585b0/14ad4ed14a0d414e840cdd0501bc1a92.jpg,https://wildtrax-aru.s3.us-west-2.amazonaws.com/4a675e27-61e4-41c5-994b-830b0c6585b0/14ad4ed14a0d414e840cdd0501bc1a92.mp3
PC,Waterton Lakes National Park Aquatic Conservation and Restoration ARU Pilot Program 2021,862,WLNP-AQP-2,238274,2021-07-13 05:16:00,354575,1SPT,331440,Transcribed,HETH,Hermit Thrush,CATHARUS GUTTATUS,Aves,7.15,180.00,1.91,1.35kHz,5.74kHz,2689273,1,Song,1,,f,1,Marcus Sommers,1224,,-24.46,-31.77,2,0.03208,-0.03038,0.091153,-20.8,-37.71,-69.1,2,0,-0.034783,0.034888,-29.15,-30.96,-35.11,2,0.020778,-0.008474,0.044369,-27.06,-40.68,-70.91,2,0,-0.023409,0.023758,-32.48,t,https://portal.wildtrax.ca/home/aru-tasks/recording.html?taskId=331440,https://wildtrax-aru.s3.us-west-2.amazonaws.com/4a675e27-61e4-41c5-994b-830b0c6585b0/ed579559c66644b8a969c4abbc127a09.jpg,https://wildtrax-aru.s3.us-west-2.amazonaws.com/4a675e27-61e4-41c5-994b-830b0c6585b0/ed579559c66644b8a969c4abbc127a09.mp3
PC,Waterton Lakes National Park Aquatic Conservation and Restoration ARU Pilot Program 2021,862,WLNP-AQP-2,238274,2021-07-13 05:16:00,354575,1SPT,331440,Transcribed,SPSA,Spotted Sandpiper,ACTITIS MACULARIUS,Aves,8.45,180.00,3.08,0.79kHz,10.79kHz,2689275,1,Call,1,,f,1,Marcus Sommers,1224,,-22.76,-32.82,2,0.031691,-0.048828,0.129982,-17.72,-31.75,-65.81,2,0,-0.064046,0.062752,-23.87,-31.3,-34.29,2,0.021078,-0.025366,0.068409,-23.3,-36.75,-66.17,2,0,-0.044418,0.044561,-27.02,t,https://portal.wildtrax.ca/home/aru-tasks/recording.html?taskId=331440,https://wildtrax-aru.s3.us-west-2.amazonaws.com/4a675e27-61e4-41c5-994b-830b0c6585b0/fe9c3e36e4e94dcabcbbb62c752c5bf7.jpg,https://wildtrax-aru.s3.us-west-2.amazonaws.com/4a675e27-61e4-41c5-994b-830b0c6585b0/fe9c3e36e4e94dcabcbbb62c752c5bf7.mp3
PC,Waterton Lakes National Park Aquatic Conservation and Restoration ARU Pilot Program 2021,862,WLNP-AQP-2,238274,2021-07-13 05:16:00,354575,1SPT,331440,Transcribed,AMRO,American Robin,TURDUS MIGRATORIUS,Aves,13.85,180.00,3.73,1.07kHz,4.53kHz,2689274,1,Song,1,,f,1,Marcus Sommers,1224,,-19.24,-31.58,2,0.032218,-0.080031,0.168292,-15.48,-57.38,-70.21,2,0,-0.006132,0.006182,-44.18,-30.82,-36.23,2,0.020834,-0.005703,0.040133,-27.93,-58.7,-70.6,2,0,-0.004323,0.004547,-46.85,t,https://portal.wildtrax.ca/home/aru-tasks/recording.html?taskId=331440,https://wildtrax-aru.s3.us-west-2.amazonaws.com/4a675e27-61e4-41c5-994b-830b0c6585b0/be175e0ff75b4492b1160347c1b6a3fa.jpg,https://wildtrax-aru.s3.us-west-2.amazonaws.com/4a675e27-61e4-41c5-994b-830b0c6585b0/be175e0ff75b4492b1160347c1b6a3fa.mp3
PC,Waterton Lakes National Park Aquatic Conservation and Restoration ARU Pilot Program 2021,862,WLNP-AQP-2,238274,2021-07-13 05:16:00,354575,1SPT,331440,Transcribed,WISN,Wilson's Snipe,GALLINAGO DELICATA,Aves,16.46,180.00,2.81,1.17kHz,4.81kHz,2689277,1,Song,1,,f,1,Marcus Sommers,1224,,-26.2,-31.68,2,0.032213,-0.011429,0.08362,-21.55,-58.14,-71,2,0,-0.004214,0.004238,-47.46,-32.51,-34.29,2,0.020826,-0.004139,0.028261,-30.98,-61.11,-72.19,2,0,-0.003387,0.003283,-49.4,t,https://portal.wildtrax.ca/home/aru-tasks/recording.html?taskId=331440,https://wildtrax-aru.s3.us-west-2.amazonaws.com/4a675e27-61e4-41c5-994b-830b0c6585b0/74b8e0829a6d435f9a82a90835684e30.jpg,https://wildtrax-aru.s3.us-west-2.amazonaws.com/4a675e27-61e4-41c5-994b-830b0c6585b0/74b8e0829a6d435f9a82a90835684e30.mp3
PC,Waterton Lakes National Park Aquatic Conservation and Restoration ARU Pilot Program 2021,862,WLNP-AQP-2,238274,2021-07-13 05:16:00,354575,1SPT,331440,Transcribed,DEJU,Dark-eyed Junco,JUNCO HYEMALIS,Aves,38.46,180.00,2.54,2.89kHz,6.68kHz,2689279,1,Song,1,,f,2,Marcus Sommers,1224,,-29.46,-30.01,2,0.031844,-0.007309,0.038493,-28.29,-69.05,-73.12,2,0,-0.001233,0.001181,-58.18,-32.9,-33.84,2,0.02068,-0.005092,0.028103,-31.03,-67.41,-73.92,2,0,-0.001288,0.001594,-55.95,t,https://portal.wildtrax.ca/home/aru-tasks/recording.html?taskId=331440,https://wildtrax-aru.s3.us-west-2.amazonaws.com/4a675e27-61e4-41c5-994b-830b0c6585b0/27f63664f8204953ac4aa010032f9bd6.jpg,https://wildtrax-aru.s3.us-west-2.amazonaws.com/4a675e27-61e4-41c5-994b-830b0c6585b0/27f63664f8204953ac4aa010032f9bd6.mp3
PC,Waterton Lakes National Park Aquatic Conservation and Restoration ARU Pilot Program 2021,862,WLNP-AQP-2,238274,2021-07-13 05:16:00,354575,1SPT,331440,Transcribed,WCSP,White-crowned Sparrow,ZONOTRICHIA LEUCOPHRYS,Aves,44.09,180.00,2.44,1.73kHz,6.40kHz,2689278,3,Song,1,2,t,2,Marcus Sommers,1224,15,-29.42,-30.06,2,0.031937,-0.007686,0.039834,-27.99,-62.19,-70.85,2,0,-0.002148,0.002098,-53.36,-33.04,-33.9,2,0.02073,-0.005291,0.027849,-31.1,-63.07,-71.76,2,0,-0.002006,0.001888,-53.95,t,https://portal.wildtrax.ca/home/aru-tasks/recording.html?taskId=331440,https://wildtrax-aru.s3.us-west-2.amazonaws.com/4a675e27-61e4-41c5-994b-830b0c6585b0/6f670917c7b94043ae355cdb1d5f40ae.jpg,https://wildtrax-aru.s3.us-west-2.amazonaws.com/4a675e27-61e4-41c5-994b-830b0c6585b0/6f670917c7b94043ae355cdb1d5f40ae.mp3
PC,Waterton Lakes National Park Aquatic Conservation and Restoration ARU Pilot Program 2021,862,WLNP-AQP-2,238274,2021-07-13 05:16:00,354575,1SPT,331440,Transcribed,SPSA,Spotted Sandpiper,ACTITIS MACULARIUS,Aves,52.66,180.00,8.40,0.51kHz,5.84kHz,2689276,2,Call,1,,f,2,Marcus Sommers,1224,,-28.62,-31.26,2,0.032468,-0.006941,0.04527,-26.88,-52.08,-67.42,2,-0.000002,-0.008444,0.008626,-41.28,-32.85,-33.93,2,0.021085,-0.004687,0.035766,-28.93,-48.46,-68.34,2,-0.000002,-0.011529,0.011483,-38.76,t,https://portal.wildtrax.ca/home/aru-tasks/recording.html?taskId=331440,https://wildtrax-aru.s3.us-west-2.amazonaws.com/4a675e27-61e4-41c5-994b-830b0c6585b0/f0f3d3e45b2d44d0a319cadb708cfa87.jpg,https://wildtrax-aru.s3.us-west-2.amazonaws.com/4a675e27-61e4-41c5-994b-830b0c6585b0/f0f3d3e45b2d44d0a319cadb708cfa87.mp3
PC,Waterton Lakes National Park Aquatic Conservation and Restoration ARU Pilot Program 2021,862,WLNP-AQP-2,238274,2021-07-13 05:16:00,354575,1SPT,331440,Transcribed,UNBI,Unidentified bird,"",Aves,87.66,180.00,1.20,0.00kHz,4.06kHz,2689280,1,Call,1,,f,1,Marcus Sommers,1224,,-27.28,-31.1,2,0.03116,-0.016657,0.063011,-24.01,-27.73,-31.55,2,0.028616,-0.015155,0.059091,-24.57,-32.6,-34.52,2,0.020378,-0.005353,0.03097,-30.18,-33.05,-34.97,2,0.018866,-0.00492,0.02915,-30.71,t,https://portal.wildtrax.ca/home/aru-tasks/recording.html?taskId=331440,https://wildtrax-aru.s3.us-west-2.amazonaws.com/4a675e27-61e4-41c5-994b-830b0c6585b0/3014449b52f14d5bb889e771b6b71293.jpg,https://wildtrax-aru.s3.us-west-2.amazonaws.com/4a675e27-61e4-41c5-994b-830b0c6585b0/3014449b52f14d5bb889e771b6b71293.mp3
PC,Waterton Lakes National Park Aquatic Conservation and Restoration ARU Pilot Program 2021,862,WLNP-AQP-2,238274,2021-07-13 20:37:00,354566,1SPT,331431,Transcribed,PISI,Pine Siskin,SPINUS PINUS,Aves,0.03,180.00,0.89,1.73kHz,6.54kHz,2693407,1,Song,1,,f,1,Joel Kwek,822,,-29.34,-30.25,2,0.030439,-0.007136,0.0437,-27.19,-54.11,-72.08,2,0,-0.008666,0.010403,-39.66,-32.71,-34.12,2,0.019918,-0.00668,0.029593,-30.58,-56.67,-71.44,2,0,-0.007525,0.008178,-41.75,t,https://portal.wildtrax.ca/home/aru-tasks/recording.html?taskId=331431,https://wildtrax-aru.s3.us-west-2.amazonaws.com/b28fdd4a-89a9-4a5e-9ce7-3c8ed0f2f7fc/f869bbd7c3ec442084cce01872cf5bff.jpg,https://wildtrax-aru.s3.us-west-2.amazonaws.com/b28fdd4a-89a9-4a5e-9ce7-3c8ed0f2f7fc/f869bbd7c3ec442084cce01872cf5bff.mp3
PC,Waterton Lakes National Park Aquatic Conservation and Restoration ARU Pilot Program 2021,862,WLNP-AQP-2,238274,2021-07-13 20:37:00,354566,1SPT,331431,Transcribed,SPSA,Spotted Sandpiper,ACTITIS MACULARIUS,Aves,0.04,180.00,5.41,1.82kHz,4.58kHz,2693399,1,Call,1,,f,1,Joel Kwek,822,,-29.36,-30.27,2,0.031948,-0.00544,0.04417,-27.1,-54.77,-75.58,2,0,-0.008732,0.008018,-41.18,-32.75,-34.16,2,0.020926,-0.003609,0.029819,-30.51,-57.23,-75.75,2,0,-0.005619,0.005781,-44.76,t,https://portal.wildtrax.ca/home/aru-tasks/recording.html?taskId=331431,https://wildtrax-aru.s3.us-west-2.amazonaws.com/b28fdd4a-89a9-4a5e-9ce7-3c8ed0f2f7fc/e3a8541e3ae244c3925c00a4f0d8bfa1.jpg,https://wildtrax-aru.s3.us-west-2.amazonaws.com/b28fdd4a-89a9-4a5e-9ce7-3c8ed0f2f7fc/e3a8541e3ae244c3925c00a4f0d8bfa1.mp3
PC,Waterton Lakes National Park Aquatic Conservation and Restoration ARU Pilot Program 2021,862,WLNP-AQP-2,238274,2021-07-13 20:37:00,354566,1SPT,331431,Transcribed,WCSP,White-crowned Sparrow,ZONOTRICHIA LEUCOPHRYS,Aves,9.29,180.00,2.16,1.54kHz,4.53kHz,2693401,1,Song,1,,f,1,Joel Kwek,822,,-29.64,-30.01,2,0.031417,-0.006949,0.041253,-27.69,-58.68,-73.34,2,0,-0.009443,0.008422,-40.5,-33.25,-33.81,2,0.020525,-0.004651,0.027621,-31.18,-59.41,-73.42,2,0,-0.006071,0.006103,-44.29,t,https://portal.wildtrax.ca/home/aru-tasks/recording.html?taskId=331431,https://wildtrax-aru.s3.us-west-2.amazonaws.com/b28fdd4a-89a9-4a5e-9ce7-3c8ed0f2f7fc/62880b0dd7a0473bb4d2b10787c2a1fc.jpg,https://wildtrax-aru.s3.us-west-2.amazonaws.com/b28fdd4a-89a9-4a5e-9ce7-3c8ed0f2f7fc/62880b0dd7a0473bb4d2b10787c2a1fc.mp3
PC,Waterton Lakes National Park Aquatic Conservation and Restoration ARU Pilot Program 2021,862,WLNP-AQP-2,238274,2021-07-13 20:37:00,354566,1SPT,331431,Transcribed,AMRO,American Robin,TURDUS MIGRATORIUS,Aves,21.36,180.00,1.14,0.37kHz,2.19kHz,2693408,1,Call,1,,f,2,Joel Kwek,822,,-29.7,-30.01,2,0.030918,-0.007446,0.04079,-27.79,-65.96,-67.36,2,-0.000325,-0.002304,0.001461,-52.75,-33.23,-33.81,2,0.020271,-0.004995,0.029315,-30.66,-66.8,-69.01,2,-0.000213,-0.002207,0.001946,-53.12,t,https://portal.wildtrax.ca/home/aru-tasks/recording.html?taskId=331431,https://wildtrax-aru.s3.us-west-2.amazonaws.com/b28fdd4a-89a9-4a5e-9ce7-3c8ed0f2f7fc/1f9f9898f6c44327aa3af4eceef41f1a.jpg,https://wildtrax-aru.s3.us-west-2.amazonaws.com/b28fdd4a-89a9-4a5e-9ce7-3c8ed0f2f7fc/1f9f9898f6c44327aa3af4eceef41f1a.mp3
PC,Waterton Lakes National Park Aquatic Conservation and Restoration ARU Pilot Program 2021,862,WLNP-AQP-2,238274,2021-07-13 20:37:00,354566,1SPT,331431,Transcribed,UNBI,Unidentified bird,"",Aves,100.44,180.00,0.64,0.09kHz,3.97kHz,2693405,1,Call,1,,f,2,Joel Kwek,822,,-29.7,-30.01,2,0.029997,-0.007162,0.042114,-27.51,-35.1,-35.42,2,-0.015403,-0.025485,0.004077,-31.87,-33.24,-33.7,2,0.01967,-0.00509,0.028345,-30.95,-38.63,-39.11,2,-0.010102,-0.017524,0.002986,-35.13,t,https://portal.wildtrax.ca/home/aru-tasks/recording.html?taskId=331431,https://wildtrax-aru.s3.us-west-2.amazonaws.com/b28fdd4a-89a9-4a5e-9ce7-3c8ed0f2f7fc/9d776473bcd14f4bb9cd8c2cb8c8ea96.jpg,https://wildtrax-aru.s3.us-west-2.amazonaws.com/b28fdd4a-89a9-4a5e-9ce7-3c8ed0f2f7fc/9d776473bcd14f4bb9cd8c2cb8c8ea96.mp3
PC,Waterton Lakes National Park Aquatic Conservation and Restoration ARU Pilot Program 2021,862,WLNP-AQP-2,238274,2021-07-15 08:18:00,354470,1SPT,331335,Transcribed,WCSP,White-crowned Sparrow,ZONOTRICHIA LEUCOPHRYS,Aves,0.04,180.00,1.89,1.40kHz,5.56kHz,2689117,1,Song,1,2,t,1,Marcus Sommers,1224,15,-29.54,-30.13,2,0.031367,-0.005736,0.04013,-27.93,-62.73,-71.37,2,0,-0.002071,0.002099,-53.56,-32.31,-34.65,2,0.020633,-0.003506,0.031811,-29.95,-63.25,-70.43,2,0,-0.002525,0.002373,-51.96,t,https://portal.wildtrax.ca/home/aru-tasks/recording.html?taskId=331335,https://wildtrax-aru.s3.us-west-2.amazonaws.com/aba9b448-c8f4-46aa-beab-7a8b1c1d7039/bc174e8544e148159c9509b0110fe3a8.jpg,https://wildtrax-aru.s3.us-west-2.amazonaws.com/aba9b448-c8f4-46aa-beab-7a8b1c1d7039/bc174e8544e148159c9509b0110fe3a8.mp3
PC,Waterton Lakes National Park Aquatic Conservation and Restoration ARU Pilot Program 2021,862,WLNP-AQP-2,238274,2021-07-15 08:18:00,354470,1SPT,331335,Transcribed,PISI,Pine Siskin,SPINUS PINUS,Aves,1.24,180.00,1.51,2.24kHz,9.11kHz,2689116,1,Song,1,,f,2,Marcus Sommers,1224,,-29.49,-30.12,2,0.031062,-0.006997,0.0402,-27.92,-64.06,-71.22,2,0,-0.002296,0.002184,-52.78,-32.12,-34.54,2,0.020463,-0.004712,0.032475,-29.77,-63.13,-70.89,2,0,-0.002459,0.002948,-50.61,t,https://portal.wildtrax.ca/home/aru-tasks/recording.html?taskId=331335,https://wildtrax-aru.s3.us-west-2.amazonaws.com/aba9b448-c8f4-46aa-beab-7a8b1c1d7039/a252fb0ddbdf4d9f8d38555d0d9990e6.jpg,https://wildtrax-aru.s3.us-west-2.amazonaws.com/aba9b448-c8f4-46aa-beab-7a8b1c1d7039/a252fb0ddbdf4d9f8d38555d0d9990e6.mp3
PC,Waterton Lakes National Park Aquatic Conservation and Restoration ARU Pilot Program 2021,862,WLNP-AQP-2,238274,2021-07-15 08:18:00,354470,1SPT,331335,Transcribed,AMRO,American Robin,TURDUS MIGRATORIUS,Aves,9.38,180.00,4.54,0.89kHz,4.34kHz,2689138,1,Song,1,,f,1,Marcus Sommers,1224,,-29.55,-30.21,2,0.031801,-0.007308,0.038875,-28.21,-68.41,-72.44,2,0,-0.001455,0.001647,-55.66,-32.62,-34.47,2,0.020934,-0.005114,0.030328,-30.36,-68.45,-72.22,2,0,-0.001424,0.001478,-56.61,t,https://portal.wildtrax.ca/home/aru-tasks/recording.html?taskId=331335,https://wildtrax-aru.s3.us-west-2.amazonaws.com/aba9b448-c8f4-46aa-beab-7a8b1c1d7039/78c8ef6001eb4cb08b1bc1e3f88f61d5.jpg,https://wildtrax-aru.s3.us-west-2.amazonaws.com/aba9b448-c8f4-46aa-beab-7a8b1c1d7039/78c8ef6001eb4cb08b1bc1e3f88f61d5.mp3
PC,Waterton Lakes National Park Aquatic Conservation and Restoration ARU Pilot Program 2021,862,WLNP-AQP-2,238274,2021-07-15 08:18:00,354470,1SPT,331335,Transcribed,DEJU,Dark-eyed Junco,JUNCO HYEMALIS,Aves,44.05,180.00,2.85,1.54kHz,6.77kHz,2689216,1,Song,1,,f,1,Marcus Sommers,1224,,-29.44,-30.12,2,0.031682,-0.007628,0.03876,-28.23,-66.1,-72.29,2,0,-0.00417,0.003587,-47.6,-32.24,-34.73,2,0.020624,-0.005052,0.033198,-29.58,-66.96,-71.89,2,0,-0.00172,0.001654,-55.29,t,https://portal.wildtrax.ca/home/aru-tasks/recording.html?taskId=331335,https://wildtrax-aru.s3.us-west-2.amazonaws.com/aba9b448-c8f4-46aa-beab-7a8b1c1d7039/431d064fb10e4299aba24eb8a2e254a7.jpg,https://wildtrax-aru.s3.us-west-2.amazonaws.com/aba9b448-c8f4-46aa-beab-7a8b1c1d7039/431d064fb10e4299aba24eb8a2e254a7.mp3
PC,Waterton Lakes National Park Aquatic Conservation and Restoration ARU Pilot Program 2021,862,WLNP-AQP-2,238274,2021-07-15 08:18:00,354470,1SPT,331335,Transcribed,AMRO,American Robin,TURDUS MIGRATORIUS,Aves,46.79,180.00,1.19,0.89kHz,6.40kHz,2689219,2,Call,1,,f,2,Marcus Sommers,1224,,-29.57,-30.11,2,0.030459,-0.007218,0.038639,-28.26,-66.03,-70.44,2,0,-0.002213,0.00233,-52.65,-32.22,-35.1,2,0.019967,-0.00425,0.031373,-30.07,-62.84,-69.91,2,0,-0.002745,0.002787,-51.1,t,https://portal.wildtrax.ca/home/aru-tasks/recording.html?taskId=331335,https://wildtrax-aru.s3.us-west-2.amazonaws.com/aba9b448-c8f4-46aa-beab-7a8b1c1d7039/6138c74bcbb74f61b970c2728361d892.jpg,https://wildtrax-aru.s3.us-west-2.amazonaws.com/aba9b448-c8f4-46aa-beab-7a8b1c1d7039/6138c74bcbb74f61b970c2728361d892.mp3
PC,Waterton Lakes National Park Aquatic Conservation and Restoration ARU Pilot Program 2021,862,WLNP-AQP-2,238274,2021-07-15 08:18:00,354470,1SPT,331335,Transcribed,PISI,Pine Siskin,SPINUS PINUS,Aves,116.34,180.00,5.41,0.79kHz,10.13kHz,2689140,2,Song,1,,f,2,Marcus Sommers,1224,,-28.51,-30.89,2,0.031812,-0.00727,0.042455,-27.44,-60.61,-68.92,2,0,-0.003702,0.003759,-48.5,-32.6,-34.29,2,0.02086,-0.004379,0.02902,-30.75,-57.75,-68.74,2,0,-0.005989,0.005142,-44.45,t,https://portal.wildtrax.ca/home/aru-tasks/recording.html?taskId=331335,https://wildtrax-aru.s3.us-west-2.amazonaws.com/aba9b448-c8f4-46aa-beab-7a8b1c1d7039/554bcf6a695a434bb867f56df7ca26b6.jpg,https://wildtrax-aru.s3.us-west-2.amazonaws.com/aba9b448-c8f4-46aa-beab-7a8b1c1d7039/554bcf6a695a434bb867f56df7ca26b6.mp3
PC,Waterton Lakes National Park Aquatic Conservation and Restoration ARU Pilot Program 2021,862,WLNP-AQP-2,238274,2021-07-16 05:49:00,354549,1SPT,331414,Transcribed,WCSP,White-crowned Sparrow,ZONOTRICHIA LEUCOPHRYS,Aves,0.01,180.00,1.36,2.57kHz,5.51kHz,2707620,1,Song,1,,f,1,Jon Van Arragon,1247,,-28.39,-30.01,2,0.031172,-0.006248,0.06193,-24.16,-69.68,-74.59,2,0,-0.011631,0.012364,-38.16,-31.38,-33.54,2,0.020357,-0.00523,0.049262,-26.15,-70.4,-74.18,2,0,-0.01038,0.011131,-39.07,t,https://portal.wildtrax.ca/home/aru-tasks/recording.html?taskId=331414,https://wildtrax-aru.s3.us-west-2.amazonaws.com/c0a11ba4-7166-4ef4-965c-4973fc7380d0/b55120719ead4242a6ed0b6c1f05be94.jpg,https://wildtrax-aru.s3.us-west-2.amazonaws.com/c0a11ba4-7166-4ef4-965c-4973fc7380d0/b55120719ead4242a6ed0b6c1f05be94.mp3
PC,Waterton Lakes National Park Aquatic Conservation and Restoration ARU Pilot Program 2021,862,WLNP-AQP-2,238274,2021-07-16 05:49:00,354549,1SPT,331414,Transcribed,WCSP,White-crowned Sparrow,ZONOTRICHIA LEUCOPHRYS,Aves,1.63,180.00,1.90,2.10kHz,5.70kHz,2707621,2,Song,1,,f,2,Jon Van Arragon,1247,,-28.44,-30.15,2,0.031589,-0.005108,0.056569,-24.95,-63.5,-74.54,2,0,-0.001734,0.001664,-55.22,-31.48,-33.77,2,0.020657,-0.002877,0.043632,-27.2,-62.16,-74.52,2,0,-0.001761,0.00172,-55.08,t,https://portal.wildtrax.ca/home/aru-tasks/recording.html?taskId=331414,https://wildtrax-aru.s3.us-west-2.amazonaws.com/c0a11ba4-7166-4ef4-965c-4973fc7380d0/461105b3b651452998b71ab9e73899de.jpg,https://wildtrax-aru.s3.us-west-2.amazonaws.com/c0a11ba4-7166-4ef4-965c-4973fc7380d0/461105b3b651452998b71ab9e73899de.mp3
PC,Waterton Lakes National Park Aquatic Conservation and Restoration ARU Pilot Program 2021,862,WLNP-AQP-2,238274,2021-07-16 05:49:00,354549,1SPT,331414,Transcribed,WCSP,White-crowned Sparrow,ZONOTRICHIA LEUCOPHRYS,Aves,3.18,180.00,2.41,2.19kHz,6.07kHz,2707622,3,Song,1,3,t,1,Jon Van Arragon,1247,15,-28.42,-30.37,2,0.03189,-0.008477,0.060701,-24.34,-54.5,-71.09,2,0,-0.005169,0.00497,-45.73,-31.63,-33.85,2,0.020938,-0.006479,0.048857,-26.22,-54.3,-70.86,2,0,-0.005484,0.005431,-45.22,t,https://portal.wildtrax.ca/home/aru-tasks/recording.html?taskId=331414,https://wildtrax-aru.s3.us-west-2.amazonaws.com/c0a11ba4-7166-4ef4-965c-4973fc7380d0/415ad5f95b4541cc9a8b50d92caa3d7e.jpg,https://wildtrax-aru.s3.us-west-2.amazonaws.com/c0a11ba4-7166-4ef4-965c-4973fc7380d0/415ad5f95b4541cc9a8b50d92caa3d7e.mp3
PC,Waterton Lakes National Park Aquatic Conservation and Restoration ARU Pilot Program 2021,862,WLNP-AQP-2,238274,2021-07-16 05:49:00,354549,1SPT,331414,Transcribed,UNPA,Unidentified Passerine,"",Aves,5.11,180.00,0.33,6.54kHz,9.20kHz,2707623,1,Call,1,,f,1,Jon Van Arragon,1247,,-29.25,-30.38,2,0.02797,-0.00938,0.055949,-25.04,-58.65,-65.18,2,0,-0.006892,0.006934,-43.18,-32.18,-33.74,2,0.0183,-0.007554,0.040374,-27.88,-64.84,-69.88,2,0,-0.002166,0.002145,-53.29,t,https://portal.wildtrax.ca/home/aru-tasks/recording.html?taskId=331414,https://wildtrax-aru.s3.us-west-2.amazonaws.com/c0a11ba4-7166-4ef4-965c-4973fc7380d0/eb6f0f62991548b29de35cca3bfca156.jpg,https://wildtrax-aru.s3.us-west-2.amazonaws.com/c0a11ba4-7166-4ef4-965c-4973fc7380d0/eb6f0f62991548b29de35cca3bfca156.mp3
PC,Waterton Lakes National Park Aquatic Conservation and Restoration ARU Pilot Program 2021,862,WLNP-AQP-2,238274,2021-07-16 05:49:00,354549,1SPT,331414,Transcribed,DEJU,Dark-eyed Junco,JUNCO HYEMALIS,Aves,8.24,180.00,1.55,3.88kHz,6.44kHz,2707624,1,Song,1,,f,2,Jon Van Arragon,1247,,-29.09,-30.24,2,0.031222,-0.005592,0.048763,-26.24,-71.91,-76.04,2,0,-0.000949,0.000886,-60.45,-32.26,-33.98,2,0.020468,-0.003156,0.037747,-28.46,-71.63,-75.79,2,0,-0.001142,0.001108,-58.85,t,https://portal.wildtrax.ca/home/aru-tasks/recording.html?taskId=331414,https://wildtrax-aru.s3.us-west-2.amazonaws.com/c0a11ba4-7166-4ef4-965c-4973fc7380d0/960d91570494428bbfb26bac6099220a.jpg,https://wildtrax-aru.s3.us-west-2.amazonaws.com/c0a11ba4-7166-4ef4-965c-4973fc7380d0/960d91570494428bbfb26bac6099220a.mp3
PC,Waterton Lakes National Park Aquatic Conservation and Restoration ARU Pilot Program 2021,862,WLNP-AQP-2,238274,2021-07-16 05:49:00,354549,1SPT,331414,Transcribed,SPSA,Spotted Sandpiper,ACTITIS MACULARIUS,Aves,15.81,180.00,2.93,1.91kHz,4.11kHz,2707625,1,Call,1,,f,2,Jon Van Arragon,1247,,-28.71,-30.11,2,0.031742,-0.005703,0.053461,-25.44,-51.93,-74.65,2,0,-0.006928,0.006961,-43.15,-31.69,-33.8,2,0.020896,-0.003483,0.041684,-27.6,-47.75,-74.23,2,0,-0.010281,0.010088,-39.76,t,https://portal.wildtrax.ca/home/aru-tasks/recording.html?taskId=331414,https://wildtrax-aru.s3.us-west-2.amazonaws.com/c0a11ba4-7166-4ef4-965c-4973fc7380d0/2a7a2a62e92643f680db2fd0010f1374.jpg,https://wildtrax-aru.s3.us-west-2.amazonaws.com/c0a11ba4-7166-4ef4-965c-4973fc7380d0/2a7a2a62e92643f680db2fd0010f1374.mp3
PC,Waterton Lakes National Park Aquatic Conservation and Restoration ARU Pilot Program 2021,862,WLNP-AQP-2,238274,2021-07-16 05:49:00,354549,1SPT,331414,Transcribed,AMRO,American Robin,TURDUS MIGRATORIUS,Aves,90.79,180.00,1.14,0.79kHz,2.94kHz,2707626,1,Call,1,,f,2,Jon Van Arragon,1247,,-29.46,-30.08,2,0.03095,-0.007411,0.039994,-27.96,-66.61,-72.41,2,0,-0.001587,0.001561,-55.99,-33.09,-33.98,2,0.020085,-0.005156,0.029689,-30.55,-64.78,-71.69,2,0,-0.002106,0.002227,-53.05,t,https://portal.wildtrax.ca/home/aru-tasks/recording.html?taskId=331414,https://wildtrax-aru.s3.us-west-2.amazonaws.com/c0a11ba4-7166-4ef4-965c-4973fc7380d0/e3128e58910b4d12a457a4ac85d4af86.jpg,https://wildtrax-aru.s3.us-west-2.amazonaws.com/c0a11ba4-7166-4ef4-965c-4973fc7380d0/e3128e58910b4d12a457a4ac85d4af86.mp3
PC,Waterton Lakes National Park Aquatic Conservation and Restoration ARU Pilot Program 2021,862,WLNP-AQP-2,238274,2021-07-16 05:49:00,354549,1SPT,331414,Transcribed,CHSP,Chipping Sparrow,SPIZELLA PASSERINA,Aves,128.16,180.00,5.29,3.92kHz,6.68kHz,2707627,1,Song,1,,f,2,Jon Van Arragon,1247,,-29.33,-30.39,2,0.032106,-0.007451,0.056914,-24.9,-63.78,-74.68,2,0,-0.007393,0.007103,-42.62,-32.85,-33.96,2,0.021016,-0.005178,0.035266,-29.05,-61.74,-73.94,2,0,-0.00883,0.009312,-40.62,t,https://portal.wildtrax.ca/home/aru-tasks/recording.html?taskId=331414,https://wildtrax-aru.s3.us-west-2.amazonaws.com/c0a11ba4-7166-4ef4-965c-4973fc7380d0/39985307bc984560a21f796ca5b09105.jpg,https://wildtrax-aru.s3.us-west-2.amazonaws.com/c0a11ba4-7166-4ef4-965c-4973fc7380d0/39985307bc984560a21f796ca5b09105.mp3
PC,Waterton Lakes National Park Aquatic Conservation and Restoration ARU Pilot Program 2021,862,WLNP-AQP-2,238274,2021-07-16 05:49:00,354549,1SPT,331414,Transcribed,PISI,Pine Siskin,SPINUS PINUS,Aves,168.61,180.00,0.45,2.71kHz,6.68kHz,2707628,1,Call,1,,f,2,Jon Van Arragon,1247,,-29.57,-29.87,2,0.029119,-0.006989,0.037164,-28.6,-65.55,-69.93,2,0,-0.001879,0.001825,-54.52,-33.15,-33.62,2,0.019059,-0.004819,0.02591,-31.73,-62.21,-69.37,2,0,-0.002749,0.002449,-51.22,t,https://portal.wildtrax.ca/home/aru-tasks/recording.html?taskId=331414,https://wildtrax-aru.s3.us-west-2.amazonaws.com/c0a11ba4-7166-4ef4-965c-4973fc7380d0/543470c99e6b4f67a023dc2e40e716e2.jpg,https://wildtrax-aru.s3.us-west-2.amazonaws.com/c0a11ba4-7166-4ef4-965c-4973fc7380d0/543470c99e6b4f67a023dc2e40e716e2.mp3
PC,Waterton Lakes National Park Aquatic Conservation and Restoration ARU Pilot Program 2021,862,WLNP-AQP-2,238274,2021-07-19 05:23:00,354505,1SPT,331370,Transcribed,WCSP,White-crowned Sparrow,ZONOTRICHIA LEUCOPHRYS,Aves,0.86,180.00,2.95,1.26kHz,7.52kHz,2689208,1,Song,1,3,t,1,Marcus Sommers,1224,15,-29.47,-29.88,2,0.031965,-0.007677,0.041796,-27.58,-51.63,-70.79,2,0,-0.007903,0.007324,-42.04,-33.12,-33.74,2,0.020741,-0.005222,0.02836,-30.95,-57.97,-71.21,2,0,-0.004175,0.004127,-47.59,t,https://portal.wildtrax.ca/home/aru-tasks/recording.html?taskId=331370,https://wildtrax-aru.s3.us-west-2.amazonaws.com/f8f9baa6-5723-445b-880d-1ed548692df8/4b48f046997e4a709f9225da86cf2a6f.jpg,https://wildtrax-aru.s3.us-west-2.amazonaws.com/f8f9baa6-5723-445b-880d-1ed548692df8/4b48f046997e4a709f9225da86cf2a6f.mp3
PC,Waterton Lakes National Park Aquatic Conservation and Restoration ARU Pilot Program 2021,862,WLNP-AQP-2,238274,2021-07-19 05:23:00,354505,1SPT,331370,Transcribed,WCSP,White-crowned Sparrow,ZONOTRICHIA LEUCOPHRYS,Aves,3.75,180.00,2.23,1.63kHz,7.14kHz,2689209,2,Song,1,3,t,1,Marcus Sommers,1224,15,-29.49,-29.88,2,0.031922,-0.006942,0.046669,-26.62,-47.79,-71.2,2,0,-0.0117,0.011501,-38.64,-33.16,-33.86,2,0.020616,-0.004911,0.028531,-30.89,-52.45,-71.63,2,0,-0.007215,0.007327,-42.7,t,https://portal.wildtrax.ca/home/aru-tasks/recording.html?taskId=331370,https://wildtrax-aru.s3.us-west-2.amazonaws.com/f8f9baa6-5723-445b-880d-1ed548692df8/299fb24be73c4c25ac8b6605e1cf5036.jpg,https://wildtrax-aru.s3.us-west-2.amazonaws.com/f8f9baa6-5723-445b-880d-1ed548692df8/299fb24be73c4c25ac8b6605e1cf5036.mp3
PC,Waterton Lakes National Park Aquatic Conservation and Restoration ARU Pilot Program 2021,862,WLNP-AQP-2,238274,2021-07-19 05:23:00,354505,1SPT,331370,Transcribed,AMRO,American Robin,TURDUS MIGRATORIUS,Aves,8.41,180.00,5.60,1.31kHz,3.97kHz,2689210,1,Song,1,,f,1,Marcus Sommers,1224,,-29.31,-29.9,2,0.032291,-0.006408,0.055936,-25.05,-40.27,-73.75,2,0,-0.020902,0.020871,-33.6,-33.1,-33.77,2,0.020957,-0.004119,0.039097,-28.16,-44.79,-74.04,2,0,-0.015808,0.015882,-35.98,t,https://portal.wildtrax.ca/home/aru-tasks/recording.html?taskId=331370,https://wildtrax-aru.s3.us-west-2.amazonaws.com/f8f9baa6-5723-445b-880d-1ed548692df8/fd9e5350fd5e4004bbd060e08927b11f.jpg,https://wildtrax-aru.s3.us-west-2.amazonaws.com/f8f9baa6-5723-445b-880d-1ed548692df8/fd9e5350fd5e4004bbd060e08927b11f.mp3
PC,Waterton Lakes National Park Aquatic Conservation and Restoration ARU Pilot Program 2021,862,WLNP-AQP-2,238274,2021-07-19 05:23:00,354505,1SPT,331370,Transcribed,HAWO,Hairy Woodpecker,DRYOBATES VILLOSUS,Aves,17.01,180.00,1.20,0.05kHz,11.67kHz,2689211,1,Call,1,,f,2,Marcus Sommers,1224,,-28.13,-29.96,2,0.030955,-0.047146,0.114878,-18.8,-30.17,-32.94,2,-0.02155,-0.099784,0.047954,-20.02,-30.93,-33.68,2,0.020132,-0.062316,0.102196,-19.81,-32.59,-36.66,2,-0.014047,-0.091357,0.054246,-20.79,t,https://portal.wildtrax.ca/home/aru-tasks/recording.html?taskId=331370,https://wildtrax-aru.s3.us-west-2.amazonaws.com/f8f9baa6-5723-445b-880d-1ed548692df8/ac3c4228a32c487eb8fe0dc1c786ce74.jpg,https://wildtrax-aru.s3.us-west-2.amazonaws.com/f8f9baa6-5723-445b-880d-1ed548692df8/ac3c4228a32c487eb8fe0dc1c786ce74.mp3
PC,Waterton Lakes National Park Aquatic Conservation and Restoration ARU Pilot Program 2021,862,WLNP-AQP-2,238274,2021-07-19 05:23:00,354505,1SPT,331370,Transcribed,WCSP,White-crowned Sparrow,ZONOTRICHIA LEUCOPHRYS,Aves,25.01,180.00,2.29,1.49kHz,6.12kHz,2689212,3,Song,1,,f,1,Marcus Sommers,1224,,-29.55,-29.98,2,0.031759,-0.006699,0.039101,-28.16,-64.72,-71.11,2,0,-0.001678,0.001855,-54.63,-33.08,-33.71,2,0.020823,-0.004416,0.027219,-31.3,-65.87,-72.06,2,0,-0.001934,0.001541,-54.27,t,https://portal.wildtrax.ca/home/aru-tasks/recording.html?taskId=331370,https://wildtrax-aru.s3.us-west-2.amazonaws.com/f8f9baa6-5723-445b-880d-1ed548692df8/45113162582545fd92eaf90da50b139e.jpg,https://wildtrax-aru.s3.us-west-2.amazonaws.com/f8f9baa6-5723-445b-880d-1ed548692df8/45113162582545fd92eaf90da50b139e.mp3
PC,Waterton Lakes National Park Aquatic Conservation and Restoration ARU Pilot Program 2021,862,WLNP-AQP-2,238274,2021-07-19 05:23:00,354505,1SPT,331370,Transcribed,WCSP,White-crowned Sparrow,ZONOTRICHIA LEUCOPHRYS,Aves,30.34,180.00,2.31,0.89kHz,6.30kHz,2689213,4,Song,1,,f,1,Marcus Sommers,1224,,-29.53,-29.94,2,0.031717,-0.007496,0.039266,-28.12,-57.98,-69.73,2,0,-0.005082,0.005353,-45.43,-33.07,-33.68,2,0.020728,-0.005327,0.027392,-31.25,-62.81,-69.87,2,0,-0.002997,0.002417,-50.47,t,https://portal.wildtrax.ca/home/aru-tasks/recording.html?taskId=331370,https://wildtrax-aru.s3.us-west-2.amazonaws.com/f8f9baa6-5723-445b-880d-1ed548692df8/c0d0f7e064dc4fee9afec189b26d1be3.jpg,https://wildtrax-aru.s3.us-west-2.amazonaws.com/f8f9baa6-5723-445b-880d-1ed548692df8/c0d0f7e064dc4fee9afec189b26d1be3.mp3
PC,Waterton Lakes National Park Aquatic Conservation and Restoration ARU Pilot Program 2021,862,WLNP-AQP-2,238274,2021-07-19 05:23:00,354505,1SPT,331370,Transcribed,WCSP,White-crowned Sparrow,ZONOTRICHIA LEUCOPHRYS,Aves,77.91,180.00,2.16,0.93kHz,6.02kHz,2689214,5,Song,1,,f,1,Marcus Sommers,1224,,-29.52,-29.95,2,0.031827,-0.007268,0.047526,-26.46,-67.07,-70.09,2,0,-0.003696,0.001985,-48.64,-33.11,-33.99,2,0.02065,-0.00497,0.027277,-31.28,-68.65,-70.69,2,0,-0.002008,0.001516,-53.94,t,https://portal.wildtrax.ca/home/aru-tasks/recording.html?taskId=331370,https://wildtrax-aru.s3.us-west-2.amazonaws.com/f8f9baa6-5723-445b-880d-1ed548692df8/df46e00d1eb949c8a565f8d622adf8a3.jpg,https://wildtrax-aru.s3.us-west-2.amazonaws.com/f8f9baa6-5723-445b-880d-1ed548692df8/df46e00d1eb949c8a565f8d622adf8a3.mp3
PC,Waterton Lakes National Park Aquatic Conservation and Restoration ARU Pilot Program 2021,862,WLNP-AQP-2,238274,2021-07-19 05:23:00,354505,1SPT,331370,Transcribed,DEJU,Dark-eyed Junco,JUNCO HYEMALIS,Aves,125.38,180.00,2.66,2.80kHz,6.77kHz,2689215,1,Song,1,,f,1,Marcus Sommers,1224,,-29.57,-29.95,2,0.03181,-0.007163,0.038401,-28.31,-70.91,-74.05,2,0,-0.001107,0.000997,-59.12,-33.08,-33.74,2,0.020798,-0.005092,0.026889,-31.41,-72.03,-73.92,2,0,-0.001031,0.001117,-59.04,t,https://portal.wildtrax.ca/home/aru-tasks/recording.html?taskId=331370,https://wildtrax-aru.s3.us-west-2.amazonaws.com/f8f9baa6-5723-445b-880d-1ed548692df8/2f56cb6d87994b9ab2802c170c1164d3.jpg,https://wildtrax-aru.s3.us-west-2.amazonaws.com/f8f9baa6-5723-445b-880d-1ed548692df8/2f56cb6d87994b9ab2802c170c1164d3.mp3
PC,Waterton Lakes National Park Aquatic Conservation and Restoration ARU Pilot Program 2021,862,WLNP-AQP-2,238274,2021-07-23 21:27:00,354486,1SPT,331351,Transcribed,WCSP,White-crowned Sparrow,ZONOTRICHIA LEUCOPHRYS,Aves,125.36,180.00,2.50,0.79kHz,6.49kHz,2689205,1,Song,1,2,t,1,Marcus Sommers,1224,15,-22.65,-32.5,2,0.031251,-0.085583,0.127752,-17.87,-59.43,-63.66,2,0,-0.003602,0.003344,-48.87,-25.21,-36.45,2,0.020315,-0.050542,0.088199,-21.09,-60.07,-62.86,2,0,-0.003801,0.003561,-48.4,t,https://portal.wildtrax.ca/home/aru-tasks/recording.html?taskId=331351,https://wildtrax-aru.s3.us-west-2.amazonaws.com/aa2222b8-3a7a-4040-a450-d6e9058373fb/4af46ba747154bac9a5b2c83731a2b82.jpg,https://wildtrax-aru.s3.us-west-2.amazonaws.com/aa2222b8-3a7a-4040-a450-d6e9058373fb/4af46ba747154bac9a5b2c83731a2b82.mp3
PC,Waterton Lakes National Park Aquatic Conservation and Restoration ARU Pilot Program 2021,862,WLNP-AQP-2,238274,2021-07-27 07:33:00,354494,1SPT,331359,Transcribed,CORA,Common Raven,CORVUS CORAX,Aves,0.15,180.00,2.16,0.19kHz,2.24kHz,2706324,1,Call,1,,f,2,Jon Van Arragon,1247,,-24.33,-34.53,2,0.031482,-0.034095,0.090275,-20.89,-38,-47.88,2,-0.006363,-0.019024,0.008019,-34.41,-19.54,-32.73,2,0.021322,-0.162819,0.145375,-15.77,-33.17,-46.29,2,-0.004445,-0.031728,0.036319,-28.8,t,https://portal.wildtrax.ca/home/aru-tasks/recording.html?taskId=331359,https://wildtrax-aru.s3.us-west-2.amazonaws.com/34007ec5-f2f2-4c30-a823-57677565ef76/1bf13c7ee1c049939160995d3af4b2ab.jpg,https://wildtrax-aru.s3.us-west-2.amazonaws.com/34007ec5-f2f2-4c30-a823-57677565ef76/1bf13c7ee1c049939160995d3af4b2ab.mp3
PC,Waterton Lakes National Park Aquatic Conservation and Restoration ARU Pilot Program 2021,862,WLNP-AQP-2,238274,2021-07-27 07:33:00,354494,1SPT,331359,Transcribed,UNPA,Unidentified Passerine,"",Aves,1.68,180.00,0.31,6.02kHz,10.18kHz,2706325,1,Call,1,,f,2,Jon Van Arragon,1247,,-28.02,-29.67,2,0.026139,-0.008517,0.053024,-25.51,-64.68,-68.14,2,0,-0.002837,0.002761,-50.94,-28.24,-30.45,2,0.007359,-0.049862,0.089541,-20.96,-58.82,-63.67,2,0,-0.005723,0.005634,-44.85,t,https://portal.wildtrax.ca/home/aru-tasks/recording.html?taskId=331359,https://wildtrax-aru.s3.us-west-2.amazonaws.com/34007ec5-f2f2-4c30-a823-57677565ef76/a8b8f1dc978f4a8785dae8ce9132b891.jpg,https://wildtrax-aru.s3.us-west-2.amazonaws.com/34007ec5-f2f2-4c30-a823-57677565ef76/a8b8f1dc978f4a8785dae8ce9132b891.mp3
PC,Waterton Lakes National Park Aquatic Conservation and Restoration ARU Pilot Program 2021,862,WLNP-AQP-2,238274,2021-07-27 07:33:00,354494,1SPT,331359,Transcribed,MOCH,Mountain Chickadee,POECILE GAMBELI,Aves,6.08,180.00,1.19,1.82kHz,4.25kHz,2706328,1,Song,1,,f,1,Jon Van Arragon,1247,,-22.33,-31.99,2,0.031011,-0.046422,0.099796,-20.02,-70.22,-75.31,2,0,-0.000851,0.000962,-60.34,-18.17,-33.64,2,0.020251,-0.152818,0.191789,-14.34,-73.2,-75.45,2,0,-0.000716,0.000765,-62.33,t,https://portal.wildtrax.ca/home/aru-tasks/recording.html?taskId=331359,https://wildtrax-aru.s3.us-west-2.amazonaws.com/34007ec5-f2f2-4c30-a823-57677565ef76/b8b9a41f6eb84ebaab941792a9905afa.jpg,https://wildtrax-aru.s3.us-west-2.amazonaws.com/34007ec5-f2f2-4c30-a823-57677565ef76/b8b9a41f6eb84ebaab941792a9905afa.mp3
PC,Waterton Lakes National Park Aquatic Conservation and Restoration ARU Pilot Program 2021,862,WLNP-AQP-2,238274,2021-07-27 07:33:00,354494,1SPT,331359,Transcribed,AMRO,American Robin,TURDUS MIGRATORIUS,Aves,15.24,180.00,2.03,2.33kHz,4.44kHz,2706329,1,Call,1,,f,1,Jon Van Arragon,1247,,-25.8,-34.45,2,0.031712,-0.014217,0.077673,-22.19,-68.36,-75.5,2,0,-0.001395,0.001344,-57.11,-19.3,-35.31,2,0.020971,-0.194266,0.20476,-13.78,-68.85,-75.99,2,0,-0.00141,0.001488,-56.55,t,https://portal.wildtrax.ca/home/aru-tasks/recording.html?taskId=331359,https://wildtrax-aru.s3.us-west-2.amazonaws.com/34007ec5-f2f2-4c30-a823-57677565ef76/fb41525daefe4b6aa7578cb4bb9cee48.jpg,https://wildtrax-aru.s3.us-west-2.amazonaws.com/34007ec5-f2f2-4c30-a823-57677565ef76/fb41525daefe4b6aa7578cb4bb9cee48.mp3
PC,Waterton Lakes National Park Aquatic Conservation and Restoration ARU Pilot Program 2021,862,WLNP-AQP-2,238274,2021-07-27 07:33:00,354494,1SPT,331359,Transcribed,WWCR,White-winged Crossbill,LOXIA LEUCOPTERA,Aves,50.46,180.00,2.15,2.29kHz,5.70kHz,2706326,1,Song,1,,f,2,Jon Van Arragon,1247,,-29.14,-30.31,2,0.031516,-0.007176,0.041957,-27.54,-68.05,-73.64,2,0,-0.001345,0.001322,-57.43,-32.21,-34.51,2,0.020647,-0.005112,0.030333,-30.36,-66.66,-73.9,2,0,-0.001611,0.001529,-55.86,t,https://portal.wildtrax.ca/home/aru-tasks/recording.html?taskId=331359,https://wildtrax-aru.s3.us-west-2.amazonaws.com/34007ec5-f2f2-4c30-a823-57677565ef76/470fa9c203cd49ccafc70c605324ba31.jpg,https://wildtrax-aru.s3.us-west-2.amazonaws.com/34007ec5-f2f2-4c30-a823-57677565ef76/470fa9c203cd49ccafc70c605324ba31.mp3
PC,Waterton Lakes National Park Aquatic Conservation and Restoration ARU Pilot Program 2021,862,WLNP-AQP-2,238274,2021-07-27 07:33:00,354494,1SPT,331359,Transcribed,PISI,Pine Siskin,SPINUS PINUS,Aves,75.49,180.00,0.40,2.99kHz,6.96kHz,2706327,1,Song,1,,f,1,Jon Van Arragon,1247,,-25.66,-30.09,2,0.029328,-0.053857,0.145461,-16.75,-68.21,-71.62,2,0,-0.001317,0.001234,-57.61,-31.84,-36.36,2,0.018046,-0.008847,0.042821,-27.37,-69.2,-72.04,2,0,-0.001131,0.001128,-58.93,t,https://portal.wildtrax.ca/home/aru-tasks/recording.html?taskId=331359,https://wildtrax-aru.s3.us-west-2.amazonaws.com/34007ec5-f2f2-4c30-a823-57677565ef76/7be590b9d4ef4360b5d2d9b7c1fc2e52.jpg,https://wildtrax-aru.s3.us-west-2.amazonaws.com/34007ec5-f2f2-4c30-a823-57677565ef76/7be590b9d4ef4360b5d2d9b7c1fc2e52.mp3
PC,Waterton Lakes National Park Aquatic Conservation and Restoration ARU Pilot Program 2021,862,WLNP-AQP-2,238274,2021-07-27 07:33:00,354494,1SPT,331359,Transcribed,WWCR,White-winged Crossbill,LOXIA LEUCOPTERA,Aves,101.00,180.00,0.71,1.73kHz,5.65kHz,2706330,2,Call,1,,f,2,Jon Van Arragon,1247,,-23.97,-32.65,2,0.02979,-0.074311,0.092616,-20.67,-55.45,-68.32,2,0,-0.00762,0.007968,-41.97,-30.99,-36.42,2,0.019403,-0.007783,0.042553,-27.42,-52.08,-67.53,2,0,-0.007996,0.008073,-41.86,t,https://portal.wildtrax.ca/home/aru-tasks/recording.html?taskId=331359,https://wildtrax-aru.s3.us-west-2.amazonaws.com/34007ec5-f2f2-4c30-a823-57677565ef76/874da9f5cc2749788f03ec7745463d0d.jpg,https://wildtrax-aru.s3.us-west-2.amazonaws.com/34007ec5-f2f2-4c30-a823-57677565ef76/874da9f5cc2749788f03ec7745463d0d.mp3
PC,Waterton Lakes National Park Aquatic Conservation and Restoration ARU Pilot Program 2021,862,WLNP-AQP-2,238274,2021-07-27 07:33:00,354494,1SPT,331359,Transcribed,PISI,Pine Siskin,SPINUS PINUS,Aves,106.14,180.00,3.41,1.49kHz,6.16kHz,2706331,2,Song,2,,f,1,Jon Van Arragon,1247,,-19.99,-33.27,2,0.031321,-0.089563,0.183858,-14.71,-66.64,-72.79,2,0,-0.001325,0.001261,-57.55,-28.39,-37.61,2,0.020653,-0.028108,0.054146,-25.33,-67.73,-72.73,2,0,-0.001351,0.001488,-56.55,t,https://portal.wildtrax.ca/home/aru-tasks/recording.html?taskId=331359,https://wildtrax-aru.s3.us-west-2.amazonaws.com/34007ec5-f2f2-4c30-a823-57677565ef76/3a87310309bc4171b2b46ba8431db90b.jpg,https://wildtrax-aru.s3.us-west-2.amazonaws.com/34007ec5-f2f2-4c30-a823-57677565ef76/3a87310309bc4171b2b46ba8431db90b.mp3
PC,Waterton Lakes National Park Aquatic Conservation and Restoration ARU Pilot Program 2021,862,WLNP-AQP-2,238274,2021-07-30 07:37:00,354567,1SPT,331432,Transcribed,AMRO,American Robin,TURDUS MIGRATORIUS,Aves,0.04,180.00,1.06,0.61kHz,4.58kHz,2691627,1,Call,1,,f,2,Gill Holmes,1269,,-29.61,-29.94,2,0.030963,-0.005213,0.0379,-28.43,-64.31,-67.5,2,0,-0.002425,0.002162,-52.31,-33.12,-33.67,2,0.020314,-0.003607,0.026172,-31.64,-64.05,-68.4,2,0,-0.00311,0.002916,-50.14,t,https://portal.wildtrax.ca/home/aru-tasks/recording.html?taskId=331432,https://wildtrax-aru.s3.us-west-2.amazonaws.com/1bae4a25-2baa-43d4-b890-be038753398a/3fc27807a06b4d0888d7d0088bf59bc9.jpg,https://wildtrax-aru.s3.us-west-2.amazonaws.com/1bae4a25-2baa-43d4-b890-be038753398a/3fc27807a06b4d0888d7d0088bf59bc9.mp3
PC,Waterton Lakes National Park Aquatic Conservation and Restoration ARU Pilot Program 2021,862,WLNP-AQP-2,238274,2021-07-30 07:37:00,354567,1SPT,331432,Transcribed,PISI,Pine Siskin,SPINUS PINUS,Aves,0.91,180.00,2.94,1.07kHz,6.86kHz,2691628,1,Call,1,,f,2,Gill Holmes,1269,,-29.53,-29.93,2,0.032073,-0.007314,0.03831,-28.33,-66.87,-69.03,2,0,-0.001734,0.001806,-54.87,-33.17,-33.7,2,0.020939,-0.004749,0.026104,-31.67,-66.21,-70.09,2,0,-0.002148,0.001975,-53.36,t,https://portal.wildtrax.ca/home/aru-tasks/recording.html?taskId=331432,https://wildtrax-aru.s3.us-west-2.amazonaws.com/1bae4a25-2baa-43d4-b890-be038753398a/576b569a0d15448cb903f6c260f70f9a.jpg,https://wildtrax-aru.s3.us-west-2.amazonaws.com/1bae4a25-2baa-43d4-b890-be038753398a/576b569a0d15448cb903f6c260f70f9a.mp3
PC,Waterton Lakes National Park Aquatic Conservation and Restoration ARU Pilot Program 2021,862,WLNP-AQP-2,238274,2021-07-30 07:37:00,354567,1SPT,331432,Transcribed,WWCR,White-winged Crossbill,LOXIA LEUCOPTERA,Aves,4.49,180.00,6.99,0.98kHz,8.64kHz,2691630,1,Song,1,,f,2,Gill Holmes,1269,,-29.57,-29.88,2,0.032378,-0.007473,0.039265,-28.12,-63.45,-68.02,2,0,-0.004606,0.003603,-46.73,-33.14,-33.72,2,0.021151,-0.004947,0.033251,-29.56,-60.12,-69.13,2,0,-0.00736,0.004637,-42.66,t,https://portal.wildtrax.ca/home/aru-tasks/recording.html?taskId=331432,https://wildtrax-aru.s3.us-west-2.amazonaws.com/1bae4a25-2baa-43d4-b890-be038753398a/2addbd3030b44c328302f8f508c14638.jpg,https://wildtrax-aru.s3.us-west-2.amazonaws.com/1bae4a25-2baa-43d4-b890-be038753398a/2addbd3030b44c328302f8f508c14638.mp3
PC,Waterton Lakes National Park Aquatic Conservation and Restoration ARU Pilot Program 2021,862,WLNP-AQP-2,238274,2021-07-30 07:37:00,354567,1SPT,331432,Transcribed,WWCR,White-winged Crossbill,LOXIA LEUCOPTERA,Aves,11.06,180.00,3.25,1.07kHz,8.82kHz,2691629,2,Song,1,,f,2,Gill Holmes,1269,,-29.52,-29.91,2,0.03203,-0.006925,0.041046,-27.73,-57.39,-68.26,2,0,-0.00526,0.00572,-44.85,-33.01,-33.72,2,0.020875,-0.0047,0.033631,-29.47,-51.15,-68.99,2,0,-0.010461,0.010825,-39.31,t,https://portal.wildtrax.ca/home/aru-tasks/recording.html?taskId=331432,https://wildtrax-aru.s3.us-west-2.amazonaws.com/1bae4a25-2baa-43d4-b890-be038753398a/c48414fd6a0b46e693bc8742f097acbf.jpg,https://wildtrax-aru.s3.us-west-2.amazonaws.com/1bae4a25-2baa-43d4-b890-be038753398a/c48414fd6a0b46e693bc8742f097acbf.mp3
PC,Waterton Lakes National Park Aquatic Conservation and Restoration ARU Pilot Program 2021,862,WLNP-AQP-2,238274,2021-07-30 07:37:00,354567,1SPT,331432,Transcribed,PISI,Pine Siskin,SPINUS PINUS,Aves,143.14,180.00,9.65,1.68kHz,9.11kHz,2691631,2,Call,1,,f,2,Gill Holmes,1269,,-29.56,-30,2,0.032296,-0.007115,0.042252,-27.48,-57.29,-69.44,2,0,-0.004455,0.004386,-47.02,-33.17,-33.77,2,0.021052,-0.004467,0.027472,-31.22,-54.35,-70.5,2,0,-0.00572,0.005387,-44.85,t,https://portal.wildtrax.ca/home/aru-tasks/recording.html?taskId=331432,https://wildtrax-aru.s3.us-west-2.amazonaws.com/1bae4a25-2baa-43d4-b890-be038753398a/ae80b6be0b83418984831e97ca93298a.jpg,https://wildtrax-aru.s3.us-west-2.amazonaws.com/1bae4a25-2baa-43d4-b890-be038753398a/ae80b6be0b83418984831e97ca93298a.mp3
PC,Waterton Lakes National Park Aquatic Conservation and Restoration ARU Pilot Program 2021,862,WLNP-AQP-2,238274,2021-08-02 07:41:00,354535,1SPT,331400,Transcribed,RESQ,Red Squirrel,TAMIASCIURUS HUDSONICUS,Mammalia,0.38,180.00,2.14,4.48kHz,6.26kHz,2707617,1,Call,1,,f,2,Jon Van Arragon,1247,,-19.45,-30.82,2,0.031097,-0.116182,0.191998,-14.33,-73.62,-76.56,2,0,-0.000795,0.000795,-61.99,-28.16,-36.95,2,0.020429,-0.042684,0.064982,-23.74,-68.6,-77.76,2,0,-0.000987,0.000998,-60.02,t,https://portal.wildtrax.ca/home/aru-tasks/recording.html?taskId=331400,https://wildtrax-aru.s3.us-west-2.amazonaws.com/ba4eac6c-5184-47d8-a2a3-1b33ca509c9b/400437367e7746f4ad3629f8c4b15265.jpg,https://wildtrax-aru.s3.us-west-2.amazonaws.com/ba4eac6c-5184-47d8-a2a3-1b33ca509c9b/400437367e7746f4ad3629f8c4b15265.mp3
PC,Waterton Lakes National Park Aquatic Conservation and Restoration ARU Pilot Program 2021,862,WLNP-AQP-2,238274,2021-08-02 07:41:00,354535,1SPT,331400,Transcribed,PISI,Pine Siskin,SPINUS PINUS,Aves,72.41,180.00,3.48,3.27kHz,6.26kHz,2707618,1,Song,1,,f,2,Jon Van Arragon,1247,,-22.23,-32.95,2,0.031707,-0.048237,0.137317,-17.25,-70.42,-73.65,2,0,-0.001192,0.001099,-58.47,-25.33,-38.39,2,0.020582,-0.039796,0.072956,-22.74,-69.09,-74.95,2,0,-0.001298,0.001312,-57.64,t,https://portal.wildtrax.ca/home/aru-tasks/recording.html?taskId=331400,https://wildtrax-aru.s3.us-west-2.amazonaws.com/ba4eac6c-5184-47d8-a2a3-1b33ca509c9b/8784e02f0bf5409d9f3647b1a7c06b35.jpg,https://wildtrax-aru.s3.us-west-2.amazonaws.com/ba4eac6c-5184-47d8-a2a3-1b33ca509c9b/8784e02f0bf5409d9f3647b1a7c06b35.mp3
PC,Waterton Lakes National Park Aquatic Conservation and Restoration ARU Pilot Program 2021,862,WLNP-AQP-2,238274,2021-08-02 07:41:00,354535,1SPT,331400,Transcribed,PISI,Pine Siskin,SPINUS PINUS,Aves,124.63,180.00,5.63,3.32kHz,5.74kHz,2707619,2,Call,2,,f,2,Jon Van Arragon,1247,,-24.73,-31.96,2,0.032152,-0.015357,0.091939,-20.73,-67.34,-74.08,2,0,-0.001534,0.00162,-55.81,-24.41,-39.81,2,0.020791,-0.022271,0.083826,-21.53,-67.66,-75.55,2,0,-0.001964,0.001929,-54.14,t,https://portal.wildtrax.ca/home/aru-tasks/recording.html?taskId=331400,https://wildtrax-aru.s3.us-west-2.amazonaws.com/ba4eac6c-5184-47d8-a2a3-1b33ca509c9b/79007dffc1d64fbb984977bad369063b.jpg,https://wildtrax-aru.s3.us-west-2.amazonaws.com/ba4eac6c-5184-47d8-a2a3-1b33ca509c9b/79007dffc1d64fbb984977bad369063b.mp3
PC,Waterton Lakes National Park Aquatic Conservation and Restoration ARU Pilot Program 2021,862,WLNP-AQP-2,238274,2021-08-05 06:15:00,354473,1SPT,331338,Transcribed,DEJU,Dark-eyed Junco,JUNCO HYEMALIS,Aves,0.23,180.00,2.01,2.94kHz,6.63kHz,2736753,1,Song,1,,f,2,Marcus Sommers,1224,,-29.55,-30.06,2,0.031719,-0.007725,0.037021,-28.63,-70.84,-72.79,2,0,-0.001062,0.001111,-59.08,-33.25,-33.67,2,0.020631,-0.004478,0.024952,-32.06,-71.95,-74.48,2,0,-0.000972,0.000938,-60.24,t,https://portal.wildtrax.ca/home/aru-tasks/recording.html?taskId=331338,https://wildtrax-aru.s3.us-west-2.amazonaws.com/520ccc82-dc0c-430d-8cdb-a7b9cc3bef2b/ac523a6c611e4e1296f0a0ca56a289c7.jpg,https://wildtrax-aru.s3.us-west-2.amazonaws.com/520ccc82-dc0c-430d-8cdb-a7b9cc3bef2b/ac523a6c611e4e1296f0a0ca56a289c7.mp3
PC,Waterton Lakes National Park Aquatic Conservation and Restoration ARU Pilot Program 2021,862,WLNP-AQP-2,238274,2021-08-05 06:15:00,354473,1SPT,331338,Transcribed,UNBI,Unidentified bird,"",Aves,67.18,180.00,3.33,1.91kHz,5.65kHz,2736754,1,Call,1,,f,1,Marcus Sommers,1224,,-29.17,-30.11,2,0.032128,-0.007286,0.039873,-27.99,-58.72,-72.72,2,0,-0.00281,0.00297,-50.55,-32.6,-34.22,2,0.020854,-0.004856,0.027613,-31.18,-63.35,-74.42,2,0,-0.002315,0.002253,-52.71,t,https://portal.wildtrax.ca/home/aru-tasks/recording.html?taskId=331338,https://wildtrax-aru.s3.us-west-2.amazonaws.com/520ccc82-dc0c-430d-8cdb-a7b9cc3bef2b/3f4a217a41664045b0266089dc43cf20.jpg,https://wildtrax-aru.s3.us-west-2.amazonaws.com/520ccc82-dc0c-430d-8cdb-a7b9cc3bef2b/3f4a217a41664045b0266089dc43cf20.mp3
PC,Waterton Lakes National Park Aquatic Conservation and Restoration ARU Pilot Program 2021,862,WLNP-AQP-2,238274,2021-08-06 04:46:00,354497,1SPT,331362,Transcribed,UNKN,Unidentified signal,"",Unknown,15.70,180.00,8.83,1.31kHz,4.53kHz,2737245,1,Song,1,,f,1,Steve Enid,660,,-23.17,-34.78,2,0.032035,-0.057142,0.110209,-19.16,-73.15,-75.23,2,0,-0.000935,0.000871,-60.58,-10.71,-34.43,2,0.0207,-0.650194,0.306351,-3.74,-73.42,-75.3,2,0,-0.000842,0.00089,-61.01,t,https://portal.wildtrax.ca/home/aru-tasks/recording.html?taskId=331362,https://wildtrax-aru.s3.us-west-2.amazonaws.com/db36d3a1-08e7-48c6-8b95-3ffc6a7990ce/cbe7c643b5b540c4bbcabb88b6479b38.jpg,https://wildtrax-aru.s3.us-west-2.amazonaws.com/db36d3a1-08e7-48c6-8b95-3ffc6a7990ce/cbe7c643b5b540c4bbcabb88b6479b38.mp3
PC,Waterton Lakes National Park Aquatic Conservation and Restoration ARU Pilot Program 2021,862,WLNP-AQP-2,238274,2021-08-06 07:46:00,354521,1SPT,331386,Transcribed,PISI,Pine Siskin,SPINUS PINUS,Aves,0.05,180.00,7.89,0.56kHz,6.16kHz,2693379,1,Call,2,,f,2,Joel Kwek,822,,-29.27,-30.58,2,0.032183,-0.005496,0.041181,-27.71,-63.79,-70.47,2,0,-0.002659,0.002766,-51.16,-31.5,-35.73,2,0.020997,-0.003877,0.034064,-29.35,-62.02,-70.16,2,0,-0.003734,0.003652,-48.56,t,https://portal.wildtrax.ca/home/aru-tasks/recording.html?taskId=331386,https://wildtrax-aru.s3.us-west-2.amazonaws.com/eb3c69de-a2ee-472a-9b31-45ff3db9bc4b/a4f76f2691e544f6a5a6aa3efbecd0a4.jpg,https://wildtrax-aru.s3.us-west-2.amazonaws.com/eb3c69de-a2ee-472a-9b31-45ff3db9bc4b/a4f76f2691e544f6a5a6aa3efbecd0a4.mp3
PC,Waterton Lakes National Park Aquatic Conservation and Restoration ARU Pilot Program 2021,862,WLNP-AQP-2,238274,2021-08-06 07:46:00,354521,1SPT,331386,Transcribed,UNWO,Unidentified Woodpecker,"",Aves,8.75,180.00,0.60,1.12kHz,6.12kHz,2693380,1,Call,1,,f,2,Joel Kwek,822,,-29.55,-30.22,2,0.029992,-0.007354,0.037519,-28.51,-69.38,-72.31,2,0,-0.001274,0.001105,-57.9,-32.34,-33.87,2,0.019584,-0.004756,0.029852,-30.5,-69.46,-72.45,2,0,-0.001213,0.001196,-58.32,t,https://portal.wildtrax.ca/home/aru-tasks/recording.html?taskId=331386,https://wildtrax-aru.s3.us-west-2.amazonaws.com/eb3c69de-a2ee-472a-9b31-45ff3db9bc4b/0f8d317674744921b8b1d69e2d05baac.jpg,https://wildtrax-aru.s3.us-west-2.amazonaws.com/eb3c69de-a2ee-472a-9b31-45ff3db9bc4b/0f8d317674744921b8b1d69e2d05baac.mp3
PC,Waterton Lakes National Park Aquatic Conservation and Restoration ARU Pilot Program 2021,862,WLNP-AQP-2,238274,2021-08-06 07:46:00,354521,1SPT,331386,Transcribed,RBNU,Red-breasted Nuthatch,SITTA CANADENSIS,Aves,83.54,180.00,1.53,0.93kHz,4.72kHz,2693381,1,Song,1,3,t,2,Joel Kwek,822,15,-27.93,-31.08,2,0.031588,-0.006579,0.046832,-26.59,-68,-72.76,2,0,-0.00128,0.001438,-56.84,-28.03,-37.46,2,0.020053,-0.012936,0.0582,-24.7,-64.95,-72.98,2,0,-0.001886,0.001732,-54.49,t,https://portal.wildtrax.ca/home/aru-tasks/recording.html?taskId=331386,https://wildtrax-aru.s3.us-west-2.amazonaws.com/eb3c69de-a2ee-472a-9b31-45ff3db9bc4b/c457c5d3f3184aafb0516100da9a7e0c.jpg,https://wildtrax-aru.s3.us-west-2.amazonaws.com/eb3c69de-a2ee-472a-9b31-45ff3db9bc4b/c457c5d3f3184aafb0516100da9a7e0c.mp3
PC,Waterton Lakes National Park Aquatic Conservation and Restoration ARU Pilot Program 2021,862,WLNP-AQP-2,238274,2021-08-06 07:46:00,354521,1SPT,331386,Transcribed,SPSA,Spotted Sandpiper,ACTITIS MACULARIUS,Aves,163.23,180.00,2.35,1.73kHz,5.18kHz,2693382,1,Call,1,,f,1,Joel Kwek,822,,-29.52,-30.05,2,0.031583,-0.006413,0.038602,-28.27,-55.31,-73.57,2,0,-0.005712,0.005278,-44.86,-33.2,-33.91,2,0.020467,-0.004038,0.027595,-31.18,-55.85,-73.4,2,0,-0.004563,0.004682,-46.59,t,https://portal.wildtrax.ca/home/aru-tasks/recording.html?taskId=331386,https://wildtrax-aru.s3.us-west-2.amazonaws.com/eb3c69de-a2ee-472a-9b31-45ff3db9bc4b/d743a1c22c3446028a4d842add8cd9cb.jpg,https://wildtrax-aru.s3.us-west-2.amazonaws.com/eb3c69de-a2ee-472a-9b31-45ff3db9bc4b/d743a1c22c3446028a4d842add8cd9cb.mp3
PC,Waterton Lakes National Park Aquatic Conservation and Restoration ARU Pilot Program 2021,862,WLNP-AQP-3,238275,2021-06-28 07:04:00,354546,1SPT,331411,Transcribed,SWTH,Swainson's Thrush,CATHARUS USTULATUS,Aves,7.78,180.00,2.00,0.79kHz,6.16kHz,2689263,1,Song,1,2,t,2,Marcus Sommers,1224,15,-36.86,-39.11,2,0.011739,-0.004845,0.028064,-31.04,-51.18,-54.02,2,0,-0.009602,0.009813,-40.16,-38.49,-41.61,2,0.008573,-0.008847,0.026589,-31.51,-47.89,-53.18,2,0,-0.012737,0.011536,-37.9,t,https://portal.wildtrax.ca/home/aru-tasks/recording.html?taskId=331411,https://wildtrax-aru.s3.us-west-2.amazonaws.com/5947bbe6-24b1-4306-8266-3531b4a6ad78/751ea68dadae4b2dab6340b28ee2ae23.jpg,https://wildtrax-aru.s3.us-west-2.amazonaws.com/5947bbe6-24b1-4306-8266-3531b4a6ad78/751ea68dadae4b2dab6340b28ee2ae23.mp3
PC,Waterton Lakes National Park Aquatic Conservation and Restoration ARU Pilot Program 2021,862,WLNP-AQP-3,238275,2021-06-28 07:04:00,354546,1SPT,331411,Transcribed,VATH,Varied Thrush,IXOREUS NAEVIUS,Aves,8.69,180.00,2.33,1.73kHz,4.34kHz,2689262,1,Song,1,2,t,2,Marcus Sommers,1224,15,-36.77,-39.41,2,0.011834,-0.006089,0.027371,-31.25,-53.88,-58.46,2,0,-0.007447,0.007756,-42.21,-39.06,-41.88,2,0.00857,-0.008442,0.026502,-31.53,-49.44,-57.65,2,0,-0.009819,0.010057,-39.95,t,https://portal.wildtrax.ca/home/aru-tasks/recording.html?taskId=331411,https://wildtrax-aru.s3.us-west-2.amazonaws.com/5947bbe6-24b1-4306-8266-3531b4a6ad78/573b6b8f4dc145b9a6430a8f3c40b11a.jpg,https://wildtrax-aru.s3.us-west-2.amazonaws.com/5947bbe6-24b1-4306-8266-3531b4a6ad78/573b6b8f4dc145b9a6430a8f3c40b11a.mp3
PC,Waterton Lakes National Park Aquatic Conservation and Restoration ARU Pilot Program 2021,862,WLNP-AQP-3,238275,2021-06-28 07:04:00,354546,1SPT,331411,Transcribed,PISI,Pine Siskin,SPINUS PINUS,Aves,26.10,180.00,2.06,3.36kHz,7.94kHz,2689264,1,Call,1,,f,2,Marcus Sommers,1224,,-25.13,-40.2,2,0.012108,-0.06144,0.097183,-20.25,-58.25,-61.14,2,0,-0.004739,0.004388,-46.49,-33.3,-43.47,2,0.008621,-0.02462,0.036956,-28.65,-56.3,-60.89,2,0,-0.004897,0.005374,-45.39,t,https://portal.wildtrax.ca/home/aru-tasks/recording.html?taskId=331411,https://wildtrax-aru.s3.us-west-2.amazonaws.com/5947bbe6-24b1-4306-8266-3531b4a6ad78/beb414dc6b88466e9027dd91dbd021c3.jpg,https://wildtrax-aru.s3.us-west-2.amazonaws.com/5947bbe6-24b1-4306-8266-3531b4a6ad78/beb414dc6b88466e9027dd91dbd021c3.mp3
PC,Waterton Lakes National Park Aquatic Conservation and Restoration ARU Pilot Program 2021,862,WLNP-AQP-3,238275,2021-06-28 07:04:00,354546,1SPT,331411,Transcribed,VATH,Varied Thrush,IXOREUS NAEVIUS,Aves,32.60,180.00,1.88,2.01kHz,4.90kHz,2689265,2,Song,1,2,t,2,Marcus Sommers,1224,15,-35.09,-39.3,2,0.011851,-0.016583,0.042831,-27.36,-54.27,-58.48,2,0,-0.006842,0.006365,-43.3,-37.12,-42.95,2,0.008345,-0.016321,0.028258,-30.98,-52.59,-58.18,2,0,-0.00798,0.007303,-41.96,t,https://portal.wildtrax.ca/home/aru-tasks/recording.html?taskId=331411,https://wildtrax-aru.s3.us-west-2.amazonaws.com/5947bbe6-24b1-4306-8266-3531b4a6ad78/dbe08d82086f41a79b913aabcf070503.jpg,https://wildtrax-aru.s3.us-west-2.amazonaws.com/5947bbe6-24b1-4306-8266-3531b4a6ad78/dbe08d82086f41a79b913aabcf070503.mp3
PC,Waterton Lakes National Park Aquatic Conservation and Restoration ARU Pilot Program 2021,862,WLNP-AQP-3,238275,2021-06-28 07:04:00,354546,1SPT,331411,Transcribed,HETH,Hermit Thrush,CATHARUS GUTTATUS,Aves,35.86,180.00,1.75,2.38kHz,6.49kHz,2689266,1,Song,1,2,t,2,Marcus Sommers,1224,15,-29.38,-40.59,2,0.011653,-0.03142,0.056953,-24.89,-52.42,-59.84,2,0,-0.007771,0.006934,-42.19,-32.34,-44.37,2,0.008586,-0.038118,0.047678,-26.43,-51.15,-59.18,2,0,-0.008104,0.007489,-41.83,t,https://portal.wildtrax.ca/home/aru-tasks/recording.html?taskId=331411,https://wildtrax-aru.s3.us-west-2.amazonaws.com/5947bbe6-24b1-4306-8266-3531b4a6ad78/cfcb02a810f04bf39c257fff02a1cc47.jpg,https://wildtrax-aru.s3.us-west-2.amazonaws.com/5947bbe6-24b1-4306-8266-3531b4a6ad78/cfcb02a810f04bf39c257fff02a1cc47.mp3
PC,Waterton Lakes National Park Aquatic Conservation and Restoration ARU Pilot Program 2021,862,WLNP-AQP-3,238275,2021-06-28 07:04:00,354546,1SPT,331411,Transcribed,FOSP,Fox Sparrow,PASSERELLA ILIACA,Aves,47.70,180.00,2.94,1.17kHz,6.96kHz,2689267,1,Song,1,,f,2,Marcus Sommers,1224,,-36.79,-38.6,2,0.011893,-0.02007,0.04039,-27.87,-44.5,-55.99,2,0,-0.022098,0.02166,-33.11,-36.89,-41.66,2,0.008546,-0.03287,0.048096,-26.36,-40.17,-54.29,2,0,-0.033608,0.032822,-29.47,t,https://portal.wildtrax.ca/home/aru-tasks/recording.html?taskId=331411,https://wildtrax-aru.s3.us-west-2.amazonaws.com/5947bbe6-24b1-4306-8266-3531b4a6ad78/4afed8a0bb9d475c86cda927b6f23f77.jpg,https://wildtrax-aru.s3.us-west-2.amazonaws.com/5947bbe6-24b1-4306-8266-3531b4a6ad78/4afed8a0bb9d475c86cda927b6f23f77.mp3
PC,Waterton Lakes National Park Aquatic Conservation and Restoration ARU Pilot Program 2021,862,WLNP-AQP-3,238275,2021-06-28 07:04:00,354546,1SPT,331411,Transcribed,WIWA,Wilson's Warbler,CARDELLINA PUSILLA,Aves,79.81,180.00,1.78,2.57kHz,8.12kHz,2689270,1,Song,1,1,t,2,Marcus Sommers,1224,15,-30.06,-42.47,2,0.011535,-0.015532,0.055859,-25.06,-57.2,-58.63,2,0,-0.005421,0.005169,-45.32,-30.73,-43.88,2,0.008617,-0.046035,0.049446,-26.12,-56.34,-58.87,2,0,-0.006967,0.006302,-43.14,t,https://portal.wildtrax.ca/home/aru-tasks/recording.html?taskId=331411,https://wildtrax-aru.s3.us-west-2.amazonaws.com/5947bbe6-24b1-4306-8266-3531b4a6ad78/fce92190733343d0a172165826cf1854.jpg,https://wildtrax-aru.s3.us-west-2.amazonaws.com/5947bbe6-24b1-4306-8266-3531b4a6ad78/fce92190733343d0a172165826cf1854.mp3
PC,Waterton Lakes National Park Aquatic Conservation and Restoration ARU Pilot Program 2021,862,WLNP-AQP-3,238275,2021-06-28 07:04:00,354546,1SPT,331411,Transcribed,GCKI,Golden-crowned Kinglet,REGULUS SATRAPA,Aves,128.50,180.00,3.18,4.44kHz,10.23kHz,2689268,1,Song,1,,f,1,Marcus Sommers,1224,,-36.72,-39.91,2,0.011851,-0.005302,0.027238,-31.3,-57.02,-61.85,2,0,-0.005923,0.005467,-44.55,-38.62,-43.37,2,0.008521,-0.0137,0.02804,-31.04,-57.53,-61.35,2,0,-0.004923,0.004898,-46.16,t,https://portal.wildtrax.ca/home/aru-tasks/recording.html?taskId=331411,https://wildtrax-aru.s3.us-west-2.amazonaws.com/5947bbe6-24b1-4306-8266-3531b4a6ad78/cc9b6b7fee8e4e1ba43bbfe046deebec.jpg,https://wildtrax-aru.s3.us-west-2.amazonaws.com/5947bbe6-24b1-4306-8266-3531b4a6ad78/cc9b6b7fee8e4e1ba43bbfe046deebec.mp3
PC,Waterton Lakes National Park Aquatic Conservation and Restoration ARU Pilot Program 2021,862,WLNP-AQP-3,238275,2021-06-28 07:04:00,354546,1SPT,331411,Transcribed,PISI,Pine Siskin,SPINUS PINUS,Aves,147.64,180.00,3.98,2.61kHz,7.14kHz,2689269,2,Call,1,,f,1,Marcus Sommers,1224,,-25.73,-42.36,2,0.011981,-0.049927,0.08643,-21.27,-51.69,-59.61,2,0,-0.007171,0.0074,-42.61,-31.47,-44.75,2,0.008454,-0.03977,0.049431,-26.12,-52.89,-59.36,2,0,-0.00711,0.007848,-42.1,t,https://portal.wildtrax.ca/home/aru-tasks/recording.html?taskId=331411,https://wildtrax-aru.s3.us-west-2.amazonaws.com/5947bbe6-24b1-4306-8266-3531b4a6ad78/17b05159cb9f4675a6d904b8ecc0c1e0.jpg,https://wildtrax-aru.s3.us-west-2.amazonaws.com/5947bbe6-24b1-4306-8266-3531b4a6ad78/17b05159cb9f4675a6d904b8ecc0c1e0.mp3
PC,Waterton Lakes National Park Aquatic Conservation and Restoration ARU Pilot Program 2021,862,WLNP-AQP-3,238275,2021-06-29 08:05:00,354572,1SPT,331437,Transcribed,VATH,Varied Thrush,IXOREUS NAEVIUS,Aves,5.35,180.00,1.98,1.77kHz,5.09kHz,2736749,1,Song,1,,f,2,Marcus Sommers,1224,,-36.51,-39.37,2,0.011881,-0.004303,0.02634,-31.59,-56.18,-58.1,2,0,-0.005525,0.005901,-44.58,-37.58,-42.34,2,0.008361,-0.01356,0.029639,-30.56,-55.45,-57.62,2,0,-0.006834,0.00636,-43.31,t,https://portal.wildtrax.ca/home/aru-tasks/recording.html?taskId=331437,https://wildtrax-aru.s3.us-west-2.amazonaws.com/50ba3c78-51df-422d-b20d-e0fb7b3221ad/77f77075d98141a1a1d532336e6b1965.jpg,https://wildtrax-aru.s3.us-west-2.amazonaws.com/50ba3c78-51df-422d-b20d-e0fb7b3221ad/77f77075d98141a1a1d532336e6b1965.mp3
PC,Waterton Lakes National Park Aquatic Conservation and Restoration ARU Pilot Program 2021,862,WLNP-AQP-3,238275,2021-06-29 08:05:00,354572,1SPT,331437,Transcribed,SWTH,Swainson's Thrush,CATHARUS USTULATUS,Aves,11.43,180.00,2.03,0.61kHz,6.40kHz,2736750,1,Song,1,2,t,2,Marcus Sommers,1224,15,-33.68,-40.5,2,0.012058,-0.012477,0.038072,-28.39,-50.54,-52.92,2,0,-0.012329,0.01029,-38.18,-34.82,-43.1,2,0.008474,-0.01792,0.034042,-29.36,-48.37,-51.77,2,0,-0.0161,0.014516,-35.86,t,https://portal.wildtrax.ca/home/aru-tasks/recording.html?taskId=331437,https://wildtrax-aru.s3.us-west-2.amazonaws.com/50ba3c78-51df-422d-b20d-e0fb7b3221ad/f96fc50ac12745fd8d25c937935646b1.jpg,https://wildtrax-aru.s3.us-west-2.amazonaws.com/50ba3c78-51df-422d-b20d-e0fb7b3221ad/f96fc50ac12745fd8d25c937935646b1.mp3
PC,Waterton Lakes National Park Aquatic Conservation and Restoration ARU Pilot Program 2021,862,WLNP-AQP-3,238275,2021-06-29 08:05:00,354572,1SPT,331437,Transcribed,VATH,Varied Thrush,IXOREUS NAEVIUS,Aves,85.70,180.00,1.98,2.47kHz,4.90kHz,2736751,2,Song,1,,f,2,Marcus Sommers,1224,,-26.4,-40.09,2,0.011896,-0.089317,0.077344,-20.98,-58.25,-61.36,2,0,-0.004423,0.004233,-47.09,-30.3,-42.05,2,0.008442,-0.039673,0.05823,-24.7,-56.83,-60.45,2,0,-0.005088,0.004889,-45.87,t,https://portal.wildtrax.ca/home/aru-tasks/recording.html?taskId=331437,https://wildtrax-aru.s3.us-west-2.amazonaws.com/50ba3c78-51df-422d-b20d-e0fb7b3221ad/67ce4886f8724bfd9f6374c4a5febf17.jpg,https://wildtrax-aru.s3.us-west-2.amazonaws.com/50ba3c78-51df-422d-b20d-e0fb7b3221ad/67ce4886f8724bfd9f6374c4a5febf17.mp3
PC,Waterton Lakes National Park Aquatic Conservation and Restoration ARU Pilot Program 2021,862,WLNP-AQP-3,238275,2021-06-29 08:05:00,354572,1SPT,331437,Transcribed,SWTH,Swainson's Thrush,CATHARUS USTULATUS,Aves,94.03,180.00,2.24,0.89kHz,5.60kHz,2736752,2,Song,1,2,t,2,Marcus Sommers,1224,15,-34.28,-41.96,2,0.011898,-0.009543,0.035881,-28.9,-51.53,-54.88,2,0,-0.009383,0.009935,-40.06,-35.35,-43.54,2,0.008572,-0.014991,0.03436,-29.28,-49.17,-53.44,2,0,-0.010971,0.011928,-38.47,t,https://portal.wildtrax.ca/home/aru-tasks/recording.html?taskId=331437,https://wildtrax-aru.s3.us-west-2.amazonaws.com/50ba3c78-51df-422d-b20d-e0fb7b3221ad/59b53b4fdc8b49e8817b2a60e5ef2fb8.jpg,https://wildtrax-aru.s3.us-west-2.amazonaws.com/50ba3c78-51df-422d-b20d-e0fb7b3221ad/59b53b4fdc8b49e8817b2a60e5ef2fb8.mp3
PC,Waterton Lakes National Park Aquatic Conservation and Restoration ARU Pilot Program 2021,862,WLNP-AQP-3,238275,2021-07-01 08:06:00,354517,1SPT,331382,Transcribed,VATH,Varied Thrush,IXOREUS NAEVIUS,Aves,3.60,180.00,2.10,1.07kHz,6.12kHz,2691617,1,Song,1,,f,1,Gill Holmes,1269,,-26.63,-43.13,2,0.011643,-0.075984,0.069867,-22.39,-53.82,-56.97,2,0,-0.006996,0.006978,-43.1,-32.04,-46.22,2,0.008726,-0.017183,0.052397,-25.61,-53.46,-55.5,2,0,-0.007907,0.010384,-39.67,t,https://portal.wildtrax.ca/home/aru-tasks/recording.html?taskId=331382,https://wildtrax-aru.s3.us-west-2.amazonaws.com/231708a2-e9ce-4e80-b093-a85abcca74e9/f82524dd9d114605ae7c3e7ee692d873.jpg,https://wildtrax-aru.s3.us-west-2.amazonaws.com/231708a2-e9ce-4e80-b093-a85abcca74e9/f82524dd9d114605ae7c3e7ee692d873.mp3
PC,Waterton Lakes National Park Aquatic Conservation and Restoration ARU Pilot Program 2021,862,WLNP-AQP-3,238275,2021-07-01 08:06:00,354517,1SPT,331382,Transcribed,SWTH,Swainson's Thrush,CATHARUS USTULATUS,Aves,4.70,180.00,1.75,0.75kHz,3.92kHz,2691618,1,Song,1,2,t,2,Alex MacPhail,15,15,-27.31,-43.13,2,0.011609,-0.041623,0.070348,-23.06,-52.99,-55.61,2,0,-0.007715,0.008343,-41.57,-31.26,-46.2,2,0.008908,-0.024589,0.046079,-26.73,-51.86,-54.49,2,0,-0.009479,0.009949,-40.04,t,https://portal.wildtrax.ca/home/aru-tasks/recording.html?taskId=331382,https://wildtrax-aru.s3.us-west-2.amazonaws.com/231708a2-e9ce-4e80-b093-a85abcca74e9/cc525da05f0a433f9e75f6c18eb8e9d3.jpg,https://wildtrax-aru.s3.us-west-2.amazonaws.com/231708a2-e9ce-4e80-b093-a85abcca74e9/cc525da05f0a433f9e75f6c18eb8e9d3.mp3
PC,Waterton Lakes National Park Aquatic Conservation and Restoration ARU Pilot Program 2021,862,WLNP-AQP-3,238275,2021-07-01 08:06:00,354517,1SPT,331382,Transcribed,CHSP,Chipping Sparrow,SPIZELLA PASSERINA,Aves,27.76,180.00,2.65,2.33kHz,8.50kHz,2691619,1,Song,1,,f,2,Gill Holmes,1269,,-33.37,-41.35,2,0.011727,-0.018246,0.035438,-29.01,-57.9,-59.99,2,0,-0.007025,0.006888,-43.07,-31.84,-45.17,2,0.00861,-0.040036,0.041563,-27.63,-57.25,-59.44,2,0,-0.009174,0.00747,-40.75,t,https://portal.wildtrax.ca/home/aru-tasks/recording.html?taskId=331382,https://wildtrax-aru.s3.us-west-2.amazonaws.com/231708a2-e9ce-4e80-b093-a85abcca74e9/efeb0702b4194a00afd6fc5b239dbd22.jpg,https://wildtrax-aru.s3.us-west-2.amazonaws.com/231708a2-e9ce-4e80-b093-a85abcca74e9/efeb0702b4194a00afd6fc5b239dbd22.mp3
PC,Waterton Lakes National Park Aquatic Conservation and Restoration ARU Pilot Program 2021,862,WLNP-AQP-3,238275,2021-07-01 08:06:00,354517,1SPT,331382,Transcribed,PISI,Pine Siskin,SPINUS PINUS,Aves,51.31,180.00,8.14,1.12kHz,9.48kHz,2691620,1,Song,1,,f,2,Gill Holmes,1269,,-34.57,-42.16,2,0.012006,-0.010535,0.033107,-29.6,-53.56,-56.76,2,0,-0.008022,0.008038,-41.9,-35.51,-43.77,2,0.008741,-0.016259,0.031749,-29.97,-52.25,-55.59,2,0,-0.008737,0.010329,-39.72,t,https://portal.wildtrax.ca/home/aru-tasks/recording.html?taskId=331382,https://wildtrax-aru.s3.us-west-2.amazonaws.com/231708a2-e9ce-4e80-b093-a85abcca74e9/0eab2acd281946238e9645de02d10c46.jpg,https://wildtrax-aru.s3.us-west-2.amazonaws.com/231708a2-e9ce-4e80-b093-a85abcca74e9/0eab2acd281946238e9645de02d10c46.mp3
PC,Waterton Lakes National Park Aquatic Conservation and Restoration ARU Pilot Program 2021,862,WLNP-AQP-3,238275,2021-07-01 08:06:00,354517,1SPT,331382,Transcribed,PAWA,Palm Warbler,SETOPHAGA PALMARUM,Aves,61.85,180.00,1.65,2.29kHz,9.34kHz,2691621,1,Song,1,,f,1,Gill Holmes,1269,,-32.64,-42,2,0.011829,-0.012605,0.036109,-28.85,-50.43,-59.63,2,0,-0.013436,0.01382,-37.19,-37.47,-44.69,2,0.008473,-0.007589,0.025748,-31.79,-50.8,-59.33,2,0,-0.011333,0.011602,-38.71,t,https://portal.wildtrax.ca/home/aru-tasks/recording.html?taskId=331382,https://wildtrax-aru.s3.us-west-2.amazonaws.com/231708a2-e9ce-4e80-b093-a85abcca74e9/4aa77f9f1b9040f29dddd17d660c2966.jpg,https://wildtrax-aru.s3.us-west-2.amazonaws.com/231708a2-e9ce-4e80-b093-a85abcca74e9/4aa77f9f1b9040f29dddd17d660c2966.mp3
PC,Waterton Lakes National Park Aquatic Conservation and Restoration ARU Pilot Program 2021,862,WLNP-AQP-3,238275,2021-07-01 08:06:00,354517,1SPT,331382,Transcribed,HETH,Hermit Thrush,CATHARUS GUTTATUS,Aves,107.09,180.00,1.59,0.28kHz,5.93kHz,2691623,1,Song,1,,f,2,Gill Holmes,1269,,-34.66,-41.02,2,0.01195,-0.005743,0.030639,-30.27,-51.22,-52.98,2,-0.000714,-0.010701,0.00841,-39.41,-37.59,-42.87,2,0.008396,-0.006782,0.02533,-31.93,-50.05,-51.86,2,-0.000502,-0.012652,0.010156,-37.96,t,https://portal.wildtrax.ca/home/aru-tasks/recording.html?taskId=331382,https://wildtrax-aru.s3.us-west-2.amazonaws.com/231708a2-e9ce-4e80-b093-a85abcca74e9/53888142b5cb4b7b99179734057c7f85.jpg,https://wildtrax-aru.s3.us-west-2.amazonaws.com/231708a2-e9ce-4e80-b093-a85abcca74e9/53888142b5cb4b7b99179734057c7f85.mp3
PC,Waterton Lakes National Park Aquatic Conservation and Restoration ARU Pilot Program 2021,862,WLNP-AQP-3,238275,2021-07-01 08:06:00,354517,1SPT,331382,Transcribed,PISI,Pine Siskin,SPINUS PINUS,Aves,113.29,180.00,3.96,1.91kHz,9.15kHz,2691622,2,Song,1,,f,1,Gill Holmes,1269,,-30.61,-43.45,2,0.011993,-0.02209,0.049678,-26.08,-54.8,-58.71,2,0,-0.006419,0.006415,-43.85,-32.92,-44.77,2,0.008719,-0.019896,0.042102,-27.51,-55.03,-58.29,2,0,-0.007016,0.006345,-43.08,t,https://portal.wildtrax.ca/home/aru-tasks/recording.html?taskId=331382,https://wildtrax-aru.s3.us-west-2.amazonaws.com/231708a2-e9ce-4e80-b093-a85abcca74e9/e8f91fd65b1b4f508798f525c47f4523.jpg,https://wildtrax-aru.s3.us-west-2.amazonaws.com/231708a2-e9ce-4e80-b093-a85abcca74e9/e8f91fd65b1b4f508798f525c47f4523.mp3
PC,Waterton Lakes National Park Aquatic Conservation and Restoration ARU Pilot Program 2021,862,WLNP-AQP-3,238275,2021-07-02 07:07:00,354519,1SPT,331384,Transcribed,SWTH,Swainson's Thrush,CATHARUS USTULATUS,Aves,0.50,180.00,1.41,0.84kHz,5.04kHz,2691638,1,Song,1,3,t,1,Alex MacPhail,15,15,-37.44,-38.63,2,0.0117,-0.003838,0.028214,-30.99,-48.41,-56.98,2,0,-0.010981,0.01167,-38.66,-39.65,-41.4,2,0.008406,-0.00723,0.02438,-32.26,-47.77,-56.12,2,0,-0.011661,0.012115,-38.33,t,https://portal.wildtrax.ca/home/aru-tasks/recording.html?taskId=331384,https://wildtrax-aru.s3.us-west-2.amazonaws.com/9adb3230-aa38-4872-83a9-de7ca416be65/b7745368314e480a9b8da30120416aa1.jpg,https://wildtrax-aru.s3.us-west-2.amazonaws.com/9adb3230-aa38-4872-83a9-de7ca416be65/b7745368314e480a9b8da30120416aa1.mp3
PC,Waterton Lakes National Park Aquatic Conservation and Restoration ARU Pilot Program 2021,862,WLNP-AQP-3,238275,2021-07-02 07:07:00,354519,1SPT,331384,Transcribed,SWTH,Swainson's Thrush,CATHARUS USTULATUS,Aves,4.41,180.00,2.56,0.70kHz,6.86kHz,2691639,2,Song,1,3,t,2,Gill Holmes,1269,15,-37.44,-38.67,2,0.01198,-0.003499,0.025818,-31.76,-52.33,-56.47,2,0,-0.008757,0.008326,-41.15,-39.38,-41.54,2,0.00852,-0.005713,0.022967,-32.78,-49.16,-55.29,2,0,-0.011799,0.010913,-38.56,t,https://portal.wildtrax.ca/home/aru-tasks/recording.html?taskId=331384,https://wildtrax-aru.s3.us-west-2.amazonaws.com/9adb3230-aa38-4872-83a9-de7ca416be65/84074ef353f349eab0cd06db16ef1d7d.jpg,https://wildtrax-aru.s3.us-west-2.amazonaws.com/9adb3230-aa38-4872-83a9-de7ca416be65/84074ef353f349eab0cd06db16ef1d7d.mp3
PC,Waterton Lakes National Park Aquatic Conservation and Restoration ARU Pilot Program 2021,862,WLNP-AQP-3,238275,2021-07-02 07:07:00,354519,1SPT,331384,Transcribed,PAWR,Pacific Wren,TROGLODYTES PACIFICUS,Aves,6.70,180.00,6.13,1.03kHz,9.95kHz,2691641,1,Song,1,,f,1,Gill Holmes,1269,,-35.35,-38.74,2,0.012108,-0.023346,0.046737,-26.61,-38.85,-56.83,2,0,-0.030956,0.03232,-29.81,-37.08,-41.71,2,0.008658,-0.019766,0.03829,-28.34,-39.72,-56.06,2,0,-0.027512,0.028291,-30.97,t,https://portal.wildtrax.ca/home/aru-tasks/recording.html?taskId=331384,https://wildtrax-aru.s3.us-west-2.amazonaws.com/9adb3230-aa38-4872-83a9-de7ca416be65/7e5c59be0caa4b8cbdff4f4de52866d6.jpg,https://wildtrax-aru.s3.us-west-2.amazonaws.com/9adb3230-aa38-4872-83a9-de7ca416be65/7e5c59be0caa4b8cbdff4f4de52866d6.mp3
PC,Waterton Lakes National Park Aquatic Conservation and Restoration ARU Pilot Program 2021,862,WLNP-AQP-3,238275,2021-07-02 07:07:00,354519,1SPT,331384,Transcribed,GCKI,Golden-crowned Kinglet,REGULUS SATRAPA,Aves,11.40,180.00,3.43,4.76kHz,10.27kHz,2691640,1,Song,1,,f,1,Gill Holmes,1269,,-33.54,-38.77,2,0.01203,-0.037393,0.065471,-23.68,-36.05,-63.11,2,0,-0.049137,0.049113,-26.17,-34.3,-41.81,2,0.008518,-0.043712,0.060795,-24.32,-35.96,-62.64,2,0,-0.047599,0.046764,-26.45,t,https://portal.wildtrax.ca/home/aru-tasks/recording.html?taskId=331384,https://wildtrax-aru.s3.us-west-2.amazonaws.com/9adb3230-aa38-4872-83a9-de7ca416be65/f1b42c41604c482692d6b62a417b1c9d.jpg,https://wildtrax-aru.s3.us-west-2.amazonaws.com/9adb3230-aa38-4872-83a9-de7ca416be65/f1b42c41604c482692d6b62a417b1c9d.mp3
PC,Waterton Lakes National Park Aquatic Conservation and Restoration ARU Pilot Program 2021,862,WLNP-AQP-3,238275,2021-07-02 07:07:00,354519,1SPT,331384,Transcribed,FOSP,Fox Sparrow,PASSERELLA ILIACA,Aves,12.55,180.00,3.46,1.03kHz,7.24kHz,2691642,1,Song,1,,f,1,Gill Holmes,1269,,-33.57,-38.86,2,0.012027,-0.040639,0.066762,-23.51,-42.7,-57.37,2,0,-0.026223,0.027606,-31.18,-34.31,-41.85,2,0.008533,-0.042333,0.062333,-24.11,-41.73,-55.94,2,0,-0.021872,0.022606,-32.92,t,https://portal.wildtrax.ca/home/aru-tasks/recording.html?taskId=331384,https://wildtrax-aru.s3.us-west-2.amazonaws.com/9adb3230-aa38-4872-83a9-de7ca416be65/538e180e9acc40d7aba3bac5e2c32e61.jpg,https://wildtrax-aru.s3.us-west-2.amazonaws.com/9adb3230-aa38-4872-83a9-de7ca416be65/538e180e9acc40d7aba3bac5e2c32e61.mp3
PC,Waterton Lakes National Park Aquatic Conservation and Restoration ARU Pilot Program 2021,862,WLNP-AQP-3,238275,2021-07-02 08:07:00,354577,1SPT,331442,Transcribed,UNPA,Unidentified Passerine,"",Aves,0.03,180.00,4.73,6.30kHz,9.81kHz,2693415,1,Call,1,,f,1,Joel Kwek,822,,-37.28,-38.84,2,0.012041,-0.002252,0.026065,-31.68,-61.8,-66.99,2,0,-0.003716,0.003817,-48.37,-39.53,-41.75,2,0.00868,-0.004412,0.021284,-33.44,-63.59,-67,2,0,-0.003038,0.003045,-50.33,t,https://portal.wildtrax.ca/home/aru-tasks/recording.html?taskId=331442,https://wildtrax-aru.s3.us-west-2.amazonaws.com/f751e167-7aa1-4110-803d-848d296454a9/616e1156f8d74f81852560881cecfdb2.jpg,https://wildtrax-aru.s3.us-west-2.amazonaws.com/f751e167-7aa1-4110-803d-848d296454a9/616e1156f8d74f81852560881cecfdb2.mp3
PC,Waterton Lakes National Park Aquatic Conservation and Restoration ARU Pilot Program 2021,862,WLNP-AQP-3,238275,2021-07-02 08:07:00,354577,1SPT,331442,Transcribed,WCSP,White-crowned Sparrow,ZONOTRICHIA LEUCOPHRYS,Aves,0.20,180.00,1.55,1.68kHz,5.60kHz,2693416,1,Song,1,,f,1,Joel Kwek,822,,-37.2,-38.73,2,0.011771,-0.004667,0.025602,-31.83,-51.75,-59.66,2,0,-0.007267,0.007229,-42.77,-39.48,-41.54,2,0.008445,-0.005644,0.022125,-33.1,-52.84,-58.98,2,0,-0.00797,0.008858,-41.05,t,https://portal.wildtrax.ca/home/aru-tasks/recording.html?taskId=331442,https://wildtrax-aru.s3.us-west-2.amazonaws.com/f751e167-7aa1-4110-803d-848d296454a9/eab58d9ec9104cddbecd00c0da6624ad.jpg,https://wildtrax-aru.s3.us-west-2.amazonaws.com/f751e167-7aa1-4110-803d-848d296454a9/eab58d9ec9104cddbecd00c0da6624ad.mp3
PC,Waterton Lakes National Park Aquatic Conservation and Restoration ARU Pilot Program 2021,862,WLNP-AQP-3,238275,2021-07-02 08:07:00,354577,1SPT,331442,Transcribed,HETH,Hermit Thrush,CATHARUS GUTTATUS,Aves,1.96,180.00,1.41,2.71kHz,5.74kHz,2693419,1,Song,1,,f,1,Joel Kwek,822,,-37.69,-38.7,2,0.011591,-0.004584,0.022311,-33.03,-59.96,-62.57,2,0,-0.003739,0.004092,-47.76,-40.03,-41.42,2,0.008396,-0.005158,0.020628,-33.71,-59.71,-62.11,2,0,-0.003577,0.003683,-48.68,t,https://portal.wildtrax.ca/home/aru-tasks/recording.html?taskId=331442,https://wildtrax-aru.s3.us-west-2.amazonaws.com/f751e167-7aa1-4110-803d-848d296454a9/4688533888974b50813a3de225d788e2.jpg,https://wildtrax-aru.s3.us-west-2.amazonaws.com/f751e167-7aa1-4110-803d-848d296454a9/4688533888974b50813a3de225d788e2.mp3
PC,Waterton Lakes National Park Aquatic Conservation and Restoration ARU Pilot Program 2021,862,WLNP-AQP-3,238275,2021-07-02 08:07:00,354577,1SPT,331442,Transcribed,UNWA,Unidentified Warbler,"",Aves,10.20,180.00,1.88,3.97kHz,7.52kHz,2693420,1,Song,1,,f,1,Joel Kwek,822,,-37.59,-38.77,2,0.011863,-0.005032,0.023678,-32.51,-60.02,-63.75,2,0,-0.003802,0.003717,-48.4,-39.92,-41.66,2,0.008536,-0.005568,0.025555,-31.85,-60.22,-63.19,2,0,-0.003789,0.004089,-47.77,t,https://portal.wildtrax.ca/home/aru-tasks/recording.html?taskId=331442,https://wildtrax-aru.s3.us-west-2.amazonaws.com/f751e167-7aa1-4110-803d-848d296454a9/848a044ca7d4424293bc089690698660.jpg,https://wildtrax-aru.s3.us-west-2.amazonaws.com/f751e167-7aa1-4110-803d-848d296454a9/848a044ca7d4424293bc089690698660.mp3
PC,Waterton Lakes National Park Aquatic Conservation and Restoration ARU Pilot Program 2021,862,WLNP-AQP-3,238275,2021-07-02 08:07:00,354577,1SPT,331442,Transcribed,SWTH,Swainson's Thrush,CATHARUS USTULATUS,Aves,25.31,180.00,1.91,0.75kHz,5.42kHz,2693422,1,Song,1,2,t,1,Joel Kwek,822,15,-37.52,-38.84,2,0.01194,-0.005119,0.02454,-32.2,-53.71,-56.5,2,0,-0.007714,0.006909,-42.25,-39.75,-41.73,2,0.008541,-0.005673,0.020424,-33.8,-53.5,-55.28,2,0,-0.008246,0.009279,-40.65,t,https://portal.wildtrax.ca/home/aru-tasks/recording.html?taskId=331442,https://wildtrax-aru.s3.us-west-2.amazonaws.com/f751e167-7aa1-4110-803d-848d296454a9/a38441e157b74ec78c61fdae87a342e7.jpg,https://wildtrax-aru.s3.us-west-2.amazonaws.com/f751e167-7aa1-4110-803d-848d296454a9/a38441e157b74ec78c61fdae87a342e7.mp3
PC,Waterton Lakes National Park Aquatic Conservation and Restoration ARU Pilot Program 2021,862,WLNP-AQP-3,238275,2021-07-02 08:07:00,354577,1SPT,331442,Transcribed,CHSP,Chipping Sparrow,SPIZELLA PASSERINA,Aves,36.36,180.00,3.73,3.83kHz,7.10kHz,2693423,1,Song,1,,f,2,Joel Kwek,822,,-36.4,-40.47,2,0.011981,-0.005061,0.026128,-31.66,-61.93,-64.25,2,0,-0.003428,0.003631,-48.8,-39.58,-41.89,2,0.008546,-0.004961,0.022657,-32.9,-58.99,-63.36,2,0,-0.004839,0.004455,-46.3,t,https://portal.wildtrax.ca/home/aru-tasks/recording.html?taskId=331442,https://wildtrax-aru.s3.us-west-2.amazonaws.com/f751e167-7aa1-4110-803d-848d296454a9/531b8139cb274b409339c93e29920e80.jpg,https://wildtrax-aru.s3.us-west-2.amazonaws.com/f751e167-7aa1-4110-803d-848d296454a9/531b8139cb274b409339c93e29920e80.mp3
PC,Waterton Lakes National Park Aquatic Conservation and Restoration ARU Pilot Program 2021,862,WLNP-AQP-3,238275,2021-07-06 05:40:00,354560,1SPT,331425,Transcribed,SWTH,Swainson's Thrush,CATHARUS USTULATUS,Aves,0.01,180.00,1.13,0.89kHz,5.51kHz,2693540,1,Song,1,2,t,1,Alana Demko,532,15,-37.29,-38.75,2,0.011494,-0.030282,0.058309,-24.69,-53.22,-59.95,2,0,-0.024377,0.013784,-32.26,-40.14,-41.73,2,0.008239,-0.001126,0.033413,-29.52,-55.67,-59.39,2,0,-0.013929,0.00793,-37.12,t,https://portal.wildtrax.ca/home/aru-tasks/recording.html?taskId=331425,https://wildtrax-aru.s3.us-west-2.amazonaws.com/899d7893-a4c4-4e83-906c-ed4289d515c0/dede93fe6bd242c1b9615ab05f7ede03.jpg,https://wildtrax-aru.s3.us-west-2.amazonaws.com/899d7893-a4c4-4e83-906c-ed4289d515c0/dede93fe6bd242c1b9615ab05f7ede03.mp3
PC,Waterton Lakes National Park Aquatic Conservation and Restoration ARU Pilot Program 2021,862,WLNP-AQP-3,238275,2021-07-06 05:40:00,354560,1SPT,331425,Transcribed,FOSP,Fox Sparrow,PASSERELLA ILIACA,Aves,3.26,180.00,2.78,1.54kHz,6.02kHz,2693541,1,Song,1,,f,2,Alana Demko,532,,-37.1,-39,2,0.011857,-0.003649,0.02249,-32.96,-56.03,-61.48,2,0,-0.006077,0.006562,-43.66,-39.72,-42.24,2,0.00864,-0.002607,0.020269,-33.86,-53.98,-61.17,2,0,-0.006156,0.006901,-43.22,t,https://portal.wildtrax.ca/home/aru-tasks/recording.html?taskId=331425,https://wildtrax-aru.s3.us-west-2.amazonaws.com/899d7893-a4c4-4e83-906c-ed4289d515c0/10ad7c72ac80481cbbb6921564540fe0.jpg,https://wildtrax-aru.s3.us-west-2.amazonaws.com/899d7893-a4c4-4e83-906c-ed4289d515c0/10ad7c72ac80481cbbb6921564540fe0.mp3
PC,Waterton Lakes National Park Aquatic Conservation and Restoration ARU Pilot Program 2021,862,WLNP-AQP-3,238275,2021-07-06 05:40:00,354560,1SPT,331425,Transcribed,MGWA,MacGillivray's Warbler,GEOTHLYPIS TOLMIEI,Aves,7.31,180.00,1.41,2.94kHz,7.42kHz,2693542,1,Song,1,2,t,1,Alana Demko,532,15,-37.63,-38.7,2,0.01173,-0.012786,0.031157,-30.13,-56.96,-63.03,2,0,-0.016381,0.015677,-35.71,-40.04,-41.58,2,0.008515,-0.003743,0.020189,-33.9,-58.31,-63.22,2,0,-0.007398,0.008281,-41.64,t,https://portal.wildtrax.ca/home/aru-tasks/recording.html?taskId=331425,https://wildtrax-aru.s3.us-west-2.amazonaws.com/899d7893-a4c4-4e83-906c-ed4289d515c0/94187691860046ac9b3ba15fb358b101.jpg,https://wildtrax-aru.s3.us-west-2.amazonaws.com/899d7893-a4c4-4e83-906c-ed4289d515c0/94187691860046ac9b3ba15fb358b101.mp3
PC,Waterton Lakes National Park Aquatic Conservation and Restoration ARU Pilot Program 2021,862,WLNP-AQP-3,238275,2021-07-06 05:40:00,354560,1SPT,331425,Transcribed,AMRO,American Robin,TURDUS MIGRATORIUS,Aves,7.36,180.00,1.29,1.68kHz,3.83kHz,2693546,1,Song,1,,f,2,Alana Demko,532,,-37.64,-38.69,2,0.011687,-0.013832,0.031246,-30.1,-59.71,-63.73,2,0,-0.008731,0.00965,-40.31,-39.99,-41.58,2,0.008493,-0.004503,0.019911,-34.02,-58.09,-63.64,2,0,-0.003885,0.004531,-46.88,t,https://portal.wildtrax.ca/home/aru-tasks/recording.html?taskId=331425,https://wildtrax-aru.s3.us-west-2.amazonaws.com/899d7893-a4c4-4e83-906c-ed4289d515c0/e3937b4288824b09960af059ffb03150.jpg,https://wildtrax-aru.s3.us-west-2.amazonaws.com/899d7893-a4c4-4e83-906c-ed4289d515c0/e3937b4288824b09960af059ffb03150.mp3
PC,Waterton Lakes National Park Aquatic Conservation and Restoration ARU Pilot Program 2021,862,WLNP-AQP-3,238275,2021-07-06 05:40:00,354560,1SPT,331425,Transcribed,FOSP,Fox Sparrow,PASSERELLA ILIACA,Aves,9.58,180.00,2.21,1.87kHz,6.58kHz,2693543,2,Song,1,,f,2,Alana Demko,532,,-36.95,-38.85,2,0.011748,-0.008135,0.033897,-29.4,-46.3,-61.32,2,0,-0.019961,0.019481,-34,-38.68,-41.68,2,0.00853,-0.011864,0.032121,-29.86,-44.54,-61.01,2,0,-0.020214,0.019602,-33.89,t,https://portal.wildtrax.ca/home/aru-tasks/recording.html?taskId=331425,https://wildtrax-aru.s3.us-west-2.amazonaws.com/899d7893-a4c4-4e83-906c-ed4289d515c0/696abdf53aee42f4a82b33e16acd750c.jpg,https://wildtrax-aru.s3.us-west-2.amazonaws.com/899d7893-a4c4-4e83-906c-ed4289d515c0/696abdf53aee42f4a82b33e16acd750c.mp3
PC,Waterton Lakes National Park Aquatic Conservation and Restoration ARU Pilot Program 2021,862,WLNP-AQP-3,238275,2021-07-06 05:40:00,354560,1SPT,331425,Transcribed,HETH,Hermit Thrush,CATHARUS GUTTATUS,Aves,11.40,180.00,1.44,1.40kHz,5.37kHz,2693545,1,Song,1,,f,2,Alana Demko,532,,-36.79,-39.37,2,0.01162,-0.004203,0.024685,-32.15,-50.39,-61.43,2,0,-0.008239,0.008429,-41.48,-39.58,-42.2,2,0.008392,-0.004711,0.024763,-32.12,-48.26,-60.35,2,0,-0.012938,0.012328,-37.76,t,https://portal.wildtrax.ca/home/aru-tasks/recording.html?taskId=331425,https://wildtrax-aru.s3.us-west-2.amazonaws.com/899d7893-a4c4-4e83-906c-ed4289d515c0/684f2b0d3195480d8d17e234f1d12bc4.jpg,https://wildtrax-aru.s3.us-west-2.amazonaws.com/899d7893-a4c4-4e83-906c-ed4289d515c0/684f2b0d3195480d8d17e234f1d12bc4.mp3
PC,Waterton Lakes National Park Aquatic Conservation and Restoration ARU Pilot Program 2021,862,WLNP-AQP-3,238275,2021-07-06 05:40:00,354560,1SPT,331425,Transcribed,PISI,Pine Siskin,SPINUS PINUS,Aves,12.90,180.00,0.40,2.80kHz,6.96kHz,2693544,1,Call,1,,f,1,Alana Demko,532,,-37.48,-38.95,2,0.010661,-0.003549,0.020582,-33.73,-57.4,-59.79,2,0,-0.004868,0.00459,-46.25,-39.93,-41.53,2,0.00779,-0.003826,0.017666,-35.06,-58.08,-59.59,2,0,-0.005028,0.004857,-45.97,t,https://portal.wildtrax.ca/home/aru-tasks/recording.html?taskId=331425,https://wildtrax-aru.s3.us-west-2.amazonaws.com/899d7893-a4c4-4e83-906c-ed4289d515c0/93c5fb878525474288f87fea0ab2d399.jpg,https://wildtrax-aru.s3.us-west-2.amazonaws.com/899d7893-a4c4-4e83-906c-ed4289d515c0/93c5fb878525474288f87fea0ab2d399.mp3
PC,Waterton Lakes National Park Aquatic Conservation and Restoration ARU Pilot Program 2021,862,WLNP-AQP-3,238275,2021-07-06 05:40:00,354560,1SPT,331425,Transcribed,PAWR,Pacific Wren,TROGLODYTES PACIFICUS,Aves,27.16,180.00,6.14,3.74kHz,8.40kHz,2693548,1,Song,1,,f,2,Alana Demko,532,,-37.3,-39.5,2,0.01197,-0.008866,0.043888,-27.15,-57.49,-64.97,2,0,-0.012626,0.014659,-36.68,-39.9,-42.26,2,0.008626,-0.006343,0.031345,-30.08,-55.11,-65.5,2,0,-0.008862,0.010327,-39.72,t,https://portal.wildtrax.ca/home/aru-tasks/recording.html?taskId=331425,https://wildtrax-aru.s3.us-west-2.amazonaws.com/899d7893-a4c4-4e83-906c-ed4289d515c0/d1903f449470422686b76eb703bf0642.jpg,https://wildtrax-aru.s3.us-west-2.amazonaws.com/899d7893-a4c4-4e83-906c-ed4289d515c0/d1903f449470422686b76eb703bf0642.mp3
PC,Waterton Lakes National Park Aquatic Conservation and Restoration ARU Pilot Program 2021,862,WLNP-AQP-3,238275,2021-07-06 05:40:00,354560,1SPT,331425,Transcribed,UNSH,Unidentified Shorebird,"",Aves,74.41,180.00,4.90,1.96kHz,3.88kHz,2693547,1,Call,1,,f,2,Alana Demko,532,,-37.35,-39.13,2,0.011994,-0.00396,0.022416,-32.99,-57.68,-64.99,2,0,-0.003938,0.004088,-47.77,-39.4,-42.47,2,0.008596,-0.003581,0.018897,-34.47,-54.41,-64.83,2,0,-0.00561,0.005408,-45.02,t,https://portal.wildtrax.ca/home/aru-tasks/recording.html?taskId=331425,https://wildtrax-aru.s3.us-west-2.amazonaws.com/899d7893-a4c4-4e83-906c-ed4289d515c0/f0cb896436684c45bdd193b92c370e0b.jpg,https://wildtrax-aru.s3.us-west-2.amazonaws.com/899d7893-a4c4-4e83-906c-ed4289d515c0/f0cb896436684c45bdd193b92c370e0b.mp3
PC,Waterton Lakes National Park Aquatic Conservation and Restoration ARU Pilot Program 2021,862,WLNP-AQP-3,238275,2021-07-08 05:41:00,354483,1SPT,331348,Transcribed,HETH,Hermit Thrush,CATHARUS GUTTATUS,Aves,0.41,180.00,1.31,1.31kHz,5.88kHz,2736730,1,Song,1,,f,2,Marcus Sommers,1224,,-36.18,-39.8,2,0.011805,-0.002543,0.026,-31.7,-57.11,-60.91,2,0,-0.005055,0.005267,-45.57,-37.74,-41.96,2,0.008457,-0.005805,0.027284,-31.28,-55.7,-60.34,2,0,-0.00617,0.00612,-44.19,t,https://portal.wildtrax.ca/home/aru-tasks/recording.html?taskId=331348,https://wildtrax-aru.s3.us-west-2.amazonaws.com/1a95ff81-becf-4be8-b40c-c3a7fe9795ad/25601e0727fd4bee8ea1a77693c0d182.jpg,https://wildtrax-aru.s3.us-west-2.amazonaws.com/1a95ff81-becf-4be8-b40c-c3a7fe9795ad/25601e0727fd4bee8ea1a77693c0d182.mp3
PC,Waterton Lakes National Park Aquatic Conservation and Restoration ARU Pilot Program 2021,862,WLNP-AQP-3,238275,2021-07-08 05:41:00,354483,1SPT,331348,Transcribed,FOSP,Fox Sparrow,PASSERELLA ILIACA,Aves,1.29,180.00,2.00,1.26kHz,6.86kHz,2736731,1,Song,1,,f,1,Marcus Sommers,1224,,-36.2,-39.96,2,0.011788,-0.005876,0.024781,-32.12,-50.98,-61.62,2,0,-0.007206,0.007549,-42.44,-37.98,-43.1,2,0.008355,-0.007748,0.023055,-32.74,-54.05,-60.49,2,0,-0.006121,0.006051,-44.26,t,https://portal.wildtrax.ca/home/aru-tasks/recording.html?taskId=331348,https://wildtrax-aru.s3.us-west-2.amazonaws.com/1a95ff81-becf-4be8-b40c-c3a7fe9795ad/22181396576a4589bbb0018fb909778a.jpg,https://wildtrax-aru.s3.us-west-2.amazonaws.com/1a95ff81-becf-4be8-b40c-c3a7fe9795ad/22181396576a4589bbb0018fb909778a.mp3
PC,Waterton Lakes National Park Aquatic Conservation and Restoration ARU Pilot Program 2021,862,WLNP-AQP-3,238275,2021-07-08 05:41:00,354483,1SPT,331348,Transcribed,CHSP,Chipping Sparrow,SPIZELLA PASSERINA,Aves,2.51,180.00,1.99,2.57kHz,7.05kHz,2736727,1,Song,1,,f,2,Marcus Sommers,1224,,-35.98,-39.62,2,0.011825,-0.004355,0.031042,-30.16,-50.19,-64.02,2,0,-0.012396,0.011959,-38.13,-37.47,-42.99,2,0.008361,-0.008422,0.030784,-30.23,-46.83,-63.48,2,0,-0.015007,0.01514,-36.4,t,https://portal.wildtrax.ca/home/aru-tasks/recording.html?taskId=331348,https://wildtrax-aru.s3.us-west-2.amazonaws.com/1a95ff81-becf-4be8-b40c-c3a7fe9795ad/a68210493c674e8fbaea9cd10d518f51.jpg,https://wildtrax-aru.s3.us-west-2.amazonaws.com/1a95ff81-becf-4be8-b40c-c3a7fe9795ad/a68210493c674e8fbaea9cd10d518f51.mp3
PC,Waterton Lakes National Park Aquatic Conservation and Restoration ARU Pilot Program 2021,862,WLNP-AQP-3,238275,2021-07-08 05:41:00,354483,1SPT,331348,Transcribed,WCSP,White-crowned Sparrow,ZONOTRICHIA LEUCOPHRYS,Aves,3.14,180.00,2.79,1.54kHz,7.38kHz,2736729,1,Song,1,,f,1,Marcus Sommers,1224,,-34.82,-40.25,2,0.011929,-0.005663,0.030532,-30.3,-47.9,-61.25,2,0,-0.012578,0.011676,-38.01,-36.35,-43.39,2,0.008451,-0.010298,0.030606,-30.28,-46.74,-60.06,2,0,-0.016677,0.015684,-35.56,t,https://portal.wildtrax.ca/home/aru-tasks/recording.html?taskId=331348,https://wildtrax-aru.s3.us-west-2.amazonaws.com/1a95ff81-becf-4be8-b40c-c3a7fe9795ad/02af56e7b68c4c93bcde5de7d3bda120.jpg,https://wildtrax-aru.s3.us-west-2.amazonaws.com/1a95ff81-becf-4be8-b40c-c3a7fe9795ad/02af56e7b68c4c93bcde5de7d3bda120.mp3
PC,Waterton Lakes National Park Aquatic Conservation and Restoration ARU Pilot Program 2021,862,WLNP-AQP-3,238275,2021-07-08 05:41:00,354483,1SPT,331348,Transcribed,WCSP,White-crowned Sparrow,ZONOTRICHIA LEUCOPHRYS,Aves,15.89,180.00,2.86,1.59kHz,7.47kHz,2736737,2,Song,1,,f,2,Marcus Sommers,1224,,-35.69,-40.14,2,0.011947,-0.003708,0.02674,-31.46,-49,-62.65,2,0,-0.01084,0.010341,-39.3,-37.27,-43.4,2,0.008455,-0.01323,0.030152,-30.41,-46.16,-62.18,2,0,-0.013183,0.012882,-37.6,t,https://portal.wildtrax.ca/home/aru-tasks/recording.html?taskId=331348,https://wildtrax-aru.s3.us-west-2.amazonaws.com/1a95ff81-becf-4be8-b40c-c3a7fe9795ad/c93a893de67c4feca3d6c97170cb5dde.jpg,https://wildtrax-aru.s3.us-west-2.amazonaws.com/1a95ff81-becf-4be8-b40c-c3a7fe9795ad/c93a893de67c4feca3d6c97170cb5dde.mp3
PC,Waterton Lakes National Park Aquatic Conservation and Restoration ARU Pilot Program 2021,862,WLNP-AQP-3,238275,2021-07-08 05:41:00,354483,1SPT,331348,Transcribed,WCSP,White-crowned Sparrow,ZONOTRICHIA LEUCOPHRYS,Aves,35.75,180.00,2.51,1.35kHz,7.14kHz,2736738,3,Song,1,,f,2,Marcus Sommers,1224,,-35.85,-40.23,2,0.011995,-0.002388,0.026184,-31.64,-57.29,-61.94,2,0,-0.004481,0.00421,-46.97,-37.55,-43.76,2,0.008535,-0.004439,0.022584,-32.92,-55.93,-61.11,2,0,-0.005358,0.005152,-45.42,t,https://portal.wildtrax.ca/home/aru-tasks/recording.html?taskId=331348,https://wildtrax-aru.s3.us-west-2.amazonaws.com/1a95ff81-becf-4be8-b40c-c3a7fe9795ad/54f8aef9709b407b832199997ef489ae.jpg,https://wildtrax-aru.s3.us-west-2.amazonaws.com/1a95ff81-becf-4be8-b40c-c3a7fe9795ad/54f8aef9709b407b832199997ef489ae.mp3
PC,Waterton Lakes National Park Aquatic Conservation and Restoration ARU Pilot Program 2021,862,WLNP-AQP-3,238275,2021-07-08 05:41:00,354483,1SPT,331348,Transcribed,YRWA,Yellow-rumped Warbler,SETOPHAGA CORONATA,Aves,55.18,180.00,2.09,2.57kHz,6.44kHz,2736732,1,Song,1,,f,2,Marcus Sommers,1224,,-33.37,-41.25,2,0.011713,-0.012737,0.033552,-29.49,-62.38,-65.46,2,0,-0.003247,0.002856,-49.77,-37.14,-43.77,2,0.008243,-0.004162,0.023533,-32.57,-61.07,-65.24,2,0,-0.003573,0.003103,-48.94,t,https://portal.wildtrax.ca/home/aru-tasks/recording.html?taskId=331348,https://wildtrax-aru.s3.us-west-2.amazonaws.com/1a95ff81-becf-4be8-b40c-c3a7fe9795ad/50fc98294153469ea7e390ef34ce6e94.jpg,https://wildtrax-aru.s3.us-west-2.amazonaws.com/1a95ff81-becf-4be8-b40c-c3a7fe9795ad/50fc98294153469ea7e390ef34ce6e94.mp3
PC,Waterton Lakes National Park Aquatic Conservation and Restoration ARU Pilot Program 2021,862,WLNP-AQP-3,238275,2021-07-08 05:41:00,354483,1SPT,331348,Transcribed,WIWA,Wilson's Warbler,CARDELLINA PUSILLA,Aves,72.74,180.00,1.78,2.66kHz,7.98kHz,2736728,1,Song,1,1,t,2,Marcus Sommers,1224,15,-33.16,-42.5,2,0.011516,-0.014582,0.032937,-29.65,-60.65,-64.77,2,0,-0.003703,0.003503,-48.63,-38.02,-43.47,2,0.00845,-0.006529,0.022739,-32.86,-59.33,-64.84,2,0,-0.003747,0.004046,-47.86,t,https://portal.wildtrax.ca/home/aru-tasks/recording.html?taskId=331348,https://wildtrax-aru.s3.us-west-2.amazonaws.com/1a95ff81-becf-4be8-b40c-c3a7fe9795ad/103ba09eef9f46a58ce7ce18239c4059.jpg,https://wildtrax-aru.s3.us-west-2.amazonaws.com/1a95ff81-becf-4be8-b40c-c3a7fe9795ad/103ba09eef9f46a58ce7ce18239c4059.mp3
PC,Waterton Lakes National Park Aquatic Conservation and Restoration ARU Pilot Program 2021,862,WLNP-AQP-3,238275,2021-07-08 05:41:00,354483,1SPT,331348,Transcribed,PISI,Pine Siskin,SPINUS PINUS,Aves,122.43,180.00,2.51,2.47kHz,7.61kHz,2736733,1,Call,1,,f,2,Marcus Sommers,1224,,-35.2,-40.43,2,0.011914,-0.002808,0.027429,-31.24,-57.7,-64.68,2,0,-0.004553,0.004642,-46.67,-36.65,-43.9,2,0.008436,-0.011016,0.028673,-30.85,-55.29,-64.08,2,0,-0.006623,0.007003,-43.09,t,https://portal.wildtrax.ca/home/aru-tasks/recording.html?taskId=331348,https://wildtrax-aru.s3.us-west-2.amazonaws.com/1a95ff81-becf-4be8-b40c-c3a7fe9795ad/ba67e9026c6c406eabc7566399013dd1.jpg,https://wildtrax-aru.s3.us-west-2.amazonaws.com/1a95ff81-becf-4be8-b40c-c3a7fe9795ad/ba67e9026c6c406eabc7566399013dd1.mp3
PC,Waterton Lakes National Park Aquatic Conservation and Restoration ARU Pilot Program 2021,862,WLNP-AQP-3,238275,2021-07-08 05:41:00,354483,1SPT,331348,Transcribed,PISI,Pine Siskin,SPINUS PINUS,Aves,130.00,180.00,3.50,1.68kHz,7.70kHz,2736734,2,Call,1,,f,2,Marcus Sommers,1224,,-35.75,-40.28,2,0.011996,-0.00291,0.024797,-32.11,-58.92,-62.58,2,0,-0.004286,0.004217,-47.36,-36.94,-44.64,2,0.008613,-0.007391,0.024275,-32.3,-57.22,-61.9,2,0,-0.004525,0.005387,-45.37,t,https://portal.wildtrax.ca/home/aru-tasks/recording.html?taskId=331348,https://wildtrax-aru.s3.us-west-2.amazonaws.com/1a95ff81-becf-4be8-b40c-c3a7fe9795ad/6ad9571cd4334d5fa7d7e85bac7abb44.jpg,https://wildtrax-aru.s3.us-west-2.amazonaws.com/1a95ff81-becf-4be8-b40c-c3a7fe9795ad/6ad9571cd4334d5fa7d7e85bac7abb44.mp3
PC,Waterton Lakes National Park Aquatic Conservation and Restoration ARU Pilot Program 2021,862,WLNP-AQP-3,238275,2021-07-08 05:41:00,354483,1SPT,331348,Transcribed,SWTH,Swainson's Thrush,CATHARUS USTULATUS,Aves,144.59,180.00,2.08,0.61kHz,5.42kHz,2736735,1,Song,1,2,t,2,Marcus Sommers,1224,15,-35.52,-40.55,2,0.011959,-0.00378,0.023977,-32.4,-56.22,-60.22,2,0,-0.005116,0.0059,-44.58,-34.02,-44.26,2,0.008367,-0.023079,0.031718,-29.97,-53.52,-59.46,2,0,-0.006534,0.006187,-43.7,t,https://portal.wildtrax.ca/home/aru-tasks/recording.html?taskId=331348,https://wildtrax-aru.s3.us-west-2.amazonaws.com/1a95ff81-becf-4be8-b40c-c3a7fe9795ad/f5f01fef9f62454d86798459db2bda29.jpg,https://wildtrax-aru.s3.us-west-2.amazonaws.com/1a95ff81-becf-4be8-b40c-c3a7fe9795ad/f5f01fef9f62454d86798459db2bda29.mp3
PC,Waterton Lakes National Park Aquatic Conservation and Restoration ARU Pilot Program 2021,862,WLNP-AQP-3,238275,2021-07-08 05:41:00,354483,1SPT,331348,Transcribed,VATH,Varied Thrush,IXOREUS NAEVIUS,Aves,154.50,180.00,2.03,1.82kHz,5.18kHz,2736736,1,Song,1,,f,2,Marcus Sommers,1224,,-32.07,-41.31,2,0.012128,-0.013575,0.036283,-28.81,-53.84,-63.7,2,0,-0.007057,0.006882,-43.03,-33.04,-45.43,2,0.008542,-0.023228,0.042421,-27.45,-51.58,-63,2,0,-0.008659,0.008063,-41.25,t,https://portal.wildtrax.ca/home/aru-tasks/recording.html?taskId=331348,https://wildtrax-aru.s3.us-west-2.amazonaws.com/1a95ff81-becf-4be8-b40c-c3a7fe9795ad/52c5a44d2ae647e59d1e4f3b74a00933.jpg,https://wildtrax-aru.s3.us-west-2.amazonaws.com/1a95ff81-becf-4be8-b40c-c3a7fe9795ad/52c5a44d2ae647e59d1e4f3b74a00933.mp3
PC,Waterton Lakes National Park Aquatic Conservation and Restoration ARU Pilot Program 2021,862,WLNP-AQP-3,238275,2021-07-09 07:12:00,354526,1SPT,331391,Transcribed,WCSP,White-crowned Sparrow,ZONOTRICHIA LEUCOPHRYS,Aves,0.05,180.00,2.64,1.68kHz,6.58kHz,2689235,1,Song,1,,f,1,Marcus Sommers,1224,,-33.3,-41.29,2,0.011786,-0.02242,0.037073,-28.62,-52.38,-60.98,2,0,-0.019782,0.027899,-31.09,-38.5,-44.87,2,0.008529,-0.019313,0.034623,-29.21,-53.66,-61.67,2,0,-0.020009,0.023175,-32.7,t,https://portal.wildtrax.ca/home/aru-tasks/recording.html?taskId=331391,https://wildtrax-aru.s3.us-west-2.amazonaws.com/8bee6ef0-4d99-4da7-ab2b-31464e7965ff/8d5444c8e21d4d21a46998b8733e8cdb.jpg,https://wildtrax-aru.s3.us-west-2.amazonaws.com/8bee6ef0-4d99-4da7-ab2b-31464e7965ff/8d5444c8e21d4d21a46998b8733e8cdb.mp3
PC,Waterton Lakes National Park Aquatic Conservation and Restoration ARU Pilot Program 2021,862,WLNP-AQP-3,238275,2021-07-09 07:12:00,354526,1SPT,331391,Transcribed,CHSP,Chipping Sparrow,SPIZELLA PASSERINA,Aves,1.56,180.00,2.80,3.18kHz,7.28kHz,2689236,1,Song,1,,f,2,Marcus Sommers,1224,,-34.69,-43.83,2,0.011962,-0.023004,0.031853,-29.94,-57.49,-64.1,2,0,-0.015886,0.017485,-35.15,-37.52,-45.08,2,0.008497,-0.018848,0.034259,-29.3,-58.27,-65.1,2,0,-0.010933,0.012541,-38.03,t,https://portal.wildtrax.ca/home/aru-tasks/recording.html?taskId=331391,https://wildtrax-aru.s3.us-west-2.amazonaws.com/8bee6ef0-4d99-4da7-ab2b-31464e7965ff/56af373f7214435caebfdb90783dbbb6.jpg,https://wildtrax-aru.s3.us-west-2.amazonaws.com/8bee6ef0-4d99-4da7-ab2b-31464e7965ff/56af373f7214435caebfdb90783dbbb6.mp3
PC,Waterton Lakes National Park Aquatic Conservation and Restoration ARU Pilot Program 2021,862,WLNP-AQP-3,238275,2021-07-09 07:12:00,354526,1SPT,331391,Transcribed,FOSP,Fox Sparrow,PASSERELLA ILIACA,Aves,4.28,180.00,2.51,1.35kHz,6.26kHz,2689237,1,Song,1,,f,1,Marcus Sommers,1224,,-34.71,-41.77,2,0.011765,-0.007538,0.027465,-31.22,-54.62,-61.01,2,0,-0.005793,0.005926,-44.55,-37.38,-44.31,2,0.008477,-0.004903,0.025552,-31.85,-56.74,-62.08,2,0,-0.005954,0.006555,-43.67,t,https://portal.wildtrax.ca/home/aru-tasks/recording.html?taskId=331391,https://wildtrax-aru.s3.us-west-2.amazonaws.com/8bee6ef0-4d99-4da7-ab2b-31464e7965ff/8751c154f50f445795c83fef4491eaaf.jpg,https://wildtrax-aru.s3.us-west-2.amazonaws.com/8bee6ef0-4d99-4da7-ab2b-31464e7965ff/8751c154f50f445795c83fef4491eaaf.mp3
PC,Waterton Lakes National Park Aquatic Conservation and Restoration ARU Pilot Program 2021,862,WLNP-AQP-3,238275,2021-07-09 07:12:00,354526,1SPT,331391,Transcribed,SWTH,Swainson's Thrush,CATHARUS USTULATUS,Aves,9.80,180.00,2.16,0.05kHz,5.46kHz,2689244,1,Song,1,,f,1,Marcus Sommers,1224,,-33.21,-41.39,2,0.011907,-0.003651,0.034374,-29.28,-36.15,-44.25,2,-0.00833,-0.024705,0.00281,-32.14,-39.37,-44,2,0.008473,-0.003021,0.018246,-34.78,-42.27,-46.78,2,-0.005975,-0.014139,0.002459,-36.99,t,https://portal.wildtrax.ca/home/aru-tasks/recording.html?taskId=331391,https://wildtrax-aru.s3.us-west-2.amazonaws.com/8bee6ef0-4d99-4da7-ab2b-31464e7965ff/9ba82ffc018b48cb8672201fe0107e77.jpg,https://wildtrax-aru.s3.us-west-2.amazonaws.com/8bee6ef0-4d99-4da7-ab2b-31464e7965ff/9ba82ffc018b48cb8672201fe0107e77.mp3
PC,Waterton Lakes National Park Aquatic Conservation and Restoration ARU Pilot Program 2021,862,WLNP-AQP-3,238275,2021-07-09 07:12:00,354526,1SPT,331391,Transcribed,HETH,Hermit Thrush,CATHARUS GUTTATUS,Aves,15.73,180.00,1.86,1.63kHz,5.56kHz,2689238,1,Song,1,,f,1,Marcus Sommers,1224,,-34.49,-42.58,2,0.011862,-0.006404,0.029943,-30.47,-45.79,-61.41,2,0,-0.01341,0.012571,-37.45,-34.81,-43.51,2,0.008731,-0.02729,0.032704,-29.71,-48.38,-62.32,2,0,-0.009653,0.010123,-39.89,t,https://portal.wildtrax.ca/home/aru-tasks/recording.html?taskId=331391,https://wildtrax-aru.s3.us-west-2.amazonaws.com/8bee6ef0-4d99-4da7-ab2b-31464e7965ff/2db38a6c6da046938e0793c5d02b73c5.jpg,https://wildtrax-aru.s3.us-west-2.amazonaws.com/8bee6ef0-4d99-4da7-ab2b-31464e7965ff/2db38a6c6da046938e0793c5d02b73c5.mp3
PC,Waterton Lakes National Park Aquatic Conservation and Restoration ARU Pilot Program 2021,862,WLNP-AQP-3,238275,2021-07-09 07:12:00,354526,1SPT,331391,Transcribed,GCKI,Golden-crowned Kinglet,REGULUS SATRAPA,Aves,16.78,180.00,3.10,6.72kHz,9.71kHz,2689240,1,Song,1,,f,2,Marcus Sommers,1224,,-35.78,-41.39,2,0.011878,-0.00633,0.03008,-30.43,-68.98,-72.51,2,0,-0.002133,0.002091,-53.42,-34.63,-44.85,2,0.008567,-0.028051,0.034611,-29.22,-67.8,-71.83,2,0,-0.002918,0.003136,-50.07,t,https://portal.wildtrax.ca/home/aru-tasks/recording.html?taskId=331391,https://wildtrax-aru.s3.us-west-2.amazonaws.com/8bee6ef0-4d99-4da7-ab2b-31464e7965ff/d59007cb430f44b382468d58d400d9d9.jpg,https://wildtrax-aru.s3.us-west-2.amazonaws.com/8bee6ef0-4d99-4da7-ab2b-31464e7965ff/d59007cb430f44b382468d58d400d9d9.mp3
PC,Waterton Lakes National Park Aquatic Conservation and Restoration ARU Pilot Program 2021,862,WLNP-AQP-3,238275,2021-07-09 07:12:00,354526,1SPT,331391,Transcribed,FOSP,Fox Sparrow,PASSERELLA ILIACA,Aves,16.98,180.00,2.45,1.45kHz,6.58kHz,2689239,2,Song,1,,f,2,Marcus Sommers,1224,,-35.76,-40.68,2,0.011765,-0.006898,0.029978,-30.46,-45.01,-59.69,2,0,-0.01359,0.013239,-37.34,-34.7,-44.93,2,0.008208,-0.028172,0.035289,-29.05,-45.07,-60.5,2,0,-0.016138,0.016354,-35.73,t,https://portal.wildtrax.ca/home/aru-tasks/recording.html?taskId=331391,https://wildtrax-aru.s3.us-west-2.amazonaws.com/8bee6ef0-4d99-4da7-ab2b-31464e7965ff/c2f5f2b470fc4eee9cf482fe590f373c.jpg,https://wildtrax-aru.s3.us-west-2.amazonaws.com/8bee6ef0-4d99-4da7-ab2b-31464e7965ff/c2f5f2b470fc4eee9cf482fe590f373c.mp3
PC,Waterton Lakes National Park Aquatic Conservation and Restoration ARU Pilot Program 2021,862,WLNP-AQP-3,238275,2021-07-09 07:12:00,354526,1SPT,331391,Transcribed,WCSP,White-crowned Sparrow,ZONOTRICHIA LEUCOPHRYS,Aves,33.03,180.00,2.40,1.54kHz,6.12kHz,2689248,2,Song,1,,f,1,Marcus Sommers,1224,,-34.23,-43.38,2,0.011784,-0.010896,0.032006,-29.9,-55.98,-60.67,2,0,-0.005299,0.005754,-44.8,-29.28,-44.61,2,0.008288,-0.032416,0.061485,-24.22,-57.63,-61.73,2,0,-0.005322,0.005105,-45.48,t,https://portal.wildtrax.ca/home/aru-tasks/recording.html?taskId=331391,https://wildtrax-aru.s3.us-west-2.amazonaws.com/8bee6ef0-4d99-4da7-ab2b-31464e7965ff/d25d15a8c92b437d8341db57e42decab.jpg,https://wildtrax-aru.s3.us-west-2.amazonaws.com/8bee6ef0-4d99-4da7-ab2b-31464e7965ff/d25d15a8c92b437d8341db57e42decab.mp3
PC,Waterton Lakes National Park Aquatic Conservation and Restoration ARU Pilot Program 2021,862,WLNP-AQP-3,238275,2021-07-09 07:12:00,354526,1SPT,331391,Transcribed,SWTH,Swainson's Thrush,CATHARUS USTULATUS,Aves,59.69,180.00,2.93,0.14kHz,6.35kHz,2689241,2,Song,1,,f,1,Marcus Sommers,1224,,-33.21,-42.81,2,0.011845,-0.004905,0.033722,-29.44,-42.19,-50.87,2,-0.004089,-0.014481,0.005199,-36.78,-35.87,-43.73,2,0.008519,-0.007054,0.023573,-32.55,-44.72,-51.43,2,-0.002961,-0.01064,0.005718,-39.46,t,https://portal.wildtrax.ca/home/aru-tasks/recording.html?taskId=331391,https://wildtrax-aru.s3.us-west-2.amazonaws.com/8bee6ef0-4d99-4da7-ab2b-31464e7965ff/212f8b397b1641a1a1ab12c81efeaedb.jpg,https://wildtrax-aru.s3.us-west-2.amazonaws.com/8bee6ef0-4d99-4da7-ab2b-31464e7965ff/212f8b397b1641a1a1ab12c81efeaedb.mp3
PC,Waterton Lakes National Park Aquatic Conservation and Restoration ARU Pilot Program 2021,862,WLNP-AQP-3,238275,2021-07-09 07:12:00,354526,1SPT,331391,Transcribed,SWTH,Swainson's Thrush,CATHARUS USTULATUS,Aves,63.60,180.00,2.59,0.09kHz,5.70kHz,2689242,3,Song,1,,f,2,Marcus Sommers,1224,,-37.66,-39.1,2,0.011864,-0.003087,0.020642,-33.7,-42.94,-44.37,2,-0.006298,-0.012765,0.002567,-37.88,-39.81,-42.03,2,0.008434,-0.002526,0.015908,-35.97,-45.02,-47.59,2,-0.004477,-0.011058,0.001788,-39.13,t,https://portal.wildtrax.ca/home/aru-tasks/recording.html?taskId=331391,https://wildtrax-aru.s3.us-west-2.amazonaws.com/8bee6ef0-4d99-4da7-ab2b-31464e7965ff/4b61e7a3c36a4ccab83fecaf2f72869d.jpg,https://wildtrax-aru.s3.us-west-2.amazonaws.com/8bee6ef0-4d99-4da7-ab2b-31464e7965ff/4b61e7a3c36a4ccab83fecaf2f72869d.mp3
PC,Waterton Lakes National Park Aquatic Conservation and Restoration ARU Pilot Program 2021,862,WLNP-AQP-3,238275,2021-07-09 07:12:00,354526,1SPT,331391,Transcribed,SOSP,Song Sparrow,MELOSPIZA MELODIA,Aves,101.45,180.00,3.24,0.70kHz,8.92kHz,2689245,1,Song,1,,f,2,Marcus Sommers,1224,,-34.5,-40.74,2,0.01184,-0.009769,0.029123,-30.72,-55.64,-59.27,2,0,-0.006286,0.006725,-43.45,-30.71,-42.67,2,0.008553,-0.032686,0.049543,-26.1,-54.43,-59.32,2,0,-0.011684,0.008558,-38.65,t,https://portal.wildtrax.ca/home/aru-tasks/recording.html?taskId=331391,https://wildtrax-aru.s3.us-west-2.amazonaws.com/8bee6ef0-4d99-4da7-ab2b-31464e7965ff/e3cec7828e7e40189812d77ce734b14a.jpg,https://wildtrax-aru.s3.us-west-2.amazonaws.com/8bee6ef0-4d99-4da7-ab2b-31464e7965ff/e3cec7828e7e40189812d77ce734b14a.mp3
PC,Waterton Lakes National Park Aquatic Conservation and Restoration ARU Pilot Program 2021,862,WLNP-AQP-3,238275,2021-07-09 07:12:00,354526,1SPT,331391,Transcribed,CHSP,Chipping Sparrow,SPIZELLA PASSERINA,Aves,109.08,180.00,3.03,2.85kHz,6.26kHz,2689243,2,Song,1,,f,2,Marcus Sommers,1224,,-35,-41.69,2,0.0119,-0.01638,0.037617,-28.49,-51.63,-63.98,2,0,-0.008052,0.008368,-41.55,-28.47,-44.11,2,0.008284,-0.035433,0.062337,-24.11,-47.12,-65.33,2,0,-0.012474,0.012779,-37.87,t,https://portal.wildtrax.ca/home/aru-tasks/recording.html?taskId=331391,https://wildtrax-aru.s3.us-west-2.amazonaws.com/8bee6ef0-4d99-4da7-ab2b-31464e7965ff/18887d2d9e70477eb00dd7befaa482f1.jpg,https://wildtrax-aru.s3.us-west-2.amazonaws.com/8bee6ef0-4d99-4da7-ab2b-31464e7965ff/18887d2d9e70477eb00dd7befaa482f1.mp3
PC,Waterton Lakes National Park Aquatic Conservation and Restoration ARU Pilot Program 2021,862,WLNP-AQP-3,238275,2021-07-09 07:12:00,354526,1SPT,331391,Transcribed,AMRO,American Robin,TURDUS MIGRATORIUS,Aves,122.06,180.00,1.70,1.54kHz,6.77kHz,2689246,1,Call,1,,f,1,Marcus Sommers,1224,,-30.07,-41.62,2,0.012057,-0.014496,0.048542,-26.28,-58.54,-61.04,2,0,-0.005565,0.004249,-45.09,-26.73,-44.58,2,0.008973,-0.038771,0.067827,-23.37,-59.82,-62.16,2,0,-0.005094,0.004728,-45.86,t,https://portal.wildtrax.ca/home/aru-tasks/recording.html?taskId=331391,https://wildtrax-aru.s3.us-west-2.amazonaws.com/8bee6ef0-4d99-4da7-ab2b-31464e7965ff/bc42b3168d534b2388bb5426834dc11d.jpg,https://wildtrax-aru.s3.us-west-2.amazonaws.com/8bee6ef0-4d99-4da7-ab2b-31464e7965ff/bc42b3168d534b2388bb5426834dc11d.mp3
PC,Waterton Lakes National Park Aquatic Conservation and Restoration ARU Pilot Program 2021,862,WLNP-AQP-3,238275,2021-07-09 07:12:00,354526,1SPT,331391,Transcribed,PISI,Pine Siskin,SPINUS PINUS,Aves,166.98,180.00,1.76,3.36kHz,9.11kHz,2689247,1,Song,1,,f,1,Marcus Sommers,1224,,-35.27,-39.36,2,0.011682,-0.101056,0.154168,-16.24,-42.09,-64.3,2,0,-0.094732,0.106469,-19.46,-35.77,-44.34,2,0.008196,-0.03104,0.049787,-26.06,-53.55,-64.65,2,0,-0.023038,0.02532,-31.93,t,https://portal.wildtrax.ca/home/aru-tasks/recording.html?taskId=331391,https://wildtrax-aru.s3.us-west-2.amazonaws.com/8bee6ef0-4d99-4da7-ab2b-31464e7965ff/ec722455136f4dca8c53a01c339e1332.jpg,https://wildtrax-aru.s3.us-west-2.amazonaws.com/8bee6ef0-4d99-4da7-ab2b-31464e7965ff/ec722455136f4dca8c53a01c339e1332.mp3
PC,Waterton Lakes National Park Aquatic Conservation and Restoration ARU Pilot Program 2021,862,WLNP-AQP-3,238275,2021-07-18 04:22:00,354536,1SPT,331401,Transcribed,SWTH,Swainson's Thrush,CATHARUS USTULATUS,Aves,65.74,180.00,0.25,0.70kHz,4.48kHz,2693276,1,Call,1,,f,2,Alana Demko,532,,-38.62,-38.65,2,0.009756,-0.002835,0.015662,-36.1,-64.97,-65.2,2,0,-0.00203,0.00207,-53.68,-41.53,-41.56,2,0.006749,-0.002203,0.012756,-37.89,-63.36,-63.73,2,0,-0.002815,0.002563,-51.01,t,https://portal.wildtrax.ca/home/aru-tasks/recording.html?taskId=331401,https://wildtrax-aru.s3.us-west-2.amazonaws.com/ccb7a70c-1446-461a-8041-a97d48b55841/8e393f42996e4cdb86a7c2a029524009.jpg,https://wildtrax-aru.s3.us-west-2.amazonaws.com/ccb7a70c-1446-461a-8041-a97d48b55841/8e393f42996e4cdb86a7c2a029524009.mp3
PC,Waterton Lakes National Park Aquatic Conservation and Restoration ARU Pilot Program 2021,862,WLNP-AQP-3,238275,2021-07-18 20:34:00,354502,1SPT,331367,Transcribed,HETH,Hermit Thrush,CATHARUS GUTTATUS,Aves,75.51,180.00,1.71,1.45kHz,5.65kHz,2737246,1,Song,1,,f,1,Steve Enid,660,,-29.23,-42.04,2,0.012049,-0.041185,0.0554,-25.13,-66.83,-68.47,2,0,-0.001894,0.001842,-54.45,-27.97,-39.29,2,0.008625,-0.04783,0.082062,-21.72,-66.2,-67.69,2,0,-0.001923,0.001999,-53.98,t,https://portal.wildtrax.ca/home/aru-tasks/recording.html?taskId=331367,https://wildtrax-aru.s3.us-west-2.amazonaws.com/05b873f5-0fd8-4a74-97b6-997ac732ae2f/a7e84c3fbaef4aad837c3f1f12638737.jpg,https://wildtrax-aru.s3.us-west-2.amazonaws.com/05b873f5-0fd8-4a74-97b6-997ac732ae2f/a7e84c3fbaef4aad837c3f1f12638737.mp3
PC,Waterton Lakes National Park Aquatic Conservation and Restoration ARU Pilot Program 2021,862,WLNP-AQP-3,238275,2021-07-18 20:34:00,354502,1SPT,331367,Transcribed,YRWA,Yellow-rumped Warbler,SETOPHAGA CORONATA,Aves,82.40,180.00,1.99,1.40kHz,5.88kHz,2737247,1,Song,1,,f,2,Steve Enid,660,,-28.3,-42.84,2,0.012174,-0.046159,0.056821,-24.91,-66.21,-68.52,2,0,-0.002004,0.002091,-53.59,-20.01,-41.15,2,0.008853,-0.123728,0.17333,-15.22,-64.94,-67.55,2,0,-0.00195,0.002108,-53.52,t,https://portal.wildtrax.ca/home/aru-tasks/recording.html?taskId=331367,https://wildtrax-aru.s3.us-west-2.amazonaws.com/05b873f5-0fd8-4a74-97b6-997ac732ae2f/6bb7c1d1f8a54bcebc2e466eea882e25.jpg,https://wildtrax-aru.s3.us-west-2.amazonaws.com/05b873f5-0fd8-4a74-97b6-997ac732ae2f/6bb7c1d1f8a54bcebc2e466eea882e25.mp3
PC,Waterton Lakes National Park Aquatic Conservation and Restoration ARU Pilot Program 2021,862,WLNP-AQP-3,238275,2021-07-18 20:34:00,354502,1SPT,331367,Transcribed,UNPA,Unidentified Passerine,"",Aves,92.51,180.00,3.35,4.95kHz,9.48kHz,2737248,1,Call,1,,f,1,Steve Enid,660,,-29.06,-43.75,2,0.012093,-0.049485,0.057021,-24.88,-68.65,-72.83,2,0,-0.002396,0.002336,-52.41,-23.73,-38.17,2,0.008669,-0.071725,0.109161,-19.24,-69.7,-72.25,2,0,-0.001551,0.001594,-55.95,t,https://portal.wildtrax.ca/home/aru-tasks/recording.html?taskId=331367,https://wildtrax-aru.s3.us-west-2.amazonaws.com/05b873f5-0fd8-4a74-97b6-997ac732ae2f/eee89244bc8146b8a20018dc5e03d0e8.jpg,https://wildtrax-aru.s3.us-west-2.amazonaws.com/05b873f5-0fd8-4a74-97b6-997ac732ae2f/eee89244bc8146b8a20018dc5e03d0e8.mp3
PC,Waterton Lakes National Park Aquatic Conservation and Restoration ARU Pilot Program 2021,862,WLNP-AQP-3,238275,2021-07-18 20:34:00,354502,1SPT,331367,Transcribed,SPSA,Spotted Sandpiper,ACTITIS MACULARIUS,Aves,101.03,180.00,3.24,1.12kHz,5.60kHz,2737249,1,Call,1,,f,2,Steve Enid,660,,-25.72,-40.9,2,0.011695,-0.07167,0.08288,-21.63,-61.71,-67,2,0,-0.004002,0.003189,-47.95,-18.98,-31.83,2,0.008848,-0.187096,0.163418,-14.56,-55.44,-66.04,2,0,-0.005164,0.005386,-45.37,t,https://portal.wildtrax.ca/home/aru-tasks/recording.html?taskId=331367,https://wildtrax-aru.s3.us-west-2.amazonaws.com/05b873f5-0fd8-4a74-97b6-997ac732ae2f/3c81ec4a6f354e16ab106e9f76977801.jpg,https://wildtrax-aru.s3.us-west-2.amazonaws.com/05b873f5-0fd8-4a74-97b6-997ac732ae2f/3c81ec4a6f354e16ab106e9f76977801.mp3
PC,Waterton Lakes National Park Aquatic Conservation and Restoration ARU Pilot Program 2021,862,WLNP-AQP-3,238275,2021-07-23 05:28:00,354570,1SPT,331435,Transcribed,VATH,Varied Thrush,IXOREUS NAEVIUS,Aves,4.06,180.00,1.96,2.47kHz,5.00kHz,2691624,1,Song,1,,f,2,Gill Holmes,1269,,-36.24,-40.28,2,0.011874,-0.002061,0.020799,-33.64,-61.19,-74.09,2,0,-0.005267,0.005572,-45.08,-37.11,-46.22,2,0.00822,-0.005583,0.021956,-33.17,-57.44,-73.73,2,0,-0.006627,0.007118,-42.95,t,https://portal.wildtrax.ca/home/aru-tasks/recording.html?taskId=331435,https://wildtrax-aru.s3.us-west-2.amazonaws.com/006e9813-6102-4c8b-a738-e4ded613ee11/89eb59dff7cd44cf8d3e0b3285b05ae6.jpg,https://wildtrax-aru.s3.us-west-2.amazonaws.com/006e9813-6102-4c8b-a738-e4ded613ee11/89eb59dff7cd44cf8d3e0b3285b05ae6.mp3
PC,Waterton Lakes National Park Aquatic Conservation and Restoration ARU Pilot Program 2021,862,WLNP-AQP-3,238275,2021-07-23 05:28:00,354570,1SPT,331435,Transcribed,MOWA,Mourning Warbler,GEOTHLYPIS PHILADELPHIA,Aves,4.10,180.00,2.26,0.98kHz,7.89kHz,2691625,1,Song,1,,f,2,Gill Holmes,1269,,-36.21,-40.26,2,0.012097,-0.00274,0.020221,-33.88,-60.24,-69.35,2,0,-0.005786,0.00485,-44.75,-37.13,-46.17,2,0.008456,-0.005574,0.02127,-33.44,-56.9,-69,2,0,-0.009016,0.006667,-40.9,t,https://portal.wildtrax.ca/home/aru-tasks/recording.html?taskId=331435,https://wildtrax-aru.s3.us-west-2.amazonaws.com/006e9813-6102-4c8b-a738-e4ded613ee11/0b0c95ce774143f3b30c392ebb9d663b.jpg,https://wildtrax-aru.s3.us-west-2.amazonaws.com/006e9813-6102-4c8b-a738-e4ded613ee11/0b0c95ce774143f3b30c392ebb9d663b.mp3
PC,Waterton Lakes National Park Aquatic Conservation and Restoration ARU Pilot Program 2021,862,WLNP-AQP-3,238275,2021-07-23 05:28:00,354570,1SPT,331435,Transcribed,FOSP,Fox Sparrow,PASSERELLA ILIACA,Aves,59.19,180.00,2.81,0.47kHz,7.47kHz,2691626,1,Song,1,,f,2,Gill Holmes,1269,,-35.14,-40.5,2,0.012104,-0.002233,0.022995,-32.77,-64.75,-68,2,-0.000007,-0.0023,0.001907,-52.77,-38.33,-44.01,2,0.008523,-0.00311,0.018301,-34.75,-62.09,-67.84,2,-0.000006,-0.00293,0.003548,-49,t,https://portal.wildtrax.ca/home/aru-tasks/recording.html?taskId=331435,https://wildtrax-aru.s3.us-west-2.amazonaws.com/006e9813-6102-4c8b-a738-e4ded613ee11/14d4f5d7a92f44fab4fc531ef55edcac.jpg,https://wildtrax-aru.s3.us-west-2.amazonaws.com/006e9813-6102-4c8b-a738-e4ded613ee11/14d4f5d7a92f44fab4fc531ef55edcac.mp3
PC,Waterton Lakes National Park Aquatic Conservation and Restoration ARU Pilot Program 2021,862,WLNP-AQP-3,238275,2021-07-23 20:28:00,354542,1SPT,331407,Transcribed,YRWA,Yellow-rumped Warbler,SETOPHAGA CORONATA,Aves,8.85,180.00,1.60,2.24kHz,5.98kHz,2693277,1,Song,1,3,t,2,Alana Demko,532,15,-36.8,-39.58,2,0.011862,-0.003092,0.01829,-34.76,-60.5,-70.56,2,0,-0.002714,0.002914,-50.71,-38.15,-42.88,2,0.008587,-0.002228,0.017669,-35.06,-56.44,-68.96,2,0,-0.005215,0.00515,-45.65,t,https://portal.wildtrax.ca/home/aru-tasks/recording.html?taskId=331407,https://wildtrax-aru.s3.us-west-2.amazonaws.com/ca6a02b0-6df4-4d45-9103-b1f2cfe2da8f/f4c8f0536ee743479abdc7a1c7948621.jpg,https://wildtrax-aru.s3.us-west-2.amazonaws.com/ca6a02b0-6df4-4d45-9103-b1f2cfe2da8f/f4c8f0536ee743479abdc7a1c7948621.mp3
PC,Waterton Lakes National Park Aquatic Conservation and Restoration ARU Pilot Program 2021,862,WLNP-AQP-3,238275,2021-07-23 20:28:00,354542,1SPT,331407,Transcribed,HETH,Hermit Thrush,CATHARUS GUTTATUS,Aves,80.69,180.00,1.25,1.68kHz,5.14kHz,2693278,1,Song,1,,f,2,Alana Demko,532,,-37.27,-39.75,2,0.011832,-0.002964,0.017485,-35.15,-72.21,-73.53,2,0,-0.000867,0.00089,-61.01,-39.67,-42.37,2,0.008462,-0.002139,0.014731,-36.64,-71.25,-72.83,2,0,-0.001301,0.001025,-57.72,t,https://portal.wildtrax.ca/home/aru-tasks/recording.html?taskId=331407,https://wildtrax-aru.s3.us-west-2.amazonaws.com/ca6a02b0-6df4-4d45-9103-b1f2cfe2da8f/425f1f9d5619422c8c4196f58d4d7632.jpg,https://wildtrax-aru.s3.us-west-2.amazonaws.com/ca6a02b0-6df4-4d45-9103-b1f2cfe2da8f/425f1f9d5619422c8c4196f58d4d7632.mp3
PC,Waterton Lakes National Park Aquatic Conservation and Restoration ARU Pilot Program 2021,862,WLNP-AQP-3,238275,2021-07-23 20:28:00,354542,1SPT,331407,Transcribed,GCKI,Golden-crowned Kinglet,REGULUS SATRAPA,Aves,90.69,180.00,0.63,7.52kHz,9.43kHz,2693279,1,Call,1,,f,1,Alana Demko,532,,-37.24,-39.57,2,0.011367,-0.003127,0.016857,-35.46,-69.09,-77.51,2,0,-0.001134,0.001197,-58.44,-39.52,-42.72,2,0.008089,-0.002616,0.014081,-37.03,-71.88,-77.76,2,0,-0.001048,0.001051,-59.57,t,https://portal.wildtrax.ca/home/aru-tasks/recording.html?taskId=331407,https://wildtrax-aru.s3.us-west-2.amazonaws.com/ca6a02b0-6df4-4d45-9103-b1f2cfe2da8f/831f16641e364ba2b8a00022dc6ea6a6.jpg,https://wildtrax-aru.s3.us-west-2.amazonaws.com/ca6a02b0-6df4-4d45-9103-b1f2cfe2da8f/831f16641e364ba2b8a00022dc6ea6a6.mp3
PC,Waterton Lakes National Park Aquatic Conservation and Restoration ARU Pilot Program 2021,862,WLNP-AQP-3,238275,2021-07-23 20:28:00,354542,1SPT,331407,Transcribed,HETH,Hermit Thrush,CATHARUS GUTTATUS,Aves,123.34,180.00,1.36,2.52kHz,6.16kHz,2693280,2,Song,1,,f,2,Alana Demko,532,,-37.28,-39.05,2,0.011817,-0.003023,0.017601,-35.09,-72.61,-74.35,2,0,-0.000962,0.000889,-60.34,-39.5,-42.59,2,0.008336,-0.002471,0.015044,-36.45,-71.88,-73.74,2,0,-0.000979,0.000952,-60.18,t,https://portal.wildtrax.ca/home/aru-tasks/recording.html?taskId=331407,https://wildtrax-aru.s3.us-west-2.amazonaws.com/ca6a02b0-6df4-4d45-9103-b1f2cfe2da8f/aaa583d586034031ba412e0358f4dd1c.jpg,https://wildtrax-aru.s3.us-west-2.amazonaws.com/ca6a02b0-6df4-4d45-9103-b1f2cfe2da8f/aaa583d586034031ba412e0358f4dd1c.mp3
PC,Waterton Lakes National Park Aquatic Conservation and Restoration ARU Pilot Program 2021,862,WLNP-AQP-3,238275,2021-08-04 21:11:00,354563,1SPT,331428,Transcribed,AMRO,American Robin,TURDUS MIGRATORIUS,Aves,4.81,180.00,4.19,0.33kHz,5.51kHz,2691637,1,Call,1,,f,2,Gill Holmes,1269,,-37.15,-38.91,2,0.012122,-0.002279,0.018414,-34.7,-66.47,-68.44,2,-0.000301,-0.001645,0.001049,-55.68,-39.13,-42.2,2,0.008737,-0.001458,0.016743,-35.52,-67.27,-69.41,2,-0.000217,-0.001814,0.001395,-54.83,t,https://portal.wildtrax.ca/home/aru-tasks/recording.html?taskId=331428,https://wildtrax-aru.s3.us-west-2.amazonaws.com/2ed56d0b-554c-4fed-a5f9-bdbc9e3380cb/dcc0935f58514412a69808cbeef05101.jpg,https://wildtrax-aru.s3.us-west-2.amazonaws.com/2ed56d0b-554c-4fed-a5f9-bdbc9e3380cb/dcc0935f58514412a69808cbeef05101.mp3
PC,Waterton Lakes National Park Aquatic Conservation and Restoration ARU Pilot Program 2021,862,WLNP-AQP-6,238276,2021-06-28 08:04:00,354476,1SPT,331341,Transcribed,PISI,Pine Siskin,SPINUS PINUS,Aves,80.75,180.00,1.64,3.88kHz,5.70kHz,2690345,1,Call,1,,f,2,Jon Van Arragon,1247,,-36.05,-37.31,2,0.011404,-0.02077,0.051725,-25.73,-55.76,-60.29,2,0,-0.006019,0.006067,-44.34,-30.12,-30.53,2,0.028065,-0.013521,0.064542,-23.8,-53.86,-59.61,2,0,-0.006914,0.007302,-42.73,t,https://portal.wildtrax.ca/home/aru-tasks/recording.html?taskId=331341,https://wildtrax-aru.s3.us-west-2.amazonaws.com/028f63fd-3087-4ac2-ae22-a7a1602de880/601df787128f464da169922a9a6215bc.jpg,https://wildtrax-aru.s3.us-west-2.amazonaws.com/028f63fd-3087-4ac2-ae22-a7a1602de880/601df787128f464da169922a9a6215bc.mp3
PC,Waterton Lakes National Park Aquatic Conservation and Restoration ARU Pilot Program 2021,862,WLNP-AQP-6,238276,2021-06-29 21:44:00,354523,1SPT,331388,Transcribed,WCSP,White-crowned Sparrow,ZONOTRICHIA LEUCOPHRYS,Aves,85.89,180.00,2.16,2.75kHz,7.94kHz,2691614,1,Song,1,,f,2,Gill Holmes,1269,,-35.62,-37.41,2,0.011649,-0.024511,0.045221,-26.89,-54.74,-57.06,2,0,-0.007156,0.007357,-42.67,-29.91,-30.59,2,0.028689,-0.01617,0.065233,-23.71,-54.85,-57.5,2,0,-0.006544,0.007123,-42.95,t,https://portal.wildtrax.ca/home/aru-tasks/recording.html?taskId=331388,https://wildtrax-aru.s3.us-west-2.amazonaws.com/61bad5a4-a4ad-45ec-a518-19dbb373977c/add49c7d0bc6461a9df36829c84be637.jpg,https://wildtrax-aru.s3.us-west-2.amazonaws.com/61bad5a4-a4ad-45ec-a518-19dbb373977c/add49c7d0bc6461a9df36829c84be637.mp3
PC,Waterton Lakes National Park Aquatic Conservation and Restoration ARU Pilot Program 2021,862,WLNP-AQP-6,238276,2021-07-01 06:06:00,354581,1SPT,331446,Transcribed,YRWA,Yellow-rumped Warbler,SETOPHAGA CORONATA,Aves,2.68,180.00,1.70,1.87kHz,6.86kHz,2737242,1,Song,1,,f,1,Steve Enid,660,,-36.7,-38,2,0.011326,-0.016603,0.037882,-28.43,-52.37,-54.71,2,0,-0.008468,0.008117,-41.44,-30.28,-30.67,2,0.028059,-0.01286,0.057967,-24.74,-52.64,-54.69,2,0,-0.008515,0.008237,-41.4,t,https://portal.wildtrax.ca/home/aru-tasks/recording.html?taskId=331446,https://wildtrax-aru.s3.us-west-2.amazonaws.com/750ad6b9-8bb9-47f3-b25e-5a2ce6e2dc88/5b9835c361d540988be4f1faa9474220.jpg,https://wildtrax-aru.s3.us-west-2.amazonaws.com/750ad6b9-8bb9-47f3-b25e-5a2ce6e2dc88/5b9835c361d540988be4f1faa9474220.mp3
PC,Waterton Lakes National Park Aquatic Conservation and Restoration ARU Pilot Program 2021,862,WLNP-AQP-6,238276,2021-07-01 06:06:00,354581,1SPT,331446,Transcribed,YRWA,Yellow-rumped Warbler,SETOPHAGA CORONATA,Aves,27.09,180.00,1.81,2.01kHz,7.47kHz,2737243,2,Song,1,1,t,2,Steve Enid,660,15,-36.79,-37.67,2,0.011699,-0.016033,0.038526,-28.28,-53.61,-55.44,2,0,-0.009503,0.007835,-40.44,-30.27,-30.63,2,0.028334,-0.009332,0.056966,-24.89,-53.41,-55.82,2,0,-0.008865,0.007386,-41.05,t,https://portal.wildtrax.ca/home/aru-tasks/recording.html?taskId=331446,https://wildtrax-aru.s3.us-west-2.amazonaws.com/750ad6b9-8bb9-47f3-b25e-5a2ce6e2dc88/0d7ea2fe89e94f49bec4f8a8a23b1b50.jpg,https://wildtrax-aru.s3.us-west-2.amazonaws.com/750ad6b9-8bb9-47f3-b25e-5a2ce6e2dc88/0d7ea2fe89e94f49bec4f8a8a23b1b50.mp3
PC,Waterton Lakes National Park Aquatic Conservation and Restoration ARU Pilot Program 2021,862,WLNP-AQP-6,238276,2021-07-01 06:06:00,354581,1SPT,331446,Transcribed,RESQ,Red Squirrel,TAMIASCIURUS HUDSONICUS,Mammalia,97.23,180.00,1.75,2.94kHz,11.25kHz,2737244,1,Non-vocal,1,,f,2,Steve Enid,660,,-36.72,-37.84,2,0.011512,-0.014359,0.035702,-28.95,-57.19,-61.21,2,0,-0.007718,0.009941,-40.05,-30.27,-30.75,2,0.028323,-0.010224,0.057385,-24.82,-55,-62.02,2,0,-0.019386,0.020346,-33.83,t,https://portal.wildtrax.ca/home/aru-tasks/recording.html?taskId=331446,https://wildtrax-aru.s3.us-west-2.amazonaws.com/750ad6b9-8bb9-47f3-b25e-5a2ce6e2dc88/8acd1012046f4dd8aac2016d5839c7ab.jpg,https://wildtrax-aru.s3.us-west-2.amazonaws.com/750ad6b9-8bb9-47f3-b25e-5a2ce6e2dc88/8acd1012046f4dd8aac2016d5839c7ab.mp3
PC,Waterton Lakes National Park Aquatic Conservation and Restoration ARU Pilot Program 2021,862,WLNP-AQP-6,238276,2021-07-03 20:43:00,354553,1SPT,331418,Transcribed,PISI,Pine Siskin,SPINUS PINUS,Aves,11.39,180.00,14.41,1.45kHz,9.43kHz,2691645,1,Call,3,,f,1,Gill Holmes,1269,,-37.13,-38.9,2,0.011621,-0.007017,0.030403,-30.34,-52.52,-55.44,2,0,-0.009267,0.009421,-40.52,-30.3,-30.79,2,0.029184,-0.006662,0.049611,-26.09,-52.5,-54.92,2,0,-0.009618,0.00953,-40.34,t,https://portal.wildtrax.ca/home/aru-tasks/recording.html?taskId=331418,https://wildtrax-aru.s3.us-west-2.amazonaws.com/b96a422a-fc74-48c2-ad5f-305be239ec68/9b5536c4bbc9426c9a3134317aff73b2.jpg,https://wildtrax-aru.s3.us-west-2.amazonaws.com/b96a422a-fc74-48c2-ad5f-305be239ec68/9b5536c4bbc9426c9a3134317aff73b2.mp3
PC,Waterton Lakes National Park Aquatic Conservation and Restoration ARU Pilot Program 2021,862,WLNP-AQP-6,238276,2021-07-03 20:43:00,354553,1SPT,331418,Transcribed,HETH,Hermit Thrush,CATHARUS GUTTATUS,Aves,165.23,180.00,2.03,0.65kHz,5.98kHz,2691644,1,Song,1,,f,2,Gill Holmes,1269,,-37.56,-38.55,2,0.011276,-0.006758,0.027824,-31.11,-49.47,-51.44,2,0,-0.013142,0.013654,-37.29,-30.37,-30.76,2,0.028466,-0.010938,0.049268,-26.15,-47.41,-49.87,2,0,-0.015201,0.015124,-36.36,t,https://portal.wildtrax.ca/home/aru-tasks/recording.html?taskId=331418,https://wildtrax-aru.s3.us-west-2.amazonaws.com/b96a422a-fc74-48c2-ad5f-305be239ec68/21ec9b244581408997422f3b45cf5759.jpg,https://wildtrax-aru.s3.us-west-2.amazonaws.com/b96a422a-fc74-48c2-ad5f-305be239ec68/21ec9b244581408997422f3b45cf5759.mp3
PC,Waterton Lakes National Park Aquatic Conservation and Restoration ARU Pilot Program 2021,862,WLNP-AQP-6,238276,2021-07-07 07:11:00,354582,1SPT,331447,Transcribed,WIWR,Winter Wren,TROGLODYTES HIEMALIS,Aves,5.28,180.00,3.43,4.67kHz,9.76kHz,2737223,1,Song,1,,f,2,Steve Enid,660,,-37.99,-38.93,2,0.011647,-0.004004,0.019381,-34.25,-67.36,-71.97,2,0,-0.002498,0.0025,-52.04,-30.56,-30.82,2,0.028754,-0.00685,0.036508,-28.75,-64.94,-71.6,2,0,-0.002083,0.002116,-53.49,t,https://portal.wildtrax.ca/home/aru-tasks/recording.html?taskId=331447,https://wildtrax-aru.s3.us-west-2.amazonaws.com/3bc14071-d255-47e3-838a-292302b4d7d0/1ca5fe02d9f74b8aa1a42dbf02f8f5e0.jpg,https://wildtrax-aru.s3.us-west-2.amazonaws.com/3bc14071-d255-47e3-838a-292302b4d7d0/1ca5fe02d9f74b8aa1a42dbf02f8f5e0.mp3
PC,Waterton Lakes National Park Aquatic Conservation and Restoration ARU Pilot Program 2021,862,WLNP-AQP-6,238276,2021-07-07 07:11:00,354582,1SPT,331447,Transcribed,SWTH,Swainson's Thrush,CATHARUS USTULATUS,Aves,7.24,180.00,1.63,1.54kHz,5.88kHz,2737222,1,Song,1,2,t,1,Steve Enid,660,15,-38.08,-38.85,2,0.011353,-0.003697,0.01874,-34.54,-59.88,-64.55,2,0,-0.003208,0.003089,-49.88,-30.55,-30.84,2,0.027994,-0.007114,0.036133,-28.84,-62.43,-64.37,2,0,-0.002599,0.002989,-50.49,t,https://portal.wildtrax.ca/home/aru-tasks/recording.html?taskId=331447,https://wildtrax-aru.s3.us-west-2.amazonaws.com/3bc14071-d255-47e3-838a-292302b4d7d0/29561af4c06848dbb722072994d7a348.jpg,https://wildtrax-aru.s3.us-west-2.amazonaws.com/3bc14071-d255-47e3-838a-292302b4d7d0/29561af4c06848dbb722072994d7a348.mp3
PC,Waterton Lakes National Park Aquatic Conservation and Restoration ARU Pilot Program 2021,862,WLNP-AQP-6,238276,2021-07-07 07:11:00,354582,1SPT,331447,Transcribed,ATTW,American Three-toed Woodpecker,PICOIDES DORSALIS,Aves,25.96,180.00,1.90,0.09kHz,1.59kHz,2737226,1,Non-vocal,1,,f,1,Steve Enid,660,,-38.15,-38.81,2,0.01151,-0.00336,0.019856,-34.04,-43.45,-44.12,2,-0.006086,-0.012048,0.00211,-38.38,-30.56,-30.81,2,0.028489,-0.007281,0.037012,-28.63,-35.96,-36.22,2,-0.015059,-0.021788,0.004494,-33.24,t,https://portal.wildtrax.ca/home/aru-tasks/recording.html?taskId=331447,https://wildtrax-aru.s3.us-west-2.amazonaws.com/3bc14071-d255-47e3-838a-292302b4d7d0/8b607a7902364e809825f8feac713e07.jpg,https://wildtrax-aru.s3.us-west-2.amazonaws.com/3bc14071-d255-47e3-838a-292302b4d7d0/8b607a7902364e809825f8feac713e07.mp3
PC,Waterton Lakes National Park Aquatic Conservation and Restoration ARU Pilot Program 2021,862,WLNP-AQP-6,238276,2021-07-07 07:11:00,354582,1SPT,331447,Transcribed,AMRO,American Robin,TURDUS MIGRATORIUS,Aves,34.19,180.00,1.99,0.33kHz,3.88kHz,2737227,1,Call,1,,f,1,Steve Enid,660,,-38.14,-38.76,2,0.011524,-0.003441,0.017966,-34.91,-57,-58.85,2,-0.000284,-0.004718,0.004172,-46.53,-30.59,-30.82,2,0.028389,-0.007234,0.036625,-28.72,-55.99,-57.44,2,-0.000701,-0.006159,0.005346,-44.21,t,https://portal.wildtrax.ca/home/aru-tasks/recording.html?taskId=331447,https://wildtrax-aru.s3.us-west-2.amazonaws.com/3bc14071-d255-47e3-838a-292302b4d7d0/08294bbf56b441a798cb35d10f5d696a.jpg,https://wildtrax-aru.s3.us-west-2.amazonaws.com/3bc14071-d255-47e3-838a-292302b4d7d0/08294bbf56b441a798cb35d10f5d696a.mp3
PC,Waterton Lakes National Park Aquatic Conservation and Restoration ARU Pilot Program 2021,862,WLNP-AQP-6,238276,2021-07-07 07:11:00,354582,1SPT,331447,Transcribed,CLNU,Clark's Nutcracker,NUCIFRAGA COLUMBIANA,Aves,45.68,180.00,2.48,0.70kHz,5.37kHz,2737228,1,Call,1,,f,1,Steve Enid,660,,-38.16,-38.95,2,0.011546,-0.003684,0.019613,-34.15,-58.36,-61.1,2,0,-0.004799,0.00445,-46.38,-30.58,-30.87,2,0.028544,-0.007218,0.035945,-28.89,-58.59,-60.52,2,0,-0.004359,0.004101,-47.21,t,https://portal.wildtrax.ca/home/aru-tasks/recording.html?taskId=331447,https://wildtrax-aru.s3.us-west-2.amazonaws.com/3bc14071-d255-47e3-838a-292302b4d7d0/99f0076b428a4dca845900b500903960.jpg,https://wildtrax-aru.s3.us-west-2.amazonaws.com/3bc14071-d255-47e3-838a-292302b4d7d0/99f0076b428a4dca845900b500903960.mp3
PC,Waterton Lakes National Park Aquatic Conservation and Restoration ARU Pilot Program 2021,862,WLNP-AQP-6,238276,2021-07-07 07:11:00,354582,1SPT,331447,Transcribed,MGWA,MacGillivray's Warbler,GEOTHLYPIS TOLMIEI,Aves,70.30,180.00,1.61,2.47kHz,7.89kHz,2737229,1,Song,1,2,t,1,Steve Enid,660,15,-38.15,-38.87,2,0.011366,-0.003682,0.018296,-34.75,-63.71,-68.14,2,0,-0.002513,0.002238,-52,-30.62,-30.91,2,0.027919,-0.006149,0.035456,-29.01,-63.57,-67.79,2,0,-0.002295,0.002262,-52.78,t,https://portal.wildtrax.ca/home/aru-tasks/recording.html?taskId=331447,https://wildtrax-aru.s3.us-west-2.amazonaws.com/3bc14071-d255-47e3-838a-292302b4d7d0/8e5c909067e84d36a6fd2dc7bf79f460.jpg,https://wildtrax-aru.s3.us-west-2.amazonaws.com/3bc14071-d255-47e3-838a-292302b4d7d0/8e5c909067e84d36a6fd2dc7bf79f460.mp3
PC,Waterton Lakes National Park Aquatic Conservation and Restoration ARU Pilot Program 2021,862,WLNP-AQP-6,238276,2021-07-07 07:11:00,354582,1SPT,331447,Transcribed,UNPA,Unidentified Passerine,"",Aves,77.93,180.00,4.53,4.72kHz,9.06kHz,2737230,1,Call,1,,f,2,Steve Enid,660,,-38.11,-38.83,2,0.011672,-0.003624,0.018986,-34.43,-69.8,-72.71,2,0,-0.001723,0.001733,-55.22,-30.59,-30.86,2,0.028625,-0.007012,0.035317,-29.04,-68.6,-72.56,2,0,-0.00201,0.002157,-53.32,t,https://portal.wildtrax.ca/home/aru-tasks/recording.html?taskId=331447,https://wildtrax-aru.s3.us-west-2.amazonaws.com/3bc14071-d255-47e3-838a-292302b4d7d0/b78762b1d1304bd4b358cba4ea083310.jpg,https://wildtrax-aru.s3.us-west-2.amazonaws.com/3bc14071-d255-47e3-838a-292302b4d7d0/b78762b1d1304bd4b358cba4ea083310.mp3
PC,Waterton Lakes National Park Aquatic Conservation and Restoration ARU Pilot Program 2021,862,WLNP-AQP-6,238276,2021-07-11 20:39:00,354511,1SPT,331376,Transcribed,UNPA,Unidentified Passerine,"",Aves,1.05,180.00,0.64,3.22kHz,11.49kHz,2693372,1,Call,1,,f,1,Joel Kwek,822,,-38.06,-38.97,2,0.010514,-0.003024,0.026892,-31.41,-53.89,-68.67,2,0,-0.01192,0.012125,-38.33,-30.46,-30.73,2,0.026581,-0.007059,0.038454,-28.3,-56.94,-68.88,2,0,-0.006,0.006065,-44.34,t,https://portal.wildtrax.ca/home/aru-tasks/recording.html?taskId=331376,https://wildtrax-aru.s3.us-west-2.amazonaws.com/25abb5d8-c38a-48d0-9906-4b413a5bc510/65ee6159032942cfa8f6ff1ca73c2f25.jpg,https://wildtrax-aru.s3.us-west-2.amazonaws.com/25abb5d8-c38a-48d0-9906-4b413a5bc510/65ee6159032942cfa8f6ff1ca73c2f25.mp3
PC,Waterton Lakes National Park Aquatic Conservation and Restoration ARU Pilot Program 2021,862,WLNP-AQP-6,238276,2021-07-11 20:39:00,354511,1SPT,331376,Transcribed,PISI,Pine Siskin,SPINUS PINUS,Aves,7.93,180.00,0.40,2.71kHz,5.88kHz,2693373,1,Call,1,,f,1,Joel Kwek,822,,-38.36,-39.08,2,0.010086,-0.003562,0.017076,-35.35,-67.33,-68.76,2,0,-0.001861,0.001706,-54.6,-30.52,-30.84,2,0.025393,-0.006712,0.034929,-29.14,-66.85,-68.13,2,0,-0.001582,0.001852,-54.65,t,https://portal.wildtrax.ca/home/aru-tasks/recording.html?taskId=331376,https://wildtrax-aru.s3.us-west-2.amazonaws.com/25abb5d8-c38a-48d0-9906-4b413a5bc510/c14d57bf7a3b4a77a3c7fa7bcb22d178.jpg,https://wildtrax-aru.s3.us-west-2.amazonaws.com/25abb5d8-c38a-48d0-9906-4b413a5bc510/c14d57bf7a3b4a77a3c7fa7bcb22d178.mp3
PC,Waterton Lakes National Park Aquatic Conservation and Restoration ARU Pilot Program 2021,862,WLNP-AQP-6,238276,2021-07-11 20:39:00,354511,1SPT,331376,Transcribed,HETH,Hermit Thrush,CATHARUS GUTTATUS,Aves,11.50,180.00,1.45,2.10kHz,4.58kHz,2693377,1,Song,1,,f,1,Joel Kwek,822,,-37.79,-39.13,2,0.011216,-0.003849,0.017771,-35.01,-65.01,-67.51,2,0,-0.002124,0.002277,-52.85,-30.47,-30.81,2,0.028086,-0.006753,0.036087,-28.85,-66.3,-68,2,0,-0.001942,0.001894,-54.23,t,https://portal.wildtrax.ca/home/aru-tasks/recording.html?taskId=331376,https://wildtrax-aru.s3.us-west-2.amazonaws.com/25abb5d8-c38a-48d0-9906-4b413a5bc510/88da9a39359e45649c3f6e95ba29f4da.jpg,https://wildtrax-aru.s3.us-west-2.amazonaws.com/25abb5d8-c38a-48d0-9906-4b413a5bc510/88da9a39359e45649c3f6e95ba29f4da.mp3
PC,Waterton Lakes National Park Aquatic Conservation and Restoration ARU Pilot Program 2021,862,WLNP-AQP-6,238276,2021-07-18 08:22:00,354504,1SPT,331369,Transcribed,HETH,Hermit Thrush,CATHARUS GUTTATUS,Aves,0.08,180.00,0.73,2.75kHz,4.48kHz,2693362,1,Song,1,,f,1,Joel Kwek,822,,-38.3,-38.74,2,0.01104,-0.003042,0.016126,-35.85,-70.04,-72.82,2,0,-0.001082,0.001152,-58.77,-30.57,-30.72,2,0.027574,-0.006471,0.0331,-29.6,-70.03,-72.46,2,0,-0.001011,0.000976,-59.91,t,https://portal.wildtrax.ca/home/aru-tasks/recording.html?taskId=331369,https://wildtrax-aru.s3.us-west-2.amazonaws.com/6cf807dc-c08e-4a49-b05b-4c722421d877/60e8f7a45b764000854975fd45f39da0.jpg,https://wildtrax-aru.s3.us-west-2.amazonaws.com/6cf807dc-c08e-4a49-b05b-4c722421d877/60e8f7a45b764000854975fd45f39da0.mp3
PC,Waterton Lakes National Park Aquatic Conservation and Restoration ARU Pilot Program 2021,862,WLNP-AQP-6,238276,2021-07-18 08:22:00,354504,1SPT,331369,Transcribed,UNWA,Unidentified Warbler,"",Aves,110.46,180.00,1.69,2.66kHz,6.58kHz,2693367,1,Song,1,,f,2,Joel Kwek,822,,-38.1,-38.89,2,0.011537,-0.002983,0.016529,-35.64,-68.82,-70.96,2,0,-0.001431,0.001344,-56.89,-30.55,-30.81,2,0.028385,-0.006527,0.033939,-29.39,-68.11,-70.94,2,0,-0.001438,0.001508,-56.43,t,https://portal.wildtrax.ca/home/aru-tasks/recording.html?taskId=331369,https://wildtrax-aru.s3.us-west-2.amazonaws.com/6cf807dc-c08e-4a49-b05b-4c722421d877/f613c5ff545b4d2d84eb7c3731cc33cf.jpg,https://wildtrax-aru.s3.us-west-2.amazonaws.com/6cf807dc-c08e-4a49-b05b-4c722421d877/f613c5ff545b4d2d84eb7c3731cc33cf.mp3
PC,Waterton Lakes National Park Aquatic Conservation and Restoration ARU Pilot Program 2021,862,WLNP-AQP-6,238276,2021-07-20 07:24:00,354539,1SPT,331404,Transcribed,BCCH,Black-capped Chickadee,POECILE ATRICAPILLUS,Aves,8.84,180.00,1.33,2.38kHz,4.86kHz,2736723,1,Song,1,,f,1,Marcus Sommers,1224,,-37.97,-39.42,2,0.011258,-0.002858,0.01711,-35.33,-69.68,-71.84,2,0,-0.001208,0.001142,-58.36,-30.53,-30.91,2,0.02809,-0.006746,0.033652,-29.46,-69.97,-71.68,2,0,-0.001179,0.001266,-57.95,t,https://portal.wildtrax.ca/home/aru-tasks/recording.html?taskId=331404,https://wildtrax-aru.s3.us-west-2.amazonaws.com/abae5a72-480b-417e-b931-53fa89d74963/9748cad6fa8749fd96c814887997b317.jpg,https://wildtrax-aru.s3.us-west-2.amazonaws.com/abae5a72-480b-417e-b931-53fa89d74963/9748cad6fa8749fd96c814887997b317.mp3
PC,Waterton Lakes National Park Aquatic Conservation and Restoration ARU Pilot Program 2021,862,WLNP-AQP-6,238276,2021-07-20 07:24:00,354539,1SPT,331404,Transcribed,HETH,Hermit Thrush,CATHARUS GUTTATUS,Aves,38.43,180.00,1.55,1.26kHz,4.76kHz,2736724,1,Song,1,,f,2,Marcus Sommers,1224,,-38.21,-38.99,2,0.011403,-0.003412,0.016918,-35.43,-65.95,-67.49,2,0,-0.002013,0.00191,-53.92,-30.54,-30.76,2,0.028548,-0.006682,0.033452,-29.51,-65.67,-68,2,0,-0.002096,0.001947,-53.57,t,https://portal.wildtrax.ca/home/aru-tasks/recording.html?taskId=331404,https://wildtrax-aru.s3.us-west-2.amazonaws.com/abae5a72-480b-417e-b931-53fa89d74963/bc8bcba74dda4e879f501c978f2b8860.jpg,https://wildtrax-aru.s3.us-west-2.amazonaws.com/abae5a72-480b-417e-b931-53fa89d74963/bc8bcba74dda4e879f501c978f2b8860.mp3
PC,Waterton Lakes National Park Aquatic Conservation and Restoration ARU Pilot Program 2021,862,WLNP-AQP-6,238276,2021-07-20 07:24:00,354539,1SPT,331404,Transcribed,SWTH,Swainson's Thrush,CATHARUS USTULATUS,Aves,111.15,180.00,1.74,0.37kHz,5.37kHz,2736725,1,Song,1,,f,1,Marcus Sommers,1224,,-38.24,-39.11,2,0.011388,-0.002692,0.016705,-35.54,-61.42,-63.15,2,-0.000121,-0.002968,0.003361,-49.47,-30.57,-30.8,2,0.028549,-0.006481,0.033536,-29.49,-60.61,-62,2,-0.000302,-0.003564,0.003039,-48.96,t,https://portal.wildtrax.ca/home/aru-tasks/recording.html?taskId=331404,https://wildtrax-aru.s3.us-west-2.amazonaws.com/abae5a72-480b-417e-b931-53fa89d74963/bcf139f7d85842d5a8daf14dd16b8643.jpg,https://wildtrax-aru.s3.us-west-2.amazonaws.com/abae5a72-480b-417e-b931-53fa89d74963/bcf139f7d85842d5a8daf14dd16b8643.mp3
PC,Waterton Lakes National Park Aquatic Conservation and Restoration ARU Pilot Program 2021,862,WLNP-AQP-6,238276,2021-07-20 07:24:00,354539,1SPT,331404,Transcribed,PIWO,Pileated Woodpecker,DRYOCOPUS PILEATUS,Aves,118.41,180.00,1.89,0.05kHz,3.04kHz,2736726,1,Non-vocal,1,,f,1,Marcus Sommers,1224,,-38.26,-39.04,2,0.011454,-0.003268,0.022437,-32.98,-41.16,-42.04,2,-0.008044,-0.017739,0.002382,-35.02,-30.49,-30.75,2,0.02867,-0.006248,0.038374,-28.32,-33.44,-33.83,2,-0.020132,-0.028985,0.004622,-30.76,t,https://portal.wildtrax.ca/home/aru-tasks/recording.html?taskId=331404,https://wildtrax-aru.s3.us-west-2.amazonaws.com/abae5a72-480b-417e-b931-53fa89d74963/229c220a483441d5b674ff1efe9c6f8a.jpg,https://wildtrax-aru.s3.us-west-2.amazonaws.com/abae5a72-480b-417e-b931-53fa89d74963/229c220a483441d5b674ff1efe9c6f8a.mp3
PC,Waterton Lakes National Park Aquatic Conservation and Restoration ARU Pilot Program 2021,862,WLNP-AQP-6,238276,2021-07-21 06:25:00,354508,1SPT,331373,Transcribed,HETH,Hermit Thrush,CATHARUS GUTTATUS,Aves,2.55,180.00,0.99,2.10kHz,4.44kHz,2707608,1,Song,1,,f,2,Jon Van Arragon,1247,,-36.67,-40.23,2,0.01134,-0.002421,0.018459,-34.68,-68.98,-71.82,2,0,-0.001213,0.00121,-58.32,-30.56,-30.79,2,0.027759,-0.006309,0.033248,-29.56,-68.54,-72.18,2,0,-0.001173,0.001312,-57.64,t,https://portal.wildtrax.ca/home/aru-tasks/recording.html?taskId=331373,https://wildtrax-aru.s3.us-west-2.amazonaws.com/83cae3db-097a-4bd1-8aef-7d8aeb48cc43/bfe83b673f5043fa9469e3f689fa26f3.jpg,https://wildtrax-aru.s3.us-west-2.amazonaws.com/83cae3db-097a-4bd1-8aef-7d8aeb48cc43/bfe83b673f5043fa9469e3f689fa26f3.mp3
PC,Waterton Lakes National Park Aquatic Conservation and Restoration ARU Pilot Program 2021,862,WLNP-AQP-6,238276,2021-07-21 06:25:00,354508,1SPT,331373,Transcribed,PISI,Pine Siskin,SPINUS PINUS,Aves,9.09,180.00,0.31,2.52kHz,5.37kHz,2707609,1,Call,1,,f,1,Jon Van Arragon,1247,,-37.4,-38.15,2,0.010679,-0.002991,0.017989,-34.9,-69.67,-70.75,2,0,-0.001184,0.001345,-57.42,-30.73,-30.82,2,0.025157,-0.006963,0.032784,-29.69,-70.02,-70.84,2,0,-0.001298,0.001189,-57.73,t,https://portal.wildtrax.ca/home/aru-tasks/recording.html?taskId=331373,https://wildtrax-aru.s3.us-west-2.amazonaws.com/83cae3db-097a-4bd1-8aef-7d8aeb48cc43/23cf93f5dcf3488cb83df3ce4939b8b4.jpg,https://wildtrax-aru.s3.us-west-2.amazonaws.com/83cae3db-097a-4bd1-8aef-7d8aeb48cc43/23cf93f5dcf3488cb83df3ce4939b8b4.mp3
PC,Waterton Lakes National Park Aquatic Conservation and Restoration ARU Pilot Program 2021,862,WLNP-AQP-6,238276,2021-07-21 06:25:00,354508,1SPT,331373,Transcribed,SWTH,Swainson's Thrush,CATHARUS USTULATUS,Aves,36.83,180.00,1.25,2.29kHz,4.58kHz,2707610,1,Song,1,,f,2,Jon Van Arragon,1247,,-37.83,-39.68,2,0.011245,-0.002224,0.016481,-35.66,-68.91,-72.08,2,0,-0.001654,0.001577,-55.63,-30.58,-30.8,2,0.02806,-0.00618,0.032928,-29.65,-66.29,-72.33,2,0,-0.001458,0.001442,-56.72,t,https://portal.wildtrax.ca/home/aru-tasks/recording.html?taskId=331373,https://wildtrax-aru.s3.us-west-2.amazonaws.com/83cae3db-097a-4bd1-8aef-7d8aeb48cc43/cda7a62f1f03491a879c7a47e760ba37.jpg,https://wildtrax-aru.s3.us-west-2.amazonaws.com/83cae3db-097a-4bd1-8aef-7d8aeb48cc43/cda7a62f1f03491a879c7a47e760ba37.mp3
PC,Waterton Lakes National Park Aquatic Conservation and Restoration ARU Pilot Program 2021,862,WLNP-AQP-6,238276,2021-07-21 06:25:00,354508,1SPT,331373,Transcribed,DEJU,Dark-eyed Junco,JUNCO HYEMALIS,Aves,93.08,180.00,1.48,2.75kHz,6.12kHz,2707611,1,Song,1,,f,1,Jon Van Arragon,1247,,-38.08,-38.89,2,0.011283,-0.002975,0.01574,-36.06,-70.93,-72.83,2,0,-0.001094,0.001096,-59.21,-30.56,-30.84,2,0.027864,-0.006468,0.032918,-29.65,-71.07,-72.57,2,0,-0.001104,0.001122,-59,t,https://portal.wildtrax.ca/home/aru-tasks/recording.html?taskId=331373,https://wildtrax-aru.s3.us-west-2.amazonaws.com/83cae3db-097a-4bd1-8aef-7d8aeb48cc43/e90f2f35ed47433986f13679cafb0842.jpg,https://wildtrax-aru.s3.us-west-2.amazonaws.com/83cae3db-097a-4bd1-8aef-7d8aeb48cc43/e90f2f35ed47433986f13679cafb0842.mp3
PC,Waterton Lakes National Park Aquatic Conservation and Restoration ARU Pilot Program 2021,862,WLNP-AQP-6,238276,2021-07-21 06:25:00,354508,1SPT,331373,Transcribed,BOCH,Boreal Chickadee,POECILE HUDSONICUS,Aves,137.30,180.00,1.73,3.22kHz,6.72kHz,2707612,1,Call,1,,f,1,Jon Van Arragon,1247,,-38.04,-38.91,2,0.011441,-0.003123,0.01629,-35.76,-70.36,-72.83,2,0,-0.001105,0.001312,-57.64,-30.18,-31.31,2,0.028036,-0.006349,0.035109,-29.09,-71.29,-72.9,2,0,-0.001189,0.001141,-58.5,t,https://portal.wildtrax.ca/home/aru-tasks/recording.html?taskId=331373,https://wildtrax-aru.s3.us-west-2.amazonaws.com/83cae3db-097a-4bd1-8aef-7d8aeb48cc43/89c85b76dc44463fa0413ebab77bdd57.jpg,https://wildtrax-aru.s3.us-west-2.amazonaws.com/83cae3db-097a-4bd1-8aef-7d8aeb48cc43/89c85b76dc44463fa0413ebab77bdd57.mp3
PC,Waterton Lakes National Park Aquatic Conservation and Restoration ARU Pilot Program 2021,862,WLNP-AQP-6,238276,2021-07-30 21:18:00,354533,1SPT,331398,Transcribed,UNKN,Unidentified signal,"",Unknown,0.00,180.00,0.68,0.19kHz,3.50kHz,2693539,1,Call,1,,f,1,Alana Demko,532,,-37.08,-39.24,2,0.01049,-0.001331,0.017938,-34.92,-51.08,-52.68,2,-0.002055,-0.005338,0.003286,-45.45,-30.48,-30.83,2,0.026071,-0.005594,0.034252,-29.31,-44.13,-44.5,2,-0.005161,-0.018808,0.009996,-34.51,t,https://portal.wildtrax.ca/home/aru-tasks/recording.html?taskId=331398,https://wildtrax-aru.s3.us-west-2.amazonaws.com/41c74d9a-4e08-4ee3-af9a-e6f71f5436d5/dbed362c0a884a93be9eb038b69d04c2.jpg,https://wildtrax-aru.s3.us-west-2.amazonaws.com/41c74d9a-4e08-4ee3-af9a-e6f71f5436d5/dbed362c0a884a93be9eb038b69d04c2.mp3
PC,Waterton Lakes National Park Aquatic Conservation and Restoration ARU Pilot Program 2021,862,WLNP-AQP-6,238276,2021-07-30 21:18:00,354533,1SPT,331398,Transcribed,MOAI,Moderate aircraft,"",Abiotic,52.98,180.00,5.04,0.14kHz,1.12kHz,2693537,1,Non-vocal,1,,f,1,Alana Demko,532,,-32.92,-39.45,2,0.01167,-0.024069,0.048044,-26.37,-40.03,-47.95,2,-0.004049,-0.022832,0.013294,-32.83,-29.42,-30.95,2,0.029146,-0.006783,0.056279,-24.99,-37.84,-40,2,-0.010112,-0.02386,0.005168,-32.45,t,https://portal.wildtrax.ca/home/aru-tasks/recording.html?taskId=331398,https://wildtrax-aru.s3.us-west-2.amazonaws.com/41c74d9a-4e08-4ee3-af9a-e6f71f5436d5/231f3893d6b4453d88df2ce491ad36ac.jpg,https://wildtrax-aru.s3.us-west-2.amazonaws.com/41c74d9a-4e08-4ee3-af9a-e6f71f5436d5/231f3893d6b4453d88df2ce491ad36ac.mp3
PC,Waterton Lakes National Park Aquatic Conservation and Restoration ARU Pilot Program 2021,862,WLNP-AQP-6,238276,2021-07-30 21:18:00,354533,1SPT,331398,Transcribed,UNPA,Unidentified Passerine,"",Aves,137.95,180.00,0.24,2.15kHz,5.84kHz,2693538,1,Call,1,,f,2,Alana Demko,532,,-39.19,-39.3,2,0.010735,-0.005856,0.033078,-29.61,-72.59,-72.85,2,0,-0.000857,0.000816,-61.34,-29.55,-29.68,2,0.026551,-0.007346,0.039405,-28.09,-72.14,-72.44,2,0,-0.00107,0.000922,-59.41,t,https://portal.wildtrax.ca/home/aru-tasks/recording.html?taskId=331398,https://wildtrax-aru.s3.us-west-2.amazonaws.com/41c74d9a-4e08-4ee3-af9a-e6f71f5436d5/d4af25b2329e4ff99cccbbae320885f1.jpg,https://wildtrax-aru.s3.us-west-2.amazonaws.com/41c74d9a-4e08-4ee3-af9a-e6f71f5436d5/d4af25b2329e4ff99cccbbae320885f1.mp3
PC,Waterton Lakes National Park Aquatic Conservation and Restoration ARU Pilot Program 2021,862,WLNP-AQP-6,238276,2021-07-31 05:38:00,354548,1SPT,331413,Transcribed,HETH,Hermit Thrush,CATHARUS GUTTATUS,Aves,2.14,180.00,1.66,1.31kHz,5.74kHz,2737237,1,Song,1,,f,2,Steve Enid,660,,-37.5,-39.24,2,0.011358,-0.002383,0.017084,-35.35,-70.73,-72.73,2,0,-0.001054,0.001157,-58.74,-30.4,-30.85,2,0.028504,-0.005901,0.033402,-29.52,-70.77,-72.78,2,0,-0.001263,0.00137,-57.26,t,https://portal.wildtrax.ca/home/aru-tasks/recording.html?taskId=331413,https://wildtrax-aru.s3.us-west-2.amazonaws.com/fed8cff5-a250-48a7-aebc-1ca262570f1d/9979c4c27f7d455ea6272e2f559e531b.jpg,https://wildtrax-aru.s3.us-west-2.amazonaws.com/fed8cff5-a250-48a7-aebc-1ca262570f1d/9979c4c27f7d455ea6272e2f559e531b.mp3
PC,Waterton Lakes National Park Aquatic Conservation and Restoration ARU Pilot Program 2021,862,WLNP-AQP-6,238276,2021-07-31 05:38:00,354548,1SPT,331413,Transcribed,HETH,Hermit Thrush,CATHARUS GUTTATUS,Aves,4.18,180.00,1.75,1.59kHz,6.07kHz,2737238,2,Song,1,2,t,1,Steve Enid,660,15,-37.9,-39.2,2,0.011391,-0.002667,0.015869,-35.99,-67.64,-72.05,2,0,-0.001239,0.001237,-58.14,-30.43,-30.96,2,0.028463,-0.006273,0.03275,-29.7,-68.77,-72.74,2,0,-0.001193,0.00126,-57.99,t,https://portal.wildtrax.ca/home/aru-tasks/recording.html?taskId=331413,https://wildtrax-aru.s3.us-west-2.amazonaws.com/fed8cff5-a250-48a7-aebc-1ca262570f1d/d80ee03bb15d4acb8576d7cbdaf10a12.jpg,https://wildtrax-aru.s3.us-west-2.amazonaws.com/fed8cff5-a250-48a7-aebc-1ca262570f1d/d80ee03bb15d4acb8576d7cbdaf10a12.mp3
PC,Waterton Lakes National Park Aquatic Conservation and Restoration ARU Pilot Program 2021,862,WLNP-AQP-6,238276,2021-07-31 05:38:00,354548,1SPT,331413,Transcribed,HETH,Hermit Thrush,CATHARUS GUTTATUS,Aves,16.26,180.00,1.68,1.54kHz,6.12kHz,2737239,3,Song,1,,f,1,Steve Enid,660,,-38.19,-39.35,2,0.011292,-0.002791,0.015622,-36.13,-71.36,-72.85,2,0,-0.000986,0.000958,-60.12,-30.45,-30.95,2,0.028359,-0.006064,0.033036,-29.62,-71.7,-73.09,2,0,-0.001088,0.000977,-59.27,t,https://portal.wildtrax.ca/home/aru-tasks/recording.html?taskId=331413,https://wildtrax-aru.s3.us-west-2.amazonaws.com/fed8cff5-a250-48a7-aebc-1ca262570f1d/b4f756848dc54f438ce116d29002036f.jpg,https://wildtrax-aru.s3.us-west-2.amazonaws.com/fed8cff5-a250-48a7-aebc-1ca262570f1d/b4f756848dc54f438ce116d29002036f.mp3
PC,Waterton Lakes National Park Aquatic Conservation and Restoration ARU Pilot Program 2021,862,WLNP-AQP-6,238276,2021-07-31 05:38:00,354548,1SPT,331413,Transcribed,HETH,Hermit Thrush,CATHARUS GUTTATUS,Aves,167.19,180.00,1.54,0.65kHz,6.40kHz,2737240,4,Song,1,2,t,2,Steve Enid,660,15,-38.21,-39.1,2,0.011184,-0.002704,0.015563,-36.16,-64.19,-68.35,2,0,-0.002052,0.00187,-53.76,-30.57,-30.82,2,0.028008,-0.006491,0.032723,-29.7,-62.24,-68.34,2,0,-0.00283,0.003303,-49.62,t,https://portal.wildtrax.ca/home/aru-tasks/recording.html?taskId=331413,https://wildtrax-aru.s3.us-west-2.amazonaws.com/fed8cff5-a250-48a7-aebc-1ca262570f1d/46ee91b11f7e4f099f3b60b31ecfd0a8.jpg,https://wildtrax-aru.s3.us-west-2.amazonaws.com/fed8cff5-a250-48a7-aebc-1ca262570f1d/46ee91b11f7e4f099f3b60b31ecfd0a8.mp3
PC,Waterton Lakes National Park Aquatic Conservation and Restoration ARU Pilot Program 2021,862,WLNP-AQP-6,238276,2021-07-31 05:38:00,354548,1SPT,331413,Transcribed,UNDU,Unidentified Duck,"",Aves,174.73,180.00,1.48,0.37kHz,8.12kHz,2737241,1,Call,1,,f,2,Steve Enid,660,,-38.33,-39.11,2,0.011256,-0.003018,0.017935,-34.93,-57.21,-66.58,2,-0.000119,-0.004511,0.004585,-46.77,-30.59,-30.83,2,0.028272,-0.006341,0.037157,-28.6,-54.4,-64.7,2,-0.000298,-0.007661,0.006622,-42.31,t,https://portal.wildtrax.ca/home/aru-tasks/recording.html?taskId=331413,https://wildtrax-aru.s3.us-west-2.amazonaws.com/fed8cff5-a250-48a7-aebc-1ca262570f1d/43381a4654aa4af9a63f886af209cf5c.jpg,https://wildtrax-aru.s3.us-west-2.amazonaws.com/fed8cff5-a250-48a7-aebc-1ca262570f1d/43381a4654aa4af9a63f886af209cf5c.mp3
PC,Waterton Lakes National Park Aquatic Conservation and Restoration ARU Pilot Program 2021,862,WLNP-AQP-6,238276,2021-08-03 05:42:00,354489,1SPT,331354,Transcribed,HETH,Hermit Thrush,CATHARUS GUTTATUS,Aves,0.90,180.00,1.36,1.73kHz,5.18kHz,2693274,1,Song,1,,f,1,Alana Demko,532,,-37.32,-39.49,2,0.011333,-0.003283,0.018009,-34.89,-70.4,-73.32,2,0,-0.001137,0.000931,-58.88,-30.31,-31.02,2,0.028193,-0.006191,0.035378,-29.03,-72.25,-73.79,2,0,-0.001059,0.000899,-59.5,t,https://portal.wildtrax.ca/home/aru-tasks/recording.html?taskId=331354,https://wildtrax-aru.s3.us-west-2.amazonaws.com/9e410a6e-7945-4621-8d83-269746b006a8/173658b52d4048388fdfd286423c8293.jpg,https://wildtrax-aru.s3.us-west-2.amazonaws.com/9e410a6e-7945-4621-8d83-269746b006a8/173658b52d4048388fdfd286423c8293.mp3
PC,Waterton Lakes National Park Aquatic Conservation and Restoration ARU Pilot Program 2021,862,WLNP-AQP-6,238276,2021-08-03 05:42:00,354489,1SPT,331354,Transcribed,UNPA,Unidentified Passerine,"",Aves,57.79,180.00,0.79,3.13kHz,4.53kHz,2693275,1,Call,1,,f,1,Alana Demko,532,,-32.87,-41.54,2,0.010322,-0.021645,0.033212,-29.57,-68.56,-77.75,2,0,-0.001018,0.001046,-59.61,-22.81,-31.07,2,0.025493,-0.05982,0.128551,-17.82,-70.74,-77.83,2,0,-0.000993,0.001007,-59.94,t,https://portal.wildtrax.ca/home/aru-tasks/recording.html?taskId=331354,https://wildtrax-aru.s3.us-west-2.amazonaws.com/9e410a6e-7945-4621-8d83-269746b006a8/75bac10f6b2f4b1784d3f01d2e04f4d3.jpg,https://wildtrax-aru.s3.us-west-2.amazonaws.com/9e410a6e-7945-4621-8d83-269746b006a8/75bac10f6b2f4b1784d3f01d2e04f4d3.mp3
PC,Waterton Lakes National Park Aquatic Conservation and Restoration ARU Pilot Program 2021,862,WLNP-AQP-6,238276,2021-08-04 07:43:00,354528,1SPT,331393,Transcribed,RBNU,Red-breasted Nuthatch,SITTA CANADENSIS,Aves,1.00,180.00,2.01,0.61kHz,4.76kHz,2689281,1,Song,1,3,t,1,Marcus Sommers,1224,15,-38.36,-38.94,2,0.011308,-0.002929,0.015322,-36.29,-64.39,-69.87,2,0,-0.00198,0.002118,-53.48,-30.54,-30.77,2,0.028509,-0.00622,0.032281,-29.82,-67.63,-70.65,2,0,-0.001648,0.001562,-55.66,t,https://portal.wildtrax.ca/home/aru-tasks/recording.html?taskId=331393,https://wildtrax-aru.s3.us-west-2.amazonaws.com/4af0074a-1084-49bb-a4f0-56c37d4dfdc9/ce5d762466a94927a8a626836682fc38.jpg,https://wildtrax-aru.s3.us-west-2.amazonaws.com/4af0074a-1084-49bb-a4f0-56c37d4dfdc9/ce5d762466a94927a8a626836682fc38.mp3
PC,Waterton Lakes National Park Aquatic Conservation and Restoration ARU Pilot Program 2021,862,WLNP-AQP-6,238276,2021-08-04 07:43:00,354528,1SPT,331393,Transcribed,WBNU,White-breasted Nuthatch,SITTA CAROLINENSIS,Aves,4.81,180.00,2.60,2.33kHz,6.02kHz,2689307,1,Song,1,,f,2,Marcus Sommers,1224,,-38.24,-39,2,0.0113,-0.002955,0.015061,-36.44,-67.07,-74.17,2,0,-0.001398,0.001388,-57.09,-30.57,-30.8,2,0.028626,-0.006243,0.032512,-29.76,-64.65,-74.68,2,0,-0.001594,0.001628,-55.77,t,https://portal.wildtrax.ca/home/aru-tasks/recording.html?taskId=331393,https://wildtrax-aru.s3.us-west-2.amazonaws.com/4af0074a-1084-49bb-a4f0-56c37d4dfdc9/531108aaf748418d8e23bf3ba0ce5e20.jpg,https://wildtrax-aru.s3.us-west-2.amazonaws.com/4af0074a-1084-49bb-a4f0-56c37d4dfdc9/531108aaf748418d8e23bf3ba0ce5e20.mp3
PC,Waterton Lakes National Park Aquatic Conservation and Restoration ARU Pilot Program 2021,862,WLNP-AQP-6,238276,2021-08-04 07:43:00,354528,1SPT,331393,Transcribed,WWCR,White-winged Crossbill,LOXIA LEUCOPTERA,Aves,11.44,180.00,4.46,1.73kHz,6.30kHz,2689283,1,Song,1,,f,1,Marcus Sommers,1224,,-38.33,-39,2,0.0115,-0.002965,0.01581,-36.02,-60.58,-72.74,2,0,-0.003,0.0034,-49.37,-30.55,-30.85,2,0.028921,-0.006298,0.033182,-29.58,-61.41,-73.25,2,0,-0.003228,0.00298,-49.82,t,https://portal.wildtrax.ca/home/aru-tasks/recording.html?taskId=331393,https://wildtrax-aru.s3.us-west-2.amazonaws.com/4af0074a-1084-49bb-a4f0-56c37d4dfdc9/01221e7c0f34465dbec87a392771b85c.jpg,https://wildtrax-aru.s3.us-west-2.amazonaws.com/4af0074a-1084-49bb-a4f0-56c37d4dfdc9/01221e7c0f34465dbec87a392771b85c.mp3
PC,Waterton Lakes National Park Aquatic Conservation and Restoration ARU Pilot Program 2021,862,WLNP-AQP-6,238276,2021-08-04 07:43:00,354528,1SPT,331393,Transcribed,WWCR,White-winged Crossbill,LOXIA LEUCOPTERA,Aves,41.06,180.00,10.43,1.63kHz,6.30kHz,2689282,2,Song,1,,f,1,Marcus Sommers,1224,,-38.25,-39,2,0.011664,-0.002615,0.017459,-35.16,-57.15,-71.53,2,0,-0.005058,0.005218,-45.65,-30.55,-30.82,2,0.029107,-0.006216,0.034025,-29.36,-61.47,-72.5,2,0,-0.003079,0.003054,-50.23,t,https://portal.wildtrax.ca/home/aru-tasks/recording.html?taskId=331393,https://wildtrax-aru.s3.us-west-2.amazonaws.com/4af0074a-1084-49bb-a4f0-56c37d4dfdc9/2ea2d3b6e7bb4454b7b1559f399e0df1.jpg,https://wildtrax-aru.s3.us-west-2.amazonaws.com/4af0074a-1084-49bb-a4f0-56c37d4dfdc9/2ea2d3b6e7bb4454b7b1559f399e0df1.mp3
PC,Waterton Lakes National Park Aquatic Conservation and Restoration ARU Pilot Program 2021,862,WLNP-AQP-6,238276,2021-08-04 07:43:00,354528,1SPT,331393,Transcribed,RBNU,Red-breasted Nuthatch,SITTA CANADENSIS,Aves,164.18,180.00,2.96,0.70kHz,5.09kHz,2689309,2,Song,1,3,t,1,Marcus Sommers,1224,15,-38.24,-38.86,2,0.011572,-0.002681,0.01491,-36.53,-68.12,-71.25,2,0,-0.001355,0.001289,-57.36,-30.59,-30.77,2,0.028728,-0.006205,0.032353,-29.8,-69.85,-71.66,2,0,-0.001253,0.001229,-58.04,t,https://portal.wildtrax.ca/home/aru-tasks/recording.html?taskId=331393,https://wildtrax-aru.s3.us-west-2.amazonaws.com/4af0074a-1084-49bb-a4f0-56c37d4dfdc9/f2d8cd12ee1d42b38660312bb92767bd.jpg,https://wildtrax-aru.s3.us-west-2.amazonaws.com/4af0074a-1084-49bb-a4f0-56c37d4dfdc9/f2d8cd12ee1d42b38660312bb92767bd.mp3
PC,Waterton Lakes National Park Aquatic Conservation and Restoration ARU Pilot Program 2021,862,WLNP-AQP-6,238276,2021-08-07 06:48:00,354500,1SPT,331365,Transcribed,DEJU,Dark-eyed Junco,JUNCO HYEMALIS,Aves,35.96,180.00,2.69,3.50kHz,6.96kHz,2693352,1,Song,1,,f,1,Joel Kwek,822,,-18.33,-40.24,2,0.010131,-0.148393,0.204828,-13.77,-56.32,-63.67,2,0,-0.005523,0.00557,-45.08,-7.08,-23.76,2,0.0286,-0.822533,0.865808,-1.25,-60,-65.11,2,0,-0.004087,0.004117,-47.71,t,https://portal.wildtrax.ca/home/aru-tasks/recording.html?taskId=331365,https://wildtrax-aru.s3.us-west-2.amazonaws.com/489cf73b-a242-4c59-b758-da553f7ecdf9/065198ec6ae54488a27fe4e0b0c733e6.jpg,https://wildtrax-aru.s3.us-west-2.amazonaws.com/489cf73b-a242-4c59-b758-da553f7ecdf9/065198ec6ae54488a27fe4e0b0c733e6.mp3
PC,Waterton Lakes National Park Aquatic Conservation and Restoration ARU Pilot Program 2021,862,WLNP-AQP-6,238276,2021-08-07 06:48:00,354500,1SPT,331365,Transcribed,OCWA,Orange-crowned Warbler,LEIOTHLYPIS CELATA,Aves,140.08,180.00,2.10,2.47kHz,6.26kHz,2693355,1,Song,1,,f,2,Joel Kwek,822,,-20.6,-37.14,2,0.012183,-0.16321,0.144333,-15.75,-62.5,-65.62,2,0,-0.003332,0.002722,-49.55,-21.39,-33.7,2,0.028717,-0.070201,0.183662,-14.72,-63.73,-67.02,2,0,-0.002684,0.002366,-51.43,t,https://portal.wildtrax.ca/home/aru-tasks/recording.html?taskId=331365,https://wildtrax-aru.s3.us-west-2.amazonaws.com/489cf73b-a242-4c59-b758-da553f7ecdf9/4c43a66ca4ed41fbb80a3ca7e54baae7.jpg,https://wildtrax-aru.s3.us-west-2.amazonaws.com/489cf73b-a242-4c59-b758-da553f7ecdf9/4c43a66ca4ed41fbb80a3ca7e54baae7.mp3
PC,Waterton Lakes National Park Aquatic Conservation and Restoration ARU Pilot Program 2021,862,WLNP-AQP-7,238277,2021-06-28 08:04:00,354472,1SPT,331337,Transcribed,SWTH,Swainson's Thrush,CATHARUS USTULATUS,Aves,0.03,180.00,1.45,1.21kHz,7.10kHz,2693263,1,Song,1,3,t,1,Alana Demko,532,15,-33.03,-34.09,2,0.019402,-0.0069,0.051514,-25.76,-41.79,-59.15,2,0,-0.028473,0.025749,-30.91,-32.79,-33.53,2,0.020913,-0.002718,0.044547,-27.02,-44.59,-57.72,2,0,-0.018754,0.02079,-33.64,t,https://portal.wildtrax.ca/home/aru-tasks/recording.html?taskId=331337,https://wildtrax-aru.s3.us-west-2.amazonaws.com/ea16b665-6915-4105-9b7a-a8ff69bd9fc1/c61d433569da4f929653d216e3a3031e.jpg,https://wildtrax-aru.s3.us-west-2.amazonaws.com/ea16b665-6915-4105-9b7a-a8ff69bd9fc1/c61d433569da4f929653d216e3a3031e.mp3
PC,Waterton Lakes National Park Aquatic Conservation and Restoration ARU Pilot Program 2021,862,WLNP-AQP-7,238277,2021-06-28 08:04:00,354472,1SPT,331337,Transcribed,HETH,Hermit Thrush,CATHARUS GUTTATUS,Aves,0.04,180.00,1.35,3.64kHz,8.26kHz,2693264,1,Song,1,2,t,1,Alana Demko,532,15,-33.01,-34.13,2,0.019247,-0.006523,0.053162,-25.49,-42.81,-65.24,2,0,-0.015931,0.015671,-35.95,-32.82,-33.51,2,0.020744,-0.005587,0.045795,-26.78,-47.51,-64.95,2,0,-0.013274,0.012403,-37.54,t,https://portal.wildtrax.ca/home/aru-tasks/recording.html?taskId=331337,https://wildtrax-aru.s3.us-west-2.amazonaws.com/ea16b665-6915-4105-9b7a-a8ff69bd9fc1/34ad896033324895a80507f00730f005.jpg,https://wildtrax-aru.s3.us-west-2.amazonaws.com/ea16b665-6915-4105-9b7a-a8ff69bd9fc1/34ad896033324895a80507f00730f005.mp3
PC,Waterton Lakes National Park Aquatic Conservation and Restoration ARU Pilot Program 2021,862,WLNP-AQP-7,238277,2021-06-28 08:04:00,354472,1SPT,331337,Transcribed,WIWA,Wilson's Warbler,CARDELLINA PUSILLA,Aves,1.01,180.00,1.51,2.66kHz,8.50kHz,2693265,1,Song,1,3,t,2,Alana Demko,532,15,-33.42,-34.27,2,0.019396,-0.004528,0.035488,-29,-50.36,-63.47,2,0,-0.013115,0.013405,-37.45,-32.81,-33.62,2,0.020885,-0.006502,0.042561,-27.42,-46.9,-61.98,2,0,-0.019858,0.020079,-33.95,t,https://portal.wildtrax.ca/home/aru-tasks/recording.html?taskId=331337,https://wildtrax-aru.s3.us-west-2.amazonaws.com/ea16b665-6915-4105-9b7a-a8ff69bd9fc1/b5b6cda95943432c816d546683cb1162.jpg,https://wildtrax-aru.s3.us-west-2.amazonaws.com/ea16b665-6915-4105-9b7a-a8ff69bd9fc1/b5b6cda95943432c816d546683cb1162.mp3
PC,Waterton Lakes National Park Aquatic Conservation and Restoration ARU Pilot Program 2021,862,WLNP-AQP-7,238277,2021-06-28 08:04:00,354472,1SPT,331337,Transcribed,HETH,Hermit Thrush,CATHARUS GUTTATUS,Aves,2.78,180.00,1.34,2.01kHz,6.16kHz,2693266,2,Song,1,2,t,2,Alana Demko,532,15,-33.55,-34.43,2,0.019112,-0.00574,0.03021,-30.4,-53.68,-66.21,2,0,-0.00519,0.004899,-45.7,-32.9,-33.62,2,0.020616,-0.006527,0.03312,-29.6,-50.54,-64.64,2,0,-0.008517,0.008025,-41.39,t,https://portal.wildtrax.ca/home/aru-tasks/recording.html?taskId=331337,https://wildtrax-aru.s3.us-west-2.amazonaws.com/ea16b665-6915-4105-9b7a-a8ff69bd9fc1/b385c5e737a248ed91109bc8217da64e.jpg,https://wildtrax-aru.s3.us-west-2.amazonaws.com/ea16b665-6915-4105-9b7a-a8ff69bd9fc1/b385c5e737a248ed91109bc8217da64e.mp3
PC,Waterton Lakes National Park Aquatic Conservation and Restoration ARU Pilot Program 2021,862,WLNP-AQP-7,238277,2021-06-28 08:04:00,354472,1SPT,331337,Transcribed,SWTH,Swainson's Thrush,CATHARUS USTULATUS,Aves,3.78,180.00,1.31,1.07kHz,6.12kHz,2693268,2,Song,1,,f,1,Alana Demko,532,,-32.34,-34.24,2,0.019208,-0.010624,0.052222,-25.64,-37.81,-62.05,2,0,-0.027772,0.028024,-31.05,-32.37,-33.63,2,0.020745,-0.005857,0.045279,-26.88,-40.48,-59.45,2,0,-0.018975,0.0187,-34.44,t,https://portal.wildtrax.ca/home/aru-tasks/recording.html?taskId=331337,https://wildtrax-aru.s3.us-west-2.amazonaws.com/ea16b665-6915-4105-9b7a-a8ff69bd9fc1/8966154ff29a4020aa54810026b695b1.jpg,https://wildtrax-aru.s3.us-west-2.amazonaws.com/ea16b665-6915-4105-9b7a-a8ff69bd9fc1/8966154ff29a4020aa54810026b695b1.mp3
PC,Waterton Lakes National Park Aquatic Conservation and Restoration ARU Pilot Program 2021,862,WLNP-AQP-7,238277,2021-06-28 08:04:00,354472,1SPT,331337,Transcribed,MGWA,MacGillivray's Warbler,GEOTHLYPIS TOLMIEI,Aves,5.18,180.00,1.74,2.47kHz,7.14kHz,2693267,1,Song,1,2,t,1,Alana Demko,532,15,-33.33,-34.19,2,0.019299,-0.006816,0.040068,-27.94,-50.35,-63.66,2,0,-0.016721,0.015923,-35.53,-32.82,-33.52,2,0.020808,-0.00691,0.04057,-27.84,-51.78,-62.13,2,0,-0.014682,0.014893,-36.54,t,https://portal.wildtrax.ca/home/aru-tasks/recording.html?taskId=331337,https://wildtrax-aru.s3.us-west-2.amazonaws.com/ea16b665-6915-4105-9b7a-a8ff69bd9fc1/775d3393fec74841942dbafd49208156.jpg,https://wildtrax-aru.s3.us-west-2.amazonaws.com/ea16b665-6915-4105-9b7a-a8ff69bd9fc1/775d3393fec74841942dbafd49208156.mp3
PC,Waterton Lakes National Park Aquatic Conservation and Restoration ARU Pilot Program 2021,862,WLNP-AQP-7,238277,2021-06-28 08:04:00,354472,1SPT,331337,Transcribed,YRWA,Yellow-rumped Warbler,SETOPHAGA CORONATA,Aves,8.74,180.00,1.65,2.99kHz,5.98kHz,2693269,1,Song,1,3,t,2,Alana Demko,532,15,-33.57,-34.39,2,0.019312,-0.006068,0.032004,-29.9,-52.13,-67.27,2,0,-0.009475,0.009519,-40.43,-32.95,-33.67,2,0.020857,-0.005828,0.038821,-28.22,-48.73,-66.54,2,0,-0.012121,0.011574,-38.33,t,https://portal.wildtrax.ca/home/aru-tasks/recording.html?taskId=331337,https://wildtrax-aru.s3.us-west-2.amazonaws.com/ea16b665-6915-4105-9b7a-a8ff69bd9fc1/e3699f2734b34466b2d6c6054f2c8e3c.jpg,https://wildtrax-aru.s3.us-west-2.amazonaws.com/ea16b665-6915-4105-9b7a-a8ff69bd9fc1/e3699f2734b34466b2d6c6054f2c8e3c.mp3
PC,Waterton Lakes National Park Aquatic Conservation and Restoration ARU Pilot Program 2021,862,WLNP-AQP-7,238277,2021-06-28 08:04:00,354472,1SPT,331337,Transcribed,AMRO,American Robin,TURDUS MIGRATORIUS,Aves,39.14,180.00,1.66,1.68kHz,3.60kHz,2693270,1,Song,1,,f,1,Alana Demko,532,,-33.46,-34.3,2,0.019361,-0.004466,0.029074,-30.73,-61.08,-66.39,2,0,-0.002853,0.002801,-50.89,-32.91,-33.64,2,0.020682,-0.004493,0.030918,-30.2,-59.56,-64.3,2,0,-0.003366,0.003729,-48.57,t,https://portal.wildtrax.ca/home/aru-tasks/recording.html?taskId=331337,https://wildtrax-aru.s3.us-west-2.amazonaws.com/ea16b665-6915-4105-9b7a-a8ff69bd9fc1/18bf148811b74606af4e2bd1e5003f87.jpg,https://wildtrax-aru.s3.us-west-2.amazonaws.com/ea16b665-6915-4105-9b7a-a8ff69bd9fc1/18bf148811b74606af4e2bd1e5003f87.mp3
PC,Waterton Lakes National Park Aquatic Conservation and Restoration ARU Pilot Program 2021,862,WLNP-AQP-7,238277,2021-06-28 08:04:00,354472,1SPT,331337,Transcribed,WIWA,Wilson's Warbler,CARDELLINA PUSILLA,Aves,59.99,180.00,1.04,3.32kHz,8.22kHz,2693271,2,Song,1,1,t,1,Alana Demko,532,15,-33.5,-34.4,2,0.018967,-0.006731,0.035997,-28.87,-59.24,-68.63,2,0,-0.004096,0.003757,-47.75,-32.87,-33.7,2,0.020354,-0.006151,0.034455,-29.25,-58.96,-67.63,2,0,-0.003913,0.003925,-48.12,t,https://portal.wildtrax.ca/home/aru-tasks/recording.html?taskId=331337,https://wildtrax-aru.s3.us-west-2.amazonaws.com/ea16b665-6915-4105-9b7a-a8ff69bd9fc1/5bdc8792839440e9aef8d5f420dfe954.jpg,https://wildtrax-aru.s3.us-west-2.amazonaws.com/ea16b665-6915-4105-9b7a-a8ff69bd9fc1/5bdc8792839440e9aef8d5f420dfe954.mp3
PC,Waterton Lakes National Park Aquatic Conservation and Restoration ARU Pilot Program 2021,862,WLNP-AQP-7,238277,2021-06-28 08:04:00,354472,1SPT,331337,Transcribed,DEJU,Dark-eyed Junco,JUNCO HYEMALIS,Aves,91.48,180.00,1.61,3.32kHz,5.04kHz,2693273,1,Song,1,,f,2,Alana Demko,532,,-33.44,-34.31,2,0.01945,-0.004578,0.029566,-30.58,-65.9,-73.42,2,0,-0.002197,0.002274,-52.86,-32.79,-33.63,2,0.020977,-0.005044,0.032398,-29.79,-64.16,-71.99,2,0,-0.002311,0.002321,-52.69,t,https://portal.wildtrax.ca/home/aru-tasks/recording.html?taskId=331337,https://wildtrax-aru.s3.us-west-2.amazonaws.com/ea16b665-6915-4105-9b7a-a8ff69bd9fc1/460903322e924a3c8f9a264f51241eed.jpg,https://wildtrax-aru.s3.us-west-2.amazonaws.com/ea16b665-6915-4105-9b7a-a8ff69bd9fc1/460903322e924a3c8f9a264f51241eed.mp3
PC,Waterton Lakes National Park Aquatic Conservation and Restoration ARU Pilot Program 2021,862,WLNP-AQP-7,238277,2021-06-28 08:04:00,354472,1SPT,331337,Transcribed,YRWA,Yellow-rumped Warbler,SETOPHAGA CORONATA,Aves,111.79,180.00,1.91,2.47kHz,6.12kHz,2693272,2,Song,1,3,t,2,Alana Demko,532,15,-33.54,-34.3,2,0.019424,-0.005801,0.030947,-30.19,-56.6,-67.56,2,0,-0.006935,0.006394,-43.18,-32.92,-33.71,2,0.020916,-0.006533,0.032929,-29.65,-53.37,-66.2,2,0,-0.007427,0.007409,-42.58,t,https://portal.wildtrax.ca/home/aru-tasks/recording.html?taskId=331337,https://wildtrax-aru.s3.us-west-2.amazonaws.com/ea16b665-6915-4105-9b7a-a8ff69bd9fc1/d755a75b882542398ae741e7851db606.jpg,https://wildtrax-aru.s3.us-west-2.amazonaws.com/ea16b665-6915-4105-9b7a-a8ff69bd9fc1/d755a75b882542398ae741e7851db606.mp3
PC,Waterton Lakes National Park Aquatic Conservation and Restoration ARU Pilot Program 2021,862,WLNP-AQP-7,238277,2021-06-30 21:44:00,354516,1SPT,331381,Transcribed,SWTH,Swainson's Thrush,CATHARUS USTULATUS,Aves,3.24,180.00,2.45,0.65kHz,8.50kHz,2691615,1,Song,1,4,t,2,Gill Holmes,1269,15,-33.55,-34.29,2,0.019583,-0.004594,0.030817,-30.22,-51.79,-60.07,2,0,-0.008745,0.008354,-41.17,-32.67,-33.85,2,0.021192,-0.00431,0.034137,-29.34,-48.6,-58.05,2,0,-0.011618,0.013045,-37.69,t,https://portal.wildtrax.ca/home/aru-tasks/recording.html?taskId=331381,https://wildtrax-aru.s3.us-west-2.amazonaws.com/206a2902-41f8-440c-b310-06705a4c4986/0b22d296e1fd401aa6a5127388f0f2ab.jpg,https://wildtrax-aru.s3.us-west-2.amazonaws.com/206a2902-41f8-440c-b310-06705a4c4986/0b22d296e1fd401aa6a5127388f0f2ab.mp3
PC,Waterton Lakes National Park Aquatic Conservation and Restoration ARU Pilot Program 2021,862,WLNP-AQP-7,238277,2021-06-30 21:44:00,354516,1SPT,331381,Transcribed,LAZB,Lazuli Bunting,PASSERINA AMOENA,Aves,71.86,180.00,3.28,0.61kHz,9.81kHz,2691616,1,Song,1,,f,2,Gill Holmes,1269,,-33.25,-34.53,2,0.019771,-0.005718,0.041681,-27.6,-42.76,-58.69,2,0,-0.020857,0.021461,-33.37,-28.65,-36.7,2,0.021191,-0.026345,0.063983,-23.88,-35.63,-57.25,2,0,-0.040401,0.042052,-27.52,t,https://portal.wildtrax.ca/home/aru-tasks/recording.html?taskId=331381,https://wildtrax-aru.s3.us-west-2.amazonaws.com/206a2902-41f8-440c-b310-06705a4c4986/ec78dc7c2a80442ea24fb277a91b4bd9.jpg,https://wildtrax-aru.s3.us-west-2.amazonaws.com/206a2902-41f8-440c-b310-06705a4c4986/ec78dc7c2a80442ea24fb277a91b4bd9.mp3
PC,Waterton Lakes National Park Aquatic Conservation and Restoration ARU Pilot Program 2021,862,WLNP-AQP-7,238277,2021-07-02 06:06:00,354484,1SPT,331349,Transcribed,CHSP,Chipping Sparrow,SPIZELLA PASSERINA,Aves,0.59,180.00,2.58,3.60kHz,7.61kHz,2689169,1,Song,1,,f,2,Marcus Sommers,1224,,-32.06,-35.94,2,0.019634,-0.006446,0.045144,-26.91,-60.84,-66.93,2,0,-0.004958,0.00489,-46.09,-31.96,-35.01,2,0.021072,-0.006917,0.04489,-26.96,-59.61,-66.51,2,0,-0.005302,0.005318,-45.49,t,https://portal.wildtrax.ca/home/aru-tasks/recording.html?taskId=331349,https://wildtrax-aru.s3.us-west-2.amazonaws.com/21d55536-fc67-4741-bf0a-335c930b1828/1439114292104f2a97e2d2a0df5e0e9c.jpg,https://wildtrax-aru.s3.us-west-2.amazonaws.com/21d55536-fc67-4741-bf0a-335c930b1828/1439114292104f2a97e2d2a0df5e0e9c.mp3
PC,Waterton Lakes National Park Aquatic Conservation and Restoration ARU Pilot Program 2021,862,WLNP-AQP-7,238277,2021-07-02 06:06:00,354484,1SPT,331349,Transcribed,HETH,Hermit Thrush,CATHARUS GUTTATUS,Aves,3.39,180.00,1.40,1.63kHz,5.04kHz,2689220,1,Song,1,,f,1,Marcus Sommers,1224,,-32.05,-35.54,2,0.019501,-0.005925,0.042494,-27.43,-47.06,-58.16,2,0,-0.010745,0.011326,-38.92,-31.45,-34.89,2,0.021077,-0.004942,0.046097,-26.73,-49.53,-58.44,2,0,-0.009791,0.009738,-40.18,t,https://portal.wildtrax.ca/home/aru-tasks/recording.html?taskId=331349,https://wildtrax-aru.s3.us-west-2.amazonaws.com/21d55536-fc67-4741-bf0a-335c930b1828/f75e208e873e48209e81d94f827847e7.jpg,https://wildtrax-aru.s3.us-west-2.amazonaws.com/21d55536-fc67-4741-bf0a-335c930b1828/f75e208e873e48209e81d94f827847e7.mp3
PC,Waterton Lakes National Park Aquatic Conservation and Restoration ARU Pilot Program 2021,862,WLNP-AQP-7,238277,2021-07-02 06:06:00,354484,1SPT,331349,Transcribed,SWTH,Swainson's Thrush,CATHARUS USTULATUS,Aves,4.35,180.00,2.10,0.65kHz,6.91kHz,2689170,1,Song,1,3,t,2,Marcus Sommers,1224,15,-31.75,-36.01,2,0.019702,-0.006831,0.04838,-26.31,-46.03,-51.07,2,0,-0.015228,0.016602,-35.6,-30.62,-35.43,2,0.021094,-0.005872,0.048237,-26.33,-44.49,-51.97,2,0,-0.018003,0.023262,-32.67,t,https://portal.wildtrax.ca/home/aru-tasks/recording.html?taskId=331349,https://wildtrax-aru.s3.us-west-2.amazonaws.com/21d55536-fc67-4741-bf0a-335c930b1828/83afba6e4db2442c8170a1b1a7abb734.jpg,https://wildtrax-aru.s3.us-west-2.amazonaws.com/21d55536-fc67-4741-bf0a-335c930b1828/83afba6e4db2442c8170a1b1a7abb734.mp3
PC,Waterton Lakes National Park Aquatic Conservation and Restoration ARU Pilot Program 2021,862,WLNP-AQP-7,238277,2021-07-02 06:06:00,354484,1SPT,331349,Transcribed,HETH,Hermit Thrush,CATHARUS GUTTATUS,Aves,6.54,180.00,1.89,2.24kHz,6.58kHz,2689172,2,Song,1,,f,2,Marcus Sommers,1224,,-32.04,-35.16,2,0.019379,-0.006858,0.050385,-25.95,-52.69,-58.88,2,0,-0.008206,0.009817,-40.16,-30.95,-34.68,2,0.020942,-0.007391,0.052407,-25.61,-51.6,-58.05,2,0,-0.008751,0.008604,-41.16,t,https://portal.wildtrax.ca/home/aru-tasks/recording.html?taskId=331349,https://wildtrax-aru.s3.us-west-2.amazonaws.com/21d55536-fc67-4741-bf0a-335c930b1828/e6c919feee464332a157f1bec1607ad5.jpg,https://wildtrax-aru.s3.us-west-2.amazonaws.com/21d55536-fc67-4741-bf0a-335c930b1828/e6c919feee464332a157f1bec1607ad5.mp3
PC,Waterton Lakes National Park Aquatic Conservation and Restoration ARU Pilot Program 2021,862,WLNP-AQP-7,238277,2021-07-02 06:06:00,354484,1SPT,331349,Transcribed,WIWA,Wilson's Warbler,CARDELLINA PUSILLA,Aves,8.78,180.00,1.85,2.66kHz,8.59kHz,2689171,1,Song,1,2,t,2,Marcus Sommers,1224,15,-31.62,-35.83,2,0.019361,-0.003465,0.043896,-27.15,-53.14,-62.72,2,0,-0.010056,0.010097,-39.92,-31.51,-35.07,2,0.021105,-0.005644,0.045449,-26.85,-51.99,-62.41,2,0,-0.011974,0.01032,-38.44,t,https://portal.wildtrax.ca/home/aru-tasks/recording.html?taskId=331349,https://wildtrax-aru.s3.us-west-2.amazonaws.com/21d55536-fc67-4741-bf0a-335c930b1828/657411307e0f4ce590b5ec91143fa33e.jpg,https://wildtrax-aru.s3.us-west-2.amazonaws.com/21d55536-fc67-4741-bf0a-335c930b1828/657411307e0f4ce590b5ec91143fa33e.mp3
PC,Waterton Lakes National Park Aquatic Conservation and Restoration ARU Pilot Program 2021,862,WLNP-AQP-7,238277,2021-07-02 06:06:00,354484,1SPT,331349,Transcribed,YRWA,Yellow-rumped Warbler,SETOPHAGA CORONATA,Aves,11.10,180.00,1.93,2.89kHz,6.16kHz,2689177,1,Song,1,3,t,1,Marcus Sommers,1224,15,-30.02,-36.61,2,0.019319,-0.012305,0.055903,-25.05,-46.35,-66.32,2,0,-0.011332,0.011332,-38.91,-31.68,-34.89,2,0.021211,-0.008259,0.046397,-26.67,-49.61,-65.7,2,0,-0.007162,0.007245,-42.8,t,https://portal.wildtrax.ca/home/aru-tasks/recording.html?taskId=331349,https://wildtrax-aru.s3.us-west-2.amazonaws.com/21d55536-fc67-4741-bf0a-335c930b1828/d07b1dfcbca943fab712be4014437ae9.jpg,https://wildtrax-aru.s3.us-west-2.amazonaws.com/21d55536-fc67-4741-bf0a-335c930b1828/d07b1dfcbca943fab712be4014437ae9.mp3
PC,Waterton Lakes National Park Aquatic Conservation and Restoration ARU Pilot Program 2021,862,WLNP-AQP-7,238277,2021-07-02 06:06:00,354484,1SPT,331349,Transcribed,YRWA,Yellow-rumped Warbler,SETOPHAGA CORONATA,Aves,74.10,180.00,2.09,2.47kHz,6.12kHz,2689221,2,Song,1,3,t,2,Marcus Sommers,1224,15,-31.1,-36.63,2,0.019644,-0.01565,0.045128,-26.91,-62.31,-67.97,2,0,-0.002995,0.002656,-50.47,-28.69,-36.32,2,0.021172,-0.041667,0.067493,-23.41,-60.24,-67.02,2,0,-0.003391,0.003324,-49.39,t,https://portal.wildtrax.ca/home/aru-tasks/recording.html?taskId=331349,https://wildtrax-aru.s3.us-west-2.amazonaws.com/21d55536-fc67-4741-bf0a-335c930b1828/c47b7c197dd549a8af03caa1271233f5.jpg,https://wildtrax-aru.s3.us-west-2.amazonaws.com/21d55536-fc67-4741-bf0a-335c930b1828/c47b7c197dd549a8af03caa1271233f5.mp3
PC,Waterton Lakes National Park Aquatic Conservation and Restoration ARU Pilot Program 2021,862,WLNP-AQP-7,238277,2021-07-05 21:42:00,354477,1SPT,331342,Transcribed,HETH,Hermit Thrush,CATHARUS GUTTATUS,Aves,0.05,180.00,0.91,1.91kHz,3.92kHz,2693336,1,Song,1,,f,1,Joel Kwek,822,,-33.69,-34.21,2,0.019126,-0.003179,0.026463,-31.55,-61.8,-70.63,2,0,-0.002047,0.002188,-53.2,-33.02,-33.52,2,0.020703,-0.003503,0.027913,-31.08,-63.35,-69.58,2,0,-0.002222,0.002498,-52.05,t,https://portal.wildtrax.ca/home/aru-tasks/recording.html?taskId=331342,https://wildtrax-aru.s3.us-west-2.amazonaws.com/be57acbf-541e-46d0-bd90-b42acf876fe4/58232e0144da49908f2772b0773a2fe5.jpg,https://wildtrax-aru.s3.us-west-2.amazonaws.com/be57acbf-541e-46d0-bd90-b42acf876fe4/58232e0144da49908f2772b0773a2fe5.mp3
PC,Waterton Lakes National Park Aquatic Conservation and Restoration ARU Pilot Program 2021,862,WLNP-AQP-7,238277,2021-07-05 21:42:00,354477,1SPT,331342,Transcribed,HETH,Hermit Thrush,CATHARUS GUTTATUS,Aves,0.60,180.00,0.78,2.47kHz,4.58kHz,2693337,2,Song,1,,f,2,Joel Kwek,822,,-33.73,-34.28,2,0.018973,-0.004118,0.026336,-31.59,-66.17,-70.48,2,0,-0.001638,0.001632,-55.71,-32.99,-33.59,2,0.020654,-0.004401,0.027777,-31.13,-64.51,-70.15,2,0,-0.001692,0.001728,-55.25,t,https://portal.wildtrax.ca/home/aru-tasks/recording.html?taskId=331342,https://wildtrax-aru.s3.us-west-2.amazonaws.com/be57acbf-541e-46d0-bd90-b42acf876fe4/408254821e9f450f9f3891cbd99524bc.jpg,https://wildtrax-aru.s3.us-west-2.amazonaws.com/be57acbf-541e-46d0-bd90-b42acf876fe4/408254821e9f450f9f3891cbd99524bc.mp3
PC,Waterton Lakes National Park Aquatic Conservation and Restoration ARU Pilot Program 2021,862,WLNP-AQP-7,238277,2021-07-05 21:42:00,354477,1SPT,331342,Transcribed,CHSP,Chipping Sparrow,SPIZELLA PASSERINA,Aves,3.84,180.00,2.53,3.83kHz,6.58kHz,2693338,1,Song,1,,f,2,Joel Kwek,822,,-33.36,-34.64,2,0.019729,-0.003932,0.026757,-31.45,-68.76,-72.59,2,0,-0.00133,0.001326,-57.53,-32.72,-34.18,2,0.021341,-0.004053,0.02842,-30.93,-66.65,-71.76,2,0,-0.002478,0.002373,-52.12,t,https://portal.wildtrax.ca/home/aru-tasks/recording.html?taskId=331342,https://wildtrax-aru.s3.us-west-2.amazonaws.com/be57acbf-541e-46d0-bd90-b42acf876fe4/9c96f00213a7464594f7b2bf2f8c665c.jpg,https://wildtrax-aru.s3.us-west-2.amazonaws.com/be57acbf-541e-46d0-bd90-b42acf876fe4/9c96f00213a7464594f7b2bf2f8c665c.mp3
PC,Waterton Lakes National Park Aquatic Conservation and Restoration ARU Pilot Program 2021,862,WLNP-AQP-7,238277,2021-07-05 21:42:00,354477,1SPT,331342,Transcribed,UNWA,Unidentified Warbler,"",Aves,5.25,180.00,1.09,1.59kHz,6.07kHz,2693339,1,Song,1,,f,2,Joel Kwek,822,,-33.4,-34.63,2,0.019258,-0.004862,0.027374,-31.25,-64.6,-67.22,2,0,-0.002351,0.002143,-52.58,-32.94,-33.6,2,0.020932,-0.004785,0.028667,-30.85,-63.06,-66.06,2,0,-0.002602,0.00249,-51.69,t,https://portal.wildtrax.ca/home/aru-tasks/recording.html?taskId=331342,https://wildtrax-aru.s3.us-west-2.amazonaws.com/be57acbf-541e-46d0-bd90-b42acf876fe4/83b730f12da64de6aaf41414bfe260d8.jpg,https://wildtrax-aru.s3.us-west-2.amazonaws.com/be57acbf-541e-46d0-bd90-b42acf876fe4/83b730f12da64de6aaf41414bfe260d8.mp3
PC,Waterton Lakes National Park Aquatic Conservation and Restoration ARU Pilot Program 2021,862,WLNP-AQP-7,238277,2021-07-05 21:42:00,354477,1SPT,331342,Transcribed,SWTH,Swainson's Thrush,CATHARUS USTULATUS,Aves,8.43,180.00,0.70,1.82kHz,4.16kHz,2693340,1,Call,1,,f,2,Joel Kwek,822,,-33.53,-34.2,2,0.018545,-0.004259,0.024882,-32.08,-67.53,-70.09,2,0,-0.001574,0.001604,-55.9,-32.87,-33.51,2,0.019947,-0.004863,0.027168,-31.32,-65.17,-68.52,2,0,-0.002234,0.002008,-53.02,t,https://portal.wildtrax.ca/home/aru-tasks/recording.html?taskId=331342,https://wildtrax-aru.s3.us-west-2.amazonaws.com/be57acbf-541e-46d0-bd90-b42acf876fe4/71c9edb39ee042e3bb86d58ec7173a39.jpg,https://wildtrax-aru.s3.us-west-2.amazonaws.com/be57acbf-541e-46d0-bd90-b42acf876fe4/71c9edb39ee042e3bb86d58ec7173a39.mp3
PC,Waterton Lakes National Park Aquatic Conservation and Restoration ARU Pilot Program 2021,862,WLNP-AQP-7,238277,2021-07-09 06:12:00,354531,1SPT,331396,Transcribed,WIWA,Wilson's Warbler,CARDELLINA PUSILLA,Aves,0.09,180.00,1.43,2.33kHz,8.08kHz,2689252,1,Song,1,2,t,2,Marcus Sommers,1224,15,-33.5,-34.1,2,0.019461,-0.005138,0.027093,-31.34,-59.94,-68.28,2,0,-0.003892,0.003814,-48.2,-33.13,-33.51,2,0.020625,-0.004944,0.028619,-30.87,-58.5,-66.95,2,0,-0.004097,0.004372,-47.19,t,https://portal.wildtrax.ca/home/aru-tasks/recording.html?taskId=331396,https://wildtrax-aru.s3.us-west-2.amazonaws.com/a8fa005d-7243-454e-9de6-77b386abfcd4/5547119036bb4fe3822f00ed4200ec92.jpg,https://wildtrax-aru.s3.us-west-2.amazonaws.com/a8fa005d-7243-454e-9de6-77b386abfcd4/5547119036bb4fe3822f00ed4200ec92.mp3
PC,Waterton Lakes National Park Aquatic Conservation and Restoration ARU Pilot Program 2021,862,WLNP-AQP-7,238277,2021-07-09 06:12:00,354531,1SPT,331396,Transcribed,HETH,Hermit Thrush,CATHARUS GUTTATUS,Aves,1.60,180.00,2.06,1.26kHz,5.09kHz,2689249,1,Song,1,4,t,1,Marcus Sommers,1224,15,-33.63,-34.08,2,0.019585,-0.003854,0.030981,-30.18,-50.19,-68.31,2,0,-0.008395,0.008506,-41.41,-33.08,-33.54,2,0.020831,-0.004387,0.030685,-30.26,-51.3,-67.38,2,0,-0.007043,0.007253,-42.79,t,https://portal.wildtrax.ca/home/aru-tasks/recording.html?taskId=331396,https://wildtrax-aru.s3.us-west-2.amazonaws.com/a8fa005d-7243-454e-9de6-77b386abfcd4/0511efc6317f44dab019d8350e7a2f2f.jpg,https://wildtrax-aru.s3.us-west-2.amazonaws.com/a8fa005d-7243-454e-9de6-77b386abfcd4/0511efc6317f44dab019d8350e7a2f2f.mp3
PC,Waterton Lakes National Park Aquatic Conservation and Restoration ARU Pilot Program 2021,862,WLNP-AQP-7,238277,2021-07-09 06:12:00,354531,1SPT,331396,Transcribed,HETH,Hermit Thrush,CATHARUS GUTTATUS,Aves,4.41,180.00,2.04,3.50kHz,7.05kHz,2689250,2,Song,1,4,t,1,Marcus Sommers,1224,15,-33.6,-34.18,2,0.019759,-0.005069,0.030255,-30.38,-50.76,-72.9,2,0,-0.006979,0.007155,-42.91,-33.04,-33.54,2,0.021136,-0.005161,0.033939,-29.39,-50.88,-72.56,2,0,-0.008785,0.008485,-41.13,t,https://portal.wildtrax.ca/home/aru-tasks/recording.html?taskId=331396,https://wildtrax-aru.s3.us-west-2.amazonaws.com/a8fa005d-7243-454e-9de6-77b386abfcd4/8578256d0ecd490db4ec7105381775db.jpg,https://wildtrax-aru.s3.us-west-2.amazonaws.com/a8fa005d-7243-454e-9de6-77b386abfcd4/8578256d0ecd490db4ec7105381775db.mp3
PC,Waterton Lakes National Park Aquatic Conservation and Restoration ARU Pilot Program 2021,862,WLNP-AQP-7,238277,2021-07-09 06:12:00,354531,1SPT,331396,Transcribed,CHSP,Chipping Sparrow,SPIZELLA PASSERINA,Aves,5.01,180.00,2.96,3.36kHz,8.59kHz,2689251,1,Song,1,,f,1,Marcus Sommers,1224,,-33.51,-34.22,2,0.019898,-0.005698,0.03075,-30.24,-50.29,-67.08,2,0,-0.007231,0.00752,-42.48,-33.02,-33.56,2,0.021409,-0.006395,0.032814,-29.68,-51.02,-65.6,2,0,-0.008454,0.008604,-41.31,t,https://portal.wildtrax.ca/home/aru-tasks/recording.html?taskId=331396,https://wildtrax-aru.s3.us-west-2.amazonaws.com/a8fa005d-7243-454e-9de6-77b386abfcd4/83f6c6e10654449b9d37b0a0263356cb.jpg,https://wildtrax-aru.s3.us-west-2.amazonaws.com/a8fa005d-7243-454e-9de6-77b386abfcd4/83f6c6e10654449b9d37b0a0263356cb.mp3
PC,Waterton Lakes National Park Aquatic Conservation and Restoration ARU Pilot Program 2021,862,WLNP-AQP-7,238277,2021-07-09 06:12:00,354531,1SPT,331396,Transcribed,FOSP,Fox Sparrow,PASSERELLA ILIACA,Aves,8.14,180.00,3.11,1.73kHz,6.21kHz,2689253,1,Song,1,,f,2,Marcus Sommers,1224,,-33.38,-34.41,2,0.019893,-0.004638,0.029501,-30.6,-52.39,-69.14,2,0,-0.00621,0.006085,-44.14,-32.98,-33.44,2,0.021424,-0.005217,0.032724,-29.7,-50.13,-68.1,2,0,-0.009779,0.010156,-39.87,t,https://portal.wildtrax.ca/home/aru-tasks/recording.html?taskId=331396,https://wildtrax-aru.s3.us-west-2.amazonaws.com/a8fa005d-7243-454e-9de6-77b386abfcd4/0e7d2115a3184f65a1d57cb5fac0f790.jpg,https://wildtrax-aru.s3.us-west-2.amazonaws.com/a8fa005d-7243-454e-9de6-77b386abfcd4/0e7d2115a3184f65a1d57cb5fac0f790.mp3
PC,Waterton Lakes National Park Aquatic Conservation and Restoration ARU Pilot Program 2021,862,WLNP-AQP-7,238277,2021-07-09 06:12:00,354531,1SPT,331396,Transcribed,SWTH,Swainson's Thrush,CATHARUS USTULATUS,Aves,14.23,180.00,1.85,0.33kHz,5.56kHz,2689254,1,Song,1,,f,2,Marcus Sommers,1224,,-33.11,-34.57,2,0.019672,-0.004743,0.027333,-31.27,-58.48,-61.34,2,-0.000485,-0.004476,0.003464,-46.98,-33.06,-33.44,2,0.021153,-0.004721,0.0288,-30.81,-57.31,-60.52,2,-0.000521,-0.005662,0.004746,-44.94,t,https://portal.wildtrax.ca/home/aru-tasks/recording.html?taskId=331396,https://wildtrax-aru.s3.us-west-2.amazonaws.com/a8fa005d-7243-454e-9de6-77b386abfcd4/b8798ec72d9d43c3b6446649bebc995a.jpg,https://wildtrax-aru.s3.us-west-2.amazonaws.com/a8fa005d-7243-454e-9de6-77b386abfcd4/b8798ec72d9d43c3b6446649bebc995a.mp3
PC,Waterton Lakes National Park Aquatic Conservation and Restoration ARU Pilot Program 2021,862,WLNP-AQP-7,238277,2021-07-09 06:12:00,354531,1SPT,331396,Transcribed,SWTH,Swainson's Thrush,CATHARUS USTULATUS,Aves,24.94,180.00,1.88,0.23kHz,6.44kHz,2689255,2,Song,1,3,t,2,Marcus Sommers,1224,15,-32.93,-34.55,2,0.019711,-0.004837,0.027597,-31.18,-49.64,-52.02,2,-0.002447,-0.008467,0.003228,-41.45,-32.89,-33.52,2,0.021225,-0.005257,0.030203,-30.4,-47.8,-51.07,2,-0.002635,-0.010149,0.00529,-39.87,t,https://portal.wildtrax.ca/home/aru-tasks/recording.html?taskId=331396,https://wildtrax-aru.s3.us-west-2.amazonaws.com/a8fa005d-7243-454e-9de6-77b386abfcd4/934f6d9eac904ff4bec9b34df89b1b75.jpg,https://wildtrax-aru.s3.us-west-2.amazonaws.com/a8fa005d-7243-454e-9de6-77b386abfcd4/934f6d9eac904ff4bec9b34df89b1b75.mp3
PC,Waterton Lakes National Park Aquatic Conservation and Restoration ARU Pilot Program 2021,862,WLNP-AQP-7,238277,2021-07-09 06:12:00,354531,1SPT,331396,Transcribed,WCSP,White-crowned Sparrow,ZONOTRICHIA LEUCOPHRYS,Aves,24.99,180.00,1.80,3.04kHz,6.44kHz,2689258,1,Song,1,,f,2,Marcus Sommers,1224,,-32.97,-34.55,2,0.019598,-0.004958,0.027766,-31.13,-54.25,-72.88,2,0,-0.00482,0.004926,-46.15,-32.94,-33.48,2,0.021178,-0.004908,0.030636,-30.28,-50.95,-72.14,2,0,-0.00662,0.006321,-43.58,t,https://portal.wildtrax.ca/home/aru-tasks/recording.html?taskId=331396,https://wildtrax-aru.s3.us-west-2.amazonaws.com/a8fa005d-7243-454e-9de6-77b386abfcd4/217b1b90552e4bddb766a6d975dabc1c.jpg,https://wildtrax-aru.s3.us-west-2.amazonaws.com/a8fa005d-7243-454e-9de6-77b386abfcd4/217b1b90552e4bddb766a6d975dabc1c.mp3
PC,Waterton Lakes National Park Aquatic Conservation and Restoration ARU Pilot Program 2021,862,WLNP-AQP-7,238277,2021-07-09 06:12:00,354531,1SPT,331396,Transcribed,WCSP,White-crowned Sparrow,ZONOTRICHIA LEUCOPHRYS,Aves,39.50,180.00,1.66,2.85kHz,6.77kHz,2689259,2,Song,1,,f,1,Marcus Sommers,1224,,-33.56,-34.21,2,0.019388,-0.004935,0.027858,-31.1,-54.51,-69.66,2,0,-0.005814,0.005646,-44.71,-32.99,-33.49,2,0.020815,-0.005339,0.028976,-30.76,-55.83,-69.09,2,0,-0.00606,0.005782,-44.35,t,https://portal.wildtrax.ca/home/aru-tasks/recording.html?taskId=331396,https://wildtrax-aru.s3.us-west-2.amazonaws.com/a8fa005d-7243-454e-9de6-77b386abfcd4/aaeaca7d81d64f5dad6065fea1228b9b.jpg,https://wildtrax-aru.s3.us-west-2.amazonaws.com/a8fa005d-7243-454e-9de6-77b386abfcd4/aaeaca7d81d64f5dad6065fea1228b9b.mp3
PC,Waterton Lakes National Park Aquatic Conservation and Restoration ARU Pilot Program 2021,862,WLNP-AQP-7,238277,2021-07-09 06:12:00,354531,1SPT,331396,Transcribed,WIWA,Wilson's Warbler,CARDELLINA PUSILLA,Aves,124.06,180.00,1.50,3.08kHz,8.64kHz,2689257,2,Song,1,1,t,2,Marcus Sommers,1224,15,-33.13,-34.63,2,0.019384,-0.005166,0.026582,-31.51,-60.56,-70.86,2,0,-0.003143,0.003749,-48.52,-32.88,-33.72,2,0.020789,-0.005312,0.027942,-31.07,-59.56,-70.2,2,0,-0.003817,0.004247,-47.44,t,https://portal.wildtrax.ca/home/aru-tasks/recording.html?taskId=331396,https://wildtrax-aru.s3.us-west-2.amazonaws.com/a8fa005d-7243-454e-9de6-77b386abfcd4/a8c5e03c42fb48bb95cbfefdee2943b0.jpg,https://wildtrax-aru.s3.us-west-2.amazonaws.com/a8fa005d-7243-454e-9de6-77b386abfcd4/a8c5e03c42fb48bb95cbfefdee2943b0.mp3
PC,Waterton Lakes National Park Aquatic Conservation and Restoration ARU Pilot Program 2021,862,WLNP-AQP-7,238277,2021-07-09 06:12:00,354531,1SPT,331396,Transcribed,WCSP,White-crowned Sparrow,ZONOTRICHIA LEUCOPHRYS,Aves,145.68,180.00,0.76,5.74kHz,10.27kHz,2689260,3,Call,1,,f,2,Marcus Sommers,1224,,-32.99,-34.7,2,0.018828,-0.005079,0.02811,-31.02,-62.28,-73.38,2,0,-0.002646,0.002588,-51.55,-33.08,-33.49,2,0.020163,-0.004512,0.032028,-29.89,-52.15,-72.88,2,0,-0.008356,0.008573,-41.34,t,https://portal.wildtrax.ca/home/aru-tasks/recording.html?taskId=331396,https://wildtrax-aru.s3.us-west-2.amazonaws.com/a8fa005d-7243-454e-9de6-77b386abfcd4/0355b872c3424e0ea21cd2244e73923c.jpg,https://wildtrax-aru.s3.us-west-2.amazonaws.com/a8fa005d-7243-454e-9de6-77b386abfcd4/0355b872c3424e0ea21cd2244e73923c.mp3
PC,Waterton Lakes National Park Aquatic Conservation and Restoration ARU Pilot Program 2021,862,WLNP-AQP-7,238277,2021-07-09 06:12:00,354531,1SPT,331396,Transcribed,PISI,Pine Siskin,SPINUS PINUS,Aves,157.78,180.00,0.90,2.10kHz,8.50kHz,2689256,1,Song,1,,f,2,Marcus Sommers,1224,,-33.57,-34.64,2,0.019144,-0.004365,0.026411,-31.56,-55.19,-67.2,2,0,-0.003943,0.004015,-47.93,-32.97,-33.55,2,0.02056,-0.004246,0.030594,-30.29,-52.21,-66.94,2,0,-0.007355,0.007018,-42.67,t,https://portal.wildtrax.ca/home/aru-tasks/recording.html?taskId=331396,https://wildtrax-aru.s3.us-west-2.amazonaws.com/a8fa005d-7243-454e-9de6-77b386abfcd4/1f7bcb0ef8094c96b04c82a7822f78f1.jpg,https://wildtrax-aru.s3.us-west-2.amazonaws.com/a8fa005d-7243-454e-9de6-77b386abfcd4/1f7bcb0ef8094c96b04c82a7822f78f1.mp3
PC,Waterton Lakes National Park Aquatic Conservation and Restoration ARU Pilot Program 2021,862,WLNP-AQP-7,238277,2021-07-10 05:13:00,354498,1SPT,331363,Transcribed,HETH,Hermit Thrush,CATHARUS GUTTATUS,Aves,0.08,180.00,1.31,2.10kHz,4.11kHz,2693344,1,Song,1,,f,1,Joel Kwek,822,,-33.59,-34.17,2,0.019587,-0.004421,0.02634,-31.59,-59.34,-71.64,2,0,-0.003198,0.003194,-49.9,-33.06,-33.64,2,0.020934,-0.004935,0.028581,-30.88,-59.34,-70.45,2,0,-0.003113,0.003149,-50.04,t,https://portal.wildtrax.ca/home/aru-tasks/recording.html?taskId=331363,https://wildtrax-aru.s3.us-west-2.amazonaws.com/cecf9f41-7040-45e6-9ae8-bce087b6329a/251f6d518aa149ce9490b2c78164cab3.jpg,https://wildtrax-aru.s3.us-west-2.amazonaws.com/cecf9f41-7040-45e6-9ae8-bce087b6329a/251f6d518aa149ce9490b2c78164cab3.mp3
PC,Waterton Lakes National Park Aquatic Conservation and Restoration ARU Pilot Program 2021,862,WLNP-AQP-7,238277,2021-07-10 05:13:00,354498,1SPT,331363,Transcribed,CHSP,Chipping Sparrow,SPIZELLA PASSERINA,Aves,0.56,180.00,2.65,3.83kHz,8.59kHz,2693343,1,Song,1,,f,2,Joel Kwek,822,,-33.46,-34.15,2,0.019883,-0.004889,0.029876,-30.49,-60.65,-71.93,2,0,-0.003811,0.004026,-47.9,-32.84,-33.64,2,0.021231,-0.005259,0.032217,-29.84,-55.34,-70.55,2,0,-0.006965,0.006756,-43.14,t,https://portal.wildtrax.ca/home/aru-tasks/recording.html?taskId=331363,https://wildtrax-aru.s3.us-west-2.amazonaws.com/cecf9f41-7040-45e6-9ae8-bce087b6329a/64cafe10f6824a8ab26e7293c4eccf4e.jpg,https://wildtrax-aru.s3.us-west-2.amazonaws.com/cecf9f41-7040-45e6-9ae8-bce087b6329a/64cafe10f6824a8ab26e7293c4eccf4e.mp3
PC,Waterton Lakes National Park Aquatic Conservation and Restoration ARU Pilot Program 2021,862,WLNP-AQP-7,238277,2021-07-10 05:13:00,354498,1SPT,331363,Transcribed,SWTH,Swainson's Thrush,CATHARUS USTULATUS,Aves,0.86,180.00,0.58,2.29kHz,3.97kHz,2693345,1,Call,1,,f,1,Joel Kwek,822,,-33.62,-34.03,2,0.018082,-0.004775,0.026017,-31.7,-59.67,-70.14,2,0,-0.003334,0.003342,-49.52,-33.07,-33.51,2,0.019254,-0.004672,0.028234,-30.98,-59.48,-69.43,2,0,-0.003096,0.003095,-50.18,t,https://portal.wildtrax.ca/home/aru-tasks/recording.html?taskId=331363,https://wildtrax-aru.s3.us-west-2.amazonaws.com/cecf9f41-7040-45e6-9ae8-bce087b6329a/b75992b7a8db4b3f8a1b4c921aa99b0c.jpg,https://wildtrax-aru.s3.us-west-2.amazonaws.com/cecf9f41-7040-45e6-9ae8-bce087b6329a/b75992b7a8db4b3f8a1b4c921aa99b0c.mp3
PC,Waterton Lakes National Park Aquatic Conservation and Restoration ARU Pilot Program 2021,862,WLNP-AQP-7,238277,2021-07-10 05:13:00,354498,1SPT,331363,Transcribed,UNWA,Unidentified Warbler,"",Aves,1.30,180.00,0.73,1.96kHz,5.74kHz,2693346,1,Song,1,,f,1,Joel Kwek,822,,-33.53,-34.1,2,0.019094,-0.004515,0.027637,-31.17,-56.93,-63.9,2,0,-0.004543,0.004703,-46.55,-32.99,-33.56,2,0.020311,-0.005049,0.030047,-30.44,-56.45,-62.95,2,0,-0.00491,0.005234,-45.62,t,https://portal.wildtrax.ca/home/aru-tasks/recording.html?taskId=331363,https://wildtrax-aru.s3.us-west-2.amazonaws.com/cecf9f41-7040-45e6-9ae8-bce087b6329a/5011b8b731884ca2b579116a706feca7.jpg,https://wildtrax-aru.s3.us-west-2.amazonaws.com/cecf9f41-7040-45e6-9ae8-bce087b6329a/5011b8b731884ca2b579116a706feca7.mp3
PC,Waterton Lakes National Park Aquatic Conservation and Restoration ARU Pilot Program 2021,862,WLNP-AQP-7,238277,2021-07-10 05:13:00,354498,1SPT,331363,Transcribed,SWTH,Swainson's Thrush,CATHARUS USTULATUS,Aves,1.74,180.00,0.76,1.35kHz,5.04kHz,2693347,2,Song,1,3,t,1,Joel Kwek,822,15,-33.53,-34.14,2,0.018844,-0.004373,0.030877,-30.21,-52.66,-58.58,2,0,-0.008257,0.007444,-41.66,-32.97,-33.66,2,0.020143,-0.004579,0.032631,-29.73,-53.26,-58.16,2,0,-0.007269,0.007973,-41.97,t,https://portal.wildtrax.ca/home/aru-tasks/recording.html?taskId=331363,https://wildtrax-aru.s3.us-west-2.amazonaws.com/cecf9f41-7040-45e6-9ae8-bce087b6329a/37b6b9a3745d44ba82e9a2f0d4dff114.jpg,https://wildtrax-aru.s3.us-west-2.amazonaws.com/cecf9f41-7040-45e6-9ae8-bce087b6329a/37b6b9a3745d44ba82e9a2f0d4dff114.mp3
PC,Waterton Lakes National Park Aquatic Conservation and Restoration ARU Pilot Program 2021,862,WLNP-AQP-7,238277,2021-07-10 05:13:00,354498,1SPT,331363,Transcribed,PISI,Pine Siskin,SPINUS PINUS,Aves,132.30,180.00,0.70,2.19kHz,7.94kHz,2693349,1,Call,1,,f,2,Joel Kwek,822,,-33.64,-34.17,2,0.018795,-0.004502,0.026517,-31.53,-62.36,-68.79,2,0,-0.002663,0.002594,-51.49,-33.01,-33.6,2,0.020238,-0.004625,0.029311,-30.66,-54.85,-68.06,2,0,-0.005157,0.005514,-45.17,t,https://portal.wildtrax.ca/home/aru-tasks/recording.html?taskId=331363,https://wildtrax-aru.s3.us-west-2.amazonaws.com/cecf9f41-7040-45e6-9ae8-bce087b6329a/c7d7265d4ec246fca470fba102e43f84.jpg,https://wildtrax-aru.s3.us-west-2.amazonaws.com/cecf9f41-7040-45e6-9ae8-bce087b6329a/c7d7265d4ec246fca470fba102e43f84.mp3
PC,Waterton Lakes National Park Aquatic Conservation and Restoration ARU Pilot Program 2021,862,WLNP-AQP-7,238277,2021-07-10 05:13:00,354498,1SPT,331363,Transcribed,PISI,Pine Siskin,SPINUS PINUS,Aves,141.16,180.00,0.84,2.66kHz,9.95kHz,2693350,2,Call,1,,f,1,Joel Kwek,822,,-31.42,-34.16,2,0.019034,-0.028257,0.067262,-23.44,-35.46,-68.71,2,0,-0.043498,0.045434,-26.85,-32,-33.7,2,0.020565,-0.014649,0.056999,-24.88,-38.83,-67.93,2,0,-0.03262,0.032198,-29.73,t,https://portal.wildtrax.ca/home/aru-tasks/recording.html?taskId=331363,https://wildtrax-aru.s3.us-west-2.amazonaws.com/cecf9f41-7040-45e6-9ae8-bce087b6329a/7ddef68689374e6a81274651faf86e08.jpg,https://wildtrax-aru.s3.us-west-2.amazonaws.com/cecf9f41-7040-45e6-9ae8-bce087b6329a/7ddef68689374e6a81274651faf86e08.mp3
PC,Waterton Lakes National Park Aquatic Conservation and Restoration ARU Pilot Program 2021,862,WLNP-AQP-7,238277,2021-07-10 06:13:00,354480,1SPT,331345,Transcribed,WIWA,Wilson's Warbler,CARDELLINA PUSILLA,Aves,0.04,180.00,1.76,2.85kHz,8.50kHz,2736755,1,Song,1,2,t,2,Marcus Sommers,1224,15,-33.64,-34.13,2,0.019531,-0.00327,0.025855,-31.75,-59.83,-70.03,2,0,-0.003836,0.003613,-48.32,-33.01,-33.43,2,0.021113,-0.004009,0.028104,-31.02,-57.4,-69.33,2,0,-0.005085,0.004516,-45.87,t,https://portal.wildtrax.ca/home/aru-tasks/recording.html?taskId=331345,https://wildtrax-aru.s3.us-west-2.amazonaws.com/681c0c8e-4e40-4315-9c30-308072f47fe4/fe0bc6de457947e0a4deed8ed9ae9ce2.jpg,https://wildtrax-aru.s3.us-west-2.amazonaws.com/681c0c8e-4e40-4315-9c30-308072f47fe4/fe0bc6de457947e0a4deed8ed9ae9ce2.mp3
PC,Waterton Lakes National Park Aquatic Conservation and Restoration ARU Pilot Program 2021,862,WLNP-AQP-7,238277,2021-07-10 06:13:00,354480,1SPT,331345,Transcribed,HETH,Hermit Thrush,CATHARUS GUTTATUS,Aves,0.70,180.00,1.84,1.40kHz,5.60kHz,2736759,1,Song,1,,f,1,Marcus Sommers,1224,,-33.62,-34.17,2,0.019652,-0.004185,0.02742,-31.24,-56.99,-66.51,2,0,-0.00458,0.004635,-46.68,-32.99,-33.46,2,0.02123,-0.004468,0.028452,-30.92,-58.67,-66.1,2,0,-0.004185,0.004414,-47.1,t,https://portal.wildtrax.ca/home/aru-tasks/recording.html?taskId=331345,https://wildtrax-aru.s3.us-west-2.amazonaws.com/681c0c8e-4e40-4315-9c30-308072f47fe4/a99417ef49dd428da06b733e608c5341.jpg,https://wildtrax-aru.s3.us-west-2.amazonaws.com/681c0c8e-4e40-4315-9c30-308072f47fe4/a99417ef49dd428da06b733e608c5341.mp3
PC,Waterton Lakes National Park Aquatic Conservation and Restoration ARU Pilot Program 2021,862,WLNP-AQP-7,238277,2021-07-10 06:13:00,354480,1SPT,331345,Transcribed,YRWA,Yellow-rumped Warbler,SETOPHAGA CORONATA,Aves,1.64,180.00,1.93,2.71kHz,6.21kHz,2736756,1,Song,1,2,t,1,Marcus Sommers,1224,15,-33.61,-34.21,2,0.019554,-0.004768,0.026956,-31.39,-57.7,-70.95,2,0,-0.004085,0.004189,-47.56,-33.02,-33.5,2,0.021151,-0.005009,0.02786,-31.1,-58.6,-69.82,2,0,-0.003002,0.00303,-50.37,t,https://portal.wildtrax.ca/home/aru-tasks/recording.html?taskId=331345,https://wildtrax-aru.s3.us-west-2.amazonaws.com/681c0c8e-4e40-4315-9c30-308072f47fe4/099f13ce4d9a439498f16fb60fcecf78.jpg,https://wildtrax-aru.s3.us-west-2.amazonaws.com/681c0c8e-4e40-4315-9c30-308072f47fe4/099f13ce4d9a439498f16fb60fcecf78.mp3
PC,Waterton Lakes National Park Aquatic Conservation and Restoration ARU Pilot Program 2021,862,WLNP-AQP-7,238277,2021-07-10 06:13:00,354480,1SPT,331345,Transcribed,HETH,Hermit Thrush,CATHARUS GUTTATUS,Aves,2.89,180.00,1.83,1.82kHz,5.79kHz,2736758,2,Song,1,,f,2,Marcus Sommers,1224,,-33.67,-34.19,2,0.019489,-0.005141,0.025388,-31.91,-61.6,-70.81,2,0,-0.002211,0.00222,-53.07,-33,-33.48,2,0.021127,-0.005617,0.02773,-31.14,-58.48,-69.97,2,0,-0.003067,0.002921,-50.27,t,https://portal.wildtrax.ca/home/aru-tasks/recording.html?taskId=331345,https://wildtrax-aru.s3.us-west-2.amazonaws.com/681c0c8e-4e40-4315-9c30-308072f47fe4/8428c711c75e4312b5f4a447e836e8d3.jpg,https://wildtrax-aru.s3.us-west-2.amazonaws.com/681c0c8e-4e40-4315-9c30-308072f47fe4/8428c711c75e4312b5f4a447e836e8d3.mp3
PC,Waterton Lakes National Park Aquatic Conservation and Restoration ARU Pilot Program 2021,862,WLNP-AQP-7,238277,2021-07-10 06:13:00,354480,1SPT,331345,Transcribed,CHSP,Chipping Sparrow,SPIZELLA PASSERINA,Aves,5.01,180.00,3.01,3.60kHz,8.64kHz,2736757,1,Song,1,,f,2,Marcus Sommers,1224,,-33.63,-34.3,2,0.019794,-0.00473,0.025626,-31.83,-62.82,-71.9,2,0,-0.00269,0.002656,-51.41,-32.9,-33.58,2,0.021436,-0.005252,0.028422,-30.93,-59.58,-71.95,2,0,-0.00435,0.004297,-47.23,t,https://portal.wildtrax.ca/home/aru-tasks/recording.html?taskId=331345,https://wildtrax-aru.s3.us-west-2.amazonaws.com/681c0c8e-4e40-4315-9c30-308072f47fe4/feb798684c354017b22c1d2c0132889b.jpg,https://wildtrax-aru.s3.us-west-2.amazonaws.com/681c0c8e-4e40-4315-9c30-308072f47fe4/feb798684c354017b22c1d2c0132889b.mp3
PC,Waterton Lakes National Park Aquatic Conservation and Restoration ARU Pilot Program 2021,862,WLNP-AQP-7,238277,2021-07-10 06:13:00,354480,1SPT,331345,Transcribed,WIWA,Wilson's Warbler,CARDELLINA PUSILLA,Aves,7.40,180.00,2.26,2.80kHz,8.59kHz,2736760,2,Song,1,2,t,1,Marcus Sommers,1224,15,-33.61,-34.34,2,0.019603,-0.004419,0.025948,-31.72,-59.9,-70.55,2,0,-0.003753,0.003716,-48.51,-32.94,-33.68,2,0.021229,-0.004831,0.028241,-30.98,-60.46,-70.46,2,0,-0.003861,0.003918,-48.14,t,https://portal.wildtrax.ca/home/aru-tasks/recording.html?taskId=331345,https://wildtrax-aru.s3.us-west-2.amazonaws.com/681c0c8e-4e40-4315-9c30-308072f47fe4/b1a9fa7ec26c409db4b23e98d4864a0f.jpg,https://wildtrax-aru.s3.us-west-2.amazonaws.com/681c0c8e-4e40-4315-9c30-308072f47fe4/b1a9fa7ec26c409db4b23e98d4864a0f.mp3
PC,Waterton Lakes National Park Aquatic Conservation and Restoration ARU Pilot Program 2021,862,WLNP-AQP-7,238277,2021-07-10 06:13:00,354480,1SPT,331345,Transcribed,SWTH,Swainson's Thrush,CATHARUS USTULATUS,Aves,7.56,180.00,2.04,0.61kHz,5.46kHz,2736761,1,Song,1,2,t,1,Marcus Sommers,1224,15,-33.59,-34.17,2,0.019628,-0.005543,0.025854,-31.75,-57.34,-65.55,2,0,-0.004661,0.004424,-46.63,-32.98,-33.5,2,0.02122,-0.005487,0.028162,-31.01,-57.33,-64.99,2,0,-0.004466,0.004286,-47,t,https://portal.wildtrax.ca/home/aru-tasks/recording.html?taskId=331345,https://wildtrax-aru.s3.us-west-2.amazonaws.com/681c0c8e-4e40-4315-9c30-308072f47fe4/17f76232f1e54d209b5bfb99d05eb741.jpg,https://wildtrax-aru.s3.us-west-2.amazonaws.com/681c0c8e-4e40-4315-9c30-308072f47fe4/17f76232f1e54d209b5bfb99d05eb741.mp3
PC,Waterton Lakes National Park Aquatic Conservation and Restoration ARU Pilot Program 2021,862,WLNP-AQP-7,238277,2021-07-10 06:13:00,354480,1SPT,331345,Transcribed,OCWA,Orange-crowned Warbler,LEIOTHLYPIS CELATA,Aves,17.60,180.00,1.50,3.04kHz,6.63kHz,2736762,1,Song,1,,f,2,Marcus Sommers,1224,,-33.69,-34.13,2,0.019584,-0.004172,0.025475,-31.88,-69.14,-73.12,2,0,-0.001161,0.001192,-58.47,-33.05,-33.49,2,0.021071,-0.004497,0.027899,-31.09,-67.52,-72.59,2,0,-0.001809,0.001596,-54.85,t,https://portal.wildtrax.ca/home/aru-tasks/recording.html?taskId=331345,https://wildtrax-aru.s3.us-west-2.amazonaws.com/681c0c8e-4e40-4315-9c30-308072f47fe4/0e1363859894442e9d07f5bba07c8cee.jpg,https://wildtrax-aru.s3.us-west-2.amazonaws.com/681c0c8e-4e40-4315-9c30-308072f47fe4/0e1363859894442e9d07f5bba07c8cee.mp3
PC,Waterton Lakes National Park Aquatic Conservation and Restoration ARU Pilot Program 2021,862,WLNP-AQP-7,238277,2021-07-10 06:13:00,354480,1SPT,331345,Transcribed,FOSP,Fox Sparrow,PASSERELLA ILIACA,Aves,98.61,180.00,2.41,1.31kHz,7.42kHz,2736764,1,Song,1,,f,2,Alex MacPhail,15,,-33.34,-34.55,2,0.019547,-0.004459,0.032163,-29.85,-50.29,-68.44,2,0,-0.00892,0.009099,-40.82,-32.82,-33.61,2,0.02101,-0.004933,0.036263,-28.81,-47.28,-67.85,2,0,-0.014409,0.014659,-36.68,t,https://portal.wildtrax.ca/home/aru-tasks/recording.html?taskId=331345,https://wildtrax-aru.s3.us-west-2.amazonaws.com/681c0c8e-4e40-4315-9c30-308072f47fe4/c645334b46484f9090405ddd0c9f765c.jpg,https://wildtrax-aru.s3.us-west-2.amazonaws.com/681c0c8e-4e40-4315-9c30-308072f47fe4/c645334b46484f9090405ddd0c9f765c.mp3
PC,Waterton Lakes National Park Aquatic Conservation and Restoration ARU Pilot Program 2021,862,WLNP-AQP-7,238277,2021-07-10 06:13:00,354480,1SPT,331345,Transcribed,SWTH,Swainson's Thrush,CATHARUS USTULATUS,Aves,102.04,180.00,3.99,1.17kHz,3.78kHz,2736765,2,Call,1,,f,2,Marcus Sommers,1224,,-33.22,-34.84,2,0.019722,-0.00408,0.026218,-31.63,-59.32,-70.57,2,0,-0.003423,0.003541,-49.02,-32.66,-33.83,2,0.021329,-0.004528,0.028193,-31,-57.8,-69.5,2,0,-0.004947,0.004647,-46.11,t,https://portal.wildtrax.ca/home/aru-tasks/recording.html?taskId=331345,https://wildtrax-aru.s3.us-west-2.amazonaws.com/681c0c8e-4e40-4315-9c30-308072f47fe4/41fc45b042ab42b0bb64675edb16f5ef.jpg,https://wildtrax-aru.s3.us-west-2.amazonaws.com/681c0c8e-4e40-4315-9c30-308072f47fe4/41fc45b042ab42b0bb64675edb16f5ef.mp3
PC,Waterton Lakes National Park Aquatic Conservation and Restoration ARU Pilot Program 2021,862,WLNP-AQP-7,238277,2021-07-10 06:13:00,354480,1SPT,331345,Transcribed,FOSP,Fox Sparrow,PASSERELLA ILIACA,Aves,105.00,180.00,3.78,1.35kHz,7.75kHz,2736763,2,Song,1,,f,2,Alex MacPhail,15,,-33.33,-35.18,2,0.019735,-0.004213,0.033602,-29.47,-49.06,-68.55,2,0,-0.012311,0.012032,-38.19,-32.83,-33.62,2,0.021362,-0.004761,0.03545,-29.01,-46.83,-67.78,2,0,-0.010882,0.011316,-38.93,t,https://portal.wildtrax.ca/home/aru-tasks/recording.html?taskId=331345,https://wildtrax-aru.s3.us-west-2.amazonaws.com/681c0c8e-4e40-4315-9c30-308072f47fe4/fffcf8a3c41848e3b1363f87c67d30bb.jpg,https://wildtrax-aru.s3.us-west-2.amazonaws.com/681c0c8e-4e40-4315-9c30-308072f47fe4/fffcf8a3c41848e3b1363f87c67d30bb.mp3
PC,Waterton Lakes National Park Aquatic Conservation and Restoration ARU Pilot Program 2021,862,WLNP-AQP-7,238277,2021-07-10 06:13:00,354480,1SPT,331345,Transcribed,WCSP,White-crowned Sparrow,ZONOTRICHIA LEUCOPHRYS,Aves,161.18,180.00,2.78,1.54kHz,7.19kHz,2736766,1,Song,1,2,t,2,Alex MacPhail,15,15,-33.61,-34.22,2,0.019786,-0.004075,0.026871,-31.41,-59.98,-68.54,2,0,-0.003839,0.003468,-48.32,-33,-33.56,2,0.021334,-0.004521,0.028819,-30.81,-58.27,-67.48,2,0,-0.005472,0.005571,-45.08,t,https://portal.wildtrax.ca/home/aru-tasks/recording.html?taskId=331345,https://wildtrax-aru.s3.us-west-2.amazonaws.com/681c0c8e-4e40-4315-9c30-308072f47fe4/92c441f468e142c2bc6c62cea9a43542.jpg,https://wildtrax-aru.s3.us-west-2.amazonaws.com/681c0c8e-4e40-4315-9c30-308072f47fe4/92c441f468e142c2bc6c62cea9a43542.mp3
PC,Waterton Lakes National Park Aquatic Conservation and Restoration ARU Pilot Program 2021,862,WLNP-AQP-7,238277,2021-07-10 06:13:00,354480,1SPT,331345,Transcribed,GCKI,Golden-crowned Kinglet,REGULUS SATRAPA,Aves,178.10,180.00,1.89,5.09kHz,8.92kHz,2736767,1,Song,1,,f,2,Marcus Sommers,1224,,-33.67,-34.19,2,0.019618,-0.005079,0.026294,-31.6,-59.81,-72.77,2,0,-0.003579,0.003696,-48.65,-33.06,-33.5,2,0.021188,-0.005421,0.02823,-30.99,-54.3,-72.04,2,0,-0.00539,0.005225,-45.37,t,https://portal.wildtrax.ca/home/aru-tasks/recording.html?taskId=331345,https://wildtrax-aru.s3.us-west-2.amazonaws.com/681c0c8e-4e40-4315-9c30-308072f47fe4/dd9b8f9245e14ae18b8b71089a583a78.jpg,https://wildtrax-aru.s3.us-west-2.amazonaws.com/681c0c8e-4e40-4315-9c30-308072f47fe4/dd9b8f9245e14ae18b8b71089a583a78.mp3
PC,Waterton Lakes National Park Aquatic Conservation and Restoration ARU Pilot Program 2021,862,WLNP-AQP-7,238277,2021-07-10 08:13:00,354551,1SPT,331416,Transcribed,CHSP,Chipping Sparrow,SPIZELLA PASSERINA,Aves,0.14,180.00,2.93,3.50kHz,7.42kHz,2736740,1,Song,1,,f,2,Marcus Sommers,1224,,-33.52,-34.39,2,0.019707,-0.004516,0.026221,-31.63,-69.25,-72.39,2,0,-0.001406,0.00133,-57.04,-32.56,-33.9,2,0.021154,-0.004399,0.029188,-30.7,-68.23,-71.9,2,0,-0.001858,0.001763,-54.62,t,https://portal.wildtrax.ca/home/aru-tasks/recording.html?taskId=331416,https://wildtrax-aru.s3.us-west-2.amazonaws.com/19475a6c-8467-48ac-9d31-8f338f4774cb/98d27ed922034e15b81464f59148eb7f.jpg,https://wildtrax-aru.s3.us-west-2.amazonaws.com/19475a6c-8467-48ac-9d31-8f338f4774cb/98d27ed922034e15b81464f59148eb7f.mp3
PC,Waterton Lakes National Park Aquatic Conservation and Restoration ARU Pilot Program 2021,862,WLNP-AQP-7,238277,2021-07-10 08:13:00,354551,1SPT,331416,Transcribed,SWTH,Swainson's Thrush,CATHARUS USTULATUS,Aves,0.30,180.00,2.24,1.35kHz,3.46kHz,2736742,1,Call,1,,f,2,Marcus Sommers,1224,,-33.56,-34.45,2,0.019558,-0.004435,0.0262,-31.63,-62.54,-70.59,2,0,-0.002876,0.002691,-50.82,-32.61,-33.93,2,0.021045,-0.004967,0.029057,-30.74,-60.37,-69.63,2,0,-0.004294,0.003968,-47.34,t,https://portal.wildtrax.ca/home/aru-tasks/recording.html?taskId=331416,https://wildtrax-aru.s3.us-west-2.amazonaws.com/19475a6c-8467-48ac-9d31-8f338f4774cb/2f23d9386f7b4364858f4f4df40ed90f.jpg,https://wildtrax-aru.s3.us-west-2.amazonaws.com/19475a6c-8467-48ac-9d31-8f338f4774cb/2f23d9386f7b4364858f4f4df40ed90f.mp3
PC,Waterton Lakes National Park Aquatic Conservation and Restoration ARU Pilot Program 2021,862,WLNP-AQP-7,238277,2021-07-10 08:13:00,354551,1SPT,331416,Transcribed,YRWA,Yellow-rumped Warbler,SETOPHAGA CORONATA,Aves,3.28,180.00,1.95,2.33kHz,6.40kHz,2736739,1,Song,1,2,t,1,Marcus Sommers,1224,15,-32.42,-35.55,2,0.019424,-0.004143,0.030254,-30.38,-63.2,-71.13,2,0,-0.002697,0.002409,-51.38,-32.95,-33.62,2,0.021039,-0.004582,0.028161,-31.01,-63.12,-70.5,2,0,-0.002592,0.002667,-51.48,t,https://portal.wildtrax.ca/home/aru-tasks/recording.html?taskId=331416,https://wildtrax-aru.s3.us-west-2.amazonaws.com/19475a6c-8467-48ac-9d31-8f338f4774cb/3b4fed96d51b492d978ad9ba5b323575.jpg,https://wildtrax-aru.s3.us-west-2.amazonaws.com/19475a6c-8467-48ac-9d31-8f338f4774cb/3b4fed96d51b492d978ad9ba5b323575.mp3
PC,Waterton Lakes National Park Aquatic Conservation and Restoration ARU Pilot Program 2021,862,WLNP-AQP-7,238277,2021-07-10 08:13:00,354551,1SPT,331416,Transcribed,AMRE,American Redstart,SETOPHAGA RUTICILLA,Aves,5.19,180.00,1.65,2.47kHz,6.02kHz,2736741,1,Song,1,,f,2,Marcus Sommers,1224,,-33.32,-34.42,2,0.019585,-0.005897,0.029449,-30.62,-62.66,-71.63,2,0,-0.004043,0.00407,-47.81,-32.96,-33.64,2,0.020997,-0.005337,0.029921,-30.48,-60.6,-70.53,2,0,-0.004292,0.004602,-46.74,t,https://portal.wildtrax.ca/home/aru-tasks/recording.html?taskId=331416,https://wildtrax-aru.s3.us-west-2.amazonaws.com/19475a6c-8467-48ac-9d31-8f338f4774cb/77c8d07ece494be7a13673ccfe563393.jpg,https://wildtrax-aru.s3.us-west-2.amazonaws.com/19475a6c-8467-48ac-9d31-8f338f4774cb/77c8d07ece494be7a13673ccfe563393.mp3
PC,Waterton Lakes National Park Aquatic Conservation and Restoration ARU Pilot Program 2021,862,WLNP-AQP-7,238277,2021-07-10 08:13:00,354551,1SPT,331416,Transcribed,SWTH,Swainson's Thrush,CATHARUS USTULATUS,Aves,14.36,180.00,1.81,0.79kHz,4.48kHz,2736743,2,Song,1,2,t,1,Marcus Sommers,1224,15,-31.56,-35.1,2,0.019816,-0.011871,0.047323,-26.5,-56.39,-65.21,2,0,-0.004469,0.004695,-46.57,-30.98,-35.52,2,0.021036,-0.004189,0.041076,-27.73,-58.46,-65.12,2,0,-0.003977,0.003915,-48.01,t,https://portal.wildtrax.ca/home/aru-tasks/recording.html?taskId=331416,https://wildtrax-aru.s3.us-west-2.amazonaws.com/19475a6c-8467-48ac-9d31-8f338f4774cb/7f3568b971d54cd598e1b492ee8484a2.jpg,https://wildtrax-aru.s3.us-west-2.amazonaws.com/19475a6c-8467-48ac-9d31-8f338f4774cb/7f3568b971d54cd598e1b492ee8484a2.mp3
PC,Waterton Lakes National Park Aquatic Conservation and Restoration ARU Pilot Program 2021,862,WLNP-AQP-7,238277,2021-07-10 08:13:00,354551,1SPT,331416,Transcribed,PISI,Pine Siskin,SPINUS PINUS,Aves,31.13,180.00,5.30,2.61kHz,8.40kHz,2736744,1,Call,1,,f,2,Marcus Sommers,1224,,-29.53,-35.9,2,0.019867,-0.013647,0.053369,-25.45,-57.65,-70.48,2,0,-0.004,0.003913,-47.96,-32.69,-33.85,2,0.02146,-0.005391,0.029737,-30.53,-53.27,-70.17,2,0,-0.006199,0.006227,-44.11,t,https://portal.wildtrax.ca/home/aru-tasks/recording.html?taskId=331416,https://wildtrax-aru.s3.us-west-2.amazonaws.com/19475a6c-8467-48ac-9d31-8f338f4774cb/e213c1f80cae4a069d250c202a76cd84.jpg,https://wildtrax-aru.s3.us-west-2.amazonaws.com/19475a6c-8467-48ac-9d31-8f338f4774cb/e213c1f80cae4a069d250c202a76cd84.mp3
PC,Waterton Lakes National Park Aquatic Conservation and Restoration ARU Pilot Program 2021,862,WLNP-AQP-7,238277,2021-07-10 08:13:00,354551,1SPT,331416,Transcribed,WETA,Western Tanager,PIRANGA LUDOVICIANA,Aves,41.59,180.00,2.88,1.63kHz,4.48kHz,2736745,1,Song,1,,f,1,Marcus Sommers,1224,,-33.5,-34.23,2,0.01969,-0.004616,0.026787,-31.44,-63.18,-70.14,2,0,-0.002235,0.002099,-53.01,-32.85,-33.61,2,0.021195,-0.005145,0.028358,-30.95,-62.38,-69.12,2,0,-0.003091,0.003075,-50.2,t,https://portal.wildtrax.ca/home/aru-tasks/recording.html?taskId=331416,https://wildtrax-aru.s3.us-west-2.amazonaws.com/19475a6c-8467-48ac-9d31-8f338f4774cb/ebb973ffa10b4d8cbf69a057a5bd5ed5.jpg,https://wildtrax-aru.s3.us-west-2.amazonaws.com/19475a6c-8467-48ac-9d31-8f338f4774cb/ebb973ffa10b4d8cbf69a057a5bd5ed5.mp3
PC,Waterton Lakes National Park Aquatic Conservation and Restoration ARU Pilot Program 2021,862,WLNP-AQP-7,238277,2021-07-10 08:13:00,354551,1SPT,331416,Transcribed,WCSP,White-crowned Sparrow,ZONOTRICHIA LEUCOPHRYS,Aves,59.96,180.00,3.16,1.54kHz,6.16kHz,2736746,1,Song,1,,f,1,Marcus Sommers,1224,,-33.42,-34.5,2,0.019685,-0.005081,0.027785,-31.12,-58.49,-68.52,2,0,-0.00375,0.003671,-48.52,-32.79,-33.77,2,0.021279,-0.005428,0.029802,-30.52,-57.6,-67.36,2,0,-0.005724,0.005282,-44.85,t,https://portal.wildtrax.ca/home/aru-tasks/recording.html?taskId=331416,https://wildtrax-aru.s3.us-west-2.amazonaws.com/19475a6c-8467-48ac-9d31-8f338f4774cb/7988d7e2131d4f1693ae950feb8f8773.jpg,https://wildtrax-aru.s3.us-west-2.amazonaws.com/19475a6c-8467-48ac-9d31-8f338f4774cb/7988d7e2131d4f1693ae950feb8f8773.mp3
PC,Waterton Lakes National Park Aquatic Conservation and Restoration ARU Pilot Program 2021,862,WLNP-AQP-7,238277,2021-07-10 08:13:00,354551,1SPT,331416,Transcribed,WCSP,White-crowned Sparrow,ZONOTRICHIA LEUCOPHRYS,Aves,74.85,180.00,2.38,1.35kHz,7.10kHz,2736748,2,Song,1,,f,1,Marcus Sommers,1224,,-33.58,-34.3,2,0.019582,-0.00461,0.028372,-30.94,-56.83,-67.59,2,0,-0.005329,0.005138,-45.47,-32.9,-33.64,2,0.021084,-0.004752,0.028671,-30.85,-56.52,-66.95,2,0,-0.004528,0.005104,-45.84,t,https://portal.wildtrax.ca/home/aru-tasks/recording.html?taskId=331416,https://wildtrax-aru.s3.us-west-2.amazonaws.com/19475a6c-8467-48ac-9d31-8f338f4774cb/346adbb259a84a0b81896e560c4cf7fd.jpg,https://wildtrax-aru.s3.us-west-2.amazonaws.com/19475a6c-8467-48ac-9d31-8f338f4774cb/346adbb259a84a0b81896e560c4cf7fd.mp3
PC,Waterton Lakes National Park Aquatic Conservation and Restoration ARU Pilot Program 2021,862,WLNP-AQP-7,238277,2021-07-11 05:14:00,354544,1SPT,331409,Transcribed,CHSP,Chipping Sparrow,SPIZELLA PASSERINA,Aves,0.14,180.00,2.41,3.78kHz,8.50kHz,2693386,1,Song,1,,f,2,Joel Kwek,822,,-33.6,-34.19,2,0.019669,-0.00487,0.025471,-31.88,-64.78,-71.74,2,0,-0.002291,0.002105,-52.8,-33.07,-33.54,2,0.021112,-0.005533,0.027463,-31.22,-63.37,-70.63,2,0,-0.002687,0.002434,-51.41,t,https://portal.wildtrax.ca/home/aru-tasks/recording.html?taskId=331409,https://wildtrax-aru.s3.us-west-2.amazonaws.com/2e6fc0f9-7cba-4c8d-8396-b85184cc5f3f/391700e132974e0d9f89e72d3f893d98.jpg,https://wildtrax-aru.s3.us-west-2.amazonaws.com/2e6fc0f9-7cba-4c8d-8396-b85184cc5f3f/391700e132974e0d9f89e72d3f893d98.mp3
PC,Waterton Lakes National Park Aquatic Conservation and Restoration ARU Pilot Program 2021,862,WLNP-AQP-7,238277,2021-07-11 05:14:00,354544,1SPT,331409,Transcribed,HETH,Hermit Thrush,CATHARUS GUTTATUS,Aves,1.38,180.00,1.61,2.43kHz,4.02kHz,2693387,1,Song,1,,f,2,Joel Kwek,822,,-33.68,-34.12,2,0.019535,-0.004329,0.025927,-31.72,-62.01,-72.96,2,0,-0.003027,0.003041,-50.34,-33.02,-33.57,2,0.020947,-0.004663,0.027254,-31.29,-58.07,-72.87,2,0,-0.002801,0.002858,-50.88,t,https://portal.wildtrax.ca/home/aru-tasks/recording.html?taskId=331409,https://wildtrax-aru.s3.us-west-2.amazonaws.com/2e6fc0f9-7cba-4c8d-8396-b85184cc5f3f/b857f4df3ee5469d8aa002ac6f51765b.jpg,https://wildtrax-aru.s3.us-west-2.amazonaws.com/2e6fc0f9-7cba-4c8d-8396-b85184cc5f3f/b857f4df3ee5469d8aa002ac6f51765b.mp3
PC,Waterton Lakes National Park Aquatic Conservation and Restoration ARU Pilot Program 2021,862,WLNP-AQP-7,238277,2021-07-11 05:14:00,354544,1SPT,331409,Transcribed,WCSP,White-crowned Sparrow,ZONOTRICHIA LEUCOPHRYS,Aves,2.99,180.00,2.81,1.17kHz,6.54kHz,2693388,1,Song,1,,f,2,Joel Kwek,822,,-33.71,-34.18,2,0.019624,-0.004683,0.03125,-30.1,-51.16,-68.63,2,0,-0.009709,0.009272,-40.26,-33.02,-33.59,2,0.021169,-0.004879,0.030969,-30.18,-49.87,-67.52,2,0,-0.009367,0.009824,-40.15,t,https://portal.wildtrax.ca/home/aru-tasks/recording.html?taskId=331409,https://wildtrax-aru.s3.us-west-2.amazonaws.com/2e6fc0f9-7cba-4c8d-8396-b85184cc5f3f/705e467fcfad419997437a3b37eebf50.jpg,https://wildtrax-aru.s3.us-west-2.amazonaws.com/2e6fc0f9-7cba-4c8d-8396-b85184cc5f3f/705e467fcfad419997437a3b37eebf50.mp3
PC,Waterton Lakes National Park Aquatic Conservation and Restoration ARU Pilot Program 2021,862,WLNP-AQP-7,238277,2021-07-11 05:14:00,354544,1SPT,331409,Transcribed,SWTH,Swainson's Thrush,CATHARUS USTULATUS,Aves,5.08,180.00,2.09,0.70kHz,8.82kHz,2693389,1,Song,1,4,t,1,Joel Kwek,822,15,-33.47,-34.23,2,0.019498,-0.004378,0.032127,-29.86,-48.76,-66.74,2,0,-0.010994,0.010913,-39.18,-32.84,-33.62,2,0.021026,-0.004853,0.031931,-29.92,-49.52,-65.29,2,0,-0.009346,0.010073,-39.94,t,https://portal.wildtrax.ca/home/aru-tasks/recording.html?taskId=331409,https://wildtrax-aru.s3.us-west-2.amazonaws.com/2e6fc0f9-7cba-4c8d-8396-b85184cc5f3f/a6a91a451a9647f490b3d8982f40aa6c.jpg,https://wildtrax-aru.s3.us-west-2.amazonaws.com/2e6fc0f9-7cba-4c8d-8396-b85184cc5f3f/a6a91a451a9647f490b3d8982f40aa6c.mp3
PC,Waterton Lakes National Park Aquatic Conservation and Restoration ARU Pilot Program 2021,862,WLNP-AQP-7,238277,2021-07-11 05:14:00,354544,1SPT,331409,Transcribed,SWTH,Swainson's Thrush,CATHARUS USTULATUS,Aves,9.74,180.00,1.25,0.33kHz,6.44kHz,2693390,2,Song,1,2,t,1,Joel Kwek,822,15,-33.69,-34.37,2,0.019215,-0.004795,0.025354,-31.92,-59.53,-62.62,2,-0.000472,-0.003693,0.002245,-48.65,-32.95,-33.69,2,0.020752,-0.004916,0.027357,-31.26,-60.09,-61.66,2,-0.000508,-0.003146,0.002416,-50.05,t,https://portal.wildtrax.ca/home/aru-tasks/recording.html?taskId=331409,https://wildtrax-aru.s3.us-west-2.amazonaws.com/2e6fc0f9-7cba-4c8d-8396-b85184cc5f3f/dc43e67121b54cee95839a62fed91429.jpg,https://wildtrax-aru.s3.us-west-2.amazonaws.com/2e6fc0f9-7cba-4c8d-8396-b85184cc5f3f/dc43e67121b54cee95839a62fed91429.mp3
PC,Waterton Lakes National Park Aquatic Conservation and Restoration ARU Pilot Program 2021,862,WLNP-AQP-7,238277,2021-07-14 08:17:00,354493,1SPT,331358,Transcribed,HETH,Hermit Thrush,CATHARUS GUTTATUS,Aves,0.53,180.00,1.48,3.18kHz,6.82kHz,2706319,1,Song,1,4,t,2,Jon Van Arragon,1247,15,-33.46,-34.25,2,0.019205,-0.00419,0.026798,-31.44,-54.31,-67.64,2,0,-0.005543,0.005414,-45.12,-32.81,-33.79,2,0.020625,-0.004668,0.030388,-30.35,-50.33,-66.82,2,0,-0.007157,0.007093,-42.91,t,https://portal.wildtrax.ca/home/aru-tasks/recording.html?taskId=331358,https://wildtrax-aru.s3.us-west-2.amazonaws.com/1114888f-3548-412d-9bd1-0f70ea4510ba/7a92b19d7c0140949cf08fbc4c11ac71.jpg,https://wildtrax-aru.s3.us-west-2.amazonaws.com/1114888f-3548-412d-9bd1-0f70ea4510ba/7a92b19d7c0140949cf08fbc4c11ac71.mp3
PC,Waterton Lakes National Park Aquatic Conservation and Restoration ARU Pilot Program 2021,862,WLNP-AQP-7,238277,2021-07-14 08:17:00,354493,1SPT,331358,Transcribed,YRWA,Yellow-rumped Warbler,SETOPHAGA CORONATA,Aves,1.40,180.00,1.59,3.36kHz,6.02kHz,2706320,1,Song,1,,f,1,Jon Van Arragon,1247,,-33.49,-34.4,2,0.01939,-0.005465,0.025427,-31.89,-60.02,-73.07,2,0,-0.003199,0.003103,-49.9,-32.98,-33.63,2,0.020797,-0.005447,0.027114,-31.34,-59.89,-71.85,2,0,-0.003741,0.003766,-48.48,t,https://portal.wildtrax.ca/home/aru-tasks/recording.html?taskId=331358,https://wildtrax-aru.s3.us-west-2.amazonaws.com/1114888f-3548-412d-9bd1-0f70ea4510ba/f1fbe0e2538b416a8e9a6be64726098c.jpg,https://wildtrax-aru.s3.us-west-2.amazonaws.com/1114888f-3548-412d-9bd1-0f70ea4510ba/f1fbe0e2538b416a8e9a6be64726098c.mp3
PC,Waterton Lakes National Park Aquatic Conservation and Restoration ARU Pilot Program 2021,862,WLNP-AQP-7,238277,2021-07-14 08:17:00,354493,1SPT,331358,Transcribed,HETH,Hermit Thrush,CATHARUS GUTTATUS,Aves,13.11,180.00,1.45,2.01kHz,4.90kHz,2706321,2,Song,1,,f,1,Jon Van Arragon,1247,,-33.47,-34.32,2,0.019385,-0.00504,0.025343,-31.92,-69.17,-72.66,2,0,-0.001165,0.001126,-58.67,-32.71,-34.13,2,0.021037,-0.005206,0.027622,-31.17,-68.48,-71.14,2,0,-0.001478,0.001338,-56.6,t,https://portal.wildtrax.ca/home/aru-tasks/recording.html?taskId=331358,https://wildtrax-aru.s3.us-west-2.amazonaws.com/1114888f-3548-412d-9bd1-0f70ea4510ba/55e5bce184914779904419b212a8be92.jpg,https://wildtrax-aru.s3.us-west-2.amazonaws.com/1114888f-3548-412d-9bd1-0f70ea4510ba/55e5bce184914779904419b212a8be92.mp3
PC,Waterton Lakes National Park Aquatic Conservation and Restoration ARU Pilot Program 2021,862,WLNP-AQP-7,238277,2021-07-14 08:17:00,354493,1SPT,331358,Transcribed,CHSP,Chipping Sparrow,SPIZELLA PASSERINA,Aves,13.61,180.00,2.40,4.02kHz,7.98kHz,2706322,1,Song,1,,f,2,Jon Van Arragon,1247,,-33.36,-34.3,2,0.019483,-0.005044,0.040814,-27.78,-63.55,-72.19,2,0,-0.002533,0.002527,-51.93,-32.71,-34.09,2,0.021035,-0.005415,0.037152,-28.6,-61.3,-72.27,2,0,-0.00329,0.003526,-49.06,t,https://portal.wildtrax.ca/home/aru-tasks/recording.html?taskId=331358,https://wildtrax-aru.s3.us-west-2.amazonaws.com/1114888f-3548-412d-9bd1-0f70ea4510ba/503f25d3a880417e81b235798b970508.jpg,https://wildtrax-aru.s3.us-west-2.amazonaws.com/1114888f-3548-412d-9bd1-0f70ea4510ba/503f25d3a880417e81b235798b970508.mp3
PC,Waterton Lakes National Park Aquatic Conservation and Restoration ARU Pilot Program 2021,862,WLNP-AQP-7,238277,2021-07-14 08:17:00,354493,1SPT,331358,Transcribed,FOSP,Fox Sparrow,PASSERELLA ILIACA,Aves,83.55,180.00,1.20,2.01kHz,4.25kHz,2706323,1,Song,1,,f,2,Jon Van Arragon,1247,,-33.76,-34.36,2,0.018953,-0.004366,0.025984,-31.71,-68.71,-73.69,2,0,-0.001416,0.001337,-56.98,-33.05,-33.62,2,0.020558,-0.004434,0.027479,-31.22,-66.15,-72.98,2,0,-0.001542,0.001564,-56.12,t,https://portal.wildtrax.ca/home/aru-tasks/recording.html?taskId=331358,https://wildtrax-aru.s3.us-west-2.amazonaws.com/1114888f-3548-412d-9bd1-0f70ea4510ba/e5aa56c64d5844eb985f10ad9c81c9e5.jpg,https://wildtrax-aru.s3.us-west-2.amazonaws.com/1114888f-3548-412d-9bd1-0f70ea4510ba/e5aa56c64d5844eb985f10ad9c81c9e5.mp3
PC,Waterton Lakes National Park Aquatic Conservation and Restoration ARU Pilot Program 2021,862,WLNP-AQP-7,238277,2021-07-21 07:25:00,354529,1SPT,331394,Transcribed,HETH,Hermit Thrush,CATHARUS GUTTATUS,Aves,0.25,180.00,2.09,2.10kHz,6.82kHz,2689222,1,Song,1,2,t,1,Marcus Sommers,1224,15,-33.45,-34.43,2,0.019504,-0.006843,0.030491,-30.32,-54.34,-70.93,2,0,-0.00784,0.007535,-42.11,-32.77,-33.69,2,0.021139,-0.007448,0.035873,-28.9,-56.45,-70.67,2,0,-0.011122,0.011114,-39.08,t,https://portal.wildtrax.ca/home/aru-tasks/recording.html?taskId=331394,https://wildtrax-aru.s3.us-west-2.amazonaws.com/4bf55ebc-e2f6-45b3-a116-795aa1d4cf60/9b8a770d93e147da81abeb2474a28a33.jpg,https://wildtrax-aru.s3.us-west-2.amazonaws.com/4bf55ebc-e2f6-45b3-a116-795aa1d4cf60/9b8a770d93e147da81abeb2474a28a33.mp3
PC,Waterton Lakes National Park Aquatic Conservation and Restoration ARU Pilot Program 2021,862,WLNP-AQP-7,238277,2021-07-21 07:25:00,354529,1SPT,331394,Transcribed,CEDW,Cedar Waxwing,BOMBYCILLA CEDRORUM,Aves,1.18,180.00,5.74,6.35kHz,9.85kHz,2689229,1,Call,1,,f,2,Marcus Sommers,1224,,-30.65,-37.49,2,0.01985,-0.004437,0.040072,-27.94,-67.98,-75.39,2,0,-0.00153,0.001476,-56.31,-32.69,-33.84,2,0.021527,-0.005072,0.030024,-30.45,-61.15,-75.6,2,0,-0.002953,0.002921,-50.6,t,https://portal.wildtrax.ca/home/aru-tasks/recording.html?taskId=331394,https://wildtrax-aru.s3.us-west-2.amazonaws.com/4bf55ebc-e2f6-45b3-a116-795aa1d4cf60/38da3f7c36f145a585e57246ae118b22.jpg,https://wildtrax-aru.s3.us-west-2.amazonaws.com/4bf55ebc-e2f6-45b3-a116-795aa1d4cf60/38da3f7c36f145a585e57246ae118b22.mp3
PC,Waterton Lakes National Park Aquatic Conservation and Restoration ARU Pilot Program 2021,862,WLNP-AQP-7,238277,2021-07-21 07:25:00,354529,1SPT,331394,Transcribed,CORA,Common Raven,CORVUS CORAX,Aves,2.66,180.00,1.55,0.14kHz,2.71kHz,2689225,1,Call,1,,f,1,Marcus Sommers,1224,,-33.04,-35.19,2,0.01952,-0.005147,0.027121,-31.33,-42.16,-44.31,2,-0.006685,-0.01022,0.002175,-39.81,-32.82,-33.61,2,0.021122,-0.005491,0.027378,-31.25,-41.93,-42.75,2,-0.007237,-0.011121,0.002405,-39.08,t,https://portal.wildtrax.ca/home/aru-tasks/recording.html?taskId=331394,https://wildtrax-aru.s3.us-west-2.amazonaws.com/4bf55ebc-e2f6-45b3-a116-795aa1d4cf60/7f8853e0d3174bacbce80f87602ca620.jpg,https://wildtrax-aru.s3.us-west-2.amazonaws.com/4bf55ebc-e2f6-45b3-a116-795aa1d4cf60/7f8853e0d3174bacbce80f87602ca620.mp3
PC,Waterton Lakes National Park Aquatic Conservation and Restoration ARU Pilot Program 2021,862,WLNP-AQP-7,238277,2021-07-21 07:25:00,354529,1SPT,331394,Transcribed,WCSP,White-crowned Sparrow,ZONOTRICHIA LEUCOPHRYS,Aves,3.50,180.00,2.48,1.54kHz,5.93kHz,2689223,1,Song,1,2,t,2,Marcus Sommers,1224,15,-30.62,-37.52,2,0.019509,-0.004517,0.040549,-27.84,-59.16,-71.36,2,0,-0.003535,0.003819,-48.36,-32.68,-33.84,2,0.021333,-0.005308,0.02861,-30.87,-57.26,-70.83,2,0,-0.00555,0.005405,-45.11,t,https://portal.wildtrax.ca/home/aru-tasks/recording.html?taskId=331394,https://wildtrax-aru.s3.us-west-2.amazonaws.com/4bf55ebc-e2f6-45b3-a116-795aa1d4cf60/69dcec11af904a729f3e1d042026b559.jpg,https://wildtrax-aru.s3.us-west-2.amazonaws.com/4bf55ebc-e2f6-45b3-a116-795aa1d4cf60/69dcec11af904a729f3e1d042026b559.mp3
PC,Waterton Lakes National Park Aquatic Conservation and Restoration ARU Pilot Program 2021,862,WLNP-AQP-7,238277,2021-07-21 07:25:00,354529,1SPT,331394,Transcribed,WCSP,White-crowned Sparrow,ZONOTRICHIA LEUCOPHRYS,Aves,8.25,180.00,2.26,1.12kHz,6.30kHz,2689224,2,Song,1,2,t,2,Marcus Sommers,1224,15,-31.28,-36.42,2,0.01945,-0.004237,0.036023,-28.87,-62.42,-69.85,2,0,-0.002083,0.002226,-53.05,-32.88,-33.7,2,0.021238,-0.004905,0.027519,-31.21,-61.63,-69.1,2,0,-0.002704,0.002435,-51.36,t,https://portal.wildtrax.ca/home/aru-tasks/recording.html?taskId=331394,https://wildtrax-aru.s3.us-west-2.amazonaws.com/4bf55ebc-e2f6-45b3-a116-795aa1d4cf60/48220c6cb49b4abe82a17b06ac64c113.jpg,https://wildtrax-aru.s3.us-west-2.amazonaws.com/4bf55ebc-e2f6-45b3-a116-795aa1d4cf60/48220c6cb49b4abe82a17b06ac64c113.mp3
PC,Waterton Lakes National Park Aquatic Conservation and Restoration ARU Pilot Program 2021,862,WLNP-AQP-7,238277,2021-07-21 07:25:00,354529,1SPT,331394,Transcribed,CEDW,Cedar Waxwing,BOMBYCILLA CEDRORUM,Aves,14.14,180.00,3.28,6.44kHz,9.53kHz,2689230,2,Call,1,,f,2,Marcus Sommers,1224,,-33.35,-34.52,2,0.019572,-0.004953,0.027064,-31.35,-69.06,-75.49,2,0,-0.001331,0.00145,-56.78,-32.8,-33.77,2,0.02117,-0.005141,0.030651,-30.27,-65.28,-75.37,2,0,-0.001659,0.001709,-55.34,t,https://portal.wildtrax.ca/home/aru-tasks/recording.html?taskId=331394,https://wildtrax-aru.s3.us-west-2.amazonaws.com/4bf55ebc-e2f6-45b3-a116-795aa1d4cf60/a5587247280b4adfbc59ca65a0fdf315.jpg,https://wildtrax-aru.s3.us-west-2.amazonaws.com/4bf55ebc-e2f6-45b3-a116-795aa1d4cf60/a5587247280b4adfbc59ca65a0fdf315.mp3
PC,Waterton Lakes National Park Aquatic Conservation and Restoration ARU Pilot Program 2021,862,WLNP-AQP-7,238277,2021-07-21 07:25:00,354529,1SPT,331394,Transcribed,YRWA,Yellow-rumped Warbler,SETOPHAGA CORONATA,Aves,24.61,180.00,2.11,2.47kHz,6.58kHz,2689231,1,Song,1,3,t,1,Marcus Sommers,1224,15,-32.25,-34.31,2,0.019431,-0.016979,0.05812,-24.71,-38.81,-72.42,2,0,-0.035684,0.03558,-28.95,-31.88,-33.7,2,0.020989,-0.009483,0.054961,-25.2,-39.98,-72.38,2,0,-0.030021,0.029939,-30.45,t,https://portal.wildtrax.ca/home/aru-tasks/recording.html?taskId=331394,https://wildtrax-aru.s3.us-west-2.amazonaws.com/4bf55ebc-e2f6-45b3-a116-795aa1d4cf60/0f6516b32ff3477e99f8ba0cb146d684.jpg,https://wildtrax-aru.s3.us-west-2.amazonaws.com/4bf55ebc-e2f6-45b3-a116-795aa1d4cf60/0f6516b32ff3477e99f8ba0cb146d684.mp3
PC,Waterton Lakes National Park Aquatic Conservation and Restoration ARU Pilot Program 2021,862,WLNP-AQP-7,238277,2021-07-21 07:25:00,354529,1SPT,331394,Transcribed,WCSP,White-crowned Sparrow,ZONOTRICHIA LEUCOPHRYS,Aves,30.23,180.00,3.01,1.45kHz,6.26kHz,2689233,3,Song,1,,f,1,Marcus Sommers,1224,,-33.55,-34.54,2,0.019506,-0.004361,0.025136,-31.99,-64.58,-70.73,2,0,-0.001812,0.001695,-54.84,-32.81,-33.79,2,0.021197,-0.004927,0.027416,-31.24,-65.77,-70.32,2,0,-0.00169,0.001848,-54.66,t,https://portal.wildtrax.ca/home/aru-tasks/recording.html?taskId=331394,https://wildtrax-aru.s3.us-west-2.amazonaws.com/4bf55ebc-e2f6-45b3-a116-795aa1d4cf60/629a312ee9b14050b8741ad3247293ff.jpg,https://wildtrax-aru.s3.us-west-2.amazonaws.com/4bf55ebc-e2f6-45b3-a116-795aa1d4cf60/629a312ee9b14050b8741ad3247293ff.mp3
PC,Waterton Lakes National Park Aquatic Conservation and Restoration ARU Pilot Program 2021,862,WLNP-AQP-7,238277,2021-07-21 07:25:00,354529,1SPT,331394,Transcribed,RBNU,Red-breasted Nuthatch,SITTA CANADENSIS,Aves,51.68,180.00,2.26,0.28kHz,5.14kHz,2689226,1,Song,1,3,t,1,Marcus Sommers,1224,15,-32.38,-35.01,2,0.01938,-0.004168,0.029495,-30.6,-52.69,-58.45,2,-0.001161,-0.007929,0.006662,-42.02,-32.63,-34.03,2,0.021014,-0.004238,0.029671,-30.55,-52.79,-57.42,2,-0.001259,-0.007856,0.00527,-42.1,t,https://portal.wildtrax.ca/home/aru-tasks/recording.html?taskId=331394,https://wildtrax-aru.s3.us-west-2.amazonaws.com/4bf55ebc-e2f6-45b3-a116-795aa1d4cf60/045571c310a6495aabf3931299357953.jpg,https://wildtrax-aru.s3.us-west-2.amazonaws.com/4bf55ebc-e2f6-45b3-a116-795aa1d4cf60/045571c310a6495aabf3931299357953.mp3
PC,Waterton Lakes National Park Aquatic Conservation and Restoration ARU Pilot Program 2021,862,WLNP-AQP-7,238277,2021-07-21 07:25:00,354529,1SPT,331394,Transcribed,PISI,Pine Siskin,SPINUS PINUS,Aves,65.68,180.00,4.45,2.29kHz,7.56kHz,2689227,1,Call,1,,f,1,Marcus Sommers,1224,,-33.44,-34.45,2,0.01968,-0.004543,0.036067,-28.86,-45.28,-71.59,2,0,-0.015118,0.015791,-36.03,-32.82,-33.77,2,0.021313,-0.005165,0.033002,-29.63,-48.85,-71.41,2,0,-0.010277,0.01103,-39.15,t,https://portal.wildtrax.ca/home/aru-tasks/recording.html?taskId=331394,https://wildtrax-aru.s3.us-west-2.amazonaws.com/4bf55ebc-e2f6-45b3-a116-795aa1d4cf60/e2d2b8e3e8a642c7b7cb7a937e0df784.jpg,https://wildtrax-aru.s3.us-west-2.amazonaws.com/4bf55ebc-e2f6-45b3-a116-795aa1d4cf60/e2d2b8e3e8a642c7b7cb7a937e0df784.mp3
PC,Waterton Lakes National Park Aquatic Conservation and Restoration ARU Pilot Program 2021,862,WLNP-AQP-7,238277,2021-07-21 07:25:00,354529,1SPT,331394,Transcribed,PISI,Pine Siskin,SPINUS PINUS,Aves,99.84,180.00,1.91,1.73kHz,7.84kHz,2689228,2,Call,1,,f,2,Marcus Sommers,1224,,-33.32,-34.65,2,0.019464,-0.004673,0.026045,-31.69,-64.05,-70.24,2,0,-0.002099,0.002279,-52.84,-32.27,-34.16,2,0.021131,-0.005042,0.029438,-30.62,-61.81,-69.48,2,0,-0.002736,0.002837,-50.94,t,https://portal.wildtrax.ca/home/aru-tasks/recording.html?taskId=331394,https://wildtrax-aru.s3.us-west-2.amazonaws.com/4bf55ebc-e2f6-45b3-a116-795aa1d4cf60/b0489766363240ca8c3b273562f394d7.jpg,https://wildtrax-aru.s3.us-west-2.amazonaws.com/4bf55ebc-e2f6-45b3-a116-795aa1d4cf60/b0489766363240ca8c3b273562f394d7.mp3
PC,Waterton Lakes National Park Aquatic Conservation and Restoration ARU Pilot Program 2021,862,WLNP-AQP-7,238277,2021-07-21 07:25:00,354529,1SPT,331394,Transcribed,HETH,Hermit Thrush,CATHARUS GUTTATUS,Aves,143.14,180.00,1.81,2.75kHz,6.63kHz,2689234,2,Song,1,2,t,1,Marcus Sommers,1224,15,-31.26,-36.56,2,0.019205,-0.004611,0.041728,-27.59,-64.41,-72.53,2,0,-0.001854,0.001852,-54.64,-31.66,-35.72,2,0.020992,-0.00589,0.034119,-29.34,-64.73,-71.99,2,0,-0.001789,0.001811,-54.84,t,https://portal.wildtrax.ca/home/aru-tasks/recording.html?taskId=331394,https://wildtrax-aru.s3.us-west-2.amazonaws.com/4bf55ebc-e2f6-45b3-a116-795aa1d4cf60/02a1a6425cb8461bba436bee3dd567ef.jpg,https://wildtrax-aru.s3.us-west-2.amazonaws.com/4bf55ebc-e2f6-45b3-a116-795aa1d4cf60/02a1a6425cb8461bba436bee3dd567ef.mp3
PC,Waterton Lakes National Park Aquatic Conservation and Restoration ARU Pilot Program 2021,862,WLNP-AQP-7,238277,2021-07-21 07:25:00,354529,1SPT,331394,Transcribed,YRWA,Yellow-rumped Warbler,SETOPHAGA CORONATA,Aves,177.00,180.00,2.41,3.32kHz,6.12kHz,2689232,2,Song,1,,f,1,Marcus Sommers,1224,,-32.93,-35.34,2,0.019521,-0.005106,0.028104,-31.02,-68.4,-75.19,2,0,-0.003578,0.003617,-48.83,-32.54,-33.95,2,0.021143,-0.005601,0.027697,-31.15,-69.85,-74.46,2,0,-0.002412,0.00238,-52.35,t,https://portal.wildtrax.ca/home/aru-tasks/recording.html?taskId=331394,https://wildtrax-aru.s3.us-west-2.amazonaws.com/4bf55ebc-e2f6-45b3-a116-795aa1d4cf60/01be154f886e4aa28c8ed2edc949ef63.jpg,https://wildtrax-aru.s3.us-west-2.amazonaws.com/4bf55ebc-e2f6-45b3-a116-795aa1d4cf60/01be154f886e4aa28c8ed2edc949ef63.mp3
PC,Waterton Lakes National Park Aquatic Conservation and Restoration ARU Pilot Program 2021,862,WLNP-AQP-7,238277,2021-07-29 05:35:00,354559,1SPT,331424,Transcribed,HETH,Hermit Thrush,CATHARUS GUTTATUS,Aves,5.63,180.00,1.88,1.31kHz,6.12kHz,2691633,1,Song,1,2,t,1,Gill Holmes,1269,15,-33.66,-34.27,2,0.019334,-0.004214,0.023836,-32.46,-64.58,-70.86,2,0,-0.001656,0.001715,-55.32,-33.04,-33.49,2,0.021047,-0.004661,0.02537,-31.91,-66.92,-70.25,2,0,-0.001434,0.001496,-56.5,t,https://portal.wildtrax.ca/home/aru-tasks/recording.html?taskId=331424,https://wildtrax-aru.s3.us-west-2.amazonaws.com/facc43cf-7d55-4f0f-a389-cec0d644ee8c/a0a780103b35450bb531226b3415f725.jpg,https://wildtrax-aru.s3.us-west-2.amazonaws.com/facc43cf-7d55-4f0f-a389-cec0d644ee8c/a0a780103b35450bb531226b3415f725.mp3
PC,Waterton Lakes National Park Aquatic Conservation and Restoration ARU Pilot Program 2021,862,WLNP-AQP-7,238277,2021-07-29 05:35:00,354559,1SPT,331424,Transcribed,HETH,Hermit Thrush,CATHARUS GUTTATUS,Aves,9.09,180.00,2.33,0.79kHz,5.32kHz,2691634,2,Song,1,2,t,1,Gill Holmes,1269,15,-33.47,-34.34,2,0.019643,-0.004398,0.024435,-32.24,-66.2,-69.82,2,0,-0.001794,0.001873,-54.55,-32.8,-33.61,2,0.021207,-0.004683,0.026293,-31.6,-66.81,-69.45,2,0,-0.001958,0.001623,-54.16,t,https://portal.wildtrax.ca/home/aru-tasks/recording.html?taskId=331424,https://wildtrax-aru.s3.us-west-2.amazonaws.com/facc43cf-7d55-4f0f-a389-cec0d644ee8c/31c9cd467ee145c3ad82c8893bba5028.jpg,https://wildtrax-aru.s3.us-west-2.amazonaws.com/facc43cf-7d55-4f0f-a389-cec0d644ee8c/31c9cd467ee145c3ad82c8893bba5028.mp3
PC,Waterton Lakes National Park Aquatic Conservation and Restoration ARU Pilot Program 2021,862,WLNP-AQP-7,238277,2021-07-29 05:35:00,354559,1SPT,331424,Transcribed,CONI,Common Nighthawk,CHORDEILES MINOR,Aves,16.54,180.00,0.69,1.12kHz,6.26kHz,2691632,1,Song,1,,f,1,Gill Holmes,1269,,-33.69,-34.21,2,0.018109,-0.004278,0.023389,-32.62,-65.11,-69.68,2,0,-0.0017,0.002057,-53.74,-33.06,-33.53,2,0.019581,-0.004538,0.025361,-31.92,-66.65,-68.99,2,0,-0.00173,0.001895,-54.45,t,https://portal.wildtrax.ca/home/aru-tasks/recording.html?taskId=331424,https://wildtrax-aru.s3.us-west-2.amazonaws.com/facc43cf-7d55-4f0f-a389-cec0d644ee8c/0524dae1224a452db4e3b50b0d339805.jpg,https://wildtrax-aru.s3.us-west-2.amazonaws.com/facc43cf-7d55-4f0f-a389-cec0d644ee8c/0524dae1224a452db4e3b50b0d339805.mp3
PC,Waterton Lakes National Park Aquatic Conservation and Restoration ARU Pilot Program 2021,862,WLNP-AQP-7,238277,2021-07-29 05:35:00,354559,1SPT,331424,Transcribed,UNPA,Unidentified Passerine,"",Aves,49.39,180.00,2.71,0.65kHz,6.26kHz,2691635,1,Song,1,,f,1,Gill Holmes,1269,,-33.55,-34.19,2,0.019751,-0.004836,0.024386,-32.26,-65.99,-68.72,2,0,-0.00187,0.001762,-54.56,-33.04,-33.55,2,0.02119,-0.004968,0.025857,-31.75,-66.18,-68.16,2,0,-0.002126,0.002039,-53.45,t,https://portal.wildtrax.ca/home/aru-tasks/recording.html?taskId=331424,https://wildtrax-aru.s3.us-west-2.amazonaws.com/facc43cf-7d55-4f0f-a389-cec0d644ee8c/7c63c0f729c04cc79965fd22c1374ce6.jpg,https://wildtrax-aru.s3.us-west-2.amazonaws.com/facc43cf-7d55-4f0f-a389-cec0d644ee8c/7c63c0f729c04cc79965fd22c1374ce6.mp3
PC,Waterton Lakes National Park Aquatic Conservation and Restoration ARU Pilot Program 2021,862,WLNP-AQP-7,238277,2021-07-29 20:19:00,354492,1SPT,331357,Transcribed,CEDW,Cedar Waxwing,BOMBYCILLA CEDRORUM,Aves,0.13,180.00,2.13,5.70kHz,9.81kHz,2737231,1,Song,1,,f,2,Steve Enid,660,,-33.66,-34.44,2,0.019362,-0.004669,0.02433,-32.28,-66.98,-74.21,2,0,-0.001456,0.001474,-56.63,-33,-33.68,2,0.021115,-0.005512,0.026108,-31.66,-64.96,-74.39,2,0,-0.001918,0.001932,-54.28,t,https://portal.wildtrax.ca/home/aru-tasks/recording.html?taskId=331357,https://wildtrax-aru.s3.us-west-2.amazonaws.com/4111857c-a41a-4c7a-aeed-79376611fca3/beeb161e86ca49e29e58d8487e70be7a.jpg,https://wildtrax-aru.s3.us-west-2.amazonaws.com/4111857c-a41a-4c7a-aeed-79376611fca3/beeb161e86ca49e29e58d8487e70be7a.mp3
PC,Waterton Lakes National Park Aquatic Conservation and Restoration ARU Pilot Program 2021,862,WLNP-AQP-7,238277,2021-07-29 20:19:00,354492,1SPT,331357,Transcribed,UNPA,Unidentified Passerine,"",Aves,9.74,180.00,1.34,4.16kHz,10.41kHz,2737232,1,Call,1,,f,2,Steve Enid,660,,-33.74,-34.35,2,0.019213,-0.004507,0.023916,-32.43,-70.11,-72.4,2,0,-0.001201,0.00136,-57.33,-33.04,-33.64,2,0.020801,-0.004952,0.025779,-31.77,-68.02,-72.28,2,0,-0.001705,0.001797,-54.91,t,https://portal.wildtrax.ca/home/aru-tasks/recording.html?taskId=331357,https://wildtrax-aru.s3.us-west-2.amazonaws.com/4111857c-a41a-4c7a-aeed-79376611fca3/fc1805f437d94ef3bad936ef604c4a51.jpg,https://wildtrax-aru.s3.us-west-2.amazonaws.com/4111857c-a41a-4c7a-aeed-79376611fca3/fc1805f437d94ef3bad936ef604c4a51.mp3
PC,Waterton Lakes National Park Aquatic Conservation and Restoration ARU Pilot Program 2021,862,WLNP-AQP-7,238277,2021-07-29 20:19:00,354492,1SPT,331357,Transcribed,RESQ,Red Squirrel,TAMIASCIURUS HUDSONICUS,Mammalia,76.66,180.00,1.73,2.38kHz,11.91kHz,2737233,1,Call,1,,f,1,Steve Enid,660,,-32.85,-35.17,2,0.019202,-0.037783,0.071191,-22.95,-43.3,-70.18,2,0,-0.050784,0.052953,-25.52,-32.9,-33.73,2,0.020759,-0.004768,0.036686,-28.71,-51.12,-70.34,2,0,-0.014235,0.01404,-36.93,t,https://portal.wildtrax.ca/home/aru-tasks/recording.html?taskId=331357,https://wildtrax-aru.s3.us-west-2.amazonaws.com/4111857c-a41a-4c7a-aeed-79376611fca3/7d04bb39cd5741a1a6c6a0b607d28516.jpg,https://wildtrax-aru.s3.us-west-2.amazonaws.com/4111857c-a41a-4c7a-aeed-79376611fca3/7d04bb39cd5741a1a6c6a0b607d28516.mp3
PC,Waterton Lakes National Park Aquatic Conservation and Restoration ARU Pilot Program 2021,862,WLNP-AQP-7,238277,2021-07-29 20:19:00,354492,1SPT,331357,Transcribed,CEDW,Cedar Waxwing,BOMBYCILLA CEDRORUM,Aves,108.86,180.00,3.29,6.02kHz,9.81kHz,2737234,2,Song,1,,f,2,Steve Enid,660,,-33.47,-34.88,2,0.019559,-0.004593,0.025177,-31.98,-67.72,-75.01,2,0,-0.001423,0.001414,-56.94,-33.01,-33.94,2,0.020962,-0.004627,0.027281,-31.28,-59.94,-75.32,2,0,-0.003436,0.003433,-49.28,t,https://portal.wildtrax.ca/home/aru-tasks/recording.html?taskId=331357,https://wildtrax-aru.s3.us-west-2.amazonaws.com/4111857c-a41a-4c7a-aeed-79376611fca3/4b24b601be214f0dbeaf20bfc316c12a.jpg,https://wildtrax-aru.s3.us-west-2.amazonaws.com/4111857c-a41a-4c7a-aeed-79376611fca3/4b24b601be214f0dbeaf20bfc316c12a.mp3
PC,Waterton Lakes National Park Aquatic Conservation and Restoration ARU Pilot Program 2021,862,WLNP-AQP-7,238277,2021-07-29 20:19:00,354492,1SPT,331357,Transcribed,UNKN,Unidentified signal,"",Unknown,150.20,180.00,1.53,0.65kHz,5.51kHz,2737235,1,Call,1,,f,2,Steve Enid,660,,-33.51,-34.62,2,0.01928,-0.004452,0.024241,-32.31,-68.85,-70.41,2,0,-0.001366,0.001376,-57.23,-32.82,-34.04,2,0.020693,-0.004884,0.027344,-31.26,-67.87,-69.98,2,0,-0.001505,0.001576,-56.05,t,https://portal.wildtrax.ca/home/aru-tasks/recording.html?taskId=331357,https://wildtrax-aru.s3.us-west-2.amazonaws.com/4111857c-a41a-4c7a-aeed-79376611fca3/9cb3a738aa0b4d86812f6eb8b903de6f.jpg,https://wildtrax-aru.s3.us-west-2.amazonaws.com/4111857c-a41a-4c7a-aeed-79376611fca3/9cb3a738aa0b4d86812f6eb8b903de6f.mp3
PC,Waterton Lakes National Park Aquatic Conservation and Restoration ARU Pilot Program 2021,862,WLNP-AQP-7,238277,2021-07-29 20:19:00,354492,1SPT,331357,Transcribed,CORA,Common Raven,CORVUS CORAX,Aves,170.64,180.00,2.61,0.05kHz,2.75kHz,2737236,1,Call,1,,f,1,Steve Enid,660,,-33.34,-34.59,2,0.019427,-0.004805,0.025616,-31.83,-36.29,-37.55,2,-0.013695,-0.017916,0.003463,-34.94,-32.72,-33.89,2,0.020802,-0.005302,0.027486,-31.22,-35.67,-36.85,2,-0.014664,-0.019336,0.003754,-34.27,t,https://portal.wildtrax.ca/home/aru-tasks/recording.html?taskId=331357,https://wildtrax-aru.s3.us-west-2.amazonaws.com/4111857c-a41a-4c7a-aeed-79376611fca3/847b9ef3c31c4420ba4c8d5c9349fd15.jpg,https://wildtrax-aru.s3.us-west-2.amazonaws.com/4111857c-a41a-4c7a-aeed-79376611fca3/847b9ef3c31c4420ba4c8d5c9349fd15.mp3
PC,Waterton Lakes National Park Aquatic Conservation and Restoration ARU Pilot Program 2021,862,WLNP-AQP-7,238277,2021-07-31 06:08:00,354524,1SPT,331389,Transcribed,UNPA,Unidentified Passerine,"",Aves,0.73,180.00,3.11,4.72kHz,8.78kHz,2707613,1,Call,1,,f,2,Jon Van Arragon,1247,,-33.59,-34.36,2,0.019751,-0.004524,0.024373,-32.26,-71.81,-74.46,2,0,-0.000996,0.000954,-60.04,-33.06,-33.55,2,0.021254,-0.004604,0.025034,-32.03,-69.39,-74.26,2,0,-0.001611,0.001597,-55.86,t,https://portal.wildtrax.ca/home/aru-tasks/recording.html?taskId=331389,https://wildtrax-aru.s3.us-west-2.amazonaws.com/53ad77b5-185d-4402-bb38-e2d0f86f4747/b7132a0ee61c4c0ab8d0b0b19814d0e6.jpg,https://wildtrax-aru.s3.us-west-2.amazonaws.com/53ad77b5-185d-4402-bb38-e2d0f86f4747/b7132a0ee61c4c0ab8d0b0b19814d0e6.mp3
PC,Waterton Lakes National Park Aquatic Conservation and Restoration ARU Pilot Program 2021,862,WLNP-AQP-7,238277,2021-07-31 06:08:00,354524,1SPT,331389,Transcribed,SWTH,Swainson's Thrush,CATHARUS USTULATUS,Aves,71.29,180.00,0.85,2.33kHz,4.39kHz,2707614,1,Call,1,,f,2,Jon Van Arragon,1247,,-33.76,-34.28,2,0.019127,-0.004473,0.023096,-32.73,-74.02,-76.23,2,0,-0.000708,0.00071,-62.98,-33.19,-33.59,2,0.020539,-0.004925,0.024758,-32.13,-72.37,-75.72,2,0,-0.000957,0.000942,-60.38,t,https://portal.wildtrax.ca/home/aru-tasks/recording.html?taskId=331389,https://wildtrax-aru.s3.us-west-2.amazonaws.com/53ad77b5-185d-4402-bb38-e2d0f86f4747/e65c4b322f1b476ea123221833772913.jpg,https://wildtrax-aru.s3.us-west-2.amazonaws.com/53ad77b5-185d-4402-bb38-e2d0f86f4747/e65c4b322f1b476ea123221833772913.mp3
PC,Waterton Lakes National Park Aquatic Conservation and Restoration ARU Pilot Program 2021,862,WLNP-AQP-7,238277,2021-07-31 06:08:00,354524,1SPT,331389,Transcribed,AMRO,American Robin,TURDUS MIGRATORIUS,Aves,85.83,180.00,0.59,0.89kHz,3.18kHz,2707615,1,Call,1,,f,2,Jon Van Arragon,1247,,-33.78,-34.26,2,0.018182,-0.004096,0.023121,-32.72,-71.07,-72.99,2,0,-0.000974,0.000941,-60.23,-33.1,-33.56,2,0.019679,-0.004482,0.02486,-32.09,-69.54,-72.31,2,0,-0.000979,0.001127,-58.96,t,https://portal.wildtrax.ca/home/aru-tasks/recording.html?taskId=331389,https://wildtrax-aru.s3.us-west-2.amazonaws.com/53ad77b5-185d-4402-bb38-e2d0f86f4747/837e7f9d700544aabd1418ac681fc4d8.jpg,https://wildtrax-aru.s3.us-west-2.amazonaws.com/53ad77b5-185d-4402-bb38-e2d0f86f4747/837e7f9d700544aabd1418ac681fc4d8.mp3
PC,Waterton Lakes National Park Aquatic Conservation and Restoration ARU Pilot Program 2021,862,WLNP-AQP-7,238277,2021-07-31 06:08:00,354524,1SPT,331389,Transcribed,SWTH,Swainson's Thrush,CATHARUS USTULATUS,Aves,100.05,180.00,0.73,2.66kHz,4.25kHz,2707616,2,Call,1,,f,2,Jon Van Arragon,1247,,-33.8,-34.23,2,0.018293,-0.004255,0.025948,-31.72,-57.27,-72.84,2,0,-0.003979,0.00398,-48,-33.14,-33.53,2,0.019692,-0.004516,0.029157,-30.71,-51.66,-73.8,2,0,-0.006065,0.006057,-44.34,t,https://portal.wildtrax.ca/home/aru-tasks/recording.html?taskId=331389,https://wildtrax-aru.s3.us-west-2.amazonaws.com/53ad77b5-185d-4402-bb38-e2d0f86f4747/ad055cfd0bb445b4b29a3d7e468bac46.jpg,https://wildtrax-aru.s3.us-west-2.amazonaws.com/53ad77b5-185d-4402-bb38-e2d0f86f4747/ad055cfd0bb445b4b29a3d7e468bac46.mp3
PC,Waterton Lakes National Park Aquatic Conservation and Restoration ARU Pilot Program 2021,862,WLNP-AQP-7,238277,2021-08-06 20:07:00,354514,1SPT,331379,Transcribed,RNSA,Red-naped Sapsucker,SPHYRAPICUS NUCHALIS,Aves,68.69,180.00,4.50,0.42kHz,10.93kHz,2691636,1,Call,1,,f,1,Gill Holmes,1269,,-30.43,-36.01,2,0.019614,-0.011336,0.052927,-25.53,-41.23,-64.95,2,-0.000058,-0.023149,0.024454,-32.23,-31.77,-34.43,2,0.021314,-0.003852,0.046638,-26.63,-43.95,-63.6,2,-0.000063,-0.018475,0.019129,-34.37,t,https://portal.wildtrax.ca/home/aru-tasks/recording.html?taskId=331379,https://wildtrax-aru.s3.us-west-2.amazonaws.com/8b13e0c4-45e7-4993-8c93-14f5e172f468/87727aa2fb804e189451b9ed89d2638f.jpg,https://wildtrax-aru.s3.us-west-2.amazonaws.com/8b13e0c4-45e7-4993-8c93-14f5e172f468/87727aa2fb804e189451b9ed89d2638f.mp3
