organization,location,location_id,project,project_id,recording_date_time,recording_id,recording_length,scientific_name,species_common_name,species_code,start_s,end_s,confidence,is_species_allowed_in_project,version
PC,WLNP-10-1,58512,General Community Waterton Lakes National Park 2021,598,2021-06-02 02:40:00,285065,180,*NOT GENERATED/FOUND*,,,,,,f,lite
PC,WLNP-10-1,58512,General Community Waterton Lakes National Park 2021,598,2021-06-03 07:20:00,285173,180,Pheucticus melanocephalus,,,0.00,3.00,26.1,f,lite
PC,WLNP-10-1,58512,General Community Waterton Lakes National Park 2021,598,2021-06-03 07:20:00,285173,180,Pheucticus ludovicianus,Rose-breasted Grosbeak,RBGR,0.00,3.00,26.3,t,lite
PC,WLNP-10-1,58512,General Community Waterton Lakes National Park 2021,598,2021-06-03 07:20:00,285173,180,Spinus pinus,Pine Siskin,PISI,6.00,9.00,51.0,t,lite
PC,WLNP-10-1,58512,General Community Waterton Lakes National Park 2021,598,2021-06-03 07:20:00,285173,180,Orochelidon murina,,,6.00,9.00,26.2,f,lite
PC,WLNP-10-1,58512,General Community Waterton Lakes National Park 2021,598,2021-06-03 07:20:00,285173,180,Myioborus pictus,Painted Redstart,PARE,6.00,9.00,37.1,t,lite
PC,WLNP-10-1,58512,General Community Waterton Lakes National Park 2021,598,2021-06-03 07:20:00,285173,180,Xanthotis macleayanus,,,36.00,39.00,27.3,f,lite
PC,WLNP-10-1,58512,General Community Waterton Lakes National Park 2021,598,2021-06-03 07:20:00,285173,180,Pheucticus melanocephalus,,,36.00,39.00,34.3,f,lite
PC,WLNP-10-1,58512,General Community Waterton Lakes National Park 2021,598,2021-06-03 07:20:00,285173,180,Pheucticus melanocephalus,,,45.00,48.00,29.2,f,lite
PC,WLNP-10-1,58512,General Community Waterton Lakes National Park 2021,598,2021-06-03 07:20:00,285173,180,Pheucticus melanocephalus,,,51.00,54.00,28.1,f,lite
PC,WLNP-10-1,58512,General Community Waterton Lakes National Park 2021,598,2021-06-03 07:20:00,285173,180,Spizella pallida,Clay-colored Sparrow,CCSP,78.00,81.00,25.2,t,lite
PC,WLNP-10-1,58512,General Community Waterton Lakes National Park 2021,598,2021-06-03 22:40:00,284997,180,*NOT GENERATED/FOUND*,,,,,,f,lite
PC,WLNP-10-1,58512,General Community Waterton Lakes National Park 2021,598,2021-06-05 06:00:00,285011,180,*NOT GENERATED/FOUND*,,,,,,f,lite
PC,WLNP-10-1,58512,General Community Waterton Lakes National Park 2021,598,2021-06-06 23:20:00,285075,180,*NOT GENERATED/FOUND*,,,,,,f,lite
PC,WLNP-10-1,58512,General Community Waterton Lakes National Park 2021,598,2021-06-10 22:00:00,285012,180,*NOT GENERATED/FOUND*,,,,,,f,lite
PC,WLNP-10-1,58512,General Community Waterton Lakes National Park 2021,598,2021-06-11 07:00:00,284985,180,Sicalis auriventris,,,78.00,81.00,29.2,f,lite
PC,WLNP-10-1,58512,General Community Waterton Lakes National Park 2021,598,2021-06-14 05:00:00,285171,180,Pheucticus melanocephalus,,,9.00,12.00,27.7,f,lite
PC,WLNP-10-1,58512,General Community Waterton Lakes National Park 2021,598,2021-06-14 05:00:00,285171,180,Cardellina rubrifrons,Red-faced Warbler,RFWA,21.00,24.00,25.7,t,lite
PC,WLNP-10-1,58512,General Community Waterton Lakes National Park 2021,598,2021-06-14 05:00:00,285171,180,Catharus ustulatus,Swainson's Thrush,SWTH,108.00,111.00,31.8,t,lite
PC,WLNP-10-1,58512,General Community Waterton Lakes National Park 2021,598,2021-06-14 05:00:00,285171,180,Pyrrhula nipalensis,,,111.00,114.00,25.0,f,lite
PC,WLNP-10-1,58512,General Community Waterton Lakes National Park 2021,598,2021-06-14 05:00:00,285171,180,Catharus ustulatus,Swainson's Thrush,SWTH,123.00,126.00,30.3,t,lite
PC,WLNP-10-1,58512,General Community Waterton Lakes National Park 2021,598,2021-06-14 05:00:00,285171,180,Catharus ustulatus,Swainson's Thrush,SWTH,165.00,168.00,26.5,t,lite
PC,WLNP-1-1,873,General Community Waterton Lakes National Park 2021,598,2021-06-01 07:20:00,285029,180,*NOT GENERATED/FOUND*,,,,,,f,lite
PC,WLNP-1-1,873,General Community Waterton Lakes National Park 2021,598,2021-06-03 05:00:00,285138,180,Catharus ustulatus,Swainson's Thrush,SWTH,108.00,111.00,27.5,t,lite
PC,WLNP-1-1,873,General Community Waterton Lakes National Park 2021,598,2021-06-03 05:00:00,285138,180,Hylophilus amaurocephalus,,,114.00,117.00,26.1,f,lite
PC,WLNP-1-1,873,General Community Waterton Lakes National Park 2021,598,2021-06-03 05:00:00,285138,180,Vireo brevipennis,Slaty Vireo,SLVI,114.00,117.00,26.7,t,lite
PC,WLNP-1-1,873,General Community Waterton Lakes National Park 2021,598,2021-06-03 05:00:00,285138,180,Vireo flavifrons,Yellow-throated Vireo,YTVI,135.00,138.00,29.3,t,lite
PC,WLNP-1-1,873,General Community Waterton Lakes National Park 2021,598,2021-06-04 22:00:00,285148,180,*NOT GENERATED/FOUND*,,,,,,f,lite
PC,WLNP-1-1,873,General Community Waterton Lakes National Park 2021,598,2021-06-04 22:40:00,285231,180,*NOT GENERATED/FOUND*,,,,,,f,lite
PC,WLNP-1-1,873,General Community Waterton Lakes National Park 2021,598,2021-06-04 23:20:00,285222,180,*NOT GENERATED/FOUND*,,,,,,f,lite
PC,WLNP-1-1,873,General Community Waterton Lakes National Park 2021,598,2021-06-06 02:40:00,284981,180,*NOT GENERATED/FOUND*,,,,,,f,lite
PC,WLNP-1-1,873,General Community Waterton Lakes National Park 2021,598,2021-06-06 05:20:00,285181,180,Emberiza cirlus,Cirl Bunting,EMBCIR,0.00,3.00,48.7,t,lite
PC,WLNP-1-1,873,General Community Waterton Lakes National Park 2021,598,2021-06-06 05:20:00,285181,180,Junco hyemalis,Dark-eyed Junco,DEJU,0.00,3.00,35.3,t,lite
PC,WLNP-1-1,873,General Community Waterton Lakes National Park 2021,598,2021-06-06 05:20:00,285181,180,Emberiza cirlus,Cirl Bunting,EMBCIR,6.00,9.00,34.6,t,lite
PC,WLNP-1-1,873,General Community Waterton Lakes National Park 2021,598,2021-06-06 05:20:00,285181,180,Spizella passerina,Chipping Sparrow,CHSP,6.00,9.00,26.9,t,lite
PC,WLNP-1-1,873,General Community Waterton Lakes National Park 2021,598,2021-06-06 05:20:00,285181,180,Emberiza cirlus,Cirl Bunting,EMBCIR,9.00,12.00,39.2,t,lite
PC,WLNP-1-1,873,General Community Waterton Lakes National Park 2021,598,2021-06-06 05:20:00,285181,180,Junco hyemalis,Dark-eyed Junco,DEJU,9.00,12.00,28.3,t,lite
PC,WLNP-1-1,873,General Community Waterton Lakes National Park 2021,598,2021-06-06 05:20:00,285181,180,Emberiza cirlus,Cirl Bunting,EMBCIR,12.00,15.00,45.9,t,lite
PC,WLNP-1-1,873,General Community Waterton Lakes National Park 2021,598,2021-06-06 05:20:00,285181,180,Junco hyemalis,Dark-eyed Junco,DEJU,12.00,15.00,35.3,t,lite
PC,WLNP-1-1,873,General Community Waterton Lakes National Park 2021,598,2021-06-06 05:20:00,285181,180,Junco hyemalis,Dark-eyed Junco,DEJU,15.00,18.00,30.7,t,lite
PC,WLNP-1-1,873,General Community Waterton Lakes National Park 2021,598,2021-06-06 05:20:00,285181,180,Emberiza cirlus,Cirl Bunting,EMBCIR,15.00,18.00,39.3,t,lite
PC,WLNP-1-1,873,General Community Waterton Lakes National Park 2021,598,2021-06-06 05:20:00,285181,180,Emberiza cirlus,Cirl Bunting,EMBCIR,21.00,24.00,26.1,t,lite
PC,WLNP-1-1,873,General Community Waterton Lakes National Park 2021,598,2021-06-06 05:20:00,285181,180,Emberiza cirlus,Cirl Bunting,EMBCIR,24.00,27.00,26.8,t,lite
PC,WLNP-1-1,873,General Community Waterton Lakes National Park 2021,598,2021-06-06 05:20:00,285181,180,Emberiza cirlus,Cirl Bunting,EMBCIR,27.00,30.00,36.5,t,lite
PC,WLNP-1-1,873,General Community Waterton Lakes National Park 2021,598,2021-06-06 05:20:00,285181,180,Emberiza cirlus,Cirl Bunting,EMBCIR,30.00,33.00,31.6,t,lite
PC,WLNP-1-1,873,General Community Waterton Lakes National Park 2021,598,2021-06-06 05:20:00,285181,180,Emberiza cirlus,Cirl Bunting,EMBCIR,39.00,42.00,27.1,t,lite
PC,WLNP-1-1,873,General Community Waterton Lakes National Park 2021,598,2021-06-06 05:20:00,285181,180,Emberiza cirlus,Cirl Bunting,EMBCIR,42.00,45.00,30.8,t,lite
PC,WLNP-1-1,873,General Community Waterton Lakes National Park 2021,598,2021-06-06 05:20:00,285181,180,Locustella fluviatilis,River Warbler,RIWA,45.00,48.00,27.4,t,lite
PC,WLNP-1-1,873,General Community Waterton Lakes National Park 2021,598,2021-06-06 05:20:00,285181,180,Spizella passerina,Chipping Sparrow,CHSP,45.00,48.00,38.4,t,lite
PC,WLNP-1-1,873,General Community Waterton Lakes National Park 2021,598,2021-06-06 05:20:00,285181,180,Emberiza cirlus,Cirl Bunting,EMBCIR,45.00,48.00,41.7,t,lite
PC,WLNP-1-1,873,General Community Waterton Lakes National Park 2021,598,2021-06-06 05:20:00,285181,180,Emberiza cirlus,Cirl Bunting,EMBCIR,48.00,51.00,28.8,t,lite
PC,WLNP-1-1,873,General Community Waterton Lakes National Park 2021,598,2021-06-06 05:20:00,285181,180,Spizella passerina,Chipping Sparrow,CHSP,48.00,51.00,29.0,t,lite
PC,WLNP-1-1,873,General Community Waterton Lakes National Park 2021,598,2021-06-06 05:20:00,285181,180,Turdus pallidus,,,57.00,60.00,28.2,f,lite
PC,WLNP-1-1,873,General Community Waterton Lakes National Park 2021,598,2021-06-06 05:20:00,285181,180,Turdus ignobilis,,,57.00,60.00,29.3,f,lite
PC,WLNP-1-1,873,General Community Waterton Lakes National Park 2021,598,2021-06-06 05:20:00,285181,180,Turdus falcklandii,,,63.00,66.00,25.1,f,lite
PC,WLNP-1-1,873,General Community Waterton Lakes National Park 2021,598,2021-06-06 05:20:00,285181,180,Turdus ignobilis,,,63.00,66.00,31.9,f,lite
PC,WLNP-1-1,873,General Community Waterton Lakes National Park 2021,598,2021-06-06 05:20:00,285181,180,Turdus migratorius,American Robin,AMRO,63.00,66.00,26.8,t,lite
PC,WLNP-1-1,873,General Community Waterton Lakes National Park 2021,598,2021-06-06 05:20:00,285181,180,Turdus pallidus,,,63.00,66.00,29.8,f,lite
PC,WLNP-1-1,873,General Community Waterton Lakes National Park 2021,598,2021-06-08 06:40:00,285071,180,*NOT GENERATED/FOUND*,,,,,,f,lite
PC,WLNP-1-2,844,General Community Waterton Lakes National Park 2021,598,2021-06-01 07:20:00,285207,180,*NOT GENERATED/FOUND*,,,,,,f,lite
PC,WLNP-1-2,844,General Community Waterton Lakes National Park 2021,598,2021-06-02 02:20:00,285000,180,*NOT GENERATED/FOUND*,,,,,,f,lite
PC,WLNP-1-2,844,General Community Waterton Lakes National Park 2021,598,2021-06-04 07:20:00,285153,180,*NOT GENERATED/FOUND*,,,,,,f,lite
PC,WLNP-1-2,844,General Community Waterton Lakes National Park 2021,598,2021-06-10 06:40:00,285230,180,Ixoreus naevius,Varied Thrush,VATH,60.00,63.00,36.1,t,lite
PC,WLNP-1-2,844,General Community Waterton Lakes National Park 2021,598,2021-06-10 06:40:00,285230,180,Ixoreus naevius,Varied Thrush,VATH,99.00,102.00,40.6,t,lite
PC,WLNP-1-2,844,General Community Waterton Lakes National Park 2021,598,2021-06-10 06:40:00,285230,180,Tijuca atra,,,99.00,102.00,38.1,f,lite
PC,WLNP-1-2,844,General Community Waterton Lakes National Park 2021,598,2021-06-10 06:40:00,285230,180,Cochoa viridis,,,99.00,102.00,37.4,f,lite
PC,WLNP-1-2,844,General Community Waterton Lakes National Park 2021,598,2021-06-10 06:40:00,285230,180,Spinus pinus,Pine Siskin,PISI,123.00,126.00,57.2,t,lite
PC,WLNP-1-2,844,General Community Waterton Lakes National Park 2021,598,2021-06-10 06:40:00,285230,180,Orochelidon murina,,,123.00,126.00,25.3,f,lite
PC,WLNP-1-2,844,General Community Waterton Lakes National Park 2021,598,2021-06-10 06:40:00,285230,180,Ixoreus naevius,Varied Thrush,VATH,129.00,132.00,32.6,t,lite
PC,WLNP-1-2,844,General Community Waterton Lakes National Park 2021,598,2021-06-10 06:40:00,285230,180,Zoothera aurea,White's Thrush,WHTH,129.00,132.00,27.5,t,lite
PC,WLNP-1-2,844,General Community Waterton Lakes National Park 2021,598,2021-06-10 06:40:00,285230,180,Ixoreus naevius,Varied Thrush,VATH,132.00,135.00,27.0,t,lite
PC,WLNP-1-2,844,General Community Waterton Lakes National Park 2021,598,2021-06-10 06:40:00,285230,180,Tijuca atra,,,132.00,135.00,37.1,f,lite
PC,WLNP-1-2,844,General Community Waterton Lakes National Park 2021,598,2021-06-10 06:40:00,285230,180,Sitta canadensis,Red-breasted Nuthatch,RBNU,141.00,144.00,40.9,t,lite
PC,WLNP-1-2,844,General Community Waterton Lakes National Park 2021,598,2021-06-10 06:40:00,285230,180,Sitta canadensis,Red-breasted Nuthatch,RBNU,162.00,165.00,26.6,t,lite
PC,WLNP-1-2,844,General Community Waterton Lakes National Park 2021,598,2021-06-10 06:40:00,285230,180,Sitta canadensis,Red-breasted Nuthatch,RBNU,165.00,168.00,41.8,t,lite
PC,WLNP-1-2,844,General Community Waterton Lakes National Park 2021,598,2021-06-10 06:40:00,285230,180,Sitta canadensis,Red-breasted Nuthatch,RBNU,168.00,171.00,38.6,t,lite
PC,WLNP-1-2,844,General Community Waterton Lakes National Park 2021,598,2021-06-10 08:40:00,285010,180,Myioborus pictus,Painted Redstart,PARE,3.00,6.00,30.9,t,lite
PC,WLNP-1-2,844,General Community Waterton Lakes National Park 2021,598,2021-06-10 08:40:00,285010,180,Spinus pinus,Pine Siskin,PISI,3.00,6.00,52.2,t,lite
PC,WLNP-1-2,844,General Community Waterton Lakes National Park 2021,598,2021-06-10 08:40:00,285010,180,Orochelidon murina,,,3.00,6.00,31.2,f,lite
PC,WLNP-1-2,844,General Community Waterton Lakes National Park 2021,598,2021-06-12 22:20:00,285090,180,Catharus ustulatus,Swainson's Thrush,SWTH,99.00,102.00,40.3,t,lite
PC,WLNP-1-2,844,General Community Waterton Lakes National Park 2021,598,2021-06-12 22:20:00,285090,180,Myiarchus tyrannulus,Brown-crested Flycatcher,BCFL,99.00,102.00,31.3,t,lite
PC,WLNP-1-2,844,General Community Waterton Lakes National Park 2021,598,2021-06-12 22:20:00,285090,180,Myiarchus tyrannulus,Brown-crested Flycatcher,BCFL,102.00,105.00,40.6,t,lite
PC,WLNP-1-2,844,General Community Waterton Lakes National Park 2021,598,2021-06-12 22:20:00,285090,180,Catharus ustulatus,Swainson's Thrush,SWTH,102.00,105.00,71.4,t,lite
PC,WLNP-1-2,844,General Community Waterton Lakes National Park 2021,598,2021-06-12 22:20:00,285090,180,Catharus ustulatus,Swainson's Thrush,SWTH,105.00,108.00,63.1,t,lite
PC,WLNP-1-2,844,General Community Waterton Lakes National Park 2021,598,2021-06-12 22:20:00,285090,180,Irena cyanogastra,,,105.00,108.00,55.3,f,lite
PC,WLNP-1-2,844,General Community Waterton Lakes National Park 2021,598,2021-06-12 22:20:00,285090,180,Myiarchus tyrannulus,Brown-crested Flycatcher,BCFL,105.00,108.00,35.1,t,lite
PC,WLNP-1-2,844,General Community Waterton Lakes National Park 2021,598,2021-06-12 22:20:00,285090,180,Myiarchus tyrannulus,Brown-crested Flycatcher,BCFL,108.00,111.00,51.8,t,lite
PC,WLNP-1-2,844,General Community Waterton Lakes National Park 2021,598,2021-06-12 22:20:00,285090,180,Catharus ustulatus,Swainson's Thrush,SWTH,108.00,111.00,38.3,t,lite
PC,WLNP-1-2,844,General Community Waterton Lakes National Park 2021,598,2021-06-12 22:20:00,285090,180,Catharus ustulatus,Swainson's Thrush,SWTH,111.00,114.00,36.6,t,lite
PC,WLNP-1-2,844,General Community Waterton Lakes National Park 2021,598,2021-06-12 22:20:00,285090,180,Myiarchus tyrannulus,Brown-crested Flycatcher,BCFL,114.00,117.00,48.6,t,lite
PC,WLNP-1-2,844,General Community Waterton Lakes National Park 2021,598,2021-06-12 22:20:00,285090,180,Catharus ustulatus,Swainson's Thrush,SWTH,114.00,117.00,36.0,t,lite
PC,WLNP-1-2,844,General Community Waterton Lakes National Park 2021,598,2021-06-12 22:20:00,285090,180,Myiarchus tyrannulus,Brown-crested Flycatcher,BCFL,117.00,120.00,61.4,t,lite
PC,WLNP-1-2,844,General Community Waterton Lakes National Park 2021,598,2021-06-12 22:20:00,285090,180,Catharus ustulatus,Swainson's Thrush,SWTH,117.00,120.00,50.2,t,lite
PC,WLNP-1-2,844,General Community Waterton Lakes National Park 2021,598,2021-06-12 22:20:00,285090,180,Catharus ustulatus,Swainson's Thrush,SWTH,123.00,126.00,30.8,t,lite
PC,WLNP-1-2,844,General Community Waterton Lakes National Park 2021,598,2021-06-12 22:20:00,285090,180,Porzana porzana,Spotted Crake,SPCR,123.00,126.00,26.4,t,lite
PC,WLNP-1-2,844,General Community Waterton Lakes National Park 2021,598,2021-06-12 22:20:00,285090,180,Myiarchus tyrannulus,Brown-crested Flycatcher,BCFL,132.00,135.00,34.7,t,lite
PC,WLNP-1-2,844,General Community Waterton Lakes National Park 2021,598,2021-06-12 22:20:00,285090,180,Myiarchus tyrannulus,Brown-crested Flycatcher,BCFL,135.00,138.00,26.9,t,lite
PC,WLNP-1-2,844,General Community Waterton Lakes National Park 2021,598,2021-06-12 22:20:00,285090,180,Myiarchus tyrannulus,Brown-crested Flycatcher,BCFL,138.00,141.00,29.1,t,lite
PC,WLNP-1-2,844,General Community Waterton Lakes National Park 2021,598,2021-06-12 22:20:00,285090,180,Myiarchus cinerascens,Ash-throated Flycatcher,ATFL,138.00,141.00,28.7,t,lite
PC,WLNP-1-2,844,General Community Waterton Lakes National Park 2021,598,2021-06-12 22:20:00,285090,180,Myiarchus tyrannulus,Brown-crested Flycatcher,BCFL,147.00,150.00,25.9,t,lite
PC,WLNP-1-2,844,General Community Waterton Lakes National Park 2021,598,2021-06-20 04:40:00,285206,180,*NOT GENERATED/FOUND*,,,,,,f,lite
PC,WLNP-1-2,844,General Community Waterton Lakes National Park 2021,598,2021-06-21 08:00:00,285094,180,Spinus pinus,Pine Siskin,PISI,21.00,24.00,38.6,t,lite
PC,WLNP-1-2,844,General Community Waterton Lakes National Park 2021,598,2021-06-21 08:00:00,285094,180,Regulus satrapa,Golden-crowned Kinglet,GCKI,24.00,27.00,33.7,t,lite
PC,WLNP-1-3,857,General Community Waterton Lakes National Park 2021,598,2021-06-01 07:00:00,285259,180,Ixoreus naevius,Varied Thrush,VATH,24.00,27.00,28.9,t,lite
PC,WLNP-1-3,857,General Community Waterton Lakes National Park 2021,598,2021-06-02 02:00:00,285034,180,*NOT GENERATED/FOUND*,,,,,,f,lite
PC,WLNP-1-3,857,General Community Waterton Lakes National Park 2021,598,2021-06-02 04:20:00,285204,180,*NOT GENERATED/FOUND*,,,,,,f,lite
PC,WLNP-1-3,857,General Community Waterton Lakes National Park 2021,598,2021-06-02 23:00:00,285257,180,*NOT GENERATED/FOUND*,,,,,,f,lite
PC,WLNP-1-3,857,General Community Waterton Lakes National Park 2021,598,2021-06-04 05:40:00,284975,180,Troglodytes pacificus,Pacific Wren,PAWR,21.00,24.00,26.0,t,lite
PC,WLNP-1-3,857,General Community Waterton Lakes National Park 2021,598,2021-06-04 05:40:00,284975,180,Sicalis auriventris,,,33.00,36.00,37.3,f,lite
PC,WLNP-1-3,857,General Community Waterton Lakes National Park 2021,598,2021-06-04 05:40:00,284975,180,Geothlypis tolmiei,MacGillivray's Warbler,MGWA,48.00,51.00,29.1,t,lite
PC,WLNP-1-3,857,General Community Waterton Lakes National Park 2021,598,2021-06-04 05:40:00,284975,180,Zoothera aurea,White's Thrush,WHTH,54.00,57.00,25.7,t,lite
PC,WLNP-1-3,857,General Community Waterton Lakes National Park 2021,598,2021-06-04 05:40:00,284975,180,Geothlypis tolmiei,MacGillivray's Warbler,MGWA,72.00,75.00,25.7,t,lite
PC,WLNP-1-3,857,General Community Waterton Lakes National Park 2021,598,2021-06-04 05:40:00,284975,180,Geothlypis tolmiei,MacGillivray's Warbler,MGWA,84.00,87.00,36.3,t,lite
PC,WLNP-1-3,857,General Community Waterton Lakes National Park 2021,598,2021-06-04 05:40:00,284975,180,Geothlypis tolmiei,MacGillivray's Warbler,MGWA,96.00,99.00,26.3,t,lite
PC,WLNP-1-3,857,General Community Waterton Lakes National Park 2021,598,2021-06-04 05:40:00,284975,180,Brachypteryx hyperythra,,,123.00,126.00,25.1,f,lite
PC,WLNP-1-3,857,General Community Waterton Lakes National Park 2021,598,2021-06-04 05:40:00,284975,180,Troglodytes pacificus,Pacific Wren,PAWR,162.00,165.00,25.7,t,lite
PC,WLNP-1-3,857,General Community Waterton Lakes National Park 2021,598,2021-06-04 05:40:00,284975,180,Troglodytes pacificus,Pacific Wren,PAWR,165.00,168.00,26.7,t,lite
PC,WLNP-1-3,857,General Community Waterton Lakes National Park 2021,598,2021-06-04 05:40:00,284975,180,Ixoreus naevius,Varied Thrush,VATH,174.00,177.00,27.5,t,lite
PC,WLNP-1-3,857,General Community Waterton Lakes National Park 2021,598,2021-06-04 05:40:00,284975,180,Cyphorhinus thoracicus,,,174.00,177.00,27.9,f,lite
PC,WLNP-1-3,857,General Community Waterton Lakes National Park 2021,598,2021-06-05 04:40:00,285113,180,*NOT GENERATED/FOUND*,,,,,,f,lite
PC,WLNP-1-3,857,General Community Waterton Lakes National Park 2021,598,2021-06-08 04:40:00,285042,180,Catharus fuscater,Slaty-backed Nightingale-Thrush,SBNT,102.00,105.00,25.0,t,lite
PC,WLNP-1-3,857,General Community Waterton Lakes National Park 2021,598,2021-06-08 04:40:00,285042,180,Pheugopedius maculipectus,Spot-breasted Wren,SBSW,114.00,117.00,25.7,t,lite
PC,WLNP-13-2,57658,General Community Waterton Lakes National Park 2021,598,2021-06-02 07:20:00,285182,180,Molothrus ater,Brown-headed Cowbird,BHCO,18.00,21.00,39.3,t,lite
PC,WLNP-13-2,57658,General Community Waterton Lakes National Park 2021,598,2021-06-02 07:20:00,285182,180,Cinclodes albidiventris,,,18.00,21.00,27.7,f,lite
PC,WLNP-13-2,57658,General Community Waterton Lakes National Park 2021,598,2021-06-02 07:20:00,285182,180,Chordeiles minor,Common Nighthawk,CONI,51.00,54.00,29.1,t,lite
PC,WLNP-13-2,57658,General Community Waterton Lakes National Park 2021,598,2021-06-02 07:20:00,285182,180,Conirostrum rufum,,,81.00,84.00,25.5,f,lite
PC,WLNP-13-2,57658,General Community Waterton Lakes National Park 2021,598,2021-06-02 07:20:00,285182,180,Artemisiospiza belli,Bell's Sparrow,BESP,81.00,84.00,26.0,t,lite
PC,WLNP-13-2,57658,General Community Waterton Lakes National Park 2021,598,2021-06-02 07:20:00,285182,180,Conirostrum rufum,,,87.00,90.00,34.9,f,lite
PC,WLNP-13-2,57658,General Community Waterton Lakes National Park 2021,598,2021-06-02 07:20:00,285182,180,Locustella tacsanowskia,,,165.00,168.00,35.0,f,lite
PC,WLNP-13-2,57658,General Community Waterton Lakes National Park 2021,598,2021-06-02 07:20:00,285182,180,Spizella pallida,Clay-colored Sparrow,CCSP,165.00,168.00,33.7,t,lite
PC,WLNP-13-2,57658,General Community Waterton Lakes National Park 2021,598,2021-06-04 05:00:00,285248,180,Spizella pallida,Clay-colored Sparrow,CCSP,42.00,45.00,47.5,t,lite
PC,WLNP-13-2,57658,General Community Waterton Lakes National Park 2021,598,2021-06-04 05:00:00,285248,180,Zonotrichia leucophrys,White-crowned Sparrow,WCSP,108.00,111.00,30.5,t,lite
PC,WLNP-13-2,57658,General Community Waterton Lakes National Park 2021,598,2021-06-04 05:00:00,285248,180,Spizella pallida,Clay-colored Sparrow,CCSP,111.00,114.00,36.4,t,lite
PC,WLNP-13-2,57658,General Community Waterton Lakes National Park 2021,598,2021-06-04 05:00:00,285248,180,Poecile montanus,,,111.00,114.00,27.5,f,lite
PC,WLNP-13-2,57658,General Community Waterton Lakes National Park 2021,598,2021-06-04 05:00:00,285248,180,Spizella pallida,Clay-colored Sparrow,CCSP,114.00,117.00,29.4,t,lite
PC,WLNP-13-2,57658,General Community Waterton Lakes National Park 2021,598,2021-06-04 05:00:00,285248,180,Zonotrichia leucophrys,White-crowned Sparrow,WCSP,126.00,129.00,30.3,t,lite
PC,WLNP-13-2,57658,General Community Waterton Lakes National Park 2021,598,2021-06-04 05:00:00,285248,180,Passerculus sandwichensis,Savannah Sparrow,SAVS,156.00,159.00,27.5,t,lite
PC,WLNP-13-2,57658,General Community Waterton Lakes National Park 2021,598,2021-06-04 05:00:00,285248,180,Spizella pallida,Clay-colored Sparrow,CCSP,159.00,162.00,41.3,t,lite
PC,WLNP-13-2,57658,General Community Waterton Lakes National Park 2021,598,2021-06-04 05:00:00,285248,180,Orochelidon murina,,,162.00,165.00,37.1,f,lite
PC,WLNP-13-2,57658,General Community Waterton Lakes National Park 2021,598,2021-06-04 05:00:00,285248,180,Orochelidon murina,,,174.00,177.00,43.0,f,lite
PC,WLNP-13-2,57658,General Community Waterton Lakes National Park 2021,598,2021-06-04 05:00:00,285248,180,Tachycineta bicolor,Tree Swallow,TRES,174.00,177.00,33.6,t,lite
PC,WLNP-13-2,57658,General Community Waterton Lakes National Park 2021,598,2021-06-04 05:00:00,285248,180,Emberiza cirlus,Cirl Bunting,EMBCIR,177.00,180.00,28.0,t,lite
PC,WLNP-13-2,57658,General Community Waterton Lakes National Park 2021,598,2021-06-08 05:20:00,285253,180,Spizella pallida,Clay-colored Sparrow,CCSP,0.00,3.00,28.6,t,lite
PC,WLNP-13-2,57658,General Community Waterton Lakes National Park 2021,598,2021-06-08 05:20:00,285253,180,Zonotrichia leucophrys,White-crowned Sparrow,WCSP,3.00,6.00,70.2,t,lite
PC,WLNP-13-2,57658,General Community Waterton Lakes National Park 2021,598,2021-06-08 05:20:00,285253,180,Spizella pallida,Clay-colored Sparrow,CCSP,6.00,9.00,66.8,t,lite
PC,WLNP-13-2,57658,General Community Waterton Lakes National Park 2021,598,2021-06-08 05:20:00,285253,180,Zonotrichia leucophrys,White-crowned Sparrow,WCSP,9.00,12.00,59.5,t,lite
PC,WLNP-13-2,57658,General Community Waterton Lakes National Park 2021,598,2021-06-08 05:20:00,285253,180,Zonotrichia leucophrys,White-crowned Sparrow,WCSP,12.00,15.00,54.9,t,lite
PC,WLNP-13-2,57658,General Community Waterton Lakes National Park 2021,598,2021-06-08 05:20:00,285253,180,Anthus bogotensis,,,12.00,15.00,26.3,f,lite
PC,WLNP-13-2,57658,General Community Waterton Lakes National Park 2021,598,2021-06-08 05:20:00,285253,180,Zonotrichia leucophrys,White-crowned Sparrow,WCSP,18.00,21.00,71.8,t,lite
PC,WLNP-13-2,57658,General Community Waterton Lakes National Park 2021,598,2021-06-08 05:20:00,285253,180,Spizella pallida,Clay-colored Sparrow,CCSP,21.00,24.00,51.9,t,lite
PC,WLNP-13-2,57658,General Community Waterton Lakes National Park 2021,598,2021-06-08 05:20:00,285253,180,Spizella pallida,Clay-colored Sparrow,CCSP,24.00,27.00,54.4,t,lite
PC,WLNP-13-2,57658,General Community Waterton Lakes National Park 2021,598,2021-06-08 05:20:00,285253,180,Zonotrichia leucophrys,White-crowned Sparrow,WCSP,27.00,30.00,71.1,t,lite
PC,WLNP-13-2,57658,General Community Waterton Lakes National Park 2021,598,2021-06-08 05:20:00,285253,180,Incaspiza laeta,,,30.00,33.00,29.4,f,lite
PC,WLNP-13-2,57658,General Community Waterton Lakes National Park 2021,598,2021-06-08 05:20:00,285253,180,Spizella pallida,Clay-colored Sparrow,CCSP,36.00,39.00,55.7,t,lite
PC,WLNP-13-2,57658,General Community Waterton Lakes National Park 2021,598,2021-06-08 05:20:00,285253,180,Spizella pallida,Clay-colored Sparrow,CCSP,39.00,42.00,64.7,t,lite
PC,WLNP-13-2,57658,General Community Waterton Lakes National Park 2021,598,2021-06-08 05:20:00,285253,180,Locustella tacsanowskia,,,42.00,45.00,27.1,f,lite
PC,WLNP-13-2,57658,General Community Waterton Lakes National Park 2021,598,2021-06-08 05:20:00,285253,180,Spizella pallida,Clay-colored Sparrow,CCSP,42.00,45.00,84.8,t,lite
PC,WLNP-13-2,57658,General Community Waterton Lakes National Park 2021,598,2021-06-08 05:20:00,285253,180,Cisticola marginatus,,,45.00,48.00,30.2,f,lite
PC,WLNP-13-2,57658,General Community Waterton Lakes National Park 2021,598,2021-06-08 05:20:00,285253,180,Spizella pallida,Clay-colored Sparrow,CCSP,45.00,48.00,87.6,t,lite
PC,WLNP-13-2,57658,General Community Waterton Lakes National Park 2021,598,2021-06-08 05:20:00,285253,180,Locustella tacsanowskia,,,45.00,48.00,32.0,f,lite
PC,WLNP-13-2,57658,General Community Waterton Lakes National Park 2021,598,2021-06-08 05:20:00,285253,180,Spizella pallida,Clay-colored Sparrow,CCSP,57.00,60.00,39.5,t,lite
PC,WLNP-13-2,57658,General Community Waterton Lakes National Park 2021,598,2021-06-08 05:20:00,285253,180,Spizella pallida,Clay-colored Sparrow,CCSP,60.00,63.00,75.9,t,lite
PC,WLNP-13-2,57658,General Community Waterton Lakes National Park 2021,598,2021-06-08 05:20:00,285253,180,Locustella tacsanowskia,,,60.00,63.00,26.7,f,lite
PC,WLNP-13-2,57658,General Community Waterton Lakes National Park 2021,598,2021-06-08 05:20:00,285253,180,Orochelidon murina,,,69.00,72.00,29.6,f,lite
PC,WLNP-13-2,57658,General Community Waterton Lakes National Park 2021,598,2021-06-08 05:20:00,285253,180,Spizella pallida,Clay-colored Sparrow,CCSP,78.00,81.00,62.0,t,lite
PC,WLNP-13-2,57658,General Community Waterton Lakes National Park 2021,598,2021-06-08 05:20:00,285253,180,Spizella pallida,Clay-colored Sparrow,CCSP,81.00,84.00,61.4,t,lite
PC,WLNP-13-2,57658,General Community Waterton Lakes National Park 2021,598,2021-06-08 05:20:00,285253,180,Drymophila striaticeps,,,81.00,84.00,28.7,f,lite
PC,WLNP-13-2,57658,General Community Waterton Lakes National Park 2021,598,2021-06-08 05:20:00,285253,180,Tachycineta bicolor,Tree Swallow,TRES,105.00,108.00,51.2,t,lite
PC,WLNP-13-2,57658,General Community Waterton Lakes National Park 2021,598,2021-06-08 05:20:00,285253,180,Tachycineta bicolor,Tree Swallow,TRES,108.00,111.00,45.3,t,lite
PC,WLNP-13-2,57658,General Community Waterton Lakes National Park 2021,598,2021-06-08 05:20:00,285253,180,Tachycineta bicolor,Tree Swallow,TRES,114.00,117.00,34.0,t,lite
PC,WLNP-13-2,57658,General Community Waterton Lakes National Park 2021,598,2021-06-08 05:20:00,285253,180,Orochelidon murina,,,114.00,117.00,31.8,f,lite
PC,WLNP-13-2,57658,General Community Waterton Lakes National Park 2021,598,2021-06-08 05:20:00,285253,180,Sicalis luteola,Grassland Yellow-Finch,GRYF,135.00,138.00,26.1,t,lite
PC,WLNP-13-2,57658,General Community Waterton Lakes National Park 2021,598,2021-06-08 05:20:00,285253,180,Sicalis luteola,Grassland Yellow-Finch,GRYF,153.00,156.00,45.3,t,lite
PC,WLNP-13-2,57658,General Community Waterton Lakes National Park 2021,598,2021-06-08 05:20:00,285253,180,Emberiza cioides,,,174.00,177.00,26.4,f,lite
PC,WLNP-13-2,57658,General Community Waterton Lakes National Park 2021,598,2021-06-08 05:20:00,285253,180,Sicalis luteola,Grassland Yellow-Finch,GRYF,177.00,180.00,28.2,t,lite
PC,WLNP-13-2,57658,General Community Waterton Lakes National Park 2021,598,2021-06-10 07:20:00,285058,180,*NOT GENERATED/FOUND*,,,,,,f,lite
PC,WLNP-13-2,57658,General Community Waterton Lakes National Park 2021,598,2021-06-12 22:20:00,285219,180,*NOT GENERATED/FOUND*,,,,,,f,lite
PC,WLNP-13-2,57658,General Community Waterton Lakes National Park 2021,598,2021-06-13 06:40:00,285258,180,*NOT GENERATED/FOUND*,,,,,,f,lite
PC,WLNP-13-2,57658,General Community Waterton Lakes National Park 2021,598,2021-06-14 02:40:00,285201,180,*NOT GENERATED/FOUND*,,,,,,f,lite
PC,WLNP-13-2,57658,General Community Waterton Lakes National Park 2021,598,2021-06-14 07:00:00,285228,180,*NOT GENERATED/FOUND*,,,,,,f,lite
PC,WLNP-13-3,57657,General Community Waterton Lakes National Park 2021,598,2021-06-02 04:00:00,285241,180,Calliope calliope,,,0.00,3.00,42.3,f,lite
PC,WLNP-13-3,57657,General Community Waterton Lakes National Park 2021,598,2021-06-02 04:00:00,285241,180,Dumetella carolinensis,Gray Catbird,GRCA,0.00,3.00,58.0,t,lite
PC,WLNP-13-3,57657,General Community Waterton Lakes National Park 2021,598,2021-06-02 04:00:00,285241,180,Dumetella carolinensis,Gray Catbird,GRCA,3.00,6.00,42.4,t,lite
PC,WLNP-13-3,57657,General Community Waterton Lakes National Park 2021,598,2021-06-02 04:00:00,285241,180,Dumetella carolinensis,Gray Catbird,GRCA,12.00,15.00,43.8,t,lite
PC,WLNP-13-3,57657,General Community Waterton Lakes National Park 2021,598,2021-06-02 04:00:00,285241,180,Xiphocolaptes major,,,12.00,15.00,26.5,f,lite
PC,WLNP-13-3,57657,General Community Waterton Lakes National Park 2021,598,2021-06-02 04:00:00,285241,180,Hypsipetes leucocephalus,,,12.00,15.00,26.0,f,lite
PC,WLNP-13-3,57657,General Community Waterton Lakes National Park 2021,598,2021-06-02 04:00:00,285241,180,Taeniopygia bichenovii,,,12.00,15.00,25.6,f,lite
PC,WLNP-13-3,57657,General Community Waterton Lakes National Park 2021,598,2021-06-02 04:00:00,285241,180,Myiozetetes similis,Social Flycatcher,SOFL,24.00,27.00,30.1,t,lite
PC,WLNP-13-3,57657,General Community Waterton Lakes National Park 2021,598,2021-06-02 04:00:00,285241,180,Myrmophylax atrothorax,,,24.00,27.00,26.4,f,lite
PC,WLNP-13-3,57657,General Community Waterton Lakes National Park 2021,598,2021-06-02 04:00:00,285241,180,Cyclarhis gujanensis,Rufous-browed Peppershrike,RBPE,33.00,36.00,26.4,t,lite
PC,WLNP-13-3,57657,General Community Waterton Lakes National Park 2021,598,2021-06-02 04:00:00,285241,180,Grallaria urraoensis,,,129.00,132.00,27.6,f,lite
PC,WLNP-13-3,57657,General Community Waterton Lakes National Park 2021,598,2021-06-02 04:00:00,285241,180,Cardellina canadensis,Canada Warbler,CAWA,135.00,138.00,32.6,t,lite
PC,WLNP-13-3,57657,General Community Waterton Lakes National Park 2021,598,2021-06-02 04:00:00,285241,180,Henicorhina leucophrys,Gray-breasted Wood-Wren,GBWW,144.00,147.00,30.0,t,lite
PC,WLNP-13-3,57657,General Community Waterton Lakes National Park 2021,598,2021-06-02 04:00:00,285241,180,Dumetella carolinensis,Gray Catbird,GRCA,153.00,156.00,43.2,t,lite
PC,WLNP-13-3,57657,General Community Waterton Lakes National Park 2021,598,2021-06-02 04:00:00,285241,180,Tachycineta bicolor,Tree Swallow,TRES,174.00,177.00,55.1,t,lite
PC,WLNP-13-3,57657,General Community Waterton Lakes National Park 2021,598,2021-06-02 04:00:00,285241,180,Forpus conspicillatus,Spectacled Parrotlet,SPPA,174.00,177.00,26.2,t,lite
PC,WLNP-13-3,57657,General Community Waterton Lakes National Park 2021,598,2021-06-02 04:00:00,285241,180,Orochelidon murina,,,174.00,177.00,31.4,f,lite
PC,WLNP-13-3,57657,General Community Waterton Lakes National Park 2021,598,2021-06-02 04:00:00,285241,180,Tachycineta leucopyga,,,174.00,177.00,30.0,f,lite
PC,WLNP-13-3,57657,General Community Waterton Lakes National Park 2021,598,2021-06-02 04:00:00,285241,180,Calliope calliope,,,177.00,180.00,26.3,f,lite
PC,WLNP-13-3,57657,General Community Waterton Lakes National Park 2021,598,2021-06-03 02:40:00,285134,180,*NOT GENERATED/FOUND*,,,,,,f,lite
PC,WLNP-13-3,57657,General Community Waterton Lakes National Park 2021,598,2021-06-03 08:00:00,285002,180,Spinus tristis,American Goldfinch,AMGO,12.00,15.00,36.2,t,lite
PC,WLNP-13-3,57657,General Community Waterton Lakes National Park 2021,598,2021-06-03 08:00:00,285002,180,Myiothlypis nigrocristata,,,21.00,24.00,44.6,f,lite
PC,WLNP-13-3,57657,General Community Waterton Lakes National Park 2021,598,2021-06-03 08:00:00,285002,180,Erithacus rubecula,European Robin,EURO,45.00,48.00,26.0,t,lite
PC,WLNP-13-3,57657,General Community Waterton Lakes National Park 2021,598,2021-06-03 08:00:00,285002,180,Peucaea aestivalis,Bachman's Sparrow,BACS,48.00,51.00,28.9,t,lite
PC,WLNP-13-3,57657,General Community Waterton Lakes National Park 2021,598,2021-06-03 08:00:00,285002,180,Carduelis carduelis,European Goldfinch,EUGO,48.00,51.00,30.4,t,lite
PC,WLNP-13-3,57657,General Community Waterton Lakes National Park 2021,598,2021-06-03 08:00:00,285002,180,Setophaga ruticilla,American Redstart,AMRE,51.00,54.00,28.4,t,lite
PC,WLNP-13-3,57657,General Community Waterton Lakes National Park 2021,598,2021-06-03 08:00:00,285002,180,Phylloscopus cantator,,,54.00,57.00,32.6,f,lite
PC,WLNP-13-3,57657,General Community Waterton Lakes National Park 2021,598,2021-06-03 08:00:00,285002,180,Carduelis carduelis,European Goldfinch,EUGO,63.00,66.00,37.5,t,lite
PC,WLNP-13-3,57657,General Community Waterton Lakes National Park 2021,598,2021-06-03 08:00:00,285002,180,Myiothlypis nigrocristata,,,72.00,75.00,28.3,f,lite
PC,WLNP-13-3,57657,General Community Waterton Lakes National Park 2021,598,2021-06-03 08:00:00,285002,180,Carduelis carduelis,European Goldfinch,EUGO,78.00,81.00,25.6,t,lite
PC,WLNP-13-3,57657,General Community Waterton Lakes National Park 2021,598,2021-06-03 08:00:00,285002,180,Corvus corax,Common Raven,CORA,99.00,102.00,33.4,t,lite
PC,WLNP-13-3,57657,General Community Waterton Lakes National Park 2021,598,2021-06-03 08:00:00,285002,180,Setophaga graciae,Grace's Warbler,GRWA,105.00,108.00,33.7,t,lite
PC,WLNP-13-3,57657,General Community Waterton Lakes National Park 2021,598,2021-06-03 08:00:00,285002,180,Myiothlypis nigrocristata,,,105.00,108.00,32.1,f,lite
PC,WLNP-13-3,57657,General Community Waterton Lakes National Park 2021,598,2021-06-03 08:00:00,285002,180,Phylloscopus trivirgatus,,,117.00,120.00,28.7,f,lite
PC,WLNP-13-3,57657,General Community Waterton Lakes National Park 2021,598,2021-06-03 08:00:00,285002,180,Cardellina canadensis,Canada Warbler,CAWA,123.00,126.00,36.2,t,lite
PC,WLNP-13-3,57657,General Community Waterton Lakes National Park 2021,598,2021-06-03 08:00:00,285002,180,Setophaga aestiva,,,123.00,126.00,32.6,f,lite
PC,WLNP-13-3,57657,General Community Waterton Lakes National Park 2021,598,2021-06-03 08:00:00,285002,180,Spinus tristis,American Goldfinch,AMGO,138.00,141.00,26.5,t,lite
PC,WLNP-13-3,57657,General Community Waterton Lakes National Park 2021,598,2021-06-03 08:00:00,285002,180,Setophaga petechia,Yellow Warbler,YEWA,141.00,144.00,27.9,t,lite
PC,WLNP-13-3,57657,General Community Waterton Lakes National Park 2021,598,2021-06-03 08:00:00,285002,180,Spinus tristis,American Goldfinch,AMGO,144.00,147.00,42.1,t,lite
PC,WLNP-13-3,57657,General Community Waterton Lakes National Park 2021,598,2021-06-03 08:00:00,285002,180,Setophaga ruticilla,American Redstart,AMRE,156.00,159.00,26.2,t,lite
PC,WLNP-13-3,57657,General Community Waterton Lakes National Park 2021,598,2021-06-04 08:20:00,284989,180,Setophaga aestiva,,,6.00,9.00,25.4,f,lite
PC,WLNP-13-3,57657,General Community Waterton Lakes National Park 2021,598,2021-06-04 08:20:00,284989,180,Helmitheros vermivorum,Worm-eating Warbler,WEWA,6.00,9.00,25.8,t,lite
PC,WLNP-13-3,57657,General Community Waterton Lakes National Park 2021,598,2021-06-04 08:20:00,284989,180,Setophaga ruticilla,American Redstart,AMRE,6.00,9.00,26.3,t,lite
PC,WLNP-13-3,57657,General Community Waterton Lakes National Park 2021,598,2021-06-04 08:20:00,284989,180,Setophaga ruticilla,American Redstart,AMRE,9.00,12.00,27.6,t,lite
PC,WLNP-13-3,57657,General Community Waterton Lakes National Park 2021,598,2021-06-04 08:20:00,284989,180,Microrhopias quixensis,Dot-winged Antwren,DWAN,60.00,63.00,27.2,t,lite
PC,WLNP-13-3,57657,General Community Waterton Lakes National Park 2021,598,2021-06-04 08:20:00,284989,180,Setophaga ruticilla,American Redstart,AMRE,93.00,96.00,36.0,t,lite
PC,WLNP-13-3,57657,General Community Waterton Lakes National Park 2021,598,2021-06-04 08:20:00,284989,180,Setophaga petechia,Yellow Warbler,YEWA,102.00,105.00,25.9,t,lite
PC,WLNP-13-3,57657,General Community Waterton Lakes National Park 2021,598,2021-06-04 08:20:00,284989,180,Setophaga ruticilla,American Redstart,AMRE,102.00,105.00,34.7,t,lite
PC,WLNP-13-3,57657,General Community Waterton Lakes National Park 2021,598,2021-06-04 08:20:00,284989,180,Setophaga aestiva,,,102.00,105.00,31.3,f,lite
PC,WLNP-13-3,57657,General Community Waterton Lakes National Park 2021,598,2021-06-04 08:20:00,284989,180,Phylloscopus maforensis,,,114.00,117.00,39.1,f,lite
PC,WLNP-13-3,57657,General Community Waterton Lakes National Park 2021,598,2021-06-04 08:20:00,284989,180,Setophaga aestiva,,,162.00,165.00,25.9,f,lite
PC,WLNP-13-3,57657,General Community Waterton Lakes National Park 2021,598,2021-06-04 08:20:00,284989,180,Setophaga ruticilla,American Redstart,AMRE,174.00,177.00,28.6,t,lite
PC,WLNP-13-3,57657,General Community Waterton Lakes National Park 2021,598,2021-06-06 06:20:00,285116,180,*NOT GENERATED/FOUND*,,,,,,f,lite
PC,WLNP-13-3,57657,General Community Waterton Lakes National Park 2021,598,2021-06-09 22:40:00,285195,180,*NOT GENERATED/FOUND*,,,,,,f,lite
PC,WLNP-13-3,57657,General Community Waterton Lakes National Park 2021,598,2021-06-12 06:00:00,285223,180,*NOT GENERATED/FOUND*,,,,,,f,lite
PC,WLNP-13-3,57657,General Community Waterton Lakes National Park 2021,598,2021-06-13 23:00:00,285190,180,*NOT GENERATED/FOUND*,,,,,,f,lite
PC,WLNP-13-4,57655,General Community Waterton Lakes National Park 2021,598,2021-06-02 22:20:00,285164,180,Aulacorhynchus albivitta,,,27.00,30.00,26.7,f,lite
PC,WLNP-13-4,57655,General Community Waterton Lakes National Park 2021,598,2021-06-02 22:20:00,285164,180,Oreophasis derbianus,Horned Guan,HOGU,27.00,30.00,26.6,t,lite
PC,WLNP-13-4,57655,General Community Waterton Lakes National Park 2021,598,2021-06-02 22:20:00,285164,180,Ardea herodias,Great Blue Heron,GBHE,30.00,33.00,27.6,t,lite
PC,WLNP-13-4,57655,General Community Waterton Lakes National Park 2021,598,2021-06-02 22:20:00,285164,180,Ramphastos toco,,,30.00,33.00,32.9,f,lite
PC,WLNP-13-4,57655,General Community Waterton Lakes National Park 2021,598,2021-06-02 22:20:00,285164,180,Corvus corax,Common Raven,CORA,33.00,36.00,25.2,t,lite
PC,WLNP-13-4,57655,General Community Waterton Lakes National Park 2021,598,2021-06-02 22:20:00,285164,180,Pellorneum pyrrogenys,,,48.00,51.00,27.7,f,lite
PC,WLNP-13-4,57655,General Community Waterton Lakes National Park 2021,598,2021-06-02 22:20:00,285164,180,Pellorneum pyrrogenys,,,51.00,54.00,39.4,f,lite
PC,WLNP-13-4,57655,General Community Waterton Lakes National Park 2021,598,2021-06-02 22:20:00,285164,180,Cyanocorax violaceus,,,51.00,54.00,30.6,f,lite
PC,WLNP-13-4,57655,General Community Waterton Lakes National Park 2021,598,2021-06-02 22:20:00,285164,180,Catharus fuscescens,Veery,VEER,108.00,111.00,31.6,t,lite
PC,WLNP-13-4,57655,General Community Waterton Lakes National Park 2021,598,2021-06-02 22:20:00,285164,180,Catharus fuscescens,Veery,VEER,117.00,120.00,37.6,t,lite
PC,WLNP-13-4,57655,General Community Waterton Lakes National Park 2021,598,2021-06-02 22:20:00,285164,180,Saltator similis,,,117.00,120.00,33.9,f,lite
PC,WLNP-13-4,57655,General Community Waterton Lakes National Park 2021,598,2021-06-02 22:20:00,285164,180,Cyanocorax violaceus,,,117.00,120.00,25.0,f,lite
PC,WLNP-13-4,57655,General Community Waterton Lakes National Park 2021,598,2021-06-02 22:20:00,285164,180,Catharus fuscescens,Veery,VEER,120.00,123.00,28.3,t,lite
PC,WLNP-13-4,57655,General Community Waterton Lakes National Park 2021,598,2021-06-02 22:20:00,285164,180,Catharus fuscescens,Veery,VEER,123.00,126.00,34.3,t,lite
PC,WLNP-13-4,57655,General Community Waterton Lakes National Park 2021,598,2021-06-03 02:00:00,285215,180,*NOT GENERATED/FOUND*,,,,,,f,lite
PC,WLNP-13-4,57655,General Community Waterton Lakes National Park 2021,598,2021-06-04 06:40:00,285146,180,Certhia familiaris,Eurasian Treecreeper,CERFAM,0.00,3.00,33.6,t,lite
PC,WLNP-13-4,57655,General Community Waterton Lakes National Park 2021,598,2021-06-04 06:40:00,285146,180,Setophaga petechia,Yellow Warbler,YEWA,0.00,3.00,27.6,t,lite
PC,WLNP-13-4,57655,General Community Waterton Lakes National Park 2021,598,2021-06-04 06:40:00,285146,180,Setophaga aestiva,,,0.00,3.00,64.0,f,lite
PC,WLNP-13-4,57655,General Community Waterton Lakes National Park 2021,598,2021-06-04 06:40:00,285146,180,Setophaga aestiva,,,9.00,12.00,28.5,f,lite
PC,WLNP-13-4,57655,General Community Waterton Lakes National Park 2021,598,2021-06-04 06:40:00,285146,180,Setophaga pensylvanica,Chestnut-sided Warbler,CSWA,9.00,12.00,29.7,t,lite
PC,WLNP-13-4,57655,General Community Waterton Lakes National Park 2021,598,2021-06-04 06:40:00,285146,180,Setophaga aestiva,,,15.00,18.00,25.3,f,lite
PC,WLNP-13-4,57655,General Community Waterton Lakes National Park 2021,598,2021-06-04 06:40:00,285146,180,Setophaga pensylvanica,Chestnut-sided Warbler,CSWA,15.00,18.00,30.0,t,lite
PC,WLNP-13-4,57655,General Community Waterton Lakes National Park 2021,598,2021-06-04 06:40:00,285146,180,Setophaga aestiva,,,18.00,21.00,49.0,f,lite
PC,WLNP-13-4,57655,General Community Waterton Lakes National Park 2021,598,2021-06-04 06:40:00,285146,180,Setophaga petechia,Yellow Warbler,YEWA,24.00,27.00,28.1,t,lite
PC,WLNP-13-4,57655,General Community Waterton Lakes National Park 2021,598,2021-06-04 06:40:00,285146,180,Setophaga aestiva,,,24.00,27.00,49.9,f,lite
PC,WLNP-13-4,57655,General Community Waterton Lakes National Park 2021,598,2021-06-04 06:40:00,285146,180,Setophaga aestiva,,,27.00,30.00,36.2,f,lite
PC,WLNP-13-4,57655,General Community Waterton Lakes National Park 2021,598,2021-06-04 06:40:00,285146,180,Setophaga petechia,Yellow Warbler,YEWA,30.00,33.00,25.8,t,lite
PC,WLNP-13-4,57655,General Community Waterton Lakes National Park 2021,598,2021-06-04 06:40:00,285146,180,Setophaga aestiva,,,30.00,33.00,53.0,f,lite
PC,WLNP-13-4,57655,General Community Waterton Lakes National Park 2021,598,2021-06-04 06:40:00,285146,180,Setophaga pensylvanica,Chestnut-sided Warbler,CSWA,33.00,36.00,25.1,t,lite
PC,WLNP-13-4,57655,General Community Waterton Lakes National Park 2021,598,2021-06-04 06:40:00,285146,180,Setophaga aestiva,,,36.00,39.00,42.7,f,lite
PC,WLNP-13-4,57655,General Community Waterton Lakes National Park 2021,598,2021-06-04 06:40:00,285146,180,Setophaga pensylvanica,Chestnut-sided Warbler,CSWA,39.00,42.00,25.9,t,lite
PC,WLNP-13-4,57655,General Community Waterton Lakes National Park 2021,598,2021-06-04 06:40:00,285146,180,Setophaga aestiva,,,39.00,42.00,31.6,f,lite
PC,WLNP-13-4,57655,General Community Waterton Lakes National Park 2021,598,2021-06-04 06:40:00,285146,180,Setophaga aestiva,,,42.00,45.00,27.1,f,lite
PC,WLNP-13-4,57655,General Community Waterton Lakes National Park 2021,598,2021-06-04 06:40:00,285146,180,Setophaga pensylvanica,Chestnut-sided Warbler,CSWA,42.00,45.00,43.9,t,lite
PC,WLNP-13-4,57655,General Community Waterton Lakes National Park 2021,598,2021-06-04 06:40:00,285146,180,Setophaga aestiva,,,45.00,48.00,34.7,f,lite
PC,WLNP-13-4,57655,General Community Waterton Lakes National Park 2021,598,2021-06-04 06:40:00,285146,180,Setophaga pensylvanica,Chestnut-sided Warbler,CSWA,48.00,51.00,28.4,t,lite
PC,WLNP-13-4,57655,General Community Waterton Lakes National Park 2021,598,2021-06-04 06:40:00,285146,180,Setophaga pensylvanica,Chestnut-sided Warbler,CSWA,51.00,54.00,30.9,t,lite
PC,WLNP-13-4,57655,General Community Waterton Lakes National Park 2021,598,2021-06-04 06:40:00,285146,180,Setophaga aestiva,,,54.00,57.00,33.1,f,lite
PC,WLNP-13-4,57655,General Community Waterton Lakes National Park 2021,598,2021-06-04 06:40:00,285146,180,Setophaga pensylvanica,Chestnut-sided Warbler,CSWA,57.00,60.00,36.5,t,lite
PC,WLNP-13-4,57655,General Community Waterton Lakes National Park 2021,598,2021-06-04 06:40:00,285146,180,Setophaga aestiva,,,57.00,60.00,28.7,f,lite
PC,WLNP-13-4,57655,General Community Waterton Lakes National Park 2021,598,2021-06-04 06:40:00,285146,180,Setophaga aestiva,,,60.00,63.00,25.4,f,lite
PC,WLNP-13-4,57655,General Community Waterton Lakes National Park 2021,598,2021-06-04 06:40:00,285146,180,Setophaga aestiva,,,63.00,66.00,35.6,f,lite
PC,WLNP-13-4,57655,General Community Waterton Lakes National Park 2021,598,2021-06-04 06:40:00,285146,180,Setophaga petechia,Yellow Warbler,YEWA,63.00,66.00,26.6,t,lite
PC,WLNP-13-4,57655,General Community Waterton Lakes National Park 2021,598,2021-06-04 06:40:00,285146,180,Setophaga petechia,Yellow Warbler,YEWA,72.00,75.00,34.4,t,lite
PC,WLNP-13-4,57655,General Community Waterton Lakes National Park 2021,598,2021-06-04 06:40:00,285146,180,Setophaga aestiva,,,72.00,75.00,48.9,f,lite
PC,WLNP-13-4,57655,General Community Waterton Lakes National Park 2021,598,2021-06-04 06:40:00,285146,180,Myioborus pictus,Painted Redstart,PARE,78.00,81.00,27.8,t,lite
PC,WLNP-13-4,57655,General Community Waterton Lakes National Park 2021,598,2021-06-04 06:40:00,285146,180,Setophaga aestiva,,,81.00,84.00,30.9,f,lite
PC,WLNP-13-4,57655,General Community Waterton Lakes National Park 2021,598,2021-06-04 06:40:00,285146,180,Phylloscopus trochilus,Willow Warbler,WILW,84.00,87.00,28.3,t,lite
PC,WLNP-13-4,57655,General Community Waterton Lakes National Park 2021,598,2021-06-04 06:40:00,285146,180,Setophaga aestiva,,,84.00,87.00,46.8,f,lite
PC,WLNP-13-4,57655,General Community Waterton Lakes National Park 2021,598,2021-06-04 06:40:00,285146,180,Setophaga petechia,Yellow Warbler,YEWA,84.00,87.00,41.7,t,lite
PC,WLNP-13-4,57655,General Community Waterton Lakes National Park 2021,598,2021-06-04 06:40:00,285146,180,Cardellina canadensis,Canada Warbler,CAWA,87.00,90.00,25.9,t,lite
PC,WLNP-13-4,57655,General Community Waterton Lakes National Park 2021,598,2021-06-04 06:40:00,285146,180,Cardellina rubrifrons,Red-faced Warbler,RFWA,87.00,90.00,29.0,t,lite
PC,WLNP-13-4,57655,General Community Waterton Lakes National Park 2021,598,2021-06-04 06:40:00,285146,180,Setophaga aestiva,,,87.00,90.00,26.3,f,lite
PC,WLNP-13-4,57655,General Community Waterton Lakes National Park 2021,598,2021-06-04 06:40:00,285146,180,Setophaga petechia,Yellow Warbler,YEWA,93.00,96.00,33.4,t,lite
PC,WLNP-13-4,57655,General Community Waterton Lakes National Park 2021,598,2021-06-04 06:40:00,285146,180,Setophaga aestiva,,,93.00,96.00,57.2,f,lite
PC,WLNP-13-4,57655,General Community Waterton Lakes National Park 2021,598,2021-06-04 06:40:00,285146,180,Setophaga pensylvanica,Chestnut-sided Warbler,CSWA,96.00,99.00,25.1,t,lite
PC,WLNP-13-4,57655,General Community Waterton Lakes National Park 2021,598,2021-06-04 06:40:00,285146,180,Basileuterus rufifrons,Rufous-capped Warbler,RCWA,102.00,105.00,29.9,t,lite
PC,WLNP-13-4,57655,General Community Waterton Lakes National Park 2021,598,2021-06-04 06:40:00,285146,180,Atlapetes flaviceps,,,102.00,105.00,29.8,f,lite
PC,WLNP-13-4,57655,General Community Waterton Lakes National Park 2021,598,2021-06-04 06:40:00,285146,180,Setophaga aestiva,,,111.00,114.00,26.0,f,lite
PC,WLNP-13-4,57655,General Community Waterton Lakes National Park 2021,598,2021-06-04 06:40:00,285146,180,Setophaga aestiva,,,117.00,120.00,37.7,f,lite
PC,WLNP-13-4,57655,General Community Waterton Lakes National Park 2021,598,2021-06-04 06:40:00,285146,180,Setophaga pensylvanica,Chestnut-sided Warbler,CSWA,123.00,126.00,34.8,t,lite
PC,WLNP-13-4,57655,General Community Waterton Lakes National Park 2021,598,2021-06-04 06:40:00,285146,180,Spinus tristis,American Goldfinch,AMGO,129.00,132.00,29.0,t,lite
PC,WLNP-13-4,57655,General Community Waterton Lakes National Park 2021,598,2021-06-04 06:40:00,285146,180,Atlapetes flaviceps,,,129.00,132.00,25.6,f,lite
PC,WLNP-13-4,57655,General Community Waterton Lakes National Park 2021,598,2021-06-04 06:40:00,285146,180,Basileuterus rufifrons,Rufous-capped Warbler,RCWA,132.00,135.00,28.4,t,lite
PC,WLNP-13-4,57655,General Community Waterton Lakes National Park 2021,598,2021-06-04 06:40:00,285146,180,Setophaga aestiva,,,132.00,135.00,35.2,f,lite
PC,WLNP-13-4,57655,General Community Waterton Lakes National Park 2021,598,2021-06-04 06:40:00,285146,180,Setophaga pensylvanica,Chestnut-sided Warbler,CSWA,138.00,141.00,26.0,t,lite
PC,WLNP-13-4,57655,General Community Waterton Lakes National Park 2021,598,2021-06-04 06:40:00,285146,180,Spinus tristis,American Goldfinch,AMGO,144.00,147.00,37.8,t,lite
PC,WLNP-13-4,57655,General Community Waterton Lakes National Park 2021,598,2021-06-04 06:40:00,285146,180,Carduelis carduelis,European Goldfinch,EUGO,144.00,147.00,32.1,t,lite
PC,WLNP-13-4,57655,General Community Waterton Lakes National Park 2021,598,2021-06-04 06:40:00,285146,180,Setophaga pensylvanica,Chestnut-sided Warbler,CSWA,147.00,150.00,39.5,t,lite
PC,WLNP-13-4,57655,General Community Waterton Lakes National Park 2021,598,2021-06-04 06:40:00,285146,180,Setophaga pensylvanica,Chestnut-sided Warbler,CSWA,153.00,156.00,29.9,t,lite
PC,WLNP-13-4,57655,General Community Waterton Lakes National Park 2021,598,2021-06-04 06:40:00,285146,180,Emberiza goslingi,,,159.00,162.00,29.3,f,lite
PC,WLNP-13-4,57655,General Community Waterton Lakes National Park 2021,598,2021-06-04 06:40:00,285146,180,Setophaga pensylvanica,Chestnut-sided Warbler,CSWA,159.00,162.00,54.2,t,lite
PC,WLNP-13-4,57655,General Community Waterton Lakes National Park 2021,598,2021-06-04 06:40:00,285146,180,Phylloscopus claudiae,,,159.00,162.00,32.1,f,lite
PC,WLNP-13-4,57655,General Community Waterton Lakes National Park 2021,598,2021-06-04 06:40:00,285146,180,Setophaga pensylvanica,Chestnut-sided Warbler,CSWA,168.00,171.00,53.0,t,lite
PC,WLNP-13-4,57655,General Community Waterton Lakes National Park 2021,598,2021-06-04 06:40:00,285146,180,Setophaga pensylvanica,Chestnut-sided Warbler,CSWA,174.00,177.00,41.0,t,lite
PC,WLNP-13-4,57655,General Community Waterton Lakes National Park 2021,598,2021-06-06 04:40:00,285005,180,Setophaga ruticilla,American Redstart,AMRE,57.00,60.00,31.3,t,lite
PC,WLNP-13-4,57655,General Community Waterton Lakes National Park 2021,598,2021-06-06 04:40:00,285005,180,Crithagra rufobrunnea,,,60.00,63.00,26.5,f,lite
PC,WLNP-13-4,57655,General Community Waterton Lakes National Park 2021,598,2021-06-06 04:40:00,285005,180,Setophaga aestiva,,,60.00,63.00,30.0,f,lite
PC,WLNP-13-4,57655,General Community Waterton Lakes National Park 2021,598,2021-06-06 04:40:00,285005,180,Setophaga pensylvanica,Chestnut-sided Warbler,CSWA,66.00,69.00,28.2,t,lite
PC,WLNP-13-4,57655,General Community Waterton Lakes National Park 2021,598,2021-06-06 04:40:00,285005,180,Setophaga aestiva,,,66.00,69.00,25.0,f,lite
PC,WLNP-13-4,57655,General Community Waterton Lakes National Park 2021,598,2021-06-06 04:40:00,285005,180,Setophaga pensylvanica,Chestnut-sided Warbler,CSWA,84.00,87.00,26.9,t,lite
PC,WLNP-13-4,57655,General Community Waterton Lakes National Park 2021,598,2021-06-06 04:40:00,285005,180,Setophaga aestiva,,,93.00,96.00,34.6,f,lite
PC,WLNP-13-4,57655,General Community Waterton Lakes National Park 2021,598,2021-06-06 04:40:00,285005,180,Setophaga aestiva,,,114.00,117.00,29.5,f,lite
PC,WLNP-13-4,57655,General Community Waterton Lakes National Park 2021,598,2021-06-06 04:40:00,285005,180,Troglodytes troglodytes,Eurasian Wren,4734,114.00,117.00,33.3,t,lite
PC,WLNP-13-4,57655,General Community Waterton Lakes National Park 2021,598,2021-06-06 04:40:00,285005,180,Setophaga pensylvanica,Chestnut-sided Warbler,CSWA,123.00,126.00,32.4,t,lite
PC,WLNP-13-4,57655,General Community Waterton Lakes National Park 2021,598,2021-06-06 04:40:00,285005,180,Setophaga pensylvanica,Chestnut-sided Warbler,CSWA,138.00,141.00,32.7,t,lite
PC,WLNP-13-4,57655,General Community Waterton Lakes National Park 2021,598,2021-06-06 04:40:00,285005,180,Setophaga aestiva,,,144.00,147.00,29.6,f,lite
PC,WLNP-13-4,57655,General Community Waterton Lakes National Park 2021,598,2021-06-06 04:40:00,285005,180,Setophaga pensylvanica,Chestnut-sided Warbler,CSWA,144.00,147.00,29.6,t,lite
PC,WLNP-13-4,57655,General Community Waterton Lakes National Park 2021,598,2021-06-06 04:40:00,285005,180,Phylloscopus cantator,,,144.00,147.00,28.9,f,lite
PC,WLNP-13-4,57655,General Community Waterton Lakes National Park 2021,598,2021-06-06 04:40:00,285005,180,Phylloscopus claudiae,,,153.00,156.00,25.8,f,lite
PC,WLNP-13-4,57655,General Community Waterton Lakes National Park 2021,598,2021-06-06 04:40:00,285005,180,Setophaga aestiva,,,153.00,156.00,37.8,f,lite
PC,WLNP-13-4,57655,General Community Waterton Lakes National Park 2021,598,2021-06-06 04:40:00,285005,180,Basileuterus rufifrons,Rufous-capped Warbler,RCWA,153.00,156.00,25.2,t,lite
PC,WLNP-13-4,57655,General Community Waterton Lakes National Park 2021,598,2021-06-06 04:40:00,285005,180,Troglodytes troglodytes,Eurasian Wren,4734,159.00,162.00,32.5,t,lite
PC,WLNP-13-4,57655,General Community Waterton Lakes National Park 2021,598,2021-06-06 04:40:00,285005,180,Setophaga pensylvanica,Chestnut-sided Warbler,CSWA,165.00,168.00,39.3,t,lite
PC,WLNP-13-4,57655,General Community Waterton Lakes National Park 2021,598,2021-06-06 04:40:00,285005,180,Basileuterus rufifrons,Rufous-capped Warbler,RCWA,177.00,180.00,25.1,t,lite
PC,WLNP-13-4,57655,General Community Waterton Lakes National Park 2021,598,2021-06-06 07:20:00,285226,180,Setophaga pensylvanica,Chestnut-sided Warbler,CSWA,3.00,6.00,25.2,t,lite
PC,WLNP-13-4,57655,General Community Waterton Lakes National Park 2021,598,2021-06-06 07:20:00,285226,180,Setophaga aestiva,,,12.00,15.00,26.5,f,lite
PC,WLNP-13-4,57655,General Community Waterton Lakes National Park 2021,598,2021-06-06 07:20:00,285226,180,Setophaga pensylvanica,Chestnut-sided Warbler,CSWA,12.00,15.00,34.6,t,lite
PC,WLNP-13-4,57655,General Community Waterton Lakes National Park 2021,598,2021-06-06 07:20:00,285226,180,Prinia hodgsonii,,,42.00,45.00,26.4,f,lite
PC,WLNP-13-4,57655,General Community Waterton Lakes National Park 2021,598,2021-06-06 07:20:00,285226,180,Passerina amoena,Lazuli Bunting,LAZB,66.00,69.00,26.4,t,lite
PC,WLNP-13-4,57655,General Community Waterton Lakes National Park 2021,598,2021-06-06 07:20:00,285226,180,Anthus trivialis,Tree Pipit,TRPI,66.00,69.00,25.2,t,lite
PC,WLNP-13-4,57655,General Community Waterton Lakes National Park 2021,598,2021-06-09 06:20:00,284983,180,Setophaga pensylvanica,Chestnut-sided Warbler,CSWA,3.00,6.00,30.4,t,lite
PC,WLNP-13-4,57655,General Community Waterton Lakes National Park 2021,598,2021-06-09 06:20:00,284983,180,Setophaga aestiva,,,3.00,6.00,25.1,f,lite
PC,WLNP-13-4,57655,General Community Waterton Lakes National Park 2021,598,2021-06-09 06:20:00,284983,180,Setophaga pensylvanica,Chestnut-sided Warbler,CSWA,6.00,9.00,25.6,t,lite
PC,WLNP-13-4,57655,General Community Waterton Lakes National Park 2021,598,2021-06-09 06:20:00,284983,180,Setophaga aestiva,,,6.00,9.00,25.7,f,lite
PC,WLNP-13-4,57655,General Community Waterton Lakes National Park 2021,598,2021-06-09 06:20:00,284983,180,Setophaga pensylvanica,Chestnut-sided Warbler,CSWA,9.00,12.00,30.5,t,lite
PC,WLNP-13-4,57655,General Community Waterton Lakes National Park 2021,598,2021-06-09 06:20:00,284983,180,Phylloscopus nitidus,,,12.00,15.00,29.5,f,lite
PC,WLNP-13-4,57655,General Community Waterton Lakes National Park 2021,598,2021-06-09 06:20:00,284983,180,Setophaga aestiva,,,12.00,15.00,31.4,f,lite
PC,WLNP-13-4,57655,General Community Waterton Lakes National Park 2021,598,2021-06-09 06:20:00,284983,180,Setophaga pensylvanica,Chestnut-sided Warbler,CSWA,12.00,15.00,54.3,t,lite
PC,WLNP-13-4,57655,General Community Waterton Lakes National Park 2021,598,2021-06-09 06:20:00,284983,180,Treron sieboldii,,,15.00,18.00,26.5,f,lite
PC,WLNP-13-4,57655,General Community Waterton Lakes National Park 2021,598,2021-06-09 06:20:00,284983,180,Setophaga aestiva,,,18.00,21.00,28.8,f,lite
PC,WLNP-13-4,57655,General Community Waterton Lakes National Park 2021,598,2021-06-09 06:20:00,284983,180,Setophaga pensylvanica,Chestnut-sided Warbler,CSWA,18.00,21.00,51.3,t,lite
PC,WLNP-13-4,57655,General Community Waterton Lakes National Park 2021,598,2021-06-09 06:20:00,284983,180,Setophaga aestiva,,,24.00,27.00,44.7,f,lite
PC,WLNP-13-4,57655,General Community Waterton Lakes National Park 2021,598,2021-06-09 06:20:00,284983,180,Setophaga petechia,Yellow Warbler,YEWA,24.00,27.00,28.3,t,lite
PC,WLNP-13-4,57655,General Community Waterton Lakes National Park 2021,598,2021-06-09 06:20:00,284983,180,Setophaga aestiva,,,30.00,33.00,32.7,f,lite
PC,WLNP-13-4,57655,General Community Waterton Lakes National Park 2021,598,2021-06-09 06:20:00,284983,180,Setophaga pensylvanica,Chestnut-sided Warbler,CSWA,33.00,36.00,29.9,t,lite
PC,WLNP-13-4,57655,General Community Waterton Lakes National Park 2021,598,2021-06-09 06:20:00,284983,180,Setophaga aestiva,,,33.00,36.00,42.6,f,lite
PC,WLNP-13-4,57655,General Community Waterton Lakes National Park 2021,598,2021-06-09 06:20:00,284983,180,Setophaga petechia,Yellow Warbler,YEWA,36.00,39.00,38.3,t,lite
PC,WLNP-13-4,57655,General Community Waterton Lakes National Park 2021,598,2021-06-09 06:20:00,284983,180,Setophaga aestiva,,,36.00,39.00,47.2,f,lite
PC,WLNP-13-4,57655,General Community Waterton Lakes National Park 2021,598,2021-06-09 06:20:00,284983,180,Setophaga pensylvanica,Chestnut-sided Warbler,CSWA,39.00,42.00,33.5,t,lite
PC,WLNP-13-4,57655,General Community Waterton Lakes National Park 2021,598,2021-06-09 06:20:00,284983,180,Setophaga aestiva,,,39.00,42.00,50.8,f,lite
PC,WLNP-13-4,57655,General Community Waterton Lakes National Park 2021,598,2021-06-09 06:20:00,284983,180,Setophaga petechia,Yellow Warbler,YEWA,39.00,42.00,26.6,t,lite
PC,WLNP-13-4,57655,General Community Waterton Lakes National Park 2021,598,2021-06-09 06:20:00,284983,180,Basileuterus rufifrons,Rufous-capped Warbler,RCWA,39.00,42.00,28.3,t,lite
PC,WLNP-13-4,57655,General Community Waterton Lakes National Park 2021,598,2021-06-09 06:20:00,284983,180,Setophaga pensylvanica,Chestnut-sided Warbler,CSWA,42.00,45.00,40.7,t,lite
PC,WLNP-13-4,57655,General Community Waterton Lakes National Park 2021,598,2021-06-09 06:20:00,284983,180,Phylloscopus cantator,,,42.00,45.00,29.5,f,lite
PC,WLNP-13-4,57655,General Community Waterton Lakes National Park 2021,598,2021-06-09 06:20:00,284983,180,Setophaga aestiva,,,42.00,45.00,50.5,f,lite
PC,WLNP-13-4,57655,General Community Waterton Lakes National Park 2021,598,2021-06-09 06:20:00,284983,180,Setophaga aestiva,,,45.00,48.00,31.8,f,lite
PC,WLNP-13-4,57655,General Community Waterton Lakes National Park 2021,598,2021-06-09 06:20:00,284983,180,Setophaga petechia,Yellow Warbler,YEWA,45.00,48.00,29.6,t,lite
PC,WLNP-13-4,57655,General Community Waterton Lakes National Park 2021,598,2021-06-09 06:20:00,284983,180,Setophaga aestiva,,,48.00,51.00,26.5,f,lite
PC,WLNP-13-4,57655,General Community Waterton Lakes National Park 2021,598,2021-06-09 06:20:00,284983,180,Setophaga aestiva,,,51.00,54.00,57.4,f,lite
PC,WLNP-13-4,57655,General Community Waterton Lakes National Park 2021,598,2021-06-09 06:20:00,284983,180,Basileuterus rufifrons,Rufous-capped Warbler,RCWA,51.00,54.00,25.5,t,lite
PC,WLNP-13-4,57655,General Community Waterton Lakes National Park 2021,598,2021-06-09 06:20:00,284983,180,Setophaga petechia,Yellow Warbler,YEWA,51.00,54.00,27.9,t,lite
PC,WLNP-13-4,57655,General Community Waterton Lakes National Park 2021,598,2021-06-09 06:20:00,284983,180,Setophaga aestiva,,,54.00,57.00,37.3,f,lite
PC,WLNP-13-4,57655,General Community Waterton Lakes National Park 2021,598,2021-06-09 06:20:00,284983,180,Setophaga pensylvanica,Chestnut-sided Warbler,CSWA,57.00,60.00,45.8,t,lite
PC,WLNP-13-4,57655,General Community Waterton Lakes National Park 2021,598,2021-06-09 06:20:00,284983,180,Setophaga petechia,Yellow Warbler,YEWA,57.00,60.00,40.6,t,lite
PC,WLNP-13-4,57655,General Community Waterton Lakes National Park 2021,598,2021-06-09 06:20:00,284983,180,Setophaga aestiva,,,57.00,60.00,59.1,f,lite
PC,WLNP-13-4,57655,General Community Waterton Lakes National Park 2021,598,2021-06-09 06:20:00,284983,180,Setophaga pensylvanica,Chestnut-sided Warbler,CSWA,63.00,66.00,33.2,t,lite
PC,WLNP-13-4,57655,General Community Waterton Lakes National Park 2021,598,2021-06-09 06:20:00,284983,180,Setophaga aestiva,,,63.00,66.00,29.6,f,lite
PC,WLNP-13-4,57655,General Community Waterton Lakes National Park 2021,598,2021-06-09 06:20:00,284983,180,Setophaga aestiva,,,72.00,75.00,29.7,f,lite
PC,WLNP-13-4,57655,General Community Waterton Lakes National Park 2021,598,2021-06-09 06:20:00,284983,180,Setophaga aestiva,,,81.00,84.00,38.8,f,lite
PC,WLNP-13-4,57655,General Community Waterton Lakes National Park 2021,598,2021-06-09 06:20:00,284983,180,Setophaga aestiva,,,99.00,102.00,27.2,f,lite
PC,WLNP-13-4,57655,General Community Waterton Lakes National Park 2021,598,2021-06-09 06:20:00,284983,180,Setophaga pensylvanica,Chestnut-sided Warbler,CSWA,102.00,105.00,31.7,t,lite
PC,WLNP-13-4,57655,General Community Waterton Lakes National Park 2021,598,2021-06-09 06:20:00,284983,180,Phylloscopus xanthoschistos,,,120.00,123.00,27.2,f,lite
PC,WLNP-13-4,57655,General Community Waterton Lakes National Park 2021,598,2021-06-09 06:20:00,284983,180,Setophaga aestiva,,,120.00,123.00,25.1,f,lite
PC,WLNP-13-4,57655,General Community Waterton Lakes National Park 2021,598,2021-06-09 06:20:00,284983,180,Setophaga ruticilla,American Redstart,AMRE,120.00,123.00,35.0,t,lite
PC,WLNP-13-4,57655,General Community Waterton Lakes National Park 2021,598,2021-06-09 06:20:00,284983,180,Setophaga aestiva,,,123.00,126.00,27.9,f,lite
PC,WLNP-13-4,57655,General Community Waterton Lakes National Park 2021,598,2021-06-09 06:20:00,284983,180,Setophaga ruticilla,American Redstart,AMRE,129.00,132.00,43.1,t,lite
PC,WLNP-13-4,57655,General Community Waterton Lakes National Park 2021,598,2021-06-09 06:20:00,284983,180,Setophaga aestiva,,,147.00,150.00,36.1,f,lite
PC,WLNP-13-4,57655,General Community Waterton Lakes National Park 2021,598,2021-06-09 06:20:00,284983,180,Setophaga aestiva,,,150.00,153.00,27.0,f,lite
PC,WLNP-13-4,57655,General Community Waterton Lakes National Park 2021,598,2021-06-09 06:20:00,284983,180,Setophaga aestiva,,,156.00,159.00,31.7,f,lite
PC,WLNP-13-4,57655,General Community Waterton Lakes National Park 2021,598,2021-06-09 06:20:00,284983,180,Setophaga pensylvanica,Chestnut-sided Warbler,CSWA,159.00,162.00,25.2,t,lite
PC,WLNP-13-4,57655,General Community Waterton Lakes National Park 2021,598,2021-06-09 06:20:00,284983,180,Setophaga aestiva,,,174.00,177.00,41.9,f,lite
PC,WLNP-13-4,57655,General Community Waterton Lakes National Park 2021,598,2021-06-10 23:00:00,285076,180,*NOT GENERATED/FOUND*,,,,,,f,lite
PC,WLNP-13-4,57655,General Community Waterton Lakes National Park 2021,598,2021-06-13 04:00:00,285193,180,Megascops choliba,Tropical Screech-Owl,TRSO,60.00,63.00,26.1,t,lite
PC,WLNP-13-4,57655,General Community Waterton Lakes National Park 2021,598,2021-06-13 04:00:00,285193,180,Aegolius funereus,Boreal Owl,BOOW,60.00,63.00,52.7,t,lite
PC,WLNP-13-4,57655,General Community Waterton Lakes National Park 2021,598,2021-06-13 04:00:00,285193,180,Turdus cardis,,,90.00,93.00,27.7,f,lite
PC,WLNP-13-4,57655,General Community Waterton Lakes National Park 2021,598,2021-06-13 04:00:00,285193,180,Porzana carolina,Sora,SORA,93.00,96.00,25.2,t,lite
PC,WLNP-13-4,57655,General Community Waterton Lakes National Park 2021,598,2021-06-13 04:00:00,285193,180,Tyrannus couchii,Couch's Kingbird,COKI,141.00,144.00,28.9,t,lite
PC,WLNP-13-4,57655,General Community Waterton Lakes National Park 2021,598,2021-06-13 04:00:00,285193,180,Elaenia frantzii,Mountain Elaenia,MOEL,141.00,144.00,34.4,t,lite
PC,WLNP-13-4,57655,General Community Waterton Lakes National Park 2021,598,2021-06-13 04:00:00,285193,180,Chordeiles minor,Common Nighthawk,CONI,141.00,144.00,30.3,t,lite
PC,WLNP-15-1,58517,General Community Waterton Lakes National Park 2021,598,2021-06-01 02:00:00,285092,180,*NOT GENERATED/FOUND*,,,,,,f,lite
PC,WLNP-15-1,58517,General Community Waterton Lakes National Park 2021,598,2021-06-01 02:20:00,285061,180,*NOT GENERATED/FOUND*,,,,,,f,lite
PC,WLNP-15-1,58517,General Community Waterton Lakes National Park 2021,598,2021-06-03 04:20:00,285209,180,*NOT GENERATED/FOUND*,,,,,,f,lite
PC,WLNP-15-1,58517,General Community Waterton Lakes National Park 2021,598,2021-06-06 22:40:00,285150,180,*NOT GENERATED/FOUND*,,,,,,f,lite
PC,WLNP-15-1,58517,General Community Waterton Lakes National Park 2021,598,2021-06-07 22:20:00,285024,180,*NOT GENERATED/FOUND*,,,,,,f,lite
PC,WLNP-15-1,58517,General Community Waterton Lakes National Park 2021,598,2021-06-08 07:40:00,284993,180,Gymnobucco calvus,,,126.00,129.00,25.3,f,lite
PC,WLNP-15-1,58517,General Community Waterton Lakes National Park 2021,598,2021-06-08 07:40:00,284993,180,Lepidocolaptes affinis,Spot-crowned Woodcreeper,SCRW,126.00,129.00,38.2,t,lite
PC,WLNP-15-1,58517,General Community Waterton Lakes National Park 2021,598,2021-06-10 07:20:00,284977,180,*NOT GENERATED/FOUND*,,,,,,f,lite
PC,WLNP-15-1,58517,General Community Waterton Lakes National Park 2021,598,2021-06-13 22:20:00,285078,180,*NOT GENERATED/FOUND*,,,,,,f,lite
PC,WLNP-15-2,57650,General Community Waterton Lakes National Park 2021,598,2021-05-31 04:40:00,285051,180,*NOT GENERATED/FOUND*,,,,,,f,lite
PC,WLNP-15-2,57650,General Community Waterton Lakes National Park 2021,598,2021-06-03 04:20:00,285121,180,Hylophilus flavipes,Scrub Greenlet,SCRG,162.00,165.00,28.1,t,lite
PC,WLNP-15-2,57650,General Community Waterton Lakes National Park 2021,598,2021-06-07 08:40:00,285097,180,Incaspiza personata,,,30.00,33.00,26.4,f,lite
PC,WLNP-15-2,57650,General Community Waterton Lakes National Park 2021,598,2021-06-09 23:00:00,285057,180,*NOT GENERATED/FOUND*,,,,,,f,lite
PC,WLNP-15-2,57650,General Community Waterton Lakes National Park 2021,598,2021-06-10 22:20:00,285135,180,*NOT GENERATED/FOUND*,,,,,,f,lite
PC,WLNP-15-2,57650,General Community Waterton Lakes National Park 2021,598,2021-06-12 08:20:00,285175,180,Calypte costae,Costa's Hummingbird,COHU,72.00,75.00,26.1,t,lite
PC,WLNP-15-2,57650,General Community Waterton Lakes National Park 2021,598,2021-06-13 08:20:00,285063,180,*NOT GENERATED/FOUND*,,,,,,f,lite
PC,WLNP-15-2,57650,General Community Waterton Lakes National Park 2021,598,2021-06-14 06:00:00,285122,180,Myioborus miniatus,Slate-throated Redstart,STRE,69.00,72.00,27.7,t,lite
PC,WLNP-15-2,57650,General Community Waterton Lakes National Park 2021,598,2021-06-14 06:00:00,285122,180,Myioborus miniatus,Slate-throated Redstart,STRE,81.00,84.00,26.6,t,lite
PC,WLNP-15-2,57650,General Community Waterton Lakes National Park 2021,598,2021-06-14 06:00:00,285122,180,Hylophilus flavipes,Scrub Greenlet,SCRG,96.00,99.00,27.2,t,lite
PC,WLNP-15-2,57650,General Community Waterton Lakes National Park 2021,598,2021-06-14 06:00:00,285122,180,Myrmornis torquata,Wing-banded Antbird,WBAA,96.00,99.00,26.6,t,lite
PC,WLNP-15-2,57650,General Community Waterton Lakes National Park 2021,598,2021-06-14 06:00:00,285122,180,Hylophilus semicinereus,,,96.00,99.00,31.3,f,lite
PC,WLNP-16-1,57644,General Community Waterton Lakes National Park 2021,598,2021-06-06 04:00:00,285247,180,*NOT GENERATED/FOUND*,,,,,,f,lite
PC,WLNP-16-1,57644,General Community Waterton Lakes National Park 2021,598,2021-06-07 07:20:00,285129,180,*NOT GENERATED/FOUND*,,,,,,f,lite
PC,WLNP-16-1,57644,General Community Waterton Lakes National Park 2021,598,2021-06-08 02:00:00,285069,180,*NOT GENERATED/FOUND*,,,,,,f,lite
PC,WLNP-16-1,57644,General Community Waterton Lakes National Park 2021,598,2021-06-11 04:20:00,285031,180,*NOT GENERATED/FOUND*,,,,,,f,lite
PC,WLNP-16-1,57644,General Community Waterton Lakes National Park 2021,598,2021-06-13 02:00:00,285139,180,*NOT GENERATED/FOUND*,,,,,,f,lite
PC,WLNP-16-1,57644,General Community Waterton Lakes National Park 2021,598,2021-06-14 04:20:00,285038,180,*NOT GENERATED/FOUND*,,,,,,f,lite
PC,WLNP-16-1,57644,General Community Waterton Lakes National Park 2021,598,2021-06-14 05:20:00,285016,180,Zoothera aurea,White's Thrush,WHTH,63.00,66.00,42.3,t,lite
PC,WLNP-16-1,57644,General Community Waterton Lakes National Park 2021,598,2021-06-14 05:20:00,285016,180,Emberiza cirlus,Cirl Bunting,EMBCIR,69.00,72.00,45.1,t,lite
PC,WLNP-16-1,57644,General Community Waterton Lakes National Park 2021,598,2021-06-14 05:20:00,285016,180,Zoothera aurea,White's Thrush,WHTH,75.00,78.00,35.6,t,lite
PC,WLNP-16-1,57644,General Community Waterton Lakes National Park 2021,598,2021-06-14 05:20:00,285016,180,Zoothera aurea,White's Thrush,WHTH,168.00,171.00,28.8,t,lite
PC,WLNP-16-1,57644,General Community Waterton Lakes National Park 2021,598,2021-06-14 05:40:00,285052,180,Zoothera aurea,White's Thrush,WHTH,42.00,45.00,28.4,t,lite
PC,WLNP-16-1,57644,General Community Waterton Lakes National Park 2021,598,2021-06-14 05:40:00,285052,180,Zoothera aurea,White's Thrush,WHTH,96.00,99.00,25.4,t,lite
PC,WLNP-16-1,57644,General Community Waterton Lakes National Park 2021,598,2021-06-14 05:40:00,285052,180,Cyphorhinus thoracicus,,,108.00,111.00,31.5,f,lite
PC,WLNP-16-2,57645,General Community Waterton Lakes National Park 2021,598,2021-06-08 07:00:00,285073,180,Turdus philomelos,Song Thrush,SOTH,0.00,3.00,29.5,t,lite
PC,WLNP-16-2,57645,General Community Waterton Lakes National Park 2021,598,2021-06-08 07:00:00,285073,180,Turdus migratorius,American Robin,AMRO,0.00,3.00,48.2,t,lite
PC,WLNP-16-2,57645,General Community Waterton Lakes National Park 2021,598,2021-06-08 07:00:00,285073,180,Turdus boulboul,,,0.00,3.00,34.9,f,lite
PC,WLNP-16-2,57645,General Community Waterton Lakes National Park 2021,598,2021-06-08 07:00:00,285073,180,Turdus migratorius,American Robin,AMRO,9.00,12.00,37.6,t,lite
PC,WLNP-16-2,57645,General Community Waterton Lakes National Park 2021,598,2021-06-08 07:00:00,285073,180,Turdus migratorius,American Robin,AMRO,45.00,48.00,27.2,t,lite
PC,WLNP-16-2,57645,General Community Waterton Lakes National Park 2021,598,2021-06-08 07:00:00,285073,180,Turdus migratorius,American Robin,AMRO,87.00,90.00,27.7,t,lite
PC,WLNP-16-2,57645,General Community Waterton Lakes National Park 2021,598,2021-06-08 07:00:00,285073,180,Turdus migratorius,American Robin,AMRO,93.00,96.00,26.1,t,lite
PC,WLNP-16-2,57645,General Community Waterton Lakes National Park 2021,598,2021-06-08 07:00:00,285073,180,Turdus migratorius,American Robin,AMRO,96.00,99.00,37.0,t,lite
PC,WLNP-16-2,57645,General Community Waterton Lakes National Park 2021,598,2021-06-08 07:00:00,285073,180,Turdus migratorius,American Robin,AMRO,102.00,105.00,25.4,t,lite
PC,WLNP-16-2,57645,General Community Waterton Lakes National Park 2021,598,2021-06-08 07:00:00,285073,180,Turdus viscivorus,Mistle Thrush,MITH,102.00,105.00,35.3,t,lite
PC,WLNP-16-2,57645,General Community Waterton Lakes National Park 2021,598,2021-06-08 07:00:00,285073,180,Turdus viscivorus,Mistle Thrush,MITH,105.00,108.00,36.2,t,lite
PC,WLNP-16-2,57645,General Community Waterton Lakes National Park 2021,598,2021-06-08 07:00:00,285073,180,Percnostola rufifrons,,,108.00,111.00,31.5,f,lite
PC,WLNP-16-2,57645,General Community Waterton Lakes National Park 2021,598,2021-06-08 07:00:00,285073,180,Turdus chrysolaus,,,123.00,126.00,31.0,f,lite
PC,WLNP-16-2,57645,General Community Waterton Lakes National Park 2021,598,2021-06-08 07:00:00,285073,180,Turdus migratorius,American Robin,AMRO,129.00,132.00,35.4,t,lite
PC,WLNP-16-2,57645,General Community Waterton Lakes National Park 2021,598,2021-06-08 07:00:00,285073,180,Turdus cardis,,,135.00,138.00,25.8,f,lite
PC,WLNP-16-2,57645,General Community Waterton Lakes National Park 2021,598,2021-06-08 07:00:00,285073,180,Turdus migratorius,American Robin,AMRO,135.00,138.00,28.9,t,lite
PC,WLNP-16-2,57645,General Community Waterton Lakes National Park 2021,598,2021-06-08 07:00:00,285073,180,Turdus philomelos,Song Thrush,SOTH,150.00,153.00,27.9,t,lite
PC,WLNP-16-2,57645,General Community Waterton Lakes National Park 2021,598,2021-06-08 07:00:00,285073,180,Turdus migratorius,American Robin,AMRO,150.00,153.00,36.9,t,lite
PC,WLNP-16-2,57645,General Community Waterton Lakes National Park 2021,598,2021-06-08 07:00:00,285073,180,Spinus pinus,Pine Siskin,PISI,162.00,165.00,27.8,t,lite
PC,WLNP-16-2,57645,General Community Waterton Lakes National Park 2021,598,2021-06-08 07:00:00,285073,180,Spinus pinus,Pine Siskin,PISI,165.00,168.00,65.8,t,lite
PC,WLNP-16-2,57645,General Community Waterton Lakes National Park 2021,598,2021-06-08 07:00:00,285073,180,Thraupis palmarum,Palm Tanager,PALT,165.00,168.00,29.0,t,lite
PC,WLNP-16-2,57645,General Community Waterton Lakes National Park 2021,598,2021-06-08 07:00:00,285073,180,Spinus pinus,Pine Siskin,PISI,168.00,171.00,47.7,t,lite
PC,WLNP-16-2,57645,General Community Waterton Lakes National Park 2021,598,2021-06-08 07:00:00,285073,180,Spinus pinus,Pine Siskin,PISI,171.00,174.00,75.6,t,lite
PC,WLNP-16-2,57645,General Community Waterton Lakes National Park 2021,598,2021-06-08 07:00:00,285073,180,Turdus chrysolaus,,,174.00,177.00,27.3,f,lite
PC,WLNP-16-2,57645,General Community Waterton Lakes National Park 2021,598,2021-06-11 02:20:00,285149,180,*NOT GENERATED/FOUND*,,,,,,f,lite
PC,WLNP-16-2,57645,General Community Waterton Lakes National Park 2021,598,2021-06-12 04:40:00,285156,180,Turdus falcklandii,,,0.00,3.00,26.8,f,lite
PC,WLNP-16-2,57645,General Community Waterton Lakes National Park 2021,598,2021-06-12 04:40:00,285156,180,Piranga rubra,Summer Tanager,SUTA,15.00,18.00,28.0,t,lite
PC,WLNP-16-2,57645,General Community Waterton Lakes National Park 2021,598,2021-06-12 04:40:00,285156,180,Turdus migratorius,American Robin,AMRO,15.00,18.00,29.7,t,lite
PC,WLNP-16-2,57645,General Community Waterton Lakes National Park 2021,598,2021-06-12 04:40:00,285156,180,Turdus ignobilis,,,18.00,21.00,26.4,f,lite
PC,WLNP-16-2,57645,General Community Waterton Lakes National Park 2021,598,2021-06-12 04:40:00,285156,180,Turdus falcklandii,,,21.00,24.00,28.6,f,lite
PC,WLNP-16-2,57645,General Community Waterton Lakes National Park 2021,598,2021-06-12 04:40:00,285156,180,Turdus philomelos,Song Thrush,SOTH,21.00,24.00,25.9,t,lite
PC,WLNP-16-2,57645,General Community Waterton Lakes National Park 2021,598,2021-06-12 04:40:00,285156,180,Turdus migratorius,American Robin,AMRO,21.00,24.00,26.4,t,lite
PC,WLNP-16-2,57645,General Community Waterton Lakes National Park 2021,598,2021-06-12 04:40:00,285156,180,Turdus cardis,,,24.00,27.00,26.9,f,lite
PC,WLNP-16-2,57645,General Community Waterton Lakes National Park 2021,598,2021-06-12 04:40:00,285156,180,Piranga rubra,Summer Tanager,SUTA,24.00,27.00,29.0,t,lite
PC,WLNP-16-2,57645,General Community Waterton Lakes National Park 2021,598,2021-06-12 04:40:00,285156,180,Turdus viscivorus,Mistle Thrush,MITH,27.00,30.00,28.2,t,lite
PC,WLNP-16-2,57645,General Community Waterton Lakes National Park 2021,598,2021-06-12 04:40:00,285156,180,Turdus migratorius,American Robin,AMRO,27.00,30.00,25.2,t,lite
PC,WLNP-16-2,57645,General Community Waterton Lakes National Park 2021,598,2021-06-12 04:40:00,285156,180,Zoothera lunulata,,,30.00,33.00,26.6,f,lite
PC,WLNP-16-2,57645,General Community Waterton Lakes National Park 2021,598,2021-06-12 04:40:00,285156,180,Cercotrichas quadrivirgata,,,33.00,36.00,26.1,f,lite
PC,WLNP-16-2,57645,General Community Waterton Lakes National Park 2021,598,2021-06-12 04:40:00,285156,180,Turdus migratorius,American Robin,AMRO,33.00,36.00,43.8,t,lite
PC,WLNP-16-2,57645,General Community Waterton Lakes National Park 2021,598,2021-06-12 04:40:00,285156,180,Piranga rubra,Summer Tanager,SUTA,33.00,36.00,29.8,t,lite
PC,WLNP-16-2,57645,General Community Waterton Lakes National Park 2021,598,2021-06-12 04:40:00,285156,180,Turdus philomelos,Song Thrush,SOTH,33.00,36.00,29.7,t,lite
PC,WLNP-16-2,57645,General Community Waterton Lakes National Park 2021,598,2021-06-12 04:40:00,285156,180,Turdus falcklandii,,,33.00,36.00,36.2,f,lite
PC,WLNP-16-2,57645,General Community Waterton Lakes National Park 2021,598,2021-06-12 04:40:00,285156,180,Myadestes townsendi,Townsend's Solitaire,TOSO,45.00,48.00,34.3,t,lite
PC,WLNP-16-2,57645,General Community Waterton Lakes National Park 2021,598,2021-06-12 04:40:00,285156,180,Turdus migratorius,American Robin,AMRO,48.00,51.00,27.5,t,lite
PC,WLNP-16-2,57645,General Community Waterton Lakes National Park 2021,598,2021-06-12 04:40:00,285156,180,Piranga rubra,Summer Tanager,SUTA,48.00,51.00,26.0,t,lite
PC,WLNP-16-2,57645,General Community Waterton Lakes National Park 2021,598,2021-06-12 04:40:00,285156,180,Piranga rubra,Summer Tanager,SUTA,54.00,57.00,28.0,t,lite
PC,WLNP-16-2,57645,General Community Waterton Lakes National Park 2021,598,2021-06-12 04:40:00,285156,180,Turdus ignobilis,,,60.00,63.00,31.8,f,lite
PC,WLNP-16-2,57645,General Community Waterton Lakes National Park 2021,598,2021-06-12 04:40:00,285156,180,Turdus migratorius,American Robin,AMRO,60.00,63.00,25.0,t,lite
PC,WLNP-16-2,57645,General Community Waterton Lakes National Park 2021,598,2021-06-12 04:40:00,285156,180,Turdus migratorius,American Robin,AMRO,72.00,75.00,26.2,t,lite
PC,WLNP-16-2,57645,General Community Waterton Lakes National Park 2021,598,2021-06-12 04:40:00,285156,180,Turdus falcklandii,,,72.00,75.00,29.5,f,lite
PC,WLNP-16-2,57645,General Community Waterton Lakes National Park 2021,598,2021-06-12 04:40:00,285156,180,Turdus chrysolaus,,,72.00,75.00,31.9,f,lite
PC,WLNP-16-2,57645,General Community Waterton Lakes National Park 2021,598,2021-06-12 04:40:00,285156,180,Turdus amaurochalinus,,,108.00,111.00,27.6,f,lite
PC,WLNP-16-2,57645,General Community Waterton Lakes National Park 2021,598,2021-06-12 04:40:00,285156,180,Zonotrichia leucophrys,White-crowned Sparrow,WCSP,129.00,132.00,63.7,t,lite
PC,WLNP-16-2,57645,General Community Waterton Lakes National Park 2021,598,2021-06-12 04:40:00,285156,180,Piranga rubra,Summer Tanager,SUTA,132.00,135.00,27.2,t,lite
PC,WLNP-16-2,57645,General Community Waterton Lakes National Park 2021,598,2021-06-12 04:40:00,285156,180,Zonotrichia leucophrys,White-crowned Sparrow,WCSP,138.00,141.00,50.6,t,lite
PC,WLNP-16-2,57645,General Community Waterton Lakes National Park 2021,598,2021-06-12 04:40:00,285156,180,Zonotrichia leucophrys,White-crowned Sparrow,WCSP,147.00,150.00,28.6,t,lite
PC,WLNP-16-2,57645,General Community Waterton Lakes National Park 2021,598,2021-06-12 04:40:00,285156,180,Zonotrichia leucophrys,White-crowned Sparrow,WCSP,156.00,159.00,43.1,t,lite
PC,WLNP-16-2,57645,General Community Waterton Lakes National Park 2021,598,2021-06-12 04:40:00,285156,180,Icterus galbula,Baltimore Oriole,BAOR,159.00,162.00,34.5,t,lite
PC,WLNP-16-2,57645,General Community Waterton Lakes National Park 2021,598,2021-06-12 08:00:00,285227,180,Geothlypis tolmiei,MacGillivray's Warbler,MGWA,0.00,3.00,56.6,t,lite
PC,WLNP-16-2,57645,General Community Waterton Lakes National Park 2021,598,2021-06-12 08:00:00,285227,180,Setophaga pensylvanica,Chestnut-sided Warbler,CSWA,6.00,9.00,40.9,t,lite
PC,WLNP-16-2,57645,General Community Waterton Lakes National Park 2021,598,2021-06-12 08:00:00,285227,180,Geothlypis tolmiei,MacGillivray's Warbler,MGWA,9.00,12.00,53.9,t,lite
PC,WLNP-16-2,57645,General Community Waterton Lakes National Park 2021,598,2021-06-12 08:00:00,285227,180,Setophaga pensylvanica,Chestnut-sided Warbler,CSWA,9.00,12.00,31.1,t,lite
PC,WLNP-16-2,57645,General Community Waterton Lakes National Park 2021,598,2021-06-12 08:00:00,285227,180,Phylloscopus trochiloides,Greenish Warbler,PHYTRO,9.00,12.00,26.3,t,lite
PC,WLNP-16-2,57645,General Community Waterton Lakes National Park 2021,598,2021-06-12 08:00:00,285227,180,Geothlypis tolmiei,MacGillivray's Warbler,MGWA,18.00,21.00,44.8,t,lite
PC,WLNP-16-2,57645,General Community Waterton Lakes National Park 2021,598,2021-06-12 08:00:00,285227,180,Setophaga pensylvanica,Chestnut-sided Warbler,CSWA,18.00,21.00,51.1,t,lite
PC,WLNP-16-2,57645,General Community Waterton Lakes National Park 2021,598,2021-06-12 08:00:00,285227,180,Phylloscopus trochiloides,Greenish Warbler,PHYTRO,51.00,54.00,28.1,t,lite
PC,WLNP-16-2,57645,General Community Waterton Lakes National Park 2021,598,2021-06-12 08:00:00,285227,180,Passerina amoena,Lazuli Bunting,LAZB,60.00,63.00,40.2,t,lite
PC,WLNP-16-2,57645,General Community Waterton Lakes National Park 2021,598,2021-06-12 08:00:00,285227,180,Anthus hodgsoni,Olive-backed Pipit,OBPI,60.00,63.00,26.7,t,lite
PC,WLNP-16-2,57645,General Community Waterton Lakes National Park 2021,598,2021-06-12 08:00:00,285227,180,Passerina amoena,Lazuli Bunting,LAZB,72.00,75.00,40.5,t,lite
PC,WLNP-16-2,57645,General Community Waterton Lakes National Park 2021,598,2021-06-12 08:00:00,285227,180,Phylloscopus trochiloides,Greenish Warbler,PHYTRO,75.00,78.00,26.6,t,lite
PC,WLNP-16-2,57645,General Community Waterton Lakes National Park 2021,598,2021-06-12 08:00:00,285227,180,Passerina amoena,Lazuli Bunting,LAZB,84.00,87.00,34.5,t,lite
PC,WLNP-16-2,57645,General Community Waterton Lakes National Park 2021,598,2021-06-12 08:00:00,285227,180,Passerina amoena,Lazuli Bunting,LAZB,96.00,99.00,34.4,t,lite
PC,WLNP-16-2,57645,General Community Waterton Lakes National Park 2021,598,2021-06-12 08:00:00,285227,180,Passerina amoena,Lazuli Bunting,LAZB,108.00,111.00,55.7,t,lite
PC,WLNP-16-2,57645,General Community Waterton Lakes National Park 2021,598,2021-06-12 08:00:00,285227,180,Cyphorhinus thoracicus,,,111.00,114.00,30.8,f,lite
PC,WLNP-16-2,57645,General Community Waterton Lakes National Park 2021,598,2021-06-12 08:00:00,285227,180,Tunchiornis ochraceiceps,Tawny-crowned Greenlet,TCGR,111.00,114.00,26.9,t,lite
PC,WLNP-16-2,57645,General Community Waterton Lakes National Park 2021,598,2021-06-12 08:00:00,285227,180,Zoothera aurea,White's Thrush,WHTH,111.00,114.00,30.7,t,lite
PC,WLNP-16-2,57645,General Community Waterton Lakes National Park 2021,598,2021-06-12 08:00:00,285227,180,Phylloscopus trochiloides,Greenish Warbler,PHYTRO,165.00,168.00,49.7,t,lite
PC,WLNP-16-2,57645,General Community Waterton Lakes National Park 2021,598,2021-06-12 08:00:00,285227,180,Orochelidon murina,,,174.00,177.00,25.7,f,lite
PC,WLNP-16-2,57645,General Community Waterton Lakes National Park 2021,598,2021-06-12 08:00:00,285227,180,Spinus pinus,Pine Siskin,PISI,174.00,177.00,48.4,t,lite
PC,WLNP-16-2,57645,General Community Waterton Lakes National Park 2021,598,2021-06-13 04:00:00,284994,180,*NOT GENERATED/FOUND*,,,,,,f,lite
PC,WLNP-16-2,57645,General Community Waterton Lakes National Park 2021,598,2021-06-14 02:00:00,285250,180,*NOT GENERATED/FOUND*,,,,,,f,lite
PC,WLNP-16-2,57645,General Community Waterton Lakes National Park 2021,598,2021-06-14 07:40:00,285217,180,Setophaga pensylvanica,Chestnut-sided Warbler,CSWA,12.00,15.00,25.3,t,lite
PC,WLNP-16-2,57645,General Community Waterton Lakes National Park 2021,598,2021-06-14 07:40:00,285217,180,Phylloscopus trochiloides,Greenish Warbler,PHYTRO,12.00,15.00,25.5,t,lite
PC,WLNP-16-2,57645,General Community Waterton Lakes National Park 2021,598,2021-06-14 07:40:00,285217,180,Microcerculus marginatus,Scaly-breasted Wren,SCBW,54.00,57.00,26.2,t,lite
PC,WLNP-16-2,57645,General Community Waterton Lakes National Park 2021,598,2021-06-14 07:40:00,285217,180,Setophaga pensylvanica,Chestnut-sided Warbler,CSWA,66.00,69.00,27.0,t,lite
PC,WLNP-16-2,57645,General Community Waterton Lakes National Park 2021,598,2021-06-14 07:40:00,285217,180,Setophaga pensylvanica,Chestnut-sided Warbler,CSWA,108.00,111.00,27.2,t,lite
PC,WLNP-16-2,57645,General Community Waterton Lakes National Park 2021,598,2021-06-14 07:40:00,285217,180,Turdus viscivorus,Mistle Thrush,MITH,126.00,129.00,29.6,t,lite
PC,WLNP-16-2,57645,General Community Waterton Lakes National Park 2021,598,2021-06-14 07:40:00,285217,180,Pyrrhula erythaca,,,126.00,129.00,25.6,f,lite
PC,WLNP-16-2,57645,General Community Waterton Lakes National Park 2021,598,2021-06-14 07:40:00,285217,180,Geothlypis tolmiei,MacGillivray's Warbler,MGWA,129.00,132.00,25.4,t,lite
PC,WLNP-16-2,57645,General Community Waterton Lakes National Park 2021,598,2021-06-14 07:40:00,285217,180,Setophaga pensylvanica,Chestnut-sided Warbler,CSWA,129.00,132.00,32.7,t,lite
PC,WLNP-16-2,57645,General Community Waterton Lakes National Park 2021,598,2021-06-14 07:40:00,285217,180,Pachycephala olivacea,,,132.00,135.00,25.5,f,lite
PC,WLNP-16-2,57645,General Community Waterton Lakes National Park 2021,598,2021-06-14 07:40:00,285217,180,Zoothera aurea,White's Thrush,WHTH,132.00,135.00,31.8,t,lite
PC,WLNP-16-2,57645,General Community Waterton Lakes National Park 2021,598,2021-06-14 07:40:00,285217,180,Anthus trivialis,Tree Pipit,TRPI,138.00,141.00,37.1,t,lite
PC,WLNP-16-2,57645,General Community Waterton Lakes National Park 2021,598,2021-06-14 07:40:00,285217,180,Geothlypis tolmiei,MacGillivray's Warbler,MGWA,138.00,141.00,34.1,t,lite
PC,WLNP-16-2,57645,General Community Waterton Lakes National Park 2021,598,2021-06-14 07:40:00,285217,180,Geothlypis tolmiei,MacGillivray's Warbler,MGWA,141.00,144.00,32.3,t,lite
PC,WLNP-16-2,57645,General Community Waterton Lakes National Park 2021,598,2021-06-14 07:40:00,285217,180,Geothlypis tolmiei,MacGillivray's Warbler,MGWA,153.00,156.00,35.4,t,lite
PC,WLNP-16-2,57645,General Community Waterton Lakes National Park 2021,598,2021-06-14 07:40:00,285217,180,Anthus trivialis,Tree Pipit,TRPI,153.00,156.00,32.9,t,lite
PC,WLNP-16-2,57645,General Community Waterton Lakes National Park 2021,598,2021-06-14 07:40:00,285217,180,Anthus trivialis,Tree Pipit,TRPI,162.00,165.00,34.1,t,lite
PC,WLNP-16-2,57645,General Community Waterton Lakes National Park 2021,598,2021-06-14 07:40:00,285217,180,Geothlypis tolmiei,MacGillivray's Warbler,MGWA,162.00,165.00,38.8,t,lite
PC,WLNP-16-2,57645,General Community Waterton Lakes National Park 2021,598,2021-06-14 07:40:00,285217,180,Sialia sialis,Eastern Bluebird,EABL,165.00,168.00,37.6,t,lite
PC,WLNP-16-2,57645,General Community Waterton Lakes National Park 2021,598,2021-06-14 07:40:00,285217,180,Geothlypis tolmiei,MacGillivray's Warbler,MGWA,171.00,174.00,30.9,t,lite
PC,WLNP-16-2,57645,General Community Waterton Lakes National Park 2021,598,2021-06-14 07:40:00,285217,180,Setophaga pensylvanica,Chestnut-sided Warbler,CSWA,171.00,174.00,40.5,t,lite
PC,WLNP-16-2,57645,General Community Waterton Lakes National Park 2021,598,2021-06-14 07:40:00,285217,180,Phylloscopus trochiloides,Greenish Warbler,PHYTRO,171.00,174.00,38.6,t,lite
PC,WLNP-16-2,57645,General Community Waterton Lakes National Park 2021,598,2021-06-14 08:00:00,285027,180,Pandion haliaetus,Osprey,OSPR,0.00,3.00,41.3,t,lite
PC,WLNP-16-2,57645,General Community Waterton Lakes National Park 2021,598,2021-06-14 08:00:00,285027,180,Dendrocincla tyrannina,,,0.00,3.00,25.3,f,lite
PC,WLNP-16-2,57645,General Community Waterton Lakes National Park 2021,598,2021-06-14 08:00:00,285027,180,Anairetes fernandezianus,,,0.00,3.00,38.1,f,lite
PC,WLNP-16-2,57645,General Community Waterton Lakes National Park 2021,598,2021-06-14 08:00:00,285027,180,Crypturellus parvirostris,,,3.00,6.00,34.0,f,lite
PC,WLNP-16-2,57645,General Community Waterton Lakes National Park 2021,598,2021-06-14 08:00:00,285027,180,Anairetes fernandezianus,,,3.00,6.00,30.9,f,lite
PC,WLNP-16-2,57645,General Community Waterton Lakes National Park 2021,598,2021-06-14 08:00:00,285027,180,Lophophorus impejanus,,,3.00,6.00,53.5,f,lite
PC,WLNP-16-2,57645,General Community Waterton Lakes National Park 2021,598,2021-06-14 08:00:00,285027,180,Passerina amoena,Lazuli Bunting,LAZB,6.00,9.00,27.3,t,lite
PC,WLNP-16-2,57645,General Community Waterton Lakes National Park 2021,598,2021-06-14 08:00:00,285027,180,Passerina amoena,Lazuli Bunting,LAZB,12.00,15.00,36.7,t,lite
PC,WLNP-16-2,57645,General Community Waterton Lakes National Park 2021,598,2021-06-14 08:00:00,285027,180,Crypturellus parvirostris,,,15.00,18.00,30.9,f,lite
PC,WLNP-16-2,57645,General Community Waterton Lakes National Park 2021,598,2021-06-14 08:00:00,285027,180,Lophophorus impejanus,,,15.00,18.00,25.8,f,lite
PC,WLNP-16-2,57645,General Community Waterton Lakes National Park 2021,598,2021-06-14 08:00:00,285027,180,Passerina amoena,Lazuli Bunting,LAZB,27.00,30.00,28.5,t,lite
PC,WLNP-16-2,57645,General Community Waterton Lakes National Park 2021,598,2021-06-14 08:00:00,285027,180,Anairetes fernandezianus,,,30.00,33.00,25.3,f,lite
PC,WLNP-16-2,57645,General Community Waterton Lakes National Park 2021,598,2021-06-14 08:00:00,285027,180,Anairetes fernandezianus,,,48.00,51.00,32.5,f,lite
PC,WLNP-16-2,57645,General Community Waterton Lakes National Park 2021,598,2021-06-14 08:00:00,285027,180,Crypturellus parvirostris,,,48.00,51.00,29.2,f,lite
PC,WLNP-16-2,57645,General Community Waterton Lakes National Park 2021,598,2021-06-14 08:00:00,285027,180,Anairetes fernandezianus,,,51.00,54.00,47.3,f,lite
PC,WLNP-16-2,57645,General Community Waterton Lakes National Park 2021,598,2021-06-14 08:00:00,285027,180,Dendrocincla tyrannina,,,57.00,60.00,27.4,f,lite
PC,WLNP-16-2,57645,General Community Waterton Lakes National Park 2021,598,2021-06-14 08:00:00,285027,180,Hemitriccus josephinae,,,57.00,60.00,25.6,f,lite
PC,WLNP-16-2,57645,General Community Waterton Lakes National Park 2021,598,2021-06-14 08:00:00,285027,180,Crypturellus parvirostris,,,57.00,60.00,50.8,f,lite
PC,WLNP-16-2,57645,General Community Waterton Lakes National Park 2021,598,2021-06-14 08:00:00,285027,180,Lophophorus impejanus,,,57.00,60.00,33.2,f,lite
PC,WLNP-16-2,57645,General Community Waterton Lakes National Park 2021,598,2021-06-14 08:00:00,285027,180,Anairetes fernandezianus,,,57.00,60.00,33.9,f,lite
PC,WLNP-16-2,57645,General Community Waterton Lakes National Park 2021,598,2021-06-14 08:00:00,285027,180,Anairetes fernandezianus,,,60.00,63.00,32.3,f,lite
PC,WLNP-16-2,57645,General Community Waterton Lakes National Park 2021,598,2021-06-14 08:00:00,285027,180,Xiphocolaptes major,,,63.00,66.00,29.4,f,lite
PC,WLNP-16-2,57645,General Community Waterton Lakes National Park 2021,598,2021-06-14 08:00:00,285027,180,Anthus hodgsoni,Olive-backed Pipit,OBPI,66.00,69.00,28.0,t,lite
PC,WLNP-16-2,57645,General Community Waterton Lakes National Park 2021,598,2021-06-14 08:00:00,285027,180,Passerina amoena,Lazuli Bunting,LAZB,66.00,69.00,28.4,t,lite
PC,WLNP-16-2,57645,General Community Waterton Lakes National Park 2021,598,2021-06-14 08:00:00,285027,180,Hemitriccus josephinae,,,69.00,72.00,25.4,f,lite
PC,WLNP-16-2,57645,General Community Waterton Lakes National Park 2021,598,2021-06-14 08:00:00,285027,180,Hemitriccus josephinae,,,78.00,81.00,29.6,f,lite
PC,WLNP-16-2,57645,General Community Waterton Lakes National Park 2021,598,2021-06-14 08:00:00,285027,180,Lophophorus impejanus,,,78.00,81.00,36.7,f,lite
PC,WLNP-16-2,57645,General Community Waterton Lakes National Park 2021,598,2021-06-14 08:00:00,285027,180,Anairetes fernandezianus,,,81.00,84.00,31.4,f,lite
PC,WLNP-16-2,57645,General Community Waterton Lakes National Park 2021,598,2021-06-14 08:00:00,285027,180,Hemitriccus josephinae,,,87.00,90.00,29.4,f,lite
PC,WLNP-16-2,57645,General Community Waterton Lakes National Park 2021,598,2021-06-14 08:00:00,285027,180,Anairetes fernandezianus,,,96.00,99.00,37.4,f,lite
PC,WLNP-16-2,57645,General Community Waterton Lakes National Park 2021,598,2021-06-14 08:00:00,285027,180,Hemitriccus josephinae,,,96.00,99.00,35.7,f,lite
PC,WLNP-16-2,57645,General Community Waterton Lakes National Park 2021,598,2021-06-14 08:00:00,285027,180,Passerina amoena,Lazuli Bunting,LAZB,102.00,105.00,28.0,t,lite
PC,WLNP-16-2,57645,General Community Waterton Lakes National Park 2021,598,2021-06-14 08:00:00,285027,180,Anairetes fernandezianus,,,105.00,108.00,28.4,f,lite
PC,WLNP-16-2,57645,General Community Waterton Lakes National Park 2021,598,2021-06-14 08:00:00,285027,180,Burhinus oedicnemus,Eurasian Thick-knee,BUROED,105.00,108.00,37.5,t,lite
PC,WLNP-16-2,57645,General Community Waterton Lakes National Park 2021,598,2021-06-14 08:00:00,285027,180,Lophophorus impejanus,,,108.00,111.00,29.3,f,lite
PC,WLNP-16-2,57645,General Community Waterton Lakes National Park 2021,598,2021-06-14 08:00:00,285027,180,Anairetes fernandezianus,,,108.00,111.00,27.2,f,lite
PC,WLNP-16-2,57645,General Community Waterton Lakes National Park 2021,598,2021-06-14 08:00:00,285027,180,Hemitriccus josephinae,,,108.00,111.00,41.0,f,lite
PC,WLNP-16-2,57645,General Community Waterton Lakes National Park 2021,598,2021-06-14 08:00:00,285027,180,Passerina amoena,Lazuli Bunting,LAZB,114.00,117.00,34.6,t,lite
PC,WLNP-16-2,57645,General Community Waterton Lakes National Park 2021,598,2021-06-14 08:00:00,285027,180,Lophophorus impejanus,,,117.00,120.00,25.0,f,lite
PC,WLNP-16-2,57645,General Community Waterton Lakes National Park 2021,598,2021-06-14 08:00:00,285027,180,Anthus hodgsoni,Olive-backed Pipit,OBPI,126.00,129.00,39.6,t,lite
PC,WLNP-16-2,57645,General Community Waterton Lakes National Park 2021,598,2021-06-14 08:00:00,285027,180,Passerina amoena,Lazuli Bunting,LAZB,126.00,129.00,59.7,t,lite
PC,WLNP-16-2,57645,General Community Waterton Lakes National Park 2021,598,2021-06-14 08:00:00,285027,180,Anthus hodgsoni,Olive-backed Pipit,OBPI,141.00,144.00,25.5,t,lite
PC,WLNP-16-2,57645,General Community Waterton Lakes National Park 2021,598,2021-06-14 08:00:00,285027,180,Anthus hellmayri,,,150.00,153.00,26.0,f,lite
PC,WLNP-16-2,57645,General Community Waterton Lakes National Park 2021,598,2021-06-14 08:00:00,285027,180,Passerina amoena,Lazuli Bunting,LAZB,150.00,153.00,44.3,t,lite
PC,WLNP-16-2,57645,General Community Waterton Lakes National Park 2021,598,2021-06-14 08:00:00,285027,180,Sporophila caerulescens,,,150.00,153.00,26.9,f,lite
PC,WLNP-16-2,57645,General Community Waterton Lakes National Park 2021,598,2021-06-14 08:00:00,285027,180,Anthus hodgsoni,Olive-backed Pipit,OBPI,150.00,153.00,27.8,t,lite
PC,WLNP-16-2,57645,General Community Waterton Lakes National Park 2021,598,2021-06-14 08:00:00,285027,180,Emberiza tahapisi,,,150.00,153.00,31.0,f,lite
PC,WLNP-16-2,57645,General Community Waterton Lakes National Park 2021,598,2021-06-14 08:00:00,285027,180,Sporophila nigricollis,Yellow-bellied Seedeater,YBSE,150.00,153.00,30.2,t,lite
PC,WLNP-16-2,57645,General Community Waterton Lakes National Park 2021,598,2021-06-14 08:00:00,285027,180,Turdus boulboul,,,159.00,162.00,36.5,f,lite
PC,WLNP-16-2,57645,General Community Waterton Lakes National Park 2021,598,2021-06-14 08:00:00,285027,180,Turdus cardis,,,159.00,162.00,29.4,f,lite
PC,WLNP-16-2,57645,General Community Waterton Lakes National Park 2021,598,2021-06-14 08:00:00,285027,180,Turdus migratorius,American Robin,AMRO,159.00,162.00,27.1,t,lite
PC,WLNP-16-2,57645,General Community Waterton Lakes National Park 2021,598,2021-06-14 08:00:00,285027,180,Anthus hodgsoni,Olive-backed Pipit,OBPI,162.00,165.00,40.3,t,lite
PC,WLNP-16-2,57645,General Community Waterton Lakes National Park 2021,598,2021-06-14 08:00:00,285027,180,Passerina amoena,Lazuli Bunting,LAZB,162.00,165.00,53.5,t,lite
PC,WLNP-16-2,57645,General Community Waterton Lakes National Park 2021,598,2021-06-14 08:00:00,285027,180,Phylloscopus trochiloides,Greenish Warbler,PHYTRO,165.00,168.00,30.0,t,lite
PC,WLNP-16-2,57645,General Community Waterton Lakes National Park 2021,598,2021-06-14 08:00:00,285027,180,Prinia hodgsonii,,,171.00,174.00,32.9,f,lite
PC,WLNP-16-2,57645,General Community Waterton Lakes National Park 2021,598,2021-06-14 08:00:00,285027,180,Passerina amoena,Lazuli Bunting,LAZB,174.00,177.00,39.2,t,lite
PC,WLNP-16-2,57645,General Community Waterton Lakes National Park 2021,598,2021-06-14 08:00:00,285027,180,Anthus hodgsoni,Olive-backed Pipit,OBPI,174.00,177.00,33.3,t,lite
PC,WLNP-16-2,57645,General Community Waterton Lakes National Park 2021,598,2021-06-14 08:00:00,285027,180,Turdus viscivorus,Mistle Thrush,MITH,177.00,180.00,26.7,t,lite
PC,WLNP-16-3,58518,General Community Waterton Lakes National Park 2021,598,2021-06-05 05:20:00,285251,180,Emberiza cirlus,Cirl Bunting,EMBCIR,51.00,54.00,26.9,t,lite
PC,WLNP-16-3,58518,General Community Waterton Lakes National Park 2021,598,2021-06-05 08:20:00,285131,180,Passerina amoena,Lazuli Bunting,LAZB,0.00,3.00,46.5,t,lite
PC,WLNP-16-3,58518,General Community Waterton Lakes National Park 2021,598,2021-06-05 08:20:00,285131,180,Anthus hodgsoni,Olive-backed Pipit,OBPI,0.00,3.00,39.6,t,lite
PC,WLNP-16-3,58518,General Community Waterton Lakes National Park 2021,598,2021-06-05 08:20:00,285131,180,Passerina amoena,Lazuli Bunting,LAZB,15.00,18.00,28.4,t,lite
PC,WLNP-16-3,58518,General Community Waterton Lakes National Park 2021,598,2021-06-05 08:20:00,285131,180,Passerina amoena,Lazuli Bunting,LAZB,174.00,177.00,27.5,t,lite
PC,WLNP-16-3,58518,General Community Waterton Lakes National Park 2021,598,2021-06-06 04:40:00,285067,180,*NOT GENERATED/FOUND*,,,,,,f,lite
PC,WLNP-16-3,58518,General Community Waterton Lakes National Park 2021,598,2021-06-07 02:40:00,285102,180,*NOT GENERATED/FOUND*,,,,,,f,lite
PC,WLNP-16-3,58518,General Community Waterton Lakes National Park 2021,598,2021-06-07 04:00:00,285260,180,*NOT GENERATED/FOUND*,,,,,,f,lite
PC,WLNP-16-3,58518,General Community Waterton Lakes National Park 2021,598,2021-06-07 05:00:00,285136,180,Poecile rufescens,Chestnut-backed Chickadee,CBCH,15.00,18.00,38.9,t,lite
PC,WLNP-16-3,58518,General Community Waterton Lakes National Park 2021,598,2021-06-07 05:00:00,285136,180,Emberiza cirlus,Cirl Bunting,EMBCIR,48.00,51.00,25.5,t,lite
PC,WLNP-16-3,58518,General Community Waterton Lakes National Park 2021,598,2021-06-07 08:00:00,285254,180,Junco hyemalis,Dark-eyed Junco,DEJU,21.00,24.00,25.8,t,lite
PC,WLNP-16-3,58518,General Community Waterton Lakes National Park 2021,598,2021-06-07 08:00:00,285254,180,Emberiza cirlus,Cirl Bunting,EMBCIR,21.00,24.00,41.0,t,lite
PC,WLNP-16-3,58518,General Community Waterton Lakes National Park 2021,598,2021-06-07 08:00:00,285254,180,Emberiza cirlus,Cirl Bunting,EMBCIR,39.00,42.00,34.0,t,lite
PC,WLNP-16-3,58518,General Community Waterton Lakes National Park 2021,598,2021-06-07 08:00:00,285254,180,Emberiza cirlus,Cirl Bunting,EMBCIR,45.00,48.00,57.5,t,lite
PC,WLNP-16-3,58518,General Community Waterton Lakes National Park 2021,598,2021-06-07 08:00:00,285254,180,Junco hyemalis,Dark-eyed Junco,DEJU,45.00,48.00,33.9,t,lite
PC,WLNP-16-3,58518,General Community Waterton Lakes National Park 2021,598,2021-06-07 08:00:00,285254,180,Junco hyemalis,Dark-eyed Junco,DEJU,54.00,57.00,26.3,t,lite
PC,WLNP-16-3,58518,General Community Waterton Lakes National Park 2021,598,2021-06-07 08:00:00,285254,180,Emberiza cirlus,Cirl Bunting,EMBCIR,54.00,57.00,29.5,t,lite
PC,WLNP-16-3,58518,General Community Waterton Lakes National Park 2021,598,2021-06-07 08:00:00,285254,180,Spizella breweri,Brewer's Sparrow,BRSP,60.00,63.00,32.5,t,lite
PC,WLNP-16-3,58518,General Community Waterton Lakes National Park 2021,598,2021-06-07 08:00:00,285254,180,Emberiza cirlus,Cirl Bunting,EMBCIR,60.00,63.00,32.1,t,lite
PC,WLNP-16-3,58518,General Community Waterton Lakes National Park 2021,598,2021-06-07 08:00:00,285254,180,Emberiza cirlus,Cirl Bunting,EMBCIR,72.00,75.00,27.6,t,lite
PC,WLNP-16-3,58518,General Community Waterton Lakes National Park 2021,598,2021-06-07 08:00:00,285254,180,Emberiza cirlus,Cirl Bunting,EMBCIR,102.00,105.00,33.6,t,lite
PC,WLNP-16-3,58518,General Community Waterton Lakes National Park 2021,598,2021-06-07 08:00:00,285254,180,Junco hyemalis,Dark-eyed Junco,DEJU,108.00,111.00,35.7,t,lite
PC,WLNP-16-3,58518,General Community Waterton Lakes National Park 2021,598,2021-06-07 08:00:00,285254,180,Spizella breweri,Brewer's Sparrow,BRSP,108.00,111.00,33.6,t,lite
PC,WLNP-16-3,58518,General Community Waterton Lakes National Park 2021,598,2021-06-07 08:00:00,285254,180,Emberiza cirlus,Cirl Bunting,EMBCIR,108.00,111.00,42.1,t,lite
PC,WLNP-16-3,58518,General Community Waterton Lakes National Park 2021,598,2021-06-07 08:00:00,285254,180,Junco hyemalis,Dark-eyed Junco,DEJU,120.00,123.00,30.0,t,lite
PC,WLNP-16-3,58518,General Community Waterton Lakes National Park 2021,598,2021-06-07 08:00:00,285254,180,Emberiza cirlus,Cirl Bunting,EMBCIR,120.00,123.00,45.0,t,lite
PC,WLNP-16-3,58518,General Community Waterton Lakes National Park 2021,598,2021-06-07 08:00:00,285254,180,Emberiza cirlus,Cirl Bunting,EMBCIR,126.00,129.00,29.6,t,lite
PC,WLNP-16-3,58518,General Community Waterton Lakes National Park 2021,598,2021-06-07 08:00:00,285254,180,Emberiza cirlus,Cirl Bunting,EMBCIR,147.00,150.00,37.5,t,lite
PC,WLNP-16-3,58518,General Community Waterton Lakes National Park 2021,598,2021-06-07 08:00:00,285254,180,Junco hyemalis,Dark-eyed Junco,DEJU,156.00,159.00,34.1,t,lite
PC,WLNP-16-3,58518,General Community Waterton Lakes National Park 2021,598,2021-06-07 08:00:00,285254,180,Emberiza cirlus,Cirl Bunting,EMBCIR,156.00,159.00,43.9,t,lite
PC,WLNP-16-3,58518,General Community Waterton Lakes National Park 2021,598,2021-06-07 08:00:00,285254,180,Junco hyemalis,Dark-eyed Junco,DEJU,162.00,165.00,27.5,t,lite
PC,WLNP-16-3,58518,General Community Waterton Lakes National Park 2021,598,2021-06-07 08:00:00,285254,180,Emberiza cirlus,Cirl Bunting,EMBCIR,162.00,165.00,40.3,t,lite
PC,WLNP-16-3,58518,General Community Waterton Lakes National Park 2021,598,2021-06-07 08:00:00,285254,180,Emberiza cirlus,Cirl Bunting,EMBCIR,177.00,180.00,34.0,t,lite
PC,WLNP-16-3,58518,General Community Waterton Lakes National Park 2021,598,2021-06-07 08:00:00,285254,180,Junco hyemalis,Dark-eyed Junco,DEJU,177.00,180.00,27.1,t,lite
PC,WLNP-16-4,58519,General Community Waterton Lakes National Park 2021,598,2021-06-05 23:00:00,285170,180,*NOT GENERATED/FOUND*,,,,,,f,lite
PC,WLNP-16-4,58519,General Community Waterton Lakes National Park 2021,598,2021-06-08 02:40:00,285252,180,*NOT GENERATED/FOUND*,,,,,,f,lite
PC,WLNP-16-4,58519,General Community Waterton Lakes National Park 2021,598,2021-06-09 02:00:00,285064,180,*NOT GENERATED/FOUND*,,,,,,f,lite
PC,WLNP-16-4,58519,General Community Waterton Lakes National Park 2021,598,2021-06-09 05:40:00,285174,180,Emberiza cirlus,Cirl Bunting,EMBCIR,15.00,18.00,31.6,t,lite
PC,WLNP-16-4,58519,General Community Waterton Lakes National Park 2021,598,2021-06-09 05:40:00,285174,180,Mohoua ochrocephala,,,48.00,51.00,32.5,f,lite
PC,WLNP-16-4,58519,General Community Waterton Lakes National Park 2021,598,2021-06-09 05:40:00,285174,180,Emberiza cirlus,Cirl Bunting,EMBCIR,75.00,78.00,26.3,t,lite
PC,WLNP-16-4,58519,General Community Waterton Lakes National Park 2021,598,2021-06-09 05:40:00,285174,180,Emberiza cirlus,Cirl Bunting,EMBCIR,105.00,108.00,27.2,t,lite
PC,WLNP-16-4,58519,General Community Waterton Lakes National Park 2021,598,2021-06-09 05:40:00,285174,180,Emberiza cirlus,Cirl Bunting,EMBCIR,120.00,123.00,31.5,t,lite
PC,WLNP-16-4,58519,General Community Waterton Lakes National Park 2021,598,2021-06-09 05:40:00,285174,180,Sicalis auriventris,,,123.00,126.00,25.6,f,lite
PC,WLNP-16-4,58519,General Community Waterton Lakes National Park 2021,598,2021-06-09 05:40:00,285174,180,Mohoua ochrocephala,,,150.00,153.00,28.1,f,lite
PC,WLNP-16-4,58519,General Community Waterton Lakes National Park 2021,598,2021-06-09 05:40:00,285174,180,Emberiza cirlus,Cirl Bunting,EMBCIR,168.00,171.00,32.9,t,lite
PC,WLNP-16-4,58519,General Community Waterton Lakes National Park 2021,598,2021-06-09 05:40:00,285174,180,Junco hyemalis,Dark-eyed Junco,DEJU,168.00,171.00,25.1,t,lite
PC,WLNP-16-4,58519,General Community Waterton Lakes National Park 2021,598,2021-06-11 05:00:00,285127,180,Setophaga pinus,Pine Warbler,PIWA,42.00,45.00,25.1,t,lite
PC,WLNP-16-4,58519,General Community Waterton Lakes National Park 2021,598,2021-06-11 05:00:00,285127,180,Junco hyemalis,Dark-eyed Junco,DEJU,42.00,45.00,26.5,t,lite
PC,WLNP-16-4,58519,General Community Waterton Lakes National Park 2021,598,2021-06-11 05:00:00,285127,180,Emberiza cirlus,Cirl Bunting,EMBCIR,48.00,51.00,28.7,t,lite
PC,WLNP-16-4,58519,General Community Waterton Lakes National Park 2021,598,2021-06-11 05:00:00,285127,180,Junco hyemalis,Dark-eyed Junco,DEJU,54.00,57.00,26.2,t,lite
PC,WLNP-16-4,58519,General Community Waterton Lakes National Park 2021,598,2021-06-11 05:00:00,285127,180,Phylloscopus emeiensis,,,54.00,57.00,27.3,f,lite
PC,WLNP-16-4,58519,General Community Waterton Lakes National Park 2021,598,2021-06-11 05:00:00,285127,180,Emberiza cirlus,Cirl Bunting,EMBCIR,54.00,57.00,40.0,t,lite
PC,WLNP-16-4,58519,General Community Waterton Lakes National Park 2021,598,2021-06-11 05:00:00,285127,180,Emberiza cirlus,Cirl Bunting,EMBCIR,57.00,60.00,26.2,t,lite
PC,WLNP-16-4,58519,General Community Waterton Lakes National Park 2021,598,2021-06-11 05:00:00,285127,180,Junco hyemalis,Dark-eyed Junco,DEJU,60.00,63.00,27.6,t,lite
PC,WLNP-16-4,58519,General Community Waterton Lakes National Park 2021,598,2021-06-11 05:00:00,285127,180,Emberiza cirlus,Cirl Bunting,EMBCIR,60.00,63.00,36.7,t,lite
PC,WLNP-16-4,58519,General Community Waterton Lakes National Park 2021,598,2021-06-11 05:00:00,285127,180,Junco hyemalis,Dark-eyed Junco,DEJU,63.00,66.00,26.1,t,lite
PC,WLNP-16-4,58519,General Community Waterton Lakes National Park 2021,598,2021-06-11 05:00:00,285127,180,Emberiza cirlus,Cirl Bunting,EMBCIR,63.00,66.00,46.9,t,lite
PC,WLNP-16-4,58519,General Community Waterton Lakes National Park 2021,598,2021-06-11 05:00:00,285127,180,Emberiza cirlus,Cirl Bunting,EMBCIR,69.00,72.00,41.6,t,lite
PC,WLNP-16-4,58519,General Community Waterton Lakes National Park 2021,598,2021-06-11 05:00:00,285127,180,Junco hyemalis,Dark-eyed Junco,DEJU,75.00,78.00,32.0,t,lite
PC,WLNP-16-4,58519,General Community Waterton Lakes National Park 2021,598,2021-06-11 05:00:00,285127,180,Emberiza cirlus,Cirl Bunting,EMBCIR,75.00,78.00,28.1,t,lite
PC,WLNP-16-4,58519,General Community Waterton Lakes National Park 2021,598,2021-06-11 05:00:00,285127,180,Emberiza cirlus,Cirl Bunting,EMBCIR,78.00,81.00,30.1,t,lite
PC,WLNP-16-4,58519,General Community Waterton Lakes National Park 2021,598,2021-06-11 05:00:00,285127,180,Emberiza cirlus,Cirl Bunting,EMBCIR,84.00,87.00,35.0,t,lite
PC,WLNP-16-4,58519,General Community Waterton Lakes National Park 2021,598,2021-06-11 05:00:00,285127,180,Emberiza cirlus,Cirl Bunting,EMBCIR,87.00,90.00,26.9,t,lite
PC,WLNP-16-4,58519,General Community Waterton Lakes National Park 2021,598,2021-06-11 05:00:00,285127,180,Junco hyemalis,Dark-eyed Junco,DEJU,96.00,99.00,32.1,t,lite
PC,WLNP-16-4,58519,General Community Waterton Lakes National Park 2021,598,2021-06-11 05:00:00,285127,180,Emberiza cirlus,Cirl Bunting,EMBCIR,96.00,99.00,35.7,t,lite
PC,WLNP-16-4,58519,General Community Waterton Lakes National Park 2021,598,2021-06-11 05:00:00,285127,180,Emberiza cirlus,Cirl Bunting,EMBCIR,102.00,105.00,36.2,t,lite
PC,WLNP-16-4,58519,General Community Waterton Lakes National Park 2021,598,2021-06-11 05:00:00,285127,180,Junco hyemalis,Dark-eyed Junco,DEJU,102.00,105.00,38.8,t,lite
PC,WLNP-16-4,58519,General Community Waterton Lakes National Park 2021,598,2021-06-11 05:00:00,285127,180,Turdus migratorius,American Robin,AMRO,132.00,135.00,36.9,t,lite
PC,WLNP-16-4,58519,General Community Waterton Lakes National Park 2021,598,2021-06-11 05:00:00,285127,180,Turdus fuscater,,,138.00,141.00,29.3,f,lite
PC,WLNP-16-4,58519,General Community Waterton Lakes National Park 2021,598,2021-06-11 05:00:00,285127,180,Turdus migratorius,American Robin,AMRO,138.00,141.00,44.6,t,lite
PC,WLNP-16-4,58519,General Community Waterton Lakes National Park 2021,598,2021-06-11 05:00:00,285127,180,Turdus migratorius,American Robin,AMRO,141.00,144.00,48.5,t,lite
PC,WLNP-16-4,58519,General Community Waterton Lakes National Park 2021,598,2021-06-11 05:00:00,285127,180,Turdus migratorius,American Robin,AMRO,144.00,147.00,39.3,t,lite
PC,WLNP-16-4,58519,General Community Waterton Lakes National Park 2021,598,2021-06-11 05:00:00,285127,180,Turdus migratorius,American Robin,AMRO,147.00,150.00,32.6,t,lite
PC,WLNP-16-4,58519,General Community Waterton Lakes National Park 2021,598,2021-06-11 05:00:00,285127,180,Turdus migratorius,American Robin,AMRO,159.00,162.00,27.6,t,lite
PC,WLNP-16-4,58519,General Community Waterton Lakes National Park 2021,598,2021-06-11 05:00:00,285127,180,Turdus fuscater,,,159.00,162.00,40.7,f,lite
PC,WLNP-16-4,58519,General Community Waterton Lakes National Park 2021,598,2021-06-11 05:00:00,285127,180,Turdus falcklandii,,,165.00,168.00,35.3,f,lite
PC,WLNP-16-4,58519,General Community Waterton Lakes National Park 2021,598,2021-06-11 05:00:00,285127,180,Turdus migratorius,American Robin,AMRO,165.00,168.00,37.5,t,lite
PC,WLNP-16-4,58519,General Community Waterton Lakes National Park 2021,598,2021-06-11 05:00:00,285127,180,Turdus migratorius,American Robin,AMRO,177.00,180.00,36.3,t,lite
PC,WLNP-16-4,58519,General Community Waterton Lakes National Park 2021,598,2021-06-11 07:40:00,284999,180,Emberiza cirlus,Cirl Bunting,EMBCIR,54.00,57.00,31.0,t,lite
PC,WLNP-16-4,58519,General Community Waterton Lakes National Park 2021,598,2021-06-11 07:40:00,284999,180,Junco hyemalis,Dark-eyed Junco,DEJU,60.00,63.00,34.0,t,lite
PC,WLNP-16-4,58519,General Community Waterton Lakes National Park 2021,598,2021-06-11 07:40:00,284999,180,Emberiza cirlus,Cirl Bunting,EMBCIR,60.00,63.00,51.6,t,lite
PC,WLNP-16-4,58519,General Community Waterton Lakes National Park 2021,598,2021-06-11 07:40:00,284999,180,Emberiza cirlus,Cirl Bunting,EMBCIR,66.00,69.00,27.0,t,lite
PC,WLNP-16-4,58519,General Community Waterton Lakes National Park 2021,598,2021-06-11 07:40:00,284999,180,Emberiza cirlus,Cirl Bunting,EMBCIR,75.00,78.00,26.3,t,lite
PC,WLNP-16-4,58519,General Community Waterton Lakes National Park 2021,598,2021-06-11 07:40:00,284999,180,Emberiza cirlus,Cirl Bunting,EMBCIR,84.00,87.00,27.1,t,lite
PC,WLNP-16-4,58519,General Community Waterton Lakes National Park 2021,598,2021-06-12 04:00:00,285055,180,*NOT GENERATED/FOUND*,,,,,,f,lite
PC,WLNP-16-4,58519,General Community Waterton Lakes National Park 2021,598,2021-06-14 02:40:00,284987,180,*NOT GENERATED/FOUND*,,,,,,f,lite
PC,WLNP-16-5,58520,General Community Waterton Lakes National Park 2021,598,2021-06-06 06:00:00,285079,180,Phylloscopus nitidus,,,78.00,81.00,31.1,f,lite
PC,WLNP-16-5,58520,General Community Waterton Lakes National Park 2021,598,2021-06-06 06:00:00,285079,180,Phylloscopus plumbeitarsus,,,78.00,81.00,34.6,f,lite
PC,WLNP-16-5,58520,General Community Waterton Lakes National Park 2021,598,2021-06-06 06:00:00,285079,180,Spinus pinus,Pine Siskin,PISI,78.00,81.00,35.2,t,lite
PC,WLNP-16-5,58520,General Community Waterton Lakes National Park 2021,598,2021-06-06 06:00:00,285079,180,Phylloscopus humei,,,81.00,84.00,30.3,f,lite
PC,WLNP-16-5,58520,General Community Waterton Lakes National Park 2021,598,2021-06-06 06:00:00,285079,180,Orochelidon murina,,,84.00,87.00,29.8,f,lite
PC,WLNP-16-5,58520,General Community Waterton Lakes National Park 2021,598,2021-06-06 06:00:00,285079,180,Spinus pinus,Pine Siskin,PISI,84.00,87.00,29.9,t,lite
PC,WLNP-16-5,58520,General Community Waterton Lakes National Park 2021,598,2021-06-06 22:40:00,285107,180,*NOT GENERATED/FOUND*,,,,,,f,lite
PC,WLNP-16-5,58520,General Community Waterton Lakes National Park 2021,598,2021-06-09 08:20:00,284984,180,Regulus satrapa,Golden-crowned Kinglet,GCKI,42.00,45.00,34.9,t,lite
PC,WLNP-16-5,58520,General Community Waterton Lakes National Park 2021,598,2021-06-09 08:20:00,284984,180,Certhia familiaris,Eurasian Treecreeper,CERFAM,42.00,45.00,28.6,t,lite
PC,WLNP-16-5,58520,General Community Waterton Lakes National Park 2021,598,2021-06-09 08:20:00,284984,180,Regulus satrapa,Golden-crowned Kinglet,GCKI,156.00,159.00,32.6,t,lite
PC,WLNP-16-5,58520,General Community Waterton Lakes National Park 2021,598,2021-06-11 08:00:00,285049,180,*NOT GENERATED/FOUND*,,,,,,f,lite
PC,WLNP-16-5,58520,General Community Waterton Lakes National Park 2021,598,2021-06-12 07:40:00,284988,180,*NOT GENERATED/FOUND*,,,,,,f,lite
PC,WLNP-16-5,58520,General Community Waterton Lakes National Park 2021,598,2021-06-12 08:00:00,285236,180,Regulus satrapa,Golden-crowned Kinglet,GCKI,3.00,6.00,30.3,t,lite
PC,WLNP-16-5,58520,General Community Waterton Lakes National Park 2021,598,2021-06-12 08:00:00,285236,180,Regulus ignicapilla,,,18.00,21.00,30.6,f,lite
PC,WLNP-16-5,58520,General Community Waterton Lakes National Park 2021,598,2021-06-12 08:00:00,285236,180,Regulus satrapa,Golden-crowned Kinglet,GCKI,18.00,21.00,35.9,t,lite
PC,WLNP-16-5,58520,General Community Waterton Lakes National Park 2021,598,2021-06-12 08:00:00,285236,180,Regulus satrapa,Golden-crowned Kinglet,GCKI,27.00,30.00,26.0,t,lite
PC,WLNP-16-5,58520,General Community Waterton Lakes National Park 2021,598,2021-06-12 08:00:00,285236,180,Regulus satrapa,Golden-crowned Kinglet,GCKI,33.00,36.00,41.3,t,lite
PC,WLNP-16-5,58520,General Community Waterton Lakes National Park 2021,598,2021-06-12 08:00:00,285236,180,Urosphena squameiceps,,,33.00,36.00,26.5,f,lite
PC,WLNP-16-5,58520,General Community Waterton Lakes National Park 2021,598,2021-06-12 08:00:00,285236,180,Regulus ignicapilla,,,33.00,36.00,36.2,f,lite
PC,WLNP-16-5,58520,General Community Waterton Lakes National Park 2021,598,2021-06-12 08:00:00,285236,180,Regulus satrapa,Golden-crowned Kinglet,GCKI,36.00,39.00,25.2,t,lite
PC,WLNP-16-5,58520,General Community Waterton Lakes National Park 2021,598,2021-06-12 08:00:00,285236,180,Regulus ignicapilla,,,63.00,66.00,26.8,f,lite
PC,WLNP-16-5,58520,General Community Waterton Lakes National Park 2021,598,2021-06-12 08:00:00,285236,180,Regulus satrapa,Golden-crowned Kinglet,GCKI,66.00,69.00,52.3,t,lite
PC,WLNP-16-5,58520,General Community Waterton Lakes National Park 2021,598,2021-06-12 08:00:00,285236,180,Regulus satrapa,Golden-crowned Kinglet,GCKI,69.00,72.00,44.0,t,lite
PC,WLNP-16-5,58520,General Community Waterton Lakes National Park 2021,598,2021-06-12 08:00:00,285236,180,Regulus satrapa,Golden-crowned Kinglet,GCKI,72.00,75.00,39.0,t,lite
PC,WLNP-16-5,58520,General Community Waterton Lakes National Park 2021,598,2021-06-12 08:00:00,285236,180,Regulus ignicapilla,,,72.00,75.00,33.1,f,lite
PC,WLNP-16-5,58520,General Community Waterton Lakes National Park 2021,598,2021-06-12 08:00:00,285236,180,Regulus ignicapilla,,,78.00,81.00,40.1,f,lite
PC,WLNP-16-5,58520,General Community Waterton Lakes National Park 2021,598,2021-06-12 08:00:00,285236,180,Myioborus brunniceps,,,78.00,81.00,31.1,f,lite
PC,WLNP-16-5,58520,General Community Waterton Lakes National Park 2021,598,2021-06-12 08:00:00,285236,180,Regulus satrapa,Golden-crowned Kinglet,GCKI,78.00,81.00,46.9,t,lite
PC,WLNP-16-5,58520,General Community Waterton Lakes National Park 2021,598,2021-06-12 08:00:00,285236,180,Regulus ignicapilla,,,84.00,87.00,39.4,f,lite
PC,WLNP-16-5,58520,General Community Waterton Lakes National Park 2021,598,2021-06-12 08:00:00,285236,180,Urosphena squameiceps,,,84.00,87.00,27.4,f,lite
PC,WLNP-16-5,58520,General Community Waterton Lakes National Park 2021,598,2021-06-12 08:00:00,285236,180,Myioborus brunniceps,,,84.00,87.00,36.9,f,lite
PC,WLNP-16-5,58520,General Community Waterton Lakes National Park 2021,598,2021-06-12 08:00:00,285236,180,Regulus satrapa,Golden-crowned Kinglet,GCKI,84.00,87.00,51.7,t,lite
PC,WLNP-16-5,58520,General Community Waterton Lakes National Park 2021,598,2021-06-12 08:00:00,285236,180,Urosphena squameiceps,,,90.00,93.00,41.7,f,lite
PC,WLNP-16-5,58520,General Community Waterton Lakes National Park 2021,598,2021-06-12 08:00:00,285236,180,Regulus satrapa,Golden-crowned Kinglet,GCKI,90.00,93.00,52.0,t,lite
PC,WLNP-16-5,58520,General Community Waterton Lakes National Park 2021,598,2021-06-12 08:00:00,285236,180,Diglossa indigotica,,,90.00,93.00,34.5,f,lite
PC,WLNP-16-5,58520,General Community Waterton Lakes National Park 2021,598,2021-06-12 08:00:00,285236,180,Myioborus brunniceps,,,90.00,93.00,31.3,f,lite
PC,WLNP-16-5,58520,General Community Waterton Lakes National Park 2021,598,2021-06-12 08:00:00,285236,180,Regulus ignicapilla,,,90.00,93.00,50.9,f,lite
PC,WLNP-16-5,58520,General Community Waterton Lakes National Park 2021,598,2021-06-12 08:00:00,285236,180,Regulus ignicapilla,,,93.00,96.00,25.5,f,lite
PC,WLNP-16-5,58520,General Community Waterton Lakes National Park 2021,598,2021-06-12 08:00:00,285236,180,Regulus ignicapilla,,,96.00,99.00,32.3,f,lite
PC,WLNP-16-5,58520,General Community Waterton Lakes National Park 2021,598,2021-06-12 08:00:00,285236,180,Regulus satrapa,Golden-crowned Kinglet,GCKI,96.00,99.00,54.8,t,lite
PC,WLNP-16-5,58520,General Community Waterton Lakes National Park 2021,598,2021-06-12 08:00:00,285236,180,Regulus ignicapilla,,,99.00,102.00,31.3,f,lite
PC,WLNP-16-5,58520,General Community Waterton Lakes National Park 2021,598,2021-06-12 08:00:00,285236,180,Regulus satrapa,Golden-crowned Kinglet,GCKI,99.00,102.00,27.9,t,lite
PC,WLNP-16-5,58520,General Community Waterton Lakes National Park 2021,598,2021-06-12 08:00:00,285236,180,Myioborus brunniceps,,,105.00,108.00,41.7,f,lite
PC,WLNP-16-5,58520,General Community Waterton Lakes National Park 2021,598,2021-06-12 08:00:00,285236,180,Urosphena squameiceps,,,105.00,108.00,34.2,f,lite
PC,WLNP-16-5,58520,General Community Waterton Lakes National Park 2021,598,2021-06-12 08:00:00,285236,180,Regulus ignicapilla,,,105.00,108.00,42.3,f,lite
PC,WLNP-16-5,58520,General Community Waterton Lakes National Park 2021,598,2021-06-12 08:00:00,285236,180,Regulus satrapa,Golden-crowned Kinglet,GCKI,105.00,108.00,53.3,t,lite
PC,WLNP-16-5,58520,General Community Waterton Lakes National Park 2021,598,2021-06-12 08:00:00,285236,180,Myioborus brunniceps,,,111.00,114.00,29.2,f,lite
PC,WLNP-16-5,58520,General Community Waterton Lakes National Park 2021,598,2021-06-12 08:00:00,285236,180,Regulus ignicapilla,,,111.00,114.00,44.9,f,lite
PC,WLNP-16-5,58520,General Community Waterton Lakes National Park 2021,598,2021-06-12 08:00:00,285236,180,Urosphena squameiceps,,,111.00,114.00,32.7,f,lite
PC,WLNP-16-5,58520,General Community Waterton Lakes National Park 2021,598,2021-06-12 08:00:00,285236,180,Regulus satrapa,Golden-crowned Kinglet,GCKI,111.00,114.00,49.2,t,lite
PC,WLNP-16-5,58520,General Community Waterton Lakes National Park 2021,598,2021-06-12 08:00:00,285236,180,Regulus ignicapilla,,,114.00,117.00,26.8,f,lite
PC,WLNP-16-5,58520,General Community Waterton Lakes National Park 2021,598,2021-06-12 08:00:00,285236,180,Regulus satrapa,Golden-crowned Kinglet,GCKI,114.00,117.00,25.5,t,lite
PC,WLNP-16-5,58520,General Community Waterton Lakes National Park 2021,598,2021-06-12 08:00:00,285236,180,Regulus satrapa,Golden-crowned Kinglet,GCKI,117.00,120.00,40.6,t,lite
PC,WLNP-16-5,58520,General Community Waterton Lakes National Park 2021,598,2021-06-12 08:00:00,285236,180,Regulus ignicapilla,,,120.00,123.00,32.1,f,lite
PC,WLNP-16-5,58520,General Community Waterton Lakes National Park 2021,598,2021-06-12 08:00:00,285236,180,Myioborus brunniceps,,,120.00,123.00,30.7,f,lite
PC,WLNP-16-5,58520,General Community Waterton Lakes National Park 2021,598,2021-06-12 08:00:00,285236,180,Regulus ignicapilla,,,126.00,129.00,30.4,f,lite
PC,WLNP-16-5,58520,General Community Waterton Lakes National Park 2021,598,2021-06-12 08:00:00,285236,180,Regulus satrapa,Golden-crowned Kinglet,GCKI,126.00,129.00,37.6,t,lite
PC,WLNP-16-5,58520,General Community Waterton Lakes National Park 2021,598,2021-06-12 08:00:00,285236,180,Regulus ignicapilla,,,135.00,138.00,25.2,f,lite
PC,WLNP-16-5,58520,General Community Waterton Lakes National Park 2021,598,2021-06-12 08:00:00,285236,180,Regulus satrapa,Golden-crowned Kinglet,GCKI,138.00,141.00,54.1,t,lite
PC,WLNP-16-5,58520,General Community Waterton Lakes National Park 2021,598,2021-06-12 08:00:00,285236,180,Myioborus brunniceps,,,138.00,141.00,27.3,f,lite
PC,WLNP-16-5,58520,General Community Waterton Lakes National Park 2021,598,2021-06-12 08:00:00,285236,180,Urosphena squameiceps,,,138.00,141.00,35.2,f,lite
PC,WLNP-16-5,58520,General Community Waterton Lakes National Park 2021,598,2021-06-12 08:00:00,285236,180,Regulus ignicapilla,,,138.00,141.00,39.0,f,lite
PC,WLNP-16-5,58520,General Community Waterton Lakes National Park 2021,598,2021-06-12 08:00:00,285236,180,Regulus satrapa,Golden-crowned Kinglet,GCKI,141.00,144.00,38.9,t,lite
PC,WLNP-16-5,58520,General Community Waterton Lakes National Park 2021,598,2021-06-12 08:00:00,285236,180,Regulus ignicapilla,,,141.00,144.00,25.2,f,lite
PC,WLNP-16-5,58520,General Community Waterton Lakes National Park 2021,598,2021-06-12 08:00:00,285236,180,Regulus ignicapilla,,,147.00,150.00,43.6,f,lite
PC,WLNP-16-5,58520,General Community Waterton Lakes National Park 2021,598,2021-06-12 08:00:00,285236,180,Regulus satrapa,Golden-crowned Kinglet,GCKI,147.00,150.00,61.0,t,lite
PC,WLNP-16-5,58520,General Community Waterton Lakes National Park 2021,598,2021-06-12 08:00:00,285236,180,Myioborus brunniceps,,,147.00,150.00,27.1,f,lite
PC,WLNP-16-5,58520,General Community Waterton Lakes National Park 2021,598,2021-06-12 08:00:00,285236,180,Regulus satrapa,Golden-crowned Kinglet,GCKI,153.00,156.00,58.1,t,lite
PC,WLNP-16-5,58520,General Community Waterton Lakes National Park 2021,598,2021-06-12 08:00:00,285236,180,Regulus ignicapilla,,,153.00,156.00,31.3,f,lite
PC,WLNP-16-5,58520,General Community Waterton Lakes National Park 2021,598,2021-06-12 08:00:00,285236,180,Regulus ignicapilla,,,156.00,159.00,25.2,f,lite
PC,WLNP-16-5,58520,General Community Waterton Lakes National Park 2021,598,2021-06-12 08:00:00,285236,180,Cranioleuca gutturata,,,159.00,162.00,49.3,f,lite
PC,WLNP-16-5,58520,General Community Waterton Lakes National Park 2021,598,2021-06-12 08:00:00,285236,180,Regulus ignicapilla,,,159.00,162.00,25.7,f,lite
PC,WLNP-16-5,58520,General Community Waterton Lakes National Park 2021,598,2021-06-12 08:00:00,285236,180,Regulus satrapa,Golden-crowned Kinglet,GCKI,159.00,162.00,65.4,t,lite
PC,WLNP-16-5,58520,General Community Waterton Lakes National Park 2021,598,2021-06-12 08:00:00,285236,180,Regulus ignicapilla,,,162.00,165.00,39.4,f,lite
PC,WLNP-16-5,58520,General Community Waterton Lakes National Park 2021,598,2021-06-12 08:00:00,285236,180,Myioborus brunniceps,,,162.00,165.00,39.2,f,lite
PC,WLNP-16-5,58520,General Community Waterton Lakes National Park 2021,598,2021-06-12 08:00:00,285236,180,Regulus satrapa,Golden-crowned Kinglet,GCKI,162.00,165.00,43.5,t,lite
PC,WLNP-16-5,58520,General Community Waterton Lakes National Park 2021,598,2021-06-12 08:00:00,285236,180,Diglossa indigotica,,,168.00,171.00,25.7,f,lite
PC,WLNP-16-5,58520,General Community Waterton Lakes National Park 2021,598,2021-06-12 08:00:00,285236,180,Regulus ignicapilla,,,168.00,171.00,38.8,f,lite
PC,WLNP-16-5,58520,General Community Waterton Lakes National Park 2021,598,2021-06-12 08:00:00,285236,180,Regulus satrapa,Golden-crowned Kinglet,GCKI,168.00,171.00,66.8,t,lite
PC,WLNP-16-5,58520,General Community Waterton Lakes National Park 2021,598,2021-06-12 08:00:00,285236,180,Myioborus brunniceps,,,174.00,177.00,26.9,f,lite
PC,WLNP-16-5,58520,General Community Waterton Lakes National Park 2021,598,2021-06-12 08:00:00,285236,180,Regulus satrapa,Golden-crowned Kinglet,GCKI,174.00,177.00,63.4,t,lite
PC,WLNP-16-5,58520,General Community Waterton Lakes National Park 2021,598,2021-06-12 08:00:00,285236,180,Regulus ignicapilla,,,174.00,177.00,54.0,f,lite
PC,WLNP-16-5,58520,General Community Waterton Lakes National Park 2021,598,2021-06-12 08:00:00,285236,180,Urosphena squameiceps,,,174.00,177.00,31.2,f,lite
PC,WLNP-16-5,58520,General Community Waterton Lakes National Park 2021,598,2021-06-12 08:00:00,285236,180,Regulus satrapa,Golden-crowned Kinglet,GCKI,177.00,180.00,32.1,t,lite
PC,WLNP-16-5,58520,General Community Waterton Lakes National Park 2021,598,2021-06-12 08:20:00,285194,180,*NOT GENERATED/FOUND*,,,,,,f,lite
PC,WLNP-16-5,58520,General Community Waterton Lakes National Park 2021,598,2021-06-14 08:40:00,285104,180,*NOT GENERATED/FOUND*,,,,,,f,lite
PC,WLNP-16-7,58522,General Community Waterton Lakes National Park 2021,598,2021-06-05 05:40:00,285197,180,Setophaga coronata,Yellow-rumped Warbler,YRWA,84.00,87.00,28.6,t,lite
PC,WLNP-16-7,58522,General Community Waterton Lakes National Park 2021,598,2021-06-05 05:40:00,285197,180,Setophaga auduboni,,,84.00,87.00,28.1,f,lite
PC,WLNP-16-7,58522,General Community Waterton Lakes National Park 2021,598,2021-06-05 05:40:00,285197,180,Setophaga coronata,Yellow-rumped Warbler,YRWA,93.00,96.00,27.7,t,lite
PC,WLNP-16-7,58522,General Community Waterton Lakes National Park 2021,598,2021-06-05 05:40:00,285197,180,Setophaga coronata,Yellow-rumped Warbler,YRWA,102.00,105.00,26.4,t,lite
PC,WLNP-16-7,58522,General Community Waterton Lakes National Park 2021,598,2021-06-05 05:40:00,285197,180,Setophaga coronata,Yellow-rumped Warbler,YRWA,111.00,114.00,27.4,t,lite
PC,WLNP-16-7,58522,General Community Waterton Lakes National Park 2021,598,2021-06-05 07:40:00,284979,180,*NOT GENERATED/FOUND*,,,,,,f,lite
PC,WLNP-16-7,58522,General Community Waterton Lakes National Park 2021,598,2021-06-06 02:20:00,285154,180,*NOT GENERATED/FOUND*,,,,,,f,lite
PC,WLNP-16-7,58522,General Community Waterton Lakes National Park 2021,598,2021-06-06 08:20:00,285074,180,Anthus chacoensis,,,177.00,180.00,25.9,f,lite
PC,WLNP-16-7,58522,General Community Waterton Lakes National Park 2021,598,2021-06-06 08:40:00,284986,180,Setophaga virens,Black-throated Green Warbler,BTNW,117.00,120.00,29.9,t,lite
PC,WLNP-16-7,58522,General Community Waterton Lakes National Park 2021,598,2021-06-06 08:40:00,284986,180,Setophaga townsendi,Townsend's Warbler,TOWA,117.00,120.00,34.7,t,lite
PC,WLNP-16-7,58522,General Community Waterton Lakes National Park 2021,598,2021-06-07 04:20:00,285117,180,*NOT GENERATED/FOUND*,,,,,,f,lite
PC,WLNP-16-7,58522,General Community Waterton Lakes National Park 2021,598,2021-06-09 02:00:00,284976,180,*NOT GENERATED/FOUND*,,,,,,f,lite
PC,WLNP-16-7,58522,General Community Waterton Lakes National Park 2021,598,2021-06-10 02:40:00,285184,180,*NOT GENERATED/FOUND*,,,,,,f,lite
PC,WLNP-16-8,64968,General Community Waterton Lakes National Park 2021,598,2021-06-05 02:40:00,285200,180,*NOT GENERATED/FOUND*,,,,,,f,lite
PC,WLNP-16-8,64968,General Community Waterton Lakes National Park 2021,598,2021-06-05 22:20:00,284978,180,*NOT GENERATED/FOUND*,,,,,,f,lite
PC,WLNP-16-8,64968,General Community Waterton Lakes National Park 2021,598,2021-06-05 22:40:00,285080,180,*NOT GENERATED/FOUND*,,,,,,f,lite
PC,WLNP-16-8,64968,General Community Waterton Lakes National Park 2021,598,2021-06-06 02:40:00,285077,180,*NOT GENERATED/FOUND*,,,,,,f,lite
PC,WLNP-16-8,64968,General Community Waterton Lakes National Park 2021,598,2021-06-06 08:40:00,285147,180,Regulus satrapa,Golden-crowned Kinglet,GCKI,3.00,6.00,47.3,t,lite
PC,WLNP-16-8,64968,General Community Waterton Lakes National Park 2021,598,2021-06-06 08:40:00,285147,180,Cranioleuca gutturata,,,9.00,12.00,40.1,f,lite
PC,WLNP-16-8,64968,General Community Waterton Lakes National Park 2021,598,2021-06-06 08:40:00,285147,180,Regulus ignicapilla,,,12.00,15.00,30.3,f,lite
PC,WLNP-16-8,64968,General Community Waterton Lakes National Park 2021,598,2021-06-06 08:40:00,285147,180,Setophaga fusca,Blackburnian Warbler,BLBW,12.00,15.00,25.0,t,lite
PC,WLNP-16-8,64968,General Community Waterton Lakes National Park 2021,598,2021-06-06 08:40:00,285147,180,Regulus satrapa,Golden-crowned Kinglet,GCKI,12.00,15.00,25.1,t,lite
PC,WLNP-16-8,64968,General Community Waterton Lakes National Park 2021,598,2021-06-06 08:40:00,285147,180,Regulus ignicapilla,,,18.00,21.00,31.5,f,lite
PC,WLNP-16-8,64968,General Community Waterton Lakes National Park 2021,598,2021-06-06 08:40:00,285147,180,Regulus satrapa,Golden-crowned Kinglet,GCKI,18.00,21.00,54.7,t,lite
PC,WLNP-16-8,64968,General Community Waterton Lakes National Park 2021,598,2021-06-06 08:40:00,285147,180,Regulus satrapa,Golden-crowned Kinglet,GCKI,27.00,30.00,42.0,t,lite
PC,WLNP-16-8,64968,General Community Waterton Lakes National Park 2021,598,2021-06-06 08:40:00,285147,180,Regulus ignicapilla,,,33.00,36.00,37.9,f,lite
PC,WLNP-16-8,64968,General Community Waterton Lakes National Park 2021,598,2021-06-06 08:40:00,285147,180,Regulus satrapa,Golden-crowned Kinglet,GCKI,33.00,36.00,56.1,t,lite
PC,WLNP-16-8,64968,General Community Waterton Lakes National Park 2021,598,2021-06-06 08:40:00,285147,180,Regulus satrapa,Golden-crowned Kinglet,GCKI,45.00,48.00,25.9,t,lite
PC,WLNP-16-8,64968,General Community Waterton Lakes National Park 2021,598,2021-06-06 08:40:00,285147,180,Regulus satrapa,Golden-crowned Kinglet,GCKI,54.00,57.00,51.6,t,lite
PC,WLNP-16-8,64968,General Community Waterton Lakes National Park 2021,598,2021-06-06 08:40:00,285147,180,Regulus satrapa,Golden-crowned Kinglet,GCKI,60.00,63.00,28.8,t,lite
PC,WLNP-16-8,64968,General Community Waterton Lakes National Park 2021,598,2021-06-06 08:40:00,285147,180,Regulus satrapa,Golden-crowned Kinglet,GCKI,63.00,66.00,28.9,t,lite
PC,WLNP-16-8,64968,General Community Waterton Lakes National Park 2021,598,2021-06-06 08:40:00,285147,180,Regulus regulus,Goldcrest,4717,69.00,72.00,25.3,t,lite
PC,WLNP-16-8,64968,General Community Waterton Lakes National Park 2021,598,2021-06-06 08:40:00,285147,180,Regulus satrapa,Golden-crowned Kinglet,GCKI,69.00,72.00,61.2,t,lite
PC,WLNP-16-8,64968,General Community Waterton Lakes National Park 2021,598,2021-06-06 08:40:00,285147,180,Cranioleuca gutturata,,,75.00,78.00,52.2,f,lite
PC,WLNP-16-8,64968,General Community Waterton Lakes National Park 2021,598,2021-06-06 08:40:00,285147,180,Regulus satrapa,Golden-crowned Kinglet,GCKI,75.00,78.00,58.0,t,lite
PC,WLNP-16-8,64968,General Community Waterton Lakes National Park 2021,598,2021-06-06 08:40:00,285147,180,Regulus satrapa,Golden-crowned Kinglet,GCKI,78.00,81.00,45.9,t,lite
PC,WLNP-16-8,64968,General Community Waterton Lakes National Park 2021,598,2021-06-06 08:40:00,285147,180,Regulus ignicapilla,,,84.00,87.00,25.8,f,lite
PC,WLNP-16-8,64968,General Community Waterton Lakes National Park 2021,598,2021-06-06 08:40:00,285147,180,Regulus satrapa,Golden-crowned Kinglet,GCKI,84.00,87.00,81.9,t,lite
PC,WLNP-16-8,64968,General Community Waterton Lakes National Park 2021,598,2021-06-06 08:40:00,285147,180,Poecile atricapillus,Black-capped Chickadee,BCCH,87.00,90.00,31.2,t,lite
PC,WLNP-16-8,64968,General Community Waterton Lakes National Park 2021,598,2021-06-06 08:40:00,285147,180,Regulus regulus,Goldcrest,4717,87.00,90.00,29.5,t,lite
PC,WLNP-16-8,64968,General Community Waterton Lakes National Park 2021,598,2021-06-06 08:40:00,285147,180,Regulus satrapa,Golden-crowned Kinglet,GCKI,87.00,90.00,36.7,t,lite
PC,WLNP-16-8,64968,General Community Waterton Lakes National Park 2021,598,2021-06-06 08:40:00,285147,180,Regulus satrapa,Golden-crowned Kinglet,GCKI,90.00,93.00,41.0,t,lite
PC,WLNP-16-8,64968,General Community Waterton Lakes National Park 2021,598,2021-06-06 08:40:00,285147,180,Certhia familiaris,Eurasian Treecreeper,CERFAM,90.00,93.00,39.1,t,lite
PC,WLNP-16-8,64968,General Community Waterton Lakes National Park 2021,598,2021-06-06 08:40:00,285147,180,Regulus regulus,Goldcrest,4717,90.00,93.00,25.3,t,lite
PC,WLNP-16-8,64968,General Community Waterton Lakes National Park 2021,598,2021-06-06 08:40:00,285147,180,Cranioleuca gutturata,,,90.00,93.00,31.5,f,lite
PC,WLNP-16-8,64968,General Community Waterton Lakes National Park 2021,598,2021-06-06 08:40:00,285147,180,Regulus satrapa,Golden-crowned Kinglet,GCKI,93.00,96.00,70.1,t,lite
PC,WLNP-16-8,64968,General Community Waterton Lakes National Park 2021,598,2021-06-06 08:40:00,285147,180,Regulus satrapa,Golden-crowned Kinglet,GCKI,99.00,102.00,44.6,t,lite
PC,WLNP-16-8,64968,General Community Waterton Lakes National Park 2021,598,2021-06-06 08:40:00,285147,180,Certhia familiaris,Eurasian Treecreeper,CERFAM,99.00,102.00,31.6,t,lite
PC,WLNP-16-8,64968,General Community Waterton Lakes National Park 2021,598,2021-06-06 08:40:00,285147,180,Regulus satrapa,Golden-crowned Kinglet,GCKI,102.00,105.00,67.9,t,lite
PC,WLNP-16-8,64968,General Community Waterton Lakes National Park 2021,598,2021-06-06 08:40:00,285147,180,Regulus satrapa,Golden-crowned Kinglet,GCKI,111.00,114.00,75.5,t,lite
PC,WLNP-16-8,64968,General Community Waterton Lakes National Park 2021,598,2021-06-06 08:40:00,285147,180,Regulus regulus,Goldcrest,4717,111.00,114.00,30.6,t,lite
PC,WLNP-16-8,64968,General Community Waterton Lakes National Park 2021,598,2021-06-06 08:40:00,285147,180,Regulus ignicapilla,,,111.00,114.00,29.1,f,lite
PC,WLNP-16-8,64968,General Community Waterton Lakes National Park 2021,598,2021-06-06 08:40:00,285147,180,Regulus satrapa,Golden-crowned Kinglet,GCKI,117.00,120.00,51.0,t,lite
PC,WLNP-16-8,64968,General Community Waterton Lakes National Park 2021,598,2021-06-06 08:40:00,285147,180,Cranioleuca gutturata,,,117.00,120.00,50.3,f,lite
PC,WLNP-16-8,64968,General Community Waterton Lakes National Park 2021,598,2021-06-06 08:40:00,285147,180,Regulus satrapa,Golden-crowned Kinglet,GCKI,120.00,123.00,81.6,t,lite
PC,WLNP-16-8,64968,General Community Waterton Lakes National Park 2021,598,2021-06-06 08:40:00,285147,180,Regulus satrapa,Golden-crowned Kinglet,GCKI,126.00,129.00,73.7,t,lite
PC,WLNP-16-8,64968,General Community Waterton Lakes National Park 2021,598,2021-06-06 08:40:00,285147,180,Regulus ignicapilla,,,126.00,129.00,36.0,f,lite
PC,WLNP-16-8,64968,General Community Waterton Lakes National Park 2021,598,2021-06-06 08:40:00,285147,180,Cranioleuca gutturata,,,126.00,129.00,44.1,f,lite
PC,WLNP-16-8,64968,General Community Waterton Lakes National Park 2021,598,2021-06-06 08:40:00,285147,180,Regulus satrapa,Golden-crowned Kinglet,GCKI,129.00,132.00,30.1,t,lite
PC,WLNP-16-8,64968,General Community Waterton Lakes National Park 2021,598,2021-06-06 08:40:00,285147,180,Certhia americana,Brown Creeper,BRCR,132.00,135.00,25.1,t,lite
PC,WLNP-16-8,64968,General Community Waterton Lakes National Park 2021,598,2021-06-06 08:40:00,285147,180,Regulus satrapa,Golden-crowned Kinglet,GCKI,135.00,138.00,59.4,t,lite
PC,WLNP-16-8,64968,General Community Waterton Lakes National Park 2021,598,2021-06-06 08:40:00,285147,180,Regulus satrapa,Golden-crowned Kinglet,GCKI,141.00,144.00,50.9,t,lite
PC,WLNP-16-8,64968,General Community Waterton Lakes National Park 2021,598,2021-06-06 08:40:00,285147,180,Regulus ignicapilla,,,141.00,144.00,30.3,f,lite
PC,WLNP-16-8,64968,General Community Waterton Lakes National Park 2021,598,2021-06-06 08:40:00,285147,180,Cranioleuca gutturata,,,141.00,144.00,39.8,f,lite
PC,WLNP-16-8,64968,General Community Waterton Lakes National Park 2021,598,2021-06-06 08:40:00,285147,180,Regulus regulus,Goldcrest,4717,144.00,147.00,30.3,t,lite
PC,WLNP-16-8,64968,General Community Waterton Lakes National Park 2021,598,2021-06-06 08:40:00,285147,180,Regulus satrapa,Golden-crowned Kinglet,GCKI,144.00,147.00,74.7,t,lite
PC,WLNP-16-8,64968,General Community Waterton Lakes National Park 2021,598,2021-06-06 08:40:00,285147,180,Myioborus brunniceps,,,150.00,153.00,25.9,f,lite
PC,WLNP-16-8,64968,General Community Waterton Lakes National Park 2021,598,2021-06-06 08:40:00,285147,180,Regulus satrapa,Golden-crowned Kinglet,GCKI,150.00,153.00,79.7,t,lite
PC,WLNP-16-8,64968,General Community Waterton Lakes National Park 2021,598,2021-06-06 08:40:00,285147,180,Regulus ignicapilla,,,150.00,153.00,44.2,f,lite
PC,WLNP-16-8,64968,General Community Waterton Lakes National Park 2021,598,2021-06-06 08:40:00,285147,180,Regulus satrapa,Golden-crowned Kinglet,GCKI,159.00,162.00,67.6,t,lite
PC,WLNP-16-8,64968,General Community Waterton Lakes National Park 2021,598,2021-06-06 08:40:00,285147,180,Certhia familiaris,Eurasian Treecreeper,CERFAM,165.00,168.00,43.4,t,lite
PC,WLNP-16-8,64968,General Community Waterton Lakes National Park 2021,598,2021-06-06 08:40:00,285147,180,Cranioleuca gutturata,,,165.00,168.00,69.2,f,lite
PC,WLNP-16-8,64968,General Community Waterton Lakes National Park 2021,598,2021-06-06 08:40:00,285147,180,Regulus satrapa,Golden-crowned Kinglet,GCKI,165.00,168.00,63.4,t,lite
PC,WLNP-16-8,64968,General Community Waterton Lakes National Park 2021,598,2021-06-06 08:40:00,285147,180,Regulus satrapa,Golden-crowned Kinglet,GCKI,168.00,171.00,74.0,t,lite
PC,WLNP-16-8,64968,General Community Waterton Lakes National Park 2021,598,2021-06-06 08:40:00,285147,180,Cranioleuca gutturata,,,174.00,177.00,42.2,f,lite
PC,WLNP-16-8,64968,General Community Waterton Lakes National Park 2021,598,2021-06-06 08:40:00,285147,180,Regulus satrapa,Golden-crowned Kinglet,GCKI,174.00,177.00,42.1,t,lite
PC,WLNP-16-8,64968,General Community Waterton Lakes National Park 2021,598,2021-06-06 08:40:00,285147,180,Regulus satrapa,Golden-crowned Kinglet,GCKI,177.00,180.00,30.5,t,lite
PC,WLNP-16-8,64968,General Community Waterton Lakes National Park 2021,598,2021-06-07 06:20:00,285238,180,Regulus satrapa,Golden-crowned Kinglet,GCKI,9.00,12.00,39.7,t,lite
PC,WLNP-16-8,64968,General Community Waterton Lakes National Park 2021,598,2021-06-07 06:20:00,285238,180,Regulus satrapa,Golden-crowned Kinglet,GCKI,21.00,24.00,35.6,t,lite
PC,WLNP-16-8,64968,General Community Waterton Lakes National Park 2021,598,2021-06-07 06:20:00,285238,180,Regulus regulus,Goldcrest,4717,30.00,33.00,26.6,t,lite
PC,WLNP-16-8,64968,General Community Waterton Lakes National Park 2021,598,2021-06-07 06:20:00,285238,180,Regulus satrapa,Golden-crowned Kinglet,GCKI,30.00,33.00,69.7,t,lite
PC,WLNP-16-8,64968,General Community Waterton Lakes National Park 2021,598,2021-06-07 06:20:00,285238,180,Regulus ignicapilla,,,30.00,33.00,41.3,f,lite
PC,WLNP-16-8,64968,General Community Waterton Lakes National Park 2021,598,2021-06-07 06:20:00,285238,180,Regulus satrapa,Golden-crowned Kinglet,GCKI,39.00,42.00,65.0,t,lite
PC,WLNP-16-8,64968,General Community Waterton Lakes National Park 2021,598,2021-06-07 06:20:00,285238,180,Regulus ignicapilla,,,39.00,42.00,31.2,f,lite
PC,WLNP-16-8,64968,General Community Waterton Lakes National Park 2021,598,2021-06-07 06:20:00,285238,180,Regulus satrapa,Golden-crowned Kinglet,GCKI,48.00,51.00,56.8,t,lite
PC,WLNP-16-8,64968,General Community Waterton Lakes National Park 2021,598,2021-06-07 06:20:00,285238,180,Regulus ignicapilla,,,60.00,63.00,25.3,f,lite
PC,WLNP-16-8,64968,General Community Waterton Lakes National Park 2021,598,2021-06-07 06:20:00,285238,180,Regulus satrapa,Golden-crowned Kinglet,GCKI,60.00,63.00,37.6,t,lite
PC,WLNP-16-8,64968,General Community Waterton Lakes National Park 2021,598,2021-06-07 06:20:00,285238,180,Regulus satrapa,Golden-crowned Kinglet,GCKI,66.00,69.00,25.1,t,lite
PC,WLNP-16-8,64968,General Community Waterton Lakes National Park 2021,598,2021-06-07 06:20:00,285238,180,Regulus satrapa,Golden-crowned Kinglet,GCKI,69.00,72.00,32.7,t,lite
PC,WLNP-16-8,64968,General Community Waterton Lakes National Park 2021,598,2021-06-07 06:20:00,285238,180,Regulus satrapa,Golden-crowned Kinglet,GCKI,75.00,78.00,34.6,t,lite
PC,WLNP-16-8,64968,General Community Waterton Lakes National Park 2021,598,2021-06-07 06:20:00,285238,180,Regulus ignicapilla,,,81.00,84.00,31.5,f,lite
PC,WLNP-16-8,64968,General Community Waterton Lakes National Park 2021,598,2021-06-07 06:20:00,285238,180,Regulus satrapa,Golden-crowned Kinglet,GCKI,81.00,84.00,59.2,t,lite
PC,WLNP-16-8,64968,General Community Waterton Lakes National Park 2021,598,2021-06-07 06:20:00,285238,180,Regulus ignicapilla,,,90.00,93.00,25.2,f,lite
PC,WLNP-16-8,64968,General Community Waterton Lakes National Park 2021,598,2021-06-07 06:20:00,285238,180,Regulus satrapa,Golden-crowned Kinglet,GCKI,90.00,93.00,44.0,t,lite
PC,WLNP-16-8,64968,General Community Waterton Lakes National Park 2021,598,2021-06-07 06:20:00,285238,180,Regulus ignicapilla,,,99.00,102.00,30.1,f,lite
PC,WLNP-16-8,64968,General Community Waterton Lakes National Park 2021,598,2021-06-07 06:20:00,285238,180,Regulus satrapa,Golden-crowned Kinglet,GCKI,99.00,102.00,58.5,t,lite
PC,WLNP-16-8,64968,General Community Waterton Lakes National Park 2021,598,2021-06-07 06:20:00,285238,180,Regulus satrapa,Golden-crowned Kinglet,GCKI,111.00,114.00,49.4,t,lite
PC,WLNP-16-8,64968,General Community Waterton Lakes National Park 2021,598,2021-06-07 06:20:00,285238,180,Regulus satrapa,Golden-crowned Kinglet,GCKI,120.00,123.00,49.3,t,lite
PC,WLNP-16-8,64968,General Community Waterton Lakes National Park 2021,598,2021-06-07 06:20:00,285238,180,Regulus ignicapilla,,,120.00,123.00,37.0,f,lite
PC,WLNP-16-8,64968,General Community Waterton Lakes National Park 2021,598,2021-06-07 06:20:00,285238,180,Regulus satrapa,Golden-crowned Kinglet,GCKI,129.00,132.00,32.3,t,lite
PC,WLNP-16-8,64968,General Community Waterton Lakes National Park 2021,598,2021-06-07 06:20:00,285238,180,Regulus satrapa,Golden-crowned Kinglet,GCKI,138.00,141.00,37.1,t,lite
PC,WLNP-16-8,64968,General Community Waterton Lakes National Park 2021,598,2021-06-07 06:20:00,285238,180,Regulus satrapa,Golden-crowned Kinglet,GCKI,159.00,162.00,26.6,t,lite
PC,WLNP-16-8,64968,General Community Waterton Lakes National Park 2021,598,2021-06-07 06:20:00,285238,180,Regulus ignicapilla,,,165.00,168.00,35.8,f,lite
PC,WLNP-16-8,64968,General Community Waterton Lakes National Park 2021,598,2021-06-07 06:20:00,285238,180,Regulus satrapa,Golden-crowned Kinglet,GCKI,165.00,168.00,49.8,t,lite
PC,WLNP-16-8,64968,General Community Waterton Lakes National Park 2021,598,2021-06-07 06:20:00,285238,180,Regulus regulus,Goldcrest,4717,165.00,168.00,25.3,t,lite
PC,WLNP-16-8,64968,General Community Waterton Lakes National Park 2021,598,2021-06-07 06:20:00,285238,180,Regulus satrapa,Golden-crowned Kinglet,GCKI,174.00,177.00,35.4,t,lite
PC,WLNP-16-8,64968,General Community Waterton Lakes National Park 2021,598,2021-06-07 08:40:00,285045,180,Regulus satrapa,Golden-crowned Kinglet,GCKI,165.00,168.00,30.4,t,lite
PC,WLNP-16-8,64968,General Community Waterton Lakes National Park 2021,598,2021-06-07 08:40:00,285045,180,Regulus ignicapilla,,,171.00,174.00,34.9,f,lite
PC,WLNP-16-8,64968,General Community Waterton Lakes National Park 2021,598,2021-06-07 08:40:00,285045,180,Regulus satrapa,Golden-crowned Kinglet,GCKI,171.00,174.00,36.4,t,lite
PC,WLNP-16-8,64968,General Community Waterton Lakes National Park 2021,598,2021-06-14 02:00:00,285166,180,*NOT GENERATED/FOUND*,,,,,,f,lite
PC,WLNP-16-9,58523,General Community Waterton Lakes National Park 2021,598,2021-06-05 04:20:00,285205,180,*NOT GENERATED/FOUND*,,,,,,f,lite
PC,WLNP-16-9,58523,General Community Waterton Lakes National Park 2021,598,2021-06-05 05:20:00,285163,180,Sicalis auriventris,,,9.00,12.00,25.4,f,lite
PC,WLNP-16-9,58523,General Community Waterton Lakes National Park 2021,598,2021-06-05 05:20:00,285163,180,Sicalis auriventris,,,30.00,33.00,29.3,f,lite
PC,WLNP-16-9,58523,General Community Waterton Lakes National Park 2021,598,2021-06-05 05:20:00,285163,180,Geothlypis tolmiei,MacGillivray's Warbler,MGWA,42.00,45.00,30.0,t,lite
PC,WLNP-16-9,58523,General Community Waterton Lakes National Park 2021,598,2021-06-05 05:20:00,285163,180,Geothlypis tolmiei,MacGillivray's Warbler,MGWA,132.00,135.00,28.2,t,lite
PC,WLNP-16-9,58523,General Community Waterton Lakes National Park 2021,598,2021-06-05 05:20:00,285163,180,Geothlypis tolmiei,MacGillivray's Warbler,MGWA,150.00,153.00,27.1,t,lite
PC,WLNP-16-9,58523,General Community Waterton Lakes National Park 2021,598,2021-06-05 05:20:00,285163,180,Geospizopsis unicolor,,,156.00,159.00,29.5,f,lite
PC,WLNP-16-9,58523,General Community Waterton Lakes National Park 2021,598,2021-06-05 05:20:00,285163,180,Geothlypis tolmiei,MacGillivray's Warbler,MGWA,159.00,162.00,25.1,t,lite
PC,WLNP-16-9,58523,General Community Waterton Lakes National Park 2021,598,2021-06-05 06:40:00,285095,180,*NOT GENERATED/FOUND*,,,,,,f,lite
PC,WLNP-16-9,58523,General Community Waterton Lakes National Park 2021,598,2021-06-05 07:00:00,285068,180,Geothlypis tolmiei,MacGillivray's Warbler,MGWA,30.00,33.00,27.6,t,lite
PC,WLNP-16-9,58523,General Community Waterton Lakes National Park 2021,598,2021-06-06 02:20:00,285172,180,*NOT GENERATED/FOUND*,,,,,,f,lite
PC,WLNP-16-9,58523,General Community Waterton Lakes National Park 2021,598,2021-06-06 08:20:00,285100,180,*NOT GENERATED/FOUND*,,,,,,f,lite
PC,WLNP-16-9,58523,General Community Waterton Lakes National Park 2021,598,2021-06-10 05:00:00,285026,180,Zonotrichia leucophrys,White-crowned Sparrow,WCSP,9.00,12.00,28.6,t,lite
PC,WLNP-16-9,58523,General Community Waterton Lakes National Park 2021,598,2021-06-10 05:00:00,285026,180,Zonotrichia leucophrys,White-crowned Sparrow,WCSP,18.00,21.00,38.4,t,lite
PC,WLNP-16-9,58523,General Community Waterton Lakes National Park 2021,598,2021-06-10 05:00:00,285026,180,Zonotrichia leucophrys,White-crowned Sparrow,WCSP,24.00,27.00,38.0,t,lite
PC,WLNP-16-9,58523,General Community Waterton Lakes National Park 2021,598,2021-06-10 05:00:00,285026,180,Sugomel nigrum,,,24.00,27.00,38.9,f,lite
PC,WLNP-16-9,58523,General Community Waterton Lakes National Park 2021,598,2021-06-10 05:00:00,285026,180,Zonotrichia leucophrys,White-crowned Sparrow,WCSP,33.00,36.00,29.3,t,lite
PC,WLNP-16-9,58523,General Community Waterton Lakes National Park 2021,598,2021-06-10 05:00:00,285026,180,Sugomel nigrum,,,39.00,42.00,31.4,f,lite
PC,WLNP-16-9,58523,General Community Waterton Lakes National Park 2021,598,2021-06-10 05:00:00,285026,180,Zonotrichia leucophrys,White-crowned Sparrow,WCSP,39.00,42.00,28.4,t,lite
PC,WLNP-16-9,58523,General Community Waterton Lakes National Park 2021,598,2021-06-10 05:00:00,285026,180,Sugomel nigrum,,,48.00,51.00,31.9,f,lite
PC,WLNP-16-9,58523,General Community Waterton Lakes National Park 2021,598,2021-06-10 05:00:00,285026,180,Sugomel nigrum,,,63.00,66.00,33.3,f,lite
PC,WLNP-16-9,58523,General Community Waterton Lakes National Park 2021,598,2021-06-10 05:00:00,285026,180,Zonotrichia leucophrys,White-crowned Sparrow,WCSP,63.00,66.00,38.2,t,lite
PC,WLNP-16-9,58523,General Community Waterton Lakes National Park 2021,598,2021-06-10 05:00:00,285026,180,Emberiza hortulana,Ortolan Bunting,EMBHOR,81.00,84.00,26.5,t,lite
PC,WLNP-16-9,58523,General Community Waterton Lakes National Park 2021,598,2021-06-10 05:00:00,285026,180,Zonotrichia leucophrys,White-crowned Sparrow,WCSP,81.00,84.00,35.9,t,lite
PC,WLNP-16-9,58523,General Community Waterton Lakes National Park 2021,598,2021-06-10 05:00:00,285026,180,Zonotrichia leucophrys,White-crowned Sparrow,WCSP,87.00,90.00,47.8,t,lite
PC,WLNP-16-9,58523,General Community Waterton Lakes National Park 2021,598,2021-06-10 05:00:00,285026,180,Zonotrichia leucophrys,White-crowned Sparrow,WCSP,96.00,99.00,45.2,t,lite
PC,WLNP-16-9,58523,General Community Waterton Lakes National Park 2021,598,2021-06-10 05:00:00,285026,180,Zonotrichia leucophrys,White-crowned Sparrow,WCSP,111.00,114.00,28.0,t,lite
PC,WLNP-16-9,58523,General Community Waterton Lakes National Park 2021,598,2021-06-10 05:00:00,285026,180,Zonotrichia leucophrys,White-crowned Sparrow,WCSP,120.00,123.00,48.7,t,lite
PC,WLNP-16-9,58523,General Community Waterton Lakes National Park 2021,598,2021-06-10 05:00:00,285026,180,Sugomel nigrum,,,126.00,129.00,38.3,f,lite
PC,WLNP-16-9,58523,General Community Waterton Lakes National Park 2021,598,2021-06-10 05:00:00,285026,180,Sugomel nigrum,,,135.00,138.00,43.4,f,lite
PC,WLNP-16-9,58523,General Community Waterton Lakes National Park 2021,598,2021-06-10 05:00:00,285026,180,Zonotrichia leucophrys,White-crowned Sparrow,WCSP,153.00,156.00,25.4,t,lite
PC,WLNP-16-9,58523,General Community Waterton Lakes National Park 2021,598,2021-06-10 05:00:00,285026,180,Sugomel nigrum,,,159.00,162.00,27.5,f,lite
PC,WLNP-16-9,58523,General Community Waterton Lakes National Park 2021,598,2021-06-10 05:00:00,285026,180,Zonotrichia leucophrys,White-crowned Sparrow,WCSP,168.00,171.00,37.1,t,lite
PC,WLNP-16-9,58523,General Community Waterton Lakes National Park 2021,598,2021-06-10 05:00:00,285026,180,Sugomel nigrum,,,174.00,177.00,27.7,f,lite
PC,WLNP-16-9,58523,General Community Waterton Lakes National Park 2021,598,2021-06-10 05:00:00,285026,180,Alauda arvensis,Eurasian Skylark,EUSK,177.00,180.00,25.3,t,lite
PC,WLNP-16-9,58523,General Community Waterton Lakes National Park 2021,598,2021-06-10 23:40:00,284995,180,*NOT GENERATED/FOUND*,,,,,,f,lite
PC,WLNP-17-1,58524,General Community Waterton Lakes National Park 2021,598,2021-06-19 02:00:00,285142,180,*NOT GENERATED/FOUND*,,,,,,f,lite
PC,WLNP-17-1,58524,General Community Waterton Lakes National Park 2021,598,2021-06-22 04:00:00,285178,180,*NOT GENERATED/FOUND*,,,,,,f,lite
PC,WLNP-17-1,58524,General Community Waterton Lakes National Park 2021,598,2021-06-25 08:00:00,285115,180,*NOT GENERATED/FOUND*,,,,,,f,lite
PC,WLNP-17-1,58524,General Community Waterton Lakes National Park 2021,598,2021-06-27 22:20:00,285118,180,*NOT GENERATED/FOUND*,,,,,,f,lite
PC,WLNP-17-1,58524,General Community Waterton Lakes National Park 2021,598,2021-06-30 08:00:00,285022,180,*NOT GENERATED/FOUND*,,,,,,f,lite
PC,WLNP-17-1,58524,General Community Waterton Lakes National Park 2021,598,2021-07-03 08:40:00,285033,180,*NOT GENERATED/FOUND*,,,,,,f,lite
PC,WLNP-17-1,58524,General Community Waterton Lakes National Park 2021,598,2021-07-04 02:40:00,285179,180,*NOT GENERATED/FOUND*,,,,,,f,lite
PC,WLNP-17-1,58524,General Community Waterton Lakes National Park 2021,598,2021-07-05 04:20:00,285123,180,*NOT GENERATED/FOUND*,,,,,,f,lite
PC,WLNP-17-2,58525,General Community Waterton Lakes National Park 2021,598,2021-06-18 06:00:00,285017,180,*NOT GENERATED/FOUND*,,,,,,f,lite
PC,WLNP-17-2,58525,General Community Waterton Lakes National Park 2021,598,2021-06-18 08:20:00,285180,180,*NOT GENERATED/FOUND*,,,,,,f,lite
PC,WLNP-17-2,58525,General Community Waterton Lakes National Park 2021,598,2021-06-18 22:20:00,285152,180,*NOT GENERATED/FOUND*,,,,,,f,lite
PC,WLNP-17-2,58525,General Community Waterton Lakes National Park 2021,598,2021-06-19 04:40:00,285039,180,*NOT GENERATED/FOUND*,,,,,,f,lite
PC,WLNP-17-2,58525,General Community Waterton Lakes National Park 2021,598,2021-06-20 07:40:00,285053,180,*NOT GENERATED/FOUND*,,,,,,f,lite
PC,WLNP-17-2,58525,General Community Waterton Lakes National Park 2021,598,2021-06-24 22:00:00,285059,180,*NOT GENERATED/FOUND*,,,,,,f,lite
PC,WLNP-17-2,58525,General Community Waterton Lakes National Park 2021,598,2021-06-25 23:40:00,285126,180,*NOT GENERATED/FOUND*,,,,,,f,lite
PC,WLNP-17-2,58525,General Community Waterton Lakes National Park 2021,598,2021-06-30 07:00:00,285216,180,Catharus ustulatus,Swainson's Thrush,SWTH,6.00,9.00,59.3,t,lite
PC,WLNP-17-2,58525,General Community Waterton Lakes National Park 2021,598,2021-06-30 07:00:00,285216,180,Catharus ustulatus,Swainson's Thrush,SWTH,12.00,15.00,52.6,t,lite
PC,WLNP-17-2,58525,General Community Waterton Lakes National Park 2021,598,2021-06-30 07:00:00,285216,180,Catharus mexicanus,Black-headed Nightingale-Thrush,BHNT,12.00,15.00,27.1,t,lite
PC,WLNP-17-2,58525,General Community Waterton Lakes National Park 2021,598,2021-06-30 07:00:00,285216,180,Catharus ustulatus,Swainson's Thrush,SWTH,21.00,24.00,74.1,t,lite
PC,WLNP-17-2,58525,General Community Waterton Lakes National Park 2021,598,2021-06-30 07:00:00,285216,180,Catharus ustulatus,Swainson's Thrush,SWTH,30.00,33.00,29.0,t,lite
PC,WLNP-17-2,58525,General Community Waterton Lakes National Park 2021,598,2021-06-30 07:00:00,285216,180,Vireo gilvus,Warbling Vireo,WAVI,30.00,33.00,25.1,t,lite
PC,WLNP-17-2,58525,General Community Waterton Lakes National Park 2021,598,2021-06-30 07:00:00,285216,180,Catharus ustulatus,Swainson's Thrush,SWTH,36.00,39.00,59.1,t,lite
PC,WLNP-17-2,58525,General Community Waterton Lakes National Park 2021,598,2021-06-30 07:00:00,285216,180,Cossypha caffra,,,36.00,39.00,26.5,f,lite
PC,WLNP-17-2,58525,General Community Waterton Lakes National Park 2021,598,2021-06-30 07:00:00,285216,180,Catharus ustulatus,Swainson's Thrush,SWTH,45.00,48.00,64.0,t,lite
PC,WLNP-17-2,58525,General Community Waterton Lakes National Park 2021,598,2021-06-30 07:00:00,285216,180,Catharus ustulatus,Swainson's Thrush,SWTH,60.00,63.00,60.1,t,lite
PC,WLNP-17-2,58525,General Community Waterton Lakes National Park 2021,598,2021-06-30 07:00:00,285216,180,Catharus ustulatus,Swainson's Thrush,SWTH,72.00,75.00,75.1,t,lite
PC,WLNP-17-2,58525,General Community Waterton Lakes National Park 2021,598,2021-06-30 07:00:00,285216,180,Catharus ustulatus,Swainson's Thrush,SWTH,99.00,102.00,59.9,t,lite
PC,WLNP-17-2,58525,General Community Waterton Lakes National Park 2021,598,2021-06-30 07:00:00,285216,180,Catharus ustulatus,Swainson's Thrush,SWTH,111.00,114.00,60.5,t,lite
PC,WLNP-17-2,58525,General Community Waterton Lakes National Park 2021,598,2021-06-30 07:00:00,285216,180,Catharus ustulatus,Swainson's Thrush,SWTH,123.00,126.00,31.1,t,lite
PC,WLNP-17-2,58525,General Community Waterton Lakes National Park 2021,598,2021-06-30 07:00:00,285216,180,Catharus frantzii,Ruddy-capped Nightingale-Thrush,RCNT,123.00,126.00,29.2,t,lite
PC,WLNP-17-2,58525,General Community Waterton Lakes National Park 2021,598,2021-06-30 07:00:00,285216,180,Catharus ustulatus,Swainson's Thrush,SWTH,132.00,135.00,46.8,t,lite
PC,WLNP-17-2,58525,General Community Waterton Lakes National Park 2021,598,2021-06-30 07:00:00,285216,180,Henicorhina leucophrys,Gray-breasted Wood-Wren,GBWW,132.00,135.00,30.9,t,lite
PC,WLNP-17-2,58525,General Community Waterton Lakes National Park 2021,598,2021-06-30 07:00:00,285216,180,Catharus guttatus,Hermit Thrush,HETH,135.00,138.00,27.8,t,lite
PC,WLNP-17-2,58525,General Community Waterton Lakes National Park 2021,598,2021-06-30 07:00:00,285216,180,Catharus ustulatus,Swainson's Thrush,SWTH,135.00,138.00,67.4,t,lite
PC,WLNP-17-2,58525,General Community Waterton Lakes National Park 2021,598,2021-06-30 07:00:00,285216,180,Catharus ustulatus,Swainson's Thrush,SWTH,144.00,147.00,61.3,t,lite
PC,WLNP-17-2,58525,General Community Waterton Lakes National Park 2021,598,2021-06-30 07:00:00,285216,180,Catharus ustulatus,Swainson's Thrush,SWTH,150.00,153.00,41.6,t,lite
PC,WLNP-17-2,58525,General Community Waterton Lakes National Park 2021,598,2021-06-30 07:00:00,285216,180,Catharus ustulatus,Swainson's Thrush,SWTH,159.00,162.00,42.3,t,lite
PC,WLNP-17-2,58525,General Community Waterton Lakes National Park 2021,598,2021-06-30 07:00:00,285216,180,Catharus ustulatus,Swainson's Thrush,SWTH,168.00,171.00,32.8,t,lite
PC,WLNP-17-2,58525,General Community Waterton Lakes National Park 2021,598,2021-06-30 07:00:00,285216,180,Catharus guttatus,Hermit Thrush,HETH,171.00,174.00,40.9,t,lite
PC,WLNP-17-2,58525,General Community Waterton Lakes National Park 2021,598,2021-06-30 07:00:00,285216,180,Catharus ustulatus,Swainson's Thrush,SWTH,171.00,174.00,36.2,t,lite
PC,WLNP-17-3,57643,General Community Waterton Lakes National Park 2021,598,2021-06-18 07:00:00,285249,180,Spinus pinus,Pine Siskin,PISI,0.00,3.00,30.2,t,lite
PC,WLNP-17-3,57643,General Community Waterton Lakes National Park 2021,598,2021-06-18 07:00:00,285249,180,Mecocerculus stictopterus,,,0.00,3.00,33.6,f,lite
PC,WLNP-17-3,57643,General Community Waterton Lakes National Park 2021,598,2021-06-18 07:00:00,285249,180,Petronia petronia,Rock Sparrow,PETPET,0.00,3.00,44.0,t,lite
PC,WLNP-17-3,57643,General Community Waterton Lakes National Park 2021,598,2021-06-18 07:00:00,285249,180,Mecocerculus stictopterus,,,3.00,6.00,37.4,f,lite
PC,WLNP-17-3,57643,General Community Waterton Lakes National Park 2021,598,2021-06-18 07:00:00,285249,180,Spinus pinus,Pine Siskin,PISI,3.00,6.00,25.4,t,lite
PC,WLNP-17-3,57643,General Community Waterton Lakes National Park 2021,598,2021-06-18 07:00:00,285249,180,Spinus pinus,Pine Siskin,PISI,9.00,12.00,30.9,t,lite
PC,WLNP-17-3,57643,General Community Waterton Lakes National Park 2021,598,2021-06-18 07:00:00,285249,180,Mecocerculus stictopterus,,,9.00,12.00,28.8,f,lite
PC,WLNP-17-3,57643,General Community Waterton Lakes National Park 2021,598,2021-06-18 07:00:00,285249,180,Petronia petronia,Rock Sparrow,PETPET,15.00,18.00,32.1,t,lite
PC,WLNP-17-3,57643,General Community Waterton Lakes National Park 2021,598,2021-06-18 07:00:00,285249,180,Spinus pinus,Pine Siskin,PISI,15.00,18.00,63.2,t,lite
PC,WLNP-17-3,57643,General Community Waterton Lakes National Park 2021,598,2021-06-18 07:00:00,285249,180,Mecocerculus stictopterus,,,15.00,18.00,54.8,f,lite
PC,WLNP-17-3,57643,General Community Waterton Lakes National Park 2021,598,2021-06-18 07:00:00,285249,180,Spinus pinus,Pine Siskin,PISI,18.00,21.00,51.1,t,lite
PC,WLNP-17-3,57643,General Community Waterton Lakes National Park 2021,598,2021-06-18 07:00:00,285249,180,Mecocerculus stictopterus,,,18.00,21.00,44.3,f,lite
PC,WLNP-17-3,57643,General Community Waterton Lakes National Park 2021,598,2021-06-18 07:00:00,285249,180,Mecocerculus stictopterus,,,63.00,66.00,30.7,f,lite
PC,WLNP-17-3,57643,General Community Waterton Lakes National Park 2021,598,2021-06-18 07:00:00,285249,180,Mecocerculus stictopterus,,,84.00,87.00,28.3,f,lite
PC,WLNP-17-3,57643,General Community Waterton Lakes National Park 2021,598,2021-06-18 07:00:00,285249,180,Harpagus diodon,,,153.00,156.00,26.7,f,lite
PC,WLNP-17-3,57643,General Community Waterton Lakes National Park 2021,598,2021-06-18 07:00:00,285249,180,Mecocerculus stictopterus,,,159.00,162.00,49.0,f,lite
PC,WLNP-17-3,57643,General Community Waterton Lakes National Park 2021,598,2021-06-25 04:40:00,285009,180,Catharus ustulatus,Swainson's Thrush,SWTH,99.00,102.00,35.0,t,lite
PC,WLNP-17-3,57643,General Community Waterton Lakes National Park 2021,598,2021-06-25 04:40:00,285009,180,Catharus ustulatus,Swainson's Thrush,SWTH,114.00,117.00,27.0,t,lite
PC,WLNP-17-3,57643,General Community Waterton Lakes National Park 2021,598,2021-06-25 04:40:00,285009,180,Catharus ustulatus,Swainson's Thrush,SWTH,120.00,123.00,29.4,t,lite
PC,WLNP-17-3,57643,General Community Waterton Lakes National Park 2021,598,2021-06-25 04:40:00,285009,180,Catharus ustulatus,Swainson's Thrush,SWTH,129.00,132.00,33.1,t,lite
PC,WLNP-17-3,57643,General Community Waterton Lakes National Park 2021,598,2021-06-25 04:40:00,285009,180,Catharus ustulatus,Swainson's Thrush,SWTH,135.00,138.00,33.4,t,lite
PC,WLNP-17-3,57643,General Community Waterton Lakes National Park 2021,598,2021-06-25 04:40:00,285009,180,Catharus ustulatus,Swainson's Thrush,SWTH,150.00,153.00,26.4,t,lite
PC,WLNP-17-3,57643,General Community Waterton Lakes National Park 2021,598,2021-06-25 04:40:00,285009,180,Catharus ustulatus,Swainson's Thrush,SWTH,153.00,156.00,25.4,t,lite
PC,WLNP-17-3,57643,General Community Waterton Lakes National Park 2021,598,2021-06-25 04:40:00,285009,180,Catharus ustulatus,Swainson's Thrush,SWTH,171.00,174.00,26.6,t,lite
PC,WLNP-17-3,57643,General Community Waterton Lakes National Park 2021,598,2021-06-27 02:00:00,285237,180,*NOT GENERATED/FOUND*,,,,,,f,lite
PC,WLNP-17-3,57643,General Community Waterton Lakes National Park 2021,598,2021-06-27 06:20:00,285191,180,*NOT GENERATED/FOUND*,,,,,,f,lite
PC,WLNP-17-3,57643,General Community Waterton Lakes National Park 2021,598,2021-06-27 22:20:00,285086,180,*NOT GENERATED/FOUND*,,,,,,f,lite
PC,WLNP-17-3,57643,General Community Waterton Lakes National Park 2021,598,2021-06-28 04:00:00,285158,180,*NOT GENERATED/FOUND*,,,,,,f,lite
PC,WLNP-17-3,57643,General Community Waterton Lakes National Park 2021,598,2021-06-29 23:20:00,285087,180,Florisuga fusca,,,48.00,51.00,34.2,f,lite
PC,WLNP-17-3,57643,General Community Waterton Lakes National Park 2021,598,2021-06-29 23:20:00,285087,180,Florisuga fusca,,,111.00,114.00,30.1,f,lite
PC,WLNP-17-3,57643,General Community Waterton Lakes National Park 2021,598,2021-06-29 23:20:00,285087,180,Florisuga fusca,,,132.00,135.00,28.3,f,lite
PC,WLNP-17-3,57643,General Community Waterton Lakes National Park 2021,598,2021-06-29 23:20:00,285087,180,Florisuga fusca,,,138.00,141.00,28.1,f,lite
PC,WLNP-17-3,57643,General Community Waterton Lakes National Park 2021,598,2021-07-03 22:00:00,285255,180,Catharus ustulatus,Swainson's Thrush,SWTH,3.00,6.00,27.1,t,lite
PC,WLNP-17-3,57643,General Community Waterton Lakes National Park 2021,598,2021-07-03 22:00:00,285255,180,Catharus ustulatus,Swainson's Thrush,SWTH,9.00,12.00,45.9,t,lite
PC,WLNP-17-3,57643,General Community Waterton Lakes National Park 2021,598,2021-07-03 22:00:00,285255,180,Hylocichla mustelina,Wood Thrush,WOTH,33.00,36.00,27.2,t,lite
PC,WLNP-17-3,57643,General Community Waterton Lakes National Park 2021,598,2021-07-03 22:00:00,285255,180,Zoothera lunulata,,,33.00,36.00,25.8,f,lite
PC,WLNP-17-3,57643,General Community Waterton Lakes National Park 2021,598,2021-07-03 22:00:00,285255,180,Catharus ustulatus,Swainson's Thrush,SWTH,69.00,72.00,31.0,t,lite
PC,WLNP-17-3,57643,General Community Waterton Lakes National Park 2021,598,2021-07-03 22:00:00,285255,180,Catharus ustulatus,Swainson's Thrush,SWTH,87.00,90.00,27.2,t,lite
PC,WLNP-17-3,57643,General Community Waterton Lakes National Park 2021,598,2021-07-03 22:00:00,285255,180,Hylocichla mustelina,Wood Thrush,WOTH,135.00,138.00,34.2,t,lite
PC,WLNP-17-3,57643,General Community Waterton Lakes National Park 2021,598,2021-07-03 22:00:00,285255,180,Catharus ustulatus,Swainson's Thrush,SWTH,165.00,168.00,30.0,t,lite
PC,WLNP-17-6,65229,General Community Waterton Lakes National Park 2021,598,2021-06-18 04:00:00,285169,180,*NOT GENERATED/FOUND*,,,,,,f,lite
PC,WLNP-17-6,65229,General Community Waterton Lakes National Park 2021,598,2021-06-19 06:00:00,285133,180,Setophaga townsendi,Townsend's Warbler,TOWA,102.00,105.00,35.0,t,lite
PC,WLNP-17-6,65229,General Community Waterton Lakes National Park 2021,598,2021-06-19 06:00:00,285133,180,Setophaga townsendi,Townsend's Warbler,TOWA,114.00,117.00,33.4,t,lite
PC,WLNP-17-6,65229,General Community Waterton Lakes National Park 2021,598,2021-06-19 06:00:00,285133,180,Limnothlypis swainsonii,Swainson's Warbler,SWWA,114.00,117.00,30.7,t,lite
PC,WLNP-17-6,65229,General Community Waterton Lakes National Park 2021,598,2021-06-19 06:00:00,285133,180,Setophaga virens,Black-throated Green Warbler,BTNW,114.00,117.00,26.9,t,lite
PC,WLNP-17-6,65229,General Community Waterton Lakes National Park 2021,598,2021-06-19 06:00:00,285133,180,Tapera naevia,Striped Cuckoo,STCU,123.00,126.00,26.3,t,lite
PC,WLNP-17-6,65229,General Community Waterton Lakes National Park 2021,598,2021-06-19 06:00:00,285133,180,Napothera danjoui,,,132.00,135.00,35.0,f,lite
PC,WLNP-17-6,65229,General Community Waterton Lakes National Park 2021,598,2021-06-19 06:00:00,285133,180,Tapera naevia,Striped Cuckoo,STCU,132.00,135.00,25.2,t,lite
PC,WLNP-17-6,65229,General Community Waterton Lakes National Park 2021,598,2021-06-20 05:00:00,285137,180,Mystacornis crossleyi,,,21.00,24.00,26.4,f,lite
PC,WLNP-17-6,65229,General Community Waterton Lakes National Park 2021,598,2021-06-20 05:00:00,285137,180,Ixoreus naevius,Varied Thrush,VATH,21.00,24.00,54.2,t,lite
PC,WLNP-17-6,65229,General Community Waterton Lakes National Park 2021,598,2021-06-20 05:00:00,285137,180,Zoothera aurea,White's Thrush,WHTH,21.00,24.00,28.5,t,lite
PC,WLNP-17-6,65229,General Community Waterton Lakes National Park 2021,598,2021-06-20 05:00:00,285137,180,Myadestes genibarbis,Rufous-throated Solitaire,RTSO,102.00,105.00,29.6,t,lite
PC,WLNP-17-6,65229,General Community Waterton Lakes National Park 2021,598,2021-06-20 05:00:00,285137,180,Ixoreus naevius,Varied Thrush,VATH,102.00,105.00,43.3,t,lite
PC,WLNP-17-6,65229,General Community Waterton Lakes National Park 2021,598,2021-06-20 05:00:00,285137,180,Ixoreus naevius,Varied Thrush,VATH,138.00,141.00,62.8,t,lite
PC,WLNP-17-6,65229,General Community Waterton Lakes National Park 2021,598,2021-06-20 05:00:00,285137,180,Fringilla montifringilla,Brambling,BRAM,138.00,141.00,67.5,t,lite
PC,WLNP-17-6,65229,General Community Waterton Lakes National Park 2021,598,2021-06-20 05:00:00,285137,180,Myadestes genibarbis,Rufous-throated Solitaire,RTSO,138.00,141.00,25.0,t,lite
PC,WLNP-17-6,65229,General Community Waterton Lakes National Park 2021,598,2021-06-20 05:00:00,285137,180,Myadestes genibarbis,Rufous-throated Solitaire,RTSO,147.00,150.00,25.8,t,lite
PC,WLNP-17-6,65229,General Community Waterton Lakes National Park 2021,598,2021-06-20 05:00:00,285137,180,Ixoreus naevius,Varied Thrush,VATH,147.00,150.00,26.8,t,lite
PC,WLNP-17-6,65229,General Community Waterton Lakes National Park 2021,598,2021-06-20 05:00:00,285137,180,Ixoreus naevius,Varied Thrush,VATH,156.00,159.00,43.0,t,lite
PC,WLNP-17-6,65229,General Community Waterton Lakes National Park 2021,598,2021-06-20 05:00:00,285137,180,Tijuca atra,,,171.00,174.00,33.9,f,lite
PC,WLNP-17-6,65229,General Community Waterton Lakes National Park 2021,598,2021-06-20 05:00:00,285137,180,Myadestes genibarbis,Rufous-throated Solitaire,RTSO,171.00,174.00,36.2,t,lite
PC,WLNP-17-6,65229,General Community Waterton Lakes National Park 2021,598,2021-06-20 05:00:00,285137,180,Ixoreus naevius,Varied Thrush,VATH,171.00,174.00,46.0,t,lite
PC,WLNP-17-6,65229,General Community Waterton Lakes National Park 2021,598,2021-06-20 05:00:00,285137,180,Mystacornis crossleyi,,,171.00,174.00,37.9,f,lite
PC,WLNP-17-6,65229,General Community Waterton Lakes National Park 2021,598,2021-06-20 05:00:00,285137,180,Cochoa viridis,,,171.00,174.00,36.1,f,lite
PC,WLNP-17-6,65229,General Community Waterton Lakes National Park 2021,598,2021-06-27 08:20:00,285239,180,Chlorophonia cyanea,,,3.00,6.00,33.1,f,lite
PC,WLNP-17-6,65229,General Community Waterton Lakes National Park 2021,598,2021-06-27 08:20:00,285239,180,Zoothera heinei,,,3.00,6.00,28.6,f,lite
PC,WLNP-17-6,65229,General Community Waterton Lakes National Park 2021,598,2021-06-27 08:20:00,285239,180,Phylloscopus sibilatrix,Wood Warbler,WOWA,6.00,9.00,25.1,t,lite
PC,WLNP-17-6,65229,General Community Waterton Lakes National Park 2021,598,2021-06-27 08:20:00,285239,180,Chlorophonia cyanea,,,6.00,9.00,53.4,f,lite
PC,WLNP-17-6,65229,General Community Waterton Lakes National Park 2021,598,2021-06-27 08:20:00,285239,180,Chlorophonia cyanea,,,9.00,12.00,40.1,f,lite
PC,WLNP-17-6,65229,General Community Waterton Lakes National Park 2021,598,2021-06-27 08:20:00,285239,180,Orochelidon murina,,,159.00,162.00,45.5,f,lite
PC,WLNP-17-6,65229,General Community Waterton Lakes National Park 2021,598,2021-06-27 08:20:00,285239,180,Spinus pinus,Pine Siskin,PISI,159.00,162.00,67.0,t,lite
PC,WLNP-17-6,65229,General Community Waterton Lakes National Park 2021,598,2021-06-27 08:20:00,285239,180,Orochelidon murina,,,162.00,165.00,55.2,f,lite
PC,WLNP-17-6,65229,General Community Waterton Lakes National Park 2021,598,2021-06-27 08:20:00,285239,180,Spinus pinus,Pine Siskin,PISI,162.00,165.00,64.6,t,lite
PC,WLNP-17-6,65229,General Community Waterton Lakes National Park 2021,598,2021-06-28 07:00:00,285233,180,Motacilla alba,White Wagtail,WHWA,3.00,6.00,35.2,t,lite
PC,WLNP-17-6,65229,General Community Waterton Lakes National Park 2021,598,2021-06-28 07:00:00,285233,180,Phylloscopus trochiloides,Greenish Warbler,PHYTRO,3.00,6.00,34.8,t,lite
PC,WLNP-17-6,65229,General Community Waterton Lakes National Park 2021,598,2021-06-28 07:00:00,285233,180,Myioborus pictus,Painted Redstart,PARE,3.00,6.00,30.7,t,lite
PC,WLNP-17-6,65229,General Community Waterton Lakes National Park 2021,598,2021-06-28 07:00:00,285233,180,Spinus pinus,Pine Siskin,PISI,3.00,6.00,42.8,t,lite
PC,WLNP-17-6,65229,General Community Waterton Lakes National Park 2021,598,2021-07-01 05:20:00,285093,180,Regulus ignicapilla,,,159.00,162.00,32.8,f,lite
PC,WLNP-17-6,65229,General Community Waterton Lakes National Park 2021,598,2021-07-01 05:20:00,285093,180,Regulus satrapa,Golden-crowned Kinglet,GCKI,159.00,162.00,53.3,t,lite
PC,WLNP-17-6,65229,General Community Waterton Lakes National Park 2021,598,2021-07-01 05:20:00,285093,180,Regulus satrapa,Golden-crowned Kinglet,GCKI,165.00,168.00,36.8,t,lite
PC,WLNP-17-6,65229,General Community Waterton Lakes National Park 2021,598,2021-07-01 05:20:00,285093,180,Regulus satrapa,Golden-crowned Kinglet,GCKI,168.00,171.00,25.5,t,lite
PC,WLNP-17-6,65229,General Community Waterton Lakes National Park 2021,598,2021-07-01 05:20:00,285093,180,Urosphena squameiceps,,,174.00,177.00,29.3,f,lite
PC,WLNP-17-6,65229,General Community Waterton Lakes National Park 2021,598,2021-07-01 05:20:00,285093,180,Regulus satrapa,Golden-crowned Kinglet,GCKI,174.00,177.00,53.0,t,lite
PC,WLNP-17-6,65229,General Community Waterton Lakes National Park 2021,598,2021-07-02 07:00:00,285035,180,*NOT GENERATED/FOUND*,,,,,,f,lite
PC,WLNP-17-6,65229,General Community Waterton Lakes National Park 2021,598,2021-07-04 08:00:00,285047,180,Zoothera aurea,White's Thrush,WHTH,21.00,24.00,40.7,t,lite
PC,WLNP-17-6,65229,General Community Waterton Lakes National Park 2021,598,2021-07-04 08:00:00,285047,180,Ixoreus naevius,Varied Thrush,VATH,21.00,24.00,44.6,t,lite
PC,WLNP-17-6,65229,General Community Waterton Lakes National Park 2021,598,2021-07-04 08:00:00,285047,180,Ixoreus naevius,Varied Thrush,VATH,48.00,51.00,25.9,t,lite
PC,WLNP-17-6,65229,General Community Waterton Lakes National Park 2021,598,2021-07-04 08:00:00,285047,180,Zoothera aurea,White's Thrush,WHTH,78.00,81.00,28.8,t,lite
PC,WLNP-17-6,65229,General Community Waterton Lakes National Park 2021,598,2021-07-04 08:00:00,285047,180,Ixoreus naevius,Varied Thrush,VATH,78.00,81.00,26.8,t,lite
PC,WLNP-17-6,65229,General Community Waterton Lakes National Park 2021,598,2021-07-04 08:00:00,285047,180,Ixoreus naevius,Varied Thrush,VATH,87.00,90.00,28.7,t,lite
PC,WLNP-17-7,58527,General Community Waterton Lakes National Park 2021,598,2021-06-19 23:20:00,285192,180,*NOT GENERATED/FOUND*,,,,,,f,lite
PC,WLNP-17-7,58527,General Community Waterton Lakes National Park 2021,598,2021-06-20 02:20:00,285151,180,*NOT GENERATED/FOUND*,,,,,,f,lite
PC,WLNP-17-7,58527,General Community Waterton Lakes National Park 2021,598,2021-06-22 02:00:00,285186,180,*NOT GENERATED/FOUND*,,,,,,f,lite
PC,WLNP-17-7,58527,General Community Waterton Lakes National Park 2021,598,2021-06-23 02:00:00,285020,180,*NOT GENERATED/FOUND*,,,,,,f,lite
PC,WLNP-17-7,58527,General Community Waterton Lakes National Park 2021,598,2021-06-29 05:40:00,285028,180,*NOT GENERATED/FOUND*,,,,,,f,lite
PC,WLNP-17-7,58527,General Community Waterton Lakes National Park 2021,598,2021-06-29 22:40:00,285025,180,*NOT GENERATED/FOUND*,,,,,,f,lite
PC,WLNP-17-7,58527,General Community Waterton Lakes National Park 2021,598,2021-07-01 08:20:00,285155,180,Regulus satrapa,Golden-crowned Kinglet,GCKI,6.00,9.00,40.1,t,lite
PC,WLNP-17-7,58527,General Community Waterton Lakes National Park 2021,598,2021-07-01 08:20:00,285155,180,Poecile gambeli,Mountain Chickadee,MOCH,15.00,18.00,35.7,t,lite
PC,WLNP-17-7,58527,General Community Waterton Lakes National Park 2021,598,2021-07-01 08:20:00,285155,180,Regulus satrapa,Golden-crowned Kinglet,GCKI,57.00,60.00,48.2,t,lite
PC,WLNP-17-7,58527,General Community Waterton Lakes National Park 2021,598,2021-07-01 08:20:00,285155,180,Regulus satrapa,Golden-crowned Kinglet,GCKI,69.00,72.00,65.1,t,lite
PC,WLNP-17-7,58527,General Community Waterton Lakes National Park 2021,598,2021-07-01 08:20:00,285155,180,Diglossa indigotica,,,69.00,72.00,30.1,f,lite
PC,WLNP-17-7,58527,General Community Waterton Lakes National Park 2021,598,2021-07-01 08:20:00,285155,180,Regulus ignicapilla,,,69.00,72.00,37.1,f,lite
PC,WLNP-17-7,58527,General Community Waterton Lakes National Park 2021,598,2021-07-04 08:40:00,285176,180,Catharus ustulatus,Swainson's Thrush,SWTH,99.00,102.00,25.0,t,lite
PC,WLNP-17-7,58527,General Community Waterton Lakes National Park 2021,598,2021-07-04 08:40:00,285176,180,Phylloscopus trochiloides,Greenish Warbler,PHYTRO,123.00,126.00,25.0,t,lite
PC,WLNP-17-7,58527,General Community Waterton Lakes National Park 2021,598,2021-07-04 08:40:00,285176,180,Basileuterus rufifrons,Rufous-capped Warbler,RCWA,123.00,126.00,30.2,t,lite
PC,WLNP-17-7,58527,General Community Waterton Lakes National Park 2021,598,2021-07-04 08:40:00,285176,180,Cardellina pusilla,Wilson's Warbler,WIWA,123.00,126.00,55.1,t,lite
PC,WLNP-17-7,58527,General Community Waterton Lakes National Park 2021,598,2021-07-04 08:40:00,285176,180,Myioborus miniatus,Slate-throated Redstart,STRE,123.00,126.00,26.6,t,lite
PC,WLNP-17-7,58527,General Community Waterton Lakes National Park 2021,598,2021-07-04 08:40:00,285176,180,Cardellina pusilla,Wilson's Warbler,WIWA,129.00,132.00,56.6,t,lite
PC,WLNP-17-7,58527,General Community Waterton Lakes National Park 2021,598,2021-07-04 08:40:00,285176,180,Prinia hodgsonii,,,129.00,132.00,32.3,f,lite
PC,WLNP-17-7,58527,General Community Waterton Lakes National Park 2021,598,2021-07-04 08:40:00,285176,180,Cardellina pusilla,Wilson's Warbler,WIWA,138.00,141.00,30.1,t,lite
PC,WLNP-17-7,58527,General Community Waterton Lakes National Park 2021,598,2021-07-04 08:40:00,285176,180,Phylloscopus trochiloides,Greenish Warbler,PHYTRO,141.00,144.00,50.3,t,lite
PC,WLNP-17-7,58527,General Community Waterton Lakes National Park 2021,598,2021-07-04 08:40:00,285176,180,Cardellina pusilla,Wilson's Warbler,WIWA,147.00,150.00,40.3,t,lite
PC,WLNP-17-7,58527,General Community Waterton Lakes National Park 2021,598,2021-07-04 08:40:00,285176,180,Phylloscopus trochiloides,Greenish Warbler,PHYTRO,150.00,153.00,51.1,t,lite
PC,WLNP-17-7,58527,General Community Waterton Lakes National Park 2021,598,2021-07-04 08:40:00,285176,180,Haemorhous cassinii,Cassin's Finch,CAFI,153.00,156.00,26.5,t,lite
PC,WLNP-17-7,58527,General Community Waterton Lakes National Park 2021,598,2021-07-04 08:40:00,285176,180,Cardellina pusilla,Wilson's Warbler,WIWA,159.00,162.00,59.1,t,lite
PC,WLNP-17-7,58527,General Community Waterton Lakes National Park 2021,598,2021-07-04 08:40:00,285176,180,Prinia hodgsonii,,,159.00,162.00,40.7,f,lite
PC,WLNP-17-7,58527,General Community Waterton Lakes National Park 2021,598,2021-07-04 08:40:00,285176,180,Prinia hodgsonii,,,168.00,171.00,25.8,f,lite
PC,WLNP-17-7,58527,General Community Waterton Lakes National Park 2021,598,2021-07-04 08:40:00,285176,180,Myioborus miniatus,Slate-throated Redstart,STRE,168.00,171.00,31.3,t,lite
PC,WLNP-17-7,58527,General Community Waterton Lakes National Park 2021,598,2021-07-04 08:40:00,285176,180,Cardellina pusilla,Wilson's Warbler,WIWA,168.00,171.00,56.1,t,lite
PC,WLNP-17-7,58527,General Community Waterton Lakes National Park 2021,598,2021-07-04 08:40:00,285176,180,Cardellina pusilla,Wilson's Warbler,WIWA,177.00,180.00,48.9,t,lite
PC,WLNP-17-7,58527,General Community Waterton Lakes National Park 2021,598,2021-07-04 08:40:00,285176,180,Prinia hodgsonii,,,177.00,180.00,43.0,f,lite
PC,WLNP-17-7,58527,General Community Waterton Lakes National Park 2021,598,2021-07-04 08:40:00,285176,180,Myioborus miniatus,Slate-throated Redstart,STRE,177.00,180.00,29.4,t,lite
PC,WLNP-17-8,65230,General Community Waterton Lakes National Park 2021,598,2021-06-20 07:00:00,285246,180,Troglodytes pacificus,Pacific Wren,PAWR,162.00,165.00,28.2,t,lite
PC,WLNP-17-8,65230,General Community Waterton Lakes National Park 2021,598,2021-06-20 23:20:00,285091,180,*NOT GENERATED/FOUND*,,,,,,f,lite
PC,WLNP-17-8,65230,General Community Waterton Lakes National Park 2021,598,2021-06-21 04:00:00,285168,180,*NOT GENERATED/FOUND*,,,,,,f,lite
PC,WLNP-17-8,65230,General Community Waterton Lakes National Park 2021,598,2021-06-22 02:00:00,285218,180,*NOT GENERATED/FOUND*,,,,,,f,lite
PC,WLNP-17-8,65230,General Community Waterton Lakes National Park 2021,598,2021-06-22 23:40:00,285056,180,*NOT GENERATED/FOUND*,,,,,,f,lite
PC,WLNP-17-8,65230,General Community Waterton Lakes National Park 2021,598,2021-06-24 07:40:00,285018,180,*NOT GENERATED/FOUND*,,,,,,f,lite
PC,WLNP-17-8,65230,General Community Waterton Lakes National Park 2021,598,2021-06-25 04:00:00,285013,180,*NOT GENERATED/FOUND*,,,,,,f,lite
PC,WLNP-17-8,65230,General Community Waterton Lakes National Park 2021,598,2021-06-25 05:40:00,284990,180,Troglodytes pacificus,Pacific Wren,PAWR,0.00,3.00,56.0,t,lite
PC,WLNP-17-8,65230,General Community Waterton Lakes National Park 2021,598,2021-06-25 05:40:00,284990,180,Troglodytes pacificus,Pacific Wren,PAWR,9.00,12.00,67.9,t,lite
PC,WLNP-17-8,65230,General Community Waterton Lakes National Park 2021,598,2021-06-25 05:40:00,284990,180,Troglodytes pacificus,Pacific Wren,PAWR,12.00,15.00,76.5,t,lite
PC,WLNP-17-8,65230,General Community Waterton Lakes National Park 2021,598,2021-06-25 05:40:00,284990,180,Leptocoma minima,,,21.00,24.00,25.0,f,lite
PC,WLNP-17-8,65230,General Community Waterton Lakes National Park 2021,598,2021-06-25 05:40:00,284990,180,Troglodytes pacificus,Pacific Wren,PAWR,21.00,24.00,47.8,t,lite
PC,WLNP-17-8,65230,General Community Waterton Lakes National Park 2021,598,2021-06-25 05:40:00,284990,180,Troglodytes pacificus,Pacific Wren,PAWR,24.00,27.00,74.8,t,lite
PC,WLNP-17-8,65230,General Community Waterton Lakes National Park 2021,598,2021-06-25 05:40:00,284990,180,Troglodytes pacificus,Pacific Wren,PAWR,33.00,36.00,78.9,t,lite
PC,WLNP-17-8,65230,General Community Waterton Lakes National Park 2021,598,2021-06-25 05:40:00,284990,180,Troglodytes troglodytes,Eurasian Wren,4734,36.00,39.00,33.3,t,lite
PC,WLNP-17-8,65230,General Community Waterton Lakes National Park 2021,598,2021-06-25 05:40:00,284990,180,Troglodytes pacificus,Pacific Wren,PAWR,36.00,39.00,85.0,t,lite
PC,WLNP-17-8,65230,General Community Waterton Lakes National Park 2021,598,2021-06-25 05:40:00,284990,180,Troglodytes pacificus,Pacific Wren,PAWR,39.00,42.00,33.0,t,lite
PC,WLNP-17-8,65230,General Community Waterton Lakes National Park 2021,598,2021-06-25 05:40:00,284990,180,Troglodytes pacificus,Pacific Wren,PAWR,48.00,51.00,79.7,t,lite
PC,WLNP-17-8,65230,General Community Waterton Lakes National Park 2021,598,2021-06-25 05:40:00,284990,180,Troglodytes pacificus,Pacific Wren,PAWR,51.00,54.00,51.1,t,lite
PC,WLNP-17-8,65230,General Community Waterton Lakes National Park 2021,598,2021-06-25 05:40:00,284990,180,Troglodytes pacificus,Pacific Wren,PAWR,60.00,63.00,43.8,t,lite
PC,WLNP-17-8,65230,General Community Waterton Lakes National Park 2021,598,2021-06-25 05:40:00,284990,180,Troglodytes troglodytes,Eurasian Wren,4734,63.00,66.00,25.4,t,lite
PC,WLNP-17-8,65230,General Community Waterton Lakes National Park 2021,598,2021-06-25 05:40:00,284990,180,Troglodytes pacificus,Pacific Wren,PAWR,63.00,66.00,82.2,t,lite
PC,WLNP-17-8,65230,General Community Waterton Lakes National Park 2021,598,2021-06-25 05:40:00,284990,180,Troglodytes pacificus,Pacific Wren,PAWR,66.00,69.00,45.7,t,lite
PC,WLNP-17-8,65230,General Community Waterton Lakes National Park 2021,598,2021-06-25 05:40:00,284990,180,Troglodytes pacificus,Pacific Wren,PAWR,75.00,78.00,73.8,t,lite
PC,WLNP-17-8,65230,General Community Waterton Lakes National Park 2021,598,2021-06-25 05:40:00,284990,180,Troglodytes pacificus,Pacific Wren,PAWR,78.00,81.00,59.2,t,lite
PC,WLNP-17-8,65230,General Community Waterton Lakes National Park 2021,598,2021-06-25 05:40:00,284990,180,Setophaga pitiayumi,Tropical Parula,TRPA,78.00,81.00,26.7,t,lite
PC,WLNP-17-8,65230,General Community Waterton Lakes National Park 2021,598,2021-06-25 05:40:00,284990,180,Troglodytes pacificus,Pacific Wren,PAWR,87.00,90.00,60.0,t,lite
PC,WLNP-17-8,65230,General Community Waterton Lakes National Park 2021,598,2021-06-25 05:40:00,284990,180,Troglodytes pacificus,Pacific Wren,PAWR,90.00,93.00,61.1,t,lite
PC,WLNP-17-8,65230,General Community Waterton Lakes National Park 2021,598,2021-06-25 05:40:00,284990,180,Troglodytes troglodytes,Eurasian Wren,4734,90.00,93.00,35.5,t,lite
PC,WLNP-17-8,65230,General Community Waterton Lakes National Park 2021,598,2021-06-25 05:40:00,284990,180,Setophaga pitiayumi,Tropical Parula,TRPA,90.00,93.00,27.4,t,lite
PC,WLNP-17-8,65230,General Community Waterton Lakes National Park 2021,598,2021-06-25 05:40:00,284990,180,Troglodytes pacificus,Pacific Wren,PAWR,126.00,129.00,50.1,t,lite
PC,WLNP-17-8,65230,General Community Waterton Lakes National Park 2021,598,2021-06-25 05:40:00,284990,180,Troglodytes pacificus,Pacific Wren,PAWR,129.00,132.00,82.9,t,lite
PC,WLNP-17-8,65230,General Community Waterton Lakes National Park 2021,598,2021-06-25 05:40:00,284990,180,Troglodytes ochraceus,Ochraceous Wren,OCWR,129.00,132.00,31.4,t,lite
PC,WLNP-17-8,65230,General Community Waterton Lakes National Park 2021,598,2021-06-25 05:40:00,284990,180,Helmitheros vermivorum,Worm-eating Warbler,WEWA,132.00,135.00,33.2,t,lite
PC,WLNP-17-8,65230,General Community Waterton Lakes National Park 2021,598,2021-06-25 05:40:00,284990,180,Troglodytes pacificus,Pacific Wren,PAWR,144.00,147.00,62.5,t,lite
PC,WLNP-17-8,65230,General Community Waterton Lakes National Park 2021,598,2021-06-25 05:40:00,284990,180,Troglodytes troglodytes,Eurasian Wren,4734,147.00,150.00,26.1,t,lite
PC,WLNP-17-8,65230,General Community Waterton Lakes National Park 2021,598,2021-06-25 05:40:00,284990,180,Troglodytes pacificus,Pacific Wren,PAWR,147.00,150.00,87.3,t,lite
PC,WLNP-17-8,65230,General Community Waterton Lakes National Park 2021,598,2021-06-25 05:40:00,284990,180,Leptocoma minima,,,147.00,150.00,25.2,f,lite
PC,WLNP-17-8,65230,General Community Waterton Lakes National Park 2021,598,2021-06-25 05:40:00,284990,180,Myiothlypis luteoviridis,,,147.00,150.00,35.9,f,lite
PC,WLNP-17-8,65230,General Community Waterton Lakes National Park 2021,598,2021-06-25 05:40:00,284990,180,Helmitheros vermivorum,Worm-eating Warbler,WEWA,150.00,153.00,35.4,t,lite
PC,WLNP-17-8,65230,General Community Waterton Lakes National Park 2021,598,2021-06-25 05:40:00,284990,180,Troglodytes pacificus,Pacific Wren,PAWR,162.00,165.00,75.8,t,lite
PC,WLNP-17-8,65230,General Community Waterton Lakes National Park 2021,598,2021-06-25 05:40:00,284990,180,Troglodytes pacificus,Pacific Wren,PAWR,165.00,168.00,82.6,t,lite
PC,WLNP-17-8,65230,General Community Waterton Lakes National Park 2021,598,2021-06-25 05:40:00,284990,180,Serinus serinus,European Serin,SERSER,165.00,168.00,31.5,t,lite
PC,WLNP-2-2,845,General Community Waterton Lakes National Park 2021,598,2021-05-31 07:20:00,285768,180,Cardellina pusilla,Wilson's Warbler,WIWA,3.00,6.00,33.9,t,lite
PC,WLNP-2-2,845,General Community Waterton Lakes National Park 2021,598,2021-05-31 07:20:00,285768,180,Phedina borbonica,,,15.00,18.00,26.1,f,lite
PC,WLNP-2-2,845,General Community Waterton Lakes National Park 2021,598,2021-05-31 07:20:00,285768,180,Troglodytes solstitialis,,,18.00,21.00,28.4,f,lite
PC,WLNP-2-2,845,General Community Waterton Lakes National Park 2021,598,2021-05-31 07:20:00,285768,180,Motacilla grandis,,,24.00,27.00,25.3,f,lite
PC,WLNP-2-2,845,General Community Waterton Lakes National Park 2021,598,2021-05-31 07:20:00,285768,180,Setophaga pensylvanica,Chestnut-sided Warbler,CSWA,27.00,30.00,25.5,t,lite
PC,WLNP-2-2,845,General Community Waterton Lakes National Park 2021,598,2021-05-31 07:20:00,285768,180,Geothlypis tolmiei,MacGillivray's Warbler,MGWA,27.00,30.00,59.2,t,lite
PC,WLNP-2-2,845,General Community Waterton Lakes National Park 2021,598,2021-05-31 07:20:00,285768,180,Myioborus miniatus,Slate-throated Redstart,STRE,33.00,36.00,31.3,t,lite
PC,WLNP-2-2,845,General Community Waterton Lakes National Park 2021,598,2021-05-31 07:20:00,285768,180,Setophaga graciae,Grace's Warbler,GRWA,33.00,36.00,26.3,t,lite
PC,WLNP-2-2,845,General Community Waterton Lakes National Park 2021,598,2021-05-31 07:20:00,285768,180,Phylloscopus xanthodryas,,,36.00,39.00,26.3,f,lite
PC,WLNP-2-2,845,General Community Waterton Lakes National Park 2021,598,2021-05-31 07:20:00,285768,180,Phylloscopus borealoides,,,39.00,42.00,26.7,f,lite
PC,WLNP-2-2,845,General Community Waterton Lakes National Park 2021,598,2021-05-31 07:20:00,285768,180,Phylloscopus tenellipes,,,39.00,42.00,25.1,f,lite
PC,WLNP-2-2,845,General Community Waterton Lakes National Park 2021,598,2021-05-31 07:20:00,285768,180,Anthus trivialis,Tree Pipit,TRPI,42.00,45.00,28.7,t,lite
PC,WLNP-2-2,845,General Community Waterton Lakes National Park 2021,598,2021-05-31 07:20:00,285768,180,Prinia hodgsonii,,,42.00,45.00,27.4,f,lite
PC,WLNP-2-2,845,General Community Waterton Lakes National Park 2021,598,2021-05-31 07:20:00,285768,180,Setophaga coronata,Yellow-rumped Warbler,YRWA,54.00,57.00,25.7,t,lite
PC,WLNP-2-2,845,General Community Waterton Lakes National Park 2021,598,2021-05-31 07:20:00,285768,180,Setophaga auduboni,,,54.00,57.00,31.2,f,lite
PC,WLNP-2-2,845,General Community Waterton Lakes National Park 2021,598,2021-05-31 07:20:00,285768,180,Anthus trivialis,Tree Pipit,TRPI,57.00,60.00,25.9,t,lite
PC,WLNP-2-2,845,General Community Waterton Lakes National Park 2021,598,2021-05-31 07:20:00,285768,180,Geothlypis tolmiei,MacGillivray's Warbler,MGWA,57.00,60.00,73.7,t,lite
PC,WLNP-2-2,845,General Community Waterton Lakes National Park 2021,598,2021-05-31 07:20:00,285768,180,Cardellina pusilla,Wilson's Warbler,WIWA,60.00,63.00,33.5,t,lite
PC,WLNP-2-2,845,General Community Waterton Lakes National Park 2021,598,2021-05-31 07:20:00,285768,180,Prinia hodgsonii,,,60.00,63.00,26.5,f,lite
PC,WLNP-2-2,845,General Community Waterton Lakes National Park 2021,598,2021-05-31 07:20:00,285768,180,Prinia hodgsonii,,,69.00,72.00,32.7,f,lite
PC,WLNP-2-2,845,General Community Waterton Lakes National Park 2021,598,2021-05-31 07:20:00,285768,180,Geothlypis tolmiei,MacGillivray's Warbler,MGWA,69.00,72.00,39.8,t,lite
PC,WLNP-2-2,845,General Community Waterton Lakes National Park 2021,598,2021-05-31 07:20:00,285768,180,Phylloscopus trochiloides,Greenish Warbler,PHYTRO,72.00,75.00,26.8,t,lite
PC,WLNP-2-2,845,General Community Waterton Lakes National Park 2021,598,2021-05-31 07:20:00,285768,180,Geothlypis tolmiei,MacGillivray's Warbler,MGWA,84.00,87.00,54.0,t,lite
PC,WLNP-2-2,845,General Community Waterton Lakes National Park 2021,598,2021-05-31 07:20:00,285768,180,Cardellina pusilla,Wilson's Warbler,WIWA,87.00,90.00,34.5,t,lite
PC,WLNP-2-2,845,General Community Waterton Lakes National Park 2021,598,2021-05-31 07:20:00,285768,180,Setophaga pensylvanica,Chestnut-sided Warbler,CSWA,87.00,90.00,28.8,t,lite
PC,WLNP-2-2,845,General Community Waterton Lakes National Park 2021,598,2021-05-31 07:20:00,285768,180,Cardellina pusilla,Wilson's Warbler,WIWA,90.00,93.00,29.8,t,lite
PC,WLNP-2-2,845,General Community Waterton Lakes National Park 2021,598,2021-05-31 07:20:00,285768,180,Geothlypis philadelphia,Mourning Warbler,MOWA,93.00,96.00,33.1,t,lite
PC,WLNP-2-2,845,General Community Waterton Lakes National Park 2021,598,2021-05-31 07:20:00,285768,180,Geothlypis tolmiei,MacGillivray's Warbler,MGWA,93.00,96.00,64.7,t,lite
PC,WLNP-2-2,845,General Community Waterton Lakes National Park 2021,598,2021-05-31 07:20:00,285768,180,Cardellina pusilla,Wilson's Warbler,WIWA,99.00,102.00,42.8,t,lite
PC,WLNP-2-2,845,General Community Waterton Lakes National Park 2021,598,2021-05-31 07:20:00,285768,180,Prinia hodgsonii,,,99.00,102.00,31.6,f,lite
PC,WLNP-2-2,845,General Community Waterton Lakes National Park 2021,598,2021-05-31 07:20:00,285768,180,Geothlypis tolmiei,MacGillivray's Warbler,MGWA,102.00,105.00,54.8,t,lite
PC,WLNP-2-2,845,General Community Waterton Lakes National Park 2021,598,2021-05-31 07:20:00,285768,180,Prinia hodgsonii,,,108.00,111.00,30.2,f,lite
PC,WLNP-2-2,845,General Community Waterton Lakes National Park 2021,598,2021-05-31 07:20:00,285768,180,Cardellina pusilla,Wilson's Warbler,WIWA,108.00,111.00,34.3,t,lite
PC,WLNP-2-2,845,General Community Waterton Lakes National Park 2021,598,2021-05-31 07:20:00,285768,180,Geothlypis philadelphia,Mourning Warbler,MOWA,114.00,117.00,25.9,t,lite
PC,WLNP-2-2,845,General Community Waterton Lakes National Park 2021,598,2021-05-31 07:20:00,285768,180,Geothlypis tolmiei,MacGillivray's Warbler,MGWA,114.00,117.00,59.0,t,lite
PC,WLNP-2-2,845,General Community Waterton Lakes National Park 2021,598,2021-05-31 07:20:00,285768,180,Geothlypis tolmiei,MacGillivray's Warbler,MGWA,123.00,126.00,47.7,t,lite
PC,WLNP-2-2,845,General Community Waterton Lakes National Park 2021,598,2021-05-31 07:20:00,285768,180,Cardellina pusilla,Wilson's Warbler,WIWA,135.00,138.00,32.7,t,lite
PC,WLNP-2-2,845,General Community Waterton Lakes National Park 2021,598,2021-05-31 07:20:00,285768,180,Phylloscopus trochiloides,Greenish Warbler,PHYTRO,147.00,150.00,34.5,t,lite
PC,WLNP-2-2,845,General Community Waterton Lakes National Park 2021,598,2021-05-31 07:20:00,285768,180,Setophaga pensylvanica,Chestnut-sided Warbler,CSWA,147.00,150.00,32.4,t,lite
PC,WLNP-2-2,845,General Community Waterton Lakes National Park 2021,598,2021-05-31 07:20:00,285768,180,Geothlypis tolmiei,MacGillivray's Warbler,MGWA,147.00,150.00,42.5,t,lite
PC,WLNP-2-2,845,General Community Waterton Lakes National Park 2021,598,2021-05-31 07:20:00,285768,180,Prinia hodgsonii,,,156.00,159.00,26.3,f,lite
PC,WLNP-2-2,845,General Community Waterton Lakes National Park 2021,598,2021-05-31 07:20:00,285768,180,Cardellina pusilla,Wilson's Warbler,WIWA,156.00,159.00,30.3,t,lite
PC,WLNP-2-2,845,General Community Waterton Lakes National Park 2021,598,2021-05-31 07:20:00,285768,180,Geothlypis tolmiei,MacGillivray's Warbler,MGWA,159.00,162.00,56.0,t,lite
PC,WLNP-2-2,845,General Community Waterton Lakes National Park 2021,598,2021-05-31 07:20:00,285768,180,Cardellina pusilla,Wilson's Warbler,WIWA,165.00,168.00,26.7,t,lite
PC,WLNP-2-2,845,General Community Waterton Lakes National Park 2021,598,2021-05-31 07:20:00,285768,180,Geothlypis tolmiei,MacGillivray's Warbler,MGWA,171.00,174.00,54.0,t,lite
PC,WLNP-2-2,845,General Community Waterton Lakes National Park 2021,598,2021-05-31 07:20:00,285768,180,Prinia hodgsonii,,,171.00,174.00,28.8,f,lite
PC,WLNP-2-2,845,General Community Waterton Lakes National Park 2021,598,2021-05-31 07:20:00,285768,180,Cardellina pusilla,Wilson's Warbler,WIWA,177.00,180.00,26.3,t,lite
PC,WLNP-2-2,845,General Community Waterton Lakes National Park 2021,598,2021-05-31 07:20:00,285768,180,Phylloscopus trochiloides,Greenish Warbler,PHYTRO,177.00,180.00,29.9,t,lite
PC,WLNP-2-2,845,General Community Waterton Lakes National Park 2021,598,2021-06-01 07:20:00,285667,180,Phylloscopus humei,,,162.00,165.00,30.6,f,lite
PC,WLNP-2-2,845,General Community Waterton Lakes National Park 2021,598,2021-06-01 07:20:00,285667,180,Spinus pinus,Pine Siskin,PISI,162.00,165.00,47.6,t,lite
PC,WLNP-2-2,845,General Community Waterton Lakes National Park 2021,598,2021-06-01 07:20:00,285667,180,Spinus pinus,Pine Siskin,PISI,165.00,168.00,75.7,t,lite
PC,WLNP-2-2,845,General Community Waterton Lakes National Park 2021,598,2021-06-01 07:20:00,285667,180,Orochelidon murina,,,165.00,168.00,25.3,f,lite
PC,WLNP-2-2,845,General Community Waterton Lakes National Park 2021,598,2021-06-01 07:20:00,285667,180,Petronia petronia,Rock Sparrow,PETPET,165.00,168.00,36.2,t,lite
PC,WLNP-2-2,845,General Community Waterton Lakes National Park 2021,598,2021-06-03 05:20:00,285720,180,Turdus migratorius,American Robin,AMRO,6.00,9.00,27.4,t,lite
PC,WLNP-2-2,845,General Community Waterton Lakes National Park 2021,598,2021-06-03 05:20:00,285720,180,Empidonax hammondii,Hammond's Flycatcher,HAFL,12.00,15.00,25.4,t,lite
PC,WLNP-2-2,845,General Community Waterton Lakes National Park 2021,598,2021-06-03 05:20:00,285720,180,Geothlypis tolmiei,MacGillivray's Warbler,MGWA,51.00,54.00,40.0,t,lite
PC,WLNP-2-2,845,General Community Waterton Lakes National Park 2021,598,2021-06-03 05:20:00,285720,180,Geothlypis tolmiei,MacGillivray's Warbler,MGWA,102.00,105.00,26.9,t,lite
PC,WLNP-2-2,845,General Community Waterton Lakes National Park 2021,598,2021-06-03 07:20:00,285685,180,Geothlypis tolmiei,MacGillivray's Warbler,MGWA,0.00,3.00,27.8,t,lite
PC,WLNP-2-2,845,General Community Waterton Lakes National Park 2021,598,2021-06-03 07:20:00,285685,180,Geothlypis tolmiei,MacGillivray's Warbler,MGWA,39.00,42.00,33.0,t,lite
PC,WLNP-2-2,845,General Community Waterton Lakes National Park 2021,598,2021-06-03 07:20:00,285685,180,Geothlypis tolmiei,MacGillivray's Warbler,MGWA,75.00,78.00,30.3,t,lite
PC,WLNP-2-2,845,General Community Waterton Lakes National Park 2021,598,2021-06-03 07:20:00,285685,180,Geothlypis tolmiei,MacGillivray's Warbler,MGWA,150.00,153.00,29.6,t,lite
PC,WLNP-2-2,845,General Community Waterton Lakes National Park 2021,598,2021-06-03 07:20:00,285685,180,Geothlypis tolmiei,MacGillivray's Warbler,MGWA,162.00,165.00,32.6,t,lite
PC,WLNP-2-2,845,General Community Waterton Lakes National Park 2021,598,2021-06-03 07:20:00,285685,180,Setophaga pensylvanica,Chestnut-sided Warbler,CSWA,162.00,165.00,26.2,t,lite
PC,WLNP-2-2,845,General Community Waterton Lakes National Park 2021,598,2021-06-03 07:20:00,285685,180,Geothlypis tolmiei,MacGillivray's Warbler,MGWA,171.00,174.00,27.3,t,lite
PC,WLNP-2-2,845,General Community Waterton Lakes National Park 2021,598,2021-06-04 07:20:00,285692,180,*NOT GENERATED/FOUND*,,,,,,f,lite
PC,WLNP-2-2,845,General Community Waterton Lakes National Park 2021,598,2021-06-05 02:40:00,285709,180,*NOT GENERATED/FOUND*,,,,,,f,lite
PC,WLNP-2-2,845,General Community Waterton Lakes National Park 2021,598,2021-06-09 06:00:00,285755,180,Geothlypis tolmiei,MacGillivray's Warbler,MGWA,0.00,3.00,52.3,t,lite
PC,WLNP-2-2,845,General Community Waterton Lakes National Park 2021,598,2021-06-09 06:00:00,285755,180,Geothlypis tolmiei,MacGillivray's Warbler,MGWA,9.00,12.00,44.8,t,lite
PC,WLNP-2-2,845,General Community Waterton Lakes National Park 2021,598,2021-06-09 06:00:00,285755,180,Troglodytes aedon,House Wren,HOWR,12.00,15.00,25.7,t,lite
PC,WLNP-2-2,845,General Community Waterton Lakes National Park 2021,598,2021-06-09 06:00:00,285755,180,Geothlypis tolmiei,MacGillivray's Warbler,MGWA,24.00,27.00,27.7,t,lite
PC,WLNP-2-2,845,General Community Waterton Lakes National Park 2021,598,2021-06-09 06:00:00,285755,180,Geothlypis tolmiei,MacGillivray's Warbler,MGWA,36.00,39.00,53.4,t,lite
PC,WLNP-2-2,845,General Community Waterton Lakes National Park 2021,598,2021-06-09 06:00:00,285755,180,Geothlypis tolmiei,MacGillivray's Warbler,MGWA,45.00,48.00,49.7,t,lite
PC,WLNP-2-2,845,General Community Waterton Lakes National Park 2021,598,2021-06-09 06:00:00,285755,180,Geothlypis tolmiei,MacGillivray's Warbler,MGWA,54.00,57.00,31.7,t,lite
PC,WLNP-2-2,845,General Community Waterton Lakes National Park 2021,598,2021-06-09 06:00:00,285755,180,Geothlypis tolmiei,MacGillivray's Warbler,MGWA,69.00,72.00,29.0,t,lite
PC,WLNP-2-2,845,General Community Waterton Lakes National Park 2021,598,2021-06-09 06:00:00,285755,180,Geothlypis tolmiei,MacGillivray's Warbler,MGWA,81.00,84.00,39.7,t,lite
PC,WLNP-2-2,845,General Community Waterton Lakes National Park 2021,598,2021-06-09 06:00:00,285755,180,Geothlypis tolmiei,MacGillivray's Warbler,MGWA,87.00,90.00,38.3,t,lite
PC,WLNP-2-2,845,General Community Waterton Lakes National Park 2021,598,2021-06-09 06:00:00,285755,180,Geothlypis tolmiei,MacGillivray's Warbler,MGWA,105.00,108.00,35.1,t,lite
PC,WLNP-2-2,845,General Community Waterton Lakes National Park 2021,598,2021-06-09 06:00:00,285755,180,Geothlypis tolmiei,MacGillivray's Warbler,MGWA,114.00,117.00,43.9,t,lite
PC,WLNP-2-2,845,General Community Waterton Lakes National Park 2021,598,2021-06-09 06:00:00,285755,180,Geothlypis tolmiei,MacGillivray's Warbler,MGWA,123.00,126.00,40.9,t,lite
PC,WLNP-2-2,845,General Community Waterton Lakes National Park 2021,598,2021-06-09 06:00:00,285755,180,Geothlypis tolmiei,MacGillivray's Warbler,MGWA,129.00,132.00,31.1,t,lite
PC,WLNP-2-2,845,General Community Waterton Lakes National Park 2021,598,2021-06-09 06:00:00,285755,180,Geothlypis tolmiei,MacGillivray's Warbler,MGWA,132.00,135.00,26.3,t,lite
PC,WLNP-2-2,845,General Community Waterton Lakes National Park 2021,598,2021-06-09 06:00:00,285755,180,Geothlypis tolmiei,MacGillivray's Warbler,MGWA,138.00,141.00,32.5,t,lite
PC,WLNP-2-2,845,General Community Waterton Lakes National Park 2021,598,2021-06-09 06:00:00,285755,180,Troglodytes aedon,House Wren,HOWR,162.00,165.00,27.7,t,lite
PC,WLNP-2-2,845,General Community Waterton Lakes National Park 2021,598,2021-06-09 06:00:00,285755,180,Troglodytes aedon,House Wren,HOWR,174.00,177.00,25.3,t,lite
PC,WLNP-2-2,845,General Community Waterton Lakes National Park 2021,598,2021-06-12 08:40:00,285722,180,Passerina amoena,Lazuli Bunting,LAZB,30.00,33.00,27.1,t,lite
PC,WLNP-2-2,845,General Community Waterton Lakes National Park 2021,598,2021-06-12 08:40:00,285722,180,Passerina cyanea,Indigo Bunting,INBU,42.00,45.00,26.0,t,lite
PC,WLNP-2-2,845,General Community Waterton Lakes National Park 2021,598,2021-06-12 08:40:00,285722,180,Passerina cyanea,Indigo Bunting,INBU,69.00,72.00,25.8,t,lite
PC,WLNP-2-2,845,General Community Waterton Lakes National Park 2021,598,2021-06-12 08:40:00,285722,180,Passerina amoena,Lazuli Bunting,LAZB,69.00,72.00,33.1,t,lite
PC,WLNP-2-2,845,General Community Waterton Lakes National Park 2021,598,2021-06-12 08:40:00,285722,180,Emberiza tahapisi,,,78.00,81.00,35.2,f,lite
PC,WLNP-2-2,845,General Community Waterton Lakes National Park 2021,598,2021-06-12 08:40:00,285722,180,Passerina amoena,Lazuli Bunting,LAZB,90.00,93.00,29.0,t,lite
PC,WLNP-2-2,845,General Community Waterton Lakes National Park 2021,598,2021-06-12 08:40:00,285722,180,Passerina cyanea,Indigo Bunting,INBU,90.00,93.00,25.7,t,lite
PC,WLNP-2-2,845,General Community Waterton Lakes National Park 2021,598,2021-06-12 08:40:00,285722,180,Passerina amoena,Lazuli Bunting,LAZB,177.00,180.00,28.8,t,lite
PC,WLNP-22-1,58536,General Community Waterton Lakes National Park 2021,598,2021-06-01 04:20:00,286038,180,*NOT GENERATED/FOUND*,,,,,,f,lite
PC,WLNP-22-1,58536,General Community Waterton Lakes National Park 2021,598,2021-06-01 08:00:00,286062,180,*NOT GENERATED/FOUND*,,,,,,f,lite
PC,WLNP-22-1,58536,General Community Waterton Lakes National Park 2021,598,2021-06-02 08:40:00,285985,180,*NOT GENERATED/FOUND*,,,,,,f,lite
PC,WLNP-22-1,58536,General Community Waterton Lakes National Park 2021,598,2021-06-03 05:40:00,286089,180,Junco hyemalis,Dark-eyed Junco,DEJU,144.00,147.00,26.0,t,lite
PC,WLNP-22-1,58536,General Community Waterton Lakes National Park 2021,598,2021-06-06 02:00:00,285978,180,*NOT GENERATED/FOUND*,,,,,,f,lite
PC,WLNP-22-1,58536,General Community Waterton Lakes National Park 2021,598,2021-06-07 06:40:00,286096,180,Sicalis auriventris,,,135.00,138.00,26.8,f,lite
PC,WLNP-22-1,58536,General Community Waterton Lakes National Park 2021,598,2021-06-08 08:00:00,286101,180,Spinus pinus,Pine Siskin,PISI,90.00,93.00,35.1,t,lite
PC,WLNP-22-1,58536,General Community Waterton Lakes National Park 2021,598,2021-06-08 08:00:00,286101,180,Zonotrichia leucophrys,White-crowned Sparrow,WCSP,135.00,138.00,30.7,t,lite
PC,WLNP-22-1,58536,General Community Waterton Lakes National Park 2021,598,2021-06-08 08:00:00,286101,180,Zonotrichia leucophrys,White-crowned Sparrow,WCSP,144.00,147.00,28.1,t,lite
PC,WLNP-22-1,58536,General Community Waterton Lakes National Park 2021,598,2021-06-08 08:00:00,286101,180,Cinclodes oustaleti,,,165.00,168.00,38.1,f,lite
PC,WLNP-22-1,58536,General Community Waterton Lakes National Park 2021,598,2021-06-08 08:00:00,286101,180,Zonotrichia leucophrys,White-crowned Sparrow,WCSP,165.00,168.00,32.6,t,lite
PC,WLNP-22-1,58536,General Community Waterton Lakes National Park 2021,598,2021-06-11 06:40:00,286094,180,Piranga ludoviciana,Western Tanager,WETA,114.00,117.00,32.3,t,lite
PC,WLNP-22-1,58536,General Community Waterton Lakes National Park 2021,598,2021-06-11 06:40:00,286094,180,Piranga ludoviciana,Western Tanager,WETA,123.00,126.00,35.4,t,lite
PC,WLNP-22-1,58536,General Community Waterton Lakes National Park 2021,598,2021-06-11 06:40:00,286094,180,Piranga ludoviciana,Western Tanager,WETA,138.00,141.00,29.5,t,lite
PC,WLNP-22-1,58536,General Community Waterton Lakes National Park 2021,598,2021-06-11 06:40:00,286094,180,Piranga ludoviciana,Western Tanager,WETA,150.00,153.00,28.6,t,lite
PC,WLNP-22-1,58536,General Community Waterton Lakes National Park 2021,598,2021-06-11 06:40:00,286094,180,Piranga ludoviciana,Western Tanager,WETA,159.00,162.00,47.3,t,lite
PC,WLNP-22-1,58536,General Community Waterton Lakes National Park 2021,598,2021-06-11 06:40:00,286094,180,Piranga ludoviciana,Western Tanager,WETA,171.00,174.00,53.8,t,lite
PC,WLNP-22-10,58542,General Community Waterton Lakes National Park 2021,598,2021-06-05 04:40:00,325385,180,Tapera naevia,Striped Cuckoo,STCU,36.00,39.00,45.9,t,lite
PC,WLNP-22-10,58542,General Community Waterton Lakes National Park 2021,598,2021-06-05 04:40:00,325385,180,Cacomantis merulinus,,,36.00,39.00,29.3,f,lite
PC,WLNP-22-10,58542,General Community Waterton Lakes National Park 2021,598,2021-06-05 04:40:00,325385,180,Myiarchus tyrannulus,Brown-crested Flycatcher,BCFL,48.00,51.00,32.3,t,lite
PC,WLNP-22-10,58542,General Community Waterton Lakes National Park 2021,598,2021-06-06 06:00:00,325398,180,*NOT GENERATED/FOUND*,,,,,,f,lite
PC,WLNP-22-10,58542,General Community Waterton Lakes National Park 2021,598,2021-06-06 22:40:00,325400,180,*NOT GENERATED/FOUND*,,,,,,f,lite
PC,WLNP-22-10,58542,General Community Waterton Lakes National Park 2021,598,2021-06-10 22:40:00,325393,180,*NOT GENERATED/FOUND*,,,,,,f,lite
PC,WLNP-22-10,58542,General Community Waterton Lakes National Park 2021,598,2021-06-11 07:20:00,325388,180,Brachypodius urostictus,,,129.00,132.00,33.1,f,lite
PC,WLNP-22-10,58542,General Community Waterton Lakes National Park 2021,598,2021-06-11 07:20:00,325388,180,Contopus cooperi,Olive-sided Flycatcher,OSFL,129.00,132.00,83.9,t,lite
PC,WLNP-22-10,58542,General Community Waterton Lakes National Park 2021,598,2021-06-11 07:20:00,325388,180,Contopus cooperi,Olive-sided Flycatcher,OSFL,174.00,177.00,29.2,t,lite
PC,WLNP-22-10,58542,General Community Waterton Lakes National Park 2021,598,2021-06-11 21:40:00,325392,180,Catharus ustulatus,Swainson's Thrush,SWTH,117.00,120.00,33.8,t,lite
PC,WLNP-22-10,58542,General Community Waterton Lakes National Park 2021,598,2021-06-11 21:40:00,325392,180,Myiarchus tyrannulus,Brown-crested Flycatcher,BCFL,120.00,123.00,39.7,t,lite
PC,WLNP-22-10,58542,General Community Waterton Lakes National Park 2021,598,2021-06-11 21:40:00,325392,180,Catharus ustulatus,Swainson's Thrush,SWTH,120.00,123.00,61.2,t,lite
PC,WLNP-22-10,58542,General Community Waterton Lakes National Park 2021,598,2021-06-11 21:40:00,325392,180,Pheugopedius mystacalis,,,120.00,123.00,25.3,f,lite
PC,WLNP-22-10,58542,General Community Waterton Lakes National Park 2021,598,2021-06-11 21:40:00,325392,180,Myiarchus tyrannulus,Brown-crested Flycatcher,BCFL,123.00,126.00,28.5,t,lite
PC,WLNP-22-10,58542,General Community Waterton Lakes National Park 2021,598,2021-06-11 21:40:00,325392,180,Catharus ustulatus,Swainson's Thrush,SWTH,123.00,126.00,31.1,t,lite
PC,WLNP-22-10,58542,General Community Waterton Lakes National Park 2021,598,2021-06-11 21:40:00,325392,180,Catharus ustulatus,Swainson's Thrush,SWTH,126.00,129.00,31.1,t,lite
PC,WLNP-22-10,58542,General Community Waterton Lakes National Park 2021,598,2021-06-11 21:40:00,325392,180,Myiarchus tyrannulus,Brown-crested Flycatcher,BCFL,126.00,129.00,35.3,t,lite
PC,WLNP-22-10,58542,General Community Waterton Lakes National Park 2021,598,2021-06-11 21:40:00,325392,180,Porzana porzana,Spotted Crake,SPCR,129.00,132.00,25.6,t,lite
PC,WLNP-22-10,58542,General Community Waterton Lakes National Park 2021,598,2021-06-11 21:40:00,325392,180,Catharus ustulatus,Swainson's Thrush,SWTH,138.00,141.00,31.4,t,lite
PC,WLNP-22-10,58542,General Community Waterton Lakes National Park 2021,598,2021-06-11 21:40:00,325392,180,Myiarchus tyrannulus,Brown-crested Flycatcher,BCFL,138.00,141.00,52.3,t,lite
PC,WLNP-22-10,58542,General Community Waterton Lakes National Park 2021,598,2021-06-11 21:40:00,325392,180,Automolus melanopezus,,,141.00,144.00,25.2,f,lite
PC,WLNP-22-10,58542,General Community Waterton Lakes National Park 2021,598,2021-06-11 21:40:00,325392,180,Porzana porzana,Spotted Crake,SPCR,141.00,144.00,27.8,t,lite
PC,WLNP-22-10,58542,General Community Waterton Lakes National Park 2021,598,2021-06-11 21:40:00,325392,180,Catharus ustulatus,Swainson's Thrush,SWTH,141.00,144.00,60.6,t,lite
PC,WLNP-22-10,58542,General Community Waterton Lakes National Park 2021,598,2021-06-11 21:40:00,325392,180,Irena cyanogastra,,,141.00,144.00,38.7,f,lite
PC,WLNP-22-10,58542,General Community Waterton Lakes National Park 2021,598,2021-06-11 21:40:00,325392,180,Myiarchus tyrannulus,Brown-crested Flycatcher,BCFL,141.00,144.00,69.1,t,lite
PC,WLNP-22-10,58542,General Community Waterton Lakes National Park 2021,598,2021-06-11 21:40:00,325392,180,Catharus ustulatus,Swainson's Thrush,SWTH,144.00,147.00,32.7,t,lite
PC,WLNP-22-10,58542,General Community Waterton Lakes National Park 2021,598,2021-06-11 21:40:00,325392,180,Myiarchus tyrannulus,Brown-crested Flycatcher,BCFL,144.00,147.00,35.6,t,lite
PC,WLNP-22-10,58542,General Community Waterton Lakes National Park 2021,598,2021-06-11 21:40:00,325392,180,Irena cyanogastra,,,144.00,147.00,37.4,f,lite
PC,WLNP-22-10,58542,General Community Waterton Lakes National Park 2021,598,2021-06-11 21:40:00,325392,180,Pheugopedius mystacalis,,,144.00,147.00,27.1,f,lite
PC,WLNP-22-10,58542,General Community Waterton Lakes National Park 2021,598,2021-06-11 21:40:00,325392,180,Catharus ustulatus,Swainson's Thrush,SWTH,147.00,150.00,57.8,t,lite
PC,WLNP-22-10,58542,General Community Waterton Lakes National Park 2021,598,2021-06-11 21:40:00,325392,180,Coturnix coturnix,Common Quail,COQU,147.00,150.00,31.0,t,lite
PC,WLNP-22-10,58542,General Community Waterton Lakes National Park 2021,598,2021-06-11 21:40:00,325392,180,Pheugopedius mystacalis,,,147.00,150.00,25.3,f,lite
PC,WLNP-22-10,58542,General Community Waterton Lakes National Park 2021,598,2021-06-11 21:40:00,325392,180,Myiarchus tyrannulus,Brown-crested Flycatcher,BCFL,147.00,150.00,51.6,t,lite
PC,WLNP-22-10,58542,General Community Waterton Lakes National Park 2021,598,2021-06-11 21:40:00,325392,180,Catharus ustulatus,Swainson's Thrush,SWTH,150.00,153.00,37.5,t,lite
PC,WLNP-22-10,58542,General Community Waterton Lakes National Park 2021,598,2021-06-11 21:40:00,325392,180,Myiarchus tyrannulus,Brown-crested Flycatcher,BCFL,150.00,153.00,32.5,t,lite
PC,WLNP-22-10,58542,General Community Waterton Lakes National Park 2021,598,2021-06-11 21:40:00,325392,180,Geronticus eremita,Northern Bald Ibis,GERERE,162.00,165.00,28.6,t,lite
PC,WLNP-22-10,58542,General Community Waterton Lakes National Park 2021,598,2021-06-12 05:00:00,325396,180,Poecile hudsonicus,Boreal Chickadee,BOCH,66.00,69.00,38.2,t,lite
PC,WLNP-22-10,58542,General Community Waterton Lakes National Park 2021,598,2021-06-12 05:00:00,325396,180,Poecile gambeli,Mountain Chickadee,MOCH,66.00,69.00,30.9,t,lite
PC,WLNP-22-10,58542,General Community Waterton Lakes National Park 2021,598,2021-06-12 05:00:00,325396,180,Poecile hudsonicus,Boreal Chickadee,BOCH,75.00,78.00,29.8,t,lite
PC,WLNP-22-10,58542,General Community Waterton Lakes National Park 2021,598,2021-06-12 05:00:00,325396,180,Poecile hudsonicus,Boreal Chickadee,BOCH,78.00,81.00,53.9,t,lite
PC,WLNP-22-10,58542,General Community Waterton Lakes National Park 2021,598,2021-06-12 05:00:00,325396,180,Poecile gambeli,Mountain Chickadee,MOCH,78.00,81.00,27.7,t,lite
PC,WLNP-22-10,58542,General Community Waterton Lakes National Park 2021,598,2021-06-12 05:00:00,325396,180,Poecile hudsonicus,Boreal Chickadee,BOCH,90.00,93.00,28.9,t,lite
PC,WLNP-22-10,58542,General Community Waterton Lakes National Park 2021,598,2021-06-12 05:00:00,325396,180,Poecile hudsonicus,Boreal Chickadee,BOCH,96.00,99.00,26.6,t,lite
PC,WLNP-22-10,58542,General Community Waterton Lakes National Park 2021,598,2021-06-12 05:00:00,325396,180,Drymophila ochropyga,,,108.00,111.00,28.5,f,lite
PC,WLNP-22-10,58542,General Community Waterton Lakes National Park 2021,598,2021-06-12 05:00:00,325396,180,Poecile hudsonicus,Boreal Chickadee,BOCH,123.00,126.00,28.0,t,lite
PC,WLNP-22-10,58542,General Community Waterton Lakes National Park 2021,598,2021-06-12 05:00:00,325396,180,Poecile hudsonicus,Boreal Chickadee,BOCH,132.00,135.00,29.6,t,lite
PC,WLNP-22-10,58542,General Community Waterton Lakes National Park 2021,598,2021-06-12 05:00:00,325396,180,Poecile hudsonicus,Boreal Chickadee,BOCH,174.00,177.00,43.1,t,lite
PC,WLNP-22-10,58542,General Community Waterton Lakes National Park 2021,598,2021-06-12 22:00:00,325394,180,*NOT GENERATED/FOUND*,,,,,,f,lite
PC,WLNP-22-2,65231,General Community Waterton Lakes National Park 2021,598,2021-06-03 04:40:00,286092,180,*NOT GENERATED/FOUND*,,,,,,f,lite
PC,WLNP-22-2,65231,General Community Waterton Lakes National Park 2021,598,2021-06-08 06:40:00,285968,180,*NOT GENERATED/FOUND*,,,,,,f,lite
PC,WLNP-22-2,65231,General Community Waterton Lakes National Park 2021,598,2021-06-09 08:40:00,285953,180,Tetrao urogallus,Western Capercaillie,TETURO,27.00,30.00,28.0,t,lite
PC,WLNP-22-2,65231,General Community Waterton Lakes National Park 2021,598,2021-06-10 23:40:00,286030,180,*NOT GENERATED/FOUND*,,,,,,f,lite
PC,WLNP-22-2,65231,General Community Waterton Lakes National Park 2021,598,2021-06-11 07:00:00,286034,180,Catharus ustulatus,Swainson's Thrush,SWTH,129.00,132.00,31.1,t,lite
PC,WLNP-22-2,65231,General Community Waterton Lakes National Park 2021,598,2021-06-11 07:00:00,286034,180,Myiarchus cinerascens,Ash-throated Flycatcher,ATFL,144.00,147.00,25.4,t,lite
PC,WLNP-22-2,65231,General Community Waterton Lakes National Park 2021,598,2021-06-11 07:00:00,286034,180,Catharus ustulatus,Swainson's Thrush,SWTH,159.00,162.00,33.0,t,lite
PC,WLNP-22-2,65231,General Community Waterton Lakes National Park 2021,598,2021-06-14 06:20:00,286050,180,Catharus ustulatus,Swainson's Thrush,SWTH,30.00,33.00,34.4,t,lite
PC,WLNP-22-2,65231,General Community Waterton Lakes National Park 2021,598,2021-06-14 06:20:00,286050,180,Piranga ludoviciana,Western Tanager,WETA,108.00,111.00,27.5,t,lite
PC,WLNP-22-2,65231,General Community Waterton Lakes National Park 2021,598,2021-06-14 06:20:00,286050,180,Haemorhous cassinii,Cassin's Finch,CAFI,111.00,114.00,36.3,t,lite
PC,WLNP-22-2,65231,General Community Waterton Lakes National Park 2021,598,2021-06-14 06:20:00,286050,180,Piranga ludoviciana,Western Tanager,WETA,111.00,114.00,27.4,t,lite
PC,WLNP-22-2,65231,General Community Waterton Lakes National Park 2021,598,2021-06-14 06:20:00,286050,180,Piranga ludoviciana,Western Tanager,WETA,120.00,123.00,40.0,t,lite
PC,WLNP-22-2,65231,General Community Waterton Lakes National Park 2021,598,2021-06-14 06:20:00,286050,180,Piranga ludoviciana,Western Tanager,WETA,132.00,135.00,36.8,t,lite
PC,WLNP-22-2,65231,General Community Waterton Lakes National Park 2021,598,2021-06-14 06:20:00,286050,180,Haemorhous cassinii,Cassin's Finch,CAFI,132.00,135.00,28.7,t,lite
PC,WLNP-22-2,65231,General Community Waterton Lakes National Park 2021,598,2021-06-14 06:20:00,286050,180,Piranga ludoviciana,Western Tanager,WETA,138.00,141.00,52.6,t,lite
PC,WLNP-22-2,65231,General Community Waterton Lakes National Park 2021,598,2021-06-14 06:20:00,286050,180,Piranga ludoviciana,Western Tanager,WETA,153.00,156.00,50.0,t,lite
PC,WLNP-22-2,65231,General Community Waterton Lakes National Park 2021,598,2021-06-14 06:20:00,286050,180,Haemorhous cassinii,Cassin's Finch,CAFI,174.00,177.00,25.1,t,lite
PC,WLNP-22-2,65231,General Community Waterton Lakes National Park 2021,598,2021-06-14 06:20:00,286050,180,Piranga ludoviciana,Western Tanager,WETA,174.00,177.00,41.3,t,lite
PC,WLNP-22-2,65231,General Community Waterton Lakes National Park 2021,598,2021-06-14 22:20:00,285943,180,Cyclarhis gujanensis,Rufous-browed Peppershrike,RBPE,9.00,12.00,27.7,t,lite
PC,WLNP-22-2,65231,General Community Waterton Lakes National Park 2021,598,2021-06-14 22:20:00,285943,180,Catharus ustulatus,Swainson's Thrush,SWTH,9.00,12.00,34.5,t,lite
PC,WLNP-22-2,65231,General Community Waterton Lakes National Park 2021,598,2021-06-14 22:20:00,285943,180,Catharus ustulatus,Swainson's Thrush,SWTH,15.00,18.00,51.0,t,lite
PC,WLNP-22-2,65231,General Community Waterton Lakes National Park 2021,598,2021-06-14 22:20:00,285943,180,Catharus ustulatus,Swainson's Thrush,SWTH,21.00,24.00,54.5,t,lite
PC,WLNP-22-2,65231,General Community Waterton Lakes National Park 2021,598,2021-06-14 22:20:00,285943,180,Catharus ustulatus,Swainson's Thrush,SWTH,27.00,30.00,39.0,t,lite
PC,WLNP-22-2,65231,General Community Waterton Lakes National Park 2021,598,2021-06-14 22:20:00,285943,180,Cyclarhis gujanensis,Rufous-browed Peppershrike,RBPE,30.00,33.00,27.3,t,lite
PC,WLNP-22-2,65231,General Community Waterton Lakes National Park 2021,598,2021-06-14 22:20:00,285943,180,Catharus ustulatus,Swainson's Thrush,SWTH,30.00,33.00,34.1,t,lite
PC,WLNP-22-2,65231,General Community Waterton Lakes National Park 2021,598,2021-06-14 22:20:00,285943,180,Catharus ustulatus,Swainson's Thrush,SWTH,36.00,39.00,62.7,t,lite
PC,WLNP-22-2,65231,General Community Waterton Lakes National Park 2021,598,2021-06-14 22:20:00,285943,180,Catharus ustulatus,Swainson's Thrush,SWTH,42.00,45.00,50.3,t,lite
PC,WLNP-22-2,65231,General Community Waterton Lakes National Park 2021,598,2021-06-14 22:20:00,285943,180,Cyclarhis gujanensis,Rufous-browed Peppershrike,RBPE,42.00,45.00,29.3,t,lite
PC,WLNP-22-2,65231,General Community Waterton Lakes National Park 2021,598,2021-06-14 22:20:00,285943,180,Catharus ustulatus,Swainson's Thrush,SWTH,48.00,51.00,33.4,t,lite
PC,WLNP-22-2,65231,General Community Waterton Lakes National Park 2021,598,2021-06-14 22:20:00,285943,180,Catharus ustulatus,Swainson's Thrush,SWTH,54.00,57.00,58.1,t,lite
PC,WLNP-22-2,65231,General Community Waterton Lakes National Park 2021,598,2021-06-14 22:20:00,285943,180,Catharus ustulatus,Swainson's Thrush,SWTH,63.00,66.00,65.4,t,lite
PC,WLNP-22-2,65231,General Community Waterton Lakes National Park 2021,598,2021-06-14 22:20:00,285943,180,Catharus ustulatus,Swainson's Thrush,SWTH,69.00,72.00,41.2,t,lite
PC,WLNP-22-2,65231,General Community Waterton Lakes National Park 2021,598,2021-06-14 22:20:00,285943,180,Catharus ustulatus,Swainson's Thrush,SWTH,72.00,75.00,32.3,t,lite
PC,WLNP-22-2,65231,General Community Waterton Lakes National Park 2021,598,2021-06-14 22:20:00,285943,180,Catharus ustulatus,Swainson's Thrush,SWTH,78.00,81.00,68.8,t,lite
PC,WLNP-22-2,65231,General Community Waterton Lakes National Park 2021,598,2021-06-14 22:20:00,285943,180,Catharus ustulatus,Swainson's Thrush,SWTH,84.00,87.00,53.2,t,lite
PC,WLNP-22-2,65231,General Community Waterton Lakes National Park 2021,598,2021-06-14 22:20:00,285943,180,Catharus ustulatus,Swainson's Thrush,SWTH,90.00,93.00,65.1,t,lite
PC,WLNP-22-2,65231,General Community Waterton Lakes National Park 2021,598,2021-06-14 22:20:00,285943,180,Catharus ustulatus,Swainson's Thrush,SWTH,96.00,99.00,59.2,t,lite
PC,WLNP-22-2,65231,General Community Waterton Lakes National Park 2021,598,2021-06-14 22:20:00,285943,180,Catharus ustulatus,Swainson's Thrush,SWTH,138.00,141.00,43.0,t,lite
PC,WLNP-22-2,65231,General Community Waterton Lakes National Park 2021,598,2021-06-14 22:20:00,285943,180,Catharus ustulatus,Swainson's Thrush,SWTH,147.00,150.00,33.2,t,lite
PC,WLNP-22-2,65231,General Community Waterton Lakes National Park 2021,598,2021-06-14 22:20:00,285943,180,Catharus ustulatus,Swainson's Thrush,SWTH,150.00,153.00,49.2,t,lite
PC,WLNP-22-2,65231,General Community Waterton Lakes National Park 2021,598,2021-06-14 22:20:00,285943,180,Catharus ustulatus,Swainson's Thrush,SWTH,153.00,156.00,32.9,t,lite
PC,WLNP-22-2,65231,General Community Waterton Lakes National Park 2021,598,2021-06-14 22:20:00,285943,180,Catharus ustulatus,Swainson's Thrush,SWTH,162.00,165.00,28.6,t,lite
PC,WLNP-22-2,65231,General Community Waterton Lakes National Park 2021,598,2021-06-14 22:20:00,285943,180,Catharus ustulatus,Swainson's Thrush,SWTH,165.00,168.00,35.7,t,lite
PC,WLNP-22-2,65231,General Community Waterton Lakes National Park 2021,598,2021-06-14 22:20:00,285943,180,Catharus ustulatus,Swainson's Thrush,SWTH,171.00,174.00,34.2,t,lite
PC,WLNP-22-2,65231,General Community Waterton Lakes National Park 2021,598,2021-06-15 08:00:00,286047,180,*NOT GENERATED/FOUND*,,,,,,f,lite
PC,WLNP-22-3,57640,General Community Waterton Lakes National Park 2021,598,2021-05-31 07:20:00,285970,180,*NOT GENERATED/FOUND*,,,,,,f,lite
PC,WLNP-22-3,57640,General Community Waterton Lakes National Park 2021,598,2021-06-01 04:40:00,285951,180,*NOT GENERATED/FOUND*,,,,,,f,lite
PC,WLNP-22-3,57640,General Community Waterton Lakes National Park 2021,598,2021-06-01 22:40:00,286015,180,*NOT GENERATED/FOUND*,,,,,,f,lite
PC,WLNP-22-3,57640,General Community Waterton Lakes National Park 2021,598,2021-06-02 06:40:00,286017,180,*NOT GENERATED/FOUND*,,,,,,f,lite
PC,WLNP-22-3,57640,General Community Waterton Lakes National Park 2021,598,2021-06-06 05:40:00,285977,180,*NOT GENERATED/FOUND*,,,,,,f,lite
PC,WLNP-22-3,57640,General Community Waterton Lakes National Park 2021,598,2021-06-07 05:20:00,286065,180,Porzana porzana,Spotted Crake,SPCR,111.00,114.00,25.5,t,lite
PC,WLNP-22-3,57640,General Community Waterton Lakes National Park 2021,598,2021-06-07 05:20:00,286065,180,Myiarchus tyrannulus,Brown-crested Flycatcher,BCFL,111.00,114.00,26.7,t,lite
PC,WLNP-22-3,57640,General Community Waterton Lakes National Park 2021,598,2021-06-07 05:20:00,286065,180,Myiarchus tyrannulus,Brown-crested Flycatcher,BCFL,114.00,117.00,32.8,t,lite
PC,WLNP-22-3,57640,General Community Waterton Lakes National Park 2021,598,2021-06-07 05:20:00,286065,180,Porzana porzana,Spotted Crake,SPCR,114.00,117.00,52.5,t,lite
PC,WLNP-22-3,57640,General Community Waterton Lakes National Park 2021,598,2021-06-07 05:20:00,286065,180,Myiarchus cinerascens,Ash-throated Flycatcher,ATFL,120.00,123.00,25.8,t,lite
PC,WLNP-22-3,57640,General Community Waterton Lakes National Park 2021,598,2021-06-07 05:20:00,286065,180,Myiarchus cinerascens,Ash-throated Flycatcher,ATFL,123.00,126.00,26.9,t,lite
PC,WLNP-22-3,57640,General Community Waterton Lakes National Park 2021,598,2021-06-08 06:20:00,286095,180,Emberiza cirlus,Cirl Bunting,EMBCIR,105.00,108.00,28.6,t,lite
PC,WLNP-22-3,57640,General Community Waterton Lakes National Park 2021,598,2021-06-08 06:20:00,286095,180,Certhia americana,Brown Creeper,BRCR,111.00,114.00,65.4,t,lite
PC,WLNP-22-3,57640,General Community Waterton Lakes National Park 2021,598,2021-06-08 06:20:00,286095,180,Certhia familiaris,Eurasian Treecreeper,CERFAM,111.00,114.00,55.3,t,lite
PC,WLNP-22-3,57640,General Community Waterton Lakes National Park 2021,598,2021-06-08 06:20:00,286095,180,Certhia americana,Brown Creeper,BRCR,117.00,120.00,72.7,t,lite
PC,WLNP-22-3,57640,General Community Waterton Lakes National Park 2021,598,2021-06-08 06:20:00,286095,180,Certhia familiaris,Eurasian Treecreeper,CERFAM,117.00,120.00,63.4,t,lite
PC,WLNP-22-3,57640,General Community Waterton Lakes National Park 2021,598,2021-06-08 06:20:00,286095,180,Certhia familiaris,Eurasian Treecreeper,CERFAM,126.00,129.00,29.9,t,lite
PC,WLNP-22-3,57640,General Community Waterton Lakes National Park 2021,598,2021-06-08 06:20:00,286095,180,Certhia americana,Brown Creeper,BRCR,126.00,129.00,48.3,t,lite
PC,WLNP-22-3,57640,General Community Waterton Lakes National Park 2021,598,2021-06-08 06:20:00,286095,180,Certhia familiaris,Eurasian Treecreeper,CERFAM,144.00,147.00,55.3,t,lite
PC,WLNP-22-3,57640,General Community Waterton Lakes National Park 2021,598,2021-06-08 06:20:00,286095,180,Certhia americana,Brown Creeper,BRCR,144.00,147.00,65.3,t,lite
PC,WLNP-22-3,57640,General Community Waterton Lakes National Park 2021,598,2021-06-12 05:00:00,285974,180,*NOT GENERATED/FOUND*,,,,,,f,lite
PC,WLNP-22-4,58537,General Community Waterton Lakes National Park 2021,598,2021-06-02 05:00:00,286033,180,Troglodytes pacificus,Pacific Wren,PAWR,21.00,24.00,72.0,t,lite
PC,WLNP-22-4,58537,General Community Waterton Lakes National Park 2021,598,2021-06-02 05:00:00,286033,180,Troglodytes pacificus,Pacific Wren,PAWR,24.00,27.00,44.9,t,lite
PC,WLNP-22-4,58537,General Community Waterton Lakes National Park 2021,598,2021-06-02 06:00:00,285973,180,Cardellina pusilla,Wilson's Warbler,WIWA,0.00,3.00,40.5,t,lite
PC,WLNP-22-4,58537,General Community Waterton Lakes National Park 2021,598,2021-06-02 06:00:00,285973,180,Setophaga graciae,Grace's Warbler,GRWA,9.00,12.00,29.6,t,lite
PC,WLNP-22-4,58537,General Community Waterton Lakes National Park 2021,598,2021-06-02 06:00:00,285973,180,Cardellina pusilla,Wilson's Warbler,WIWA,9.00,12.00,56.3,t,lite
PC,WLNP-22-4,58537,General Community Waterton Lakes National Park 2021,598,2021-06-02 06:00:00,285973,180,Basileuterus rufifrons,Rufous-capped Warbler,RCWA,12.00,15.00,35.2,t,lite
PC,WLNP-22-4,58537,General Community Waterton Lakes National Park 2021,598,2021-06-02 06:00:00,285973,180,Setophaga graciae,Grace's Warbler,GRWA,12.00,15.00,28.5,t,lite
PC,WLNP-22-4,58537,General Community Waterton Lakes National Park 2021,598,2021-06-02 06:00:00,285973,180,Cardellina pusilla,Wilson's Warbler,WIWA,12.00,15.00,40.6,t,lite
PC,WLNP-22-4,58537,General Community Waterton Lakes National Park 2021,598,2021-06-02 06:00:00,285973,180,Anthus trivialis,Tree Pipit,TRPI,12.00,15.00,27.7,t,lite
PC,WLNP-22-4,58537,General Community Waterton Lakes National Park 2021,598,2021-06-02 06:00:00,285973,180,Setophaga graciae,Grace's Warbler,GRWA,21.00,24.00,38.2,t,lite
PC,WLNP-22-4,58537,General Community Waterton Lakes National Park 2021,598,2021-06-02 06:00:00,285973,180,Cardellina pusilla,Wilson's Warbler,WIWA,21.00,24.00,57.3,t,lite
PC,WLNP-22-4,58537,General Community Waterton Lakes National Park 2021,598,2021-06-02 06:00:00,285973,180,Phylloscopus trochiloides,Greenish Warbler,PHYTRO,24.00,27.00,27.7,t,lite
PC,WLNP-22-4,58537,General Community Waterton Lakes National Park 2021,598,2021-06-02 06:00:00,285973,180,Cardellina pusilla,Wilson's Warbler,WIWA,33.00,36.00,26.6,t,lite
PC,WLNP-22-4,58537,General Community Waterton Lakes National Park 2021,598,2021-06-02 06:00:00,285973,180,Leiothlypis virginiae,,,33.00,36.00,25.4,f,lite
PC,WLNP-22-4,58537,General Community Waterton Lakes National Park 2021,598,2021-06-02 06:00:00,285973,180,Cardellina pusilla,Wilson's Warbler,WIWA,36.00,39.00,47.5,t,lite
PC,WLNP-22-4,58537,General Community Waterton Lakes National Park 2021,598,2021-06-02 06:00:00,285973,180,Prinia hodgsonii,,,48.00,51.00,28.7,f,lite
PC,WLNP-22-4,58537,General Community Waterton Lakes National Park 2021,598,2021-06-02 06:00:00,285973,180,Cardellina pusilla,Wilson's Warbler,WIWA,48.00,51.00,60.6,t,lite
PC,WLNP-22-4,58537,General Community Waterton Lakes National Park 2021,598,2021-06-02 06:00:00,285973,180,Setophaga graciae,Grace's Warbler,GRWA,48.00,51.00,37.4,t,lite
PC,WLNP-22-4,58537,General Community Waterton Lakes National Park 2021,598,2021-06-02 06:00:00,285973,180,Prinia hodgsonii,,,60.00,63.00,26.5,f,lite
PC,WLNP-22-4,58537,General Community Waterton Lakes National Park 2021,598,2021-06-02 06:00:00,285973,180,Cardellina pusilla,Wilson's Warbler,WIWA,60.00,63.00,61.8,t,lite
PC,WLNP-22-4,58537,General Community Waterton Lakes National Park 2021,598,2021-06-02 06:00:00,285973,180,Setophaga graciae,Grace's Warbler,GRWA,60.00,63.00,38.6,t,lite
PC,WLNP-22-4,58537,General Community Waterton Lakes National Park 2021,598,2021-06-02 06:00:00,285973,180,Setophaga graciae,Grace's Warbler,GRWA,75.00,78.00,36.4,t,lite
PC,WLNP-22-4,58537,General Community Waterton Lakes National Park 2021,598,2021-06-02 06:00:00,285973,180,Cardellina pusilla,Wilson's Warbler,WIWA,75.00,78.00,63.5,t,lite
PC,WLNP-22-4,58537,General Community Waterton Lakes National Park 2021,598,2021-06-02 06:00:00,285973,180,Setophaga graciae,Grace's Warbler,GRWA,87.00,90.00,35.7,t,lite
PC,WLNP-22-4,58537,General Community Waterton Lakes National Park 2021,598,2021-06-02 06:00:00,285973,180,Cardellina pusilla,Wilson's Warbler,WIWA,87.00,90.00,60.8,t,lite
PC,WLNP-22-4,58537,General Community Waterton Lakes National Park 2021,598,2021-06-02 06:00:00,285973,180,Prinia hodgsonii,,,87.00,90.00,36.4,f,lite
PC,WLNP-22-4,58537,General Community Waterton Lakes National Park 2021,598,2021-06-02 06:00:00,285973,180,Geothlypis tolmiei,MacGillivray's Warbler,MGWA,90.00,93.00,25.3,t,lite
PC,WLNP-22-4,58537,General Community Waterton Lakes National Park 2021,598,2021-06-02 06:00:00,285973,180,Prinia hodgsonii,,,99.00,102.00,32.0,f,lite
PC,WLNP-22-4,58537,General Community Waterton Lakes National Park 2021,598,2021-06-02 06:00:00,285973,180,Cardellina pusilla,Wilson's Warbler,WIWA,99.00,102.00,65.7,t,lite
PC,WLNP-22-4,58537,General Community Waterton Lakes National Park 2021,598,2021-06-02 06:00:00,285973,180,Setophaga graciae,Grace's Warbler,GRWA,99.00,102.00,45.1,t,lite
PC,WLNP-22-4,58537,General Community Waterton Lakes National Park 2021,598,2021-06-02 06:00:00,285973,180,Cardellina pusilla,Wilson's Warbler,WIWA,111.00,114.00,56.1,t,lite
PC,WLNP-22-4,58537,General Community Waterton Lakes National Park 2021,598,2021-06-02 06:00:00,285973,180,Setophaga graciae,Grace's Warbler,GRWA,111.00,114.00,36.9,t,lite
PC,WLNP-22-4,58537,General Community Waterton Lakes National Park 2021,598,2021-06-02 06:00:00,285973,180,Geothlypis tolmiei,MacGillivray's Warbler,MGWA,114.00,117.00,25.2,t,lite
PC,WLNP-22-4,58537,General Community Waterton Lakes National Park 2021,598,2021-06-02 06:00:00,285973,180,Cardellina pusilla,Wilson's Warbler,WIWA,123.00,126.00,54.3,t,lite
PC,WLNP-22-4,58537,General Community Waterton Lakes National Park 2021,598,2021-06-02 06:00:00,285973,180,Prinia hodgsonii,,,123.00,126.00,31.7,f,lite
PC,WLNP-22-4,58537,General Community Waterton Lakes National Park 2021,598,2021-06-02 06:00:00,285973,180,Setophaga graciae,Grace's Warbler,GRWA,123.00,126.00,33.1,t,lite
PC,WLNP-22-4,58537,General Community Waterton Lakes National Park 2021,598,2021-06-02 06:00:00,285973,180,Setophaga graciae,Grace's Warbler,GRWA,132.00,135.00,28.4,t,lite
PC,WLNP-22-4,58537,General Community Waterton Lakes National Park 2021,598,2021-06-02 06:00:00,285973,180,Cardellina pusilla,Wilson's Warbler,WIWA,132.00,135.00,46.4,t,lite
PC,WLNP-22-4,58537,General Community Waterton Lakes National Park 2021,598,2021-06-02 06:00:00,285973,180,Cardellina pusilla,Wilson's Warbler,WIWA,135.00,138.00,43.5,t,lite
PC,WLNP-22-4,58537,General Community Waterton Lakes National Park 2021,598,2021-06-02 06:00:00,285973,180,Setophaga graciae,Grace's Warbler,GRWA,144.00,147.00,27.5,t,lite
PC,WLNP-22-4,58537,General Community Waterton Lakes National Park 2021,598,2021-06-02 06:00:00,285973,180,Prinia hodgsonii,,,144.00,147.00,29.2,f,lite
PC,WLNP-22-4,58537,General Community Waterton Lakes National Park 2021,598,2021-06-02 06:00:00,285973,180,Cardellina pusilla,Wilson's Warbler,WIWA,144.00,147.00,52.1,t,lite
PC,WLNP-22-4,58537,General Community Waterton Lakes National Park 2021,598,2021-06-02 06:00:00,285973,180,Setophaga graciae,Grace's Warbler,GRWA,156.00,159.00,35.8,t,lite
PC,WLNP-22-4,58537,General Community Waterton Lakes National Park 2021,598,2021-06-02 06:00:00,285973,180,Prinia hodgsonii,,,156.00,159.00,28.3,f,lite
PC,WLNP-22-4,58537,General Community Waterton Lakes National Park 2021,598,2021-06-02 06:00:00,285973,180,Cardellina pusilla,Wilson's Warbler,WIWA,156.00,159.00,61.4,t,lite
PC,WLNP-22-4,58537,General Community Waterton Lakes National Park 2021,598,2021-06-02 06:00:00,285973,180,Setophaga graciae,Grace's Warbler,GRWA,165.00,168.00,48.1,t,lite
PC,WLNP-22-4,58537,General Community Waterton Lakes National Park 2021,598,2021-06-02 06:00:00,285973,180,Cardellina pusilla,Wilson's Warbler,WIWA,165.00,168.00,71.7,t,lite
PC,WLNP-22-4,58537,General Community Waterton Lakes National Park 2021,598,2021-06-02 06:00:00,285973,180,Leiothlypis virginiae,,,168.00,171.00,25.1,f,lite
PC,WLNP-22-4,58537,General Community Waterton Lakes National Park 2021,598,2021-06-02 06:00:00,285973,180,Basileuterus rufifrons,Rufous-capped Warbler,RCWA,177.00,180.00,27.2,t,lite
PC,WLNP-22-4,58537,General Community Waterton Lakes National Park 2021,598,2021-06-02 06:00:00,285973,180,Prinia hodgsonii,,,177.00,180.00,28.4,f,lite
PC,WLNP-22-4,58537,General Community Waterton Lakes National Park 2021,598,2021-06-02 06:00:00,285973,180,Cardellina pusilla,Wilson's Warbler,WIWA,177.00,180.00,63.2,t,lite
PC,WLNP-22-4,58537,General Community Waterton Lakes National Park 2021,598,2021-06-02 06:00:00,285973,180,Setophaga graciae,Grace's Warbler,GRWA,177.00,180.00,41.2,t,lite
PC,WLNP-22-4,58537,General Community Waterton Lakes National Park 2021,598,2021-06-03 07:40:00,286110,180,Setophaga graciae,Grace's Warbler,GRWA,3.00,6.00,34.8,t,lite
PC,WLNP-22-4,58537,General Community Waterton Lakes National Park 2021,598,2021-06-03 07:40:00,286110,180,Cardellina pusilla,Wilson's Warbler,WIWA,3.00,6.00,45.5,t,lite
PC,WLNP-22-4,58537,General Community Waterton Lakes National Park 2021,598,2021-06-03 07:40:00,286110,180,Setophaga adelaidae,Adelaide's Warbler,ADWA,12.00,15.00,25.4,t,lite
PC,WLNP-22-4,58537,General Community Waterton Lakes National Park 2021,598,2021-06-03 07:40:00,286110,180,Cardellina pusilla,Wilson's Warbler,WIWA,12.00,15.00,36.4,t,lite
PC,WLNP-22-4,58537,General Community Waterton Lakes National Park 2021,598,2021-06-03 07:40:00,286110,180,Setophaga graciae,Grace's Warbler,GRWA,12.00,15.00,31.5,t,lite
PC,WLNP-22-4,58537,General Community Waterton Lakes National Park 2021,598,2021-06-03 07:40:00,286110,180,Anthus trivialis,Tree Pipit,TRPI,15.00,18.00,31.9,t,lite
PC,WLNP-22-4,58537,General Community Waterton Lakes National Park 2021,598,2021-06-03 07:40:00,286110,180,Setophaga graciae,Grace's Warbler,GRWA,15.00,18.00,27.5,t,lite
PC,WLNP-22-4,58537,General Community Waterton Lakes National Park 2021,598,2021-06-03 07:40:00,286110,180,Cardellina pusilla,Wilson's Warbler,WIWA,15.00,18.00,29.4,t,lite
PC,WLNP-22-4,58537,General Community Waterton Lakes National Park 2021,598,2021-06-03 07:40:00,286110,180,Leiothlypis luciae,,,21.00,24.00,29.0,f,lite
PC,WLNP-22-4,58537,General Community Waterton Lakes National Park 2021,598,2021-06-03 07:40:00,286110,180,Cardellina pusilla,Wilson's Warbler,WIWA,21.00,24.00,35.1,t,lite
PC,WLNP-22-4,58537,General Community Waterton Lakes National Park 2021,598,2021-06-03 07:40:00,286110,180,Setophaga adelaidae,Adelaide's Warbler,ADWA,21.00,24.00,29.3,t,lite
PC,WLNP-22-4,58537,General Community Waterton Lakes National Park 2021,598,2021-06-03 07:40:00,286110,180,Setophaga graciae,Grace's Warbler,GRWA,21.00,24.00,25.8,t,lite
PC,WLNP-22-4,58537,General Community Waterton Lakes National Park 2021,598,2021-06-03 07:40:00,286110,180,Anthus trivialis,Tree Pipit,TRPI,24.00,27.00,27.3,t,lite
PC,WLNP-22-4,58537,General Community Waterton Lakes National Park 2021,598,2021-06-03 07:40:00,286110,180,Cardellina pusilla,Wilson's Warbler,WIWA,24.00,27.00,30.8,t,lite
PC,WLNP-22-4,58537,General Community Waterton Lakes National Park 2021,598,2021-06-03 07:40:00,286110,180,Prinia hodgsonii,,,33.00,36.00,34.5,f,lite
PC,WLNP-22-4,58537,General Community Waterton Lakes National Park 2021,598,2021-06-03 07:40:00,286110,180,Cardellina pusilla,Wilson's Warbler,WIWA,33.00,36.00,48.2,t,lite
PC,WLNP-22-4,58537,General Community Waterton Lakes National Park 2021,598,2021-06-03 07:40:00,286110,180,Setophaga graciae,Grace's Warbler,GRWA,33.00,36.00,34.2,t,lite
PC,WLNP-22-4,58537,General Community Waterton Lakes National Park 2021,598,2021-06-03 07:40:00,286110,180,Prinia hodgsonii,,,42.00,45.00,39.2,f,lite
PC,WLNP-22-4,58537,General Community Waterton Lakes National Park 2021,598,2021-06-03 07:40:00,286110,180,Cardellina pusilla,Wilson's Warbler,WIWA,42.00,45.00,46.9,t,lite
PC,WLNP-22-4,58537,General Community Waterton Lakes National Park 2021,598,2021-06-03 07:40:00,286110,180,Setophaga graciae,Grace's Warbler,GRWA,42.00,45.00,37.9,t,lite
PC,WLNP-22-4,58537,General Community Waterton Lakes National Park 2021,598,2021-06-03 07:40:00,286110,180,Setophaga graciae,Grace's Warbler,GRWA,51.00,54.00,37.9,t,lite
PC,WLNP-22-4,58537,General Community Waterton Lakes National Park 2021,598,2021-06-03 07:40:00,286110,180,Cardellina pusilla,Wilson's Warbler,WIWA,51.00,54.00,55.4,t,lite
PC,WLNP-22-4,58537,General Community Waterton Lakes National Park 2021,598,2021-06-03 07:40:00,286110,180,Setophaga graciae,Grace's Warbler,GRWA,60.00,63.00,29.3,t,lite
PC,WLNP-22-4,58537,General Community Waterton Lakes National Park 2021,598,2021-06-03 07:40:00,286110,180,Prinia hodgsonii,,,63.00,66.00,33.2,f,lite
PC,WLNP-22-4,58537,General Community Waterton Lakes National Park 2021,598,2021-06-03 07:40:00,286110,180,Setophaga graciae,Grace's Warbler,GRWA,63.00,66.00,33.2,t,lite
PC,WLNP-22-4,58537,General Community Waterton Lakes National Park 2021,598,2021-06-03 07:40:00,286110,180,Cardellina pusilla,Wilson's Warbler,WIWA,63.00,66.00,50.5,t,lite
PC,WLNP-22-4,58537,General Community Waterton Lakes National Park 2021,598,2021-06-03 07:40:00,286110,180,Setophaga graciae,Grace's Warbler,GRWA,72.00,75.00,37.5,t,lite
PC,WLNP-22-4,58537,General Community Waterton Lakes National Park 2021,598,2021-06-03 07:40:00,286110,180,Prinia hodgsonii,,,72.00,75.00,36.9,f,lite
PC,WLNP-22-4,58537,General Community Waterton Lakes National Park 2021,598,2021-06-03 07:40:00,286110,180,Cardellina pusilla,Wilson's Warbler,WIWA,72.00,75.00,42.1,t,lite
PC,WLNP-22-4,58537,General Community Waterton Lakes National Park 2021,598,2021-06-03 07:40:00,286110,180,Leiothlypis luciae,,,81.00,84.00,25.3,f,lite
PC,WLNP-22-4,58537,General Community Waterton Lakes National Park 2021,598,2021-06-03 07:40:00,286110,180,Prinia hodgsonii,,,84.00,87.00,34.1,f,lite
PC,WLNP-22-4,58537,General Community Waterton Lakes National Park 2021,598,2021-06-03 07:40:00,286110,180,Cardellina pusilla,Wilson's Warbler,WIWA,84.00,87.00,28.6,t,lite
PC,WLNP-22-4,58537,General Community Waterton Lakes National Park 2021,598,2021-06-03 07:40:00,286110,180,Anthus trivialis,Tree Pipit,TRPI,84.00,87.00,28.8,t,lite
PC,WLNP-22-4,58537,General Community Waterton Lakes National Park 2021,598,2021-06-03 07:40:00,286110,180,Cardellina pusilla,Wilson's Warbler,WIWA,93.00,96.00,47.3,t,lite
PC,WLNP-22-4,58537,General Community Waterton Lakes National Park 2021,598,2021-06-03 07:40:00,286110,180,Setophaga graciae,Grace's Warbler,GRWA,93.00,96.00,32.8,t,lite
PC,WLNP-22-4,58537,General Community Waterton Lakes National Park 2021,598,2021-06-03 07:40:00,286110,180,Prinia hodgsonii,,,93.00,96.00,27.7,f,lite
PC,WLNP-22-4,58537,General Community Waterton Lakes National Park 2021,598,2021-06-03 07:40:00,286110,180,Setophaga adelaidae,Adelaide's Warbler,ADWA,102.00,105.00,28.8,t,lite
PC,WLNP-22-4,58537,General Community Waterton Lakes National Park 2021,598,2021-06-03 07:40:00,286110,180,Cardellina pusilla,Wilson's Warbler,WIWA,105.00,108.00,50.9,t,lite
PC,WLNP-22-4,58537,General Community Waterton Lakes National Park 2021,598,2021-06-03 07:40:00,286110,180,Prinia hodgsonii,,,105.00,108.00,33.9,f,lite
PC,WLNP-22-4,58537,General Community Waterton Lakes National Park 2021,598,2021-06-03 07:40:00,286110,180,Prinia hodgsonii,,,114.00,117.00,40.3,f,lite
PC,WLNP-22-4,58537,General Community Waterton Lakes National Park 2021,598,2021-06-03 07:40:00,286110,180,Cardellina pusilla,Wilson's Warbler,WIWA,114.00,117.00,49.9,t,lite
PC,WLNP-22-4,58537,General Community Waterton Lakes National Park 2021,598,2021-06-03 07:40:00,286110,180,Setophaga graciae,Grace's Warbler,GRWA,114.00,117.00,36.9,t,lite
PC,WLNP-22-4,58537,General Community Waterton Lakes National Park 2021,598,2021-06-03 07:40:00,286110,180,Cardellina pusilla,Wilson's Warbler,WIWA,126.00,129.00,32.6,t,lite
PC,WLNP-22-4,58537,General Community Waterton Lakes National Park 2021,598,2021-06-03 07:40:00,286110,180,Setophaga graciae,Grace's Warbler,GRWA,132.00,135.00,36.1,t,lite
PC,WLNP-22-4,58537,General Community Waterton Lakes National Park 2021,598,2021-06-03 07:40:00,286110,180,Cardellina pusilla,Wilson's Warbler,WIWA,132.00,135.00,49.5,t,lite
PC,WLNP-22-4,58537,General Community Waterton Lakes National Park 2021,598,2021-06-03 07:40:00,286110,180,Setophaga graciae,Grace's Warbler,GRWA,141.00,144.00,27.1,t,lite
PC,WLNP-22-4,58537,General Community Waterton Lakes National Park 2021,598,2021-06-03 07:40:00,286110,180,Cardellina pusilla,Wilson's Warbler,WIWA,141.00,144.00,43.2,t,lite
PC,WLNP-22-4,58537,General Community Waterton Lakes National Park 2021,598,2021-06-03 07:40:00,286110,180,Cardellina pusilla,Wilson's Warbler,WIWA,144.00,147.00,34.5,t,lite
PC,WLNP-22-4,58537,General Community Waterton Lakes National Park 2021,598,2021-06-03 07:40:00,286110,180,Basileuterus rufifrons,Rufous-capped Warbler,RCWA,144.00,147.00,26.1,t,lite
PC,WLNP-22-4,58537,General Community Waterton Lakes National Park 2021,598,2021-06-03 07:40:00,286110,180,Cardellina pusilla,Wilson's Warbler,WIWA,153.00,156.00,62.4,t,lite
PC,WLNP-22-4,58537,General Community Waterton Lakes National Park 2021,598,2021-06-03 07:40:00,286110,180,Setophaga graciae,Grace's Warbler,GRWA,153.00,156.00,38.4,t,lite
PC,WLNP-22-4,58537,General Community Waterton Lakes National Park 2021,598,2021-06-03 07:40:00,286110,180,Prinia hodgsonii,,,162.00,165.00,31.1,f,lite
PC,WLNP-22-4,58537,General Community Waterton Lakes National Park 2021,598,2021-06-03 07:40:00,286110,180,Cardellina pusilla,Wilson's Warbler,WIWA,162.00,165.00,33.6,t,lite
PC,WLNP-22-4,58537,General Community Waterton Lakes National Park 2021,598,2021-06-03 07:40:00,286110,180,Prinia hodgsonii,,,171.00,174.00,29.8,f,lite
PC,WLNP-22-4,58537,General Community Waterton Lakes National Park 2021,598,2021-06-03 07:40:00,286110,180,Cardellina pusilla,Wilson's Warbler,WIWA,171.00,174.00,39.4,t,lite
PC,WLNP-22-4,58537,General Community Waterton Lakes National Park 2021,598,2021-06-06 23:20:00,285983,180,*NOT GENERATED/FOUND*,,,,,,f,lite
PC,WLNP-22-4,58537,General Community Waterton Lakes National Park 2021,598,2021-06-07 02:40:00,285948,180,*NOT GENERATED/FOUND*,,,,,,f,lite
PC,WLNP-22-4,58537,General Community Waterton Lakes National Park 2021,598,2021-06-09 05:40:00,286068,180,Piranga ludoviciana,Western Tanager,WETA,0.00,3.00,67.3,t,lite
PC,WLNP-22-4,58537,General Community Waterton Lakes National Park 2021,598,2021-06-09 05:40:00,286068,180,Piranga ludoviciana,Western Tanager,WETA,3.00,6.00,38.8,t,lite
PC,WLNP-22-4,58537,General Community Waterton Lakes National Park 2021,598,2021-06-09 05:40:00,286068,180,Piranga ludoviciana,Western Tanager,WETA,12.00,15.00,56.8,t,lite
PC,WLNP-22-4,58537,General Community Waterton Lakes National Park 2021,598,2021-06-09 05:40:00,286068,180,Piranga ludoviciana,Western Tanager,WETA,21.00,24.00,69.1,t,lite
PC,WLNP-22-4,58537,General Community Waterton Lakes National Park 2021,598,2021-06-09 05:40:00,286068,180,Piranga bidentata,Flame-colored Tanager,FCTA,21.00,24.00,30.1,t,lite
PC,WLNP-22-4,58537,General Community Waterton Lakes National Park 2021,598,2021-06-09 05:40:00,286068,180,Piranga ludoviciana,Western Tanager,WETA,24.00,27.00,42.4,t,lite
PC,WLNP-22-4,58537,General Community Waterton Lakes National Park 2021,598,2021-06-09 05:40:00,286068,180,Piranga bidentata,Flame-colored Tanager,FCTA,24.00,27.00,25.3,t,lite
PC,WLNP-22-4,58537,General Community Waterton Lakes National Park 2021,598,2021-06-09 05:40:00,286068,180,Piranga ludoviciana,Western Tanager,WETA,30.00,33.00,51.2,t,lite
PC,WLNP-22-4,58537,General Community Waterton Lakes National Park 2021,598,2021-06-09 05:40:00,286068,180,Piranga ludoviciana,Western Tanager,WETA,33.00,36.00,53.5,t,lite
PC,WLNP-22-4,58537,General Community Waterton Lakes National Park 2021,598,2021-06-09 05:40:00,286068,180,Piranga ludoviciana,Western Tanager,WETA,42.00,45.00,64.2,t,lite
PC,WLNP-22-4,58537,General Community Waterton Lakes National Park 2021,598,2021-06-09 05:40:00,286068,180,Piranga bidentata,Flame-colored Tanager,FCTA,42.00,45.00,25.5,t,lite
PC,WLNP-22-4,58537,General Community Waterton Lakes National Park 2021,598,2021-06-09 05:40:00,286068,180,Piranga ludoviciana,Western Tanager,WETA,48.00,51.00,62.0,t,lite
PC,WLNP-22-4,58537,General Community Waterton Lakes National Park 2021,598,2021-06-09 05:40:00,286068,180,Piranga bidentata,Flame-colored Tanager,FCTA,48.00,51.00,28.7,t,lite
PC,WLNP-22-4,58537,General Community Waterton Lakes National Park 2021,598,2021-06-09 05:40:00,286068,180,Piranga ludoviciana,Western Tanager,WETA,54.00,57.00,59.6,t,lite
PC,WLNP-22-4,58537,General Community Waterton Lakes National Park 2021,598,2021-06-09 05:40:00,286068,180,Piranga ludoviciana,Western Tanager,WETA,57.00,60.00,39.1,t,lite
PC,WLNP-22-4,58537,General Community Waterton Lakes National Park 2021,598,2021-06-09 05:40:00,286068,180,Piranga ludoviciana,Western Tanager,WETA,66.00,69.00,47.7,t,lite
PC,WLNP-22-4,58537,General Community Waterton Lakes National Park 2021,598,2021-06-09 05:40:00,286068,180,Piranga ludoviciana,Western Tanager,WETA,75.00,78.00,50.2,t,lite
PC,WLNP-22-4,58537,General Community Waterton Lakes National Park 2021,598,2021-06-09 05:40:00,286068,180,Piranga ludoviciana,Western Tanager,WETA,81.00,84.00,25.5,t,lite
PC,WLNP-22-4,58537,General Community Waterton Lakes National Park 2021,598,2021-06-09 05:40:00,286068,180,Piranga bidentata,Flame-colored Tanager,FCTA,84.00,87.00,25.6,t,lite
PC,WLNP-22-4,58537,General Community Waterton Lakes National Park 2021,598,2021-06-09 05:40:00,286068,180,Piranga ludoviciana,Western Tanager,WETA,84.00,87.00,61.6,t,lite
PC,WLNP-22-4,58537,General Community Waterton Lakes National Park 2021,598,2021-06-09 05:40:00,286068,180,Piranga ludoviciana,Western Tanager,WETA,93.00,96.00,47.0,t,lite
PC,WLNP-22-4,58537,General Community Waterton Lakes National Park 2021,598,2021-06-09 05:40:00,286068,180,Piranga ludoviciana,Western Tanager,WETA,99.00,102.00,52.8,t,lite
PC,WLNP-22-4,58537,General Community Waterton Lakes National Park 2021,598,2021-06-09 05:40:00,286068,180,Piranga ludoviciana,Western Tanager,WETA,102.00,105.00,29.8,t,lite
PC,WLNP-22-4,58537,General Community Waterton Lakes National Park 2021,598,2021-06-09 05:40:00,286068,180,Piranga ludoviciana,Western Tanager,WETA,108.00,111.00,69.6,t,lite
PC,WLNP-22-4,58537,General Community Waterton Lakes National Park 2021,598,2021-06-09 05:40:00,286068,180,Piranga ludoviciana,Western Tanager,WETA,117.00,120.00,55.1,t,lite
PC,WLNP-22-4,58537,General Community Waterton Lakes National Park 2021,598,2021-06-09 05:40:00,286068,180,Piranga ludoviciana,Western Tanager,WETA,129.00,132.00,50.0,t,lite
PC,WLNP-22-4,58537,General Community Waterton Lakes National Park 2021,598,2021-06-09 05:40:00,286068,180,Piranga ludoviciana,Western Tanager,WETA,138.00,141.00,64.5,t,lite
PC,WLNP-22-4,58537,General Community Waterton Lakes National Park 2021,598,2021-06-09 05:40:00,286068,180,Oenanthe melanura,,,147.00,150.00,25.0,f,lite
PC,WLNP-22-4,58537,General Community Waterton Lakes National Park 2021,598,2021-06-09 05:40:00,286068,180,Piranga ludoviciana,Western Tanager,WETA,147.00,150.00,34.1,t,lite
PC,WLNP-22-4,58537,General Community Waterton Lakes National Park 2021,598,2021-06-09 05:40:00,286068,180,Piranga ludoviciana,Western Tanager,WETA,150.00,153.00,71.4,t,lite
PC,WLNP-22-4,58537,General Community Waterton Lakes National Park 2021,598,2021-06-09 05:40:00,286068,180,Piranga ludoviciana,Western Tanager,WETA,159.00,162.00,64.2,t,lite
PC,WLNP-22-4,58537,General Community Waterton Lakes National Park 2021,598,2021-06-09 05:40:00,286068,180,Piranga ludoviciana,Western Tanager,WETA,168.00,171.00,49.7,t,lite
PC,WLNP-22-4,58537,General Community Waterton Lakes National Park 2021,598,2021-06-09 05:40:00,286068,180,Piranga ludoviciana,Western Tanager,WETA,174.00,177.00,28.6,t,lite
PC,WLNP-22-4,58537,General Community Waterton Lakes National Park 2021,598,2021-06-09 05:40:00,286068,180,Piranga ludoviciana,Western Tanager,WETA,177.00,180.00,35.1,t,lite
PC,WLNP-22-4,58537,General Community Waterton Lakes National Park 2021,598,2021-06-10 02:40:00,286090,180,*NOT GENERATED/FOUND*,,,,,,f,lite
PC,WLNP-22-4,58537,General Community Waterton Lakes National Park 2021,598,2021-06-14 05:40:00,286087,180,Certhia familiaris,Eurasian Treecreeper,CERFAM,3.00,6.00,47.6,t,lite
PC,WLNP-22-4,58537,General Community Waterton Lakes National Park 2021,598,2021-06-14 05:40:00,286087,180,Certhia americana,Brown Creeper,BRCR,3.00,6.00,46.8,t,lite
PC,WLNP-22-4,58537,General Community Waterton Lakes National Park 2021,598,2021-06-14 05:40:00,286087,180,Piranga ludoviciana,Western Tanager,WETA,18.00,21.00,26.0,t,lite
PC,WLNP-22-4,58537,General Community Waterton Lakes National Park 2021,598,2021-06-14 05:40:00,286087,180,Piranga ludoviciana,Western Tanager,WETA,27.00,30.00,51.8,t,lite
PC,WLNP-22-4,58537,General Community Waterton Lakes National Park 2021,598,2021-06-14 05:40:00,286087,180,Piranga ludoviciana,Western Tanager,WETA,45.00,48.00,65.3,t,lite
PC,WLNP-22-4,58537,General Community Waterton Lakes National Park 2021,598,2021-06-14 05:40:00,286087,180,Cyanoptila cumatilis,,,66.00,69.00,27.9,f,lite
PC,WLNP-22-4,58537,General Community Waterton Lakes National Park 2021,598,2021-06-14 05:40:00,286087,180,Piranga ludoviciana,Western Tanager,WETA,66.00,69.00,60.8,t,lite
PC,WLNP-22-4,58537,General Community Waterton Lakes National Park 2021,598,2021-06-14 05:40:00,286087,180,Piranga ludoviciana,Western Tanager,WETA,84.00,87.00,36.7,t,lite
PC,WLNP-22-5,65232,General Community Waterton Lakes National Park 2021,598,2021-06-01 23:20:00,286011,180,*NOT GENERATED/FOUND*,,,,,,f,lite
PC,WLNP-22-5,65232,General Community Waterton Lakes National Park 2021,598,2021-06-02 04:00:00,286111,180,*NOT GENERATED/FOUND*,,,,,,f,lite
PC,WLNP-22-5,65232,General Community Waterton Lakes National Park 2021,598,2021-06-03 04:40:00,285997,180,*NOT GENERATED/FOUND*,,,,,,f,lite
PC,WLNP-22-5,65232,General Community Waterton Lakes National Park 2021,598,2021-06-04 08:20:00,285935,180,*NOT GENERATED/FOUND*,,,,,,f,lite
PC,WLNP-22-5,65232,General Community Waterton Lakes National Park 2021,598,2021-06-07 04:20:00,286039,180,*NOT GENERATED/FOUND*,,,,,,f,lite
PC,WLNP-22-5,65232,General Community Waterton Lakes National Park 2021,598,2021-06-09 22:00:00,286024,180,*NOT GENERATED/FOUND*,,,,,,f,lite
PC,WLNP-22-5,65232,General Community Waterton Lakes National Park 2021,598,2021-06-10 05:00:00,285945,180,*NOT GENERATED/FOUND*,,,,,,f,lite
PC,WLNP-22-5,65232,General Community Waterton Lakes National Park 2021,598,2021-06-11 05:00:00,286091,180,*NOT GENERATED/FOUND*,,,,,,f,lite
PC,WLNP-22-7,58539,General Community Waterton Lakes National Park 2021,598,2021-06-02 23:00:00,285955,180,*NOT GENERATED/FOUND*,,,,,,f,lite
PC,WLNP-22-7,58539,General Community Waterton Lakes National Park 2021,598,2021-06-06 22:20:00,286064,180,*NOT GENERATED/FOUND*,,,,,,f,lite
PC,WLNP-22-7,58539,General Community Waterton Lakes National Park 2021,598,2021-06-08 02:00:00,285961,180,*NOT GENERATED/FOUND*,,,,,,f,lite
PC,WLNP-22-7,58539,General Community Waterton Lakes National Park 2021,598,2021-06-09 07:00:00,286048,180,*NOT GENERATED/FOUND*,,,,,,f,lite
PC,WLNP-22-7,58539,General Community Waterton Lakes National Park 2021,598,2021-06-10 02:00:00,285976,180,*NOT GENERATED/FOUND*,,,,,,f,lite
PC,WLNP-22-7,58539,General Community Waterton Lakes National Park 2021,598,2021-06-13 04:40:00,286000,180,*NOT GENERATED/FOUND*,,,,,,f,lite
PC,WLNP-22-7,58539,General Community Waterton Lakes National Park 2021,598,2021-06-13 05:20:00,286005,180,Geothlypis tolmiei,MacGillivray's Warbler,MGWA,69.00,72.00,26.1,t,lite
PC,WLNP-22-7,58539,General Community Waterton Lakes National Park 2021,598,2021-06-13 05:20:00,286005,180,Phylloscopus trochiloides,Greenish Warbler,PHYTRO,129.00,132.00,29.1,t,lite
PC,WLNP-22-7,58539,General Community Waterton Lakes National Park 2021,598,2021-06-13 05:20:00,286005,180,Geothlypis tolmiei,MacGillivray's Warbler,MGWA,135.00,138.00,34.9,t,lite
PC,WLNP-22-7,58539,General Community Waterton Lakes National Park 2021,598,2021-06-13 05:20:00,286005,180,Geothlypis philadelphia,Mourning Warbler,MOWA,135.00,138.00,27.8,t,lite
PC,WLNP-22-7,58539,General Community Waterton Lakes National Park 2021,598,2021-06-13 05:20:00,286005,180,Phylloscopus trochiloides,Greenish Warbler,PHYTRO,162.00,165.00,27.2,t,lite
PC,WLNP-22-7,58539,General Community Waterton Lakes National Park 2021,598,2021-06-13 05:20:00,286005,180,Geothlypis tolmiei,MacGillivray's Warbler,MGWA,168.00,171.00,25.4,t,lite
PC,WLNP-22-7,58539,General Community Waterton Lakes National Park 2021,598,2021-06-13 05:20:00,286005,180,Phylloscopus trochiloides,Greenish Warbler,PHYTRO,168.00,171.00,27.4,t,lite
PC,WLNP-22-7,58539,General Community Waterton Lakes National Park 2021,598,2021-06-13 05:20:00,286005,180,Geothlypis tolmiei,MacGillivray's Warbler,MGWA,177.00,180.00,27.4,t,lite
PC,WLNP-22-7,58539,General Community Waterton Lakes National Park 2021,598,2021-06-13 05:20:00,286005,180,Phylloscopus trochiloides,Greenish Warbler,PHYTRO,177.00,180.00,31.8,t,lite
PC,WLNP-22-7,58539,General Community Waterton Lakes National Park 2021,598,2021-06-13 07:20:00,286043,180,Cardellina pusilla,Wilson's Warbler,WIWA,3.00,6.00,36.6,t,lite
PC,WLNP-22-7,58539,General Community Waterton Lakes National Park 2021,598,2021-06-13 07:20:00,286043,180,Cardellina pusilla,Wilson's Warbler,WIWA,15.00,18.00,64.5,t,lite
PC,WLNP-22-7,58539,General Community Waterton Lakes National Park 2021,598,2021-06-13 07:20:00,286043,180,Prinia hodgsonii,,,15.00,18.00,27.1,f,lite
PC,WLNP-22-7,58539,General Community Waterton Lakes National Park 2021,598,2021-06-13 07:20:00,286043,180,Setophaga chrysoparia,Golden-cheeked Warbler,GCWA,21.00,24.00,27.1,t,lite
PC,WLNP-22-7,58539,General Community Waterton Lakes National Park 2021,598,2021-06-13 07:20:00,286043,180,Setophaga virens,Black-throated Green Warbler,BTNW,21.00,24.00,34.3,t,lite
PC,WLNP-22-7,58539,General Community Waterton Lakes National Park 2021,598,2021-06-13 07:20:00,286043,180,Cardellina pusilla,Wilson's Warbler,WIWA,27.00,30.00,66.4,t,lite
PC,WLNP-22-7,58539,General Community Waterton Lakes National Park 2021,598,2021-06-13 07:20:00,286043,180,Setophaga virens,Black-throated Green Warbler,BTNW,33.00,36.00,31.0,t,lite
PC,WLNP-22-7,58539,General Community Waterton Lakes National Park 2021,598,2021-06-13 07:20:00,286043,180,Setophaga pitiayumi,Tropical Parula,TRPA,36.00,39.00,27.9,t,lite
PC,WLNP-22-7,58539,General Community Waterton Lakes National Park 2021,598,2021-06-13 07:20:00,286043,180,Cardellina pusilla,Wilson's Warbler,WIWA,36.00,39.00,63.4,t,lite
PC,WLNP-22-7,58539,General Community Waterton Lakes National Park 2021,598,2021-06-13 07:20:00,286043,180,Cardellina pusilla,Wilson's Warbler,WIWA,39.00,42.00,31.6,t,lite
PC,WLNP-22-7,58539,General Community Waterton Lakes National Park 2021,598,2021-06-13 07:20:00,286043,180,Setophaga townsendi,Townsend's Warbler,TOWA,42.00,45.00,30.5,t,lite
PC,WLNP-22-7,58539,General Community Waterton Lakes National Park 2021,598,2021-06-13 07:20:00,286043,180,Cardellina pusilla,Wilson's Warbler,WIWA,48.00,51.00,66.4,t,lite
PC,WLNP-22-7,58539,General Community Waterton Lakes National Park 2021,598,2021-06-13 07:20:00,286043,180,Prinia hodgsonii,,,48.00,51.00,39.9,f,lite
PC,WLNP-22-7,58539,General Community Waterton Lakes National Park 2021,598,2021-06-13 07:20:00,286043,180,Setophaga virens,Black-throated Green Warbler,BTNW,51.00,54.00,28.4,t,lite
PC,WLNP-22-7,58539,General Community Waterton Lakes National Park 2021,598,2021-06-13 07:20:00,286043,180,Cardellina pusilla,Wilson's Warbler,WIWA,60.00,63.00,59.1,t,lite
PC,WLNP-22-7,58539,General Community Waterton Lakes National Park 2021,598,2021-06-13 07:20:00,286043,180,Prinia hodgsonii,,,72.00,75.00,39.1,f,lite
PC,WLNP-22-7,58539,General Community Waterton Lakes National Park 2021,598,2021-06-13 07:20:00,286043,180,Cardellina pusilla,Wilson's Warbler,WIWA,72.00,75.00,68.8,t,lite
PC,WLNP-22-7,58539,General Community Waterton Lakes National Park 2021,598,2021-06-13 07:20:00,286043,180,Cardellina pusilla,Wilson's Warbler,WIWA,81.00,84.00,69.0,t,lite
PC,WLNP-22-7,58539,General Community Waterton Lakes National Park 2021,598,2021-06-13 07:20:00,286043,180,Cardellina pusilla,Wilson's Warbler,WIWA,93.00,96.00,58.7,t,lite
PC,WLNP-22-7,58539,General Community Waterton Lakes National Park 2021,598,2021-06-13 07:20:00,286043,180,Prinia hodgsonii,,,102.00,105.00,40.2,f,lite
PC,WLNP-22-7,58539,General Community Waterton Lakes National Park 2021,598,2021-06-13 07:20:00,286043,180,Setophaga pitiayumi,Tropical Parula,TRPA,102.00,105.00,26.2,t,lite
PC,WLNP-22-7,58539,General Community Waterton Lakes National Park 2021,598,2021-06-13 07:20:00,286043,180,Cardellina pusilla,Wilson's Warbler,WIWA,102.00,105.00,69.4,t,lite
PC,WLNP-22-7,58539,General Community Waterton Lakes National Park 2021,598,2021-06-13 07:20:00,286043,180,Prinia hodgsonii,,,114.00,117.00,34.8,f,lite
PC,WLNP-22-7,58539,General Community Waterton Lakes National Park 2021,598,2021-06-13 07:20:00,286043,180,Cardellina pusilla,Wilson's Warbler,WIWA,114.00,117.00,52.2,t,lite
PC,WLNP-22-7,58539,General Community Waterton Lakes National Park 2021,598,2021-06-13 07:20:00,286043,180,Cardellina pusilla,Wilson's Warbler,WIWA,123.00,126.00,66.3,t,lite
PC,WLNP-22-7,58539,General Community Waterton Lakes National Park 2021,598,2021-06-13 07:20:00,286043,180,Prinia hodgsonii,,,123.00,126.00,29.7,f,lite
PC,WLNP-22-7,58539,General Community Waterton Lakes National Park 2021,598,2021-06-13 07:20:00,286043,180,Cardellina pusilla,Wilson's Warbler,WIWA,135.00,138.00,63.6,t,lite
PC,WLNP-22-7,58539,General Community Waterton Lakes National Park 2021,598,2021-06-13 07:20:00,286043,180,Prinia hodgsonii,,,135.00,138.00,48.0,f,lite
PC,WLNP-22-7,58539,General Community Waterton Lakes National Park 2021,598,2021-06-13 07:20:00,286043,180,Prinia hodgsonii,,,147.00,150.00,37.0,f,lite
PC,WLNP-22-7,58539,General Community Waterton Lakes National Park 2021,598,2021-06-13 07:20:00,286043,180,Cardellina pusilla,Wilson's Warbler,WIWA,147.00,150.00,60.7,t,lite
PC,WLNP-22-7,58539,General Community Waterton Lakes National Park 2021,598,2021-06-13 07:20:00,286043,180,Cardellina pusilla,Wilson's Warbler,WIWA,156.00,159.00,56.4,t,lite
PC,WLNP-22-7,58539,General Community Waterton Lakes National Park 2021,598,2021-06-13 07:20:00,286043,180,Prinia hodgsonii,,,156.00,159.00,32.1,f,lite
PC,WLNP-22-7,58539,General Community Waterton Lakes National Park 2021,598,2021-06-13 07:20:00,286043,180,Setophaga pitiayumi,Tropical Parula,TRPA,156.00,159.00,26.5,t,lite
PC,WLNP-22-7,58539,General Community Waterton Lakes National Park 2021,598,2021-06-13 07:20:00,286043,180,Prinia hodgsonii,,,168.00,171.00,32.8,f,lite
PC,WLNP-22-7,58539,General Community Waterton Lakes National Park 2021,598,2021-06-13 07:20:00,286043,180,Cardellina pusilla,Wilson's Warbler,WIWA,168.00,171.00,66.8,t,lite
PC,WLNP-22-7,58539,General Community Waterton Lakes National Park 2021,598,2021-06-13 07:20:00,286043,180,Cardellina pusilla,Wilson's Warbler,WIWA,177.00,180.00,55.5,t,lite
PC,WLNP-22-7,58539,General Community Waterton Lakes National Park 2021,598,2021-06-13 07:20:00,286043,180,Setophaga pitiayumi,Tropical Parula,TRPA,177.00,180.00,28.2,t,lite
PC,WLNP-22-9,58541,General Community Waterton Lakes National Park 2021,598,2021-05-31 07:20:00,286066,180,*NOT GENERATED/FOUND*,,,,,,f,lite
PC,WLNP-22-9,58541,General Community Waterton Lakes National Park 2021,598,2021-05-31 23:00:00,285980,180,*NOT GENERATED/FOUND*,,,,,,f,lite
PC,WLNP-22-9,58541,General Community Waterton Lakes National Park 2021,598,2021-06-02 08:40:00,285972,180,*NOT GENERATED/FOUND*,,,,,,f,lite
PC,WLNP-22-9,58541,General Community Waterton Lakes National Park 2021,598,2021-06-03 07:20:00,286007,180,Setophaga townsendi,Townsend's Warbler,TOWA,123.00,126.00,26.8,t,lite
PC,WLNP-22-9,58541,General Community Waterton Lakes National Park 2021,598,2021-06-03 22:00:00,286023,180,*NOT GENERATED/FOUND*,,,,,,f,lite
PC,WLNP-22-9,58541,General Community Waterton Lakes National Park 2021,598,2021-06-06 04:20:00,286059,180,*NOT GENERATED/FOUND*,,,,,,f,lite
PC,WLNP-22-9,58541,General Community Waterton Lakes National Park 2021,598,2021-06-10 06:20:00,286008,180,Certhia familiaris,Eurasian Treecreeper,CERFAM,51.00,54.00,25.0,t,lite
PC,WLNP-22-9,58541,General Community Waterton Lakes National Park 2021,598,2021-06-10 06:20:00,286008,180,Certhia familiaris,Eurasian Treecreeper,CERFAM,54.00,57.00,27.1,t,lite
PC,WLNP-22-9,58541,General Community Waterton Lakes National Park 2021,598,2021-06-12 22:40:00,286105,180,*NOT GENERATED/FOUND*,,,,,,f,lite
PC,WLNP-2-3,846,General Community Waterton Lakes National Park 2021,598,2021-06-02 22:40:00,285728,180,*NOT GENERATED/FOUND*,,,,,,f,lite
PC,WLNP-2-3,846,General Community Waterton Lakes National Park 2021,598,2021-06-04 07:20:00,285748,180,Pyrrhula nipalensis,,,42.00,45.00,29.6,f,lite
PC,WLNP-2-3,846,General Community Waterton Lakes National Park 2021,598,2021-06-04 07:20:00,285748,180,Troglodytes aedon,House Wren,HOWR,150.00,153.00,33.4,t,lite
PC,WLNP-2-3,846,General Community Waterton Lakes National Park 2021,598,2021-06-04 07:20:00,285748,180,Tarsiger cyanurus,Red-flanked Bluetail,RFBL,159.00,162.00,26.3,t,lite
PC,WLNP-2-3,846,General Community Waterton Lakes National Park 2021,598,2021-06-06 05:00:00,285707,180,*NOT GENERATED/FOUND*,,,,,,f,lite
PC,WLNP-2-3,846,General Community Waterton Lakes National Park 2021,598,2021-06-07 06:00:00,285679,180,Dryobates villosus,Hairy Woodpecker,HAWO,123.00,126.00,44.4,t,lite
PC,WLNP-2-3,846,General Community Waterton Lakes National Park 2021,598,2021-06-07 06:00:00,285679,180,Dryobates villosus,Hairy Woodpecker,HAWO,132.00,135.00,87.3,t,lite
PC,WLNP-2-3,846,General Community Waterton Lakes National Park 2021,598,2021-06-08 02:20:00,285719,180,*NOT GENERATED/FOUND*,,,,,,f,lite
PC,WLNP-2-3,846,General Community Waterton Lakes National Park 2021,598,2021-06-08 22:00:00,285659,180,*NOT GENERATED/FOUND*,,,,,,f,lite
PC,WLNP-2-3,846,General Community Waterton Lakes National Park 2021,598,2021-06-09 06:20:00,285708,180,Geothlypis tolmiei,MacGillivray's Warbler,MGWA,78.00,81.00,27.2,t,lite
PC,WLNP-2-3,846,General Community Waterton Lakes National Park 2021,598,2021-06-09 06:20:00,285708,180,Geothlypis tolmiei,MacGillivray's Warbler,MGWA,84.00,87.00,27.0,t,lite
PC,WLNP-2-3,846,General Community Waterton Lakes National Park 2021,598,2021-06-09 06:20:00,285708,180,Geothlypis tolmiei,MacGillivray's Warbler,MGWA,96.00,99.00,25.7,t,lite
PC,WLNP-2-3,846,General Community Waterton Lakes National Park 2021,598,2021-06-09 06:20:00,285708,180,Geothlypis tolmiei,MacGillivray's Warbler,MGWA,120.00,123.00,38.2,t,lite
PC,WLNP-2-3,846,General Community Waterton Lakes National Park 2021,598,2021-06-09 06:20:00,285708,180,Geothlypis tolmiei,MacGillivray's Warbler,MGWA,126.00,129.00,26.8,t,lite
PC,WLNP-2-3,846,General Community Waterton Lakes National Park 2021,598,2021-06-09 06:20:00,285708,180,Catamenia homochroa,,,129.00,132.00,33.1,f,lite
PC,WLNP-2-3,846,General Community Waterton Lakes National Park 2021,598,2021-06-09 06:20:00,285708,180,Xanthomixis zosterops,,,141.00,144.00,28.9,f,lite
PC,WLNP-2-3,846,General Community Waterton Lakes National Park 2021,598,2021-06-09 06:20:00,285708,180,Urosphena squameiceps,,,141.00,144.00,29.4,f,lite
PC,WLNP-2-3,846,General Community Waterton Lakes National Park 2021,598,2021-06-09 06:20:00,285708,180,Zonotrichia leucophrys,White-crowned Sparrow,WCSP,144.00,147.00,32.9,t,lite
PC,WLNP-2-3,846,General Community Waterton Lakes National Park 2021,598,2021-06-11 08:40:00,285736,180,Pyrrhula erythaca,,,3.00,6.00,27.5,f,lite
PC,WLNP-2-3,846,General Community Waterton Lakes National Park 2021,598,2021-06-11 08:40:00,285736,180,Incaspiza ortizi,,,36.00,39.00,41.9,f,lite
PC,WLNP-2-3,846,General Community Waterton Lakes National Park 2021,598,2021-06-11 08:40:00,285736,180,Molothrus ater,Brown-headed Cowbird,BHCO,36.00,39.00,40.6,t,lite
PC,WLNP-2-4,859,General Community Waterton Lakes National Park 2021,598,2021-05-31 02:00:00,285657,180,*NOT GENERATED/FOUND*,,,,,,f,lite
PC,WLNP-2-4,859,General Community Waterton Lakes National Park 2021,598,2021-06-04 22:40:00,285704,180,*NOT GENERATED/FOUND*,,,,,,f,lite
PC,WLNP-2-4,859,General Community Waterton Lakes National Park 2021,598,2021-06-07 08:00:00,285766,180,*NOT GENERATED/FOUND*,,,,,,f,lite
PC,WLNP-2-4,859,General Community Waterton Lakes National Park 2021,598,2021-06-08 05:00:00,285661,180,*NOT GENERATED/FOUND*,,,,,,f,lite
PC,WLNP-2-4,859,General Community Waterton Lakes National Park 2021,598,2021-06-08 23:40:00,285674,180,*NOT GENERATED/FOUND*,,,,,,f,lite
PC,WLNP-2-4,859,General Community Waterton Lakes National Park 2021,598,2021-06-10 02:00:00,285745,180,*NOT GENERATED/FOUND*,,,,,,f,lite
PC,WLNP-2-4,859,General Community Waterton Lakes National Park 2021,598,2021-06-12 07:20:00,285742,180,*NOT GENERATED/FOUND*,,,,,,f,lite
PC,WLNP-2-4,859,General Community Waterton Lakes National Park 2021,598,2021-06-14 07:20:00,285658,180,Setophaga pensylvanica,Chestnut-sided Warbler,CSWA,159.00,162.00,28.0,t,lite
PC,WLNP-2-4,859,General Community Waterton Lakes National Park 2021,598,2021-06-14 07:20:00,285658,180,Phylloscopus umbrovirens,,,162.00,165.00,28.6,f,lite
PC,WLNP-2-4,859,General Community Waterton Lakes National Park 2021,598,2021-06-14 07:20:00,285658,180,Sericornis papuensis,,,162.00,165.00,44.8,f,lite
PC,WLNP-2-4,859,General Community Waterton Lakes National Park 2021,598,2021-06-14 07:20:00,285658,180,Sericornis papuensis,,,177.00,180.00,47.5,f,lite
PC,WLNP-2-5,847,General Community Waterton Lakes National Park 2021,598,2021-06-01 22:40:00,285731,180,*NOT GENERATED/FOUND*,,,,,,f,lite
PC,WLNP-2-5,847,General Community Waterton Lakes National Park 2021,598,2021-06-02 02:20:00,285741,180,*NOT GENERATED/FOUND*,,,,,,f,lite
PC,WLNP-2-5,847,General Community Waterton Lakes National Park 2021,598,2021-06-02 02:40:00,285733,180,*NOT GENERATED/FOUND*,,,,,,f,lite
PC,WLNP-2-5,847,General Community Waterton Lakes National Park 2021,598,2021-06-02 08:00:00,285678,180,Emberiza cirlus,Cirl Bunting,EMBCIR,120.00,123.00,30.5,t,lite
PC,WLNP-2-5,847,General Community Waterton Lakes National Park 2021,598,2021-06-02 08:00:00,285678,180,Emberiza cirlus,Cirl Bunting,EMBCIR,126.00,129.00,26.7,t,lite
PC,WLNP-2-5,847,General Community Waterton Lakes National Park 2021,598,2021-06-02 08:00:00,285678,180,Emberiza cirlus,Cirl Bunting,EMBCIR,168.00,171.00,26.9,t,lite
PC,WLNP-2-5,847,General Community Waterton Lakes National Park 2021,598,2021-06-02 08:40:00,285703,180,Emberiza cirlus,Cirl Bunting,EMBCIR,3.00,6.00,47.9,t,lite
PC,WLNP-2-5,847,General Community Waterton Lakes National Park 2021,598,2021-06-02 08:40:00,285703,180,Junco hyemalis,Dark-eyed Junco,DEJU,3.00,6.00,30.2,t,lite
PC,WLNP-2-5,847,General Community Waterton Lakes National Park 2021,598,2021-06-02 08:40:00,285703,180,Junco hyemalis,Dark-eyed Junco,DEJU,9.00,12.00,25.4,t,lite
PC,WLNP-2-5,847,General Community Waterton Lakes National Park 2021,598,2021-06-02 08:40:00,285703,180,Emberiza cirlus,Cirl Bunting,EMBCIR,9.00,12.00,37.8,t,lite
PC,WLNP-2-5,847,General Community Waterton Lakes National Park 2021,598,2021-06-02 08:40:00,285703,180,Emberiza cirlus,Cirl Bunting,EMBCIR,15.00,18.00,32.1,t,lite
PC,WLNP-2-5,847,General Community Waterton Lakes National Park 2021,598,2021-06-02 08:40:00,285703,180,Emberiza cirlus,Cirl Bunting,EMBCIR,24.00,27.00,29.8,t,lite
PC,WLNP-2-5,847,General Community Waterton Lakes National Park 2021,598,2021-06-02 08:40:00,285703,180,Emberiza cirlus,Cirl Bunting,EMBCIR,30.00,33.00,25.7,t,lite
PC,WLNP-2-5,847,General Community Waterton Lakes National Park 2021,598,2021-06-02 08:40:00,285703,180,Emberiza cirlus,Cirl Bunting,EMBCIR,45.00,48.00,31.3,t,lite
PC,WLNP-2-5,847,General Community Waterton Lakes National Park 2021,598,2021-06-02 08:40:00,285703,180,Vireo gilvus,Warbling Vireo,WAVI,120.00,123.00,43.8,t,lite
PC,WLNP-2-5,847,General Community Waterton Lakes National Park 2021,598,2021-06-02 08:40:00,285703,180,Iodopleura pipra,,,141.00,144.00,25.2,f,lite
PC,WLNP-2-5,847,General Community Waterton Lakes National Park 2021,598,2021-06-09 23:00:00,285672,180,*NOT GENERATED/FOUND*,,,,,,f,lite
PC,WLNP-2-5,847,General Community Waterton Lakes National Park 2021,598,2021-06-12 07:20:00,285696,180,Emberiza cirlus,Cirl Bunting,EMBCIR,9.00,12.00,27.3,t,lite
PC,WLNP-2-5,847,General Community Waterton Lakes National Park 2021,598,2021-06-12 07:20:00,285696,180,Emberiza cirlus,Cirl Bunting,EMBCIR,15.00,18.00,27.2,t,lite
PC,WLNP-2-5,847,General Community Waterton Lakes National Park 2021,598,2021-06-12 07:20:00,285696,180,Emberiza cirlus,Cirl Bunting,EMBCIR,21.00,24.00,37.5,t,lite
PC,WLNP-2-5,847,General Community Waterton Lakes National Park 2021,598,2021-06-12 07:20:00,285696,180,Emberiza cirlus,Cirl Bunting,EMBCIR,33.00,36.00,35.7,t,lite
PC,WLNP-2-5,847,General Community Waterton Lakes National Park 2021,598,2021-06-12 07:20:00,285696,180,Emberiza cirlus,Cirl Bunting,EMBCIR,39.00,42.00,36.4,t,lite
PC,WLNP-2-5,847,General Community Waterton Lakes National Park 2021,598,2021-06-12 07:20:00,285696,180,Emberiza cirlus,Cirl Bunting,EMBCIR,45.00,48.00,25.3,t,lite
PC,WLNP-2-5,847,General Community Waterton Lakes National Park 2021,598,2021-06-12 07:20:00,285696,180,Emberiza cirlus,Cirl Bunting,EMBCIR,48.00,51.00,26.4,t,lite
PC,WLNP-2-5,847,General Community Waterton Lakes National Park 2021,598,2021-06-12 07:20:00,285696,180,Emberiza cirlus,Cirl Bunting,EMBCIR,54.00,57.00,44.2,t,lite
PC,WLNP-2-5,847,General Community Waterton Lakes National Park 2021,598,2021-06-12 07:20:00,285696,180,Emberiza cirlus,Cirl Bunting,EMBCIR,93.00,96.00,25.7,t,lite
PC,WLNP-2-5,847,General Community Waterton Lakes National Park 2021,598,2021-06-12 07:20:00,285696,180,Zonotrichia leucophrys,White-crowned Sparrow,WCSP,165.00,168.00,31.6,t,lite
PC,WLNP-2-5,847,General Community Waterton Lakes National Park 2021,598,2021-06-12 07:20:00,285696,180,Cinclodes oustaleti,,,165.00,168.00,30.9,f,lite
PC,WLNP-2-5,847,General Community Waterton Lakes National Park 2021,598,2021-06-12 07:20:00,285696,180,Cinclodes oustaleti,,,171.00,174.00,25.1,f,lite
PC,WLNP-2-5,847,General Community Waterton Lakes National Park 2021,598,2021-06-13 23:00:00,285654,180,*NOT GENERATED/FOUND*,,,,,,f,lite
PC,WLNP-6-1,861,General Community Waterton Lakes National Park 2021,598,2021-06-01 06:20:00,285954,180,Sialia currucoides,Mountain Bluebird,MOBL,12.00,15.00,26.1,t,lite
PC,WLNP-6-1,861,General Community Waterton Lakes National Park 2021,598,2021-06-01 06:20:00,285954,180,Sialia currucoides,Mountain Bluebird,MOBL,15.00,18.00,39.5,t,lite
PC,WLNP-6-1,861,General Community Waterton Lakes National Park 2021,598,2021-06-01 06:20:00,285954,180,Chlorocharis emiliae,,,15.00,18.00,25.2,f,lite
PC,WLNP-6-1,861,General Community Waterton Lakes National Park 2021,598,2021-06-01 06:20:00,285954,180,Sialia currucoides,Mountain Bluebird,MOBL,18.00,21.00,83.1,t,lite
PC,WLNP-6-1,861,General Community Waterton Lakes National Park 2021,598,2021-06-01 06:20:00,285954,180,Sialia currucoides,Mountain Bluebird,MOBL,21.00,24.00,80.3,t,lite
PC,WLNP-6-1,861,General Community Waterton Lakes National Park 2021,598,2021-06-01 06:20:00,285954,180,Sialia currucoides,Mountain Bluebird,MOBL,24.00,27.00,74.2,t,lite
PC,WLNP-6-1,861,General Community Waterton Lakes National Park 2021,598,2021-06-01 06:20:00,285954,180,Myiotheretes pernix,,,24.00,27.00,25.3,f,lite
PC,WLNP-6-1,861,General Community Waterton Lakes National Park 2021,598,2021-06-01 06:20:00,285954,180,Sialia currucoides,Mountain Bluebird,MOBL,27.00,30.00,77.2,t,lite
PC,WLNP-6-1,861,General Community Waterton Lakes National Park 2021,598,2021-06-01 06:20:00,285954,180,Sialia currucoides,Mountain Bluebird,MOBL,30.00,33.00,75.0,t,lite
PC,WLNP-6-1,861,General Community Waterton Lakes National Park 2021,598,2021-06-01 06:20:00,285954,180,Sialia currucoides,Mountain Bluebird,MOBL,33.00,36.00,25.9,t,lite
PC,WLNP-6-1,861,General Community Waterton Lakes National Park 2021,598,2021-06-03 06:20:00,285998,180,*NOT GENERATED/FOUND*,,,,,,f,lite
PC,WLNP-6-1,861,General Community Waterton Lakes National Park 2021,598,2021-06-05 02:00:00,286041,180,*NOT GENERATED/FOUND*,,,,,,f,lite
PC,WLNP-6-1,861,General Community Waterton Lakes National Park 2021,598,2021-06-05 02:20:00,286019,180,*NOT GENERATED/FOUND*,,,,,,f,lite
PC,WLNP-6-1,861,General Community Waterton Lakes National Park 2021,598,2021-06-07 07:00:00,286020,180,*NOT GENERATED/FOUND*,,,,,,f,lite
PC,WLNP-6-1,861,General Community Waterton Lakes National Park 2021,598,2021-06-07 08:00:00,285960,180,Malurus leucopterus,,,3.00,6.00,25.5,f,lite
PC,WLNP-6-1,861,General Community Waterton Lakes National Park 2021,598,2021-06-08 06:20:00,285975,180,*NOT GENERATED/FOUND*,,,,,,f,lite
PC,WLNP-6-1,861,General Community Waterton Lakes National Park 2021,598,2021-06-09 08:20:00,286001,180,*NOT GENERATED/FOUND*,,,,,,f,lite
PC,WLNP-6-2,875,General Community Waterton Lakes National Park 2021,598,2021-06-03 08:00:00,286099,180,*NOT GENERATED/FOUND*,,,,,,f,lite
PC,WLNP-6-2,875,General Community Waterton Lakes National Park 2021,598,2021-06-04 08:00:00,286088,180,*NOT GENERATED/FOUND*,,,,,,f,lite
PC,WLNP-6-2,875,General Community Waterton Lakes National Park 2021,598,2021-06-04 08:40:00,286028,180,*NOT GENERATED/FOUND*,,,,,,f,lite
PC,WLNP-6-2,875,General Community Waterton Lakes National Park 2021,598,2021-06-05 07:40:00,286077,180,*NOT GENERATED/FOUND*,,,,,,f,lite
PC,WLNP-6-2,875,General Community Waterton Lakes National Park 2021,598,2021-06-07 02:20:00,286027,180,*NOT GENERATED/FOUND*,,,,,,f,lite
PC,WLNP-6-2,875,General Community Waterton Lakes National Park 2021,598,2021-06-07 04:00:00,286014,180,*NOT GENERATED/FOUND*,,,,,,f,lite
PC,WLNP-6-2,875,General Community Waterton Lakes National Park 2021,598,2021-06-07 23:20:00,285987,180,*NOT GENERATED/FOUND*,,,,,,f,lite
PC,WLNP-6-2,875,General Community Waterton Lakes National Park 2021,598,2021-06-09 08:40:00,285984,180,*NOT GENERATED/FOUND*,,,,,,f,lite
PC,WLNP-6-3,876,General Community Waterton Lakes National Park 2021,598,2021-06-01 05:40:00,285965,180,Tarsiger cyanurus,Red-flanked Bluetail,RFBL,18.00,21.00,30.3,t,lite
PC,WLNP-6-3,876,General Community Waterton Lakes National Park 2021,598,2021-06-01 05:40:00,285965,180,Haemorhous purpureus,Purple Finch,PUFI,18.00,21.00,28.5,t,lite
PC,WLNP-6-3,876,General Community Waterton Lakes National Park 2021,598,2021-06-01 05:40:00,285965,180,Haemorhous cassinii,Cassin's Finch,CAFI,18.00,21.00,41.7,t,lite
PC,WLNP-6-3,876,General Community Waterton Lakes National Park 2021,598,2021-06-01 05:40:00,285965,180,Tarsiger cyanurus,Red-flanked Bluetail,RFBL,30.00,33.00,25.1,t,lite
PC,WLNP-6-3,876,General Community Waterton Lakes National Park 2021,598,2021-06-02 05:00:00,286082,180,Turdus viscivorus,Mistle Thrush,MITH,0.00,3.00,27.6,t,lite
PC,WLNP-6-3,876,General Community Waterton Lakes National Park 2021,598,2021-06-02 05:00:00,286082,180,Turdus migratorius,American Robin,AMRO,3.00,6.00,32.2,t,lite
PC,WLNP-6-3,876,General Community Waterton Lakes National Park 2021,598,2021-06-02 05:00:00,286082,180,Turdus amaurochalinus,,,3.00,6.00,29.7,f,lite
PC,WLNP-6-3,876,General Community Waterton Lakes National Park 2021,598,2021-06-02 05:00:00,286082,180,Turdus amaurochalinus,,,6.00,9.00,44.8,f,lite
PC,WLNP-6-3,876,General Community Waterton Lakes National Park 2021,598,2021-06-02 05:00:00,286082,180,Turdus ignobilis,,,6.00,9.00,25.9,f,lite
PC,WLNP-6-3,876,General Community Waterton Lakes National Park 2021,598,2021-06-02 05:00:00,286082,180,Turdus migratorius,American Robin,AMRO,6.00,9.00,59.4,t,lite
PC,WLNP-6-3,876,General Community Waterton Lakes National Park 2021,598,2021-06-02 05:00:00,286082,180,Turdus boulboul,,,9.00,12.00,27.2,f,lite
PC,WLNP-6-3,876,General Community Waterton Lakes National Park 2021,598,2021-06-02 05:00:00,286082,180,Turdus migratorius,American Robin,AMRO,9.00,12.00,28.3,t,lite
PC,WLNP-6-3,876,General Community Waterton Lakes National Park 2021,598,2021-06-02 05:00:00,286082,180,Turdus viscivorus,Mistle Thrush,MITH,9.00,12.00,58.7,t,lite
PC,WLNP-6-3,876,General Community Waterton Lakes National Park 2021,598,2021-06-02 05:00:00,286082,180,Turdus fuscater,,,9.00,12.00,40.4,f,lite
PC,WLNP-6-3,876,General Community Waterton Lakes National Park 2021,598,2021-06-02 05:00:00,286082,180,Turdus migratorius,American Robin,AMRO,12.00,15.00,53.7,t,lite
PC,WLNP-6-3,876,General Community Waterton Lakes National Park 2021,598,2021-06-02 05:00:00,286082,180,Turdus amaurochalinus,,,12.00,15.00,60.9,f,lite
PC,WLNP-6-3,876,General Community Waterton Lakes National Park 2021,598,2021-06-02 05:00:00,286082,180,Turdus amaurochalinus,,,15.00,18.00,31.3,f,lite
PC,WLNP-6-3,876,General Community Waterton Lakes National Park 2021,598,2021-06-02 05:00:00,286082,180,Turdus migratorius,American Robin,AMRO,15.00,18.00,35.5,t,lite
PC,WLNP-6-3,876,General Community Waterton Lakes National Park 2021,598,2021-06-02 05:00:00,286082,180,Turdus amaurochalinus,,,18.00,21.00,46.1,f,lite
PC,WLNP-6-3,876,General Community Waterton Lakes National Park 2021,598,2021-06-02 05:00:00,286082,180,Turdus migratorius,American Robin,AMRO,18.00,21.00,28.0,t,lite
PC,WLNP-6-3,876,General Community Waterton Lakes National Park 2021,598,2021-06-02 05:00:00,286082,180,Turdus amaurochalinus,,,21.00,24.00,36.1,f,lite
PC,WLNP-6-3,876,General Community Waterton Lakes National Park 2021,598,2021-06-02 05:00:00,286082,180,Turdus ignobilis,,,21.00,24.00,33.0,f,lite
PC,WLNP-6-3,876,General Community Waterton Lakes National Park 2021,598,2021-06-02 05:00:00,286082,180,Turdus pelios,,,21.00,24.00,31.7,f,lite
PC,WLNP-6-3,876,General Community Waterton Lakes National Park 2021,598,2021-06-02 05:00:00,286082,180,Turdus migratorius,American Robin,AMRO,21.00,24.00,50.5,t,lite
PC,WLNP-6-3,876,General Community Waterton Lakes National Park 2021,598,2021-06-02 05:00:00,286082,180,Turdus pelios,,,24.00,27.00,27.8,f,lite
PC,WLNP-6-3,876,General Community Waterton Lakes National Park 2021,598,2021-06-02 05:00:00,286082,180,Turdus migratorius,American Robin,AMRO,24.00,27.00,33.7,t,lite
PC,WLNP-6-3,876,General Community Waterton Lakes National Park 2021,598,2021-06-02 05:00:00,286082,180,Turdus amaurochalinus,,,24.00,27.00,29.8,f,lite
PC,WLNP-6-3,876,General Community Waterton Lakes National Park 2021,598,2021-06-02 05:00:00,286082,180,Turdus migratorius,American Robin,AMRO,27.00,30.00,32.3,t,lite
PC,WLNP-6-3,876,General Community Waterton Lakes National Park 2021,598,2021-06-02 05:00:00,286082,180,Turdus amaurochalinus,,,27.00,30.00,31.9,f,lite
PC,WLNP-6-3,876,General Community Waterton Lakes National Park 2021,598,2021-06-02 05:00:00,286082,180,Turdus amaurochalinus,,,30.00,33.00,32.8,f,lite
PC,WLNP-6-3,876,General Community Waterton Lakes National Park 2021,598,2021-06-02 05:00:00,286082,180,Turdus migratorius,American Robin,AMRO,36.00,39.00,34.6,t,lite
PC,WLNP-6-3,876,General Community Waterton Lakes National Park 2021,598,2021-06-02 05:00:00,286082,180,Turdus amaurochalinus,,,36.00,39.00,26.0,f,lite
PC,WLNP-6-3,876,General Community Waterton Lakes National Park 2021,598,2021-06-02 05:00:00,286082,180,Turdus amaurochalinus,,,39.00,42.00,47.2,f,lite
PC,WLNP-6-3,876,General Community Waterton Lakes National Park 2021,598,2021-06-02 05:00:00,286082,180,Turdus migratorius,American Robin,AMRO,39.00,42.00,39.7,t,lite
PC,WLNP-6-3,876,General Community Waterton Lakes National Park 2021,598,2021-06-02 05:00:00,286082,180,Turdus amaurochalinus,,,42.00,45.00,28.1,f,lite
PC,WLNP-6-3,876,General Community Waterton Lakes National Park 2021,598,2021-06-02 05:00:00,286082,180,Turdus migratorius,American Robin,AMRO,48.00,51.00,44.5,t,lite
PC,WLNP-6-3,876,General Community Waterton Lakes National Park 2021,598,2021-06-02 05:00:00,286082,180,Turdus migratorius,American Robin,AMRO,51.00,54.00,50.3,t,lite
PC,WLNP-6-3,876,General Community Waterton Lakes National Park 2021,598,2021-06-02 05:00:00,286082,180,Turdus migratorius,American Robin,AMRO,54.00,57.00,34.4,t,lite
PC,WLNP-6-3,876,General Community Waterton Lakes National Park 2021,598,2021-06-02 05:00:00,286082,180,Turdus pallidus,,,54.00,57.00,26.6,f,lite
PC,WLNP-6-3,876,General Community Waterton Lakes National Park 2021,598,2021-06-02 05:00:00,286082,180,Turdus migratorius,American Robin,AMRO,57.00,60.00,27.3,t,lite
PC,WLNP-6-3,876,General Community Waterton Lakes National Park 2021,598,2021-06-02 05:00:00,286082,180,Sialia sialis,Eastern Bluebird,EABL,57.00,60.00,32.1,t,lite
PC,WLNP-6-3,876,General Community Waterton Lakes National Park 2021,598,2021-06-02 05:00:00,286082,180,Turdus amaurochalinus,,,57.00,60.00,28.6,f,lite
PC,WLNP-6-3,876,General Community Waterton Lakes National Park 2021,598,2021-06-02 05:00:00,286082,180,Turdus amaurochalinus,,,60.00,63.00,37.1,f,lite
PC,WLNP-6-3,876,General Community Waterton Lakes National Park 2021,598,2021-06-02 05:00:00,286082,180,Turdus pallidus,,,60.00,63.00,26.6,f,lite
PC,WLNP-6-3,876,General Community Waterton Lakes National Park 2021,598,2021-06-02 05:00:00,286082,180,Turdus migratorius,American Robin,AMRO,60.00,63.00,43.6,t,lite
PC,WLNP-6-3,876,General Community Waterton Lakes National Park 2021,598,2021-06-02 05:00:00,286082,180,Turdus migratorius,American Robin,AMRO,63.00,66.00,48.3,t,lite
PC,WLNP-6-3,876,General Community Waterton Lakes National Park 2021,598,2021-06-02 05:00:00,286082,180,Turdus amaurochalinus,,,63.00,66.00,34.2,f,lite
PC,WLNP-6-3,876,General Community Waterton Lakes National Park 2021,598,2021-06-02 05:00:00,286082,180,Turdus migratorius,American Robin,AMRO,66.00,69.00,38.8,t,lite
PC,WLNP-6-3,876,General Community Waterton Lakes National Park 2021,598,2021-06-02 05:00:00,286082,180,Turdus amaurochalinus,,,72.00,75.00,25.4,f,lite
PC,WLNP-6-3,876,General Community Waterton Lakes National Park 2021,598,2021-06-02 05:00:00,286082,180,Turdus migratorius,American Robin,AMRO,72.00,75.00,45.2,t,lite
PC,WLNP-6-3,876,General Community Waterton Lakes National Park 2021,598,2021-06-02 05:00:00,286082,180,Turdus grayi,Clay-colored Thrush,CCTH,75.00,78.00,25.2,t,lite
PC,WLNP-6-3,876,General Community Waterton Lakes National Park 2021,598,2021-06-02 05:00:00,286082,180,Turdus migratorius,American Robin,AMRO,75.00,78.00,34.5,t,lite
PC,WLNP-6-3,876,General Community Waterton Lakes National Park 2021,598,2021-06-02 05:00:00,286082,180,Turdus amaurochalinus,,,75.00,78.00,35.4,f,lite
PC,WLNP-6-3,876,General Community Waterton Lakes National Park 2021,598,2021-06-02 05:00:00,286082,180,Turdus migratorius,American Robin,AMRO,78.00,81.00,49.8,t,lite
PC,WLNP-6-3,876,General Community Waterton Lakes National Park 2021,598,2021-06-02 05:00:00,286082,180,Turdus amaurochalinus,,,78.00,81.00,31.3,f,lite
PC,WLNP-6-3,876,General Community Waterton Lakes National Park 2021,598,2021-06-02 05:00:00,286082,180,Turdus migratorius,American Robin,AMRO,81.00,84.00,42.3,t,lite
PC,WLNP-6-3,876,General Community Waterton Lakes National Park 2021,598,2021-06-02 05:00:00,286082,180,Turdus amaurochalinus,,,84.00,87.00,26.9,f,lite
PC,WLNP-6-3,876,General Community Waterton Lakes National Park 2021,598,2021-06-02 05:00:00,286082,180,Turdus migratorius,American Robin,AMRO,84.00,87.00,38.2,t,lite
PC,WLNP-6-3,876,General Community Waterton Lakes National Park 2021,598,2021-06-02 05:00:00,286082,180,Turdus amaurochalinus,,,87.00,90.00,25.7,f,lite
PC,WLNP-6-3,876,General Community Waterton Lakes National Park 2021,598,2021-06-02 05:00:00,286082,180,Turdus migratorius,American Robin,AMRO,87.00,90.00,33.6,t,lite
PC,WLNP-6-3,876,General Community Waterton Lakes National Park 2021,598,2021-06-02 05:00:00,286082,180,Turdus migratorius,American Robin,AMRO,90.00,93.00,25.6,t,lite
PC,WLNP-6-3,876,General Community Waterton Lakes National Park 2021,598,2021-06-02 05:00:00,286082,180,Turdus amaurochalinus,,,90.00,93.00,26.6,f,lite
PC,WLNP-6-3,876,General Community Waterton Lakes National Park 2021,598,2021-06-02 05:00:00,286082,180,Turdus kessleri,,,93.00,96.00,25.9,f,lite
PC,WLNP-6-3,876,General Community Waterton Lakes National Park 2021,598,2021-06-02 05:00:00,286082,180,Turdus viscivorus,Mistle Thrush,MITH,93.00,96.00,35.7,t,lite
PC,WLNP-6-3,876,General Community Waterton Lakes National Park 2021,598,2021-06-02 05:00:00,286082,180,Turdus migratorius,American Robin,AMRO,93.00,96.00,25.2,t,lite
PC,WLNP-6-3,876,General Community Waterton Lakes National Park 2021,598,2021-06-02 05:00:00,286082,180,Psilopogon australis,,,99.00,102.00,36.2,f,lite
PC,WLNP-6-3,876,General Community Waterton Lakes National Park 2021,598,2021-06-02 05:00:00,286082,180,Turdus amaurochalinus,,,99.00,102.00,30.3,f,lite
PC,WLNP-6-3,876,General Community Waterton Lakes National Park 2021,598,2021-06-02 05:00:00,286082,180,Turdus migratorius,American Robin,AMRO,99.00,102.00,47.0,t,lite
PC,WLNP-6-3,876,General Community Waterton Lakes National Park 2021,598,2021-06-02 05:00:00,286082,180,Turdus migratorius,American Robin,AMRO,102.00,105.00,35.5,t,lite
PC,WLNP-6-3,876,General Community Waterton Lakes National Park 2021,598,2021-06-02 05:00:00,286082,180,Turdus amaurochalinus,,,102.00,105.00,34.2,f,lite
PC,WLNP-6-3,876,General Community Waterton Lakes National Park 2021,598,2021-06-02 05:00:00,286082,180,Turdus migratorius,American Robin,AMRO,105.00,108.00,66.5,t,lite
PC,WLNP-6-3,876,General Community Waterton Lakes National Park 2021,598,2021-06-02 05:00:00,286082,180,Turdus ignobilis,,,105.00,108.00,36.6,f,lite
PC,WLNP-6-3,876,General Community Waterton Lakes National Park 2021,598,2021-06-02 05:00:00,286082,180,Turdus amaurochalinus,,,105.00,108.00,59.1,f,lite
PC,WLNP-6-3,876,General Community Waterton Lakes National Park 2021,598,2021-06-02 05:00:00,286082,180,Turdus migratorius,American Robin,AMRO,111.00,114.00,39.2,t,lite
PC,WLNP-6-3,876,General Community Waterton Lakes National Park 2021,598,2021-06-02 05:00:00,286082,180,Turdus amaurochalinus,,,111.00,114.00,29.3,f,lite
PC,WLNP-6-3,876,General Community Waterton Lakes National Park 2021,598,2021-06-02 05:00:00,286082,180,Turdus ignobilis,,,117.00,120.00,32.5,f,lite
PC,WLNP-6-3,876,General Community Waterton Lakes National Park 2021,598,2021-06-02 05:00:00,286082,180,Turdus migratorius,American Robin,AMRO,117.00,120.00,46.2,t,lite
PC,WLNP-6-3,876,General Community Waterton Lakes National Park 2021,598,2021-06-02 05:00:00,286082,180,Turdus amaurochalinus,,,117.00,120.00,58.2,f,lite
PC,WLNP-6-3,876,General Community Waterton Lakes National Park 2021,598,2021-06-02 05:00:00,286082,180,Turdus migratorius,American Robin,AMRO,123.00,126.00,38.8,t,lite
PC,WLNP-6-3,876,General Community Waterton Lakes National Park 2021,598,2021-06-02 05:00:00,286082,180,Turdus migratorius,American Robin,AMRO,126.00,129.00,28.3,t,lite
PC,WLNP-6-3,876,General Community Waterton Lakes National Park 2021,598,2021-06-02 05:00:00,286082,180,Turdus amaurochalinus,,,126.00,129.00,27.0,f,lite
PC,WLNP-6-3,876,General Community Waterton Lakes National Park 2021,598,2021-06-02 05:00:00,286082,180,Turdus amaurochalinus,,,129.00,132.00,50.6,f,lite
PC,WLNP-6-3,876,General Community Waterton Lakes National Park 2021,598,2021-06-02 05:00:00,286082,180,Turdus migratorius,American Robin,AMRO,129.00,132.00,42.4,t,lite
PC,WLNP-6-3,876,General Community Waterton Lakes National Park 2021,598,2021-06-02 05:00:00,286082,180,Turdus pelios,,,129.00,132.00,28.6,f,lite
PC,WLNP-6-3,876,General Community Waterton Lakes National Park 2021,598,2021-06-02 05:00:00,286082,180,Turdus migratorius,American Robin,AMRO,132.00,135.00,41.1,t,lite
PC,WLNP-6-3,876,General Community Waterton Lakes National Park 2021,598,2021-06-02 05:00:00,286082,180,Turdus amaurochalinus,,,132.00,135.00,51.5,f,lite
PC,WLNP-6-3,876,General Community Waterton Lakes National Park 2021,598,2021-06-02 05:00:00,286082,180,Turdus migratorius,American Robin,AMRO,138.00,141.00,33.1,t,lite
PC,WLNP-6-3,876,General Community Waterton Lakes National Park 2021,598,2021-06-02 05:00:00,286082,180,Turdus amaurochalinus,,,138.00,141.00,54.0,f,lite
PC,WLNP-6-3,876,General Community Waterton Lakes National Park 2021,598,2021-06-02 05:00:00,286082,180,Turdus migratorius,American Robin,AMRO,141.00,144.00,38.0,t,lite
PC,WLNP-6-3,876,General Community Waterton Lakes National Park 2021,598,2021-06-02 05:00:00,286082,180,Turdus amaurochalinus,,,141.00,144.00,46.8,f,lite
PC,WLNP-6-3,876,General Community Waterton Lakes National Park 2021,598,2021-06-02 05:00:00,286082,180,Turdus amaurochalinus,,,144.00,147.00,43.1,f,lite
PC,WLNP-6-3,876,General Community Waterton Lakes National Park 2021,598,2021-06-02 05:00:00,286082,180,Turdus migratorius,American Robin,AMRO,144.00,147.00,35.9,t,lite
PC,WLNP-6-3,876,General Community Waterton Lakes National Park 2021,598,2021-06-02 05:00:00,286082,180,Turdus migratorius,American Robin,AMRO,147.00,150.00,46.2,t,lite
PC,WLNP-6-3,876,General Community Waterton Lakes National Park 2021,598,2021-06-02 05:00:00,286082,180,Turdus amaurochalinus,,,147.00,150.00,29.6,f,lite
PC,WLNP-6-3,876,General Community Waterton Lakes National Park 2021,598,2021-06-02 05:00:00,286082,180,Turdus amaurochalinus,,,150.00,153.00,36.5,f,lite
PC,WLNP-6-3,876,General Community Waterton Lakes National Park 2021,598,2021-06-02 05:00:00,286082,180,Turdus migratorius,American Robin,AMRO,150.00,153.00,41.6,t,lite
PC,WLNP-6-3,876,General Community Waterton Lakes National Park 2021,598,2021-06-02 05:00:00,286082,180,Turdus migratorius,American Robin,AMRO,153.00,156.00,33.8,t,lite
PC,WLNP-6-3,876,General Community Waterton Lakes National Park 2021,598,2021-06-02 05:00:00,286082,180,Turdus amaurochalinus,,,153.00,156.00,42.0,f,lite
PC,WLNP-6-3,876,General Community Waterton Lakes National Park 2021,598,2021-06-02 05:00:00,286082,180,Turdus migratorius,American Robin,AMRO,156.00,159.00,46.6,t,lite
PC,WLNP-6-3,876,General Community Waterton Lakes National Park 2021,598,2021-06-02 05:00:00,286082,180,Turdus amaurochalinus,,,156.00,159.00,43.7,f,lite
PC,WLNP-6-3,876,General Community Waterton Lakes National Park 2021,598,2021-06-02 05:00:00,286082,180,Turdus amaurochalinus,,,159.00,162.00,46.3,f,lite
PC,WLNP-6-3,876,General Community Waterton Lakes National Park 2021,598,2021-06-02 05:00:00,286082,180,Saltator striatipectus,Streaked Saltator,SSAL,159.00,162.00,31.6,t,lite
PC,WLNP-6-3,876,General Community Waterton Lakes National Park 2021,598,2021-06-02 05:00:00,286082,180,Turdus hortulorum,,,159.00,162.00,40.7,f,lite
PC,WLNP-6-3,876,General Community Waterton Lakes National Park 2021,598,2021-06-02 05:00:00,286082,180,Turdus migratorius,American Robin,AMRO,162.00,165.00,60.1,t,lite
PC,WLNP-6-3,876,General Community Waterton Lakes National Park 2021,598,2021-06-02 05:00:00,286082,180,Turdus pallidus,,,162.00,165.00,29.9,f,lite
PC,WLNP-6-3,876,General Community Waterton Lakes National Park 2021,598,2021-06-02 05:00:00,286082,180,Turdus amaurochalinus,,,162.00,165.00,38.9,f,lite
PC,WLNP-6-3,876,General Community Waterton Lakes National Park 2021,598,2021-06-02 05:00:00,286082,180,Turdus migratorius,American Robin,AMRO,165.00,168.00,37.1,t,lite
PC,WLNP-6-3,876,General Community Waterton Lakes National Park 2021,598,2021-06-02 05:00:00,286082,180,Turdus amaurochalinus,,,165.00,168.00,48.1,f,lite
PC,WLNP-6-3,876,General Community Waterton Lakes National Park 2021,598,2021-06-02 05:00:00,286082,180,Turdus migratorius,American Robin,AMRO,168.00,171.00,63.4,t,lite
PC,WLNP-6-3,876,General Community Waterton Lakes National Park 2021,598,2021-06-02 05:00:00,286082,180,Turdus amaurochalinus,,,168.00,171.00,59.6,f,lite
PC,WLNP-6-3,876,General Community Waterton Lakes National Park 2021,598,2021-06-02 05:00:00,286082,180,Turdus ignobilis,,,168.00,171.00,28.7,f,lite
PC,WLNP-6-3,876,General Community Waterton Lakes National Park 2021,598,2021-06-02 05:00:00,286082,180,Turdus ignobilis,,,171.00,174.00,29.0,f,lite
PC,WLNP-6-3,876,General Community Waterton Lakes National Park 2021,598,2021-06-02 05:00:00,286082,180,Turdus viscivorus,Mistle Thrush,MITH,171.00,174.00,28.5,t,lite
PC,WLNP-6-3,876,General Community Waterton Lakes National Park 2021,598,2021-06-02 05:00:00,286082,180,Turdus amaurochalinus,,,171.00,174.00,50.5,f,lite
PC,WLNP-6-3,876,General Community Waterton Lakes National Park 2021,598,2021-06-02 05:00:00,286082,180,Turdus migratorius,American Robin,AMRO,171.00,174.00,53.0,t,lite
PC,WLNP-6-3,876,General Community Waterton Lakes National Park 2021,598,2021-06-02 05:00:00,286082,180,Turdus torquatus,Ring Ouzel,TURTOR,174.00,177.00,33.4,t,lite
PC,WLNP-6-3,876,General Community Waterton Lakes National Park 2021,598,2021-06-02 05:00:00,286082,180,Turdus migratorius,American Robin,AMRO,174.00,177.00,67.1,t,lite
PC,WLNP-6-3,876,General Community Waterton Lakes National Park 2021,598,2021-06-02 05:00:00,286082,180,Turdus amaurochalinus,,,174.00,177.00,49.8,f,lite
PC,WLNP-6-3,876,General Community Waterton Lakes National Park 2021,598,2021-06-02 05:00:00,286082,180,Turdus migratorius,American Robin,AMRO,177.00,180.00,30.4,t,lite
PC,WLNP-6-3,876,General Community Waterton Lakes National Park 2021,598,2021-06-02 06:20:00,285988,180,*NOT GENERATED/FOUND*,,,,,,f,lite
PC,WLNP-6-3,876,General Community Waterton Lakes National Park 2021,598,2021-06-02 08:00:00,286060,180,Turdus migratorius,American Robin,AMRO,30.00,33.00,25.8,t,lite
PC,WLNP-6-3,876,General Community Waterton Lakes National Park 2021,598,2021-06-02 08:00:00,286060,180,Turdus cardis,,,30.00,33.00,25.3,f,lite
PC,WLNP-6-3,876,General Community Waterton Lakes National Park 2021,598,2021-06-02 08:00:00,286060,180,Turdus migratorius,American Robin,AMRO,36.00,39.00,25.8,t,lite
PC,WLNP-6-3,876,General Community Waterton Lakes National Park 2021,598,2021-06-02 08:00:00,286060,180,Turdus torquatus,Ring Ouzel,TURTOR,42.00,45.00,27.8,t,lite
PC,WLNP-6-3,876,General Community Waterton Lakes National Park 2021,598,2021-06-02 08:00:00,286060,180,Oenanthe melanura,,,42.00,45.00,25.7,f,lite
PC,WLNP-6-3,876,General Community Waterton Lakes National Park 2021,598,2021-06-02 08:00:00,286060,180,Turdus falcklandii,,,42.00,45.00,31.5,f,lite
PC,WLNP-6-3,876,General Community Waterton Lakes National Park 2021,598,2021-06-02 08:00:00,286060,180,Turdus migratorius,American Robin,AMRO,66.00,69.00,30.0,t,lite
PC,WLNP-6-3,876,General Community Waterton Lakes National Park 2021,598,2021-06-02 08:00:00,286060,180,Turdus migratorius,American Robin,AMRO,75.00,78.00,42.3,t,lite
PC,WLNP-6-3,876,General Community Waterton Lakes National Park 2021,598,2021-06-02 08:00:00,286060,180,Turdus cardis,,,75.00,78.00,25.0,f,lite
PC,WLNP-6-3,876,General Community Waterton Lakes National Park 2021,598,2021-06-02 08:00:00,286060,180,Turdus amaurochalinus,,,75.00,78.00,32.3,f,lite
PC,WLNP-6-3,876,General Community Waterton Lakes National Park 2021,598,2021-06-02 08:00:00,286060,180,Turdus migratorius,American Robin,AMRO,81.00,84.00,27.2,t,lite
PC,WLNP-6-3,876,General Community Waterton Lakes National Park 2021,598,2021-06-02 08:00:00,286060,180,Turdus viscivorus,Mistle Thrush,MITH,87.00,90.00,29.2,t,lite
PC,WLNP-6-3,876,General Community Waterton Lakes National Park 2021,598,2021-06-02 08:00:00,286060,180,Turdus migratorius,American Robin,AMRO,99.00,102.00,46.6,t,lite
PC,WLNP-6-3,876,General Community Waterton Lakes National Park 2021,598,2021-06-02 08:00:00,286060,180,Turdus migratorius,American Robin,AMRO,105.00,108.00,45.9,t,lite
PC,WLNP-6-3,876,General Community Waterton Lakes National Park 2021,598,2021-06-02 08:00:00,286060,180,Turdus amaurochalinus,,,108.00,111.00,30.0,f,lite
PC,WLNP-6-3,876,General Community Waterton Lakes National Park 2021,598,2021-06-02 08:00:00,286060,180,Turdus migratorius,American Robin,AMRO,108.00,111.00,33.8,t,lite
PC,WLNP-6-3,876,General Community Waterton Lakes National Park 2021,598,2021-06-02 08:00:00,286060,180,Turdus migratorius,American Robin,AMRO,114.00,117.00,25.3,t,lite
PC,WLNP-6-3,876,General Community Waterton Lakes National Park 2021,598,2021-06-02 08:00:00,286060,180,Turdus amaurochalinus,,,120.00,123.00,27.0,f,lite
PC,WLNP-6-3,876,General Community Waterton Lakes National Park 2021,598,2021-06-02 08:00:00,286060,180,Turdus cardis,,,120.00,123.00,31.9,f,lite
PC,WLNP-6-3,876,General Community Waterton Lakes National Park 2021,598,2021-06-02 08:00:00,286060,180,Turdus torquatus,Ring Ouzel,TURTOR,120.00,123.00,39.4,t,lite
PC,WLNP-6-3,876,General Community Waterton Lakes National Park 2021,598,2021-06-02 08:00:00,286060,180,Turdus migratorius,American Robin,AMRO,120.00,123.00,51.3,t,lite
PC,WLNP-6-3,876,General Community Waterton Lakes National Park 2021,598,2021-06-02 08:00:00,286060,180,Turdus infuscatus,Black Thrush,BLTH,120.00,123.00,46.6,t,lite
PC,WLNP-6-3,876,General Community Waterton Lakes National Park 2021,598,2021-06-02 08:00:00,286060,180,Turdus amaurochalinus,,,123.00,126.00,36.1,f,lite
PC,WLNP-6-3,876,General Community Waterton Lakes National Park 2021,598,2021-06-02 08:00:00,286060,180,Turdus migratorius,American Robin,AMRO,123.00,126.00,60.7,t,lite
PC,WLNP-6-3,876,General Community Waterton Lakes National Park 2021,598,2021-06-02 08:00:00,286060,180,Turdus infuscatus,Black Thrush,BLTH,126.00,129.00,41.6,t,lite
PC,WLNP-6-3,876,General Community Waterton Lakes National Park 2021,598,2021-06-02 08:00:00,286060,180,Turdus migratorius,American Robin,AMRO,129.00,132.00,40.0,t,lite
PC,WLNP-6-3,876,General Community Waterton Lakes National Park 2021,598,2021-06-02 08:00:00,286060,180,Turdus viscivorus,Mistle Thrush,MITH,132.00,135.00,30.1,t,lite
PC,WLNP-6-3,876,General Community Waterton Lakes National Park 2021,598,2021-06-02 08:00:00,286060,180,Turdus migratorius,American Robin,AMRO,132.00,135.00,33.9,t,lite
PC,WLNP-6-3,876,General Community Waterton Lakes National Park 2021,598,2021-06-02 08:00:00,286060,180,Turdus boulboul,,,132.00,135.00,39.3,f,lite
PC,WLNP-6-3,876,General Community Waterton Lakes National Park 2021,598,2021-06-02 08:00:00,286060,180,Turdus fuscater,,,132.00,135.00,26.3,f,lite
PC,WLNP-6-3,876,General Community Waterton Lakes National Park 2021,598,2021-06-02 08:00:00,286060,180,Turdus migratorius,American Robin,AMRO,135.00,138.00,34.6,t,lite
PC,WLNP-6-3,876,General Community Waterton Lakes National Park 2021,598,2021-06-02 08:00:00,286060,180,Turdus amaurochalinus,,,141.00,144.00,26.0,f,lite
PC,WLNP-6-3,876,General Community Waterton Lakes National Park 2021,598,2021-06-02 08:00:00,286060,180,Turdus migratorius,American Robin,AMRO,141.00,144.00,29.3,t,lite
PC,WLNP-6-3,876,General Community Waterton Lakes National Park 2021,598,2021-06-02 08:00:00,286060,180,Turdus migratorius,American Robin,AMRO,144.00,147.00,34.3,t,lite
PC,WLNP-6-3,876,General Community Waterton Lakes National Park 2021,598,2021-06-02 08:00:00,286060,180,Turdus migratorius,American Robin,AMRO,147.00,150.00,46.0,t,lite
PC,WLNP-6-3,876,General Community Waterton Lakes National Park 2021,598,2021-06-02 08:00:00,286060,180,Turdus amaurochalinus,,,147.00,150.00,50.9,f,lite
PC,WLNP-6-3,876,General Community Waterton Lakes National Park 2021,598,2021-06-02 08:00:00,286060,180,Turdus amaurochalinus,,,153.00,156.00,25.5,f,lite
PC,WLNP-6-3,876,General Community Waterton Lakes National Park 2021,598,2021-06-02 08:00:00,286060,180,Turdus migratorius,American Robin,AMRO,153.00,156.00,44.1,t,lite
PC,WLNP-6-3,876,General Community Waterton Lakes National Park 2021,598,2021-06-02 08:00:00,286060,180,Turdus migratorius,American Robin,AMRO,156.00,159.00,45.4,t,lite
PC,WLNP-6-3,876,General Community Waterton Lakes National Park 2021,598,2021-06-02 08:00:00,286060,180,Turdus amaurochalinus,,,159.00,162.00,31.1,f,lite
PC,WLNP-6-3,876,General Community Waterton Lakes National Park 2021,598,2021-06-02 08:00:00,286060,180,Turdus migratorius,American Robin,AMRO,159.00,162.00,53.1,t,lite
PC,WLNP-6-3,876,General Community Waterton Lakes National Park 2021,598,2021-06-02 08:00:00,286060,180,Turdus migratorius,American Robin,AMRO,165.00,168.00,48.6,t,lite
PC,WLNP-6-3,876,General Community Waterton Lakes National Park 2021,598,2021-06-02 08:00:00,286060,180,Turdus migratorius,American Robin,AMRO,171.00,174.00,40.6,t,lite
PC,WLNP-6-3,876,General Community Waterton Lakes National Park 2021,598,2021-06-02 08:00:00,286060,180,Turdus amaurochalinus,,,171.00,174.00,25.3,f,lite
PC,WLNP-6-3,876,General Community Waterton Lakes National Park 2021,598,2021-06-02 08:00:00,286060,180,Turdus migratorius,American Robin,AMRO,177.00,180.00,35.8,t,lite
PC,WLNP-6-3,876,General Community Waterton Lakes National Park 2021,598,2021-06-02 08:00:00,286060,180,Turdus infuscatus,Black Thrush,BLTH,177.00,180.00,26.7,t,lite
PC,WLNP-6-3,876,General Community Waterton Lakes National Park 2021,598,2021-06-02 08:40:00,286106,180,Haemorhous cassinii,Cassin's Finch,CAFI,21.00,24.00,46.8,t,lite
PC,WLNP-6-3,876,General Community Waterton Lakes National Park 2021,598,2021-06-02 08:40:00,286106,180,Haemorhous purpureus,Purple Finch,PUFI,21.00,24.00,32.5,t,lite
PC,WLNP-6-3,876,General Community Waterton Lakes National Park 2021,598,2021-06-02 08:40:00,286106,180,Turdus migratorius,American Robin,AMRO,45.00,48.00,28.6,t,lite
PC,WLNP-6-3,876,General Community Waterton Lakes National Park 2021,598,2021-06-02 08:40:00,286106,180,Oenanthe melanura,,,48.00,51.00,28.7,f,lite
PC,WLNP-6-3,876,General Community Waterton Lakes National Park 2021,598,2021-06-02 08:40:00,286106,180,Turdus migratorius,American Robin,AMRO,72.00,75.00,29.2,t,lite
PC,WLNP-6-3,876,General Community Waterton Lakes National Park 2021,598,2021-06-02 08:40:00,286106,180,Turdus migratorius,American Robin,AMRO,81.00,84.00,38.0,t,lite
PC,WLNP-6-3,876,General Community Waterton Lakes National Park 2021,598,2021-06-02 08:40:00,286106,180,Turdus pallidus,,,81.00,84.00,25.3,f,lite
PC,WLNP-6-3,876,General Community Waterton Lakes National Park 2021,598,2021-06-02 08:40:00,286106,180,Turdus infuscatus,Black Thrush,BLTH,81.00,84.00,27.1,t,lite
PC,WLNP-6-3,876,General Community Waterton Lakes National Park 2021,598,2021-06-02 08:40:00,286106,180,Turdus infuscatus,Black Thrush,BLTH,84.00,87.00,30.3,t,lite
PC,WLNP-6-3,876,General Community Waterton Lakes National Park 2021,598,2021-06-02 08:40:00,286106,180,Turdus migratorius,American Robin,AMRO,87.00,90.00,26.9,t,lite
PC,WLNP-6-3,876,General Community Waterton Lakes National Park 2021,598,2021-06-02 08:40:00,286106,180,Tarsiger cyanurus,Red-flanked Bluetail,RFBL,99.00,102.00,28.5,t,lite
PC,WLNP-6-3,876,General Community Waterton Lakes National Park 2021,598,2021-06-02 08:40:00,286106,180,Haemorhous purpureus,Purple Finch,PUFI,132.00,135.00,30.9,t,lite
PC,WLNP-6-3,876,General Community Waterton Lakes National Park 2021,598,2021-06-02 08:40:00,286106,180,Haemorhous cassinii,Cassin's Finch,CAFI,132.00,135.00,36.1,t,lite
PC,WLNP-6-3,876,General Community Waterton Lakes National Park 2021,598,2021-06-02 08:40:00,286106,180,Tarsiger cyanurus,Red-flanked Bluetail,RFBL,141.00,144.00,35.2,t,lite
PC,WLNP-6-3,876,General Community Waterton Lakes National Park 2021,598,2021-06-02 08:40:00,286106,180,Lullula arborea,Wood Lark,LULARB,144.00,147.00,44.7,t,lite
PC,WLNP-6-3,876,General Community Waterton Lakes National Park 2021,598,2021-06-02 08:40:00,286106,180,Lullula arborea,Wood Lark,LULARB,156.00,159.00,32.9,t,lite
PC,WLNP-6-3,876,General Community Waterton Lakes National Park 2021,598,2021-06-03 02:00:00,286037,180,*NOT GENERATED/FOUND*,,,,,,f,lite
PC,WLNP-6-3,876,General Community Waterton Lakes National Park 2021,598,2021-06-03 02:40:00,286072,180,*NOT GENERATED/FOUND*,,,,,,f,lite
PC,WLNP-6-3,876,General Community Waterton Lakes National Park 2021,598,2021-06-03 06:00:00,286036,180,Tachycineta bicolor,Tree Swallow,TRES,36.00,39.00,30.0,t,lite
PC,WLNP-6-3,876,General Community Waterton Lakes National Park 2021,598,2021-06-03 06:00:00,286036,180,Orochelidon murina,,,36.00,39.00,29.7,f,lite
PC,WLNP-6-3,876,General Community Waterton Lakes National Park 2021,598,2021-06-03 06:00:00,286036,180,Orochelidon murina,,,39.00,42.00,28.5,f,lite
PC,WLNP-6-3,876,General Community Waterton Lakes National Park 2021,598,2021-06-03 06:00:00,286036,180,Tachycineta bicolor,Tree Swallow,TRES,60.00,63.00,53.5,t,lite
PC,WLNP-6-3,876,General Community Waterton Lakes National Park 2021,598,2021-06-03 06:00:00,286036,180,Orochelidon murina,,,60.00,63.00,31.2,f,lite
PC,WLNP-6-3,876,General Community Waterton Lakes National Park 2021,598,2021-06-03 06:00:00,286036,180,Empidonax wrightii,Gray Flycatcher,GRFL,63.00,66.00,27.4,t,lite
PC,WLNP-6-3,876,General Community Waterton Lakes National Park 2021,598,2021-06-03 06:00:00,286036,180,Tachycineta bicolor,Tree Swallow,TRES,63.00,66.00,62.7,t,lite
PC,WLNP-6-3,876,General Community Waterton Lakes National Park 2021,598,2021-06-03 06:00:00,286036,180,Tachycineta bicolor,Tree Swallow,TRES,66.00,69.00,72.1,t,lite
PC,WLNP-6-3,876,General Community Waterton Lakes National Park 2021,598,2021-06-03 06:00:00,286036,180,Tachycineta bicolor,Tree Swallow,TRES,69.00,72.00,32.6,t,lite
PC,WLNP-6-3,876,General Community Waterton Lakes National Park 2021,598,2021-06-03 06:00:00,286036,180,Turdus migratorius,American Robin,AMRO,78.00,81.00,27.2,t,lite
PC,WLNP-6-3,876,General Community Waterton Lakes National Park 2021,598,2021-06-03 06:00:00,286036,180,Habia rubica,Red-crowned Ant-Tanager,RCAT,78.00,81.00,30.8,t,lite
PC,WLNP-6-3,876,General Community Waterton Lakes National Park 2021,598,2021-06-03 06:00:00,286036,180,Turdus migratorius,American Robin,AMRO,87.00,90.00,25.6,t,lite
PC,WLNP-6-3,876,General Community Waterton Lakes National Park 2021,598,2021-06-03 06:00:00,286036,180,Turdus amaurochalinus,,,87.00,90.00,30.9,f,lite
PC,WLNP-6-3,876,General Community Waterton Lakes National Park 2021,598,2021-06-03 06:00:00,286036,180,Turdus fuscater,,,87.00,90.00,30.0,f,lite
PC,WLNP-6-3,876,General Community Waterton Lakes National Park 2021,598,2021-06-03 06:00:00,286036,180,Turdus migratorius,American Robin,AMRO,90.00,93.00,25.2,t,lite
PC,WLNP-6-3,876,General Community Waterton Lakes National Park 2021,598,2021-06-03 06:00:00,286036,180,Chlorocharis emiliae,,,96.00,99.00,25.0,f,lite
PC,WLNP-6-3,876,General Community Waterton Lakes National Park 2021,598,2021-06-03 06:00:00,286036,180,Psilopogon australis,,,111.00,114.00,26.8,f,lite
PC,WLNP-6-3,876,General Community Waterton Lakes National Park 2021,598,2021-06-03 06:00:00,286036,180,Turdus migratorius,American Robin,AMRO,123.00,126.00,35.8,t,lite
PC,WLNP-6-3,876,General Community Waterton Lakes National Park 2021,598,2021-06-03 06:00:00,286036,180,Turdus migratorius,American Robin,AMRO,132.00,135.00,26.1,t,lite
PC,WLNP-6-4,862,General Community Waterton Lakes National Park 2021,598,2021-06-01 07:40:00,286104,180,Lullula arborea,Wood Lark,LULARB,30.00,33.00,25.8,t,lite
PC,WLNP-6-4,862,General Community Waterton Lakes National Park 2021,598,2021-06-01 07:40:00,286104,180,Lullula arborea,Wood Lark,LULARB,33.00,36.00,28.9,t,lite
PC,WLNP-6-4,862,General Community Waterton Lakes National Park 2021,598,2021-06-01 07:40:00,286104,180,Anthus bogotensis,,,45.00,48.00,28.1,f,lite
PC,WLNP-6-4,862,General Community Waterton Lakes National Park 2021,598,2021-06-01 07:40:00,286104,180,Zonotrichia leucophrys,White-crowned Sparrow,WCSP,45.00,48.00,60.8,t,lite
PC,WLNP-6-4,862,General Community Waterton Lakes National Park 2021,598,2021-06-01 07:40:00,286104,180,Rhodophoneus cruentus,,,60.00,63.00,28.4,f,lite
PC,WLNP-6-4,862,General Community Waterton Lakes National Park 2021,598,2021-06-01 07:40:00,286104,180,Lullula arborea,Wood Lark,LULARB,72.00,75.00,32.9,t,lite
PC,WLNP-6-4,862,General Community Waterton Lakes National Park 2021,598,2021-06-01 07:40:00,286104,180,Zonotrichia leucophrys,White-crowned Sparrow,WCSP,75.00,78.00,33.7,t,lite
PC,WLNP-6-4,862,General Community Waterton Lakes National Park 2021,598,2021-06-01 07:40:00,286104,180,Lullula arborea,Wood Lark,LULARB,141.00,144.00,56.2,t,lite
PC,WLNP-6-4,862,General Community Waterton Lakes National Park 2021,598,2021-06-03 06:00:00,286029,180,*NOT GENERATED/FOUND*,,,,,,f,lite
PC,WLNP-6-4,862,General Community Waterton Lakes National Park 2021,598,2021-06-03 08:00:00,285999,180,*NOT GENERATED/FOUND*,,,,,,f,lite
PC,WLNP-6-4,862,General Community Waterton Lakes National Park 2021,598,2021-06-04 02:00:00,286040,180,*NOT GENERATED/FOUND*,,,,,,f,lite
PC,WLNP-6-4,862,General Community Waterton Lakes National Park 2021,598,2021-06-04 02:40:00,286100,180,*NOT GENERATED/FOUND*,,,,,,f,lite
PC,WLNP-6-4,862,General Community Waterton Lakes National Park 2021,598,2021-06-05 23:20:00,286046,180,Malurus leucopterus,,,60.00,63.00,26.7,f,lite
PC,WLNP-6-4,862,General Community Waterton Lakes National Park 2021,598,2021-06-05 23:20:00,286046,180,Malurus leucopterus,,,69.00,72.00,30.1,f,lite
PC,WLNP-6-4,862,General Community Waterton Lakes National Park 2021,598,2021-06-05 23:20:00,286046,180,Malurus leucopterus,,,75.00,78.00,26.5,f,lite
PC,WLNP-6-4,862,General Community Waterton Lakes National Park 2021,598,2021-06-05 23:20:00,286046,180,Malurus leucopterus,,,87.00,90.00,28.0,f,lite
PC,WLNP-6-4,862,General Community Waterton Lakes National Park 2021,598,2021-06-06 05:40:00,285936,180,Sialia currucoides,Mountain Bluebird,MOBL,108.00,111.00,30.6,t,lite
PC,WLNP-6-4,862,General Community Waterton Lakes National Park 2021,598,2021-06-06 05:40:00,285936,180,Grallaria quitensis,,,117.00,120.00,28.4,f,lite
PC,WLNP-6-4,862,General Community Waterton Lakes National Park 2021,598,2021-06-06 05:40:00,285936,180,Lanius cabanisi,,,126.00,129.00,26.1,f,lite
PC,WLNP-6-4,862,General Community Waterton Lakes National Park 2021,598,2021-06-06 05:40:00,285936,180,Zonotrichia leucophrys,White-crowned Sparrow,WCSP,165.00,168.00,28.4,t,lite
PC,WLNP-6-4,862,General Community Waterton Lakes National Park 2021,598,2021-06-06 05:40:00,285936,180,Heteromirafra archeri,,,165.00,168.00,46.6,f,lite
PC,WLNP-6-4,862,General Community Waterton Lakes National Park 2021,598,2021-06-06 05:40:00,285936,180,Anthus bogotensis,,,165.00,168.00,40.2,f,lite
PC,WLNP-6-4,862,General Community Waterton Lakes National Park 2021,598,2021-06-06 08:00:00,285959,180,*NOT GENERATED/FOUND*,,,,,,f,lite
PC,WLNP-6-5,848,General Community Waterton Lakes National Park 2021,598,2021-06-01 05:20:00,286098,180,Eremopterix nigriceps,,,3.00,6.00,26.3,f,lite
PC,WLNP-6-5,848,General Community Waterton Lakes National Park 2021,598,2021-06-01 05:20:00,286098,180,Zonotrichia leucophrys,White-crowned Sparrow,WCSP,27.00,30.00,33.9,t,lite
PC,WLNP-6-5,848,General Community Waterton Lakes National Park 2021,598,2021-06-01 05:20:00,286098,180,Sialia currucoides,Mountain Bluebird,MOBL,39.00,42.00,65.5,t,lite
PC,WLNP-6-5,848,General Community Waterton Lakes National Park 2021,598,2021-06-01 05:20:00,286098,180,Sialia currucoides,Mountain Bluebird,MOBL,51.00,54.00,28.3,t,lite
PC,WLNP-6-5,848,General Community Waterton Lakes National Park 2021,598,2021-06-01 05:20:00,286098,180,Sialia currucoides,Mountain Bluebird,MOBL,54.00,57.00,70.1,t,lite
PC,WLNP-6-5,848,General Community Waterton Lakes National Park 2021,598,2021-06-01 05:20:00,286098,180,Sialia currucoides,Mountain Bluebird,MOBL,66.00,69.00,32.4,t,lite
PC,WLNP-6-5,848,General Community Waterton Lakes National Park 2021,598,2021-06-01 05:20:00,286098,180,Zonotrichia leucophrys,White-crowned Sparrow,WCSP,69.00,72.00,40.1,t,lite
PC,WLNP-6-5,848,General Community Waterton Lakes National Park 2021,598,2021-06-01 05:20:00,286098,180,Zonotrichia leucophrys,White-crowned Sparrow,WCSP,81.00,84.00,34.2,t,lite
PC,WLNP-6-5,848,General Community Waterton Lakes National Park 2021,598,2021-06-01 05:20:00,286098,180,Sialia currucoides,Mountain Bluebird,MOBL,87.00,90.00,34.8,t,lite
PC,WLNP-6-5,848,General Community Waterton Lakes National Park 2021,598,2021-06-01 05:20:00,286098,180,Sialia currucoides,Mountain Bluebird,MOBL,96.00,99.00,35.4,t,lite
PC,WLNP-6-5,848,General Community Waterton Lakes National Park 2021,598,2021-06-01 05:20:00,286098,180,Zonotrichia leucophrys,White-crowned Sparrow,WCSP,99.00,102.00,42.9,t,lite
PC,WLNP-6-5,848,General Community Waterton Lakes National Park 2021,598,2021-06-01 05:20:00,286098,180,Zonotrichia leucophrys,White-crowned Sparrow,WCSP,120.00,123.00,27.2,t,lite
PC,WLNP-6-5,848,General Community Waterton Lakes National Park 2021,598,2021-06-01 05:20:00,286098,180,Zonotrichia leucophrys,White-crowned Sparrow,WCSP,138.00,141.00,31.2,t,lite
PC,WLNP-6-5,848,General Community Waterton Lakes National Park 2021,598,2021-06-01 05:20:00,286098,180,Zonotrichia leucophrys,White-crowned Sparrow,WCSP,165.00,168.00,25.2,t,lite
PC,WLNP-6-5,848,General Community Waterton Lakes National Park 2021,598,2021-06-04 05:00:00,286055,180,Anthus brevirostris,,,27.00,30.00,25.5,f,lite
PC,WLNP-6-5,848,General Community Waterton Lakes National Park 2021,598,2021-06-04 05:00:00,286055,180,Malurus leucopterus,,,144.00,147.00,31.6,f,lite
PC,WLNP-6-5,848,General Community Waterton Lakes National Park 2021,598,2021-06-04 07:40:00,285966,180,Malurus leucopterus,,,48.00,51.00,28.2,f,lite
PC,WLNP-6-5,848,General Community Waterton Lakes National Park 2021,598,2021-06-04 07:40:00,285966,180,Junco vulcani,Volcano Junco,VOJU,48.00,51.00,36.6,t,lite
PC,WLNP-6-5,848,General Community Waterton Lakes National Park 2021,598,2021-06-04 07:40:00,285966,180,Malurus leucopterus,,,78.00,81.00,26.8,f,lite
PC,WLNP-6-5,848,General Community Waterton Lakes National Park 2021,598,2021-06-04 07:40:00,285966,180,Incaspiza laeta,,,78.00,81.00,27.9,f,lite
PC,WLNP-6-5,848,General Community Waterton Lakes National Park 2021,598,2021-06-04 07:40:00,285966,180,Incaspiza laeta,,,84.00,87.00,38.1,f,lite
PC,WLNP-6-5,848,General Community Waterton Lakes National Park 2021,598,2021-06-04 07:40:00,285966,180,Incaspiza laeta,,,93.00,96.00,33.9,f,lite
PC,WLNP-6-5,848,General Community Waterton Lakes National Park 2021,598,2021-06-04 07:40:00,285966,180,Incaspiza laeta,,,147.00,150.00,27.8,f,lite
PC,WLNP-6-5,848,General Community Waterton Lakes National Park 2021,598,2021-06-04 08:00:00,286074,180,Lullula arborea,Wood Lark,LULARB,90.00,93.00,48.6,t,lite
PC,WLNP-6-5,848,General Community Waterton Lakes National Park 2021,598,2021-06-04 08:00:00,286074,180,Lullula arborea,Wood Lark,LULARB,93.00,96.00,26.5,t,lite
PC,WLNP-6-5,848,General Community Waterton Lakes National Park 2021,598,2021-06-04 08:00:00,286074,180,Lullula arborea,Wood Lark,LULARB,96.00,99.00,26.9,t,lite
PC,WLNP-6-5,848,General Community Waterton Lakes National Park 2021,598,2021-06-04 08:00:00,286074,180,Sicalis auriventris,,,102.00,105.00,25.8,f,lite
PC,WLNP-6-5,848,General Community Waterton Lakes National Park 2021,598,2021-06-04 08:00:00,286074,180,Malurus leucopterus,,,102.00,105.00,27.1,f,lite
PC,WLNP-6-5,848,General Community Waterton Lakes National Park 2021,598,2021-06-04 08:00:00,286074,180,Malurus leucopterus,,,165.00,168.00,26.8,f,lite
PC,WLNP-6-5,848,General Community Waterton Lakes National Park 2021,598,2021-06-04 08:00:00,286074,180,Malurus leucopterus,,,168.00,171.00,25.4,f,lite
PC,WLNP-6-5,848,General Community Waterton Lakes National Park 2021,598,2021-06-05 05:00:00,285992,180,*NOT GENERATED/FOUND*,,,,,,f,lite
PC,WLNP-6-5,848,General Community Waterton Lakes National Park 2021,598,2021-06-06 04:40:00,286073,180,*NOT GENERATED/FOUND*,,,,,,f,lite
PC,WLNP-6-5,848,General Community Waterton Lakes National Park 2021,598,2021-06-06 08:20:00,286056,180,Malurus leucopterus,,,15.00,18.00,25.3,f,lite
PC,WLNP-6-5,848,General Community Waterton Lakes National Park 2021,598,2021-06-06 08:20:00,286056,180,Sporophila palustris,,,48.00,51.00,27.3,f,lite
PC,WLNP-6-5,848,General Community Waterton Lakes National Park 2021,598,2021-06-06 08:20:00,286056,180,Malurus leucopterus,,,108.00,111.00,27.7,f,lite
PC,WLNP-6-5,848,General Community Waterton Lakes National Park 2021,598,2021-06-06 08:20:00,286056,180,Lanius cabanisi,,,147.00,150.00,25.1,f,lite
PC,WLNP-6-5,848,General Community Waterton Lakes National Park 2021,598,2021-06-07 23:20:00,285993,180,*NOT GENERATED/FOUND*,,,,,,f,lite
PC,WLNP-7-2,863,General Community Waterton Lakes National Park 2021,598,2021-06-02 06:20:00,286052,180,Troglodytes aedon,House Wren,HOWR,0.00,3.00,64.2,t,lite
PC,WLNP-7-2,863,General Community Waterton Lakes National Park 2021,598,2021-06-02 06:20:00,286052,180,Geothlypis philadelphia,Mourning Warbler,MOWA,3.00,6.00,27.4,t,lite
PC,WLNP-7-2,863,General Community Waterton Lakes National Park 2021,598,2021-06-02 06:20:00,286052,180,Ficedula mugimaki,Mugimaki Flycatcher,MUFL,6.00,9.00,27.1,t,lite
PC,WLNP-7-2,863,General Community Waterton Lakes National Park 2021,598,2021-06-02 06:20:00,286052,180,Troglodytes aedon,House Wren,HOWR,6.00,9.00,39.3,t,lite
PC,WLNP-7-2,863,General Community Waterton Lakes National Park 2021,598,2021-06-02 06:20:00,286052,180,Empidonax minimus,Least Flycatcher,LEFL,9.00,12.00,28.6,t,lite
PC,WLNP-7-2,863,General Community Waterton Lakes National Park 2021,598,2021-06-02 06:20:00,286052,180,Empidonax minimus,Least Flycatcher,LEFL,12.00,15.00,44.5,t,lite
PC,WLNP-7-2,863,General Community Waterton Lakes National Park 2021,598,2021-06-02 06:20:00,286052,180,Empidonax minimus,Least Flycatcher,LEFL,18.00,21.00,29.9,t,lite
PC,WLNP-7-2,863,General Community Waterton Lakes National Park 2021,598,2021-06-02 06:20:00,286052,180,Empidonax minimus,Least Flycatcher,LEFL,30.00,33.00,62.3,t,lite
PC,WLNP-7-2,863,General Community Waterton Lakes National Park 2021,598,2021-06-02 06:20:00,286052,180,Empidonax minimus,Least Flycatcher,LEFL,36.00,39.00,37.6,t,lite
PC,WLNP-7-2,863,General Community Waterton Lakes National Park 2021,598,2021-06-02 06:20:00,286052,180,Troglodytes aedon,House Wren,HOWR,39.00,42.00,31.9,t,lite
PC,WLNP-7-2,863,General Community Waterton Lakes National Park 2021,598,2021-06-02 06:20:00,286052,180,Vireo caribaeus,San Andres Vireo,SAVI,42.00,45.00,30.0,t,lite
PC,WLNP-7-2,863,General Community Waterton Lakes National Park 2021,598,2021-06-02 06:20:00,286052,180,Ficedula mugimaki,Mugimaki Flycatcher,MUFL,51.00,54.00,29.8,t,lite
PC,WLNP-7-2,863,General Community Waterton Lakes National Park 2021,598,2021-06-02 06:20:00,286052,180,Troglodytes aedon,House Wren,HOWR,51.00,54.00,34.7,t,lite
PC,WLNP-7-2,863,General Community Waterton Lakes National Park 2021,598,2021-06-02 06:20:00,286052,180,Empidonax minimus,Least Flycatcher,LEFL,54.00,57.00,26.8,t,lite
PC,WLNP-7-2,863,General Community Waterton Lakes National Park 2021,598,2021-06-02 06:20:00,286052,180,Empidonax minimus,Least Flycatcher,LEFL,57.00,60.00,51.4,t,lite
PC,WLNP-7-2,863,General Community Waterton Lakes National Park 2021,598,2021-06-02 06:20:00,286052,180,Troglodytes aedon,House Wren,HOWR,60.00,63.00,32.8,t,lite
PC,WLNP-7-2,863,General Community Waterton Lakes National Park 2021,598,2021-06-02 06:20:00,286052,180,Empidonax minimus,Least Flycatcher,LEFL,63.00,66.00,31.5,t,lite
PC,WLNP-7-2,863,General Community Waterton Lakes National Park 2021,598,2021-06-02 06:20:00,286052,180,Empidonax minimus,Least Flycatcher,LEFL,66.00,69.00,31.6,t,lite
PC,WLNP-7-2,863,General Community Waterton Lakes National Park 2021,598,2021-06-02 06:20:00,286052,180,Setophaga auduboni,,,69.00,72.00,26.7,f,lite
PC,WLNP-7-2,863,General Community Waterton Lakes National Park 2021,598,2021-06-02 06:20:00,286052,180,Empidonax minimus,Least Flycatcher,LEFL,72.00,75.00,60.8,t,lite
PC,WLNP-7-2,863,General Community Waterton Lakes National Park 2021,598,2021-06-02 06:20:00,286052,180,Troglodytes aedon,House Wren,HOWR,78.00,81.00,58.1,t,lite
PC,WLNP-7-2,863,General Community Waterton Lakes National Park 2021,598,2021-06-02 06:20:00,286052,180,Empidonax minimus,Least Flycatcher,LEFL,84.00,87.00,41.3,t,lite
PC,WLNP-7-2,863,General Community Waterton Lakes National Park 2021,598,2021-06-02 06:20:00,286052,180,Empidonax minimus,Least Flycatcher,LEFL,90.00,93.00,51.6,t,lite
PC,WLNP-7-2,863,General Community Waterton Lakes National Park 2021,598,2021-06-02 06:20:00,286052,180,Troglodytes aedon,House Wren,HOWR,99.00,102.00,48.0,t,lite
PC,WLNP-7-2,863,General Community Waterton Lakes National Park 2021,598,2021-06-02 06:20:00,286052,180,Troglodytes aedon,House Wren,HOWR,102.00,105.00,35.3,t,lite
PC,WLNP-7-2,863,General Community Waterton Lakes National Park 2021,598,2021-06-02 06:20:00,286052,180,Troglodytes aedon,House Wren,HOWR,105.00,108.00,34.5,t,lite
PC,WLNP-7-2,863,General Community Waterton Lakes National Park 2021,598,2021-06-02 06:20:00,286052,180,Troglodytes aedon,House Wren,HOWR,108.00,111.00,30.4,t,lite
PC,WLNP-7-2,863,General Community Waterton Lakes National Park 2021,598,2021-06-02 06:20:00,286052,180,Empidonax minimus,Least Flycatcher,LEFL,117.00,120.00,37.6,t,lite
PC,WLNP-7-2,863,General Community Waterton Lakes National Park 2021,598,2021-06-02 06:20:00,286052,180,Troglodytes aedon,House Wren,HOWR,120.00,123.00,26.0,t,lite
PC,WLNP-7-2,863,General Community Waterton Lakes National Park 2021,598,2021-06-02 06:20:00,286052,180,Empidonax minimus,Least Flycatcher,LEFL,123.00,126.00,56.9,t,lite
PC,WLNP-7-2,863,General Community Waterton Lakes National Park 2021,598,2021-06-02 06:20:00,286052,180,Ficedula mugimaki,Mugimaki Flycatcher,MUFL,126.00,129.00,25.8,t,lite
PC,WLNP-7-2,863,General Community Waterton Lakes National Park 2021,598,2021-06-02 06:20:00,286052,180,Fringilla coelebs,Common Chaffinch,CCHA,129.00,132.00,25.2,t,lite
PC,WLNP-7-2,863,General Community Waterton Lakes National Park 2021,598,2021-06-02 06:20:00,286052,180,Empidonax minimus,Least Flycatcher,LEFL,135.00,138.00,38.0,t,lite
PC,WLNP-7-2,863,General Community Waterton Lakes National Park 2021,598,2021-06-02 06:20:00,286052,180,Ficedula mugimaki,Mugimaki Flycatcher,MUFL,138.00,141.00,31.1,t,lite
PC,WLNP-7-2,863,General Community Waterton Lakes National Park 2021,598,2021-06-02 06:20:00,286052,180,Troglodytes aedon,House Wren,HOWR,138.00,141.00,47.4,t,lite
PC,WLNP-7-2,863,General Community Waterton Lakes National Park 2021,598,2021-06-02 06:20:00,286052,180,Empidonax minimus,Least Flycatcher,LEFL,147.00,150.00,54.0,t,lite
PC,WLNP-7-2,863,General Community Waterton Lakes National Park 2021,598,2021-06-02 06:20:00,286052,180,Colibri delphinae,Brown Violetear,BRVI,153.00,156.00,25.1,t,lite
PC,WLNP-7-2,863,General Community Waterton Lakes National Park 2021,598,2021-06-02 06:20:00,286052,180,Empidonax minimus,Least Flycatcher,LEFL,153.00,156.00,68.6,t,lite
PC,WLNP-7-2,863,General Community Waterton Lakes National Park 2021,598,2021-06-02 06:20:00,286052,180,Empidonax minimus,Least Flycatcher,LEFL,156.00,159.00,61.7,t,lite
PC,WLNP-7-2,863,General Community Waterton Lakes National Park 2021,598,2021-06-02 06:20:00,286052,180,Empidonax minimus,Least Flycatcher,LEFL,162.00,165.00,62.1,t,lite
PC,WLNP-7-2,863,General Community Waterton Lakes National Park 2021,598,2021-06-02 06:20:00,286052,180,Troglodytes aedon,House Wren,HOWR,165.00,168.00,39.6,t,lite
PC,WLNP-7-2,863,General Community Waterton Lakes National Park 2021,598,2021-06-02 06:20:00,286052,180,Empidonax minimus,Least Flycatcher,LEFL,168.00,171.00,37.6,t,lite
PC,WLNP-7-2,863,General Community Waterton Lakes National Park 2021,598,2021-06-02 06:20:00,286052,180,Troglodytes aedon,House Wren,HOWR,171.00,174.00,43.4,t,lite
PC,WLNP-7-2,863,General Community Waterton Lakes National Park 2021,598,2021-06-03 04:40:00,286093,180,Botaurus lentiginosus,American Bittern,AMBI,15.00,18.00,30.2,t,lite
PC,WLNP-7-2,863,General Community Waterton Lakes National Park 2021,598,2021-06-03 04:40:00,286093,180,Botaurus lentiginosus,American Bittern,AMBI,18.00,21.00,30.1,t,lite
PC,WLNP-7-2,863,General Community Waterton Lakes National Park 2021,598,2021-06-03 04:40:00,286093,180,Botaurus lentiginosus,American Bittern,AMBI,27.00,30.00,28.5,t,lite
PC,WLNP-7-2,863,General Community Waterton Lakes National Park 2021,598,2021-06-03 04:40:00,286093,180,Botaurus lentiginosus,American Bittern,AMBI,42.00,45.00,31.2,t,lite
PC,WLNP-7-2,863,General Community Waterton Lakes National Park 2021,598,2021-06-03 04:40:00,286093,180,Empidonax minimus,Least Flycatcher,LEFL,126.00,129.00,42.2,t,lite
PC,WLNP-7-2,863,General Community Waterton Lakes National Park 2021,598,2021-06-03 04:40:00,286093,180,Empidonax minimus,Least Flycatcher,LEFL,129.00,132.00,81.0,t,lite
PC,WLNP-7-2,863,General Community Waterton Lakes National Park 2021,598,2021-06-03 04:40:00,286093,180,Empidonax minimus,Least Flycatcher,LEFL,132.00,135.00,80.0,t,lite
PC,WLNP-7-2,863,General Community Waterton Lakes National Park 2021,598,2021-06-03 04:40:00,286093,180,Empidonax minimus,Least Flycatcher,LEFL,135.00,138.00,88.7,t,lite
PC,WLNP-7-2,863,General Community Waterton Lakes National Park 2021,598,2021-06-03 04:40:00,286093,180,Empidonax minimus,Least Flycatcher,LEFL,141.00,144.00,86.7,t,lite
PC,WLNP-7-2,863,General Community Waterton Lakes National Park 2021,598,2021-06-03 04:40:00,286093,180,Empidonax minimus,Least Flycatcher,LEFL,144.00,147.00,82.2,t,lite
PC,WLNP-7-2,863,General Community Waterton Lakes National Park 2021,598,2021-06-03 04:40:00,286093,180,Empidonax minimus,Least Flycatcher,LEFL,147.00,150.00,81.1,t,lite
PC,WLNP-7-2,863,General Community Waterton Lakes National Park 2021,598,2021-06-03 04:40:00,286093,180,Empidonax minimus,Least Flycatcher,LEFL,153.00,156.00,71.8,t,lite
PC,WLNP-7-2,863,General Community Waterton Lakes National Park 2021,598,2021-06-03 04:40:00,286093,180,Scolopax rusticola,Eurasian Woodcock,EUWO,156.00,159.00,32.5,t,lite
PC,WLNP-7-2,863,General Community Waterton Lakes National Park 2021,598,2021-06-03 04:40:00,286093,180,Empidonax minimus,Least Flycatcher,LEFL,156.00,159.00,80.0,t,lite
PC,WLNP-7-2,863,General Community Waterton Lakes National Park 2021,598,2021-06-03 04:40:00,286093,180,Empidonax minimus,Least Flycatcher,LEFL,162.00,165.00,74.7,t,lite
PC,WLNP-7-2,863,General Community Waterton Lakes National Park 2021,598,2021-06-03 04:40:00,286093,180,Empidonax minimus,Least Flycatcher,LEFL,165.00,168.00,62.7,t,lite
PC,WLNP-7-2,863,General Community Waterton Lakes National Park 2021,598,2021-06-03 04:40:00,286093,180,Empidonax minimus,Least Flycatcher,LEFL,171.00,174.00,42.0,t,lite
PC,WLNP-7-2,863,General Community Waterton Lakes National Park 2021,598,2021-06-03 04:40:00,286093,180,Empidonax minimus,Least Flycatcher,LEFL,174.00,177.00,48.7,t,lite
PC,WLNP-7-2,863,General Community Waterton Lakes National Park 2021,598,2021-06-03 04:40:00,286093,180,Empidonax minimus,Least Flycatcher,LEFL,177.00,180.00,65.9,t,lite
PC,WLNP-7-2,863,General Community Waterton Lakes National Park 2021,598,2021-06-04 08:40:00,286076,180,Troglodytes aedon,House Wren,HOWR,0.00,3.00,40.8,t,lite
PC,WLNP-7-2,863,General Community Waterton Lakes National Park 2021,598,2021-06-04 08:40:00,286076,180,Troglodytes aedon,House Wren,HOWR,3.00,6.00,36.5,t,lite
PC,WLNP-7-2,863,General Community Waterton Lakes National Park 2021,598,2021-06-04 08:40:00,286076,180,Troglodytes aedon,House Wren,HOWR,9.00,12.00,31.4,t,lite
PC,WLNP-7-2,863,General Community Waterton Lakes National Park 2021,598,2021-06-04 08:40:00,286076,180,Troglodytes aedon,House Wren,HOWR,15.00,18.00,41.3,t,lite
PC,WLNP-7-2,863,General Community Waterton Lakes National Park 2021,598,2021-06-04 08:40:00,286076,180,Troglodytes aedon,House Wren,HOWR,27.00,30.00,70.6,t,lite
PC,WLNP-7-2,863,General Community Waterton Lakes National Park 2021,598,2021-06-04 08:40:00,286076,180,Troglodytes aedon,House Wren,HOWR,33.00,36.00,56.1,t,lite
PC,WLNP-7-2,863,General Community Waterton Lakes National Park 2021,598,2021-06-04 08:40:00,286076,180,Troglodytes aedon,House Wren,HOWR,39.00,42.00,53.3,t,lite
PC,WLNP-7-2,863,General Community Waterton Lakes National Park 2021,598,2021-06-04 08:40:00,286076,180,Troglodytes aedon,House Wren,HOWR,42.00,45.00,32.1,t,lite
PC,WLNP-7-2,863,General Community Waterton Lakes National Park 2021,598,2021-06-04 08:40:00,286076,180,Fringilla coelebs,Common Chaffinch,CCHA,78.00,81.00,28.7,t,lite
PC,WLNP-7-2,863,General Community Waterton Lakes National Park 2021,598,2021-06-04 08:40:00,286076,180,Troglodytes aedon,House Wren,HOWR,78.00,81.00,52.3,t,lite
PC,WLNP-7-2,863,General Community Waterton Lakes National Park 2021,598,2021-06-04 08:40:00,286076,180,Troglodytes aedon,House Wren,HOWR,81.00,84.00,25.5,t,lite
PC,WLNP-7-2,863,General Community Waterton Lakes National Park 2021,598,2021-06-04 08:40:00,286076,180,Geothlypis philadelphia,Mourning Warbler,MOWA,81.00,84.00,31.1,t,lite
PC,WLNP-7-2,863,General Community Waterton Lakes National Park 2021,598,2021-06-04 08:40:00,286076,180,Troglodytes aedon,House Wren,HOWR,90.00,93.00,30.6,t,lite
PC,WLNP-7-2,863,General Community Waterton Lakes National Park 2021,598,2021-06-04 08:40:00,286076,180,Empidonax minimus,Least Flycatcher,LEFL,99.00,102.00,57.4,t,lite
PC,WLNP-7-2,863,General Community Waterton Lakes National Park 2021,598,2021-06-04 08:40:00,286076,180,Empidonax minimus,Least Flycatcher,LEFL,102.00,105.00,37.8,t,lite
PC,WLNP-7-2,863,General Community Waterton Lakes National Park 2021,598,2021-06-04 08:40:00,286076,180,Empidonax minimus,Least Flycatcher,LEFL,108.00,111.00,37.3,t,lite
PC,WLNP-7-2,863,General Community Waterton Lakes National Park 2021,598,2021-06-04 08:40:00,286076,180,Troglodytes aedon,House Wren,HOWR,111.00,114.00,27.5,t,lite
PC,WLNP-7-2,863,General Community Waterton Lakes National Park 2021,598,2021-06-05 05:40:00,285990,180,Troglodytes aedon,House Wren,HOWR,0.00,3.00,59.4,t,lite
PC,WLNP-7-2,863,General Community Waterton Lakes National Park 2021,598,2021-06-05 05:40:00,285990,180,Troglodytes aedon,House Wren,HOWR,3.00,6.00,26.9,t,lite
PC,WLNP-7-2,863,General Community Waterton Lakes National Park 2021,598,2021-06-05 05:40:00,285990,180,Troglodytes aedon,House Wren,HOWR,6.00,9.00,71.7,t,lite
PC,WLNP-7-2,863,General Community Waterton Lakes National Park 2021,598,2021-06-05 05:40:00,285990,180,Geothlypis philadelphia,Mourning Warbler,MOWA,6.00,9.00,25.7,t,lite
PC,WLNP-7-2,863,General Community Waterton Lakes National Park 2021,598,2021-06-05 05:40:00,285990,180,Troglodytes aedon,House Wren,HOWR,9.00,12.00,36.2,t,lite
PC,WLNP-7-2,863,General Community Waterton Lakes National Park 2021,598,2021-06-05 05:40:00,285990,180,Troglodytes aedon,House Wren,HOWR,12.00,15.00,32.6,t,lite
PC,WLNP-7-2,863,General Community Waterton Lakes National Park 2021,598,2021-06-05 05:40:00,285990,180,Troglodytes aedon,House Wren,HOWR,21.00,24.00,40.1,t,lite
PC,WLNP-7-2,863,General Community Waterton Lakes National Park 2021,598,2021-06-05 05:40:00,285990,180,Fringilla coelebs,Common Chaffinch,CCHA,21.00,24.00,28.3,t,lite
PC,WLNP-7-2,863,General Community Waterton Lakes National Park 2021,598,2021-06-05 05:40:00,285990,180,Troglodytes aedon,House Wren,HOWR,27.00,30.00,57.8,t,lite
PC,WLNP-7-2,863,General Community Waterton Lakes National Park 2021,598,2021-06-05 05:40:00,285990,180,Troglodytes aedon,House Wren,HOWR,45.00,48.00,42.0,t,lite
PC,WLNP-7-2,863,General Community Waterton Lakes National Park 2021,598,2021-06-05 05:40:00,285990,180,Troglodytes aedon,House Wren,HOWR,48.00,51.00,40.6,t,lite
PC,WLNP-7-2,863,General Community Waterton Lakes National Park 2021,598,2021-06-05 05:40:00,285990,180,Troglodytes aedon,House Wren,HOWR,51.00,54.00,73.0,t,lite
PC,WLNP-7-2,863,General Community Waterton Lakes National Park 2021,598,2021-06-05 05:40:00,285990,180,Troglodytes aedon,House Wren,HOWR,57.00,60.00,50.4,t,lite
PC,WLNP-7-2,863,General Community Waterton Lakes National Park 2021,598,2021-06-05 05:40:00,285990,180,Troglodytes aedon,House Wren,HOWR,63.00,66.00,33.5,t,lite
PC,WLNP-7-2,863,General Community Waterton Lakes National Park 2021,598,2021-06-05 05:40:00,285990,180,Troglodytes aedon,House Wren,HOWR,66.00,69.00,57.0,t,lite
PC,WLNP-7-2,863,General Community Waterton Lakes National Park 2021,598,2021-06-05 05:40:00,285990,180,Troglodytes aedon,House Wren,HOWR,69.00,72.00,25.4,t,lite
PC,WLNP-7-2,863,General Community Waterton Lakes National Park 2021,598,2021-06-05 05:40:00,285990,180,Troglodytes aedon,House Wren,HOWR,72.00,75.00,32.5,t,lite
PC,WLNP-7-2,863,General Community Waterton Lakes National Park 2021,598,2021-06-05 05:40:00,285990,180,Troglodytes aedon,House Wren,HOWR,78.00,81.00,47.4,t,lite
PC,WLNP-7-2,863,General Community Waterton Lakes National Park 2021,598,2021-06-05 05:40:00,285990,180,Troglodytes aedon,House Wren,HOWR,81.00,84.00,35.5,t,lite
PC,WLNP-7-2,863,General Community Waterton Lakes National Park 2021,598,2021-06-05 05:40:00,285990,180,Troglodytes aedon,House Wren,HOWR,84.00,87.00,63.1,t,lite
PC,WLNP-7-2,863,General Community Waterton Lakes National Park 2021,598,2021-06-05 05:40:00,285990,180,Troglodytes aedon,House Wren,HOWR,90.00,93.00,36.2,t,lite
PC,WLNP-7-2,863,General Community Waterton Lakes National Park 2021,598,2021-06-05 05:40:00,285990,180,Phylloscopus nitidus,,,93.00,96.00,26.3,f,lite
PC,WLNP-7-2,863,General Community Waterton Lakes National Park 2021,598,2021-06-05 05:40:00,285990,180,Vireo gilvus,Warbling Vireo,WAVI,126.00,129.00,28.7,t,lite
PC,WLNP-7-2,863,General Community Waterton Lakes National Park 2021,598,2021-06-05 05:40:00,285990,180,Vireo gilvus,Warbling Vireo,WAVI,132.00,135.00,33.0,t,lite
PC,WLNP-7-2,863,General Community Waterton Lakes National Park 2021,598,2021-06-05 05:40:00,285990,180,Vireo gilvus,Warbling Vireo,WAVI,135.00,138.00,30.1,t,lite
PC,WLNP-7-2,863,General Community Waterton Lakes National Park 2021,598,2021-06-05 05:40:00,285990,180,Vireo gilvus,Warbling Vireo,WAVI,138.00,141.00,31.8,t,lite
PC,WLNP-7-2,863,General Community Waterton Lakes National Park 2021,598,2021-06-05 05:40:00,285990,180,Vireo gilvus,Warbling Vireo,WAVI,147.00,150.00,37.7,t,lite
PC,WLNP-7-2,863,General Community Waterton Lakes National Park 2021,598,2021-06-05 05:40:00,285990,180,Vireo gilvus,Warbling Vireo,WAVI,150.00,153.00,40.3,t,lite
PC,WLNP-7-2,863,General Community Waterton Lakes National Park 2021,598,2021-06-05 05:40:00,285990,180,Vireo leucophrys,Brown-capped Vireo,BCAV,150.00,153.00,30.7,t,lite
PC,WLNP-7-2,863,General Community Waterton Lakes National Park 2021,598,2021-06-05 05:40:00,285990,180,Troglodytes aedon,House Wren,HOWR,153.00,156.00,29.5,t,lite
PC,WLNP-7-2,863,General Community Waterton Lakes National Park 2021,598,2021-06-05 05:40:00,285990,180,Vireo gilvus,Warbling Vireo,WAVI,156.00,159.00,36.8,t,lite
PC,WLNP-7-2,863,General Community Waterton Lakes National Park 2021,598,2021-06-05 05:40:00,285990,180,Ficedula hypoleuca,European Pied Flycatcher,FICHYP,162.00,165.00,36.0,t,lite
PC,WLNP-7-2,863,General Community Waterton Lakes National Park 2021,598,2021-06-05 05:40:00,285990,180,Vireo gilvus,Warbling Vireo,WAVI,162.00,165.00,71.8,t,lite
PC,WLNP-7-2,863,General Community Waterton Lakes National Park 2021,598,2021-06-05 05:40:00,285990,180,Vireo gilvus,Warbling Vireo,WAVI,171.00,174.00,87.6,t,lite
PC,WLNP-7-2,863,General Community Waterton Lakes National Park 2021,598,2021-06-05 05:40:00,285990,180,Vireo leucophrys,Brown-capped Vireo,BCAV,171.00,174.00,26.2,t,lite
PC,WLNP-7-2,863,General Community Waterton Lakes National Park 2021,598,2021-06-05 05:40:00,285990,180,Ficedula hypoleuca,European Pied Flycatcher,FICHYP,171.00,174.00,29.2,t,lite
PC,WLNP-7-2,863,General Community Waterton Lakes National Park 2021,598,2021-06-05 05:40:00,285990,180,Vireo gilvus,Warbling Vireo,WAVI,174.00,177.00,36.2,t,lite
PC,WLNP-7-2,863,General Community Waterton Lakes National Park 2021,598,2021-06-05 05:40:00,285990,180,Ficedula hypoleuca,European Pied Flycatcher,FICHYP,174.00,177.00,38.5,t,lite
PC,WLNP-7-2,863,General Community Waterton Lakes National Park 2021,598,2021-06-05 05:40:00,285990,180,Vireo gilvus,Warbling Vireo,WAVI,177.00,180.00,78.1,t,lite
PC,WLNP-7-2,863,General Community Waterton Lakes National Park 2021,598,2021-06-05 05:40:00,285990,180,Ficedula hypoleuca,European Pied Flycatcher,FICHYP,177.00,180.00,31.1,t,lite
PC,WLNP-7-2,863,General Community Waterton Lakes National Park 2021,598,2021-06-09 06:40:00,286085,180,Troglodytes aedon,House Wren,HOWR,0.00,3.00,26.1,t,lite
PC,WLNP-7-2,863,General Community Waterton Lakes National Park 2021,598,2021-06-09 06:40:00,286085,180,Empidonax minimus,Least Flycatcher,LEFL,3.00,6.00,69.5,t,lite
PC,WLNP-7-2,863,General Community Waterton Lakes National Park 2021,598,2021-06-09 06:40:00,286085,180,Orthogonys chloricterus,,,3.00,6.00,49.4,f,lite
PC,WLNP-7-2,863,General Community Waterton Lakes National Park 2021,598,2021-06-09 06:40:00,286085,180,Melampitta lugubris,,,3.00,6.00,31.1,f,lite
PC,WLNP-7-2,863,General Community Waterton Lakes National Park 2021,598,2021-06-09 06:40:00,286085,180,Cyanoloxia rothschildii,,,3.00,6.00,30.0,f,lite
PC,WLNP-7-2,863,General Community Waterton Lakes National Park 2021,598,2021-06-09 06:40:00,286085,180,Empidonax minimus,Least Flycatcher,LEFL,6.00,9.00,36.5,t,lite
PC,WLNP-7-2,863,General Community Waterton Lakes National Park 2021,598,2021-06-09 06:40:00,286085,180,Troglodytes aedon,House Wren,HOWR,6.00,9.00,28.5,t,lite
PC,WLNP-7-2,863,General Community Waterton Lakes National Park 2021,598,2021-06-09 06:40:00,286085,180,Troglodytes aedon,House Wren,HOWR,9.00,12.00,35.0,t,lite
PC,WLNP-7-2,863,General Community Waterton Lakes National Park 2021,598,2021-06-09 06:40:00,286085,180,Fringilla coelebs,Common Chaffinch,CCHA,18.00,21.00,27.6,t,lite
PC,WLNP-7-2,863,General Community Waterton Lakes National Park 2021,598,2021-06-09 06:40:00,286085,180,Troglodytes aedon,House Wren,HOWR,18.00,21.00,36.6,t,lite
PC,WLNP-7-2,863,General Community Waterton Lakes National Park 2021,598,2021-06-09 06:40:00,286085,180,Fringilla coelebs,Common Chaffinch,CCHA,24.00,27.00,25.8,t,lite
PC,WLNP-7-2,863,General Community Waterton Lakes National Park 2021,598,2021-06-09 06:40:00,286085,180,Colibri delphinae,Brown Violetear,BRVI,27.00,30.00,29.7,t,lite
PC,WLNP-7-2,863,General Community Waterton Lakes National Park 2021,598,2021-06-09 06:40:00,286085,180,Empidonax minimus,Least Flycatcher,LEFL,30.00,33.00,68.4,t,lite
PC,WLNP-7-2,863,General Community Waterton Lakes National Park 2021,598,2021-06-09 06:40:00,286085,180,Troglodytes aedon,House Wren,HOWR,33.00,36.00,36.1,t,lite
PC,WLNP-7-2,863,General Community Waterton Lakes National Park 2021,598,2021-06-09 06:40:00,286085,180,Fringilla coelebs,Common Chaffinch,CCHA,39.00,42.00,38.7,t,lite
PC,WLNP-7-2,863,General Community Waterton Lakes National Park 2021,598,2021-06-09 06:40:00,286085,180,Troglodytes aedon,House Wren,HOWR,39.00,42.00,41.9,t,lite
PC,WLNP-7-2,863,General Community Waterton Lakes National Park 2021,598,2021-06-09 06:40:00,286085,180,Empidonax minimus,Least Flycatcher,LEFL,42.00,45.00,59.5,t,lite
PC,WLNP-7-2,863,General Community Waterton Lakes National Park 2021,598,2021-06-09 06:40:00,286085,180,Troglodytes aedon,House Wren,HOWR,45.00,48.00,48.5,t,lite
PC,WLNP-7-2,863,General Community Waterton Lakes National Park 2021,598,2021-06-09 06:40:00,286085,180,Empidonax minimus,Least Flycatcher,LEFL,48.00,51.00,47.4,t,lite
PC,WLNP-7-2,863,General Community Waterton Lakes National Park 2021,598,2021-06-09 06:40:00,286085,180,Troglodytes aedon,House Wren,HOWR,51.00,54.00,46.5,t,lite
PC,WLNP-7-2,863,General Community Waterton Lakes National Park 2021,598,2021-06-09 06:40:00,286085,180,Empidonax minimus,Least Flycatcher,LEFL,54.00,57.00,74.3,t,lite
PC,WLNP-7-2,863,General Community Waterton Lakes National Park 2021,598,2021-06-09 06:40:00,286085,180,Troglodytes aedon,House Wren,HOWR,57.00,60.00,29.2,t,lite
PC,WLNP-7-2,863,General Community Waterton Lakes National Park 2021,598,2021-06-09 06:40:00,286085,180,Empidonax minimus,Least Flycatcher,LEFL,60.00,63.00,57.9,t,lite
PC,WLNP-7-2,863,General Community Waterton Lakes National Park 2021,598,2021-06-09 06:40:00,286085,180,Empidonax minimus,Least Flycatcher,LEFL,69.00,72.00,56.9,t,lite
PC,WLNP-7-2,863,General Community Waterton Lakes National Park 2021,598,2021-06-09 06:40:00,286085,180,Troglodytes aedon,House Wren,HOWR,72.00,75.00,34.4,t,lite
PC,WLNP-7-2,863,General Community Waterton Lakes National Park 2021,598,2021-06-09 06:40:00,286085,180,Geothlypis philadelphia,Mourning Warbler,MOWA,72.00,75.00,25.6,t,lite
PC,WLNP-7-2,863,General Community Waterton Lakes National Park 2021,598,2021-06-09 06:40:00,286085,180,Empidonax minimus,Least Flycatcher,LEFL,75.00,78.00,71.5,t,lite
PC,WLNP-7-2,863,General Community Waterton Lakes National Park 2021,598,2021-06-09 06:40:00,286085,180,Troglodytes aedon,House Wren,HOWR,78.00,81.00,63.2,t,lite
PC,WLNP-7-2,863,General Community Waterton Lakes National Park 2021,598,2021-06-09 06:40:00,286085,180,Troglodytes aedon,House Wren,HOWR,81.00,84.00,47.8,t,lite
PC,WLNP-7-2,863,General Community Waterton Lakes National Park 2021,598,2021-06-09 06:40:00,286085,180,Troglodytes aedon,House Wren,HOWR,84.00,87.00,38.9,t,lite
PC,WLNP-7-2,863,General Community Waterton Lakes National Park 2021,598,2021-06-09 06:40:00,286085,180,Empidonax minimus,Least Flycatcher,LEFL,90.00,93.00,72.5,t,lite
PC,WLNP-7-2,863,General Community Waterton Lakes National Park 2021,598,2021-06-09 06:40:00,286085,180,Troglodytes aedon,House Wren,HOWR,93.00,96.00,62.5,t,lite
PC,WLNP-7-2,863,General Community Waterton Lakes National Park 2021,598,2021-06-09 06:40:00,286085,180,Fringilla coelebs,Common Chaffinch,CCHA,93.00,96.00,34.1,t,lite
PC,WLNP-7-2,863,General Community Waterton Lakes National Park 2021,598,2021-06-09 06:40:00,286085,180,Empidonax minimus,Least Flycatcher,LEFL,96.00,99.00,33.0,t,lite
PC,WLNP-7-2,863,General Community Waterton Lakes National Park 2021,598,2021-06-09 06:40:00,286085,180,Troglodytes aedon,House Wren,HOWR,99.00,102.00,53.2,t,lite
PC,WLNP-7-2,863,General Community Waterton Lakes National Park 2021,598,2021-06-09 06:40:00,286085,180,Empidonax minimus,Least Flycatcher,LEFL,102.00,105.00,56.3,t,lite
PC,WLNP-7-2,863,General Community Waterton Lakes National Park 2021,598,2021-06-09 06:40:00,286085,180,Empidonax minimus,Least Flycatcher,LEFL,108.00,111.00,58.5,t,lite
PC,WLNP-7-2,863,General Community Waterton Lakes National Park 2021,598,2021-06-09 06:40:00,286085,180,Empidonax minimus,Least Flycatcher,LEFL,114.00,117.00,72.1,t,lite
PC,WLNP-7-2,863,General Community Waterton Lakes National Park 2021,598,2021-06-09 06:40:00,286085,180,Colibri delphinae,Brown Violetear,BRVI,114.00,117.00,27.7,t,lite
PC,WLNP-7-2,863,General Community Waterton Lakes National Park 2021,598,2021-06-09 06:40:00,286085,180,Troglodytes aedon,House Wren,HOWR,117.00,120.00,26.9,t,lite
PC,WLNP-7-2,863,General Community Waterton Lakes National Park 2021,598,2021-06-09 06:40:00,286085,180,Troglodytes aedon,House Wren,HOWR,129.00,132.00,25.4,t,lite
PC,WLNP-7-2,863,General Community Waterton Lakes National Park 2021,598,2021-06-09 06:40:00,286085,180,Troglodytes aedon,House Wren,HOWR,153.00,156.00,31.2,t,lite
PC,WLNP-7-2,863,General Community Waterton Lakes National Park 2021,598,2021-06-09 06:40:00,286085,180,Fringilla coelebs,Common Chaffinch,CCHA,153.00,156.00,31.4,t,lite
PC,WLNP-7-2,863,General Community Waterton Lakes National Park 2021,598,2021-06-09 06:40:00,286085,180,Cyanoptila cyanomelana,,,165.00,168.00,26.1,f,lite
PC,WLNP-7-2,863,General Community Waterton Lakes National Park 2021,598,2021-06-11 07:00:00,286035,180,Vireo gilvus,Warbling Vireo,WAVI,0.00,3.00,38.9,t,lite
PC,WLNP-7-2,863,General Community Waterton Lakes National Park 2021,598,2021-06-11 07:00:00,286035,180,Ficedula hypoleuca,European Pied Flycatcher,FICHYP,12.00,15.00,25.3,t,lite
PC,WLNP-7-2,863,General Community Waterton Lakes National Park 2021,598,2021-06-11 07:00:00,286035,180,Vireo leucophrys,Brown-capped Vireo,BCAV,12.00,15.00,32.0,t,lite
PC,WLNP-7-2,863,General Community Waterton Lakes National Park 2021,598,2021-06-11 07:00:00,286035,180,Vireo gilvus,Warbling Vireo,WAVI,12.00,15.00,73.2,t,lite
PC,WLNP-7-2,863,General Community Waterton Lakes National Park 2021,598,2021-06-11 07:00:00,286035,180,Vireo gilvus,Warbling Vireo,WAVI,18.00,21.00,51.1,t,lite
PC,WLNP-7-2,863,General Community Waterton Lakes National Park 2021,598,2021-06-11 07:00:00,286035,180,Contopus sordidulus,Western Wood-Pewee,WEWP,21.00,24.00,25.2,t,lite
PC,WLNP-7-2,863,General Community Waterton Lakes National Park 2021,598,2021-06-11 07:00:00,286035,180,Vireo gilvus,Warbling Vireo,WAVI,30.00,33.00,43.1,t,lite
PC,WLNP-7-2,863,General Community Waterton Lakes National Park 2021,598,2021-06-11 07:00:00,286035,180,Contopus sordidulus,Western Wood-Pewee,WEWP,36.00,39.00,55.0,t,lite
PC,WLNP-7-2,863,General Community Waterton Lakes National Park 2021,598,2021-06-11 07:00:00,286035,180,Vireo leucophrys,Brown-capped Vireo,BCAV,42.00,45.00,32.1,t,lite
PC,WLNP-7-2,863,General Community Waterton Lakes National Park 2021,598,2021-06-11 07:00:00,286035,180,Ficedula hypoleuca,European Pied Flycatcher,FICHYP,42.00,45.00,36.6,t,lite
PC,WLNP-7-2,863,General Community Waterton Lakes National Park 2021,598,2021-06-11 07:00:00,286035,180,Vireo gilvus,Warbling Vireo,WAVI,42.00,45.00,68.7,t,lite
PC,WLNP-7-2,863,General Community Waterton Lakes National Park 2021,598,2021-06-11 07:00:00,286035,180,Phylloscopus sarasinorum,,,42.00,45.00,28.4,f,lite
PC,WLNP-7-2,863,General Community Waterton Lakes National Park 2021,598,2021-06-11 07:00:00,286035,180,Empidonax minimus,Least Flycatcher,LEFL,63.00,66.00,34.0,t,lite
PC,WLNP-7-2,863,General Community Waterton Lakes National Park 2021,598,2021-06-11 07:00:00,286035,180,Empidonax fulvifrons,Buff-breasted Flycatcher,BBFL,63.00,66.00,25.1,t,lite
PC,WLNP-7-2,863,General Community Waterton Lakes National Park 2021,598,2021-06-11 07:00:00,286035,180,Vireo gilvus,Warbling Vireo,WAVI,75.00,78.00,30.8,t,lite
PC,WLNP-7-2,863,General Community Waterton Lakes National Park 2021,598,2021-06-11 07:00:00,286035,180,Contopus sordidulus,Western Wood-Pewee,WEWP,90.00,93.00,38.7,t,lite
PC,WLNP-7-2,863,General Community Waterton Lakes National Park 2021,598,2021-06-11 07:00:00,286035,180,Vireo gilvus,Warbling Vireo,WAVI,111.00,114.00,30.3,t,lite
PC,WLNP-7-2,863,General Community Waterton Lakes National Park 2021,598,2021-06-11 07:00:00,286035,180,Vireo leucophrys,Brown-capped Vireo,BCAV,126.00,129.00,43.2,t,lite
PC,WLNP-7-2,863,General Community Waterton Lakes National Park 2021,598,2021-06-11 07:00:00,286035,180,Vireo gilvus,Warbling Vireo,WAVI,126.00,129.00,64.4,t,lite
PC,WLNP-7-2,863,General Community Waterton Lakes National Park 2021,598,2021-06-11 07:00:00,286035,180,Pachysylvia decurtata,Lesser Greenlet,LESG,129.00,132.00,33.8,t,lite
PC,WLNP-7-2,863,General Community Waterton Lakes National Park 2021,598,2021-06-11 07:00:00,286035,180,Passerina ciris,Painted Bunting,PABU,135.00,138.00,29.5,t,lite
PC,WLNP-7-2,863,General Community Waterton Lakes National Park 2021,598,2021-06-11 07:00:00,286035,180,Vireo gilvus,Warbling Vireo,WAVI,135.00,138.00,48.0,t,lite
PC,WLNP-7-2,863,General Community Waterton Lakes National Park 2021,598,2021-06-11 07:00:00,286035,180,Ficedula hypoleuca,European Pied Flycatcher,FICHYP,135.00,138.00,27.4,t,lite
PC,WLNP-7-2,863,General Community Waterton Lakes National Park 2021,598,2021-06-11 07:00:00,286035,180,Vireo leucophrys,Brown-capped Vireo,BCAV,141.00,144.00,33.3,t,lite
PC,WLNP-7-2,863,General Community Waterton Lakes National Park 2021,598,2021-06-11 07:00:00,286035,180,Vireo gilvus,Warbling Vireo,WAVI,141.00,144.00,58.7,t,lite
PC,WLNP-7-2,863,General Community Waterton Lakes National Park 2021,598,2021-06-11 07:00:00,286035,180,Phylloscopus soror,,,141.00,144.00,25.4,f,lite
PC,WLNP-7-2,863,General Community Waterton Lakes National Park 2021,598,2021-06-11 07:00:00,286035,180,Ficedula hypoleuca,European Pied Flycatcher,FICHYP,141.00,144.00,34.8,t,lite
PC,WLNP-7-2,863,General Community Waterton Lakes National Park 2021,598,2021-06-11 07:00:00,286035,180,Vireo leucophrys,Brown-capped Vireo,BCAV,144.00,147.00,54.2,t,lite
PC,WLNP-7-2,863,General Community Waterton Lakes National Park 2021,598,2021-06-11 07:00:00,286035,180,Cyanoloxia glaucocaerulea,,,144.00,147.00,26.2,f,lite
PC,WLNP-7-2,863,General Community Waterton Lakes National Park 2021,598,2021-06-11 07:00:00,286035,180,Vireo gilvus,Warbling Vireo,WAVI,144.00,147.00,51.2,t,lite
PC,WLNP-7-2,863,General Community Waterton Lakes National Park 2021,598,2021-06-11 07:00:00,286035,180,Vireo gilvus,Warbling Vireo,WAVI,165.00,168.00,32.1,t,lite
PC,WLNP-7-2,863,General Community Waterton Lakes National Park 2021,598,2021-06-11 07:00:00,286035,180,Phylloscopus soror,,,168.00,171.00,28.4,f,lite
PC,WLNP-7-2,863,General Community Waterton Lakes National Park 2021,598,2021-06-11 23:00:00,285967,180,Clibanornis rubiginosus,Ruddy Foliage-gleaner,RUFG,0.00,3.00,43.3,t,lite
PC,WLNP-7-2,863,General Community Waterton Lakes National Park 2021,598,2021-06-11 23:00:00,285967,180,Porzana carolina,Sora,SORA,0.00,3.00,75.0,t,lite
PC,WLNP-7-2,863,General Community Waterton Lakes National Park 2021,598,2021-06-11 23:00:00,285967,180,Clibanornis rubiginosus,Ruddy Foliage-gleaner,RUFG,3.00,6.00,33.2,t,lite
PC,WLNP-7-2,863,General Community Waterton Lakes National Park 2021,598,2021-06-11 23:00:00,285967,180,Porzana carolina,Sora,SORA,3.00,6.00,85.6,t,lite
PC,WLNP-7-2,863,General Community Waterton Lakes National Park 2021,598,2021-06-11 23:00:00,285967,180,Aegolius funereus,Boreal Owl,BOOW,6.00,9.00,26.4,t,lite
PC,WLNP-7-2,863,General Community Waterton Lakes National Park 2021,598,2021-06-11 23:00:00,285967,180,Porzana carolina,Sora,SORA,6.00,9.00,47.5,t,lite
PC,WLNP-7-2,863,General Community Waterton Lakes National Park 2021,598,2021-06-11 23:00:00,285967,180,Porzana carolina,Sora,SORA,9.00,12.00,41.3,t,lite
PC,WLNP-7-2,863,General Community Waterton Lakes National Park 2021,598,2021-06-11 23:00:00,285967,180,Strix aluco,Tawny Owl,STRALU,9.00,12.00,55.9,t,lite
PC,WLNP-7-2,863,General Community Waterton Lakes National Park 2021,598,2021-06-11 23:00:00,285967,180,Clibanornis rubiginosus,Ruddy Foliage-gleaner,RUFG,12.00,15.00,40.6,t,lite
PC,WLNP-7-2,863,General Community Waterton Lakes National Park 2021,598,2021-06-11 23:00:00,285967,180,Porzana carolina,Sora,SORA,12.00,15.00,59.6,t,lite
PC,WLNP-7-2,863,General Community Waterton Lakes National Park 2021,598,2021-06-11 23:00:00,285967,180,Clibanornis rubiginosus,Ruddy Foliage-gleaner,RUFG,15.00,18.00,38.0,t,lite
PC,WLNP-7-2,863,General Community Waterton Lakes National Park 2021,598,2021-06-11 23:00:00,285967,180,Porzana carolina,Sora,SORA,15.00,18.00,71.3,t,lite
PC,WLNP-7-2,863,General Community Waterton Lakes National Park 2021,598,2021-06-11 23:00:00,285967,180,Strix aluco,Tawny Owl,STRALU,15.00,18.00,26.4,t,lite
PC,WLNP-7-2,863,General Community Waterton Lakes National Park 2021,598,2021-06-11 23:00:00,285967,180,Porzana carolina,Sora,SORA,18.00,21.00,27.5,t,lite
PC,WLNP-7-2,863,General Community Waterton Lakes National Park 2021,598,2021-06-11 23:00:00,285967,180,Clibanornis rubiginosus,Ruddy Foliage-gleaner,RUFG,21.00,24.00,40.8,t,lite
PC,WLNP-7-2,863,General Community Waterton Lakes National Park 2021,598,2021-06-11 23:00:00,285967,180,Porzana carolina,Sora,SORA,21.00,24.00,65.9,t,lite
PC,WLNP-7-2,863,General Community Waterton Lakes National Park 2021,598,2021-06-11 23:00:00,285967,180,Porzana carolina,Sora,SORA,24.00,27.00,60.2,t,lite
PC,WLNP-7-2,863,General Community Waterton Lakes National Park 2021,598,2021-06-11 23:00:00,285967,180,Strix aluco,Tawny Owl,STRALU,24.00,27.00,33.2,t,lite
PC,WLNP-7-2,863,General Community Waterton Lakes National Park 2021,598,2021-06-11 23:00:00,285967,180,Gallinago delicata,Wilson's Snipe,WISN,27.00,30.00,35.9,t,lite
PC,WLNP-7-2,863,General Community Waterton Lakes National Park 2021,598,2021-06-11 23:00:00,285967,180,Megascops albogularis,,,27.00,30.00,39.9,f,lite
PC,WLNP-7-2,863,General Community Waterton Lakes National Park 2021,598,2021-06-11 23:00:00,285967,180,Clibanornis rubiginosus,Ruddy Foliage-gleaner,RUFG,30.00,33.00,29.0,t,lite
PC,WLNP-7-2,863,General Community Waterton Lakes National Park 2021,598,2021-06-11 23:00:00,285967,180,Porzana carolina,Sora,SORA,30.00,33.00,76.7,t,lite
PC,WLNP-7-2,863,General Community Waterton Lakes National Park 2021,598,2021-06-11 23:00:00,285967,180,Clibanornis rubiginosus,Ruddy Foliage-gleaner,RUFG,33.00,36.00,38.5,t,lite
PC,WLNP-7-2,863,General Community Waterton Lakes National Park 2021,598,2021-06-11 23:00:00,285967,180,Porzana carolina,Sora,SORA,33.00,36.00,88.7,t,lite
PC,WLNP-7-2,863,General Community Waterton Lakes National Park 2021,598,2021-06-11 23:00:00,285967,180,Porzana carolina,Sora,SORA,36.00,39.00,41.9,t,lite
PC,WLNP-7-2,863,General Community Waterton Lakes National Park 2021,598,2021-06-11 23:00:00,285967,180,Strix aluco,Tawny Owl,STRALU,39.00,42.00,25.6,t,lite
PC,WLNP-7-2,863,General Community Waterton Lakes National Park 2021,598,2021-06-11 23:00:00,285967,180,Clibanornis rubiginosus,Ruddy Foliage-gleaner,RUFG,39.00,42.00,32.6,t,lite
PC,WLNP-7-2,863,General Community Waterton Lakes National Park 2021,598,2021-06-11 23:00:00,285967,180,Porzana carolina,Sora,SORA,39.00,42.00,77.5,t,lite
PC,WLNP-7-2,863,General Community Waterton Lakes National Park 2021,598,2021-06-11 23:00:00,285967,180,Porzana carolina,Sora,SORA,42.00,45.00,81.6,t,lite
PC,WLNP-7-2,863,General Community Waterton Lakes National Park 2021,598,2021-06-11 23:00:00,285967,180,Clibanornis rubiginosus,Ruddy Foliage-gleaner,RUFG,42.00,45.00,29.8,t,lite
PC,WLNP-7-2,863,General Community Waterton Lakes National Park 2021,598,2021-06-11 23:00:00,285967,180,Porzana carolina,Sora,SORA,45.00,48.00,61.1,t,lite
PC,WLNP-7-2,863,General Community Waterton Lakes National Park 2021,598,2021-06-11 23:00:00,285967,180,Porzana carolina,Sora,SORA,48.00,51.00,73.9,t,lite
PC,WLNP-7-2,863,General Community Waterton Lakes National Park 2021,598,2021-06-11 23:00:00,285967,180,Strix aluco,Tawny Owl,STRALU,48.00,51.00,29.6,t,lite
PC,WLNP-7-2,863,General Community Waterton Lakes National Park 2021,598,2021-06-11 23:00:00,285967,180,Clibanornis rubiginosus,Ruddy Foliage-gleaner,RUFG,48.00,51.00,30.6,t,lite
PC,WLNP-7-2,863,General Community Waterton Lakes National Park 2021,598,2021-06-11 23:00:00,285967,180,Porzana carolina,Sora,SORA,51.00,54.00,85.0,t,lite
PC,WLNP-7-2,863,General Community Waterton Lakes National Park 2021,598,2021-06-11 23:00:00,285967,180,Porzana carolina,Sora,SORA,54.00,57.00,35.0,t,lite
PC,WLNP-7-2,863,General Community Waterton Lakes National Park 2021,598,2021-06-11 23:00:00,285967,180,Strix aluco,Tawny Owl,STRALU,54.00,57.00,40.4,t,lite
PC,WLNP-7-2,863,General Community Waterton Lakes National Park 2021,598,2021-06-11 23:00:00,285967,180,Strix aluco,Tawny Owl,STRALU,57.00,60.00,26.1,t,lite
PC,WLNP-7-2,863,General Community Waterton Lakes National Park 2021,598,2021-06-11 23:00:00,285967,180,Aegolius funereus,Boreal Owl,BOOW,57.00,60.00,48.6,t,lite
PC,WLNP-7-2,863,General Community Waterton Lakes National Park 2021,598,2021-06-11 23:00:00,285967,180,Porzana carolina,Sora,SORA,60.00,63.00,84.9,t,lite
PC,WLNP-7-2,863,General Community Waterton Lakes National Park 2021,598,2021-06-11 23:00:00,285967,180,Clibanornis rubiginosus,Ruddy Foliage-gleaner,RUFG,60.00,63.00,27.8,t,lite
PC,WLNP-7-2,863,General Community Waterton Lakes National Park 2021,598,2021-06-11 23:00:00,285967,180,Porzana carolina,Sora,SORA,63.00,66.00,84.5,t,lite
PC,WLNP-7-2,863,General Community Waterton Lakes National Park 2021,598,2021-06-11 23:00:00,285967,180,Porzana carolina,Sora,SORA,66.00,69.00,84.2,t,lite
PC,WLNP-7-2,863,General Community Waterton Lakes National Park 2021,598,2021-06-11 23:00:00,285967,180,Clibanornis rubiginosus,Ruddy Foliage-gleaner,RUFG,69.00,72.00,25.3,t,lite
PC,WLNP-7-2,863,General Community Waterton Lakes National Park 2021,598,2021-06-11 23:00:00,285967,180,Porzana carolina,Sora,SORA,69.00,72.00,79.6,t,lite
PC,WLNP-7-2,863,General Community Waterton Lakes National Park 2021,598,2021-06-11 23:00:00,285967,180,Strix aluco,Tawny Owl,STRALU,72.00,75.00,26.3,t,lite
PC,WLNP-7-2,863,General Community Waterton Lakes National Park 2021,598,2021-06-11 23:00:00,285967,180,Clibanornis rubiginosus,Ruddy Foliage-gleaner,RUFG,72.00,75.00,36.9,t,lite
PC,WLNP-7-2,863,General Community Waterton Lakes National Park 2021,598,2021-06-11 23:00:00,285967,180,Porzana carolina,Sora,SORA,72.00,75.00,81.7,t,lite
PC,WLNP-7-2,863,General Community Waterton Lakes National Park 2021,598,2021-06-11 23:00:00,285967,180,Porzana carolina,Sora,SORA,75.00,78.00,52.3,t,lite
PC,WLNP-7-2,863,General Community Waterton Lakes National Park 2021,598,2021-06-11 23:00:00,285967,180,Clibanornis rubiginosus,Ruddy Foliage-gleaner,RUFG,75.00,78.00,27.9,t,lite
PC,WLNP-7-2,863,General Community Waterton Lakes National Park 2021,598,2021-06-11 23:00:00,285967,180,Clibanornis rubiginosus,Ruddy Foliage-gleaner,RUFG,78.00,81.00,31.8,t,lite
PC,WLNP-7-2,863,General Community Waterton Lakes National Park 2021,598,2021-06-11 23:00:00,285967,180,Porzana carolina,Sora,SORA,78.00,81.00,79.6,t,lite
PC,WLNP-7-2,863,General Community Waterton Lakes National Park 2021,598,2021-06-11 23:00:00,285967,180,Porzana carolina,Sora,SORA,81.00,84.00,86.3,t,lite
PC,WLNP-7-2,863,General Community Waterton Lakes National Park 2021,598,2021-06-11 23:00:00,285967,180,Clibanornis rubiginosus,Ruddy Foliage-gleaner,RUFG,81.00,84.00,25.9,t,lite
PC,WLNP-7-2,863,General Community Waterton Lakes National Park 2021,598,2021-06-11 23:00:00,285967,180,Porzana carolina,Sora,SORA,84.00,87.00,39.8,t,lite
PC,WLNP-7-2,863,General Community Waterton Lakes National Park 2021,598,2021-06-11 23:00:00,285967,180,Porzana carolina,Sora,SORA,87.00,90.00,69.5,t,lite
PC,WLNP-7-2,863,General Community Waterton Lakes National Park 2021,598,2021-06-11 23:00:00,285967,180,Clibanornis rubiginosus,Ruddy Foliage-gleaner,RUFG,87.00,90.00,36.9,t,lite
PC,WLNP-7-2,863,General Community Waterton Lakes National Park 2021,598,2021-06-11 23:00:00,285967,180,Porzana carolina,Sora,SORA,90.00,93.00,84.3,t,lite
PC,WLNP-7-2,863,General Community Waterton Lakes National Park 2021,598,2021-06-11 23:00:00,285967,180,Clibanornis rubiginosus,Ruddy Foliage-gleaner,RUFG,90.00,93.00,57.2,t,lite
PC,WLNP-7-2,863,General Community Waterton Lakes National Park 2021,598,2021-06-11 23:00:00,285967,180,Porzana carolina,Sora,SORA,93.00,96.00,34.2,t,lite
PC,WLNP-7-2,863,General Community Waterton Lakes National Park 2021,598,2021-06-11 23:00:00,285967,180,Strix aluco,Tawny Owl,STRALU,93.00,96.00,36.0,t,lite
PC,WLNP-7-2,863,General Community Waterton Lakes National Park 2021,598,2021-06-11 23:00:00,285967,180,Aegolius funereus,Boreal Owl,BOOW,93.00,96.00,27.5,t,lite
PC,WLNP-7-2,863,General Community Waterton Lakes National Park 2021,598,2021-06-11 23:00:00,285967,180,Clibanornis rubiginosus,Ruddy Foliage-gleaner,RUFG,96.00,99.00,41.2,t,lite
PC,WLNP-7-2,863,General Community Waterton Lakes National Park 2021,598,2021-06-11 23:00:00,285967,180,Porzana carolina,Sora,SORA,96.00,99.00,81.6,t,lite
PC,WLNP-7-2,863,General Community Waterton Lakes National Park 2021,598,2021-06-11 23:00:00,285967,180,Strix aluco,Tawny Owl,STRALU,96.00,99.00,32.0,t,lite
PC,WLNP-7-2,863,General Community Waterton Lakes National Park 2021,598,2021-06-11 23:00:00,285967,180,Clibanornis rubiginosus,Ruddy Foliage-gleaner,RUFG,99.00,102.00,35.6,t,lite
PC,WLNP-7-2,863,General Community Waterton Lakes National Park 2021,598,2021-06-11 23:00:00,285967,180,Porzana carolina,Sora,SORA,99.00,102.00,77.3,t,lite
PC,WLNP-7-2,863,General Community Waterton Lakes National Park 2021,598,2021-06-11 23:00:00,285967,180,Megascops kennicottii,Western Screech-Owl,WESO,102.00,105.00,26.5,t,lite
PC,WLNP-7-2,863,General Community Waterton Lakes National Park 2021,598,2021-06-11 23:00:00,285967,180,Megascops albogularis,,,102.00,105.00,45.8,f,lite
PC,WLNP-7-2,863,General Community Waterton Lakes National Park 2021,598,2021-06-11 23:00:00,285967,180,Aegolius funereus,Boreal Owl,BOOW,102.00,105.00,50.7,t,lite
PC,WLNP-7-2,863,General Community Waterton Lakes National Park 2021,598,2021-06-11 23:00:00,285967,180,Aegolius funereus,Boreal Owl,BOOW,111.00,114.00,47.6,t,lite
PC,WLNP-7-2,863,General Community Waterton Lakes National Park 2021,598,2021-06-11 23:00:00,285967,180,Gallinago delicata,Wilson's Snipe,WISN,111.00,114.00,27.3,t,lite
PC,WLNP-7-2,863,General Community Waterton Lakes National Park 2021,598,2021-06-11 23:00:00,285967,180,Aegolius funereus,Boreal Owl,BOOW,123.00,126.00,53.7,t,lite
PC,WLNP-7-2,863,General Community Waterton Lakes National Park 2021,598,2021-06-11 23:00:00,285967,180,Megascops gilesi,,,123.00,126.00,28.4,f,lite
PC,WLNP-7-2,863,General Community Waterton Lakes National Park 2021,598,2021-06-11 23:00:00,285967,180,Gallinago delicata,Wilson's Snipe,WISN,123.00,126.00,25.1,t,lite
PC,WLNP-7-2,863,General Community Waterton Lakes National Park 2021,598,2021-06-11 23:00:00,285967,180,Aegolius funereus,Boreal Owl,BOOW,126.00,129.00,27.2,t,lite
PC,WLNP-7-2,863,General Community Waterton Lakes National Park 2021,598,2021-06-11 23:00:00,285967,180,Porzana carolina,Sora,SORA,129.00,132.00,53.7,t,lite
PC,WLNP-7-2,863,General Community Waterton Lakes National Park 2021,598,2021-06-11 23:00:00,285967,180,Clibanornis rubiginosus,Ruddy Foliage-gleaner,RUFG,129.00,132.00,29.2,t,lite
PC,WLNP-7-2,863,General Community Waterton Lakes National Park 2021,598,2021-06-11 23:00:00,285967,180,Strix aluco,Tawny Owl,STRALU,129.00,132.00,30.1,t,lite
PC,WLNP-7-2,863,General Community Waterton Lakes National Park 2021,598,2021-06-11 23:00:00,285967,180,Strix aluco,Tawny Owl,STRALU,132.00,135.00,29.8,t,lite
PC,WLNP-7-2,863,General Community Waterton Lakes National Park 2021,598,2021-06-11 23:00:00,285967,180,Aegolius funereus,Boreal Owl,BOOW,132.00,135.00,50.7,t,lite
PC,WLNP-7-2,863,General Community Waterton Lakes National Park 2021,598,2021-06-11 23:00:00,285967,180,Megascops choliba,Tropical Screech-Owl,TRSO,132.00,135.00,39.5,t,lite
PC,WLNP-7-2,863,General Community Waterton Lakes National Park 2021,598,2021-06-11 23:00:00,285967,180,Megascops albogularis,,,132.00,135.00,30.1,f,lite
PC,WLNP-7-2,863,General Community Waterton Lakes National Park 2021,598,2021-06-11 23:00:00,285967,180,Megascops kennicottii,Western Screech-Owl,WESO,135.00,138.00,34.4,t,lite
PC,WLNP-7-2,863,General Community Waterton Lakes National Park 2021,598,2021-06-11 23:00:00,285967,180,Megascops choliba,Tropical Screech-Owl,TRSO,135.00,138.00,42.0,t,lite
PC,WLNP-7-2,863,General Community Waterton Lakes National Park 2021,598,2021-06-11 23:00:00,285967,180,Gallinago delicata,Wilson's Snipe,WISN,135.00,138.00,48.4,t,lite
PC,WLNP-7-2,863,General Community Waterton Lakes National Park 2021,598,2021-06-11 23:00:00,285967,180,Megascops albogularis,,,135.00,138.00,38.6,f,lite
PC,WLNP-7-2,863,General Community Waterton Lakes National Park 2021,598,2021-06-11 23:00:00,285967,180,Athene blewitti,,,135.00,138.00,27.6,f,lite
PC,WLNP-7-2,863,General Community Waterton Lakes National Park 2021,598,2021-06-11 23:00:00,285967,180,Aegolius funereus,Boreal Owl,BOOW,135.00,138.00,45.5,t,lite
PC,WLNP-7-2,863,General Community Waterton Lakes National Park 2021,598,2021-06-11 23:00:00,285967,180,Megascops hoyi,,,135.00,138.00,30.3,f,lite
PC,WLNP-7-2,863,General Community Waterton Lakes National Park 2021,598,2021-06-11 23:00:00,285967,180,Gallinago delicata,Wilson's Snipe,WISN,138.00,141.00,43.9,t,lite
PC,WLNP-7-2,863,General Community Waterton Lakes National Park 2021,598,2021-06-11 23:00:00,285967,180,Gallinago gallinago,Common Snipe,COSN,138.00,141.00,46.2,t,lite
PC,WLNP-7-2,863,General Community Waterton Lakes National Park 2021,598,2021-06-11 23:00:00,285967,180,Megascops albogularis,,,141.00,144.00,31.2,f,lite
PC,WLNP-7-2,863,General Community Waterton Lakes National Park 2021,598,2021-06-11 23:00:00,285967,180,Megascops choliba,Tropical Screech-Owl,TRSO,144.00,147.00,26.9,t,lite
PC,WLNP-7-2,863,General Community Waterton Lakes National Park 2021,598,2021-06-11 23:00:00,285967,180,Aegolius funereus,Boreal Owl,BOOW,144.00,147.00,28.0,t,lite
PC,WLNP-7-2,863,General Community Waterton Lakes National Park 2021,598,2021-06-11 23:00:00,285967,180,Megascops albogularis,,,162.00,165.00,26.3,f,lite
PC,WLNP-7-2,863,General Community Waterton Lakes National Park 2021,598,2021-06-11 23:00:00,285967,180,Aegolius funereus,Boreal Owl,BOOW,162.00,165.00,26.2,t,lite
PC,WLNP-7-2,863,General Community Waterton Lakes National Park 2021,598,2021-06-11 23:00:00,285967,180,Megascops choliba,Tropical Screech-Owl,TRSO,171.00,174.00,26.1,t,lite
PC,WLNP-7-2,863,General Community Waterton Lakes National Park 2021,598,2021-06-11 23:00:00,285967,180,Megascops albogularis,,,171.00,174.00,25.2,f,lite
PC,WLNP-7-2,863,General Community Waterton Lakes National Park 2021,598,2021-06-11 23:00:00,285967,180,Porzana carolina,Sora,SORA,177.00,180.00,51.8,t,lite
PC,WLNP-7-2,863,General Community Waterton Lakes National Park 2021,598,2021-06-13 05:40:00,285994,180,Empidonax minimus,Least Flycatcher,LEFL,0.00,3.00,30.2,t,lite
PC,WLNP-7-2,863,General Community Waterton Lakes National Park 2021,598,2021-06-13 05:40:00,285994,180,Troglodytes aedon,House Wren,HOWR,3.00,6.00,47.7,t,lite
PC,WLNP-7-2,863,General Community Waterton Lakes National Park 2021,598,2021-06-13 05:40:00,285994,180,Empidonax minimus,Least Flycatcher,LEFL,21.00,24.00,28.3,t,lite
PC,WLNP-7-2,863,General Community Waterton Lakes National Park 2021,598,2021-06-13 05:40:00,285994,180,Empidonax minimus,Least Flycatcher,LEFL,24.00,27.00,46.0,t,lite
PC,WLNP-7-2,863,General Community Waterton Lakes National Park 2021,598,2021-06-13 05:40:00,285994,180,Geothlypis philadelphia,Mourning Warbler,MOWA,33.00,36.00,29.6,t,lite
PC,WLNP-7-2,863,General Community Waterton Lakes National Park 2021,598,2021-06-13 05:40:00,285994,180,Empidonax minimus,Least Flycatcher,LEFL,33.00,36.00,38.8,t,lite
PC,WLNP-7-2,863,General Community Waterton Lakes National Park 2021,598,2021-06-13 05:40:00,285994,180,Geothlypis philadelphia,Mourning Warbler,MOWA,36.00,39.00,27.2,t,lite
PC,WLNP-7-2,863,General Community Waterton Lakes National Park 2021,598,2021-06-13 05:40:00,285994,180,Empidonax minimus,Least Flycatcher,LEFL,36.00,39.00,36.0,t,lite
PC,WLNP-7-2,863,General Community Waterton Lakes National Park 2021,598,2021-06-13 05:40:00,285994,180,Empidonax minimus,Least Flycatcher,LEFL,39.00,42.00,31.1,t,lite
PC,WLNP-7-2,863,General Community Waterton Lakes National Park 2021,598,2021-06-13 05:40:00,285994,180,Empidonax minimus,Least Flycatcher,LEFL,42.00,45.00,32.0,t,lite
PC,WLNP-7-2,863,General Community Waterton Lakes National Park 2021,598,2021-06-13 05:40:00,285994,180,Empidonax minimus,Least Flycatcher,LEFL,45.00,48.00,37.7,t,lite
PC,WLNP-7-2,863,General Community Waterton Lakes National Park 2021,598,2021-06-13 05:40:00,285994,180,Dryobates villosus,Hairy Woodpecker,HAWO,51.00,54.00,79.1,t,lite
PC,WLNP-7-2,863,General Community Waterton Lakes National Park 2021,598,2021-06-13 05:40:00,285994,180,Empidonax minimus,Least Flycatcher,LEFL,57.00,60.00,58.9,t,lite
PC,WLNP-7-2,863,General Community Waterton Lakes National Park 2021,598,2021-06-13 05:40:00,285994,180,Empidonax minimus,Least Flycatcher,LEFL,60.00,63.00,60.1,t,lite
PC,WLNP-7-2,863,General Community Waterton Lakes National Park 2021,598,2021-06-13 05:40:00,285994,180,Empidonax minimus,Least Flycatcher,LEFL,72.00,75.00,39.9,t,lite
PC,WLNP-7-2,863,General Community Waterton Lakes National Park 2021,598,2021-06-13 05:40:00,285994,180,Empidonax minimus,Least Flycatcher,LEFL,87.00,90.00,29.1,t,lite
PC,WLNP-7-2,863,General Community Waterton Lakes National Park 2021,598,2021-06-13 05:40:00,285994,180,Empidonax minimus,Least Flycatcher,LEFL,93.00,96.00,40.0,t,lite
PC,WLNP-7-2,863,General Community Waterton Lakes National Park 2021,598,2021-06-13 05:40:00,285994,180,Troglodytes aedon,House Wren,HOWR,99.00,102.00,29.9,t,lite
PC,WLNP-7-2,863,General Community Waterton Lakes National Park 2021,598,2021-06-13 05:40:00,285994,180,Empidonax minimus,Least Flycatcher,LEFL,105.00,108.00,38.7,t,lite
PC,WLNP-7-2,863,General Community Waterton Lakes National Park 2021,598,2021-06-13 05:40:00,285994,180,Empidonax minimus,Least Flycatcher,LEFL,123.00,126.00,34.0,t,lite
PC,WLNP-7-2,863,General Community Waterton Lakes National Park 2021,598,2021-06-13 05:40:00,285994,180,Empidonax minimus,Least Flycatcher,LEFL,132.00,135.00,25.3,t,lite
PC,WLNP-7-2,863,General Community Waterton Lakes National Park 2021,598,2021-06-13 05:40:00,285994,180,Phylloscopus sarasinorum,,,165.00,168.00,37.7,f,lite
PC,WLNP-7-2,863,General Community Waterton Lakes National Park 2021,598,2021-06-13 05:40:00,285994,180,Vireo gilvus,Warbling Vireo,WAVI,165.00,168.00,43.5,t,lite
PC,WLNP-7-2,863,General Community Waterton Lakes National Park 2021,598,2021-06-13 05:40:00,285994,180,Ficedula hypoleuca,European Pied Flycatcher,FICHYP,171.00,174.00,28.3,t,lite
PC,WLNP-7-2,863,General Community Waterton Lakes National Park 2021,598,2021-06-13 05:40:00,285994,180,Vireo gilvus,Warbling Vireo,WAVI,171.00,174.00,39.0,t,lite
PC,WLNP-7-3,864,General Community Waterton Lakes National Park 2021,598,2021-06-03 08:00:00,285950,180,Empidonax minimus,Least Flycatcher,LEFL,0.00,3.00,79.4,t,lite
PC,WLNP-7-3,864,General Community Waterton Lakes National Park 2021,598,2021-06-03 08:00:00,285950,180,Empidonax minimus,Least Flycatcher,LEFL,3.00,6.00,76.3,t,lite
PC,WLNP-7-3,864,General Community Waterton Lakes National Park 2021,598,2021-06-03 08:00:00,285950,180,Empidonax minimus,Least Flycatcher,LEFL,6.00,9.00,82.5,t,lite
PC,WLNP-7-3,864,General Community Waterton Lakes National Park 2021,598,2021-06-03 08:00:00,285950,180,Empidonax fulvifrons,Buff-breasted Flycatcher,BBFL,9.00,12.00,25.4,t,lite
PC,WLNP-7-3,864,General Community Waterton Lakes National Park 2021,598,2021-06-03 08:00:00,285950,180,Empidonax minimus,Least Flycatcher,LEFL,9.00,12.00,76.2,t,lite
PC,WLNP-7-3,864,General Community Waterton Lakes National Park 2021,598,2021-06-03 08:00:00,285950,180,Cettia cetti,Cetti's Warbler,CETCET,9.00,12.00,25.3,t,lite
PC,WLNP-7-3,864,General Community Waterton Lakes National Park 2021,598,2021-06-03 08:00:00,285950,180,Empidonax minimus,Least Flycatcher,LEFL,15.00,18.00,82.7,t,lite
PC,WLNP-7-3,864,General Community Waterton Lakes National Park 2021,598,2021-06-03 08:00:00,285950,180,Empidonax minimus,Least Flycatcher,LEFL,18.00,21.00,85.9,t,lite
PC,WLNP-7-3,864,General Community Waterton Lakes National Park 2021,598,2021-06-03 08:00:00,285950,180,Empidonax minimus,Least Flycatcher,LEFL,21.00,24.00,83.7,t,lite
PC,WLNP-7-3,864,General Community Waterton Lakes National Park 2021,598,2021-06-03 08:00:00,285950,180,Empidonax minimus,Least Flycatcher,LEFL,24.00,27.00,84.7,t,lite
PC,WLNP-7-3,864,General Community Waterton Lakes National Park 2021,598,2021-06-03 08:00:00,285950,180,Empidonax minimus,Least Flycatcher,LEFL,27.00,30.00,79.4,t,lite
PC,WLNP-7-3,864,General Community Waterton Lakes National Park 2021,598,2021-06-03 08:00:00,285950,180,Empidonax minimus,Least Flycatcher,LEFL,30.00,33.00,79.1,t,lite
PC,WLNP-7-3,864,General Community Waterton Lakes National Park 2021,598,2021-06-03 08:00:00,285950,180,Empidonax minimus,Least Flycatcher,LEFL,33.00,36.00,89.4,t,lite
PC,WLNP-7-3,864,General Community Waterton Lakes National Park 2021,598,2021-06-03 08:00:00,285950,180,Empidonax minimus,Least Flycatcher,LEFL,36.00,39.00,84.5,t,lite
PC,WLNP-7-3,864,General Community Waterton Lakes National Park 2021,598,2021-06-03 08:00:00,285950,180,Cettia cetti,Cetti's Warbler,CETCET,39.00,42.00,25.3,t,lite
PC,WLNP-7-3,864,General Community Waterton Lakes National Park 2021,598,2021-06-03 08:00:00,285950,180,Empidonax minimus,Least Flycatcher,LEFL,39.00,42.00,78.1,t,lite
PC,WLNP-7-3,864,General Community Waterton Lakes National Park 2021,598,2021-06-03 08:00:00,285950,180,Empidonax minimus,Least Flycatcher,LEFL,42.00,45.00,75.1,t,lite
PC,WLNP-7-3,864,General Community Waterton Lakes National Park 2021,598,2021-06-03 08:00:00,285950,180,Empidonax minimus,Least Flycatcher,LEFL,45.00,48.00,88.4,t,lite
PC,WLNP-7-3,864,General Community Waterton Lakes National Park 2021,598,2021-06-03 08:00:00,285950,180,Empidonax minimus,Least Flycatcher,LEFL,48.00,51.00,86.1,t,lite
PC,WLNP-7-3,864,General Community Waterton Lakes National Park 2021,598,2021-06-03 08:00:00,285950,180,Empidonax minimus,Least Flycatcher,LEFL,51.00,54.00,86.0,t,lite
PC,WLNP-7-3,864,General Community Waterton Lakes National Park 2021,598,2021-06-03 08:00:00,285950,180,Empidonax minimus,Least Flycatcher,LEFL,54.00,57.00,86.8,t,lite
PC,WLNP-7-3,864,General Community Waterton Lakes National Park 2021,598,2021-06-03 08:00:00,285950,180,Empidonax minimus,Least Flycatcher,LEFL,57.00,60.00,88.1,t,lite
PC,WLNP-7-3,864,General Community Waterton Lakes National Park 2021,598,2021-06-03 08:00:00,285950,180,Empidonax minimus,Least Flycatcher,LEFL,60.00,63.00,84.1,t,lite
PC,WLNP-7-3,864,General Community Waterton Lakes National Park 2021,598,2021-06-03 08:00:00,285950,180,Empidonax minimus,Least Flycatcher,LEFL,63.00,66.00,81.9,t,lite
PC,WLNP-7-3,864,General Community Waterton Lakes National Park 2021,598,2021-06-03 08:00:00,285950,180,Empidonax minimus,Least Flycatcher,LEFL,66.00,69.00,88.7,t,lite
PC,WLNP-7-3,864,General Community Waterton Lakes National Park 2021,598,2021-06-03 08:00:00,285950,180,Empidonax minimus,Least Flycatcher,LEFL,69.00,72.00,87.2,t,lite
PC,WLNP-7-3,864,General Community Waterton Lakes National Park 2021,598,2021-06-03 08:00:00,285950,180,Empidonax minimus,Least Flycatcher,LEFL,72.00,75.00,86.2,t,lite
PC,WLNP-7-3,864,General Community Waterton Lakes National Park 2021,598,2021-06-03 08:00:00,285950,180,Empidonax minimus,Least Flycatcher,LEFL,75.00,78.00,82.7,t,lite
PC,WLNP-7-3,864,General Community Waterton Lakes National Park 2021,598,2021-06-03 08:00:00,285950,180,Empidonax minimus,Least Flycatcher,LEFL,78.00,81.00,79.2,t,lite
PC,WLNP-7-3,864,General Community Waterton Lakes National Park 2021,598,2021-06-03 08:00:00,285950,180,Empidonax minimus,Least Flycatcher,LEFL,81.00,84.00,88.5,t,lite
PC,WLNP-7-3,864,General Community Waterton Lakes National Park 2021,598,2021-06-03 08:00:00,285950,180,Empidonax minimus,Least Flycatcher,LEFL,84.00,87.00,75.4,t,lite
PC,WLNP-7-3,864,General Community Waterton Lakes National Park 2021,598,2021-06-03 08:00:00,285950,180,Empidonax minimus,Least Flycatcher,LEFL,87.00,90.00,85.8,t,lite
PC,WLNP-7-3,864,General Community Waterton Lakes National Park 2021,598,2021-06-03 08:00:00,285950,180,Empidonax minimus,Least Flycatcher,LEFL,90.00,93.00,87.0,t,lite
PC,WLNP-7-3,864,General Community Waterton Lakes National Park 2021,598,2021-06-03 08:00:00,285950,180,Empidonax minimus,Least Flycatcher,LEFL,93.00,96.00,78.5,t,lite
PC,WLNP-7-3,864,General Community Waterton Lakes National Park 2021,598,2021-06-03 08:00:00,285950,180,Empidonax minimus,Least Flycatcher,LEFL,96.00,99.00,83.8,t,lite
PC,WLNP-7-3,864,General Community Waterton Lakes National Park 2021,598,2021-06-03 08:00:00,285950,180,Empidonax minimus,Least Flycatcher,LEFL,99.00,102.00,73.3,t,lite
PC,WLNP-7-3,864,General Community Waterton Lakes National Park 2021,598,2021-06-03 08:00:00,285950,180,Empidonax minimus,Least Flycatcher,LEFL,102.00,105.00,86.1,t,lite
PC,WLNP-7-3,864,General Community Waterton Lakes National Park 2021,598,2021-06-03 08:00:00,285950,180,Empidonax minimus,Least Flycatcher,LEFL,105.00,108.00,70.1,t,lite
PC,WLNP-7-3,864,General Community Waterton Lakes National Park 2021,598,2021-06-03 08:00:00,285950,180,Empidonax minimus,Least Flycatcher,LEFL,108.00,111.00,82.7,t,lite
PC,WLNP-7-3,864,General Community Waterton Lakes National Park 2021,598,2021-06-03 08:00:00,285950,180,Empidonax minimus,Least Flycatcher,LEFL,111.00,114.00,60.1,t,lite
PC,WLNP-7-3,864,General Community Waterton Lakes National Park 2021,598,2021-06-03 08:00:00,285950,180,Empidonax minimus,Least Flycatcher,LEFL,114.00,117.00,84.5,t,lite
PC,WLNP-7-3,864,General Community Waterton Lakes National Park 2021,598,2021-06-03 08:00:00,285950,180,Empidonax minimus,Least Flycatcher,LEFL,117.00,120.00,78.6,t,lite
PC,WLNP-7-3,864,General Community Waterton Lakes National Park 2021,598,2021-06-03 08:00:00,285950,180,Empidonax minimus,Least Flycatcher,LEFL,120.00,123.00,74.2,t,lite
PC,WLNP-7-3,864,General Community Waterton Lakes National Park 2021,598,2021-06-03 08:00:00,285950,180,Empidonax minimus,Least Flycatcher,LEFL,123.00,126.00,85.2,t,lite
PC,WLNP-7-3,864,General Community Waterton Lakes National Park 2021,598,2021-06-03 08:00:00,285950,180,Empidonax minimus,Least Flycatcher,LEFL,126.00,129.00,72.8,t,lite
PC,WLNP-7-3,864,General Community Waterton Lakes National Park 2021,598,2021-06-03 08:00:00,285950,180,Empidonax minimus,Least Flycatcher,LEFL,129.00,132.00,88.5,t,lite
PC,WLNP-7-3,864,General Community Waterton Lakes National Park 2021,598,2021-06-03 08:00:00,285950,180,Empidonax minimus,Least Flycatcher,LEFL,132.00,135.00,84.6,t,lite
PC,WLNP-7-3,864,General Community Waterton Lakes National Park 2021,598,2021-06-03 08:00:00,285950,180,Empidonax minimus,Least Flycatcher,LEFL,135.00,138.00,87.3,t,lite
PC,WLNP-7-3,864,General Community Waterton Lakes National Park 2021,598,2021-06-03 08:00:00,285950,180,Empidonax minimus,Least Flycatcher,LEFL,138.00,141.00,84.2,t,lite
PC,WLNP-7-3,864,General Community Waterton Lakes National Park 2021,598,2021-06-03 08:00:00,285950,180,Empidonax minimus,Least Flycatcher,LEFL,141.00,144.00,87.5,t,lite
PC,WLNP-7-3,864,General Community Waterton Lakes National Park 2021,598,2021-06-03 08:00:00,285950,180,Empidonax minimus,Least Flycatcher,LEFL,144.00,147.00,85.6,t,lite
PC,WLNP-7-3,864,General Community Waterton Lakes National Park 2021,598,2021-06-03 08:00:00,285950,180,Empidonax minimus,Least Flycatcher,LEFL,147.00,150.00,79.4,t,lite
PC,WLNP-7-3,864,General Community Waterton Lakes National Park 2021,598,2021-06-03 08:00:00,285950,180,Empidonax minimus,Least Flycatcher,LEFL,150.00,153.00,84.1,t,lite
PC,WLNP-7-3,864,General Community Waterton Lakes National Park 2021,598,2021-06-03 08:00:00,285950,180,Empidonax minimus,Least Flycatcher,LEFL,153.00,156.00,81.1,t,lite
PC,WLNP-7-3,864,General Community Waterton Lakes National Park 2021,598,2021-06-03 08:00:00,285950,180,Empidonax minimus,Least Flycatcher,LEFL,156.00,159.00,84.4,t,lite
PC,WLNP-7-3,864,General Community Waterton Lakes National Park 2021,598,2021-06-03 08:00:00,285950,180,Empidonax minimus,Least Flycatcher,LEFL,159.00,162.00,87.0,t,lite
PC,WLNP-7-3,864,General Community Waterton Lakes National Park 2021,598,2021-06-03 08:00:00,285950,180,Empidonax minimus,Least Flycatcher,LEFL,165.00,168.00,79.5,t,lite
PC,WLNP-7-3,864,General Community Waterton Lakes National Park 2021,598,2021-06-03 08:00:00,285950,180,Empidonax minimus,Least Flycatcher,LEFL,168.00,171.00,50.5,t,lite
PC,WLNP-7-3,864,General Community Waterton Lakes National Park 2021,598,2021-06-03 08:00:00,285950,180,Empidonax minimus,Least Flycatcher,LEFL,171.00,174.00,82.5,t,lite
PC,WLNP-7-3,864,General Community Waterton Lakes National Park 2021,598,2021-06-03 08:00:00,285950,180,Empidonax minimus,Least Flycatcher,LEFL,174.00,177.00,77.4,t,lite
PC,WLNP-7-3,864,General Community Waterton Lakes National Park 2021,598,2021-06-03 08:00:00,285950,180,Empidonax minimus,Least Flycatcher,LEFL,177.00,180.00,82.4,t,lite
PC,WLNP-7-3,864,General Community Waterton Lakes National Park 2021,598,2021-06-04 23:40:00,286004,180,*NOT GENERATED/FOUND*,,,,,,f,lite
PC,WLNP-7-3,864,General Community Waterton Lakes National Park 2021,598,2021-06-05 04:40:00,286021,180,*NOT GENERATED/FOUND*,,,,,,f,lite
PC,WLNP-7-3,864,General Community Waterton Lakes National Park 2021,598,2021-06-06 05:00:00,285942,180,Chloropicus fuscescens,,,120.00,123.00,25.7,f,lite
PC,WLNP-7-3,864,General Community Waterton Lakes National Park 2021,598,2021-06-06 05:00:00,285942,180,Tolmomyias sulphurescens,Yellow-olive Flycatcher,YOFL,177.00,180.00,25.5,t,lite
PC,WLNP-7-3,864,General Community Waterton Lakes National Park 2021,598,2021-06-06 05:40:00,285981,180,*NOT GENERATED/FOUND*,,,,,,f,lite
PC,WLNP-7-3,864,General Community Waterton Lakes National Park 2021,598,2021-06-09 07:00:00,285982,180,Henicorhina leucophrys,Gray-breasted Wood-Wren,GBWW,78.00,81.00,28.6,t,lite
PC,WLNP-7-3,864,General Community Waterton Lakes National Park 2021,598,2021-06-09 07:00:00,285982,180,Zoothera lunulata,,,102.00,105.00,27.7,f,lite
PC,WLNP-7-3,864,General Community Waterton Lakes National Park 2021,598,2021-06-09 08:40:00,286051,180,Setophaga aestiva,,,177.00,180.00,25.6,f,lite
PC,WLNP-7-3,864,General Community Waterton Lakes National Park 2021,598,2021-06-13 22:00:00,286042,180,Turdus migratorius,American Robin,AMRO,9.00,12.00,76.6,t,lite
PC,WLNP-7-3,864,General Community Waterton Lakes National Park 2021,598,2021-06-13 22:00:00,286042,180,Turdus migratorius,American Robin,AMRO,12.00,15.00,52.5,t,lite
PC,WLNP-7-3,864,General Community Waterton Lakes National Park 2021,598,2021-06-13 22:00:00,286042,180,Turdus migratorius,American Robin,AMRO,15.00,18.00,33.6,t,lite
PC,WLNP-7-3,864,General Community Waterton Lakes National Park 2021,598,2021-06-13 22:00:00,286042,180,Turdus migratorius,American Robin,AMRO,21.00,24.00,47.2,t,lite
PC,WLNP-7-3,864,General Community Waterton Lakes National Park 2021,598,2021-06-13 22:00:00,286042,180,Turdus migratorius,American Robin,AMRO,27.00,30.00,36.4,t,lite
PC,WLNP-7-3,864,General Community Waterton Lakes National Park 2021,598,2021-06-13 22:00:00,286042,180,Turdus migratorius,American Robin,AMRO,30.00,33.00,42.9,t,lite
PC,WLNP-7-3,864,General Community Waterton Lakes National Park 2021,598,2021-06-13 22:00:00,286042,180,Turdus migratorius,American Robin,AMRO,36.00,39.00,29.0,t,lite
PC,WLNP-7-3,864,General Community Waterton Lakes National Park 2021,598,2021-06-13 22:00:00,286042,180,Turdus migratorius,American Robin,AMRO,45.00,48.00,51.3,t,lite
PC,WLNP-7-3,864,General Community Waterton Lakes National Park 2021,598,2021-06-13 22:00:00,286042,180,Turdus migratorius,American Robin,AMRO,66.00,69.00,52.1,t,lite
PC,WLNP-7-3,864,General Community Waterton Lakes National Park 2021,598,2021-06-13 22:00:00,286042,180,Turdus migratorius,American Robin,AMRO,69.00,72.00,44.4,t,lite
PC,WLNP-7-3,864,General Community Waterton Lakes National Park 2021,598,2021-06-13 22:00:00,286042,180,Catharus ustulatus,Swainson's Thrush,SWTH,72.00,75.00,55.9,t,lite
PC,WLNP-7-3,864,General Community Waterton Lakes National Park 2021,598,2021-06-13 22:00:00,286042,180,Myiarchus tyrannulus,Brown-crested Flycatcher,BCFL,72.00,75.00,30.3,t,lite
PC,WLNP-7-3,864,General Community Waterton Lakes National Park 2021,598,2021-06-13 22:00:00,286042,180,Myiarchus tyrannulus,Brown-crested Flycatcher,BCFL,75.00,78.00,36.9,t,lite
PC,WLNP-7-3,864,General Community Waterton Lakes National Park 2021,598,2021-06-13 22:00:00,286042,180,Catharus ustulatus,Swainson's Thrush,SWTH,75.00,78.00,50.1,t,lite
PC,WLNP-7-3,864,General Community Waterton Lakes National Park 2021,598,2021-06-13 22:00:00,286042,180,Catharus ustulatus,Swainson's Thrush,SWTH,78.00,81.00,40.2,t,lite
PC,WLNP-7-3,864,General Community Waterton Lakes National Park 2021,598,2021-06-13 22:00:00,286042,180,Myiarchus tyrannulus,Brown-crested Flycatcher,BCFL,81.00,84.00,47.1,t,lite
PC,WLNP-7-3,864,General Community Waterton Lakes National Park 2021,598,2021-06-13 22:00:00,286042,180,Catharus ustulatus,Swainson's Thrush,SWTH,81.00,84.00,69.8,t,lite
PC,WLNP-7-3,864,General Community Waterton Lakes National Park 2021,598,2021-06-13 22:00:00,286042,180,Catharus ustulatus,Swainson's Thrush,SWTH,84.00,87.00,66.1,t,lite
PC,WLNP-7-3,864,General Community Waterton Lakes National Park 2021,598,2021-06-13 22:00:00,286042,180,Pheugopedius mystacalis,,,84.00,87.00,29.1,f,lite
PC,WLNP-7-3,864,General Community Waterton Lakes National Park 2021,598,2021-06-13 22:00:00,286042,180,Myiarchus tyrannulus,Brown-crested Flycatcher,BCFL,84.00,87.00,28.9,t,lite
PC,WLNP-7-3,864,General Community Waterton Lakes National Park 2021,598,2021-06-13 22:00:00,286042,180,Irena cyanogastra,,,84.00,87.00,27.6,f,lite
PC,WLNP-7-3,864,General Community Waterton Lakes National Park 2021,598,2021-06-13 22:00:00,286042,180,Coturnix coturnix,Common Quail,COQU,84.00,87.00,29.6,t,lite
PC,WLNP-7-3,864,General Community Waterton Lakes National Park 2021,598,2021-06-13 22:00:00,286042,180,Catharus ustulatus,Swainson's Thrush,SWTH,87.00,90.00,46.1,t,lite
PC,WLNP-7-3,864,General Community Waterton Lakes National Park 2021,598,2021-06-13 22:00:00,286042,180,Myiarchus tyrannulus,Brown-crested Flycatcher,BCFL,90.00,93.00,55.6,t,lite
PC,WLNP-7-3,864,General Community Waterton Lakes National Park 2021,598,2021-06-13 22:00:00,286042,180,Catharus ustulatus,Swainson's Thrush,SWTH,90.00,93.00,60.1,t,lite
PC,WLNP-7-3,864,General Community Waterton Lakes National Park 2021,598,2021-06-13 22:00:00,286042,180,Turdus migratorius,American Robin,AMRO,93.00,96.00,34.8,t,lite
PC,WLNP-7-3,864,General Community Waterton Lakes National Park 2021,598,2021-06-13 22:00:00,286042,180,Myiarchus tyrannulus,Brown-crested Flycatcher,BCFL,96.00,99.00,50.4,t,lite
PC,WLNP-7-3,864,General Community Waterton Lakes National Park 2021,598,2021-06-13 22:00:00,286042,180,Catharus ustulatus,Swainson's Thrush,SWTH,96.00,99.00,55.3,t,lite
PC,WLNP-7-3,864,General Community Waterton Lakes National Park 2021,598,2021-06-13 22:00:00,286042,180,Myiarchus tyrannulus,Brown-crested Flycatcher,BCFL,102.00,105.00,39.1,t,lite
PC,WLNP-7-3,864,General Community Waterton Lakes National Park 2021,598,2021-06-13 22:00:00,286042,180,Catharus ustulatus,Swainson's Thrush,SWTH,102.00,105.00,38.9,t,lite
PC,WLNP-7-3,864,General Community Waterton Lakes National Park 2021,598,2021-06-13 22:00:00,286042,180,Catharus ustulatus,Swainson's Thrush,SWTH,105.00,108.00,54.3,t,lite
PC,WLNP-7-3,864,General Community Waterton Lakes National Park 2021,598,2021-06-13 22:00:00,286042,180,Myiarchus tyrannulus,Brown-crested Flycatcher,BCFL,105.00,108.00,43.7,t,lite
PC,WLNP-7-3,864,General Community Waterton Lakes National Park 2021,598,2021-06-13 22:00:00,286042,180,Turdus migratorius,American Robin,AMRO,108.00,111.00,28.4,t,lite
PC,WLNP-7-3,864,General Community Waterton Lakes National Park 2021,598,2021-06-13 22:00:00,286042,180,Catharus ustulatus,Swainson's Thrush,SWTH,111.00,114.00,53.7,t,lite
PC,WLNP-7-3,864,General Community Waterton Lakes National Park 2021,598,2021-06-13 22:00:00,286042,180,Myiarchus tyrannulus,Brown-crested Flycatcher,BCFL,111.00,114.00,53.9,t,lite
PC,WLNP-7-3,864,General Community Waterton Lakes National Park 2021,598,2021-06-13 22:00:00,286042,180,Myiarchus tyrannulus,Brown-crested Flycatcher,BCFL,114.00,117.00,64.7,t,lite
PC,WLNP-7-3,864,General Community Waterton Lakes National Park 2021,598,2021-06-13 22:00:00,286042,180,Catharus ustulatus,Swainson's Thrush,SWTH,114.00,117.00,75.9,t,lite
PC,WLNP-7-3,864,General Community Waterton Lakes National Park 2021,598,2021-06-13 22:00:00,286042,180,Catharus ustulatus,Swainson's Thrush,SWTH,117.00,120.00,40.6,t,lite
PC,WLNP-7-3,864,General Community Waterton Lakes National Park 2021,598,2021-06-13 22:00:00,286042,180,Turdus migratorius,American Robin,AMRO,120.00,123.00,76.2,t,lite
PC,WLNP-7-3,864,General Community Waterton Lakes National Park 2021,598,2021-06-13 22:00:00,286042,180,Turdus pilaris,Fieldfare,FIEL,120.00,123.00,25.3,t,lite
PC,WLNP-7-3,864,General Community Waterton Lakes National Park 2021,598,2021-06-13 22:00:00,286042,180,Turdus rufitorques,Rufous-collared Robin,RCRO,123.00,126.00,36.9,t,lite
PC,WLNP-7-3,864,General Community Waterton Lakes National Park 2021,598,2021-06-13 22:00:00,286042,180,Turdus fuscater,,,123.00,126.00,55.9,f,lite
PC,WLNP-7-3,864,General Community Waterton Lakes National Park 2021,598,2021-06-13 22:00:00,286042,180,Scytalopus latrans,,,123.00,126.00,35.4,f,lite
PC,WLNP-7-3,864,General Community Waterton Lakes National Park 2021,598,2021-06-13 22:00:00,286042,180,Turdus migratorius,American Robin,AMRO,123.00,126.00,73.4,t,lite
PC,WLNP-7-3,864,General Community Waterton Lakes National Park 2021,598,2021-06-13 22:00:00,286042,180,Turdus atrogularis,,,123.00,126.00,34.7,f,lite
PC,WLNP-7-3,864,General Community Waterton Lakes National Park 2021,598,2021-06-13 22:00:00,286042,180,Turdus plebejus,Mountain Thrush,MOTH,123.00,126.00,26.2,t,lite
PC,WLNP-7-3,864,General Community Waterton Lakes National Park 2021,598,2021-06-13 22:00:00,286042,180,Conopophaga castaneiceps,,,126.00,129.00,27.3,f,lite
PC,WLNP-7-3,864,General Community Waterton Lakes National Park 2021,598,2021-06-13 22:00:00,286042,180,Turdus migratorius,American Robin,AMRO,126.00,129.00,39.7,t,lite
PC,WLNP-7-3,864,General Community Waterton Lakes National Park 2021,598,2021-06-13 22:00:00,286042,180,Turdus fuscater,,,129.00,132.00,64.8,f,lite
PC,WLNP-7-3,864,General Community Waterton Lakes National Park 2021,598,2021-06-13 22:00:00,286042,180,Turdus migratorius,American Robin,AMRO,129.00,132.00,83.7,t,lite
PC,WLNP-7-3,864,General Community Waterton Lakes National Park 2021,598,2021-06-13 22:00:00,286042,180,Turdus rufitorques,Rufous-collared Robin,RCRO,129.00,132.00,49.0,t,lite
PC,WLNP-7-3,864,General Community Waterton Lakes National Park 2021,598,2021-06-13 22:00:00,286042,180,Loxops mana,Hawaii Creeper,HCRE,129.00,132.00,39.3,t,lite
PC,WLNP-7-3,864,General Community Waterton Lakes National Park 2021,598,2021-06-13 22:00:00,286042,180,Turdus atrogularis,,,129.00,132.00,39.5,f,lite
PC,WLNP-7-3,864,General Community Waterton Lakes National Park 2021,598,2021-06-13 22:00:00,286042,180,Turdus merula,Eurasian Blackbird,EUBB,129.00,132.00,30.1,t,lite
PC,WLNP-7-3,864,General Community Waterton Lakes National Park 2021,598,2021-06-13 22:00:00,286042,180,Turdus pilaris,Fieldfare,FIEL,129.00,132.00,32.2,t,lite
PC,WLNP-7-3,864,General Community Waterton Lakes National Park 2021,598,2021-06-13 22:00:00,286042,180,Turdus migratorius,American Robin,AMRO,132.00,135.00,95.4,t,lite
PC,WLNP-7-3,864,General Community Waterton Lakes National Park 2021,598,2021-06-13 22:00:00,286042,180,Turdus migratorius,American Robin,AMRO,135.00,138.00,34.6,t,lite
PC,WLNP-7-3,864,General Community Waterton Lakes National Park 2021,598,2021-06-13 22:00:00,286042,180,Turdus fuscater,,,135.00,138.00,33.3,f,lite
PC,WLNP-7-3,864,General Community Waterton Lakes National Park 2021,598,2021-06-13 22:00:00,286042,180,Turdus migratorius,American Robin,AMRO,138.00,141.00,72.4,t,lite
PC,WLNP-7-3,864,General Community Waterton Lakes National Park 2021,598,2021-06-13 22:00:00,286042,180,Conopophaga castaneiceps,,,138.00,141.00,28.0,f,lite
PC,WLNP-7-3,864,General Community Waterton Lakes National Park 2021,598,2021-06-13 22:00:00,286042,180,Turdus migratorius,American Robin,AMRO,141.00,144.00,93.1,t,lite
PC,WLNP-7-3,864,General Community Waterton Lakes National Park 2021,598,2021-06-13 22:00:00,286042,180,Turdus merula,Eurasian Blackbird,EUBB,144.00,147.00,35.0,t,lite
PC,WLNP-7-3,864,General Community Waterton Lakes National Park 2021,598,2021-06-13 22:00:00,286042,180,Turdus migratorius,American Robin,AMRO,144.00,147.00,61.7,t,lite
PC,WLNP-7-3,864,General Community Waterton Lakes National Park 2021,598,2021-06-13 22:00:00,286042,180,Turdus migratorius,American Robin,AMRO,147.00,150.00,63.3,t,lite
PC,WLNP-7-3,864,General Community Waterton Lakes National Park 2021,598,2021-06-13 22:00:00,286042,180,Conopophaga castaneiceps,,,147.00,150.00,30.1,f,lite
PC,WLNP-7-3,864,General Community Waterton Lakes National Park 2021,598,2021-06-13 22:00:00,286042,180,Turdus merula,Eurasian Blackbird,EUBB,150.00,153.00,34.8,t,lite
PC,WLNP-7-3,864,General Community Waterton Lakes National Park 2021,598,2021-06-13 22:00:00,286042,180,Turdus migratorius,American Robin,AMRO,150.00,153.00,68.8,t,lite
PC,WLNP-7-3,864,General Community Waterton Lakes National Park 2021,598,2021-06-13 22:00:00,286042,180,Turdus merula,Eurasian Blackbird,EUBB,153.00,156.00,26.3,t,lite
PC,WLNP-7-3,864,General Community Waterton Lakes National Park 2021,598,2021-06-13 22:00:00,286042,180,Dendrocopos leucotos,White-backed Woodpecker,DENLEU,153.00,156.00,31.6,t,lite
PC,WLNP-7-3,864,General Community Waterton Lakes National Park 2021,598,2021-06-13 22:00:00,286042,180,Turdus migratorius,American Robin,AMRO,153.00,156.00,90.7,t,lite
PC,WLNP-7-3,864,General Community Waterton Lakes National Park 2021,598,2021-06-13 22:00:00,286042,180,Turdus chiguanco,,,153.00,156.00,32.8,f,lite
PC,WLNP-7-3,864,General Community Waterton Lakes National Park 2021,598,2021-06-13 22:00:00,286042,180,Turdus pilaris,Fieldfare,FIEL,153.00,156.00,39.0,t,lite
PC,WLNP-7-3,864,General Community Waterton Lakes National Park 2021,598,2021-06-13 22:00:00,286042,180,Conopophaga castaneiceps,,,153.00,156.00,27.4,f,lite
PC,WLNP-7-3,864,General Community Waterton Lakes National Park 2021,598,2021-06-13 22:00:00,286042,180,Turdus migratorius,American Robin,AMRO,159.00,162.00,90.2,t,lite
PC,WLNP-7-3,864,General Community Waterton Lakes National Park 2021,598,2021-06-13 22:00:00,286042,180,Turdus migratorius,American Robin,AMRO,162.00,165.00,55.6,t,lite
PC,WLNP-7-3,864,General Community Waterton Lakes National Park 2021,598,2021-06-13 22:00:00,286042,180,Turdus migratorius,American Robin,AMRO,165.00,168.00,36.6,t,lite
PC,WLNP-7-3,864,General Community Waterton Lakes National Park 2021,598,2021-06-13 22:00:00,286042,180,Turdus migratorius,American Robin,AMRO,171.00,174.00,36.3,t,lite
PC,WLNP-7-3,864,General Community Waterton Lakes National Park 2021,598,2021-06-13 22:00:00,286042,180,Turdus migratorius,American Robin,AMRO,174.00,177.00,26.4,t,lite
PC,WLNP-7-4,850,General Community Waterton Lakes National Park 2021,598,2021-06-04 23:20:00,286057,180,*NOT GENERATED/FOUND*,,,,,,f,lite
PC,WLNP-7-4,850,General Community Waterton Lakes National Park 2021,598,2021-06-06 23:40:00,286032,180,*NOT GENERATED/FOUND*,,,,,,f,lite
PC,WLNP-7-4,850,General Community Waterton Lakes National Park 2021,598,2021-06-11 05:20:00,286016,180,Tachycineta bicolor,Tree Swallow,TRES,0.00,3.00,29.3,t,lite
PC,WLNP-7-4,850,General Community Waterton Lakes National Park 2021,598,2021-06-11 05:20:00,286016,180,Orochelidon murina,,,0.00,3.00,39.2,f,lite
PC,WLNP-7-4,850,General Community Waterton Lakes National Park 2021,598,2021-06-11 05:20:00,286016,180,Orochelidon murina,,,12.00,15.00,25.1,f,lite
PC,WLNP-7-4,850,General Community Waterton Lakes National Park 2021,598,2021-06-11 05:20:00,286016,180,Orochelidon murina,,,18.00,21.00,37.6,f,lite
PC,WLNP-7-4,850,General Community Waterton Lakes National Park 2021,598,2021-06-11 05:20:00,286016,180,Orochelidon murina,,,21.00,24.00,33.8,f,lite
PC,WLNP-7-4,850,General Community Waterton Lakes National Park 2021,598,2021-06-11 05:20:00,286016,180,Charitospiza eucosma,,,78.00,81.00,27.2,f,lite
PC,WLNP-7-4,850,General Community Waterton Lakes National Park 2021,598,2021-06-11 05:20:00,286016,180,Setophaga aestiva,,,84.00,87.00,43.9,f,lite
PC,WLNP-7-4,850,General Community Waterton Lakes National Park 2021,598,2021-06-11 05:20:00,286016,180,Setophaga petechia,Yellow Warbler,YEWA,84.00,87.00,27.2,t,lite
PC,WLNP-7-4,850,General Community Waterton Lakes National Park 2021,598,2021-06-11 05:20:00,286016,180,Setophaga aestiva,,,99.00,102.00,26.1,f,lite
PC,WLNP-7-4,850,General Community Waterton Lakes National Park 2021,598,2021-06-11 05:20:00,286016,180,Leiothlypis luciae,,,102.00,105.00,25.3,f,lite
PC,WLNP-7-4,850,General Community Waterton Lakes National Park 2021,598,2021-06-11 05:20:00,286016,180,Setophaga petechia,Yellow Warbler,YEWA,105.00,108.00,38.1,t,lite
PC,WLNP-7-4,850,General Community Waterton Lakes National Park 2021,598,2021-06-11 05:20:00,286016,180,Setophaga aestiva,,,105.00,108.00,51.6,f,lite
PC,WLNP-7-4,850,General Community Waterton Lakes National Park 2021,598,2021-06-11 05:20:00,286016,180,Orochelidon murina,,,108.00,111.00,26.8,f,lite
PC,WLNP-7-4,850,General Community Waterton Lakes National Park 2021,598,2021-06-11 05:20:00,286016,180,Setophaga aestiva,,,120.00,123.00,51.8,f,lite
PC,WLNP-7-4,850,General Community Waterton Lakes National Park 2021,598,2021-06-11 05:20:00,286016,180,Setophaga petechia,Yellow Warbler,YEWA,120.00,123.00,32.8,t,lite
PC,WLNP-7-4,850,General Community Waterton Lakes National Park 2021,598,2021-06-11 05:20:00,286016,180,Leiothlypis virginiae,,,123.00,126.00,37.0,f,lite
PC,WLNP-7-4,850,General Community Waterton Lakes National Park 2021,598,2021-06-11 05:20:00,286016,180,Diglossa lafresnayii,,,126.00,129.00,34.3,f,lite
PC,WLNP-7-4,850,General Community Waterton Lakes National Park 2021,598,2021-06-11 05:20:00,286016,180,Tachycineta thalassina,Violet-green Swallow,VGSW,126.00,129.00,29.2,t,lite
PC,WLNP-7-4,850,General Community Waterton Lakes National Park 2021,598,2021-06-11 05:20:00,286016,180,Cardellina rubrifrons,Red-faced Warbler,RFWA,132.00,135.00,39.2,t,lite
PC,WLNP-7-4,850,General Community Waterton Lakes National Park 2021,598,2021-06-11 05:20:00,286016,180,Myioborus miniatus,Slate-throated Redstart,STRE,147.00,150.00,26.3,t,lite
PC,WLNP-7-4,850,General Community Waterton Lakes National Park 2021,598,2021-06-11 05:20:00,286016,180,Setophaga aestiva,,,150.00,153.00,47.0,f,lite
PC,WLNP-7-4,850,General Community Waterton Lakes National Park 2021,598,2021-06-11 05:20:00,286016,180,Phylloscopus cantator,,,150.00,153.00,38.9,f,lite
PC,WLNP-7-4,850,General Community Waterton Lakes National Park 2021,598,2021-06-11 05:20:00,286016,180,Leiothlypis virginiae,,,156.00,159.00,36.7,f,lite
PC,WLNP-7-4,850,General Community Waterton Lakes National Park 2021,598,2021-06-11 05:20:00,286016,180,Leiothlypis virginiae,,,162.00,165.00,41.5,f,lite
PC,WLNP-7-4,850,General Community Waterton Lakes National Park 2021,598,2021-06-11 05:20:00,286016,180,Myioborus miniatus,Slate-throated Redstart,STRE,162.00,165.00,27.5,t,lite
PC,WLNP-7-4,850,General Community Waterton Lakes National Park 2021,598,2021-06-15 07:00:00,285938,180,Setophaga aestiva,,,105.00,108.00,25.5,f,lite
PC,WLNP-7-4,850,General Community Waterton Lakes National Park 2021,598,2021-06-15 07:00:00,285938,180,Cyanocorax violaceus,,,138.00,141.00,25.8,f,lite
PC,WLNP-7-4,850,General Community Waterton Lakes National Park 2021,598,2021-06-15 07:00:00,285938,180,Catharus fuscescens,Veery,VEER,138.00,141.00,60.3,t,lite
PC,WLNP-7-4,850,General Community Waterton Lakes National Park 2021,598,2021-06-15 07:00:00,285938,180,Catharus fuscescens,Veery,VEER,150.00,153.00,63.1,t,lite
PC,WLNP-7-4,850,General Community Waterton Lakes National Park 2021,598,2021-06-15 07:00:00,285938,180,Jynx torquilla,Eurasian Wryneck,EUWR,156.00,159.00,34.0,t,lite
PC,WLNP-7-4,850,General Community Waterton Lakes National Park 2021,598,2021-06-15 07:00:00,285938,180,Catharus fuscescens,Veery,VEER,171.00,174.00,42.9,t,lite
PC,WLNP-7-4,850,General Community Waterton Lakes National Park 2021,598,2021-06-15 07:00:00,285938,180,Catharus fuscescens,Veery,VEER,177.00,180.00,47.0,t,lite
PC,WLNP-7-4,850,General Community Waterton Lakes National Park 2021,598,2021-06-15 22:00:00,286067,180,*NOT GENERATED/FOUND*,,,,,,f,lite
PC,WLNP-7-4,850,General Community Waterton Lakes National Park 2021,598,2021-06-18 05:00:00,285947,180,Setophaga aestiva,,,3.00,6.00,36.4,f,lite
PC,WLNP-7-4,850,General Community Waterton Lakes National Park 2021,598,2021-06-18 05:00:00,285947,180,Setophaga aestiva,,,6.00,9.00,44.2,f,lite
PC,WLNP-7-4,850,General Community Waterton Lakes National Park 2021,598,2021-06-18 05:00:00,285947,180,Setophaga aestiva,,,9.00,12.00,38.9,f,lite
PC,WLNP-7-4,850,General Community Waterton Lakes National Park 2021,598,2021-06-18 05:00:00,285947,180,Setophaga dominica,Yellow-throated Warbler,YTWA,30.00,33.00,28.6,t,lite
PC,WLNP-7-4,850,General Community Waterton Lakes National Park 2021,598,2021-06-18 05:00:00,285947,180,Setophaga aestiva,,,54.00,57.00,27.0,f,lite
PC,WLNP-7-4,850,General Community Waterton Lakes National Park 2021,598,2021-06-18 05:00:00,285947,180,Phylloscopus forresti,,,57.00,60.00,30.2,f,lite
PC,WLNP-7-4,850,General Community Waterton Lakes National Park 2021,598,2021-06-18 05:00:00,285947,180,Setophaga aestiva,,,57.00,60.00,37.5,f,lite
PC,WLNP-7-4,850,General Community Waterton Lakes National Park 2021,598,2021-06-18 05:00:00,285947,180,Setophaga aestiva,,,60.00,63.00,41.4,f,lite
PC,WLNP-7-4,850,General Community Waterton Lakes National Park 2021,598,2021-06-18 05:00:00,285947,180,Setophaga aestiva,,,63.00,66.00,43.1,f,lite
PC,WLNP-7-4,850,General Community Waterton Lakes National Park 2021,598,2021-06-18 05:00:00,285947,180,Setophaga aestiva,,,69.00,72.00,32.3,f,lite
PC,WLNP-7-4,850,General Community Waterton Lakes National Park 2021,598,2021-06-18 05:00:00,285947,180,Setophaga aestiva,,,72.00,75.00,40.5,f,lite
PC,WLNP-7-4,850,General Community Waterton Lakes National Park 2021,598,2021-06-18 05:00:00,285947,180,Setophaga petechia,Yellow Warbler,YEWA,75.00,78.00,27.8,t,lite
PC,WLNP-7-4,850,General Community Waterton Lakes National Park 2021,598,2021-06-18 05:00:00,285947,180,Setophaga aestiva,,,75.00,78.00,43.9,f,lite
PC,WLNP-7-4,850,General Community Waterton Lakes National Park 2021,598,2021-06-18 05:00:00,285947,180,Setophaga aestiva,,,78.00,81.00,43.2,f,lite
PC,WLNP-7-4,850,General Community Waterton Lakes National Park 2021,598,2021-06-18 05:00:00,285947,180,Basileuterus rufifrons,Rufous-capped Warbler,RCWA,78.00,81.00,32.7,t,lite
PC,WLNP-7-4,850,General Community Waterton Lakes National Park 2021,598,2021-06-18 05:00:00,285947,180,Setophaga aestiva,,,81.00,84.00,29.9,f,lite
PC,WLNP-7-4,850,General Community Waterton Lakes National Park 2021,598,2021-06-18 05:00:00,285947,180,Setophaga aestiva,,,84.00,87.00,40.3,f,lite
PC,WLNP-7-4,850,General Community Waterton Lakes National Park 2021,598,2021-06-18 05:00:00,285947,180,Setophaga petechia,Yellow Warbler,YEWA,84.00,87.00,26.5,t,lite
PC,WLNP-7-4,850,General Community Waterton Lakes National Park 2021,598,2021-06-18 05:00:00,285947,180,Setophaga aestiva,,,90.00,93.00,29.5,f,lite
PC,WLNP-7-4,850,General Community Waterton Lakes National Park 2021,598,2021-06-18 05:00:00,285947,180,Setophaga aestiva,,,93.00,96.00,32.2,f,lite
PC,WLNP-7-4,850,General Community Waterton Lakes National Park 2021,598,2021-06-18 05:00:00,285947,180,Setophaga aestiva,,,96.00,99.00,37.1,f,lite
PC,WLNP-7-4,850,General Community Waterton Lakes National Park 2021,598,2021-06-18 05:00:00,285947,180,Myioborus miniatus,Slate-throated Redstart,STRE,99.00,102.00,25.9,t,lite
PC,WLNP-7-4,850,General Community Waterton Lakes National Park 2021,598,2021-06-18 05:00:00,285947,180,Setophaga aestiva,,,102.00,105.00,29.5,f,lite
PC,WLNP-7-4,850,General Community Waterton Lakes National Park 2021,598,2021-06-18 05:00:00,285947,180,Setophaga aestiva,,,105.00,108.00,32.6,f,lite
PC,WLNP-7-4,850,General Community Waterton Lakes National Park 2021,598,2021-06-18 05:00:00,285947,180,Phylloscopus trochilus,Willow Warbler,WILW,108.00,111.00,25.6,t,lite
PC,WLNP-7-4,850,General Community Waterton Lakes National Park 2021,598,2021-06-18 05:00:00,285947,180,Setophaga petechia,Yellow Warbler,YEWA,108.00,111.00,35.0,t,lite
PC,WLNP-7-4,850,General Community Waterton Lakes National Park 2021,598,2021-06-18 05:00:00,285947,180,Setophaga aestiva,,,108.00,111.00,59.9,f,lite
PC,WLNP-7-4,850,General Community Waterton Lakes National Park 2021,598,2021-06-18 05:00:00,285947,180,Setophaga dominica,Yellow-throated Warbler,YTWA,111.00,114.00,25.4,t,lite
PC,WLNP-7-4,850,General Community Waterton Lakes National Park 2021,598,2021-06-18 05:00:00,285947,180,Setophaga aestiva,,,114.00,117.00,37.2,f,lite
PC,WLNP-7-4,850,General Community Waterton Lakes National Park 2021,598,2021-06-18 05:00:00,285947,180,Setophaga aestiva,,,117.00,120.00,37.2,f,lite
PC,WLNP-7-4,850,General Community Waterton Lakes National Park 2021,598,2021-06-18 05:00:00,285947,180,Setophaga aestiva,,,120.00,123.00,37.5,f,lite
PC,WLNP-7-4,850,General Community Waterton Lakes National Park 2021,598,2021-06-18 05:00:00,285947,180,Setophaga aestiva,,,129.00,132.00,29.7,f,lite
PC,WLNP-7-4,850,General Community Waterton Lakes National Park 2021,598,2021-06-18 05:00:00,285947,180,Setophaga aestiva,,,132.00,135.00,31.0,f,lite
PC,WLNP-7-4,850,General Community Waterton Lakes National Park 2021,598,2021-06-18 05:00:00,285947,180,Cardellina rubrifrons,Red-faced Warbler,RFWA,132.00,135.00,25.1,t,lite
PC,WLNP-7-4,850,General Community Waterton Lakes National Park 2021,598,2021-06-18 05:00:00,285947,180,Setophaga aestiva,,,135.00,138.00,28.3,f,lite
PC,WLNP-7-4,850,General Community Waterton Lakes National Park 2021,598,2021-06-18 05:00:00,285947,180,Setophaga aestiva,,,138.00,141.00,39.1,f,lite
PC,WLNP-7-4,850,General Community Waterton Lakes National Park 2021,598,2021-06-18 05:00:00,285947,180,Setophaga aestiva,,,141.00,144.00,44.6,f,lite
PC,WLNP-7-4,850,General Community Waterton Lakes National Park 2021,598,2021-06-18 05:00:00,285947,180,Setophaga aestiva,,,144.00,147.00,44.2,f,lite
PC,WLNP-7-4,850,General Community Waterton Lakes National Park 2021,598,2021-06-18 05:00:00,285947,180,Setophaga aestiva,,,147.00,150.00,27.5,f,lite
PC,WLNP-7-4,850,General Community Waterton Lakes National Park 2021,598,2021-06-18 05:00:00,285947,180,Setophaga aestiva,,,150.00,153.00,36.9,f,lite
PC,WLNP-7-4,850,General Community Waterton Lakes National Park 2021,598,2021-06-18 05:00:00,285947,180,Setophaga aestiva,,,153.00,156.00,48.3,f,lite
PC,WLNP-7-4,850,General Community Waterton Lakes National Park 2021,598,2021-06-18 05:00:00,285947,180,Setophaga petechia,Yellow Warbler,YEWA,153.00,156.00,26.7,t,lite
PC,WLNP-7-4,850,General Community Waterton Lakes National Park 2021,598,2021-06-18 05:00:00,285947,180,Setophaga petechia,Yellow Warbler,YEWA,156.00,159.00,26.9,t,lite
PC,WLNP-7-4,850,General Community Waterton Lakes National Park 2021,598,2021-06-18 05:00:00,285947,180,Setophaga aestiva,,,156.00,159.00,40.2,f,lite
PC,WLNP-7-4,850,General Community Waterton Lakes National Park 2021,598,2021-06-18 05:00:00,285947,180,Cardellina rubrifrons,Red-faced Warbler,RFWA,156.00,159.00,25.8,t,lite
PC,WLNP-7-4,850,General Community Waterton Lakes National Park 2021,598,2021-06-18 05:00:00,285947,180,Myioborus ornatus,,,156.00,159.00,31.0,f,lite
PC,WLNP-7-4,850,General Community Waterton Lakes National Park 2021,598,2021-06-18 05:00:00,285947,180,Setophaga dominica,Yellow-throated Warbler,YTWA,156.00,159.00,36.3,t,lite
PC,WLNP-7-4,850,General Community Waterton Lakes National Park 2021,598,2021-06-18 05:00:00,285947,180,Setophaga aestiva,,,159.00,162.00,40.5,f,lite
PC,WLNP-7-4,850,General Community Waterton Lakes National Park 2021,598,2021-06-18 05:00:00,285947,180,Setophaga aestiva,,,162.00,165.00,59.2,f,lite
PC,WLNP-7-4,850,General Community Waterton Lakes National Park 2021,598,2021-06-18 05:00:00,285947,180,Setophaga petechia,Yellow Warbler,YEWA,162.00,165.00,33.4,t,lite
PC,WLNP-7-4,850,General Community Waterton Lakes National Park 2021,598,2021-06-18 05:00:00,285947,180,Cardellina rubrifrons,Red-faced Warbler,RFWA,165.00,168.00,26.2,t,lite
PC,WLNP-7-4,850,General Community Waterton Lakes National Park 2021,598,2021-06-18 05:00:00,285947,180,Setophaga petechia,Yellow Warbler,YEWA,165.00,168.00,34.7,t,lite
PC,WLNP-7-4,850,General Community Waterton Lakes National Park 2021,598,2021-06-18 05:00:00,285947,180,Setophaga aestiva,,,165.00,168.00,48.6,f,lite
PC,WLNP-7-4,850,General Community Waterton Lakes National Park 2021,598,2021-06-18 05:00:00,285947,180,Setophaga aestiva,,,171.00,174.00,37.0,f,lite
PC,WLNP-7-4,850,General Community Waterton Lakes National Park 2021,598,2021-06-18 05:00:00,285947,180,Setophaga aestiva,,,174.00,177.00,44.0,f,lite
PC,WLNP-7-4,850,General Community Waterton Lakes National Park 2021,598,2021-06-18 05:00:00,285947,180,Setophaga petechia,Yellow Warbler,YEWA,177.00,180.00,42.8,t,lite
PC,WLNP-7-4,850,General Community Waterton Lakes National Park 2021,598,2021-06-18 05:00:00,285947,180,Setophaga aestiva,,,177.00,180.00,65.2,f,lite
PC,WLNP-7-4,850,General Community Waterton Lakes National Park 2021,598,2021-06-19 23:20:00,286049,180,*NOT GENERATED/FOUND*,,,,,,f,lite
PC,WLNP-7-4,850,General Community Waterton Lakes National Park 2021,598,2021-06-22 02:20:00,286018,180,*NOT GENERATED/FOUND*,,,,,,f,lite
PC,WLNP-7-5,865,General Community Waterton Lakes National Park 2021,598,2021-06-02 02:20:00,286044,180,*NOT GENERATED/FOUND*,,,,,,f,lite
PC,WLNP-7-5,865,General Community Waterton Lakes National Park 2021,598,2021-06-03 02:00:00,286006,180,*NOT GENERATED/FOUND*,,,,,,f,lite
PC,WLNP-7-5,865,General Community Waterton Lakes National Park 2021,598,2021-06-03 07:00:00,285941,180,Geothlypis trichas,Common Yellowthroat,COYE,9.00,12.00,27.7,t,lite
PC,WLNP-7-5,865,General Community Waterton Lakes National Park 2021,598,2021-06-03 07:00:00,285941,180,Napothera epilepidota,,,15.00,18.00,35.9,f,lite
PC,WLNP-7-5,865,General Community Waterton Lakes National Park 2021,598,2021-06-03 07:00:00,285941,180,Zoothera heinei,,,15.00,18.00,34.5,f,lite
PC,WLNP-7-5,865,General Community Waterton Lakes National Park 2021,598,2021-06-03 07:00:00,285941,180,Geothlypis nelsoni,Hooded Yellowthroat,HOYE,21.00,24.00,28.2,t,lite
PC,WLNP-7-5,865,General Community Waterton Lakes National Park 2021,598,2021-06-03 07:00:00,285941,180,Ramphastos vitellinus,,,24.00,27.00,27.2,f,lite
PC,WLNP-7-5,865,General Community Waterton Lakes National Park 2021,598,2021-06-03 07:00:00,285941,180,Crypturellus obsoletus,,,24.00,27.00,25.8,f,lite
PC,WLNP-7-5,865,General Community Waterton Lakes National Park 2021,598,2021-06-03 07:00:00,285941,180,Pnoepyga pusilla,,,63.00,66.00,26.4,f,lite
PC,WLNP-7-5,865,General Community Waterton Lakes National Park 2021,598,2021-06-03 07:00:00,285941,180,Empidonax virescens,Acadian Flycatcher,ACFL,174.00,177.00,25.3,t,lite
PC,WLNP-7-5,865,General Community Waterton Lakes National Park 2021,598,2021-06-08 04:40:00,286108,180,Megascops albogularis,,,0.00,3.00,25.4,f,lite
PC,WLNP-7-5,865,General Community Waterton Lakes National Park 2021,598,2021-06-08 04:40:00,286108,180,Gallinago delicata,Wilson's Snipe,WISN,0.00,3.00,25.2,t,lite
PC,WLNP-7-5,865,General Community Waterton Lakes National Park 2021,598,2021-06-08 04:40:00,286108,180,Megascops albogularis,,,9.00,12.00,31.1,f,lite
PC,WLNP-7-5,865,General Community Waterton Lakes National Park 2021,598,2021-06-08 04:40:00,286108,180,Psilopogon corvinus,,,12.00,15.00,30.3,f,lite
PC,WLNP-7-5,865,General Community Waterton Lakes National Park 2021,598,2021-06-08 04:40:00,286108,180,Megascops albogularis,,,12.00,15.00,40.5,f,lite
PC,WLNP-7-5,865,General Community Waterton Lakes National Park 2021,598,2021-06-08 04:40:00,286108,180,Gallinago delicata,Wilson's Snipe,WISN,12.00,15.00,42.5,t,lite
PC,WLNP-7-5,865,General Community Waterton Lakes National Park 2021,598,2021-06-08 04:40:00,286108,180,Megascops choliba,Tropical Screech-Owl,TRSO,12.00,15.00,33.6,t,lite
PC,WLNP-7-5,865,General Community Waterton Lakes National Park 2021,598,2021-06-08 04:40:00,286108,180,Athene blewitti,,,45.00,48.00,29.5,f,lite
PC,WLNP-7-5,865,General Community Waterton Lakes National Park 2021,598,2021-06-08 04:40:00,286108,180,Megascops albogularis,,,105.00,108.00,30.5,f,lite
PC,WLNP-7-5,865,General Community Waterton Lakes National Park 2021,598,2021-06-08 04:40:00,286108,180,Megascops albogularis,,,117.00,120.00,29.2,f,lite
PC,WLNP-7-5,865,General Community Waterton Lakes National Park 2021,598,2021-06-08 04:40:00,286108,180,Gallinago delicata,Wilson's Snipe,WISN,117.00,120.00,55.3,t,lite
PC,WLNP-7-5,865,General Community Waterton Lakes National Park 2021,598,2021-06-08 04:40:00,286108,180,Gallinago delicata,Wilson's Snipe,WISN,126.00,129.00,36.9,t,lite
PC,WLNP-7-5,865,General Community Waterton Lakes National Park 2021,598,2021-06-08 04:40:00,286108,180,Megascops albogularis,,,153.00,156.00,28.3,f,lite
PC,WLNP-7-5,865,General Community Waterton Lakes National Park 2021,598,2021-06-10 07:20:00,285991,180,Grallaricula peruviana,,,114.00,117.00,33.6,f,lite
PC,WLNP-7-5,865,General Community Waterton Lakes National Park 2021,598,2021-06-10 07:20:00,285991,180,Pnoepyga pusilla,,,123.00,126.00,26.8,f,lite
PC,WLNP-7-5,865,General Community Waterton Lakes National Park 2021,598,2021-06-10 07:20:00,285991,180,Phyllergates cucullatus,,,162.00,165.00,31.7,f,lite
PC,WLNP-7-5,865,General Community Waterton Lakes National Park 2021,598,2021-06-10 07:20:00,285991,180,Microcerculus marginatus,Scaly-breasted Wren,SCBW,162.00,165.00,27.7,t,lite
PC,WLNP-7-5,865,General Community Waterton Lakes National Park 2021,598,2021-06-10 08:00:00,286084,180,Megascops hoyi,,,168.00,171.00,28.2,f,lite
PC,WLNP-7-5,865,General Community Waterton Lakes National Park 2021,598,2021-06-10 08:00:00,286084,180,Megascops kennicottii,Western Screech-Owl,WESO,171.00,174.00,31.4,t,lite
PC,WLNP-7-5,865,General Community Waterton Lakes National Park 2021,598,2021-06-10 08:00:00,286084,180,Podargus ocellatus,,,171.00,174.00,33.7,f,lite
PC,WLNP-7-5,865,General Community Waterton Lakes National Park 2021,598,2021-06-10 08:00:00,286084,180,Megascops hoyi,,,171.00,174.00,29.4,f,lite
PC,WLNP-7-5,865,General Community Waterton Lakes National Park 2021,598,2021-06-10 22:00:00,286053,180,Dendrocincla tyrannina,,,117.00,120.00,39.9,f,lite
PC,WLNP-7-5,865,General Community Waterton Lakes National Park 2021,598,2021-06-10 22:00:00,286053,180,Aegolius funereus,Boreal Owl,BOOW,174.00,177.00,33.3,t,lite
PC,WLNP-7-5,865,General Community Waterton Lakes National Park 2021,598,2021-06-10 22:00:00,286053,180,Megascops albogularis,,,174.00,177.00,29.4,f,lite
PC,WLNP-7-5,865,General Community Waterton Lakes National Park 2021,598,2021-06-10 22:00:00,286053,180,Gallinago delicata,Wilson's Snipe,WISN,174.00,177.00,35.2,t,lite
PC,WLNP-7-5,865,General Community Waterton Lakes National Park 2021,598,2021-06-11 08:00:00,285969,180,Megascops albogularis,,,24.00,27.00,48.5,f,lite
PC,WLNP-7-5,865,General Community Waterton Lakes National Park 2021,598,2021-06-11 08:00:00,285969,180,Chlorophonia cyanea,,,81.00,84.00,29.1,f,lite
PC,WLNP-7-5,865,General Community Waterton Lakes National Park 2021,598,2021-06-11 08:00:00,285969,180,Gallinago delicata,Wilson's Snipe,WISN,87.00,90.00,26.4,t,lite
PC,WLNP-7-5,865,General Community Waterton Lakes National Park 2021,598,2021-06-11 08:00:00,285969,180,Megascops albogularis,,,87.00,90.00,49.0,f,lite
PC,WLNP-7-5,865,General Community Waterton Lakes National Park 2021,598,2021-06-11 08:00:00,285969,180,Zoothera heinei,,,96.00,99.00,28.6,f,lite
PC,WLNP-8-1,866,General Community Waterton Lakes National Park 2021,598,2021-06-04 08:20:00,285964,180,Pygochelidon cyanoleuca,Blue-and-white Swallow,BAWS,3.00,6.00,31.5,t,lite
PC,WLNP-8-1,866,General Community Waterton Lakes National Park 2021,598,2021-06-04 08:20:00,285964,180,Setophaga striata,Blackpoll Warbler,BLPW,6.00,9.00,26.9,t,lite
PC,WLNP-8-1,866,General Community Waterton Lakes National Park 2021,598,2021-06-04 08:20:00,285964,180,Emberiza cioides,,,6.00,9.00,26.2,f,lite
PC,WLNP-8-1,866,General Community Waterton Lakes National Park 2021,598,2021-06-04 08:20:00,285964,180,Tachycineta bicolor,Tree Swallow,TRES,15.00,18.00,29.7,t,lite
PC,WLNP-8-1,866,General Community Waterton Lakes National Park 2021,598,2021-06-04 08:20:00,285964,180,Artemisiospiza belli,Bell's Sparrow,BESP,69.00,72.00,37.2,t,lite
PC,WLNP-8-1,866,General Community Waterton Lakes National Park 2021,598,2021-06-04 08:20:00,285964,180,Eremophila alpestris,Horned Lark,HOLA,87.00,90.00,32.0,t,lite
PC,WLNP-8-1,866,General Community Waterton Lakes National Park 2021,598,2021-06-04 08:20:00,285964,180,Centronyx henslowii,Henslow's Sparrow,HESP,93.00,96.00,26.7,t,lite
PC,WLNP-8-1,866,General Community Waterton Lakes National Park 2021,598,2021-06-04 08:20:00,285964,180,Alcedo atthis,Common Kingfisher,ALCATT,96.00,99.00,28.7,t,lite
PC,WLNP-8-1,866,General Community Waterton Lakes National Park 2021,598,2021-06-04 08:20:00,285964,180,Setophaga striata,Blackpoll Warbler,BLPW,111.00,114.00,28.3,t,lite
PC,WLNP-8-1,866,General Community Waterton Lakes National Park 2021,598,2021-06-04 08:20:00,285964,180,Sicalis luteola,Grassland Yellow-Finch,GRYF,111.00,114.00,25.8,t,lite
PC,WLNP-8-1,866,General Community Waterton Lakes National Park 2021,598,2021-06-04 08:20:00,285964,180,Tachybaptus dominicus,Least Grebe,LEGR,141.00,144.00,26.7,t,lite
PC,WLNP-8-1,866,General Community Waterton Lakes National Park 2021,598,2021-06-04 08:20:00,285964,180,Schoenicola platyurus,,,144.00,147.00,27.6,f,lite
PC,WLNP-8-1,866,General Community Waterton Lakes National Park 2021,598,2021-06-04 08:20:00,285964,180,Tachybaptus dominicus,Least Grebe,LEGR,144.00,147.00,25.2,t,lite
PC,WLNP-8-1,866,General Community Waterton Lakes National Park 2021,598,2021-06-04 08:20:00,285964,180,Merops oreobates,,,177.00,180.00,40.7,f,lite
PC,WLNP-8-1,866,General Community Waterton Lakes National Park 2021,598,2021-06-05 07:00:00,285989,180,*NOT GENERATED/FOUND*,,,,,,f,lite
PC,WLNP-8-1,866,General Community Waterton Lakes National Park 2021,598,2021-06-07 23:40:00,286103,180,*NOT GENERATED/FOUND*,,,,,,f,lite
PC,WLNP-8-1,866,General Community Waterton Lakes National Park 2021,598,2021-06-08 22:40:00,285956,180,*NOT GENERATED/FOUND*,,,,,,f,lite
PC,WLNP-8-1,866,General Community Waterton Lakes National Park 2021,598,2021-06-10 04:00:00,285995,180,*NOT GENERATED/FOUND*,,,,,,f,lite
PC,WLNP-8-1,866,General Community Waterton Lakes National Park 2021,598,2021-06-10 07:00:00,286107,180,*NOT GENERATED/FOUND*,,,,,,f,lite
PC,WLNP-8-1,866,General Community Waterton Lakes National Park 2021,598,2021-06-13 04:00:00,286109,180,*NOT GENERATED/FOUND*,,,,,,f,lite
PC,WLNP-8-1,866,General Community Waterton Lakes National Park 2021,598,2021-06-15 08:20:00,285937,180,Lampornis clemenciae,Blue-throated Mountain-gem,BTMG,132.00,135.00,25.8,t,lite
PC,WLNP-8-1,866,General Community Waterton Lakes National Park 2021,598,2021-06-15 08:20:00,285937,180,Alcedo atthis,Common Kingfisher,ALCATT,132.00,135.00,35.3,t,lite
PC,WLNP-8-10,64964,General Community Waterton Lakes National Park 2021,598,2021-06-02 02:40:00,286022,180,*NOT GENERATED/FOUND*,,,,,,f,lite
PC,WLNP-8-10,64964,General Community Waterton Lakes National Park 2021,598,2021-06-03 02:20:00,285946,180,*NOT GENERATED/FOUND*,,,,,,f,lite
PC,WLNP-8-10,64964,General Community Waterton Lakes National Park 2021,598,2021-06-06 05:20:00,286083,180,*NOT GENERATED/FOUND*,,,,,,f,lite
PC,WLNP-8-10,64964,General Community Waterton Lakes National Park 2021,598,2021-06-07 06:00:00,286063,180,Motacilla alba,White Wagtail,WHWA,159.00,162.00,32.9,t,lite
PC,WLNP-8-10,64964,General Community Waterton Lakes National Park 2021,598,2021-06-07 06:00:00,286063,180,Spinus pinus,Pine Siskin,PISI,159.00,162.00,43.4,t,lite
PC,WLNP-8-10,64964,General Community Waterton Lakes National Park 2021,598,2021-06-11 04:20:00,285986,180,*NOT GENERATED/FOUND*,,,,,,f,lite
PC,WLNP-8-10,64964,General Community Waterton Lakes National Park 2021,598,2021-06-11 07:00:00,286086,180,*NOT GENERATED/FOUND*,,,,,,f,lite
PC,WLNP-8-10,64964,General Community Waterton Lakes National Park 2021,598,2021-06-13 02:40:00,286061,180,*NOT GENERATED/FOUND*,,,,,,f,lite
PC,WLNP-8-10,64964,General Community Waterton Lakes National Park 2021,598,2021-06-13 22:20:00,286010,180,Catharus guttatus,Hermit Thrush,HETH,48.00,51.00,41.0,t,lite
PC,WLNP-8-10,64964,General Community Waterton Lakes National Park 2021,598,2021-06-13 22:20:00,286010,180,Catharus guttatus,Hermit Thrush,HETH,51.00,54.00,31.1,t,lite
PC,WLNP-8-10,64964,General Community Waterton Lakes National Park 2021,598,2021-06-13 22:20:00,286010,180,Catharus guttatus,Hermit Thrush,HETH,147.00,150.00,28.5,t,lite
PC,WLNP-8-10,64964,General Community Waterton Lakes National Park 2021,598,2021-06-13 22:20:00,286010,180,Catharus guttatus,Hermit Thrush,HETH,150.00,153.00,28.8,t,lite
PC,WLNP-8-10,64964,General Community Waterton Lakes National Park 2021,598,2021-06-13 22:20:00,286010,180,Catharus guttatus,Hermit Thrush,HETH,159.00,162.00,27.2,t,lite
PC,WLNP-8-10,64964,General Community Waterton Lakes National Park 2021,598,2021-06-13 22:20:00,286010,180,Catharus guttatus,Hermit Thrush,HETH,162.00,165.00,61.5,t,lite
PC,WLNP-8-10,64964,General Community Waterton Lakes National Park 2021,598,2021-06-13 22:20:00,286010,180,Catharus guttatus,Hermit Thrush,HETH,177.00,180.00,27.4,t,lite
PC,WLNP-8-2,867,General Community Waterton Lakes National Park 2021,598,2021-06-02 07:00:00,285971,180,Troglodytes aedon,House Wren,HOWR,0.00,3.00,33.1,t,lite
PC,WLNP-8-2,867,General Community Waterton Lakes National Park 2021,598,2021-06-02 07:00:00,285971,180,Troglodytes aedon,House Wren,HOWR,6.00,9.00,52.3,t,lite
PC,WLNP-8-2,867,General Community Waterton Lakes National Park 2021,598,2021-06-02 07:00:00,285971,180,Troglodytes aedon,House Wren,HOWR,9.00,12.00,37.2,t,lite
PC,WLNP-8-2,867,General Community Waterton Lakes National Park 2021,598,2021-06-02 07:00:00,285971,180,Troglodytes aedon,House Wren,HOWR,12.00,15.00,56.7,t,lite
PC,WLNP-8-2,867,General Community Waterton Lakes National Park 2021,598,2021-06-02 07:00:00,285971,180,Troglodytes aedon,House Wren,HOWR,18.00,21.00,46.8,t,lite
PC,WLNP-8-2,867,General Community Waterton Lakes National Park 2021,598,2021-06-02 07:00:00,285971,180,Sylvia curruca,Lesser Whitethroat,LEWH,21.00,24.00,27.5,t,lite
PC,WLNP-8-2,867,General Community Waterton Lakes National Park 2021,598,2021-06-02 07:00:00,285971,180,Troglodytes aedon,House Wren,HOWR,21.00,24.00,74.9,t,lite
PC,WLNP-8-2,867,General Community Waterton Lakes National Park 2021,598,2021-06-02 07:00:00,285971,180,Troglodytes aedon,House Wren,HOWR,24.00,27.00,32.9,t,lite
PC,WLNP-8-2,867,General Community Waterton Lakes National Park 2021,598,2021-06-02 07:00:00,285971,180,Peucaea aestivalis,Bachman's Sparrow,BACS,27.00,30.00,26.0,t,lite
PC,WLNP-8-2,867,General Community Waterton Lakes National Park 2021,598,2021-06-02 07:00:00,285971,180,Fringilla coelebs,Common Chaffinch,CCHA,27.00,30.00,32.3,t,lite
PC,WLNP-8-2,867,General Community Waterton Lakes National Park 2021,598,2021-06-02 07:00:00,285971,180,Troglodytes aedon,House Wren,HOWR,27.00,30.00,52.3,t,lite
PC,WLNP-8-2,867,General Community Waterton Lakes National Park 2021,598,2021-06-02 07:00:00,285971,180,Troglodytes aedon,House Wren,HOWR,30.00,33.00,34.8,t,lite
PC,WLNP-8-2,867,General Community Waterton Lakes National Park 2021,598,2021-06-02 07:00:00,285971,180,Troglodytes aedon,House Wren,HOWR,33.00,36.00,54.0,t,lite
PC,WLNP-8-2,867,General Community Waterton Lakes National Park 2021,598,2021-06-02 07:00:00,285971,180,Sylvia curruca,Lesser Whitethroat,LEWH,33.00,36.00,27.4,t,lite
PC,WLNP-8-2,867,General Community Waterton Lakes National Park 2021,598,2021-06-02 07:00:00,285971,180,Phylloscopus schwarzi,,,39.00,42.00,34.0,f,lite
PC,WLNP-8-2,867,General Community Waterton Lakes National Park 2021,598,2021-06-02 07:00:00,285971,180,Troglodytes aedon,House Wren,HOWR,39.00,42.00,37.2,t,lite
PC,WLNP-8-2,867,General Community Waterton Lakes National Park 2021,598,2021-06-02 07:00:00,285971,180,Fringilla coelebs,Common Chaffinch,CCHA,42.00,45.00,25.4,t,lite
PC,WLNP-8-2,867,General Community Waterton Lakes National Park 2021,598,2021-06-02 07:00:00,285971,180,Troglodytes aedon,House Wren,HOWR,42.00,45.00,75.2,t,lite
PC,WLNP-8-2,867,General Community Waterton Lakes National Park 2021,598,2021-06-02 07:00:00,285971,180,Troglodytes aedon,House Wren,HOWR,45.00,48.00,30.0,t,lite
PC,WLNP-8-2,867,General Community Waterton Lakes National Park 2021,598,2021-06-02 07:00:00,285971,180,Troglodytes aedon,House Wren,HOWR,48.00,51.00,60.6,t,lite
PC,WLNP-8-2,867,General Community Waterton Lakes National Park 2021,598,2021-06-02 07:00:00,285971,180,Fringilla coelebs,Common Chaffinch,CCHA,54.00,57.00,30.7,t,lite
PC,WLNP-8-2,867,General Community Waterton Lakes National Park 2021,598,2021-06-02 07:00:00,285971,180,Troglodytes aedon,House Wren,HOWR,54.00,57.00,65.3,t,lite
PC,WLNP-8-2,867,General Community Waterton Lakes National Park 2021,598,2021-06-02 07:00:00,285971,180,Phylloscopus schwarzi,,,54.00,57.00,30.6,f,lite
PC,WLNP-8-2,867,General Community Waterton Lakes National Park 2021,598,2021-06-02 07:00:00,285971,180,Troglodytes aedon,House Wren,HOWR,60.00,63.00,62.7,t,lite
PC,WLNP-8-2,867,General Community Waterton Lakes National Park 2021,598,2021-06-02 07:00:00,285971,180,Troglodytes aedon,House Wren,HOWR,63.00,66.00,35.4,t,lite
PC,WLNP-8-2,867,General Community Waterton Lakes National Park 2021,598,2021-06-02 07:00:00,285971,180,Troglodytes aedon,House Wren,HOWR,66.00,69.00,46.5,t,lite
PC,WLNP-8-2,867,General Community Waterton Lakes National Park 2021,598,2021-06-02 07:00:00,285971,180,Phylloscopus schwarzi,,,66.00,69.00,44.3,f,lite
PC,WLNP-8-2,867,General Community Waterton Lakes National Park 2021,598,2021-06-02 07:00:00,285971,180,Troglodytes aedon,House Wren,HOWR,69.00,72.00,25.7,t,lite
PC,WLNP-8-2,867,General Community Waterton Lakes National Park 2021,598,2021-06-02 07:00:00,285971,180,Fringilla coelebs,Common Chaffinch,CCHA,72.00,75.00,26.2,t,lite
PC,WLNP-8-2,867,General Community Waterton Lakes National Park 2021,598,2021-06-02 07:00:00,285971,180,Troglodytes aedon,House Wren,HOWR,75.00,78.00,56.2,t,lite
PC,WLNP-8-2,867,General Community Waterton Lakes National Park 2021,598,2021-06-02 07:00:00,285971,180,Troglodytes aedon,House Wren,HOWR,78.00,81.00,55.1,t,lite
PC,WLNP-8-2,867,General Community Waterton Lakes National Park 2021,598,2021-06-02 07:00:00,285971,180,Troglodytes aedon,House Wren,HOWR,81.00,84.00,58.1,t,lite
PC,WLNP-8-2,867,General Community Waterton Lakes National Park 2021,598,2021-06-02 07:00:00,285971,180,Troglodytes aedon,House Wren,HOWR,84.00,87.00,51.0,t,lite
PC,WLNP-8-2,867,General Community Waterton Lakes National Park 2021,598,2021-06-02 07:00:00,285971,180,Zonotrichia leucophrys,White-crowned Sparrow,WCSP,87.00,90.00,36.8,t,lite
PC,WLNP-8-2,867,General Community Waterton Lakes National Park 2021,598,2021-06-02 07:00:00,285971,180,Troglodytes aedon,House Wren,HOWR,90.00,93.00,43.4,t,lite
PC,WLNP-8-2,867,General Community Waterton Lakes National Park 2021,598,2021-06-02 07:00:00,285971,180,Troglodytes aedon,House Wren,HOWR,93.00,96.00,59.4,t,lite
PC,WLNP-8-2,867,General Community Waterton Lakes National Park 2021,598,2021-06-02 07:00:00,285971,180,Troglodytes aedon,House Wren,HOWR,96.00,99.00,48.3,t,lite
PC,WLNP-8-2,867,General Community Waterton Lakes National Park 2021,598,2021-06-02 07:00:00,285971,180,Tachycineta bicolor,Tree Swallow,TRES,99.00,102.00,36.3,t,lite
PC,WLNP-8-2,867,General Community Waterton Lakes National Park 2021,598,2021-06-02 07:00:00,285971,180,Troglodytes aedon,House Wren,HOWR,114.00,117.00,68.7,t,lite
PC,WLNP-8-2,867,General Community Waterton Lakes National Park 2021,598,2021-06-02 07:00:00,285971,180,Empidonax minimus,Least Flycatcher,LEFL,117.00,120.00,41.1,t,lite
PC,WLNP-8-2,867,General Community Waterton Lakes National Park 2021,598,2021-06-02 07:00:00,285971,180,Vireo gilvus,Warbling Vireo,WAVI,135.00,138.00,32.8,t,lite
PC,WLNP-8-2,867,General Community Waterton Lakes National Park 2021,598,2021-06-02 07:00:00,285971,180,Troglodytes aedon,House Wren,HOWR,141.00,144.00,25.0,t,lite
PC,WLNP-8-2,867,General Community Waterton Lakes National Park 2021,598,2021-06-02 07:00:00,285971,180,Troglodytes aedon,House Wren,HOWR,153.00,156.00,68.9,t,lite
PC,WLNP-8-2,867,General Community Waterton Lakes National Park 2021,598,2021-06-02 07:00:00,285971,180,Troglodytes aedon,House Wren,HOWR,156.00,159.00,45.4,t,lite
PC,WLNP-8-2,867,General Community Waterton Lakes National Park 2021,598,2021-06-02 07:00:00,285971,180,Troglodytes aedon,House Wren,HOWR,162.00,165.00,33.1,t,lite
PC,WLNP-8-2,867,General Community Waterton Lakes National Park 2021,598,2021-06-02 07:00:00,285971,180,Troglodytes aedon,House Wren,HOWR,165.00,168.00,56.7,t,lite
PC,WLNP-8-2,867,General Community Waterton Lakes National Park 2021,598,2021-06-02 07:00:00,285971,180,Troglodytes aedon,House Wren,HOWR,168.00,171.00,26.0,t,lite
PC,WLNP-8-2,867,General Community Waterton Lakes National Park 2021,598,2021-06-02 07:00:00,285971,180,Troglodytes aedon,House Wren,HOWR,177.00,180.00,56.8,t,lite
PC,WLNP-8-2,867,General Community Waterton Lakes National Park 2021,598,2021-06-02 07:20:00,285957,180,Vireo gilvus,Warbling Vireo,WAVI,3.00,6.00,26.7,t,lite
PC,WLNP-8-2,867,General Community Waterton Lakes National Park 2021,598,2021-06-02 07:20:00,285957,180,Troglodytes aedon,House Wren,HOWR,6.00,9.00,38.0,t,lite
PC,WLNP-8-2,867,General Community Waterton Lakes National Park 2021,598,2021-06-02 07:20:00,285957,180,Troglodytes aedon,House Wren,HOWR,12.00,15.00,30.7,t,lite
PC,WLNP-8-2,867,General Community Waterton Lakes National Park 2021,598,2021-06-02 07:20:00,285957,180,Zonotrichia leucophrys,White-crowned Sparrow,WCSP,15.00,18.00,25.1,t,lite
PC,WLNP-8-2,867,General Community Waterton Lakes National Park 2021,598,2021-06-02 07:20:00,285957,180,Troglodytes aedon,House Wren,HOWR,27.00,30.00,57.9,t,lite
PC,WLNP-8-2,867,General Community Waterton Lakes National Park 2021,598,2021-06-02 07:20:00,285957,180,Troglodytes aedon,House Wren,HOWR,42.00,45.00,39.0,t,lite
PC,WLNP-8-2,867,General Community Waterton Lakes National Park 2021,598,2021-06-02 07:20:00,285957,180,Zonotrichia leucophrys,White-crowned Sparrow,WCSP,45.00,48.00,45.5,t,lite
PC,WLNP-8-2,867,General Community Waterton Lakes National Park 2021,598,2021-06-02 07:20:00,285957,180,Troglodytes aedon,House Wren,HOWR,54.00,57.00,32.4,t,lite
PC,WLNP-8-2,867,General Community Waterton Lakes National Park 2021,598,2021-06-02 07:20:00,285957,180,Troglodytes aedon,House Wren,HOWR,72.00,75.00,30.2,t,lite
PC,WLNP-8-2,867,General Community Waterton Lakes National Park 2021,598,2021-06-02 07:20:00,285957,180,Zonotrichia leucophrys,White-crowned Sparrow,WCSP,75.00,78.00,27.6,t,lite
PC,WLNP-8-2,867,General Community Waterton Lakes National Park 2021,598,2021-06-02 07:20:00,285957,180,Phylloscopus umbrovirens,,,81.00,84.00,32.6,f,lite
PC,WLNP-8-2,867,General Community Waterton Lakes National Park 2021,598,2021-06-02 07:20:00,285957,180,Troglodytes aedon,House Wren,HOWR,81.00,84.00,46.5,t,lite
PC,WLNP-8-2,867,General Community Waterton Lakes National Park 2021,598,2021-06-02 07:20:00,285957,180,Troglodytes aedon,House Wren,HOWR,84.00,87.00,28.6,t,lite
PC,WLNP-8-2,867,General Community Waterton Lakes National Park 2021,598,2021-06-02 07:20:00,285957,180,Troglodytes aedon,House Wren,HOWR,87.00,90.00,51.1,t,lite
PC,WLNP-8-2,867,General Community Waterton Lakes National Park 2021,598,2021-06-02 07:20:00,285957,180,Zonotrichia leucophrys,White-crowned Sparrow,WCSP,90.00,93.00,61.3,t,lite
PC,WLNP-8-2,867,General Community Waterton Lakes National Park 2021,598,2021-06-02 07:20:00,285957,180,Troglodytes aedon,House Wren,HOWR,93.00,96.00,30.7,t,lite
PC,WLNP-8-2,867,General Community Waterton Lakes National Park 2021,598,2021-06-02 07:20:00,285957,180,Troglodytes aedon,House Wren,HOWR,102.00,105.00,51.8,t,lite
PC,WLNP-8-2,867,General Community Waterton Lakes National Park 2021,598,2021-06-02 07:20:00,285957,180,Ficedula mugimaki,Mugimaki Flycatcher,MUFL,102.00,105.00,42.4,t,lite
PC,WLNP-8-2,867,General Community Waterton Lakes National Park 2021,598,2021-06-02 07:20:00,285957,180,Zonotrichia capensis,Rufous-collared Sparrow,RCOS,105.00,108.00,27.5,t,lite
PC,WLNP-8-2,867,General Community Waterton Lakes National Park 2021,598,2021-06-02 07:20:00,285957,180,Zonotrichia leucophrys,White-crowned Sparrow,WCSP,105.00,108.00,45.4,t,lite
PC,WLNP-8-2,867,General Community Waterton Lakes National Park 2021,598,2021-06-02 07:20:00,285957,180,Troglodytes aedon,House Wren,HOWR,111.00,114.00,40.3,t,lite
PC,WLNP-8-2,867,General Community Waterton Lakes National Park 2021,598,2021-06-02 07:20:00,285957,180,Peucaea aestivalis,Bachman's Sparrow,BACS,117.00,120.00,32.5,t,lite
PC,WLNP-8-2,867,General Community Waterton Lakes National Park 2021,598,2021-06-02 07:20:00,285957,180,Dubusia taeniata,,,117.00,120.00,31.0,f,lite
PC,WLNP-8-2,867,General Community Waterton Lakes National Park 2021,598,2021-06-02 07:20:00,285957,180,Zonotrichia leucophrys,White-crowned Sparrow,WCSP,120.00,123.00,27.4,t,lite
PC,WLNP-8-2,867,General Community Waterton Lakes National Park 2021,598,2021-06-02 07:20:00,285957,180,Zonotrichia capensis,Rufous-collared Sparrow,RCOS,120.00,123.00,33.2,t,lite
PC,WLNP-8-2,867,General Community Waterton Lakes National Park 2021,598,2021-06-02 07:20:00,285957,180,Setophaga aestiva,,,123.00,126.00,26.4,f,lite
PC,WLNP-8-2,867,General Community Waterton Lakes National Park 2021,598,2021-06-02 07:20:00,285957,180,Phylloscopus cantator,,,123.00,126.00,29.2,f,lite
PC,WLNP-8-2,867,General Community Waterton Lakes National Park 2021,598,2021-06-02 07:20:00,285957,180,Troglodytes aedon,House Wren,HOWR,126.00,129.00,32.3,t,lite
PC,WLNP-8-2,867,General Community Waterton Lakes National Park 2021,598,2021-06-02 07:20:00,285957,180,Troglodytes aedon,House Wren,HOWR,129.00,132.00,25.6,t,lite
PC,WLNP-8-2,867,General Community Waterton Lakes National Park 2021,598,2021-06-02 07:20:00,285957,180,Zonotrichia leucophrys,White-crowned Sparrow,WCSP,135.00,138.00,31.4,t,lite
PC,WLNP-8-2,867,General Community Waterton Lakes National Park 2021,598,2021-06-02 07:20:00,285957,180,Troglodytes aedon,House Wren,HOWR,141.00,144.00,29.9,t,lite
PC,WLNP-8-2,867,General Community Waterton Lakes National Park 2021,598,2021-06-02 07:20:00,285957,180,Zonotrichia leucophrys,White-crowned Sparrow,WCSP,147.00,150.00,42.4,t,lite
PC,WLNP-8-2,867,General Community Waterton Lakes National Park 2021,598,2021-06-02 07:20:00,285957,180,Troglodytes aedon,House Wren,HOWR,153.00,156.00,47.8,t,lite
PC,WLNP-8-2,867,General Community Waterton Lakes National Park 2021,598,2021-06-02 07:20:00,285957,180,Ficedula mugimaki,Mugimaki Flycatcher,MUFL,159.00,162.00,27.4,t,lite
PC,WLNP-8-2,867,General Community Waterton Lakes National Park 2021,598,2021-06-02 07:20:00,285957,180,Troglodytes aedon,House Wren,HOWR,159.00,162.00,37.5,t,lite
PC,WLNP-8-2,867,General Community Waterton Lakes National Park 2021,598,2021-06-02 07:20:00,285957,180,Zonotrichia capensis,Rufous-collared Sparrow,RCOS,177.00,180.00,25.9,t,lite
PC,WLNP-8-2,867,General Community Waterton Lakes National Park 2021,598,2021-06-02 07:20:00,285957,180,Zonotrichia leucophrys,White-crowned Sparrow,WCSP,177.00,180.00,60.1,t,lite
PC,WLNP-8-2,867,General Community Waterton Lakes National Park 2021,598,2021-06-04 02:40:00,286070,180,*NOT GENERATED/FOUND*,,,,,,f,lite
PC,WLNP-8-2,867,General Community Waterton Lakes National Park 2021,598,2021-06-06 04:20:00,285962,180,*NOT GENERATED/FOUND*,,,,,,f,lite
PC,WLNP-8-2,867,General Community Waterton Lakes National Park 2021,598,2021-06-06 06:00:00,286069,180,*NOT GENERATED/FOUND*,,,,,,f,lite
PC,WLNP-8-2,867,General Community Waterton Lakes National Park 2021,598,2021-06-09 08:20:00,286045,180,*NOT GENERATED/FOUND*,,,,,,f,lite
PC,WLNP-8-2,867,General Community Waterton Lakes National Park 2021,598,2021-06-15 06:00:00,286054,180,Contopus sordidulus,Western Wood-Pewee,WEWP,12.00,15.00,31.9,t,lite
PC,WLNP-8-2,867,General Community Waterton Lakes National Park 2021,598,2021-06-15 06:00:00,286054,180,Contopus sordidulus,Western Wood-Pewee,WEWP,15.00,18.00,37.0,t,lite
PC,WLNP-8-2,867,General Community Waterton Lakes National Park 2021,598,2021-06-15 06:00:00,286054,180,Empidonax minimus,Least Flycatcher,LEFL,27.00,30.00,28.2,t,lite
PC,WLNP-8-2,867,General Community Waterton Lakes National Park 2021,598,2021-06-15 06:00:00,286054,180,Contopus sordidulus,Western Wood-Pewee,WEWP,33.00,36.00,26.2,t,lite
PC,WLNP-8-2,867,General Community Waterton Lakes National Park 2021,598,2021-06-15 06:00:00,286054,180,Contopus sordidulus,Western Wood-Pewee,WEWP,39.00,42.00,39.9,t,lite
PC,WLNP-8-2,867,General Community Waterton Lakes National Park 2021,598,2021-06-15 06:00:00,286054,180,Empidonax minimus,Least Flycatcher,LEFL,42.00,45.00,46.8,t,lite
PC,WLNP-8-2,867,General Community Waterton Lakes National Park 2021,598,2021-06-15 06:00:00,286054,180,Empidonax minimus,Least Flycatcher,LEFL,48.00,51.00,37.5,t,lite
PC,WLNP-8-2,867,General Community Waterton Lakes National Park 2021,598,2021-06-15 06:00:00,286054,180,Empidonax minimus,Least Flycatcher,LEFL,51.00,54.00,27.3,t,lite
PC,WLNP-8-2,867,General Community Waterton Lakes National Park 2021,598,2021-06-15 06:00:00,286054,180,Contopus sordidulus,Western Wood-Pewee,WEWP,60.00,63.00,26.2,t,lite
PC,WLNP-8-2,867,General Community Waterton Lakes National Park 2021,598,2021-06-15 06:00:00,286054,180,Empidonax minimus,Least Flycatcher,LEFL,60.00,63.00,26.2,t,lite
PC,WLNP-8-2,867,General Community Waterton Lakes National Park 2021,598,2021-06-15 06:00:00,286054,180,Contopus sordidulus,Western Wood-Pewee,WEWP,63.00,66.00,39.2,t,lite
PC,WLNP-8-2,867,General Community Waterton Lakes National Park 2021,598,2021-06-15 06:00:00,286054,180,Empidonax minimus,Least Flycatcher,LEFL,66.00,69.00,38.7,t,lite
PC,WLNP-8-2,867,General Community Waterton Lakes National Park 2021,598,2021-06-15 06:00:00,286054,180,Contopus sordidulus,Western Wood-Pewee,WEWP,72.00,75.00,37.8,t,lite
PC,WLNP-8-2,867,General Community Waterton Lakes National Park 2021,598,2021-06-15 06:00:00,286054,180,Contopus sordidulus,Western Wood-Pewee,WEWP,90.00,93.00,39.3,t,lite
PC,WLNP-8-2,867,General Community Waterton Lakes National Park 2021,598,2021-06-15 06:00:00,286054,180,Contopus sordidulus,Western Wood-Pewee,WEWP,96.00,99.00,62.4,t,lite
PC,WLNP-8-2,867,General Community Waterton Lakes National Park 2021,598,2021-06-15 06:00:00,286054,180,Contopus sordidulus,Western Wood-Pewee,WEWP,99.00,102.00,41.9,t,lite
PC,WLNP-8-2,867,General Community Waterton Lakes National Park 2021,598,2021-06-15 06:00:00,286054,180,Contopus sordidulus,Western Wood-Pewee,WEWP,102.00,105.00,52.8,t,lite
PC,WLNP-8-2,867,General Community Waterton Lakes National Park 2021,598,2021-06-15 06:00:00,286054,180,Buteo buteo,Common Buzzard,COBU,120.00,123.00,32.6,t,lite
PC,WLNP-8-2,867,General Community Waterton Lakes National Park 2021,598,2021-06-15 06:00:00,286054,180,Contopus sordidulus,Western Wood-Pewee,WEWP,126.00,129.00,45.4,t,lite
PC,WLNP-8-2,867,General Community Waterton Lakes National Park 2021,598,2021-06-15 06:00:00,286054,180,Contopus sordidulus,Western Wood-Pewee,WEWP,141.00,144.00,38.8,t,lite
PC,WLNP-8-2,867,General Community Waterton Lakes National Park 2021,598,2021-06-15 06:00:00,286054,180,Contopus sordidulus,Western Wood-Pewee,WEWP,156.00,159.00,27.7,t,lite
PC,WLNP-8-2,867,General Community Waterton Lakes National Park 2021,598,2021-06-15 06:00:00,286054,180,Troglodytes aedon,House Wren,HOWR,162.00,165.00,49.1,t,lite
PC,WLNP-8-2,867,General Community Waterton Lakes National Park 2021,598,2021-06-15 06:00:00,286054,180,Troglodytes aedon,House Wren,HOWR,168.00,171.00,33.8,t,lite
PC,WLNP-8-2,867,General Community Waterton Lakes National Park 2021,598,2021-06-15 06:00:00,286054,180,Troglodytes aedon,House Wren,HOWR,174.00,177.00,65.3,t,lite
PC,WLNP-8-2,867,General Community Waterton Lakes National Park 2021,598,2021-06-15 06:00:00,286054,180,Troglodytes aedon,House Wren,HOWR,177.00,180.00,44.9,t,lite
PC,WLNP-8-2,867,General Community Waterton Lakes National Park 2021,598,2021-06-15 07:00:00,286081,180,Empidonax minimus,Least Flycatcher,LEFL,12.00,15.00,39.5,t,lite
PC,WLNP-8-2,867,General Community Waterton Lakes National Park 2021,598,2021-06-15 07:00:00,286081,180,Troglodytes aedon,House Wren,HOWR,24.00,27.00,29.3,t,lite
PC,WLNP-8-2,867,General Community Waterton Lakes National Park 2021,598,2021-06-15 07:00:00,286081,180,Empidonax minimus,Least Flycatcher,LEFL,33.00,36.00,27.6,t,lite
PC,WLNP-8-2,867,General Community Waterton Lakes National Park 2021,598,2021-06-15 07:00:00,286081,180,Empidonax minimus,Least Flycatcher,LEFL,51.00,54.00,38.0,t,lite
PC,WLNP-8-2,867,General Community Waterton Lakes National Park 2021,598,2021-06-15 07:00:00,286081,180,Empidonax minimus,Least Flycatcher,LEFL,63.00,66.00,37.7,t,lite
PC,WLNP-8-2,867,General Community Waterton Lakes National Park 2021,598,2021-06-15 07:00:00,286081,180,Empidonax minimus,Least Flycatcher,LEFL,69.00,72.00,35.5,t,lite
PC,WLNP-8-2,867,General Community Waterton Lakes National Park 2021,598,2021-06-15 07:00:00,286081,180,Empidonax minimus,Least Flycatcher,LEFL,84.00,87.00,51.7,t,lite
PC,WLNP-8-2,867,General Community Waterton Lakes National Park 2021,598,2021-06-15 07:00:00,286081,180,Empidonax minimus,Least Flycatcher,LEFL,87.00,90.00,31.0,t,lite
PC,WLNP-8-2,867,General Community Waterton Lakes National Park 2021,598,2021-06-15 07:00:00,286081,180,Troglodytes aedon,House Wren,HOWR,99.00,102.00,57.8,t,lite
PC,WLNP-8-2,867,General Community Waterton Lakes National Park 2021,598,2021-06-15 07:00:00,286081,180,Contopus sordidulus,Western Wood-Pewee,WEWP,117.00,120.00,34.7,t,lite
PC,WLNP-8-2,867,General Community Waterton Lakes National Park 2021,598,2021-06-15 07:00:00,286081,180,Phaeomyias murina,Mouse-colored Tyrannulet,MCTY,120.00,123.00,25.5,t,lite
PC,WLNP-8-2,867,General Community Waterton Lakes National Park 2021,598,2021-06-15 07:00:00,286081,180,Contopus sordidulus,Western Wood-Pewee,WEWP,123.00,126.00,39.3,t,lite
PC,WLNP-8-2,867,General Community Waterton Lakes National Park 2021,598,2021-06-15 07:00:00,286081,180,Contopus sordidulus,Western Wood-Pewee,WEWP,126.00,129.00,38.4,t,lite
PC,WLNP-8-2,867,General Community Waterton Lakes National Park 2021,598,2021-06-15 07:00:00,286081,180,Milvus migrans,Black Kite,BLAK,138.00,141.00,26.8,t,lite
PC,WLNP-8-2,867,General Community Waterton Lakes National Park 2021,598,2021-06-15 07:00:00,286081,180,Contopus sordidulus,Western Wood-Pewee,WEWP,138.00,141.00,42.3,t,lite
PC,WLNP-8-2,867,General Community Waterton Lakes National Park 2021,598,2021-06-15 07:00:00,286081,180,Contopus virens,Eastern Wood-Pewee,EAWP,138.00,141.00,25.0,t,lite
PC,WLNP-8-2,867,General Community Waterton Lakes National Park 2021,598,2021-06-15 07:00:00,286081,180,Contopus sordidulus,Western Wood-Pewee,WEWP,141.00,144.00,32.8,t,lite
PC,WLNP-8-2,867,General Community Waterton Lakes National Park 2021,598,2021-06-15 07:00:00,286081,180,Contopus sordidulus,Western Wood-Pewee,WEWP,147.00,150.00,36.1,t,lite
PC,WLNP-8-2,867,General Community Waterton Lakes National Park 2021,598,2021-06-15 07:00:00,286081,180,Contopus sordidulus,Western Wood-Pewee,WEWP,150.00,153.00,42.5,t,lite
PC,WLNP-8-2,867,General Community Waterton Lakes National Park 2021,598,2021-06-15 07:00:00,286081,180,Pseudastur polionotus,,,159.00,162.00,36.8,f,lite
PC,WLNP-8-2,867,General Community Waterton Lakes National Park 2021,598,2021-06-15 07:00:00,286081,180,Contopus sordidulus,Western Wood-Pewee,WEWP,171.00,174.00,46.0,t,lite
PC,WLNP-8-3,872,General Community Waterton Lakes National Park 2021,598,2021-06-02 04:00:00,285963,180,Pyrrhula erythaca,,,84.00,87.00,30.4,f,lite
PC,WLNP-8-3,872,General Community Waterton Lakes National Park 2021,598,2021-06-02 22:20:00,286003,180,*NOT GENERATED/FOUND*,,,,,,f,lite
PC,WLNP-8-3,872,General Community Waterton Lakes National Park 2021,598,2021-06-03 23:20:00,286102,180,*NOT GENERATED/FOUND*,,,,,,f,lite
PC,WLNP-8-3,872,General Community Waterton Lakes National Park 2021,598,2021-06-05 06:00:00,286080,180,*NOT GENERATED/FOUND*,,,,,,f,lite
PC,WLNP-8-3,872,General Community Waterton Lakes National Park 2021,598,2021-06-12 06:20:00,285958,180,Leiothlypis crissalis,,,0.00,3.00,26.9,f,lite
PC,WLNP-8-3,872,General Community Waterton Lakes National Park 2021,598,2021-06-12 06:20:00,285958,180,Leiothlypis celata,Orange-crowned Warbler,OCWA,0.00,3.00,39.7,t,lite
PC,WLNP-8-3,872,General Community Waterton Lakes National Park 2021,598,2021-06-12 06:20:00,285958,180,Phylloscopus emeiensis,,,0.00,3.00,32.1,f,lite
PC,WLNP-8-3,872,General Community Waterton Lakes National Park 2021,598,2021-06-12 06:20:00,285958,180,Leiothlypis crissalis,,,18.00,21.00,32.8,f,lite
PC,WLNP-8-3,872,General Community Waterton Lakes National Park 2021,598,2021-06-12 06:20:00,285958,180,Leiothlypis celata,Orange-crowned Warbler,OCWA,18.00,21.00,41.8,t,lite
PC,WLNP-8-3,872,General Community Waterton Lakes National Park 2021,598,2021-06-12 06:20:00,285958,180,Vireo gilvus,Warbling Vireo,WAVI,21.00,24.00,32.1,t,lite
PC,WLNP-8-3,872,General Community Waterton Lakes National Park 2021,598,2021-06-12 06:20:00,285958,180,Zonotrichia leucophrys,White-crowned Sparrow,WCSP,27.00,30.00,52.6,t,lite
PC,WLNP-8-3,872,General Community Waterton Lakes National Park 2021,598,2021-06-12 06:20:00,285958,180,Phylloscopus emeiensis,,,36.00,39.00,44.2,f,lite
PC,WLNP-8-3,872,General Community Waterton Lakes National Park 2021,598,2021-06-12 06:20:00,285958,180,Leiothlypis crissalis,,,36.00,39.00,50.2,f,lite
PC,WLNP-8-3,872,General Community Waterton Lakes National Park 2021,598,2021-06-12 06:20:00,285958,180,Leiothlypis celata,Orange-crowned Warbler,OCWA,36.00,39.00,46.8,t,lite
PC,WLNP-8-3,872,General Community Waterton Lakes National Park 2021,598,2021-06-12 06:20:00,285958,180,Vireo gilvus,Warbling Vireo,WAVI,39.00,42.00,36.2,t,lite
PC,WLNP-8-3,872,General Community Waterton Lakes National Park 2021,598,2021-06-12 06:20:00,285958,180,Cyanoloxia brissonii,,,39.00,42.00,25.4,f,lite
PC,WLNP-8-3,872,General Community Waterton Lakes National Park 2021,598,2021-06-12 06:20:00,285958,180,Vireo gilvus,Warbling Vireo,WAVI,51.00,54.00,29.4,t,lite
PC,WLNP-8-3,872,General Community Waterton Lakes National Park 2021,598,2021-06-12 06:20:00,285958,180,Leiothlypis crissalis,,,57.00,60.00,32.2,f,lite
PC,WLNP-8-3,872,General Community Waterton Lakes National Park 2021,598,2021-06-12 06:20:00,285958,180,Phylloscopus emeiensis,,,66.00,69.00,38.7,f,lite
PC,WLNP-8-3,872,General Community Waterton Lakes National Park 2021,598,2021-06-12 06:20:00,285958,180,Odontorchilus cinereus,,,66.00,69.00,29.4,f,lite
PC,WLNP-8-3,872,General Community Waterton Lakes National Park 2021,598,2021-06-12 06:20:00,285958,180,Leiothlypis crissalis,,,66.00,69.00,37.0,f,lite
PC,WLNP-8-3,872,General Community Waterton Lakes National Park 2021,598,2021-06-12 06:20:00,285958,180,Setophaga pinus,Pine Warbler,PIWA,69.00,72.00,27.1,t,lite
PC,WLNP-8-3,872,General Community Waterton Lakes National Park 2021,598,2021-06-12 06:20:00,285958,180,Leptasthenura setaria,,,69.00,72.00,25.6,f,lite
PC,WLNP-8-3,872,General Community Waterton Lakes National Park 2021,598,2021-06-12 06:20:00,285958,180,Phylloscopus emeiensis,,,81.00,84.00,27.5,f,lite
PC,WLNP-8-3,872,General Community Waterton Lakes National Park 2021,598,2021-06-12 06:20:00,285958,180,Leiothlypis crissalis,,,81.00,84.00,35.0,f,lite
PC,WLNP-8-3,872,General Community Waterton Lakes National Park 2021,598,2021-06-12 06:20:00,285958,180,Leiothlypis celata,Orange-crowned Warbler,OCWA,84.00,87.00,27.3,t,lite
PC,WLNP-8-3,872,General Community Waterton Lakes National Park 2021,598,2021-06-12 06:20:00,285958,180,Leiothlypis crissalis,,,84.00,87.00,26.8,f,lite
PC,WLNP-8-3,872,General Community Waterton Lakes National Park 2021,598,2021-06-12 06:20:00,285958,180,Phylloscopus emeiensis,,,84.00,87.00,42.6,f,lite
PC,WLNP-8-3,872,General Community Waterton Lakes National Park 2021,598,2021-06-12 06:20:00,285958,180,Vireo gilvus,Warbling Vireo,WAVI,87.00,90.00,27.2,t,lite
PC,WLNP-8-3,872,General Community Waterton Lakes National Park 2021,598,2021-06-12 06:20:00,285958,180,Myiodynastes bairdii,,,90.00,93.00,33.5,f,lite
PC,WLNP-8-3,872,General Community Waterton Lakes National Park 2021,598,2021-06-12 06:20:00,285958,180,Phylloscopus emeiensis,,,96.00,99.00,34.6,f,lite
PC,WLNP-8-3,872,General Community Waterton Lakes National Park 2021,598,2021-06-12 06:20:00,285958,180,Leiothlypis crissalis,,,96.00,99.00,52.8,f,lite
PC,WLNP-8-3,872,General Community Waterton Lakes National Park 2021,598,2021-06-12 06:20:00,285958,180,Leiothlypis celata,Orange-crowned Warbler,OCWA,96.00,99.00,36.9,t,lite
PC,WLNP-8-3,872,General Community Waterton Lakes National Park 2021,598,2021-06-12 06:20:00,285958,180,Zonotrichia leucophrys,White-crowned Sparrow,WCSP,102.00,105.00,63.6,t,lite
PC,WLNP-8-3,872,General Community Waterton Lakes National Park 2021,598,2021-06-12 06:20:00,285958,180,Emberiza cirlus,Cirl Bunting,EMBCIR,111.00,114.00,38.9,t,lite
PC,WLNP-8-3,872,General Community Waterton Lakes National Park 2021,598,2021-06-12 06:20:00,285958,180,Leiothlypis celata,Orange-crowned Warbler,OCWA,111.00,114.00,41.4,t,lite
PC,WLNP-8-3,872,General Community Waterton Lakes National Park 2021,598,2021-06-12 06:20:00,285958,180,Junco hyemalis,Dark-eyed Junco,DEJU,111.00,114.00,27.9,t,lite
PC,WLNP-8-3,872,General Community Waterton Lakes National Park 2021,598,2021-06-12 06:20:00,285958,180,Myiodynastes bairdii,,,114.00,117.00,31.5,f,lite
PC,WLNP-8-3,872,General Community Waterton Lakes National Park 2021,598,2021-06-12 06:20:00,285958,180,Leiothlypis crissalis,,,126.00,129.00,29.4,f,lite
PC,WLNP-8-3,872,General Community Waterton Lakes National Park 2021,598,2021-06-12 06:20:00,285958,180,Junco hyemalis,Dark-eyed Junco,DEJU,126.00,129.00,27.6,t,lite
PC,WLNP-8-3,872,General Community Waterton Lakes National Park 2021,598,2021-06-12 06:20:00,285958,180,Leiothlypis celata,Orange-crowned Warbler,OCWA,126.00,129.00,45.2,t,lite
PC,WLNP-8-3,872,General Community Waterton Lakes National Park 2021,598,2021-06-12 06:20:00,285958,180,Leiothlypis celata,Orange-crowned Warbler,OCWA,138.00,141.00,32.2,t,lite
PC,WLNP-8-3,872,General Community Waterton Lakes National Park 2021,598,2021-06-12 06:20:00,285958,180,Junco hyemalis,Dark-eyed Junco,DEJU,138.00,141.00,25.4,t,lite
PC,WLNP-8-3,872,General Community Waterton Lakes National Park 2021,598,2021-06-12 06:20:00,285958,180,Emberiza cirlus,Cirl Bunting,EMBCIR,138.00,141.00,30.4,t,lite
PC,WLNP-8-3,872,General Community Waterton Lakes National Park 2021,598,2021-06-12 06:20:00,285958,180,Junco hyemalis,Dark-eyed Junco,DEJU,153.00,156.00,33.3,t,lite
PC,WLNP-8-3,872,General Community Waterton Lakes National Park 2021,598,2021-06-12 06:20:00,285958,180,Emberiza cirlus,Cirl Bunting,EMBCIR,153.00,156.00,30.1,t,lite
PC,WLNP-8-3,872,General Community Waterton Lakes National Park 2021,598,2021-06-12 06:20:00,285958,180,Zonotrichia leucophrys,White-crowned Sparrow,WCSP,159.00,162.00,25.3,t,lite
PC,WLNP-8-3,872,General Community Waterton Lakes National Park 2021,598,2021-06-12 06:20:00,285958,180,Leiothlypis crissalis,,,165.00,168.00,36.9,f,lite
PC,WLNP-8-3,872,General Community Waterton Lakes National Park 2021,598,2021-06-12 06:20:00,285958,180,Leptasthenura setaria,,,165.00,168.00,29.6,f,lite
PC,WLNP-8-3,872,General Community Waterton Lakes National Park 2021,598,2021-06-12 06:20:00,285958,180,Junco hyemalis,Dark-eyed Junco,DEJU,165.00,168.00,27.3,t,lite
PC,WLNP-8-3,872,General Community Waterton Lakes National Park 2021,598,2021-06-12 06:20:00,285958,180,Leiothlypis celata,Orange-crowned Warbler,OCWA,165.00,168.00,55.4,t,lite
PC,WLNP-8-3,872,General Community Waterton Lakes National Park 2021,598,2021-06-12 07:20:00,286012,180,Colaptes auratus,Northern Flicker,NOFL,132.00,135.00,25.9,t,lite
PC,WLNP-8-3,872,General Community Waterton Lakes National Park 2021,598,2021-06-12 07:20:00,286012,180,Pteroglossus castanotis,,,132.00,135.00,34.3,f,lite
PC,WLNP-8-3,872,General Community Waterton Lakes National Park 2021,598,2021-06-12 07:40:00,285952,180,Junco hyemalis,Dark-eyed Junco,DEJU,12.00,15.00,25.8,t,lite
PC,WLNP-8-3,872,General Community Waterton Lakes National Park 2021,598,2021-06-12 07:40:00,285952,180,Phylloscopus emeiensis,,,12.00,15.00,59.4,f,lite
PC,WLNP-8-3,872,General Community Waterton Lakes National Park 2021,598,2021-06-12 07:40:00,285952,180,Leiothlypis crissalis,,,12.00,15.00,37.0,f,lite
PC,WLNP-8-3,872,General Community Waterton Lakes National Park 2021,598,2021-06-12 07:40:00,285952,180,Leiothlypis celata,Orange-crowned Warbler,OCWA,12.00,15.00,51.4,t,lite
PC,WLNP-8-3,872,General Community Waterton Lakes National Park 2021,598,2021-06-12 07:40:00,285952,180,Leiothlypis celata,Orange-crowned Warbler,OCWA,15.00,18.00,28.0,t,lite
PC,WLNP-8-3,872,General Community Waterton Lakes National Park 2021,598,2021-06-12 07:40:00,285952,180,Emberiza cirlus,Cirl Bunting,EMBCIR,15.00,18.00,27.6,t,lite
PC,WLNP-8-3,872,General Community Waterton Lakes National Park 2021,598,2021-06-12 07:40:00,285952,180,Leiothlypis crissalis,,,15.00,18.00,26.9,f,lite
PC,WLNP-8-3,872,General Community Waterton Lakes National Park 2021,598,2021-06-12 07:40:00,285952,180,Sitta canadensis,Red-breasted Nuthatch,RBNU,42.00,45.00,45.0,t,lite
PC,WLNP-8-3,872,General Community Waterton Lakes National Park 2021,598,2021-06-12 07:40:00,285952,180,Iole propinqua,,,42.00,45.00,31.8,f,lite
PC,WLNP-8-3,872,General Community Waterton Lakes National Park 2021,598,2021-06-12 07:40:00,285952,180,Leiothlypis crissalis,,,63.00,66.00,41.1,f,lite
PC,WLNP-8-3,872,General Community Waterton Lakes National Park 2021,598,2021-06-12 07:40:00,285952,180,Phylloscopus emeiensis,,,63.00,66.00,29.0,f,lite
PC,WLNP-8-3,872,General Community Waterton Lakes National Park 2021,598,2021-06-12 07:40:00,285952,180,Leiothlypis celata,Orange-crowned Warbler,OCWA,63.00,66.00,45.9,t,lite
PC,WLNP-8-3,872,General Community Waterton Lakes National Park 2021,598,2021-06-12 07:40:00,285952,180,Leiothlypis celata,Orange-crowned Warbler,OCWA,66.00,69.00,47.7,t,lite
PC,WLNP-8-3,872,General Community Waterton Lakes National Park 2021,598,2021-06-12 07:40:00,285952,180,Junco hyemalis,Dark-eyed Junco,DEJU,66.00,69.00,27.7,t,lite
PC,WLNP-8-3,872,General Community Waterton Lakes National Park 2021,598,2021-06-12 07:40:00,285952,180,Emberiza cirlus,Cirl Bunting,EMBCIR,66.00,69.00,26.1,t,lite
PC,WLNP-8-3,872,General Community Waterton Lakes National Park 2021,598,2021-06-12 07:40:00,285952,180,Leiothlypis celata,Orange-crowned Warbler,OCWA,81.00,84.00,55.3,t,lite
PC,WLNP-8-3,872,General Community Waterton Lakes National Park 2021,598,2021-06-12 07:40:00,285952,180,Setophaga pinus,Pine Warbler,PIWA,81.00,84.00,25.8,t,lite
PC,WLNP-8-3,872,General Community Waterton Lakes National Park 2021,598,2021-06-12 07:40:00,285952,180,Leiothlypis crissalis,,,81.00,84.00,38.6,f,lite
PC,WLNP-8-3,872,General Community Waterton Lakes National Park 2021,598,2021-06-12 07:40:00,285952,180,Phylloscopus emeiensis,,,81.00,84.00,46.9,f,lite
PC,WLNP-8-3,872,General Community Waterton Lakes National Park 2021,598,2021-06-12 07:40:00,285952,180,Odontorchilus cinereus,,,96.00,99.00,32.1,f,lite
PC,WLNP-8-3,872,General Community Waterton Lakes National Park 2021,598,2021-06-12 07:40:00,285952,180,Phylloscopus emeiensis,,,96.00,99.00,25.8,f,lite
PC,WLNP-8-3,872,General Community Waterton Lakes National Park 2021,598,2021-06-12 07:40:00,285952,180,Junco hyemalis,Dark-eyed Junco,DEJU,96.00,99.00,49.0,t,lite
PC,WLNP-8-3,872,General Community Waterton Lakes National Park 2021,598,2021-06-12 07:40:00,285952,180,Emberiza cirlus,Cirl Bunting,EMBCIR,96.00,99.00,38.6,t,lite
PC,WLNP-8-3,872,General Community Waterton Lakes National Park 2021,598,2021-06-12 07:40:00,285952,180,Leiothlypis celata,Orange-crowned Warbler,OCWA,96.00,99.00,36.6,t,lite
PC,WLNP-8-3,872,General Community Waterton Lakes National Park 2021,598,2021-06-12 07:40:00,285952,180,Leiothlypis crissalis,,,117.00,120.00,30.7,f,lite
PC,WLNP-8-3,872,General Community Waterton Lakes National Park 2021,598,2021-06-12 07:40:00,285952,180,Emberiza cirlus,Cirl Bunting,EMBCIR,117.00,120.00,27.3,t,lite
PC,WLNP-8-3,872,General Community Waterton Lakes National Park 2021,598,2021-06-12 07:40:00,285952,180,Leptasthenura setaria,,,117.00,120.00,28.5,f,lite
PC,WLNP-8-3,872,General Community Waterton Lakes National Park 2021,598,2021-06-12 07:40:00,285952,180,Phylloscopus emeiensis,,,132.00,135.00,54.5,f,lite
PC,WLNP-8-3,872,General Community Waterton Lakes National Park 2021,598,2021-06-12 07:40:00,285952,180,Leiothlypis crissalis,,,132.00,135.00,40.3,f,lite
PC,WLNP-8-3,872,General Community Waterton Lakes National Park 2021,598,2021-06-12 07:40:00,285952,180,Leiothlypis celata,Orange-crowned Warbler,OCWA,132.00,135.00,58.7,t,lite
PC,WLNP-8-3,872,General Community Waterton Lakes National Park 2021,598,2021-06-12 07:40:00,285952,180,Leiothlypis celata,Orange-crowned Warbler,OCWA,144.00,147.00,54.9,t,lite
PC,WLNP-8-3,872,General Community Waterton Lakes National Park 2021,598,2021-06-12 07:40:00,285952,180,Phylloscopus emeiensis,,,144.00,147.00,32.8,f,lite
PC,WLNP-8-3,872,General Community Waterton Lakes National Park 2021,598,2021-06-12 07:40:00,285952,180,Emberiza cirlus,Cirl Bunting,EMBCIR,144.00,147.00,42.9,t,lite
PC,WLNP-8-3,872,General Community Waterton Lakes National Park 2021,598,2021-06-12 07:40:00,285952,180,Leiothlypis crissalis,,,144.00,147.00,26.4,f,lite
PC,WLNP-8-3,872,General Community Waterton Lakes National Park 2021,598,2021-06-12 07:40:00,285952,180,Leiothlypis celata,Orange-crowned Warbler,OCWA,162.00,165.00,55.5,t,lite
PC,WLNP-8-3,872,General Community Waterton Lakes National Park 2021,598,2021-06-12 07:40:00,285952,180,Leiothlypis celata,Orange-crowned Warbler,OCWA,165.00,168.00,29.5,t,lite
PC,WLNP-8-3,872,General Community Waterton Lakes National Park 2021,598,2021-06-13 02:00:00,286079,180,*NOT GENERATED/FOUND*,,,,,,f,lite
PC,WLNP-8-4,868,General Community Waterton Lakes National Park 2021,598,2021-06-10 21:40:00,325390,180,Setophaga pensylvanica,Chestnut-sided Warbler,CSWA,6.00,9.00,32.9,t,lite
PC,WLNP-8-4,868,General Community Waterton Lakes National Park 2021,598,2021-06-10 21:40:00,325390,180,Phylloscopus cantator,,,9.00,12.00,36.6,f,lite
PC,WLNP-8-4,868,General Community Waterton Lakes National Park 2021,598,2021-06-10 21:40:00,325390,180,Phylloscopus trochiloides,Greenish Warbler,PHYTRO,9.00,12.00,42.0,t,lite
PC,WLNP-8-4,868,General Community Waterton Lakes National Park 2021,598,2021-06-10 21:40:00,325390,180,Setophaga pensylvanica,Chestnut-sided Warbler,CSWA,30.00,33.00,27.4,t,lite
PC,WLNP-8-4,868,General Community Waterton Lakes National Park 2021,598,2021-06-10 21:40:00,325390,180,Phylloscopus trochiloides,Greenish Warbler,PHYTRO,30.00,33.00,32.2,t,lite
PC,WLNP-8-4,868,General Community Waterton Lakes National Park 2021,598,2021-06-10 21:40:00,325390,180,Setophaga aestiva,,,60.00,63.00,31.9,f,lite
PC,WLNP-8-4,868,General Community Waterton Lakes National Park 2021,598,2021-06-10 21:40:00,325390,180,Myrmophylax atrothorax,,,81.00,84.00,33.6,f,lite
PC,WLNP-8-4,868,General Community Waterton Lakes National Park 2021,598,2021-06-10 21:40:00,325390,180,Limnothlypis swainsonii,Swainson's Warbler,SWWA,81.00,84.00,25.8,t,lite
PC,WLNP-8-4,868,General Community Waterton Lakes National Park 2021,598,2021-06-10 21:40:00,325390,180,Setophaga graciae,Grace's Warbler,GRWA,120.00,123.00,27.5,t,lite
PC,WLNP-8-4,868,General Community Waterton Lakes National Park 2021,598,2021-06-10 21:40:00,325390,180,Setophaga aestiva,,,177.00,180.00,31.8,f,lite
PC,WLNP-8-4,868,General Community Waterton Lakes National Park 2021,598,2021-06-13 05:40:00,325397,180,Setophaga aestiva,,,6.00,9.00,31.7,f,lite
PC,WLNP-8-4,868,General Community Waterton Lakes National Park 2021,598,2021-06-13 05:40:00,325397,180,Setophaga pensylvanica,Chestnut-sided Warbler,CSWA,6.00,9.00,25.4,t,lite
PC,WLNP-8-4,868,General Community Waterton Lakes National Park 2021,598,2021-06-13 05:40:00,325397,180,Vireo gilvus,Warbling Vireo,WAVI,18.00,21.00,43.1,t,lite
PC,WLNP-8-4,868,General Community Waterton Lakes National Park 2021,598,2021-06-13 05:40:00,325397,180,Phylloscopus sarasinorum,,,21.00,24.00,25.3,f,lite
PC,WLNP-8-4,868,General Community Waterton Lakes National Park 2021,598,2021-06-13 05:40:00,325397,180,Vireo gilvus,Warbling Vireo,WAVI,21.00,24.00,25.8,t,lite
PC,WLNP-8-4,868,General Community Waterton Lakes National Park 2021,598,2021-06-13 05:40:00,325397,180,Catharus ustulatus,Swainson's Thrush,SWTH,48.00,51.00,29.0,t,lite
PC,WLNP-8-4,868,General Community Waterton Lakes National Park 2021,598,2021-06-13 05:40:00,325397,180,Vireo gilvus,Warbling Vireo,WAVI,93.00,96.00,28.2,t,lite
PC,WLNP-8-4,868,General Community Waterton Lakes National Park 2021,598,2021-06-13 05:40:00,325397,180,Vireo gilvus,Warbling Vireo,WAVI,129.00,132.00,45.4,t,lite
PC,WLNP-8-4,868,General Community Waterton Lakes National Park 2021,598,2021-06-13 05:40:00,325397,180,Vireo gilvus,Warbling Vireo,WAVI,135.00,138.00,25.3,t,lite
PC,WLNP-8-4,868,General Community Waterton Lakes National Park 2021,598,2021-06-13 20:20:00,325399,180,Cardellina rubrifrons,Red-faced Warbler,RFWA,0.00,3.00,31.6,t,lite
PC,WLNP-8-4,868,General Community Waterton Lakes National Park 2021,598,2021-06-13 20:20:00,325399,180,Setophaga petechia,Yellow Warbler,YEWA,18.00,21.00,30.3,t,lite
PC,WLNP-8-4,868,General Community Waterton Lakes National Park 2021,598,2021-06-13 20:20:00,325399,180,Setophaga aestiva,,,18.00,21.00,46.6,f,lite
PC,WLNP-8-4,868,General Community Waterton Lakes National Park 2021,598,2021-06-13 20:20:00,325399,180,Setophaga aestiva,,,33.00,36.00,26.9,f,lite
PC,WLNP-8-4,868,General Community Waterton Lakes National Park 2021,598,2021-06-13 20:20:00,325399,180,Setophaga aestiva,,,42.00,45.00,27.9,f,lite
PC,WLNP-8-4,868,General Community Waterton Lakes National Park 2021,598,2021-06-13 20:20:00,325399,180,Vireo gilvus,Warbling Vireo,WAVI,57.00,60.00,29.6,t,lite
PC,WLNP-8-4,868,General Community Waterton Lakes National Park 2021,598,2021-06-13 20:20:00,325399,180,Setophaga aestiva,,,60.00,63.00,31.4,f,lite
PC,WLNP-8-4,868,General Community Waterton Lakes National Park 2021,598,2021-06-13 20:20:00,325399,180,Setophaga aestiva,,,69.00,72.00,31.8,f,lite
PC,WLNP-8-4,868,General Community Waterton Lakes National Park 2021,598,2021-06-13 20:20:00,325399,180,Setophaga aestiva,,,75.00,78.00,36.9,f,lite
PC,WLNP-8-4,868,General Community Waterton Lakes National Park 2021,598,2021-06-13 20:20:00,325399,180,Setophaga pensylvanica,Chestnut-sided Warbler,CSWA,90.00,93.00,25.4,t,lite
PC,WLNP-8-4,868,General Community Waterton Lakes National Park 2021,598,2021-06-13 20:20:00,325399,180,Vireo gilvus,Warbling Vireo,WAVI,123.00,126.00,33.8,t,lite
PC,WLNP-8-4,868,General Community Waterton Lakes National Park 2021,598,2021-06-13 20:20:00,325399,180,Phylloscopus trochiloides,Greenish Warbler,PHYTRO,129.00,132.00,25.1,t,lite
PC,WLNP-8-4,868,General Community Waterton Lakes National Park 2021,598,2021-06-13 20:20:00,325399,180,Setophaga pensylvanica,Chestnut-sided Warbler,CSWA,129.00,132.00,33.2,t,lite
PC,WLNP-8-4,868,General Community Waterton Lakes National Park 2021,598,2021-06-13 20:20:00,325399,180,Phylloscopus nitidus,,,129.00,132.00,31.5,f,lite
PC,WLNP-8-4,868,General Community Waterton Lakes National Park 2021,598,2021-06-13 20:20:00,325399,180,Vireo gilvus,Warbling Vireo,WAVI,132.00,135.00,25.1,t,lite
PC,WLNP-8-4,868,General Community Waterton Lakes National Park 2021,598,2021-06-13 20:20:00,325399,180,Setophaga pensylvanica,Chestnut-sided Warbler,CSWA,138.00,141.00,25.0,t,lite
PC,WLNP-8-4,868,General Community Waterton Lakes National Park 2021,598,2021-06-13 20:20:00,325399,180,Vireo gilvus,Warbling Vireo,WAVI,141.00,144.00,35.3,t,lite
PC,WLNP-8-4,868,General Community Waterton Lakes National Park 2021,598,2021-06-13 20:20:00,325399,180,Vireo gilvus,Warbling Vireo,WAVI,144.00,147.00,30.4,t,lite
PC,WLNP-8-4,868,General Community Waterton Lakes National Park 2021,598,2021-06-13 20:20:00,325399,180,Pachysylvia decurtata,Lesser Greenlet,LESG,147.00,150.00,26.1,t,lite
PC,WLNP-8-4,868,General Community Waterton Lakes National Park 2021,598,2021-06-13 20:20:00,325399,180,Setophaga pensylvanica,Chestnut-sided Warbler,CSWA,150.00,153.00,25.4,t,lite
PC,WLNP-8-4,868,General Community Waterton Lakes National Park 2021,598,2021-06-13 20:20:00,325399,180,Vireo gilvus,Warbling Vireo,WAVI,153.00,156.00,29.4,t,lite
PC,WLNP-8-4,868,General Community Waterton Lakes National Park 2021,598,2021-06-13 20:20:00,325399,180,Setophaga aestiva,,,159.00,162.00,25.3,f,lite
PC,WLNP-8-4,868,General Community Waterton Lakes National Park 2021,598,2021-06-13 20:20:00,325399,180,Setophaga pensylvanica,Chestnut-sided Warbler,CSWA,159.00,162.00,29.1,t,lite
PC,WLNP-8-4,868,General Community Waterton Lakes National Park 2021,598,2021-06-13 20:20:00,325399,180,Setophaga aestiva,,,171.00,174.00,27.0,f,lite
PC,WLNP-8-4,868,General Community Waterton Lakes National Park 2021,598,2021-06-13 20:20:00,325399,180,Vireo gilvus,Warbling Vireo,WAVI,177.00,180.00,33.7,t,lite
PC,WLNP-8-4,868,General Community Waterton Lakes National Park 2021,598,2021-06-14 21:40:00,325395,180,Catharus ustulatus,Swainson's Thrush,SWTH,3.00,6.00,31.3,t,lite
PC,WLNP-8-4,868,General Community Waterton Lakes National Park 2021,598,2021-06-14 21:40:00,325395,180,Turdus pallidus,,,6.00,9.00,38.3,f,lite
PC,WLNP-8-4,868,General Community Waterton Lakes National Park 2021,598,2021-06-14 21:40:00,325395,180,Turdus cardis,,,6.00,9.00,27.5,f,lite
PC,WLNP-8-4,868,General Community Waterton Lakes National Park 2021,598,2021-06-14 21:40:00,325395,180,Catharus ustulatus,Swainson's Thrush,SWTH,9.00,12.00,81.4,t,lite
PC,WLNP-8-4,868,General Community Waterton Lakes National Park 2021,598,2021-06-14 21:40:00,325395,180,Catharus ustulatus,Swainson's Thrush,SWTH,15.00,18.00,60.5,t,lite
PC,WLNP-8-4,868,General Community Waterton Lakes National Park 2021,598,2021-06-14 21:40:00,325395,180,Attila torridus,,,18.00,21.00,25.6,f,lite
PC,WLNP-8-4,868,General Community Waterton Lakes National Park 2021,598,2021-06-14 21:40:00,325395,180,Catharus ustulatus,Swainson's Thrush,SWTH,30.00,33.00,60.9,t,lite
PC,WLNP-8-4,868,General Community Waterton Lakes National Park 2021,598,2021-06-14 21:40:00,325395,180,Catharus ustulatus,Swainson's Thrush,SWTH,36.00,39.00,33.9,t,lite
PC,WLNP-8-4,868,General Community Waterton Lakes National Park 2021,598,2021-06-14 21:40:00,325395,180,Catharus ustulatus,Swainson's Thrush,SWTH,42.00,45.00,82.3,t,lite
PC,WLNP-8-4,868,General Community Waterton Lakes National Park 2021,598,2021-06-14 21:40:00,325395,180,Catharus ustulatus,Swainson's Thrush,SWTH,51.00,54.00,44.2,t,lite
PC,WLNP-8-4,868,General Community Waterton Lakes National Park 2021,598,2021-06-14 21:40:00,325395,180,Catharus ustulatus,Swainson's Thrush,SWTH,57.00,60.00,77.9,t,lite
PC,WLNP-8-4,868,General Community Waterton Lakes National Park 2021,598,2021-06-14 21:40:00,325395,180,Catharus ustulatus,Swainson's Thrush,SWTH,66.00,69.00,60.5,t,lite
PC,WLNP-8-4,868,General Community Waterton Lakes National Park 2021,598,2021-06-14 21:40:00,325395,180,Turdus pallidus,,,69.00,72.00,33.5,f,lite
PC,WLNP-8-4,868,General Community Waterton Lakes National Park 2021,598,2021-06-14 21:40:00,325395,180,Henicorhina leucophrys,Gray-breasted Wood-Wren,GBWW,78.00,81.00,35.0,t,lite
PC,WLNP-8-4,868,General Community Waterton Lakes National Park 2021,598,2021-06-14 21:40:00,325395,180,Catharus ustulatus,Swainson's Thrush,SWTH,78.00,81.00,53.5,t,lite
PC,WLNP-8-4,868,General Community Waterton Lakes National Park 2021,598,2021-06-14 21:40:00,325395,180,Catharus ustulatus,Swainson's Thrush,SWTH,81.00,84.00,42.1,t,lite
PC,WLNP-8-4,868,General Community Waterton Lakes National Park 2021,598,2021-06-14 21:40:00,325395,180,Henicorhina leucophrys,Gray-breasted Wood-Wren,GBWW,81.00,84.00,48.9,t,lite
PC,WLNP-8-4,868,General Community Waterton Lakes National Park 2021,598,2021-06-14 21:40:00,325395,180,Larvivora cyane,,,87.00,90.00,29.7,f,lite
PC,WLNP-8-4,868,General Community Waterton Lakes National Park 2021,598,2021-06-14 21:40:00,325395,180,Turdus infuscatus,Black Thrush,BLTH,93.00,96.00,25.6,t,lite
PC,WLNP-8-4,868,General Community Waterton Lakes National Park 2021,598,2021-06-14 21:40:00,325395,180,Catharus ustulatus,Swainson's Thrush,SWTH,96.00,99.00,26.5,t,lite
PC,WLNP-8-4,868,General Community Waterton Lakes National Park 2021,598,2021-06-14 21:40:00,325395,180,Horornis seebohmi,,,102.00,105.00,29.2,f,lite
PC,WLNP-8-4,868,General Community Waterton Lakes National Park 2021,598,2021-06-14 21:40:00,325395,180,Catharus ustulatus,Swainson's Thrush,SWTH,102.00,105.00,75.8,t,lite
PC,WLNP-8-4,868,General Community Waterton Lakes National Park 2021,598,2021-06-14 21:40:00,325395,180,Catharus ustulatus,Swainson's Thrush,SWTH,108.00,111.00,41.9,t,lite
PC,WLNP-8-4,868,General Community Waterton Lakes National Park 2021,598,2021-06-14 21:40:00,325395,180,Catharus ustulatus,Swainson's Thrush,SWTH,114.00,117.00,61.7,t,lite
PC,WLNP-8-4,868,General Community Waterton Lakes National Park 2021,598,2021-06-14 21:40:00,325395,180,Horornis seebohmi,,,114.00,117.00,32.5,f,lite
PC,WLNP-8-4,868,General Community Waterton Lakes National Park 2021,598,2021-06-14 21:40:00,325395,180,Turdus hortulorum,,,117.00,120.00,31.6,f,lite
PC,WLNP-8-4,868,General Community Waterton Lakes National Park 2021,598,2021-06-14 21:40:00,325395,180,Turdus grayi,Clay-colored Thrush,CCTH,117.00,120.00,37.3,t,lite
PC,WLNP-8-4,868,General Community Waterton Lakes National Park 2021,598,2021-06-14 21:40:00,325395,180,Catharus ustulatus,Swainson's Thrush,SWTH,120.00,123.00,48.4,t,lite
PC,WLNP-8-4,868,General Community Waterton Lakes National Park 2021,598,2021-06-14 21:40:00,325395,180,Horornis seebohmi,,,120.00,123.00,25.4,f,lite
PC,WLNP-8-4,868,General Community Waterton Lakes National Park 2021,598,2021-06-14 21:40:00,325395,180,Catharus ustulatus,Swainson's Thrush,SWTH,126.00,129.00,41.9,t,lite
PC,WLNP-8-4,868,General Community Waterton Lakes National Park 2021,598,2021-06-14 21:40:00,325395,180,Catharus ustulatus,Swainson's Thrush,SWTH,132.00,135.00,76.4,t,lite
PC,WLNP-8-4,868,General Community Waterton Lakes National Park 2021,598,2021-06-14 21:40:00,325395,180,Horornis seebohmi,,,132.00,135.00,30.8,f,lite
PC,WLNP-8-4,868,General Community Waterton Lakes National Park 2021,598,2021-06-14 21:40:00,325395,180,Turdus migratorius,American Robin,AMRO,135.00,138.00,25.4,t,lite
PC,WLNP-8-4,868,General Community Waterton Lakes National Park 2021,598,2021-06-14 21:40:00,325395,180,Turdus grayi,Clay-colored Thrush,CCTH,135.00,138.00,26.5,t,lite
PC,WLNP-8-4,868,General Community Waterton Lakes National Park 2021,598,2021-06-14 21:40:00,325395,180,Turdus amaurochalinus,,,135.00,138.00,28.2,f,lite
PC,WLNP-8-4,868,General Community Waterton Lakes National Park 2021,598,2021-06-14 21:40:00,325395,180,Catharus ustulatus,Swainson's Thrush,SWTH,138.00,141.00,48.6,t,lite
PC,WLNP-8-4,868,General Community Waterton Lakes National Park 2021,598,2021-06-14 21:40:00,325395,180,Oriolus oriolus,Eurasian Golden Oriole,ORIORI,144.00,147.00,25.2,t,lite
PC,WLNP-8-4,868,General Community Waterton Lakes National Park 2021,598,2021-06-14 21:40:00,325395,180,Turdus merula,Eurasian Blackbird,EUBB,144.00,147.00,26.0,t,lite
PC,WLNP-8-4,868,General Community Waterton Lakes National Park 2021,598,2021-06-14 21:40:00,325395,180,Hylocichla mustelina,Wood Thrush,WOTH,144.00,147.00,27.5,t,lite
PC,WLNP-8-4,868,General Community Waterton Lakes National Park 2021,598,2021-06-14 21:40:00,325395,180,Grallaria kaestneri,,,150.00,153.00,25.7,f,lite
PC,WLNP-8-4,868,General Community Waterton Lakes National Park 2021,598,2021-06-14 21:40:00,325395,180,Turdus pallidus,,,153.00,156.00,43.7,f,lite
PC,WLNP-8-4,868,General Community Waterton Lakes National Park 2021,598,2021-06-14 21:40:00,325395,180,Turdus migratorius,American Robin,AMRO,153.00,156.00,35.6,t,lite
PC,WLNP-8-4,868,General Community Waterton Lakes National Park 2021,598,2021-06-14 21:40:00,325395,180,Catharus ustulatus,Swainson's Thrush,SWTH,156.00,159.00,43.8,t,lite
PC,WLNP-8-4,868,General Community Waterton Lakes National Park 2021,598,2021-06-14 21:40:00,325395,180,Turdus migratorius,American Robin,AMRO,159.00,162.00,31.6,t,lite
PC,WLNP-8-4,868,General Community Waterton Lakes National Park 2021,598,2021-06-14 21:40:00,325395,180,Turdus pallidus,,,159.00,162.00,25.6,f,lite
PC,WLNP-8-4,868,General Community Waterton Lakes National Park 2021,598,2021-06-14 21:40:00,325395,180,Henicorhina leucophrys,Gray-breasted Wood-Wren,GBWW,162.00,165.00,25.6,t,lite
PC,WLNP-8-4,868,General Community Waterton Lakes National Park 2021,598,2021-06-14 21:40:00,325395,180,Catharus ustulatus,Swainson's Thrush,SWTH,162.00,165.00,49.5,t,lite
PC,WLNP-8-4,868,General Community Waterton Lakes National Park 2021,598,2021-06-15 05:40:00,325387,180,Geokichla sibirica,,,9.00,12.00,25.2,f,lite
PC,WLNP-8-4,868,General Community Waterton Lakes National Park 2021,598,2021-06-15 05:40:00,325387,180,Catharus ustulatus,Swainson's Thrush,SWTH,36.00,39.00,41.0,t,lite
PC,WLNP-8-4,868,General Community Waterton Lakes National Park 2021,598,2021-06-15 05:40:00,325387,180,Turdus migratorius,American Robin,AMRO,42.00,45.00,35.7,t,lite
PC,WLNP-8-4,868,General Community Waterton Lakes National Park 2021,598,2021-06-15 05:40:00,325387,180,Turdus amaurochalinus,,,42.00,45.00,26.9,f,lite
PC,WLNP-8-4,868,General Community Waterton Lakes National Park 2021,598,2021-06-15 05:40:00,325387,180,Turdus migratorius,American Robin,AMRO,51.00,54.00,26.9,t,lite
PC,WLNP-8-4,868,General Community Waterton Lakes National Park 2021,598,2021-06-15 05:40:00,325387,180,Turdus migratorius,American Robin,AMRO,57.00,60.00,37.2,t,lite
PC,WLNP-8-4,868,General Community Waterton Lakes National Park 2021,598,2021-06-15 05:40:00,325387,180,Turdus migratorius,American Robin,AMRO,69.00,72.00,36.4,t,lite
PC,WLNP-8-4,868,General Community Waterton Lakes National Park 2021,598,2021-06-15 05:40:00,325387,180,Turdus migratorius,American Robin,AMRO,72.00,75.00,40.9,t,lite
PC,WLNP-8-4,868,General Community Waterton Lakes National Park 2021,598,2021-06-15 05:40:00,325387,180,Turdus pallidus,,,72.00,75.00,29.6,f,lite
PC,WLNP-8-4,868,General Community Waterton Lakes National Park 2021,598,2021-06-15 05:40:00,325387,180,Turdus cardis,,,78.00,81.00,26.3,f,lite
PC,WLNP-8-4,868,General Community Waterton Lakes National Park 2021,598,2021-06-15 05:40:00,325387,180,Turdus amaurochalinus,,,90.00,93.00,26.0,f,lite
PC,WLNP-8-4,868,General Community Waterton Lakes National Park 2021,598,2021-06-15 05:40:00,325387,180,Turdus migratorius,American Robin,AMRO,96.00,99.00,37.3,t,lite
PC,WLNP-8-4,868,General Community Waterton Lakes National Park 2021,598,2021-06-15 05:40:00,325387,180,Turdus pallidus,,,105.00,108.00,28.6,f,lite
PC,WLNP-8-4,868,General Community Waterton Lakes National Park 2021,598,2021-06-15 05:40:00,325387,180,Turdus migratorius,American Robin,AMRO,105.00,108.00,41.4,t,lite
PC,WLNP-8-4,868,General Community Waterton Lakes National Park 2021,598,2021-06-15 05:40:00,325387,180,Turdus pallidus,,,108.00,111.00,27.3,f,lite
PC,WLNP-8-4,868,General Community Waterton Lakes National Park 2021,598,2021-06-15 05:40:00,325387,180,Turdus cardis,,,108.00,111.00,28.8,f,lite
PC,WLNP-8-4,868,General Community Waterton Lakes National Park 2021,598,2021-06-15 05:40:00,325387,180,Turdus chrysolaus,,,108.00,111.00,33.4,f,lite
PC,WLNP-8-4,868,General Community Waterton Lakes National Park 2021,598,2021-06-15 05:40:00,325387,180,Turdus migratorius,American Robin,AMRO,108.00,111.00,37.4,t,lite
PC,WLNP-8-4,868,General Community Waterton Lakes National Park 2021,598,2021-06-15 05:40:00,325387,180,Turdus boulboul,,,108.00,111.00,25.5,f,lite
PC,WLNP-8-4,868,General Community Waterton Lakes National Park 2021,598,2021-06-15 05:40:00,325387,180,Turdus cardis,,,111.00,114.00,29.5,f,lite
PC,WLNP-8-4,868,General Community Waterton Lakes National Park 2021,598,2021-06-15 05:40:00,325387,180,Turdus cardis,,,114.00,117.00,26.9,f,lite
PC,WLNP-8-4,868,General Community Waterton Lakes National Park 2021,598,2021-06-15 05:40:00,325387,180,Turdus pallidus,,,114.00,117.00,30.2,f,lite
PC,WLNP-8-4,868,General Community Waterton Lakes National Park 2021,598,2021-06-15 05:40:00,325387,180,Turdus migratorius,American Robin,AMRO,114.00,117.00,45.5,t,lite
PC,WLNP-8-4,868,General Community Waterton Lakes National Park 2021,598,2021-06-15 05:40:00,325387,180,Turdus pallidus,,,120.00,123.00,28.8,f,lite
PC,WLNP-8-4,868,General Community Waterton Lakes National Park 2021,598,2021-06-15 05:40:00,325387,180,Turdus amaurochalinus,,,120.00,123.00,25.3,f,lite
PC,WLNP-8-4,868,General Community Waterton Lakes National Park 2021,598,2021-06-15 05:40:00,325387,180,Turdus migratorius,American Robin,AMRO,120.00,123.00,37.1,t,lite
PC,WLNP-8-4,868,General Community Waterton Lakes National Park 2021,598,2021-06-15 05:40:00,325387,180,Turdus migratorius,American Robin,AMRO,126.00,129.00,28.8,t,lite
PC,WLNP-8-4,868,General Community Waterton Lakes National Park 2021,598,2021-06-15 05:40:00,325387,180,Turdus cardis,,,129.00,132.00,27.8,f,lite
PC,WLNP-8-4,868,General Community Waterton Lakes National Park 2021,598,2021-06-15 05:40:00,325387,180,Pheucticus ludovicianus,Rose-breasted Grosbeak,RBGR,129.00,132.00,29.8,t,lite
PC,WLNP-8-4,868,General Community Waterton Lakes National Park 2021,598,2021-06-15 05:40:00,325387,180,Turdus pallidus,,,129.00,132.00,29.9,f,lite
PC,WLNP-8-4,868,General Community Waterton Lakes National Park 2021,598,2021-06-15 05:40:00,325387,180,Turdus grayi,Clay-colored Thrush,CCTH,129.00,132.00,27.2,t,lite
PC,WLNP-8-4,868,General Community Waterton Lakes National Park 2021,598,2021-06-15 05:40:00,325387,180,Turdus cardis,,,135.00,138.00,27.3,f,lite
PC,WLNP-8-4,868,General Community Waterton Lakes National Park 2021,598,2021-06-15 05:40:00,325387,180,Turdus migratorius,American Robin,AMRO,135.00,138.00,28.4,t,lite
PC,WLNP-8-4,868,General Community Waterton Lakes National Park 2021,598,2021-06-15 05:40:00,325387,180,Turdus cardis,,,141.00,144.00,33.1,f,lite
PC,WLNP-8-4,868,General Community Waterton Lakes National Park 2021,598,2021-06-15 05:40:00,325387,180,Turdus viscivorus,Mistle Thrush,MITH,144.00,147.00,31.0,t,lite
PC,WLNP-8-4,868,General Community Waterton Lakes National Park 2021,598,2021-06-15 05:40:00,325387,180,Sialia sialis,Eastern Bluebird,EABL,144.00,147.00,35.7,t,lite
PC,WLNP-8-4,868,General Community Waterton Lakes National Park 2021,598,2021-06-15 05:40:00,325387,180,Turdus boulboul,,,144.00,147.00,34.9,f,lite
PC,WLNP-8-4,868,General Community Waterton Lakes National Park 2021,598,2021-06-15 05:40:00,325387,180,Turdus infuscatus,Black Thrush,BLTH,144.00,147.00,26.2,t,lite
PC,WLNP-8-4,868,General Community Waterton Lakes National Park 2021,598,2021-06-15 05:40:00,325387,180,Turdus migratorius,American Robin,AMRO,144.00,147.00,31.5,t,lite
PC,WLNP-8-4,868,General Community Waterton Lakes National Park 2021,598,2021-06-15 05:40:00,325387,180,Turdus chrysolaus,,,144.00,147.00,29.5,f,lite
PC,WLNP-8-4,868,General Community Waterton Lakes National Park 2021,598,2021-06-15 05:40:00,325387,180,Turdus pallidus,,,144.00,147.00,26.3,f,lite
PC,WLNP-8-4,868,General Community Waterton Lakes National Park 2021,598,2021-06-15 05:40:00,325387,180,Turdus cardis,,,147.00,150.00,28.3,f,lite
PC,WLNP-8-4,868,General Community Waterton Lakes National Park 2021,598,2021-06-15 05:40:00,325387,180,Turdus migratorius,American Robin,AMRO,147.00,150.00,30.4,t,lite
PC,WLNP-8-4,868,General Community Waterton Lakes National Park 2021,598,2021-06-15 05:40:00,325387,180,Turdus migratorius,American Robin,AMRO,150.00,153.00,25.5,t,lite
PC,WLNP-8-4,868,General Community Waterton Lakes National Park 2021,598,2021-06-15 05:40:00,325387,180,Turdus pallidus,,,150.00,153.00,34.7,f,lite
PC,WLNP-8-4,868,General Community Waterton Lakes National Park 2021,598,2021-06-15 05:40:00,325387,180,Turdus pallidus,,,156.00,159.00,26.8,f,lite
PC,WLNP-8-4,868,General Community Waterton Lakes National Park 2021,598,2021-06-15 05:40:00,325387,180,Turdus migratorius,American Robin,AMRO,156.00,159.00,42.5,t,lite
PC,WLNP-8-4,868,General Community Waterton Lakes National Park 2021,598,2021-06-15 05:40:00,325387,180,Turdus migratorius,American Robin,AMRO,165.00,168.00,27.3,t,lite
PC,WLNP-8-4,868,General Community Waterton Lakes National Park 2021,598,2021-06-15 05:40:00,325387,180,Turdus pallidus,,,165.00,168.00,31.5,f,lite
PC,WLNP-8-4,868,General Community Waterton Lakes National Park 2021,598,2021-06-15 05:40:00,325387,180,Turdus cardis,,,168.00,171.00,28.8,f,lite
PC,WLNP-8-4,868,General Community Waterton Lakes National Park 2021,598,2021-06-15 05:40:00,325387,180,Turdus cardis,,,171.00,174.00,25.1,f,lite
PC,WLNP-8-4,868,General Community Waterton Lakes National Park 2021,598,2021-06-15 05:40:00,325387,180,Turdus migratorius,American Robin,AMRO,177.00,180.00,27.6,t,lite
PC,WLNP-8-7,58508,General Community Waterton Lakes National Park 2021,598,2021-06-02 02:20:00,286031,180,*NOT GENERATED/FOUND*,,,,,,f,lite
PC,WLNP-8-7,58508,General Community Waterton Lakes National Park 2021,598,2021-06-06 07:00:00,285979,180,*NOT GENERATED/FOUND*,,,,,,f,lite
PC,WLNP-8-7,58508,General Community Waterton Lakes National Park 2021,598,2021-06-08 02:40:00,285940,180,*NOT GENERATED/FOUND*,,,,,,f,lite
PC,WLNP-8-7,58508,General Community Waterton Lakes National Park 2021,598,2021-06-09 02:20:00,286025,180,*NOT GENERATED/FOUND*,,,,,,f,lite
PC,WLNP-8-7,58508,General Community Waterton Lakes National Park 2021,598,2021-06-09 06:20:00,286026,180,Setophaga virens,Black-throated Green Warbler,BTNW,6.00,9.00,26.8,t,lite
PC,WLNP-8-7,58508,General Community Waterton Lakes National Park 2021,598,2021-06-09 06:20:00,286026,180,Setophaga occidentalis,Hermit Warbler,HEWA,6.00,9.00,26.7,t,lite
PC,WLNP-8-7,58508,General Community Waterton Lakes National Park 2021,598,2021-06-09 06:20:00,286026,180,Setophaga townsendi,Townsend's Warbler,TOWA,6.00,9.00,38.1,t,lite
PC,WLNP-8-7,58508,General Community Waterton Lakes National Park 2021,598,2021-06-09 06:20:00,286026,180,Setophaga townsendi,Townsend's Warbler,TOWA,15.00,18.00,42.3,t,lite
PC,WLNP-8-7,58508,General Community Waterton Lakes National Park 2021,598,2021-06-09 06:20:00,286026,180,Setophaga townsendi,Townsend's Warbler,TOWA,27.00,30.00,47.2,t,lite
PC,WLNP-8-7,58508,General Community Waterton Lakes National Park 2021,598,2021-06-09 06:20:00,286026,180,Setophaga townsendi,Townsend's Warbler,TOWA,39.00,42.00,47.9,t,lite
PC,WLNP-8-7,58508,General Community Waterton Lakes National Park 2021,598,2021-06-09 06:20:00,286026,180,Setophaga townsendi,Townsend's Warbler,TOWA,126.00,129.00,40.8,t,lite
PC,WLNP-8-7,58508,General Community Waterton Lakes National Park 2021,598,2021-06-09 06:20:00,286026,180,Setophaga virens,Black-throated Green Warbler,BTNW,147.00,150.00,30.7,t,lite
PC,WLNP-8-7,58508,General Community Waterton Lakes National Park 2021,598,2021-06-09 06:20:00,286026,180,Setophaga townsendi,Townsend's Warbler,TOWA,147.00,150.00,52.4,t,lite
PC,WLNP-8-7,58508,General Community Waterton Lakes National Park 2021,598,2021-06-09 06:20:00,286026,180,Setophaga virens,Black-throated Green Warbler,BTNW,159.00,162.00,34.6,t,lite
PC,WLNP-8-7,58508,General Community Waterton Lakes National Park 2021,598,2021-06-09 06:20:00,286026,180,Setophaga townsendi,Townsend's Warbler,TOWA,159.00,162.00,45.0,t,lite
PC,WLNP-8-7,58508,General Community Waterton Lakes National Park 2021,598,2021-06-11 07:40:00,286097,180,*NOT GENERATED/FOUND*,,,,,,f,lite
PC,WLNP-8-7,58508,General Community Waterton Lakes National Park 2021,598,2021-06-14 22:40:00,285996,180,*NOT GENERATED/FOUND*,,,,,,f,lite
PC,WLNP-8-7,58508,General Community Waterton Lakes National Park 2021,598,2021-06-15 05:20:00,286071,180,*NOT GENERATED/FOUND*,,,,,,f,lite
PC,WLNP-8-8,58509,General Community Waterton Lakes National Park 2021,598,2021-06-02 04:20:00,285765,180,*NOT GENERATED/FOUND*,,,,,,f,lite
PC,WLNP-8-8,58509,General Community Waterton Lakes National Park 2021,598,2021-06-03 02:00:00,285764,180,*NOT GENERATED/FOUND*,,,,,,f,lite
PC,WLNP-8-8,58509,General Community Waterton Lakes National Park 2021,598,2021-06-04 04:00:00,285656,180,*NOT GENERATED/FOUND*,,,,,,f,lite
PC,WLNP-8-8,58509,General Community Waterton Lakes National Park 2021,598,2021-06-05 06:40:00,285694,180,*NOT GENERATED/FOUND*,,,,,,f,lite
PC,WLNP-8-8,58509,General Community Waterton Lakes National Park 2021,598,2021-06-05 08:20:00,285738,180,Regulus ignicapilla,,,0.00,3.00,26.6,f,lite
PC,WLNP-8-8,58509,General Community Waterton Lakes National Park 2021,598,2021-06-05 08:20:00,285738,180,Regulus satrapa,Golden-crowned Kinglet,GCKI,0.00,3.00,37.8,t,lite
PC,WLNP-8-8,58509,General Community Waterton Lakes National Park 2021,598,2021-06-05 08:20:00,285738,180,Regulus ignicapilla,,,45.00,48.00,27.0,f,lite
PC,WLNP-8-8,58509,General Community Waterton Lakes National Park 2021,598,2021-06-05 08:20:00,285738,180,Regulus satrapa,Golden-crowned Kinglet,GCKI,111.00,114.00,26.5,t,lite
PC,WLNP-8-8,58509,General Community Waterton Lakes National Park 2021,598,2021-06-05 08:20:00,285738,180,Regulus satrapa,Golden-crowned Kinglet,GCKI,117.00,120.00,32.8,t,lite
PC,WLNP-8-8,58509,General Community Waterton Lakes National Park 2021,598,2021-06-07 04:20:00,285714,180,*NOT GENERATED/FOUND*,,,,,,f,lite
PC,WLNP-8-8,58509,General Community Waterton Lakes National Park 2021,598,2021-06-07 08:20:00,285712,180,*NOT GENERATED/FOUND*,,,,,,f,lite
PC,WLNP-8-8,58509,General Community Waterton Lakes National Park 2021,598,2021-06-08 07:20:00,285727,180,Regulus satrapa,Golden-crowned Kinglet,GCKI,3.00,6.00,27.4,t,lite
PC,WLNP-8-8,58509,General Community Waterton Lakes National Park 2021,598,2021-06-08 07:20:00,285727,180,Cranioleuca gutturata,,,12.00,15.00,25.8,f,lite
PC,WLNP-8-8,58509,General Community Waterton Lakes National Park 2021,598,2021-06-08 07:20:00,285727,180,Regulus satrapa,Golden-crowned Kinglet,GCKI,12.00,15.00,29.9,t,lite
PC,WLNP-8-8,58509,General Community Waterton Lakes National Park 2021,598,2021-06-08 07:20:00,285727,180,Regulus ignicapilla,,,15.00,18.00,47.5,f,lite
PC,WLNP-8-8,58509,General Community Waterton Lakes National Park 2021,598,2021-06-08 07:20:00,285727,180,Regulus satrapa,Golden-crowned Kinglet,GCKI,15.00,18.00,63.6,t,lite
PC,WLNP-8-8,58509,General Community Waterton Lakes National Park 2021,598,2021-06-08 07:20:00,285727,180,Regulus satrapa,Golden-crowned Kinglet,GCKI,21.00,24.00,44.4,t,lite
PC,WLNP-8-8,58509,General Community Waterton Lakes National Park 2021,598,2021-06-08 07:20:00,285727,180,Regulus satrapa,Golden-crowned Kinglet,GCKI,24.00,27.00,31.9,t,lite
PC,WLNP-8-8,58509,General Community Waterton Lakes National Park 2021,598,2021-06-08 07:20:00,285727,180,Regulus satrapa,Golden-crowned Kinglet,GCKI,57.00,60.00,26.3,t,lite
PC,WLNP-8-8,58509,General Community Waterton Lakes National Park 2021,598,2021-06-08 07:20:00,285727,180,Dicaeum australe,,,93.00,96.00,29.0,f,lite
PC,WLNP-8-8,58509,General Community Waterton Lakes National Park 2021,598,2021-06-08 07:20:00,285727,180,Cranioleuca gutturata,,,93.00,96.00,26.7,f,lite
PC,WLNP-8-8,58509,General Community Waterton Lakes National Park 2021,598,2021-06-08 07:20:00,285727,180,Regulus satrapa,Golden-crowned Kinglet,GCKI,99.00,102.00,28.7,t,lite
PC,WLNP-8-9,64894,General Community Waterton Lakes National Park 2021,598,2021-06-06 22:20:00,285730,180,*NOT GENERATED/FOUND*,,,,,,f,lite
PC,WLNP-8-9,64894,General Community Waterton Lakes National Park 2021,598,2021-06-09 04:20:00,285686,180,*NOT GENERATED/FOUND*,,,,,,f,lite
PC,WLNP-8-9,64894,General Community Waterton Lakes National Park 2021,598,2021-06-09 08:00:00,285701,180,*NOT GENERATED/FOUND*,,,,,,f,lite
PC,WLNP-8-9,64894,General Community Waterton Lakes National Park 2021,598,2021-06-10 07:40:00,285669,180,*NOT GENERATED/FOUND*,,,,,,f,lite
PC,WLNP-8-9,64894,General Community Waterton Lakes National Park 2021,598,2021-06-11 05:20:00,285684,180,*NOT GENERATED/FOUND*,,,,,,f,lite
PC,WLNP-8-9,64894,General Community Waterton Lakes National Park 2021,598,2021-06-14 04:00:00,285695,180,*NOT GENERATED/FOUND*,,,,,,f,lite
PC,WLNP-8-9,64894,General Community Waterton Lakes National Park 2021,598,2021-06-14 08:00:00,285698,180,Haemorhous purpureus,Purple Finch,PUFI,3.00,6.00,29.5,t,lite
PC,WLNP-8-9,64894,General Community Waterton Lakes National Park 2021,598,2021-06-14 08:00:00,285698,180,Haemorhous cassinii,Cassin's Finch,CAFI,3.00,6.00,35.9,t,lite
PC,WLNP-8-9,64894,General Community Waterton Lakes National Park 2021,598,2021-06-15 08:20:00,285725,180,*NOT GENERATED/FOUND*,,,,,,f,lite
PC,WLNP-9-1,57639,General Community Waterton Lakes National Park 2021,598,2021-06-06 04:20:00,285718,180,*NOT GENERATED/FOUND*,,,,,,f,lite
PC,WLNP-9-1,57639,General Community Waterton Lakes National Park 2021,598,2021-06-08 05:20:00,285716,180,Turdus amaurochalinus,,,177.00,180.00,32.3,f,lite
PC,WLNP-9-1,57639,General Community Waterton Lakes National Park 2021,598,2021-06-09 02:00:00,285756,180,*NOT GENERATED/FOUND*,,,,,,f,lite
PC,WLNP-9-1,57639,General Community Waterton Lakes National Park 2021,598,2021-06-10 02:20:00,285681,180,*NOT GENERATED/FOUND*,,,,,,f,lite
PC,WLNP-9-1,57639,General Community Waterton Lakes National Park 2021,598,2021-06-10 08:20:00,285713,180,*NOT GENERATED/FOUND*,,,,,,f,lite
PC,WLNP-9-1,57639,General Community Waterton Lakes National Park 2021,598,2021-06-12 02:00:00,285670,180,*NOT GENERATED/FOUND*,,,,,,f,lite
PC,WLNP-9-1,57639,General Community Waterton Lakes National Park 2021,598,2021-06-20 08:00:00,285689,180,*NOT GENERATED/FOUND*,,,,,,f,lite
PC,WLNP-9-1,57639,General Community Waterton Lakes National Park 2021,598,2021-06-23 04:00:00,285769,180,Aix sponsa,Wood Duck,WODU,33.00,36.00,27.0,t,lite
PC,WLNP-9-2,58510,General Community Waterton Lakes National Park 2021,598,2021-06-05 02:00:00,285721,180,*NOT GENERATED/FOUND*,,,,,,f,lite
PC,WLNP-9-2,58510,General Community Waterton Lakes National Park 2021,598,2021-06-06 05:40:00,285750,180,*NOT GENERATED/FOUND*,,,,,,f,lite
PC,WLNP-9-2,58510,General Community Waterton Lakes National Park 2021,598,2021-06-08 02:40:00,285662,180,*NOT GENERATED/FOUND*,,,,,,f,lite
PC,WLNP-9-2,58510,General Community Waterton Lakes National Park 2021,598,2021-06-10 07:20:00,285705,180,*NOT GENERATED/FOUND*,,,,,,f,lite
PC,WLNP-9-2,58510,General Community Waterton Lakes National Park 2021,598,2021-06-12 04:00:00,285732,180,*NOT GENERATED/FOUND*,,,,,,f,lite
PC,WLNP-9-2,58510,General Community Waterton Lakes National Park 2021,598,2021-06-18 04:00:00,285683,180,*NOT GENERATED/FOUND*,,,,,,f,lite
PC,WLNP-9-2,58510,General Community Waterton Lakes National Park 2021,598,2021-06-18 23:20:00,285693,180,*NOT GENERATED/FOUND*,,,,,,f,lite
PC,WLNP-9-2,58510,General Community Waterton Lakes National Park 2021,598,2021-06-19 04:20:00,285710,180,*NOT GENERATED/FOUND*,,,,,,f,lite
PC,WLNP-9-3,64879,General Community Waterton Lakes National Park 2021,598,2021-06-05 02:40:00,285752,180,*NOT GENERATED/FOUND*,,,,,,f,lite
PC,WLNP-9-3,64879,General Community Waterton Lakes National Park 2021,598,2021-06-05 04:40:00,285665,180,*NOT GENERATED/FOUND*,,,,,,f,lite
PC,WLNP-9-3,64879,General Community Waterton Lakes National Park 2021,598,2021-06-06 23:00:00,285763,180,*NOT GENERATED/FOUND*,,,,,,f,lite
PC,WLNP-9-3,64879,General Community Waterton Lakes National Park 2021,598,2021-06-08 04:40:00,285743,180,*NOT GENERATED/FOUND*,,,,,,f,lite
PC,WLNP-9-3,64879,General Community Waterton Lakes National Park 2021,598,2021-06-11 02:00:00,285747,180,*NOT GENERATED/FOUND*,,,,,,f,lite
PC,WLNP-9-3,64879,General Community Waterton Lakes National Park 2021,598,2021-06-11 23:40:00,285687,180,*NOT GENERATED/FOUND*,,,,,,f,lite
PC,WLNP-9-3,64879,General Community Waterton Lakes National Park 2021,598,2021-06-13 07:40:00,285734,180,*NOT GENERATED/FOUND*,,,,,,f,lite
PC,WLNP-9-3,64879,General Community Waterton Lakes National Park 2021,598,2021-06-15 04:20:00,285723,180,*NOT GENERATED/FOUND*,,,,,,f,lite
PC,WLNP-9-4,58511,General Community Waterton Lakes National Park 2021,598,2021-06-04 04:00:00,285735,180,*NOT GENERATED/FOUND*,,,,,,f,lite
PC,WLNP-9-4,58511,General Community Waterton Lakes National Park 2021,598,2021-06-04 04:40:00,285762,180,*NOT GENERATED/FOUND*,,,,,,f,lite
PC,WLNP-9-4,58511,General Community Waterton Lakes National Park 2021,598,2021-06-04 05:00:00,285746,180,*NOT GENERATED/FOUND*,,,,,,f,lite
PC,WLNP-9-4,58511,General Community Waterton Lakes National Park 2021,598,2021-06-04 05:20:00,285770,180,*NOT GENERATED/FOUND*,,,,,,f,lite
PC,WLNP-9-4,58511,General Community Waterton Lakes National Park 2021,598,2021-06-04 07:40:00,285691,180,*NOT GENERATED/FOUND*,,,,,,f,lite
PC,WLNP-9-4,58511,General Community Waterton Lakes National Park 2021,598,2021-06-05 06:00:00,285717,180,*NOT GENERATED/FOUND*,,,,,,f,lite
PC,WLNP-9-4,58511,General Community Waterton Lakes National Park 2021,598,2021-06-05 06:40:00,285744,180,*NOT GENERATED/FOUND*,,,,,,f,lite
PC,WLNP-9-4,58511,General Community Waterton Lakes National Park 2021,598,2021-06-05 08:00:00,285688,180,*NOT GENERATED/FOUND*,,,,,,f,lite
PC,WLNP-9-5,57638,General Community Waterton Lakes National Park 2021,598,2021-06-05 08:00:00,285758,180,*NOT GENERATED/FOUND*,,,,,,f,lite
PC,WLNP-9-5,57638,General Community Waterton Lakes National Park 2021,598,2021-06-08 06:20:00,285740,180,Catharus ustulatus,Swainson's Thrush,SWTH,0.00,3.00,41.3,t,lite
PC,WLNP-9-5,57638,General Community Waterton Lakes National Park 2021,598,2021-06-08 06:20:00,285740,180,Cardellina pusilla,Wilson's Warbler,WIWA,0.00,3.00,46.8,t,lite
PC,WLNP-9-5,57638,General Community Waterton Lakes National Park 2021,598,2021-06-08 06:20:00,285740,180,Catharus ustulatus,Swainson's Thrush,SWTH,6.00,9.00,77.4,t,lite
PC,WLNP-9-5,57638,General Community Waterton Lakes National Park 2021,598,2021-06-08 06:20:00,285740,180,Setophaga dominica,Yellow-throated Warbler,YTWA,9.00,12.00,53.0,t,lite
PC,WLNP-9-5,57638,General Community Waterton Lakes National Park 2021,598,2021-06-08 06:20:00,285740,180,Catharus ustulatus,Swainson's Thrush,SWTH,12.00,15.00,26.5,t,lite
PC,WLNP-9-5,57638,General Community Waterton Lakes National Park 2021,598,2021-06-08 06:20:00,285740,180,Cardellina pusilla,Wilson's Warbler,WIWA,12.00,15.00,30.0,t,lite
PC,WLNP-9-5,57638,General Community Waterton Lakes National Park 2021,598,2021-06-08 06:20:00,285740,180,Setophaga dominica,Yellow-throated Warbler,YTWA,18.00,21.00,25.3,t,lite
PC,WLNP-9-5,57638,General Community Waterton Lakes National Park 2021,598,2021-06-08 06:20:00,285740,180,Setophaga coronata,Yellow-rumped Warbler,YRWA,18.00,21.00,32.5,t,lite
PC,WLNP-9-5,57638,General Community Waterton Lakes National Park 2021,598,2021-06-08 06:20:00,285740,180,Catharus ustulatus,Swainson's Thrush,SWTH,21.00,24.00,42.3,t,lite
PC,WLNP-9-5,57638,General Community Waterton Lakes National Park 2021,598,2021-06-08 06:20:00,285740,180,Prinia hodgsonii,,,24.00,27.00,34.0,f,lite
PC,WLNP-9-5,57638,General Community Waterton Lakes National Park 2021,598,2021-06-08 06:20:00,285740,180,Cardellina pusilla,Wilson's Warbler,WIWA,24.00,27.00,53.4,t,lite
PC,WLNP-9-5,57638,General Community Waterton Lakes National Park 2021,598,2021-06-08 06:20:00,285740,180,Catharus ustulatus,Swainson's Thrush,SWTH,30.00,33.00,42.1,t,lite
PC,WLNP-9-5,57638,General Community Waterton Lakes National Park 2021,598,2021-06-08 06:20:00,285740,180,Cardellina pusilla,Wilson's Warbler,WIWA,33.00,36.00,42.0,t,lite
PC,WLNP-9-5,57638,General Community Waterton Lakes National Park 2021,598,2021-06-08 06:20:00,285740,180,Catharus ustulatus,Swainson's Thrush,SWTH,36.00,39.00,34.7,t,lite
PC,WLNP-9-5,57638,General Community Waterton Lakes National Park 2021,598,2021-06-08 06:20:00,285740,180,Turdus libonyana,,,42.00,45.00,29.4,f,lite
PC,WLNP-9-5,57638,General Community Waterton Lakes National Park 2021,598,2021-06-08 06:20:00,285740,180,Catharus ustulatus,Swainson's Thrush,SWTH,42.00,45.00,54.6,t,lite
PC,WLNP-9-5,57638,General Community Waterton Lakes National Park 2021,598,2021-06-08 06:20:00,285740,180,Cardellina pusilla,Wilson's Warbler,WIWA,45.00,48.00,37.8,t,lite
PC,WLNP-9-5,57638,General Community Waterton Lakes National Park 2021,598,2021-06-08 06:20:00,285740,180,Catharus ustulatus,Swainson's Thrush,SWTH,51.00,54.00,25.9,t,lite
PC,WLNP-9-5,57638,General Community Waterton Lakes National Park 2021,598,2021-06-08 06:20:00,285740,180,Tesia superciliaris,,,51.00,54.00,43.3,f,lite
PC,WLNP-9-5,57638,General Community Waterton Lakes National Park 2021,598,2021-06-08 06:20:00,285740,180,Cardellina pusilla,Wilson's Warbler,WIWA,57.00,60.00,31.3,t,lite
PC,WLNP-9-5,57638,General Community Waterton Lakes National Park 2021,598,2021-06-08 06:20:00,285740,180,Catharus ustulatus,Swainson's Thrush,SWTH,57.00,60.00,30.4,t,lite
PC,WLNP-9-5,57638,General Community Waterton Lakes National Park 2021,598,2021-06-08 06:20:00,285740,180,Cardellina pusilla,Wilson's Warbler,WIWA,69.00,72.00,51.4,t,lite
PC,WLNP-9-5,57638,General Community Waterton Lakes National Park 2021,598,2021-06-08 06:20:00,285740,180,Prinia hodgsonii,,,69.00,72.00,29.8,f,lite
PC,WLNP-9-5,57638,General Community Waterton Lakes National Park 2021,598,2021-06-08 06:20:00,285740,180,Henicorhina leucophrys,Gray-breasted Wood-Wren,GBWW,78.00,81.00,28.9,t,lite
PC,WLNP-9-5,57638,General Community Waterton Lakes National Park 2021,598,2021-06-08 06:20:00,285740,180,Catharus ustulatus,Swainson's Thrush,SWTH,78.00,81.00,79.4,t,lite
PC,WLNP-9-5,57638,General Community Waterton Lakes National Park 2021,598,2021-06-08 06:20:00,285740,180,Spinus pinus,Pine Siskin,PISI,84.00,87.00,76.9,t,lite
PC,WLNP-9-5,57638,General Community Waterton Lakes National Park 2021,598,2021-06-08 06:20:00,285740,180,Catharus ustulatus,Swainson's Thrush,SWTH,87.00,90.00,61.6,t,lite
PC,WLNP-9-5,57638,General Community Waterton Lakes National Park 2021,598,2021-06-08 06:20:00,285740,180,Drymophila genei,,,90.00,93.00,27.7,f,lite
PC,WLNP-9-5,57638,General Community Waterton Lakes National Park 2021,598,2021-06-08 06:20:00,285740,180,Spinus pinus,Pine Siskin,PISI,90.00,93.00,31.4,t,lite
PC,WLNP-9-5,57638,General Community Waterton Lakes National Park 2021,598,2021-06-08 06:20:00,285740,180,Vireo gilvus,Warbling Vireo,WAVI,93.00,96.00,27.2,t,lite
PC,WLNP-9-5,57638,General Community Waterton Lakes National Park 2021,598,2021-06-08 06:20:00,285740,180,Catharus ustulatus,Swainson's Thrush,SWTH,93.00,96.00,43.9,t,lite
PC,WLNP-9-5,57638,General Community Waterton Lakes National Park 2021,598,2021-06-08 06:20:00,285740,180,Cardellina pusilla,Wilson's Warbler,WIWA,96.00,99.00,56.2,t,lite
PC,WLNP-9-5,57638,General Community Waterton Lakes National Park 2021,598,2021-06-08 06:20:00,285740,180,Catharus ustulatus,Swainson's Thrush,SWTH,99.00,102.00,49.9,t,lite
PC,WLNP-9-5,57638,General Community Waterton Lakes National Park 2021,598,2021-06-08 06:20:00,285740,180,Catharus ustulatus,Swainson's Thrush,SWTH,102.00,105.00,42.8,t,lite
PC,WLNP-9-5,57638,General Community Waterton Lakes National Park 2021,598,2021-06-08 06:20:00,285740,180,Catharus ustulatus,Swainson's Thrush,SWTH,108.00,111.00,73.7,t,lite
PC,WLNP-9-5,57638,General Community Waterton Lakes National Park 2021,598,2021-06-08 06:20:00,285740,180,Turdus libonyana,,,108.00,111.00,31.2,f,lite
PC,WLNP-9-5,57638,General Community Waterton Lakes National Park 2021,598,2021-06-08 06:20:00,285740,180,Turdus fuscater,,,108.00,111.00,26.2,f,lite
PC,WLNP-9-5,57638,General Community Waterton Lakes National Park 2021,598,2021-06-08 06:20:00,285740,180,Cardellina pusilla,Wilson's Warbler,WIWA,111.00,114.00,74.6,t,lite
PC,WLNP-9-5,57638,General Community Waterton Lakes National Park 2021,598,2021-06-08 06:20:00,285740,180,Prinia hodgsonii,,,111.00,114.00,36.9,f,lite
PC,WLNP-9-5,57638,General Community Waterton Lakes National Park 2021,598,2021-06-08 06:20:00,285740,180,Catharus ustulatus,Swainson's Thrush,SWTH,117.00,120.00,78.8,t,lite
PC,WLNP-9-5,57638,General Community Waterton Lakes National Park 2021,598,2021-06-08 06:20:00,285740,180,Turdus libonyana,,,117.00,120.00,26.3,f,lite
PC,WLNP-9-5,57638,General Community Waterton Lakes National Park 2021,598,2021-06-08 06:20:00,285740,180,Regulus calendula,,,120.00,123.00,31.0,f,lite
PC,WLNP-9-5,57638,General Community Waterton Lakes National Park 2021,598,2021-06-08 06:20:00,285740,180,Cardellina pusilla,Wilson's Warbler,WIWA,123.00,126.00,33.8,t,lite
PC,WLNP-9-5,57638,General Community Waterton Lakes National Park 2021,598,2021-06-08 06:20:00,285740,180,Catharus ustulatus,Swainson's Thrush,SWTH,129.00,132.00,45.6,t,lite
PC,WLNP-9-5,57638,General Community Waterton Lakes National Park 2021,598,2021-06-08 06:20:00,285740,180,Catharus ustulatus,Swainson's Thrush,SWTH,132.00,135.00,68.2,t,lite
PC,WLNP-9-5,57638,General Community Waterton Lakes National Park 2021,598,2021-06-08 06:20:00,285740,180,Cardellina pusilla,Wilson's Warbler,WIWA,135.00,138.00,60.2,t,lite
PC,WLNP-9-5,57638,General Community Waterton Lakes National Park 2021,598,2021-06-08 06:20:00,285740,180,Cardellina pusilla,Wilson's Warbler,WIWA,138.00,141.00,39.1,t,lite
PC,WLNP-9-5,57638,General Community Waterton Lakes National Park 2021,598,2021-06-08 06:20:00,285740,180,Phylloscopus forresti,,,138.00,141.00,28.3,f,lite
PC,WLNP-9-5,57638,General Community Waterton Lakes National Park 2021,598,2021-06-08 06:20:00,285740,180,Ficedula narcissina,Narcissus Flycatcher,NAFL,141.00,144.00,29.2,t,lite
PC,WLNP-9-5,57638,General Community Waterton Lakes National Park 2021,598,2021-06-08 06:20:00,285740,180,Catharus ustulatus,Swainson's Thrush,SWTH,144.00,147.00,47.0,t,lite
PC,WLNP-9-5,57638,General Community Waterton Lakes National Park 2021,598,2021-06-08 06:20:00,285740,180,Catharus aurantiirostris,Orange-billed Nightingale-Thrush,OBNT,147.00,150.00,29.8,t,lite
PC,WLNP-9-5,57638,General Community Waterton Lakes National Park 2021,598,2021-06-08 06:20:00,285740,180,Larvivora cyane,,,147.00,150.00,28.0,f,lite
PC,WLNP-9-5,57638,General Community Waterton Lakes National Park 2021,598,2021-06-08 06:20:00,285740,180,Cyanoptila cyanomelana,,,150.00,153.00,27.2,f,lite
PC,WLNP-9-5,57638,General Community Waterton Lakes National Park 2021,598,2021-06-08 06:20:00,285740,180,Prinia hodgsonii,,,153.00,156.00,36.0,f,lite
PC,WLNP-9-5,57638,General Community Waterton Lakes National Park 2021,598,2021-06-08 06:20:00,285740,180,Cardellina pusilla,Wilson's Warbler,WIWA,153.00,156.00,57.7,t,lite
PC,WLNP-9-5,57638,General Community Waterton Lakes National Park 2021,598,2021-06-08 06:20:00,285740,180,Catharus ustulatus,Swainson's Thrush,SWTH,165.00,168.00,32.1,t,lite
PC,WLNP-9-5,57638,General Community Waterton Lakes National Park 2021,598,2021-06-08 06:20:00,285740,180,Cardellina pusilla,Wilson's Warbler,WIWA,165.00,168.00,32.2,t,lite
PC,WLNP-9-5,57638,General Community Waterton Lakes National Park 2021,598,2021-06-08 06:20:00,285740,180,Catharus ustulatus,Swainson's Thrush,SWTH,171.00,174.00,78.6,t,lite
PC,WLNP-9-5,57638,General Community Waterton Lakes National Park 2021,598,2021-06-08 06:20:00,285740,180,Cardellina pusilla,Wilson's Warbler,WIWA,174.00,177.00,40.5,t,lite
PC,WLNP-9-5,57638,General Community Waterton Lakes National Park 2021,598,2021-06-08 06:20:00,285740,180,Catharus ustulatus,Swainson's Thrush,SWTH,177.00,180.00,50.7,t,lite
PC,WLNP-9-5,57638,General Community Waterton Lakes National Park 2021,598,2021-06-08 06:20:00,285740,180,Cardellina pusilla,Wilson's Warbler,WIWA,177.00,180.00,27.8,t,lite
PC,WLNP-9-5,57638,General Community Waterton Lakes National Park 2021,598,2021-06-09 05:40:00,285760,180,Cardellina pusilla,Wilson's Warbler,WIWA,0.00,3.00,40.2,t,lite
PC,WLNP-9-5,57638,General Community Waterton Lakes National Park 2021,598,2021-06-09 05:40:00,285760,180,Prinia hodgsonii,,,0.00,3.00,32.6,f,lite
PC,WLNP-9-5,57638,General Community Waterton Lakes National Park 2021,598,2021-06-09 05:40:00,285760,180,Cardellina pusilla,Wilson's Warbler,WIWA,3.00,6.00,40.7,t,lite
PC,WLNP-9-5,57638,General Community Waterton Lakes National Park 2021,598,2021-06-09 05:40:00,285760,180,Catharus ustulatus,Swainson's Thrush,SWTH,3.00,6.00,56.2,t,lite
PC,WLNP-9-5,57638,General Community Waterton Lakes National Park 2021,598,2021-06-09 05:40:00,285760,180,Cardellina pusilla,Wilson's Warbler,WIWA,15.00,18.00,34.3,t,lite
PC,WLNP-9-5,57638,General Community Waterton Lakes National Park 2021,598,2021-06-09 05:40:00,285760,180,Horornis seebohmi,,,18.00,21.00,25.5,f,lite
PC,WLNP-9-5,57638,General Community Waterton Lakes National Park 2021,598,2021-06-09 05:40:00,285760,180,Vireo leucophrys,Brown-capped Vireo,BCAV,18.00,21.00,30.1,t,lite
PC,WLNP-9-5,57638,General Community Waterton Lakes National Park 2021,598,2021-06-09 05:40:00,285760,180,Vireo gilvus,Warbling Vireo,WAVI,18.00,21.00,39.2,t,lite
PC,WLNP-9-5,57638,General Community Waterton Lakes National Park 2021,598,2021-06-09 05:40:00,285760,180,Cardellina pusilla,Wilson's Warbler,WIWA,27.00,30.00,41.6,t,lite
PC,WLNP-9-5,57638,General Community Waterton Lakes National Park 2021,598,2021-06-09 05:40:00,285760,180,Cardellina pusilla,Wilson's Warbler,WIWA,39.00,42.00,39.1,t,lite
PC,WLNP-9-5,57638,General Community Waterton Lakes National Park 2021,598,2021-06-09 05:40:00,285760,180,Catharus ustulatus,Swainson's Thrush,SWTH,42.00,45.00,42.7,t,lite
PC,WLNP-9-5,57638,General Community Waterton Lakes National Park 2021,598,2021-06-09 05:40:00,285760,180,Cardellina pusilla,Wilson's Warbler,WIWA,54.00,57.00,29.6,t,lite
PC,WLNP-9-5,57638,General Community Waterton Lakes National Park 2021,598,2021-06-09 05:40:00,285760,180,Cardellina pusilla,Wilson's Warbler,WIWA,75.00,78.00,32.4,t,lite
PC,WLNP-9-5,57638,General Community Waterton Lakes National Park 2021,598,2021-06-09 05:40:00,285760,180,Myiarchus cinerascens,Ash-throated Flycatcher,ATFL,78.00,81.00,29.2,t,lite
PC,WLNP-9-5,57638,General Community Waterton Lakes National Park 2021,598,2021-06-09 05:40:00,285760,180,Catharus ustulatus,Swainson's Thrush,SWTH,78.00,81.00,41.4,t,lite
PC,WLNP-9-5,57638,General Community Waterton Lakes National Park 2021,598,2021-06-09 05:40:00,285760,180,Myiarchus tyrannulus,Brown-crested Flycatcher,BCFL,78.00,81.00,30.1,t,lite
PC,WLNP-9-5,57638,General Community Waterton Lakes National Park 2021,598,2021-06-09 05:40:00,285760,180,Xolmis pyrope,,,78.00,81.00,37.9,f,lite
PC,WLNP-9-5,57638,General Community Waterton Lakes National Park 2021,598,2021-06-09 05:40:00,285760,180,Catharus ustulatus,Swainson's Thrush,SWTH,81.00,84.00,28.5,t,lite
PC,WLNP-9-5,57638,General Community Waterton Lakes National Park 2021,598,2021-06-09 05:40:00,285760,180,Xolmis pyrope,,,84.00,87.00,37.6,f,lite
PC,WLNP-9-5,57638,General Community Waterton Lakes National Park 2021,598,2021-06-09 05:40:00,285760,180,Porzana porzana,Spotted Crake,SPCR,84.00,87.00,25.7,t,lite
PC,WLNP-9-5,57638,General Community Waterton Lakes National Park 2021,598,2021-06-09 05:40:00,285760,180,Myiarchus tyrannulus,Brown-crested Flycatcher,BCFL,84.00,87.00,53.2,t,lite
PC,WLNP-9-5,57638,General Community Waterton Lakes National Park 2021,598,2021-06-09 05:40:00,285760,180,Catharus ustulatus,Swainson's Thrush,SWTH,84.00,87.00,64.5,t,lite
PC,WLNP-9-5,57638,General Community Waterton Lakes National Park 2021,598,2021-06-09 05:40:00,285760,180,Cardellina pusilla,Wilson's Warbler,WIWA,87.00,90.00,49.3,t,lite
PC,WLNP-9-5,57638,General Community Waterton Lakes National Park 2021,598,2021-06-09 05:40:00,285760,180,Prinia hodgsonii,,,87.00,90.00,26.0,f,lite
PC,WLNP-9-5,57638,General Community Waterton Lakes National Park 2021,598,2021-06-09 05:40:00,285760,180,Catharus ustulatus,Swainson's Thrush,SWTH,93.00,96.00,41.0,t,lite
PC,WLNP-9-5,57638,General Community Waterton Lakes National Park 2021,598,2021-06-09 05:40:00,285760,180,Myiarchus tyrannulus,Brown-crested Flycatcher,BCFL,93.00,96.00,31.5,t,lite
PC,WLNP-9-5,57638,General Community Waterton Lakes National Park 2021,598,2021-06-09 05:40:00,285760,180,Cardellina pusilla,Wilson's Warbler,WIWA,99.00,102.00,61.2,t,lite
PC,WLNP-9-5,57638,General Community Waterton Lakes National Park 2021,598,2021-06-09 05:40:00,285760,180,Prinia hodgsonii,,,99.00,102.00,53.2,f,lite
PC,WLNP-9-5,57638,General Community Waterton Lakes National Park 2021,598,2021-06-09 05:40:00,285760,180,Setophaga graciae,Grace's Warbler,GRWA,99.00,102.00,27.5,t,lite
PC,WLNP-9-5,57638,General Community Waterton Lakes National Park 2021,598,2021-06-09 05:40:00,285760,180,Automolus melanopezus,,,102.00,105.00,25.9,f,lite
PC,WLNP-9-5,57638,General Community Waterton Lakes National Park 2021,598,2021-06-09 05:40:00,285760,180,Porzana porzana,Spotted Crake,SPCR,102.00,105.00,42.8,t,lite
PC,WLNP-9-5,57638,General Community Waterton Lakes National Park 2021,598,2021-06-09 05:40:00,285760,180,Myiarchus tyrannulus,Brown-crested Flycatcher,BCFL,102.00,105.00,50.3,t,lite
PC,WLNP-9-5,57638,General Community Waterton Lakes National Park 2021,598,2021-06-09 05:40:00,285760,180,Catharus ustulatus,Swainson's Thrush,SWTH,102.00,105.00,45.9,t,lite
PC,WLNP-9-5,57638,General Community Waterton Lakes National Park 2021,598,2021-06-09 05:40:00,285760,180,Myiarchus cinerascens,Ash-throated Flycatcher,ATFL,105.00,108.00,29.5,t,lite
PC,WLNP-9-5,57638,General Community Waterton Lakes National Park 2021,598,2021-06-09 05:40:00,285760,180,Catharus ustulatus,Swainson's Thrush,SWTH,105.00,108.00,37.0,t,lite
PC,WLNP-9-5,57638,General Community Waterton Lakes National Park 2021,598,2021-06-09 05:40:00,285760,180,Cardellina pusilla,Wilson's Warbler,WIWA,108.00,111.00,38.6,t,lite
PC,WLNP-9-5,57638,General Community Waterton Lakes National Park 2021,598,2021-06-09 05:40:00,285760,180,Cardellina pusilla,Wilson's Warbler,WIWA,111.00,114.00,44.6,t,lite
PC,WLNP-9-5,57638,General Community Waterton Lakes National Park 2021,598,2021-06-09 05:40:00,285760,180,Prinia hodgsonii,,,120.00,123.00,35.2,f,lite
PC,WLNP-9-5,57638,General Community Waterton Lakes National Park 2021,598,2021-06-09 05:40:00,285760,180,Cardellina pusilla,Wilson's Warbler,WIWA,120.00,123.00,50.5,t,lite
PC,WLNP-9-5,57638,General Community Waterton Lakes National Park 2021,598,2021-06-09 05:40:00,285760,180,Cardellina pusilla,Wilson's Warbler,WIWA,129.00,132.00,65.3,t,lite
PC,WLNP-9-5,57638,General Community Waterton Lakes National Park 2021,598,2021-06-09 05:40:00,285760,180,Cardellina pusilla,Wilson's Warbler,WIWA,132.00,135.00,62.7,t,lite
PC,WLNP-9-5,57638,General Community Waterton Lakes National Park 2021,598,2021-06-09 05:40:00,285760,180,Cardellina pusilla,Wilson's Warbler,WIWA,141.00,144.00,68.2,t,lite
PC,WLNP-9-5,57638,General Community Waterton Lakes National Park 2021,598,2021-06-09 05:40:00,285760,180,Prinia hodgsonii,,,141.00,144.00,47.7,f,lite
PC,WLNP-9-5,57638,General Community Waterton Lakes National Park 2021,598,2021-06-09 05:40:00,285760,180,Cardellina pusilla,Wilson's Warbler,WIWA,150.00,153.00,40.6,t,lite
PC,WLNP-9-5,57638,General Community Waterton Lakes National Park 2021,598,2021-06-09 05:40:00,285760,180,Cardellina pusilla,Wilson's Warbler,WIWA,153.00,156.00,60.9,t,lite
PC,WLNP-9-5,57638,General Community Waterton Lakes National Park 2021,598,2021-06-09 05:40:00,285760,180,Prinia hodgsonii,,,153.00,156.00,40.1,f,lite
PC,WLNP-9-5,57638,General Community Waterton Lakes National Park 2021,598,2021-06-10 02:20:00,285724,180,*NOT GENERATED/FOUND*,,,,,,f,lite
PC,WLNP-9-5,57638,General Community Waterton Lakes National Park 2021,598,2021-06-12 05:20:00,285680,180,Catharus ustulatus,Swainson's Thrush,SWTH,0.00,3.00,57.4,t,lite
PC,WLNP-9-5,57638,General Community Waterton Lakes National Park 2021,598,2021-06-12 05:20:00,285680,180,Myiarchus tyrannulus,Brown-crested Flycatcher,BCFL,0.00,3.00,30.6,t,lite
PC,WLNP-9-5,57638,General Community Waterton Lakes National Park 2021,598,2021-06-12 05:20:00,285680,180,Zonotrichia capensis,Rufous-collared Sparrow,RCOS,42.00,45.00,33.1,t,lite
PC,WLNP-9-5,57638,General Community Waterton Lakes National Park 2021,598,2021-06-12 05:20:00,285680,180,Periparus elegans,,,54.00,57.00,29.6,f,lite
PC,WLNP-9-5,57638,General Community Waterton Lakes National Park 2021,598,2021-06-12 05:20:00,285680,180,Zonotrichia capensis,Rufous-collared Sparrow,RCOS,150.00,153.00,27.3,t,lite
PC,WLNP-9-5,57638,General Community Waterton Lakes National Park 2021,598,2021-06-12 05:20:00,285680,180,Zonotrichia capensis,Rufous-collared Sparrow,RCOS,177.00,180.00,35.1,t,lite
PC,WLNP-9-5,57638,General Community Waterton Lakes National Park 2021,598,2021-06-13 07:40:00,285653,180,Myiarchus nuttingi,Nutting's Flycatcher,NUFL,0.00,3.00,30.0,t,lite
PC,WLNP-9-5,57638,General Community Waterton Lakes National Park 2021,598,2021-06-13 07:40:00,285653,180,Myiarchus tyrannulus,Brown-crested Flycatcher,BCFL,0.00,3.00,28.7,t,lite
PC,WLNP-9-5,57638,General Community Waterton Lakes National Park 2021,598,2021-06-13 08:00:00,285759,180,Zonotrichia capensis,Rufous-collared Sparrow,RCOS,6.00,9.00,31.7,t,lite
PC,WLNP-9-5,57638,General Community Waterton Lakes National Park 2021,598,2021-06-13 08:00:00,285759,180,Phoenicurus phoenicurus,Common Redstart,CRET,36.00,39.00,31.3,t,lite
PC,WLNP-9-5,57638,General Community Waterton Lakes National Park 2021,598,2021-06-13 08:00:00,285759,180,Passerella iliaca,Fox Sparrow,FOSP,54.00,57.00,34.5,t,lite
PC,WLNP-9-5,57638,General Community Waterton Lakes National Park 2021,598,2021-06-13 08:00:00,285759,180,Cyanoptila cyanomelana,,,54.00,57.00,26.5,f,lite
PC,WLNP-9-5,57638,General Community Waterton Lakes National Park 2021,598,2021-06-13 08:00:00,285759,180,Larvivora cyane,,,60.00,63.00,27.1,f,lite
PC,WLNP-9-5,57638,General Community Waterton Lakes National Park 2021,598,2021-06-13 08:00:00,285759,180,Zonotrichia capensis,Rufous-collared Sparrow,RCOS,63.00,66.00,25.5,t,lite
PC,WLNP-9-5,57638,General Community Waterton Lakes National Park 2021,598,2021-06-13 08:00:00,285759,180,Cyanoptila cyanomelana,,,72.00,75.00,29.8,f,lite
PC,WLNP-9-5,57638,General Community Waterton Lakes National Park 2021,598,2021-06-13 08:00:00,285759,180,Zonotrichia capensis,Rufous-collared Sparrow,RCOS,81.00,84.00,27.3,t,lite
PC,WLNP-9-5,57638,General Community Waterton Lakes National Park 2021,598,2021-06-13 08:00:00,285759,180,Cyanoptila cyanomelana,,,90.00,93.00,32.8,f,lite
PC,WLNP-9-5,57638,General Community Waterton Lakes National Park 2021,598,2021-06-13 08:00:00,285759,180,Motacilla alba,White Wagtail,WHWA,96.00,99.00,37.1,t,lite
PC,WLNP-9-5,57638,General Community Waterton Lakes National Park 2021,598,2021-06-13 08:00:00,285759,180,Phylloscopus trochiloides,Greenish Warbler,PHYTRO,96.00,99.00,31.1,t,lite
PC,WLNP-9-5,57638,General Community Waterton Lakes National Park 2021,598,2021-06-13 08:00:00,285759,180,Zonotrichia capensis,Rufous-collared Sparrow,RCOS,102.00,105.00,25.5,t,lite
PC,WLNP-9-5,57638,General Community Waterton Lakes National Park 2021,598,2021-06-13 08:00:00,285759,180,Regulus calendula,,,123.00,126.00,43.9,f,lite
PC,WLNP-9-5,57638,General Community Waterton Lakes National Park 2021,598,2021-06-14 02:00:00,285660,180,*NOT GENERATED/FOUND*,,,,,,f,lite
PC,WLNP-SUM-12,65222,General Community Waterton Lakes National Park 2021,598,2021-06-01 23:20:00,285699,180,*NOT GENERATED/FOUND*,,,,,,f,lite
PC,WLNP-SUM-12,65222,General Community Waterton Lakes National Park 2021,598,2021-06-03 05:00:00,285697,180,*NOT GENERATED/FOUND*,,,,,,f,lite
PC,WLNP-SUM-12,65222,General Community Waterton Lakes National Park 2021,598,2021-06-07 07:20:00,285666,180,Haemorhous cassinii,Cassin's Finch,CAFI,0.00,3.00,26.1,t,lite
PC,WLNP-SUM-12,65222,General Community Waterton Lakes National Park 2021,598,2021-06-07 07:20:00,285666,180,Tarsiger cyanurus,Red-flanked Bluetail,RFBL,0.00,3.00,31.6,t,lite
PC,WLNP-SUM-12,65222,General Community Waterton Lakes National Park 2021,598,2021-06-07 07:20:00,285666,180,Haemorhous purpureus,Purple Finch,PUFI,0.00,3.00,26.8,t,lite
PC,WLNP-SUM-12,65222,General Community Waterton Lakes National Park 2021,598,2021-06-07 07:20:00,285666,180,Histrionicus histrionicus,Harlequin Duck,HADU,18.00,21.00,25.0,t,lite
PC,WLNP-SUM-12,65222,General Community Waterton Lakes National Park 2021,598,2021-06-07 07:20:00,285666,180,Malurus leucopterus,,,27.00,30.00,25.7,f,lite
PC,WLNP-SUM-12,65222,General Community Waterton Lakes National Park 2021,598,2021-06-07 07:20:00,285666,180,Histrionicus histrionicus,Harlequin Duck,HADU,33.00,36.00,27.5,t,lite
PC,WLNP-SUM-12,65222,General Community Waterton Lakes National Park 2021,598,2021-06-07 07:20:00,285666,180,Malurus leucopterus,,,51.00,54.00,27.8,f,lite
PC,WLNP-SUM-12,65222,General Community Waterton Lakes National Park 2021,598,2021-06-07 07:20:00,285666,180,Malurus leucopterus,,,57.00,60.00,27.4,f,lite
PC,WLNP-SUM-12,65222,General Community Waterton Lakes National Park 2021,598,2021-06-07 07:20:00,285666,180,Malurus leucopterus,,,66.00,69.00,28.2,f,lite
PC,WLNP-SUM-12,65222,General Community Waterton Lakes National Park 2021,598,2021-06-07 07:20:00,285666,180,Malurus leucopterus,,,114.00,117.00,28.8,f,lite
PC,WLNP-SUM-12,65222,General Community Waterton Lakes National Park 2021,598,2021-06-07 07:20:00,285666,180,Malurus leucopterus,,,120.00,123.00,27.0,f,lite
PC,WLNP-SUM-12,65222,General Community Waterton Lakes National Park 2021,598,2021-06-07 07:20:00,285666,180,Malurus leucopterus,,,126.00,129.00,26.7,f,lite
PC,WLNP-SUM-12,65222,General Community Waterton Lakes National Park 2021,598,2021-06-07 07:20:00,285666,180,Malurus leucopterus,,,129.00,132.00,31.1,f,lite
PC,WLNP-SUM-12,65222,General Community Waterton Lakes National Park 2021,598,2021-06-07 07:20:00,285666,180,Malurus leucopterus,,,135.00,138.00,31.3,f,lite
PC,WLNP-SUM-12,65222,General Community Waterton Lakes National Park 2021,598,2021-06-07 07:20:00,285666,180,Malurus leucopterus,,,138.00,141.00,31.2,f,lite
PC,WLNP-SUM-12,65222,General Community Waterton Lakes National Park 2021,598,2021-06-07 07:20:00,285666,180,Malurus leucopterus,,,141.00,144.00,37.2,f,lite
PC,WLNP-SUM-12,65222,General Community Waterton Lakes National Park 2021,598,2021-06-07 07:20:00,285666,180,Malurus leucopterus,,,153.00,156.00,27.8,f,lite
PC,WLNP-SUM-12,65222,General Community Waterton Lakes National Park 2021,598,2021-06-07 07:20:00,285666,180,Malurus leucopterus,,,156.00,159.00,25.4,f,lite
PC,WLNP-SUM-12,65222,General Community Waterton Lakes National Park 2021,598,2021-06-07 07:20:00,285666,180,Malurus leucopterus,,,162.00,165.00,33.2,f,lite
PC,WLNP-SUM-12,65222,General Community Waterton Lakes National Park 2021,598,2021-06-07 07:20:00,285666,180,Malurus leucopterus,,,177.00,180.00,27.3,f,lite
PC,WLNP-SUM-12,65222,General Community Waterton Lakes National Park 2021,598,2021-06-08 02:00:00,285749,180,Phegornis mitchellii,,,24.00,27.00,30.2,f,lite
PC,WLNP-SUM-12,65222,General Community Waterton Lakes National Park 2021,598,2021-06-08 02:00:00,285749,180,Histrionicus histrionicus,Harlequin Duck,HADU,57.00,60.00,26.7,t,lite
PC,WLNP-SUM-12,65222,General Community Waterton Lakes National Park 2021,598,2021-06-08 02:00:00,285749,180,Histrionicus histrionicus,Harlequin Duck,HADU,81.00,84.00,26.5,t,lite
PC,WLNP-SUM-12,65222,General Community Waterton Lakes National Park 2021,598,2021-06-08 02:00:00,285749,180,Phegornis mitchellii,,,105.00,108.00,26.5,f,lite
PC,WLNP-SUM-12,65222,General Community Waterton Lakes National Park 2021,598,2021-06-08 02:00:00,285749,180,Histrionicus histrionicus,Harlequin Duck,HADU,141.00,144.00,26.4,t,lite
PC,WLNP-SUM-12,65222,General Community Waterton Lakes National Park 2021,598,2021-06-08 02:00:00,285749,180,Histrionicus histrionicus,Harlequin Duck,HADU,144.00,147.00,26.4,t,lite
PC,WLNP-SUM-12,65222,General Community Waterton Lakes National Park 2021,598,2021-06-08 05:00:00,285702,180,Phegornis mitchellii,,,9.00,12.00,32.8,f,lite
PC,WLNP-SUM-12,65222,General Community Waterton Lakes National Park 2021,598,2021-06-08 05:00:00,285702,180,Phegornis mitchellii,,,33.00,36.00,28.3,f,lite
PC,WLNP-SUM-12,65222,General Community Waterton Lakes National Park 2021,598,2021-06-08 05:00:00,285702,180,Phegornis mitchellii,,,36.00,39.00,30.6,f,lite
PC,WLNP-SUM-12,65222,General Community Waterton Lakes National Park 2021,598,2021-06-08 05:00:00,285702,180,Phegornis mitchellii,,,60.00,63.00,31.7,f,lite
PC,WLNP-SUM-12,65222,General Community Waterton Lakes National Park 2021,598,2021-06-08 05:00:00,285702,180,Phegornis mitchellii,,,93.00,96.00,30.9,f,lite
PC,WLNP-SUM-12,65222,General Community Waterton Lakes National Park 2021,598,2021-06-08 05:00:00,285702,180,Phegornis mitchellii,,,99.00,102.00,25.4,f,lite
PC,WLNP-SUM-12,65222,General Community Waterton Lakes National Park 2021,598,2021-06-08 05:00:00,285702,180,Phegornis mitchellii,,,117.00,120.00,28.2,f,lite
PC,WLNP-SUM-12,65222,General Community Waterton Lakes National Park 2021,598,2021-06-08 05:00:00,285702,180,Phegornis mitchellii,,,120.00,123.00,31.6,f,lite
PC,WLNP-SUM-12,65222,General Community Waterton Lakes National Park 2021,598,2021-06-08 05:00:00,285702,180,Phegornis mitchellii,,,129.00,132.00,30.7,f,lite
PC,WLNP-SUM-12,65222,General Community Waterton Lakes National Park 2021,598,2021-06-08 05:00:00,285702,180,Junco hyemalis,Dark-eyed Junco,DEJU,135.00,138.00,30.4,t,lite
PC,WLNP-SUM-12,65222,General Community Waterton Lakes National Park 2021,598,2021-06-08 05:00:00,285702,180,Asthenes harterti,,,138.00,141.00,29.3,f,lite
PC,WLNP-SUM-12,65222,General Community Waterton Lakes National Park 2021,598,2021-06-08 05:00:00,285702,180,Junco hyemalis,Dark-eyed Junco,DEJU,138.00,141.00,35.8,t,lite
PC,WLNP-SUM-12,65222,General Community Waterton Lakes National Park 2021,598,2021-06-08 05:00:00,285702,180,Emberiza cirlus,Cirl Bunting,EMBCIR,138.00,141.00,26.6,t,lite
PC,WLNP-SUM-12,65222,General Community Waterton Lakes National Park 2021,598,2021-06-08 05:00:00,285702,180,Junco hyemalis,Dark-eyed Junco,DEJU,141.00,144.00,63.7,t,lite
PC,WLNP-SUM-12,65222,General Community Waterton Lakes National Park 2021,598,2021-06-08 05:00:00,285702,180,Asthenes harterti,,,141.00,144.00,25.6,f,lite
PC,WLNP-SUM-12,65222,General Community Waterton Lakes National Park 2021,598,2021-06-08 05:00:00,285702,180,Emberiza cirlus,Cirl Bunting,EMBCIR,141.00,144.00,34.6,t,lite
PC,WLNP-SUM-12,65222,General Community Waterton Lakes National Park 2021,598,2021-06-08 05:00:00,285702,180,Junco hyemalis,Dark-eyed Junco,DEJU,144.00,147.00,27.3,t,lite
PC,WLNP-SUM-12,65222,General Community Waterton Lakes National Park 2021,598,2021-06-08 05:00:00,285702,180,Junco hyemalis,Dark-eyed Junco,DEJU,147.00,150.00,61.4,t,lite
PC,WLNP-SUM-12,65222,General Community Waterton Lakes National Park 2021,598,2021-06-08 05:00:00,285702,180,Emberiza cirlus,Cirl Bunting,EMBCIR,147.00,150.00,33.7,t,lite
PC,WLNP-SUM-12,65222,General Community Waterton Lakes National Park 2021,598,2021-06-08 05:00:00,285702,180,Junco hyemalis,Dark-eyed Junco,DEJU,150.00,153.00,30.9,t,lite
PC,WLNP-SUM-12,65222,General Community Waterton Lakes National Park 2021,598,2021-06-08 05:00:00,285702,180,Junco hyemalis,Dark-eyed Junco,DEJU,153.00,156.00,31.1,t,lite
PC,WLNP-SUM-12,65222,General Community Waterton Lakes National Park 2021,598,2021-06-08 05:00:00,285702,180,Emberiza cirlus,Cirl Bunting,EMBCIR,156.00,159.00,35.0,t,lite
PC,WLNP-SUM-12,65222,General Community Waterton Lakes National Park 2021,598,2021-06-08 05:00:00,285702,180,Junco hyemalis,Dark-eyed Junco,DEJU,156.00,159.00,54.1,t,lite
PC,WLNP-SUM-12,65222,General Community Waterton Lakes National Park 2021,598,2021-06-08 05:00:00,285702,180,Junco hyemalis,Dark-eyed Junco,DEJU,159.00,162.00,51.0,t,lite
PC,WLNP-SUM-12,65222,General Community Waterton Lakes National Park 2021,598,2021-06-08 05:00:00,285702,180,Junco hyemalis,Dark-eyed Junco,DEJU,162.00,165.00,44.0,t,lite
PC,WLNP-SUM-12,65222,General Community Waterton Lakes National Park 2021,598,2021-06-08 05:00:00,285702,180,Asthenes harterti,,,165.00,168.00,30.0,f,lite
PC,WLNP-SUM-12,65222,General Community Waterton Lakes National Park 2021,598,2021-06-08 05:00:00,285702,180,Junco hyemalis,Dark-eyed Junco,DEJU,165.00,168.00,47.7,t,lite
PC,WLNP-SUM-12,65222,General Community Waterton Lakes National Park 2021,598,2021-06-08 05:00:00,285702,180,Asthenes harterti,,,168.00,171.00,29.3,f,lite
PC,WLNP-SUM-12,65222,General Community Waterton Lakes National Park 2021,598,2021-06-08 05:00:00,285702,180,Junco hyemalis,Dark-eyed Junco,DEJU,168.00,171.00,34.9,t,lite
PC,WLNP-SUM-12,65222,General Community Waterton Lakes National Park 2021,598,2021-06-08 05:00:00,285702,180,Junco hyemalis,Dark-eyed Junco,DEJU,171.00,174.00,41.1,t,lite
PC,WLNP-SUM-12,65222,General Community Waterton Lakes National Park 2021,598,2021-06-08 05:00:00,285702,180,Asthenes harterti,,,171.00,174.00,25.3,f,lite
PC,WLNP-SUM-12,65222,General Community Waterton Lakes National Park 2021,598,2021-06-08 05:00:00,285702,180,Junco hyemalis,Dark-eyed Junco,DEJU,174.00,177.00,37.4,t,lite
PC,WLNP-SUM-12,65222,General Community Waterton Lakes National Park 2021,598,2021-06-08 05:00:00,285702,180,Junco hyemalis,Dark-eyed Junco,DEJU,177.00,180.00,42.3,t,lite
PC,WLNP-SUM-12,65222,General Community Waterton Lakes National Park 2021,598,2021-06-08 05:00:00,285702,180,Emberiza cirlus,Cirl Bunting,EMBCIR,177.00,180.00,28.2,t,lite
PC,WLNP-SUM-12,65222,General Community Waterton Lakes National Park 2021,598,2021-06-10 22:00:00,285668,180,Coturnicops noveboracensis,Yellow Rail,YERA,0.00,3.00,25.3,t,lite
PC,WLNP-SUM-12,65222,General Community Waterton Lakes National Park 2021,598,2021-06-10 22:00:00,285668,180,Coturnicops noveboracensis,Yellow Rail,YERA,6.00,9.00,36.1,t,lite
PC,WLNP-SUM-12,65222,General Community Waterton Lakes National Park 2021,598,2021-06-10 22:00:00,285668,180,Coturnicops noveboracensis,Yellow Rail,YERA,12.00,15.00,30.8,t,lite
PC,WLNP-SUM-12,65222,General Community Waterton Lakes National Park 2021,598,2021-06-10 22:00:00,285668,180,Gallinago media,Great Snipe,GALMED,12.00,15.00,28.9,t,lite
PC,WLNP-SUM-12,65222,General Community Waterton Lakes National Park 2021,598,2021-06-10 22:00:00,285668,180,Coturnicops noveboracensis,Yellow Rail,YERA,18.00,21.00,26.4,t,lite
PC,WLNP-SUM-12,65222,General Community Waterton Lakes National Park 2021,598,2021-06-10 22:00:00,285668,180,Gallinago media,Great Snipe,GALMED,30.00,33.00,36.7,t,lite
PC,WLNP-SUM-12,65222,General Community Waterton Lakes National Park 2021,598,2021-06-10 22:00:00,285668,180,Coturnicops noveboracensis,Yellow Rail,YERA,30.00,33.00,37.8,t,lite
PC,WLNP-SUM-12,65222,General Community Waterton Lakes National Park 2021,598,2021-06-10 22:00:00,285668,180,Coturnicops noveboracensis,Yellow Rail,YERA,36.00,39.00,34.3,t,lite
PC,WLNP-SUM-12,65222,General Community Waterton Lakes National Park 2021,598,2021-06-10 22:00:00,285668,180,Gallinago media,Great Snipe,GALMED,42.00,45.00,32.4,t,lite
PC,WLNP-SUM-12,65222,General Community Waterton Lakes National Park 2021,598,2021-06-10 22:00:00,285668,180,Coturnicops noveboracensis,Yellow Rail,YERA,42.00,45.00,55.7,t,lite
PC,WLNP-SUM-12,65222,General Community Waterton Lakes National Park 2021,598,2021-06-10 22:00:00,285668,180,Gallinago media,Great Snipe,GALMED,48.00,51.00,34.8,t,lite
PC,WLNP-SUM-12,65222,General Community Waterton Lakes National Park 2021,598,2021-06-10 22:00:00,285668,180,Coturnicops noveboracensis,Yellow Rail,YERA,57.00,60.00,27.1,t,lite
PC,WLNP-SUM-12,65222,General Community Waterton Lakes National Park 2021,598,2021-06-10 22:00:00,285668,180,Gallinago media,Great Snipe,GALMED,78.00,81.00,25.0,t,lite
PC,WLNP-SUM-12,65222,General Community Waterton Lakes National Park 2021,598,2021-06-10 22:00:00,285668,180,Coturnicops noveboracensis,Yellow Rail,YERA,99.00,102.00,30.3,t,lite
PC,WLNP-SUM-12,65222,General Community Waterton Lakes National Park 2021,598,2021-06-10 22:00:00,285668,180,Coturnicops noveboracensis,Yellow Rail,YERA,102.00,105.00,34.7,t,lite
PC,WLNP-SUM-12,65222,General Community Waterton Lakes National Park 2021,598,2021-06-10 22:00:00,285668,180,Coturnicops noveboracensis,Yellow Rail,YERA,105.00,108.00,25.4,t,lite
PC,WLNP-SUM-12,65222,General Community Waterton Lakes National Park 2021,598,2021-06-10 22:00:00,285668,180,Coturnicops noveboracensis,Yellow Rail,YERA,108.00,111.00,37.1,t,lite
PC,WLNP-SUM-12,65222,General Community Waterton Lakes National Park 2021,598,2021-06-10 22:00:00,285668,180,Gallinago media,Great Snipe,GALMED,108.00,111.00,33.4,t,lite
PC,WLNP-SUM-12,65222,General Community Waterton Lakes National Park 2021,598,2021-06-10 22:00:00,285668,180,Coturnicops noveboracensis,Yellow Rail,YERA,111.00,114.00,30.7,t,lite
PC,WLNP-SUM-12,65222,General Community Waterton Lakes National Park 2021,598,2021-06-10 22:00:00,285668,180,Coturnicops noveboracensis,Yellow Rail,YERA,114.00,117.00,27.8,t,lite
PC,WLNP-SUM-12,65222,General Community Waterton Lakes National Park 2021,598,2021-06-10 22:00:00,285668,180,Gallinago media,Great Snipe,GALMED,117.00,120.00,31.3,t,lite
PC,WLNP-SUM-12,65222,General Community Waterton Lakes National Park 2021,598,2021-06-10 22:00:00,285668,180,Gallinago media,Great Snipe,GALMED,138.00,141.00,27.1,t,lite
PC,WLNP-SUM-12,65222,General Community Waterton Lakes National Park 2021,598,2021-06-10 22:00:00,285668,180,Coturnicops noveboracensis,Yellow Rail,YERA,138.00,141.00,34.4,t,lite
PC,WLNP-SUM-12,65222,General Community Waterton Lakes National Park 2021,598,2021-06-10 22:00:00,285668,180,Gallinago media,Great Snipe,GALMED,156.00,159.00,28.8,t,lite
PC,WLNP-SUM-12,65222,General Community Waterton Lakes National Park 2021,598,2021-06-10 22:00:00,285668,180,Coturnicops noveboracensis,Yellow Rail,YERA,168.00,171.00,28.4,t,lite
PC,WLNP-SUM-12,65222,General Community Waterton Lakes National Park 2021,598,2021-06-10 22:00:00,285668,180,Gallinago media,Great Snipe,GALMED,168.00,171.00,28.5,t,lite
PC,WLNP-SUM-12,65222,General Community Waterton Lakes National Park 2021,598,2021-06-10 22:00:00,285668,180,Coturnicops noveboracensis,Yellow Rail,YERA,171.00,174.00,39.8,t,lite
PC,WLNP-SUM-12,65222,General Community Waterton Lakes National Park 2021,598,2021-06-10 22:00:00,285668,180,Gallinago media,Great Snipe,GALMED,171.00,174.00,32.2,t,lite
PC,WLNP-SUM-12,65222,General Community Waterton Lakes National Park 2021,598,2021-06-10 22:00:00,285668,180,Gallinago media,Great Snipe,GALMED,174.00,177.00,52.2,t,lite
PC,WLNP-SUM-12,65222,General Community Waterton Lakes National Park 2021,598,2021-06-10 22:00:00,285668,180,Coturnicops noveboracensis,Yellow Rail,YERA,174.00,177.00,40.7,t,lite
PC,WLNP-SUM-12,65222,General Community Waterton Lakes National Park 2021,598,2021-06-10 22:00:00,285668,180,Gallinago media,Great Snipe,GALMED,177.00,180.00,26.1,t,lite
PC,WLNP-SUM-12,65222,General Community Waterton Lakes National Park 2021,598,2021-06-11 06:20:00,285700,180,*NOT GENERATED/FOUND*,,,,,,f,lite
PC,WLNP-SUM-12,65222,General Community Waterton Lakes National Park 2021,598,2021-06-12 06:00:00,285761,180,Myioborus pictus,Painted Redstart,PARE,21.00,24.00,28.2,t,lite
PC,WLNP-SUM-12,65222,General Community Waterton Lakes National Park 2021,598,2021-06-12 06:00:00,285761,180,Spinus pinus,Pine Siskin,PISI,21.00,24.00,35.9,t,lite
PC,WLNP-SUM-12,65222,General Community Waterton Lakes National Park 2021,598,2021-06-12 06:00:00,285761,180,Spinus pinus,Pine Siskin,PISI,24.00,27.00,51.8,t,lite
PC,WLNP-SUM-12,65222,General Community Waterton Lakes National Park 2021,598,2021-06-12 06:00:00,285761,180,Orochelidon murina,,,24.00,27.00,27.4,f,lite
PC,WLNP-SUM-12,65222,General Community Waterton Lakes National Park 2021,598,2021-06-12 06:00:00,285761,180,Malurus leucopterus,,,48.00,51.00,27.3,f,lite
PC,WLNP-SUM-12,65222,General Community Waterton Lakes National Park 2021,598,2021-06-12 06:00:00,285761,180,Spinus pinus,Pine Siskin,PISI,54.00,57.00,28.3,t,lite
PC,WLNP-SUM-12,65222,General Community Waterton Lakes National Park 2021,598,2021-06-12 06:00:00,285761,180,Orochelidon murina,,,54.00,57.00,33.8,f,lite
PC,WLNP-SUM-12,65222,General Community Waterton Lakes National Park 2021,598,2021-06-12 06:00:00,285761,180,Orochelidon murina,,,66.00,69.00,29.0,f,lite
PC,WLNP-SUM-12,65222,General Community Waterton Lakes National Park 2021,598,2021-06-12 06:00:00,285761,180,Coturnicops noveboracensis,Yellow Rail,YERA,138.00,141.00,26.4,t,lite
PC,WLNP-SUM-127,65233,General Community Waterton Lakes National Park 2021,598,2021-06-01 02:00:00,285767,180,*NOT GENERATED/FOUND*,,,,,,f,lite
PC,WLNP-SUM-127,65233,General Community Waterton Lakes National Park 2021,598,2021-06-01 04:00:00,285677,180,*NOT GENERATED/FOUND*,,,,,,f,lite
PC,WLNP-SUM-127,65233,General Community Waterton Lakes National Park 2021,598,2021-06-03 08:00:00,285706,180,Setophaga graciae,Grace's Warbler,GRWA,21.00,24.00,27.1,t,lite
PC,WLNP-SUM-127,65233,General Community Waterton Lakes National Park 2021,598,2021-06-03 08:00:00,285706,180,Mecocerculus stictopterus,,,36.00,39.00,33.1,f,lite
PC,WLNP-SUM-127,65233,General Community Waterton Lakes National Park 2021,598,2021-06-03 08:00:00,285706,180,Spinus pinus,Pine Siskin,PISI,36.00,39.00,48.2,t,lite
PC,WLNP-SUM-127,65233,General Community Waterton Lakes National Park 2021,598,2021-06-03 08:00:00,285706,180,Mecocerculus stictopterus,,,42.00,45.00,35.8,f,lite
PC,WLNP-SUM-127,65233,General Community Waterton Lakes National Park 2021,598,2021-06-03 08:00:00,285706,180,Mecocerculus stictopterus,,,45.00,48.00,40.5,f,lite
PC,WLNP-SUM-127,65233,General Community Waterton Lakes National Park 2021,598,2021-06-03 08:00:00,285706,180,Spinus pinus,Pine Siskin,PISI,45.00,48.00,46.9,t,lite
PC,WLNP-SUM-127,65233,General Community Waterton Lakes National Park 2021,598,2021-06-03 08:00:00,285706,180,Spinus pinus,Pine Siskin,PISI,48.00,51.00,53.3,t,lite
PC,WLNP-SUM-127,65233,General Community Waterton Lakes National Park 2021,598,2021-06-03 08:00:00,285706,180,Mecocerculus stictopterus,,,48.00,51.00,39.3,f,lite
PC,WLNP-SUM-127,65233,General Community Waterton Lakes National Park 2021,598,2021-06-03 08:00:00,285706,180,Mecocerculus stictopterus,,,51.00,54.00,30.7,f,lite
PC,WLNP-SUM-127,65233,General Community Waterton Lakes National Park 2021,598,2021-06-03 08:00:00,285706,180,Spinus pinus,Pine Siskin,PISI,54.00,57.00,34.9,t,lite
PC,WLNP-SUM-127,65233,General Community Waterton Lakes National Park 2021,598,2021-06-03 08:00:00,285706,180,Spinus pinus,Pine Siskin,PISI,60.00,63.00,48.8,t,lite
PC,WLNP-SUM-127,65233,General Community Waterton Lakes National Park 2021,598,2021-06-03 08:00:00,285706,180,Contopus cooperi,Olive-sided Flycatcher,OSFL,96.00,99.00,25.3,t,lite
PC,WLNP-SUM-127,65233,General Community Waterton Lakes National Park 2021,598,2021-06-03 08:00:00,285706,180,Orochelidon murina,,,177.00,180.00,30.9,f,lite
PC,WLNP-SUM-127,65233,General Community Waterton Lakes National Park 2021,598,2021-06-03 08:00:00,285706,180,Spinus pinus,Pine Siskin,PISI,177.00,180.00,25.3,t,lite
PC,WLNP-SUM-127,65233,General Community Waterton Lakes National Park 2021,598,2021-06-04 04:40:00,285652,180,*NOT GENERATED/FOUND*,,,,,,f,lite
PC,WLNP-SUM-127,65233,General Community Waterton Lakes National Park 2021,598,2021-06-04 07:40:00,285726,180,Poecile gambeli,Mountain Chickadee,MOCH,0.00,3.00,58.9,t,lite
PC,WLNP-SUM-127,65233,General Community Waterton Lakes National Park 2021,598,2021-06-04 07:40:00,285726,180,Poecile montanus,,,0.00,3.00,41.4,f,lite
PC,WLNP-SUM-127,65233,General Community Waterton Lakes National Park 2021,598,2021-06-04 07:40:00,285726,180,Poecile gambeli,Mountain Chickadee,MOCH,9.00,12.00,29.1,t,lite
PC,WLNP-SUM-127,65233,General Community Waterton Lakes National Park 2021,598,2021-06-04 07:40:00,285726,180,Dubusia taeniata,,,9.00,12.00,34.4,f,lite
PC,WLNP-SUM-127,65233,General Community Waterton Lakes National Park 2021,598,2021-06-04 07:40:00,285726,180,Dubusia taeniata,,,12.00,15.00,27.7,f,lite
PC,WLNP-SUM-127,65233,General Community Waterton Lakes National Park 2021,598,2021-06-04 07:40:00,285726,180,Zonotrichia albicollis,White-throated Sparrow,WTSP,12.00,15.00,28.7,t,lite
PC,WLNP-SUM-127,65233,General Community Waterton Lakes National Park 2021,598,2021-06-04 07:40:00,285726,180,Poecile montanus,,,12.00,15.00,29.8,f,lite
PC,WLNP-SUM-127,65233,General Community Waterton Lakes National Park 2021,598,2021-06-04 07:40:00,285726,180,Poecile gambeli,Mountain Chickadee,MOCH,12.00,15.00,48.2,t,lite
PC,WLNP-SUM-127,65233,General Community Waterton Lakes National Park 2021,598,2021-06-04 07:40:00,285726,180,Orochelidon murina,,,21.00,24.00,29.8,f,lite
PC,WLNP-SUM-127,65233,General Community Waterton Lakes National Park 2021,598,2021-06-04 07:40:00,285726,180,Poecile gambeli,Mountain Chickadee,MOCH,45.00,48.00,36.8,t,lite
PC,WLNP-SUM-127,65233,General Community Waterton Lakes National Park 2021,598,2021-06-08 05:00:00,285651,180,Tarsiger cyanurus,Red-flanked Bluetail,RFBL,0.00,3.00,52.5,t,lite
PC,WLNP-SUM-127,65233,General Community Waterton Lakes National Park 2021,598,2021-06-08 05:00:00,285651,180,Tarsiger cyanurus,Red-flanked Bluetail,RFBL,6.00,9.00,39.3,t,lite
PC,WLNP-SUM-127,65233,General Community Waterton Lakes National Park 2021,598,2021-06-08 05:00:00,285651,180,Haemorhous purpureus,Purple Finch,PUFI,6.00,9.00,25.4,t,lite
PC,WLNP-SUM-127,65233,General Community Waterton Lakes National Park 2021,598,2021-06-08 05:00:00,285651,180,Vireo leucophrys,Brown-capped Vireo,BCAV,12.00,15.00,27.0,t,lite
PC,WLNP-SUM-127,65233,General Community Waterton Lakes National Park 2021,598,2021-06-08 05:00:00,285651,180,Tarsiger cyanurus,Red-flanked Bluetail,RFBL,12.00,15.00,34.4,t,lite
PC,WLNP-SUM-127,65233,General Community Waterton Lakes National Park 2021,598,2021-06-08 05:00:00,285651,180,Haemorhous purpureus,Purple Finch,PUFI,12.00,15.00,29.3,t,lite
PC,WLNP-SUM-127,65233,General Community Waterton Lakes National Park 2021,598,2021-06-08 05:00:00,285651,180,Haemorhous purpureus,Purple Finch,PUFI,18.00,21.00,30.3,t,lite
PC,WLNP-SUM-127,65233,General Community Waterton Lakes National Park 2021,598,2021-06-08 05:00:00,285651,180,Tarsiger cyanurus,Red-flanked Bluetail,RFBL,18.00,21.00,34.6,t,lite
PC,WLNP-SUM-127,65233,General Community Waterton Lakes National Park 2021,598,2021-06-08 05:00:00,285651,180,Tarsiger cyanurus,Red-flanked Bluetail,RFBL,24.00,27.00,50.0,t,lite
PC,WLNP-SUM-127,65233,General Community Waterton Lakes National Park 2021,598,2021-06-08 05:00:00,285651,180,Haemorhous purpureus,Purple Finch,PUFI,24.00,27.00,32.7,t,lite
PC,WLNP-SUM-127,65233,General Community Waterton Lakes National Park 2021,598,2021-06-08 05:00:00,285651,180,Empidonax oberholseri,Dusky Flycatcher,DUFL,39.00,42.00,26.3,t,lite
PC,WLNP-SUM-127,65233,General Community Waterton Lakes National Park 2021,598,2021-06-08 05:00:00,285651,180,Empidonax virescens,Acadian Flycatcher,ACFL,39.00,42.00,26.5,t,lite
PC,WLNP-SUM-127,65233,General Community Waterton Lakes National Park 2021,598,2021-06-08 05:00:00,285651,180,Haemorhous cassinii,Cassin's Finch,CAFI,42.00,45.00,36.8,t,lite
PC,WLNP-SUM-127,65233,General Community Waterton Lakes National Park 2021,598,2021-06-08 05:00:00,285651,180,Empidonax wrightii,Gray Flycatcher,GRFL,42.00,45.00,29.2,t,lite
PC,WLNP-SUM-127,65233,General Community Waterton Lakes National Park 2021,598,2021-06-17 02:20:00,285751,180,*NOT GENERATED/FOUND*,,,,,,f,lite
PC,WLNP-SUM-127,65233,General Community Waterton Lakes National Park 2021,598,2021-06-17 04:00:00,285675,180,*NOT GENERATED/FOUND*,,,,,,f,lite
PC,WLNP-SUM-15,65226,General Community Waterton Lakes National Park 2021,598,2021-06-01 05:20:00,285655,180,Colibri coruscans,,,102.00,105.00,25.2,f,lite
PC,WLNP-SUM-15,65226,General Community Waterton Lakes National Park 2021,598,2021-06-01 05:20:00,285655,180,Parkesia noveboracensis,Northern Waterthrush,NOWA,105.00,108.00,46.3,t,lite
PC,WLNP-SUM-15,65226,General Community Waterton Lakes National Park 2021,598,2021-06-01 05:20:00,285655,180,Phylloscopus borealis,Arctic Warbler,ARWA,105.00,108.00,37.5,t,lite
PC,WLNP-SUM-15,65226,General Community Waterton Lakes National Park 2021,598,2021-06-01 05:20:00,285655,180,Colibri coruscans,,,108.00,111.00,25.6,f,lite
PC,WLNP-SUM-15,65226,General Community Waterton Lakes National Park 2021,598,2021-06-01 05:20:00,285655,180,Phylloscopus borealis,Arctic Warbler,ARWA,120.00,123.00,31.3,t,lite
PC,WLNP-SUM-15,65226,General Community Waterton Lakes National Park 2021,598,2021-06-01 05:20:00,285655,180,Parkesia noveboracensis,Northern Waterthrush,NOWA,138.00,141.00,27.3,t,lite
PC,WLNP-SUM-15,65226,General Community Waterton Lakes National Park 2021,598,2021-06-01 05:20:00,285655,180,Basileuterus rufifrons,Rufous-capped Warbler,RCWA,144.00,147.00,26.0,t,lite
PC,WLNP-SUM-15,65226,General Community Waterton Lakes National Park 2021,598,2021-06-01 05:20:00,285655,180,Pseudocolaptes johnsoni,,,165.00,168.00,26.0,f,lite
PC,WLNP-SUM-15,65226,General Community Waterton Lakes National Park 2021,598,2021-06-01 07:00:00,285754,180,Incaspiza laeta,,,9.00,12.00,31.5,f,lite
PC,WLNP-SUM-15,65226,General Community Waterton Lakes National Park 2021,598,2021-06-01 07:00:00,285754,180,Zonotrichia leucophrys,White-crowned Sparrow,WCSP,15.00,18.00,31.0,t,lite
PC,WLNP-SUM-15,65226,General Community Waterton Lakes National Park 2021,598,2021-06-01 07:00:00,285754,180,Pholia sharpii,,,15.00,18.00,30.6,f,lite
PC,WLNP-SUM-15,65226,General Community Waterton Lakes National Park 2021,598,2021-06-01 07:00:00,285754,180,Megascops kennicottii,Western Screech-Owl,WESO,18.00,21.00,30.6,t,lite
PC,WLNP-SUM-15,65226,General Community Waterton Lakes National Park 2021,598,2021-06-01 07:00:00,285754,180,Incaspiza laeta,,,27.00,30.00,37.4,f,lite
PC,WLNP-SUM-15,65226,General Community Waterton Lakes National Park 2021,598,2021-06-01 07:00:00,285754,180,Antigone canadensis,Sandhill Crane,SACR,33.00,36.00,29.8,t,lite
PC,WLNP-SUM-15,65226,General Community Waterton Lakes National Park 2021,598,2021-06-01 07:00:00,285754,180,Locustella castanea,,,39.00,42.00,29.9,f,lite
PC,WLNP-SUM-15,65226,General Community Waterton Lakes National Park 2021,598,2021-06-01 07:00:00,285754,180,Zonotrichia leucophrys,White-crowned Sparrow,WCSP,42.00,45.00,29.8,t,lite
PC,WLNP-SUM-15,65226,General Community Waterton Lakes National Park 2021,598,2021-06-01 07:00:00,285754,180,Aglaiocercus coelestis,,,42.00,45.00,25.5,f,lite
PC,WLNP-SUM-15,65226,General Community Waterton Lakes National Park 2021,598,2021-06-01 07:00:00,285754,180,Cinclodes oustaleti,,,57.00,60.00,29.7,f,lite
PC,WLNP-SUM-15,65226,General Community Waterton Lakes National Park 2021,598,2021-06-01 07:00:00,285754,180,Colaptes chrysoides,Gilded Flicker,GIFL,60.00,63.00,46.6,t,lite
PC,WLNP-SUM-15,65226,General Community Waterton Lakes National Park 2021,598,2021-06-01 07:00:00,285754,180,Colaptes auratus,Northern Flicker,NOFL,60.00,63.00,78.4,t,lite
PC,WLNP-SUM-15,65226,General Community Waterton Lakes National Park 2021,598,2021-06-01 07:00:00,285754,180,Dryocopus martius,Black Woodpecker,DRYMAR,69.00,72.00,37.3,t,lite
PC,WLNP-SUM-15,65226,General Community Waterton Lakes National Park 2021,598,2021-06-01 07:00:00,285754,180,Dryocopus javensis,,,69.00,72.00,51.8,f,lite
PC,WLNP-SUM-15,65226,General Community Waterton Lakes National Park 2021,598,2021-06-01 07:00:00,285754,180,Colaptes auratus,Northern Flicker,NOFL,69.00,72.00,64.8,t,lite
PC,WLNP-SUM-15,65226,General Community Waterton Lakes National Park 2021,598,2021-06-01 07:00:00,285754,180,Colaptes chrysoides,Gilded Flicker,GIFL,72.00,75.00,34.1,t,lite
PC,WLNP-SUM-15,65226,General Community Waterton Lakes National Park 2021,598,2021-06-01 07:00:00,285754,180,Dryocopus martius,Black Woodpecker,DRYMAR,72.00,75.00,48.5,t,lite
PC,WLNP-SUM-15,65226,General Community Waterton Lakes National Park 2021,598,2021-06-01 07:00:00,285754,180,Colaptes auratus,Northern Flicker,NOFL,72.00,75.00,78.7,t,lite
PC,WLNP-SUM-15,65226,General Community Waterton Lakes National Park 2021,598,2021-06-01 07:00:00,285754,180,Dryocopus javensis,,,72.00,75.00,31.9,f,lite
PC,WLNP-SUM-15,65226,General Community Waterton Lakes National Park 2021,598,2021-06-01 07:00:00,285754,180,Colaptes auratus,Northern Flicker,NOFL,75.00,78.00,77.4,t,lite
PC,WLNP-SUM-15,65226,General Community Waterton Lakes National Park 2021,598,2021-06-01 07:00:00,285754,180,Colaptes chrysoides,Gilded Flicker,GIFL,75.00,78.00,40.8,t,lite
PC,WLNP-SUM-15,65226,General Community Waterton Lakes National Park 2021,598,2021-06-01 07:00:00,285754,180,Psittacula eupatria,,,75.00,78.00,26.0,f,lite
PC,WLNP-SUM-15,65226,General Community Waterton Lakes National Park 2021,598,2021-06-01 07:00:00,285754,180,Dryocopus martius,Black Woodpecker,DRYMAR,75.00,78.00,39.4,t,lite
PC,WLNP-SUM-15,65226,General Community Waterton Lakes National Park 2021,598,2021-06-01 07:00:00,285754,180,Antigone canadensis,Sandhill Crane,SACR,114.00,117.00,28.1,t,lite
PC,WLNP-SUM-15,65226,General Community Waterton Lakes National Park 2021,598,2021-06-01 07:00:00,285754,180,Colaptes chrysoides,Gilded Flicker,GIFL,123.00,126.00,27.9,t,lite
PC,WLNP-SUM-15,65226,General Community Waterton Lakes National Park 2021,598,2021-06-01 07:00:00,285754,180,Colaptes auratus,Northern Flicker,NOFL,123.00,126.00,45.1,t,lite
PC,WLNP-SUM-15,65226,General Community Waterton Lakes National Park 2021,598,2021-06-01 07:00:00,285754,180,Dryocopus martius,Black Woodpecker,DRYMAR,126.00,129.00,45.4,t,lite
PC,WLNP-SUM-15,65226,General Community Waterton Lakes National Park 2021,598,2021-06-01 07:00:00,285754,180,Colaptes auratus,Northern Flicker,NOFL,126.00,129.00,61.1,t,lite
PC,WLNP-SUM-15,65226,General Community Waterton Lakes National Park 2021,598,2021-06-01 07:00:00,285754,180,Colaptes chrysoides,Gilded Flicker,GIFL,126.00,129.00,33.7,t,lite
PC,WLNP-SUM-15,65226,General Community Waterton Lakes National Park 2021,598,2021-06-02 05:00:00,285715,180,Turdus migratorius,American Robin,AMRO,39.00,42.00,31.6,t,lite
PC,WLNP-SUM-15,65226,General Community Waterton Lakes National Park 2021,598,2021-06-02 05:00:00,285715,180,Turdus migratorius,American Robin,AMRO,42.00,45.00,30.7,t,lite
PC,WLNP-SUM-15,65226,General Community Waterton Lakes National Park 2021,598,2021-06-02 05:00:00,285715,180,Turdus migratorius,American Robin,AMRO,45.00,48.00,40.0,t,lite
PC,WLNP-SUM-15,65226,General Community Waterton Lakes National Park 2021,598,2021-06-02 05:00:00,285715,180,Turdus viscivorus,Mistle Thrush,MITH,48.00,51.00,28.1,t,lite
PC,WLNP-SUM-15,65226,General Community Waterton Lakes National Park 2021,598,2021-06-02 05:00:00,285715,180,Turdus migratorius,American Robin,AMRO,48.00,51.00,29.6,t,lite
PC,WLNP-SUM-15,65226,General Community Waterton Lakes National Park 2021,598,2021-06-02 05:00:00,285715,180,Turdus migratorius,American Robin,AMRO,51.00,54.00,52.2,t,lite
PC,WLNP-SUM-15,65226,General Community Waterton Lakes National Park 2021,598,2021-06-02 05:00:00,285715,180,Turdus migratorius,American Robin,AMRO,54.00,57.00,45.6,t,lite
PC,WLNP-SUM-15,65226,General Community Waterton Lakes National Park 2021,598,2021-06-02 05:00:00,285715,180,Turdus migratorius,American Robin,AMRO,57.00,60.00,53.0,t,lite
PC,WLNP-SUM-15,65226,General Community Waterton Lakes National Park 2021,598,2021-06-02 05:00:00,285715,180,Turdus amaurochalinus,,,57.00,60.00,28.4,f,lite
PC,WLNP-SUM-15,65226,General Community Waterton Lakes National Park 2021,598,2021-06-02 05:00:00,285715,180,Turdus rufitorques,Rufous-collared Robin,RCRO,57.00,60.00,26.9,t,lite
PC,WLNP-SUM-15,65226,General Community Waterton Lakes National Park 2021,598,2021-06-02 05:00:00,285715,180,Turdus migratorius,American Robin,AMRO,60.00,63.00,32.3,t,lite
PC,WLNP-SUM-15,65226,General Community Waterton Lakes National Park 2021,598,2021-06-02 05:00:00,285715,180,Turdus migratorius,American Robin,AMRO,63.00,66.00,26.2,t,lite
PC,WLNP-SUM-15,65226,General Community Waterton Lakes National Park 2021,598,2021-06-02 05:00:00,285715,180,Iridosornis porphyrocephalus,,,69.00,72.00,25.5,f,lite
PC,WLNP-SUM-15,65226,General Community Waterton Lakes National Park 2021,598,2021-06-02 05:00:00,285715,180,Turdus migratorius,American Robin,AMRO,69.00,72.00,33.7,t,lite
PC,WLNP-SUM-15,65226,General Community Waterton Lakes National Park 2021,598,2021-06-02 05:00:00,285715,180,Turdus migratorius,American Robin,AMRO,72.00,75.00,34.1,t,lite
PC,WLNP-SUM-15,65226,General Community Waterton Lakes National Park 2021,598,2021-06-02 05:00:00,285715,180,Turdus migratorius,American Robin,AMRO,78.00,81.00,35.4,t,lite
PC,WLNP-SUM-15,65226,General Community Waterton Lakes National Park 2021,598,2021-06-02 05:00:00,285715,180,Turdus migratorius,American Robin,AMRO,84.00,87.00,43.7,t,lite
PC,WLNP-SUM-15,65226,General Community Waterton Lakes National Park 2021,598,2021-06-02 05:00:00,285715,180,Turdus migratorius,American Robin,AMRO,87.00,90.00,29.5,t,lite
PC,WLNP-SUM-15,65226,General Community Waterton Lakes National Park 2021,598,2021-06-02 05:00:00,285715,180,Iridosornis porphyrocephalus,,,90.00,93.00,30.3,f,lite
PC,WLNP-SUM-15,65226,General Community Waterton Lakes National Park 2021,598,2021-06-02 05:00:00,285715,180,Turdus migratorius,American Robin,AMRO,93.00,96.00,35.1,t,lite
PC,WLNP-SUM-15,65226,General Community Waterton Lakes National Park 2021,598,2021-06-02 05:00:00,285715,180,Iridosornis porphyrocephalus,,,93.00,96.00,30.0,f,lite
PC,WLNP-SUM-15,65226,General Community Waterton Lakes National Park 2021,598,2021-06-02 05:00:00,285715,180,Turdus migratorius,American Robin,AMRO,96.00,99.00,31.9,t,lite
PC,WLNP-SUM-15,65226,General Community Waterton Lakes National Park 2021,598,2021-06-02 05:00:00,285715,180,Turdus amaurochalinus,,,99.00,102.00,35.1,f,lite
PC,WLNP-SUM-15,65226,General Community Waterton Lakes National Park 2021,598,2021-06-02 05:00:00,285715,180,Turdus migratorius,American Robin,AMRO,99.00,102.00,62.2,t,lite
PC,WLNP-SUM-15,65226,General Community Waterton Lakes National Park 2021,598,2021-06-02 05:00:00,285715,180,Iridosornis porphyrocephalus,,,102.00,105.00,28.5,f,lite
PC,WLNP-SUM-15,65226,General Community Waterton Lakes National Park 2021,598,2021-06-02 05:00:00,285715,180,Turdus migratorius,American Robin,AMRO,102.00,105.00,40.1,t,lite
PC,WLNP-SUM-15,65226,General Community Waterton Lakes National Park 2021,598,2021-06-02 05:00:00,285715,180,Turdus migratorius,American Robin,AMRO,111.00,114.00,38.0,t,lite
PC,WLNP-SUM-15,65226,General Community Waterton Lakes National Park 2021,598,2021-06-02 05:00:00,285715,180,Cyclarhis nigrirostris,,,114.00,117.00,43.1,f,lite
PC,WLNP-SUM-15,65226,General Community Waterton Lakes National Park 2021,598,2021-06-02 05:00:00,285715,180,Turdus migratorius,American Robin,AMRO,129.00,132.00,25.6,t,lite
PC,WLNP-SUM-15,65226,General Community Waterton Lakes National Park 2021,598,2021-06-02 05:00:00,285715,180,Turdus migratorius,American Robin,AMRO,135.00,138.00,27.8,t,lite
PC,WLNP-SUM-15,65226,General Community Waterton Lakes National Park 2021,598,2021-06-02 05:00:00,285715,180,Turdus migratorius,American Robin,AMRO,138.00,141.00,28.7,t,lite
PC,WLNP-SUM-15,65226,General Community Waterton Lakes National Park 2021,598,2021-06-02 05:00:00,285715,180,Turdus fuscater,,,168.00,171.00,25.9,f,lite
PC,WLNP-SUM-15,65226,General Community Waterton Lakes National Park 2021,598,2021-06-02 05:00:00,285715,180,Turdus migratorius,American Robin,AMRO,168.00,171.00,29.0,t,lite
PC,WLNP-SUM-15,65226,General Community Waterton Lakes National Park 2021,598,2021-06-03 02:20:00,285757,180,*NOT GENERATED/FOUND*,,,,,,f,lite
PC,WLNP-SUM-15,65226,General Community Waterton Lakes National Park 2021,598,2021-06-06 02:00:00,285729,180,*NOT GENERATED/FOUND*,,,,,,f,lite
PC,WLNP-SUM-15,65226,General Community Waterton Lakes National Park 2021,598,2021-06-08 05:20:00,285690,180,Emberiza cirlus,Cirl Bunting,EMBCIR,15.00,18.00,26.3,t,lite
PC,WLNP-SUM-15,65226,General Community Waterton Lakes National Park 2021,598,2021-06-08 05:20:00,285690,180,Emberiza cirlus,Cirl Bunting,EMBCIR,27.00,30.00,27.4,t,lite
PC,WLNP-SUM-15,65226,General Community Waterton Lakes National Park 2021,598,2021-06-08 05:20:00,285690,180,Asthenes wyatti,,,27.00,30.00,28.4,f,lite
PC,WLNP-SUM-15,65226,General Community Waterton Lakes National Park 2021,598,2021-06-08 05:20:00,285690,180,Spizella passerina,Chipping Sparrow,CHSP,45.00,48.00,25.4,t,lite
PC,WLNP-SUM-15,65226,General Community Waterton Lakes National Park 2021,598,2021-06-08 05:20:00,285690,180,Emberiza cirlus,Cirl Bunting,EMBCIR,66.00,69.00,25.5,t,lite
PC,WLNP-SUM-15,65226,General Community Waterton Lakes National Park 2021,598,2021-06-08 05:20:00,285690,180,Asthenes wyatti,,,72.00,75.00,25.7,f,lite
PC,WLNP-SUM-15,65226,General Community Waterton Lakes National Park 2021,598,2021-06-08 05:20:00,285690,180,Spizella passerina,Chipping Sparrow,CHSP,90.00,93.00,33.6,t,lite
PC,WLNP-SUM-15,65226,General Community Waterton Lakes National Park 2021,598,2021-06-08 05:20:00,285690,180,Spizella passerina,Chipping Sparrow,CHSP,114.00,117.00,27.4,t,lite
PC,WLNP-SUM-15,65226,General Community Waterton Lakes National Park 2021,598,2021-06-08 05:20:00,285690,180,Emberiza cirlus,Cirl Bunting,EMBCIR,114.00,117.00,25.9,t,lite
PC,WLNP-SUM-15,65226,General Community Waterton Lakes National Park 2021,598,2021-06-08 05:20:00,285690,180,Junco hyemalis,Dark-eyed Junco,DEJU,117.00,120.00,31.1,t,lite
PC,WLNP-SUM-15,65226,General Community Waterton Lakes National Park 2021,598,2021-06-08 05:20:00,285690,180,Asthenes wyatti,,,117.00,120.00,39.8,f,lite
PC,WLNP-SUM-15,65226,General Community Waterton Lakes National Park 2021,598,2021-06-08 05:20:00,285690,180,Emberiza cirlus,Cirl Bunting,EMBCIR,117.00,120.00,49.1,t,lite
PC,WLNP-SUM-15,65226,General Community Waterton Lakes National Park 2021,598,2021-06-08 05:20:00,285690,180,Spizella passerina,Chipping Sparrow,CHSP,129.00,132.00,25.5,t,lite
PC,WLNP-SUM-15,65226,General Community Waterton Lakes National Park 2021,598,2021-06-08 05:20:00,285690,180,Asthenes wyatti,,,129.00,132.00,28.6,f,lite
PC,WLNP-SUM-15,65226,General Community Waterton Lakes National Park 2021,598,2021-06-08 05:20:00,285690,180,Emberiza cirlus,Cirl Bunting,EMBCIR,132.00,135.00,33.4,t,lite
PC,WLNP-SUM-15,65226,General Community Waterton Lakes National Park 2021,598,2021-06-08 05:20:00,285690,180,Spizella passerina,Chipping Sparrow,CHSP,132.00,135.00,32.9,t,lite
PC,WLNP-SUM-15,65226,General Community Waterton Lakes National Park 2021,598,2021-06-08 05:20:00,285690,180,Asthenes wyatti,,,132.00,135.00,29.1,f,lite
PC,WLNP-SUM-15,65226,General Community Waterton Lakes National Park 2021,598,2021-06-08 05:20:00,285690,180,Asthenes wyatti,,,138.00,141.00,25.3,f,lite
PC,WLNP-SUM-15,65226,General Community Waterton Lakes National Park 2021,598,2021-06-08 05:20:00,285690,180,Emberiza cirlus,Cirl Bunting,EMBCIR,138.00,141.00,34.1,t,lite
PC,WLNP-SUM-15,65226,General Community Waterton Lakes National Park 2021,598,2021-06-08 05:20:00,285690,180,Asthenes wyatti,,,174.00,177.00,36.8,f,lite
PC,WLNP-SUM-15,65226,General Community Waterton Lakes National Park 2021,598,2021-06-08 05:20:00,285690,180,Emberiza cirlus,Cirl Bunting,EMBCIR,174.00,177.00,31.7,t,lite
PC,WLNP-SUM-15,65226,General Community Waterton Lakes National Park 2021,598,2021-06-08 23:00:00,285663,180,*NOT GENERATED/FOUND*,,,,,,f,lite
PC,WLNP-SUM-15,65226,General Community Waterton Lakes National Park 2021,598,2021-06-08 23:20:00,285676,180,*NOT GENERATED/FOUND*,,,,,,f,lite
PC,WLNP-SUM-9,88893,General Community Waterton Lakes National Park 2021,598,2021-06-05 02:40:00,285753,180,*NOT GENERATED/FOUND*,,,,,,f,lite
PC,WLNP-SUM-9,88893,General Community Waterton Lakes National Park 2021,598,2021-06-07 02:20:00,285739,180,*NOT GENERATED/FOUND*,,,,,,f,lite
PC,WLNP-SUM-9,88893,General Community Waterton Lakes National Park 2021,598,2021-06-07 04:00:00,285673,180,*NOT GENERATED/FOUND*,,,,,,f,lite
PC,WLNP-SUM-9,88893,General Community Waterton Lakes National Park 2021,598,2021-06-08 02:20:00,285682,180,*NOT GENERATED/FOUND*,,,,,,f,lite
PC,WLNP-SUM-9,88893,General Community Waterton Lakes National Park 2021,598,2021-06-08 08:20:00,285711,180,*NOT GENERATED/FOUND*,,,,,,f,lite
PC,WLNP-SUM-9,88893,General Community Waterton Lakes National Park 2021,598,2021-06-10 02:20:00,285671,180,*NOT GENERATED/FOUND*,,,,,,f,lite
PC,WLNP-SUM-9,88893,General Community Waterton Lakes National Park 2021,598,2021-06-11 02:20:00,285737,180,*NOT GENERATED/FOUND*,,,,,,f,lite
PC,WLNP-SUM-9,88893,General Community Waterton Lakes National Park 2021,598,2021-06-15 07:00:00,285664,180,Geothlypis philadelphia,Mourning Warbler,MOWA,66.00,69.00,33.6,t,lite
PC,WLNP-SUM-9,88893,General Community Waterton Lakes National Park 2021,598,2021-06-15 07:00:00,285664,180,Setophaga coronata,Yellow-rumped Warbler,YRWA,90.00,93.00,30.6,t,lite
PC,WLNP-SUM-9,88893,General Community Waterton Lakes National Park 2021,598,2021-06-15 07:00:00,285664,180,Geothlypis philadelphia,Mourning Warbler,MOWA,90.00,93.00,26.0,t,lite
PC,WLNP-SUM-9,88893,General Community Waterton Lakes National Park 2021,598,2021-06-15 07:00:00,285664,180,Passerina leclancherii,Orange-breasted Bunting,OBBU,90.00,93.00,28.3,t,lite
PC,WLNP-WP-1,88892,General Community Waterton Lakes National Park 2021,598,2021-06-05 07:20:00,285225,180,*NOT GENERATED/FOUND*,,,,,,f,lite
PC,WLNP-WP-1,88892,General Community Waterton Lakes National Park 2021,598,2021-06-05 08:20:00,285048,180,*NOT GENERATED/FOUND*,,,,,,f,lite
PC,WLNP-WP-1,88892,General Community Waterton Lakes National Park 2021,598,2021-06-06 02:40:00,285050,180,*NOT GENERATED/FOUND*,,,,,,f,lite
PC,WLNP-WP-1,88892,General Community Waterton Lakes National Park 2021,598,2021-06-06 21:40:00,325374,180,*NOT GENERATED/FOUND*,,,,,,f,lite
PC,WLNP-WP-1,88892,General Community Waterton Lakes National Park 2021,598,2021-06-08 05:40:00,285108,180,Passerella iliaca,Fox Sparrow,FOSP,0.00,3.00,35.5,t,lite
PC,WLNP-WP-1,88892,General Community Waterton Lakes National Park 2021,598,2021-06-08 05:40:00,285108,180,Emberiza hortulana,Ortolan Bunting,EMBHOR,36.00,39.00,26.8,t,lite
PC,WLNP-WP-1,88892,General Community Waterton Lakes National Park 2021,598,2021-06-08 05:40:00,285108,180,Setophaga coronata,Yellow-rumped Warbler,YRWA,36.00,39.00,39.2,t,lite
PC,WLNP-WP-1,88892,General Community Waterton Lakes National Park 2021,598,2021-06-08 05:40:00,285108,180,Monticola solitarius,Blue Rock-Thrush,BRTR2,39.00,42.00,26.6,t,lite
PC,WLNP-WP-1,88892,General Community Waterton Lakes National Park 2021,598,2021-06-08 05:40:00,285108,180,Phoenicurus phoenicurus,Common Redstart,CRET,39.00,42.00,28.6,t,lite
PC,WLNP-WP-1,88892,General Community Waterton Lakes National Park 2021,598,2021-06-08 05:40:00,285108,180,Passerella schistacea,,,39.00,42.00,33.3,f,lite
PC,WLNP-WP-1,88892,General Community Waterton Lakes National Park 2021,598,2021-06-08 05:40:00,285108,180,Setophaga coronata,Yellow-rumped Warbler,YRWA,48.00,51.00,30.9,t,lite
PC,WLNP-WP-1,88892,General Community Waterton Lakes National Park 2021,598,2021-06-08 05:40:00,285108,180,Setophaga coronata,Yellow-rumped Warbler,YRWA,57.00,60.00,38.3,t,lite
PC,WLNP-WP-1,88892,General Community Waterton Lakes National Park 2021,598,2021-06-08 05:40:00,285108,180,Passerella iliaca,Fox Sparrow,FOSP,102.00,105.00,33.9,t,lite
PC,WLNP-WP-1,88892,General Community Waterton Lakes National Park 2021,598,2021-06-08 05:40:00,285108,180,Passerella iliaca,Fox Sparrow,FOSP,135.00,138.00,25.1,t,lite
PC,WLNP-WP-1,88892,General Community Waterton Lakes National Park 2021,598,2021-06-08 05:40:00,285108,180,Setophaga coronata,Yellow-rumped Warbler,YRWA,165.00,168.00,39.3,t,lite
PC,WLNP-WP-1,88892,General Community Waterton Lakes National Park 2021,598,2021-06-08 05:40:00,285108,180,Setophaga coronata,Yellow-rumped Warbler,YRWA,168.00,171.00,34.3,t,lite
PC,WLNP-WP-1,88892,General Community Waterton Lakes National Park 2021,598,2021-06-08 05:40:00,285108,180,Setophaga coronata,Yellow-rumped Warbler,YRWA,177.00,180.00,26.7,t,lite
PC,WLNP-WP-1,88892,General Community Waterton Lakes National Park 2021,598,2021-06-08 21:00:00,325373,180,Pellorneum pyrrogenys,,,54.00,57.00,26.0,f,lite
PC,WLNP-WP-1,88892,General Community Waterton Lakes National Park 2021,598,2021-06-08 21:00:00,325373,180,Ficedula narcissina,Narcissus Flycatcher,NAFL,57.00,60.00,31.2,t,lite
PC,WLNP-WP-1,88892,General Community Waterton Lakes National Park 2021,598,2021-06-08 22:20:00,285224,180,Catharus ustulatus,Swainson's Thrush,SWTH,48.00,51.00,50.8,t,lite
PC,WLNP-WP-1,88892,General Community Waterton Lakes National Park 2021,598,2021-06-08 22:20:00,285224,180,Porzana porzana,Spotted Crake,SPCR,48.00,51.00,65.6,t,lite
PC,WLNP-WP-1,88892,General Community Waterton Lakes National Park 2021,598,2021-06-08 22:20:00,285224,180,Myiarchus tyrannulus,Brown-crested Flycatcher,BCFL,48.00,51.00,31.2,t,lite
PC,WLNP-WP-1,88892,General Community Waterton Lakes National Park 2021,598,2021-06-08 22:20:00,285224,180,Porzana porzana,Spotted Crake,SPCR,51.00,54.00,26.3,t,lite
PC,WLNP-WP-1,88892,General Community Waterton Lakes National Park 2021,598,2021-06-09 02:20:00,285165,180,*NOT GENERATED/FOUND*,,,,,,f,lite
PC,WLNP-WP-1,88892,General Community Waterton Lakes National Park 2021,598,2021-06-09 05:40:00,325371,180,Lullula arborea,Wood Lark,LULARB,39.00,42.00,26.4,t,lite
PC,WLNP-WP-1,88892,General Community Waterton Lakes National Park 2021,598,2021-06-09 05:40:00,325371,180,Lullula arborea,Wood Lark,LULARB,54.00,57.00,25.0,t,lite
PC,WLNP-WP-1,88892,General Community Waterton Lakes National Park 2021,598,2021-06-09 05:40:00,325371,180,Lullula arborea,Wood Lark,LULARB,123.00,126.00,73.8,t,lite
PC,WLNP-WP-1,88892,General Community Waterton Lakes National Park 2021,598,2021-06-09 05:40:00,325371,180,Lullula arborea,Wood Lark,LULARB,126.00,129.00,47.3,t,lite
PC,WLNP-WP-1,88892,General Community Waterton Lakes National Park 2021,598,2021-06-09 05:40:00,325371,180,Lullula arborea,Wood Lark,LULARB,135.00,138.00,26.9,t,lite
PC,WLNP-WP-1,88892,General Community Waterton Lakes National Park 2021,598,2021-06-09 05:40:00,325371,180,Lullula arborea,Wood Lark,LULARB,138.00,141.00,36.6,t,lite
PC,WLNP-WP-1,88892,General Community Waterton Lakes National Park 2021,598,2021-06-09 05:40:00,325371,180,Lullula arborea,Wood Lark,LULARB,144.00,147.00,46.7,t,lite
PC,WLNP-WP-1,88892,General Community Waterton Lakes National Park 2021,598,2021-06-09 05:40:00,325371,180,Lullula arborea,Wood Lark,LULARB,153.00,156.00,31.6,t,lite
PC,WLNP-WP-1,88892,General Community Waterton Lakes National Park 2021,598,2021-06-09 05:40:00,325371,180,Lullula arborea,Wood Lark,LULARB,159.00,162.00,58.7,t,lite
PC,WLNP-WP-1,88892,General Community Waterton Lakes National Park 2021,598,2021-06-09 05:40:00,325371,180,Myiagra galeata,,,159.00,162.00,25.4,f,lite
PC,WLNP-WP-1,88892,General Community Waterton Lakes National Park 2021,598,2021-06-09 05:40:00,325371,180,Sitta whiteheadi,Corsican Nuthatch,SITWHI,165.00,168.00,26.7,t,lite
PC,WLNP-WP-1,88892,General Community Waterton Lakes National Park 2021,598,2021-06-09 05:40:00,325371,180,Lullula arborea,Wood Lark,LULARB,168.00,171.00,53.7,t,lite
PC,WLNP-WP-1,88892,General Community Waterton Lakes National Park 2021,598,2021-06-09 05:40:00,325371,180,Lullula arborea,Wood Lark,LULARB,177.00,180.00,52.4,t,lite
PC,WLNP-WP-1,88892,General Community Waterton Lakes National Park 2021,598,2021-06-09 08:00:00,285040,180,*NOT GENERATED/FOUND*,,,,,,f,lite
PC,WLNP-WP-1,88892,General Community Waterton Lakes National Park 2021,598,2021-06-12 06:00:00,325376,180,*NOT GENERATED/FOUND*,,,,,,f,lite
PC,WLNP-WP-1,88892,General Community Waterton Lakes National Park 2021,598,2021-06-12 07:00:00,285021,180,Sicalis auriventris,,,78.00,81.00,31.8,f,lite
PC,WLNP-WP-1,88892,General Community Waterton Lakes National Park 2021,598,2021-06-12 07:00:00,285021,180,Malurus leucopterus,,,78.00,81.00,27.4,f,lite
PC,WLNP-WP-1,88892,General Community Waterton Lakes National Park 2021,598,2021-06-13 02:40:00,325375,180,*NOT GENERATED/FOUND*,,,,,,f,lite
PC,WLNP-WP-1,88892,General Community Waterton Lakes National Park 2021,598,2021-06-14 06:40:00,325370,180,Passerella schistacea,,,3.00,6.00,27.1,f,lite
PC,WLNP-WP-1,88892,General Community Waterton Lakes National Park 2021,598,2021-06-14 06:40:00,325370,180,Passerella iliaca,Fox Sparrow,FOSP,9.00,12.00,28.8,t,lite
PC,WLNP-WP-1,88892,General Community Waterton Lakes National Park 2021,598,2021-06-14 06:40:00,325370,180,Passerella iliaca,Fox Sparrow,FOSP,15.00,18.00,25.8,t,lite
PC,WLNP-WP-1,88892,General Community Waterton Lakes National Park 2021,598,2021-06-14 06:40:00,325370,180,Passerella schistacea,,,15.00,18.00,40.0,f,lite
PC,WLNP-WP-1,88892,General Community Waterton Lakes National Park 2021,598,2021-06-14 06:40:00,325370,180,Machlolophus holsti,,,21.00,24.00,26.7,f,lite
PC,WLNP-WP-1,88892,General Community Waterton Lakes National Park 2021,598,2021-06-14 06:40:00,325370,180,Passerella iliaca,Fox Sparrow,FOSP,36.00,39.00,32.8,t,lite
PC,WLNP-WP-1,88892,General Community Waterton Lakes National Park 2021,598,2021-06-14 06:40:00,325370,180,Sicalis auriventris,,,75.00,78.00,34.1,f,lite
PC,WLNP-WP-1,88892,General Community Waterton Lakes National Park 2021,598,2021-06-14 06:40:00,325370,180,Setophaga coronata,Yellow-rumped Warbler,YRWA,87.00,90.00,32.8,t,lite
PC,WLNP-WP-1,88892,General Community Waterton Lakes National Park 2021,598,2021-06-14 06:40:00,325370,180,Setophaga coronata,Yellow-rumped Warbler,YRWA,96.00,99.00,27.2,t,lite
PC,WLNP-WP-1,88892,General Community Waterton Lakes National Park 2021,598,2021-06-14 06:40:00,325370,180,Setophaga coronata,Yellow-rumped Warbler,YRWA,99.00,102.00,31.5,t,lite
PC,WLNP-WP-1,88892,General Community Waterton Lakes National Park 2021,598,2021-06-14 06:40:00,325370,180,Prinia hodgsonii,,,108.00,111.00,34.3,f,lite
PC,WLNP-WP-1,88892,General Community Waterton Lakes National Park 2021,598,2021-06-14 06:40:00,325370,180,Myioborus miniatus,Slate-throated Redstart,STRE,117.00,120.00,30.0,t,lite
PC,WLNP-WP-1,88892,General Community Waterton Lakes National Park 2021,598,2021-06-14 06:40:00,325370,180,Emberiza hortulana,Ortolan Bunting,EMBHOR,120.00,123.00,27.4,t,lite
PC,WLNP-WP-1,88892,General Community Waterton Lakes National Park 2021,598,2021-06-14 06:40:00,325370,180,Setophaga coronata,Yellow-rumped Warbler,YRWA,120.00,123.00,42.6,t,lite
PC,WLNP-WP-1,88892,General Community Waterton Lakes National Park 2021,598,2021-06-14 06:40:00,325370,180,Emberiza hortulana,Ortolan Bunting,EMBHOR,126.00,129.00,25.4,t,lite
PC,WLNP-WP-1,88892,General Community Waterton Lakes National Park 2021,598,2021-06-14 06:40:00,325370,180,Setophaga coronata,Yellow-rumped Warbler,YRWA,126.00,129.00,37.0,t,lite
PC,WLNP-WP-1,88892,General Community Waterton Lakes National Park 2021,598,2021-06-14 06:40:00,325370,180,Setophaga auduboni,,,129.00,132.00,28.0,f,lite
PC,WLNP-WP-1,88892,General Community Waterton Lakes National Park 2021,598,2021-06-14 06:40:00,325370,180,Myioborus miniatus,Slate-throated Redstart,STRE,129.00,132.00,26.5,t,lite
PC,WLNP-WP-1,88892,General Community Waterton Lakes National Park 2021,598,2021-06-14 06:40:00,325370,180,Setophaga coronata,Yellow-rumped Warbler,YRWA,129.00,132.00,42.5,t,lite
PC,WLNP-WP-1,88892,General Community Waterton Lakes National Park 2021,598,2021-06-14 06:40:00,325370,180,Setophaga coronata,Yellow-rumped Warbler,YRWA,138.00,141.00,27.0,t,lite
PC,WLNP-WP-1,88892,General Community Waterton Lakes National Park 2021,598,2021-06-14 06:40:00,325370,180,Setophaga coronata,Yellow-rumped Warbler,YRWA,147.00,150.00,34.1,t,lite
PC,WLNP-WP-1,88892,General Community Waterton Lakes National Park 2021,598,2021-06-14 06:40:00,325370,180,Setophaga coronata,Yellow-rumped Warbler,YRWA,156.00,159.00,42.5,t,lite
PC,WLNP-WP-1,88892,General Community Waterton Lakes National Park 2021,598,2021-06-16 05:40:00,325372,180,*NOT GENERATED/FOUND*,,,,,,f,lite
PC,WLNP-WP-10,88894,General Community Waterton Lakes National Park 2021,598,2021-06-17 05:20:00,325378,180,*NOT GENERATED/FOUND*,,,,,,f,lite
PC,WLNP-WP-10,88894,General Community Waterton Lakes National Park 2021,598,2021-06-17 20:40:00,325380,180,*NOT GENERATED/FOUND*,,,,,,f,lite
PC,WLNP-WP-10,88894,General Community Waterton Lakes National Park 2021,598,2021-06-18 08:00:00,285015,180,Brachypodius urostictus,,,156.00,159.00,26.7,f,lite
PC,WLNP-WP-10,88894,General Community Waterton Lakes National Park 2021,598,2021-06-18 08:00:00,285015,180,Contopus cooperi,Olive-sided Flycatcher,OSFL,156.00,159.00,27.3,t,lite
PC,WLNP-WP-10,88894,General Community Waterton Lakes National Park 2021,598,2021-06-18 21:00:00,325377,180,*NOT GENERATED/FOUND*,,,,,,f,lite
PC,WLNP-WP-10,88894,General Community Waterton Lakes National Park 2021,598,2021-06-19 05:00:00,325382,180,Spizella passerina,Chipping Sparrow,CHSP,171.00,174.00,26.9,t,lite
PC,WLNP-WP-10,88894,General Community Waterton Lakes National Park 2021,598,2021-06-19 23:40:00,325384,180,*NOT GENERATED/FOUND*,,,,,,f,lite
PC,WLNP-WP-10,88894,General Community Waterton Lakes National Park 2021,598,2021-06-20 06:40:00,325381,180,*NOT GENERATED/FOUND*,,,,,,f,lite
PC,WLNP-WP-10,88894,General Community Waterton Lakes National Park 2021,598,2021-06-22 05:00:00,325379,180,*NOT GENERATED/FOUND*,,,,,,f,lite
PC,WLNP-WP-10,88894,General Community Waterton Lakes National Park 2021,598,2021-06-22 06:00:00,285235,180,*NOT GENERATED/FOUND*,,,,,,f,lite
PC,WLNP-WP-10,88894,General Community Waterton Lakes National Park 2021,598,2021-06-22 07:20:00,285161,180,*NOT GENERATED/FOUND*,,,,,,f,lite
PC,WLNP-WP-10,88894,General Community Waterton Lakes National Park 2021,598,2021-06-23 05:20:00,285114,180,*NOT GENERATED/FOUND*,,,,,,f,lite
PC,WLNP-WP-10,88894,General Community Waterton Lakes National Park 2021,598,2021-06-24 06:40:00,285105,180,*NOT GENERATED/FOUND*,,,,,,f,lite
PC,WLNP-WP-10,88894,General Community Waterton Lakes National Park 2021,598,2021-06-25 05:20:00,285060,180,*NOT GENERATED/FOUND*,,,,,,f,lite
PC,WLNP-WP-10,88894,General Community Waterton Lakes National Park 2021,598,2021-06-26 07:00:00,285004,180,*NOT GENERATED/FOUND*,,,,,,f,lite
PC,WLNP-WP-10,88894,General Community Waterton Lakes National Park 2021,598,2021-06-29 02:40:00,285177,180,*NOT GENERATED/FOUND*,,,,,,f,lite
PC,WLNP-WP-11,88890,General Community Waterton Lakes National Park 2021,598,2021-06-17 07:40:00,285245,180,*NOT GENERATED/FOUND*,,,,,,f,lite
PC,WLNP-WP-11,88890,General Community Waterton Lakes National Park 2021,598,2021-06-22 04:00:00,285140,180,*NOT GENERATED/FOUND*,,,,,,f,lite
PC,WLNP-WP-11,88890,General Community Waterton Lakes National Park 2021,598,2021-06-24 07:20:00,285188,180,Helmitheros vermivorum,Worm-eating Warbler,WEWA,39.00,42.00,27.6,t,lite
PC,WLNP-WP-11,88890,General Community Waterton Lakes National Park 2021,598,2021-06-24 07:20:00,285188,180,Diglossa albilatera,,,39.00,42.00,26.7,f,lite
PC,WLNP-WP-11,88890,General Community Waterton Lakes National Park 2021,598,2021-06-24 23:20:00,285083,180,*NOT GENERATED/FOUND*,,,,,,f,lite
PC,WLNP-WP-11,88890,General Community Waterton Lakes National Park 2021,598,2021-06-25 04:00:00,285162,180,*NOT GENERATED/FOUND*,,,,,,f,lite
PC,WLNP-WP-11,88890,General Community Waterton Lakes National Park 2021,598,2021-06-28 05:20:00,285023,180,Spizella passerina,Chipping Sparrow,CHSP,3.00,6.00,40.7,t,lite
PC,WLNP-WP-11,88890,General Community Waterton Lakes National Park 2021,598,2021-06-28 05:20:00,285023,180,Phylloscopus emeiensis,,,9.00,12.00,25.7,f,lite
PC,WLNP-WP-11,88890,General Community Waterton Lakes National Park 2021,598,2021-06-28 05:20:00,285023,180,Spizella passerina,Chipping Sparrow,CHSP,9.00,12.00,34.0,t,lite
PC,WLNP-WP-11,88890,General Community Waterton Lakes National Park 2021,598,2021-06-28 05:20:00,285023,180,Spizella passerina,Chipping Sparrow,CHSP,15.00,18.00,25.0,t,lite
PC,WLNP-WP-11,88890,General Community Waterton Lakes National Park 2021,598,2021-06-28 05:20:00,285023,180,Phylloscopus trochiloides,Greenish Warbler,PHYTRO,18.00,21.00,31.8,t,lite
PC,WLNP-WP-11,88890,General Community Waterton Lakes National Park 2021,598,2021-06-28 05:20:00,285023,180,Spizella passerina,Chipping Sparrow,CHSP,21.00,24.00,46.5,t,lite
PC,WLNP-WP-11,88890,General Community Waterton Lakes National Park 2021,598,2021-06-28 05:20:00,285023,180,Prinia hodgsonii,,,21.00,24.00,30.4,f,lite
PC,WLNP-WP-11,88890,General Community Waterton Lakes National Park 2021,598,2021-06-28 05:20:00,285023,180,Spizella passerina,Chipping Sparrow,CHSP,24.00,27.00,62.0,t,lite
PC,WLNP-WP-11,88890,General Community Waterton Lakes National Park 2021,598,2021-06-28 05:20:00,285023,180,Spizella passerina,Chipping Sparrow,CHSP,27.00,30.00,56.5,t,lite
PC,WLNP-WP-11,88890,General Community Waterton Lakes National Park 2021,598,2021-06-28 05:20:00,285023,180,Spizella passerina,Chipping Sparrow,CHSP,30.00,33.00,67.3,t,lite
PC,WLNP-WP-11,88890,General Community Waterton Lakes National Park 2021,598,2021-06-28 05:20:00,285023,180,Spizella passerina,Chipping Sparrow,CHSP,33.00,36.00,50.9,t,lite
PC,WLNP-WP-11,88890,General Community Waterton Lakes National Park 2021,598,2021-06-28 05:20:00,285023,180,Spizella passerina,Chipping Sparrow,CHSP,36.00,39.00,67.6,t,lite
PC,WLNP-WP-11,88890,General Community Waterton Lakes National Park 2021,598,2021-06-28 05:20:00,285023,180,Phylloscopus emeiensis,,,39.00,42.00,27.4,f,lite
PC,WLNP-WP-11,88890,General Community Waterton Lakes National Park 2021,598,2021-06-28 05:20:00,285023,180,Spizella passerina,Chipping Sparrow,CHSP,39.00,42.00,74.2,t,lite
PC,WLNP-WP-11,88890,General Community Waterton Lakes National Park 2021,598,2021-06-28 05:20:00,285023,180,Spizella passerina,Chipping Sparrow,CHSP,42.00,45.00,80.6,t,lite
PC,WLNP-WP-11,88890,General Community Waterton Lakes National Park 2021,598,2021-06-28 05:20:00,285023,180,Phylloscopus emeiensis,,,42.00,45.00,33.3,f,lite
PC,WLNP-WP-11,88890,General Community Waterton Lakes National Park 2021,598,2021-06-28 05:20:00,285023,180,Phylloscopus pulcher,,,45.00,48.00,26.9,f,lite
PC,WLNP-WP-11,88890,General Community Waterton Lakes National Park 2021,598,2021-06-28 05:20:00,285023,180,Spizella passerina,Chipping Sparrow,CHSP,45.00,48.00,36.8,t,lite
PC,WLNP-WP-11,88890,General Community Waterton Lakes National Park 2021,598,2021-06-28 05:20:00,285023,180,Phylloscopus emeiensis,,,51.00,54.00,27.3,f,lite
PC,WLNP-WP-11,88890,General Community Waterton Lakes National Park 2021,598,2021-06-28 05:20:00,285023,180,Spizella passerina,Chipping Sparrow,CHSP,51.00,54.00,50.1,t,lite
PC,WLNP-WP-11,88890,General Community Waterton Lakes National Park 2021,598,2021-06-28 05:20:00,285023,180,Phylloscopus emeiensis,,,54.00,57.00,30.6,f,lite
PC,WLNP-WP-11,88890,General Community Waterton Lakes National Park 2021,598,2021-06-28 05:20:00,285023,180,Prinia hodgsonii,,,54.00,57.00,28.9,f,lite
PC,WLNP-WP-11,88890,General Community Waterton Lakes National Park 2021,598,2021-06-28 05:20:00,285023,180,Spizella passerina,Chipping Sparrow,CHSP,54.00,57.00,53.6,t,lite
PC,WLNP-WP-11,88890,General Community Waterton Lakes National Park 2021,598,2021-06-28 05:20:00,285023,180,Prinia hodgsonii,,,57.00,60.00,31.5,f,lite
PC,WLNP-WP-11,88890,General Community Waterton Lakes National Park 2021,598,2021-06-28 05:20:00,285023,180,Spizella passerina,Chipping Sparrow,CHSP,57.00,60.00,45.9,t,lite
PC,WLNP-WP-11,88890,General Community Waterton Lakes National Park 2021,598,2021-06-28 05:20:00,285023,180,Spizella passerina,Chipping Sparrow,CHSP,60.00,63.00,44.3,t,lite
PC,WLNP-WP-11,88890,General Community Waterton Lakes National Park 2021,598,2021-06-28 05:20:00,285023,180,Spizella passerina,Chipping Sparrow,CHSP,63.00,66.00,26.1,t,lite
PC,WLNP-WP-11,88890,General Community Waterton Lakes National Park 2021,598,2021-06-28 05:20:00,285023,180,Setophaga auduboni,,,114.00,117.00,27.2,f,lite
PC,WLNP-WP-11,88890,General Community Waterton Lakes National Park 2021,598,2021-06-28 05:20:00,285023,180,Setophaga auduboni,,,132.00,135.00,31.8,f,lite
PC,WLNP-WP-11,88890,General Community Waterton Lakes National Park 2021,598,2021-06-29 02:20:00,285088,180,*NOT GENERATED/FOUND*,,,,,,f,lite
PC,WLNP-WP-11,88890,General Community Waterton Lakes National Park 2021,598,2021-07-01 02:20:00,285243,180,*NOT GENERATED/FOUND*,,,,,,f,lite
PC,WLNP-WP-12,88889,General Community Waterton Lakes National Park 2021,598,2021-06-17 23:00:00,285036,180,*NOT GENERATED/FOUND*,,,,,,f,lite
PC,WLNP-WP-12,88889,General Community Waterton Lakes National Park 2021,598,2021-06-18 07:00:00,285089,180,Newtonia amphichroa,,,30.00,33.00,38.0,f,lite
PC,WLNP-WP-12,88889,General Community Waterton Lakes National Park 2021,598,2021-06-18 07:00:00,285089,180,Regulus calendula,,,30.00,33.00,31.2,f,lite
PC,WLNP-WP-12,88889,General Community Waterton Lakes National Park 2021,598,2021-06-18 07:00:00,285089,180,Setophaga auduboni,,,33.00,36.00,33.4,f,lite
PC,WLNP-WP-12,88889,General Community Waterton Lakes National Park 2021,598,2021-06-18 07:00:00,285089,180,Myioborus pictus,Painted Redstart,PARE,33.00,36.00,28.0,t,lite
PC,WLNP-WP-12,88889,General Community Waterton Lakes National Park 2021,598,2021-06-18 07:00:00,285089,180,Zoothera aurea,White's Thrush,WHTH,66.00,69.00,28.1,t,lite
PC,WLNP-WP-12,88889,General Community Waterton Lakes National Park 2021,598,2021-06-18 07:00:00,285089,180,Spinus pinus,Pine Siskin,PISI,78.00,81.00,57.8,t,lite
PC,WLNP-WP-12,88889,General Community Waterton Lakes National Park 2021,598,2021-06-18 07:00:00,285089,180,Spinus pinus,Pine Siskin,PISI,81.00,84.00,51.9,t,lite
PC,WLNP-WP-12,88889,General Community Waterton Lakes National Park 2021,598,2021-06-18 07:00:00,285089,180,Spinus magellanicus,,,81.00,84.00,39.2,f,lite
PC,WLNP-WP-12,88889,General Community Waterton Lakes National Park 2021,598,2021-06-18 07:00:00,285089,180,Estrilda astrild,Common Waxbill,COMW,81.00,84.00,26.0,t,lite
PC,WLNP-WP-12,88889,General Community Waterton Lakes National Park 2021,598,2021-06-18 07:00:00,285089,180,Cissopis leverianus,,,84.00,87.00,30.8,f,lite
PC,WLNP-WP-12,88889,General Community Waterton Lakes National Park 2021,598,2021-06-18 07:00:00,285089,180,Spinus pinus,Pine Siskin,PISI,84.00,87.00,57.9,t,lite
PC,WLNP-WP-12,88889,General Community Waterton Lakes National Park 2021,598,2021-06-18 07:00:00,285089,180,Spinus pinus,Pine Siskin,PISI,87.00,90.00,31.3,t,lite
PC,WLNP-WP-12,88889,General Community Waterton Lakes National Park 2021,598,2021-06-18 07:00:00,285089,180,Setophaga auduboni,,,90.00,93.00,27.5,f,lite
PC,WLNP-WP-12,88889,General Community Waterton Lakes National Park 2021,598,2021-06-18 07:00:00,285089,180,Macrosphenus concolor,,,96.00,99.00,30.4,f,lite
PC,WLNP-WP-12,88889,General Community Waterton Lakes National Park 2021,598,2021-06-18 07:00:00,285089,180,Rubigula erythropthalmos,,,96.00,99.00,31.1,f,lite
PC,WLNP-WP-12,88889,General Community Waterton Lakes National Park 2021,598,2021-06-18 07:00:00,285089,180,Regulus calendula,,,135.00,138.00,31.6,f,lite
PC,WLNP-WP-12,88889,General Community Waterton Lakes National Park 2021,598,2021-06-18 07:00:00,285089,180,Phylloscopus tenellipes,,,147.00,150.00,43.7,f,lite
PC,WLNP-WP-12,88889,General Community Waterton Lakes National Park 2021,598,2021-06-18 07:00:00,285089,180,Phyllergates cucullatus,,,153.00,156.00,25.6,f,lite
PC,WLNP-WP-12,88889,General Community Waterton Lakes National Park 2021,598,2021-06-18 23:20:00,285234,180,*NOT GENERATED/FOUND*,,,,,,f,lite
PC,WLNP-WP-12,88889,General Community Waterton Lakes National Park 2021,598,2021-06-19 04:40:00,285070,180,Catharus ustulatus,Swainson's Thrush,SWTH,18.00,21.00,69.0,t,lite
PC,WLNP-WP-12,88889,General Community Waterton Lakes National Park 2021,598,2021-06-19 04:40:00,285070,180,Myiarchus tyrannulus,Brown-crested Flycatcher,BCFL,18.00,21.00,36.3,t,lite
PC,WLNP-WP-12,88889,General Community Waterton Lakes National Park 2021,598,2021-06-19 04:40:00,285070,180,Catharus ustulatus,Swainson's Thrush,SWTH,21.00,24.00,63.2,t,lite
PC,WLNP-WP-12,88889,General Community Waterton Lakes National Park 2021,598,2021-06-19 04:40:00,285070,180,Myiarchus tyrannulus,Brown-crested Flycatcher,BCFL,21.00,24.00,26.0,t,lite
PC,WLNP-WP-12,88889,General Community Waterton Lakes National Park 2021,598,2021-06-19 04:40:00,285070,180,Irena cyanogastra,,,21.00,24.00,28.9,f,lite
PC,WLNP-WP-12,88889,General Community Waterton Lakes National Park 2021,598,2021-06-19 04:40:00,285070,180,Catharus ustulatus,Swainson's Thrush,SWTH,24.00,27.00,62.4,t,lite
PC,WLNP-WP-12,88889,General Community Waterton Lakes National Park 2021,598,2021-06-19 04:40:00,285070,180,Myiarchus tyrannulus,Brown-crested Flycatcher,BCFL,24.00,27.00,52.0,t,lite
PC,WLNP-WP-12,88889,General Community Waterton Lakes National Park 2021,598,2021-06-19 04:40:00,285070,180,Catharus ustulatus,Swainson's Thrush,SWTH,33.00,36.00,34.1,t,lite
PC,WLNP-WP-12,88889,General Community Waterton Lakes National Park 2021,598,2021-06-19 04:40:00,285070,180,Catharus ustulatus,Swainson's Thrush,SWTH,36.00,39.00,48.4,t,lite
PC,WLNP-WP-12,88889,General Community Waterton Lakes National Park 2021,598,2021-06-19 04:40:00,285070,180,Catharus ustulatus,Swainson's Thrush,SWTH,39.00,42.00,49.4,t,lite
PC,WLNP-WP-12,88889,General Community Waterton Lakes National Park 2021,598,2021-06-19 04:40:00,285070,180,Catharus ustulatus,Swainson's Thrush,SWTH,42.00,45.00,29.5,t,lite
PC,WLNP-WP-12,88889,General Community Waterton Lakes National Park 2021,598,2021-06-19 04:40:00,285070,180,Henicorhina leucophrys,Gray-breasted Wood-Wren,GBWW,45.00,48.00,27.9,t,lite
PC,WLNP-WP-12,88889,General Community Waterton Lakes National Park 2021,598,2021-06-19 04:40:00,285070,180,Catharus ustulatus,Swainson's Thrush,SWTH,45.00,48.00,49.2,t,lite
PC,WLNP-WP-12,88889,General Community Waterton Lakes National Park 2021,598,2021-06-19 04:40:00,285070,180,Catharus ustulatus,Swainson's Thrush,SWTH,48.00,51.00,41.3,t,lite
PC,WLNP-WP-12,88889,General Community Waterton Lakes National Park 2021,598,2021-06-19 04:40:00,285070,180,Catharus ustulatus,Swainson's Thrush,SWTH,51.00,54.00,27.4,t,lite
PC,WLNP-WP-12,88889,General Community Waterton Lakes National Park 2021,598,2021-06-19 04:40:00,285070,180,Catharus ustulatus,Swainson's Thrush,SWTH,57.00,60.00,41.8,t,lite
PC,WLNP-WP-12,88889,General Community Waterton Lakes National Park 2021,598,2021-06-19 04:40:00,285070,180,Catharus ustulatus,Swainson's Thrush,SWTH,63.00,66.00,45.4,t,lite
PC,WLNP-WP-12,88889,General Community Waterton Lakes National Park 2021,598,2021-06-19 04:40:00,285070,180,Catharus ustulatus,Swainson's Thrush,SWTH,66.00,69.00,64.2,t,lite
PC,WLNP-WP-12,88889,General Community Waterton Lakes National Park 2021,598,2021-06-19 04:40:00,285070,180,Catharus ustulatus,Swainson's Thrush,SWTH,69.00,72.00,62.8,t,lite
PC,WLNP-WP-12,88889,General Community Waterton Lakes National Park 2021,598,2021-06-19 04:40:00,285070,180,Catharus ustulatus,Swainson's Thrush,SWTH,72.00,75.00,57.9,t,lite
PC,WLNP-WP-12,88889,General Community Waterton Lakes National Park 2021,598,2021-06-19 04:40:00,285070,180,Catharus ustulatus,Swainson's Thrush,SWTH,78.00,81.00,29.4,t,lite
PC,WLNP-WP-12,88889,General Community Waterton Lakes National Park 2021,598,2021-06-19 04:40:00,285070,180,Catharus ustulatus,Swainson's Thrush,SWTH,81.00,84.00,27.4,t,lite
PC,WLNP-WP-12,88889,General Community Waterton Lakes National Park 2021,598,2021-06-19 04:40:00,285070,180,Catharus ustulatus,Swainson's Thrush,SWTH,84.00,87.00,75.6,t,lite
PC,WLNP-WP-12,88889,General Community Waterton Lakes National Park 2021,598,2021-06-19 04:40:00,285070,180,Catharus ustulatus,Swainson's Thrush,SWTH,87.00,90.00,64.0,t,lite
PC,WLNP-WP-12,88889,General Community Waterton Lakes National Park 2021,598,2021-06-19 04:40:00,285070,180,Catharus ustulatus,Swainson's Thrush,SWTH,90.00,93.00,84.2,t,lite
PC,WLNP-WP-12,88889,General Community Waterton Lakes National Park 2021,598,2021-06-19 04:40:00,285070,180,Catharus ustulatus,Swainson's Thrush,SWTH,96.00,99.00,63.9,t,lite
PC,WLNP-WP-12,88889,General Community Waterton Lakes National Park 2021,598,2021-06-19 04:40:00,285070,180,Catharus ustulatus,Swainson's Thrush,SWTH,99.00,102.00,76.9,t,lite
PC,WLNP-WP-12,88889,General Community Waterton Lakes National Park 2021,598,2021-06-19 04:40:00,285070,180,Cossypha caffra,,,102.00,105.00,27.8,f,lite
PC,WLNP-WP-12,88889,General Community Waterton Lakes National Park 2021,598,2021-06-19 04:40:00,285070,180,Catharus ustulatus,Swainson's Thrush,SWTH,102.00,105.00,78.0,t,lite
PC,WLNP-WP-12,88889,General Community Waterton Lakes National Park 2021,598,2021-06-19 04:40:00,285070,180,Catharus ustulatus,Swainson's Thrush,SWTH,105.00,108.00,37.3,t,lite
PC,WLNP-WP-12,88889,General Community Waterton Lakes National Park 2021,598,2021-06-19 04:40:00,285070,180,Catharus ustulatus,Swainson's Thrush,SWTH,108.00,111.00,43.1,t,lite
PC,WLNP-WP-12,88889,General Community Waterton Lakes National Park 2021,598,2021-06-19 04:40:00,285070,180,Horornis seebohmi,,,111.00,114.00,25.3,f,lite
PC,WLNP-WP-12,88889,General Community Waterton Lakes National Park 2021,598,2021-06-19 04:40:00,285070,180,Catharus ustulatus,Swainson's Thrush,SWTH,111.00,114.00,86.0,t,lite
PC,WLNP-WP-12,88889,General Community Waterton Lakes National Park 2021,598,2021-06-19 04:40:00,285070,180,Catharus ustulatus,Swainson's Thrush,SWTH,114.00,117.00,48.1,t,lite
PC,WLNP-WP-12,88889,General Community Waterton Lakes National Park 2021,598,2021-06-19 04:40:00,285070,180,Catharus ustulatus,Swainson's Thrush,SWTH,117.00,120.00,37.1,t,lite
PC,WLNP-WP-12,88889,General Community Waterton Lakes National Park 2021,598,2021-06-19 04:40:00,285070,180,Catharus ustulatus,Swainson's Thrush,SWTH,120.00,123.00,47.2,t,lite
PC,WLNP-WP-12,88889,General Community Waterton Lakes National Park 2021,598,2021-06-19 04:40:00,285070,180,Catharus ustulatus,Swainson's Thrush,SWTH,123.00,126.00,76.4,t,lite
PC,WLNP-WP-12,88889,General Community Waterton Lakes National Park 2021,598,2021-06-19 04:40:00,285070,180,Catharus ustulatus,Swainson's Thrush,SWTH,129.00,132.00,72.3,t,lite
PC,WLNP-WP-12,88889,General Community Waterton Lakes National Park 2021,598,2021-06-19 04:40:00,285070,180,Catharus ustulatus,Swainson's Thrush,SWTH,132.00,135.00,77.7,t,lite
PC,WLNP-WP-12,88889,General Community Waterton Lakes National Park 2021,598,2021-06-19 04:40:00,285070,180,Catharus ustulatus,Swainson's Thrush,SWTH,135.00,138.00,40.4,t,lite
PC,WLNP-WP-12,88889,General Community Waterton Lakes National Park 2021,598,2021-06-19 04:40:00,285070,180,Catharus ustulatus,Swainson's Thrush,SWTH,138.00,141.00,81.7,t,lite
PC,WLNP-WP-12,88889,General Community Waterton Lakes National Park 2021,598,2021-06-19 04:40:00,285070,180,Catharus mexicanus,Black-headed Nightingale-Thrush,BHNT,138.00,141.00,27.9,t,lite
PC,WLNP-WP-12,88889,General Community Waterton Lakes National Park 2021,598,2021-06-19 04:40:00,285070,180,Catharus ustulatus,Swainson's Thrush,SWTH,141.00,144.00,71.8,t,lite
PC,WLNP-WP-12,88889,General Community Waterton Lakes National Park 2021,598,2021-06-19 04:40:00,285070,180,Catharus ustulatus,Swainson's Thrush,SWTH,144.00,147.00,68.1,t,lite
PC,WLNP-WP-12,88889,General Community Waterton Lakes National Park 2021,598,2021-06-19 04:40:00,285070,180,Catharus ustulatus,Swainson's Thrush,SWTH,147.00,150.00,37.1,t,lite
PC,WLNP-WP-12,88889,General Community Waterton Lakes National Park 2021,598,2021-06-19 04:40:00,285070,180,Catharus ustulatus,Swainson's Thrush,SWTH,150.00,153.00,58.4,t,lite
PC,WLNP-WP-12,88889,General Community Waterton Lakes National Park 2021,598,2021-06-19 04:40:00,285070,180,Catharus ustulatus,Swainson's Thrush,SWTH,153.00,156.00,72.2,t,lite
PC,WLNP-WP-12,88889,General Community Waterton Lakes National Park 2021,598,2021-06-19 04:40:00,285070,180,Henicorhina leucophrys,Gray-breasted Wood-Wren,GBWW,159.00,162.00,25.1,t,lite
PC,WLNP-WP-12,88889,General Community Waterton Lakes National Park 2021,598,2021-06-19 04:40:00,285070,180,Catharus ustulatus,Swainson's Thrush,SWTH,159.00,162.00,40.0,t,lite
PC,WLNP-WP-12,88889,General Community Waterton Lakes National Park 2021,598,2021-06-19 04:40:00,285070,180,Catharus ustulatus,Swainson's Thrush,SWTH,162.00,165.00,73.6,t,lite
PC,WLNP-WP-12,88889,General Community Waterton Lakes National Park 2021,598,2021-06-19 04:40:00,285070,180,Horornis seebohmi,,,168.00,171.00,30.7,f,lite
PC,WLNP-WP-12,88889,General Community Waterton Lakes National Park 2021,598,2021-06-19 04:40:00,285070,180,Catharus ustulatus,Swainson's Thrush,SWTH,168.00,171.00,84.3,t,lite
PC,WLNP-WP-12,88889,General Community Waterton Lakes National Park 2021,598,2021-06-19 04:40:00,285070,180,Catharus ustulatus,Swainson's Thrush,SWTH,171.00,174.00,86.1,t,lite
PC,WLNP-WP-12,88889,General Community Waterton Lakes National Park 2021,598,2021-06-19 04:40:00,285070,180,Catharus ustulatus,Swainson's Thrush,SWTH,174.00,177.00,52.4,t,lite
PC,WLNP-WP-12,88889,General Community Waterton Lakes National Park 2021,598,2021-06-19 04:40:00,285070,180,Catharus ustulatus,Swainson's Thrush,SWTH,177.00,180.00,42.5,t,lite
PC,WLNP-WP-12,88889,General Community Waterton Lakes National Park 2021,598,2021-06-22 05:00:00,285144,180,Catharus guttatus,Hermit Thrush,HETH,105.00,108.00,33.4,t,lite
PC,WLNP-WP-12,88889,General Community Waterton Lakes National Park 2021,598,2021-06-22 23:20:00,285232,180,*NOT GENERATED/FOUND*,,,,,,f,lite
PC,WLNP-WP-12,88889,General Community Waterton Lakes National Park 2021,598,2021-06-23 06:00:00,285221,180,Sicalis auriventris,,,3.00,6.00,38.1,f,lite
PC,WLNP-WP-12,88889,General Community Waterton Lakes National Park 2021,598,2021-06-23 06:00:00,285221,180,Locustella fluviatilis,River Warbler,RIWA,9.00,12.00,25.3,t,lite
PC,WLNP-WP-12,88889,General Community Waterton Lakes National Park 2021,598,2021-06-23 06:00:00,285221,180,Spizella passerina,Chipping Sparrow,CHSP,9.00,12.00,42.8,t,lite
PC,WLNP-WP-12,88889,General Community Waterton Lakes National Park 2021,598,2021-06-23 06:00:00,285221,180,Spizella passerina,Chipping Sparrow,CHSP,30.00,33.00,53.7,t,lite
PC,WLNP-WP-12,88889,General Community Waterton Lakes National Park 2021,598,2021-06-23 06:00:00,285221,180,Helmitheros vermivorum,Worm-eating Warbler,WEWA,30.00,33.00,26.2,t,lite
PC,WLNP-WP-12,88889,General Community Waterton Lakes National Park 2021,598,2021-06-23 06:00:00,285221,180,Phylloscopus sibilatrix,Wood Warbler,WOWA,30.00,33.00,28.6,t,lite
PC,WLNP-WP-12,88889,General Community Waterton Lakes National Park 2021,598,2021-06-23 06:00:00,285221,180,Locustella fluviatilis,River Warbler,RIWA,30.00,33.00,37.5,t,lite
PC,WLNP-WP-12,88889,General Community Waterton Lakes National Park 2021,598,2021-06-23 06:00:00,285221,180,Sicalis auriventris,,,51.00,54.00,28.6,f,lite
PC,WLNP-WP-12,88889,General Community Waterton Lakes National Park 2021,598,2021-06-23 06:00:00,285221,180,Sicalis auriventris,,,72.00,75.00,30.7,f,lite
PC,WLNP-WP-12,88889,General Community Waterton Lakes National Park 2021,598,2021-06-23 06:00:00,285221,180,Sicalis auriventris,,,90.00,93.00,28.7,f,lite
PC,WLNP-WP-12,88889,General Community Waterton Lakes National Park 2021,598,2021-06-23 06:00:00,285221,180,Sicalis auriventris,,,96.00,99.00,26.3,f,lite
PC,WLNP-WP-12,88889,General Community Waterton Lakes National Park 2021,598,2021-06-23 06:00:00,285221,180,Sicalis auriventris,,,126.00,129.00,30.8,f,lite
PC,WLNP-WP-12,88889,General Community Waterton Lakes National Park 2021,598,2021-06-23 06:00:00,285221,180,Sicalis auriventris,,,144.00,147.00,31.0,f,lite
PC,WLNP-WP-12,88889,General Community Waterton Lakes National Park 2021,598,2021-06-23 06:00:00,285221,180,Sicalis auriventris,,,174.00,177.00,27.4,f,lite
PC,WLNP-WP-12,88889,General Community Waterton Lakes National Park 2021,598,2021-06-23 06:40:00,285160,180,Sicalis auriventris,,,9.00,12.00,45.5,f,lite
PC,WLNP-WP-12,88889,General Community Waterton Lakes National Park 2021,598,2021-06-23 06:40:00,285160,180,Sicalis auriventris,,,18.00,21.00,26.4,f,lite
PC,WLNP-WP-12,88889,General Community Waterton Lakes National Park 2021,598,2021-06-23 06:40:00,285160,180,Sicalis auriventris,,,39.00,42.00,28.2,f,lite
PC,WLNP-WP-12,88889,General Community Waterton Lakes National Park 2021,598,2021-06-23 06:40:00,285160,180,Spinus pinus,Pine Siskin,PISI,60.00,63.00,29.6,t,lite
PC,WLNP-WP-12,88889,General Community Waterton Lakes National Park 2021,598,2021-06-23 06:40:00,285160,180,Spinus pinus,Pine Siskin,PISI,66.00,69.00,37.2,t,lite
PC,WLNP-WP-12,88889,General Community Waterton Lakes National Park 2021,598,2021-06-23 06:40:00,285160,180,Serinus serinus,European Serin,SERSER,69.00,72.00,25.0,t,lite
PC,WLNP-WP-12,88889,General Community Waterton Lakes National Park 2021,598,2021-06-23 06:40:00,285160,180,Spinus pinus,Pine Siskin,PISI,69.00,72.00,65.2,t,lite
PC,WLNP-WP-12,88889,General Community Waterton Lakes National Park 2021,598,2021-06-23 06:40:00,285160,180,Mecocerculus stictopterus,,,69.00,72.00,41.4,f,lite
PC,WLNP-WP-12,88889,General Community Waterton Lakes National Park 2021,598,2021-06-23 06:40:00,285160,180,Spinus pinus,Pine Siskin,PISI,75.00,78.00,38.5,t,lite
PC,WLNP-WP-12,88889,General Community Waterton Lakes National Park 2021,598,2021-06-23 06:40:00,285160,180,Mecocerculus stictopterus,,,75.00,78.00,29.1,f,lite
PC,WLNP-WP-12,88889,General Community Waterton Lakes National Park 2021,598,2021-06-23 06:40:00,285160,180,Spinus pinus,Pine Siskin,PISI,78.00,81.00,35.8,t,lite
PC,WLNP-WP-12,88889,General Community Waterton Lakes National Park 2021,598,2021-06-23 06:40:00,285160,180,Zosterops mauritianus,,,87.00,90.00,31.4,f,lite
PC,WLNP-WP-12,88889,General Community Waterton Lakes National Park 2021,598,2021-06-23 06:40:00,285160,180,Spinus pinus,Pine Siskin,PISI,87.00,90.00,78.8,t,lite
PC,WLNP-WP-12,88889,General Community Waterton Lakes National Park 2021,598,2021-06-23 06:40:00,285160,180,Spinus pinus,Pine Siskin,PISI,90.00,93.00,26.0,t,lite
PC,WLNP-WP-12,88889,General Community Waterton Lakes National Park 2021,598,2021-06-23 06:40:00,285160,180,Orochelidon murina,,,90.00,93.00,26.1,f,lite
PC,WLNP-WP-12,88889,General Community Waterton Lakes National Park 2021,598,2021-06-23 06:40:00,285160,180,Spinus pinus,Pine Siskin,PISI,93.00,96.00,38.4,t,lite
PC,WLNP-WP-12,88889,General Community Waterton Lakes National Park 2021,598,2021-06-23 06:40:00,285160,180,Mecocerculus stictopterus,,,93.00,96.00,32.1,f,lite
PC,WLNP-WP-12,88889,General Community Waterton Lakes National Park 2021,598,2021-06-23 06:40:00,285160,180,Locustella certhiola,,,99.00,102.00,35.1,f,lite
PC,WLNP-WP-12,88889,General Community Waterton Lakes National Park 2021,598,2021-06-23 06:40:00,285160,180,Spizella passerina,Chipping Sparrow,CHSP,108.00,111.00,25.8,t,lite
PC,WLNP-WP-12,88889,General Community Waterton Lakes National Park 2021,598,2021-06-23 06:40:00,285160,180,Locustella fluviatilis,River Warbler,RIWA,108.00,111.00,35.8,t,lite
PC,WLNP-WP-12,88889,General Community Waterton Lakes National Park 2021,598,2021-06-23 06:40:00,285160,180,Locustella fluviatilis,River Warbler,RIWA,123.00,126.00,25.8,t,lite
PC,WLNP-WP-12,88889,General Community Waterton Lakes National Park 2021,598,2021-06-23 06:40:00,285160,180,Phylloscopus sibilatrix,Wood Warbler,WOWA,126.00,129.00,27.6,t,lite
PC,WLNP-WP-12,88889,General Community Waterton Lakes National Park 2021,598,2021-06-23 06:40:00,285160,180,Spizella passerina,Chipping Sparrow,CHSP,126.00,129.00,28.9,t,lite
PC,WLNP-WP-13,88887,General Community Waterton Lakes National Park 2021,598,2021-06-17 02:40:00,285096,180,*NOT GENERATED/FOUND*,,,,,,f,lite
PC,WLNP-WP-13,88887,General Community Waterton Lakes National Park 2021,598,2021-06-17 04:00:00,285242,180,*NOT GENERATED/FOUND*,,,,,,f,lite
PC,WLNP-WP-13,88887,General Community Waterton Lakes National Park 2021,598,2021-06-17 04:20:00,285208,180,Contopus cooperi,Olive-sided Flycatcher,OSFL,156.00,159.00,32.1,t,lite
PC,WLNP-WP-13,88887,General Community Waterton Lakes National Park 2021,598,2021-06-17 05:00:00,285130,180,*NOT GENERATED/FOUND*,,,,,,f,lite
PC,WLNP-WP-13,88887,General Community Waterton Lakes National Park 2021,598,2021-06-17 05:20:00,285167,180,Tapera naevia,Striped Cuckoo,STCU,168.00,171.00,36.4,t,lite
PC,WLNP-WP-13,88887,General Community Waterton Lakes National Park 2021,598,2021-06-17 05:40:00,285213,180,Setophaga coronata,Yellow-rumped Warbler,YRWA,12.00,15.00,25.3,t,lite
PC,WLNP-WP-13,88887,General Community Waterton Lakes National Park 2021,598,2021-06-17 05:40:00,285213,180,Setophaga auduboni,,,12.00,15.00,35.3,f,lite
PC,WLNP-WP-13,88887,General Community Waterton Lakes National Park 2021,598,2021-06-17 05:40:00,285213,180,Myrmophylax atrothorax,,,57.00,60.00,38.0,f,lite
PC,WLNP-WP-13,88887,General Community Waterton Lakes National Park 2021,598,2021-06-17 05:40:00,285213,180,Setophaga auduboni,,,57.00,60.00,27.6,f,lite
PC,WLNP-WP-13,88887,General Community Waterton Lakes National Park 2021,598,2021-06-17 05:40:00,285213,180,Setophaga coronata,Yellow-rumped Warbler,YRWA,60.00,63.00,31.2,t,lite
PC,WLNP-WP-13,88887,General Community Waterton Lakes National Park 2021,598,2021-06-17 05:40:00,285213,180,Setophaga coronata,Yellow-rumped Warbler,YRWA,90.00,93.00,26.5,t,lite
PC,WLNP-WP-13,88887,General Community Waterton Lakes National Park 2021,598,2021-06-17 05:40:00,285213,180,Setophaga auduboni,,,90.00,93.00,35.2,f,lite
PC,WLNP-WP-13,88887,General Community Waterton Lakes National Park 2021,598,2021-06-17 05:40:00,285213,180,Setophaga coronata,Yellow-rumped Warbler,YRWA,93.00,96.00,25.4,t,lite
PC,WLNP-WP-13,88887,General Community Waterton Lakes National Park 2021,598,2021-06-17 05:40:00,285213,180,Setophaga auduboni,,,93.00,96.00,28.7,f,lite
PC,WLNP-WP-13,88887,General Community Waterton Lakes National Park 2021,598,2021-06-17 05:40:00,285213,180,Setophaga auduboni,,,105.00,108.00,32.6,f,lite
PC,WLNP-WP-13,88887,General Community Waterton Lakes National Park 2021,598,2021-06-17 05:40:00,285213,180,Setophaga coronata,Yellow-rumped Warbler,YRWA,105.00,108.00,27.3,t,lite
PC,WLNP-WP-13,88887,General Community Waterton Lakes National Park 2021,598,2021-06-17 05:40:00,285213,180,Setophaga graciae,Grace's Warbler,GRWA,120.00,123.00,27.0,t,lite
PC,WLNP-WP-13,88887,General Community Waterton Lakes National Park 2021,598,2021-06-17 05:40:00,285213,180,Setophaga auduboni,,,120.00,123.00,26.6,f,lite
PC,WLNP-WP-13,88887,General Community Waterton Lakes National Park 2021,598,2021-06-17 05:40:00,285213,180,Setophaga auduboni,,,123.00,126.00,42.8,f,lite
PC,WLNP-WP-13,88887,General Community Waterton Lakes National Park 2021,598,2021-06-17 05:40:00,285213,180,Setophaga coronata,Yellow-rumped Warbler,YRWA,123.00,126.00,29.6,t,lite
PC,WLNP-WP-13,88887,General Community Waterton Lakes National Park 2021,598,2021-06-17 05:40:00,285213,180,Setophaga coronata,Yellow-rumped Warbler,YRWA,144.00,147.00,28.3,t,lite
PC,WLNP-WP-13,88887,General Community Waterton Lakes National Park 2021,598,2021-06-17 05:40:00,285213,180,Setophaga auduboni,,,153.00,156.00,32.4,f,lite
PC,WLNP-WP-13,88887,General Community Waterton Lakes National Park 2021,598,2021-06-17 05:40:00,285213,180,Setophaga coronata,Yellow-rumped Warbler,YRWA,153.00,156.00,40.9,t,lite
PC,WLNP-WP-13,88887,General Community Waterton Lakes National Park 2021,598,2021-06-17 06:40:00,285099,180,Setophaga coronata,Yellow-rumped Warbler,YRWA,99.00,102.00,27.2,t,lite
PC,WLNP-WP-13,88887,General Community Waterton Lakes National Park 2021,598,2021-06-17 06:40:00,285099,180,Setophaga coronata,Yellow-rumped Warbler,YRWA,126.00,129.00,25.7,t,lite
PC,WLNP-WP-13,88887,General Community Waterton Lakes National Park 2021,598,2021-06-17 06:40:00,285099,180,Setophaga auduboni,,,135.00,138.00,31.5,f,lite
PC,WLNP-WP-13,88887,General Community Waterton Lakes National Park 2021,598,2021-06-17 06:40:00,285099,180,Setophaga coronata,Yellow-rumped Warbler,YRWA,135.00,138.00,30.1,t,lite
PC,WLNP-WP-13,88887,General Community Waterton Lakes National Park 2021,598,2021-06-17 06:40:00,285099,180,Myrmophylax atrothorax,,,135.00,138.00,26.1,f,lite
PC,WLNP-WP-13,88887,General Community Waterton Lakes National Park 2021,598,2021-06-17 06:40:00,285099,180,Setophaga coronata,Yellow-rumped Warbler,YRWA,147.00,150.00,32.4,t,lite
PC,WLNP-WP-13,88887,General Community Waterton Lakes National Park 2021,598,2021-06-17 06:40:00,285099,180,Setophaga auduboni,,,147.00,150.00,35.9,f,lite
PC,WLNP-WP-13,88887,General Community Waterton Lakes National Park 2021,598,2021-06-17 06:40:00,285099,180,Setophaga auduboni,,,156.00,159.00,26.3,f,lite
PC,WLNP-WP-13,88887,General Community Waterton Lakes National Park 2021,598,2021-06-17 06:40:00,285099,180,Setophaga coronata,Yellow-rumped Warbler,YRWA,156.00,159.00,35.7,t,lite
PC,WLNP-WP-13,88887,General Community Waterton Lakes National Park 2021,598,2021-06-17 06:40:00,285099,180,Setophaga coronata,Yellow-rumped Warbler,YRWA,168.00,171.00,27.3,t,lite
PC,WLNP-WP-13,88887,General Community Waterton Lakes National Park 2021,598,2021-06-17 06:40:00,285099,180,Setophaga auduboni,,,168.00,171.00,29.6,f,lite
PC,WLNP-WP-13,88887,General Community Waterton Lakes National Park 2021,598,2021-06-17 07:00:00,285066,180,Emberiza cirlus,Cirl Bunting,EMBCIR,3.00,6.00,29.8,t,lite
PC,WLNP-WP-13,88887,General Community Waterton Lakes National Park 2021,598,2021-06-17 07:00:00,285066,180,Setophaga pinus,Pine Warbler,PIWA,6.00,9.00,33.8,t,lite
PC,WLNP-WP-13,88887,General Community Waterton Lakes National Park 2021,598,2021-06-17 07:00:00,285066,180,Setophaga pinus,Pine Warbler,PIWA,12.00,15.00,26.3,t,lite
PC,WLNP-WP-13,88887,General Community Waterton Lakes National Park 2021,598,2021-06-17 07:00:00,285066,180,Asthenes wyatti,,,60.00,63.00,26.4,f,lite
PC,WLNP-WP-13,88887,General Community Waterton Lakes National Park 2021,598,2021-06-17 07:00:00,285066,180,Malurus leucopterus,,,60.00,63.00,29.3,f,lite
PC,WLNP-WP-13,88887,General Community Waterton Lakes National Park 2021,598,2021-06-17 07:00:00,285066,180,Asthenes wyatti,,,102.00,105.00,27.5,f,lite
PC,WLNP-WP-2,181966,General Community Waterton Lakes National Park 2021,598,2021-06-17 06:40:00,285125,180,Catharus ustulatus,Swainson's Thrush,SWTH,0.00,3.00,30.2,t,lite
PC,WLNP-WP-2,181966,General Community Waterton Lakes National Park 2021,598,2021-06-17 06:40:00,285125,180,Catharus ustulatus,Swainson's Thrush,SWTH,6.00,9.00,42.4,t,lite
PC,WLNP-WP-2,181966,General Community Waterton Lakes National Park 2021,598,2021-06-17 06:40:00,285125,180,Catharus ustulatus,Swainson's Thrush,SWTH,9.00,12.00,45.5,t,lite
PC,WLNP-WP-2,181966,General Community Waterton Lakes National Park 2021,598,2021-06-17 06:40:00,285125,180,Catharus ustulatus,Swainson's Thrush,SWTH,12.00,15.00,47.6,t,lite
PC,WLNP-WP-2,181966,General Community Waterton Lakes National Park 2021,598,2021-06-17 06:40:00,285125,180,Catharus ustulatus,Swainson's Thrush,SWTH,15.00,18.00,43.3,t,lite
PC,WLNP-WP-2,181966,General Community Waterton Lakes National Park 2021,598,2021-06-17 06:40:00,285125,180,Turdinus crispifrons,,,18.00,21.00,27.9,f,lite
PC,WLNP-WP-2,181966,General Community Waterton Lakes National Park 2021,598,2021-06-17 06:40:00,285125,180,Henicorhina leucophrys,Gray-breasted Wood-Wren,GBWW,18.00,21.00,32.7,t,lite
PC,WLNP-WP-2,181966,General Community Waterton Lakes National Park 2021,598,2021-06-17 06:40:00,285125,180,Catharus ustulatus,Swainson's Thrush,SWTH,18.00,21.00,70.8,t,lite
PC,WLNP-WP-2,181966,General Community Waterton Lakes National Park 2021,598,2021-06-17 06:40:00,285125,180,Catharus guttatus,Hermit Thrush,HETH,21.00,24.00,26.5,t,lite
PC,WLNP-WP-2,181966,General Community Waterton Lakes National Park 2021,598,2021-06-17 06:40:00,285125,180,Catharus ustulatus,Swainson's Thrush,SWTH,21.00,24.00,39.6,t,lite
PC,WLNP-WP-2,181966,General Community Waterton Lakes National Park 2021,598,2021-06-17 06:40:00,285125,180,Catharus ustulatus,Swainson's Thrush,SWTH,24.00,27.00,57.8,t,lite
PC,WLNP-WP-2,181966,General Community Waterton Lakes National Park 2021,598,2021-06-17 06:40:00,285125,180,Catharus ustulatus,Swainson's Thrush,SWTH,30.00,33.00,30.6,t,lite
PC,WLNP-WP-2,181966,General Community Waterton Lakes National Park 2021,598,2021-06-17 06:40:00,285125,180,Catharus ustulatus,Swainson's Thrush,SWTH,36.00,39.00,50.9,t,lite
PC,WLNP-WP-2,181966,General Community Waterton Lakes National Park 2021,598,2021-06-17 06:40:00,285125,180,Turdinus crispifrons,,,39.00,42.00,31.9,f,lite
PC,WLNP-WP-2,181966,General Community Waterton Lakes National Park 2021,598,2021-06-17 06:40:00,285125,180,Catharus ustulatus,Swainson's Thrush,SWTH,39.00,42.00,48.4,t,lite
PC,WLNP-WP-2,181966,General Community Waterton Lakes National Park 2021,598,2021-06-17 06:40:00,285125,180,Horornis seebohmi,,,45.00,48.00,26.1,f,lite
PC,WLNP-WP-2,181966,General Community Waterton Lakes National Park 2021,598,2021-06-17 06:40:00,285125,180,Catharus ustulatus,Swainson's Thrush,SWTH,45.00,48.00,64.0,t,lite
PC,WLNP-WP-2,181966,General Community Waterton Lakes National Park 2021,598,2021-06-17 06:40:00,285125,180,Catharus ustulatus,Swainson's Thrush,SWTH,48.00,51.00,37.0,t,lite
PC,WLNP-WP-2,181966,General Community Waterton Lakes National Park 2021,598,2021-06-17 06:40:00,285125,180,Catharus ustulatus,Swainson's Thrush,SWTH,51.00,54.00,38.6,t,lite
PC,WLNP-WP-2,181966,General Community Waterton Lakes National Park 2021,598,2021-06-17 06:40:00,285125,180,Catharus ustulatus,Swainson's Thrush,SWTH,54.00,57.00,41.4,t,lite
PC,WLNP-WP-2,181966,General Community Waterton Lakes National Park 2021,598,2021-06-17 06:40:00,285125,180,Catharus ustulatus,Swainson's Thrush,SWTH,57.00,60.00,32.4,t,lite
PC,WLNP-WP-2,181966,General Community Waterton Lakes National Park 2021,598,2021-06-17 06:40:00,285125,180,Catharus ustulatus,Swainson's Thrush,SWTH,60.00,63.00,49.2,t,lite
PC,WLNP-WP-2,181966,General Community Waterton Lakes National Park 2021,598,2021-06-17 06:40:00,285125,180,Catharus ustulatus,Swainson's Thrush,SWTH,66.00,69.00,56.8,t,lite
PC,WLNP-WP-2,181966,General Community Waterton Lakes National Park 2021,598,2021-06-17 06:40:00,285125,180,Catharus ustulatus,Swainson's Thrush,SWTH,69.00,72.00,38.0,t,lite
PC,WLNP-WP-2,181966,General Community Waterton Lakes National Park 2021,598,2021-06-17 06:40:00,285125,180,Catharus ustulatus,Swainson's Thrush,SWTH,72.00,75.00,45.0,t,lite
PC,WLNP-WP-2,181966,General Community Waterton Lakes National Park 2021,598,2021-06-17 06:40:00,285125,180,Catharus guttatus,Hermit Thrush,HETH,75.00,78.00,30.7,t,lite
PC,WLNP-WP-2,181966,General Community Waterton Lakes National Park 2021,598,2021-06-17 06:40:00,285125,180,Catharus ustulatus,Swainson's Thrush,SWTH,75.00,78.00,36.1,t,lite
PC,WLNP-WP-2,181966,General Community Waterton Lakes National Park 2021,598,2021-06-17 06:40:00,285125,180,Catharus ustulatus,Swainson's Thrush,SWTH,81.00,84.00,64.5,t,lite
PC,WLNP-WP-2,181966,General Community Waterton Lakes National Park 2021,598,2021-06-17 06:40:00,285125,180,Catharus ustulatus,Swainson's Thrush,SWTH,84.00,87.00,44.1,t,lite
PC,WLNP-WP-2,181966,General Community Waterton Lakes National Park 2021,598,2021-06-17 06:40:00,285125,180,Catharus ustulatus,Swainson's Thrush,SWTH,87.00,90.00,33.9,t,lite
PC,WLNP-WP-2,181966,General Community Waterton Lakes National Park 2021,598,2021-06-17 06:40:00,285125,180,Catharus ustulatus,Swainson's Thrush,SWTH,90.00,93.00,37.8,t,lite
PC,WLNP-WP-2,181966,General Community Waterton Lakes National Park 2021,598,2021-06-17 06:40:00,285125,180,Catharus ustulatus,Swainson's Thrush,SWTH,93.00,96.00,30.6,t,lite
PC,WLNP-WP-2,181966,General Community Waterton Lakes National Park 2021,598,2021-06-17 06:40:00,285125,180,Catharus ustulatus,Swainson's Thrush,SWTH,96.00,99.00,41.9,t,lite
PC,WLNP-WP-2,181966,General Community Waterton Lakes National Park 2021,598,2021-06-17 06:40:00,285125,180,Alcippe poioicephala,,,96.00,99.00,26.1,f,lite
PC,WLNP-WP-2,181966,General Community Waterton Lakes National Park 2021,598,2021-06-17 06:40:00,285125,180,Catharus ustulatus,Swainson's Thrush,SWTH,102.00,105.00,45.1,t,lite
PC,WLNP-WP-2,181966,General Community Waterton Lakes National Park 2021,598,2021-06-17 06:40:00,285125,180,Catharus ustulatus,Swainson's Thrush,SWTH,105.00,108.00,27.2,t,lite
PC,WLNP-WP-2,181966,General Community Waterton Lakes National Park 2021,598,2021-06-17 06:40:00,285125,180,Catharus ustulatus,Swainson's Thrush,SWTH,108.00,111.00,63.8,t,lite
PC,WLNP-WP-2,181966,General Community Waterton Lakes National Park 2021,598,2021-06-17 06:40:00,285125,180,Catharus ustulatus,Swainson's Thrush,SWTH,114.00,117.00,49.6,t,lite
PC,WLNP-WP-2,181966,General Community Waterton Lakes National Park 2021,598,2021-06-17 06:40:00,285125,180,Arcanator orostruthus,,,117.00,120.00,31.9,f,lite
PC,WLNP-WP-2,181966,General Community Waterton Lakes National Park 2021,598,2021-06-17 06:40:00,285125,180,Catharus ustulatus,Swainson's Thrush,SWTH,126.00,129.00,34.9,t,lite
PC,WLNP-WP-2,181966,General Community Waterton Lakes National Park 2021,598,2021-06-17 06:40:00,285125,180,Henicorhina leucosticta,White-breasted Wood-Wren,WBWW,129.00,132.00,31.6,t,lite
PC,WLNP-WP-2,181966,General Community Waterton Lakes National Park 2021,598,2021-06-17 06:40:00,285125,180,Catharus ustulatus,Swainson's Thrush,SWTH,132.00,135.00,26.6,t,lite
PC,WLNP-WP-2,181966,General Community Waterton Lakes National Park 2021,598,2021-06-17 06:40:00,285125,180,Catharus guttatus,Hermit Thrush,HETH,132.00,135.00,33.9,t,lite
PC,WLNP-WP-2,181966,General Community Waterton Lakes National Park 2021,598,2021-06-17 06:40:00,285125,180,Larvivora cyane,,,138.00,141.00,27.6,f,lite
PC,WLNP-WP-2,181966,General Community Waterton Lakes National Park 2021,598,2021-06-17 06:40:00,285125,180,Catharus ustulatus,Swainson's Thrush,SWTH,141.00,144.00,57.9,t,lite
PC,WLNP-WP-2,181966,General Community Waterton Lakes National Park 2021,598,2021-06-17 06:40:00,285125,180,Arcanator orostruthus,,,147.00,150.00,28.6,f,lite
PC,WLNP-WP-2,181966,General Community Waterton Lakes National Park 2021,598,2021-06-17 06:40:00,285125,180,Catharus ustulatus,Swainson's Thrush,SWTH,156.00,159.00,40.2,t,lite
PC,WLNP-WP-2,181966,General Community Waterton Lakes National Park 2021,598,2021-06-17 06:40:00,285125,180,Catharus ustulatus,Swainson's Thrush,SWTH,162.00,165.00,38.4,t,lite
PC,WLNP-WP-2,181966,General Community Waterton Lakes National Park 2021,598,2021-06-17 06:40:00,285125,180,Catharus ustulatus,Swainson's Thrush,SWTH,165.00,168.00,34.7,t,lite
PC,WLNP-WP-2,181966,General Community Waterton Lakes National Park 2021,598,2021-06-17 06:40:00,285125,180,Catharus ustulatus,Swainson's Thrush,SWTH,171.00,174.00,57.4,t,lite
PC,WLNP-WP-2,181966,General Community Waterton Lakes National Park 2021,598,2021-06-17 06:40:00,285125,180,Catharus ustulatus,Swainson's Thrush,SWTH,174.00,177.00,67.1,t,lite
PC,WLNP-WP-2,181966,General Community Waterton Lakes National Park 2021,598,2021-06-17 06:40:00,285125,180,Catharus ustulatus,Swainson's Thrush,SWTH,177.00,180.00,27.1,t,lite
PC,WLNP-WP-2,181966,General Community Waterton Lakes National Park 2021,598,2021-06-20 08:00:00,285210,180,Newtonia amphichroa,,,48.00,51.00,25.8,f,lite
PC,WLNP-WP-2,181966,General Community Waterton Lakes National Park 2021,598,2021-06-20 08:00:00,285210,180,Newtonia amphichroa,,,63.00,66.00,33.6,f,lite
PC,WLNP-WP-2,181966,General Community Waterton Lakes National Park 2021,598,2021-06-20 08:00:00,285210,180,Piranga ludoviciana,Western Tanager,WETA,105.00,108.00,28.3,t,lite
PC,WLNP-WP-2,181966,General Community Waterton Lakes National Park 2021,598,2021-06-20 08:00:00,285210,180,Piranga ludoviciana,Western Tanager,WETA,108.00,111.00,36.2,t,lite
PC,WLNP-WP-2,181966,General Community Waterton Lakes National Park 2021,598,2021-06-20 08:00:00,285210,180,Piranga ludoviciana,Western Tanager,WETA,123.00,126.00,26.6,t,lite
PC,WLNP-WP-2,181966,General Community Waterton Lakes National Park 2021,598,2021-06-20 08:00:00,285210,180,Coturnicops noveboracensis,Yellow Rail,YERA,144.00,147.00,28.8,t,lite
PC,WLNP-WP-2,181966,General Community Waterton Lakes National Park 2021,598,2021-06-20 08:00:00,285210,180,Orochelidon murina,,,162.00,165.00,32.4,f,lite
PC,WLNP-WP-2,181966,General Community Waterton Lakes National Park 2021,598,2021-06-20 08:00:00,285210,180,Spinus pinus,Pine Siskin,PISI,162.00,165.00,29.3,t,lite
PC,WLNP-WP-2,181966,General Community Waterton Lakes National Park 2021,598,2021-06-20 08:00:00,285210,180,Spinus pinus,Pine Siskin,PISI,165.00,168.00,27.2,t,lite
PC,WLNP-WP-2,181966,General Community Waterton Lakes National Park 2021,598,2021-06-20 08:00:00,285210,180,Chloroceryle americana,Green Kingfisher,GKIN,171.00,174.00,28.3,t,lite
PC,WLNP-WP-2,181966,General Community Waterton Lakes National Park 2021,598,2021-06-20 08:00:00,285210,180,Coturnicops noveboracensis,Yellow Rail,YERA,171.00,174.00,40.8,t,lite
PC,WLNP-WP-2,181966,General Community Waterton Lakes National Park 2021,598,2021-06-22 23:40:00,285220,180,*NOT GENERATED/FOUND*,,,,,,f,lite
PC,WLNP-WP-2,181966,General Community Waterton Lakes National Park 2021,598,2021-06-24 05:00:00,285008,180,Turdus cardis,,,6.00,9.00,28.0,f,lite
PC,WLNP-WP-2,181966,General Community Waterton Lakes National Park 2021,598,2021-06-24 05:00:00,285008,180,Pyrrhula nipalensis,,,9.00,12.00,25.2,f,lite
PC,WLNP-WP-2,181966,General Community Waterton Lakes National Park 2021,598,2021-06-24 05:00:00,285008,180,Catharus ustulatus,Swainson's Thrush,SWTH,27.00,30.00,26.5,t,lite
PC,WLNP-WP-2,181966,General Community Waterton Lakes National Park 2021,598,2021-06-24 05:00:00,285008,180,Catharus ustulatus,Swainson's Thrush,SWTH,33.00,36.00,35.3,t,lite
PC,WLNP-WP-2,181966,General Community Waterton Lakes National Park 2021,598,2021-06-24 05:00:00,285008,180,Piranga olivacea,Scarlet Tanager,SCTA,36.00,39.00,26.1,t,lite
PC,WLNP-WP-2,181966,General Community Waterton Lakes National Park 2021,598,2021-06-24 05:00:00,285008,180,Catharus ustulatus,Swainson's Thrush,SWTH,39.00,42.00,38.1,t,lite
PC,WLNP-WP-2,181966,General Community Waterton Lakes National Park 2021,598,2021-06-24 05:00:00,285008,180,Catharus ustulatus,Swainson's Thrush,SWTH,51.00,54.00,33.9,t,lite
PC,WLNP-WP-2,181966,General Community Waterton Lakes National Park 2021,598,2021-06-24 05:00:00,285008,180,Catharus ustulatus,Swainson's Thrush,SWTH,66.00,69.00,30.9,t,lite
PC,WLNP-WP-2,181966,General Community Waterton Lakes National Park 2021,598,2021-06-24 05:00:00,285008,180,Catharus ustulatus,Swainson's Thrush,SWTH,81.00,84.00,33.9,t,lite
PC,WLNP-WP-2,181966,General Community Waterton Lakes National Park 2021,598,2021-06-24 05:00:00,285008,180,Catharus ustulatus,Swainson's Thrush,SWTH,87.00,90.00,31.8,t,lite
PC,WLNP-WP-2,181966,General Community Waterton Lakes National Park 2021,598,2021-06-24 05:00:00,285008,180,Catharus ustulatus,Swainson's Thrush,SWTH,96.00,99.00,28.5,t,lite
PC,WLNP-WP-2,181966,General Community Waterton Lakes National Park 2021,598,2021-06-24 05:00:00,285008,180,Arcanator orostruthus,,,96.00,99.00,29.8,f,lite
PC,WLNP-WP-2,181966,General Community Waterton Lakes National Park 2021,598,2021-06-24 05:00:00,285008,180,Catharus guttatus,Hermit Thrush,HETH,99.00,102.00,25.1,t,lite
PC,WLNP-WP-2,181966,General Community Waterton Lakes National Park 2021,598,2021-06-24 05:00:00,285008,180,Catharus ustulatus,Swainson's Thrush,SWTH,114.00,117.00,35.5,t,lite
PC,WLNP-WP-2,181966,General Community Waterton Lakes National Park 2021,598,2021-06-27 22:00:00,285120,180,Catharus ustulatus,Swainson's Thrush,SWTH,6.00,9.00,62.1,t,lite
PC,WLNP-WP-2,181966,General Community Waterton Lakes National Park 2021,598,2021-06-27 22:00:00,285120,180,Catharus ustulatus,Swainson's Thrush,SWTH,15.00,18.00,57.8,t,lite
PC,WLNP-WP-2,181966,General Community Waterton Lakes National Park 2021,598,2021-06-27 22:00:00,285120,180,Catharus ustulatus,Swainson's Thrush,SWTH,21.00,24.00,69.7,t,lite
PC,WLNP-WP-2,181966,General Community Waterton Lakes National Park 2021,598,2021-06-27 22:00:00,285120,180,Catharus ustulatus,Swainson's Thrush,SWTH,30.00,33.00,70.0,t,lite
PC,WLNP-WP-2,181966,General Community Waterton Lakes National Park 2021,598,2021-06-27 22:00:00,285120,180,Catharus ustulatus,Swainson's Thrush,SWTH,36.00,39.00,54.0,t,lite
PC,WLNP-WP-2,181966,General Community Waterton Lakes National Park 2021,598,2021-06-27 22:00:00,285120,180,Horornis seebohmi,,,42.00,45.00,26.9,f,lite
PC,WLNP-WP-2,181966,General Community Waterton Lakes National Park 2021,598,2021-06-27 22:00:00,285120,180,Catharus ustulatus,Swainson's Thrush,SWTH,42.00,45.00,41.9,t,lite
PC,WLNP-WP-2,181966,General Community Waterton Lakes National Park 2021,598,2021-06-27 22:00:00,285120,180,Catharus ustulatus,Swainson's Thrush,SWTH,45.00,48.00,27.7,t,lite
PC,WLNP-WP-2,181966,General Community Waterton Lakes National Park 2021,598,2021-06-27 22:00:00,285120,180,Catharus ustulatus,Swainson's Thrush,SWTH,48.00,51.00,28.1,t,lite
PC,WLNP-WP-2,181966,General Community Waterton Lakes National Park 2021,598,2021-06-27 22:00:00,285120,180,Attila spadiceus,Bright-rumped Attila,BRAT,48.00,51.00,27.3,t,lite
PC,WLNP-WP-2,181966,General Community Waterton Lakes National Park 2021,598,2021-06-27 22:00:00,285120,180,Catharus ustulatus,Swainson's Thrush,SWTH,51.00,54.00,45.6,t,lite
PC,WLNP-WP-2,181966,General Community Waterton Lakes National Park 2021,598,2021-06-27 22:00:00,285120,180,Catharus guttatus,Hermit Thrush,HETH,51.00,54.00,26.5,t,lite
PC,WLNP-WP-2,181966,General Community Waterton Lakes National Park 2021,598,2021-06-27 22:00:00,285120,180,Catharus ustulatus,Swainson's Thrush,SWTH,63.00,66.00,42.7,t,lite
PC,WLNP-WP-2,181966,General Community Waterton Lakes National Park 2021,598,2021-06-27 22:00:00,285120,180,Horornis seebohmi,,,63.00,66.00,25.6,f,lite
PC,WLNP-WP-2,181966,General Community Waterton Lakes National Park 2021,598,2021-06-27 22:00:00,285120,180,Catharus ustulatus,Swainson's Thrush,SWTH,69.00,72.00,51.0,t,lite
PC,WLNP-WP-2,181966,General Community Waterton Lakes National Park 2021,598,2021-06-27 22:00:00,285120,180,Horornis seebohmi,,,69.00,72.00,27.0,f,lite
PC,WLNP-WP-2,181966,General Community Waterton Lakes National Park 2021,598,2021-06-27 22:00:00,285120,180,Catharus ustulatus,Swainson's Thrush,SWTH,78.00,81.00,47.7,t,lite
PC,WLNP-WP-2,181966,General Community Waterton Lakes National Park 2021,598,2021-06-27 22:00:00,285120,180,Catharus ustulatus,Swainson's Thrush,SWTH,84.00,87.00,63.2,t,lite
PC,WLNP-WP-2,181966,General Community Waterton Lakes National Park 2021,598,2021-06-27 22:00:00,285120,180,Catharus ustulatus,Swainson's Thrush,SWTH,93.00,96.00,56.8,t,lite
PC,WLNP-WP-2,181966,General Community Waterton Lakes National Park 2021,598,2021-06-27 22:00:00,285120,180,Horornis seebohmi,,,105.00,108.00,28.4,f,lite
PC,WLNP-WP-2,181966,General Community Waterton Lakes National Park 2021,598,2021-06-27 22:00:00,285120,180,Catharus ustulatus,Swainson's Thrush,SWTH,105.00,108.00,54.4,t,lite
PC,WLNP-WP-2,181966,General Community Waterton Lakes National Park 2021,598,2021-06-27 22:00:00,285120,180,Catharus ustulatus,Swainson's Thrush,SWTH,111.00,114.00,63.7,t,lite
PC,WLNP-WP-2,181966,General Community Waterton Lakes National Park 2021,598,2021-06-27 22:00:00,285120,180,Catharus ustulatus,Swainson's Thrush,SWTH,120.00,123.00,57.8,t,lite
PC,WLNP-WP-2,181966,General Community Waterton Lakes National Park 2021,598,2021-06-27 22:00:00,285120,180,Catharus ustulatus,Swainson's Thrush,SWTH,126.00,129.00,48.5,t,lite
PC,WLNP-WP-2,181966,General Community Waterton Lakes National Park 2021,598,2021-06-27 22:00:00,285120,180,Horornis seebohmi,,,126.00,129.00,25.2,f,lite
PC,WLNP-WP-2,181966,General Community Waterton Lakes National Park 2021,598,2021-06-27 22:00:00,285120,180,Emberiza rustica,Rustic Bunting,RUBU,129.00,132.00,28.9,t,lite
PC,WLNP-WP-2,181966,General Community Waterton Lakes National Park 2021,598,2021-06-27 22:00:00,285120,180,Catharus ustulatus,Swainson's Thrush,SWTH,129.00,132.00,61.2,t,lite
PC,WLNP-WP-2,181966,General Community Waterton Lakes National Park 2021,598,2021-06-27 22:00:00,285120,180,Catharus ustulatus,Swainson's Thrush,SWTH,132.00,135.00,59.1,t,lite
PC,WLNP-WP-2,181966,General Community Waterton Lakes National Park 2021,598,2021-06-27 22:00:00,285120,180,Catharus ustulatus,Swainson's Thrush,SWTH,135.00,138.00,32.8,t,lite
PC,WLNP-WP-2,181966,General Community Waterton Lakes National Park 2021,598,2021-06-27 22:00:00,285120,180,Alcippe poioicephala,,,141.00,144.00,26.1,f,lite
PC,WLNP-WP-2,181966,General Community Waterton Lakes National Park 2021,598,2021-06-27 22:00:00,285120,180,Catharus ustulatus,Swainson's Thrush,SWTH,141.00,144.00,33.5,t,lite
PC,WLNP-WP-2,181966,General Community Waterton Lakes National Park 2021,598,2021-06-27 22:00:00,285120,180,Catharus ustulatus,Swainson's Thrush,SWTH,150.00,153.00,66.6,t,lite
PC,WLNP-WP-2,181966,General Community Waterton Lakes National Park 2021,598,2021-06-29 05:40:00,285157,180,Geothlypis tolmiei,MacGillivray's Warbler,MGWA,99.00,102.00,61.9,t,lite
PC,WLNP-WP-2,181966,General Community Waterton Lakes National Park 2021,598,2021-06-30 07:20:00,285109,180,Piranga ludoviciana,Western Tanager,WETA,0.00,3.00,55.9,t,lite
PC,WLNP-WP-2,181966,General Community Waterton Lakes National Park 2021,598,2021-06-30 07:20:00,285109,180,Piranga bidentata,Flame-colored Tanager,FCTA,0.00,3.00,38.9,t,lite
PC,WLNP-WP-2,181966,General Community Waterton Lakes National Park 2021,598,2021-06-30 07:20:00,285109,180,Piranga ludoviciana,Western Tanager,WETA,9.00,12.00,33.0,t,lite
PC,WLNP-WP-2,181966,General Community Waterton Lakes National Park 2021,598,2021-06-30 07:20:00,285109,180,Piranga olivacea,Scarlet Tanager,SCTA,9.00,12.00,35.2,t,lite
PC,WLNP-WP-2,181966,General Community Waterton Lakes National Park 2021,598,2021-06-30 07:20:00,285109,180,Piranga bidentata,Flame-colored Tanager,FCTA,9.00,12.00,29.7,t,lite
PC,WLNP-WP-2,181966,General Community Waterton Lakes National Park 2021,598,2021-06-30 07:20:00,285109,180,Piranga bidentata,Flame-colored Tanager,FCTA,12.00,15.00,27.4,t,lite
PC,WLNP-WP-2,181966,General Community Waterton Lakes National Park 2021,598,2021-06-30 07:20:00,285109,180,Piranga ludoviciana,Western Tanager,WETA,12.00,15.00,50.9,t,lite
PC,WLNP-WP-2,181966,General Community Waterton Lakes National Park 2021,598,2021-06-30 07:20:00,285109,180,Piranga olivacea,Scarlet Tanager,SCTA,12.00,15.00,38.5,t,lite
PC,WLNP-WP-2,181966,General Community Waterton Lakes National Park 2021,598,2021-06-30 07:20:00,285109,180,Piranga bidentata,Flame-colored Tanager,FCTA,24.00,27.00,27.8,t,lite
PC,WLNP-WP-2,181966,General Community Waterton Lakes National Park 2021,598,2021-06-30 07:20:00,285109,180,Piranga ludoviciana,Western Tanager,WETA,24.00,27.00,48.8,t,lite
PC,WLNP-WP-2,181966,General Community Waterton Lakes National Park 2021,598,2021-06-30 07:20:00,285109,180,Catharus ustulatus,Swainson's Thrush,SWTH,27.00,30.00,31.7,t,lite
PC,WLNP-WP-2,181966,General Community Waterton Lakes National Park 2021,598,2021-06-30 07:20:00,285109,180,Molothrus ater,Brown-headed Cowbird,BHCO,36.00,39.00,45.1,t,lite
PC,WLNP-WP-2,181966,General Community Waterton Lakes National Park 2021,598,2021-06-30 07:20:00,285109,180,Piranga ludoviciana,Western Tanager,WETA,57.00,60.00,42.9,t,lite
PC,WLNP-WP-2,181966,General Community Waterton Lakes National Park 2021,598,2021-06-30 07:20:00,285109,180,Piranga bidentata,Flame-colored Tanager,FCTA,75.00,78.00,36.5,t,lite
PC,WLNP-WP-2,181966,General Community Waterton Lakes National Park 2021,598,2021-06-30 07:20:00,285109,180,Piranga ludoviciana,Western Tanager,WETA,75.00,78.00,49.1,t,lite
PC,WLNP-WP-2,181966,General Community Waterton Lakes National Park 2021,598,2021-06-30 07:20:00,285109,180,Piranga bidentata,Flame-colored Tanager,FCTA,117.00,120.00,33.6,t,lite
PC,WLNP-WP-2,181966,General Community Waterton Lakes National Park 2021,598,2021-06-30 07:20:00,285109,180,Piranga ludoviciana,Western Tanager,WETA,117.00,120.00,58.6,t,lite
PC,WLNP-WP-2,181966,General Community Waterton Lakes National Park 2021,598,2021-06-30 07:20:00,285109,180,Piranga ludoviciana,Western Tanager,WETA,138.00,141.00,44.3,t,lite
PC,WLNP-WP-2,181966,General Community Waterton Lakes National Park 2021,598,2021-06-30 07:20:00,285109,180,Piranga bidentata,Flame-colored Tanager,FCTA,138.00,141.00,38.7,t,lite
PC,WLNP-WP-2,181966,General Community Waterton Lakes National Park 2021,598,2021-06-30 07:20:00,285109,180,Piranga olivacea,Scarlet Tanager,SCTA,141.00,144.00,32.1,t,lite
PC,WLNP-WP-2,181966,General Community Waterton Lakes National Park 2021,598,2021-06-30 07:20:00,285109,180,Piranga ludoviciana,Western Tanager,WETA,141.00,144.00,36.4,t,lite
PC,WLNP-WP-2,181966,General Community Waterton Lakes National Park 2021,598,2021-06-30 07:20:00,285109,180,Piranga ludoviciana,Western Tanager,WETA,150.00,153.00,31.6,t,lite
PC,WLNP-WP-2,181966,General Community Waterton Lakes National Park 2021,598,2021-06-30 07:20:00,285109,180,Piranga olivacea,Scarlet Tanager,SCTA,150.00,153.00,29.4,t,lite
PC,WLNP-WP-2,181966,General Community Waterton Lakes National Park 2021,598,2021-06-30 07:20:00,285109,180,Piranga ludoviciana,Western Tanager,WETA,153.00,156.00,30.6,t,lite
PC,WLNP-WP-2,181966,General Community Waterton Lakes National Park 2021,598,2021-06-30 07:20:00,285109,180,Vireo altiloquus,Black-whiskered Vireo,BWVI,153.00,156.00,27.9,t,lite
PC,WLNP-WP-2,181966,General Community Waterton Lakes National Park 2021,598,2021-06-30 07:20:00,285109,180,Piranga ludoviciana,Western Tanager,WETA,159.00,162.00,47.5,t,lite
PC,WLNP-WP-2,181966,General Community Waterton Lakes National Park 2021,598,2021-06-30 07:20:00,285109,180,Piranga bidentata,Flame-colored Tanager,FCTA,159.00,162.00,36.0,t,lite
PC,WLNP-WP-2,181966,General Community Waterton Lakes National Park 2021,598,2021-06-30 07:20:00,285109,180,Piranga ludoviciana,Western Tanager,WETA,162.00,165.00,30.1,t,lite
PC,WLNP-WP-2,181966,General Community Waterton Lakes National Park 2021,598,2021-06-30 07:20:00,285109,180,Piranga bidentata,Flame-colored Tanager,FCTA,174.00,177.00,34.6,t,lite
PC,WLNP-WP-2,181966,General Community Waterton Lakes National Park 2021,598,2021-06-30 07:20:00,285109,180,Piranga ludoviciana,Western Tanager,WETA,174.00,177.00,57.4,t,lite
PC,WLNP-WP-2,181966,General Community Waterton Lakes National Park 2021,598,2021-07-02 06:40:00,285032,180,Arcanator orostruthus,,,60.00,63.00,27.6,f,lite
PC,WLNP-WP-2,181966,General Community Waterton Lakes National Park 2021,598,2021-07-02 06:40:00,285032,180,Catharus ustulatus,Swainson's Thrush,SWTH,165.00,168.00,27.5,t,lite
PC,WLNP-WP-3,88891,General Community Waterton Lakes National Park 2021,598,2021-06-18 23:20:00,284982,180,*NOT GENERATED/FOUND*,,,,,,f,lite
PC,WLNP-WP-3,88891,General Community Waterton Lakes National Park 2021,598,2021-06-20 07:00:00,285187,180,Catharus ustulatus,Swainson's Thrush,SWTH,0.00,3.00,37.2,t,lite
PC,WLNP-WP-3,88891,General Community Waterton Lakes National Park 2021,598,2021-06-20 07:00:00,285187,180,Cyclarhis gujanensis,Rufous-browed Peppershrike,RBPE,30.00,33.00,25.5,t,lite
PC,WLNP-WP-3,88891,General Community Waterton Lakes National Park 2021,598,2021-06-20 07:00:00,285187,180,Trochalopteron peninsulae,,,30.00,33.00,29.9,f,lite
PC,WLNP-WP-3,88891,General Community Waterton Lakes National Park 2021,598,2021-06-20 07:00:00,285187,180,Catharus ustulatus,Swainson's Thrush,SWTH,30.00,33.00,50.5,t,lite
PC,WLNP-WP-3,88891,General Community Waterton Lakes National Park 2021,598,2021-06-20 07:00:00,285187,180,Pyrrhula nipalensis,,,33.00,36.00,28.4,f,lite
PC,WLNP-WP-3,88891,General Community Waterton Lakes National Park 2021,598,2021-06-20 07:00:00,285187,180,Catharus ustulatus,Swainson's Thrush,SWTH,33.00,36.00,26.7,t,lite
PC,WLNP-WP-3,88891,General Community Waterton Lakes National Park 2021,598,2021-06-20 07:00:00,285187,180,Catharus ustulatus,Swainson's Thrush,SWTH,45.00,48.00,36.8,t,lite
PC,WLNP-WP-3,88891,General Community Waterton Lakes National Park 2021,598,2021-06-20 07:00:00,285187,180,Catharus ustulatus,Swainson's Thrush,SWTH,57.00,60.00,51.5,t,lite
PC,WLNP-WP-3,88891,General Community Waterton Lakes National Park 2021,598,2021-06-20 07:00:00,285187,180,Catharus ustulatus,Swainson's Thrush,SWTH,72.00,75.00,28.8,t,lite
PC,WLNP-WP-3,88891,General Community Waterton Lakes National Park 2021,598,2021-06-20 07:00:00,285187,180,Catharus ustulatus,Swainson's Thrush,SWTH,81.00,84.00,37.8,t,lite
PC,WLNP-WP-3,88891,General Community Waterton Lakes National Park 2021,598,2021-06-20 07:00:00,285187,180,Catharus ustulatus,Swainson's Thrush,SWTH,90.00,93.00,37.4,t,lite
PC,WLNP-WP-3,88891,General Community Waterton Lakes National Park 2021,598,2021-06-20 07:00:00,285187,180,Catharus ustulatus,Swainson's Thrush,SWTH,96.00,99.00,30.7,t,lite
PC,WLNP-WP-3,88891,General Community Waterton Lakes National Park 2021,598,2021-06-20 07:00:00,285187,180,Catharus ustulatus,Swainson's Thrush,SWTH,102.00,105.00,43.0,t,lite
PC,WLNP-WP-3,88891,General Community Waterton Lakes National Park 2021,598,2021-06-20 07:00:00,285187,180,Catharus ustulatus,Swainson's Thrush,SWTH,111.00,114.00,50.3,t,lite
PC,WLNP-WP-3,88891,General Community Waterton Lakes National Park 2021,598,2021-06-20 07:00:00,285187,180,Cyclarhis gujanensis,Rufous-browed Peppershrike,RBPE,117.00,120.00,49.9,t,lite
PC,WLNP-WP-3,88891,General Community Waterton Lakes National Park 2021,598,2021-06-20 07:00:00,285187,180,Catharus ustulatus,Swainson's Thrush,SWTH,126.00,129.00,31.3,t,lite
PC,WLNP-WP-3,88891,General Community Waterton Lakes National Park 2021,598,2021-06-20 07:00:00,285187,180,Catharus ustulatus,Swainson's Thrush,SWTH,135.00,138.00,39.7,t,lite
PC,WLNP-WP-3,88891,General Community Waterton Lakes National Park 2021,598,2021-06-20 07:00:00,285187,180,Catharus ustulatus,Swainson's Thrush,SWTH,141.00,144.00,53.9,t,lite
PC,WLNP-WP-3,88891,General Community Waterton Lakes National Park 2021,598,2021-06-20 07:00:00,285187,180,Cyclarhis gujanensis,Rufous-browed Peppershrike,RBPE,144.00,147.00,25.8,t,lite
PC,WLNP-WP-3,88891,General Community Waterton Lakes National Park 2021,598,2021-06-20 07:00:00,285187,180,Catharus ustulatus,Swainson's Thrush,SWTH,150.00,153.00,66.7,t,lite
PC,WLNP-WP-3,88891,General Community Waterton Lakes National Park 2021,598,2021-06-20 07:00:00,285187,180,Catharus ustulatus,Swainson's Thrush,SWTH,171.00,174.00,25.7,t,lite
PC,WLNP-WP-3,88891,General Community Waterton Lakes National Park 2021,598,2021-06-20 07:00:00,285187,180,Cyclarhis gujanensis,Rufous-browed Peppershrike,RBPE,171.00,174.00,35.2,t,lite
PC,WLNP-WP-3,88891,General Community Waterton Lakes National Park 2021,598,2021-06-20 07:00:00,285187,180,Antrostomus arizonae,Mexican Whip-poor-will,MWPW,177.00,180.00,25.4,t,lite
PC,WLNP-WP-3,88891,General Community Waterton Lakes National Park 2021,598,2021-06-20 07:00:00,285187,180,Antrostomus carolinensis,Chuck-will's-widow,CWWI,177.00,180.00,33.4,t,lite
PC,WLNP-WP-3,88891,General Community Waterton Lakes National Park 2021,598,2021-06-27 22:20:00,284998,180,Catharus ustulatus,Swainson's Thrush,SWTH,0.00,3.00,31.1,t,lite
PC,WLNP-WP-3,88891,General Community Waterton Lakes National Park 2021,598,2021-06-27 22:20:00,284998,180,Cyclarhis gujanensis,Rufous-browed Peppershrike,RBPE,0.00,3.00,32.8,t,lite
PC,WLNP-WP-3,88891,General Community Waterton Lakes National Park 2021,598,2021-06-27 22:20:00,284998,180,Turdus migratorius,American Robin,AMRO,6.00,9.00,36.8,t,lite
PC,WLNP-WP-3,88891,General Community Waterton Lakes National Park 2021,598,2021-06-27 22:20:00,284998,180,Turdus migratorius,American Robin,AMRO,9.00,12.00,25.9,t,lite
PC,WLNP-WP-3,88891,General Community Waterton Lakes National Park 2021,598,2021-06-27 22:20:00,284998,180,Catharus ustulatus,Swainson's Thrush,SWTH,12.00,15.00,67.7,t,lite
PC,WLNP-WP-3,88891,General Community Waterton Lakes National Park 2021,598,2021-06-27 22:20:00,284998,180,Turdus migratorius,American Robin,AMRO,24.00,27.00,43.5,t,lite
PC,WLNP-WP-3,88891,General Community Waterton Lakes National Park 2021,598,2021-06-27 22:20:00,284998,180,Turdus migratorius,American Robin,AMRO,33.00,36.00,70.3,t,lite
PC,WLNP-WP-3,88891,General Community Waterton Lakes National Park 2021,598,2021-06-27 22:20:00,284998,180,Turdus rufitorques,Rufous-collared Robin,RCRO,33.00,36.00,26.1,t,lite
PC,WLNP-WP-3,88891,General Community Waterton Lakes National Park 2021,598,2021-06-27 22:20:00,284998,180,Thripadectes ignobilis,,,39.00,42.00,27.1,f,lite
PC,WLNP-WP-3,88891,General Community Waterton Lakes National Park 2021,598,2021-06-27 22:20:00,284998,180,Turdus merula,Eurasian Blackbird,EUBB,39.00,42.00,26.5,t,lite
PC,WLNP-WP-3,88891,General Community Waterton Lakes National Park 2021,598,2021-06-27 22:20:00,284998,180,Sclerurus albigularis,Gray-throated Leaftosser,GTLE,39.00,42.00,28.5,t,lite
PC,WLNP-WP-3,88891,General Community Waterton Lakes National Park 2021,598,2021-06-27 22:20:00,284998,180,Turdus merula,Eurasian Blackbird,EUBB,42.00,45.00,25.8,t,lite
PC,WLNP-WP-3,88891,General Community Waterton Lakes National Park 2021,598,2021-06-27 22:20:00,284998,180,Turdus migratorius,American Robin,AMRO,42.00,45.00,50.2,t,lite
PC,WLNP-WP-3,88891,General Community Waterton Lakes National Park 2021,598,2021-06-27 22:20:00,284998,180,Turdus migratorius,American Robin,AMRO,48.00,51.00,64.6,t,lite
PC,WLNP-WP-3,88891,General Community Waterton Lakes National Park 2021,598,2021-06-27 22:20:00,284998,180,Turdus migratorius,American Robin,AMRO,51.00,54.00,34.6,t,lite
PC,WLNP-WP-3,88891,General Community Waterton Lakes National Park 2021,598,2021-06-27 22:20:00,284998,180,Turdus migratorius,American Robin,AMRO,54.00,57.00,47.8,t,lite
PC,WLNP-WP-3,88891,General Community Waterton Lakes National Park 2021,598,2021-06-27 22:20:00,284998,180,Turdus migratorius,American Robin,AMRO,57.00,60.00,74.4,t,lite
PC,WLNP-WP-3,88891,General Community Waterton Lakes National Park 2021,598,2021-06-27 22:20:00,284998,180,Turdus rufitorques,Rufous-collared Robin,RCRO,57.00,60.00,35.6,t,lite
PC,WLNP-WP-3,88891,General Community Waterton Lakes National Park 2021,598,2021-06-27 22:20:00,284998,180,Turdus migratorius,American Robin,AMRO,60.00,63.00,45.0,t,lite
PC,WLNP-WP-3,88891,General Community Waterton Lakes National Park 2021,598,2021-06-27 22:20:00,284998,180,Turdus rufitorques,Rufous-collared Robin,RCRO,63.00,66.00,48.1,t,lite
PC,WLNP-WP-3,88891,General Community Waterton Lakes National Park 2021,598,2021-06-27 22:20:00,284998,180,Turdus migratorius,American Robin,AMRO,63.00,66.00,85.2,t,lite
PC,WLNP-WP-3,88891,General Community Waterton Lakes National Park 2021,598,2021-06-27 22:20:00,284998,180,Scytalopus novacapitalis,,,66.00,69.00,43.3,f,lite
PC,WLNP-WP-3,88891,General Community Waterton Lakes National Park 2021,598,2021-06-27 22:20:00,284998,180,Turdus migratorius,American Robin,AMRO,66.00,69.00,74.2,t,lite
PC,WLNP-WP-3,88891,General Community Waterton Lakes National Park 2021,598,2021-06-27 22:20:00,284998,180,Turdus migratorius,American Robin,AMRO,69.00,72.00,61.7,t,lite
PC,WLNP-WP-3,88891,General Community Waterton Lakes National Park 2021,598,2021-06-27 22:20:00,284998,180,Turdus migratorius,American Robin,AMRO,72.00,75.00,55.2,t,lite
PC,WLNP-WP-3,88891,General Community Waterton Lakes National Park 2021,598,2021-06-27 22:20:00,284998,180,Turdus migratorius,American Robin,AMRO,75.00,78.00,63.3,t,lite
PC,WLNP-WP-3,88891,General Community Waterton Lakes National Park 2021,598,2021-06-27 22:20:00,284998,180,Turdus migratorius,American Robin,AMRO,78.00,81.00,80.6,t,lite
PC,WLNP-WP-3,88891,General Community Waterton Lakes National Park 2021,598,2021-06-27 22:20:00,284998,180,Turdus migratorius,American Robin,AMRO,81.00,84.00,72.3,t,lite
PC,WLNP-WP-3,88891,General Community Waterton Lakes National Park 2021,598,2021-06-27 22:20:00,284998,180,Turdus rufitorques,Rufous-collared Robin,RCRO,84.00,87.00,36.0,t,lite
PC,WLNP-WP-3,88891,General Community Waterton Lakes National Park 2021,598,2021-06-27 22:20:00,284998,180,Turdus eunomus,,,84.00,87.00,44.0,f,lite
PC,WLNP-WP-3,88891,General Community Waterton Lakes National Park 2021,598,2021-06-27 22:20:00,284998,180,Turdus fuscater,,,84.00,87.00,71.9,f,lite
PC,WLNP-WP-3,88891,General Community Waterton Lakes National Park 2021,598,2021-06-27 22:20:00,284998,180,Turdus migratorius,American Robin,AMRO,84.00,87.00,67.9,t,lite
PC,WLNP-WP-3,88891,General Community Waterton Lakes National Park 2021,598,2021-06-27 22:20:00,284998,180,Turdus migratorius,American Robin,AMRO,87.00,90.00,66.1,t,lite
PC,WLNP-WP-3,88891,General Community Waterton Lakes National Park 2021,598,2021-06-27 22:20:00,284998,180,Hafferia zeledoni,,,90.00,93.00,42.2,f,lite
PC,WLNP-WP-3,88891,General Community Waterton Lakes National Park 2021,598,2021-06-27 22:20:00,284998,180,Turdus migratorius,American Robin,AMRO,90.00,93.00,55.2,t,lite
PC,WLNP-WP-3,88891,General Community Waterton Lakes National Park 2021,598,2021-06-27 22:20:00,284998,180,Turdus migratorius,American Robin,AMRO,93.00,96.00,52.8,t,lite
PC,WLNP-WP-3,88891,General Community Waterton Lakes National Park 2021,598,2021-06-27 22:20:00,284998,180,Hafferia zeledoni,,,93.00,96.00,29.1,f,lite
PC,WLNP-WP-3,88891,General Community Waterton Lakes National Park 2021,598,2021-06-27 22:20:00,284998,180,Turdus migratorius,American Robin,AMRO,96.00,99.00,85.6,t,lite
PC,WLNP-WP-3,88891,General Community Waterton Lakes National Park 2021,598,2021-06-27 22:20:00,284998,180,Scytalopus novacapitalis,,,96.00,99.00,50.2,f,lite
PC,WLNP-WP-3,88891,General Community Waterton Lakes National Park 2021,598,2021-06-27 22:20:00,284998,180,Turdus migratorius,American Robin,AMRO,99.00,102.00,61.5,t,lite
PC,WLNP-WP-3,88891,General Community Waterton Lakes National Park 2021,598,2021-06-27 22:20:00,284998,180,Turdus rufitorques,Rufous-collared Robin,RCRO,102.00,105.00,34.1,t,lite
PC,WLNP-WP-3,88891,General Community Waterton Lakes National Park 2021,598,2021-06-27 22:20:00,284998,180,Turdus migratorius,American Robin,AMRO,102.00,105.00,93.6,t,lite
PC,WLNP-WP-3,88891,General Community Waterton Lakes National Park 2021,598,2021-06-27 22:20:00,284998,180,Hafferia zeledoni,,,105.00,108.00,30.2,f,lite
PC,WLNP-WP-3,88891,General Community Waterton Lakes National Park 2021,598,2021-06-27 22:20:00,284998,180,Turdus migratorius,American Robin,AMRO,105.00,108.00,62.9,t,lite
PC,WLNP-WP-3,88891,General Community Waterton Lakes National Park 2021,598,2021-06-27 22:20:00,284998,180,Turdus migratorius,American Robin,AMRO,108.00,111.00,29.2,t,lite
PC,WLNP-WP-3,88891,General Community Waterton Lakes National Park 2021,598,2021-06-27 22:20:00,284998,180,Turdus migratorius,American Robin,AMRO,111.00,114.00,83.1,t,lite
PC,WLNP-WP-3,88891,General Community Waterton Lakes National Park 2021,598,2021-06-27 22:20:00,284998,180,Hafferia zeledoni,,,114.00,117.00,25.5,f,lite
PC,WLNP-WP-3,88891,General Community Waterton Lakes National Park 2021,598,2021-06-27 22:20:00,284998,180,Furnarius leucopus,,,114.00,117.00,32.0,f,lite
PC,WLNP-WP-3,88891,General Community Waterton Lakes National Park 2021,598,2021-06-27 22:20:00,284998,180,Turdus migratorius,American Robin,AMRO,114.00,117.00,55.8,t,lite
PC,WLNP-WP-3,88891,General Community Waterton Lakes National Park 2021,598,2021-06-27 22:20:00,284998,180,Turdus migratorius,American Robin,AMRO,117.00,120.00,82.7,t,lite
PC,WLNP-WP-3,88891,General Community Waterton Lakes National Park 2021,598,2021-06-27 22:20:00,284998,180,Conopophaga castaneiceps,,,117.00,120.00,31.3,f,lite
PC,WLNP-WP-3,88891,General Community Waterton Lakes National Park 2021,598,2021-06-27 22:20:00,284998,180,Turdus migratorius,American Robin,AMRO,120.00,123.00,59.2,t,lite
PC,WLNP-WP-3,88891,General Community Waterton Lakes National Park 2021,598,2021-06-27 22:20:00,284998,180,Furnarius leucopus,,,123.00,126.00,26.4,f,lite
PC,WLNP-WP-3,88891,General Community Waterton Lakes National Park 2021,598,2021-06-27 22:20:00,284998,180,Turdus migratorius,American Robin,AMRO,123.00,126.00,80.7,t,lite
PC,WLNP-WP-3,88891,General Community Waterton Lakes National Park 2021,598,2021-06-27 22:20:00,284998,180,Turdus migratorius,American Robin,AMRO,126.00,129.00,84.3,t,lite
PC,WLNP-WP-3,88891,General Community Waterton Lakes National Park 2021,598,2021-06-27 22:20:00,284998,180,Turdus rufitorques,Rufous-collared Robin,RCRO,126.00,129.00,43.6,t,lite
PC,WLNP-WP-3,88891,General Community Waterton Lakes National Park 2021,598,2021-06-27 22:20:00,284998,180,Turdus migratorius,American Robin,AMRO,129.00,132.00,35.6,t,lite
PC,WLNP-WP-3,88891,General Community Waterton Lakes National Park 2021,598,2021-06-27 22:20:00,284998,180,Turdus migratorius,American Robin,AMRO,132.00,135.00,57.3,t,lite
PC,WLNP-WP-3,88891,General Community Waterton Lakes National Park 2021,598,2021-06-27 22:20:00,284998,180,Turdus migratorius,American Robin,AMRO,135.00,138.00,33.8,t,lite
PC,WLNP-WP-3,88891,General Community Waterton Lakes National Park 2021,598,2021-06-27 22:20:00,284998,180,Hafferia zeledoni,,,138.00,141.00,26.1,f,lite
PC,WLNP-WP-3,88891,General Community Waterton Lakes National Park 2021,598,2021-06-27 22:20:00,284998,180,Turdus migratorius,American Robin,AMRO,138.00,141.00,58.1,t,lite
PC,WLNP-WP-3,88891,General Community Waterton Lakes National Park 2021,598,2021-06-27 22:20:00,284998,180,Hemitriccus furcatus,,,141.00,144.00,28.6,f,lite
PC,WLNP-WP-3,88891,General Community Waterton Lakes National Park 2021,598,2021-06-27 22:20:00,284998,180,Phyllomyias virescens,,,144.00,147.00,38.9,f,lite
PC,WLNP-WP-3,88891,General Community Waterton Lakes National Park 2021,598,2021-06-27 22:20:00,284998,180,Turdus migratorius,American Robin,AMRO,144.00,147.00,25.4,t,lite
PC,WLNP-WP-3,88891,General Community Waterton Lakes National Park 2021,598,2021-06-27 22:20:00,284998,180,Turdus migratorius,American Robin,AMRO,147.00,150.00,38.5,t,lite
PC,WLNP-WP-3,88891,General Community Waterton Lakes National Park 2021,598,2021-06-27 22:20:00,284998,180,Turdus migratorius,American Robin,AMRO,150.00,153.00,29.8,t,lite
PC,WLNP-WP-3,88891,General Community Waterton Lakes National Park 2021,598,2021-06-27 22:20:00,284998,180,Turdus merula,Eurasian Blackbird,EUBB,156.00,159.00,29.6,t,lite
PC,WLNP-WP-3,88891,General Community Waterton Lakes National Park 2021,598,2021-06-27 22:20:00,284998,180,Turdus migratorius,American Robin,AMRO,159.00,162.00,35.4,t,lite
PC,WLNP-WP-3,88891,General Community Waterton Lakes National Park 2021,598,2021-06-27 22:20:00,284998,180,Clamator coromandus,,,165.00,168.00,28.3,f,lite
PC,WLNP-WP-3,88891,General Community Waterton Lakes National Park 2021,598,2021-06-27 22:20:00,284998,180,Catharus ustulatus,Swainson's Thrush,SWTH,177.00,180.00,52.7,t,lite
PC,WLNP-WP-3,88891,General Community Waterton Lakes National Park 2021,598,2021-06-28 23:40:00,285128,180,*NOT GENERATED/FOUND*,,,,,,f,lite
PC,WLNP-WP-3,88891,General Community Waterton Lakes National Park 2021,598,2021-07-01 06:00:00,285084,180,Junco hyemalis,Dark-eyed Junco,DEJU,0.00,3.00,31.5,t,lite
PC,WLNP-WP-3,88891,General Community Waterton Lakes National Park 2021,598,2021-07-01 06:00:00,285084,180,Odontorchilus cinereus,,,6.00,9.00,28.4,f,lite
PC,WLNP-WP-3,88891,General Community Waterton Lakes National Park 2021,598,2021-07-01 06:00:00,285084,180,Junco hyemalis,Dark-eyed Junco,DEJU,15.00,18.00,28.1,t,lite
PC,WLNP-WP-3,88891,General Community Waterton Lakes National Park 2021,598,2021-07-01 06:00:00,285084,180,Junco hyemalis,Dark-eyed Junco,DEJU,24.00,27.00,32.2,t,lite
PC,WLNP-WP-3,88891,General Community Waterton Lakes National Park 2021,598,2021-07-01 06:00:00,285084,180,Geothlypis philadelphia,Mourning Warbler,MOWA,57.00,60.00,37.6,t,lite
PC,WLNP-WP-3,88891,General Community Waterton Lakes National Park 2021,598,2021-07-01 06:00:00,285084,180,Geothlypis tolmiei,MacGillivray's Warbler,MGWA,57.00,60.00,28.5,t,lite
PC,WLNP-WP-3,88891,General Community Waterton Lakes National Park 2021,598,2021-07-01 06:00:00,285084,180,Catharus ustulatus,Swainson's Thrush,SWTH,81.00,84.00,37.6,t,lite
PC,WLNP-WP-3,88891,General Community Waterton Lakes National Park 2021,598,2021-07-01 06:00:00,285084,180,Catharus ustulatus,Swainson's Thrush,SWTH,123.00,126.00,32.1,t,lite
PC,WLNP-WP-3,88891,General Community Waterton Lakes National Park 2021,598,2021-07-01 06:00:00,285084,180,Catharus ustulatus,Swainson's Thrush,SWTH,156.00,159.00,30.4,t,lite
PC,WLNP-WP-3,88891,General Community Waterton Lakes National Park 2021,598,2021-07-01 06:00:00,285084,180,Spinus pinus,Pine Siskin,PISI,162.00,165.00,36.4,t,lite
PC,WLNP-WP-3,88891,General Community Waterton Lakes National Park 2021,598,2021-07-01 06:00:00,285084,180,Myioborus pictus,Painted Redstart,PARE,165.00,168.00,33.0,t,lite
PC,WLNP-WP-3,88891,General Community Waterton Lakes National Park 2021,598,2021-07-02 22:00:00,285082,180,Catharus ustulatus,Swainson's Thrush,SWTH,0.00,3.00,52.8,t,lite
PC,WLNP-WP-3,88891,General Community Waterton Lakes National Park 2021,598,2021-07-02 22:00:00,285082,180,Catharus ustulatus,Swainson's Thrush,SWTH,3.00,6.00,48.1,t,lite
PC,WLNP-WP-3,88891,General Community Waterton Lakes National Park 2021,598,2021-07-02 22:00:00,285082,180,Turdus merula,Eurasian Blackbird,EUBB,3.00,6.00,30.0,t,lite
PC,WLNP-WP-3,88891,General Community Waterton Lakes National Park 2021,598,2021-07-02 22:00:00,285082,180,Larvivora cyane,,,6.00,9.00,27.2,f,lite
PC,WLNP-WP-3,88891,General Community Waterton Lakes National Park 2021,598,2021-07-02 22:00:00,285082,180,Catharus ustulatus,Swainson's Thrush,SWTH,6.00,9.00,55.5,t,lite
PC,WLNP-WP-3,88891,General Community Waterton Lakes National Park 2021,598,2021-07-02 22:00:00,285082,180,Catharus ustulatus,Swainson's Thrush,SWTH,12.00,15.00,84.2,t,lite
PC,WLNP-WP-3,88891,General Community Waterton Lakes National Park 2021,598,2021-07-02 22:00:00,285082,180,Catharus ustulatus,Swainson's Thrush,SWTH,15.00,18.00,64.8,t,lite
PC,WLNP-WP-3,88891,General Community Waterton Lakes National Park 2021,598,2021-07-02 22:00:00,285082,180,Catharus ustulatus,Swainson's Thrush,SWTH,21.00,24.00,61.1,t,lite
PC,WLNP-WP-3,88891,General Community Waterton Lakes National Park 2021,598,2021-07-02 22:00:00,285082,180,Cossypha caffra,,,27.00,30.00,29.6,f,lite
PC,WLNP-WP-3,88891,General Community Waterton Lakes National Park 2021,598,2021-07-02 22:00:00,285082,180,Horornis seebohmi,,,27.00,30.00,25.9,f,lite
PC,WLNP-WP-3,88891,General Community Waterton Lakes National Park 2021,598,2021-07-02 22:00:00,285082,180,Henicorhina leucophrys,Gray-breasted Wood-Wren,GBWW,27.00,30.00,31.8,t,lite
PC,WLNP-WP-3,88891,General Community Waterton Lakes National Park 2021,598,2021-07-02 22:00:00,285082,180,Catharus ustulatus,Swainson's Thrush,SWTH,27.00,30.00,85.2,t,lite
PC,WLNP-WP-3,88891,General Community Waterton Lakes National Park 2021,598,2021-07-02 22:00:00,285082,180,Larvivora cyane,,,30.00,33.00,40.1,f,lite
PC,WLNP-WP-3,88891,General Community Waterton Lakes National Park 2021,598,2021-07-02 22:00:00,285082,180,Catharus ustulatus,Swainson's Thrush,SWTH,30.00,33.00,33.1,t,lite
PC,WLNP-WP-3,88891,General Community Waterton Lakes National Park 2021,598,2021-07-02 22:00:00,285082,180,Catharus ustulatus,Swainson's Thrush,SWTH,33.00,36.00,38.7,t,lite
PC,WLNP-WP-3,88891,General Community Waterton Lakes National Park 2021,598,2021-07-02 22:00:00,285082,180,Catharus ustulatus,Swainson's Thrush,SWTH,36.00,39.00,58.2,t,lite
PC,WLNP-WP-3,88891,General Community Waterton Lakes National Park 2021,598,2021-07-02 22:00:00,285082,180,Catharus ustulatus,Swainson's Thrush,SWTH,42.00,45.00,80.3,t,lite
PC,WLNP-WP-3,88891,General Community Waterton Lakes National Park 2021,598,2021-07-02 22:00:00,285082,180,Henicorhina leucophrys,Gray-breasted Wood-Wren,GBWW,48.00,51.00,36.8,t,lite
PC,WLNP-WP-3,88891,General Community Waterton Lakes National Park 2021,598,2021-07-02 22:00:00,285082,180,Catharus ustulatus,Swainson's Thrush,SWTH,48.00,51.00,30.6,t,lite
PC,WLNP-WP-3,88891,General Community Waterton Lakes National Park 2021,598,2021-07-02 22:00:00,285082,180,Catharus ustulatus,Swainson's Thrush,SWTH,51.00,54.00,39.6,t,lite
PC,WLNP-WP-3,88891,General Community Waterton Lakes National Park 2021,598,2021-07-02 22:00:00,285082,180,Catharus guttatus,Hermit Thrush,HETH,51.00,54.00,47.5,t,lite
PC,WLNP-WP-3,88891,General Community Waterton Lakes National Park 2021,598,2021-07-02 22:00:00,285082,180,Larvivora cyane,,,51.00,54.00,25.5,f,lite
PC,WLNP-WP-3,88891,General Community Waterton Lakes National Park 2021,598,2021-07-02 22:00:00,285082,180,Catharus ustulatus,Swainson's Thrush,SWTH,54.00,57.00,46.5,t,lite
PC,WLNP-WP-3,88891,General Community Waterton Lakes National Park 2021,598,2021-07-02 22:00:00,285082,180,Catharus ustulatus,Swainson's Thrush,SWTH,57.00,60.00,91.4,t,lite
PC,WLNP-WP-3,88891,General Community Waterton Lakes National Park 2021,598,2021-07-02 22:00:00,285082,180,Catharus ustulatus,Swainson's Thrush,SWTH,60.00,63.00,49.0,t,lite
PC,WLNP-WP-3,88891,General Community Waterton Lakes National Park 2021,598,2021-07-02 22:00:00,285082,180,Larvivora cyane,,,66.00,69.00,25.3,f,lite
PC,WLNP-WP-3,88891,General Community Waterton Lakes National Park 2021,598,2021-07-02 22:00:00,285082,180,Catharus ustulatus,Swainson's Thrush,SWTH,66.00,69.00,74.9,t,lite
PC,WLNP-WP-3,88891,General Community Waterton Lakes National Park 2021,598,2021-07-02 22:00:00,285082,180,Pellorneum rostratum,,,69.00,72.00,29.2,f,lite
PC,WLNP-WP-3,88891,General Community Waterton Lakes National Park 2021,598,2021-07-02 22:00:00,285082,180,Brachypodius urostictus,,,69.00,72.00,31.2,f,lite
PC,WLNP-WP-3,88891,General Community Waterton Lakes National Park 2021,598,2021-07-02 22:00:00,285082,180,Henicorhina leucophrys,Gray-breasted Wood-Wren,GBWW,69.00,72.00,27.9,t,lite
PC,WLNP-WP-3,88891,General Community Waterton Lakes National Park 2021,598,2021-07-02 22:00:00,285082,180,Catharus ustulatus,Swainson's Thrush,SWTH,69.00,72.00,46.5,t,lite
PC,WLNP-WP-3,88891,General Community Waterton Lakes National Park 2021,598,2021-07-02 22:00:00,285082,180,Catharus ustulatus,Swainson's Thrush,SWTH,72.00,75.00,79.2,t,lite
PC,WLNP-WP-3,88891,General Community Waterton Lakes National Park 2021,598,2021-07-02 22:00:00,285082,180,Phylloscopus sarasinorum,,,75.00,78.00,25.4,f,lite
PC,WLNP-WP-3,88891,General Community Waterton Lakes National Park 2021,598,2021-07-02 22:00:00,285082,180,Catharus ustulatus,Swainson's Thrush,SWTH,75.00,78.00,67.4,t,lite
PC,WLNP-WP-3,88891,General Community Waterton Lakes National Park 2021,598,2021-07-02 22:00:00,285082,180,Pellorneum rostratum,,,78.00,81.00,27.2,f,lite
PC,WLNP-WP-3,88891,General Community Waterton Lakes National Park 2021,598,2021-07-02 22:00:00,285082,180,Catharus ustulatus,Swainson's Thrush,SWTH,78.00,81.00,32.0,t,lite
PC,WLNP-WP-3,88891,General Community Waterton Lakes National Park 2021,598,2021-07-02 22:00:00,285082,180,Catharus ustulatus,Swainson's Thrush,SWTH,81.00,84.00,43.9,t,lite
PC,WLNP-WP-3,88891,General Community Waterton Lakes National Park 2021,598,2021-07-02 22:00:00,285082,180,Catharus ustulatus,Swainson's Thrush,SWTH,84.00,87.00,56.4,t,lite
PC,WLNP-WP-3,88891,General Community Waterton Lakes National Park 2021,598,2021-07-02 22:00:00,285082,180,Catharus ustulatus,Swainson's Thrush,SWTH,87.00,90.00,62.3,t,lite
PC,WLNP-WP-3,88891,General Community Waterton Lakes National Park 2021,598,2021-07-02 22:00:00,285082,180,Catharus ustulatus,Swainson's Thrush,SWTH,90.00,93.00,53.7,t,lite
PC,WLNP-WP-3,88891,General Community Waterton Lakes National Park 2021,598,2021-07-02 22:00:00,285082,180,Catharus ustulatus,Swainson's Thrush,SWTH,93.00,96.00,59.6,t,lite
PC,WLNP-WP-3,88891,General Community Waterton Lakes National Park 2021,598,2021-07-02 22:00:00,285082,180,Catharus ustulatus,Swainson's Thrush,SWTH,96.00,99.00,44.2,t,lite
PC,WLNP-WP-3,88891,General Community Waterton Lakes National Park 2021,598,2021-07-02 22:00:00,285082,180,Catharus ustulatus,Swainson's Thrush,SWTH,99.00,102.00,28.8,t,lite
PC,WLNP-WP-3,88891,General Community Waterton Lakes National Park 2021,598,2021-07-02 22:00:00,285082,180,Criniger calurus,,,99.00,102.00,29.1,f,lite
PC,WLNP-WP-3,88891,General Community Waterton Lakes National Park 2021,598,2021-07-02 22:00:00,285082,180,Cyclarhis gujanensis,Rufous-browed Peppershrike,RBPE,99.00,102.00,31.5,t,lite
PC,WLNP-WP-3,88891,General Community Waterton Lakes National Park 2021,598,2021-07-02 22:00:00,285082,180,Catharus ustulatus,Swainson's Thrush,SWTH,102.00,105.00,49.7,t,lite
PC,WLNP-WP-3,88891,General Community Waterton Lakes National Park 2021,598,2021-07-02 22:00:00,285082,180,Catharus ustulatus,Swainson's Thrush,SWTH,105.00,108.00,31.9,t,lite
PC,WLNP-WP-3,88891,General Community Waterton Lakes National Park 2021,598,2021-07-02 22:00:00,285082,180,Catharus ustulatus,Swainson's Thrush,SWTH,108.00,111.00,35.6,t,lite
PC,WLNP-WP-3,88891,General Community Waterton Lakes National Park 2021,598,2021-07-02 22:00:00,285082,180,Pyrrhula nipalensis,,,111.00,114.00,28.9,f,lite
PC,WLNP-WP-3,88891,General Community Waterton Lakes National Park 2021,598,2021-07-02 22:00:00,285082,180,Catharus ustulatus,Swainson's Thrush,SWTH,114.00,117.00,78.4,t,lite
PC,WLNP-WP-3,88891,General Community Waterton Lakes National Park 2021,598,2021-07-02 22:00:00,285082,180,Catharus ustulatus,Swainson's Thrush,SWTH,120.00,123.00,69.4,t,lite
PC,WLNP-WP-3,88891,General Community Waterton Lakes National Park 2021,598,2021-07-02 22:00:00,285082,180,Catharus ustulatus,Swainson's Thrush,SWTH,126.00,129.00,82.0,t,lite
PC,WLNP-WP-3,88891,General Community Waterton Lakes National Park 2021,598,2021-07-02 22:00:00,285082,180,Larvivora cyane,,,129.00,132.00,47.6,f,lite
PC,WLNP-WP-3,88891,General Community Waterton Lakes National Park 2021,598,2021-07-02 22:00:00,285082,180,Catharus ustulatus,Swainson's Thrush,SWTH,129.00,132.00,28.4,t,lite
PC,WLNP-WP-3,88891,General Community Waterton Lakes National Park 2021,598,2021-07-02 22:00:00,285082,180,Catharus guttatus,Hermit Thrush,HETH,129.00,132.00,32.8,t,lite
PC,WLNP-WP-3,88891,General Community Waterton Lakes National Park 2021,598,2021-07-02 22:00:00,285082,180,Catharus ustulatus,Swainson's Thrush,SWTH,132.00,135.00,69.7,t,lite
PC,WLNP-WP-3,88891,General Community Waterton Lakes National Park 2021,598,2021-07-02 22:00:00,285082,180,Catharus ustulatus,Swainson's Thrush,SWTH,135.00,138.00,58.0,t,lite
PC,WLNP-WP-3,88891,General Community Waterton Lakes National Park 2021,598,2021-07-02 22:00:00,285082,180,Catharus ustulatus,Swainson's Thrush,SWTH,138.00,141.00,29.6,t,lite
PC,WLNP-WP-3,88891,General Community Waterton Lakes National Park 2021,598,2021-07-02 22:00:00,285082,180,Catharus ustulatus,Swainson's Thrush,SWTH,144.00,147.00,40.0,t,lite
PC,WLNP-WP-3,88891,General Community Waterton Lakes National Park 2021,598,2021-07-02 22:00:00,285082,180,Catharus ustulatus,Swainson's Thrush,SWTH,150.00,153.00,44.4,t,lite
PC,WLNP-WP-3,88891,General Community Waterton Lakes National Park 2021,598,2021-07-02 22:00:00,285082,180,Catharus ustulatus,Swainson's Thrush,SWTH,153.00,156.00,49.1,t,lite
PC,WLNP-WP-3,88891,General Community Waterton Lakes National Park 2021,598,2021-07-02 22:00:00,285082,180,Catharus ustulatus,Swainson's Thrush,SWTH,159.00,162.00,56.9,t,lite
PC,WLNP-WP-3,88891,General Community Waterton Lakes National Park 2021,598,2021-07-02 22:00:00,285082,180,Catharus ustulatus,Swainson's Thrush,SWTH,162.00,165.00,25.6,t,lite
PC,WLNP-WP-3,88891,General Community Waterton Lakes National Park 2021,598,2021-07-02 22:00:00,285082,180,Catharus ustulatus,Swainson's Thrush,SWTH,165.00,168.00,35.9,t,lite
PC,WLNP-WP-3,88891,General Community Waterton Lakes National Park 2021,598,2021-07-02 22:00:00,285082,180,Catharus ustulatus,Swainson's Thrush,SWTH,168.00,171.00,57.1,t,lite
PC,WLNP-WP-3,88891,General Community Waterton Lakes National Park 2021,598,2021-07-02 22:00:00,285082,180,Catharus ustulatus,Swainson's Thrush,SWTH,174.00,177.00,74.6,t,lite
PC,WLNP-WP-3,88891,General Community Waterton Lakes National Park 2021,598,2021-07-02 22:00:00,285082,180,Catharus ustulatus,Swainson's Thrush,SWTH,177.00,180.00,33.0,t,lite
PC,WLNP-WP-3,88891,General Community Waterton Lakes National Park 2021,598,2021-07-02 22:00:00,285082,180,Larvivora cyane,,,177.00,180.00,37.6,f,lite
PC,WLNP-WP-3,88891,General Community Waterton Lakes National Park 2021,598,2021-07-04 07:00:00,285098,180,Catharus ustulatus,Swainson's Thrush,SWTH,12.00,15.00,30.3,t,lite
PC,WLNP-WP-3,88891,General Community Waterton Lakes National Park 2021,598,2021-07-04 07:00:00,285098,180,Pellorneum rostratum,,,12.00,15.00,45.8,f,lite
PC,WLNP-WP-3,88891,General Community Waterton Lakes National Park 2021,598,2021-07-04 07:00:00,285098,180,Catharus ustulatus,Swainson's Thrush,SWTH,18.00,21.00,50.2,t,lite
PC,WLNP-WP-3,88891,General Community Waterton Lakes National Park 2021,598,2021-07-04 07:00:00,285098,180,Catharus ustulatus,Swainson's Thrush,SWTH,27.00,30.00,62.8,t,lite
PC,WLNP-WP-3,88891,General Community Waterton Lakes National Park 2021,598,2021-07-04 07:00:00,285098,180,Catharus ustulatus,Swainson's Thrush,SWTH,33.00,36.00,38.8,t,lite
PC,WLNP-WP-3,88891,General Community Waterton Lakes National Park 2021,598,2021-07-04 07:00:00,285098,180,Henicorhina leucophrys,Gray-breasted Wood-Wren,GBWW,33.00,36.00,25.3,t,lite
PC,WLNP-WP-3,88891,General Community Waterton Lakes National Park 2021,598,2021-07-04 07:00:00,285098,180,Henicorhina leucophrys,Gray-breasted Wood-Wren,GBWW,36.00,39.00,28.6,t,lite
PC,WLNP-WP-3,88891,General Community Waterton Lakes National Park 2021,598,2021-07-04 07:00:00,285098,180,Pellorneum rostratum,,,36.00,39.00,27.8,f,lite
PC,WLNP-WP-3,88891,General Community Waterton Lakes National Park 2021,598,2021-07-04 07:00:00,285098,180,Catharus ustulatus,Swainson's Thrush,SWTH,36.00,39.00,49.9,t,lite
PC,WLNP-WP-3,88891,General Community Waterton Lakes National Park 2021,598,2021-07-04 07:00:00,285098,180,Pheugopedius maculipectus,Spot-breasted Wren,SBSW,39.00,42.00,32.2,t,lite
PC,WLNP-WP-3,88891,General Community Waterton Lakes National Park 2021,598,2021-07-04 07:00:00,285098,180,Catharus ustulatus,Swainson's Thrush,SWTH,45.00,48.00,48.6,t,lite
PC,WLNP-WP-3,88891,General Community Waterton Lakes National Park 2021,598,2021-07-04 07:00:00,285098,180,Catharus ustulatus,Swainson's Thrush,SWTH,51.00,54.00,33.5,t,lite
PC,WLNP-WP-3,88891,General Community Waterton Lakes National Park 2021,598,2021-07-04 07:00:00,285098,180,Catharus ustulatus,Swainson's Thrush,SWTH,57.00,60.00,51.1,t,lite
PC,WLNP-WP-3,88891,General Community Waterton Lakes National Park 2021,598,2021-07-04 07:00:00,285098,180,Catharus ustulatus,Swainson's Thrush,SWTH,63.00,66.00,25.7,t,lite
PC,WLNP-WP-3,88891,General Community Waterton Lakes National Park 2021,598,2021-07-04 07:00:00,285098,180,Poecile gambeli,Mountain Chickadee,MOCH,63.00,66.00,41.7,t,lite
PC,WLNP-WP-3,88891,General Community Waterton Lakes National Park 2021,598,2021-07-04 07:00:00,285098,180,Poecile gambeli,Mountain Chickadee,MOCH,69.00,72.00,57.4,t,lite
PC,WLNP-WP-3,88891,General Community Waterton Lakes National Park 2021,598,2021-07-04 07:00:00,285098,180,Poecile gambeli,Mountain Chickadee,MOCH,72.00,75.00,74.4,t,lite
PC,WLNP-WP-3,88891,General Community Waterton Lakes National Park 2021,598,2021-07-04 07:00:00,285098,180,Catharus guttatus,Hermit Thrush,HETH,75.00,78.00,29.5,t,lite
PC,WLNP-WP-3,88891,General Community Waterton Lakes National Park 2021,598,2021-07-04 07:00:00,285098,180,Poecile gambeli,Mountain Chickadee,MOCH,78.00,81.00,61.2,t,lite
PC,WLNP-WP-3,88891,General Community Waterton Lakes National Park 2021,598,2021-07-04 07:00:00,285098,180,Geothlypis trichas,Common Yellowthroat,COYE,84.00,87.00,29.5,t,lite
PC,WLNP-WP-3,88891,General Community Waterton Lakes National Park 2021,598,2021-07-04 07:00:00,285098,180,Catharus ustulatus,Swainson's Thrush,SWTH,87.00,90.00,37.9,t,lite
PC,WLNP-WP-3,88891,General Community Waterton Lakes National Park 2021,598,2021-07-04 07:00:00,285098,180,Poecile gambeli,Mountain Chickadee,MOCH,90.00,93.00,27.8,t,lite
PC,WLNP-WP-3,88891,General Community Waterton Lakes National Park 2021,598,2021-07-04 07:00:00,285098,180,Catharus ustulatus,Swainson's Thrush,SWTH,93.00,96.00,55.0,t,lite
PC,WLNP-WP-3,88891,General Community Waterton Lakes National Park 2021,598,2021-07-04 07:00:00,285098,180,Catharus ustulatus,Swainson's Thrush,SWTH,99.00,102.00,25.7,t,lite
PC,WLNP-WP-3,88891,General Community Waterton Lakes National Park 2021,598,2021-07-04 07:00:00,285098,180,Pellorneum rostratum,,,108.00,111.00,52.6,f,lite
PC,WLNP-WP-3,88891,General Community Waterton Lakes National Park 2021,598,2021-07-04 07:00:00,285098,180,Brachypodius urostictus,,,108.00,111.00,26.8,f,lite
PC,WLNP-WP-3,88891,General Community Waterton Lakes National Park 2021,598,2021-07-04 07:00:00,285098,180,Turdus libonyana,,,108.00,111.00,26.9,f,lite
PC,WLNP-WP-3,88891,General Community Waterton Lakes National Park 2021,598,2021-07-04 07:00:00,285098,180,Catharus ustulatus,Swainson's Thrush,SWTH,108.00,111.00,53.1,t,lite
PC,WLNP-WP-3,88891,General Community Waterton Lakes National Park 2021,598,2021-07-04 07:00:00,285098,180,Contopus cooperi,Olive-sided Flycatcher,OSFL,108.00,111.00,38.9,t,lite
PC,WLNP-WP-3,88891,General Community Waterton Lakes National Park 2021,598,2021-07-04 07:00:00,285098,180,Pheugopedius maculipectus,Spot-breasted Wren,SBSW,111.00,114.00,25.7,t,lite
PC,WLNP-WP-3,88891,General Community Waterton Lakes National Park 2021,598,2021-07-04 07:00:00,285098,180,Catharus ustulatus,Swainson's Thrush,SWTH,114.00,117.00,48.4,t,lite
PC,WLNP-WP-3,88891,General Community Waterton Lakes National Park 2021,598,2021-07-04 07:00:00,285098,180,Turdus libonyana,,,114.00,117.00,28.6,f,lite
PC,WLNP-WP-3,88891,General Community Waterton Lakes National Park 2021,598,2021-07-04 07:00:00,285098,180,Ficedula zanthopygia,,,114.00,117.00,27.2,f,lite
PC,WLNP-WP-3,88891,General Community Waterton Lakes National Park 2021,598,2021-07-04 07:00:00,285098,180,Catharus ustulatus,Swainson's Thrush,SWTH,141.00,144.00,54.0,t,lite
PC,WLNP-WP-3,88891,General Community Waterton Lakes National Park 2021,598,2021-07-04 07:00:00,285098,180,Catharus ustulatus,Swainson's Thrush,SWTH,147.00,150.00,38.0,t,lite
PC,WLNP-WP-3,88891,General Community Waterton Lakes National Park 2021,598,2021-07-04 07:00:00,285098,180,Cyanoptila cyanomelana,,,159.00,162.00,27.9,f,lite
PC,WLNP-WP-3,88891,General Community Waterton Lakes National Park 2021,598,2021-07-04 07:00:00,285098,180,Cyanoptila cyanomelana,,,168.00,171.00,26.7,f,lite
PC,WLNP-WP-3,88891,General Community Waterton Lakes National Park 2021,598,2021-07-04 07:00:00,285098,180,Catharus ustulatus,Swainson's Thrush,SWTH,174.00,177.00,35.6,t,lite
PC,WLNP-WP-3,88891,General Community Waterton Lakes National Park 2021,598,2021-07-05 06:20:00,285212,180,Phyllomyias griseiceps,Sooty-headed Tyrannulet,SHTY,3.00,6.00,29.8,t,lite
PC,WLNP-WP-3,88891,General Community Waterton Lakes National Park 2021,598,2021-07-05 06:20:00,285212,180,Molothrus ater,Brown-headed Cowbird,BHCO,84.00,87.00,36.9,t,lite
PC,WLNP-WP-3,88891,General Community Waterton Lakes National Park 2021,598,2021-07-05 06:20:00,285212,180,Junco hyemalis,Dark-eyed Junco,DEJU,87.00,90.00,29.4,t,lite
PC,WLNP-WP-3,88891,General Community Waterton Lakes National Park 2021,598,2021-07-05 06:20:00,285212,180,Emberiza cirlus,Cirl Bunting,EMBCIR,105.00,108.00,35.7,t,lite
PC,WLNP-WP-3,88891,General Community Waterton Lakes National Park 2021,598,2021-07-05 06:20:00,285212,180,Junco hyemalis,Dark-eyed Junco,DEJU,105.00,108.00,72.3,t,lite
PC,WLNP-WP-3,88891,General Community Waterton Lakes National Park 2021,598,2021-07-05 06:20:00,285212,180,Junco hyemalis,Dark-eyed Junco,DEJU,108.00,111.00,28.5,t,lite
PC,WLNP-WP-3,88891,General Community Waterton Lakes National Park 2021,598,2021-07-05 06:20:00,285212,180,Emberiza cirlus,Cirl Bunting,EMBCIR,114.00,117.00,31.4,t,lite
PC,WLNP-WP-3,88891,General Community Waterton Lakes National Park 2021,598,2021-07-05 06:20:00,285212,180,Junco hyemalis,Dark-eyed Junco,DEJU,114.00,117.00,69.8,t,lite
PC,WLNP-WP-3,88891,General Community Waterton Lakes National Park 2021,598,2021-07-05 06:20:00,285212,180,Catamenia analis,,,120.00,123.00,31.2,f,lite
PC,WLNP-WP-3,88891,General Community Waterton Lakes National Park 2021,598,2021-07-05 06:20:00,285212,180,Junco hyemalis,Dark-eyed Junco,DEJU,120.00,123.00,41.7,t,lite
PC,WLNP-WP-3,88891,General Community Waterton Lakes National Park 2021,598,2021-07-05 06:20:00,285212,180,Junco hyemalis,Dark-eyed Junco,DEJU,123.00,126.00,54.4,t,lite
PC,WLNP-WP-3,88891,General Community Waterton Lakes National Park 2021,598,2021-07-05 06:20:00,285212,180,Junco hyemalis,Dark-eyed Junco,DEJU,132.00,135.00,62.8,t,lite
PC,WLNP-WP-3,88891,General Community Waterton Lakes National Park 2021,598,2021-07-05 06:20:00,285212,180,Emberiza cirlus,Cirl Bunting,EMBCIR,141.00,144.00,26.6,t,lite
PC,WLNP-WP-3,88891,General Community Waterton Lakes National Park 2021,598,2021-07-05 06:20:00,285212,180,Junco hyemalis,Dark-eyed Junco,DEJU,141.00,144.00,67.6,t,lite
PC,WLNP-WP-3,88891,General Community Waterton Lakes National Park 2021,598,2021-07-05 06:20:00,285212,180,Emberiza cirlus,Cirl Bunting,EMBCIR,150.00,153.00,29.0,t,lite
PC,WLNP-WP-3,88891,General Community Waterton Lakes National Park 2021,598,2021-07-05 06:20:00,285212,180,Junco hyemalis,Dark-eyed Junco,DEJU,150.00,153.00,64.9,t,lite
PC,WLNP-WP-3,88891,General Community Waterton Lakes National Park 2021,598,2021-07-05 06:20:00,285212,180,Emberiza cirlus,Cirl Bunting,EMBCIR,159.00,162.00,28.7,t,lite
PC,WLNP-WP-3,88891,General Community Waterton Lakes National Park 2021,598,2021-07-05 06:20:00,285212,180,Junco hyemalis,Dark-eyed Junco,DEJU,159.00,162.00,68.3,t,lite
PC,WLNP-WP-3,88891,General Community Waterton Lakes National Park 2021,598,2021-07-05 06:20:00,285212,180,Junco hyemalis,Dark-eyed Junco,DEJU,168.00,171.00,58.3,t,lite
PC,WLNP-WP-3,88891,General Community Waterton Lakes National Park 2021,598,2021-07-05 06:20:00,285212,180,Emberiza cirlus,Cirl Bunting,EMBCIR,168.00,171.00,30.5,t,lite
PC,WLNP-WP-3,88891,General Community Waterton Lakes National Park 2021,598,2021-07-05 06:20:00,285212,180,Junco hyemalis,Dark-eyed Junco,DEJU,177.00,180.00,58.6,t,lite
PC,WLNP-WP-4,88888,General Community Waterton Lakes National Park 2021,598,2021-06-17 02:00:00,285211,180,*NOT GENERATED/FOUND*,,,,,,f,lite
PC,WLNP-WP-4,88888,General Community Waterton Lakes National Park 2021,598,2021-06-17 07:20:00,285132,180,Geothlypis tolmiei,MacGillivray's Warbler,MGWA,0.00,3.00,55.0,t,lite
PC,WLNP-WP-4,88888,General Community Waterton Lakes National Park 2021,598,2021-06-17 07:20:00,285132,180,Geothlypis tolmiei,MacGillivray's Warbler,MGWA,9.00,12.00,54.5,t,lite
PC,WLNP-WP-4,88888,General Community Waterton Lakes National Park 2021,598,2021-06-17 07:20:00,285132,180,Geothlypis tolmiei,MacGillivray's Warbler,MGWA,12.00,15.00,29.4,t,lite
PC,WLNP-WP-4,88888,General Community Waterton Lakes National Park 2021,598,2021-06-17 07:20:00,285132,180,Geothlypis tolmiei,MacGillivray's Warbler,MGWA,18.00,21.00,33.2,t,lite
PC,WLNP-WP-4,88888,General Community Waterton Lakes National Park 2021,598,2021-06-17 07:20:00,285132,180,Geothlypis tolmiei,MacGillivray's Warbler,MGWA,21.00,24.00,52.9,t,lite
PC,WLNP-WP-4,88888,General Community Waterton Lakes National Park 2021,598,2021-06-17 07:20:00,285132,180,Geothlypis tolmiei,MacGillivray's Warbler,MGWA,30.00,33.00,55.1,t,lite
PC,WLNP-WP-4,88888,General Community Waterton Lakes National Park 2021,598,2021-06-17 07:20:00,285132,180,Geothlypis tolmiei,MacGillivray's Warbler,MGWA,33.00,36.00,48.9,t,lite
PC,WLNP-WP-4,88888,General Community Waterton Lakes National Park 2021,598,2021-06-17 07:20:00,285132,180,Geothlypis tolmiei,MacGillivray's Warbler,MGWA,42.00,45.00,38.0,t,lite
PC,WLNP-WP-4,88888,General Community Waterton Lakes National Park 2021,598,2021-06-17 07:20:00,285132,180,Geothlypis tolmiei,MacGillivray's Warbler,MGWA,45.00,48.00,43.1,t,lite
PC,WLNP-WP-4,88888,General Community Waterton Lakes National Park 2021,598,2021-06-17 07:20:00,285132,180,Geothlypis tolmiei,MacGillivray's Warbler,MGWA,57.00,60.00,59.7,t,lite
PC,WLNP-WP-4,88888,General Community Waterton Lakes National Park 2021,598,2021-06-17 07:20:00,285132,180,Geothlypis tolmiei,MacGillivray's Warbler,MGWA,66.00,69.00,58.8,t,lite
PC,WLNP-WP-4,88888,General Community Waterton Lakes National Park 2021,598,2021-06-17 07:20:00,285132,180,Geothlypis tolmiei,MacGillivray's Warbler,MGWA,75.00,78.00,51.6,t,lite
PC,WLNP-WP-4,88888,General Community Waterton Lakes National Park 2021,598,2021-06-17 07:20:00,285132,180,Geothlypis tolmiei,MacGillivray's Warbler,MGWA,84.00,87.00,65.8,t,lite
PC,WLNP-WP-4,88888,General Community Waterton Lakes National Park 2021,598,2021-06-17 07:20:00,285132,180,Geothlypis tolmiei,MacGillivray's Warbler,MGWA,93.00,96.00,33.2,t,lite
PC,WLNP-WP-4,88888,General Community Waterton Lakes National Park 2021,598,2021-06-17 07:20:00,285132,180,Emberiza citrinella,Yellowhammer,EMBCIT,102.00,105.00,51.2,t,lite
PC,WLNP-WP-4,88888,General Community Waterton Lakes National Park 2021,598,2021-06-17 07:20:00,285132,180,Emberiza leucocephalos,Pine Bunting,PIBU,102.00,105.00,29.0,t,lite
PC,WLNP-WP-4,88888,General Community Waterton Lakes National Park 2021,598,2021-06-17 07:20:00,285132,180,Phylloscopus trochiloides,Greenish Warbler,PHYTRO,105.00,108.00,29.6,t,lite
PC,WLNP-WP-4,88888,General Community Waterton Lakes National Park 2021,598,2021-06-17 07:20:00,285132,180,Geothlypis tolmiei,MacGillivray's Warbler,MGWA,105.00,108.00,47.0,t,lite
PC,WLNP-WP-4,88888,General Community Waterton Lakes National Park 2021,598,2021-06-17 07:20:00,285132,180,Geothlypis tolmiei,MacGillivray's Warbler,MGWA,111.00,114.00,58.1,t,lite
PC,WLNP-WP-4,88888,General Community Waterton Lakes National Park 2021,598,2021-06-17 07:20:00,285132,180,Geothlypis tolmiei,MacGillivray's Warbler,MGWA,120.00,123.00,55.2,t,lite
PC,WLNP-WP-4,88888,General Community Waterton Lakes National Park 2021,598,2021-06-17 07:20:00,285132,180,Geothlypis tolmiei,MacGillivray's Warbler,MGWA,129.00,132.00,33.3,t,lite
PC,WLNP-WP-4,88888,General Community Waterton Lakes National Park 2021,598,2021-06-17 07:20:00,285132,180,Geothlypis tolmiei,MacGillivray's Warbler,MGWA,132.00,135.00,51.1,t,lite
PC,WLNP-WP-4,88888,General Community Waterton Lakes National Park 2021,598,2021-06-17 07:20:00,285132,180,Geothlypis tolmiei,MacGillivray's Warbler,MGWA,141.00,144.00,54.6,t,lite
PC,WLNP-WP-4,88888,General Community Waterton Lakes National Park 2021,598,2021-06-17 07:20:00,285132,180,Phylloscopus trochiloides,Greenish Warbler,PHYTRO,153.00,156.00,31.5,t,lite
PC,WLNP-WP-4,88888,General Community Waterton Lakes National Park 2021,598,2021-06-17 07:20:00,285132,180,Geothlypis tolmiei,MacGillivray's Warbler,MGWA,153.00,156.00,38.8,t,lite
PC,WLNP-WP-4,88888,General Community Waterton Lakes National Park 2021,598,2021-06-17 07:20:00,285132,180,Geothlypis tolmiei,MacGillivray's Warbler,MGWA,165.00,168.00,56.8,t,lite
PC,WLNP-WP-4,88888,General Community Waterton Lakes National Park 2021,598,2021-06-17 07:20:00,285132,180,Geothlypis tolmiei,MacGillivray's Warbler,MGWA,174.00,177.00,74.0,t,lite
PC,WLNP-WP-4,88888,General Community Waterton Lakes National Park 2021,598,2021-06-17 07:40:00,285240,180,Geothlypis tolmiei,MacGillivray's Warbler,MGWA,3.00,6.00,38.0,t,lite
PC,WLNP-WP-4,88888,General Community Waterton Lakes National Park 2021,598,2021-06-17 07:40:00,285240,180,Geothlypis tolmiei,MacGillivray's Warbler,MGWA,12.00,15.00,44.3,t,lite
PC,WLNP-WP-4,88888,General Community Waterton Lakes National Park 2021,598,2021-06-17 07:40:00,285240,180,Geothlypis tolmiei,MacGillivray's Warbler,MGWA,15.00,18.00,30.8,t,lite
PC,WLNP-WP-4,88888,General Community Waterton Lakes National Park 2021,598,2021-06-17 07:40:00,285240,180,Geothlypis tolmiei,MacGillivray's Warbler,MGWA,21.00,24.00,30.1,t,lite
PC,WLNP-WP-4,88888,General Community Waterton Lakes National Park 2021,598,2021-06-17 07:40:00,285240,180,Geothlypis tolmiei,MacGillivray's Warbler,MGWA,24.00,27.00,39.0,t,lite
PC,WLNP-WP-4,88888,General Community Waterton Lakes National Park 2021,598,2021-06-17 07:40:00,285240,180,Geothlypis tolmiei,MacGillivray's Warbler,MGWA,33.00,36.00,41.3,t,lite
PC,WLNP-WP-4,88888,General Community Waterton Lakes National Park 2021,598,2021-06-17 07:40:00,285240,180,Geothlypis tolmiei,MacGillivray's Warbler,MGWA,42.00,45.00,27.7,t,lite
PC,WLNP-WP-4,88888,General Community Waterton Lakes National Park 2021,598,2021-06-17 07:40:00,285240,180,Myioborus miniatus,Slate-throated Redstart,STRE,51.00,54.00,27.3,t,lite
PC,WLNP-WP-4,88888,General Community Waterton Lakes National Park 2021,598,2021-06-17 07:40:00,285240,180,Geothlypis tolmiei,MacGillivray's Warbler,MGWA,51.00,54.00,25.6,t,lite
PC,WLNP-WP-4,88888,General Community Waterton Lakes National Park 2021,598,2021-06-17 07:40:00,285240,180,Geothlypis tolmiei,MacGillivray's Warbler,MGWA,54.00,57.00,25.9,t,lite
PC,WLNP-WP-4,88888,General Community Waterton Lakes National Park 2021,598,2021-06-17 07:40:00,285240,180,Cryptospiza reichenovii,,,57.00,60.00,27.7,f,lite
PC,WLNP-WP-4,88888,General Community Waterton Lakes National Park 2021,598,2021-06-17 07:40:00,285240,180,Heliobletus contaminatus,,,57.00,60.00,29.7,f,lite
PC,WLNP-WP-4,88888,General Community Waterton Lakes National Park 2021,598,2021-06-17 07:40:00,285240,180,Leiothlypis celata,Orange-crowned Warbler,OCWA,57.00,60.00,39.2,t,lite
PC,WLNP-WP-4,88888,General Community Waterton Lakes National Park 2021,598,2021-06-17 07:40:00,285240,180,Geothlypis tolmiei,MacGillivray's Warbler,MGWA,63.00,66.00,54.1,t,lite
PC,WLNP-WP-4,88888,General Community Waterton Lakes National Park 2021,598,2021-06-17 07:40:00,285240,180,Leiothlypis celata,Orange-crowned Warbler,OCWA,66.00,69.00,28.2,t,lite
PC,WLNP-WP-4,88888,General Community Waterton Lakes National Park 2021,598,2021-06-17 07:40:00,285240,180,Cryptospiza reichenovii,,,66.00,69.00,25.2,f,lite
PC,WLNP-WP-4,88888,General Community Waterton Lakes National Park 2021,598,2021-06-17 07:40:00,285240,180,Geothlypis tolmiei,MacGillivray's Warbler,MGWA,72.00,75.00,55.9,t,lite
PC,WLNP-WP-4,88888,General Community Waterton Lakes National Park 2021,598,2021-06-17 07:40:00,285240,180,Myioborus miniatus,Slate-throated Redstart,STRE,81.00,84.00,33.3,t,lite
PC,WLNP-WP-4,88888,General Community Waterton Lakes National Park 2021,598,2021-06-17 07:40:00,285240,180,Geothlypis tolmiei,MacGillivray's Warbler,MGWA,81.00,84.00,35.2,t,lite
PC,WLNP-WP-4,88888,General Community Waterton Lakes National Park 2021,598,2021-06-17 07:40:00,285240,180,Geothlypis tolmiei,MacGillivray's Warbler,MGWA,84.00,87.00,42.9,t,lite
PC,WLNP-WP-4,88888,General Community Waterton Lakes National Park 2021,598,2021-06-17 07:40:00,285240,180,Geothlypis tolmiei,MacGillivray's Warbler,MGWA,93.00,96.00,32.2,t,lite
PC,WLNP-WP-4,88888,General Community Waterton Lakes National Park 2021,598,2021-06-17 07:40:00,285240,180,Chlorospingus canigularis,Ashy-throated Chlorospingus,ATCH,96.00,99.00,30.5,t,lite
PC,WLNP-WP-4,88888,General Community Waterton Lakes National Park 2021,598,2021-06-17 07:40:00,285240,180,Heliobletus contaminatus,,,96.00,99.00,31.2,f,lite
PC,WLNP-WP-4,88888,General Community Waterton Lakes National Park 2021,598,2021-06-17 07:40:00,285240,180,Leiothlypis celata,Orange-crowned Warbler,OCWA,96.00,99.00,43.8,t,lite
PC,WLNP-WP-4,88888,General Community Waterton Lakes National Park 2021,598,2021-06-17 07:40:00,285240,180,Geothlypis tolmiei,MacGillivray's Warbler,MGWA,99.00,102.00,40.3,t,lite
PC,WLNP-WP-4,88888,General Community Waterton Lakes National Park 2021,598,2021-06-17 07:40:00,285240,180,Geothlypis tolmiei,MacGillivray's Warbler,MGWA,108.00,111.00,32.4,t,lite
PC,WLNP-WP-4,88888,General Community Waterton Lakes National Park 2021,598,2021-06-17 07:40:00,285240,180,Myioborus miniatus,Slate-throated Redstart,STRE,117.00,120.00,27.3,t,lite
PC,WLNP-WP-4,88888,General Community Waterton Lakes National Park 2021,598,2021-06-17 07:40:00,285240,180,Geothlypis tolmiei,MacGillivray's Warbler,MGWA,117.00,120.00,43.5,t,lite
PC,WLNP-WP-4,88888,General Community Waterton Lakes National Park 2021,598,2021-06-17 07:40:00,285240,180,Geothlypis tolmiei,MacGillivray's Warbler,MGWA,120.00,123.00,32.7,t,lite
PC,WLNP-WP-4,88888,General Community Waterton Lakes National Park 2021,598,2021-06-17 07:40:00,285240,180,Myioborus miniatus,Slate-throated Redstart,STRE,129.00,132.00,30.8,t,lite
PC,WLNP-WP-4,88888,General Community Waterton Lakes National Park 2021,598,2021-06-17 07:40:00,285240,180,Geothlypis tolmiei,MacGillivray's Warbler,MGWA,129.00,132.00,33.6,t,lite
PC,WLNP-WP-4,88888,General Community Waterton Lakes National Park 2021,598,2021-06-17 07:40:00,285240,180,Geothlypis tolmiei,MacGillivray's Warbler,MGWA,138.00,141.00,36.0,t,lite
PC,WLNP-WP-4,88888,General Community Waterton Lakes National Park 2021,598,2021-06-17 07:40:00,285240,180,Geothlypis tolmiei,MacGillivray's Warbler,MGWA,147.00,150.00,46.7,t,lite
PC,WLNP-WP-4,88888,General Community Waterton Lakes National Park 2021,598,2021-06-17 07:40:00,285240,180,Geothlypis tolmiei,MacGillivray's Warbler,MGWA,156.00,159.00,32.3,t,lite
PC,WLNP-WP-4,88888,General Community Waterton Lakes National Park 2021,598,2021-06-17 07:40:00,285240,180,Geothlypis tolmiei,MacGillivray's Warbler,MGWA,159.00,162.00,35.9,t,lite
PC,WLNP-WP-4,88888,General Community Waterton Lakes National Park 2021,598,2021-06-17 07:40:00,285240,180,Phylloscopus trochiloides,Greenish Warbler,PHYTRO,159.00,162.00,27.7,t,lite
PC,WLNP-WP-4,88888,General Community Waterton Lakes National Park 2021,598,2021-06-17 07:40:00,285240,180,Setophaga pensylvanica,Chestnut-sided Warbler,CSWA,159.00,162.00,35.1,t,lite
PC,WLNP-WP-4,88888,General Community Waterton Lakes National Park 2021,598,2021-06-17 07:40:00,285240,180,Geothlypis tolmiei,MacGillivray's Warbler,MGWA,165.00,168.00,51.3,t,lite
PC,WLNP-WP-4,88888,General Community Waterton Lakes National Park 2021,598,2021-06-17 07:40:00,285240,180,Phylloscopus trochiloides,Greenish Warbler,PHYTRO,168.00,171.00,33.6,t,lite
PC,WLNP-WP-4,88888,General Community Waterton Lakes National Park 2021,598,2021-06-17 07:40:00,285240,180,Geothlypis tolmiei,MacGillivray's Warbler,MGWA,177.00,180.00,54.5,t,lite
PC,WLNP-WP-4,88888,General Community Waterton Lakes National Park 2021,598,2021-06-17 08:00:00,285001,180,Geothlypis tolmiei,MacGillivray's Warbler,MGWA,3.00,6.00,50.1,t,lite
PC,WLNP-WP-4,88888,General Community Waterton Lakes National Park 2021,598,2021-06-17 08:00:00,285001,180,Geothlypis tolmiei,MacGillivray's Warbler,MGWA,6.00,9.00,46.7,t,lite
PC,WLNP-WP-4,88888,General Community Waterton Lakes National Park 2021,598,2021-06-17 08:00:00,285001,180,Crateroscelis murina,,,9.00,12.00,47.0,f,lite
PC,WLNP-WP-4,88888,General Community Waterton Lakes National Park 2021,598,2021-06-17 08:00:00,285001,180,Cyphorhinus thoracicus,,,9.00,12.00,69.4,f,lite
PC,WLNP-WP-4,88888,General Community Waterton Lakes National Park 2021,598,2021-06-17 08:00:00,285001,180,Geothlypis tolmiei,MacGillivray's Warbler,MGWA,18.00,21.00,39.9,t,lite
PC,WLNP-WP-4,88888,General Community Waterton Lakes National Park 2021,598,2021-06-17 08:00:00,285001,180,Geothlypis tolmiei,MacGillivray's Warbler,MGWA,27.00,30.00,35.4,t,lite
PC,WLNP-WP-4,88888,General Community Waterton Lakes National Park 2021,598,2021-06-17 08:00:00,285001,180,Geothlypis tolmiei,MacGillivray's Warbler,MGWA,36.00,39.00,41.0,t,lite
PC,WLNP-WP-4,88888,General Community Waterton Lakes National Park 2021,598,2021-06-17 08:00:00,285001,180,Geothlypis tolmiei,MacGillivray's Warbler,MGWA,48.00,51.00,38.3,t,lite
PC,WLNP-WP-4,88888,General Community Waterton Lakes National Park 2021,598,2021-06-17 08:00:00,285001,180,Emberiza citrinella,Yellowhammer,EMBCIT,54.00,57.00,29.1,t,lite
PC,WLNP-WP-4,88888,General Community Waterton Lakes National Park 2021,598,2021-06-17 08:00:00,285001,180,Geothlypis tolmiei,MacGillivray's Warbler,MGWA,57.00,60.00,30.1,t,lite
PC,WLNP-WP-4,88888,General Community Waterton Lakes National Park 2021,598,2021-06-17 08:00:00,285001,180,Geothlypis tolmiei,MacGillivray's Warbler,MGWA,66.00,69.00,36.3,t,lite
PC,WLNP-WP-4,88888,General Community Waterton Lakes National Park 2021,598,2021-06-17 08:00:00,285001,180,Myioborus miniatus,Slate-throated Redstart,STRE,75.00,78.00,28.6,t,lite
PC,WLNP-WP-4,88888,General Community Waterton Lakes National Park 2021,598,2021-06-17 08:00:00,285001,180,Geothlypis tolmiei,MacGillivray's Warbler,MGWA,75.00,78.00,62.8,t,lite
PC,WLNP-WP-4,88888,General Community Waterton Lakes National Park 2021,598,2021-06-17 08:00:00,285001,180,Emberiza citrinella,Yellowhammer,EMBCIT,84.00,87.00,31.0,t,lite
PC,WLNP-WP-4,88888,General Community Waterton Lakes National Park 2021,598,2021-06-17 08:00:00,285001,180,Geothlypis tolmiei,MacGillivray's Warbler,MGWA,87.00,90.00,47.4,t,lite
PC,WLNP-WP-4,88888,General Community Waterton Lakes National Park 2021,598,2021-06-17 08:00:00,285001,180,Emberiza leucocephalos,Pine Bunting,PIBU,96.00,99.00,27.3,t,lite
PC,WLNP-WP-4,88888,General Community Waterton Lakes National Park 2021,598,2021-06-17 08:00:00,285001,180,Emberiza citrinella,Yellowhammer,EMBCIT,96.00,99.00,40.6,t,lite
PC,WLNP-WP-4,88888,General Community Waterton Lakes National Park 2021,598,2021-06-17 08:00:00,285001,180,Geothlypis tolmiei,MacGillivray's Warbler,MGWA,99.00,102.00,30.6,t,lite
PC,WLNP-WP-4,88888,General Community Waterton Lakes National Park 2021,598,2021-06-17 08:00:00,285001,180,Geothlypis tolmiei,MacGillivray's Warbler,MGWA,108.00,111.00,53.3,t,lite
PC,WLNP-WP-4,88888,General Community Waterton Lakes National Park 2021,598,2021-06-17 08:00:00,285001,180,Geothlypis tolmiei,MacGillivray's Warbler,MGWA,117.00,120.00,36.4,t,lite
PC,WLNP-WP-4,88888,General Community Waterton Lakes National Park 2021,598,2021-06-17 08:00:00,285001,180,Geothlypis tolmiei,MacGillivray's Warbler,MGWA,120.00,123.00,34.7,t,lite
PC,WLNP-WP-4,88888,General Community Waterton Lakes National Park 2021,598,2021-06-17 08:00:00,285001,180,Phylloscopus trochiloides,Greenish Warbler,PHYTRO,120.00,123.00,32.3,t,lite
PC,WLNP-WP-4,88888,General Community Waterton Lakes National Park 2021,598,2021-06-17 08:00:00,285001,180,Geothlypis tolmiei,MacGillivray's Warbler,MGWA,129.00,132.00,46.3,t,lite
PC,WLNP-WP-4,88888,General Community Waterton Lakes National Park 2021,598,2021-06-17 08:00:00,285001,180,Emberiza citrinella,Yellowhammer,EMBCIT,138.00,141.00,28.9,t,lite
PC,WLNP-WP-4,88888,General Community Waterton Lakes National Park 2021,598,2021-06-17 08:00:00,285001,180,Geothlypis tolmiei,MacGillivray's Warbler,MGWA,141.00,144.00,40.0,t,lite
PC,WLNP-WP-4,88888,General Community Waterton Lakes National Park 2021,598,2021-06-17 08:00:00,285001,180,Geothlypis tolmiei,MacGillivray's Warbler,MGWA,150.00,153.00,39.8,t,lite
PC,WLNP-WP-4,88888,General Community Waterton Lakes National Park 2021,598,2021-06-17 08:00:00,285001,180,Geothlypis tolmiei,MacGillivray's Warbler,MGWA,162.00,165.00,45.0,t,lite
PC,WLNP-WP-4,88888,General Community Waterton Lakes National Park 2021,598,2021-06-17 08:00:00,285001,180,Geothlypis tolmiei,MacGillivray's Warbler,MGWA,171.00,174.00,55.4,t,lite
PC,WLNP-WP-4,88888,General Community Waterton Lakes National Park 2021,598,2021-06-17 22:20:00,285062,180,Catharus ustulatus,Swainson's Thrush,SWTH,147.00,150.00,25.8,t,lite
PC,WLNP-WP-4,88888,General Community Waterton Lakes National Park 2021,598,2021-06-17 22:20:00,285062,180,Myiarchus tyrannulus,Brown-crested Flycatcher,BCFL,150.00,153.00,36.3,t,lite
PC,WLNP-WP-4,88888,General Community Waterton Lakes National Park 2021,598,2021-06-17 22:20:00,285062,180,Catharus ustulatus,Swainson's Thrush,SWTH,150.00,153.00,28.9,t,lite
PC,WLNP-WP-4,88888,General Community Waterton Lakes National Park 2021,598,2021-06-17 22:20:00,285062,180,Catharus ustulatus,Swainson's Thrush,SWTH,156.00,159.00,53.9,t,lite
PC,WLNP-WP-4,88888,General Community Waterton Lakes National Park 2021,598,2021-06-17 22:20:00,285062,180,Catharus ustulatus,Swainson's Thrush,SWTH,159.00,162.00,39.2,t,lite
PC,WLNP-WP-4,88888,General Community Waterton Lakes National Park 2021,598,2021-06-17 22:20:00,285062,180,Catharus ustulatus,Swainson's Thrush,SWTH,168.00,171.00,71.0,t,lite
PC,WLNP-WP-4,88888,General Community Waterton Lakes National Park 2021,598,2021-06-17 22:20:00,285062,180,Catharus ustulatus,Swainson's Thrush,SWTH,174.00,177.00,48.0,t,lite
PC,WLNP-WP-4,88888,General Community Waterton Lakes National Park 2021,598,2021-06-17 22:20:00,285062,180,Cacomantis sepulcralis,,,177.00,180.00,36.2,f,lite
PC,WLNP-WP-4,88888,General Community Waterton Lakes National Park 2021,598,2021-06-18 05:00:00,285256,180,Cyphorhinus thoracicus,,,0.00,3.00,40.8,f,lite
PC,WLNP-WP-4,88888,General Community Waterton Lakes National Park 2021,598,2021-06-18 05:00:00,285256,180,Catharus ustulatus,Swainson's Thrush,SWTH,24.00,27.00,85.7,t,lite
PC,WLNP-WP-4,88888,General Community Waterton Lakes National Park 2021,598,2021-06-18 05:00:00,285256,180,Catharus ustulatus,Swainson's Thrush,SWTH,63.00,66.00,36.3,t,lite
PC,WLNP-WP-4,88888,General Community Waterton Lakes National Park 2021,598,2021-06-18 05:00:00,285256,180,Catharus ustulatus,Swainson's Thrush,SWTH,69.00,72.00,34.4,t,lite
PC,WLNP-WP-4,88888,General Community Waterton Lakes National Park 2021,598,2021-06-18 05:00:00,285256,180,Catharus ustulatus,Swainson's Thrush,SWTH,72.00,75.00,31.7,t,lite
PC,WLNP-WP-4,88888,General Community Waterton Lakes National Park 2021,598,2021-06-18 05:00:00,285256,180,Sylvia hortensis,,,75.00,78.00,27.2,f,lite
PC,WLNP-WP-4,88888,General Community Waterton Lakes National Park 2021,598,2021-06-18 05:00:00,285256,180,Catharus ustulatus,Swainson's Thrush,SWTH,75.00,78.00,26.0,t,lite
PC,WLNP-WP-4,88888,General Community Waterton Lakes National Park 2021,598,2021-06-18 05:00:00,285256,180,Catharus ustulatus,Swainson's Thrush,SWTH,78.00,81.00,41.9,t,lite
PC,WLNP-WP-4,88888,General Community Waterton Lakes National Park 2021,598,2021-06-18 05:00:00,285256,180,Catharus ustulatus,Swainson's Thrush,SWTH,84.00,87.00,38.7,t,lite
PC,WLNP-WP-4,88888,General Community Waterton Lakes National Park 2021,598,2021-06-18 05:00:00,285256,180,Catharus ustulatus,Swainson's Thrush,SWTH,87.00,90.00,39.7,t,lite
PC,WLNP-WP-4,88888,General Community Waterton Lakes National Park 2021,598,2021-06-18 05:00:00,285256,180,Cantorchilus modestus,Cabanis's Wren,CABW,96.00,99.00,27.1,t,lite
PC,WLNP-WP-4,88888,General Community Waterton Lakes National Park 2021,598,2021-06-18 05:00:00,285256,180,Setophaga ruticilla,American Redstart,AMRE,96.00,99.00,29.8,t,lite
PC,WLNP-WP-4,88888,General Community Waterton Lakes National Park 2021,598,2021-06-18 05:00:00,285256,180,Catharus ustulatus,Swainson's Thrush,SWTH,99.00,102.00,39.3,t,lite
PC,WLNP-WP-4,88888,General Community Waterton Lakes National Park 2021,598,2021-06-18 05:00:00,285256,180,Catharus ustulatus,Swainson's Thrush,SWTH,102.00,105.00,31.2,t,lite
PC,WLNP-WP-4,88888,General Community Waterton Lakes National Park 2021,598,2021-06-18 05:00:00,285256,180,Phylloscopus sarasinorum,,,132.00,135.00,47.3,f,lite
PC,WLNP-WP-4,88888,General Community Waterton Lakes National Park 2021,598,2021-06-18 05:00:00,285256,180,Catharus ustulatus,Swainson's Thrush,SWTH,132.00,135.00,26.5,t,lite
PC,WLNP-WP-4,88888,General Community Waterton Lakes National Park 2021,598,2021-06-18 05:00:00,285256,180,Vireo gilvus,Warbling Vireo,WAVI,135.00,138.00,34.7,t,lite
PC,WLNP-WP-4,88888,General Community Waterton Lakes National Park 2021,598,2021-06-18 05:00:00,285256,180,Emberiza rustica,Rustic Bunting,RUBU,141.00,144.00,36.0,t,lite
PC,WLNP-WP-4,88888,General Community Waterton Lakes National Park 2021,598,2021-06-18 05:00:00,285256,180,Vireo gilvus,Warbling Vireo,WAVI,141.00,144.00,36.1,t,lite
PC,WLNP-WP-4,88888,General Community Waterton Lakes National Park 2021,598,2021-06-18 05:00:00,285256,180,Vireo gilvus,Warbling Vireo,WAVI,159.00,162.00,28.8,t,lite
PC,WLNP-WP-4,88888,General Community Waterton Lakes National Park 2021,598,2021-06-18 05:00:00,285256,180,Vireo gilvus,Warbling Vireo,WAVI,165.00,168.00,38.3,t,lite
PC,WLNP-WP-4,88888,General Community Waterton Lakes National Park 2021,598,2021-06-18 05:00:00,285256,180,Phylloscopus sarasinorum,,,177.00,180.00,29.3,f,lite
PC,WLNP-WP-4,88888,General Community Waterton Lakes National Park 2021,598,2021-06-18 05:20:00,285214,180,Catharus ustulatus,Swainson's Thrush,SWTH,3.00,6.00,37.2,t,lite
PC,WLNP-WP-4,88888,General Community Waterton Lakes National Park 2021,598,2021-06-18 05:20:00,285214,180,Geothlypis tolmiei,MacGillivray's Warbler,MGWA,6.00,9.00,35.6,t,lite
PC,WLNP-WP-4,88888,General Community Waterton Lakes National Park 2021,598,2021-06-18 05:20:00,285214,180,Geothlypis philadelphia,Mourning Warbler,MOWA,6.00,9.00,26.3,t,lite
PC,WLNP-WP-4,88888,General Community Waterton Lakes National Park 2021,598,2021-06-18 05:20:00,285214,180,Henicorhina leucophrys,Gray-breasted Wood-Wren,GBWW,12.00,15.00,28.0,t,lite
PC,WLNP-WP-4,88888,General Community Waterton Lakes National Park 2021,598,2021-06-18 05:20:00,285214,180,Catharus ustulatus,Swainson's Thrush,SWTH,12.00,15.00,46.0,t,lite
PC,WLNP-WP-4,88888,General Community Waterton Lakes National Park 2021,598,2021-06-18 05:20:00,285214,180,Geothlypis tolmiei,MacGillivray's Warbler,MGWA,15.00,18.00,29.0,t,lite
PC,WLNP-WP-4,88888,General Community Waterton Lakes National Park 2021,598,2021-06-18 05:20:00,285214,180,Catharus ustulatus,Swainson's Thrush,SWTH,21.00,24.00,36.9,t,lite
PC,WLNP-WP-4,88888,General Community Waterton Lakes National Park 2021,598,2021-06-18 05:20:00,285214,180,Catharus ustulatus,Swainson's Thrush,SWTH,30.00,33.00,50.4,t,lite
PC,WLNP-WP-4,88888,General Community Waterton Lakes National Park 2021,598,2021-06-18 05:20:00,285214,180,Geothlypis tolmiei,MacGillivray's Warbler,MGWA,33.00,36.00,27.9,t,lite
PC,WLNP-WP-4,88888,General Community Waterton Lakes National Park 2021,598,2021-06-18 05:20:00,285214,180,Catharus ustulatus,Swainson's Thrush,SWTH,39.00,42.00,57.4,t,lite
PC,WLNP-WP-4,88888,General Community Waterton Lakes National Park 2021,598,2021-06-18 05:20:00,285214,180,Phylloscopus sarasinorum,,,42.00,45.00,31.8,f,lite
PC,WLNP-WP-4,88888,General Community Waterton Lakes National Park 2021,598,2021-06-18 05:20:00,285214,180,Vireo gilvus,Warbling Vireo,WAVI,42.00,45.00,29.8,t,lite
PC,WLNP-WP-4,88888,General Community Waterton Lakes National Park 2021,598,2021-06-18 05:20:00,285214,180,Catharus ustulatus,Swainson's Thrush,SWTH,48.00,51.00,48.3,t,lite
PC,WLNP-WP-4,88888,General Community Waterton Lakes National Park 2021,598,2021-06-18 05:20:00,285214,180,Catharus ustulatus,Swainson's Thrush,SWTH,51.00,54.00,43.9,t,lite
PC,WLNP-WP-4,88888,General Community Waterton Lakes National Park 2021,598,2021-06-18 05:20:00,285214,180,Geothlypis tolmiei,MacGillivray's Warbler,MGWA,54.00,57.00,27.1,t,lite
PC,WLNP-WP-4,88888,General Community Waterton Lakes National Park 2021,598,2021-06-18 05:20:00,285214,180,Catharus ustulatus,Swainson's Thrush,SWTH,57.00,60.00,47.5,t,lite
PC,WLNP-WP-4,88888,General Community Waterton Lakes National Park 2021,598,2021-06-18 05:20:00,285214,180,Catharus ustulatus,Swainson's Thrush,SWTH,69.00,72.00,44.0,t,lite
PC,WLNP-WP-4,88888,General Community Waterton Lakes National Park 2021,598,2021-06-18 05:20:00,285214,180,Catharus ustulatus,Swainson's Thrush,SWTH,72.00,75.00,43.6,t,lite
PC,WLNP-WP-4,88888,General Community Waterton Lakes National Park 2021,598,2021-06-18 05:20:00,285214,180,Geothlypis tolmiei,MacGillivray's Warbler,MGWA,78.00,81.00,32.2,t,lite
PC,WLNP-WP-4,88888,General Community Waterton Lakes National Park 2021,598,2021-06-18 05:20:00,285214,180,Catharus ustulatus,Swainson's Thrush,SWTH,84.00,87.00,27.2,t,lite
PC,WLNP-WP-4,88888,General Community Waterton Lakes National Park 2021,598,2021-06-18 05:20:00,285214,180,Geothlypis tolmiei,MacGillivray's Warbler,MGWA,114.00,117.00,31.0,t,lite
PC,WLNP-WP-4,88888,General Community Waterton Lakes National Park 2021,598,2021-06-18 05:20:00,285214,180,Catharus ustulatus,Swainson's Thrush,SWTH,117.00,120.00,28.2,t,lite
PC,WLNP-WP-4,88888,General Community Waterton Lakes National Park 2021,598,2021-06-18 05:20:00,285214,180,Geothlypis tolmiei,MacGillivray's Warbler,MGWA,120.00,123.00,35.4,t,lite
PC,WLNP-WP-4,88888,General Community Waterton Lakes National Park 2021,598,2021-06-18 05:20:00,285214,180,Geothlypis tolmiei,MacGillivray's Warbler,MGWA,129.00,132.00,29.5,t,lite
PC,WLNP-WP-4,88888,General Community Waterton Lakes National Park 2021,598,2021-06-18 05:20:00,285214,180,Geothlypis tolmiei,MacGillivray's Warbler,MGWA,147.00,150.00,25.8,t,lite
PC,WLNP-WP-4,88888,General Community Waterton Lakes National Park 2021,598,2021-06-18 05:20:00,285214,180,Cossypha caffra,,,150.00,153.00,29.3,f,lite
PC,WLNP-WP-4,88888,General Community Waterton Lakes National Park 2021,598,2021-06-18 05:20:00,285214,180,Catharus ustulatus,Swainson's Thrush,SWTH,150.00,153.00,52.6,t,lite
PC,WLNP-WP-4,88888,General Community Waterton Lakes National Park 2021,598,2021-06-18 05:20:00,285214,180,Vireo gilvus,Warbling Vireo,WAVI,153.00,156.00,31.4,t,lite
PC,WLNP-WP-4,88888,General Community Waterton Lakes National Park 2021,598,2021-06-18 05:20:00,285214,180,Geothlypis tolmiei,MacGillivray's Warbler,MGWA,156.00,159.00,27.2,t,lite
PC,WLNP-WP-4,88888,General Community Waterton Lakes National Park 2021,598,2021-06-18 05:20:00,285214,180,Setophaga pensylvanica,Chestnut-sided Warbler,CSWA,159.00,162.00,30.4,t,lite
PC,WLNP-WP-4,88888,General Community Waterton Lakes National Park 2021,598,2021-06-18 05:20:00,285214,180,Phylloscopus trochiloides,Greenish Warbler,PHYTRO,159.00,162.00,26.6,t,lite
PC,WLNP-WP-4,88888,General Community Waterton Lakes National Park 2021,598,2021-06-18 05:20:00,285214,180,Catharus ustulatus,Swainson's Thrush,SWTH,171.00,174.00,75.7,t,lite
PC,WLNP-WP-4,88888,General Community Waterton Lakes National Park 2021,598,2021-06-18 05:20:00,285214,180,Cossypha caffra,,,171.00,174.00,33.0,f,lite
PC,WLNP-WP-4,88888,General Community Waterton Lakes National Park 2021,598,2021-06-18 05:20:00,285214,180,Geothlypis tolmiei,MacGillivray's Warbler,MGWA,174.00,177.00,32.6,t,lite
PC,WLNP-WP-4,88888,General Community Waterton Lakes National Park 2021,598,2021-06-18 05:20:00,285214,180,Catharus ustulatus,Swainson's Thrush,SWTH,177.00,180.00,46.3,t,lite
PC,WLNP-WP-4,88888,General Community Waterton Lakes National Park 2021,598,2021-06-18 07:40:00,285103,180,Emberiza citrinella,Yellowhammer,EMBCIT,0.00,3.00,27.2,t,lite
PC,WLNP-WP-4,88888,General Community Waterton Lakes National Park 2021,598,2021-06-18 07:40:00,285103,180,Geothlypis tolmiei,MacGillivray's Warbler,MGWA,0.00,3.00,36.6,t,lite
PC,WLNP-WP-4,88888,General Community Waterton Lakes National Park 2021,598,2021-06-18 07:40:00,285103,180,Geothlypis tolmiei,MacGillivray's Warbler,MGWA,3.00,6.00,49.1,t,lite
PC,WLNP-WP-4,88888,General Community Waterton Lakes National Park 2021,598,2021-06-18 07:40:00,285103,180,Vireo gilvus,Warbling Vireo,WAVI,6.00,9.00,32.2,t,lite
PC,WLNP-WP-4,88888,General Community Waterton Lakes National Park 2021,598,2021-06-18 07:40:00,285103,180,Geothlypis tolmiei,MacGillivray's Warbler,MGWA,12.00,15.00,40.7,t,lite
PC,WLNP-WP-4,88888,General Community Waterton Lakes National Park 2021,598,2021-06-18 07:40:00,285103,180,Geothlypis tolmiei,MacGillivray's Warbler,MGWA,15.00,18.00,34.2,t,lite
PC,WLNP-WP-4,88888,General Community Waterton Lakes National Park 2021,598,2021-06-18 07:40:00,285103,180,Vireo gilvus,Warbling Vireo,WAVI,18.00,21.00,25.9,t,lite
PC,WLNP-WP-4,88888,General Community Waterton Lakes National Park 2021,598,2021-06-18 07:40:00,285103,180,Geothlypis tolmiei,MacGillivray's Warbler,MGWA,24.00,27.00,50.9,t,lite
PC,WLNP-WP-4,88888,General Community Waterton Lakes National Park 2021,598,2021-06-18 07:40:00,285103,180,Vireo gilvus,Warbling Vireo,WAVI,27.00,30.00,49.1,t,lite
PC,WLNP-WP-4,88888,General Community Waterton Lakes National Park 2021,598,2021-06-18 07:40:00,285103,180,Vireo leucophrys,Brown-capped Vireo,BCAV,33.00,36.00,26.8,t,lite
PC,WLNP-WP-4,88888,General Community Waterton Lakes National Park 2021,598,2021-06-18 07:40:00,285103,180,Vireo gilvus,Warbling Vireo,WAVI,33.00,36.00,40.8,t,lite
PC,WLNP-WP-4,88888,General Community Waterton Lakes National Park 2021,598,2021-06-18 07:40:00,285103,180,Geothlypis tolmiei,MacGillivray's Warbler,MGWA,36.00,39.00,59.9,t,lite
PC,WLNP-WP-4,88888,General Community Waterton Lakes National Park 2021,598,2021-06-18 07:40:00,285103,180,Vireo leucophrys,Brown-capped Vireo,BCAV,39.00,42.00,27.8,t,lite
PC,WLNP-WP-4,88888,General Community Waterton Lakes National Park 2021,598,2021-06-18 07:40:00,285103,180,Vireo gilvus,Warbling Vireo,WAVI,39.00,42.00,53.7,t,lite
PC,WLNP-WP-4,88888,General Community Waterton Lakes National Park 2021,598,2021-06-18 07:40:00,285103,180,Vireo gilvus,Warbling Vireo,WAVI,45.00,48.00,58.9,t,lite
PC,WLNP-WP-4,88888,General Community Waterton Lakes National Park 2021,598,2021-06-18 07:40:00,285103,180,Vireo gilvus,Warbling Vireo,WAVI,51.00,54.00,45.3,t,lite
PC,WLNP-WP-4,88888,General Community Waterton Lakes National Park 2021,598,2021-06-18 07:40:00,285103,180,Geothlypis tolmiei,MacGillivray's Warbler,MGWA,54.00,57.00,57.0,t,lite
PC,WLNP-WP-4,88888,General Community Waterton Lakes National Park 2021,598,2021-06-18 07:40:00,285103,180,Geothlypis tolmiei,MacGillivray's Warbler,MGWA,63.00,66.00,39.1,t,lite
PC,WLNP-WP-4,88888,General Community Waterton Lakes National Park 2021,598,2021-06-18 07:40:00,285103,180,Vireo gilvus,Warbling Vireo,WAVI,69.00,72.00,59.7,t,lite
PC,WLNP-WP-4,88888,General Community Waterton Lakes National Park 2021,598,2021-06-18 07:40:00,285103,180,Geothlypis tolmiei,MacGillivray's Warbler,MGWA,75.00,78.00,55.5,t,lite
PC,WLNP-WP-4,88888,General Community Waterton Lakes National Park 2021,598,2021-06-18 07:40:00,285103,180,Geothlypis tolmiei,MacGillivray's Warbler,MGWA,78.00,81.00,52.0,t,lite
PC,WLNP-WP-4,88888,General Community Waterton Lakes National Park 2021,598,2021-06-18 07:40:00,285103,180,Vireo gilvus,Warbling Vireo,WAVI,81.00,84.00,59.6,t,lite
PC,WLNP-WP-4,88888,General Community Waterton Lakes National Park 2021,598,2021-06-18 07:40:00,285103,180,Chlorocharis emiliae,,,84.00,87.00,28.2,f,lite
PC,WLNP-WP-4,88888,General Community Waterton Lakes National Park 2021,598,2021-06-18 07:40:00,285103,180,Vireo gilvus,Warbling Vireo,WAVI,90.00,93.00,40.7,t,lite
PC,WLNP-WP-4,88888,General Community Waterton Lakes National Park 2021,598,2021-06-18 07:40:00,285103,180,Geothlypis tolmiei,MacGillivray's Warbler,MGWA,96.00,99.00,55.0,t,lite
PC,WLNP-WP-4,88888,General Community Waterton Lakes National Park 2021,598,2021-06-18 07:40:00,285103,180,Geothlypis tolmiei,MacGillivray's Warbler,MGWA,99.00,102.00,39.5,t,lite
PC,WLNP-WP-4,88888,General Community Waterton Lakes National Park 2021,598,2021-06-18 07:40:00,285103,180,Geothlypis tolmiei,MacGillivray's Warbler,MGWA,114.00,117.00,25.9,t,lite
PC,WLNP-WP-4,88888,General Community Waterton Lakes National Park 2021,598,2021-06-18 07:40:00,285103,180,Geothlypis tolmiei,MacGillivray's Warbler,MGWA,117.00,120.00,57.4,t,lite
PC,WLNP-WP-4,88888,General Community Waterton Lakes National Park 2021,598,2021-06-18 07:40:00,285103,180,Vireo gilvus,Warbling Vireo,WAVI,120.00,123.00,29.3,t,lite
PC,WLNP-WP-4,88888,General Community Waterton Lakes National Park 2021,598,2021-06-18 07:40:00,285103,180,Phylloscopus sarasinorum,,,120.00,123.00,27.2,f,lite
PC,WLNP-WP-4,88888,General Community Waterton Lakes National Park 2021,598,2021-06-18 07:40:00,285103,180,Vireo gilvus,Warbling Vireo,WAVI,123.00,126.00,40.2,t,lite
PC,WLNP-WP-4,88888,General Community Waterton Lakes National Park 2021,598,2021-06-18 07:40:00,285103,180,Geothlypis tolmiei,MacGillivray's Warbler,MGWA,129.00,132.00,50.8,t,lite
PC,WLNP-WP-4,88888,General Community Waterton Lakes National Park 2021,598,2021-06-18 07:40:00,285103,180,Geothlypis tolmiei,MacGillivray's Warbler,MGWA,132.00,135.00,51.6,t,lite
PC,WLNP-WP-4,88888,General Community Waterton Lakes National Park 2021,598,2021-06-18 07:40:00,285103,180,Catharus ustulatus,Swainson's Thrush,SWTH,135.00,138.00,37.3,t,lite
PC,WLNP-WP-4,88888,General Community Waterton Lakes National Park 2021,598,2021-06-18 07:40:00,285103,180,Vireo gilvus,Warbling Vireo,WAVI,138.00,141.00,45.3,t,lite
PC,WLNP-WP-4,88888,General Community Waterton Lakes National Park 2021,598,2021-06-18 07:40:00,285103,180,Vireo leucophrys,Brown-capped Vireo,BCAV,138.00,141.00,25.6,t,lite
PC,WLNP-WP-4,88888,General Community Waterton Lakes National Park 2021,598,2021-06-18 07:40:00,285103,180,Geothlypis tolmiei,MacGillivray's Warbler,MGWA,141.00,144.00,50.4,t,lite
PC,WLNP-WP-4,88888,General Community Waterton Lakes National Park 2021,598,2021-06-18 07:40:00,285103,180,Ficedula hypoleuca,European Pied Flycatcher,FICHYP,141.00,144.00,30.8,t,lite
PC,WLNP-WP-4,88888,General Community Waterton Lakes National Park 2021,598,2021-06-18 07:40:00,285103,180,Geothlypis tolmiei,MacGillivray's Warbler,MGWA,144.00,147.00,60.4,t,lite
PC,WLNP-WP-4,88888,General Community Waterton Lakes National Park 2021,598,2021-06-18 07:40:00,285103,180,Vireo gilvus,Warbling Vireo,WAVI,147.00,150.00,43.3,t,lite
PC,WLNP-WP-4,88888,General Community Waterton Lakes National Park 2021,598,2021-06-18 07:40:00,285103,180,Vireo gilvus,Warbling Vireo,WAVI,153.00,156.00,42.4,t,lite
PC,WLNP-WP-4,88888,General Community Waterton Lakes National Park 2021,598,2021-06-18 07:40:00,285103,180,Ficedula hypoleuca,European Pied Flycatcher,FICHYP,156.00,159.00,25.8,t,lite
PC,WLNP-WP-4,88888,General Community Waterton Lakes National Park 2021,598,2021-06-18 07:40:00,285103,180,Vireo gilvus,Warbling Vireo,WAVI,156.00,159.00,50.0,t,lite
PC,WLNP-WP-4,88888,General Community Waterton Lakes National Park 2021,598,2021-06-18 07:40:00,285103,180,Geothlypis tolmiei,MacGillivray's Warbler,MGWA,159.00,162.00,63.7,t,lite
PC,WLNP-WP-4,88888,General Community Waterton Lakes National Park 2021,598,2021-06-18 07:40:00,285103,180,Vireo gilvus,Warbling Vireo,WAVI,162.00,165.00,43.5,t,lite
PC,WLNP-WP-4,88888,General Community Waterton Lakes National Park 2021,598,2021-06-18 07:40:00,285103,180,Vireo gilvus,Warbling Vireo,WAVI,168.00,171.00,73.8,t,lite
PC,WLNP-WP-4,88888,General Community Waterton Lakes National Park 2021,598,2021-06-18 07:40:00,285103,180,Geothlypis tolmiei,MacGillivray's Warbler,MGWA,174.00,177.00,71.9,t,lite
PC,WLNP-WP-5,88885,General Community Waterton Lakes National Park 2021,598,2021-06-17 02:00:00,285072,180,*NOT GENERATED/FOUND*,,,,,,f,lite
PC,WLNP-WP-5,88885,General Community Waterton Lakes National Park 2021,598,2021-06-17 04:20:00,285119,180,Zonotrichia leucophrys,White-crowned Sparrow,WCSP,0.00,3.00,39.3,t,lite
PC,WLNP-WP-5,88885,General Community Waterton Lakes National Park 2021,598,2021-06-17 04:20:00,285119,180,Turdus fuscater,,,60.00,63.00,30.3,f,lite
PC,WLNP-WP-5,88885,General Community Waterton Lakes National Park 2021,598,2021-06-17 04:20:00,285119,180,Alauda arvensis,Eurasian Skylark,EUSK,168.00,171.00,25.6,t,lite
PC,WLNP-WP-5,88885,General Community Waterton Lakes National Park 2021,598,2021-06-17 05:00:00,285199,180,Anthus trivialis,Tree Pipit,TRPI,27.00,30.00,32.9,t,lite
PC,WLNP-WP-5,88885,General Community Waterton Lakes National Park 2021,598,2021-06-17 05:00:00,285199,180,Geothlypis tolmiei,MacGillivray's Warbler,MGWA,27.00,30.00,25.9,t,lite
PC,WLNP-WP-5,88885,General Community Waterton Lakes National Park 2021,598,2021-06-17 05:00:00,285199,180,Geothlypis tolmiei,MacGillivray's Warbler,MGWA,36.00,39.00,57.5,t,lite
PC,WLNP-WP-5,88885,General Community Waterton Lakes National Park 2021,598,2021-06-17 05:00:00,285199,180,Anthus trivialis,Tree Pipit,TRPI,36.00,39.00,39.0,t,lite
PC,WLNP-WP-5,88885,General Community Waterton Lakes National Park 2021,598,2021-06-17 05:00:00,285199,180,Sicalis citrina,,,36.00,39.00,28.2,f,lite
PC,WLNP-WP-5,88885,General Community Waterton Lakes National Park 2021,598,2021-06-17 05:00:00,285199,180,Sicalis auriventris,,,45.00,48.00,26.7,f,lite
PC,WLNP-WP-5,88885,General Community Waterton Lakes National Park 2021,598,2021-06-17 05:00:00,285199,180,Geothlypis tolmiei,MacGillivray's Warbler,MGWA,54.00,57.00,29.7,t,lite
PC,WLNP-WP-5,88885,General Community Waterton Lakes National Park 2021,598,2021-06-17 05:00:00,285199,180,Zonotrichia leucophrys,White-crowned Sparrow,WCSP,57.00,60.00,25.2,t,lite
PC,WLNP-WP-5,88885,General Community Waterton Lakes National Park 2021,598,2021-06-17 05:00:00,285199,180,Geothlypis tolmiei,MacGillivray's Warbler,MGWA,69.00,72.00,39.7,t,lite
PC,WLNP-WP-5,88885,General Community Waterton Lakes National Park 2021,598,2021-06-17 05:00:00,285199,180,Anthus trivialis,Tree Pipit,TRPI,69.00,72.00,34.1,t,lite
PC,WLNP-WP-5,88885,General Community Waterton Lakes National Park 2021,598,2021-06-17 05:00:00,285199,180,Zonotrichia leucophrys,White-crowned Sparrow,WCSP,72.00,75.00,30.6,t,lite
PC,WLNP-WP-5,88885,General Community Waterton Lakes National Park 2021,598,2021-06-17 05:00:00,285199,180,Poodytes gramineus,,,72.00,75.00,35.9,f,lite
PC,WLNP-WP-5,88885,General Community Waterton Lakes National Park 2021,598,2021-06-17 05:00:00,285199,180,Anthus trivialis,Tree Pipit,TRPI,78.00,81.00,39.4,t,lite
PC,WLNP-WP-5,88885,General Community Waterton Lakes National Park 2021,598,2021-06-17 05:00:00,285199,180,Geothlypis tolmiei,MacGillivray's Warbler,MGWA,78.00,81.00,28.0,t,lite
PC,WLNP-WP-5,88885,General Community Waterton Lakes National Park 2021,598,2021-06-17 05:00:00,285199,180,Zonotrichia leucophrys,White-crowned Sparrow,WCSP,84.00,87.00,28.6,t,lite
PC,WLNP-WP-5,88885,General Community Waterton Lakes National Park 2021,598,2021-06-17 05:00:00,285199,180,Poodytes gramineus,,,93.00,96.00,25.0,f,lite
PC,WLNP-WP-5,88885,General Community Waterton Lakes National Park 2021,598,2021-06-17 05:00:00,285199,180,Anthus trivialis,Tree Pipit,TRPI,123.00,126.00,31.5,t,lite
PC,WLNP-WP-5,88885,General Community Waterton Lakes National Park 2021,598,2021-06-17 05:00:00,285199,180,Spinus pinus,Pine Siskin,PISI,135.00,138.00,65.8,t,lite
PC,WLNP-WP-5,88885,General Community Waterton Lakes National Park 2021,598,2021-06-17 07:40:00,285046,180,Malurus leucopterus,,,96.00,99.00,30.6,f,lite
PC,WLNP-WP-5,88885,General Community Waterton Lakes National Park 2021,598,2021-06-17 07:40:00,285046,180,Anthus hellmayri,,,96.00,99.00,38.7,f,lite
PC,WLNP-WP-5,88885,General Community Waterton Lakes National Park 2021,598,2021-06-17 07:40:00,285046,180,Malurus leucopterus,,,102.00,105.00,25.4,f,lite
PC,WLNP-WP-5,88885,General Community Waterton Lakes National Park 2021,598,2021-06-17 07:40:00,285046,180,Orochelidon murina,,,108.00,111.00,25.3,f,lite
PC,WLNP-WP-5,88885,General Community Waterton Lakes National Park 2021,598,2021-06-17 07:40:00,285046,180,Passerina amoena,Lazuli Bunting,LAZB,117.00,120.00,41.4,t,lite
PC,WLNP-WP-5,88885,General Community Waterton Lakes National Park 2021,598,2021-06-17 07:40:00,285046,180,Passerina amoena,Lazuli Bunting,LAZB,126.00,129.00,32.5,t,lite
PC,WLNP-WP-5,88885,General Community Waterton Lakes National Park 2021,598,2021-06-17 08:20:00,285112,180,Orochelidon murina,,,18.00,21.00,46.4,f,lite
PC,WLNP-WP-5,88885,General Community Waterton Lakes National Park 2021,598,2021-06-17 08:20:00,285112,180,Aimophila ruficeps,Rufous-crowned Sparrow,RCSP,39.00,42.00,27.1,t,lite
PC,WLNP-WP-5,88885,General Community Waterton Lakes National Park 2021,598,2021-06-17 08:20:00,285112,180,Anthus hellmayri,,,63.00,66.00,40.6,f,lite
PC,WLNP-WP-5,88885,General Community Waterton Lakes National Park 2021,598,2021-06-17 08:20:00,285112,180,Calendulauda alopex,,,63.00,66.00,34.2,f,lite
PC,WLNP-WP-5,88885,General Community Waterton Lakes National Park 2021,598,2021-06-17 08:20:00,285112,180,Passerina amoena,Lazuli Bunting,LAZB,63.00,66.00,36.7,t,lite
PC,WLNP-WP-5,88885,General Community Waterton Lakes National Park 2021,598,2021-06-17 08:20:00,285112,180,Phylloscopus fuligiventer,,,114.00,117.00,32.4,f,lite
PC,WLNP-WP-5,88885,General Community Waterton Lakes National Park 2021,598,2021-06-17 08:20:00,285112,180,Saxicola rubicola,,,126.00,129.00,28.0,f,lite
PC,WLNP-WP-5,88885,General Community Waterton Lakes National Park 2021,598,2021-06-17 08:20:00,285112,180,Anthus hellmayri,,,126.00,129.00,28.1,f,lite
PC,WLNP-WP-5,88885,General Community Waterton Lakes National Park 2021,598,2021-06-17 08:20:00,285112,180,Saxicola rubicola,,,135.00,138.00,28.9,f,lite
PC,WLNP-WP-5,88885,General Community Waterton Lakes National Park 2021,598,2021-06-17 08:20:00,285112,180,Alauda arvensis,Eurasian Skylark,EUSK,141.00,144.00,26.8,t,lite
PC,WLNP-WP-5,88885,General Community Waterton Lakes National Park 2021,598,2021-06-17 08:20:00,285112,180,Aimophila ruficeps,Rufous-crowned Sparrow,RCSP,159.00,162.00,27.5,t,lite
PC,WLNP-WP-5,88885,General Community Waterton Lakes National Park 2021,598,2021-06-17 08:20:00,285112,180,Calendulauda alopex,,,162.00,165.00,32.9,f,lite
PC,WLNP-WP-5,88885,General Community Waterton Lakes National Park 2021,598,2021-06-17 08:20:00,285112,180,Anthus hellmayri,,,162.00,165.00,26.8,f,lite
PC,WLNP-WP-5,88885,General Community Waterton Lakes National Park 2021,598,2021-06-17 08:20:00,285112,180,Anthus hodgsoni,Olive-backed Pipit,OBPI,162.00,165.00,26.5,t,lite
PC,WLNP-WP-5,88885,General Community Waterton Lakes National Park 2021,598,2021-06-17 22:00:00,285185,180,Zonotrichia leucophrys,White-crowned Sparrow,WCSP,108.00,111.00,34.5,t,lite
PC,WLNP-WP-5,88885,General Community Waterton Lakes National Park 2021,598,2021-06-17 22:00:00,285185,180,Zonotrichia leucophrys,White-crowned Sparrow,WCSP,114.00,117.00,26.0,t,lite
PC,WLNP-WP-5,88885,General Community Waterton Lakes National Park 2021,598,2021-06-17 22:00:00,285185,180,Zonotrichia leucophrys,White-crowned Sparrow,WCSP,120.00,123.00,25.3,t,lite
PC,WLNP-WP-5,88885,General Community Waterton Lakes National Park 2021,598,2021-06-17 22:00:00,285185,180,Alauda arvensis,Eurasian Skylark,EUSK,147.00,150.00,30.5,t,lite
PC,WLNP-WP-5,88885,General Community Waterton Lakes National Park 2021,598,2021-06-17 22:00:00,285185,180,Zonotrichia leucophrys,White-crowned Sparrow,WCSP,147.00,150.00,32.8,t,lite
PC,WLNP-WP-5,88885,General Community Waterton Lakes National Park 2021,598,2021-06-17 22:00:00,285185,180,Zonotrichia leucophrys,White-crowned Sparrow,WCSP,153.00,156.00,27.3,t,lite
PC,WLNP-WP-5,88885,General Community Waterton Lakes National Park 2021,598,2021-06-17 22:00:00,285185,180,Zonotrichia leucophrys,White-crowned Sparrow,WCSP,156.00,159.00,38.7,t,lite
PC,WLNP-WP-5,88885,General Community Waterton Lakes National Park 2021,598,2021-06-17 22:00:00,285185,180,Zonotrichia leucophrys,White-crowned Sparrow,WCSP,162.00,165.00,27.1,t,lite
PC,WLNP-WP-5,88885,General Community Waterton Lakes National Park 2021,598,2021-06-17 22:00:00,285185,180,Alauda arvensis,Eurasian Skylark,EUSK,171.00,174.00,27.0,t,lite
PC,WLNP-WP-5,88885,General Community Waterton Lakes National Park 2021,598,2021-06-17 22:00:00,285185,180,Anthus bogotensis,,,177.00,180.00,33.9,f,lite
PC,WLNP-WP-5,88885,General Community Waterton Lakes National Park 2021,598,2021-06-17 22:00:00,285185,180,Zonotrichia leucophrys,White-crowned Sparrow,WCSP,177.00,180.00,47.4,t,lite
PC,WLNP-WP-5,88885,General Community Waterton Lakes National Park 2021,598,2021-06-17 22:00:00,285185,180,Alauda arvensis,Eurasian Skylark,EUSK,177.00,180.00,29.4,t,lite
PC,WLNP-WP-5,88885,General Community Waterton Lakes National Park 2021,598,2021-06-18 04:00:00,285006,180,*NOT GENERATED/FOUND*,,,,,,f,lite
PC,WLNP-WP-5,88885,General Community Waterton Lakes National Park 2021,598,2021-06-18 06:20:00,285202,180,Cyphorhinus thoracicus,,,0.00,3.00,53.5,f,lite
PC,WLNP-WP-5,88885,General Community Waterton Lakes National Park 2021,598,2021-06-18 06:20:00,285202,180,Zonotrichia leucophrys,White-crowned Sparrow,WCSP,3.00,6.00,66.7,t,lite
PC,WLNP-WP-5,88885,General Community Waterton Lakes National Park 2021,598,2021-06-18 06:20:00,285202,180,Anthus hodgsoni,Olive-backed Pipit,OBPI,6.00,9.00,39.7,t,lite
PC,WLNP-WP-5,88885,General Community Waterton Lakes National Park 2021,598,2021-06-18 06:20:00,285202,180,Sporophila nigricollis,Yellow-bellied Seedeater,YBSE,6.00,9.00,29.9,t,lite
PC,WLNP-WP-5,88885,General Community Waterton Lakes National Park 2021,598,2021-06-18 06:20:00,285202,180,Orochelidon murina,,,9.00,12.00,26.9,f,lite
PC,WLNP-WP-5,88885,General Community Waterton Lakes National Park 2021,598,2021-06-18 06:20:00,285202,180,Zonotrichia leucophrys,White-crowned Sparrow,WCSP,12.00,15.00,52.8,t,lite
PC,WLNP-WP-5,88885,General Community Waterton Lakes National Park 2021,598,2021-06-18 06:20:00,285202,180,Sporophila nigricollis,Yellow-bellied Seedeater,YBSE,18.00,21.00,33.0,t,lite
PC,WLNP-WP-5,88885,General Community Waterton Lakes National Park 2021,598,2021-06-18 06:20:00,285202,180,Sporophila caerulescens,,,18.00,21.00,29.9,f,lite
PC,WLNP-WP-5,88885,General Community Waterton Lakes National Park 2021,598,2021-06-18 06:20:00,285202,180,Geothlypis tolmiei,MacGillivray's Warbler,MGWA,21.00,24.00,28.8,t,lite
PC,WLNP-WP-5,88885,General Community Waterton Lakes National Park 2021,598,2021-06-18 06:20:00,285202,180,Zonotrichia leucophrys,White-crowned Sparrow,WCSP,24.00,27.00,51.6,t,lite
PC,WLNP-WP-5,88885,General Community Waterton Lakes National Park 2021,598,2021-06-18 06:20:00,285202,180,Zonotrichia leucophrys,White-crowned Sparrow,WCSP,27.00,30.00,81.1,t,lite
PC,WLNP-WP-5,88885,General Community Waterton Lakes National Park 2021,598,2021-06-18 06:20:00,285202,180,Cyphorhinus thoracicus,,,27.00,30.00,31.0,f,lite
PC,WLNP-WP-5,88885,General Community Waterton Lakes National Park 2021,598,2021-06-18 06:20:00,285202,180,Zonotrichia leucophrys,White-crowned Sparrow,WCSP,36.00,39.00,30.9,t,lite
PC,WLNP-WP-5,88885,General Community Waterton Lakes National Park 2021,598,2021-06-18 06:20:00,285202,180,Zonotrichia leucophrys,White-crowned Sparrow,WCSP,39.00,42.00,74.5,t,lite
PC,WLNP-WP-5,88885,General Community Waterton Lakes National Park 2021,598,2021-06-18 06:20:00,285202,180,Anthus hodgsoni,Olive-backed Pipit,OBPI,42.00,45.00,25.4,t,lite
PC,WLNP-WP-5,88885,General Community Waterton Lakes National Park 2021,598,2021-06-18 06:20:00,285202,180,Phylloscopus sarasinorum,,,48.00,51.00,32.2,f,lite
PC,WLNP-WP-5,88885,General Community Waterton Lakes National Park 2021,598,2021-06-18 06:20:00,285202,180,Geothlypis tolmiei,MacGillivray's Warbler,MGWA,48.00,51.00,56.0,t,lite
PC,WLNP-WP-5,88885,General Community Waterton Lakes National Park 2021,598,2021-06-18 06:20:00,285202,180,Zonotrichia leucophrys,White-crowned Sparrow,WCSP,51.00,54.00,66.2,t,lite
PC,WLNP-WP-5,88885,General Community Waterton Lakes National Park 2021,598,2021-06-18 06:20:00,285202,180,Zonotrichia leucophrys,White-crowned Sparrow,WCSP,63.00,66.00,79.1,t,lite
PC,WLNP-WP-5,88885,General Community Waterton Lakes National Park 2021,598,2021-06-18 06:20:00,285202,180,Geothlypis tolmiei,MacGillivray's Warbler,MGWA,69.00,72.00,45.4,t,lite
PC,WLNP-WP-5,88885,General Community Waterton Lakes National Park 2021,598,2021-06-18 06:20:00,285202,180,Zonotrichia leucophrys,White-crowned Sparrow,WCSP,72.00,75.00,29.8,t,lite
PC,WLNP-WP-5,88885,General Community Waterton Lakes National Park 2021,598,2021-06-18 06:20:00,285202,180,Zonotrichia leucophrys,White-crowned Sparrow,WCSP,75.00,78.00,28.6,t,lite
PC,WLNP-WP-5,88885,General Community Waterton Lakes National Park 2021,598,2021-06-18 06:20:00,285202,180,Cyphorhinus thoracicus,,,78.00,81.00,28.8,f,lite
PC,WLNP-WP-5,88885,General Community Waterton Lakes National Park 2021,598,2021-06-18 06:20:00,285202,180,Zonotrichia leucophrys,White-crowned Sparrow,WCSP,78.00,81.00,59.0,t,lite
PC,WLNP-WP-5,88885,General Community Waterton Lakes National Park 2021,598,2021-06-18 06:20:00,285202,180,Zonotrichia leucophrys,White-crowned Sparrow,WCSP,81.00,84.00,44.1,t,lite
PC,WLNP-WP-5,88885,General Community Waterton Lakes National Park 2021,598,2021-06-18 06:20:00,285202,180,Zonotrichia leucophrys,White-crowned Sparrow,WCSP,84.00,87.00,34.0,t,lite
PC,WLNP-WP-5,88885,General Community Waterton Lakes National Park 2021,598,2021-06-18 06:20:00,285202,180,Zonotrichia leucophrys,White-crowned Sparrow,WCSP,87.00,90.00,56.4,t,lite
PC,WLNP-WP-5,88885,General Community Waterton Lakes National Park 2021,598,2021-06-18 06:20:00,285202,180,Cyphorhinus thoracicus,,,90.00,93.00,25.2,f,lite
PC,WLNP-WP-5,88885,General Community Waterton Lakes National Park 2021,598,2021-06-18 06:20:00,285202,180,Zonotrichia leucophrys,White-crowned Sparrow,WCSP,93.00,96.00,54.0,t,lite
PC,WLNP-WP-5,88885,General Community Waterton Lakes National Park 2021,598,2021-06-18 06:20:00,285202,180,Anthus bogotensis,,,93.00,96.00,38.3,f,lite
PC,WLNP-WP-5,88885,General Community Waterton Lakes National Park 2021,598,2021-06-18 06:20:00,285202,180,Cyphorhinus thoracicus,,,96.00,99.00,34.2,f,lite
PC,WLNP-WP-5,88885,General Community Waterton Lakes National Park 2021,598,2021-06-18 06:20:00,285202,180,Zonotrichia leucophrys,White-crowned Sparrow,WCSP,96.00,99.00,38.7,t,lite
PC,WLNP-WP-5,88885,General Community Waterton Lakes National Park 2021,598,2021-06-18 06:20:00,285202,180,Zonotrichia leucophrys,White-crowned Sparrow,WCSP,99.00,102.00,38.8,t,lite
PC,WLNP-WP-5,88885,General Community Waterton Lakes National Park 2021,598,2021-06-18 06:20:00,285202,180,Anthus hodgsoni,Olive-backed Pipit,OBPI,102.00,105.00,30.5,t,lite
PC,WLNP-WP-5,88885,General Community Waterton Lakes National Park 2021,598,2021-06-18 06:20:00,285202,180,Spinus pinus,Pine Siskin,PISI,105.00,108.00,43.6,t,lite
PC,WLNP-WP-5,88885,General Community Waterton Lakes National Park 2021,598,2021-06-18 06:20:00,285202,180,Zonotrichia leucophrys,White-crowned Sparrow,WCSP,108.00,111.00,75.4,t,lite
PC,WLNP-WP-5,88885,General Community Waterton Lakes National Park 2021,598,2021-06-18 06:20:00,285202,180,Zonotrichia leucophrys,White-crowned Sparrow,WCSP,120.00,123.00,37.6,t,lite
PC,WLNP-WP-5,88885,General Community Waterton Lakes National Park 2021,598,2021-06-18 06:20:00,285202,180,Cyphorhinus thoracicus,,,123.00,126.00,38.1,f,lite
PC,WLNP-WP-5,88885,General Community Waterton Lakes National Park 2021,598,2021-06-18 06:20:00,285202,180,Anthus bogotensis,,,126.00,129.00,28.9,f,lite
PC,WLNP-WP-5,88885,General Community Waterton Lakes National Park 2021,598,2021-06-18 06:20:00,285202,180,Zonotrichia leucophrys,White-crowned Sparrow,WCSP,126.00,129.00,51.7,t,lite
PC,WLNP-WP-5,88885,General Community Waterton Lakes National Park 2021,598,2021-06-18 06:20:00,285202,180,Zonotrichia leucophrys,White-crowned Sparrow,WCSP,135.00,138.00,49.7,t,lite
PC,WLNP-WP-5,88885,General Community Waterton Lakes National Park 2021,598,2021-06-18 06:20:00,285202,180,Anthus trivialis,Tree Pipit,TRPI,138.00,141.00,36.8,t,lite
PC,WLNP-WP-5,88885,General Community Waterton Lakes National Park 2021,598,2021-06-18 06:20:00,285202,180,Geothlypis tolmiei,MacGillivray's Warbler,MGWA,138.00,141.00,25.5,t,lite
PC,WLNP-WP-5,88885,General Community Waterton Lakes National Park 2021,598,2021-06-18 06:20:00,285202,180,Cyphorhinus thoracicus,,,141.00,144.00,30.0,f,lite
PC,WLNP-WP-5,88885,General Community Waterton Lakes National Park 2021,598,2021-06-18 06:20:00,285202,180,Zonotrichia leucophrys,White-crowned Sparrow,WCSP,141.00,144.00,68.7,t,lite
PC,WLNP-WP-5,88885,General Community Waterton Lakes National Park 2021,598,2021-06-18 06:20:00,285202,180,Zonotrichia leucophrys,White-crowned Sparrow,WCSP,144.00,147.00,53.2,t,lite
PC,WLNP-WP-5,88885,General Community Waterton Lakes National Park 2021,598,2021-06-18 06:20:00,285202,180,Anthus bogotensis,,,147.00,150.00,27.4,f,lite
PC,WLNP-WP-5,88885,General Community Waterton Lakes National Park 2021,598,2021-06-18 06:20:00,285202,180,Zonotrichia leucophrys,White-crowned Sparrow,WCSP,147.00,150.00,38.0,t,lite
PC,WLNP-WP-5,88885,General Community Waterton Lakes National Park 2021,598,2021-06-18 06:20:00,285202,180,Geothlypis tolmiei,MacGillivray's Warbler,MGWA,150.00,153.00,30.3,t,lite
PC,WLNP-WP-5,88885,General Community Waterton Lakes National Park 2021,598,2021-06-18 06:20:00,285202,180,Zonotrichia leucophrys,White-crowned Sparrow,WCSP,153.00,156.00,72.4,t,lite
PC,WLNP-WP-5,88885,General Community Waterton Lakes National Park 2021,598,2021-06-18 06:20:00,285202,180,Anthus bogotensis,,,153.00,156.00,30.3,f,lite
PC,WLNP-WP-5,88885,General Community Waterton Lakes National Park 2021,598,2021-06-18 06:20:00,285202,180,Zonotrichia leucophrys,White-crowned Sparrow,WCSP,156.00,159.00,33.2,t,lite
PC,WLNP-WP-5,88885,General Community Waterton Lakes National Park 2021,598,2021-06-18 06:20:00,285202,180,Geothlypis tolmiei,MacGillivray's Warbler,MGWA,159.00,162.00,39.0,t,lite
PC,WLNP-WP-5,88885,General Community Waterton Lakes National Park 2021,598,2021-06-18 06:20:00,285202,180,Passerina amoena,Lazuli Bunting,LAZB,165.00,168.00,29.4,t,lite
PC,WLNP-WP-5,88885,General Community Waterton Lakes National Park 2021,598,2021-06-18 06:20:00,285202,180,Anthus hodgsoni,Olive-backed Pipit,OBPI,165.00,168.00,26.3,t,lite
PC,WLNP-WP-5,88885,General Community Waterton Lakes National Park 2021,598,2021-06-18 06:20:00,285202,180,Zonotrichia leucophrys,White-crowned Sparrow,WCSP,168.00,171.00,52.4,t,lite
PC,WLNP-WP-5,88885,General Community Waterton Lakes National Park 2021,598,2021-06-18 06:20:00,285202,180,Zonotrichia leucophrys,White-crowned Sparrow,WCSP,171.00,174.00,36.0,t,lite
PC,WLNP-WP-6,88883,General Community Waterton Lakes National Park 2021,598,2021-06-19 07:40:00,285101,180,Geothlypis tolmiei,MacGillivray's Warbler,MGWA,15.00,18.00,33.5,t,lite
PC,WLNP-WP-6,88883,General Community Waterton Lakes National Park 2021,598,2021-06-19 07:40:00,285101,180,Synallaxis cinerascens,,,69.00,72.00,39.7,f,lite
PC,WLNP-WP-6,88883,General Community Waterton Lakes National Park 2021,598,2021-06-19 07:40:00,285101,180,Synallaxis scutata,,,69.00,72.00,31.3,f,lite
PC,WLNP-WP-6,88883,General Community Waterton Lakes National Park 2021,598,2021-06-19 07:40:00,285101,180,Empidonax occidentalis,Cordilleran Flycatcher,COFL,84.00,87.00,25.2,t,lite
PC,WLNP-WP-6,88883,General Community Waterton Lakes National Park 2021,598,2021-06-19 07:40:00,285101,180,Empidonax occidentalis,Cordilleran Flycatcher,COFL,102.00,105.00,32.3,t,lite
PC,WLNP-WP-6,88883,General Community Waterton Lakes National Park 2021,598,2021-06-19 07:40:00,285101,180,Empidonax occidentalis,Cordilleran Flycatcher,COFL,105.00,108.00,40.4,t,lite
PC,WLNP-WP-6,88883,General Community Waterton Lakes National Park 2021,598,2021-06-19 07:40:00,285101,180,Empidonax difficilis,Western Flycatcher,WEFL,111.00,114.00,33.9,t,lite
PC,WLNP-WP-6,88883,General Community Waterton Lakes National Park 2021,598,2021-06-19 07:40:00,285101,180,Empidonax difficilis,Pacific-slope Flycatcher,PSFL,111.00,114.00,33.9,t,lite
PC,WLNP-WP-6,88883,General Community Waterton Lakes National Park 2021,598,2021-06-19 07:40:00,285101,180,Empidonax occidentalis,Cordilleran Flycatcher,COFL,111.00,114.00,30.2,t,lite
PC,WLNP-WP-6,88883,General Community Waterton Lakes National Park 2021,598,2021-06-19 07:40:00,285101,180,Empidonax difficilis,Western Flycatcher,WEFL,114.00,117.00,25.6,t,lite
PC,WLNP-WP-6,88883,General Community Waterton Lakes National Park 2021,598,2021-06-19 07:40:00,285101,180,Empidonax difficilis,Pacific-slope Flycatcher,PSFL,114.00,117.00,25.6,t,lite
PC,WLNP-WP-6,88883,General Community Waterton Lakes National Park 2021,598,2021-06-19 07:40:00,285101,180,Empidonax occidentalis,Cordilleran Flycatcher,COFL,114.00,117.00,46.3,t,lite
PC,WLNP-WP-6,88883,General Community Waterton Lakes National Park 2021,598,2021-06-19 07:40:00,285101,180,Empidonax difficilis,Western Flycatcher,WEFL,120.00,123.00,30.4,t,lite
PC,WLNP-WP-6,88883,General Community Waterton Lakes National Park 2021,598,2021-06-19 07:40:00,285101,180,Empidonax occidentalis,Cordilleran Flycatcher,COFL,120.00,123.00,55.3,t,lite
PC,WLNP-WP-6,88883,General Community Waterton Lakes National Park 2021,598,2021-06-19 07:40:00,285101,180,Empidonax difficilis,Pacific-slope Flycatcher,PSFL,120.00,123.00,30.4,t,lite
PC,WLNP-WP-6,88883,General Community Waterton Lakes National Park 2021,598,2021-06-19 07:40:00,285101,180,Aethopyga vigorsii,,,120.00,123.00,35.5,f,lite
PC,WLNP-WP-6,88883,General Community Waterton Lakes National Park 2021,598,2021-06-19 07:40:00,285101,180,Empidonax difficilis,Pacific-slope Flycatcher,PSFL,126.00,129.00,30.4,t,lite
PC,WLNP-WP-6,88883,General Community Waterton Lakes National Park 2021,598,2021-06-19 07:40:00,285101,180,Empidonax occidentalis,Cordilleran Flycatcher,COFL,126.00,129.00,28.8,t,lite
PC,WLNP-WP-6,88883,General Community Waterton Lakes National Park 2021,598,2021-06-19 07:40:00,285101,180,Empidonax difficilis,Western Flycatcher,WEFL,126.00,129.00,30.4,t,lite
PC,WLNP-WP-6,88883,General Community Waterton Lakes National Park 2021,598,2021-06-19 07:40:00,285101,180,Empidonax occidentalis,Cordilleran Flycatcher,COFL,129.00,132.00,38.9,t,lite
PC,WLNP-WP-6,88883,General Community Waterton Lakes National Park 2021,598,2021-06-19 07:40:00,285101,180,Empidonax difficilis,Western Flycatcher,WEFL,129.00,132.00,32.7,t,lite
PC,WLNP-WP-6,88883,General Community Waterton Lakes National Park 2021,598,2021-06-19 07:40:00,285101,180,Empidonax difficilis,Pacific-slope Flycatcher,PSFL,129.00,132.00,32.7,t,lite
PC,WLNP-WP-6,88883,General Community Waterton Lakes National Park 2021,598,2021-06-19 07:40:00,285101,180,Phylloscopus inornatus,Yellow-browed Warbler,YBWA,129.00,132.00,25.4,t,lite
PC,WLNP-WP-6,88883,General Community Waterton Lakes National Park 2021,598,2021-06-19 07:40:00,285101,180,Empidonax difficilis,Western Flycatcher,WEFL,135.00,138.00,28.7,t,lite
PC,WLNP-WP-6,88883,General Community Waterton Lakes National Park 2021,598,2021-06-19 07:40:00,285101,180,Empidonax occidentalis,Cordilleran Flycatcher,COFL,135.00,138.00,55.2,t,lite
PC,WLNP-WP-6,88883,General Community Waterton Lakes National Park 2021,598,2021-06-19 07:40:00,285101,180,Empidonax difficilis,Pacific-slope Flycatcher,PSFL,135.00,138.00,28.7,t,lite
PC,WLNP-WP-6,88883,General Community Waterton Lakes National Park 2021,598,2021-06-19 07:40:00,285101,180,Piranga leucoptera,White-winged Tanager,WWTA,141.00,144.00,28.2,t,lite
PC,WLNP-WP-6,88883,General Community Waterton Lakes National Park 2021,598,2021-06-19 07:40:00,285101,180,Empidonax difficilis,Western Flycatcher,WEFL,141.00,144.00,42.8,t,lite
PC,WLNP-WP-6,88883,General Community Waterton Lakes National Park 2021,598,2021-06-19 07:40:00,285101,180,Synallaxis cinerascens,,,141.00,144.00,25.9,f,lite
PC,WLNP-WP-6,88883,General Community Waterton Lakes National Park 2021,598,2021-06-19 07:40:00,285101,180,Empidonax difficilis,Pacific-slope Flycatcher,PSFL,141.00,144.00,42.8,t,lite
PC,WLNP-WP-6,88883,General Community Waterton Lakes National Park 2021,598,2021-06-19 07:40:00,285101,180,Empidonax occidentalis,Cordilleran Flycatcher,COFL,141.00,144.00,63.1,t,lite
PC,WLNP-WP-6,88883,General Community Waterton Lakes National Park 2021,598,2021-06-19 07:40:00,285101,180,Empidonax difficilis,Pacific-slope Flycatcher,PSFL,147.00,150.00,35.7,t,lite
PC,WLNP-WP-6,88883,General Community Waterton Lakes National Park 2021,598,2021-06-19 07:40:00,285101,180,Empidonax difficilis,Western Flycatcher,WEFL,147.00,150.00,35.7,t,lite
PC,WLNP-WP-6,88883,General Community Waterton Lakes National Park 2021,598,2021-06-19 07:40:00,285101,180,Empidonax occidentalis,Cordilleran Flycatcher,COFL,147.00,150.00,42.5,t,lite
PC,WLNP-WP-6,88883,General Community Waterton Lakes National Park 2021,598,2021-06-19 07:40:00,285101,180,Empidonax occidentalis,Cordilleran Flycatcher,COFL,159.00,162.00,33.3,t,lite
PC,WLNP-WP-6,88883,General Community Waterton Lakes National Park 2021,598,2021-06-19 07:40:00,285101,180,Empidonax difficilis,Pacific-slope Flycatcher,PSFL,159.00,162.00,29.4,t,lite
PC,WLNP-WP-6,88883,General Community Waterton Lakes National Park 2021,598,2021-06-19 07:40:00,285101,180,Empidonax difficilis,Western Flycatcher,WEFL,159.00,162.00,29.4,t,lite
PC,WLNP-WP-6,88883,General Community Waterton Lakes National Park 2021,598,2021-06-19 07:40:00,285101,180,Empidonax difficilis,Pacific-slope Flycatcher,PSFL,162.00,165.00,29.3,t,lite
PC,WLNP-WP-6,88883,General Community Waterton Lakes National Park 2021,598,2021-06-19 07:40:00,285101,180,Empidonax difficilis,Western Flycatcher,WEFL,162.00,165.00,29.3,t,lite
PC,WLNP-WP-6,88883,General Community Waterton Lakes National Park 2021,598,2021-06-19 07:40:00,285101,180,Empidonax occidentalis,Cordilleran Flycatcher,COFL,174.00,177.00,28.3,t,lite
PC,WLNP-WP-6,88883,General Community Waterton Lakes National Park 2021,598,2021-06-22 04:00:00,285106,180,*NOT GENERATED/FOUND*,,,,,,f,lite
PC,WLNP-WP-6,88883,General Community Waterton Lakes National Park 2021,598,2021-06-23 05:20:00,285203,180,*NOT GENERATED/FOUND*,,,,,,f,lite
PC,WLNP-WP-6,88883,General Community Waterton Lakes National Park 2021,598,2021-06-24 05:00:00,285183,180,*NOT GENERATED/FOUND*,,,,,,f,lite
PC,WLNP-WP-6,88883,General Community Waterton Lakes National Park 2021,598,2021-06-24 07:00:00,284992,180,Empidonax difficilis,Western Flycatcher,WEFL,6.00,9.00,29.0,t,lite
PC,WLNP-WP-6,88883,General Community Waterton Lakes National Park 2021,598,2021-06-24 07:00:00,284992,180,Empidonax difficilis,Pacific-slope Flycatcher,PSFL,6.00,9.00,29.0,t,lite
PC,WLNP-WP-6,88883,General Community Waterton Lakes National Park 2021,598,2021-06-24 07:00:00,284992,180,Cinnyris jugularis,,,6.00,9.00,26.7,f,lite
PC,WLNP-WP-6,88883,General Community Waterton Lakes National Park 2021,598,2021-06-24 07:00:00,284992,180,Phylloscopus inornatus,Yellow-browed Warbler,YBWA,12.00,15.00,28.0,t,lite
PC,WLNP-WP-6,88883,General Community Waterton Lakes National Park 2021,598,2021-06-24 07:00:00,284992,180,Empidonax difficilis,Pacific-slope Flycatcher,PSFL,15.00,18.00,29.6,t,lite
PC,WLNP-WP-6,88883,General Community Waterton Lakes National Park 2021,598,2021-06-24 07:00:00,284992,180,Empidonax difficilis,Western Flycatcher,WEFL,15.00,18.00,29.6,t,lite
PC,WLNP-WP-6,88883,General Community Waterton Lakes National Park 2021,598,2021-06-24 07:00:00,284992,180,Setophaga pensylvanica,Chestnut-sided Warbler,CSWA,93.00,96.00,25.4,t,lite
PC,WLNP-WP-6,88883,General Community Waterton Lakes National Park 2021,598,2021-06-24 07:00:00,284992,180,Phylloscopus trochiloides,Greenish Warbler,PHYTRO,102.00,105.00,38.5,t,lite
PC,WLNP-WP-6,88883,General Community Waterton Lakes National Park 2021,598,2021-06-24 07:00:00,284992,180,Passerina amoena,Lazuli Bunting,LAZB,108.00,111.00,25.3,t,lite
PC,WLNP-WP-6,88883,General Community Waterton Lakes National Park 2021,598,2021-06-24 07:00:00,284992,180,Passerina amoena,Lazuli Bunting,LAZB,117.00,120.00,26.0,t,lite
PC,WLNP-WP-6,88883,General Community Waterton Lakes National Park 2021,598,2021-06-24 07:00:00,284992,180,Phylloscopus trochiloides,Greenish Warbler,PHYTRO,117.00,120.00,27.3,t,lite
PC,WLNP-WP-6,88883,General Community Waterton Lakes National Park 2021,598,2021-06-24 07:00:00,284992,180,Passerina amoena,Lazuli Bunting,LAZB,138.00,141.00,30.4,t,lite
PC,WLNP-WP-6,88883,General Community Waterton Lakes National Park 2021,598,2021-06-24 07:00:00,284992,180,Passerina amoena,Lazuli Bunting,LAZB,147.00,150.00,36.6,t,lite
PC,WLNP-WP-6,88883,General Community Waterton Lakes National Park 2021,598,2021-06-24 07:00:00,284992,180,Passerina amoena,Lazuli Bunting,LAZB,153.00,156.00,33.2,t,lite
PC,WLNP-WP-6,88883,General Community Waterton Lakes National Park 2021,598,2021-06-24 07:00:00,284992,180,Setophaga pensylvanica,Chestnut-sided Warbler,CSWA,153.00,156.00,27.1,t,lite
PC,WLNP-WP-6,88883,General Community Waterton Lakes National Park 2021,598,2021-06-24 07:00:00,284992,180,Atlapetes flaviceps,,,162.00,165.00,25.6,f,lite
PC,WLNP-WP-6,88883,General Community Waterton Lakes National Park 2021,598,2021-06-24 07:00:00,284992,180,Setophaga pensylvanica,Chestnut-sided Warbler,CSWA,168.00,171.00,28.7,t,lite
PC,WLNP-WP-6,88883,General Community Waterton Lakes National Park 2021,598,2021-06-24 07:00:00,284992,180,Phylloscopus trochiloides,Greenish Warbler,PHYTRO,177.00,180.00,25.2,t,lite
PC,WLNP-WP-6,88883,General Community Waterton Lakes National Park 2021,598,2021-06-24 07:40:00,285037,180,*NOT GENERATED/FOUND*,,,,,,f,lite
PC,WLNP-WP-6,88883,General Community Waterton Lakes National Park 2021,598,2021-06-25 04:20:00,285081,180,Orochelidon murina,,,39.00,42.00,27.1,f,lite
PC,WLNP-WP-6,88883,General Community Waterton Lakes National Park 2021,598,2021-06-26 06:00:00,285007,180,*NOT GENERATED/FOUND*,,,,,,f,lite
PC,WLNP-WP-7,88886,General Community Waterton Lakes National Park 2021,598,2021-06-17 02:20:00,285145,180,*NOT GENERATED/FOUND*,,,,,,f,lite
PC,WLNP-WP-7,88886,General Community Waterton Lakes National Park 2021,598,2021-06-17 02:40:00,285198,180,*NOT GENERATED/FOUND*,,,,,,f,lite
PC,WLNP-WP-7,88886,General Community Waterton Lakes National Park 2021,598,2021-06-17 04:00:00,285044,180,Lanius cabanisi,,,9.00,12.00,26.4,f,lite
PC,WLNP-WP-7,88886,General Community Waterton Lakes National Park 2021,598,2021-06-17 04:00:00,285044,180,Lanius cabanisi,,,165.00,168.00,26.2,f,lite
PC,WLNP-WP-7,88886,General Community Waterton Lakes National Park 2021,598,2021-06-17 04:00:00,285044,180,Lanius cabanisi,,,168.00,171.00,26.1,f,lite
PC,WLNP-WP-7,88886,General Community Waterton Lakes National Park 2021,598,2021-06-17 04:20:00,285085,180,Lanius cabanisi,,,96.00,99.00,26.4,f,lite
PC,WLNP-WP-7,88886,General Community Waterton Lakes National Park 2021,598,2021-06-17 04:20:00,285085,180,Lanius cabanisi,,,129.00,132.00,26.8,f,lite
PC,WLNP-WP-7,88886,General Community Waterton Lakes National Park 2021,598,2021-06-17 04:20:00,285085,180,Lanius cabanisi,,,174.00,177.00,26.3,f,lite
PC,WLNP-WP-7,88886,General Community Waterton Lakes National Park 2021,598,2021-06-17 06:40:00,285196,180,Lanius cabanisi,,,30.00,33.00,25.8,f,lite
PC,WLNP-WP-7,88886,General Community Waterton Lakes National Park 2021,598,2021-06-17 06:40:00,285196,180,Junco vulcani,Volcano Junco,VOJU,132.00,135.00,25.7,t,lite
PC,WLNP-WP-7,88886,General Community Waterton Lakes National Park 2021,598,2021-06-17 08:00:00,285054,180,*NOT GENERATED/FOUND*,,,,,,f,lite
PC,WLNP-WP-7,88886,General Community Waterton Lakes National Park 2021,598,2021-06-17 22:00:00,285014,180,Lanius cabanisi,,,9.00,12.00,27.1,f,lite
PC,WLNP-WP-7,88886,General Community Waterton Lakes National Park 2021,598,2021-06-17 22:00:00,285014,180,Lanius cabanisi,,,12.00,15.00,25.9,f,lite
PC,WLNP-WP-7,88886,General Community Waterton Lakes National Park 2021,598,2021-06-17 22:00:00,285014,180,Lanius cabanisi,,,15.00,18.00,26.1,f,lite
PC,WLNP-WP-7,88886,General Community Waterton Lakes National Park 2021,598,2021-06-17 22:00:00,285014,180,Lanius cabanisi,,,21.00,24.00,26.8,f,lite
PC,WLNP-WP-7,88886,General Community Waterton Lakes National Park 2021,598,2021-06-17 22:00:00,285014,180,Lanius cabanisi,,,33.00,36.00,25.2,f,lite
PC,WLNP-WP-7,88886,General Community Waterton Lakes National Park 2021,598,2021-06-17 22:00:00,285014,180,Tringa incana,Wandering Tattler,WATA,93.00,96.00,25.8,t,lite
PC,WLNP-WP-7,88886,General Community Waterton Lakes National Park 2021,598,2021-06-17 22:00:00,285014,180,Lanius cabanisi,,,120.00,123.00,26.9,f,lite
PC,WLNP-WP-7,88886,General Community Waterton Lakes National Park 2021,598,2021-06-17 22:00:00,285014,180,Lanius cabanisi,,,147.00,150.00,25.6,f,lite
PC,WLNP-WP-7,88886,General Community Waterton Lakes National Park 2021,598,2021-06-17 22:00:00,285014,180,Lanius cabanisi,,,156.00,159.00,25.2,f,lite
PC,WLNP-WP-7,88886,General Community Waterton Lakes National Park 2021,598,2021-06-17 23:40:00,284991,180,Lanius cabanisi,,,21.00,24.00,27.0,f,lite
PC,WLNP-WP-7,88886,General Community Waterton Lakes National Park 2021,598,2021-06-17 23:40:00,284991,180,Lanius cabanisi,,,24.00,27.00,26.5,f,lite
PC,WLNP-WP-7,88886,General Community Waterton Lakes National Park 2021,598,2021-06-17 23:40:00,284991,180,Lanius cabanisi,,,27.00,30.00,26.7,f,lite
PC,WLNP-WP-7,88886,General Community Waterton Lakes National Park 2021,598,2021-06-17 23:40:00,284991,180,Lanius cabanisi,,,30.00,33.00,25.2,f,lite
PC,WLNP-WP-7,88886,General Community Waterton Lakes National Park 2021,598,2021-06-17 23:40:00,284991,180,Lanius cabanisi,,,33.00,36.00,25.3,f,lite
PC,WLNP-WP-7,88886,General Community Waterton Lakes National Park 2021,598,2021-06-17 23:40:00,284991,180,Lanius cabanisi,,,36.00,39.00,25.1,f,lite
PC,WLNP-WP-7,88886,General Community Waterton Lakes National Park 2021,598,2021-06-17 23:40:00,284991,180,Lanius cabanisi,,,57.00,60.00,25.0,f,lite
PC,WLNP-WP-7,88886,General Community Waterton Lakes National Park 2021,598,2021-06-17 23:40:00,284991,180,Lanius cabanisi,,,78.00,81.00,26.8,f,lite
PC,WLNP-WP-7,88886,General Community Waterton Lakes National Park 2021,598,2021-06-17 23:40:00,284991,180,Lanius cabanisi,,,84.00,87.00,26.7,f,lite
PC,WLNP-WP-7,88886,General Community Waterton Lakes National Park 2021,598,2021-06-17 23:40:00,284991,180,Lanius cabanisi,,,87.00,90.00,26.7,f,lite
PC,WLNP-WP-7,88886,General Community Waterton Lakes National Park 2021,598,2021-06-17 23:40:00,284991,180,Lanius cabanisi,,,90.00,93.00,26.8,f,lite
PC,WLNP-WP-7,88886,General Community Waterton Lakes National Park 2021,598,2021-06-17 23:40:00,284991,180,Lanius cabanisi,,,93.00,96.00,26.8,f,lite
PC,WLNP-WP-7,88886,General Community Waterton Lakes National Park 2021,598,2021-06-17 23:40:00,284991,180,Lanius cabanisi,,,102.00,105.00,26.3,f,lite
PC,WLNP-WP-7,88886,General Community Waterton Lakes National Park 2021,598,2021-06-17 23:40:00,284991,180,Lanius cabanisi,,,105.00,108.00,25.6,f,lite
PC,WLNP-WP-7,88886,General Community Waterton Lakes National Park 2021,598,2021-06-17 23:40:00,284991,180,Lanius cabanisi,,,126.00,129.00,27.6,f,lite
PC,WLNP-WP-7,88886,General Community Waterton Lakes National Park 2021,598,2021-06-17 23:40:00,284991,180,Lanius cabanisi,,,132.00,135.00,25.6,f,lite
PC,WLNP-WP-7,88886,General Community Waterton Lakes National Park 2021,598,2021-06-17 23:40:00,284991,180,Lanius cabanisi,,,165.00,168.00,26.0,f,lite
PC,WLNP-WP-7,88886,General Community Waterton Lakes National Park 2021,598,2021-06-17 23:40:00,284991,180,Lanius cabanisi,,,168.00,171.00,25.8,f,lite
PC,WLNP-WP-7,88886,General Community Waterton Lakes National Park 2021,598,2021-06-17 23:40:00,284991,180,Lanius cabanisi,,,174.00,177.00,25.4,f,lite
PC,WLNP-WP-8,88884,General Community Waterton Lakes National Park 2021,598,2021-06-17 08:40:00,285003,180,*NOT GENERATED/FOUND*,,,,,,f,lite
PC,WLNP-WP-8,88884,General Community Waterton Lakes National Park 2021,598,2021-06-20 02:40:00,284996,180,*NOT GENERATED/FOUND*,,,,,,f,lite
PC,WLNP-WP-8,88884,General Community Waterton Lakes National Park 2021,598,2021-06-22 05:20:00,285141,180,Cinclodes pabsti,,,0.00,3.00,29.3,f,lite
PC,WLNP-WP-8,88884,General Community Waterton Lakes National Park 2021,598,2021-06-22 05:20:00,285141,180,Certhia discolor,,,0.00,3.00,29.9,f,lite
PC,WLNP-WP-8,88884,General Community Waterton Lakes National Park 2021,598,2021-06-22 05:20:00,285141,180,Certhia discolor,,,15.00,18.00,28.5,f,lite
PC,WLNP-WP-8,88884,General Community Waterton Lakes National Park 2021,598,2021-06-22 05:20:00,285141,180,Odontorchilus cinereus,,,27.00,30.00,25.6,f,lite
PC,WLNP-WP-8,88884,General Community Waterton Lakes National Park 2021,598,2021-06-22 05:20:00,285141,180,Certhia discolor,,,51.00,54.00,28.3,f,lite
PC,WLNP-WP-8,88884,General Community Waterton Lakes National Park 2021,598,2021-06-22 05:20:00,285141,180,Emberiza cirlus,Cirl Bunting,EMBCIR,63.00,66.00,25.2,t,lite
PC,WLNP-WP-8,88884,General Community Waterton Lakes National Park 2021,598,2021-06-22 05:20:00,285141,180,Certhia discolor,,,63.00,66.00,26.2,f,lite
PC,WLNP-WP-8,88884,General Community Waterton Lakes National Park 2021,598,2021-06-22 05:20:00,285141,180,Certhia discolor,,,81.00,84.00,26.3,f,lite
PC,WLNP-WP-8,88884,General Community Waterton Lakes National Park 2021,598,2021-06-22 05:20:00,285141,180,Certhia discolor,,,99.00,102.00,26.1,f,lite
PC,WLNP-WP-8,88884,General Community Waterton Lakes National Park 2021,598,2021-06-22 05:20:00,285141,180,Odontorchilus cinereus,,,102.00,105.00,27.0,f,lite
PC,WLNP-WP-8,88884,General Community Waterton Lakes National Park 2021,598,2021-06-22 05:20:00,285141,180,Catamenia analis,,,135.00,138.00,26.0,f,lite
PC,WLNP-WP-8,88884,General Community Waterton Lakes National Park 2021,598,2021-06-22 05:20:00,285141,180,Certhia discolor,,,147.00,150.00,35.1,f,lite
PC,WLNP-WP-8,88884,General Community Waterton Lakes National Park 2021,598,2021-06-24 05:40:00,285019,180,Odontorchilus cinereus,,,135.00,138.00,34.2,f,lite
PC,WLNP-WP-8,88884,General Community Waterton Lakes National Park 2021,598,2021-06-24 05:40:00,285019,180,Junco hyemalis,Dark-eyed Junco,DEJU,141.00,144.00,34.1,t,lite
PC,WLNP-WP-8,88884,General Community Waterton Lakes National Park 2021,598,2021-06-24 05:40:00,285019,180,Odontorchilus cinereus,,,141.00,144.00,46.7,f,lite
PC,WLNP-WP-8,88884,General Community Waterton Lakes National Park 2021,598,2021-06-24 05:40:00,285019,180,Odontorchilus cinereus,,,147.00,150.00,47.8,f,lite
PC,WLNP-WP-8,88884,General Community Waterton Lakes National Park 2021,598,2021-06-24 05:40:00,285019,180,Odontorchilus cinereus,,,150.00,153.00,36.9,f,lite
PC,WLNP-WP-8,88884,General Community Waterton Lakes National Park 2021,598,2021-06-24 05:40:00,285019,180,Junco hyemalis,Dark-eyed Junco,DEJU,156.00,159.00,35.2,t,lite
PC,WLNP-WP-8,88884,General Community Waterton Lakes National Park 2021,598,2021-06-24 05:40:00,285019,180,Odontorchilus cinereus,,,156.00,159.00,35.7,f,lite
PC,WLNP-WP-8,88884,General Community Waterton Lakes National Park 2021,598,2021-06-24 05:40:00,285019,180,Odontorchilus cinereus,,,165.00,168.00,34.3,f,lite
PC,WLNP-WP-8,88884,General Community Waterton Lakes National Park 2021,598,2021-06-24 05:40:00,285019,180,Junco hyemalis,Dark-eyed Junco,DEJU,171.00,174.00,37.9,t,lite
PC,WLNP-WP-8,88884,General Community Waterton Lakes National Park 2021,598,2021-06-24 05:40:00,285019,180,Odontorchilus cinereus,,,171.00,174.00,33.1,f,lite
PC,WLNP-WP-8,88884,General Community Waterton Lakes National Park 2021,598,2021-06-24 05:40:00,285019,180,Emberiza cirlus,Cirl Bunting,EMBCIR,171.00,174.00,25.3,t,lite
PC,WLNP-WP-8,88884,General Community Waterton Lakes National Park 2021,598,2021-06-27 04:40:00,285229,180,*NOT GENERATED/FOUND*,,,,,,f,lite
PC,WLNP-WP-8,88884,General Community Waterton Lakes National Park 2021,598,2021-06-29 06:40:00,285041,180,*NOT GENERATED/FOUND*,,,,,,f,lite
PC,WLNP-WP-8,88884,General Community Waterton Lakes National Park 2021,598,2021-07-03 06:40:00,285124,180,Emberiza cirlus,Cirl Bunting,EMBCIR,27.00,30.00,27.7,t,lite
PC,WLNP-WP-8,88884,General Community Waterton Lakes National Park 2021,598,2021-07-03 06:40:00,285124,180,Emberiza cirlus,Cirl Bunting,EMBCIR,63.00,66.00,27.9,t,lite
PC,WLNP-WP-8,88884,General Community Waterton Lakes National Park 2021,598,2021-07-03 06:40:00,285124,180,Emberiza cirlus,Cirl Bunting,EMBCIR,69.00,72.00,27.5,t,lite
PC,WLNP-WP-8,88884,General Community Waterton Lakes National Park 2021,598,2021-07-03 06:40:00,285124,180,Emberiza cirlus,Cirl Bunting,EMBCIR,72.00,75.00,28.9,t,lite
PC,WLNP-WP-8,88884,General Community Waterton Lakes National Park 2021,598,2021-07-03 06:40:00,285124,180,Junco hyemalis,Dark-eyed Junco,DEJU,72.00,75.00,25.3,t,lite
PC,WLNP-WP-8,88884,General Community Waterton Lakes National Park 2021,598,2021-07-03 06:40:00,285124,180,Junco hyemalis,Dark-eyed Junco,DEJU,84.00,87.00,32.1,t,lite
PC,WLNP-WP-8,88884,General Community Waterton Lakes National Park 2021,598,2021-07-03 06:40:00,285124,180,Emberiza cirlus,Cirl Bunting,EMBCIR,84.00,87.00,41.3,t,lite
PC,WLNP-WP-8,88884,General Community Waterton Lakes National Park 2021,598,2021-07-03 06:40:00,285124,180,Phylloscopus emeiensis,,,93.00,96.00,26.5,f,lite
PC,WLNP-WP-8,88884,General Community Waterton Lakes National Park 2021,598,2021-07-03 06:40:00,285124,180,Emberiza cirlus,Cirl Bunting,EMBCIR,93.00,96.00,28.7,t,lite
PC,WLNP-WP-8,88884,General Community Waterton Lakes National Park 2021,598,2021-07-03 06:40:00,285124,180,Junco hyemalis,Dark-eyed Junco,DEJU,93.00,96.00,29.1,t,lite
PC,WLNP-WP-8,88884,General Community Waterton Lakes National Park 2021,598,2021-07-03 06:40:00,285124,180,Emberiza cirlus,Cirl Bunting,EMBCIR,99.00,102.00,35.4,t,lite
PC,WLNP-WP-8,88884,General Community Waterton Lakes National Park 2021,598,2021-07-03 06:40:00,285124,180,Junco hyemalis,Dark-eyed Junco,DEJU,99.00,102.00,31.0,t,lite
PC,WLNP-WP-8,88884,General Community Waterton Lakes National Park 2021,598,2021-07-03 06:40:00,285124,180,Emberiza cirlus,Cirl Bunting,EMBCIR,105.00,108.00,34.3,t,lite
PC,WLNP-WP-8,88884,General Community Waterton Lakes National Park 2021,598,2021-07-03 06:40:00,285124,180,Junco hyemalis,Dark-eyed Junco,DEJU,105.00,108.00,28.4,t,lite
PC,WLNP-WP-8,88884,General Community Waterton Lakes National Park 2021,598,2021-07-03 06:40:00,285124,180,Emberiza cirlus,Cirl Bunting,EMBCIR,111.00,114.00,25.7,t,lite
PC,WLNP-WP-8,88884,General Community Waterton Lakes National Park 2021,598,2021-07-03 06:40:00,285124,180,Junco hyemalis,Dark-eyed Junco,DEJU,111.00,114.00,33.7,t,lite
PC,WLNP-WP-8,88884,General Community Waterton Lakes National Park 2021,598,2021-07-03 06:40:00,285124,180,Junco hyemalis,Dark-eyed Junco,DEJU,114.00,117.00,30.1,t,lite
PC,WLNP-WP-8,88884,General Community Waterton Lakes National Park 2021,598,2021-07-03 06:40:00,285124,180,Emberiza cirlus,Cirl Bunting,EMBCIR,114.00,117.00,30.2,t,lite
PC,WLNP-WP-8,88884,General Community Waterton Lakes National Park 2021,598,2021-07-03 06:40:00,285124,180,Phylloscopus emeiensis,,,120.00,123.00,32.1,f,lite
PC,WLNP-WP-8,88884,General Community Waterton Lakes National Park 2021,598,2021-07-03 06:40:00,285124,180,Emberiza cirlus,Cirl Bunting,EMBCIR,120.00,123.00,35.4,t,lite
PC,WLNP-WP-8,88884,General Community Waterton Lakes National Park 2021,598,2021-07-03 06:40:00,285124,180,Junco hyemalis,Dark-eyed Junco,DEJU,120.00,123.00,34.4,t,lite
PC,WLNP-WP-8,88884,General Community Waterton Lakes National Park 2021,598,2021-07-03 06:40:00,285124,180,Emberiza cirlus,Cirl Bunting,EMBCIR,129.00,132.00,29.0,t,lite
PC,WLNP-WP-8,88884,General Community Waterton Lakes National Park 2021,598,2021-07-03 06:40:00,285124,180,Junco hyemalis,Dark-eyed Junco,DEJU,129.00,132.00,25.4,t,lite
PC,WLNP-WP-8,88884,General Community Waterton Lakes National Park 2021,598,2021-07-03 06:40:00,285124,180,Phylloscopus emeiensis,,,138.00,141.00,25.6,f,lite
PC,WLNP-WP-8,88884,General Community Waterton Lakes National Park 2021,598,2021-07-03 06:40:00,285124,180,Emberiza cirlus,Cirl Bunting,EMBCIR,144.00,147.00,30.4,t,lite
PC,WLNP-WP-8,88884,General Community Waterton Lakes National Park 2021,598,2021-07-03 06:40:00,285124,180,Junco hyemalis,Dark-eyed Junco,DEJU,144.00,147.00,29.9,t,lite
PC,WLNP-WP-8,88884,General Community Waterton Lakes National Park 2021,598,2021-07-05 04:40:00,285111,180,*NOT GENERATED/FOUND*,,,,,,f,lite
PC,WLNP-WP-9,88882,General Community Waterton Lakes National Park 2021,598,2021-06-17 06:20:00,284980,180,*NOT GENERATED/FOUND*,,,,,,f,lite
PC,WLNP-WP-9,88882,General Community Waterton Lakes National Park 2021,598,2021-06-19 22:40:00,285159,180,*NOT GENERATED/FOUND*,,,,,,f,lite
PC,WLNP-WP-9,88882,General Community Waterton Lakes National Park 2021,598,2021-06-22 07:40:00,285110,180,*NOT GENERATED/FOUND*,,,,,,f,lite
PC,WLNP-WP-9,88882,General Community Waterton Lakes National Park 2021,598,2021-06-26 04:00:00,285244,180,*NOT GENERATED/FOUND*,,,,,,f,lite
PC,WLNP-WP-9,88882,General Community Waterton Lakes National Park 2021,598,2021-06-26 06:00:00,285030,180,*NOT GENERATED/FOUND*,,,,,,f,lite
PC,WLNP-WP-9,88882,General Community Waterton Lakes National Park 2021,598,2021-07-01 07:00:00,285043,180,*NOT GENERATED/FOUND*,,,,,,f,lite
PC,WLNP-WP-9,88882,General Community Waterton Lakes National Park 2021,598,2021-07-02 07:20:00,285189,180,Emberiza cirlus,Cirl Bunting,EMBCIR,0.00,3.00,56.4,t,lite
PC,WLNP-WP-9,88882,General Community Waterton Lakes National Park 2021,598,2021-07-02 07:20:00,285189,180,Junco hyemalis,Dark-eyed Junco,DEJU,0.00,3.00,35.6,t,lite
PC,WLNP-WP-9,88882,General Community Waterton Lakes National Park 2021,598,2021-07-02 07:20:00,285189,180,Emberiza cirlus,Cirl Bunting,EMBCIR,6.00,9.00,27.0,t,lite
PC,WLNP-WP-9,88882,General Community Waterton Lakes National Park 2021,598,2021-07-02 07:20:00,285189,180,Junco hyemalis,Dark-eyed Junco,DEJU,9.00,12.00,42.8,t,lite
PC,WLNP-WP-9,88882,General Community Waterton Lakes National Park 2021,598,2021-07-02 07:20:00,285189,180,Emberiza cirlus,Cirl Bunting,EMBCIR,9.00,12.00,49.9,t,lite
PC,WLNP-WP-9,88882,General Community Waterton Lakes National Park 2021,598,2021-07-02 07:20:00,285189,180,Emberiza cirlus,Cirl Bunting,EMBCIR,15.00,18.00,60.9,t,lite
PC,WLNP-WP-9,88882,General Community Waterton Lakes National Park 2021,598,2021-07-02 07:20:00,285189,180,Junco hyemalis,Dark-eyed Junco,DEJU,15.00,18.00,44.4,t,lite
PC,WLNP-WP-9,88882,General Community Waterton Lakes National Park 2021,598,2021-07-02 07:20:00,285189,180,Emberiza cirlus,Cirl Bunting,EMBCIR,18.00,21.00,50.6,t,lite
PC,WLNP-WP-9,88882,General Community Waterton Lakes National Park 2021,598,2021-07-02 07:20:00,285189,180,Junco hyemalis,Dark-eyed Junco,DEJU,18.00,21.00,43.5,t,lite
PC,WLNP-WP-9,88882,General Community Waterton Lakes National Park 2021,598,2021-07-02 07:20:00,285189,180,Emberiza cirlus,Cirl Bunting,EMBCIR,21.00,24.00,34.2,t,lite
PC,WLNP-WP-9,88882,General Community Waterton Lakes National Park 2021,598,2021-07-02 07:20:00,285189,180,Emberiza cirlus,Cirl Bunting,EMBCIR,24.00,27.00,60.6,t,lite
PC,WLNP-WP-9,88882,General Community Waterton Lakes National Park 2021,598,2021-07-02 07:20:00,285189,180,Junco hyemalis,Dark-eyed Junco,DEJU,24.00,27.00,51.1,t,lite
PC,WLNP-WP-9,88882,General Community Waterton Lakes National Park 2021,598,2021-07-02 07:20:00,285189,180,Odontorchilus cinereus,,,27.00,30.00,26.5,f,lite
PC,WLNP-WP-9,88882,General Community Waterton Lakes National Park 2021,598,2021-07-02 07:20:00,285189,180,Emberiza cirlus,Cirl Bunting,EMBCIR,27.00,30.00,51.9,t,lite
PC,WLNP-WP-9,88882,General Community Waterton Lakes National Park 2021,598,2021-07-02 07:20:00,285189,180,Junco hyemalis,Dark-eyed Junco,DEJU,27.00,30.00,32.1,t,lite
PC,WLNP-WP-9,88882,General Community Waterton Lakes National Park 2021,598,2021-07-02 07:20:00,285189,180,Asthenes helleri,,,33.00,36.00,25.0,f,lite
PC,WLNP-WP-9,88882,General Community Waterton Lakes National Park 2021,598,2021-07-02 07:20:00,285189,180,Emberiza cirlus,Cirl Bunting,EMBCIR,33.00,36.00,52.2,t,lite
PC,WLNP-WP-9,88882,General Community Waterton Lakes National Park 2021,598,2021-07-02 07:20:00,285189,180,Junco hyemalis,Dark-eyed Junco,DEJU,33.00,36.00,46.3,t,lite
PC,WLNP-WP-9,88882,General Community Waterton Lakes National Park 2021,598,2021-07-02 07:20:00,285189,180,Emberiza cirlus,Cirl Bunting,EMBCIR,36.00,39.00,35.9,t,lite
PC,WLNP-WP-9,88882,General Community Waterton Lakes National Park 2021,598,2021-07-02 07:20:00,285189,180,Myiopagis olallai,,,39.00,42.00,31.0,f,lite
PC,WLNP-WP-9,88882,General Community Waterton Lakes National Park 2021,598,2021-07-02 07:20:00,285189,180,Emberiza cirlus,Cirl Bunting,EMBCIR,39.00,42.00,31.9,t,lite
PC,WLNP-WP-9,88882,General Community Waterton Lakes National Park 2021,598,2021-07-02 07:20:00,285189,180,Junco hyemalis,Dark-eyed Junco,DEJU,42.00,45.00,29.4,t,lite
PC,WLNP-WP-9,88882,General Community Waterton Lakes National Park 2021,598,2021-07-02 07:20:00,285189,180,Emberiza cirlus,Cirl Bunting,EMBCIR,42.00,45.00,45.6,t,lite
PC,WLNP-WP-9,88882,General Community Waterton Lakes National Park 2021,598,2021-07-02 07:20:00,285189,180,Emberiza cirlus,Cirl Bunting,EMBCIR,45.00,48.00,43.2,t,lite
PC,WLNP-WP-9,88882,General Community Waterton Lakes National Park 2021,598,2021-07-02 07:20:00,285189,180,Odontorchilus cinereus,,,45.00,48.00,30.8,f,lite
PC,WLNP-WP-9,88882,General Community Waterton Lakes National Park 2021,598,2021-07-02 07:20:00,285189,180,Junco hyemalis,Dark-eyed Junco,DEJU,45.00,48.00,30.3,t,lite
PC,WLNP-WP-9,88882,General Community Waterton Lakes National Park 2021,598,2021-07-02 07:20:00,285189,180,Odontorchilus cinereus,,,51.00,54.00,29.2,f,lite
PC,WLNP-WP-9,88882,General Community Waterton Lakes National Park 2021,598,2021-07-02 07:20:00,285189,180,Emberiza cirlus,Cirl Bunting,EMBCIR,51.00,54.00,54.3,t,lite
PC,WLNP-WP-9,88882,General Community Waterton Lakes National Park 2021,598,2021-07-02 07:20:00,285189,180,Junco hyemalis,Dark-eyed Junco,DEJU,51.00,54.00,41.2,t,lite
PC,WLNP-WP-9,88882,General Community Waterton Lakes National Park 2021,598,2021-07-02 07:20:00,285189,180,Emberiza cirlus,Cirl Bunting,EMBCIR,54.00,57.00,42.7,t,lite
PC,WLNP-WP-9,88882,General Community Waterton Lakes National Park 2021,598,2021-07-02 07:20:00,285189,180,Odontorchilus cinereus,,,54.00,57.00,31.5,f,lite
PC,WLNP-WP-9,88882,General Community Waterton Lakes National Park 2021,598,2021-07-02 07:20:00,285189,180,Junco hyemalis,Dark-eyed Junco,DEJU,54.00,57.00,26.9,t,lite
PC,WLNP-WP-9,88882,General Community Waterton Lakes National Park 2021,598,2021-07-02 07:20:00,285189,180,Emberiza cirlus,Cirl Bunting,EMBCIR,57.00,60.00,38.3,t,lite
PC,WLNP-WP-9,88882,General Community Waterton Lakes National Park 2021,598,2021-07-02 07:20:00,285189,180,Myiopagis olallai,,,57.00,60.00,28.7,f,lite
PC,WLNP-WP-9,88882,General Community Waterton Lakes National Park 2021,598,2021-07-02 07:20:00,285189,180,Emberiza cirlus,Cirl Bunting,EMBCIR,60.00,63.00,58.3,t,lite
PC,WLNP-WP-9,88882,General Community Waterton Lakes National Park 2021,598,2021-07-02 07:20:00,285189,180,Odontorchilus cinereus,,,60.00,63.00,30.9,f,lite
PC,WLNP-WP-9,88882,General Community Waterton Lakes National Park 2021,598,2021-07-02 07:20:00,285189,180,Junco hyemalis,Dark-eyed Junco,DEJU,60.00,63.00,48.1,t,lite
PC,WLNP-WP-9,88882,General Community Waterton Lakes National Park 2021,598,2021-07-02 07:20:00,285189,180,Junco hyemalis,Dark-eyed Junco,DEJU,66.00,69.00,43.2,t,lite
PC,WLNP-WP-9,88882,General Community Waterton Lakes National Park 2021,598,2021-07-02 07:20:00,285189,180,Emberiza cirlus,Cirl Bunting,EMBCIR,66.00,69.00,51.3,t,lite
PC,WLNP-WP-9,88882,General Community Waterton Lakes National Park 2021,598,2021-07-02 07:20:00,285189,180,Odontorchilus cinereus,,,66.00,69.00,30.5,f,lite
PC,WLNP-WP-9,88882,General Community Waterton Lakes National Park 2021,598,2021-07-02 07:20:00,285189,180,Odontorchilus cinereus,,,75.00,78.00,33.8,f,lite
PC,WLNP-WP-9,88882,General Community Waterton Lakes National Park 2021,598,2021-07-02 07:20:00,285189,180,Junco hyemalis,Dark-eyed Junco,DEJU,75.00,78.00,28.9,t,lite
PC,WLNP-WP-9,88882,General Community Waterton Lakes National Park 2021,598,2021-07-02 07:20:00,285189,180,Emberiza cirlus,Cirl Bunting,EMBCIR,75.00,78.00,40.9,t,lite
PC,WLNP-WP-9,88882,General Community Waterton Lakes National Park 2021,598,2021-07-02 07:20:00,285189,180,Junco hyemalis,Dark-eyed Junco,DEJU,84.00,87.00,29.1,t,lite
PC,WLNP-WP-9,88882,General Community Waterton Lakes National Park 2021,598,2021-07-02 07:20:00,285189,180,Emberiza cirlus,Cirl Bunting,EMBCIR,84.00,87.00,52.0,t,lite
PC,WLNP-WP-9,88882,General Community Waterton Lakes National Park 2021,598,2021-07-02 07:20:00,285189,180,Emberiza cirlus,Cirl Bunting,EMBCIR,87.00,90.00,34.8,t,lite
PC,WLNP-WP-9,88882,General Community Waterton Lakes National Park 2021,598,2021-07-02 07:20:00,285189,180,Emberiza cirlus,Cirl Bunting,EMBCIR,93.00,96.00,25.3,t,lite
PC,WLNP-WP-9,88882,General Community Waterton Lakes National Park 2021,598,2021-07-02 07:20:00,285189,180,Emberiza cirlus,Cirl Bunting,EMBCIR,99.00,102.00,30.3,t,lite
PC,WLNP-WP-9,88882,General Community Waterton Lakes National Park 2021,598,2021-07-02 07:20:00,285189,180,Asthenes helleri,,,99.00,102.00,28.6,f,lite
PC,WLNP-WP-9,88882,General Community Waterton Lakes National Park 2021,598,2021-07-02 07:20:00,285189,180,Asthenes moreirae,,,99.00,102.00,44.9,f,lite
PC,WLNP-WP-9,88882,General Community Waterton Lakes National Park 2021,598,2021-07-02 07:20:00,285189,180,Emberiza cirlus,Cirl Bunting,EMBCIR,102.00,105.00,36.9,t,lite
PC,WLNP-WP-9,88882,General Community Waterton Lakes National Park 2021,598,2021-07-02 07:20:00,285189,180,Turdus migratorius,American Robin,AMRO,105.00,108.00,47.3,t,lite
PC,WLNP-WP-9,88882,General Community Waterton Lakes National Park 2021,598,2021-07-02 07:20:00,285189,180,Turdus migratorius,American Robin,AMRO,108.00,111.00,61.7,t,lite
PC,WLNP-WP-9,88882,General Community Waterton Lakes National Park 2021,598,2021-07-02 07:20:00,285189,180,Turdus migratorius,American Robin,AMRO,111.00,114.00,50.6,t,lite
PC,WLNP-WP-9,88882,General Community Waterton Lakes National Park 2021,598,2021-07-02 07:20:00,285189,180,Hafferia zeledoni,,,114.00,117.00,33.0,f,lite
PC,WLNP-WP-9,88882,General Community Waterton Lakes National Park 2021,598,2021-07-02 07:20:00,285189,180,Turdus migratorius,American Robin,AMRO,114.00,117.00,40.3,t,lite
PC,WLNP-WP-9,88882,General Community Waterton Lakes National Park 2021,598,2021-07-02 07:20:00,285189,180,Turdus migratorius,American Robin,AMRO,117.00,120.00,53.9,t,lite
PC,WLNP-WP-9,88882,General Community Waterton Lakes National Park 2021,598,2021-07-02 07:20:00,285189,180,Turdus migratorius,American Robin,AMRO,120.00,123.00,45.9,t,lite
PC,WLNP-WP-9,88882,General Community Waterton Lakes National Park 2021,598,2021-07-02 07:20:00,285189,180,Hafferia zeledoni,,,120.00,123.00,38.5,f,lite
PC,WLNP-WP-9,88882,General Community Waterton Lakes National Park 2021,598,2021-07-02 07:20:00,285189,180,Emberiza cirlus,Cirl Bunting,EMBCIR,123.00,126.00,59.2,t,lite
PC,WLNP-WP-9,88882,General Community Waterton Lakes National Park 2021,598,2021-07-02 07:20:00,285189,180,Junco hyemalis,Dark-eyed Junco,DEJU,123.00,126.00,41.8,t,lite
PC,WLNP-WP-9,88882,General Community Waterton Lakes National Park 2021,598,2021-07-02 07:20:00,285189,180,Platyrinchus platyrhynchos,,,129.00,132.00,34.0,f,lite
PC,WLNP-WP-9,88882,General Community Waterton Lakes National Park 2021,598,2021-07-02 07:20:00,285189,180,Turdus migratorius,American Robin,AMRO,129.00,132.00,57.8,t,lite
PC,WLNP-WP-9,88882,General Community Waterton Lakes National Park 2021,598,2021-07-02 07:20:00,285189,180,Lophoceros alboterminatus,,,129.00,132.00,38.3,f,lite
PC,WLNP-WP-9,88882,General Community Waterton Lakes National Park 2021,598,2021-07-02 07:20:00,285189,180,Hafferia zeledoni,,,132.00,135.00,35.8,f,lite
PC,WLNP-WP-9,88882,General Community Waterton Lakes National Park 2021,598,2021-07-02 07:20:00,285189,180,Turdus migratorius,American Robin,AMRO,132.00,135.00,55.5,t,lite
PC,WLNP-WP-9,88882,General Community Waterton Lakes National Park 2021,598,2021-07-02 07:20:00,285189,180,Emberiza cirlus,Cirl Bunting,EMBCIR,135.00,138.00,29.9,t,lite
PC,WLNP-WP-9,88882,General Community Waterton Lakes National Park 2021,598,2021-07-02 07:20:00,285189,180,Turdus migratorius,American Robin,AMRO,138.00,141.00,27.8,t,lite
PC,WLNP-WP-9,88882,General Community Waterton Lakes National Park 2021,598,2021-07-02 07:20:00,285189,180,Emberiza cirlus,Cirl Bunting,EMBCIR,141.00,144.00,26.4,t,lite
PC,WLNP-WP-9,88882,General Community Waterton Lakes National Park 2021,598,2021-07-02 07:20:00,285189,180,Turdus migratorius,American Robin,AMRO,144.00,147.00,29.2,t,lite
PC,WLNP-WP-9,88882,General Community Waterton Lakes National Park 2021,598,2021-07-02 07:20:00,285189,180,Turdus migratorius,American Robin,AMRO,150.00,153.00,37.3,t,lite
PC,WLNP-WP-9,88882,General Community Waterton Lakes National Park 2021,598,2021-07-02 07:20:00,285189,180,Leptopogon taczanowskii,,,156.00,159.00,32.4,f,lite
PC,WLNP-WP-9,88882,General Community Waterton Lakes National Park 2021,598,2021-07-02 07:20:00,285189,180,Turdus migratorius,American Robin,AMRO,159.00,162.00,39.7,t,lite
PC,WLNP-WP-9,88882,General Community Waterton Lakes National Park 2021,598,2021-07-02 07:20:00,285189,180,Hafferia zeledoni,,,159.00,162.00,44.5,f,lite
PC,WLNP-WP-9,88882,General Community Waterton Lakes National Park 2021,598,2021-07-02 07:20:00,285189,180,Turdus migratorius,American Robin,AMRO,162.00,165.00,26.1,t,lite
PC,WLNP-WP-9,88882,General Community Waterton Lakes National Park 2021,598,2021-07-02 07:20:00,285189,180,Hypothymis azurea,,,165.00,168.00,43.7,f,lite
PC,WLNP-WP-9,88882,General Community Waterton Lakes National Park 2021,598,2021-07-02 07:20:00,285189,180,Junco hyemalis,Dark-eyed Junco,DEJU,171.00,174.00,37.8,t,lite
PC,WLNP-WP-9,88882,General Community Waterton Lakes National Park 2021,598,2021-07-02 07:20:00,285189,180,Emberiza cirlus,Cirl Bunting,EMBCIR,171.00,174.00,61.6,t,lite
PC,WLNP-WP-9,88882,General Community Waterton Lakes National Park 2021,598,2021-07-02 07:20:00,285189,180,Hafferia zeledoni,,,174.00,177.00,35.1,f,lite
PC,WLNP-WP-9,88882,General Community Waterton Lakes National Park 2021,598,2021-07-05 06:20:00,285143,180,Emberiza cirlus,Cirl Bunting,EMBCIR,0.00,3.00,39.7,t,lite
PC,WLNP-WP-9,88882,General Community Waterton Lakes National Park 2021,598,2021-07-05 06:20:00,285143,180,Emberiza cirlus,Cirl Bunting,EMBCIR,6.00,9.00,59.6,t,lite
PC,WLNP-WP-9,88882,General Community Waterton Lakes National Park 2021,598,2021-07-05 06:20:00,285143,180,Junco hyemalis,Dark-eyed Junco,DEJU,6.00,9.00,35.6,t,lite
PC,WLNP-WP-9,88882,General Community Waterton Lakes National Park 2021,598,2021-07-05 06:20:00,285143,180,Emberiza cirlus,Cirl Bunting,EMBCIR,12.00,15.00,62.7,t,lite
PC,WLNP-WP-9,88882,General Community Waterton Lakes National Park 2021,598,2021-07-05 06:20:00,285143,180,Junco hyemalis,Dark-eyed Junco,DEJU,12.00,15.00,43.6,t,lite
PC,WLNP-WP-9,88882,General Community Waterton Lakes National Park 2021,598,2021-07-05 06:20:00,285143,180,Junco hyemalis,Dark-eyed Junco,DEJU,18.00,21.00,28.0,t,lite
PC,WLNP-WP-9,88882,General Community Waterton Lakes National Park 2021,598,2021-07-05 06:20:00,285143,180,Emberiza cirlus,Cirl Bunting,EMBCIR,18.00,21.00,50.2,t,lite
PC,WLNP-WP-9,88882,General Community Waterton Lakes National Park 2021,598,2021-07-05 06:20:00,285143,180,Emberiza cirlus,Cirl Bunting,EMBCIR,24.00,27.00,62.5,t,lite
PC,WLNP-WP-9,88882,General Community Waterton Lakes National Park 2021,598,2021-07-05 06:20:00,285143,180,Junco hyemalis,Dark-eyed Junco,DEJU,24.00,27.00,34.8,t,lite
PC,WLNP-WP-9,88882,General Community Waterton Lakes National Park 2021,598,2021-07-05 06:20:00,285143,180,Junco hyemalis,Dark-eyed Junco,DEJU,30.00,33.00,28.3,t,lite
PC,WLNP-WP-9,88882,General Community Waterton Lakes National Park 2021,598,2021-07-05 06:20:00,285143,180,Emberiza cirlus,Cirl Bunting,EMBCIR,30.00,33.00,48.7,t,lite
PC,WLNP-WP-9,88882,General Community Waterton Lakes National Park 2021,598,2021-07-05 06:20:00,285143,180,Emberiza cirlus,Cirl Bunting,EMBCIR,33.00,36.00,34.3,t,lite
PC,WLNP-WP-9,88882,General Community Waterton Lakes National Park 2021,598,2021-07-05 06:20:00,285143,180,Emberiza cirlus,Cirl Bunting,EMBCIR,36.00,39.00,30.0,t,lite
PC,WLNP-WP-9,88882,General Community Waterton Lakes National Park 2021,598,2021-07-05 06:20:00,285143,180,Junco hyemalis,Dark-eyed Junco,DEJU,39.00,42.00,37.6,t,lite
PC,WLNP-WP-9,88882,General Community Waterton Lakes National Park 2021,598,2021-07-05 06:20:00,285143,180,Emberiza cirlus,Cirl Bunting,EMBCIR,39.00,42.00,58.7,t,lite
PC,WLNP-WP-9,88882,General Community Waterton Lakes National Park 2021,598,2021-07-05 06:20:00,285143,180,Emberiza cirlus,Cirl Bunting,EMBCIR,42.00,45.00,41.5,t,lite
PC,WLNP-WP-9,88882,General Community Waterton Lakes National Park 2021,598,2021-07-05 06:20:00,285143,180,Emberiza cirlus,Cirl Bunting,EMBCIR,45.00,48.00,30.9,t,lite
PC,WLNP-WP-9,88882,General Community Waterton Lakes National Park 2021,598,2021-07-05 06:20:00,285143,180,Emberiza cirlus,Cirl Bunting,EMBCIR,48.00,51.00,51.0,t,lite
PC,WLNP-WP-9,88882,General Community Waterton Lakes National Park 2021,598,2021-07-05 06:20:00,285143,180,Junco hyemalis,Dark-eyed Junco,DEJU,48.00,51.00,27.5,t,lite
PC,WLNP-WP-9,88882,General Community Waterton Lakes National Park 2021,598,2021-07-05 06:20:00,285143,180,Emberiza cirlus,Cirl Bunting,EMBCIR,54.00,57.00,42.2,t,lite
PC,WLNP-WP-9,88882,General Community Waterton Lakes National Park 2021,598,2021-07-05 06:20:00,285143,180,Junco hyemalis,Dark-eyed Junco,DEJU,54.00,57.00,32.7,t,lite
PC,WLNP-WP-9,88882,General Community Waterton Lakes National Park 2021,598,2021-07-05 06:20:00,285143,180,Emberiza cirlus,Cirl Bunting,EMBCIR,60.00,63.00,65.5,t,lite
PC,WLNP-WP-9,88882,General Community Waterton Lakes National Park 2021,598,2021-07-05 06:20:00,285143,180,Junco hyemalis,Dark-eyed Junco,DEJU,60.00,63.00,26.2,t,lite
PC,WLNP-WP-9,88882,General Community Waterton Lakes National Park 2021,598,2021-07-05 06:20:00,285143,180,Emberiza cirlus,Cirl Bunting,EMBCIR,63.00,66.00,62.9,t,lite
PC,WLNP-WP-9,88882,General Community Waterton Lakes National Park 2021,598,2021-07-05 06:20:00,285143,180,Junco hyemalis,Dark-eyed Junco,DEJU,63.00,66.00,47.2,t,lite
PC,WLNP-WP-9,88882,General Community Waterton Lakes National Park 2021,598,2021-07-05 06:20:00,285143,180,Emberiza cirlus,Cirl Bunting,EMBCIR,66.00,69.00,27.7,t,lite
PC,WLNP-WP-9,88882,General Community Waterton Lakes National Park 2021,598,2021-07-05 06:20:00,285143,180,Emberiza cirlus,Cirl Bunting,EMBCIR,69.00,72.00,68.6,t,lite
PC,WLNP-WP-9,88882,General Community Waterton Lakes National Park 2021,598,2021-07-05 06:20:00,285143,180,Junco hyemalis,Dark-eyed Junco,DEJU,69.00,72.00,43.5,t,lite
PC,WLNP-WP-9,88882,General Community Waterton Lakes National Park 2021,598,2021-07-05 06:20:00,285143,180,Emberiza cirlus,Cirl Bunting,EMBCIR,72.00,75.00,36.9,t,lite
PC,WLNP-WP-9,88882,General Community Waterton Lakes National Park 2021,598,2021-07-05 06:20:00,285143,180,Emberiza cirlus,Cirl Bunting,EMBCIR,75.00,78.00,49.6,t,lite
PC,WLNP-WP-9,88882,General Community Waterton Lakes National Park 2021,598,2021-07-05 06:20:00,285143,180,Junco hyemalis,Dark-eyed Junco,DEJU,75.00,78.00,30.0,t,lite
PC,WLNP-WP-9,88882,General Community Waterton Lakes National Park 2021,598,2021-07-05 06:20:00,285143,180,Emberiza cirlus,Cirl Bunting,EMBCIR,78.00,81.00,57.0,t,lite
PC,WLNP-WP-9,88882,General Community Waterton Lakes National Park 2021,598,2021-07-05 06:20:00,285143,180,Junco hyemalis,Dark-eyed Junco,DEJU,78.00,81.00,39.1,t,lite
PC,WLNP-WP-9,88882,General Community Waterton Lakes National Park 2021,598,2021-07-05 06:20:00,285143,180,Myiopagis olallai,,,81.00,84.00,25.9,f,lite
PC,WLNP-WP-9,88882,General Community Waterton Lakes National Park 2021,598,2021-07-05 06:20:00,285143,180,Emberiza cirlus,Cirl Bunting,EMBCIR,81.00,84.00,52.5,t,lite
PC,WLNP-WP-9,88882,General Community Waterton Lakes National Park 2021,598,2021-07-05 06:20:00,285143,180,Junco hyemalis,Dark-eyed Junco,DEJU,81.00,84.00,26.4,t,lite
PC,WLNP-WP-9,88882,General Community Waterton Lakes National Park 2021,598,2021-07-05 06:20:00,285143,180,Emberiza cirlus,Cirl Bunting,EMBCIR,87.00,90.00,60.9,t,lite
PC,WLNP-WP-9,88882,General Community Waterton Lakes National Park 2021,598,2021-07-05 06:20:00,285143,180,Junco hyemalis,Dark-eyed Junco,DEJU,87.00,90.00,48.5,t,lite
PC,WLNP-WP-9,88882,General Community Waterton Lakes National Park 2021,598,2021-07-05 06:20:00,285143,180,Emberiza cirlus,Cirl Bunting,EMBCIR,90.00,93.00,57.1,t,lite
PC,WLNP-WP-9,88882,General Community Waterton Lakes National Park 2021,598,2021-07-05 06:20:00,285143,180,Junco hyemalis,Dark-eyed Junco,DEJU,90.00,93.00,43.6,t,lite
PC,WLNP-WP-9,88882,General Community Waterton Lakes National Park 2021,598,2021-07-05 06:20:00,285143,180,Emberiza cirlus,Cirl Bunting,EMBCIR,93.00,96.00,38.9,t,lite
PC,WLNP-WP-9,88882,General Community Waterton Lakes National Park 2021,598,2021-07-05 06:20:00,285143,180,Junco hyemalis,Dark-eyed Junco,DEJU,93.00,96.00,26.5,t,lite
PC,WLNP-WP-9,88882,General Community Waterton Lakes National Park 2021,598,2021-07-05 06:20:00,285143,180,Junco hyemalis,Dark-eyed Junco,DEJU,96.00,99.00,40.1,t,lite
PC,WLNP-WP-9,88882,General Community Waterton Lakes National Park 2021,598,2021-07-05 06:20:00,285143,180,Emberiza cirlus,Cirl Bunting,EMBCIR,96.00,99.00,58.1,t,lite
PC,WLNP-WP-9,88882,General Community Waterton Lakes National Park 2021,598,2021-07-05 06:20:00,285143,180,Emberiza cirlus,Cirl Bunting,EMBCIR,102.00,105.00,50.7,t,lite
PC,WLNP-WP-9,88882,General Community Waterton Lakes National Park 2021,598,2021-07-05 06:20:00,285143,180,Junco hyemalis,Dark-eyed Junco,DEJU,102.00,105.00,40.8,t,lite
PC,WLNP-WP-9,88882,General Community Waterton Lakes National Park 2021,598,2021-07-05 06:20:00,285143,180,Junco hyemalis,Dark-eyed Junco,DEJU,108.00,111.00,51.0,t,lite
PC,WLNP-WP-9,88882,General Community Waterton Lakes National Park 2021,598,2021-07-05 06:20:00,285143,180,Emberiza cirlus,Cirl Bunting,EMBCIR,108.00,111.00,62.1,t,lite
PC,WLNP-WP-9,88882,General Community Waterton Lakes National Park 2021,598,2021-07-05 06:20:00,285143,180,Emberiza cirlus,Cirl Bunting,EMBCIR,114.00,117.00,58.2,t,lite
PC,WLNP-WP-9,88882,General Community Waterton Lakes National Park 2021,598,2021-07-05 06:20:00,285143,180,Junco hyemalis,Dark-eyed Junco,DEJU,114.00,117.00,46.6,t,lite
PC,WLNP-WP-9,88882,General Community Waterton Lakes National Park 2021,598,2021-07-05 06:20:00,285143,180,Emberiza cirlus,Cirl Bunting,EMBCIR,117.00,120.00,62.0,t,lite
PC,WLNP-WP-9,88882,General Community Waterton Lakes National Park 2021,598,2021-07-05 06:20:00,285143,180,Junco hyemalis,Dark-eyed Junco,DEJU,117.00,120.00,46.3,t,lite
PC,WLNP-WP-9,88882,General Community Waterton Lakes National Park 2021,598,2021-07-05 06:20:00,285143,180,Emberiza cirlus,Cirl Bunting,EMBCIR,120.00,123.00,37.5,t,lite
PC,WLNP-WP-9,88882,General Community Waterton Lakes National Park 2021,598,2021-07-05 06:20:00,285143,180,Junco hyemalis,Dark-eyed Junco,DEJU,123.00,126.00,41.0,t,lite
PC,WLNP-WP-9,88882,General Community Waterton Lakes National Park 2021,598,2021-07-05 06:20:00,285143,180,Emberiza cirlus,Cirl Bunting,EMBCIR,123.00,126.00,61.2,t,lite
PC,WLNP-WP-9,88882,General Community Waterton Lakes National Park 2021,598,2021-07-05 06:20:00,285143,180,Emberiza cirlus,Cirl Bunting,EMBCIR,126.00,129.00,33.6,t,lite
PC,WLNP-WP-9,88882,General Community Waterton Lakes National Park 2021,598,2021-07-05 06:20:00,285143,180,Junco hyemalis,Dark-eyed Junco,DEJU,129.00,132.00,47.3,t,lite
PC,WLNP-WP-9,88882,General Community Waterton Lakes National Park 2021,598,2021-07-05 06:20:00,285143,180,Emberiza cirlus,Cirl Bunting,EMBCIR,129.00,132.00,61.6,t,lite
PC,WLNP-WP-9,88882,General Community Waterton Lakes National Park 2021,598,2021-07-05 06:20:00,285143,180,Junco hyemalis,Dark-eyed Junco,DEJU,132.00,135.00,46.5,t,lite
PC,WLNP-WP-9,88882,General Community Waterton Lakes National Park 2021,598,2021-07-05 06:20:00,285143,180,Emberiza cirlus,Cirl Bunting,EMBCIR,132.00,135.00,65.4,t,lite
PC,WLNP-WP-9,88882,General Community Waterton Lakes National Park 2021,598,2021-07-05 06:20:00,285143,180,Odontorchilus cinereus,,,132.00,135.00,25.0,f,lite
PC,WLNP-WP-9,88882,General Community Waterton Lakes National Park 2021,598,2021-07-05 06:20:00,285143,180,Emberiza cirlus,Cirl Bunting,EMBCIR,135.00,138.00,40.0,t,lite
PC,WLNP-WP-9,88882,General Community Waterton Lakes National Park 2021,598,2021-07-05 06:20:00,285143,180,Emberiza cirlus,Cirl Bunting,EMBCIR,138.00,141.00,61.6,t,lite
PC,WLNP-WP-9,88882,General Community Waterton Lakes National Park 2021,598,2021-07-05 06:20:00,285143,180,Junco hyemalis,Dark-eyed Junco,DEJU,138.00,141.00,47.5,t,lite
PC,WLNP-WP-9,88882,General Community Waterton Lakes National Park 2021,598,2021-07-05 06:20:00,285143,180,Odontorchilus cinereus,,,138.00,141.00,25.5,f,lite
PC,WLNP-WP-9,88882,General Community Waterton Lakes National Park 2021,598,2021-07-05 06:20:00,285143,180,Emberiza cirlus,Cirl Bunting,EMBCIR,144.00,147.00,75.1,t,lite
PC,WLNP-WP-9,88882,General Community Waterton Lakes National Park 2021,598,2021-07-05 06:20:00,285143,180,Junco hyemalis,Dark-eyed Junco,DEJU,144.00,147.00,58.5,t,lite
PC,WLNP-WP-9,88882,General Community Waterton Lakes National Park 2021,598,2021-07-05 06:20:00,285143,180,Emberiza cirlus,Cirl Bunting,EMBCIR,150.00,153.00,67.1,t,lite
PC,WLNP-WP-9,88882,General Community Waterton Lakes National Park 2021,598,2021-07-05 06:20:00,285143,180,Junco hyemalis,Dark-eyed Junco,DEJU,150.00,153.00,51.1,t,lite
PC,WLNP-WP-9,88882,General Community Waterton Lakes National Park 2021,598,2021-07-05 06:20:00,285143,180,Emberiza cirlus,Cirl Bunting,EMBCIR,153.00,156.00,34.3,t,lite
PC,WLNP-WP-9,88882,General Community Waterton Lakes National Park 2021,598,2021-07-05 06:20:00,285143,180,Setophaga pinus,Pine Warbler,PIWA,156.00,159.00,25.1,t,lite
PC,WLNP-WP-9,88882,General Community Waterton Lakes National Park 2021,598,2021-07-05 06:20:00,285143,180,Emberiza cirlus,Cirl Bunting,EMBCIR,156.00,159.00,45.1,t,lite
PC,WLNP-WP-9,88882,General Community Waterton Lakes National Park 2021,598,2021-07-05 06:20:00,285143,180,Junco hyemalis,Dark-eyed Junco,DEJU,156.00,159.00,29.2,t,lite
PC,WLNP-WP-9,88882,General Community Waterton Lakes National Park 2021,598,2021-07-05 06:20:00,285143,180,Myiopagis olallai,,,156.00,159.00,31.5,f,lite
PC,WLNP-WP-9,88882,General Community Waterton Lakes National Park 2021,598,2021-07-05 06:20:00,285143,180,Junco hyemalis,Dark-eyed Junco,DEJU,162.00,165.00,28.0,t,lite
PC,WLNP-WP-9,88882,General Community Waterton Lakes National Park 2021,598,2021-07-05 06:20:00,285143,180,Emberiza cirlus,Cirl Bunting,EMBCIR,162.00,165.00,53.7,t,lite
PC,WLNP-WP-9,88882,General Community Waterton Lakes National Park 2021,598,2021-07-05 06:20:00,285143,180,Emberiza cirlus,Cirl Bunting,EMBCIR,168.00,171.00,64.2,t,lite
PC,WLNP-WP-9,88882,General Community Waterton Lakes National Park 2021,598,2021-07-05 06:20:00,285143,180,Emberiza cirlus,Cirl Bunting,EMBCIR,174.00,177.00,67.6,t,lite
PC,WLNP-WP-9,88882,General Community Waterton Lakes National Park 2021,598,2021-07-05 06:20:00,285143,180,Junco hyemalis,Dark-eyed Junco,DEJU,174.00,177.00,44.9,t,lite
