organization,project_id,location,location_id,location_buffer_m,longitude,latitude,equipment_make,equipment_model,recording_id,recording_date_time,task_id,aru_task_status,task_duration,task_method,species_code,species_common_name,species_scientific_name,individual_order,tag_id,individual_count,vocalization,detection_time,tag_duration,rms_peak_dbfs,tag_is_verified,tag_rating,observer,observer_id,species_individual_comments,task_comments
PC,925,AKAMINA-90,214835,,-114.045626,49.030052,,,305788,2021-06-25 05:04:05,285133,Transcribed,600s,1SPT,CAFI,Cassin's Finch,HAEMORHOUS CASSINII,1,2579899,1,Song,79.84,3.08,-28.75,f,,Steve Ogle,1211,"seems like it just sang once, and difficult to discern among AMROs confidence:To Be Checked",creek
PC,925,AKAMINA-90,214835,,-114.045626,49.030052,,,305788,2021-06-25 05:04:05,285133,Transcribed,600s,1SPT,WCSP,White-crowned Sparrow,ZONOTRICHIA LEUCOPHRYS,2,2579898,1,Song,20.90,2.05,-28.5,f,,Steve Ogle,1211,,creek
PC,925,AKAMINA-90,214835,,-114.045626,49.030052,,,305788,2021-06-25 05:04:05,285133,Transcribed,600s,1SPT,DUGR,Dusky Grouse,DENDRAGAPUS OBSCURUS,1,2579903,1,Call,123.49,1.64,-30.68,f,,Steve Ogle,1211,,creek
PC,925,AKAMINA-90,214835,,-114.045626,49.030052,,,305788,2021-06-25 05:04:05,285133,Transcribed,600s,1SPT,DEJU,Dark-eyed Junco,JUNCO HYEMALIS,1,2579895,1,Song,2.49,2.64,-33.85,f,,Steve Ogle,1211,,creek
PC,925,AKAMINA-90,214835,,-114.045626,49.030052,,,305788,2021-06-25 05:04:05,285133,Transcribed,600s,1SPT,AMRO,American Robin,TURDUS MIGRATORIUS,1,2579894,2,Song,0.14,3.94,-28.08,f,,Steve Ogle,1211,,creek
PC,925,AKAMINA-90,214835,,-114.045626,49.030052,,,305788,2021-06-25 05:04:05,285133,Transcribed,600s,1SPT,AMRO,American Robin,TURDUS MIGRATORIUS,2,2579925,1,Call,550.96,3.76,-34.47,f,,Steve Ogle,1211,,creek
PC,925,AKAMINA-90,214835,,-114.045626,49.030052,,,305788,2021-06-25 05:04:05,285133,Transcribed,600s,1SPT,USHU,Unidentified Selasphorus Hummingbird,SELASPHORUS,1,2579921,1,Non-vocal,461.83,3.94,-21.65,f,,Steve Ogle,1211,prob RUHU,creek
PC,925,AKAMINA-90,214835,,-114.045626,49.030052,,,305788,2021-06-25 05:04:05,285133,Transcribed,600s,1SPT,VGSW,Violet-green Swallow,TACHYCINETA THALASSINA,1,2579910,1,Call,177.88,5.83,-29.95,f,,Steve Ogle,1211,,creek
PC,925,AKAMINA-90,214835,,-114.045626,49.030052,,,305788,2021-06-25 05:04:05,285133,Transcribed,600s,1SPT,VGSW,Violet-green Swallow,TACHYCINETA THALASSINA,2,2579917,1,Call,283.79,3.84,-30.62,f,,Steve Ogle,1211,,creek
PC,925,AKAMINA-90,214835,,-114.045626,49.030052,,,305788,2021-06-25 05:04:05,285133,Transcribed,600s,1SPT,WCSP,White-crowned Sparrow,ZONOTRICHIA LEUCOPHRYS,3,2579911,1,Song,189.61,2.63,-28.19,f,,Steve Ogle,1211,,creek
PC,925,AKAMINA-90,214835,,-114.045626,49.030052,,,305788,2021-06-25 05:04:05,285133,Transcribed,600s,1SPT,WCSP,White-crowned Sparrow,ZONOTRICHIA LEUCOPHRYS,1,2579896,1,Song,4.71,2.33,-27.19,f,,Steve Ogle,1211,,creek
PC,925,AKAMINA-91,214834,,-114.047039,49.027452,,,305800,2021-06-25 05:32:45,285145,Transcribed,600s,1SPT,CHSP,Chipping Sparrow,SPIZELLA PASSERINA,1,2575999,1,Song,539.23,3.09,-23.52,f,,Steve Ogle,1211,,low gain (faint sounds); creek
PC,925,AKAMINA-91,214834,,-114.047039,49.027452,,,305800,2021-06-25 05:32:45,285145,Transcribed,600s,1SPT,YRWA,Yellow-rumped Warbler,SETOPHAGA CORONATA,2,2575937,1,Song,128.63,2.71,-53.37,f,,Steve Ogle,1211,,low gain (faint sounds); creek
PC,925,AKAMINA-91,214834,,-114.047039,49.027452,,,305800,2021-06-25 05:32:45,285145,Transcribed,600s,1SPT,PISI,Pine Siskin,SPINUS PINUS,1,2575997,1,Song,489.76,2.99,-46.51,f,,Steve Ogle,1211,,low gain (faint sounds); creek
PC,925,AKAMINA-91,214834,,-114.047039,49.027452,,,305800,2021-06-25 05:32:45,285145,Transcribed,600s,1SPT,NOWA,Northern Waterthrush,PARKESIA NOVEBORACENSIS,1,2575998,1,Song,523.91,3.00,-47.35,f,,Steve Ogle,1211,possibly earlier; difficult to hear with creek noise,low gain (faint sounds); creek
PC,925,AKAMINA-91,214834,,-114.047039,49.027452,,,305800,2021-06-25 05:32:45,285145,Transcribed,600s,1SPT,CLNU,Clark's Nutcracker,NUCIFRAGA COLUMBIANA,1,2575856,3,Call,0.35,11.79,-33.65,f,,Steve Ogle,1211,,low gain (faint sounds); creek
PC,925,AKAMINA-91,214834,,-114.047039,49.027452,,,305800,2021-06-25 05:32:45,285145,Transcribed,600s,1SPT,DEJU,Dark-eyed Junco,JUNCO HYEMALIS,1,2575867,1,Song,46.29,3.25,-43.07,f,,Steve Ogle,1211,,low gain (faint sounds); creek
PC,925,AKAMINA-91,214834,,-114.047039,49.027452,,,305800,2021-06-25 05:32:45,285145,Transcribed,600s,1SPT,DEJU,Dark-eyed Junco,JUNCO HYEMALIS,2,2575988,1,Song,204.25,3.56,-43.48,f,,Steve Ogle,1211,,low gain (faint sounds); creek
PC,925,AKAMINA-91,214834,,-114.047039,49.027452,,,305800,2021-06-25 05:32:45,285145,Transcribed,600s,1SPT,AMRO,American Robin,TURDUS MIGRATORIUS,1,2575852,1,Song,1.34,3.48,-37.5,f,,Steve Ogle,1211,,low gain (faint sounds); creek
PC,925,AKAMINA-91,214834,,-114.047039,49.027452,,,305800,2021-06-25 05:32:45,285145,Transcribed,600s,1SPT,AMRO,American Robin,TURDUS MIGRATORIUS,2,2575979,1,Song,141.83,6.19,-42.84,f,,Steve Ogle,1211,,low gain (faint sounds); creek
PC,925,AKAMINA-91,214834,,-114.047039,49.027452,,,305800,2021-06-25 05:32:45,285145,Transcribed,600s,1SPT,WCSP,White-crowned Sparrow,ZONOTRICHIA LEUCOPHRYS,1,2575985,1,Song,201.18,2.95,-48.87,f,,Steve Ogle,1211,,low gain (faint sounds); creek
PC,925,AKAMINA-91,214834,,-114.047039,49.027452,,,305800,2021-06-25 05:32:45,285145,Transcribed,600s,1SPT,YRWA,Yellow-rumped Warbler,SETOPHAGA CORONATA,1,2575873,1,Call,110.61,1.69,-42.15,f,,Steve Ogle,1211,,low gain (faint sounds); creek
PC,925,AKAMINA-91,214834,,-114.047039,49.027452,,,305800,2021-06-25 05:32:45,285145,Transcribed,600s,1SPT,SWTH,Swainson's Thrush,CATHARUS USTULATUS,1,2575984,1,Song,192.06,2.23,-44.16,f,,Steve Ogle,1211,,low gain (faint sounds); creek
PC,925,AKAMINA-92,214833,,-114.049745,49.025416,,,305801,2021-06-25 06:10:40,285146,Transcribed,600s,1SPT,PISI,Pine Siskin,SPINUS PINUS,1,2594441,1,Call,406.25,8.69,-25.46,f,,Steve Ogle,1211,,creek; borderline heavy noise
PC,925,AKAMINA-92,214833,,-114.049745,49.025416,,,305801,2021-06-25 06:10:40,285146,Transcribed,600s,1SPT,AMRO,American Robin,TURDUS MIGRATORIUS,1,2594429,1,Song,8.25,2.74,-27.21,f,,Steve Ogle,1211,,creek; borderline heavy noise
PC,925,AKAMINA-92,214833,,-114.049745,49.025416,,,305801,2021-06-25 06:10:40,285146,Transcribed,600s,1SPT,DEJU,Dark-eyed Junco,JUNCO HYEMALIS,1,2594428,1,Song,3.54,3.43,-31.58,f,,Steve Ogle,1211,,creek; borderline heavy noise
PC,925,AKAMINA-93,214836,,-114.054972,49.027268,,,305802,2021-06-25 06:42:40,285147,Transcribed,600s,1SPT,VGSW,Violet-green Swallow,TACHYCINETA THALASSINA,1,2555925,1,Call,409.96,7.93,-19.32,f,,Steve Ogle,1211,,creek
PC,925,AKAMINA-93,214836,,-114.054972,49.027268,,,305802,2021-06-25 06:42:40,285147,Transcribed,600s,1SPT,AMRO,American Robin,TURDUS MIGRATORIUS,3,2555920,1,Call,68.05,5.96,-31.97,f,,Steve Ogle,1211,mobbing,creek
PC,925,AKAMINA-93,214836,,-114.054972,49.027268,,,305802,2021-06-25 06:42:40,285147,Transcribed,600s,1SPT,AMRO,American Robin,TURDUS MIGRATORIUS,1,2555896,1,Call,2.49,1.38,-33.78,f,,Steve Ogle,1211,,creek
PC,925,AKAMINA-93,214836,,-114.054972,49.027268,,,305802,2021-06-25 06:42:40,285147,Transcribed,600s,1SPT,AMRO,American Robin,TURDUS MIGRATORIUS,2,2555907,1,Song,42.26,3.91,-33.93,f,,Steve Ogle,1211,,creek
PC,925,AKAMINA-93,214836,,-114.054972,49.027268,,,305802,2021-06-25 06:42:40,285147,Transcribed,600s,1SPT,PISI,Pine Siskin,SPINUS PINUS,3,2555927,1,Call,426.20,2.31,-37.27,f,,Steve Ogle,1211,,creek
PC,925,AKAMINA-93,214836,,-114.054972,49.027268,,,305802,2021-06-25 06:42:40,285147,Transcribed,600s,1SPT,PISI,Pine Siskin,SPINUS PINUS,2,2555918,1,Call,368.20,3.01,-38.54,f,,Steve Ogle,1211,,creek
PC,925,AKAMINA-93,214836,,-114.054972,49.027268,,,305802,2021-06-25 06:42:40,285147,Transcribed,600s,1SPT,PISI,Pine Siskin,SPINUS PINUS,1,2555913,1,Call,221.11,3.16,-38.83,f,,Steve Ogle,1211,,creek
PC,925,AKAMINA-93,214836,,-114.054972,49.027268,,,305802,2021-06-25 06:42:40,285147,Transcribed,600s,1SPT,VGSW,Violet-green Swallow,TACHYCINETA THALASSINA,2,2555935,1,Call,590.93,2.19,-42.2,f,,Steve Ogle,1211,,creek
PC,925,AKAMINA-93,214836,,-114.054972,49.027268,,,305802,2021-06-25 06:42:40,285147,Transcribed,600s,1SPT,CLNU,Clark's Nutcracker,NUCIFRAGA COLUMBIANA,1,2555897,3,Call,0.00,8.85,-21.52,f,,Steve Ogle,1211,,creek
PC,925,AKAMINA-93,214836,,-114.054972,49.027268,,,305802,2021-06-25 06:42:40,285147,Transcribed,600s,1SPT,DEJU,Dark-eyed Junco,JUNCO HYEMALIS,1,2555898,1,Call,0.33,2.08,-32.35,f,,Steve Ogle,1211,,creek
PC,925,AKAMINA-93,214836,,-114.054972,49.027268,,,305802,2021-06-25 06:42:40,285147,Transcribed,600s,1SPT,BHCO,Brown-headed Cowbird,MOLOTHRUS ATER,1,2555915,1,Call,284.63,1.78,-37.91,f,,Steve Ogle,1211,,creek
PC,925,AKAMINA-94,214832,,-114.058121,49.029076,,,305803,2021-06-25 07:16:37,285148,Transcribed,600s,1SPT,WCSP,White-crowned Sparrow,ZONOTRICHIA LEUCOPHRYS,1,2579452,1,Song,20.19,2.28,-18.03,f,,Steve Ogle,1211,,creek and/or wind; mostly creek
PC,925,AKAMINA-94,214832,,-114.058121,49.029076,,,305803,2021-06-25 07:16:37,285148,Transcribed,600s,1SPT,AMRO,American Robin,TURDUS MIGRATORIUS,1,2579456,1,Song,34.19,2.25,-27.18,f,,Steve Ogle,1211,,creek and/or wind; mostly creek
PC,925,AKAMINA-94,214832,,-114.058121,49.029076,,,305803,2021-06-25 07:16:37,285148,Transcribed,600s,1SPT,CLNU,Clark's Nutcracker,NUCIFRAGA COLUMBIANA,3,2579466,1,Call,254.73,5.16,-23.57,f,,Steve Ogle,1211,gotta be three by now,creek and/or wind; mostly creek
PC,925,AKAMINA-94,214832,,-114.058121,49.029076,,,305803,2021-06-25 07:16:37,285148,Transcribed,600s,1SPT,CHSP,Chipping Sparrow,SPIZELLA PASSERINA,1,2579446,1,Song,0.00,1.75,-41.37,f,,Steve Ogle,1211,,creek and/or wind; mostly creek
PC,925,AKAMINA-94,214832,,-114.058121,49.029076,,,305803,2021-06-25 07:16:37,285148,Transcribed,600s,1SPT,CLNU,Clark's Nutcracker,NUCIFRAGA COLUMBIANA,2,2579450,1,Call,8.60,3.11,-23.08,f,,Steve Ogle,1211,,creek and/or wind; mostly creek
PC,925,AKAMINA-94,214832,,-114.058121,49.029076,,,305803,2021-06-25 07:16:37,285148,Transcribed,600s,1SPT,CLNU,Clark's Nutcracker,NUCIFRAGA COLUMBIANA,1,2579447,1,Call,1.86,1.81,-17.79,f,,Steve Ogle,1211,,creek and/or wind; mostly creek
PC,925,AKAMINA-95,214830,,-114.059483,49.031738,,,305815,2021-06-25 07:44:40,285160,Transcribed,600s,1SPT,CHSP,Chipping Sparrow,SPIZELLA PASSERINA,1,2570875,1,Song,1.31,2.63,-37.2,f,,Steve Ogle,1211,,loud creek
PC,925,AKAMINA-95,214830,,-114.059483,49.031738,,,305815,2021-06-25 07:44:40,285160,Transcribed,600s,1SPT,AMRO,American Robin,TURDUS MIGRATORIUS,1,2570912,1,Call,384.58,1.74,-35.94,f,,Steve Ogle,1211,,loud creek
PC,925,AKAMINA-95,214830,,-114.059483,49.031738,,,305815,2021-06-25 07:44:40,285160,Transcribed,600s,1SPT,CLNU,Clark's Nutcracker,NUCIFRAGA COLUMBIANA,2,2570896,1,Call,80.16,6.54,-26.51,f,,Steve Ogle,1211,,loud creek
PC,925,AKAMINA-95,214830,,-114.059483,49.031738,,,305815,2021-06-25 07:44:40,285160,Transcribed,600s,1SPT,CLNU,Clark's Nutcracker,NUCIFRAGA COLUMBIANA,1,2570874,1,Call,0.06,4.11,-25.69,f,,Steve Ogle,1211,,loud creek
PC,925,AKAMINA-95,214830,,-114.059483,49.031738,,,305815,2021-06-25 07:44:40,285160,Transcribed,600s,1SPT,UNWA,Unidentified Warbler,"",1,2570900,1,Song,113.16,2.46,-35.3,f,,Steve Ogle,1211,either YRWA or MGWA,loud creek
PC,925,AKAMINA-95,214830,,-114.059483,49.031738,,,305815,2021-06-25 07:44:40,285160,Transcribed,600s,1SPT,PISI,Pine Siskin,SPINUS PINUS,1,2570936,1,Call,547.48,1.11,-39.59,f,,Steve Ogle,1211,,loud creek
PC,925,BLAKISTON-FAN-162,214829,,-113.863222,49.081997,,,305679,2021-06-08 04:53:00,285024,Transcribed,600s,1SPT,FOSP,Fox Sparrow,PASSERELLA ILIACA,1,2575325,1,Song,474.38,3.53,-24.67,f,,Steve Ogle,1211,"This is the ""Slate-colored Fox Sparrow"" dialect","A lot of birds, plain and simply. "
PC,925,BLAKISTON-FAN-162,214829,,-113.863222,49.081997,,,305679,2021-06-08 04:53:00,285024,Transcribed,600s,1SPT,NOWA,Northern Waterthrush,PARKESIA NOVEBORACENSIS,1,2575278,1,Song,203.59,2.69,-25.61,f,,Steve Ogle,1211,,"A lot of birds, plain and simply. "
PC,925,BLAKISTON-FAN-162,214829,,-113.863222,49.081997,,,305679,2021-06-08 04:53:00,285024,Transcribed,600s,1SPT,YEWA,Yellow Warbler,SETOPHAGA PETECHIA,1,2575213,1,Song,12.40,2.45,-25.68,f,,Steve Ogle,1211,,"A lot of birds, plain and simply. "
PC,925,BLAKISTON-FAN-162,214829,,-113.863222,49.081997,,,305679,2021-06-08 04:53:00,285024,Transcribed,600s,1SPT,YEWA,Yellow Warbler,SETOPHAGA PETECHIA,2,2575218,1,Song,19.55,2.06,-20.86,f,,Steve Ogle,1211,,"A lot of birds, plain and simply. "
PC,925,BLAKISTON-FAN-162,214829,,-113.863222,49.081997,,,305679,2021-06-08 04:53:00,285024,Transcribed,600s,1SPT,YEWA,Yellow Warbler,SETOPHAGA PETECHIA,3,2575221,1,Song,23.65,2.15,-24.91,f,,Steve Ogle,1211,,"A lot of birds, plain and simply. "
PC,925,BLAKISTON-FAN-162,214829,,-113.863222,49.081997,,,305679,2021-06-08 04:53:00,285024,Transcribed,600s,1SPT,GRCA,Gray Catbird,DUMETELLA CAROLINENSIS,1,2575204,1,Song,3.01,6.11,-20.13,f,,Steve Ogle,1211,,"A lot of birds, plain and simply. "
PC,925,BLAKISTON-FAN-162,214829,,-113.863222,49.081997,,,305679,2021-06-08 04:53:00,285024,Transcribed,600s,1SPT,GRCA,Gray Catbird,DUMETELLA CAROLINENSIS,2,2575252,1,Song,100.18,4.31,-22.41,f,,Steve Ogle,1211,,"A lot of birds, plain and simply. "
PC,925,BLAKISTON-FAN-162,214829,,-113.863222,49.081997,,,305679,2021-06-08 04:53:00,285024,Transcribed,600s,1SPT,RWBL,Red-winged Blackbird,AGELAIUS PHOENICEUS,1,2575203,1,Song,4.74,2.84,-16.38,f,,Steve Ogle,1211,,"A lot of birds, plain and simply. "
PC,925,BLAKISTON-FAN-162,214829,,-113.863222,49.081997,,,305679,2021-06-08 04:53:00,285024,Transcribed,600s,1SPT,SAVS,Savannah Sparrow,PASSERCULUS SANDWICHENSIS,1,2575190,1,Song,1.51,3.08,-25.36,f,,Steve Ogle,1211,,"A lot of birds, plain and simply. "
PC,925,BLAKISTON-FAN-162,214829,,-113.863222,49.081997,,,305679,2021-06-08 04:53:00,285024,Transcribed,600s,1SPT,SAVS,Savannah Sparrow,PASSERCULUS SANDWICHENSIS,2,2575191,1,Song,5.16,3.31,-15.85,f,,Steve Ogle,1211,,"A lot of birds, plain and simply. "
PC,925,BLAKISTON-FAN-162,214829,,-113.863222,49.081997,,,305679,2021-06-08 04:53:00,285024,Transcribed,600s,1SPT,SAVS,Savannah Sparrow,PASSERCULUS SANDWICHENSIS,3,2575193,1,Song,8.61,1.80,-29.46,f,,Steve Ogle,1211,At least ten SAVS througout,"A lot of birds, plain and simply. "
PC,925,BLAKISTON-FAN-162,214829,,-113.863222,49.081997,,,305679,2021-06-08 04:53:00,285024,Transcribed,600s,1SPT,CCSP,Clay-colored Sparrow,SPIZELLA PALLIDA,1,2575189,1,Song,0.04,4.51,-24.96,f,,Steve Ogle,1211,,"A lot of birds, plain and simply. "
PC,925,BLAKISTON-FAN-162,214829,,-113.863222,49.081997,,,305679,2021-06-08 04:53:00,285024,Transcribed,600s,1SPT,CCSP,Clay-colored Sparrow,SPIZELLA PALLIDA,2,2575209,1,Song,9.69,2.49,-28.29,f,,Steve Ogle,1211,,"A lot of birds, plain and simply. "
PC,925,BLAKISTON-FAN-162,214829,,-113.863222,49.081997,,,305679,2021-06-08 04:53:00,285024,Transcribed,600s,1SPT,CCSP,Clay-colored Sparrow,SPIZELLA PALLIDA,3,2575214,1,Song,13.15,3.39,-25.84,f,,Steve Ogle,1211,,"A lot of birds, plain and simply. "
PC,925,BLAKISTON-FAN-162,214829,,-113.863222,49.081997,,,305679,2021-06-08 04:53:00,285024,Transcribed,600s,1SPT,LISP,Lincoln's Sparrow,MELOSPIZA LINCOLNII,1,2575247,1,Song,0.00,2.71,-27.6,f,,Steve Ogle,1211,,"A lot of birds, plain and simply. "
PC,925,BLAKISTON-FAN-162,214829,,-113.863222,49.081997,,,305679,2021-06-08 04:53:00,285024,Transcribed,600s,1SPT,LISP,Lincoln's Sparrow,MELOSPIZA LINCOLNII,2,2575236,1,Song,44.19,2.48,-21.33,f,,Steve Ogle,1211,,"A lot of birds, plain and simply. "
PC,925,BLAKISTON-FAN-162,214829,,-113.863222,49.081997,,,305679,2021-06-08 04:53:00,285024,Transcribed,600s,1SPT,UNBI,Unidentified bird,"",1,2575277,1,Call,197.45,0.88,-25.53,f,,Steve Ogle,1211,sounds like quail,"A lot of birds, plain and simply. "
PC,925,BLAKISTON-FAN-162,214829,,-113.863222,49.081997,,,305679,2021-06-08 04:53:00,285024,Transcribed,600s,1SPT,AMGO,American Goldfinch,SPINUS TRISTIS,1,2575329,1,Call,558.09,5.41,-25.25,f,,Steve Ogle,1211,,"A lot of birds, plain and simply. "
PC,925,BLAKISTON-FAN-162,214829,,-113.863222,49.081997,,,305679,2021-06-08 04:53:00,285024,Transcribed,600s,1SPT,COLO,Common Loon,GAVIA IMMER,1,2575272,1,Call,166.53,2.63,-27.58,f,,Steve Ogle,1211,"","A lot of birds, plain and simply. "
PC,925,BLAKISTON-FAN-162,214829,,-113.863222,49.081997,,,305679,2021-06-08 04:53:00,285024,Transcribed,600s,1SPT,TRES,Tree Swallow,TACHYCINETA BICOLOR,1,2575233,2,Call,21.34,1.80,-26.88,f,,Steve Ogle,1211,,"A lot of birds, plain and simply. "
PC,925,BLAKISTON-FAN-162,214829,,-113.863222,49.081997,,,305679,2021-06-08 04:53:00,285024,Transcribed,600s,1SPT,TRES,Tree Swallow,TACHYCINETA BICOLOR,2,2575243,1,Call,75.55,2.48,-21.86,f,,Steve Ogle,1211,,"A lot of birds, plain and simply. "
PC,925,BLAKISTON-FAN-162,214829,,-113.863222,49.081997,,,305679,2021-06-08 04:53:00,285024,Transcribed,600s,1SPT,EUST,European Starling,STURNUS VULGARIS,1,2575255,1,Call,127.41,1.55,-27.65,f,,Steve Ogle,1211,,"A lot of birds, plain and simply. "
PC,925,BLAKISTON-FAN-162,214829,,-113.863222,49.081997,,,305679,2021-06-08 04:53:00,285024,Transcribed,600s,1SPT,VEER,Veery,CATHARUS FUSCESCENS,1,2575251,1,Song,91.50,1.73,-28.85,f,,Steve Ogle,1211,,"A lot of birds, plain and simply. "
PC,925,BLAKISTON-FAN-162,214829,,-113.863222,49.081997,,,305679,2021-06-08 04:53:00,285024,Transcribed,600s,1SPT,GHOW,Great Horned Owl,BUBO VIRGINIANUS,1,2575268,1,Song,135.56,3.69,-22.32,f,,Steve Ogle,1211,possibly earlier,"A lot of birds, plain and simply. "
PC,925,BLAKISTON-FAN-162,214829,,-113.863222,49.081997,,,305679,2021-06-08 04:53:00,285024,Transcribed,600s,1SPT,GHOW,Great Horned Owl,BUBO VIRGINIANUS,2,2575328,1,Song,515.34,3.79,-28.4,f,,Steve Ogle,1211,now can distinguish the duet,"A lot of birds, plain and simply. "
PC,925,BLAKISTON-FAN-162,214829,,-113.863222,49.081997,,,305679,2021-06-08 04:53:00,285024,Transcribed,600s,1SPT,WEWP,Western Wood-Pewee,CONTOPUS SORDIDULUS,1,2575246,1,Song,84.23,2.09,-30.2,f,,Steve Ogle,1211,,"A lot of birds, plain and simply. "
PC,925,BLAKISTON-FAN-162,214829,,-113.863222,49.081997,,,305679,2021-06-08 04:53:00,285024,Transcribed,600s,1SPT,AMRE,American Redstart,SETOPHAGA RUTICILLA,1,2575327,1,Song,498.21,1.99,-28.38,f,,Steve Ogle,1211,,"A lot of birds, plain and simply. "
PC,925,BLAKISTON-FAN-162,214829,,-113.863222,49.081997,,,305679,2021-06-08 04:53:00,285024,Transcribed,600s,1SPT,EAKI,Eastern Kingbird,TYRANNUS TYRANNUS,1,2575200,1,Call,4.48,0.93,-29.26,f,,Steve Ogle,1211,,"A lot of birds, plain and simply. "
PC,925,BLAKISTON-FAN-162,214829,,-113.863222,49.081997,,,305679,2021-06-08 04:53:00,285024,Transcribed,600s,1SPT,CONI,Common Nighthawk,CHORDEILES MINOR,1,2575284,1,Call,283.61,1.98,-14.04,f,,Steve Ogle,1211,,"A lot of birds, plain and simply. "
PC,925,BLAKISTON-FAN-162,214829,,-113.863222,49.081997,,,305679,2021-06-08 04:53:00,285024,Transcribed,600s,1SPT,BHGR,Black-headed Grosbeak,PHEUTICUS MELANOCEPHALUS,1,2575199,1,Song,1.03,3.50,-25.29,f,,Steve Ogle,1211,,"A lot of birds, plain and simply. "
PC,925,BLAKISTON-FAN-162,214829,,-113.863222,49.081997,,,305679,2021-06-08 04:53:00,285024,Transcribed,600s,1SPT,BHGR,Black-headed Grosbeak,PHEUTICUS MELANOCEPHALUS,2,2575262,1,Song,103.95,2.68,-26.71,f,,Steve Ogle,1211,there must be two,"A lot of birds, plain and simply. "
PC,925,BLAKISTON-FAN-162,214829,,-113.863222,49.081997,,,305679,2021-06-08 04:53:00,285024,Transcribed,600s,1SPT,ALFL,Alder Flycatcher,EMPIDONAX ALNORUM,1,2575224,1,Song,25.50,1.15,-28.26,f,,Steve Ogle,1211,,"A lot of birds, plain and simply. "
PC,925,BLAKISTON-FAN-162,214829,,-113.863222,49.081997,,,305679,2021-06-08 04:53:00,285024,Transcribed,600s,1SPT,HOWR,House Wren,TROGLODYTES AEDON,1,2575197,1,Song,5.68,2.75,-15.74,f,,Steve Ogle,1211,,"A lot of birds, plain and simply. "
PC,925,BLAKISTON-FAN-162,214829,,-113.863222,49.081997,,,305679,2021-06-08 04:53:00,285024,Transcribed,600s,1SPT,HOWR,House Wren,TROGLODYTES AEDON,2,2575227,1,Song,12.99,2.56,-25.95,f,,Steve Ogle,1211,,"A lot of birds, plain and simply. "
PC,925,BLAKISTON-FAN-162,214829,,-113.863222,49.081997,,,305679,2021-06-08 04:53:00,285024,Transcribed,600s,1SPT,AMRO,American Robin,TURDUS MIGRATORIUS,1,2575202,1,Song,0.60,4.11,-25.09,f,,Steve Ogle,1211,,"A lot of birds, plain and simply. "
PC,925,BLAKISTON-FAN-162,214829,,-113.863222,49.081997,,,305679,2021-06-08 04:53:00,285024,Transcribed,600s,1SPT,AMRO,American Robin,TURDUS MIGRATORIUS,2,2575258,1,Song,129.18,5.86,-22.09,f,,Steve Ogle,1211,Somehow can hear this for a few notes,"A lot of birds, plain and simply. "
PC,925,BLAKISTON-FAN-162,214829,,-113.863222,49.081997,,,305679,2021-06-08 04:53:00,285024,Transcribed,600s,1SPT,AMRO,American Robin,TURDUS MIGRATORIUS,3,2575285,1,Call,292.01,2.18,-28.26,f,,Steve Ogle,1211,,"A lot of birds, plain and simply. "
PC,925,BLAKISTON-FAN-162,214829,,-113.863222,49.081997,,,305679,2021-06-08 04:53:00,285024,Transcribed,600s,1SPT,WCSP,White-crowned Sparrow,ZONOTRICHIA LEUCOPHRYS,1,2575208,1,Song,6.39,2.93,-20.47,f,,Steve Ogle,1211,,"A lot of birds, plain and simply. "
PC,925,BLAKISTON-FAN-162,214829,,-113.863222,49.081997,,,305679,2021-06-08 04:53:00,285024,Transcribed,600s,1SPT,WCSP,White-crowned Sparrow,ZONOTRICHIA LEUCOPHRYS,2,2575231,1,Song,45.08,3.25,-21.53,f,,Steve Ogle,1211,,"A lot of birds, plain and simply. "
PC,925,BLAKISTON-FAN-162,214829,,-113.863222,49.081997,,,305679,2021-06-08 04:53:00,285024,Transcribed,600s,1SPT,WCSP,White-crowned Sparrow,ZONOTRICHIA LEUCOPHRYS,3,2575238,1,Song,68.85,2.98,-20.95,f,,Steve Ogle,1211,,"A lot of birds, plain and simply. "
PC,925,BLAKISTON-FAN-162,214829,,-113.863222,49.081997,,,305679,2021-06-08 04:53:00,285024,Transcribed,600s,1SPT,WISN,Wilson's Snipe,GALLINAGO DELICATA,1,2575206,1,Non-vocal,6.35,4.10,-23.2,f,,Steve Ogle,1211,,"A lot of birds, plain and simply. "
PC,925,BLAKISTON-FAN-162,214829,,-113.863222,49.081997,,,305679,2021-06-08 04:53:00,285024,Transcribed,600s,1SPT,WISN,Wilson's Snipe,GALLINAGO DELICATA,2,2575216,1,Non-vocal,17.49,2.80,-27.05,f,,Steve Ogle,1211,,"A lot of birds, plain and simply. "
PC,925,BLAKISTON-FAN-162,214829,,-113.863222,49.081997,,,305679,2021-06-08 04:53:00,285024,Transcribed,600s,1SPT,WISN,Wilson's Snipe,GALLINAGO DELICATA,3,2575264,1,Non-vocal,123.60,3.09,-25.52,f,,Steve Ogle,1211,,"A lot of birds, plain and simply. "
PC,925,BLAKISTON-FAN-162,214829,,-113.863222,49.081997,,,305679,2021-06-08 04:53:00,285024,Transcribed,600s,1SPT,RUGR,Ruffed Grouse,BONASA UMBELLUS,1,2575230,1,Non-vocal,34.35,7.86,-24.93,f,,Steve Ogle,1211,,"A lot of birds, plain and simply. "
PC,925,BLAKISTON-FAN-162,214829,,-113.863222,49.081997,,,305679,2021-06-08 04:53:00,285024,Transcribed,600s,1SPT,NOFL,Northern Flicker,COLAPTES AURATUS,1,2575331,1,Call,574.59,1.18,-26.19,f,,Steve Ogle,1211,,"A lot of birds, plain and simply. "
PC,925,BLAKISTON-FAN-162,214829,,-113.863222,49.081997,,,305679,2021-06-08 04:53:00,285024,Transcribed,600s,1SPT,SWTH,Swainson's Thrush,CATHARUS USTULATUS,1,2575235,1,Song,30.40,2.21,-20.36,f,,Steve Ogle,1211,,"A lot of birds, plain and simply. "
PC,925,BLAKISTON-FAN-162,214829,,-113.863222,49.081997,,,305679,2021-06-08 04:53:00,285024,Transcribed,600s,1SPT,SWTH,Swainson's Thrush,CATHARUS USTULATUS,2,2575241,1,Call,68.33,2.29,-25.56,f,,Steve Ogle,1211,,"A lot of birds, plain and simply. "
PC,925,BLAKISTON-FAN-162,214829,,-113.863222,49.081997,,,305679,2021-06-08 04:53:00,285024,Transcribed,600s,1SPT,SWTH,Swainson's Thrush,CATHARUS USTULATUS,3,2575280,1,Call,239.78,1.95,-18.11,f,,Steve Ogle,1211,multiple calling,"A lot of birds, plain and simply. "
PC,925,BLAKISTON-FAN-163,214831,,-113.865055,49.079343,,,305680,2021-06-08 05:25:20,285025,Transcribed,600s,1SPT,VESP,Vesper Sparrow,POOECETES GRAMINEUS,1,2565329,1,Song,11.24,3.51,-22.73,f,,Steve Ogle,1211,,
PC,925,BLAKISTON-FAN-163,214831,,-113.865055,49.079343,,,305680,2021-06-08 05:25:20,285025,Transcribed,600s,1SPT,RTHA,Red-tailed Hawk,BUTEO JAMAICENSIS,1,2565403,1,Call,52.60,2.33,-15.34,f,,Steve Ogle,1211,,
PC,925,BLAKISTON-FAN-163,214831,,-113.865055,49.079343,,,305680,2021-06-08 05:25:20,285025,Transcribed,600s,1SPT,SAVS,Savannah Sparrow,PASSERCULUS SANDWICHENSIS,3,2565356,1,Song,20.08,2.38,-23.2,f,,Steve Ogle,1211,,
PC,925,BLAKISTON-FAN-163,214831,,-113.865055,49.079343,,,305680,2021-06-08 05:25:20,285025,Transcribed,600s,1SPT,SAVS,Savannah Sparrow,PASSERCULUS SANDWICHENSIS,2,2565319,1,Song,4.71,2.06,-28.9,f,,Steve Ogle,1211,,
PC,925,BLAKISTON-FAN-163,214831,,-113.865055,49.079343,,,305680,2021-06-08 05:25:20,285025,Transcribed,600s,1SPT,SAVS,Savannah Sparrow,PASSERCULUS SANDWICHENSIS,1,2565287,1,Song,0.00,1.29,-19.93,f,,Steve Ogle,1211,,
PC,925,BLAKISTON-FAN-163,214831,,-113.865055,49.079343,,,305680,2021-06-08 05:25:20,285025,Transcribed,600s,1SPT,GRCA,Gray Catbird,DUMETELLA CAROLINENSIS,1,2565310,1,Song,3.66,3.66,-28.48,f,,Steve Ogle,1211,,
PC,925,BLAKISTON-FAN-163,214831,,-113.865055,49.079343,,,305680,2021-06-08 05:25:20,285025,Transcribed,600s,1SPT,YEWA,Yellow Warbler,SETOPHAGA PETECHIA,1,2565294,1,Song,1.43,1.48,-28.06,f,,Steve Ogle,1211,,
PC,925,BLAKISTON-FAN-163,214831,,-113.865055,49.079343,,,305680,2021-06-08 05:25:20,285025,Transcribed,600s,1SPT,NOWA,Northern Waterthrush,PARKESIA NOVEBORACENSIS,1,2565304,1,Song,4.19,2.31,-28.53,f,,Steve Ogle,1211,part of background noise confidence:To Be Checked,
PC,925,BLAKISTON-FAN-163,214831,,-113.865055,49.079343,,,305680,2021-06-08 05:25:20,285025,Transcribed,600s,1SPT,CCSP,Clay-colored Sparrow,SPIZELLA PALLIDA,1,2565621,1,Song,595.83,4.10,-24.31,f,,Steve Ogle,1211,,
PC,925,BLAKISTON-FAN-163,214831,,-113.865055,49.079343,,,305680,2021-06-08 05:25:20,285025,Transcribed,600s,1SPT,LISP,Lincoln's Sparrow,MELOSPIZA LINCOLNII,1,2565437,1,Song,167.04,3.03,-24.66,f,,Steve Ogle,1211,,
PC,925,BLAKISTON-FAN-163,214831,,-113.865055,49.079343,,,305680,2021-06-08 05:25:20,285025,Transcribed,600s,1SPT,SWTH,Swainson's Thrush,CATHARUS USTULATUS,1,2565450,1,Call,202.83,1.83,-31.49,f,,Steve Ogle,1211,,
PC,925,BLAKISTON-FAN-163,214831,,-113.865055,49.079343,,,305680,2021-06-08 05:25:20,285025,Transcribed,600s,1SPT,NOFL,Northern Flicker,COLAPTES AURATUS,1,2565561,1,Call,358.00,3.40,-22.53,f,,Steve Ogle,1211,,
PC,925,BLAKISTON-FAN-163,214831,,-113.865055,49.079343,,,305680,2021-06-08 05:25:20,285025,Transcribed,600s,1SPT,RUGR,Ruffed Grouse,BONASA UMBELLUS,1,2565600,1,Non-vocal,462.43,8.14,-25.22,f,,Steve Ogle,1211,,
PC,925,BLAKISTON-FAN-163,214831,,-113.865055,49.079343,,,305680,2021-06-08 05:25:20,285025,Transcribed,600s,1SPT,CANG,Canada Goose,BRANTA CANADENSIS,1,2565615,1,Call,570.28,1.36,-32.96,f,,Steve Ogle,1211,,
PC,925,BLAKISTON-FAN-163,214831,,-113.865055,49.079343,,,305680,2021-06-08 05:25:20,285025,Transcribed,600s,1SPT,CORA,Common Raven,CORVUS CORAX,2,2565573,1,Call,368.84,2.93,-30.5,f,,Steve Ogle,1211,,
PC,925,BLAKISTON-FAN-163,214831,,-113.865055,49.079343,,,305680,2021-06-08 05:25:20,285025,Transcribed,600s,1SPT,CORA,Common Raven,CORVUS CORAX,1,2565545,1,Call,343.90,2.59,-26.45,f,,Steve Ogle,1211,,
PC,925,BLAKISTON-FAN-163,214831,,-113.865055,49.079343,,,305680,2021-06-08 05:25:20,285025,Transcribed,600s,1SPT,WISN,Wilson's Snipe,GALLINAGO DELICATA,2,2565605,1,Non-vocal,541.43,3.06,-26.93,f,,Steve Ogle,1211,"winnowing; same as other, but now I know there are two",
PC,925,BLAKISTON-FAN-163,214831,,-113.865055,49.079343,,,305680,2021-06-08 05:25:20,285025,Transcribed,600s,1SPT,WISN,Wilson's Snipe,GALLINAGO DELICATA,1,2565326,1,Song,7.93,2.94,-26.55,f,,Steve Ogle,1211,sounds like PIWO,
PC,925,BLAKISTON-FAN-163,214831,,-113.865055,49.079343,,,305680,2021-06-08 05:25:20,285025,Transcribed,600s,1SPT,WCSP,White-crowned Sparrow,ZONOTRICHIA LEUCOPHRYS,3,2565418,1,Song,86.03,3.08,-28.96,f,,Steve Ogle,1211,,
PC,925,BLAKISTON-FAN-163,214831,,-113.865055,49.079343,,,305680,2021-06-08 05:25:20,285025,Transcribed,600s,1SPT,WCSP,White-crowned Sparrow,ZONOTRICHIA LEUCOPHRYS,2,2565337,1,Song,11.48,2.78,-23.31,f,,Steve Ogle,1211,,
PC,925,BLAKISTON-FAN-163,214831,,-113.865055,49.079343,,,305680,2021-06-08 05:25:20,285025,Transcribed,600s,1SPT,WCSP,White-crowned Sparrow,ZONOTRICHIA LEUCOPHRYS,1,2565290,1,Song,2.03,2.28,-29.95,f,,Steve Ogle,1211,,
PC,925,BLAKISTON-FAN-163,214831,,-113.865055,49.079343,,,305680,2021-06-08 05:25:20,285025,Transcribed,600s,1SPT,AMRO,American Robin,TURDUS MIGRATORIUS,2,2565439,1,Call,173.86,2.25,-28.27,f,,Steve Ogle,1211,,
PC,925,BLAKISTON-FAN-163,214831,,-113.865055,49.079343,,,305680,2021-06-08 05:25:20,285025,Transcribed,600s,1SPT,AMRO,American Robin,TURDUS MIGRATORIUS,1,2565320,1,Call,2.38,1.80,-29.24,f,,Steve Ogle,1211,,
PC,925,BLAKISTON-FAN-163,214831,,-113.865055,49.079343,,,305680,2021-06-08 05:25:20,285025,Transcribed,600s,1SPT,HOWR,House Wren,TROGLODYTES AEDON,2,2565412,1,Song,73.25,2.75,-27.89,f,,Steve Ogle,1211,,
PC,925,BLAKISTON-FAN-163,214831,,-113.865055,49.079343,,,305680,2021-06-08 05:25:20,285025,Transcribed,600s,1SPT,HOWR,House Wren,TROGLODYTES AEDON,1,2565351,1,Song,16.10,2.58,-26.9,f,,Steve Ogle,1211,,
PC,925,BLAKISTON-FAN-163,214831,,-113.865055,49.079343,,,305680,2021-06-08 05:25:20,285025,Transcribed,600s,1SPT,MODO,Mourning Dove,ZENAIDA MACROURA,1,2565353,1,Song,17.55,3.76,-23.38,f,,Steve Ogle,1211,,
PC,925,BLAKISTON-FAN-163,214831,,-113.865055,49.079343,,,305680,2021-06-08 05:25:20,285025,Transcribed,600s,1SPT,ALFL,Alder Flycatcher,EMPIDONAX ALNORUM,2,2565425,1,Song,108.45,2.25,-26.24,f,,Steve Ogle,1211,,
PC,925,BLAKISTON-FAN-163,214831,,-113.865055,49.079343,,,305680,2021-06-08 05:25:20,285025,Transcribed,600s,1SPT,ALFL,Alder Flycatcher,EMPIDONAX ALNORUM,1,2565420,1,Song,102.65,2.58,-27.51,f,,Steve Ogle,1211,,
PC,925,BLAKISTON-FAN-163,214831,,-113.865055,49.079343,,,305680,2021-06-08 05:25:20,285025,Transcribed,600s,1SPT,UNDU,Unidentified Duck,"",1,2565516,1,Call,286.54,7.24,-20.69,f,,Steve Ogle,1211,not sure but female BAGO call is very close; likely not possible to tell between goldeneye;   confidence:To Be Checked,
PC,925,BLAKISTON-FAN-163,214831,,-113.865055,49.079343,,,305680,2021-06-08 05:25:20,285025,Transcribed,600s,1SPT,VESP,Vesper Sparrow,POOECETES GRAMINEUS,2,2565387,1,Song,22.51,3.61,-20.23,f,,Steve Ogle,1211,,
PC,925,BLAKISTON-FAN-163,214831,,-113.865055,49.079343,,,305680,2021-06-08 05:25:20,285025,Transcribed,600s,1SPT,AMGO,American Goldfinch,SPINUS TRISTIS,1,2565556,1,Call,350.38,1.85,-26.5,f,,Steve Ogle,1211,sounds like NOWA; thought I heard this earlier,
PC,925,BLAKISTON-FAN-163,214831,,-113.865055,49.079343,,,305680,2021-06-08 05:25:20,285025,Transcribed,600s,1SPT,COLO,Common Loon,GAVIA IMMER,1,2565590,1,Call,415.43,2.43,-27.81,f,,Steve Ogle,1211,,
PC,925,BLAKISTON-FAN-163,214831,,-113.865055,49.079343,,,305680,2021-06-08 05:25:20,285025,Transcribed,600s,1SPT,BHCO,Brown-headed Cowbird,MOLOTHRUS ATER,1,2565575,1,Song,373.48,1.50,-31.05,f,,Steve Ogle,1211,,
PC,925,BLAKISTON-FAN-163,214831,,-113.865055,49.079343,,,305680,2021-06-08 05:25:20,285025,Transcribed,600s,1SPT,TRES,Tree Swallow,TACHYCINETA BICOLOR,1,2565458,1,Call,229.38,4.38,-27.03,f,,Steve Ogle,1211,I feel like these are TRES but it's difficult to be 100% sure,
PC,925,BLAKISTON-FAN-163,214831,,-113.865055,49.079343,,,305680,2021-06-08 05:25:20,285025,Transcribed,600s,1SPT,UNSW,Unidentified Swallow,HIRUNDO,1,2565296,1,Call,1.31,2.19,-27.65,f,,Steve Ogle,1211,TRES or VGSW,
PC,925,BLAKISTON-FAN-163,214831,,-113.865055,49.079343,,,305680,2021-06-08 05:25:20,285025,Transcribed,600s,1SPT,UNSW,Unidentified Swallow,HIRUNDO,2,2565366,1,Call,27.19,3.11,-23.65,f,,Steve Ogle,1211,VG or TR,
PC,925,BLAKISTON-FAN-163,214831,,-113.865055,49.079343,,,305680,2021-06-08 05:25:20,285025,Transcribed,600s,1SPT,GHOW,Great Horned Owl,BUBO VIRGINIANUS,1,2565404,1,Song,56.98,3.13,-20.26,f,,Steve Ogle,1211,,
PC,925,BLAKISTON-FAN-163,214831,,-113.865055,49.079343,,,305680,2021-06-08 05:25:20,285025,Transcribed,600s,1SPT,WEWP,Western Wood-Pewee,CONTOPUS SORDIDULUS,1,2565314,1,Song,6.98,1.54,-29.94,f,,Steve Ogle,1211,,
PC,925,BLAKISTON-FAN-163,214831,,-113.865055,49.079343,,,305680,2021-06-08 05:25:20,285025,Transcribed,600s,1SPT,EAKI,Eastern Kingbird,TYRANNUS TYRANNUS,1,2565400,1,Song,51.66,0.84,-26.1,f,,Steve Ogle,1211,,
PC,925,BLAKISTON-FAN-163,214831,,-113.865055,49.079343,,,305680,2021-06-08 05:25:20,285025,Transcribed,600s,1SPT,BHGR,Black-headed Grosbeak,PHEUTICUS MELANOCEPHALUS,1,2565343,1,Song,12.48,4.04,-24.79,f,,Steve Ogle,1211,,
PC,925,BLAKISTON-FAN-163,214831,,-113.865055,49.079343,,,305680,2021-06-08 05:25:20,285025,Transcribed,600s,1SPT,WAVI,Warbling Vireo,VIREO GILVUS,1,2565609,1,Song,555.01,2.83,-21.62,f,,Steve Ogle,1211,,
PC,925,BLAKISTON-FAN-163,214831,,-113.865055,49.079343,,,305680,2021-06-08 05:25:20,285025,Transcribed,600s,1SPT,RNSA,Red-naped Sapsucker,SPHYRAPICUS NUCHALIS,1,2565324,1,Non-vocal,8.11,2.31,-27.71,f,,Steve Ogle,1211,,
PC,925,BLAKISTON-FAN-163,214831,,-113.865055,49.079343,,,305680,2021-06-08 05:25:20,285025,Transcribed,600s,1SPT,RNSA,Red-naped Sapsucker,SPHYRAPICUS NUCHALIS,2,2565446,1,Non-vocal,190.38,3.98,-24.13,f,,Steve Ogle,1211,banging on a different tree,
PC,925,BLAKISTON-FAN-164,214828,,-113.866756,49.076538,,,305693,2021-06-08 05:58:02,285038,Transcribed,600s,1SPT,VESP,Vesper Sparrow,POOECETES GRAMINEUS,1,2588141,1,Song,0.06,1.61,-32.67,f,,Steve Ogle,1211,,creek and marsh sounds
PC,925,BLAKISTON-FAN-164,214828,,-113.866756,49.076538,,,305693,2021-06-08 05:58:02,285038,Transcribed,600s,1SPT,LISP,Lincoln's Sparrow,MELOSPIZA LINCOLNII,1,2588189,1,Song,57.95,3.40,-30.92,f,,Steve Ogle,1211,,creek and marsh sounds
PC,925,BLAKISTON-FAN-164,214828,,-113.866756,49.076538,,,305693,2021-06-08 05:58:02,285038,Transcribed,600s,1SPT,EAKI,Eastern Kingbird,TYRANNUS TYRANNUS,1,2588199,1,Call,352.36,1.15,-32.9,f,,Steve Ogle,1211,,creek and marsh sounds
PC,925,BLAKISTON-FAN-164,214828,,-113.866756,49.076538,,,305693,2021-06-08 05:58:02,285038,Transcribed,600s,1SPT,WEWP,Western Wood-Pewee,CONTOPUS SORDIDULUS,1,2588184,1,Song,34.98,2.04,-32.73,f,,Steve Ogle,1211,,creek and marsh sounds
PC,925,BLAKISTON-FAN-164,214828,,-113.866756,49.076538,,,305693,2021-06-08 05:58:02,285038,Transcribed,600s,1SPT,PBGR,Pied-billed Grebe,PODILYMBUS PODICEPS,1,2588197,1,Call,293.38,3.89,-33.87,f,,Steve Ogle,1211,,creek and marsh sounds
PC,925,BLAKISTON-FAN-164,214828,,-113.866756,49.076538,,,305693,2021-06-08 05:58:02,285038,Transcribed,600s,1SPT,PISI,Pine Siskin,SPINUS PINUS,2,2588200,1,Call,447.74,5.55,-31.34,f,,Steve Ogle,1211,,creek and marsh sounds
PC,925,BLAKISTON-FAN-164,214828,,-113.866756,49.076538,,,305693,2021-06-08 05:58:02,285038,Transcribed,600s,1SPT,PISI,Pine Siskin,SPINUS PINUS,1,2588174,1,Call,3.06,1.56,-28.82,f,,Steve Ogle,1211,,creek and marsh sounds
PC,925,BLAKISTON-FAN-164,214828,,-113.866756,49.076538,,,305693,2021-06-08 05:58:02,285038,Transcribed,600s,1SPT,AMGO,American Goldfinch,SPINUS TRISTIS,2,2588193,1,Call,146.24,6.46,-30.01,f,,Steve Ogle,1211,,creek and marsh sounds
PC,925,BLAKISTON-FAN-164,214828,,-113.866756,49.076538,,,305693,2021-06-08 05:58:02,285038,Transcribed,600s,1SPT,AMGO,American Goldfinch,SPINUS TRISTIS,1,2588192,1,Call,130.45,4.61,-29.24,f,,Steve Ogle,1211,,creek and marsh sounds
PC,925,BLAKISTON-FAN-164,214828,,-113.866756,49.076538,,,305693,2021-06-08 05:58:02,285038,Transcribed,600s,1SPT,UNBI,Unidentified bird,"",1,2588203,1,Song,520.38,3.26,-31.65,f,,Steve Ogle,1211,Hmm. EAKI? But not quite right. Not a pipit. ,creek and marsh sounds
PC,925,BLAKISTON-FAN-164,214828,,-113.866756,49.076538,,,305693,2021-06-08 05:58:02,285038,Transcribed,600s,1SPT,VESP,Vesper Sparrow,POOECETES GRAMINEUS,3,2588178,1,Song,8.69,4.16,-10.22,f,,Steve Ogle,1211,,creek and marsh sounds
PC,925,BLAKISTON-FAN-164,214828,,-113.866756,49.076538,,,305693,2021-06-08 05:58:02,285038,Transcribed,600s,1SPT,VESP,Vesper Sparrow,POOECETES GRAMINEUS,2,2588143,1,Song,0.80,2.95,-26.89,f,,Steve Ogle,1211,,creek and marsh sounds
PC,925,BLAKISTON-FAN-164,214828,,-113.866756,49.076538,,,305693,2021-06-08 05:58:02,285038,Transcribed,600s,1SPT,WCSP,White-crowned Sparrow,ZONOTRICHIA LEUCOPHRYS,2,2588183,1,Song,13.26,3.36,-30.37,f,,Steve Ogle,1211,,creek and marsh sounds
PC,925,BLAKISTON-FAN-164,214828,,-113.866756,49.076538,,,305693,2021-06-08 05:58:02,285038,Transcribed,600s,1SPT,CORA,Common Raven,CORVUS CORAX,1,2588196,1,Call,271.16,5.44,-27.03,f,,Steve Ogle,1211,,creek and marsh sounds
PC,925,BLAKISTON-FAN-164,214828,,-113.866756,49.076538,,,305693,2021-06-08 05:58:02,285038,Transcribed,600s,1SPT,CORA,Common Raven,CORVUS CORAX,2,2588201,1,Call,489.28,2.69,-31.58,f,,Steve Ogle,1211,,creek and marsh sounds
PC,925,BLAKISTON-FAN-164,214828,,-113.866756,49.076538,,,305693,2021-06-08 05:58:02,285038,Transcribed,600s,1SPT,SWTH,Swainson's Thrush,CATHARUS USTULATUS,1,2588188,1,Call,66.38,0.93,-36.6,f,,Steve Ogle,1211,water drop call,creek and marsh sounds
PC,925,BLAKISTON-FAN-164,214828,,-113.866756,49.076538,,,305693,2021-06-08 05:58:02,285038,Transcribed,600s,1SPT,SWTH,Swainson's Thrush,CATHARUS USTULATUS,2,2588194,1,Song,205.50,2.56,-30.99,f,,Steve Ogle,1211,,creek and marsh sounds
PC,925,BLAKISTON-FAN-164,214828,,-113.866756,49.076538,,,305693,2021-06-08 05:58:02,285038,Transcribed,600s,1SPT,WCSP,White-crowned Sparrow,ZONOTRICHIA LEUCOPHRYS,1,2588175,1,Song,4.31,2.79,-24.35,f,,Steve Ogle,1211,,creek and marsh sounds
PC,925,BLAKISTON-FAN-164,214828,,-113.866756,49.076538,,,305693,2021-06-08 05:58:02,285038,Transcribed,600s,1SPT,AMRO,American Robin,TURDUS MIGRATORIUS,3,2588187,1,Song,48.21,5.11,-29.5,f,,Steve Ogle,1211,,creek and marsh sounds
PC,925,BLAKISTON-FAN-164,214828,,-113.866756,49.076538,,,305693,2021-06-08 05:58:02,285038,Transcribed,600s,1SPT,AMRO,American Robin,TURDUS MIGRATORIUS,2,2588179,1,Song,6.83,4.91,-10.21,f,,Steve Ogle,1211,,creek and marsh sounds
PC,925,BLAKISTON-FAN-164,214828,,-113.866756,49.076538,,,305693,2021-06-08 05:58:02,285038,Transcribed,600s,1SPT,AMRO,American Robin,TURDUS MIGRATORIUS,1,2588144,1,Call,1.59,2.71,-26.82,f,,Steve Ogle,1211,,creek and marsh sounds
PC,925,BLAKISTON-FAN-164,214828,,-113.866756,49.076538,,,305693,2021-06-08 05:58:02,285038,Transcribed,600s,1SPT,HOWR,House Wren,TROGLODYTES AEDON,2,2588186,1,Song,42.85,2.75,-26.51,f,,Steve Ogle,1211,,creek and marsh sounds
PC,925,BLAKISTON-FAN-164,214828,,-113.866756,49.076538,,,305693,2021-06-08 05:58:02,285038,Transcribed,600s,1SPT,HOWR,House Wren,TROGLODYTES AEDON,1,2588176,1,Song,6.06,2.28,-26.83,f,,Steve Ogle,1211,,creek and marsh sounds
PC,925,BLAKISTON-FAN-164,214828,,-113.866756,49.076538,,,305693,2021-06-08 05:58:02,285038,Transcribed,600s,1SPT,RNSA,Red-naped Sapsucker,SPHYRAPICUS NUCHALIS,1,2588191,1,Non-vocal,104.65,2.44,-37.54,f,,Steve Ogle,1211,,creek and marsh sounds
PC,925,BLAKISTON-FAN-164,214828,,-113.866756,49.076538,,,305693,2021-06-08 05:58:02,285038,Transcribed,600s,1SPT,UNWT,Unidentified waterfowl,WATERFOWL SP.,2,2588198,2,Call,313.44,15.41,-28.81,f,,Steve Ogle,1211,"MALL or HOME? kinda weird, mechanical; but sounds like two of them flying around confidence:To Be Checked",creek and marsh sounds
PC,925,BLAKISTON-FAN-164,214828,,-113.866756,49.076538,,,305693,2021-06-08 05:58:02,285038,Transcribed,600s,1SPT,UNWT,Unidentified waterfowl,WATERFOWL SP.,1,2588190,1,Call,99.25,2.75,-30.78,f,,Steve Ogle,1211,,creek and marsh sounds
PC,925,BLAKISTON-FAN-164,214828,,-113.866756,49.076538,,,305693,2021-06-08 05:58:02,285038,Transcribed,600s,1SPT,SAVS,Savannah Sparrow,PASSERCULUS SANDWICHENSIS,3,2588181,1,Song,14.18,1.73,-32.63,f,,Steve Ogle,1211,,creek and marsh sounds
PC,925,BLAKISTON-FAN-164,214828,,-113.866756,49.076538,,,305693,2021-06-08 05:58:02,285038,Transcribed,600s,1SPT,SAVS,Savannah Sparrow,PASSERCULUS SANDWICHENSIS,2,2588180,1,Song,12.13,1.86,-31.35,f,,Steve Ogle,1211,,creek and marsh sounds
PC,925,BLAKISTON-FAN-164,214828,,-113.866756,49.076538,,,305693,2021-06-08 05:58:02,285038,Transcribed,600s,1SPT,SAVS,Savannah Sparrow,PASSERCULUS SANDWICHENSIS,1,2588145,1,Song,1.19,2.23,-34.59,f,,Steve Ogle,1211,,creek and marsh sounds
PC,925,BLAKISTON-FAN-164,214828,,-113.866756,49.076538,,,305693,2021-06-08 05:58:02,285038,Transcribed,600s,1SPT,RWBL,Red-winged Blackbird,AGELAIUS PHOENICEUS,1,2588177,TMTT,Call,7.08,11.10,-10.11,f,,Steve Ogle,1211,"maybe 5?
",creek and marsh sounds
PC,925,BLAKISTON-FAN-164,214828,,-113.866756,49.076538,,,305693,2021-06-08 05:58:02,285038,Transcribed,600s,1SPT,WEME,Western Meadowlark,STURNELLA NEGLECTA,1,2588182,1,Call,23.11,1.55,-31.51,f,,Steve Ogle,1211,,creek and marsh sounds
PC,925,BLAKISTON-FAN-164,214828,,-113.866756,49.076538,,,305693,2021-06-08 05:58:02,285038,Transcribed,600s,1SPT,YEWA,Yellow Warbler,SETOPHAGA PETECHIA,1,2588195,1,Song,234.51,2.59,-29.11,f,,Steve Ogle,1211,,creek and marsh sounds
PC,925,BLAKISTON-FAN-164,214828,,-113.866756,49.076538,,,305693,2021-06-08 05:58:02,285038,Transcribed,600s,1SPT,WAVI,Warbling Vireo,VIREO GILVUS,1,2588185,1,Song,38.01,4.00,-29.7,f,,Steve Ogle,1211,background,creek and marsh sounds
PC,925,BLAKISTON-FAN-165,214827,,-113.868698,49.072675,,,305694,2021-06-08 06:29:10,285039,Transcribed,600s,1SPT,AMRO,American Robin,TURDUS MIGRATORIUS,1,2558950,2,Song,0.06,3.30,-21.26,f,,Steve Ogle,1211,,"creek and cars; bird noise also, but creek provides moderate to high noise"
PC,925,BLAKISTON-FAN-165,214827,,-113.868698,49.072675,,,305694,2021-06-08 06:29:10,285039,Transcribed,600s,1SPT,RWBL,Red-winged Blackbird,AGELAIUS PHOENICEUS,1,2558992,1,Call,221.61,8.44,-18.19,f,,Steve Ogle,1211,last note the easiest to ID,"creek and cars; bird noise also, but creek provides moderate to high noise"
PC,925,BLAKISTON-FAN-165,214827,,-113.868698,49.072675,,,305694,2021-06-08 06:29:10,285039,Transcribed,600s,1SPT,SAVS,Savannah Sparrow,PASSERCULUS SANDWICHENSIS,1,2558966,1,Song,28.58,1.71,-25.02,f,,Steve Ogle,1211,,"creek and cars; bird noise also, but creek provides moderate to high noise"
PC,925,BLAKISTON-FAN-165,214827,,-113.868698,49.072675,,,305694,2021-06-08 06:29:10,285039,Transcribed,600s,1SPT,SAVS,Savannah Sparrow,PASSERCULUS SANDWICHENSIS,2,2558967,1,Song,43.74,3.01,-23.83,f,,Steve Ogle,1211,,"creek and cars; bird noise also, but creek provides moderate to high noise"
PC,925,BLAKISTON-FAN-165,214827,,-113.868698,49.072675,,,305694,2021-06-08 06:29:10,285039,Transcribed,600s,1SPT,SAVS,Savannah Sparrow,PASSERCULUS SANDWICHENSIS,3,2558984,1,Song,151.01,2.09,-27.52,f,,Steve Ogle,1211,must be the third one,"creek and cars; bird noise also, but creek provides moderate to high noise"
PC,925,BLAKISTON-FAN-165,214827,,-113.868698,49.072675,,,305694,2021-06-08 06:29:10,285039,Transcribed,600s,1SPT,CCSP,Clay-colored Sparrow,SPIZELLA PALLIDA,1,2558995,1,Song,151.46,3.08,-26.49,f,,Steve Ogle,1211,faint,"creek and cars; bird noise also, but creek provides moderate to high noise"
PC,925,BLAKISTON-FAN-165,214827,,-113.868698,49.072675,,,305694,2021-06-08 06:29:10,285039,Transcribed,600s,1SPT,LISP,Lincoln's Sparrow,MELOSPIZA LINCOLNII,1,2558958,1,Song,6.69,2.81,-18.51,f,,Steve Ogle,1211,,"creek and cars; bird noise also, but creek provides moderate to high noise"
PC,925,BLAKISTON-FAN-165,214827,,-113.868698,49.072675,,,305694,2021-06-08 06:29:10,285039,Transcribed,600s,1SPT,LISP,Lincoln's Sparrow,MELOSPIZA LINCOLNII,2,2558971,1,Song,48.31,3.38,-16.45,f,,Steve Ogle,1211,,"creek and cars; bird noise also, but creek provides moderate to high noise"
PC,925,BLAKISTON-FAN-165,214827,,-113.868698,49.072675,,,305694,2021-06-08 06:29:10,285039,Transcribed,600s,1SPT,WIFL,Willow Flycatcher,EMPIDONAX TRAILLII,1,2558954,1,Song,1.75,0.83,-27.63,f,,Steve Ogle,1211,,"creek and cars; bird noise also, but creek provides moderate to high noise"
PC,925,BLAKISTON-FAN-165,214827,,-113.868698,49.072675,,,305694,2021-06-08 06:29:10,285039,Transcribed,600s,1SPT,VESP,Vesper Sparrow,POOECETES GRAMINEUS,1,2558956,2,Song,2.34,4.60,-20.62,f,,Steve Ogle,1211,,"creek and cars; bird noise also, but creek provides moderate to high noise"
PC,925,BLAKISTON-FAN-165,214827,,-113.868698,49.072675,,,305694,2021-06-08 06:29:10,285039,Transcribed,600s,1SPT,BAGO,Barrow's Goldeneye,BUCEPHALA ISLANDICA,2,2559028,1,Non-vocal,334.75,10.39,-17.39,f,,Steve Ogle,1211,flying (wingbeats); possibility of being same individual as previous,"creek and cars; bird noise also, but creek provides moderate to high noise"
PC,925,BLAKISTON-FAN-165,214827,,-113.868698,49.072675,,,305694,2021-06-08 06:29:10,285039,Transcribed,600s,1SPT,BAGO,Barrow's Goldeneye,BUCEPHALA ISLANDICA,1,2558963,1,Call,15.85,13.95,-15.19,f,,Steve Ogle,1211,,"creek and cars; bird noise also, but creek provides moderate to high noise"
PC,925,BLAKISTON-FAN-165,214827,,-113.868698,49.072675,,,305694,2021-06-08 06:29:10,285039,Transcribed,600s,1SPT,PISI,Pine Siskin,SPINUS PINUS,1,2559002,1,Call,255.33,3.54,-27.92,f,,Steve Ogle,1211,,"creek and cars; bird noise also, but creek provides moderate to high noise"
PC,925,BLAKISTON-FAN-165,214827,,-113.868698,49.072675,,,305694,2021-06-08 06:29:10,285039,Transcribed,600s,1SPT,VESP,Vesper Sparrow,POOECETES GRAMINEUS,2,2558960,1,Song,8.50,2.84,-22.03,f,,Steve Ogle,1211,,"creek and cars; bird noise also, but creek provides moderate to high noise"
PC,925,BLAKISTON-FAN-165,214827,,-113.868698,49.072675,,,305694,2021-06-08 06:29:10,285039,Transcribed,600s,1SPT,SPSA,Spotted Sandpiper,ACTITIS MACULARIUS,1,2558962,1,Call,16.26,3.43,-21.65,f,,Steve Ogle,1211,,"creek and cars; bird noise also, but creek provides moderate to high noise"
PC,925,BLAKISTON-FAN-165,214827,,-113.868698,49.072675,,,305694,2021-06-08 06:29:10,285039,Transcribed,600s,1SPT,SPSA,Spotted Sandpiper,ACTITIS MACULARIUS,2,2558982,1,Call,119.66,5.20,-22.53,f,,Steve Ogle,1211,"first time could decipher two
","creek and cars; bird noise also, but creek provides moderate to high noise"
PC,925,BLAKISTON-FAN-165,214827,,-113.868698,49.072675,,,305694,2021-06-08 06:29:10,285039,Transcribed,600s,1SPT,CEDW,Cedar Waxwing,BOMBYCILLA CEDRORUM,1,2559041,1,Song,461.65,7.55,-41.97,f,,Steve Ogle,1211,,"creek and cars; bird noise also, but creek provides moderate to high noise"
PC,925,BLAKISTON-FAN-165,214827,,-113.868698,49.072675,,,305694,2021-06-08 06:29:10,285039,Transcribed,600s,1SPT,ELKK,Elk (wapiti),CERVUS CANADENSIS,1,2559039,1,Call,443.88,3.14,-21.26,f,,Steve Ogle,1211,,"creek and cars; bird noise also, but creek provides moderate to high noise"
PC,925,BLAKISTON-FAN-165,214827,,-113.868698,49.072675,,,305694,2021-06-08 06:29:10,285039,Transcribed,600s,1SPT,LAZB,Lazuli Bunting,PASSERINA AMOENA,1,2559038,1,Call,428.88,1.39,-24.16,f,,Steve Ogle,1211,possibility of EUST confidence:To Be Checked,"creek and cars; bird noise also, but creek provides moderate to high noise"
PC,925,BLAKISTON-FAN-165,214827,,-113.868698,49.072675,,,305694,2021-06-08 06:29:10,285039,Transcribed,600s,1SPT,WCSP,White-crowned Sparrow,ZONOTRICHIA LEUCOPHRYS,1,2558977,1,Song,55.83,3.01,-23.57,f,,Steve Ogle,1211,,"creek and cars; bird noise also, but creek provides moderate to high noise"
PC,925,BLAKISTON-FAN-165,214827,,-113.868698,49.072675,,,305694,2021-06-08 06:29:10,285039,Transcribed,600s,1SPT,WCSP,White-crowned Sparrow,ZONOTRICHIA LEUCOPHRYS,2,2558981,1,Song,113.03,3.40,-23.34,f,,Steve Ogle,1211,,"creek and cars; bird noise also, but creek provides moderate to high noise"
PC,925,BLAKISTON-FAN-165,214827,,-113.868698,49.072675,,,305694,2021-06-08 06:29:10,285039,Transcribed,600s,1SPT,YRWA,Yellow-rumped Warbler,SETOPHAGA CORONATA,1,2558997,1,Song,243.39,2.68,-25.24,f,,Steve Ogle,1211,,"creek and cars; bird noise also, but creek provides moderate to high noise"
PC,925,BLAKISTON-FAN-165,214827,,-113.868698,49.072675,,,305694,2021-06-08 06:29:10,285039,Transcribed,600s,1SPT,CORA,Common Raven,CORVUS CORAX,1,2558978,1,Call,59.91,1.91,-23.24,f,,Steve Ogle,1211,,"creek and cars; bird noise also, but creek provides moderate to high noise"
PC,925,BLAKISTON-FAN-165,214827,,-113.868698,49.072675,,,305694,2021-06-08 06:29:10,285039,Transcribed,600s,1SPT,CORA,Common Raven,CORVUS CORAX,2,2559011,1,Call,267.26,2.93,-24.52,f,,Steve Ogle,1211,,"creek and cars; bird noise also, but creek provides moderate to high noise"
PC,925,BLAKISTON-FAN-165,214827,,-113.868698,49.072675,,,305694,2021-06-08 06:29:10,285039,Transcribed,600s,1SPT,NOWA,Northern Waterthrush,PARKESIA NOVEBORACENSIS,1,2559007,1,Song,259.48,3.70,-24.04,f,,Steve Ogle,1211,possibly earlier but would have been faint (background noise),"creek and cars; bird noise also, but creek provides moderate to high noise"
PC,925,BLAKISTON-FAN-165,214827,,-113.868698,49.072675,,,305694,2021-06-08 06:29:10,285039,Transcribed,600s,1SPT,YEWA,Yellow Warbler,SETOPHAGA PETECHIA,1,2558979,1,Song,67.86,2.35,-21.71,f,,Steve Ogle,1211,prob earlier,"creek and cars; bird noise also, but creek provides moderate to high noise"
PC,925,BLAKISTON-FAN-166,214825,,-113.872815,49.068569,,,305695,2021-06-08 07:21:30,285040,Transcribed,600s,1SPT,SAVS,Savannah Sparrow,PASSERCULUS SANDWICHENSIS,2,2583317,1,Song,319.33,2.51,-30.8,f,,Steve Ogle,1211,,loud creek
PC,925,BLAKISTON-FAN-166,214825,,-113.872815,49.068569,,,305695,2021-06-08 07:21:30,285040,Transcribed,600s,1SPT,LISP,Lincoln's Sparrow,MELOSPIZA LINCOLNII,1,2583306,1,Song,82.16,2.60,-15.36,f,,Steve Ogle,1211,,loud creek
PC,925,BLAKISTON-FAN-166,214825,,-113.872815,49.068569,,,305695,2021-06-08 07:21:30,285040,Transcribed,600s,1SPT,VESP,Vesper Sparrow,POOECETES GRAMINEUS,1,2583281,1,Song,1.85,3.59,-28.24,f,,Steve Ogle,1211,,loud creek
PC,925,BLAKISTON-FAN-166,214825,,-113.872815,49.068569,,,305695,2021-06-08 07:21:30,285040,Transcribed,600s,1SPT,VESP,Vesper Sparrow,POOECETES GRAMINEUS,2,2583292,1,Song,11.38,3.69,-14.63,f,,Steve Ogle,1211,,loud creek
PC,925,BLAKISTON-FAN-166,214825,,-113.872815,49.068569,,,305695,2021-06-08 07:21:30,285040,Transcribed,600s,1SPT,VESP,Vesper Sparrow,POOECETES GRAMINEUS,3,2583293,1,Song,14.10,3.20,-30.76,f,,Steve Ogle,1211,,loud creek
PC,925,BLAKISTON-FAN-166,214825,,-113.872815,49.068569,,,305695,2021-06-08 07:21:30,285040,Transcribed,600s,1SPT,PISI,Pine Siskin,SPINUS PINUS,1,2583318,2,Call,471.71,13.30,-26.58,f,,Steve Ogle,1211,,loud creek
PC,925,BLAKISTON-FAN-166,214825,,-113.872815,49.068569,,,305695,2021-06-08 07:21:30,285040,Transcribed,600s,1SPT,BLJA,Blue Jay,CYANOCITTA CRISTATA,1,2583278,1,Call,3.11,1.93,-28.31,f,,Steve Ogle,1211,,loud creek
PC,925,BLAKISTON-FAN-166,214825,,-113.872815,49.068569,,,305695,2021-06-08 07:21:30,285040,Transcribed,600s,1SPT,WEWP,Western Wood-Pewee,CONTOPUS SORDIDULUS,1,2583314,1,Song,260.64,0.95,-28.55,f,,Steve Ogle,1211,,loud creek
PC,925,BLAKISTON-FAN-166,214825,,-113.872815,49.068569,,,305695,2021-06-08 07:21:30,285040,Transcribed,600s,1SPT,EAKI,Eastern Kingbird,TYRANNUS TYRANNUS,1,2583305,1,Song,71.90,3.74,-29.8,f,,Steve Ogle,1211,,loud creek
PC,925,BLAKISTON-FAN-166,214825,,-113.872815,49.068569,,,305695,2021-06-08 07:21:30,285040,Transcribed,600s,1SPT,SPSA,Spotted Sandpiper,ACTITIS MACULARIUS,1,2583311,1,Call,155.36,10.25,-20.27,f,,Steve Ogle,1211,,loud creek
PC,925,BLAKISTON-FAN-166,214825,,-113.872815,49.068569,,,305695,2021-06-08 07:21:30,285040,Transcribed,600s,1SPT,SPSA,Spotted Sandpiper,ACTITIS MACULARIUS,2,2583313,1,Call,166.18,4.51,-29.32,f,,Steve Ogle,1211,,loud creek
PC,925,BLAKISTON-FAN-166,214825,,-113.872815,49.068569,,,305695,2021-06-08 07:21:30,285040,Transcribed,600s,1SPT,AMRO,American Robin,TURDUS MIGRATORIUS,1,2583280,1,Song,0.09,3.26,-29.01,f,,Steve Ogle,1211,,loud creek
PC,925,BLAKISTON-FAN-166,214825,,-113.872815,49.068569,,,305695,2021-06-08 07:21:30,285040,Transcribed,600s,1SPT,WCSP,White-crowned Sparrow,ZONOTRICHIA LEUCOPHRYS,1,2583279,1,Song,3.55,2.70,-28.49,f,,Steve Ogle,1211,,loud creek
PC,925,BLAKISTON-FAN-166,214825,,-113.872815,49.068569,,,305695,2021-06-08 07:21:30,285040,Transcribed,600s,1SPT,DUFL,Dusky Flycatcher,EMPIDONAX OBERHOLSERI,1,2583303,1,Song,14.81,2.34,-30.44,f,,Steve Ogle,1211,,loud creek
PC,925,BLAKISTON-FAN-166,214825,,-113.872815,49.068569,,,305695,2021-06-08 07:21:30,285040,Transcribed,600s,1SPT,GRCA,Gray Catbird,DUMETELLA CAROLINENSIS,1,2583298,1,Song,22.18,2.63,-29.43,f,,Steve Ogle,1211,,loud creek
PC,925,BLAKISTON-FAN-166,214825,,-113.872815,49.068569,,,305695,2021-06-08 07:21:30,285040,Transcribed,600s,1SPT,SAVS,Savannah Sparrow,PASSERCULUS SANDWICHENSIS,1,2583315,1,Song,266.73,2.38,-31.51,f,,Steve Ogle,1211,,loud creek
PC,925,BLAKISTON-FAN-167,214824,,-113.876753,49.064917,,,305696,2021-06-08 07:51:05,285041,Transcribed,600s,1SPT,RWBL,Red-winged Blackbird,AGELAIUS PHOENICEUS,3,2553604,1,Call,311.86,8.23,-18.7,f,,Steve Ogle,1211,,busy with birds; some unkn ambient background noise (tractor?)
PC,925,BLAKISTON-FAN-167,214824,,-113.876753,49.064917,,,305696,2021-06-08 07:51:05,285041,Transcribed,600s,1SPT,HOWR,House Wren,TROGLODYTES AEDON,2,2553580,1,Song,16.23,3.58,-20.23,f,,Steve Ogle,1211,,busy with birds; some unkn ambient background noise (tractor?)
PC,925,BLAKISTON-FAN-167,214824,,-113.876753,49.064917,,,305696,2021-06-08 07:51:05,285041,Transcribed,600s,1SPT,AMRO,American Robin,TURDUS MIGRATORIUS,1,2553572,1,Call,1.56,2.23,-27.61,f,,Steve Ogle,1211,,busy with birds; some unkn ambient background noise (tractor?)
PC,925,BLAKISTON-FAN-167,214824,,-113.876753,49.064917,,,305696,2021-06-08 07:51:05,285041,Transcribed,600s,1SPT,AMRO,American Robin,TURDUS MIGRATORIUS,2,2553576,1,Song,3.74,3.04,-25.05,f,,Steve Ogle,1211,,busy with birds; some unkn ambient background noise (tractor?)
PC,925,BLAKISTON-FAN-167,214824,,-113.876753,49.064917,,,305696,2021-06-08 07:51:05,285041,Transcribed,600s,1SPT,WCSP,White-crowned Sparrow,ZONOTRICHIA LEUCOPHRYS,1,2553606,1,Song,404.73,3.41,-23.3,f,,Steve Ogle,1211,,busy with birds; some unkn ambient background noise (tractor?)
PC,925,BLAKISTON-FAN-167,214824,,-113.876753,49.064917,,,305696,2021-06-08 07:51:05,285041,Transcribed,600s,1SPT,WCSP,White-crowned Sparrow,ZONOTRICHIA LEUCOPHRYS,2,2553608,1,Song,498.01,3.26,-25.26,f,,Steve Ogle,1211,,busy with birds; some unkn ambient background noise (tractor?)
PC,925,BLAKISTON-FAN-167,214824,,-113.876753,49.064917,,,305696,2021-06-08 07:51:05,285041,Transcribed,600s,1SPT,CORA,Common Raven,CORVUS CORAX,1,2553605,1,Call,385.63,3.53,-22.1,f,,Steve Ogle,1211,,busy with birds; some unkn ambient background noise (tractor?)
PC,925,BLAKISTON-FAN-167,214824,,-113.876753,49.064917,,,305696,2021-06-08 07:51:05,285041,Transcribed,600s,1SPT,LEFL,Least Flycatcher,EMPIDONAX MINIMUS,2,2553597,1,Song,26.63,4.69,-25,f,,Steve Ogle,1211,,busy with birds; some unkn ambient background noise (tractor?)
PC,925,BLAKISTON-FAN-167,214824,,-113.876753,49.064917,,,305696,2021-06-08 07:51:05,285041,Transcribed,600s,1SPT,NOWA,Northern Waterthrush,PARKESIA NOVEBORACENSIS,1,2553595,1,Song,76.35,2.08,-22.47,f,,Steve Ogle,1211,can just hear a snippet,busy with birds; some unkn ambient background noise (tractor?)
PC,925,BLAKISTON-FAN-167,214824,,-113.876753,49.064917,,,305696,2021-06-08 07:51:05,285041,Transcribed,600s,1SPT,YEWA,Yellow Warbler,SETOPHAGA PETECHIA,1,2553587,1,Song,38.46,2.78,-21.22,f,,Steve Ogle,1211,,busy with birds; some unkn ambient background noise (tractor?)
PC,925,BLAKISTON-FAN-167,214824,,-113.876753,49.064917,,,305696,2021-06-08 07:51:05,285041,Transcribed,600s,1SPT,YEWA,Yellow Warbler,SETOPHAGA PETECHIA,2,2553600,1,Song,149.89,3.28,-23.74,f,,Steve Ogle,1211,,busy with birds; some unkn ambient background noise (tractor?)
PC,925,BLAKISTON-FAN-167,214824,,-113.876753,49.064917,,,305696,2021-06-08 07:51:05,285041,Transcribed,600s,1SPT,WEME,Western Meadowlark,STURNELLA NEGLECTA,1,2553569,1,Song,0.00,2.66,-27.11,f,,Steve Ogle,1211,,busy with birds; some unkn ambient background noise (tractor?)
PC,925,BLAKISTON-FAN-167,214824,,-113.876753,49.064917,,,305696,2021-06-08 07:51:05,285041,Transcribed,600s,1SPT,GRCA,Gray Catbird,DUMETELLA CAROLINENSIS,1,2553596,1,Song,78.80,3.65,-19.86,f,,Steve Ogle,1211,probably earlier,busy with birds; some unkn ambient background noise (tractor?)
PC,925,BLAKISTON-FAN-167,214824,,-113.876753,49.064917,,,305696,2021-06-08 07:51:05,285041,Transcribed,600s,1SPT,RWBL,Red-winged Blackbird,AGELAIUS PHOENICEUS,1,2553581,1,Call,21.54,2.33,-23.83,f,,Steve Ogle,1211,,busy with birds; some unkn ambient background noise (tractor?)
PC,925,BLAKISTON-FAN-167,214824,,-113.876753,49.064917,,,305696,2021-06-08 07:51:05,285041,Transcribed,600s,1SPT,RWBL,Red-winged Blackbird,AGELAIUS PHOENICEUS,2,2553586,1,Call,37.08,2.38,-25.11,f,,Steve Ogle,1211,,busy with birds; some unkn ambient background noise (tractor?)
PC,925,BLAKISTON-FAN-167,214824,,-113.876753,49.064917,,,305696,2021-06-08 07:51:05,285041,Transcribed,600s,1SPT,SAVS,Savannah Sparrow,PASSERCULUS SANDWICHENSIS,1,2553578,1,Song,9.41,2.10,-34.66,f,,Steve Ogle,1211,,busy with birds; some unkn ambient background noise (tractor?)
PC,925,BLAKISTON-FAN-167,214824,,-113.876753,49.064917,,,305696,2021-06-08 07:51:05,285041,Transcribed,600s,1SPT,CCSP,Clay-colored Sparrow,SPIZELLA PALLIDA,1,2553570,1,Song,0.00,3.50,-27.88,f,,Steve Ogle,1211,,busy with birds; some unkn ambient background noise (tractor?)
PC,925,BLAKISTON-FAN-167,214824,,-113.876753,49.064917,,,305696,2021-06-08 07:51:05,285041,Transcribed,600s,1SPT,CCSP,Clay-colored Sparrow,SPIZELLA PALLIDA,2,2553575,1,Song,10.10,4.31,-22.02,f,,Steve Ogle,1211,,busy with birds; some unkn ambient background noise (tractor?)
PC,925,BLAKISTON-FAN-167,214824,,-113.876753,49.064917,,,305696,2021-06-08 07:51:05,285041,Transcribed,600s,1SPT,VESP,Vesper Sparrow,POOECETES GRAMINEUS,1,2553573,1,Song,3.78,3.69,-25.61,f,,Steve Ogle,1211,,busy with birds; some unkn ambient background noise (tractor?)
PC,925,BLAKISTON-FAN-167,214824,,-113.876753,49.064917,,,305696,2021-06-08 07:51:05,285041,Transcribed,600s,1SPT,VESP,Vesper Sparrow,POOECETES GRAMINEUS,2,2553585,1,Song,9.86,4.09,-24.83,f,,Steve Ogle,1211,,busy with birds; some unkn ambient background noise (tractor?)
PC,925,BLAKISTON-FAN-167,214824,,-113.876753,49.064917,,,305696,2021-06-08 07:51:05,285041,Transcribed,600s,1SPT,VESP,Vesper Sparrow,POOECETES GRAMINEUS,3,2553592,1,Song,60.34,3.85,-20.59,f,,Steve Ogle,1211,difficult to tell which is which,busy with birds; some unkn ambient background noise (tractor?)
PC,925,BLAKISTON-FAN-167,214824,,-113.876753,49.064917,,,305696,2021-06-08 07:51:05,285041,Transcribed,600s,1SPT,AMGO,American Goldfinch,SPINUS TRISTIS,1,2553601,1,Song,217.03,3.55,-24.58,f,,Steve Ogle,1211,prob earlier,busy with birds; some unkn ambient background noise (tractor?)
PC,925,BLAKISTON-FAN-167,214824,,-113.876753,49.064917,,,305696,2021-06-08 07:51:05,285041,Transcribed,600s,1SPT,AMGO,American Goldfinch,SPINUS TRISTIS,2,2553607,1,Call,434.88,1.98,-33.75,f,,Steve Ogle,1211,,busy with birds; some unkn ambient background noise (tractor?)
PC,925,BLAKISTON-FAN-167,214824,,-113.876753,49.064917,,,305696,2021-06-08 07:51:05,285041,Transcribed,600s,1SPT,PISI,Pine Siskin,SPINUS PINUS,1,2553588,1,Call,46.80,1.91,-25.35,f,,Steve Ogle,1211,,busy with birds; some unkn ambient background noise (tractor?)
PC,925,BLAKISTON-FAN-167,214824,,-113.876753,49.064917,,,305696,2021-06-08 07:51:05,285041,Transcribed,600s,1SPT,CORA,Common Raven,CORVUS CORAX,2,2553609,1,Call,501.41,2.23,-28.4,f,,Steve Ogle,1211,,busy with birds; some unkn ambient background noise (tractor?)
PC,925,BLAKISTON-FAN-167,214824,,-113.876753,49.064917,,,305696,2021-06-08 07:51:05,285041,Transcribed,600s,1SPT,SACR,Sandhill Crane,ANTIGONE CANADENSIS,1,2553598,1,Call,103.10,3.54,-27,f,,Steve Ogle,1211,probably earlier- just didn't sound right,busy with birds; some unkn ambient background noise (tractor?)
PC,925,BLAKISTON-FAN-167,214824,,-113.876753,49.064917,,,305696,2021-06-08 07:51:05,285041,Transcribed,600s,1SPT,PISI,Pine Siskin,SPINUS PINUS,2,2553599,1,Call,120.21,4.76,-17.13,f,,Steve Ogle,1211,,busy with birds; some unkn ambient background noise (tractor?)
PC,925,BLAKISTON-FAN-167,214824,,-113.876753,49.064917,,,305696,2021-06-08 07:51:05,285041,Transcribed,600s,1SPT,BHCO,Brown-headed Cowbird,MOLOTHRUS ATER,1,2553593,1,Call,63.88,2.03,-21.07,f,,Steve Ogle,1211,,busy with birds; some unkn ambient background noise (tractor?)
PC,925,BLAKISTON-FAN-167,214824,,-113.876753,49.064917,,,305696,2021-06-08 07:51:05,285041,Transcribed,600s,1SPT,EUST,European Starling,STURNUS VULGARIS,1,2553589,1,Call,48.08,1.50,-30.2,f,,Steve Ogle,1211,,busy with birds; some unkn ambient background noise (tractor?)
PC,925,BLAKISTON-FAN-167,214824,,-113.876753,49.064917,,,305696,2021-06-08 07:51:05,285041,Transcribed,600s,1SPT,WEWP,Western Wood-Pewee,CONTOPUS SORDIDULUS,1,2553582,1,Song,26.83,2.23,-25.41,f,,Steve Ogle,1211,,busy with birds; some unkn ambient background noise (tractor?)
PC,925,BLAKISTON-FAN-167,214824,,-113.876753,49.064917,,,305696,2021-06-08 07:51:05,285041,Transcribed,600s,1SPT,WEWP,Western Wood-Pewee,CONTOPUS SORDIDULUS,2,2553591,1,Call,58.19,1.79,-19.21,f,,Steve Ogle,1211,,busy with birds; some unkn ambient background noise (tractor?)
PC,925,BLAKISTON-FAN-167,214824,,-113.876753,49.064917,,,305696,2021-06-08 07:51:05,285041,Transcribed,600s,1SPT,WEWP,Western Wood-Pewee,CONTOPUS SORDIDULUS,3,2553603,1,Song,316.05,1.95,-31.44,f,,Steve Ogle,1211,three singing together (within 10sec),busy with birds; some unkn ambient background noise (tractor?)
PC,925,BLAKISTON-FAN-167,214824,,-113.876753,49.064917,,,305696,2021-06-08 07:51:05,285041,Transcribed,600s,1SPT,WIFL,Willow Flycatcher,EMPIDONAX TRAILLII,1,2553590,1,Song,52.48,1.51,-22.88,f,,Steve Ogle,1211,,busy with birds; some unkn ambient background noise (tractor?)
PC,925,BLAKISTON-FAN-167,214824,,-113.876753,49.064917,,,305696,2021-06-08 07:51:05,285041,Transcribed,600s,1SPT,LEFL,Least Flycatcher,EMPIDONAX MINIMUS,1,2553579,1,Song,13.71,5.70,-21.76,f,,Steve Ogle,1211,,busy with birds; some unkn ambient background noise (tractor?)
PC,925,BLAKISTON-FAN-167,214824,,-113.876753,49.064917,,,305696,2021-06-08 07:51:05,285041,Transcribed,600s,1SPT,AMRE,American Redstart,SETOPHAGA RUTICILLA,1,2553594,1,Song,69.61,2.44,-20.18,f,,Steve Ogle,1211,,busy with birds; some unkn ambient background noise (tractor?)
PC,925,BLAKISTON-FAN-167,214824,,-113.876753,49.064917,,,305696,2021-06-08 07:51:05,285041,Transcribed,600s,1SPT,EAKI,Eastern Kingbird,TYRANNUS TYRANNUS,1,2553577,1,Call,6.45,0.64,-29.69,f,,Steve Ogle,1211,,busy with birds; some unkn ambient background noise (tractor?)
PC,925,BLAKISTON-FAN-167,214824,,-113.876753,49.064917,,,305696,2021-06-08 07:51:05,285041,Transcribed,600s,1SPT,EAKI,Eastern Kingbird,TYRANNUS TYRANNUS,2,2553602,1,Song,234.80,4.16,-24.9,f,,Steve Ogle,1211,,busy with birds; some unkn ambient background noise (tractor?)
PC,925,BLAKISTON-FAN-167,214824,,-113.876753,49.064917,,,305696,2021-06-08 07:51:05,285041,Transcribed,600s,1SPT,BHGR,Black-headed Grosbeak,PHEUTICUS MELANOCEPHALUS,1,2553584,1,Song,25.08,1.80,-28.67,f,,Steve Ogle,1211,,busy with birds; some unkn ambient background noise (tractor?)
PC,925,BLAKISTON-FAN-167,214824,,-113.876753,49.064917,,,305696,2021-06-08 07:51:05,285041,Transcribed,600s,1SPT,WAVI,Warbling Vireo,VIREO GILVUS,1,2553574,2,Song,3.39,2.83,-25.63,f,,Steve Ogle,1211,,busy with birds; some unkn ambient background noise (tractor?)
PC,925,BLAKISTON-FAN-167,214824,,-113.876753,49.064917,,,305696,2021-06-08 07:51:05,285041,Transcribed,600s,1SPT,CEDW,Cedar Waxwing,BOMBYCILLA CEDRORUM,1,2553583,1,Song,27.53,1.79,-32.45,f,,Steve Ogle,1211,,busy with birds; some unkn ambient background noise (tractor?)
PC,925,BLAKISTON-FAN-167,214824,,-113.876753,49.064917,,,305696,2021-06-08 07:51:05,285041,Transcribed,600s,1SPT,HOWR,House Wren,TROGLODYTES AEDON,1,2553571,1,Song,0.99,2.79,-27.68,f,,Steve Ogle,1211,,busy with birds; some unkn ambient background noise (tractor?)
PC,925,BLAKISTON-FAN-168,214826,,-113.879507,49.067305,,,305709,2021-06-08 08:19:20,285054,Transcribed,600s,1SPT,WBNU,White-breasted Nuthatch,SITTA CAROLINENSIS,1,2586209,1,Song,151.03,3.43,-33.5,f,,Steve Ogle,1211,,
PC,925,BLAKISTON-FAN-168,214826,,-113.879507,49.067305,,,305709,2021-06-08 08:19:20,285054,Transcribed,600s,1SPT,HOWR,House Wren,TROGLODYTES AEDON,3,2586172,1,Song,21.03,2.86,-31.66,f,,Steve Ogle,1211,,
PC,925,BLAKISTON-FAN-168,214826,,-113.879507,49.067305,,,305709,2021-06-08 08:19:20,285054,Transcribed,600s,1SPT,BRBL,Brewer's Blackbird,EUPHAGUS CYANOCEPHALUS,1,2586238,1,Call,581.09,6.01,-36.71,f,,Steve Ogle,1211,,
PC,925,BLAKISTON-FAN-168,214826,,-113.879507,49.067305,,,305709,2021-06-08 08:19:20,285054,Transcribed,600s,1SPT,YEWA,Yellow Warbler,SETOPHAGA PETECHIA,1,2586227,1,Song,330.69,3.14,-34.45,f,,Steve Ogle,1211,,
PC,925,BLAKISTON-FAN-168,214826,,-113.879507,49.067305,,,305709,2021-06-08 08:19:20,285054,Transcribed,600s,1SPT,WCSP,White-crowned Sparrow,ZONOTRICHIA LEUCOPHRYS,2,2586171,1,Song,19.66,2.08,-34.77,f,,Steve Ogle,1211,,
PC,925,BLAKISTON-FAN-168,214826,,-113.879507,49.067305,,,305709,2021-06-08 08:19:20,285054,Transcribed,600s,1SPT,AMRO,American Robin,TURDUS MIGRATORIUS,1,2586156,2,Song,0.00,4.29,-26.25,f,,Steve Ogle,1211,,
PC,925,BLAKISTON-FAN-168,214826,,-113.879507,49.067305,,,305709,2021-06-08 08:19:20,285054,Transcribed,600s,1SPT,WCSP,White-crowned Sparrow,ZONOTRICHIA LEUCOPHRYS,1,2586163,1,Song,12.15,3.30,-28.09,f,,Steve Ogle,1211,,
PC,925,BLAKISTON-FAN-168,214826,,-113.879507,49.067305,,,305709,2021-06-08 08:19:20,285054,Transcribed,600s,1SPT,HOWR,House Wren,TROGLODYTES AEDON,2,2586157,1,Song,3.09,2.89,-28.86,f,,Steve Ogle,1211,,
PC,925,BLAKISTON-FAN-168,214826,,-113.879507,49.067305,,,305709,2021-06-08 08:19:20,285054,Transcribed,600s,1SPT,HOWR,House Wren,TROGLODYTES AEDON,1,2586155,1,Song,0.04,2.09,-30.87,f,,Steve Ogle,1211,,
PC,925,BLAKISTON-FAN-168,214826,,-113.879507,49.067305,,,305709,2021-06-08 08:19:20,285054,Transcribed,600s,1SPT,CORA,Common Raven,CORVUS CORAX,1,2586216,1,Call,161.75,1.38,-33.12,f,,Steve Ogle,1211,,
PC,925,BLAKISTON-FAN-168,214826,,-113.879507,49.067305,,,305709,2021-06-08 08:19:20,285054,Transcribed,600s,1SPT,WCSP,White-crowned Sparrow,ZONOTRICHIA LEUCOPHRYS,3,2586173,1,Song,20.38,2.46,-36.88,f,,Steve Ogle,1211,,
PC,925,BLAKISTON-FAN-168,214826,,-113.879507,49.067305,,,305709,2021-06-08 08:19:20,285054,Transcribed,600s,1SPT,SPSA,Spotted Sandpiper,ACTITIS MACULARIUS,1,2586158,1,Call,8.85,2.89,-27.86,f,,Steve Ogle,1211,,
PC,925,BLAKISTON-FAN-168,214826,,-113.879507,49.067305,,,305709,2021-06-08 08:19:20,285054,Transcribed,600s,1SPT,EAKI,Eastern Kingbird,TYRANNUS TYRANNUS,1,2586186,1,Call,73.66,0.70,-30.96,f,,Steve Ogle,1211,,
PC,925,BLAKISTON-FAN-168,214826,,-113.879507,49.067305,,,305709,2021-06-08 08:19:20,285054,Transcribed,600s,1SPT,WEWP,Western Wood-Pewee,CONTOPUS SORDIDULUS,2,2586218,1,Song,165.84,2.53,-40.27,f,,Steve Ogle,1211,,
PC,925,BLAKISTON-FAN-168,214826,,-113.879507,49.067305,,,305709,2021-06-08 08:19:20,285054,Transcribed,600s,1SPT,WEWP,Western Wood-Pewee,CONTOPUS SORDIDULUS,1,2586181,1,Song,57.91,2.05,-33.11,f,,Steve Ogle,1211,,
PC,925,BLAKISTON-FAN-168,214826,,-113.879507,49.067305,,,305709,2021-06-08 08:19:20,285054,Transcribed,600s,1SPT,EUST,European Starling,STURNUS VULGARIS,1,2586230,3,Call,336.99,14.24,-30.11,f,,Steve Ogle,1211,,
PC,925,BLAKISTON-FAN-168,214826,,-113.879507,49.067305,,,305709,2021-06-08 08:19:20,285054,Transcribed,600s,1SPT,BHCO,Brown-headed Cowbird,MOLOTHRUS ATER,1,2586237,1,Call,544.64,2.78,-31.91,f,,Steve Ogle,1211,,
PC,925,BLAKISTON-FAN-168,214826,,-113.879507,49.067305,,,305709,2021-06-08 08:19:20,285054,Transcribed,600s,1SPT,AMCR,American Crow,CORVUS BRACHYRHYNCHOS,1,2586236,1,Call,539.96,3.10,-20.56,f,,Steve Ogle,1211,,
PC,925,BLAKISTON-FAN-168,214826,,-113.879507,49.067305,,,305709,2021-06-08 08:19:20,285054,Transcribed,600s,1SPT,PISI,Pine Siskin,SPINUS PINUS,2,2586184,2,Call,66.43,8.46,-30.06,f,,Steve Ogle,1211,,
PC,925,BLAKISTON-FAN-168,214826,,-113.879507,49.067305,,,305709,2021-06-08 08:19:20,285054,Transcribed,600s,1SPT,PISI,Pine Siskin,SPINUS PINUS,1,2586179,1,Call,53.55,1.36,-28.62,f,,Steve Ogle,1211,,
PC,925,BLAKISTON-FAN-168,214826,,-113.879507,49.067305,,,305709,2021-06-08 08:19:20,285054,Transcribed,600s,1SPT,VESP,Vesper Sparrow,POOECETES GRAMINEUS,2,2586168,2,Song,14.59,4.54,-28.55,f,,Steve Ogle,1211,,
PC,925,BLAKISTON-FAN-168,214826,,-113.879507,49.067305,,,305709,2021-06-08 08:19:20,285054,Transcribed,600s,1SPT,VESP,Vesper Sparrow,POOECETES GRAMINEUS,1,2586165,1,Song,11.33,2.94,-28.21,f,,Steve Ogle,1211,,
PC,925,BLAKISTON-FAN-168,214826,,-113.879507,49.067305,,,305709,2021-06-08 08:19:20,285054,Transcribed,600s,1SPT,CCSP,Clay-colored Sparrow,SPIZELLA PALLIDA,1,2586176,1,Song,23.73,5.04,-29.92,f,,Steve Ogle,1211,,
PC,925,BLAKISTON-FAN-168,214826,,-113.879507,49.067305,,,305709,2021-06-08 08:19:20,285054,Transcribed,600s,1SPT,SAVS,Savannah Sparrow,PASSERCULUS SANDWICHENSIS,1,2586182,1,Song,60.10,1.81,-38.38,f,,Steve Ogle,1211,,
PC,925,BLAKISTON-FAN-168,214826,,-113.879507,49.067305,,,305709,2021-06-08 08:19:20,285054,Transcribed,600s,1SPT,RWBL,Red-winged Blackbird,AGELAIUS PHOENICEUS,1,2586160,1,Song,6.64,1.75,-31.43,f,,Steve Ogle,1211,,
PC,925,BLAKISTON-FAN-168,214826,,-113.879507,49.067305,,,305709,2021-06-08 08:19:20,285054,Transcribed,600s,1SPT,WEME,Western Meadowlark,STURNELLA NEGLECTA,1,2586178,1,Song,42.23,2.38,-26.48,f,,Steve Ogle,1211,,
PC,925,BLAKISTON-FAN-168,214826,,-113.879507,49.067305,,,305709,2021-06-08 08:19:20,285054,Transcribed,600s,1SPT,LAZB,Lazuli Bunting,PASSERINA AMOENA,1,2586189,1,Song,102.49,4.14,-32.31,f,,Steve Ogle,1211,,
PC,925,BLAKISTON-FAN-169,214823,,-113.877718,49.070948,,,305710,2021-06-08 08:46:15,285055,Transcribed,600s,1SPT,WCSP,White-crowned Sparrow,ZONOTRICHIA LEUCOPHRYS,1,2598162,1,Song,114.41,3.05,-34.18,f,,Steve Ogle,1211,,possibly a creek; gusty wind
PC,925,BLAKISTON-FAN-169,214823,,-113.877718,49.070948,,,305710,2021-06-08 08:46:15,285055,Transcribed,600s,1SPT,BRBL,Brewer's Blackbird,EUPHAGUS CYANOCEPHALUS,1,2598082,1,Call,34.66,7.65,-20.81,f,,Steve Ogle,1211,Thought was RWBL at first; difficult,possibly a creek; gusty wind
PC,925,BLAKISTON-FAN-169,214823,,-113.877718,49.070948,,,305710,2021-06-08 08:46:15,285055,Transcribed,600s,1SPT,BRBL,Brewer's Blackbird,EUPHAGUS CYANOCEPHALUS,2,2598170,1,Call,206.71,12.03,-18.33,f,,Steve Ogle,1211,,possibly a creek; gusty wind
PC,925,BLAKISTON-FAN-169,214823,,-113.877718,49.070948,,,305710,2021-06-08 08:46:15,285055,Transcribed,600s,1SPT,BRBL,Brewer's Blackbird,EUPHAGUS CYANOCEPHALUS,3,2598171,1,Song,249.38,3.00,-32.05,f,,Steve Ogle,1211,Middle note between BHCO,possibly a creek; gusty wind
PC,925,BLAKISTON-FAN-169,214823,,-113.877718,49.070948,,,305710,2021-06-08 08:46:15,285055,Transcribed,600s,1SPT,SAVS,Savannah Sparrow,PASSERCULUS SANDWICHENSIS,1,2598088,1,Song,49.75,2.34,-40.69,f,,Steve Ogle,1211,probably calling earlier,possibly a creek; gusty wind
PC,925,BLAKISTON-FAN-169,214823,,-113.877718,49.070948,,,305710,2021-06-08 08:46:15,285055,Transcribed,600s,1SPT,SAVS,Savannah Sparrow,PASSERCULUS SANDWICHENSIS,2,2598186,1,Song,496.86,1.98,-39.89,f,,Steve Ogle,1211,,possibly a creek; gusty wind
PC,925,BLAKISTON-FAN-169,214823,,-113.877718,49.070948,,,305710,2021-06-08 08:46:15,285055,Transcribed,600s,1SPT,VESP,Vesper Sparrow,POOECETES GRAMINEUS,1,2598074,1,Song,4.29,4.10,-33.3,f,,Steve Ogle,1211,,possibly a creek; gusty wind
PC,925,BLAKISTON-FAN-169,214823,,-113.877718,49.070948,,,305710,2021-06-08 08:46:15,285055,Transcribed,600s,1SPT,VESP,Vesper Sparrow,POOECETES GRAMINEUS,2,2598076,1,Song,6.71,3.83,-32.53,f,,Steve Ogle,1211,,possibly a creek; gusty wind
PC,925,BLAKISTON-FAN-169,214823,,-113.877718,49.070948,,,305710,2021-06-08 08:46:15,285055,Transcribed,600s,1SPT,VESP,Vesper Sparrow,POOECETES GRAMINEUS,3,2598077,1,Song,9.14,4.11,-25.93,f,,Steve Ogle,1211,seems like 4 or 5 going,possibly a creek; gusty wind
PC,925,BLAKISTON-FAN-169,214823,,-113.877718,49.070948,,,305710,2021-06-08 08:46:15,285055,Transcribed,600s,1SPT,AMGO,American Goldfinch,SPINUS TRISTIS,1,2598090,1,Call,45.19,1.91,-38.98,f,,Steve Ogle,1211,,possibly a creek; gusty wind
PC,925,BLAKISTON-FAN-169,214823,,-113.877718,49.070948,,,305710,2021-06-08 08:46:15,285055,Transcribed,600s,1SPT,PISI,Pine Siskin,SPINUS PINUS,1,2598183,1,Call,487.53,1.13,-33.39,f,,Steve Ogle,1211,,possibly a creek; gusty wind
PC,925,BLAKISTON-FAN-169,214823,,-113.877718,49.070948,,,305710,2021-06-08 08:46:15,285055,Transcribed,600s,1SPT,AMCR,American Crow,CORVUS BRACHYRHYNCHOS,1,2598167,1,Call,178.28,4.31,-20.26,f,,Steve Ogle,1211,,possibly a creek; gusty wind
PC,925,BLAKISTON-FAN-169,214823,,-113.877718,49.070948,,,305710,2021-06-08 08:46:15,285055,Transcribed,600s,1SPT,AMCR,American Crow,CORVUS BRACHYRHYNCHOS,2,2598180,1,Call,288.86,2.31,-21.24,f,,Steve Ogle,1211,,possibly a creek; gusty wind
PC,925,BLAKISTON-FAN-169,214823,,-113.877718,49.070948,,,305710,2021-06-08 08:46:15,285055,Transcribed,600s,1SPT,AMCR,American Crow,CORVUS BRACHYRHYNCHOS,3,2598182,TMTT,Call,319.20,8.39,-16.56,f,,Steve Ogle,1211,,possibly a creek; gusty wind
PC,925,BLAKISTON-FAN-169,214823,,-113.877718,49.070948,,,305710,2021-06-08 08:46:15,285055,Transcribed,600s,1SPT,BHCO,Brown-headed Cowbird,MOLOTHRUS ATER,1,2598177,1,Song,247.56,6.46,-20.56,f,,Steve Ogle,1211,,possibly a creek; gusty wind
PC,925,BLAKISTON-FAN-169,214823,,-113.877718,49.070948,,,305710,2021-06-08 08:46:15,285055,Transcribed,600s,1SPT,SPSA,Spotted Sandpiper,ACTITIS MACULARIUS,1,2598165,1,Call,153.78,4.86,-34.43,f,,Steve Ogle,1211,,possibly a creek; gusty wind
PC,925,BLAKISTON-FAN-169,214823,,-113.877718,49.070948,,,305710,2021-06-08 08:46:15,285055,Transcribed,600s,1SPT,AMRO,American Robin,TURDUS MIGRATORIUS,1,2598078,1,Call,18.51,1.78,-38.05,f,,Steve Ogle,1211,,possibly a creek; gusty wind
PC,925,BLAKISTON-FAN-169,214823,,-113.877718,49.070948,,,305710,2021-06-08 08:46:15,285055,Transcribed,600s,1SPT,AMRO,American Robin,TURDUS MIGRATORIUS,2,2598157,1,Song,87.56,5.00,-13.99,f,,Steve Ogle,1211,,possibly a creek; gusty wind
PC,925,BLAKISTON-FAN-169,214823,,-113.877718,49.070948,,,305710,2021-06-08 08:46:15,285055,Transcribed,600s,1SPT,AMPI,American Pipit,ANTHUS RUBESCENS,1,2598155,1,Call,52.26,14.68,-23.01,f,,Steve Ogle,1211,Not sure why a pipit is down low (?) - maybe snow up high?,possibly a creek; gusty wind
PC,925,CAMERON-LAKE-1,214820,,-114.041039,49.015817,,,305550,2021-06-28 05:07:00,284895,Transcribed,600s,1SPT,AMRO,American Robin,TURDUS MIGRATORIUS,2,2553232,1,Call,506.04,3.64,-20.55,f,,Steve Ogle,1211,,
PC,925,CAMERON-LAKE-1,214820,,-114.041039,49.015817,,,305550,2021-06-28 05:07:00,284895,Transcribed,600s,1SPT,VATH,Varied Thrush,IXOREUS NAEVIUS,1,2553204,1,Song,6.43,2.20,-24.79,f,,Steve Ogle,1211,,
PC,925,CAMERON-LAKE-1,214820,,-114.041039,49.015817,,,305550,2021-06-28 05:07:00,284895,Transcribed,600s,1SPT,PAWR,Pacific Wren,TROGLODYTES PACIFICUS,2,2553208,1,Song,6.76,8.80,-23.95,f,,Steve Ogle,1211,,
PC,925,CAMERON-LAKE-1,214820,,-114.041039,49.015817,,,305550,2021-06-28 05:07:00,284895,Transcribed,600s,1SPT,PAWR,Pacific Wren,TROGLODYTES PACIFICUS,1,2553198,1,Song,0.01,7.81,-24.34,f,,Steve Ogle,1211,,
PC,925,CAMERON-LAKE-1,214820,,-114.041039,49.015817,,,305550,2021-06-28 05:07:00,284895,Transcribed,600s,1SPT,AMRO,American Robin,TURDUS MIGRATORIUS,1,2553231,1,Song,464.45,11.58,-23.45,f,,Steve Ogle,1211,probably earlier,
PC,925,CAMERON-LAKE-1,214820,,-114.041039,49.015817,,,305550,2021-06-28 05:07:00,284895,Transcribed,600s,1SPT,PISI,Pine Siskin,SPINUS PINUS,1,2553221,1,Call,182.84,3.91,-23.01,f,,Steve Ogle,1211,,
PC,925,CAMERON-LAKE-1,214820,,-114.041039,49.015817,,,305550,2021-06-28 05:07:00,284895,Transcribed,600s,1SPT,OSFL,Olive-sided Flycatcher,CONTOPUS COOPERI,2,2553211,1,Song,20.70,1.15,-25.8,f,,Steve Ogle,1211,not audible,
PC,925,CAMERON-LAKE-1,214820,,-114.041039,49.015817,,,305550,2021-06-28 05:07:00,284895,Transcribed,600s,1SPT,OSFL,Olive-sided Flycatcher,CONTOPUS COOPERI,1,2553207,1,Song,12.79,1.33,-27.2,f,,Steve Ogle,1211,,
PC,925,CAMERON-LAKE-1,214820,,-114.041039,49.015817,,,305550,2021-06-28 05:07:00,284895,Transcribed,600s,1SPT,GCKI,Golden-crowned Kinglet,REGULUS SATRAPA,2,2553214,1,Song,11.39,2.91,-26.66,f,,Steve Ogle,1211,,
PC,925,CAMERON-LAKE-1,214820,,-114.041039,49.015817,,,305550,2021-06-28 05:07:00,284895,Transcribed,600s,1SPT,GCKI,Golden-crowned Kinglet,REGULUS SATRAPA,1,2553191,1,Song,0.04,2.43,-28.43,f,,Steve Ogle,1211,,
PC,925,CAMERON-LAKE-1,214820,,-114.041039,49.015817,,,305550,2021-06-28 05:07:00,284895,Transcribed,600s,1SPT,WETA,Western Tanager,PIRANGA LUDOVICIANA,1,2553225,1,Song,9.33,3.25,-24.38,f,,Steve Ogle,1211,obscured,
PC,925,CAMERON-LAKE-1,214820,,-114.041039,49.015817,,,305550,2021-06-28 05:07:00,284895,Transcribed,600s,1SPT,WIWA,Wilson's Warbler,CARDELLINA PUSILLA,1,2553229,1,Song,419.13,2.45,-23.7,f,,Steve Ogle,1211,could have been earlier but obscured by constant PAWR song(s),
PC,925,CAMERON-LAKE-1,214820,,-114.041039,49.015817,,,305550,2021-06-28 05:07:00,284895,Transcribed,600s,1SPT,VATH,Varied Thrush,IXOREUS NAEVIUS,2,2553205,1,Song,9.90,2.00,-26.64,f,,Steve Ogle,1211,,
PC,925,CAMERON-LAKE-1,214820,,-114.041039,49.015817,,,305550,2021-06-28 05:07:00,284895,Transcribed,600s,1SPT,VATH,Varied Thrush,IXOREUS NAEVIUS,3,2553218,1,Song,62.61,2.16,-33.26,f,,Steve Ogle,1211,,
PC,925,CAMERON-LAKE-1,214820,,-114.041039,49.015817,,,305550,2021-06-28 05:07:00,284895,Transcribed,600s,1SPT,SWTH,Swainson's Thrush,CATHARUS USTULATUS,1,2553193,1,Song,0.50,2.43,-25.61,f,,Steve Ogle,1211,,
PC,925,CAMERON-LAKE-1,214820,,-114.041039,49.015817,,,305550,2021-06-28 05:07:00,284895,Transcribed,600s,1SPT,SWTH,Swainson's Thrush,CATHARUS USTULATUS,2,2553200,1,Song,4.04,1.61,-26.32,f,,Steve Ogle,1211,,
PC,925,CAMERON-LAKE-1,214820,,-114.041039,49.015817,,,305550,2021-06-28 05:07:00,284895,Transcribed,600s,1SPT,SWTH,Swainson's Thrush,CATHARUS USTULATUS,3,2553203,1,Song,5.46,2.06,-24.7,f,,Steve Ogle,1211,,
PC,925,CAMERON-LAKE-124,214822,,-114.035447,49.014855,,,305551,2021-06-28 07:09:20,284896,Transcribed,600s,1SPT,VATH,Varied Thrush,IXOREUS NAEVIUS,1,2550123,1,Song,5.44,2.39,-37.57,f,,Steve Ogle,1211,,
PC,925,CAMERON-LAKE-124,214822,,-114.035447,49.014855,,,305551,2021-06-28 07:09:20,284896,Transcribed,600s,1SPT,YRWA,Yellow-rumped Warbler,SETOPHAGA CORONATA,1,2550134,1,Song,435.48,2.24,-39.51,f,,Steve Ogle,1211,,
PC,925,CAMERON-LAKE-124,214822,,-114.035447,49.014855,,,305551,2021-06-28 07:09:20,284896,Transcribed,600s,1SPT,HETH,Hermit Thrush,CATHARUS GUTTATUS,2,2550130,1,Song,306.69,1.49,-38.27,f,,Steve Ogle,1211,,
PC,925,CAMERON-LAKE-124,214822,,-114.035447,49.014855,,,305551,2021-06-28 07:09:20,284896,Transcribed,600s,1SPT,MGWA,MacGillivray's Warbler,GEOTHLYPIS TOLMIEI,3,2550126,1,Song,69.86,2.89,-35.91,f,,Steve Ogle,1211,,
PC,925,CAMERON-LAKE-124,214822,,-114.035447,49.014855,,,305551,2021-06-28 07:09:20,284896,Transcribed,600s,1SPT,OSFL,Olive-sided Flycatcher,CONTOPUS COOPERI,1,2550124,1,Song,7.64,1.64,-36.23,f,,Steve Ogle,1211,,
PC,925,CAMERON-LAKE-124,214822,,-114.035447,49.014855,,,305551,2021-06-28 07:09:20,284896,Transcribed,600s,1SPT,USHU,Unidentified Selasphorus Hummingbird,SELASPHORUS,1,2550129,1,Non-vocal,224.86,7.19,-27.3,f,,Steve Ogle,1211,wingbeats,
PC,925,CAMERON-LAKE-124,214822,,-114.035447,49.014855,,,305551,2021-06-28 07:09:20,284896,Transcribed,600s,1SPT,CHSP,Chipping Sparrow,SPIZELLA PASSERINA,1,2550122,1,Song,4.98,2.53,-33.92,f,,Steve Ogle,1211,,
PC,925,CAMERON-LAKE-124,214822,,-114.035447,49.014855,,,305551,2021-06-28 07:09:20,284896,Transcribed,600s,1SPT,PISI,Pine Siskin,SPINUS PINUS,1,2550141,2,Call,542.10,6.04,-36.29,f,,Steve Ogle,1211,,
PC,925,CAMERON-LAKE-124,214822,,-114.035447,49.014855,,,305551,2021-06-28 07:09:20,284896,Transcribed,600s,1SPT,HETH,Hermit Thrush,CATHARUS GUTTATUS,1,2550128,1,Song,206.15,2.40,-36.87,f,,Steve Ogle,1211,,
PC,925,CAMERON-LAKE-124,214822,,-114.035447,49.014855,,,305551,2021-06-28 07:09:20,284896,Transcribed,600s,1SPT,MGWA,MacGillivray's Warbler,GEOTHLYPIS TOLMIEI,2,2550121,1,Song,3.43,2.30,-36.31,f,,Steve Ogle,1211,,
PC,925,CAMERON-LAKE-124,214822,,-114.035447,49.014855,,,305551,2021-06-28 07:09:20,284896,Transcribed,600s,1SPT,MGWA,MacGillivray's Warbler,GEOTHLYPIS TOLMIEI,1,2550120,1,Song,1.48,2.55,-33.67,f,,Steve Ogle,1211,,
PC,925,CAMERON-LAKE-124,214822,,-114.035447,49.014855,,,305551,2021-06-28 07:09:20,284896,Transcribed,600s,1SPT,VATH,Varied Thrush,IXOREUS NAEVIUS,2,2550125,1,Song,14.21,2.86,-24.87,f,,Steve Ogle,1211,,
PC,925,CAMERON-LAKE-124,214822,,-114.035447,49.014855,,,305551,2021-06-28 07:09:20,284896,Transcribed,600s,1SPT,PAWR,Pacific Wren,TROGLODYTES PACIFICUS,1,2550127,1,Song,96.98,6.84,-35.7,f,,Steve Ogle,1211,,
PC,925,CAMERON-LAKE-3,214821,,-114.037593,49.017411,,,305564,2021-06-28 05:26:45,284909,Transcribed,600s,1SPT,PISI,Pine Siskin,SPINUS PINUS,2,2575115,1,Call,137.96,1.86,-39.18,f,,Steve Ogle,1211,,creek
PC,925,CAMERON-LAKE-3,214821,,-114.037593,49.017411,,,305564,2021-06-28 05:26:45,284909,Transcribed,600s,1SPT,SWTH,Swainson's Thrush,CATHARUS USTULATUS,2,2575144,1,Song,249.30,2.59,-37.17,f,,Steve Ogle,1211,,creek
PC,925,CAMERON-LAKE-3,214821,,-114.037593,49.017411,,,305564,2021-06-28 05:26:45,284909,Transcribed,600s,1SPT,SWTH,Swainson's Thrush,CATHARUS USTULATUS,1,2575124,1,Song,121.28,2.20,-37.45,f,,Steve Ogle,1211,,creek
PC,925,CAMERON-LAKE-3,214821,,-114.037593,49.017411,,,305564,2021-06-28 05:26:45,284909,Transcribed,600s,1SPT,VATH,Varied Thrush,IXOREUS NAEVIUS,1,2575175,1,Song,220.40,3.08,-39.55,f,,Steve Ogle,1211,,creek
PC,925,CAMERON-LAKE-3,214821,,-114.037593,49.017411,,,305564,2021-06-28 05:26:45,284909,Transcribed,600s,1SPT,PAWR,Pacific Wren,TROGLODYTES PACIFICUS,1,2575090,1,Song,5.70,2.80,-43.08,f,,Steve Ogle,1211,,creek
PC,925,CAMERON-LAKE-3,214821,,-114.037593,49.017411,,,305564,2021-06-28 05:26:45,284909,Transcribed,600s,1SPT,RESQ,Red Squirrel,TAMIASCIURUS HUDSONICUS,2,2575187,1,Call,519.58,3.76,-41.32,f,,Steve Ogle,1211,,creek
PC,925,CAMERON-LAKE-3,214821,,-114.037593,49.017411,,,305564,2021-06-28 05:26:45,284909,Transcribed,600s,1SPT,RESQ,Red Squirrel,TAMIASCIURUS HUDSONICUS,1,2575148,1,Call,260.60,4.73,-32.49,f,,Steve Ogle,1211,,creek
PC,925,CAMERON-LAKE-3,214821,,-114.037593,49.017411,,,305564,2021-06-28 05:26:45,284909,Transcribed,600s,1SPT,YRWA,Yellow-rumped Warbler,SETOPHAGA CORONATA,2,2575109,1,Song,43.43,1.90,-39.04,f,,Steve Ogle,1211,,creek
PC,925,CAMERON-LAKE-3,214821,,-114.037593,49.017411,,,305564,2021-06-28 05:26:45,284909,Transcribed,600s,1SPT,YRWA,Yellow-rumped Warbler,SETOPHAGA CORONATA,1,2575078,1,Song,0.08,1.51,-41.75,f,,Steve Ogle,1211,,creek
PC,925,CAMERON-LAKE-3,214821,,-114.037593,49.017411,,,305564,2021-06-28 05:26:45,284909,Transcribed,600s,1SPT,HETH,Hermit Thrush,CATHARUS GUTTATUS,1,2575168,1,Song,303.01,2.20,-40.38,f,,Steve Ogle,1211,,creek
PC,925,CAMERON-LAKE-3,214821,,-114.037593,49.017411,,,305564,2021-06-28 05:26:45,284909,Transcribed,600s,1SPT,TOWA,Townsend's Warbler,SETOPHAGA TOWNSENDI,2,2575157,1,Song,188.00,3.69,-40.03,f,,Steve Ogle,1211,,creek
PC,925,CAMERON-LAKE-3,214821,,-114.037593,49.017411,,,305564,2021-06-28 05:26:45,284909,Transcribed,600s,1SPT,TOWA,Townsend's Warbler,SETOPHAGA TOWNSENDI,1,2575075,1,Song,3.19,2.63,-42.68,f,,Steve Ogle,1211,,creek
PC,925,CAMERON-LAKE-3,214821,,-114.037593,49.017411,,,305564,2021-06-28 05:26:45,284909,Transcribed,600s,1SPT,RBNU,Red-breasted Nuthatch,SITTA CANADENSIS,1,2575093,1,Call,14.38,3.49,-38.86,f,,Steve Ogle,1211,,creek
PC,925,CAMERON-LAKE-3,214821,,-114.037593,49.017411,,,305564,2021-06-28 05:26:45,284909,Transcribed,600s,1SPT,BRCR,Brown Creeper,CERTHIA AMERICANA,1,2575102,1,Song,10.71,2.48,-42.8,f,,Steve Ogle,1211,,creek
PC,925,CAMERON-LAKE-3,214821,,-114.037593,49.017411,,,305564,2021-06-28 05:26:45,284909,Transcribed,600s,1SPT,PISI,Pine Siskin,SPINUS PINUS,3,2575117,1,Call,152.65,4.66,-35.93,f,,Steve Ogle,1211,,creek
PC,925,CAMERON-LAKE-3,214821,,-114.037593,49.017411,,,305564,2021-06-28 05:26:45,284909,Transcribed,600s,1SPT,PISI,Pine Siskin,SPINUS PINUS,1,2575087,1,Call,10.55,3.01,-38.87,f,,Steve Ogle,1211,,creek
PC,925,CAMERON-LAKE-3,214821,,-114.037593,49.017411,,,305564,2021-06-28 05:26:45,284909,Transcribed,600s,1SPT,OSFL,Olive-sided Flycatcher,CONTOPUS COOPERI,2,2575130,1,Song,182.59,1.69,-38.3,f,,Steve Ogle,1211,,creek
PC,925,CAMERON-LAKE-3,214821,,-114.037593,49.017411,,,305564,2021-06-28 05:26:45,284909,Transcribed,600s,1SPT,OSFL,Olive-sided Flycatcher,CONTOPUS COOPERI,1,2575086,1,Song,4.93,1.19,-41.33,f,,Steve Ogle,1211,,creek
PC,925,CAMERON-LAKE-3,214821,,-114.037593,49.017411,,,305564,2021-06-28 05:26:45,284909,Transcribed,600s,1SPT,GCKI,Golden-crowned Kinglet,REGULUS SATRAPA,2,2575138,1,Song,7.65,4.33,-43.07,f,,Steve Ogle,1211,,creek
PC,925,CAMERON-LAKE-3,214821,,-114.037593,49.017411,,,305564,2021-06-28 05:26:45,284909,Transcribed,600s,1SPT,GCKI,Golden-crowned Kinglet,REGULUS SATRAPA,1,2575074,2,Song,0.16,5.46,-42.08,f,,Steve Ogle,1211,,creek
PC,925,CAMERON-LAKE-3,214821,,-114.037593,49.017411,,,305564,2021-06-28 05:26:45,284909,Transcribed,600s,1SPT,WETA,Western Tanager,PIRANGA LUDOVICIANA,1,2575082,1,Song,0.08,4.08,-40.85,f,,Steve Ogle,1211,,creek
PC,925,CAMERON-LAKE-3,214821,,-114.037593,49.017411,,,305564,2021-06-28 05:26:45,284909,Transcribed,600s,1SPT,NOWA,Northern Waterthrush,PARKESIA NOVEBORACENSIS,1,2575185,1,Song,536.53,3.54,-40.56,f,,Steve Ogle,1211,,creek
PC,925,CAMERON-LAKE-4,214819,,-114.036190,49.018914,,,305565,2021-06-28 05:50:30,284910,Transcribed,600s,1SPT,NOWA,Northern Waterthrush,PARKESIA NOVEBORACENSIS,1,2579234,1,Song,127.73,2.75,-33.36,f,,Steve Ogle,1211,,loud creek
PC,925,CAMERON-LAKE-4,214819,,-114.036190,49.018914,,,305565,2021-06-28 05:50:30,284910,Transcribed,600s,1SPT,SWTH,Swainson's Thrush,CATHARUS USTULATUS,1,2579173,1,Song,3.26,1.94,-34.08,f,,Steve Ogle,1211,,loud creek
PC,925,CAMERON-LAKE-4,214819,,-114.036190,49.018914,,,305565,2021-06-28 05:50:30,284910,Transcribed,600s,1SPT,WETA,Western Tanager,PIRANGA LUDOVICIANA,1,2579192,1,Song,19.68,3.11,-30.16,f,,Steve Ogle,1211,,loud creek
PC,925,CAMERON-LAKE-4,214819,,-114.036190,49.018914,,,305565,2021-06-28 05:50:30,284910,Transcribed,600s,1SPT,WIWA,Wilson's Warbler,CARDELLINA PUSILLA,1,2579267,1,Song,176.03,2.34,-33.8,f,,Steve Ogle,1211,,loud creek
PC,925,CAMERON-LAKE-4,214819,,-114.036190,49.018914,,,305565,2021-06-28 05:50:30,284910,Transcribed,600s,1SPT,FOSP,Fox Sparrow,PASSERELLA ILIACA,1,2579257,1,Song,383.89,3.34,-30.8,f,,Steve Ogle,1211,,loud creek
PC,925,CAMERON-LAKE-4,214819,,-114.036190,49.018914,,,305565,2021-06-28 05:50:30,284910,Transcribed,600s,1SPT,WEFL,Western Flycatcher,EMPIDONAX DIFFICILIS,1,2579251,1,Song,301.10,4.26,-32.58,f,,Steve Ogle,1211,Grouping just to be safe. ,loud creek
PC,925,CAMERON-LAKE-4,214819,,-114.036190,49.018914,,,305565,2021-06-28 05:50:30,284910,Transcribed,600s,1SPT,DEJU,Dark-eyed Junco,JUNCO HYEMALIS,1,2579163,2,Song,0.74,4.49,-35.91,f,,Steve Ogle,1211,"",loud creek
PC,925,CAMERON-LAKE-4,214819,,-114.036190,49.018914,,,305565,2021-06-28 05:50:30,284910,Transcribed,600s,1SPT,CAVI,Cassin's Vireo,VIREO CASSINII,1,2579262,1,Song,558.18,1.45,-32.18,f,,Steve Ogle,1211,disguised in the WETA song,loud creek
PC,925,CAMERON-LAKE-4,214819,,-114.036190,49.018914,,,305565,2021-06-28 05:50:30,284910,Transcribed,600s,1SPT,UNWO,Unidentified Woodpecker,"",1,2579200,1,Non-vocal,25.08,1.60,-30.25,f,,Steve Ogle,1211,tapping;  a small chance this could be RBNU right beside mic,loud creek
PC,925,CAMERON-LAKE-4,214819,,-114.036190,49.018914,,,305565,2021-06-28 05:50:30,284910,Transcribed,600s,1SPT,RBNU,Red-breasted Nuthatch,SITTA CANADENSIS,1,2579201,1,Call,36.28,3.15,-33.38,f,,Steve Ogle,1211,,loud creek
PC,925,CAMERON-LAKE-4,214819,,-114.036190,49.018914,,,305565,2021-06-28 05:50:30,284910,Transcribed,600s,1SPT,VATH,Varied Thrush,IXOREUS NAEVIUS,1,2579160,1,Song,0.09,1.25,-35.32,f,,Steve Ogle,1211,,loud creek
PC,925,CAMERON-LAKE-4,214819,,-114.036190,49.018914,,,305565,2021-06-28 05:50:30,284910,Transcribed,600s,1SPT,PAWR,Pacific Wren,TROGLODYTES PACIFICUS,1,2579190,1,Song,14.59,5.58,-34.23,f,,Steve Ogle,1211,,loud creek
PC,925,CAMERON-LAKE-4,214819,,-114.036190,49.018914,,,305565,2021-06-28 05:50:30,284910,Transcribed,600s,1SPT,YRWA,Yellow-rumped Warbler,SETOPHAGA CORONATA,1,2579238,1,Song,156.09,1.70,-38.36,f,,Steve Ogle,1211,,loud creek
PC,925,CAMERON-LAKE-4,214819,,-114.036190,49.018914,,,305565,2021-06-28 05:50:30,284910,Transcribed,600s,1SPT,HETH,Hermit Thrush,CATHARUS GUTTATUS,1,2579242,1,Call,208.38,5.20,-30.34,f,,Steve Ogle,1211,,loud creek
PC,925,CAMERON-LAKE-4,214819,,-114.036190,49.018914,,,305565,2021-06-28 05:50:30,284910,Transcribed,600s,1SPT,AMRO,American Robin,TURDUS MIGRATORIUS,1,2579207,1,Song,39.93,3.38,-29.71,f,,Steve Ogle,1211,,loud creek
PC,925,CAMERON-LAKE-4,214819,,-114.036190,49.018914,,,305565,2021-06-28 05:50:30,284910,Transcribed,600s,1SPT,VGSW,Violet-green Swallow,TACHYCINETA THALASSINA,1,2579187,1,Call,12.09,2.71,-35.34,f,,Steve Ogle,1211,pretty sure,loud creek
PC,925,CAMERON-LAKE-4,214819,,-114.036190,49.018914,,,305565,2021-06-28 05:50:30,284910,Transcribed,600s,1SPT,BRCR,Brown Creeper,CERTHIA AMERICANA,1,2579220,1,Call,76.56,2.66,-36.97,f,,Steve Ogle,1211,,loud creek
PC,925,CAMERON-LAKE-4,214819,,-114.036190,49.018914,,,305565,2021-06-28 05:50:30,284910,Transcribed,600s,1SPT,WWCR,White-winged Crossbill,LOXIA LEUCOPTERA,1,2579179,1,Call,5.11,3.23,-24.84,f,,Steve Ogle,1211,,loud creek
PC,925,CAMERON-LAKE-4,214819,,-114.036190,49.018914,,,305565,2021-06-28 05:50:30,284910,Transcribed,600s,1SPT,PISI,Pine Siskin,SPINUS PINUS,1,2579259,1,Call,409.41,2.58,-30.51,f,,Steve Ogle,1211,,loud creek
PC,925,CAMERON-LAKE-4,214819,,-114.036190,49.018914,,,305565,2021-06-28 05:50:30,284910,Transcribed,600s,1SPT,CHSP,Chipping Sparrow,SPIZELLA PASSERINA,1,2579180,1,Song,5.53,2.60,-39.94,f,,Steve Ogle,1211,,loud creek
PC,925,CAMERON-LAKE-4,214819,,-114.036190,49.018914,,,305565,2021-06-28 05:50:30,284910,Transcribed,600s,1SPT,USHU,Unidentified Selasphorus Hummingbird,SELASPHORUS,1,2579175,1,Non-vocal,4.54,1.78,-30.9,f,,Steve Ogle,1211,,loud creek
PC,925,CAMERON-LAKE-4,214819,,-114.036190,49.018914,,,305565,2021-06-28 05:50:30,284910,Transcribed,600s,1SPT,OSFL,Olive-sided Flycatcher,CONTOPUS COOPERI,2,2579246,1,Song,230.35,1.95,-33.87,f,,Steve Ogle,1211,,loud creek
PC,925,CAMERON-LAKE-4,214819,,-114.036190,49.018914,,,305565,2021-06-28 05:50:30,284910,Transcribed,600s,1SPT,OSFL,Olive-sided Flycatcher,CONTOPUS COOPERI,1,2579169,1,Song,4.36,1.78,-32.05,f,,Steve Ogle,1211,,loud creek
PC,925,CAMERON-LAKE-4,214819,,-114.036190,49.018914,,,305565,2021-06-28 05:50:30,284910,Transcribed,600s,1SPT,MGWA,MacGillivray's Warbler,GEOTHLYPIS TOLMIEI,1,2579230,1,Song,102.09,1.95,-32.09,f,,Steve Ogle,1211,,loud creek
PC,925,CAMERON-LAKE-4,214819,,-114.036190,49.018914,,,305565,2021-06-28 05:50:30,284910,Transcribed,600s,1SPT,SWTH,Swainson's Thrush,CATHARUS USTULATUS,2,2579214,1,Song,53.01,2.25,-29.83,f,,Steve Ogle,1211,,loud creek
PC,925,CAMERON-LAKE-5,214818,,-114.034569,49.020411,,,305566,2021-06-28 06:14:15,284911,Transcribed,600s,1SPT,DEJU,Dark-eyed Junco,JUNCO HYEMALIS,1,2556814,1,Song,251.35,4.26,-24.88,f,,Steve Ogle,1211,,river
PC,925,CAMERON-LAKE-5,214818,,-114.034569,49.020411,,,305566,2021-06-28 06:14:15,284911,Transcribed,600s,1SPT,USHU,Unidentified Selasphorus Hummingbird,SELASPHORUS,1,2556828,1,Non-vocal,402.59,2.01,-28.16,f,,Steve Ogle,1211,brief wingbeats,river
PC,925,CAMERON-LAKE-5,214818,,-114.034569,49.020411,,,305566,2021-06-28 06:14:15,284911,Transcribed,600s,1SPT,OSFL,Olive-sided Flycatcher,CONTOPUS COOPERI,1,2556791,1,Song,13.81,2.60,-24.51,f,,Steve Ogle,1211,,river
PC,925,CAMERON-LAKE-5,214818,,-114.034569,49.020411,,,305566,2021-06-28 06:14:15,284911,Transcribed,600s,1SPT,MGWA,MacGillivray's Warbler,GEOTHLYPIS TOLMIEI,1,2556794,1,Song,24.65,3.08,-25.47,f,,Steve Ogle,1211,,river
PC,925,CAMERON-LAKE-6,214816,,-114.035145,49.017160,,,305567,2021-06-28 06:41:25,284912,Transcribed,600s,1SPT,HETH,Hermit Thrush,CATHARUS GUTTATUS,2,2571747,1,Song,146.94,2.30,-35.05,f,,Steve Ogle,1211,,creek
PC,925,CAMERON-LAKE-6,214816,,-114.035145,49.017160,,,305567,2021-06-28 06:41:25,284912,Transcribed,600s,1SPT,NOWA,Northern Waterthrush,PARKESIA NOVEBORACENSIS,1,2571750,1,Song,85.38,2.40,-35.14,f,,Steve Ogle,1211,,creek
PC,925,CAMERON-LAKE-6,214816,,-114.035145,49.017160,,,305567,2021-06-28 06:41:25,284912,Transcribed,600s,1SPT,GCKI,Golden-crowned Kinglet,REGULUS SATRAPA,1,2571741,1,Song,22.13,2.40,-38.76,f,,Steve Ogle,1211,,creek
PC,925,CAMERON-LAKE-6,214816,,-114.035145,49.017160,,,305567,2021-06-28 06:41:25,284912,Transcribed,600s,1SPT,MGWA,MacGillivray's Warbler,GEOTHLYPIS TOLMIEI,1,2571743,1,Song,40.03,2.71,-38.53,f,,Steve Ogle,1211,,creek
PC,925,CAMERON-LAKE-6,214816,,-114.035145,49.017160,,,305567,2021-06-28 06:41:25,284912,Transcribed,600s,1SPT,OSFL,Olive-sided Flycatcher,CONTOPUS COOPERI,1,2571734,1,Song,1.03,1.09,-37.09,f,,Steve Ogle,1211,,creek
PC,925,CAMERON-LAKE-6,214816,,-114.035145,49.017160,,,305567,2021-06-28 06:41:25,284912,Transcribed,600s,1SPT,OSFL,Olive-sided Flycatcher,CONTOPUS COOPERI,2,2571757,1,Song,193.49,3.99,-35.71,f,,Steve Ogle,1211,second bird evident here (better later),creek
PC,925,CAMERON-LAKE-6,214816,,-114.035145,49.017160,,,305567,2021-06-28 06:41:25,284912,Transcribed,600s,1SPT,USHU,Unidentified Selasphorus Hummingbird,SELASPHORUS,1,2571746,1,Non-vocal,145.61,0.98,-37.93,f,,Steve Ogle,1211,prob RUHU,creek
PC,925,CAMERON-LAKE-6,214816,,-114.035145,49.017160,,,305567,2021-06-28 06:41:25,284912,Transcribed,600s,1SPT,CHSP,Chipping Sparrow,SPIZELLA PASSERINA,1,2571737,1,Song,3.16,2.93,-25.68,f,,Steve Ogle,1211,,creek
PC,925,CAMERON-LAKE-6,214816,,-114.035145,49.017160,,,305567,2021-06-28 06:41:25,284912,Transcribed,600s,1SPT,PISI,Pine Siskin,SPINUS PINUS,1,2571744,1,Call,68.21,3.13,-36.83,f,,Steve Ogle,1211,,creek
PC,925,CAMERON-LAKE-6,214816,,-114.035145,49.017160,,,305567,2021-06-28 06:41:25,284912,Transcribed,600s,1SPT,AMRO,American Robin,TURDUS MIGRATORIUS,1,2571736,1,Call,1.66,0.69,-37.57,f,,Steve Ogle,1211,,creek
PC,925,CAMERON-LAKE-6,214816,,-114.035145,49.017160,,,305567,2021-06-28 06:41:25,284912,Transcribed,600s,1SPT,HETH,Hermit Thrush,CATHARUS GUTTATUS,1,2571740,1,Song,21.43,2.00,-35.47,f,,Steve Ogle,1211,,creek
PC,925,CAMERON-LAKE-6,214816,,-114.035145,49.017160,,,305567,2021-06-28 06:41:25,284912,Transcribed,600s,1SPT,WISN,Wilson's Snipe,GALLINAGO DELICATA,1,2571748,1,Call,167.71,4.44,-35.62,f,,Steve Ogle,1211,,creek
PC,925,CAMERON-LAKE-6,214816,,-114.035145,49.017160,,,305567,2021-06-28 06:41:25,284912,Transcribed,600s,1SPT,YRWA,Yellow-rumped Warbler,SETOPHAGA CORONATA,1,2571738,1,Song,8.13,1.61,-39.43,f,,Steve Ogle,1211,,creek
PC,925,CAMERON-LAKE-6,214816,,-114.035145,49.017160,,,305567,2021-06-28 06:41:25,284912,Transcribed,600s,1SPT,VATH,Varied Thrush,IXOREUS NAEVIUS,1,2571753,1,Song,327.46,2.21,-35.71,f,,Steve Ogle,1211,,creek
PC,925,CAMERON-LAKE-6,214816,,-114.035145,49.017160,,,305567,2021-06-28 06:41:25,284912,Transcribed,600s,1SPT,VATH,Varied Thrush,IXOREUS NAEVIUS,2,2571756,1,Song,347.09,2.55,-35.73,f,,Steve Ogle,1211,,creek
PC,925,CAMERON-LAKE-6,214816,,-114.035145,49.017160,,,305567,2021-06-28 06:41:25,284912,Transcribed,600s,1SPT,SWTH,Swainson's Thrush,CATHARUS USTULATUS,1,2571733,1,Song,0.03,1.10,-35.93,f,,Steve Ogle,1211,,creek
PC,925,CARDSTON-ENTRANCE-550,214809,,-113.810806,49.131717,,,305493,2021-06-15 05:01:52,284834,Transcribed,600s,1SPT,AMCR,American Crow,CORVUS BRACHYRHYNCHOS,2,2451055,2,Call,7.19,4.68,-23.48,f,,Steve Ogle,1211,,birdsong in far and mid background is the ambient noise
PC,925,CARDSTON-ENTRANCE-550,214809,,-113.810806,49.131717,,,305493,2021-06-15 05:01:52,284834,Transcribed,600s,1SPT,SAVS,Savannah Sparrow,PASSERCULUS SANDWICHENSIS,3,2451098,1,Song,39.21,2.90,-25.69,f,,Steve Ogle,1211,,birdsong in far and mid background is the ambient noise
PC,925,CARDSTON-ENTRANCE-550,214809,,-113.810806,49.131717,,,305493,2021-06-15 05:01:52,284834,Transcribed,600s,1SPT,SAVS,Savannah Sparrow,PASSERCULUS SANDWICHENSIS,2,2451087,1,Song,37.29,2.94,-26.12,f,,Steve Ogle,1211,,birdsong in far and mid background is the ambient noise
PC,925,CARDSTON-ENTRANCE-550,214809,,-113.810806,49.131717,,,305493,2021-06-15 05:01:52,284834,Transcribed,600s,1SPT,SAVS,Savannah Sparrow,PASSERCULUS SANDWICHENSIS,1,2451058,1,Song,4.66,2.20,-28.99,f,,Steve Ogle,1211,,birdsong in far and mid background is the ambient noise
PC,925,CARDSTON-ENTRANCE-550,214809,,-113.810806,49.131717,,,305493,2021-06-15 05:01:52,284834,Transcribed,600s,1SPT,GRCA,Gray Catbird,DUMETELLA CAROLINENSIS,1,2549139,1,Song,92.28,3.50,-24.78,f,,Steve Ogle,1211,poss earlier,birdsong in far and mid background is the ambient noise
PC,925,CARDSTON-ENTRANCE-550,214809,,-113.810806,49.131717,,,305493,2021-06-15 05:01:52,284834,Transcribed,600s,1SPT,YEWA,Yellow Warbler,SETOPHAGA PETECHIA,3,2451105,1,Song,31.53,1.95,-17.38,f,,Steve Ogle,1211,,birdsong in far and mid background is the ambient noise
PC,925,CARDSTON-ENTRANCE-550,214809,,-113.810806,49.131717,,,305493,2021-06-15 05:01:52,284834,Transcribed,600s,1SPT,YEWA,Yellow Warbler,SETOPHAGA PETECHIA,2,2451085,1,Song,28.35,2.83,-25.5,f,,Steve Ogle,1211,,birdsong in far and mid background is the ambient noise
PC,925,CARDSTON-ENTRANCE-550,214809,,-113.810806,49.131717,,,305493,2021-06-15 05:01:52,284834,Transcribed,600s,1SPT,YEWA,Yellow Warbler,SETOPHAGA PETECHIA,1,2451056,1,Song,0.75,2.88,-25.58,f,,Steve Ogle,1211,,birdsong in far and mid background is the ambient noise
PC,925,CARDSTON-ENTRANCE-550,214809,,-113.810806,49.131717,,,305493,2021-06-15 05:01:52,284834,Transcribed,600s,1SPT,NOWA,Northern Waterthrush,PARKESIA NOVEBORACENSIS,1,2451035,1,Song,1.59,2.23,-25.91,f,,Steve Ogle,1211,,birdsong in far and mid background is the ambient noise
PC,925,CARDSTON-ENTRANCE-550,214809,,-113.810806,49.131717,,,305493,2021-06-15 05:01:52,284834,Transcribed,600s,1SPT,COYE,Common Yellowthroat,GEOTHLYPIS TRICHAS,1,2451077,1,Song,11.38,3.06,-26.2,f,,Steve Ogle,1211,,birdsong in far and mid background is the ambient noise
PC,925,CARDSTON-ENTRANCE-550,214809,,-113.810806,49.131717,,,305493,2021-06-15 05:01:52,284834,Transcribed,600s,1SPT,CCSP,Clay-colored Sparrow,SPIZELLA PALLIDA,2,2451075,1,Song,5.18,4.08,-30.76,f,,Steve Ogle,1211,,birdsong in far and mid background is the ambient noise
PC,925,CARDSTON-ENTRANCE-550,214809,,-113.810806,49.131717,,,305493,2021-06-15 05:01:52,284834,Transcribed,600s,1SPT,CCSP,Clay-colored Sparrow,SPIZELLA PALLIDA,3,2451089,1,Song,42.08,4.74,-26.77,f,,Steve Ogle,1211,,birdsong in far and mid background is the ambient noise
PC,925,CARDSTON-ENTRANCE-550,214809,,-113.810806,49.131717,,,305493,2021-06-15 05:01:52,284834,Transcribed,600s,1SPT,VESP,Vesper Sparrow,POOECETES GRAMINEUS,1,2451076,1,Song,8.26,4.08,-19.95,f,,Steve Ogle,1211,,birdsong in far and mid background is the ambient noise
PC,925,CARDSTON-ENTRANCE-550,214809,,-113.810806,49.131717,,,305493,2021-06-15 05:01:52,284834,Transcribed,600s,1SPT,VESP,Vesper Sparrow,POOECETES GRAMINEUS,2,2451080,1,Song,17.54,3.85,-25.34,f,,Steve Ogle,1211,,birdsong in far and mid background is the ambient noise
PC,925,CARDSTON-ENTRANCE-550,214809,,-113.810806,49.131717,,,305493,2021-06-15 05:01:52,284834,Transcribed,600s,1SPT,VESP,Vesper Sparrow,POOECETES GRAMINEUS,3,2549089,1,Song,22.24,4.63,-23.2,f,,Steve Ogle,1211,,birdsong in far and mid background is the ambient noise
PC,925,CARDSTON-ENTRANCE-550,214809,,-113.810806,49.131717,,,305493,2021-06-15 05:01:52,284834,Transcribed,600s,1SPT,AMCR,American Crow,CORVUS BRACHYRHYNCHOS,1,2450712,1,Call,0.00,2.93,-24.33,f,,Steve Ogle,1211,,birdsong in far and mid background is the ambient noise
PC,925,CARDSTON-ENTRANCE-550,214809,,-113.810806,49.131717,,,305493,2021-06-15 05:01:52,284834,Transcribed,600s,1SPT,CCSP,Clay-colored Sparrow,SPIZELLA PALLIDA,1,2451033,1,Song,0.01,3.01,-27.04,f,,Steve Ogle,1211,,birdsong in far and mid background is the ambient noise
PC,925,CARDSTON-ENTRANCE-550,214809,,-113.810806,49.131717,,,305493,2021-06-15 05:01:52,284834,Transcribed,600s,1SPT,TRES,Tree Swallow,TACHYCINETA BICOLOR,1,2549165,1,Call,214.19,4.55,-23.39,f,,Steve Ogle,1211,,birdsong in far and mid background is the ambient noise
PC,925,CARDSTON-ENTRANCE-550,214809,,-113.810806,49.131717,,,305493,2021-06-15 05:01:52,284834,Transcribed,600s,1SPT,TRES,Tree Swallow,TACHYCINETA BICOLOR,2,2549228,2,Call,444.35,7.54,-29.31,f,,Steve Ogle,1211,,birdsong in far and mid background is the ambient noise
PC,925,CARDSTON-ENTRANCE-550,214809,,-113.810806,49.131717,,,305493,2021-06-15 05:01:52,284834,Transcribed,600s,1SPT,VEER,Veery,CATHARUS FUSCESCENS,1,2549220,1,Song,403.24,3.55,-23.72,f,,Steve Ogle,1211,,birdsong in far and mid background is the ambient noise
PC,925,CARDSTON-ENTRANCE-550,214809,,-113.810806,49.131717,,,305493,2021-06-15 05:01:52,284834,Transcribed,600s,1SPT,EAKI,Eastern Kingbird,TYRANNUS TYRANNUS,1,2451101,1,Song,34.59,2.08,-21.07,f,,Steve Ogle,1211,,birdsong in far and mid background is the ambient noise
PC,925,CARDSTON-ENTRANCE-550,214809,,-113.810806,49.131717,,,305493,2021-06-15 05:01:52,284834,Transcribed,600s,1SPT,EUCD,Eurasian Collared-Dove,STREPTOPELIA DECAOCTO,1,2549183,1,Song,249.35,4.73,-23.29,f,,Steve Ogle,1211,"not perfect; only sounds right in the last two notes
 confidence:To Be Checked",birdsong in far and mid background is the ambient noise
PC,925,CARDSTON-ENTRANCE-550,214809,,-113.810806,49.131717,,,305493,2021-06-15 05:01:52,284834,Transcribed,600s,1SPT,ALFL,Alder Flycatcher,EMPIDONAX ALNORUM,1,2451057,1,Song,2.56,1.48,-29.02,f,,Steve Ogle,1211,,birdsong in far and mid background is the ambient noise
PC,925,CARDSTON-ENTRANCE-550,214809,,-113.810806,49.131717,,,305493,2021-06-15 05:01:52,284834,Transcribed,600s,1SPT,ALFL,Alder Flycatcher,EMPIDONAX ALNORUM,2,2549152,1,Song,164.31,1.79,-26.46,f,,Steve Ogle,1211,,birdsong in far and mid background is the ambient noise
PC,925,CARDSTON-ENTRANCE-550,214809,,-113.810806,49.131717,,,305493,2021-06-15 05:01:52,284834,Transcribed,600s,1SPT,AMRO,American Robin,TURDUS MIGRATORIUS,1,2451037,2,Song,1.84,5.16,-21.48,f,,Steve Ogle,1211,,birdsong in far and mid background is the ambient noise
PC,925,CARDSTON-ENTRANCE-550,214809,,-113.810806,49.131717,,,305493,2021-06-15 05:01:52,284834,Transcribed,600s,1SPT,AMRO,American Robin,TURDUS MIGRATORIUS,2,2549159,1,Song,189.44,5.04,-23.57,f,,Steve Ogle,1211,,birdsong in far and mid background is the ambient noise
PC,925,CARDSTON-ENTRANCE-550,214809,,-113.810806,49.131717,,,305493,2021-06-15 05:01:52,284834,Transcribed,600s,1SPT,WCSP,White-crowned Sparrow,ZONOTRICHIA LEUCOPHRYS,1,2549169,1,Song,218.90,2.64,-28.11,f,,Steve Ogle,1211,,birdsong in far and mid background is the ambient noise
PC,925,CARDSTON-ENTRANCE-550,214809,,-113.810806,49.131717,,,305493,2021-06-15 05:01:52,284834,Transcribed,600s,1SPT,CORA,Common Raven,CORVUS CORAX,1,2549234,1,Call,473.61,2.60,-26.3,f,,Steve Ogle,1211,,birdsong in far and mid background is the ambient noise
PC,925,CARDSTON-ENTRANCE-550,214809,,-113.810806,49.131717,,,305493,2021-06-15 05:01:52,284834,Transcribed,600s,1SPT,SACR,Sandhill Crane,ANTIGONE CANADENSIS,1,2549242,2,Call,526.53,7.49,-22.25,f,,Steve Ogle,1211,,birdsong in far and mid background is the ambient noise
PC,925,CARDSTON-ENTRANCE-550,214809,,-113.810806,49.131717,,,305493,2021-06-15 05:01:52,284834,Transcribed,600s,1SPT,SOSP,Song Sparrow,MELOSPIZA MELODIA,1,2451079,1,Song,16.44,4.24,-23.49,f,,Steve Ogle,1211,,birdsong in far and mid background is the ambient noise
PC,925,CARDSTON-ENTRANCE-550,214809,,-113.810806,49.131717,,,305493,2021-06-15 05:01:52,284834,Transcribed,600s,1SPT,SOSP,Song Sparrow,MELOSPIZA MELODIA,2,2549144,1,Song,97.54,4.93,-20.44,f,,Steve Ogle,1211,,birdsong in far and mid background is the ambient noise
PC,925,CARDSTON-ENTRANCE-551,214812,,-113.813538,49.131552,,,305495,2021-06-15 05:26:45,284836,Transcribed,600s,1SPT,GRCA,Gray Catbird,DUMETELLA CAROLINENSIS,1,2549849,1,Song,229.55,6.61,-29.75,f,,Steve Ogle,1211,,
PC,925,CARDSTON-ENTRANCE-551,214812,,-113.813538,49.131552,,,305495,2021-06-15 05:26:45,284836,Transcribed,600s,1SPT,YEWA,Yellow Warbler,SETOPHAGA PETECHIA,3,2549795,1,Song,17.39,2.64,-40.8,f,,Steve Ogle,1211,,
PC,925,CARDSTON-ENTRANCE-551,214812,,-113.813538,49.131552,,,305495,2021-06-15 05:26:45,284836,Transcribed,600s,1SPT,YEWA,Yellow Warbler,SETOPHAGA PETECHIA,2,2549786,1,Song,11.43,2.36,-38.31,f,,Steve Ogle,1211,,
PC,925,CARDSTON-ENTRANCE-551,214812,,-113.813538,49.131552,,,305495,2021-06-15 05:26:45,284836,Transcribed,600s,1SPT,YEWA,Yellow Warbler,SETOPHAGA PETECHIA,1,2549777,1,Song,7.38,1.91,-35.77,f,,Steve Ogle,1211,,
PC,925,CARDSTON-ENTRANCE-551,214812,,-113.813538,49.131552,,,305495,2021-06-15 05:26:45,284836,Transcribed,600s,1SPT,WCSP,White-crowned Sparrow,ZONOTRICHIA LEUCOPHRYS,3,2549842,1,Song,95.66,2.26,-33.28,f,,Steve Ogle,1211,,
PC,925,CARDSTON-ENTRANCE-551,214812,,-113.813538,49.131552,,,305495,2021-06-15 05:26:45,284836,Transcribed,600s,1SPT,WCSP,White-crowned Sparrow,ZONOTRICHIA LEUCOPHRYS,2,2549817,1,Song,25.86,2.28,-32.2,f,,Steve Ogle,1211,,
PC,925,CARDSTON-ENTRANCE-551,214812,,-113.813538,49.131552,,,305495,2021-06-15 05:26:45,284836,Transcribed,600s,1SPT,WCSP,White-crowned Sparrow,ZONOTRICHIA LEUCOPHRYS,1,2549768,1,Song,4.85,2.93,-32.22,f,,Steve Ogle,1211,,
PC,925,CARDSTON-ENTRANCE-551,214812,,-113.813538,49.131552,,,305495,2021-06-15 05:26:45,284836,Transcribed,600s,1SPT,AMRO,American Robin,TURDUS MIGRATORIUS,2,2549788,1,Call,15.06,1.73,-46.73,f,,Steve Ogle,1211,,
PC,925,CARDSTON-ENTRANCE-551,214812,,-113.813538,49.131552,,,305495,2021-06-15 05:26:45,284836,Transcribed,600s,1SPT,AMRO,American Robin,TURDUS MIGRATORIUS,1,2549774,1,Song,5.56,3.01,-33.1,f,,Steve Ogle,1211,,
PC,925,CARDSTON-ENTRANCE-551,214812,,-113.813538,49.131552,,,305495,2021-06-15 05:26:45,284836,Transcribed,600s,1SPT,HOWR,House Wren,TROGLODYTES AEDON,1,2549838,1,Song,63.93,2.83,-38.08,f,,Steve Ogle,1211,,
PC,925,CARDSTON-ENTRANCE-551,214812,,-113.813538,49.131552,,,305495,2021-06-15 05:26:45,284836,Transcribed,600s,1SPT,MODO,Mourning Dove,ZENAIDA MACROURA,1,2549822,1,Song,37.76,4.16,-35.04,f,,Steve Ogle,1211,,
PC,925,CARDSTON-ENTRANCE-551,214812,,-113.813538,49.131552,,,305495,2021-06-15 05:26:45,284836,Transcribed,600s,1SPT,ALFL,Alder Flycatcher,EMPIDONAX ALNORUM,2,2549852,1,Song,328.84,1.73,-36.35,f,,Steve Ogle,1211,,
PC,925,CARDSTON-ENTRANCE-551,214812,,-113.813538,49.131552,,,305495,2021-06-15 05:26:45,284836,Transcribed,600s,1SPT,ALFL,Alder Flycatcher,EMPIDONAX ALNORUM,1,2549815,1,Song,17.33,1.14,-38.34,f,,Steve Ogle,1211,,
PC,925,CARDSTON-ENTRANCE-551,214812,,-113.813538,49.131552,,,305495,2021-06-15 05:26:45,284836,Transcribed,600s,1SPT,CEDW,Cedar Waxwing,BOMBYCILLA CEDRORUM,1,2549854,1,Song,352.76,3.20,-47.06,f,,Steve Ogle,1211,,
PC,925,CARDSTON-ENTRANCE-551,214812,,-113.813538,49.131552,,,305495,2021-06-15 05:26:45,284836,Transcribed,600s,1SPT,BHGR,Black-headed Grosbeak,PHEUTICUS MELANOCEPHALUS,1,2549848,1,Song,183.88,4.11,-33.44,f,,Steve Ogle,1211,a chance could be RBGR; likely impossible to verify but BH seems more common on ebird,
PC,925,CARDSTON-ENTRANCE-551,214812,,-113.813538,49.131552,,,305495,2021-06-15 05:26:45,284836,Transcribed,600s,1SPT,TRES,Tree Swallow,TACHYCINETA BICOLOR,1,2549853,1,Call,346.61,4.08,-36.12,f,,Steve Ogle,1211,,
PC,925,CARDSTON-ENTRANCE-551,214812,,-113.813538,49.131552,,,305495,2021-06-15 05:26:45,284836,Transcribed,600s,1SPT,BANS,Bank Swallow,RIPARIA RIPARIA,3,2549845,3,Call,116.05,10.03,-28.98,f,,Steve Ogle,1211,,
PC,925,CARDSTON-ENTRANCE-551,214812,,-113.813538,49.131552,,,305495,2021-06-15 05:26:45,284836,Transcribed,600s,1SPT,BANS,Bank Swallow,RIPARIA RIPARIA,2,2549793,1,Call,16.26,1.85,-40.95,f,,Steve Ogle,1211,,
PC,925,CARDSTON-ENTRANCE-551,214812,,-113.813538,49.131552,,,305495,2021-06-15 05:26:45,284836,Transcribed,600s,1SPT,BANS,Bank Swallow,RIPARIA RIPARIA,1,2549784,1,Call,9.93,2.23,-36.62,f,,Steve Ogle,1211,,
PC,925,CARDSTON-ENTRANCE-551,214812,,-113.813538,49.131552,,,305495,2021-06-15 05:26:45,284836,Transcribed,600s,1SPT,BBMA,Black-billed Magpie,PICA HUDSONIA,1,2549846,1,Call,176.95,2.04,-37.41,f,,Steve Ogle,1211,,
PC,925,CARDSTON-ENTRANCE-551,214812,,-113.813538,49.131552,,,305495,2021-06-15 05:26:45,284836,Transcribed,600s,1SPT,AMCR,American Crow,CORVUS BRACHYRHYNCHOS,2,2549821,2,Call,34.48,2.90,-21.95,f,,Steve Ogle,1211,,
PC,925,CARDSTON-ENTRANCE-551,214812,,-113.813538,49.131552,,,305495,2021-06-15 05:26:45,284836,Transcribed,600s,1SPT,AMCR,American Crow,CORVUS BRACHYRHYNCHOS,1,2549767,1,Call,1.25,1.50,-39.29,f,,Steve Ogle,1211,,
PC,925,CARDSTON-ENTRANCE-551,214812,,-113.813538,49.131552,,,305495,2021-06-15 05:26:45,284836,Transcribed,600s,1SPT,PISI,Pine Siskin,SPINUS PINUS,1,2549855,1,Call,397.36,6.20,-33.13,f,,Steve Ogle,1211,,
PC,925,CARDSTON-ENTRANCE-551,214812,,-113.813538,49.131552,,,305495,2021-06-15 05:26:45,284836,Transcribed,600s,1SPT,AMCO,American Coot,FULICA AMERICANA,1,2549819,1,Call,18.36,4.26,-39.98,f,,Steve Ogle,1211,,
PC,925,CARDSTON-ENTRANCE-551,214812,,-113.813538,49.131552,,,305495,2021-06-15 05:26:45,284836,Transcribed,600s,1SPT,SACR,Sandhill Crane,ANTIGONE CANADENSIS,1,2549851,1,Call,322.69,7.11,-25.95,f,,Steve Ogle,1211,,
PC,925,CARDSTON-ENTRANCE-551,214812,,-113.813538,49.131552,,,305495,2021-06-15 05:26:45,284836,Transcribed,600s,1SPT,CORA,Common Raven,CORVUS CORAX,2,2549850,1,Call,298.23,1.48,-32.92,f,,Steve Ogle,1211,,
PC,925,CARDSTON-ENTRANCE-551,214812,,-113.813538,49.131552,,,305495,2021-06-15 05:26:45,284836,Transcribed,600s,1SPT,CORA,Common Raven,CORVUS CORAX,1,2549780,1,Call,8.60,0.99,-36.09,f,,Steve Ogle,1211,,
PC,925,CARDSTON-ENTRANCE-551,214812,,-113.813538,49.131552,,,305495,2021-06-15 05:26:45,284836,Transcribed,600s,1SPT,AMGO,American Goldfinch,SPINUS TRISTIS,3,2549856,1,Song,546.78,3.61,-39.06,f,,Steve Ogle,1211,,
PC,925,CARDSTON-ENTRANCE-551,214812,,-113.813538,49.131552,,,305495,2021-06-15 05:26:45,284836,Transcribed,600s,1SPT,AMGO,American Goldfinch,SPINUS TRISTIS,2,2549847,1,Call,180.95,2.10,-31.74,f,,Steve Ogle,1211,calling here and there,
PC,925,CARDSTON-ENTRANCE-551,214812,,-113.813538,49.131552,,,305495,2021-06-15 05:26:45,284836,Transcribed,600s,1SPT,AMGO,American Goldfinch,SPINUS TRISTIS,1,2549770,1,Call,4.49,1.31,-33.88,f,,Steve Ogle,1211,,
PC,925,CARDSTON-ENTRANCE-551,214812,,-113.813538,49.131552,,,305495,2021-06-15 05:26:45,284836,Transcribed,600s,1SPT,YRWA,Yellow-rumped Warbler,SETOPHAGA CORONATA,1,2549837,1,Song,2.79,2.36,-25.33,f,,Steve Ogle,1211,,
PC,925,CARDSTON-ENTRANCE-551,214812,,-113.813538,49.131552,,,305495,2021-06-15 05:26:45,284836,Transcribed,600s,1SPT,VESP,Vesper Sparrow,POOECETES GRAMINEUS,2,2549790,1,Song,14.86,3.26,-40.89,f,,Steve Ogle,1211,,
PC,925,CARDSTON-ENTRANCE-551,214812,,-113.813538,49.131552,,,305495,2021-06-15 05:26:45,284836,Transcribed,600s,1SPT,VESP,Vesper Sparrow,POOECETES GRAMINEUS,1,2549766,2,Song,0.04,4.16,-20.22,f,,Steve Ogle,1211,,
PC,925,CARDSTON-ENTRANCE-551,214812,,-113.813538,49.131552,,,305495,2021-06-15 05:26:45,284836,Transcribed,600s,1SPT,CCSP,Clay-colored Sparrow,SPIZELLA PALLIDA,2,2549844,1,Song,112.35,3.16,-39.15,f,,Steve Ogle,1211,,
PC,925,CARDSTON-ENTRANCE-551,214812,,-113.813538,49.131552,,,305495,2021-06-15 05:26:45,284836,Transcribed,600s,1SPT,CCSP,Clay-colored Sparrow,SPIZELLA PALLIDA,1,2549843,1,Song,96.54,4.61,-34.92,f,,Steve Ogle,1211,,
PC,925,CARDSTON-ENTRANCE-551,214812,,-113.813538,49.131552,,,305495,2021-06-15 05:26:45,284836,Transcribed,600s,1SPT,RWBL,Red-winged Blackbird,AGELAIUS PHOENICEUS,2,2549839,1,Call,75.34,2.63,-31.15,f,,Steve Ogle,1211,,
PC,925,CARDSTON-ENTRANCE-551,214812,,-113.813538,49.131552,,,305495,2021-06-15 05:26:45,284836,Transcribed,600s,1SPT,RWBL,Red-winged Blackbird,AGELAIUS PHOENICEUS,1,2549825,1,Call,36.24,3.36,-34.4,f,,Steve Ogle,1211,,
PC,925,CARDSTON-ENTRANCE-552,214810,,-113.816422,49.131392,,,305494,2021-06-15 05:51:50,284835,Transcribed,600s,1SPT,CORA,Common Raven,CORVUS CORAX,1,2549597,1,Call,39.28,2.08,-25.06,f,,Steve Ogle,1211,,
PC,925,CARDSTON-ENTRANCE-552,214810,,-113.816422,49.131392,,,305494,2021-06-15 05:51:50,284835,Transcribed,600s,1SPT,BANS,Bank Swallow,RIPARIA RIPARIA,1,2549328,1,Call,4.49,4.25,-25.71,f,,Steve Ogle,1211,"Actually, sounds like there is a colony right here",
PC,925,CARDSTON-ENTRANCE-552,214810,,-113.816422,49.131392,,,305494,2021-06-15 05:51:50,284835,Transcribed,600s,1SPT,VESP,Vesper Sparrow,POOECETES GRAMINEUS,3,2549300,1,Song,17.25,4.40,-23.48,f,,Steve Ogle,1211,,
PC,925,CARDSTON-ENTRANCE-552,214810,,-113.816422,49.131392,,,305494,2021-06-15 05:51:50,284835,Transcribed,600s,1SPT,VESP,Vesper Sparrow,POOECETES GRAMINEUS,2,2549278,1,Song,3.89,3.86,-25.64,f,,Steve Ogle,1211,,
PC,925,CARDSTON-ENTRANCE-552,214810,,-113.816422,49.131392,,,305494,2021-06-15 05:51:50,284835,Transcribed,600s,1SPT,VESP,Vesper Sparrow,POOECETES GRAMINEUS,1,2549276,1,Song,2.30,3.75,-26.78,f,,Steve Ogle,1211,,
PC,925,CARDSTON-ENTRANCE-552,214810,,-113.816422,49.131392,,,305494,2021-06-15 05:51:50,284835,Transcribed,600s,1SPT,CCSP,Clay-colored Sparrow,SPIZELLA PALLIDA,2,2549602,1,Song,116.14,3.29,-28.94,f,,Steve Ogle,1211,,
PC,925,CARDSTON-ENTRANCE-552,214810,,-113.816422,49.131392,,,305494,2021-06-15 05:51:50,284835,Transcribed,600s,1SPT,CCSP,Clay-colored Sparrow,SPIZELLA PALLIDA,1,2549270,1,Song,0.04,1.50,-29.02,f,,Steve Ogle,1211,,
PC,925,CARDSTON-ENTRANCE-552,214810,,-113.816422,49.131392,,,305494,2021-06-15 05:51:50,284835,Transcribed,600s,1SPT,RWBL,Red-winged Blackbird,AGELAIUS PHOENICEUS,1,2549314,1,Song,22.81,1.98,-21.01,f,,Steve Ogle,1211,,
PC,925,CARDSTON-ENTRANCE-552,214810,,-113.816422,49.131392,,,305494,2021-06-15 05:51:50,284835,Transcribed,600s,1SPT,GRCA,Gray Catbird,DUMETELLA CAROLINENSIS,1,2549610,1,Song,161.14,2.21,-24.43,f,,Steve Ogle,1211,difficult,
PC,925,CARDSTON-ENTRANCE-552,214810,,-113.816422,49.131392,,,305494,2021-06-15 05:51:50,284835,Transcribed,600s,1SPT,YEWA,Yellow Warbler,SETOPHAGA PETECHIA,3,2549297,1,Song,12.29,2.30,-25.07,f,,Steve Ogle,1211,,
PC,925,CARDSTON-ENTRANCE-552,214810,,-113.816422,49.131392,,,305494,2021-06-15 05:51:50,284835,Transcribed,600s,1SPT,YEWA,Yellow Warbler,SETOPHAGA PETECHIA,2,2549295,1,Song,5.74,2.70,-25.46,f,,Steve Ogle,1211,,
PC,925,CARDSTON-ENTRANCE-552,214810,,-113.816422,49.131392,,,305494,2021-06-15 05:51:50,284835,Transcribed,600s,1SPT,BANS,Bank Swallow,RIPARIA RIPARIA,2,2549318,2,Call,19.39,3.74,-21.83,f,,Steve Ogle,1211,,
PC,925,CARDSTON-ENTRANCE-552,214810,,-113.816422,49.131392,,,305494,2021-06-15 05:51:50,284835,Transcribed,600s,1SPT,TRES,Tree Swallow,TACHYCINETA BICOLOR,1,2549646,1,Call,547.99,6.01,-28.5,f,,Steve Ogle,1211,,
PC,925,CARDSTON-ENTRANCE-552,214810,,-113.816422,49.131392,,,305494,2021-06-15 05:51:50,284835,Transcribed,600s,1SPT,EUST,European Starling,STURNUS VULGARIS,1,2549626,2,Call,220.16,4.99,-20.42,f,,Steve Ogle,1211,,
PC,925,CARDSTON-ENTRANCE-552,214810,,-113.816422,49.131392,,,305494,2021-06-15 05:51:50,284835,Transcribed,600s,1SPT,EAKI,Eastern Kingbird,TYRANNUS TYRANNUS,1,2549273,2,Song,0.21,2.04,-29.32,f,,Steve Ogle,1211,,
PC,925,CARDSTON-ENTRANCE-552,214810,,-113.816422,49.131392,,,305494,2021-06-15 05:51:50,284835,Transcribed,600s,1SPT,RNSA,Red-naped Sapsucker,SPHYRAPICUS NUCHALIS,1,2549321,1,Non-vocal,32.40,3.78,-25.41,f,,Steve Ogle,1211,,
PC,925,CARDSTON-ENTRANCE-552,214810,,-113.816422,49.131392,,,305494,2021-06-15 05:51:50,284835,Transcribed,600s,1SPT,ALFL,Alder Flycatcher,EMPIDONAX ALNORUM,1,2549316,1,Song,14.55,1.66,-28.17,f,,Steve Ogle,1211,,
PC,925,CARDSTON-ENTRANCE-552,214810,,-113.816422,49.131392,,,305494,2021-06-15 05:51:50,284835,Transcribed,600s,1SPT,HOWR,House Wren,TROGLODYTES AEDON,1,2549621,1,Song,137.98,2.78,-24.37,f,,Steve Ogle,1211,,
PC,925,CARDSTON-ENTRANCE-552,214810,,-113.816422,49.131392,,,305494,2021-06-15 05:51:50,284835,Transcribed,600s,1SPT,YHBL,Yellow-headed Blackbird,XANTHOCEPHALUS XANTHOCEPHALUS,1,2549653,1,Call,126.69,2.23,-26.88,f,,Steve Ogle,1211,,
PC,925,CARDSTON-ENTRANCE-552,214810,,-113.816422,49.131392,,,305494,2021-06-15 05:51:50,284835,Transcribed,600s,1SPT,ELKK,Elk (wapiti),CERVUS CANADENSIS,1,2549651,1,Call,594.13,5.86,-27.25,f,,Steve Ogle,1211,,
PC,925,CARDSTON-ENTRANCE-552,214810,,-113.816422,49.131392,,,305494,2021-06-15 05:51:50,284835,Transcribed,600s,1SPT,AMRO,American Robin,TURDUS MIGRATORIUS,1,2549281,1,Song,2.06,1.93,-25.33,f,,Steve Ogle,1211,,
PC,925,CARDSTON-ENTRANCE-552,214810,,-113.816422,49.131392,,,305494,2021-06-15 05:51:50,284835,Transcribed,600s,1SPT,AMRO,American Robin,TURDUS MIGRATORIUS,2,2549286,1,Call,9.90,2.73,-28.63,f,,Steve Ogle,1211,,
PC,925,CARDSTON-ENTRANCE-552,214810,,-113.816422,49.131392,,,305494,2021-06-15 05:51:50,284835,Transcribed,600s,1SPT,WCSP,White-crowned Sparrow,ZONOTRICHIA LEUCOPHRYS,1,2549632,1,Song,310.40,3.81,-25.13,f,,Steve Ogle,1211,,
PC,925,CARDSTON-ENTRANCE-552,214810,,-113.816422,49.131392,,,305494,2021-06-15 05:51:50,284835,Transcribed,600s,1SPT,AMCR,American Crow,CORVUS BRACHYRHYNCHOS,1,2549629,3,Call,276.43,7.44,-18.82,f,,Steve Ogle,1211,,
PC,925,CARDSTON-ENTRANCE-552,214810,,-113.816422,49.131392,,,305494,2021-06-15 05:51:50,284835,Transcribed,600s,1SPT,CORA,Common Raven,CORVUS CORAX,2,2549627,1,Call,243.61,2.69,-28.33,f,,Steve Ogle,1211,periodically calling; likely diff indiv,
PC,925,CARDSTON-ENTRANCE-552,214810,,-113.816422,49.131392,,,305494,2021-06-15 05:51:50,284835,Transcribed,600s,1SPT,YEWA,Yellow Warbler,SETOPHAGA PETECHIA,1,2549290,1,Song,4.49,1.69,-30.46,f,,Steve Ogle,1211,,
PC,925,CARDSTON-ENTRANCE-553,214808,,-113.819486,49.131254,,,305496,2021-06-15 06:19:50,284837,Transcribed,600s,1SPT,BHCO,Brown-headed Cowbird,MOLOTHRUS ATER,1,2553006,1,Call,436.53,1.80,-31.55,f,,Steve Ogle,1211,,
PC,925,CARDSTON-ENTRANCE-553,214808,,-113.819486,49.131254,,,305496,2021-06-15 06:19:50,284837,Transcribed,600s,1SPT,EUST,European Starling,STURNUS VULGARIS,2,2552944,1,Call,49.44,3.71,-39.58,f,,Steve Ogle,1211,,
PC,925,CARDSTON-ENTRANCE-553,214808,,-113.819486,49.131254,,,305496,2021-06-15 06:19:50,284837,Transcribed,600s,1SPT,EUST,European Starling,STURNUS VULGARIS,3,2552945,1,Call,62.03,7.61,-26.24,f,,Steve Ogle,1211,probably should have been 3+ in one earlier tag,
PC,925,CARDSTON-ENTRANCE-553,214808,,-113.819486,49.131254,,,305496,2021-06-15 06:19:50,284837,Transcribed,600s,1SPT,WEWP,Western Wood-Pewee,CONTOPUS SORDIDULUS,1,2553000,1,Song,323.75,2.05,-23.11,f,,Steve Ogle,1211,,
PC,925,CARDSTON-ENTRANCE-553,214808,,-113.819486,49.131254,,,305496,2021-06-15 06:19:50,284837,Transcribed,600s,1SPT,EAKI,Eastern Kingbird,TYRANNUS TYRANNUS,1,2552939,1,Call,21.00,0.65,-40.77,f,,Steve Ogle,1211,,
PC,925,CARDSTON-ENTRANCE-553,214808,,-113.819486,49.131254,,,305496,2021-06-15 06:19:50,284837,Transcribed,600s,1SPT,EUCD,Eurasian Collared-Dove,STREPTOPELIA DECAOCTO,1,2552994,1,Song,286.76,7.79,-22.97,f,,Steve Ogle,1211,,
PC,925,CARDSTON-ENTRANCE-553,214808,,-113.819486,49.131254,,,305496,2021-06-15 06:19:50,284837,Transcribed,600s,1SPT,CEDW,Cedar Waxwing,BOMBYCILLA CEDRORUM,1,2552983,1,Song,224.33,1.36,-50.63,f,,Steve Ogle,1211,,
PC,925,CARDSTON-ENTRANCE-553,214808,,-113.819486,49.131254,,,305496,2021-06-15 06:19:50,284837,Transcribed,600s,1SPT,CEDW,Cedar Waxwing,BOMBYCILLA CEDRORUM,2,2553008,1,Song,476.31,4.75,-39.06,f,,Steve Ogle,1211,,
PC,925,CARDSTON-ENTRANCE-553,214808,,-113.819486,49.131254,,,305496,2021-06-15 06:19:50,284837,Transcribed,600s,1SPT,HOWR,House Wren,TROGLODYTES AEDON,1,2552937,1,Song,13.14,2.45,-32.77,f,,Steve Ogle,1211,,
PC,925,CARDSTON-ENTRANCE-553,214808,,-113.819486,49.131254,,,305496,2021-06-15 06:19:50,284837,Transcribed,600s,1SPT,HOWR,House Wren,TROGLODYTES AEDON,2,2552957,1,Song,164.84,2.98,-41.14,f,,Steve Ogle,1211,,
PC,925,CARDSTON-ENTRANCE-553,214808,,-113.819486,49.131254,,,305496,2021-06-15 06:19:50,284837,Transcribed,600s,1SPT,ELKK,Elk (wapiti),CERVUS CANADENSIS,1,2553002,1,Call,355.24,3.13,-38.04,f,,Steve Ogle,1211,,
PC,925,CARDSTON-ENTRANCE-553,214808,,-113.819486,49.131254,,,305496,2021-06-15 06:19:50,284837,Transcribed,600s,1SPT,AMRO,American Robin,TURDUS MIGRATORIUS,1,2552932,2,Song,0.21,3.79,-32.67,f,,Steve Ogle,1211,,
PC,925,CARDSTON-ENTRANCE-553,214808,,-113.819486,49.131254,,,305496,2021-06-15 06:19:50,284837,Transcribed,600s,1SPT,CORA,Common Raven,CORVUS CORAX,1,2552942,1,Call,36.88,1.90,-26.95,f,,Steve Ogle,1211,,
PC,925,CARDSTON-ENTRANCE-553,214808,,-113.819486,49.131254,,,305496,2021-06-15 06:19:50,284837,Transcribed,600s,1SPT,CORA,Common Raven,CORVUS CORAX,2,2552948,1,Call,78.39,2.13,-39.37,f,,Steve Ogle,1211,two here; one new,
PC,925,CARDSTON-ENTRANCE-553,214808,,-113.819486,49.131254,,,305496,2021-06-15 06:19:50,284837,Transcribed,600s,1SPT,AMWI,American Wigeon,MARECA AMERICANA,1,2553009,1,Call,490.64,1.45,-34.47,f,,Steve Ogle,1211,,
PC,925,CARDSTON-ENTRANCE-553,214808,,-113.819486,49.131254,,,305496,2021-06-15 06:19:50,284837,Transcribed,600s,1SPT,EUST,European Starling,STURNUS VULGARIS,1,2552941,1,Call,30.05,1.23,-41.09,f,,Steve Ogle,1211,,
PC,925,CARDSTON-ENTRANCE-553,214808,,-113.819486,49.131254,,,305496,2021-06-15 06:19:50,284837,Transcribed,600s,1SPT,GRCA,Gray Catbird,DUMETELLA CAROLINENSIS,1,2553001,1,Call,331.34,4.81,-31.28,f,,Steve Ogle,1211,probably hidden among AMRO etc. earlier on; call can be heard at the end of this tag,
PC,925,CARDSTON-ENTRANCE-553,214808,,-113.819486,49.131254,,,305496,2021-06-15 06:19:50,284837,Transcribed,600s,1SPT,RWBL,Red-winged Blackbird,AGELAIUS PHOENICEUS,1,2552943,1,Song,47.91,1.51,-32.44,f,,Steve Ogle,1211,,
PC,925,CARDSTON-ENTRANCE-553,214808,,-113.819486,49.131254,,,305496,2021-06-15 06:19:50,284837,Transcribed,600s,1SPT,RWBL,Red-winged Blackbird,AGELAIUS PHOENICEUS,2,2552947,1,Call,67.15,6.43,-21.86,f,,Steve Ogle,1211,,
PC,925,CARDSTON-ENTRANCE-553,214808,,-113.819486,49.131254,,,305496,2021-06-15 06:19:50,284837,Transcribed,600s,1SPT,RWBL,Red-winged Blackbird,AGELAIUS PHOENICEUS,3,2552955,1,Call,153.68,4.23,-34.14,f,,Steve Ogle,1211,,
PC,925,CARDSTON-ENTRANCE-553,214808,,-113.819486,49.131254,,,305496,2021-06-15 06:19:50,284837,Transcribed,600s,1SPT,VESP,Vesper Sparrow,POOECETES GRAMINEUS,1,2552934,1,Song,2.54,2.34,-37.76,f,,Steve Ogle,1211,,
PC,925,CARDSTON-ENTRANCE-553,214808,,-113.819486,49.131254,,,305496,2021-06-15 06:19:50,284837,Transcribed,600s,1SPT,VESP,Vesper Sparrow,POOECETES GRAMINEUS,2,2552935,2,Song,5.25,3.69,-28.95,f,,Steve Ogle,1211,,
PC,925,CARDSTON-ENTRANCE-553,214808,,-113.819486,49.131254,,,305496,2021-06-15 06:19:50,284837,Transcribed,600s,1SPT,AMGO,American Goldfinch,SPINUS TRISTIS,1,2552996,1,Call,298.76,1.98,-21.47,f,,Steve Ogle,1211,,
PC,925,CARDSTON-ENTRANCE-553,214808,,-113.819486,49.131254,,,305496,2021-06-15 06:19:50,284837,Transcribed,600s,1SPT,PISI,Pine Siskin,SPINUS PINUS,1,2552997,1,Call,303.65,1.61,-26.72,f,,Steve Ogle,1211,,
PC,925,CARDSTON-ENTRANCE-553,214808,,-113.819486,49.131254,,,305496,2021-06-15 06:19:50,284837,Transcribed,600s,1SPT,AMCR,American Crow,CORVUS BRACHYRHYNCHOS,1,2553007,2,Call,455.56,6.21,-32.35,f,,Steve Ogle,1211,,
PC,925,CARDSTON-ENTRANCE-553,214808,,-113.819486,49.131254,,,305496,2021-06-15 06:19:50,284837,Transcribed,600s,1SPT,BBMA,Black-billed Magpie,PICA HUDSONIA,1,2552951,1,Call,102.95,2.63,-40.02,f,,Steve Ogle,1211,,
PC,925,CARDSTON-ENTRANCE-553,214808,,-113.819486,49.131254,,,305496,2021-06-15 06:19:50,284837,Transcribed,600s,1SPT,CLSW,Cliff Swallow,PETROCHELIDON PYRRHONOTA,1,2553004,1,Call,401.85,4.25,-37.26,f,,Steve Ogle,1211,"could be more; guessing there's a big swallow flock here, and probably a bridge",
PC,925,CARDSTON-ENTRANCE-553,214808,,-113.819486,49.131254,,,305496,2021-06-15 06:19:50,284837,Transcribed,600s,1SPT,CLSW,Cliff Swallow,PETROCHELIDON PYRRHONOTA,2,2553010,1,Call,565.51,3.66,-35.48,f,,Steve Ogle,1211,,
PC,925,CARDSTON-ENTRANCE-553,214808,,-113.819486,49.131254,,,305496,2021-06-15 06:19:50,284837,Transcribed,600s,1SPT,BANS,Bank Swallow,RIPARIA RIPARIA,1,2552931,TMTT,Song,0.05,3.75,-32.56,f,,Steve Ogle,1211,Counting swallows by sound is not easy,
PC,925,CARDSTON-ENTRANCE-553,214808,,-113.819486,49.131254,,,305496,2021-06-15 06:19:50,284837,Transcribed,600s,1SPT,TRES,Tree Swallow,TACHYCINETA BICOLOR,1,2552949,2,Call,80.46,3.75,-23.65,f,,Steve Ogle,1211,"would have a hard time telling these from VGSW, but TRES more likely in marsh area",
PC,925,CARDSTON-ENTRANCE-553,214808,,-113.819486,49.131254,,,305496,2021-06-15 06:19:50,284837,Transcribed,600s,1SPT,UNKN,Unidentified signal,"",1,2552936,1,Call,12.28,1.59,-32.4,f,,Steve Ogle,1211,sounds like DUGR but seemingly unlikey in this area,
PC,925,CARDSTON-ENTRANCE-554,214807,,-113.823163,49.130831,,,305511,2021-06-15 06:45:52,284852,Transcribed,600s,1SPT,BHCO,Brown-headed Cowbird,MOLOTHRUS ATER,1,2564130,1,Song,113.63,2.35,-19.2,f,,Steve Ogle,1211,,Significant microphone hum
PC,925,CARDSTON-ENTRANCE-554,214807,,-113.823163,49.130831,,,305511,2021-06-15 06:45:52,284852,Transcribed,600s,1SPT,CORA,Common Raven,CORVUS CORAX,2,2564242,1,Call,324.53,2.54,-21.82,f,,Steve Ogle,1211,,Significant microphone hum
PC,925,CARDSTON-ENTRANCE-554,214807,,-113.823163,49.130831,,,305511,2021-06-15 06:45:52,284852,Transcribed,600s,1SPT,CORA,Common Raven,CORVUS CORAX,1,2563971,2,Call,8.36,2.75,-16.41,f,,Steve Ogle,1211,,Significant microphone hum
PC,925,CARDSTON-ENTRANCE-554,214807,,-113.823163,49.130831,,,305511,2021-06-15 06:45:52,284852,Transcribed,600s,1SPT,YRWA,Yellow-rumped Warbler,SETOPHAGA CORONATA,1,2564234,1,Song,296.98,2.89,-32.18,f,,Steve Ogle,1211,,Significant microphone hum
PC,925,CARDSTON-ENTRANCE-554,214807,,-113.823163,49.130831,,,305511,2021-06-15 06:45:52,284852,Transcribed,600s,1SPT,WCSP,White-crowned Sparrow,ZONOTRICHIA LEUCOPHRYS,1,2564253,1,Call,450.79,2.51,-25.52,f,,Steve Ogle,1211,,Significant microphone hum
PC,925,CARDSTON-ENTRANCE-554,214807,,-113.823163,49.130831,,,305511,2021-06-15 06:45:52,284852,Transcribed,600s,1SPT,AMRO,American Robin,TURDUS MIGRATORIUS,1,2563981,1,Song,15.99,3.38,-21.58,f,,Steve Ogle,1211,,Significant microphone hum
PC,925,CARDSTON-ENTRANCE-554,214807,,-113.823163,49.130831,,,305511,2021-06-15 06:45:52,284852,Transcribed,600s,1SPT,HOWR,House Wren,TROGLODYTES AEDON,3,2563954,1,Song,3.00,2.24,-13.08,f,,Steve Ogle,1211,,Significant microphone hum
PC,925,CARDSTON-ENTRANCE-554,214807,,-113.823163,49.130831,,,305511,2021-06-15 06:45:52,284852,Transcribed,600s,1SPT,HOWR,House Wren,TROGLODYTES AEDON,2,2563949,1,Song,1.93,2.21,-13.12,f,,Steve Ogle,1211,,Significant microphone hum
PC,925,CARDSTON-ENTRANCE-554,214807,,-113.823163,49.130831,,,305511,2021-06-15 06:45:52,284852,Transcribed,600s,1SPT,HOWR,House Wren,TROGLODYTES AEDON,1,2563950,1,Song,0.03,1.78,-15.46,f,,Steve Ogle,1211,,Significant microphone hum
PC,925,CARDSTON-ENTRANCE-554,214807,,-113.823163,49.130831,,,305511,2021-06-15 06:45:52,284852,Transcribed,600s,1SPT,EAKI,Eastern Kingbird,TYRANNUS TYRANNUS,1,2563947,1,Call,0.33,0.81,-19.29,f,,Steve Ogle,1211,,Significant microphone hum
PC,925,CARDSTON-ENTRANCE-554,214807,,-113.823163,49.130831,,,305511,2021-06-15 06:45:52,284852,Transcribed,600s,1SPT,EUST,European Starling,STURNUS VULGARIS,3,2564079,1,Call,41.41,2.98,-15.28,f,,Steve Ogle,1211,likely just a flock of ??? individuals,Significant microphone hum
PC,925,CARDSTON-ENTRANCE-554,214807,,-113.823163,49.130831,,,305511,2021-06-15 06:45:52,284852,Transcribed,600s,1SPT,EUST,European Starling,STURNUS VULGARIS,2,2564075,1,Call,32.33,0.95,-17.22,f,,Steve Ogle,1211,,Significant microphone hum
PC,925,CARDSTON-ENTRANCE-554,214807,,-113.823163,49.130831,,,305511,2021-06-15 06:45:52,284852,Transcribed,600s,1SPT,EUST,European Starling,STURNUS VULGARIS,1,2564069,1,Call,21.76,1.21,-15.42,f,,Steve Ogle,1211,,Significant microphone hum
PC,925,CARDSTON-ENTRANCE-554,214807,,-113.823163,49.130831,,,305511,2021-06-15 06:45:52,284852,Transcribed,600s,1SPT,TRES,Tree Swallow,TACHYCINETA BICOLOR,2,2564226,1,Call,281.36,4.24,-20.16,f,,Steve Ogle,1211,,Significant microphone hum
PC,925,CARDSTON-ENTRANCE-554,214807,,-113.823163,49.130831,,,305511,2021-06-15 06:45:52,284852,Transcribed,600s,1SPT,TRES,Tree Swallow,TACHYCINETA BICOLOR,1,2564185,1,Call,229.28,2.81,-16.96,f,,Steve Ogle,1211,"as always, very close to VGSW; not sure they are always separable
",Significant microphone hum
PC,925,CARDSTON-ENTRANCE-554,214807,,-113.823163,49.130831,,,305511,2021-06-15 06:45:52,284852,Transcribed,600s,1SPT,BHCO,Brown-headed Cowbird,MOLOTHRUS ATER,2,2564255,1,Song,538.69,2.69,-19.39,f,,Steve Ogle,1211,hard to know which one is new,Significant microphone hum
PC,925,CARDSTON-ENTRANCE-554,214807,,-113.823163,49.130831,,,305511,2021-06-15 06:45:52,284852,Transcribed,600s,1SPT,BANS,Bank Swallow,RIPARIA RIPARIA,2,2564201,2,Call,232.38,7.69,-22.97,f,,Steve Ogle,1211,,Significant microphone hum
PC,925,CARDSTON-ENTRANCE-554,214807,,-113.823163,49.130831,,,305511,2021-06-15 06:45:52,284852,Transcribed,600s,1SPT,BANS,Bank Swallow,RIPARIA RIPARIA,1,2564123,1,Call,86.15,1.51,-13.84,f,,Steve Ogle,1211,,Significant microphone hum
PC,925,CARDSTON-ENTRANCE-554,214807,,-113.823163,49.130831,,,305511,2021-06-15 06:45:52,284852,Transcribed,600s,1SPT,BBMA,Black-billed Magpie,PICA HUDSONIA,1,2564238,1,Call,310.03,2.46,-28.12,f,,Steve Ogle,1211,,Significant microphone hum
PC,925,CARDSTON-ENTRANCE-554,214807,,-113.823163,49.130831,,,305511,2021-06-15 06:45:52,284852,Transcribed,600s,1SPT,AMCR,American Crow,CORVUS BRACHYRHYNCHOS,2,2564222,2,Call,277.63,5.74,-21.04,f,,Steve Ogle,1211,,Significant microphone hum
PC,925,CARDSTON-ENTRANCE-554,214807,,-113.823163,49.130831,,,305511,2021-06-15 06:45:52,284852,Transcribed,600s,1SPT,AMCR,American Crow,CORVUS BRACHYRHYNCHOS,1,2564162,1,Call,213.89,2.63,-22.23,f,,Steve Ogle,1211,,Significant microphone hum
PC,925,CARDSTON-ENTRANCE-554,214807,,-113.823163,49.130831,,,305511,2021-06-15 06:45:52,284852,Transcribed,600s,1SPT,AMGO,American Goldfinch,SPINUS TRISTIS,3,2564251,1,Call,437.85,1.80,-30.56,f,,Steve Ogle,1211,,Significant microphone hum
PC,925,CARDSTON-ENTRANCE-554,214807,,-113.823163,49.130831,,,305511,2021-06-15 06:45:52,284852,Transcribed,600s,1SPT,AMGO,American Goldfinch,SPINUS TRISTIS,2,2564244,1,Song,350.96,9.26,-27.31,f,,Steve Ogle,1211,,Significant microphone hum
PC,925,CARDSTON-ENTRANCE-554,214807,,-113.823163,49.130831,,,305511,2021-06-15 06:45:52,284852,Transcribed,600s,1SPT,AMGO,American Goldfinch,SPINUS TRISTIS,1,2564151,1,Song,192.33,4.46,-25.68,f,,Steve Ogle,1211,,Significant microphone hum
PC,925,CARDSTON-ENTRANCE-554,214807,,-113.823163,49.130831,,,305511,2021-06-15 06:45:52,284852,Transcribed,600s,1SPT,VESP,Vesper Sparrow,POOECETES GRAMINEUS,3,2564247,1,Song,421.64,5.96,-27.67,f,,Steve Ogle,1211,three singing hereabouts,Significant microphone hum
PC,925,CARDSTON-ENTRANCE-554,214807,,-113.823163,49.130831,,,305511,2021-06-15 06:45:52,284852,Transcribed,600s,1SPT,VESP,Vesper Sparrow,POOECETES GRAMINEUS,2,2564084,1,Song,53.53,4.06,-13.36,f,,Steve Ogle,1211,,Significant microphone hum
PC,925,CARDSTON-ENTRANCE-554,214807,,-113.823163,49.130831,,,305511,2021-06-15 06:45:52,284852,Transcribed,600s,1SPT,VESP,Vesper Sparrow,POOECETES GRAMINEUS,1,2564074,1,Song,27.20,3.35,-13.3,f,,Steve Ogle,1211,,Significant microphone hum
PC,925,CARDSTON-ENTRANCE-554,214807,,-113.823163,49.130831,,,305511,2021-06-15 06:45:52,284852,Transcribed,600s,1SPT,CCSP,Clay-colored Sparrow,SPIZELLA PALLIDA,3,2564072,1,Song,24.91,2.63,-10.95,f,,Steve Ogle,1211,,Significant microphone hum
PC,925,CARDSTON-ENTRANCE-554,214807,,-113.823163,49.130831,,,305511,2021-06-15 06:45:52,284852,Transcribed,600s,1SPT,CCSP,Clay-colored Sparrow,SPIZELLA PALLIDA,2,2563975,1,Song,9.56,2.94,-19.27,f,,Steve Ogle,1211,,Significant microphone hum
PC,925,CARDSTON-ENTRANCE-554,214807,,-113.823163,49.130831,,,305511,2021-06-15 06:45:52,284852,Transcribed,600s,1SPT,CCSP,Clay-colored Sparrow,SPIZELLA PALLIDA,1,2563960,1,Song,3.96,2.59,-13.02,f,,Steve Ogle,1211,,Significant microphone hum
PC,925,CARDSTON-ENTRANCE-554,214807,,-113.823163,49.130831,,,305511,2021-06-15 06:45:52,284852,Transcribed,600s,1SPT,RWBL,Red-winged Blackbird,AGELAIUS PHOENICEUS,1,2564249,1,Call,431.33,2.09,-18.71,f,,Steve Ogle,1211,,Significant microphone hum
PC,925,CARDSTON-ENTRANCE-554,214807,,-113.823163,49.130831,,,305511,2021-06-15 06:45:52,284852,Transcribed,600s,1SPT,GRCA,Gray Catbird,DUMETELLA CAROLINENSIS,1,2564158,1,Song,198.74,4.24,-22,f,,Steve Ogle,1211,"likely earlier, just hard to isolate",Significant microphone hum
PC,925,CARDSTON-ENTRANCE-554,214807,,-113.823163,49.130831,,,305511,2021-06-15 06:45:52,284852,Transcribed,600s,1SPT,YEWA,Yellow Warbler,SETOPHAGA PETECHIA,2,2563968,1,Song,5.83,2.19,-19.03,f,,Steve Ogle,1211,,Significant microphone hum
PC,925,CARDSTON-ENTRANCE-554,214807,,-113.823163,49.130831,,,305511,2021-06-15 06:45:52,284852,Transcribed,600s,1SPT,YEWA,Yellow Warbler,SETOPHAGA PETECHIA,1,2563956,1,Song,4.00,2.31,-13.13,f,,Steve Ogle,1211,,Significant microphone hum
PC,925,CARDSTON-ENTRANCE-554,214807,,-113.823163,49.130831,,,305511,2021-06-15 06:45:52,284852,Transcribed,600s,1SPT,NOWA,Northern Waterthrush,PARKESIA NOVEBORACENSIS,1,2564076,1,Song,35.95,2.83,-14.02,f,,Steve Ogle,1211,difficult to hear,Significant microphone hum
PC,925,CARDSTON-ENTRANCE-554,214807,,-113.823163,49.130831,,,305511,2021-06-15 06:45:52,284852,Transcribed,600s,1SPT,UROPAR,Arctic Ground Squirrel,UROCITELLUS PARRYII,1,2563943,2,Call,0.08,2.94,-15.6,f,,Steve Ogle,1211,,Significant microphone hum
PC,925,CARDSTON-ENTRANCE-554,214807,,-113.823163,49.130831,,,305511,2021-06-15 06:45:52,284852,Transcribed,600s,1SPT,NOFL,Northern Flicker,COLAPTES AURATUS,1,2564144,1,Song,182.16,3.74,-15.57,f,,Steve Ogle,1211,,Significant microphone hum
PC,925,CARDSTON-ENTRANCE-554,214807,,-113.823163,49.130831,,,305511,2021-06-15 06:45:52,284852,Transcribed,600s,1SPT,SACR,Sandhill Crane,ANTIGONE CANADENSIS,1,2563941,1,Call,0.74,0.95,-19.25,f,,Steve Ogle,1211,,Significant microphone hum
PC,925,CARDSTON-ENTRANCE-555,214805,,-113.825329,49.129131,,,305510,2021-06-18 06:48:20,284851,Transcribed,600s,1SPT,AMGO,American Goldfinch,SPINUS TRISTIS,2,2555045,1,Song,407.94,2.45,-26.07,f,,Steve Ogle,1211,,Constant hum on the mic throughout
PC,925,CARDSTON-ENTRANCE-555,214805,,-113.825329,49.129131,,,305510,2021-06-18 06:48:20,284851,Transcribed,600s,1SPT,AMCR,American Crow,CORVUS BRACHYRHYNCHOS,1,2554997,1,Call,103.74,2.65,-20.23,f,,Steve Ogle,1211,,Constant hum on the mic throughout
PC,925,CARDSTON-ENTRANCE-555,214805,,-113.825329,49.129131,,,305510,2021-06-18 06:48:20,284851,Transcribed,600s,1SPT,AMCR,American Crow,CORVUS BRACHYRHYNCHOS,2,2555001,1,Call,119.89,3.29,-27.46,f,,Steve Ogle,1211,,Constant hum on the mic throughout
PC,925,CARDSTON-ENTRANCE-555,214805,,-113.825329,49.129131,,,305510,2021-06-18 06:48:20,284851,Transcribed,600s,1SPT,AMCR,American Crow,CORVUS BRACHYRHYNCHOS,3,2555005,1,Call,126.99,3.83,-20.84,f,,Steve Ogle,1211,,Constant hum on the mic throughout
PC,925,CARDSTON-ENTRANCE-555,214805,,-113.825329,49.129131,,,305510,2021-06-18 06:48:20,284851,Transcribed,600s,1SPT,BHCO,Brown-headed Cowbird,MOLOTHRUS ATER,1,2554999,1,Song,112.30,2.35,-29.47,f,,Steve Ogle,1211,,Constant hum on the mic throughout
PC,925,CARDSTON-ENTRANCE-555,214805,,-113.825329,49.129131,,,305510,2021-06-18 06:48:20,284851,Transcribed,600s,1SPT,TRES,Tree Swallow,TACHYCINETA BICOLOR,1,2555049,1,Call,462.81,3.96,-22.19,f,,Steve Ogle,1211,,Constant hum on the mic throughout
PC,925,CARDSTON-ENTRANCE-555,214805,,-113.825329,49.129131,,,305510,2021-06-18 06:48:20,284851,Transcribed,600s,1SPT,EUST,European Starling,STURNUS VULGARIS,1,2554957,1,Call,3.98,1.44,-29.68,f,,Steve Ogle,1211,,Constant hum on the mic throughout
PC,925,CARDSTON-ENTRANCE-555,214805,,-113.825329,49.129131,,,305510,2021-06-18 06:48:20,284851,Transcribed,600s,1SPT,EUST,European Starling,STURNUS VULGARIS,2,2554958,TMTT,Call,6.96,2.25,-28.75,f,,Steve Ogle,1211,probably a big flock but really difficult to say,Constant hum on the mic throughout
PC,925,CARDSTON-ENTRANCE-555,214805,,-113.825329,49.129131,,,305510,2021-06-18 06:48:20,284851,Transcribed,600s,1SPT,BHGR,Black-headed Grosbeak,PHEUTICUS MELANOCEPHALUS,1,2555063,1,Song,553.45,7.49,-19.68,f,,Steve Ogle,1211,,Constant hum on the mic throughout
PC,925,CARDSTON-ENTRANCE-555,214805,,-113.825329,49.129131,,,305510,2021-06-18 06:48:20,284851,Transcribed,600s,1SPT,KILL,Killdeer,CHARADRIUS VOCIFERUS,1,2555041,1,Call,307.49,4.90,-24,f,,Steve Ogle,1211,always a possibility this could be a EUST mimicking,Constant hum on the mic throughout
PC,925,CARDSTON-ENTRANCE-555,214805,,-113.825329,49.129131,,,305510,2021-06-18 06:48:20,284851,Transcribed,600s,1SPT,HOWR,House Wren,TROGLODYTES AEDON,1,2554940,1,Song,1.04,2.19,-19.93,f,,Steve Ogle,1211,,Constant hum on the mic throughout
PC,925,CARDSTON-ENTRANCE-555,214805,,-113.825329,49.129131,,,305510,2021-06-18 06:48:20,284851,Transcribed,600s,1SPT,HOWR,House Wren,TROGLODYTES AEDON,2,2554954,1,Song,3.73,2.59,-27.08,f,,Steve Ogle,1211,,Constant hum on the mic throughout
PC,925,CARDSTON-ENTRANCE-555,214805,,-113.825329,49.129131,,,305510,2021-06-18 06:48:20,284851,Transcribed,600s,1SPT,HOWR,House Wren,TROGLODYTES AEDON,3,2554928,1,Song,4.79,1.84,-26.78,f,,Steve Ogle,1211,,Constant hum on the mic throughout
PC,925,CARDSTON-ENTRANCE-555,214805,,-113.825329,49.129131,,,305510,2021-06-18 06:48:20,284851,Transcribed,600s,1SPT,AMGO,American Goldfinch,SPINUS TRISTIS,1,2555032,1,Call,247.25,2.01,-31.17,f,,Steve Ogle,1211,,Constant hum on the mic throughout
PC,925,CARDSTON-ENTRANCE-555,214805,,-113.825329,49.129131,,,305510,2021-06-18 06:48:20,284851,Transcribed,600s,1SPT,VESP,Vesper Sparrow,POOECETES GRAMINEUS,1,2554953,3,Song,0.00,6.48,-26.69,f,,Steve Ogle,1211,,Constant hum on the mic throughout
PC,925,CARDSTON-ENTRANCE-555,214805,,-113.825329,49.129131,,,305510,2021-06-18 06:48:20,284851,Transcribed,600s,1SPT,CCSP,Clay-colored Sparrow,SPIZELLA PALLIDA,3,2554978,1,Song,69.51,2.50,-27.95,f,,Steve Ogle,1211,,Constant hum on the mic throughout
PC,925,CARDSTON-ENTRANCE-555,214805,,-113.825329,49.129131,,,305510,2021-06-18 06:48:20,284851,Transcribed,600s,1SPT,CCSP,Clay-colored Sparrow,SPIZELLA PALLIDA,2,2554973,1,Song,39.68,3.83,-25.67,f,,Steve Ogle,1211,,Constant hum on the mic throughout
PC,925,CARDSTON-ENTRANCE-555,214805,,-113.825329,49.129131,,,305510,2021-06-18 06:48:20,284851,Transcribed,600s,1SPT,CCSP,Clay-colored Sparrow,SPIZELLA PALLIDA,1,2554919,1,Song,0.00,5.21,-29.72,f,,Steve Ogle,1211,,Constant hum on the mic throughout
PC,925,CARDSTON-ENTRANCE-555,214805,,-113.825329,49.129131,,,305510,2021-06-18 06:48:20,284851,Transcribed,600s,1SPT,SAVS,Savannah Sparrow,PASSERCULUS SANDWICHENSIS,2,2554960,1,Song,22.48,2.18,-21.16,f,,Steve Ogle,1211,,Constant hum on the mic throughout
PC,925,CARDSTON-ENTRANCE-555,214805,,-113.825329,49.129131,,,305510,2021-06-18 06:48:20,284851,Transcribed,600s,1SPT,SAVS,Savannah Sparrow,PASSERCULUS SANDWICHENSIS,1,2554949,1,Song,9.60,2.35,-24.93,f,,Steve Ogle,1211,,Constant hum on the mic throughout
PC,925,CARDSTON-ENTRANCE-555,214805,,-113.825329,49.129131,,,305510,2021-06-18 06:48:20,284851,Transcribed,600s,1SPT,AMRO,American Robin,TURDUS MIGRATORIUS,1,2554945,1,Song,0.41,1.84,-29.71,f,,Steve Ogle,1211,,Constant hum on the mic throughout
PC,925,CARDSTON-ENTRANCE-555,214805,,-113.825329,49.129131,,,305510,2021-06-18 06:48:20,284851,Transcribed,600s,1SPT,WCSP,White-crowned Sparrow,ZONOTRICHIA LEUCOPHRYS,1,2555022,1,Song,217.95,3.15,-10.44,f,,Steve Ogle,1211,,Constant hum on the mic throughout
PC,925,CARDSTON-ENTRANCE-555,214805,,-113.825329,49.129131,,,305510,2021-06-18 06:48:20,284851,Transcribed,600s,1SPT,CORA,Common Raven,CORVUS CORAX,1,2554963,1,Call,33.50,1.38,-23.64,f,,Steve Ogle,1211,,Constant hum on the mic throughout
PC,925,CARDSTON-ENTRANCE-555,214805,,-113.825329,49.129131,,,305510,2021-06-18 06:48:20,284851,Transcribed,600s,1SPT,CORA,Common Raven,CORVUS CORAX,2,2555071,1,Call,578.93,4.51,-21.18,f,,Steve Ogle,1211,,Constant hum on the mic throughout
PC,925,CARDSTON-ENTRANCE-555,214805,,-113.825329,49.129131,,,305510,2021-06-18 06:48:20,284851,Transcribed,600s,1SPT,SACR,Sandhill Crane,ANTIGONE CANADENSIS,1,2555039,1,Call,289.88,6.91,-18.65,f,,Steve Ogle,1211,,Constant hum on the mic throughout
PC,925,CARDSTON-ENTRANCE-555,214805,,-113.825329,49.129131,,,305510,2021-06-18 06:48:20,284851,Transcribed,600s,1SPT,SWTH,Swainson's Thrush,CATHARUS USTULATUS,1,2555027,1,Call,225.64,1.33,-31.36,f,,Steve Ogle,1211,one time only; too perfect to be EUST,Constant hum on the mic throughout
PC,925,CARDSTON-ENTRANCE-555,214805,,-113.825329,49.129131,,,305510,2021-06-18 06:48:20,284851,Transcribed,600s,1SPT,AMWI,American Wigeon,MARECA AMERICANA,1,2554991,1,Call,84.59,2.15,-19.66,f,,Steve Ogle,1211,,Constant hum on the mic throughout
PC,925,CARDSTON-ENTRANCE-555,214805,,-113.825329,49.129131,,,305510,2021-06-18 06:48:20,284851,Transcribed,600s,1SPT,RWBL,Red-winged Blackbird,AGELAIUS PHOENICEUS,3,2554983,1,Song,83.68,2.53,-30.74,f,,Steve Ogle,1211,,Constant hum on the mic throughout
PC,925,CARDSTON-ENTRANCE-555,214805,,-113.825329,49.129131,,,305510,2021-06-18 06:48:20,284851,Transcribed,600s,1SPT,ELKK,Elk (wapiti),CERVUS CANADENSIS,1,2554936,TMTT,Call,5.61,8.29,-16.85,f,,Steve Ogle,1211,,Constant hum on the mic throughout
PC,925,CARDSTON-ENTRANCE-555,214805,,-113.825329,49.129131,,,305510,2021-06-18 06:48:20,284851,Transcribed,600s,1SPT,NOWA,Northern Waterthrush,PARKESIA NOVEBORACENSIS,1,2555008,1,Song,134.79,2.78,-26.31,f,,Steve Ogle,1211,,Constant hum on the mic throughout
PC,925,CARDSTON-ENTRANCE-555,214805,,-113.825329,49.129131,,,305510,2021-06-18 06:48:20,284851,Transcribed,600s,1SPT,GRCA,Gray Catbird,DUMETELLA CAROLINENSIS,1,2554995,1,Song,97.05,4.14,-19.82,f,,Steve Ogle,1211,,Constant hum on the mic throughout
PC,925,CARDSTON-ENTRANCE-555,214805,,-113.825329,49.129131,,,305510,2021-06-18 06:48:20,284851,Transcribed,600s,1SPT,RWBL,Red-winged Blackbird,AGELAIUS PHOENICEUS,1,2554976,1,Song,54.29,2.34,-30.35,f,,Steve Ogle,1211,,Constant hum on the mic throughout
PC,925,CARDSTON-ENTRANCE-555,214805,,-113.825329,49.129131,,,305510,2021-06-18 06:48:20,284851,Transcribed,600s,1SPT,AMWI,American Wigeon,MARECA AMERICANA,2,2555058,1,Call,514.73,3.84,-21.86,f,,Steve Ogle,1211,closest I can think of confidence:To Be Checked,Constant hum on the mic throughout
PC,925,CARDSTON-ENTRANCE-555,214805,,-113.825329,49.129131,,,305510,2021-06-18 06:48:20,284851,Transcribed,600s,1SPT,RWBL,Red-winged Blackbird,AGELAIUS PHOENICEUS,2,2554981,1,Song,73.76,3.24,-20.41,f,,Steve Ogle,1211,,Constant hum on the mic throughout
PC,925,CARDSTON-ENTRANCE-556,214804,,-113.827527,49.127773,,,305512,2021-06-18 07:17:00,284853,Transcribed,600s,1SPT,VESP,Vesper Sparrow,POOECETES GRAMINEUS,3,2569051,1,Song,52.01,4.39,-22.32,f,,Steve Ogle,1211,,vehicles
PC,925,CARDSTON-ENTRANCE-556,214804,,-113.827527,49.127773,,,305512,2021-06-18 07:17:00,284853,Transcribed,600s,1SPT,UROPAR,Arctic Ground Squirrel,UROCITELLUS PARRYII,1,2569199,1,Call,580.94,8.19,-30.2,f,,Steve Ogle,1211,,vehicles
PC,925,CARDSTON-ENTRANCE-556,214804,,-113.827527,49.127773,,,305512,2021-06-18 07:17:00,284853,Transcribed,600s,1SPT,COYO,Coyote,CANIS LATRANS,1,2569127,TMTT,Call,329.06,10.11,-21.89,f,,Steve Ogle,1211,,vehicles
PC,925,CARDSTON-ENTRANCE-556,214804,,-113.827527,49.127773,,,305512,2021-06-18 07:17:00,284853,Transcribed,600s,1SPT,CORA,Common Raven,CORVUS CORAX,2,2569087,1,Call,190.60,3.99,-30.91,f,,Steve Ogle,1211,,vehicles
PC,925,CARDSTON-ENTRANCE-556,214804,,-113.827527,49.127773,,,305512,2021-06-18 07:17:00,284853,Transcribed,600s,1SPT,CORA,Common Raven,CORVUS CORAX,1,2568553,1,Call,27.56,3.24,-29.65,f,,Steve Ogle,1211,,vehicles
PC,925,CARDSTON-ENTRANCE-556,214804,,-113.827527,49.127773,,,305512,2021-06-18 07:17:00,284853,Transcribed,600s,1SPT,WISN,Wilson's Snipe,GALLINAGO DELICATA,1,2569160,1,Call,442.28,4.86,-29.48,f,,Steve Ogle,1211,,vehicles
PC,925,CARDSTON-ENTRANCE-556,214804,,-113.827527,49.127773,,,305512,2021-06-18 07:17:00,284853,Transcribed,600s,1SPT,WCSP,White-crowned Sparrow,ZONOTRICHIA LEUCOPHRYS,2,2569110,1,Song,274.26,3.36,-28.88,f,,Steve Ogle,1211,,vehicles
PC,925,CARDSTON-ENTRANCE-556,214804,,-113.827527,49.127773,,,305512,2021-06-18 07:17:00,284853,Transcribed,600s,1SPT,WCSP,White-crowned Sparrow,ZONOTRICHIA LEUCOPHRYS,1,2569036,1,Song,38.68,3.09,-28.64,f,,Steve Ogle,1211,,vehicles
PC,925,CARDSTON-ENTRANCE-556,214804,,-113.827527,49.127773,,,305512,2021-06-18 07:17:00,284853,Transcribed,600s,1SPT,AMRO,American Robin,TURDUS MIGRATORIUS,1,2569063,1,Call,91.46,1.11,-34.94,f,,Steve Ogle,1211,,vehicles
PC,925,CARDSTON-ENTRANCE-556,214804,,-113.827527,49.127773,,,305512,2021-06-18 07:17:00,284853,Transcribed,600s,1SPT,ELKK,Elk (wapiti),CERVUS CANADENSIS,1,2568557,3,Call,31.59,7.60,-27.18,f,,Steve Ogle,1211,,vehicles
PC,925,CARDSTON-ENTRANCE-556,214804,,-113.827527,49.127773,,,305512,2021-06-18 07:17:00,284853,Transcribed,600s,1SPT,HOWR,House Wren,TROGLODYTES AEDON,1,2568519,3,Song,0.01,4.75,-29.63,f,,Steve Ogle,1211,"It's the epicentre for House Wrens, apparently. Could be double-digits throughout.  ",vehicles
PC,925,CARDSTON-ENTRANCE-556,214804,,-113.827527,49.127773,,,305512,2021-06-18 07:17:00,284853,Transcribed,600s,1SPT,ALFL,Alder Flycatcher,EMPIDONAX ALNORUM,1,2569149,1,Song,414.69,1.51,-39.24,f,,Steve Ogle,1211,,vehicles
PC,925,CARDSTON-ENTRANCE-556,214804,,-113.827527,49.127773,,,305512,2021-06-18 07:17:00,284853,Transcribed,600s,1SPT,EUST,European Starling,STURNUS VULGARIS,2,2569057,2,Call,74.89,2.75,-30.22,f,,Steve Ogle,1211,,vehicles
PC,925,CARDSTON-ENTRANCE-556,214804,,-113.827527,49.127773,,,305512,2021-06-18 07:17:00,284853,Transcribed,600s,1SPT,EUST,European Starling,STURNUS VULGARIS,1,2568538,1,Call,13.03,1.29,-21.45,f,,Steve Ogle,1211,,vehicles
PC,925,CARDSTON-ENTRANCE-556,214804,,-113.827527,49.127773,,,305512,2021-06-18 07:17:00,284853,Transcribed,600s,1SPT,TRES,Tree Swallow,TACHYCINETA BICOLOR,2,2569168,1,Call,470.05,1.59,-24.28,f,,Steve Ogle,1211,,vehicles
PC,925,CARDSTON-ENTRANCE-556,214804,,-113.827527,49.127773,,,305512,2021-06-18 07:17:00,284853,Transcribed,600s,1SPT,TRES,Tree Swallow,TACHYCINETA BICOLOR,1,2569082,1,Call,173.69,1.84,-34.63,f,,Steve Ogle,1211,,vehicles
PC,925,CARDSTON-ENTRANCE-556,214804,,-113.827527,49.127773,,,305512,2021-06-18 07:17:00,284853,Transcribed,600s,1SPT,BHCO,Brown-headed Cowbird,MOLOTHRUS ATER,1,2569181,1,Song,495.81,1.88,-30.35,f,,Steve Ogle,1211,,vehicles
PC,925,CARDSTON-ENTRANCE-556,214804,,-113.827527,49.127773,,,305512,2021-06-18 07:17:00,284853,Transcribed,600s,1SPT,BANS,Bank Swallow,RIPARIA RIPARIA,1,2569144,1,Call,407.00,2.36,-19.08,f,,Steve Ogle,1211,,vehicles
PC,925,CARDSTON-ENTRANCE-556,214804,,-113.827527,49.127773,,,305512,2021-06-18 07:17:00,284853,Transcribed,600s,1SPT,BBMA,Black-billed Magpie,PICA HUDSONIA,1,2569207,1,Call,595.29,2.28,-32.6,f,,Steve Ogle,1211,,vehicles
PC,925,CARDSTON-ENTRANCE-556,214804,,-113.827527,49.127773,,,305512,2021-06-18 07:17:00,284853,Transcribed,600s,1SPT,AMCR,American Crow,CORVUS BRACHYRHYNCHOS,1,2569104,1,Call,241.04,2.91,-31.72,f,,Steve Ogle,1211,,vehicles
PC,925,CARDSTON-ENTRANCE-556,214804,,-113.827527,49.127773,,,305512,2021-06-18 07:17:00,284853,Transcribed,600s,1SPT,AMGO,American Goldfinch,SPINUS TRISTIS,1,2569174,1,Call,479.71,2.49,-12.71,f,,Steve Ogle,1211,,vehicles
PC,925,CARDSTON-ENTRANCE-556,214804,,-113.827527,49.127773,,,305512,2021-06-18 07:17:00,284853,Transcribed,600s,1SPT,VESP,Vesper Sparrow,POOECETES GRAMINEUS,2,2569042,1,Song,42.09,3.86,-27.69,f,,Steve Ogle,1211,,vehicles
PC,925,CARDSTON-ENTRANCE-556,214804,,-113.827527,49.127773,,,305512,2021-06-18 07:17:00,284853,Transcribed,600s,1SPT,VESP,Vesper Sparrow,POOECETES GRAMINEUS,1,2568535,1,Song,9.44,4.46,-28.82,f,,Steve Ogle,1211,,vehicles
PC,925,CARDSTON-ENTRANCE-556,214804,,-113.827527,49.127773,,,305512,2021-06-18 07:17:00,284853,Transcribed,600s,1SPT,LISP,Lincoln's Sparrow,MELOSPIZA LINCOLNII,1,2569095,1,Song,213.24,2.99,-30.51,f,,Steve Ogle,1211,,vehicles
PC,925,CARDSTON-ENTRANCE-556,214804,,-113.827527,49.127773,,,305512,2021-06-18 07:17:00,284853,Transcribed,600s,1SPT,SAVS,Savannah Sparrow,PASSERCULUS SANDWICHENSIS,1,2569069,1,Song,128.83,2.13,-35.2,f,,Steve Ogle,1211,,vehicles
PC,925,CARDSTON-ENTRANCE-556,214804,,-113.827527,49.127773,,,305512,2021-06-18 07:17:00,284853,Transcribed,600s,1SPT,RWBL,Red-winged Blackbird,AGELAIUS PHOENICEUS,2,2568546,2,Song,15.51,2.81,-27.81,f,,Steve Ogle,1211,,vehicles
PC,925,CARDSTON-ENTRANCE-556,214804,,-113.827527,49.127773,,,305512,2021-06-18 07:17:00,284853,Transcribed,600s,1SPT,RWBL,Red-winged Blackbird,AGELAIUS PHOENICEUS,1,2568505,1,Song,0.63,1.65,-29.93,f,,Steve Ogle,1211,,vehicles
PC,925,CARDSTON-ENTRANCE-556,214804,,-113.827527,49.127773,,,305512,2021-06-18 07:17:00,284853,Transcribed,600s,1SPT,YEWA,Yellow Warbler,SETOPHAGA PETECHIA,2,2569138,1,Song,360.63,2.70,-30.25,f,,Steve Ogle,1211,hard to say which is the second one,vehicles
PC,925,CARDSTON-ENTRANCE-556,214804,,-113.827527,49.127773,,,305512,2021-06-18 07:17:00,284853,Transcribed,600s,1SPT,YEWA,Yellow Warbler,SETOPHAGA PETECHIA,1,2569073,1,Song,145.20,2.50,-24.25,f,,Steve Ogle,1211,,vehicles
PC,925,CARDSTON-ENTRANCE-557,214806,,-113.828281,49.126072,,,305513,2021-06-18 07:46:04,284854,Transcribed,600s,1SPT,UROPAR,Arctic Ground Squirrel,UROCITELLUS PARRYII,2,2553562,1,Call,570.53,5.65,-15.42,f,,Steve Ogle,1211,,bird noise
PC,925,CARDSTON-ENTRANCE-557,214806,,-113.828281,49.126072,,,305513,2021-06-18 07:46:04,284854,Transcribed,600s,1SPT,UROPAR,Arctic Ground Squirrel,UROCITELLUS PARRYII,1,2553529,1,Call,0.46,4.35,-26.41,f,,Steve Ogle,1211,,bird noise
PC,925,CARDSTON-ENTRANCE-557,214806,,-113.828281,49.126072,,,305513,2021-06-18 07:46:04,284854,Transcribed,600s,1SPT,NOFL,Northern Flicker,COLAPTES AURATUS,1,2553559,1,Call,495.21,1.30,-31.2,f,,Steve Ogle,1211,,bird noise
PC,925,CARDSTON-ENTRANCE-557,214806,,-113.828281,49.126072,,,305513,2021-06-18 07:46:04,284854,Transcribed,600s,1SPT,SACR,Sandhill Crane,ANTIGONE CANADENSIS,1,2553555,1,Call,293.45,6.46,-22.02,f,,Steve Ogle,1211,,bird noise
PC,925,CARDSTON-ENTRANCE-557,214806,,-113.828281,49.126072,,,305513,2021-06-18 07:46:04,284854,Transcribed,600s,1SPT,WCSP,White-crowned Sparrow,ZONOTRICHIA LEUCOPHRYS,1,2553547,1,Song,78.40,3.56,-26.23,f,,Steve Ogle,1211,,bird noise
PC,925,CARDSTON-ENTRANCE-557,214806,,-113.828281,49.126072,,,305513,2021-06-18 07:46:04,284854,Transcribed,600s,1SPT,AMRO,American Robin,TURDUS MIGRATORIUS,1,2553554,1,Call,281.41,3.99,-34.35,f,,Steve Ogle,1211,,bird noise
PC,925,CARDSTON-ENTRANCE-557,214806,,-113.828281,49.126072,,,305513,2021-06-18 07:46:04,284854,Transcribed,600s,1SPT,ELKK,Elk (wapiti),CERVUS CANADENSIS,2,2553561,1,Call,551.18,2.35,-37.91,f,,Steve Ogle,1211,,bird noise
PC,925,CARDSTON-ENTRANCE-557,214806,,-113.828281,49.126072,,,305513,2021-06-18 07:46:04,284854,Transcribed,600s,1SPT,ELKK,Elk (wapiti),CERVUS CANADENSIS,1,2553544,2,Call,38.83,6.48,-30.98,f,,Steve Ogle,1211,,bird noise
PC,925,CARDSTON-ENTRANCE-557,214806,,-113.828281,49.126072,,,305513,2021-06-18 07:46:04,284854,Transcribed,600s,1SPT,HOWR,House Wren,TROGLODYTES AEDON,3,2553539,1,Song,14.63,2.33,-30.49,f,,Steve Ogle,1211,,bird noise
PC,925,CARDSTON-ENTRANCE-557,214806,,-113.828281,49.126072,,,305513,2021-06-18 07:46:04,284854,Transcribed,600s,1SPT,HOWR,House Wren,TROGLODYTES AEDON,2,2553526,1,Song,0.85,1.61,-26.11,f,,Steve Ogle,1211,,bird noise
PC,925,CARDSTON-ENTRANCE-557,214806,,-113.828281,49.126072,,,305513,2021-06-18 07:46:04,284854,Transcribed,600s,1SPT,HOWR,House Wren,TROGLODYTES AEDON,1,2553525,1,Song,0.05,1.49,-25.99,f,,Steve Ogle,1211,,bird noise
PC,925,CARDSTON-ENTRANCE-557,214806,,-113.828281,49.126072,,,305513,2021-06-18 07:46:04,284854,Transcribed,600s,1SPT,CEDW,Cedar Waxwing,BOMBYCILLA CEDRORUM,1,2553549,1,Song,178.18,2.84,-45.69,f,,Steve Ogle,1211,,bird noise
PC,925,CARDSTON-ENTRANCE-557,214806,,-113.828281,49.126072,,,305513,2021-06-18 07:46:04,284854,Transcribed,600s,1SPT,RTHA,Red-tailed Hawk,BUTEO JAMAICENSIS,1,2553545,1,Call,56.01,3.14,-36.26,f,,Steve Ogle,1211,,bird noise
PC,925,CARDSTON-ENTRANCE-557,214806,,-113.828281,49.126072,,,305513,2021-06-18 07:46:04,284854,Transcribed,600s,1SPT,OSPR,Osprey,PANDION HALIAETUS,3,2553550,1,Call,185.94,1.68,-24.12,f,,Steve Ogle,1211,,bird noise
PC,925,CARDSTON-ENTRANCE-557,214806,,-113.828281,49.126072,,,305513,2021-06-18 07:46:04,284854,Transcribed,600s,1SPT,OSPR,Osprey,PANDION HALIAETUS,2,2553548,1,Call,89.64,5.88,-14.43,f,,Steve Ogle,1211,,bird noise
PC,925,CARDSTON-ENTRANCE-557,214806,,-113.828281,49.126072,,,305513,2021-06-18 07:46:04,284854,Transcribed,600s,1SPT,OSPR,Osprey,PANDION HALIAETUS,1,2553528,1,Call,0.18,5.58,-26.26,f,,Steve Ogle,1211,juv begging,bird noise
PC,925,CARDSTON-ENTRANCE-557,214806,,-113.828281,49.126072,,,305513,2021-06-18 07:46:04,284854,Transcribed,600s,1SPT,EAKI,Eastern Kingbird,TYRANNUS TYRANNUS,1,2553556,1,Call,317.41,2.00,-30.61,f,,Steve Ogle,1211,,bird noise
PC,925,CARDSTON-ENTRANCE-557,214806,,-113.828281,49.126072,,,305513,2021-06-18 07:46:04,284854,Transcribed,600s,1SPT,EUST,European Starling,STURNUS VULGARIS,3,2553557,1,Call,418.01,1.23,-42.62,f,,Steve Ogle,1211,,bird noise
PC,925,CARDSTON-ENTRANCE-557,214806,,-113.828281,49.126072,,,305513,2021-06-18 07:46:04,284854,Transcribed,600s,1SPT,EUST,European Starling,STURNUS VULGARIS,2,2553552,1,Call,215.81,1.20,-31.34,f,,Steve Ogle,1211,,bird noise
PC,925,CARDSTON-ENTRANCE-557,214806,,-113.828281,49.126072,,,305513,2021-06-18 07:46:04,284854,Transcribed,600s,1SPT,EUST,European Starling,STURNUS VULGARIS,1,2553541,1,Call,17.88,1.56,-25.08,f,,Steve Ogle,1211,,bird noise
PC,925,CARDSTON-ENTRANCE-557,214806,,-113.828281,49.126072,,,305513,2021-06-18 07:46:04,284854,Transcribed,600s,1SPT,TRES,Tree Swallow,TACHYCINETA BICOLOR,2,2553560,1,Call,508.96,5.06,-30.14,f,,Steve Ogle,1211,,bird noise
PC,925,CARDSTON-ENTRANCE-557,214806,,-113.828281,49.126072,,,305513,2021-06-18 07:46:04,284854,Transcribed,600s,1SPT,TRES,Tree Swallow,TACHYCINETA BICOLOR,1,2553546,1,Call,58.05,2.39,-33.3,f,,Steve Ogle,1211,,bird noise
PC,925,CARDSTON-ENTRANCE-557,214806,,-113.828281,49.126072,,,305513,2021-06-18 07:46:04,284854,Transcribed,600s,1SPT,BHCO,Brown-headed Cowbird,MOLOTHRUS ATER,2,2553558,1,Song,421.61,1.83,-30.51,f,,Steve Ogle,1211,,bird noise
PC,925,CARDSTON-ENTRANCE-557,214806,,-113.828281,49.126072,,,305513,2021-06-18 07:46:04,284854,Transcribed,600s,1SPT,BHCO,Brown-headed Cowbird,MOLOTHRUS ATER,1,2553542,1,Call,29.98,0.94,-34.03,f,,Steve Ogle,1211,,bird noise
PC,925,CARDSTON-ENTRANCE-557,214806,,-113.828281,49.126072,,,305513,2021-06-18 07:46:04,284854,Transcribed,600s,1SPT,VESP,Vesper Sparrow,POOECETES GRAMINEUS,2,2553537,1,Song,11.08,3.33,-35.7,f,,Steve Ogle,1211,,bird noise
PC,925,CARDSTON-ENTRANCE-557,214806,,-113.828281,49.126072,,,305513,2021-06-18 07:46:04,284854,Transcribed,600s,1SPT,VESP,Vesper Sparrow,POOECETES GRAMINEUS,1,2553535,2,Song,2.94,4.79,-30.98,f,,Steve Ogle,1211,,bird noise
PC,925,CARDSTON-ENTRANCE-557,214806,,-113.828281,49.126072,,,305513,2021-06-18 07:46:04,284854,Transcribed,600s,1SPT,CCSP,Clay-colored Sparrow,SPIZELLA PALLIDA,3,2553551,1,Song,195.23,2.35,-18.6,f,,Steve Ogle,1211,,bird noise
PC,925,CARDSTON-ENTRANCE-557,214806,,-113.828281,49.126072,,,305513,2021-06-18 07:46:04,284854,Transcribed,600s,1SPT,CCSP,Clay-colored Sparrow,SPIZELLA PALLIDA,2,2553543,1,Song,32.95,3.70,-25.62,f,,Steve Ogle,1211,,bird noise
PC,925,CARDSTON-ENTRANCE-557,214806,,-113.828281,49.126072,,,305513,2021-06-18 07:46:04,284854,Transcribed,600s,1SPT,CCSP,Clay-colored Sparrow,SPIZELLA PALLIDA,1,2553530,1,Song,3.90,2.49,-31.39,f,,Steve Ogle,1211,,bird noise
PC,925,CARDSTON-ENTRANCE-557,214806,,-113.828281,49.126072,,,305513,2021-06-18 07:46:04,284854,Transcribed,600s,1SPT,RWBL,Red-winged Blackbird,AGELAIUS PHOENICEUS,2,2553538,1,Call,15.24,2.08,-30.47,f,,Steve Ogle,1211,,bird noise
PC,925,CARDSTON-ENTRANCE-557,214806,,-113.828281,49.126072,,,305513,2021-06-18 07:46:04,284854,Transcribed,600s,1SPT,RWBL,Red-winged Blackbird,AGELAIUS PHOENICEUS,1,2553540,1,Call,9.69,1.23,-40.6,f,,Steve Ogle,1211,,bird noise
PC,925,CARDSTON-ENTRANCE-557,214806,,-113.828281,49.126072,,,305513,2021-06-18 07:46:04,284854,Transcribed,600s,1SPT,WEME,Western Meadowlark,STURNELLA NEGLECTA,1,2553553,1,Song,258.51,2.15,-31.86,f,,Steve Ogle,1211,,bird noise
PC,925,CARDSTON-GATE-SOUTH-150,214817,,-113.822109,49.108895,,,305740,2021-06-13 05:02:02,285085,Transcribed,600s,1SPT,BCFR,Boreal Chorus Frog,PSEUDACRIS MACULATA,1,2589064,CI 1,Song,0.00,2.33,-23.35,f,,Steve Ogle,1211,,bird noise
PC,925,CARDSTON-GATE-SOUTH-150,214817,,-113.822109,49.108895,,,305740,2021-06-13 05:02:02,285085,Transcribed,600s,1SPT,RUGR,Ruffed Grouse,BONASA UMBELLUS,1,2589388,1,Non-vocal,222.73,6.49,-23.38,f,,Steve Ogle,1211,,bird noise
PC,925,CARDSTON-GATE-SOUTH-150,214817,,-113.822109,49.108895,,,305740,2021-06-13 05:02:02,285085,Transcribed,600s,1SPT,NOWA,Northern Waterthrush,PARKESIA NOVEBORACENSIS,1,2589069,1,Song,3.99,2.80,-25.28,f,,Steve Ogle,1211,,bird noise
PC,925,CARDSTON-GATE-SOUTH-150,214817,,-113.822109,49.108895,,,305740,2021-06-13 05:02:02,285085,Transcribed,600s,1SPT,YEWA,Yellow Warbler,SETOPHAGA PETECHIA,1,2589032,TMTT,Song,0.03,5.89,-17.21,f,,Steve Ogle,1211,No idea how many but I can hear multiple,bird noise
PC,925,CARDSTON-GATE-SOUTH-150,214817,,-113.822109,49.108895,,,305740,2021-06-13 05:02:02,285085,Transcribed,600s,1SPT,GRCA,Gray Catbird,DUMETELLA CAROLINENSIS,1,2589097,1,Song,5.75,4.35,-25.9,f,,Steve Ogle,1211,,bird noise
PC,925,CARDSTON-GATE-SOUTH-150,214817,,-113.822109,49.108895,,,305740,2021-06-13 05:02:02,285085,Transcribed,600s,1SPT,GRCA,Gray Catbird,DUMETELLA CAROLINENSIS,2,2589223,1,Song,70.76,4.21,-25.34,f,,Steve Ogle,1211,,bird noise
PC,925,CARDSTON-GATE-SOUTH-150,214817,,-113.822109,49.108895,,,305740,2021-06-13 05:02:02,285085,Transcribed,600s,1SPT,GRCA,Gray Catbird,DUMETELLA CAROLINENSIS,3,2589403,1,Call,287.49,1.86,-25.13,f,,Steve Ogle,1211,,bird noise
PC,925,CARDSTON-GATE-SOUTH-150,214817,,-113.822109,49.108895,,,305740,2021-06-13 05:02:02,285085,Transcribed,600s,1SPT,RWBL,Red-winged Blackbird,AGELAIUS PHOENICEUS,1,2589084,1,Song,16.33,1.88,-26.76,f,,Steve Ogle,1211,,bird noise
PC,925,CARDSTON-GATE-SOUTH-150,214817,,-113.822109,49.108895,,,305740,2021-06-13 05:02:02,285085,Transcribed,600s,1SPT,RWBL,Red-winged Blackbird,AGELAIUS PHOENICEUS,2,2589133,1,Song,47.48,1.73,-20.24,f,,Steve Ogle,1211,,bird noise
PC,925,CARDSTON-GATE-SOUTH-150,214817,,-113.822109,49.108895,,,305740,2021-06-13 05:02:02,285085,Transcribed,600s,1SPT,RWBL,Red-winged Blackbird,AGELAIUS PHOENICEUS,3,2589205,1,Call,65.13,1.46,-20.34,f,,Steve Ogle,1211,,bird noise
PC,925,CARDSTON-GATE-SOUTH-150,214817,,-113.822109,49.108895,,,305740,2021-06-13 05:02:02,285085,Transcribed,600s,1SPT,AMGO,American Goldfinch,SPINUS TRISTIS,1,2589233,1,Call,93.40,1.21,-23.25,f,,Steve Ogle,1211,,bird noise
PC,925,CARDSTON-GATE-SOUTH-150,214817,,-113.822109,49.108895,,,305740,2021-06-13 05:02:02,285085,Transcribed,600s,1SPT,BHCO,Brown-headed Cowbird,MOLOTHRUS ATER,1,2589377,1,Song,203.93,2.06,-28.25,f,,Steve Ogle,1211,,bird noise
PC,925,CARDSTON-GATE-SOUTH-150,214817,,-113.822109,49.108895,,,305740,2021-06-13 05:02:02,285085,Transcribed,600s,1SPT,BHCO,Brown-headed Cowbird,MOLOTHRUS ATER,2,2589433,1,Call,404.45,1.93,-31.72,f,,Steve Ogle,1211,,bird noise
PC,925,CARDSTON-GATE-SOUTH-150,214817,,-113.822109,49.108895,,,305740,2021-06-13 05:02:02,285085,Transcribed,600s,1SPT,TRES,Tree Swallow,TACHYCINETA BICOLOR,1,2589212,1,Call,62.20,1.41,-26.8,f,,Steve Ogle,1211,,bird noise
PC,925,CARDSTON-GATE-SOUTH-150,214817,,-113.822109,49.108895,,,305740,2021-06-13 05:02:02,285085,Transcribed,600s,1SPT,TRES,Tree Swallow,TACHYCINETA BICOLOR,2,2589351,1,Call,118.99,4.29,-25.35,f,,Steve Ogle,1211,,bird noise
PC,925,CARDSTON-GATE-SOUTH-150,214817,,-113.822109,49.108895,,,305740,2021-06-13 05:02:02,285085,Transcribed,600s,1SPT,TRES,Tree Swallow,TACHYCINETA BICOLOR,3,2589415,1,Call,317.55,6.38,-23.02,f,,Steve Ogle,1211,,bird noise
PC,925,CARDSTON-GATE-SOUTH-150,214817,,-113.822109,49.108895,,,305740,2021-06-13 05:02:02,285085,Transcribed,600s,1SPT,VEER,Veery,CATHARUS FUSCESCENS,1,2589121,1,Call,41.38,1.14,-27.57,f,,Steve Ogle,1211,,bird noise
PC,925,CARDSTON-GATE-SOUTH-150,214817,,-113.822109,49.108895,,,305740,2021-06-13 05:02:02,285085,Transcribed,600s,1SPT,VEER,Veery,CATHARUS FUSCESCENS,2,2589371,1,Song,178.35,2.04,-31.6,f,,Steve Ogle,1211,,bird noise
PC,925,CARDSTON-GATE-SOUTH-150,214817,,-113.822109,49.108895,,,305740,2021-06-13 05:02:02,285085,Transcribed,600s,1SPT,PBGR,Pied-billed Grebe,PODILYMBUS PODICEPS,1,2589382,1,Song,213.30,9.36,-26.63,f,,Steve Ogle,1211,,bird noise
PC,925,CARDSTON-GATE-SOUTH-150,214817,,-113.822109,49.108895,,,305740,2021-06-13 05:02:02,285085,Transcribed,600s,1SPT,WEWP,Western Wood-Pewee,CONTOPUS SORDIDULUS,1,2589114,1,Song,26.95,2.14,-25.67,f,,Steve Ogle,1211,,bird noise
PC,925,CARDSTON-GATE-SOUTH-150,214817,,-113.822109,49.108895,,,305740,2021-06-13 05:02:02,285085,Transcribed,600s,1SPT,AMRE,American Redstart,SETOPHAGA RUTICILLA,1,2589211,1,Song,58.90,1.48,-29.88,f,,Steve Ogle,1211,,bird noise
PC,925,CARDSTON-GATE-SOUTH-150,214817,,-113.822109,49.108895,,,305740,2021-06-13 05:02:02,285085,Transcribed,600s,1SPT,EAKI,Eastern Kingbird,TYRANNUS TYRANNUS,1,2589056,1,Song,6.84,2.39,-27.65,f,,Steve Ogle,1211,,bird noise
PC,925,CARDSTON-GATE-SOUTH-150,214817,,-113.822109,49.108895,,,305740,2021-06-13 05:02:02,285085,Transcribed,600s,1SPT,BHGR,Black-headed Grosbeak,PHEUTICUS MELANOCEPHALUS,1,2589419,1,Song,335.00,4.79,-22.22,f,,Steve Ogle,1211,likely earlier,bird noise
PC,925,CARDSTON-GATE-SOUTH-150,214817,,-113.822109,49.108895,,,305740,2021-06-13 05:02:02,285085,Transcribed,600s,1SPT,ALFL,Alder Flycatcher,EMPIDONAX ALNORUM,1,2589119,1,Song,39.38,1.24,-25.54,f,,Steve Ogle,1211,,bird noise
PC,925,CARDSTON-GATE-SOUTH-150,214817,,-113.822109,49.108895,,,305740,2021-06-13 05:02:02,285085,Transcribed,600s,1SPT,MODO,Mourning Dove,ZENAIDA MACROURA,1,2589442,1,Song,445.85,4.56,-29.09,f,,Steve Ogle,1211,,bird noise
PC,925,CARDSTON-GATE-SOUTH-150,214817,,-113.822109,49.108895,,,305740,2021-06-13 05:02:02,285085,Transcribed,600s,1SPT,HOWR,House Wren,TROGLODYTES AEDON,1,2589035,TMTT,Song,0.00,4.31,-21.91,f,,Steve Ogle,1211,Difficult to discern how many but can hear multiple,bird noise
PC,925,CARDSTON-GATE-SOUTH-150,214817,,-113.822109,49.108895,,,305740,2021-06-13 05:02:02,285085,Transcribed,600s,1SPT,HOWR,House Wren,TROGLODYTES AEDON,2,2589357,1,Song,135.56,2.84,-20.05,f,,Steve Ogle,1211,,bird noise
PC,925,CARDSTON-GATE-SOUTH-150,214817,,-113.822109,49.108895,,,305740,2021-06-13 05:02:02,285085,Transcribed,600s,1SPT,YHBL,Yellow-headed Blackbird,XANTHOCEPHALUS XANTHOCEPHALUS,1,2589199,2,Song,63.53,5.00,-20.43,f,,Steve Ogle,1211,prob earlier,bird noise
PC,925,CARDSTON-GATE-SOUTH-150,214817,,-113.822109,49.108895,,,305740,2021-06-13 05:02:02,285085,Transcribed,600s,1SPT,AMRO,American Robin,TURDUS MIGRATORIUS,1,2588943,3,Song,0.00,9.16,-17.17,f,,Steve Ogle,1211,one close and a couple far,bird noise
PC,925,CARDSTON-GATE-SOUTH-150,214817,,-113.822109,49.108895,,,305740,2021-06-13 05:02:02,285085,Transcribed,600s,1SPT,WCSP,White-crowned Sparrow,ZONOTRICHIA LEUCOPHRYS,1,2589127,1,Song,44.83,2.55,-26.09,f,,Steve Ogle,1211,,bird noise
PC,925,CARDSTON-GATE-SOUTH-150,214817,,-113.822109,49.108895,,,305740,2021-06-13 05:02:02,285085,Transcribed,600s,1SPT,WCSP,White-crowned Sparrow,ZONOTRICHIA LEUCOPHRYS,2,2589193,1,Song,58.68,2.36,-26.67,f,,Steve Ogle,1211,,bird noise
PC,925,CARDSTON-GATE-SOUTH-150,214817,,-113.822109,49.108895,,,305740,2021-06-13 05:02:02,285085,Transcribed,600s,1SPT,CORA,Common Raven,CORVUS CORAX,1,2588949,1,Call,4.15,0.70,-20.65,f,,Steve Ogle,1211,,bird noise
PC,925,CARDSTON-GATE-SOUTH-150,214817,,-113.822109,49.108895,,,305740,2021-06-13 05:02:02,285085,Transcribed,600s,1SPT,CORA,Common Raven,CORVUS CORAX,2,2589366,1,Call,167.69,1.21,-29.41,f,,Steve Ogle,1211,,bird noise
PC,925,CARDSTON-GATE-SOUTH-151,214815,,-113.820161,49.111264,,,305741,2021-06-13 05:29:15,285086,Transcribed,600s,1SPT,TRES,Tree Swallow,TACHYCINETA BICOLOR,1,2557096,1,Call,104.36,2.26,-36.51,f,,Steve Ogle,1211,,background bird noise
PC,925,CARDSTON-GATE-SOUTH-151,214815,,-113.820161,49.111264,,,305741,2021-06-13 05:29:15,285086,Transcribed,600s,1SPT,RUGR,Ruffed Grouse,BONASA UMBELLUS,1,2557121,1,Non-vocal,326.89,5.31,-31.3,f,,Steve Ogle,1211,,background bird noise
PC,925,CARDSTON-GATE-SOUTH-151,214815,,-113.820161,49.111264,,,305741,2021-06-13 05:29:15,285086,Transcribed,600s,1SPT,SACR,Sandhill Crane,ANTIGONE CANADENSIS,1,2557117,2,Call,217.08,6.88,-18.19,f,,Steve Ogle,1211,,background bird noise
PC,925,CARDSTON-GATE-SOUTH-151,214815,,-113.820161,49.111264,,,305741,2021-06-13 05:29:15,285086,Transcribed,600s,1SPT,CORA,Common Raven,CORVUS CORAX,1,2557100,1,Call,134.34,2.15,-16.96,f,,Steve Ogle,1211,,background bird noise
PC,925,CARDSTON-GATE-SOUTH-151,214815,,-113.820161,49.111264,,,305741,2021-06-13 05:29:15,285086,Transcribed,600s,1SPT,WISN,Wilson's Snipe,GALLINAGO DELICATA,3,2557092,1,Call,94.10,4.74,-22.83,f,,Steve Ogle,1211,,background bird noise
PC,925,CARDSTON-GATE-SOUTH-151,214815,,-113.820161,49.111264,,,305741,2021-06-13 05:29:15,285086,Transcribed,600s,1SPT,WISN,Wilson's Snipe,GALLINAGO DELICATA,2,2557091,1,Song,86.96,2.38,-30.25,f,,Steve Ogle,1211,,background bird noise
PC,925,CARDSTON-GATE-SOUTH-151,214815,,-113.820161,49.111264,,,305741,2021-06-13 05:29:15,285086,Transcribed,600s,1SPT,WISN,Wilson's Snipe,GALLINAGO DELICATA,1,2557088,1,Song,78.51,1.79,-31.57,f,,Steve Ogle,1211,technically non-vocal (flight display),background bird noise
PC,925,CARDSTON-GATE-SOUTH-151,214815,,-113.820161,49.111264,,,305741,2021-06-13 05:29:15,285086,Transcribed,600s,1SPT,WCSP,White-crowned Sparrow,ZONOTRICHIA LEUCOPHRYS,2,2557123,1,Song,361.09,2.74,-33.4,f,,Steve Ogle,1211,,background bird noise
PC,925,CARDSTON-GATE-SOUTH-151,214815,,-113.820161,49.111264,,,305741,2021-06-13 05:29:15,285086,Transcribed,600s,1SPT,WCSP,White-crowned Sparrow,ZONOTRICHIA LEUCOPHRYS,1,2557057,1,Song,7.11,2.78,-30.22,f,,Steve Ogle,1211,,background bird noise
PC,925,CARDSTON-GATE-SOUTH-151,214815,,-113.820161,49.111264,,,305741,2021-06-13 05:29:15,285086,Transcribed,600s,1SPT,AMRO,American Robin,TURDUS MIGRATORIUS,2,2557084,1,Call,54.50,2.45,-24.26,f,,Steve Ogle,1211,,background bird noise
PC,925,CARDSTON-GATE-SOUTH-151,214815,,-113.820161,49.111264,,,305741,2021-06-13 05:29:15,285086,Transcribed,600s,1SPT,AMRO,American Robin,TURDUS MIGRATORIUS,1,2557076,1,Song,24.61,2.58,-17.87,f,,Steve Ogle,1211,,background bird noise
PC,925,CARDSTON-GATE-SOUTH-151,214815,,-113.820161,49.111264,,,305741,2021-06-13 05:29:15,285086,Transcribed,600s,1SPT,YHBL,Yellow-headed Blackbird,XANTHOCEPHALUS XANTHOCEPHALUS,3,2557081,1,Song,48.11,2.29,-18.74,f,,Steve Ogle,1211,,background bird noise
PC,925,CARDSTON-GATE-SOUTH-151,214815,,-113.820161,49.111264,,,305741,2021-06-13 05:29:15,285086,Transcribed,600s,1SPT,YHBL,Yellow-headed Blackbird,XANTHOCEPHALUS XANTHOCEPHALUS,2,2557078,1,Call,38.25,1.40,-40.53,f,,Steve Ogle,1211,,background bird noise
PC,925,CARDSTON-GATE-SOUTH-151,214815,,-113.820161,49.111264,,,305741,2021-06-13 05:29:15,285086,Transcribed,600s,1SPT,YHBL,Yellow-headed Blackbird,XANTHOCEPHALUS XANTHOCEPHALUS,1,2557068,1,Song,12.54,1.64,-16.46,f,,Steve Ogle,1211,part of background noise,background bird noise
PC,925,CARDSTON-GATE-SOUTH-151,214815,,-113.820161,49.111264,,,305741,2021-06-13 05:29:15,285086,Transcribed,600s,1SPT,HOWR,House Wren,TROGLODYTES AEDON,2,2557079,1,Song,44.71,1.89,-28.57,f,,Steve Ogle,1211,,background bird noise
PC,925,CARDSTON-GATE-SOUTH-151,214815,,-113.820161,49.111264,,,305741,2021-06-13 05:29:15,285086,Transcribed,600s,1SPT,HOWR,House Wren,TROGLODYTES AEDON,1,2557060,2,Song,3.88,3.31,-32.24,f,,Steve Ogle,1211,,background bird noise
PC,925,CARDSTON-GATE-SOUTH-151,214815,,-113.820161,49.111264,,,305741,2021-06-13 05:29:15,285086,Transcribed,600s,1SPT,MODO,Mourning Dove,ZENAIDA MACROURA,1,2557097,1,Song,114.74,3.84,-33.03,f,,Steve Ogle,1211,,background bird noise
PC,925,CARDSTON-GATE-SOUTH-151,214815,,-113.820161,49.111264,,,305741,2021-06-13 05:29:15,285086,Transcribed,600s,1SPT,CEDW,Cedar Waxwing,BOMBYCILLA CEDRORUM,3,2557118,1,Song,224.10,2.54,-45.92,f,,Steve Ogle,1211,"one of these has to be the third indiv
",background bird noise
PC,925,CARDSTON-GATE-SOUTH-151,214815,,-113.820161,49.111264,,,305741,2021-06-13 05:29:15,285086,Transcribed,600s,1SPT,CEDW,Cedar Waxwing,BOMBYCILLA CEDRORUM,2,2557093,1,Song,94.95,2.76,-50.15,f,,Steve Ogle,1211,,background bird noise
PC,925,CARDSTON-GATE-SOUTH-151,214815,,-113.820161,49.111264,,,305741,2021-06-13 05:29:15,285086,Transcribed,600s,1SPT,CEDW,Cedar Waxwing,BOMBYCILLA CEDRORUM,1,2557075,1,Song,36.13,2.08,-29.3,f,,Steve Ogle,1211,,background bird noise
PC,925,CARDSTON-GATE-SOUTH-151,214815,,-113.820161,49.111264,,,305741,2021-06-13 05:29:15,285086,Transcribed,600s,1SPT,RNSA,Red-naped Sapsucker,SPHYRAPICUS NUCHALIS,1,2557115,1,Non-vocal,203.25,3.69,-19.3,f,,Steve Ogle,1211,,background bird noise
PC,925,CARDSTON-GATE-SOUTH-151,214815,,-113.820161,49.111264,,,305741,2021-06-13 05:29:15,285086,Transcribed,600s,1SPT,SORA,Sora,PORZANA CAROLINA,1,2557101,1,Call,151.56,2.54,-26.27,f,,Steve Ogle,1211,,background bird noise
PC,925,CARDSTON-GATE-SOUTH-151,214815,,-113.820161,49.111264,,,305741,2021-06-13 05:29:15,285086,Transcribed,600s,1SPT,BHGR,Black-headed Grosbeak,PHEUTICUS MELANOCEPHALUS,2,2557124,1,Song,384.41,6.86,-18.96,f,,Steve Ogle,1211,two of them here,background bird noise
PC,925,CARDSTON-GATE-SOUTH-151,214815,,-113.820161,49.111264,,,305741,2021-06-13 05:29:15,285086,Transcribed,600s,1SPT,BHGR,Black-headed Grosbeak,PHEUTICUS MELANOCEPHALUS,1,2557103,1,Song,159.35,3.54,-16.36,f,,Steve Ogle,1211,prob earlier,background bird noise
PC,925,CARDSTON-GATE-SOUTH-151,214815,,-113.820161,49.111264,,,305741,2021-06-13 05:29:15,285086,Transcribed,600s,1SPT,EAKI,Eastern Kingbird,TYRANNUS TYRANNUS,1,2557089,1,Song,81.23,1.26,-24.45,f,,Steve Ogle,1211,,background bird noise
PC,925,CARDSTON-GATE-SOUTH-151,214815,,-113.820161,49.111264,,,305741,2021-06-13 05:29:15,285086,Transcribed,600s,1SPT,WEWP,Western Wood-Pewee,CONTOPUS SORDIDULUS,1,2557099,1,Song,127.48,2.09,-34.45,f,,Steve Ogle,1211,,background bird noise
PC,925,CARDSTON-GATE-SOUTH-151,214815,,-113.820161,49.111264,,,305741,2021-06-13 05:29:15,285086,Transcribed,600s,1SPT,PBGR,Pied-billed Grebe,PODILYMBUS PODICEPS,1,2557125,1,Song,401.40,5.33,-16.49,f,,Steve Ogle,1211,,background bird noise
PC,925,CARDSTON-GATE-SOUTH-151,214815,,-113.820161,49.111264,,,305741,2021-06-13 05:29:15,285086,Transcribed,600s,1SPT,VEER,Veery,CATHARUS FUSCESCENS,1,2557114,1,Song,200.76,2.24,-35,f,,Steve Ogle,1211,,background bird noise
PC,925,CARDSTON-GATE-SOUTH-151,214815,,-113.820161,49.111264,,,305741,2021-06-13 05:29:15,285086,Transcribed,600s,1SPT,TRES,Tree Swallow,TACHYCINETA BICOLOR,3,2557107,1,Call,173.03,1.81,-29.55,f,,Steve Ogle,1211,difficult to count,background bird noise
PC,925,CARDSTON-GATE-SOUTH-151,214815,,-113.820161,49.111264,,,305741,2021-06-13 05:29:15,285086,Transcribed,600s,1SPT,TRES,Tree Swallow,TACHYCINETA BICOLOR,2,2557098,1,Call,114.79,3.50,-33.13,f,,Steve Ogle,1211,,background bird noise
PC,925,CARDSTON-GATE-SOUTH-151,214815,,-113.820161,49.111264,,,305741,2021-06-13 05:29:15,285086,Transcribed,600s,1SPT,BHCO,Brown-headed Cowbird,MOLOTHRUS ATER,2,2557116,1,Song,210.84,1.79,-39.24,f,,Steve Ogle,1211,,background bird noise
PC,925,CARDSTON-GATE-SOUTH-151,214815,,-113.820161,49.111264,,,305741,2021-06-13 05:29:15,285086,Transcribed,600s,1SPT,BHCO,Brown-headed Cowbird,MOLOTHRUS ATER,1,2557058,1,Song,4.10,0.89,-38,f,,Steve Ogle,1211,,background bird noise
PC,925,CARDSTON-GATE-SOUTH-151,214815,,-113.820161,49.111264,,,305741,2021-06-13 05:29:15,285086,Transcribed,600s,1SPT,AMCR,American Crow,CORVUS BRACHYRHYNCHOS,1,2557120,1,Call,289.15,2.63,-30.39,f,,Steve Ogle,1211,,background bird noise
PC,925,CARDSTON-GATE-SOUTH-151,214815,,-113.820161,49.111264,,,305741,2021-06-13 05:29:15,285086,Transcribed,600s,1SPT,PISI,Pine Siskin,SPINUS PINUS,2,2557085,1,Call,61.08,2.01,-35.15,f,,Steve Ogle,1211,,background bird noise
PC,925,CARDSTON-GATE-SOUTH-151,214815,,-113.820161,49.111264,,,305741,2021-06-13 05:29:15,285086,Transcribed,600s,1SPT,PISI,Pine Siskin,SPINUS PINUS,1,2557082,1,Call,48.68,3.49,-19.61,f,,Steve Ogle,1211,,background bird noise
PC,925,CARDSTON-GATE-SOUTH-151,214815,,-113.820161,49.111264,,,305741,2021-06-13 05:29:15,285086,Transcribed,600s,1SPT,VESP,Vesper Sparrow,POOECETES GRAMINEUS,2,2557122,1,Song,350.50,3.53,-34.38,f,,Steve Ogle,1211,,background bird noise
PC,925,CARDSTON-GATE-SOUTH-151,214815,,-113.820161,49.111264,,,305741,2021-06-13 05:29:15,285086,Transcribed,600s,1SPT,VESP,Vesper Sparrow,POOECETES GRAMINEUS,1,2557055,1,Song,0.00,2.73,-14.55,f,,Steve Ogle,1211,,background bird noise
PC,925,CARDSTON-GATE-SOUTH-151,214815,,-113.820161,49.111264,,,305741,2021-06-13 05:29:15,285086,Transcribed,600s,1SPT,CHSP,Chipping Sparrow,SPIZELLA PASSERINA,2,2557126,1,Song,433.85,3.33,-33.61,f,,Steve Ogle,1211,,background bird noise
PC,925,CARDSTON-GATE-SOUTH-151,214815,,-113.820161,49.111264,,,305741,2021-06-13 05:29:15,285086,Transcribed,600s,1SPT,CHSP,Chipping Sparrow,SPIZELLA PASSERINA,1,2557086,1,Song,61.24,3.76,-29.58,f,,Steve Ogle,1211,,background bird noise
PC,925,CARDSTON-GATE-SOUTH-151,214815,,-113.820161,49.111264,,,305741,2021-06-13 05:29:15,285086,Transcribed,600s,1SPT,CCSP,Clay-colored Sparrow,SPIZELLA PALLIDA,2,2557095,1,Song,103.03,2.78,-37.03,f,,Steve Ogle,1211,,background bird noise
PC,925,CARDSTON-GATE-SOUTH-151,214815,,-113.820161,49.111264,,,305741,2021-06-13 05:29:15,285086,Transcribed,600s,1SPT,CCSP,Clay-colored Sparrow,SPIZELLA PALLIDA,1,2557087,1,Song,65.91,3.33,-26.63,f,,Steve Ogle,1211,,background bird noise
PC,925,CARDSTON-GATE-SOUTH-151,214815,,-113.820161,49.111264,,,305741,2021-06-13 05:29:15,285086,Transcribed,600s,1SPT,RWBL,Red-winged Blackbird,AGELAIUS PHOENICEUS,2,2557071,2,Song,16.71,2.28,-26.86,f,,Steve Ogle,1211,,background bird noise
PC,925,CARDSTON-GATE-SOUTH-151,214815,,-113.820161,49.111264,,,305741,2021-06-13 05:29:15,285086,Transcribed,600s,1SPT,RWBL,Red-winged Blackbird,AGELAIUS PHOENICEUS,1,2557066,1,Song,10.03,1.61,-25.2,f,,Steve Ogle,1211,can barely hear one or several here; part of the background noise,background bird noise
PC,925,CARDSTON-GATE-SOUTH-151,214815,,-113.820161,49.111264,,,305741,2021-06-13 05:29:15,285086,Transcribed,600s,1SPT,GRCA,Gray Catbird,DUMETELLA CAROLINENSIS,1,2557059,1,Song,2.88,2.58,-34.48,f,,Steve Ogle,1211,"all I can make out here, and barely so",background bird noise
PC,925,CARDSTON-GATE-SOUTH-151,214815,,-113.820161,49.111264,,,305741,2021-06-13 05:29:15,285086,Transcribed,600s,1SPT,YEWA,Yellow Warbler,SETOPHAGA PETECHIA,3,2557094,1,Song,100.25,2.26,-21.22,f,,Steve Ogle,1211,,background bird noise
PC,925,CARDSTON-GATE-SOUTH-151,214815,,-113.820161,49.111264,,,305741,2021-06-13 05:29:15,285086,Transcribed,600s,1SPT,YEWA,Yellow Warbler,SETOPHAGA PETECHIA,2,2557073,1,Song,20.60,2.09,-31.6,f,,Steve Ogle,1211,,background bird noise
PC,925,CARDSTON-GATE-SOUTH-151,214815,,-113.820161,49.111264,,,305741,2021-06-13 05:29:15,285086,Transcribed,600s,1SPT,YEWA,Yellow Warbler,SETOPHAGA PETECHIA,1,2557064,1,Song,15.01,2.40,-39.01,f,,Steve Ogle,1211,,background bird noise
PC,925,CARDSTON-GATE-SOUTH-151,214815,,-113.820161,49.111264,,,305741,2021-06-13 05:29:15,285086,Transcribed,600s,1SPT,NOWA,Northern Waterthrush,PARKESIA NOVEBORACENSIS,2,2557074,1,Song,27.64,2.14,-33.02,f,,Steve Ogle,1211,,background bird noise
PC,925,CARDSTON-GATE-SOUTH-151,214815,,-113.820161,49.111264,,,305741,2021-06-13 05:29:15,285086,Transcribed,600s,1SPT,NOWA,Northern Waterthrush,PARKESIA NOVEBORACENSIS,1,2557062,1,Song,6.65,1.73,-30.1,f,,Steve Ogle,1211,,background bird noise
PC,925,CARDSTON-GATE-SOUTH-151,214815,,-113.820161,49.111264,,,305741,2021-06-13 05:29:15,285086,Transcribed,600s,1SPT,LEFL,Least Flycatcher,EMPIDONAX MINIMUS,1,2557119,1,Song,261.08,2.11,-25.76,f,,Steve Ogle,1211,,background bird noise
PC,925,CARDSTON-GATE-SOUTH-152,214814,,-113.816892,49.114043,,,305742,2021-06-13 05:58:20,285087,Transcribed,600s,1SPT,YEWA,Yellow Warbler,SETOPHAGA PETECHIA,2,2596937,1,Song,11.66,2.14,-19.21,f,,Steve Ogle,1211,,heavy bird noise
PC,925,CARDSTON-GATE-SOUTH-152,214814,,-113.816892,49.114043,,,305742,2021-06-13 05:58:20,285087,Transcribed,600s,1SPT,NOWA,Northern Waterthrush,PARKESIA NOVEBORACENSIS,2,2596982,1,Song,130.69,3.54,-24.18,f,,Steve Ogle,1211,,heavy bird noise
PC,925,CARDSTON-GATE-SOUTH-152,214814,,-113.816892,49.114043,,,305742,2021-06-13 05:58:20,285087,Transcribed,600s,1SPT,NOWA,Northern Waterthrush,PARKESIA NOVEBORACENSIS,1,2596942,1,Song,16.45,2.84,-23.77,f,,Steve Ogle,1211,,heavy bird noise
PC,925,CARDSTON-GATE-SOUTH-152,214814,,-113.816892,49.114043,,,305742,2021-06-13 05:58:20,285087,Transcribed,600s,1SPT,VESP,Vesper Sparrow,POOECETES GRAMINEUS,1,2596918,1,Song,0.23,2.84,-14.48,f,,Steve Ogle,1211,,heavy bird noise
PC,925,CARDSTON-GATE-SOUTH-152,214814,,-113.816892,49.114043,,,305742,2021-06-13 05:58:20,285087,Transcribed,600s,1SPT,CCSP,Clay-colored Sparrow,SPIZELLA PALLIDA,2,2597025,1,Call,443.09,3.85,-20.28,f,,Steve Ogle,1211,,heavy bird noise
PC,925,CARDSTON-GATE-SOUTH-152,214814,,-113.816892,49.114043,,,305742,2021-06-13 05:58:20,285087,Transcribed,600s,1SPT,CCSP,Clay-colored Sparrow,SPIZELLA PALLIDA,1,2596922,1,Song,2.81,1.93,-29.31,f,,Steve Ogle,1211,,heavy bird noise
PC,925,CARDSTON-GATE-SOUTH-152,214814,,-113.816892,49.114043,,,305742,2021-06-13 05:58:20,285087,Transcribed,600s,1SPT,RWBL,Red-winged Blackbird,AGELAIUS PHOENICEUS,2,2597030,1,Call,541.89,7.45,-23.66,f,,Steve Ogle,1211,,heavy bird noise
PC,925,CARDSTON-GATE-SOUTH-152,214814,,-113.816892,49.114043,,,305742,2021-06-13 05:58:20,285087,Transcribed,600s,1SPT,RWBL,Red-winged Blackbird,AGELAIUS PHOENICEUS,1,2596984,1,Call,143.51,2.55,-25.92,f,,Steve Ogle,1211,,heavy bird noise
PC,925,CARDSTON-GATE-SOUTH-152,214814,,-113.816892,49.114043,,,305742,2021-06-13 05:58:20,285087,Transcribed,600s,1SPT,PBGR,Pied-billed Grebe,PODILYMBUS PODICEPS,1,2596946,1,Song,26.54,6.65,-20.47,f,,Steve Ogle,1211,,heavy bird noise
PC,925,CARDSTON-GATE-SOUTH-152,214814,,-113.816892,49.114043,,,305742,2021-06-13 05:58:20,285087,Transcribed,600s,1SPT,PBGR,Pied-billed Grebe,PODILYMBUS PODICEPS,2,2596959,1,Song,64.94,7.54,-30.72,f,,Steve Ogle,1211,"seems odd that cuckoo and PBGR are in the same recording, so I may be challenged on ID here but both sound perfect; at the end of this tag there is a RNSA drum on a pole or something that also adds complexity",heavy bird noise
PC,925,CARDSTON-GATE-SOUTH-152,214814,,-113.816892,49.114043,,,305742,2021-06-13 05:58:20,285087,Transcribed,600s,1SPT,WEWP,Western Wood-Pewee,CONTOPUS SORDIDULUS,1,2596957,1,Song,56.23,1.63,-33.46,f,,Steve Ogle,1211,,heavy bird noise
PC,925,CARDSTON-GATE-SOUTH-152,214814,,-113.816892,49.114043,,,305742,2021-06-13 05:58:20,285087,Transcribed,600s,1SPT,AMRE,American Redstart,SETOPHAGA RUTICILLA,1,2596929,1,Song,6.09,1.84,-30.44,f,,Steve Ogle,1211,,heavy bird noise
PC,925,CARDSTON-GATE-SOUTH-152,214814,,-113.816892,49.114043,,,305742,2021-06-13 05:58:20,285087,Transcribed,600s,1SPT,YEWA,Yellow Warbler,SETOPHAGA PETECHIA,1,2596935,1,Song,9.33,2.05,-26.58,f,,Steve Ogle,1211,,heavy bird noise
PC,925,CARDSTON-GATE-SOUTH-152,214814,,-113.816892,49.114043,,,305742,2021-06-13 05:58:20,285087,Transcribed,600s,1SPT,EAKI,Eastern Kingbird,TYRANNUS TYRANNUS,1,2596923,1,Song,4.36,0.86,-31.44,f,,Steve Ogle,1211,,heavy bird noise
PC,925,CARDSTON-GATE-SOUTH-152,214814,,-113.816892,49.114043,,,305742,2021-06-13 05:58:20,285087,Transcribed,600s,1SPT,BHGR,Black-headed Grosbeak,PHEUTICUS MELANOCEPHALUS,1,2596919,1,Song,0.90,2.80,-14.65,f,,Steve Ogle,1211,,heavy bird noise
PC,925,CARDSTON-GATE-SOUTH-152,214814,,-113.816892,49.114043,,,305742,2021-06-13 05:58:20,285087,Transcribed,600s,1SPT,BHGR,Black-headed Grosbeak,PHEUTICUS MELANOCEPHALUS,2,2596954,1,Song,50.59,3.88,-29.02,f,,Steve Ogle,1211,,heavy bird noise
PC,925,CARDSTON-GATE-SOUTH-152,214814,,-113.816892,49.114043,,,305742,2021-06-13 05:58:20,285087,Transcribed,600s,1SPT,RNSA,Red-naped Sapsucker,SPHYRAPICUS NUCHALIS,1,2596921,1,Non-vocal,3.81,2.58,-24.08,f,,Steve Ogle,1211,"",heavy bird noise
PC,925,CARDSTON-GATE-SOUTH-152,214814,,-113.816892,49.114043,,,305742,2021-06-13 05:58:20,285087,Transcribed,600s,1SPT,YEWA,Yellow Warbler,SETOPHAGA PETECHIA,3,2597016,1,Song,288.78,2.94,-26.7,f,,Steve Ogle,1211,,heavy bird noise
PC,925,CARDSTON-GATE-SOUTH-152,214814,,-113.816892,49.114043,,,305742,2021-06-13 05:58:20,285087,Transcribed,600s,1SPT,RNSA,Red-naped Sapsucker,SPHYRAPICUS NUCHALIS,2,2596976,1,Call,88.48,0.88,-16.56,f,,Steve Ogle,1211,,heavy bird noise
PC,925,CARDSTON-GATE-SOUTH-152,214814,,-113.816892,49.114043,,,305742,2021-06-13 05:58:20,285087,Transcribed,600s,1SPT,AMCR,American Crow,CORVUS BRACHYRHYNCHOS,2,2597018,1,Call,312.30,2.29,-20.87,f,,Steve Ogle,1211,,heavy bird noise
PC,925,CARDSTON-GATE-SOUTH-152,214814,,-113.816892,49.114043,,,305742,2021-06-13 05:58:20,285087,Transcribed,600s,1SPT,DUFL,Dusky Flycatcher,EMPIDONAX OBERHOLSERI,1,2597010,1,Song,268.69,1.68,-24.95,f,,Steve Ogle,1211,,heavy bird noise
PC,925,CARDSTON-GATE-SOUTH-152,214814,,-113.816892,49.114043,,,305742,2021-06-13 05:58:20,285087,Transcribed,600s,1SPT,GRCA,Gray Catbird,DUMETELLA CAROLINENSIS,1,2596924,1,Song,3.60,3.11,-23.76,f,,Steve Ogle,1211,,heavy bird noise
PC,925,CARDSTON-GATE-SOUTH-152,214814,,-113.816892,49.114043,,,305742,2021-06-13 05:58:20,285087,Transcribed,600s,1SPT,GRCA,Gray Catbird,DUMETELLA CAROLINENSIS,2,2596992,1,Call,79.53,2.11,-31.85,f,,Steve Ogle,1211,,heavy bird noise
PC,925,CARDSTON-GATE-SOUTH-152,214814,,-113.816892,49.114043,,,305742,2021-06-13 05:58:20,285087,Transcribed,600s,1SPT,BBCU,Black-billed Cuckoo,COCCYZUS ERYTHROPTHALMUS,1,2596994,1,Song,72.96,6.00,-13.76,f,,Steve Ogle,1211,"""long call""",heavy bird noise
PC,925,CARDSTON-GATE-SOUTH-152,214814,,-113.816892,49.114043,,,305742,2021-06-13 05:58:20,285087,Transcribed,600s,1SPT,AMCR,American Crow,CORVUS BRACHYRHYNCHOS,1,2596961,2,Call,83.28,3.94,-19.41,f,,Steve Ogle,1211,,heavy bird noise
PC,925,CARDSTON-GATE-SOUTH-152,214814,,-113.816892,49.114043,,,305742,2021-06-13 05:58:20,285087,Transcribed,600s,1SPT,REVI,Red-eyed Vireo,VIREO OLIVACEUS,1,2596963,1,Song,91.18,2.93,-29.76,f,,Steve Ogle,1211,,heavy bird noise
PC,925,CARDSTON-GATE-SOUTH-152,214814,,-113.816892,49.114043,,,305742,2021-06-13 05:58:20,285087,Transcribed,600s,1SPT,VESP,Vesper Sparrow,POOECETES GRAMINEUS,2,2596995,1,Song,78.16,5.06,-25.14,f,,Steve Ogle,1211,,heavy bird noise
PC,925,CARDSTON-GATE-SOUTH-152,214814,,-113.816892,49.114043,,,305742,2021-06-13 05:58:20,285087,Transcribed,600s,1SPT,NOFL,Northern Flicker,COLAPTES AURATUS,1,2596951,1,Call,42.49,0.98,-26.05,f,,Steve Ogle,1211,,heavy bird noise
PC,925,CARDSTON-GATE-SOUTH-152,214814,,-113.816892,49.114043,,,305742,2021-06-13 05:58:20,285087,Transcribed,600s,1SPT,RUGR,Ruffed Grouse,BONASA UMBELLUS,1,2597000,1,Non-vocal,170.86,5.85,-28.06,f,,Steve Ogle,1211,,heavy bird noise
PC,925,CARDSTON-GATE-SOUTH-152,214814,,-113.816892,49.114043,,,305742,2021-06-13 05:58:20,285087,Transcribed,600s,1SPT,SACR,Sandhill Crane,ANTIGONE CANADENSIS,2,2597028,1,Call,505.31,4.06,-22.43,f,,Steve Ogle,1211,,heavy bird noise
PC,925,CARDSTON-GATE-SOUTH-152,214814,,-113.816892,49.114043,,,305742,2021-06-13 05:58:20,285087,Transcribed,600s,1SPT,SACR,Sandhill Crane,ANTIGONE CANADENSIS,1,2597027,1,Call,477.39,4.99,-20.34,f,,Steve Ogle,1211,,heavy bird noise
PC,925,CARDSTON-GATE-SOUTH-152,214814,,-113.816892,49.114043,,,305742,2021-06-13 05:58:20,285087,Transcribed,600s,1SPT,WISN,Wilson's Snipe,GALLINAGO DELICATA,2,2596952,1,Call,43.65,6.93,-20.1,f,,Steve Ogle,1211,,heavy bird noise
PC,925,CARDSTON-GATE-SOUTH-152,214814,,-113.816892,49.114043,,,305742,2021-06-13 05:58:20,285087,Transcribed,600s,1SPT,WISN,Wilson's Snipe,GALLINAGO DELICATA,1,2596920,1,Call,0.00,2.08,-37.26,f,,Steve Ogle,1211,,heavy bird noise
PC,925,CARDSTON-GATE-SOUTH-152,214814,,-113.816892,49.114043,,,305742,2021-06-13 05:58:20,285087,Transcribed,600s,1SPT,WCSP,White-crowned Sparrow,ZONOTRICHIA LEUCOPHRYS,1,2596997,1,Song,81.89,3.01,-21.46,f,,Steve Ogle,1211,,heavy bird noise
PC,925,CARDSTON-GATE-SOUTH-152,214814,,-113.816892,49.114043,,,305742,2021-06-13 05:58:20,285087,Transcribed,600s,1SPT,TRES,Tree Swallow,TACHYCINETA BICOLOR,1,2596939,1,Call,10.43,1.54,-29.65,f,,Steve Ogle,1211,,heavy bird noise
PC,925,CARDSTON-GATE-SOUTH-152,214814,,-113.816892,49.114043,,,305742,2021-06-13 05:58:20,285087,Transcribed,600s,1SPT,LEFL,Least Flycatcher,EMPIDONAX MINIMUS,1,2596956,1,Song,54.91,2.28,-32.32,f,,Steve Ogle,1211,,heavy bird noise
PC,925,CARDSTON-GATE-SOUTH-152,214814,,-113.816892,49.114043,,,305742,2021-06-13 05:58:20,285087,Transcribed,600s,1SPT,UNKN,Unidentified signal,"",1,2596936,1,Call,7.10,2.05,-35.74,f,,Steve Ogle,1211,,heavy bird noise
PC,925,CARDSTON-GATE-SOUTH-152,214814,,-113.816892,49.114043,,,305742,2021-06-13 05:58:20,285087,Transcribed,600s,1SPT,BHCO,Brown-headed Cowbird,MOLOTHRUS ATER,1,2596985,1,Song,160.61,1.69,-22.06,f,,Steve Ogle,1211,,heavy bird noise
PC,925,CARDSTON-GATE-SOUTH-152,214814,,-113.816892,49.114043,,,305742,2021-06-13 05:58:20,285087,Transcribed,600s,1SPT,TRES,Tree Swallow,TACHYCINETA BICOLOR,2,2597024,1,Call,393.19,1.78,-27.51,f,,Steve Ogle,1211,,heavy bird noise
PC,925,CARDSTON-GATE-SOUTH-152,214814,,-113.816892,49.114043,,,305742,2021-06-13 05:58:20,285087,Transcribed,600s,1SPT,AMRO,American Robin,TURDUS MIGRATORIUS,2,2597026,1,Call,458.64,1.71,-20.1,f,,Steve Ogle,1211,,heavy bird noise
PC,925,CARDSTON-GATE-SOUTH-152,214814,,-113.816892,49.114043,,,305742,2021-06-13 05:58:20,285087,Transcribed,600s,1SPT,AMRO,American Robin,TURDUS MIGRATORIUS,1,2596932,1,Song,7.38,2.34,-27.73,f,,Steve Ogle,1211,,heavy bird noise
PC,925,CARDSTON-GATE-SOUTH-152,214814,,-113.816892,49.114043,,,305742,2021-06-13 05:58:20,285087,Transcribed,600s,1SPT,ELKK,Elk (wapiti),CERVUS CANADENSIS,1,2597023,1,Call,379.01,2.06,-33.03,f,,Steve Ogle,1211,,heavy bird noise
PC,925,CARDSTON-GATE-SOUTH-152,214814,,-113.816892,49.114043,,,305742,2021-06-13 05:58:20,285087,Transcribed,600s,1SPT,YHBL,Yellow-headed Blackbird,XANTHOCEPHALUS XANTHOCEPHALUS,1,2597014,1,Song,278.05,1.33,-32.39,f,,Steve Ogle,1211,,heavy bird noise
PC,925,CARDSTON-GATE-SOUTH-152,214814,,-113.816892,49.114043,,,305742,2021-06-13 05:58:20,285087,Transcribed,600s,1SPT,HOWR,House Wren,TROGLODYTES AEDON,2,2596943,1,Song,24.55,2.41,-21.28,f,,Steve Ogle,1211,,heavy bird noise
PC,925,CARDSTON-GATE-SOUTH-152,214814,,-113.816892,49.114043,,,305742,2021-06-13 05:58:20,285087,Transcribed,600s,1SPT,HOWR,House Wren,TROGLODYTES AEDON,1,2596933,1,Song,8.01,2.08,-27.76,f,,Steve Ogle,1211,,heavy bird noise
PC,925,CARDSTON-GATE-SOUTH-152,214814,,-113.816892,49.114043,,,305742,2021-06-13 05:58:20,285087,Transcribed,600s,1SPT,MODO,Mourning Dove,ZENAIDA MACROURA,1,2596941,1,Song,13.54,3.44,-21,f,,Steve Ogle,1211,could be GHOW confidence:To Be Checked,heavy bird noise
PC,925,CARDSTON-GATE-SOUTH-152,214814,,-113.816892,49.114043,,,305742,2021-06-13 05:58:20,285087,Transcribed,600s,1SPT,CEDW,Cedar Waxwing,BOMBYCILLA CEDRORUM,3,2596958,1,Song,61.05,1.71,-38.96,f,,Steve Ogle,1211,,heavy bird noise
PC,925,CARDSTON-GATE-SOUTH-152,214814,,-113.816892,49.114043,,,305742,2021-06-13 05:58:20,285087,Transcribed,600s,1SPT,CEDW,Cedar Waxwing,BOMBYCILLA CEDRORUM,2,2596945,1,Song,26.24,2.31,-38.43,f,,Steve Ogle,1211,,heavy bird noise
PC,925,CARDSTON-GATE-SOUTH-152,214814,,-113.816892,49.114043,,,305742,2021-06-13 05:58:20,285087,Transcribed,600s,1SPT,CEDW,Cedar Waxwing,BOMBYCILLA CEDRORUM,1,2596944,1,Song,0.46,2.15,-32.66,f,,Steve Ogle,1211,,heavy bird noise
PC,925,CARDSTON-GATE-SOUTH-152,214814,,-113.816892,49.114043,,,305742,2021-06-13 05:58:20,285087,Transcribed,600s,1SPT,EUST,European Starling,STURNUS VULGARIS,1,2596955,1,Call,53.49,1.44,-36.66,f,,Steve Ogle,1211,,heavy bird noise
PC,925,CARDSTON-GATE-SOUTH-152,214814,,-113.816892,49.114043,,,305742,2021-06-13 05:58:20,285087,Transcribed,600s,1SPT,EUST,European Starling,STURNUS VULGARIS,2,2597013,1,Call,275.34,2.58,-22.63,f,,Steve Ogle,1211,,heavy bird noise
PC,925,CARDSTON-GATE-SOUTH-152,214814,,-113.816892,49.114043,,,305742,2021-06-13 05:58:20,285087,Transcribed,600s,1SPT,EUST,European Starling,STURNUS VULGARIS,3,2597020,1,Call,308.49,3.05,-24.66,f,,Steve Ogle,1211,,heavy bird noise
PC,925,CARDSTON-GATE-SOUTH-152,214814,,-113.816892,49.114043,,,305742,2021-06-13 05:58:20,285087,Transcribed,600s,1SPT,VEER,Veery,CATHARUS FUSCESCENS,1,2596977,1,Song,88.75,2.84,-15.38,f,,Steve Ogle,1211,,heavy bird noise
PC,925,CARDSTON-GATE-SOUTH-153,214813,,-113.814418,49.116586,,,305743,2021-06-13 06:31:15,285088,Transcribed,600s,1SPT,TRES,Tree Swallow,TACHYCINETA BICOLOR,1,2559378,1,Call,3.84,2.79,-25.59,f,,Steve Ogle,1211,,some static but mainly background bird noise
PC,925,CARDSTON-GATE-SOUTH-153,214813,,-113.814418,49.116586,,,305743,2021-06-13 06:31:15,285088,Transcribed,600s,1SPT,EUST,European Starling,STURNUS VULGARIS,1,2559424,1,Call,91.24,1.51,-35.19,f,,Steve Ogle,1211,,some static but mainly background bird noise
PC,925,CARDSTON-GATE-SOUTH-153,214813,,-113.814418,49.116586,,,305743,2021-06-13 06:31:15,285088,Transcribed,600s,1SPT,EUST,European Starling,STURNUS VULGARIS,2,2559421,1,Call,115.15,1.85,-36.09,f,,Steve Ogle,1211,,some static but mainly background bird noise
PC,925,CARDSTON-GATE-SOUTH-153,214813,,-113.814418,49.116586,,,305743,2021-06-13 06:31:15,285088,Transcribed,600s,1SPT,UNSW,Unidentified Swallow,HIRUNDO,1,2559464,1,Call,490.71,3.76,-32.69,f,,Steve Ogle,1211,VG or TRee,some static but mainly background bird noise
PC,925,CARDSTON-GATE-SOUTH-153,214813,,-113.814418,49.116586,,,305743,2021-06-13 06:31:15,285088,Transcribed,600s,1SPT,VEER,Veery,CATHARUS FUSCESCENS,1,2559389,1,Song,19.69,1.74,-34.63,f,,Steve Ogle,1211,,some static but mainly background bird noise
PC,925,CARDSTON-GATE-SOUTH-153,214813,,-113.814418,49.116586,,,305743,2021-06-13 06:31:15,285088,Transcribed,600s,1SPT,NOWA,Northern Waterthrush,PARKESIA NOVEBORACENSIS,1,2559391,1,Song,30.33,2.15,-30.44,f,,Steve Ogle,1211,just hints of this song coming from the background,some static but mainly background bird noise
PC,925,CARDSTON-GATE-SOUTH-153,214813,,-113.814418,49.116586,,,305743,2021-06-13 06:31:15,285088,Transcribed,600s,1SPT,NOWA,Northern Waterthrush,PARKESIA NOVEBORACENSIS,2,2559415,1,Song,96.63,3.81,-36.18,f,,Steve Ogle,1211,two singing here,some static but mainly background bird noise
PC,925,CARDSTON-GATE-SOUTH-153,214813,,-113.814418,49.116586,,,305743,2021-06-13 06:31:15,285088,Transcribed,600s,1SPT,YEWA,Yellow Warbler,SETOPHAGA PETECHIA,1,2559422,1,Song,118.10,2.29,-40.95,f,,Steve Ogle,1211,,some static but mainly background bird noise
PC,925,CARDSTON-GATE-SOUTH-153,214813,,-113.814418,49.116586,,,305743,2021-06-13 06:31:15,285088,Transcribed,600s,1SPT,GRCA,Gray Catbird,DUMETELLA CAROLINENSIS,1,2559428,1,Song,135.51,7.10,-30.68,f,,Steve Ogle,1211,possibly singing throughout,some static but mainly background bird noise
PC,925,CARDSTON-GATE-SOUTH-153,214813,,-113.814418,49.116586,,,305743,2021-06-13 06:31:15,285088,Transcribed,600s,1SPT,HOWR,House Wren,TROGLODYTES AEDON,1,2559388,1,Song,17.63,1.88,-39.3,f,,Steve Ogle,1211,,some static but mainly background bird noise
PC,925,CARDSTON-GATE-SOUTH-153,214813,,-113.814418,49.116586,,,305743,2021-06-13 06:31:15,285088,Transcribed,600s,1SPT,BHGR,Black-headed Grosbeak,PHEUTICUS MELANOCEPHALUS,1,2559383,1,Song,9.88,3.65,-20.17,f,,Steve Ogle,1211,,some static but mainly background bird noise
PC,925,CARDSTON-GATE-SOUTH-153,214813,,-113.814418,49.116586,,,305743,2021-06-13 06:31:15,285088,Transcribed,600s,1SPT,WEWP,Western Wood-Pewee,CONTOPUS SORDIDULUS,1,2559430,1,Song,223.41,1.61,-38.26,f,,Steve Ogle,1211,,some static but mainly background bird noise
PC,925,CARDSTON-GATE-SOUTH-153,214813,,-113.814418,49.116586,,,305743,2021-06-13 06:31:15,285088,Transcribed,600s,1SPT,VEER,Veery,CATHARUS FUSCESCENS,2,2559408,1,Call,59.35,1.14,-38.49,f,,Steve Ogle,1211,different than singing one a few secs later,some static but mainly background bird noise
PC,925,CARDSTON-GATE-SOUTH-153,214813,,-113.814418,49.116586,,,305743,2021-06-13 06:31:15,285088,Transcribed,600s,1SPT,HOWR,House Wren,TROGLODYTES AEDON,2,2559426,1,Song,107.36,3.40,-39.13,f,,Steve Ogle,1211,,some static but mainly background bird noise
PC,925,CARDSTON-GATE-SOUTH-153,214813,,-113.814418,49.116586,,,305743,2021-06-13 06:31:15,285088,Transcribed,600s,1SPT,YHBL,Yellow-headed Blackbird,XANTHOCEPHALUS XANTHOCEPHALUS,1,2559417,1,Song,115.78,3.45,-35.6,f,,Steve Ogle,1211,,some static but mainly background bird noise
PC,925,CARDSTON-GATE-SOUTH-153,214813,,-113.814418,49.116586,,,305743,2021-06-13 06:31:15,285088,Transcribed,600s,1SPT,YHBL,Yellow-headed Blackbird,XANTHOCEPHALUS XANTHOCEPHALUS,2,2559443,1,Song,346.10,2.31,-36.29,f,,Steve Ogle,1211,,some static but mainly background bird noise
PC,925,CARDSTON-GATE-SOUTH-153,214813,,-113.814418,49.116586,,,305743,2021-06-13 06:31:15,285088,Transcribed,600s,1SPT,AMRO,American Robin,TURDUS MIGRATORIUS,1,2559377,1,Song,2.91,2.54,-25.63,f,,Steve Ogle,1211,,some static but mainly background bird noise
PC,925,CARDSTON-GATE-SOUTH-153,214813,,-113.814418,49.116586,,,305743,2021-06-13 06:31:15,285088,Transcribed,600s,1SPT,AMRO,American Robin,TURDUS MIGRATORIUS,2,2559386,1,Call,16.80,1.39,-37.86,f,,Steve Ogle,1211,,some static but mainly background bird noise
PC,925,CARDSTON-GATE-SOUTH-153,214813,,-113.814418,49.116586,,,305743,2021-06-13 06:31:15,285088,Transcribed,600s,1SPT,WCSP,White-crowned Sparrow,ZONOTRICHIA LEUCOPHRYS,1,2559387,1,Song,16.00,2.23,-21.26,f,,Steve Ogle,1211,,some static but mainly background bird noise
PC,925,CARDSTON-GATE-SOUTH-153,214813,,-113.814418,49.116586,,,305743,2021-06-13 06:31:15,285088,Transcribed,600s,1SPT,WISN,Wilson's Snipe,GALLINAGO DELICATA,1,2559433,1,Call,272.18,5.19,-31.93,f,,Steve Ogle,1211,,some static but mainly background bird noise
PC,925,CARDSTON-GATE-SOUTH-153,214813,,-113.814418,49.116586,,,305743,2021-06-13 06:31:15,285088,Transcribed,600s,1SPT,CORA,Common Raven,CORVUS CORAX,1,2559432,1,Call,255.25,1.36,-37.56,f,,Steve Ogle,1211,,some static but mainly background bird noise
PC,925,CARDSTON-GATE-SOUTH-153,214813,,-113.814418,49.116586,,,305743,2021-06-13 06:31:15,285088,Transcribed,600s,1SPT,SACR,Sandhill Crane,ANTIGONE CANADENSIS,1,2559412,1,Call,72.23,7.36,-31.85,f,,Steve Ogle,1211,,some static but mainly background bird noise
PC,925,CARDSTON-GATE-SOUTH-153,214813,,-113.814418,49.116586,,,305743,2021-06-13 06:31:15,285088,Transcribed,600s,1SPT,CANG,Canada Goose,BRANTA CANADENSIS,1,2559379,1,Call,0.05,2.60,-33.46,f,,Steve Ogle,1211,,some static but mainly background bird noise
PC,925,CARDSTON-GATE-SOUTH-153,214813,,-113.814418,49.116586,,,305743,2021-06-13 06:31:15,285088,Transcribed,600s,1SPT,CANG,Canada Goose,BRANTA CANADENSIS,2,2559414,1,Call,95.60,1.43,-38.24,f,,Steve Ogle,1211,,some static but mainly background bird noise
PC,925,CARDSTON-GATE-SOUTH-153,214813,,-113.814418,49.116586,,,305743,2021-06-13 06:31:15,285088,Transcribed,600s,1SPT,GRCA,Gray Catbird,DUMETELLA CAROLINENSIS,2,2559456,1,Call,441.59,4.50,-35.08,f,,Steve Ogle,1211,"can hear two calling here
",some static but mainly background bird noise
PC,925,CARDSTON-GATE-SOUTH-153,214813,,-113.814418,49.116586,,,305743,2021-06-13 06:31:15,285088,Transcribed,600s,1SPT,RWBL,Red-winged Blackbird,AGELAIUS PHOENICEUS,1,2559380,1,Song,5.45,1.93,-43.15,f,,Steve Ogle,1211,,some static but mainly background bird noise
PC,925,CARDSTON-GATE-SOUTH-153,214813,,-113.814418,49.116586,,,305743,2021-06-13 06:31:15,285088,Transcribed,600s,1SPT,SAVS,Savannah Sparrow,PASSERCULUS SANDWICHENSIS,1,2559411,1,Song,62.61,2.25,-38.49,f,,Steve Ogle,1211,,some static but mainly background bird noise
PC,925,CARDSTON-GATE-SOUTH-153,214813,,-113.814418,49.116586,,,305743,2021-06-13 06:31:15,285088,Transcribed,600s,1SPT,SAVS,Savannah Sparrow,PASSERCULUS SANDWICHENSIS,2,2559419,1,Song,124.89,2.33,-39.83,f,,Steve Ogle,1211,,some static but mainly background bird noise
PC,925,CARDSTON-GATE-SOUTH-153,214813,,-113.814418,49.116586,,,305743,2021-06-13 06:31:15,285088,Transcribed,600s,1SPT,CCSP,Clay-colored Sparrow,SPIZELLA PALLIDA,1,2559381,1,Song,7.15,4.76,-20.53,f,,Steve Ogle,1211,,some static but mainly background bird noise
PC,925,CARDSTON-GATE-SOUTH-153,214813,,-113.814418,49.116586,,,305743,2021-06-13 06:31:15,285088,Transcribed,600s,1SPT,CCSP,Clay-colored Sparrow,SPIZELLA PALLIDA,2,2559385,1,Song,12.71,2.94,-33.58,f,,Steve Ogle,1211,,some static but mainly background bird noise
PC,925,CARDSTON-GATE-SOUTH-153,214813,,-113.814418,49.116586,,,305743,2021-06-13 06:31:15,285088,Transcribed,600s,1SPT,VESP,Vesper Sparrow,POOECETES GRAMINEUS,1,2559441,1,Song,333.25,3.81,-41.92,f,,Steve Ogle,1211,,some static but mainly background bird noise
PC,925,CARDSTON-GATE-SOUTH-153,214813,,-113.814418,49.116586,,,305743,2021-06-13 06:31:15,285088,Transcribed,600s,1SPT,PISI,Pine Siskin,SPINUS PINUS,1,2559418,1,Call,118.03,5.76,-41.24,f,,Steve Ogle,1211,,some static but mainly background bird noise
PC,925,CARDSTON-GATE-SOUTH-153,214813,,-113.814418,49.116586,,,305743,2021-06-13 06:31:15,285088,Transcribed,600s,1SPT,AMCR,American Crow,CORVUS BRACHYRHYNCHOS,1,2559448,1,Call,383.41,3.03,-36.71,f,,Steve Ogle,1211,,some static but mainly background bird noise
PC,925,CARDSTON-GATE-SOUTH-153,214813,,-113.814418,49.116586,,,305743,2021-06-13 06:31:15,285088,Transcribed,600s,1SPT,BHCO,Brown-headed Cowbird,MOLOTHRUS ATER,1,2559429,1,Call,186.83,2.01,-39.95,f,,Steve Ogle,1211,,some static but mainly background bird noise
PC,925,CARDSTON-GATE-SOUTH-154,214811,,-113.812582,49.118773,,,305756,2021-06-13 07:02:15,285101,Transcribed,600s,1SPT,TRES,Tree Swallow,TACHYCINETA BICOLOR,2,2600053,1,Call,443.86,3.41,-13.4,f,,Steve Ogle,1211,,pretty gusty wind
PC,925,CARDSTON-GATE-SOUTH-154,214811,,-113.812582,49.118773,,,305756,2021-06-13 07:02:15,285101,Transcribed,600s,1SPT,TRES,Tree Swallow,TACHYCINETA BICOLOR,1,2600046,1,Call,118.13,9.25,-39.72,f,,Steve Ogle,1211,pretty sure; could be VGSW,pretty gusty wind
PC,925,CARDSTON-GATE-SOUTH-154,214811,,-113.812582,49.118773,,,305756,2021-06-13 07:02:15,285101,Transcribed,600s,1SPT,PISI,Pine Siskin,SPINUS PINUS,2,2600049,1,Call,213.89,5.80,-35.59,f,,Steve Ogle,1211,,pretty gusty wind
PC,925,CARDSTON-GATE-SOUTH-154,214811,,-113.812582,49.118773,,,305756,2021-06-13 07:02:15,285101,Transcribed,600s,1SPT,PISI,Pine Siskin,SPINUS PINUS,1,2600040,1,Call,38.83,1.84,-44.37,f,,Steve Ogle,1211,,pretty gusty wind
PC,925,CARDSTON-GATE-SOUTH-154,214811,,-113.812582,49.118773,,,305756,2021-06-13 07:02:15,285101,Transcribed,600s,1SPT,AMGO,American Goldfinch,SPINUS TRISTIS,2,2600056,1,Call,491.34,3.96,-42.98,f,,Steve Ogle,1211,,pretty gusty wind
PC,925,CARDSTON-GATE-SOUTH-154,214811,,-113.812582,49.118773,,,305756,2021-06-13 07:02:15,285101,Transcribed,600s,1SPT,AMGO,American Goldfinch,SPINUS TRISTIS,1,2600045,1,Call,98.93,2.94,-43.09,f,,Steve Ogle,1211,,pretty gusty wind
PC,925,CARDSTON-GATE-SOUTH-154,214811,,-113.812582,49.118773,,,305756,2021-06-13 07:02:15,285101,Transcribed,600s,1SPT,LISP,Lincoln's Sparrow,MELOSPIZA LINCOLNII,1,2600037,1,Song,10.69,2.49,-46.17,f,,Steve Ogle,1211,,pretty gusty wind
PC,925,CARDSTON-GATE-SOUTH-154,214811,,-113.812582,49.118773,,,305756,2021-06-13 07:02:15,285101,Transcribed,600s,1SPT,SAVS,Savannah Sparrow,PASSERCULUS SANDWICHENSIS,2,2600055,1,Song,461.56,3.18,-41.78,f,,Steve Ogle,1211,,pretty gusty wind
PC,925,CARDSTON-GATE-SOUTH-154,214811,,-113.812582,49.118773,,,305756,2021-06-13 07:02:15,285101,Transcribed,600s,1SPT,SAVS,Savannah Sparrow,PASSERCULUS SANDWICHENSIS,1,2600035,1,Song,0.70,3.43,-40.07,f,,Steve Ogle,1211,,pretty gusty wind
PC,925,CARDSTON-GATE-SOUTH-154,214811,,-113.812582,49.118773,,,305756,2021-06-13 07:02:15,285101,Transcribed,600s,1SPT,BRBL,Brewer's Blackbird,EUPHAGUS CYANOCEPHALUS,1,2600058,1,Call,555.63,1.65,-35.74,f,,Steve Ogle,1211,,pretty gusty wind
PC,925,CARDSTON-GATE-SOUTH-154,214811,,-113.812582,49.118773,,,305756,2021-06-13 07:02:15,285101,Transcribed,600s,1SPT,YEWA,Yellow Warbler,SETOPHAGA PETECHIA,3,2600057,1,Song,465.85,2.63,-38.5,f,,Steve Ogle,1211,,pretty gusty wind
PC,925,CARDSTON-GATE-SOUTH-154,214811,,-113.812582,49.118773,,,305756,2021-06-13 07:02:15,285101,Transcribed,600s,1SPT,YEWA,Yellow Warbler,SETOPHAGA PETECHIA,2,2600054,1,Song,453.65,2.30,-36.77,f,,Steve Ogle,1211,,pretty gusty wind
PC,925,CARDSTON-GATE-SOUTH-154,214811,,-113.812582,49.118773,,,305756,2021-06-13 07:02:15,285101,Transcribed,600s,1SPT,YEWA,Yellow Warbler,SETOPHAGA PETECHIA,1,2600041,1,Song,54.33,2.30,-47.33,f,,Steve Ogle,1211,,pretty gusty wind
PC,925,CARDSTON-GATE-SOUTH-154,214811,,-113.812582,49.118773,,,305756,2021-06-13 07:02:15,285101,Transcribed,600s,1SPT,LEFL,Least Flycatcher,EMPIDONAX MINIMUS,1,2600052,1,Song,359.04,3.19,-43.77,f,,Steve Ogle,1211,,pretty gusty wind
PC,925,CARDSTON-GATE-SOUTH-154,214811,,-113.812582,49.118773,,,305756,2021-06-13 07:02:15,285101,Transcribed,600s,1SPT,SWTH,Swainson's Thrush,CATHARUS USTULATUS,1,2600044,1,Call,81.20,1.73,-26.18,f,,Steve Ogle,1211,,pretty gusty wind
PC,925,CARDSTON-GATE-SOUTH-154,214811,,-113.812582,49.118773,,,305756,2021-06-13 07:02:15,285101,Transcribed,600s,1SPT,NOFL,Northern Flicker,COLAPTES AURATUS,1,2600050,1,Call,222.18,3.80,-23.78,f,,Steve Ogle,1211,,pretty gusty wind
PC,925,CARDSTON-GATE-SOUTH-154,214811,,-113.812582,49.118773,,,305756,2021-06-13 07:02:15,285101,Transcribed,600s,1SPT,SACR,Sandhill Crane,ANTIGONE CANADENSIS,2,2600042,1,Call,61.28,6.70,-26.14,f,,Steve Ogle,1211,the second one; could pass for Black-billed Cuckoo,pretty gusty wind
PC,925,CARDSTON-GATE-SOUTH-154,214811,,-113.812582,49.118773,,,305756,2021-06-13 07:02:15,285101,Transcribed,600s,1SPT,SACR,Sandhill Crane,ANTIGONE CANADENSIS,1,2600038,1,Call,17.51,4.13,-22.24,f,,Steve Ogle,1211,,pretty gusty wind
PC,925,CARDSTON-GATE-SOUTH-154,214811,,-113.812582,49.118773,,,305756,2021-06-13 07:02:15,285101,Transcribed,600s,1SPT,WISN,Wilson's Snipe,GALLINAGO DELICATA,2,2600047,1,Non-vocal,191.28,2.49,-41.1,f,,Steve Ogle,1211,,pretty gusty wind
PC,925,CARDSTON-GATE-SOUTH-154,214811,,-113.812582,49.118773,,,305756,2021-06-13 07:02:15,285101,Transcribed,600s,1SPT,WISN,Wilson's Snipe,GALLINAGO DELICATA,1,2600039,1,Non-vocal,20.81,2.99,-25.16,f,,Steve Ogle,1211,,pretty gusty wind
PC,925,CARDSTON-GATE-SOUTH-154,214811,,-113.812582,49.118773,,,305756,2021-06-13 07:02:15,285101,Transcribed,600s,1SPT,AMRO,American Robin,TURDUS MIGRATORIUS,2,2600043,1,Call,71.96,1.38,-47.45,f,,Steve Ogle,1211,,pretty gusty wind
PC,925,CARDSTON-GATE-SOUTH-154,214811,,-113.812582,49.118773,,,305756,2021-06-13 07:02:15,285101,Transcribed,600s,1SPT,AMRO,American Robin,TURDUS MIGRATORIUS,1,2600036,1,Song,1.70,6.03,-47.9,f,,Steve Ogle,1211,,pretty gusty wind
PC,925,CARDSTON-GATE-SOUTH-154,214811,,-113.812582,49.118773,,,305756,2021-06-13 07:02:15,285101,Transcribed,600s,1SPT,CEDW,Cedar Waxwing,BOMBYCILLA CEDRORUM,1,2600048,2,Song,212.61,5.09,-37.04,f,,Steve Ogle,1211,,pretty gusty wind
PC,925,CARDSTON-GATE-SOUTH-154,214811,,-113.812582,49.118773,,,305756,2021-06-13 07:02:15,285101,Transcribed,600s,1SPT,BHGR,Black-headed Grosbeak,PHEUTICUS MELANOCEPHALUS,1,2600051,1,Song,234.81,4.46,-22.3,f,,Steve Ogle,1211,,pretty gusty wind
PC,925,CRANDELL-LAKE-100,214803,,-113.966488,49.096095,,,305816,2021-06-04 05:05:15,285161,Transcribed,600s,1SPT,LISP,Lincoln's Sparrow,MELOSPIZA LINCOLNII,1,2583410,1,Song,96.54,3.58,-40.26,f,,Steve Ogle,1211,,loud creek
PC,925,CRANDELL-LAKE-100,214803,,-113.966488,49.096095,,,305816,2021-06-04 05:05:15,285161,Transcribed,600s,1SPT,MGWA,MacGillivray's Warbler,GEOTHLYPIS TOLMIEI,2,2583400,1,Song,13.69,2.24,-44.13,f,,Steve Ogle,1211,in addition to the calling one,loud creek
PC,925,CRANDELL-LAKE-100,214803,,-113.966488,49.096095,,,305816,2021-06-04 05:05:15,285161,Transcribed,600s,1SPT,MGWA,MacGillivray's Warbler,GEOTHLYPIS TOLMIEI,1,2583390,1,Call,6.59,1.38,-49.59,f,,Steve Ogle,1211,,loud creek
PC,925,CRANDELL-LAKE-100,214803,,-113.966488,49.096095,,,305816,2021-06-04 05:05:15,285161,Transcribed,600s,1SPT,HAFL,Hammond's Flycatcher,EMPIDONAX HAMMONDII,1,2583398,1,Song,20.18,3.08,-42.87,f,,Steve Ogle,1211,,loud creek
PC,925,CRANDELL-LAKE-100,214803,,-113.966488,49.096095,,,305816,2021-06-04 05:05:15,285161,Transcribed,600s,1SPT,LAZB,Lazuli Bunting,PASSERINA AMOENA,1,2583384,1,Song,3.00,2.76,-39.82,f,,Steve Ogle,1211,,loud creek
PC,925,CRANDELL-LAKE-100,214803,,-113.966488,49.096095,,,305816,2021-06-04 05:05:15,285161,Transcribed,600s,1SPT,WCSP,White-crowned Sparrow,ZONOTRICHIA LEUCOPHRYS,1,2583395,1,Song,11.11,2.74,-39.43,f,,Steve Ogle,1211,,loud creek
PC,925,CRANDELL-LAKE-100,214803,,-113.966488,49.096095,,,305816,2021-06-04 05:05:15,285161,Transcribed,600s,1SPT,AMRO,American Robin,TURDUS MIGRATORIUS,2,2583416,1,Song,308.16,2.11,-41.81,f,,Steve Ogle,1211,,loud creek
PC,925,CRANDELL-LAKE-100,214803,,-113.966488,49.096095,,,305816,2021-06-04 05:05:15,285161,Transcribed,600s,1SPT,AMRO,American Robin,TURDUS MIGRATORIUS,1,2583385,1,Song,0.04,6.88,-31.36,f,,Steve Ogle,1211,,loud creek
PC,925,CRANDELL-LAKE-100,214803,,-113.966488,49.096095,,,305816,2021-06-04 05:05:15,285161,Transcribed,600s,1SPT,DEJU,Dark-eyed Junco,JUNCO HYEMALIS,1,2583382,1,Song,1.25,3.11,-37.84,f,,Steve Ogle,1211,,loud creek
PC,925,CRANDELL-LAKE-100,214803,,-113.966488,49.096095,,,305816,2021-06-04 05:05:15,285161,Transcribed,600s,1SPT,HOWR,House Wren,TROGLODYTES AEDON,1,2583393,1,Song,9.74,2.25,-42.32,f,,Steve Ogle,1211,,loud creek
PC,925,CRANDELL-LAKE-100,214803,,-113.966488,49.096095,,,305816,2021-06-04 05:05:15,285161,Transcribed,600s,1SPT,AMRE,American Redstart,SETOPHAGA RUTICILLA,1,2583408,1,Song,88.35,2.28,-50.33,f,,Steve Ogle,1211,,loud creek
PC,925,CRANDELL-LAKE-100,214803,,-113.966488,49.096095,,,305816,2021-06-04 05:05:15,285161,Transcribed,600s,1SPT,MGWA,MacGillivray's Warbler,GEOTHLYPIS TOLMIEI,3,2583418,1,Song,480.98,2.44,-33.27,f,,Steve Ogle,1211,confusing which is which,loud creek
PC,925,CRANDELL-LAKE-100,214803,,-113.966488,49.096095,,,305816,2021-06-04 05:05:15,285161,Transcribed,600s,1SPT,SWTH,Swainson's Thrush,CATHARUS USTULATUS,2,2583402,1,Call,28.88,1.70,-38.83,f,,Steve Ogle,1211,,loud creek
PC,925,CRANDELL-LAKE-100,214803,,-113.966488,49.096095,,,305816,2021-06-04 05:05:15,285161,Transcribed,600s,1SPT,SWTH,Swainson's Thrush,CATHARUS USTULATUS,1,2583387,1,Song,6.34,1.89,-45.01,f,,Steve Ogle,1211,,loud creek
PC,925,CRANDELL-LAKE-100,214803,,-113.966488,49.096095,,,305816,2021-06-04 05:05:15,285161,Transcribed,600s,1SPT,YRWA,Yellow-rumped Warbler,SETOPHAGA CORONATA,1,2583414,1,Song,187.56,2.14,-41.11,f,,Steve Ogle,1211,,loud creek
PC,925,CRANDELL-LAKE-101,214801,,-113.965298,49.093598,,,305817,2021-06-04 05:33:30,285162,Transcribed,600s,1SPT,MGWA,MacGillivray's Warbler,GEOTHLYPIS TOLMIEI,2,2600214,1,Song,171.38,2.06,-27.85,f,,Steve Ogle,1211,,creek nearby
PC,925,CRANDELL-LAKE-101,214801,,-113.965298,49.093598,,,305817,2021-06-04 05:33:30,285162,Transcribed,600s,1SPT,MGWA,MacGillivray's Warbler,GEOTHLYPIS TOLMIEI,1,2600208,1,Song,3.98,1.84,-29.9,f,,Steve Ogle,1211,sounds like WIWA with the river noise,creek nearby
PC,925,CRANDELL-LAKE-101,214801,,-113.965298,49.093598,,,305817,2021-06-04 05:33:30,285162,Transcribed,600s,1SPT,PISI,Pine Siskin,SPINUS PINUS,1,2600209,1,Call,41.40,3.44,-32.21,f,,Steve Ogle,1211,,creek nearby
PC,925,CRANDELL-LAKE-101,214801,,-113.965298,49.093598,,,305817,2021-06-04 05:33:30,285162,Transcribed,600s,1SPT,DEJU,Dark-eyed Junco,JUNCO HYEMALIS,1,2600210,1,Song,104.33,7.99,-29.98,f,,Steve Ogle,1211,,creek nearby
PC,925,CRANDELL-LAKE-101,214801,,-113.965298,49.093598,,,305817,2021-06-04 05:33:30,285162,Transcribed,600s,1SPT,AMRO,American Robin,TURDUS MIGRATORIUS,1,2600211,1,Call,290.94,2.56,-14.03,f,,Steve Ogle,1211,,creek nearby
PC,925,CRANDELL-LAKE-101,214801,,-113.965298,49.093598,,,305817,2021-06-04 05:33:30,285162,Transcribed,600s,1SPT,YRWA,Yellow-rumped Warbler,SETOPHAGA CORONATA,1,2600212,1,Song,314.40,2.00,-24.83,f,,Steve Ogle,1211,,creek nearby
PC,925,CRANDELL-LAKE-101,214801,,-113.965298,49.093598,,,305817,2021-06-04 05:33:30,285162,Transcribed,600s,1SPT,PISI,Pine Siskin,SPINUS PINUS,2,2600216,1,Call,449.89,7.04,-29.07,f,,Steve Ogle,1211,,creek nearby
PC,925,CRANDELL-LAKE-102,214802,,-113.967059,49.091195,,,305819,2021-06-04 06:03:15,285164,Transcribed,600s,1SPT,YRWA,Yellow-rumped Warbler,SETOPHAGA CORONATA,1,2559067,1,Call,111.25,1.18,-34.2,f,,Steve Ogle,1211,,fairly loud creek
PC,925,CRANDELL-LAKE-102,214802,,-113.967059,49.091195,,,305819,2021-06-04 06:03:15,285164,Transcribed,600s,1SPT,AMRO,American Robin,TURDUS MIGRATORIUS,2,2559099,1,Call,532.26,2.75,-26.74,f,,Steve Ogle,1211,,fairly loud creek
PC,925,CRANDELL-LAKE-102,214802,,-113.967059,49.091195,,,305819,2021-06-04 06:03:15,285164,Transcribed,600s,1SPT,AMRO,American Robin,TURDUS MIGRATORIUS,1,2559077,1,Song,194.23,5.11,-25.47,f,,Steve Ogle,1211,,fairly loud creek
PC,925,CRANDELL-LAKE-102,214802,,-113.967059,49.091195,,,305819,2021-06-04 06:03:15,285164,Transcribed,600s,1SPT,HOWR,House Wren,TROGLODYTES AEDON,2,2559066,1,Song,86.78,2.71,-25.13,f,,Steve Ogle,1211,,fairly loud creek
PC,925,CRANDELL-LAKE-102,214802,,-113.967059,49.091195,,,305819,2021-06-04 06:03:15,285164,Transcribed,600s,1SPT,HOWR,House Wren,TROGLODYTES AEDON,1,2559061,1,Song,2.05,3.11,-26.69,f,,Steve Ogle,1211,,fairly loud creek
PC,925,CRANDELL-LAKE-102,214802,,-113.967059,49.091195,,,305819,2021-06-04 06:03:15,285164,Transcribed,600s,1SPT,EAKI,Eastern Kingbird,TYRANNUS TYRANNUS,1,2559065,1,Call,72.68,1.45,-30,f,,Steve Ogle,1211,,fairly loud creek
PC,925,CRANDELL-LAKE-102,214802,,-113.967059,49.091195,,,305819,2021-06-04 06:03:15,285164,Transcribed,600s,1SPT,BHCO,Brown-headed Cowbird,MOLOTHRUS ATER,1,2559080,1,Song,225.48,8.66,-27.75,f,,Steve Ogle,1211,,fairly loud creek
PC,925,CRANDELL-LAKE-102,214802,,-113.967059,49.091195,,,305819,2021-06-04 06:03:15,285164,Transcribed,600s,1SPT,WCSP,White-crowned Sparrow,ZONOTRICHIA LEUCOPHRYS,1,2559063,1,Song,43.45,3.23,-26.03,f,,Steve Ogle,1211,,fairly loud creek
PC,925,CRANDELL-LAKE-103,214800,,-113.969581,49.089151,,,305829,2021-06-04 06:32:20,285174,Transcribed,600s,1SPT,WCSP,White-crowned Sparrow,ZONOTRICHIA LEUCOPHRYS,1,2600222,2,Call,118.60,2.44,-22.27,f,,Steve Ogle,1211,,creek
PC,925,CRANDELL-LAKE-103,214800,,-113.969581,49.089151,,,305829,2021-06-04 06:32:20,285174,Transcribed,600s,1SPT,UROPAR,Arctic Ground Squirrel,UROCITELLUS PARRYII,1,2600218,2,Call,2.50,2.26,-25.48,f,,Steve Ogle,1211,,creek
PC,925,CRANDELL-LAKE-103,214800,,-113.969581,49.089151,,,305829,2021-06-04 06:32:20,285174,Transcribed,600s,1SPT,DEJU,Dark-eyed Junco,JUNCO HYEMALIS,2,2600225,1,Song,437.95,2.10,-32.98,f,,Steve Ogle,1211,,creek
PC,925,CRANDELL-LAKE-103,214800,,-113.969581,49.089151,,,305829,2021-06-04 06:32:20,285174,Transcribed,600s,1SPT,DEJU,Dark-eyed Junco,JUNCO HYEMALIS,1,2600217,1,Song,0.09,1.94,-30.1,f,,Steve Ogle,1211,,creek
PC,925,CRANDELL-LAKE-103,214800,,-113.969581,49.089151,,,305829,2021-06-04 06:32:20,285174,Transcribed,600s,1SPT,WAVI,Warbling Vireo,VIREO GILVUS,1,2600220,1,Song,57.98,2.69,-26.25,f,,Steve Ogle,1211,,creek
PC,925,CRANDELL-LAKE-103,214800,,-113.969581,49.089151,,,305829,2021-06-04 06:32:20,285174,Transcribed,600s,1SPT,MGWA,MacGillivray's Warbler,GEOTHLYPIS TOLMIEI,1,2600219,1,Song,25.30,1.86,-33.44,f,,Steve Ogle,1211,,creek
PC,925,CRANDELL-LAKE-103,214800,,-113.969581,49.089151,,,305829,2021-06-04 06:32:20,285174,Transcribed,600s,1SPT,AMRO,American Robin,TURDUS MIGRATORIUS,1,2600224,1,Call,316.28,3.14,-27.84,f,,Steve Ogle,1211,,creek
PC,925,CRANDELL-LAKE-104,214798,,-113.969706,49.086421,,,305830,2021-06-04 06:58:15,285175,Transcribed,600s,1SPT,AMGO,American Goldfinch,SPINUS TRISTIS,1,2559490,1,Call,68.15,3.10,-33.52,f,,Steve Ogle,1211,,loud creek
PC,925,CRANDELL-LAKE-104,214798,,-113.969706,49.086421,,,305830,2021-06-04 06:58:15,285175,Transcribed,600s,1SPT,NOFL,Northern Flicker,COLAPTES AURATUS,1,2559503,1,Call,479.78,2.61,-22.87,f,,Steve Ogle,1211,,loud creek
PC,925,CRANDELL-LAKE-104,214798,,-113.969706,49.086421,,,305830,2021-06-04 06:58:15,285175,Transcribed,600s,1SPT,CORA,Common Raven,CORVUS CORAX,2,2559502,1,Call,424.35,2.10,-27.07,f,,Steve Ogle,1211,,loud creek
PC,925,CRANDELL-LAKE-104,214798,,-113.969706,49.086421,,,305830,2021-06-04 06:58:15,285175,Transcribed,600s,1SPT,CORA,Common Raven,CORVUS CORAX,1,2559501,1,Call,386.93,5.23,-25.43,f,,Steve Ogle,1211,,loud creek
PC,925,CRANDELL-LAKE-104,214798,,-113.969706,49.086421,,,305830,2021-06-04 06:58:15,285175,Transcribed,600s,1SPT,YRWA,Yellow-rumped Warbler,SETOPHAGA CORONATA,2,2559500,1,Song,362.75,2.63,-33.62,f,,Steve Ogle,1211,,loud creek
PC,925,CRANDELL-LAKE-104,214798,,-113.969706,49.086421,,,305830,2021-06-04 06:58:15,285175,Transcribed,600s,1SPT,YRWA,Yellow-rumped Warbler,SETOPHAGA CORONATA,1,2559487,1,Song,30.55,2.23,-36.72,f,,Steve Ogle,1211,,loud creek
PC,925,CRANDELL-LAKE-104,214798,,-113.969706,49.086421,,,305830,2021-06-04 06:58:15,285175,Transcribed,600s,1SPT,WCSP,White-crowned Sparrow,ZONOTRICHIA LEUCOPHRYS,1,2559480,1,Song,5.69,2.93,-36.43,f,,Steve Ogle,1211,,loud creek
PC,925,CRANDELL-LAKE-104,214798,,-113.969706,49.086421,,,305830,2021-06-04 06:58:15,285175,Transcribed,600s,1SPT,AMRO,American Robin,TURDUS MIGRATORIUS,1,2559496,1,Song,160.46,3.05,-27.21,f,,Steve Ogle,1211,,loud creek
PC,925,CRANDELL-LAKE-104,214798,,-113.969706,49.086421,,,305830,2021-06-04 06:58:15,285175,Transcribed,600s,1SPT,HOWR,House Wren,TROGLODYTES AEDON,1,2559483,1,Song,8.94,1.76,-35.43,f,,Steve Ogle,1211,,loud creek
PC,925,CRANDELL-LAKE-104,214798,,-113.969706,49.086421,,,305830,2021-06-04 06:58:15,285175,Transcribed,600s,1SPT,SPSA,Spotted Sandpiper,ACTITIS MACULARIUS,1,2559494,1,Call,96.91,8.01,-28.81,f,,Steve Ogle,1211,,loud creek
PC,925,CRANDELL-LAKE-104,214798,,-113.969706,49.086421,,,305830,2021-06-04 06:58:15,285175,Transcribed,600s,1SPT,WAVI,Warbling Vireo,VIREO GILVUS,1,2559486,1,Song,21.43,2.48,-31.94,f,,Steve Ogle,1211,,loud creek
PC,925,CRANDELL-LAKE-104,214798,,-113.969706,49.086421,,,305830,2021-06-04 06:58:15,285175,Transcribed,600s,1SPT,HAWO,Hairy Woodpecker,DRYOBATES VILLOSUS,1,2559497,1,Call,256.40,2.55,-37.53,f,,Steve Ogle,1211,,loud creek
PC,925,CRANDELL-LAKE-104,214798,,-113.969706,49.086421,,,305830,2021-06-04 06:58:15,285175,Transcribed,600s,1SPT,WEWP,Western Wood-Pewee,CONTOPUS SORDIDULUS,1,2559476,1,Song,3.09,1.85,-40.28,f,,Steve Ogle,1211,,loud creek
PC,925,CRANDELL-LAKE-104,214798,,-113.969706,49.086421,,,305830,2021-06-04 06:58:15,285175,Transcribed,600s,1SPT,PISI,Pine Siskin,SPINUS PINUS,2,2559493,1,Call,102.68,2.69,-28.86,f,,Steve Ogle,1211,,loud creek
PC,925,CRANDELL-LAKE-104,214798,,-113.969706,49.086421,,,305830,2021-06-04 06:58:15,285175,Transcribed,600s,1SPT,PISI,Pine Siskin,SPINUS PINUS,1,2559491,1,Call,95.09,3.31,-37.21,f,,Steve Ogle,1211,,loud creek
PC,925,CRANDELL-LAKE-104,214798,,-113.969706,49.086421,,,305830,2021-06-04 06:58:15,285175,Transcribed,600s,1SPT,DUFL,Dusky Flycatcher,EMPIDONAX OBERHOLSERI,1,2559482,1,Song,6.23,2.38,-34.47,f,,Steve Ogle,1211,,loud creek
PC,925,CRANDELL-LAKE-104,214798,,-113.969706,49.086421,,,305830,2021-06-04 06:58:15,285175,Transcribed,600s,1SPT,NOWA,Northern Waterthrush,PARKESIA NOVEBORACENSIS,1,2559478,1,Song,4.99,1.76,-35.54,f,,Steve Ogle,1211,,loud creek
PC,925,CRANDELL-LAKE-105,214799,,-113.968242,49.083922,,,305831,2021-06-04 07:27:00,285176,Transcribed,600s,1SPT,WCSP,White-crowned Sparrow,ZONOTRICHIA LEUCOPHRYS,2,2591774,1,Song,584.81,2.28,-38.36,f,,Steve Ogle,1211,,noisy creek
PC,925,CRANDELL-LAKE-105,214799,,-113.968242,49.083922,,,305831,2021-06-04 07:27:00,285176,Transcribed,600s,1SPT,MGWA,MacGillivray's Warbler,GEOTHLYPIS TOLMIEI,1,2591759,1,Song,275.94,2.39,-29.07,f,,Steve Ogle,1211,,noisy creek
PC,925,CRANDELL-LAKE-105,214799,,-113.968242,49.083922,,,305831,2021-06-04 07:27:00,285176,Transcribed,600s,1SPT,OSFL,Olive-sided Flycatcher,CONTOPUS COOPERI,1,2591750,1,Song,94.19,1.76,-37.53,f,,Steve Ogle,1211,,noisy creek
PC,925,CRANDELL-LAKE-105,214799,,-113.968242,49.083922,,,305831,2021-06-04 07:27:00,285176,Transcribed,600s,1SPT,OSFL,Olive-sided Flycatcher,CONTOPUS COOPERI,2,2591754,1,Song,223.08,1.70,-31.31,f,,Steve Ogle,1211,,noisy creek
PC,925,CRANDELL-LAKE-105,214799,,-113.968242,49.083922,,,305831,2021-06-04 07:27:00,285176,Transcribed,600s,1SPT,CHSP,Chipping Sparrow,SPIZELLA PASSERINA,1,2591752,1,Song,97.80,3.00,-36.52,f,,Steve Ogle,1211,,noisy creek
PC,925,CRANDELL-LAKE-105,214799,,-113.968242,49.083922,,,305831,2021-06-04 07:27:00,285176,Transcribed,600s,1SPT,LISP,Lincoln's Sparrow,MELOSPIZA LINCOLNII,1,2591738,1,Song,27.56,3.00,-20.88,f,,Steve Ogle,1211,,noisy creek
PC,925,CRANDELL-LAKE-105,214799,,-113.968242,49.083922,,,305831,2021-06-04 07:27:00,285176,Transcribed,600s,1SPT,PISI,Pine Siskin,SPINUS PINUS,1,2591739,2,Call,31.73,10.81,-17.35,f,,Steve Ogle,1211,,noisy creek
PC,925,CRANDELL-LAKE-105,214799,,-113.968242,49.083922,,,305831,2021-06-04 07:27:00,285176,Transcribed,600s,1SPT,BHCO,Brown-headed Cowbird,MOLOTHRUS ATER,1,2591743,1,Song,58.70,1.64,-31.68,f,,Steve Ogle,1211,,noisy creek
PC,925,CRANDELL-LAKE-105,214799,,-113.968242,49.083922,,,305831,2021-06-04 07:27:00,285176,Transcribed,600s,1SPT,UNTR,Unidentified Trill,"",1,2591735,1,Song,7.38,2.20,-21.99,f,,Steve Ogle,1211,DEJU or CHSP but very obscured by ambient noise,noisy creek
PC,925,CRANDELL-LAKE-105,214799,,-113.968242,49.083922,,,305831,2021-06-04 07:27:00,285176,Transcribed,600s,1SPT,HAWO,Hairy Woodpecker,DRYOBATES VILLOSUS,1,2591772,1,Call,511.60,3.50,-30.43,f,,Steve Ogle,1211,,noisy creek
PC,925,CRANDELL-LAKE-105,214799,,-113.968242,49.083922,,,305831,2021-06-04 07:27:00,285176,Transcribed,600s,1SPT,SPSA,Spotted Sandpiper,ACTITIS MACULARIUS,1,2591756,1,Call,220.29,2.00,-34.49,f,,Steve Ogle,1211,,noisy creek
PC,925,CRANDELL-LAKE-105,214799,,-113.968242,49.083922,,,305831,2021-06-04 07:27:00,285176,Transcribed,600s,1SPT,DEJU,Dark-eyed Junco,JUNCO HYEMALIS,1,2591734,1,Song,1.44,3.81,-16.46,f,,Steve Ogle,1211,,noisy creek
PC,925,CRANDELL-LAKE-105,214799,,-113.968242,49.083922,,,305831,2021-06-04 07:27:00,285176,Transcribed,600s,1SPT,AMRO,American Robin,TURDUS MIGRATORIUS,1,2591749,1,Song,57.01,5.71,-29.09,f,,Steve Ogle,1211,,noisy creek
PC,925,CRANDELL-LAKE-105,214799,,-113.968242,49.083922,,,305831,2021-06-04 07:27:00,285176,Transcribed,600s,1SPT,WCSP,White-crowned Sparrow,ZONOTRICHIA LEUCOPHRYS,1,2591770,1,Song,435.45,2.98,-26.91,f,,Steve Ogle,1211,,noisy creek
PC,925,CRANDELL-LAKE-105,214799,,-113.968242,49.083922,,,305831,2021-06-04 07:27:00,285176,Transcribed,600s,1SPT,SWTH,Swainson's Thrush,CATHARUS USTULATUS,1,2591763,1,Call,415.09,1.29,-37.53,f,,Steve Ogle,1211,,noisy creek
PC,925,CRANDELL-LAKE-105,214799,,-113.968242,49.083922,,,305831,2021-06-04 07:27:00,285176,Transcribed,600s,1SPT,CORA,Common Raven,CORVUS CORAX,1,2591768,1,Call,415.86,1.04,-23.27,f,,Steve Ogle,1211,,noisy creek
PC,925,ESKERINE-110,214796,,-113.859265,49.111345,,,312753,2021-06-14 09:43:30,290978,Transcribed,600s,1SPT,MGWA,MacGillivray's Warbler,GEOTHLYPIS TOLMIEI,1,2601235,1,Song,173.73,2.40,-42.78,f,,Steve Ogle,1211,,
PC,925,ESKERINE-110,214796,,-113.859265,49.111345,,,312753,2021-06-14 09:43:30,290978,Transcribed,600s,1SPT,CCSP,Clay-colored Sparrow,SPIZELLA PALLIDA,1,2601199,1,Song,2.75,4.23,-31.27,f,,Steve Ogle,1211,,
PC,925,ESKERINE-110,214796,,-113.859265,49.111345,,,312753,2021-06-14 09:43:30,290978,Transcribed,600s,1SPT,CCSP,Clay-colored Sparrow,SPIZELLA PALLIDA,2,2601258,1,Song,340.15,3.68,-28.67,f,,Steve Ogle,1211,,
PC,925,ESKERINE-110,214796,,-113.859265,49.111345,,,312753,2021-06-14 09:43:30,290978,Transcribed,600s,1SPT,VESP,Vesper Sparrow,POOECETES GRAMINEUS,1,2601196,1,Song,3.94,4.48,-31.41,f,,Steve Ogle,1211,,
PC,925,ESKERINE-110,214796,,-113.859265,49.111345,,,312753,2021-06-14 09:43:30,290978,Transcribed,600s,1SPT,VESP,Vesper Sparrow,POOECETES GRAMINEUS,2,2601229,1,Song,85.83,3.89,-37.55,f,,Steve Ogle,1211,,
PC,925,ESKERINE-110,214796,,-113.859265,49.111345,,,312753,2021-06-14 09:43:30,290978,Transcribed,600s,1SPT,VESP,Vesper Sparrow,POOECETES GRAMINEUS,3,2601251,1,Song,282.45,5.26,-31.5,f,,Steve Ogle,1211,one more here,
PC,925,ESKERINE-110,214796,,-113.859265,49.111345,,,312753,2021-06-14 09:43:30,290978,Transcribed,600s,1SPT,AMGO,American Goldfinch,SPINUS TRISTIS,1,2601208,1,Call,10.59,3.70,-41.1,f,,Steve Ogle,1211,,
PC,925,ESKERINE-110,214796,,-113.859265,49.111345,,,312753,2021-06-14 09:43:30,290978,Transcribed,600s,1SPT,AMGO,American Goldfinch,SPINUS TRISTIS,2,2601264,1,Song,348.45,5.06,-26.54,f,,Steve Ogle,1211,these blend in with the LAZBs,
PC,925,ESKERINE-110,214796,,-113.859265,49.111345,,,312753,2021-06-14 09:43:30,290978,Transcribed,600s,1SPT,TRES,Tree Swallow,TACHYCINETA BICOLOR,1,2601283,1,Call,465.51,3.15,-37.46,f,,Steve Ogle,1211,,
PC,925,ESKERINE-110,214796,,-113.859265,49.111345,,,312753,2021-06-14 09:43:30,290978,Transcribed,600s,1SPT,EUST,European Starling,STURNUS VULGARIS,1,2601224,1,Call,60.33,1.13,-40.08,f,,Steve Ogle,1211,,
PC,925,ESKERINE-110,214796,,-113.859265,49.111345,,,312753,2021-06-14 09:43:30,290978,Transcribed,600s,1SPT,WEWP,Western Wood-Pewee,CONTOPUS SORDIDULUS,1,2601244,1,Song,239.85,2.21,-29.98,f,,Steve Ogle,1211,,
PC,925,ESKERINE-110,214796,,-113.859265,49.111345,,,312753,2021-06-14 09:43:30,290978,Transcribed,600s,1SPT,EAKI,Eastern Kingbird,TYRANNUS TYRANNUS,1,2601215,1,Call,41.11,0.96,-37.76,f,,Steve Ogle,1211,,
PC,925,ESKERINE-110,214796,,-113.859265,49.111345,,,312753,2021-06-14 09:43:30,290978,Transcribed,600s,1SPT,HOWR,House Wren,TROGLODYTES AEDON,1,2601213,1,Song,36.20,2.53,-35.07,f,,Steve Ogle,1211,,
PC,925,ESKERINE-110,214796,,-113.859265,49.111345,,,312753,2021-06-14 09:43:30,290978,Transcribed,600s,1SPT,HOWR,House Wren,TROGLODYTES AEDON,2,2601218,1,Song,44.81,2.25,-27.53,f,,Steve Ogle,1211,,
PC,925,ESKERINE-110,214796,,-113.859265,49.111345,,,312753,2021-06-14 09:43:30,290978,Transcribed,600s,1SPT,HOWR,House Wren,TROGLODYTES AEDON,3,2601227,1,Song,83.83,2.33,-34.08,f,,Steve Ogle,1211,,
PC,925,ESKERINE-110,214796,,-113.859265,49.111345,,,312753,2021-06-14 09:43:30,290978,Transcribed,600s,1SPT,HOWR,House Wren,TROGLODYTES AEDON,4,2601281,1,Song,458.65,2.71,-37.22,f,,Steve Ogle,1211,,
PC,925,ESKERINE-110,214796,,-113.859265,49.111345,,,312753,2021-06-14 09:43:30,290978,Transcribed,600s,1SPT,YHBL,Yellow-headed Blackbird,XANTHOCEPHALUS XANTHOCEPHALUS,1,2601286,1,Song,495.29,2.85,-12.56,f,,Steve Ogle,1211,,
PC,925,ESKERINE-110,214796,,-113.859265,49.111345,,,312753,2021-06-14 09:43:30,290978,Transcribed,600s,1SPT,WCSP,White-crowned Sparrow,ZONOTRICHIA LEUCOPHRYS,1,2601194,1,Song,0.23,2.45,-40.92,f,,Steve Ogle,1211,,
PC,925,ESKERINE-110,214796,,-113.859265,49.111345,,,312753,2021-06-14 09:43:30,290978,Transcribed,600s,1SPT,WCSP,White-crowned Sparrow,ZONOTRICHIA LEUCOPHRYS,2,2601206,2,Song,7.83,3.04,-32.64,f,,Steve Ogle,1211,,
PC,925,ESKERINE-110,214796,,-113.859265,49.111345,,,312753,2021-06-14 09:43:30,290978,Transcribed,600s,1SPT,CORA,Common Raven,CORVUS CORAX,1,2601274,1,Call,443.71,3.71,-17.15,f,,Steve Ogle,1211,,
PC,925,ESKERINE-110,214796,,-113.859265,49.111345,,,312753,2021-06-14 09:43:30,290978,Transcribed,600s,1SPT,LAZB,Lazuli Bunting,PASSERINA AMOENA,1,2601192,2,Song,0.03,4.31,-41.6,f,,Steve Ogle,1211,might be AMGO in there somewhere,
PC,925,ESKERINE-110,214796,,-113.859265,49.111345,,,312753,2021-06-14 09:43:30,290978,Transcribed,600s,1SPT,LAZB,Lazuli Bunting,PASSERINA AMOENA,2,2601203,1,Song,5.24,3.86,-31.03,f,,Steve Ogle,1211,,
PC,925,ESKERINE-111,214797,,-113.861087,49.109411,,,305758,2021-06-14 09:20:55,285103,Transcribed,600s,1SPT,MODO,Mourning Dove,ZENAIDA MACROURA,1,2557359,1,Song,104.69,3.55,-30.98,f,,Steve Ogle,1211,,
PC,925,ESKERINE-111,214797,,-113.861087,49.109411,,,305758,2021-06-14 09:20:55,285103,Transcribed,600s,1SPT,SACR,Sandhill Crane,ANTIGONE CANADENSIS,1,2557374,1,Call,176.56,3.74,-14.98,f,,Steve Ogle,1211,,
PC,925,ESKERINE-111,214797,,-113.861087,49.109411,,,305758,2021-06-14 09:20:55,285103,Transcribed,600s,1SPT,CORA,Common Raven,CORVUS CORAX,1,2557362,1,Call,110.56,3.06,-28.01,f,,Steve Ogle,1211,,
PC,925,ESKERINE-111,214797,,-113.861087,49.109411,,,305758,2021-06-14 09:20:55,285103,Transcribed,600s,1SPT,WCSP,White-crowned Sparrow,ZONOTRICHIA LEUCOPHRYS,1,2557366,1,Song,132.51,2.38,-36.68,f,,Steve Ogle,1211,,
PC,925,ESKERINE-111,214797,,-113.861087,49.109411,,,305758,2021-06-14 09:20:55,285103,Transcribed,600s,1SPT,AMRO,American Robin,TURDUS MIGRATORIUS,1,2557338,1,Song,2.76,3.23,-31.92,f,,Steve Ogle,1211,,
PC,925,ESKERINE-111,214797,,-113.861087,49.109411,,,305758,2021-06-14 09:20:55,285103,Transcribed,600s,1SPT,ELKK,Elk (wapiti),CERVUS CANADENSIS,1,2557401,1,Call,527.53,3.63,-21.09,f,,Steve Ogle,1211,,
PC,925,ESKERINE-111,214797,,-113.861087,49.109411,,,305758,2021-06-14 09:20:55,285103,Transcribed,600s,1SPT,YHBL,Yellow-headed Blackbird,XANTHOCEPHALUS XANTHOCEPHALUS,2,2557403,1,Song,540.06,1.83,-30.86,f,,Steve Ogle,1211,,
PC,925,ESKERINE-111,214797,,-113.861087,49.109411,,,305758,2021-06-14 09:20:55,285103,Transcribed,600s,1SPT,YHBL,Yellow-headed Blackbird,XANTHOCEPHALUS XANTHOCEPHALUS,1,2557398,1,Song,259.81,3.19,-39.58,f,,Steve Ogle,1211,,
PC,925,ESKERINE-111,214797,,-113.861087,49.109411,,,305758,2021-06-14 09:20:55,285103,Transcribed,600s,1SPT,HOWR,House Wren,TROGLODYTES AEDON,1,2557336,3,Song,0.01,3.43,-31.77,f,,Steve Ogle,1211,Probably 5+ throughout,
PC,925,ESKERINE-111,214797,,-113.861087,49.109411,,,305758,2021-06-14 09:20:55,285103,Transcribed,600s,1SPT,PBGR,Pied-billed Grebe,PODILYMBUS PODICEPS,1,2557375,1,Song,246.01,3.81,-23.36,f,,Steve Ogle,1211,,
PC,925,ESKERINE-111,214797,,-113.861087,49.109411,,,305758,2021-06-14 09:20:55,285103,Transcribed,600s,1SPT,EUST,European Starling,STURNUS VULGARIS,2,2557368,2,Call,140.15,4.20,-31.65,f,,Steve Ogle,1211,,
PC,925,ESKERINE-111,214797,,-113.861087,49.109411,,,305758,2021-06-14 09:20:55,285103,Transcribed,600s,1SPT,EUST,European Starling,STURNUS VULGARIS,1,2557351,1,Call,38.84,1.83,-29.48,f,,Steve Ogle,1211,,
PC,925,ESKERINE-111,214797,,-113.861087,49.109411,,,305758,2021-06-14 09:20:55,285103,Transcribed,600s,1SPT,VGSW,Violet-green Swallow,TACHYCINETA THALASSINA,3,2557404,1,Call,590.94,5.44,-29,f,,Steve Ogle,1211,,
PC,925,ESKERINE-111,214797,,-113.861087,49.109411,,,305758,2021-06-14 09:20:55,285103,Transcribed,600s,1SPT,VGSW,Violet-green Swallow,TACHYCINETA THALASSINA,2,2557399,1,Call,409.65,5.66,-32.17,f,,Steve Ogle,1211,pretty sure,
PC,925,ESKERINE-111,214797,,-113.861087,49.109411,,,305758,2021-06-14 09:20:55,285103,Transcribed,600s,1SPT,VGSW,Violet-green Swallow,TACHYCINETA THALASSINA,1,2557364,1,Call,117.91,2.43,-38.97,f,,Steve Ogle,1211,,
PC,925,ESKERINE-111,214797,,-113.861087,49.109411,,,305758,2021-06-14 09:20:55,285103,Transcribed,600s,1SPT,BHCO,Brown-headed Cowbird,MOLOTHRUS ATER,1,2557373,1,Song,176.21,2.48,-25.66,f,,Steve Ogle,1211,,
PC,925,ESKERINE-111,214797,,-113.861087,49.109411,,,305758,2021-06-14 09:20:55,285103,Transcribed,600s,1SPT,BBMA,Black-billed Magpie,PICA HUDSONIA,1,2557358,1,Call,104.54,1.10,-27.65,f,,Steve Ogle,1211,,
PC,925,ESKERINE-111,214797,,-113.861087,49.109411,,,305758,2021-06-14 09:20:55,285103,Transcribed,600s,1SPT,PISI,Pine Siskin,SPINUS PINUS,3,2557371,1,Call,170.28,1.63,-42.92,f,,Steve Ogle,1211,,
PC,925,ESKERINE-111,214797,,-113.861087,49.109411,,,305758,2021-06-14 09:20:55,285103,Transcribed,600s,1SPT,PISI,Pine Siskin,SPINUS PINUS,2,2557350,1,Call,35.86,1.16,-47.32,f,,Steve Ogle,1211,,
PC,925,ESKERINE-111,214797,,-113.861087,49.109411,,,305758,2021-06-14 09:20:55,285103,Transcribed,600s,1SPT,PISI,Pine Siskin,SPINUS PINUS,1,2557349,1,Call,26.80,1.09,-35.96,f,,Steve Ogle,1211,,
PC,925,ESKERINE-111,214797,,-113.861087,49.109411,,,305758,2021-06-14 09:20:55,285103,Transcribed,600s,1SPT,AMGO,American Goldfinch,SPINUS TRISTIS,2,2557402,1,Call,531.20,3.60,-36.7,f,,Steve Ogle,1211,,
PC,925,ESKERINE-111,214797,,-113.861087,49.109411,,,305758,2021-06-14 09:20:55,285103,Transcribed,600s,1SPT,AMGO,American Goldfinch,SPINUS TRISTIS,1,2557342,1,Song,7.81,1.31,-35.36,f,,Steve Ogle,1211,,
PC,925,ESKERINE-111,214797,,-113.861087,49.109411,,,305758,2021-06-14 09:20:55,285103,Transcribed,600s,1SPT,VESP,Vesper Sparrow,POOECETES GRAMINEUS,3,2557345,1,Song,17.91,3.05,-29.27,f,,Steve Ogle,1211,,
PC,925,ESKERINE-111,214797,,-113.861087,49.109411,,,305758,2021-06-14 09:20:55,285103,Transcribed,600s,1SPT,VESP,Vesper Sparrow,POOECETES GRAMINEUS,2,2557343,1,Song,12.13,2.89,-23.03,f,,Steve Ogle,1211,,
PC,925,ESKERINE-111,214797,,-113.861087,49.109411,,,305758,2021-06-14 09:20:55,285103,Transcribed,600s,1SPT,VESP,Vesper Sparrow,POOECETES GRAMINEUS,1,2557340,1,Song,4.93,3.01,-35.58,f,,Steve Ogle,1211,,
PC,925,ESKERINE-111,214797,,-113.861087,49.109411,,,305758,2021-06-14 09:20:55,285103,Transcribed,600s,1SPT,LISP,Lincoln's Sparrow,MELOSPIZA LINCOLNII,1,2557367,1,Song,134.33,2.68,-29.72,f,,Steve Ogle,1211,,
PC,925,ESKERINE-111,214797,,-113.861087,49.109411,,,305758,2021-06-14 09:20:55,285103,Transcribed,600s,1SPT,CCSP,Clay-colored Sparrow,SPIZELLA PALLIDA,2,2557355,1,Song,54.74,3.04,-32.35,f,,Steve Ogle,1211,,
PC,925,ESKERINE-111,214797,,-113.861087,49.109411,,,305758,2021-06-14 09:20:55,285103,Transcribed,600s,1SPT,CCSP,Clay-colored Sparrow,SPIZELLA PALLIDA,1,2557352,1,Song,41.13,2.38,-36.85,f,,Steve Ogle,1211,,
PC,925,ESKERINE-111,214797,,-113.861087,49.109411,,,305758,2021-06-14 09:20:55,285103,Transcribed,600s,1SPT,SAVS,Savannah Sparrow,PASSERCULUS SANDWICHENSIS,2,2557348,1,Song,24.55,1.76,-40.01,f,,Steve Ogle,1211,,
PC,925,ESKERINE-111,214797,,-113.861087,49.109411,,,305758,2021-06-14 09:20:55,285103,Transcribed,600s,1SPT,SAVS,Savannah Sparrow,PASSERCULUS SANDWICHENSIS,1,2557339,1,Song,3.26,1.58,-40.83,f,,Steve Ogle,1211,,
PC,925,ESKERINE-111,214797,,-113.861087,49.109411,,,305758,2021-06-14 09:20:55,285103,Transcribed,600s,1SPT,RWBL,Red-winged Blackbird,AGELAIUS PHOENICEUS,1,2557370,1,Call,145.79,3.70,-26.62,f,,Steve Ogle,1211,,
PC,925,ESKERINE-111,214797,,-113.861087,49.109411,,,305758,2021-06-14 09:20:55,285103,Transcribed,600s,1SPT,GRCA,Gray Catbird,DUMETELLA CAROLINENSIS,1,2557341,1,Song,5.00,3.75,-33.34,f,,Steve Ogle,1211,,
PC,925,ESKERINE-111,214797,,-113.861087,49.109411,,,305758,2021-06-14 09:20:55,285103,Transcribed,600s,1SPT,WEME,Western Meadowlark,STURNELLA NEGLECTA,1,2557369,1,Song,143.78,2.53,-23.77,f,,Steve Ogle,1211,,
PC,925,ESKERINE-111,214797,,-113.861087,49.109411,,,305758,2021-06-14 09:20:55,285103,Transcribed,600s,1SPT,YEWA,Yellow Warbler,SETOPHAGA PETECHIA,2,2557372,1,Song,163.46,2.40,-35.36,f,,Steve Ogle,1211,,
PC,925,ESKERINE-111,214797,,-113.861087,49.109411,,,305758,2021-06-14 09:20:55,285103,Transcribed,600s,1SPT,YEWA,Yellow Warbler,SETOPHAGA PETECHIA,1,2557346,1,Song,21.09,2.20,-34.9,f,,Steve Ogle,1211,,
PC,925,ESKERINE-112,214795,,-113.863355,49.107636,,,305759,2021-06-14 08:46:55,285104,Transcribed,600s,1SPT,WEME,Western Meadowlark,STURNELLA NEGLECTA,2,2593834,1,Song,27.10,2.65,-45.7,f,,Steve Ogle,1211,,seems quiet
PC,925,ESKERINE-112,214795,,-113.863355,49.107636,,,305759,2021-06-14 08:46:55,285104,Transcribed,600s,1SPT,WEME,Western Meadowlark,STURNELLA NEGLECTA,1,2593733,1,Song,6.71,3.81,-26.34,f,,Steve Ogle,1211,,seems quiet
PC,925,ESKERINE-112,214795,,-113.863355,49.107636,,,305759,2021-06-14 08:46:55,285104,Transcribed,600s,1SPT,TRES,Tree Swallow,TACHYCINETA BICOLOR,1,2593712,1,Call,1.90,1.13,-47.31,f,,Steve Ogle,1211,,seems quiet
PC,925,ESKERINE-112,214795,,-113.863355,49.107636,,,305759,2021-06-14 08:46:55,285104,Transcribed,600s,1SPT,EUST,European Starling,STURNUS VULGARIS,1,2593867,1,Call,523.96,1.10,-44.99,f,,Steve Ogle,1211,,seems quiet
PC,925,ESKERINE-112,214795,,-113.863355,49.107636,,,305759,2021-06-14 08:46:55,285104,Transcribed,600s,1SPT,EUST,European Starling,STURNUS VULGARIS,2,2593869,1,Call,540.33,1.49,-47.57,f,,Steve Ogle,1211,,seems quiet
PC,925,ESKERINE-112,214795,,-113.863355,49.107636,,,305759,2021-06-14 08:46:55,285104,Transcribed,600s,1SPT,UNSW,Unidentified Swallow,HIRUNDO,1,2593870,1,Call,559.41,4.14,-48.29,f,,Steve Ogle,1211,I said TRES earlier but hard to say on this one,seems quiet
PC,925,ESKERINE-112,214795,,-113.863355,49.107636,,,305759,2021-06-14 08:46:55,285104,Transcribed,600s,1SPT,EAKI,Eastern Kingbird,TYRANNUS TYRANNUS,1,2593841,1,Song,55.74,4.23,-43.79,f,,Steve Ogle,1211,,seems quiet
PC,925,ESKERINE-112,214795,,-113.863355,49.107636,,,305759,2021-06-14 08:46:55,285104,Transcribed,600s,1SPT,HOWR,House Wren,TROGLODYTES AEDON,1,2593705,1,Song,0.55,2.34,-46.65,f,,Steve Ogle,1211,,seems quiet
PC,925,ESKERINE-112,214795,,-113.863355,49.107636,,,305759,2021-06-14 08:46:55,285104,Transcribed,600s,1SPT,HOWR,House Wren,TROGLODYTES AEDON,2,2593715,1,Song,4.25,2.14,-48.21,f,,Steve Ogle,1211,,seems quiet
PC,925,ESKERINE-112,214795,,-113.863355,49.107636,,,305759,2021-06-14 08:46:55,285104,Transcribed,600s,1SPT,HOWR,House Wren,TROGLODYTES AEDON,3,2593718,1,Song,5.98,2.20,-49.06,f,,Steve Ogle,1211,,seems quiet
PC,925,ESKERINE-112,214795,,-113.863355,49.107636,,,305759,2021-06-14 08:46:55,285104,Transcribed,600s,1SPT,WCSP,White-crowned Sparrow,ZONOTRICHIA LEUCOPHRYS,1,2593836,1,Song,47.11,3.45,-34.43,f,,Steve Ogle,1211,,seems quiet
PC,925,ESKERINE-112,214795,,-113.863355,49.107636,,,305759,2021-06-14 08:46:55,285104,Transcribed,600s,1SPT,BHCO,Brown-headed Cowbird,MOLOTHRUS ATER,1,2593842,1,Song,66.50,2.36,-39.47,f,,Steve Ogle,1211,,seems quiet
PC,925,ESKERINE-112,214795,,-113.863355,49.107636,,,305759,2021-06-14 08:46:55,285104,Transcribed,600s,1SPT,AMCR,American Crow,CORVUS BRACHYRHYNCHOS,2,2593860,1,Song,390.85,1.75,-36.73,f,,Steve Ogle,1211,,seems quiet
PC,925,ESKERINE-112,214795,,-113.863355,49.107636,,,305759,2021-06-14 08:46:55,285104,Transcribed,600s,1SPT,AMCR,American Crow,CORVUS BRACHYRHYNCHOS,1,2593857,1,Call,358.04,1.00,-37,f,,Steve Ogle,1211,,seems quiet
PC,925,ESKERINE-112,214795,,-113.863355,49.107636,,,305759,2021-06-14 08:46:55,285104,Transcribed,600s,1SPT,PISI,Pine Siskin,SPINUS PINUS,1,2593851,1,Call,313.89,4.65,-47.76,f,,Steve Ogle,1211,,seems quiet
PC,925,ESKERINE-112,214795,,-113.863355,49.107636,,,305759,2021-06-14 08:46:55,285104,Transcribed,600s,1SPT,UNBI,Unidentified bird,"",1,2593845,1,Call,170.95,7.29,-37.96,f,,Steve Ogle,1211,"might be a distorted CANG, PBGR SACR or CORA in the distance?  confidence:To Be Checked",seems quiet
PC,925,ESKERINE-112,214795,,-113.863355,49.107636,,,305759,2021-06-14 08:46:55,285104,Transcribed,600s,1SPT,VESP,Vesper Sparrow,POOECETES GRAMINEUS,2,2593740,1,Song,10.45,4.24,-32.66,f,,Steve Ogle,1211,,seems quiet
PC,925,ESKERINE-112,214795,,-113.863355,49.107636,,,305759,2021-06-14 08:46:55,285104,Transcribed,600s,1SPT,VESP,Vesper Sparrow,POOECETES GRAMINEUS,1,2593701,2,Song,0.95,4.54,-48.55,f,,Steve Ogle,1211,,seems quiet
PC,925,ESKERINE-112,214795,,-113.863355,49.107636,,,305759,2021-06-14 08:46:55,285104,Transcribed,600s,1SPT,CCSP,Clay-colored Sparrow,SPIZELLA PALLIDA,1,2593744,2,Song,13.39,5.78,-48.07,f,,Steve Ogle,1211,,seems quiet
PC,925,ESKERINE-112,214795,,-113.863355,49.107636,,,305759,2021-06-14 08:46:55,285104,Transcribed,600s,1SPT,SAVS,Savannah Sparrow,PASSERCULUS SANDWICHENSIS,3,2593833,1,Song,20.74,2.84,-48.71,f,,Steve Ogle,1211,,seems quiet
PC,925,ESKERINE-112,214795,,-113.863355,49.107636,,,305759,2021-06-14 08:46:55,285104,Transcribed,600s,1SPT,SAVS,Savannah Sparrow,PASSERCULUS SANDWICHENSIS,2,2593767,1,Song,16.30,2.06,-52.89,f,,Steve Ogle,1211,,seems quiet
PC,925,ESKERINE-112,214795,,-113.863355,49.107636,,,305759,2021-06-14 08:46:55,285104,Transcribed,600s,1SPT,SAVS,Savannah Sparrow,PASSERCULUS SANDWICHENSIS,1,2593736,1,Song,7.41,2.58,-46.59,f,,Steve Ogle,1211,,seems quiet
PC,925,ESKERINE-112,214795,,-113.863355,49.107636,,,305759,2021-06-14 08:46:55,285104,Transcribed,600s,1SPT,LAZB,Lazuli Bunting,PASSERINA AMOENA,1,2593742,1,Song,11.49,3.84,-47.29,f,,Steve Ogle,1211,,seems quiet
PC,925,ESKERINE-113,214793,,-113.865410,49.104301,,,305769,2021-06-14 08:21:15,285114,Transcribed,600s,1SPT,HOWR,House Wren,TROGLODYTES AEDON,1,2567979,2,Song,0.08,5.23,-26.17,f,,Steve Ogle,1211,,"not failed; both channels low gain 
but left is most faint"
PC,925,ESKERINE-113,214793,,-113.865410,49.104301,,,305769,2021-06-14 08:21:15,285114,Transcribed,600s,1SPT,EAKI,Eastern Kingbird,TYRANNUS TYRANNUS,1,2568280,1,Call,128.36,1.26,-58.29,f,,Steve Ogle,1211,,"not failed; both channels low gain 
but left is most faint"
PC,925,ESKERINE-113,214793,,-113.865410,49.104301,,,305769,2021-06-14 08:21:15,285114,Transcribed,600s,1SPT,EUST,European Starling,STURNUS VULGARIS,2,2568388,1,Call,418.26,3.50,-38.05,f,,Steve Ogle,1211,,"not failed; both channels low gain 
but left is most faint"
PC,925,ESKERINE-113,214793,,-113.865410,49.104301,,,305769,2021-06-14 08:21:15,285114,Transcribed,600s,1SPT,EUST,European Starling,STURNUS VULGARIS,1,2568340,2,Call,275.74,3.18,-52.9,f,,Steve Ogle,1211,,"not failed; both channels low gain 
but left is most faint"
PC,925,ESKERINE-113,214793,,-113.865410,49.104301,,,305769,2021-06-14 08:21:15,285114,Transcribed,600s,1SPT,AMCR,American Crow,CORVUS BRACHYRHYNCHOS,2,2568489,1,Call,563.66,3.96,-23.7,f,,Steve Ogle,1211,,"not failed; both channels low gain 
but left is most faint"
PC,925,ESKERINE-113,214793,,-113.865410,49.104301,,,305769,2021-06-14 08:21:15,285114,Transcribed,600s,1SPT,AMCR,American Crow,CORVUS BRACHYRHYNCHOS,1,2568466,1,Call,510.23,3.98,-14.34,f,,Steve Ogle,1211,,"not failed; both channels low gain 
but left is most faint"
PC,925,ESKERINE-113,214793,,-113.865410,49.104301,,,305769,2021-06-14 08:21:15,285114,Transcribed,600s,1SPT,PISI,Pine Siskin,SPINUS PINUS,1,2568482,2,Call,542.99,2.26,-56.87,f,,Steve Ogle,1211,,"not failed; both channels low gain 
but left is most faint"
PC,925,ESKERINE-113,214793,,-113.865410,49.104301,,,305769,2021-06-14 08:21:15,285114,Transcribed,600s,1SPT,VESP,Vesper Sparrow,POOECETES GRAMINEUS,3,2568370,1,Song,350.81,4.86,-42.42,f,,Steve Ogle,1211,this one seems more faint/ further away,"not failed; both channels low gain 
but left is most faint"
PC,925,ESKERINE-113,214793,,-113.865410,49.104301,,,305769,2021-06-14 08:21:15,285114,Transcribed,600s,1SPT,SAVS,Savannah Sparrow,PASSERCULUS SANDWICHENSIS,2,2567994,1,Song,46.00,1.61,-58.08,f,,Steve Ogle,1211,,"not failed; both channels low gain 
but left is most faint"
PC,925,ESKERINE-113,214793,,-113.865410,49.104301,,,305769,2021-06-14 08:21:15,285114,Transcribed,600s,1SPT,CCSP,Clay-colored Sparrow,SPIZELLA PALLIDA,1,2567989,1,Song,17.64,3.13,-43.71,f,,Steve Ogle,1211,,"not failed; both channels low gain 
but left is most faint"
PC,925,ESKERINE-113,214793,,-113.865410,49.104301,,,305769,2021-06-14 08:21:15,285114,Transcribed,600s,1SPT,CCSP,Clay-colored Sparrow,SPIZELLA PALLIDA,2,2567998,1,Song,55.96,5.13,-42.98,f,,Steve Ogle,1211,,"not failed; both channels low gain 
but left is most faint"
PC,925,ESKERINE-113,214793,,-113.865410,49.104301,,,305769,2021-06-14 08:21:15,285114,Transcribed,600s,1SPT,CCSP,Clay-colored Sparrow,SPIZELLA PALLIDA,3,2568327,1,Song,237.60,2.51,-61.84,f,,Steve Ogle,1211,,"not failed; both channels low gain 
but left is most faint"
PC,925,ESKERINE-113,214793,,-113.865410,49.104301,,,305769,2021-06-14 08:21:15,285114,Transcribed,600s,1SPT,YEWA,Yellow Warbler,SETOPHAGA PETECHIA,1,2568333,1,Song,247.79,2.19,-44.24,f,,Steve Ogle,1211,,"not failed; both channels low gain 
but left is most faint"
PC,925,ESKERINE-113,214793,,-113.865410,49.104301,,,305769,2021-06-14 08:21:15,285114,Transcribed,600s,1SPT,RWBL,Red-winged Blackbird,AGELAIUS PHOENICEUS,1,2568429,1,Call,360.41,1.21,-60.53,f,,Steve Ogle,1211,,"not failed; both channels low gain 
but left is most faint"
PC,925,ESKERINE-113,214793,,-113.865410,49.104301,,,305769,2021-06-14 08:21:15,285114,Transcribed,600s,1SPT,SAVS,Savannah Sparrow,PASSERCULUS SANDWICHENSIS,1,2567993,1,Song,32.65,1.84,-41.8,f,,Steve Ogle,1211,,"not failed; both channels low gain 
but left is most faint"
PC,925,ESKERINE-113,214793,,-113.865410,49.104301,,,305769,2021-06-14 08:21:15,285114,Transcribed,600s,1SPT,VESP,Vesper Sparrow,POOECETES GRAMINEUS,2,2567987,1,Song,10.81,3.50,-46.76,f,,Steve Ogle,1211,,"not failed; both channels low gain 
but left is most faint"
PC,925,ESKERINE-113,214793,,-113.865410,49.104301,,,305769,2021-06-14 08:21:15,285114,Transcribed,600s,1SPT,VESP,Vesper Sparrow,POOECETES GRAMINEUS,1,2567986,1,Song,7.04,3.33,-39.33,f,,Steve Ogle,1211,,"not failed; both channels low gain 
but left is most faint"
PC,925,ESKERINE-113,214793,,-113.865410,49.104301,,,305769,2021-06-14 08:21:15,285114,Transcribed,600s,1SPT,RNDU,Ring-necked Duck,AYTHYA COLLARIS,1,2568295,1,Call,222.94,1.90,-25.17,f,,Steve Ogle,1211,Sounds good for whistled calls from male confidence:To Be Checked,"not failed; both channels low gain 
but left is most faint"
PC,925,ESKERINE-113,214793,,-113.865410,49.104301,,,305769,2021-06-14 08:21:15,285114,Transcribed,600s,1SPT,WCSP,White-crowned Sparrow,ZONOTRICHIA LEUCOPHRYS,3,2568284,1,Song,133.56,2.21,-44.35,f,,Steve Ogle,1211,,"not failed; both channels low gain 
but left is most faint"
PC,925,ESKERINE-113,214793,,-113.865410,49.104301,,,305769,2021-06-14 08:21:15,285114,Transcribed,600s,1SPT,WCSP,White-crowned Sparrow,ZONOTRICHIA LEUCOPHRYS,2,2567996,1,Song,45.28,2.96,-26.12,f,,Steve Ogle,1211,,"not failed; both channels low gain 
but left is most faint"
PC,925,ESKERINE-113,214793,,-113.865410,49.104301,,,305769,2021-06-14 08:21:15,285114,Transcribed,600s,1SPT,WCSP,White-crowned Sparrow,ZONOTRICHIA LEUCOPHRYS,1,2567992,1,Song,23.40,2.21,-53.21,f,,Steve Ogle,1211,,"not failed; both channels low gain 
but left is most faint"
PC,925,ESKERINE-113,214793,,-113.865410,49.104301,,,305769,2021-06-14 08:21:15,285114,Transcribed,600s,1SPT,YHBL,Yellow-headed Blackbird,XANTHOCEPHALUS XANTHOCEPHALUS,1,2568454,1,Call,153.81,1.93,-36.59,f,,Steve Ogle,1211,,"not failed; both channels low gain 
but left is most faint"
PC,925,ESKERINE-113,214793,,-113.865410,49.104301,,,305769,2021-06-14 08:21:15,285114,Transcribed,600s,1SPT,HOWR,House Wren,TROGLODYTES AEDON,2,2567984,1,Song,5.73,2.78,-48.06,f,,Steve Ogle,1211,,"not failed; both channels low gain 
but left is most faint"
PC,925,ESKERINE-114,214794,,-113.867018,49.102956,,,305770,2021-06-14 07:26:35,285115,Transcribed,600s,1SPT,AMCR,American Crow,CORVUS BRACHYRHYNCHOS,1,2578698,1,Call,22.56,2.23,-32.05,f,,Steve Ogle,1211,,(low gain); faint sounds plus wind = difficult detectability
PC,925,ESKERINE-114,214794,,-113.867018,49.102956,,,305770,2021-06-14 07:26:35,285115,Transcribed,600s,1SPT,LAZB,Lazuli Bunting,PASSERINA AMOENA,1,2578728,1,Song,77.51,3.66,-52.95,f,,Steve Ogle,1211,,(low gain); faint sounds plus wind = difficult detectability
PC,925,ESKERINE-114,214794,,-113.867018,49.102956,,,305770,2021-06-14 07:26:35,285115,Transcribed,600s,1SPT,WEME,Western Meadowlark,STURNELLA NEGLECTA,1,2578745,1,Song,116.33,1.30,-27.33,f,,Steve Ogle,1211,partial,(low gain); faint sounds plus wind = difficult detectability
PC,925,ESKERINE-114,214794,,-113.867018,49.102956,,,305770,2021-06-14 07:26:35,285115,Transcribed,600s,1SPT,MGWA,MacGillivray's Warbler,GEOTHLYPIS TOLMIEI,1,2578726,1,Song,73.13,2.64,-55.48,f,,Steve Ogle,1211,,(low gain); faint sounds plus wind = difficult detectability
PC,925,ESKERINE-114,214794,,-113.867018,49.102956,,,305770,2021-06-14 07:26:35,285115,Transcribed,600s,1SPT,SAVS,Savannah Sparrow,PASSERCULUS SANDWICHENSIS,1,2578696,1,Song,18.64,2.34,-63.21,f,,Steve Ogle,1211,,(low gain); faint sounds plus wind = difficult detectability
PC,925,ESKERINE-114,214794,,-113.867018,49.102956,,,305770,2021-06-14 07:26:35,285115,Transcribed,600s,1SPT,SAVS,Savannah Sparrow,PASSERCULUS SANDWICHENSIS,2,2578724,1,Song,59.81,1.66,-63.24,f,,Steve Ogle,1211,,(low gain); faint sounds plus wind = difficult detectability
PC,925,ESKERINE-114,214794,,-113.867018,49.102956,,,305770,2021-06-14 07:26:35,285115,Transcribed,600s,1SPT,CCSP,Clay-colored Sparrow,SPIZELLA PALLIDA,1,2578692,1,Song,11.78,2.66,-57.64,f,,Steve Ogle,1211,,(low gain); faint sounds plus wind = difficult detectability
PC,925,ESKERINE-114,214794,,-113.867018,49.102956,,,305770,2021-06-14 07:26:35,285115,Transcribed,600s,1SPT,CCSP,Clay-colored Sparrow,SPIZELLA PALLIDA,2,2578711,1,Song,32.44,2.68,-60.95,f,,Steve Ogle,1211,,(low gain); faint sounds plus wind = difficult detectability
PC,925,ESKERINE-114,214794,,-113.867018,49.102956,,,305770,2021-06-14 07:26:35,285115,Transcribed,600s,1SPT,VESP,Vesper Sparrow,POOECETES GRAMINEUS,1,2578671,1,Song,3.93,3.05,-45.94,f,,Steve Ogle,1211,,(low gain); faint sounds plus wind = difficult detectability
PC,925,ESKERINE-114,214794,,-113.867018,49.102956,,,305770,2021-06-14 07:26:35,285115,Transcribed,600s,1SPT,VESP,Vesper Sparrow,POOECETES GRAMINEUS,2,2578732,2,Song,93.29,4.93,-58.23,f,,Steve Ogle,1211,distant,(low gain); faint sounds plus wind = difficult detectability
PC,925,ESKERINE-114,214794,,-113.867018,49.102956,,,305770,2021-06-14 07:26:35,285115,Transcribed,600s,1SPT,AMCR,American Crow,CORVUS BRACHYRHYNCHOS,2,2578753,1,Call,142.95,1.84,-31.25,f,,Steve Ogle,1211,,(low gain); faint sounds plus wind = difficult detectability
PC,925,ESKERINE-114,214794,,-113.867018,49.102956,,,305770,2021-06-14 07:26:35,285115,Transcribed,600s,1SPT,BHCO,Brown-headed Cowbird,MOLOTHRUS ATER,1,2579032,1,Song,469.46,1.51,-62.01,f,,Steve Ogle,1211,,(low gain); faint sounds plus wind = difficult detectability
PC,925,ESKERINE-114,214794,,-113.867018,49.102956,,,305770,2021-06-14 07:26:35,285115,Transcribed,600s,1SPT,TRES,Tree Swallow,TACHYCINETA BICOLOR,1,2578750,1,Call,128.65,1.44,-25.76,f,,Steve Ogle,1211,,(low gain); faint sounds plus wind = difficult detectability
PC,925,ESKERINE-114,214794,,-113.867018,49.102956,,,305770,2021-06-14 07:26:35,285115,Transcribed,600s,1SPT,TRES,Tree Swallow,TACHYCINETA BICOLOR,2,2579043,1,Call,586.00,5.73,-57.94,f,,Steve Ogle,1211,,(low gain); faint sounds plus wind = difficult detectability
PC,925,ESKERINE-114,214794,,-113.867018,49.102956,,,305770,2021-06-14 07:26:35,285115,Transcribed,600s,1SPT,EUST,European Starling,STURNUS VULGARIS,1,2578742,1,Call,118.25,1.08,-50.73,f,,Steve Ogle,1211,,(low gain); faint sounds plus wind = difficult detectability
PC,925,ESKERINE-114,214794,,-113.867018,49.102956,,,305770,2021-06-14 07:26:35,285115,Transcribed,600s,1SPT,EUST,European Starling,STURNUS VULGARIS,2,2578755,1,Call,152.08,1.86,-56.17,f,,Steve Ogle,1211,,(low gain); faint sounds plus wind = difficult detectability
PC,925,ESKERINE-114,214794,,-113.867018,49.102956,,,305770,2021-06-14 07:26:35,285115,Transcribed,600s,1SPT,EUST,European Starling,STURNUS VULGARIS,3,2579019,1,Call,277.60,1.65,-55.53,f,,Steve Ogle,1211,,(low gain); faint sounds plus wind = difficult detectability
PC,925,ESKERINE-114,214794,,-113.867018,49.102956,,,305770,2021-06-14 07:26:35,285115,Transcribed,600s,1SPT,EAKI,Eastern Kingbird,TYRANNUS TYRANNUS,1,2578705,1,Call,26.98,1.15,-61.1,f,,Steve Ogle,1211,,(low gain); faint sounds plus wind = difficult detectability
PC,925,ESKERINE-114,214794,,-113.867018,49.102956,,,305770,2021-06-14 07:26:35,285115,Transcribed,600s,1SPT,FRGU,Franklin's Gull,LEUCOPHAEUS PIPIXCAN,1,2578767,2,Call,262.43,11.91,-23.72,f,,Steve Ogle,1211,"difficult to count but not ""too many to count""",(low gain); faint sounds plus wind = difficult detectability
PC,925,ESKERINE-114,214794,,-113.867018,49.102956,,,305770,2021-06-14 07:26:35,285115,Transcribed,600s,1SPT,HOWR,House Wren,TROGLODYTES AEDON,1,2578685,1,Song,0.33,1.88,-51.55,f,,Steve Ogle,1211,,(low gain); faint sounds plus wind = difficult detectability
PC,925,ESKERINE-114,214794,,-113.867018,49.102956,,,305770,2021-06-14 07:26:35,285115,Transcribed,600s,1SPT,HOWR,House Wren,TROGLODYTES AEDON,2,2578688,1,Song,5.96,2.39,-44.39,f,,Steve Ogle,1211,,(low gain); faint sounds plus wind = difficult detectability
PC,925,ESKERINE-114,214794,,-113.867018,49.102956,,,305770,2021-06-14 07:26:35,285115,Transcribed,600s,1SPT,HOWR,House Wren,TROGLODYTES AEDON,3,2578701,1,Song,26.09,1.94,-52.9,f,,Steve Ogle,1211,,(low gain); faint sounds plus wind = difficult detectability
PC,925,ESKERINE-114,214794,,-113.867018,49.102956,,,305770,2021-06-14 07:26:35,285115,Transcribed,600s,1SPT,ELKK,Elk (wapiti),CERVUS CANADENSIS,1,2579037,1,Call,545.19,2.29,-25.54,f,,Steve Ogle,1211,,(low gain); faint sounds plus wind = difficult detectability
PC,925,ESKERINE-114,214794,,-113.867018,49.102956,,,305770,2021-06-14 07:26:35,285115,Transcribed,600s,1SPT,AMRO,American Robin,TURDUS MIGRATORIUS,1,2578675,1,Song,0.25,2.25,-54.92,f,,Steve Ogle,1211,,(low gain); faint sounds plus wind = difficult detectability
PC,925,ESKERINE-114,214794,,-113.867018,49.102956,,,305770,2021-06-14 07:26:35,285115,Transcribed,600s,1SPT,AMRO,American Robin,TURDUS MIGRATORIUS,2,2578739,1,Call,105.14,0.73,-57.66,f,,Steve Ogle,1211,,(low gain); faint sounds plus wind = difficult detectability
PC,925,ESKERINE-114,214794,,-113.867018,49.102956,,,305770,2021-06-14 07:26:35,285115,Transcribed,600s,1SPT,WCSP,White-crowned Sparrow,ZONOTRICHIA LEUCOPHRYS,1,2578664,1,Song,0.93,2.28,-52.57,f,,Steve Ogle,1211,,(low gain); faint sounds plus wind = difficult detectability
PC,925,ESKERINE-114,214794,,-113.867018,49.102956,,,305770,2021-06-14 07:26:35,285115,Transcribed,600s,1SPT,WCSP,White-crowned Sparrow,ZONOTRICHIA LEUCOPHRYS,2,2578667,1,Song,3.66,1.74,-54.12,f,,Steve Ogle,1211,,(low gain); faint sounds plus wind = difficult detectability
PC,925,ESKERINE-114,214794,,-113.867018,49.102956,,,305770,2021-06-14 07:26:35,285115,Transcribed,600s,1SPT,WCSP,White-crowned Sparrow,ZONOTRICHIA LEUCOPHRYS,3,2578716,1,Song,43.84,2.73,-47.91,f,,Steve Ogle,1211,,(low gain); faint sounds plus wind = difficult detectability
PC,925,ESKERINE-115,214792,,-113.867002,49.101013,,,305771,2021-06-14 07:01:35,285116,Transcribed,600s,1SPT,BWTE,Blue-winged Teal,SPATULA DISCORS,1,2586294,1,Call,492.45,1.99,-19.7,f,,Steve Ogle,1211,female call; pretty sure (similar to GWTE but seems right),Right channel faint
PC,925,ESKERINE-115,214792,,-113.867002,49.101013,,,305771,2021-06-14 07:01:35,285116,Transcribed,600s,1SPT,CEDW,Cedar Waxwing,BOMBYCILLA CEDRORUM,1,2586279,1,Song,147.48,1.96,-45.43,f,,Steve Ogle,1211,,Right channel faint
PC,925,ESKERINE-115,214792,,-113.867002,49.101013,,,305771,2021-06-14 07:01:35,285116,Transcribed,600s,1SPT,CEDW,Cedar Waxwing,BOMBYCILLA CEDRORUM,2,2586280,1,Song,164.19,2.06,-50.31,f,,Steve Ogle,1211,,Right channel faint
PC,925,ESKERINE-115,214792,,-113.867002,49.101013,,,305771,2021-06-14 07:01:35,285116,Transcribed,600s,1SPT,HOWR,House Wren,TROGLODYTES AEDON,1,2586240,1,Song,0.01,0.80,-42.32,f,,Steve Ogle,1211,,Right channel faint
PC,925,ESKERINE-115,214792,,-113.867002,49.101013,,,305771,2021-06-14 07:01:35,285116,Transcribed,600s,1SPT,UROPAR,Arctic Ground Squirrel,UROCITELLUS PARRYII,1,2586283,1,Call,220.35,1.49,-36.27,f,,Steve Ogle,1211,,Right channel faint
PC,925,ESKERINE-115,214792,,-113.867002,49.101013,,,305771,2021-06-14 07:01:35,285116,Transcribed,600s,1SPT,CORA,Common Raven,CORVUS CORAX,1,2586271,2,Call,44.34,2.16,-39.1,f,,Steve Ogle,1211,,Right channel faint
PC,925,ESKERINE-115,214792,,-113.867002,49.101013,,,305771,2021-06-14 07:01:35,285116,Transcribed,600s,1SPT,WCSP,White-crowned Sparrow,ZONOTRICHIA LEUCOPHRYS,2,2586274,1,Song,58.85,2.09,-59.37,f,,Steve Ogle,1211,,Right channel faint
PC,925,ESKERINE-115,214792,,-113.867002,49.101013,,,305771,2021-06-14 07:01:35,285116,Transcribed,600s,1SPT,WCSP,White-crowned Sparrow,ZONOTRICHIA LEUCOPHRYS,1,2586269,1,Song,14.64,3.48,-41.8,f,,Steve Ogle,1211,,Right channel faint
PC,925,ESKERINE-115,214792,,-113.867002,49.101013,,,305771,2021-06-14 07:01:35,285116,Transcribed,600s,1SPT,AMRO,American Robin,TURDUS MIGRATORIUS,1,2586291,1,Call,478.04,3.70,-30.54,f,,Steve Ogle,1211,,Right channel faint
PC,925,ESKERINE-115,214792,,-113.867002,49.101013,,,305771,2021-06-14 07:01:35,285116,Transcribed,600s,1SPT,HOWR,House Wren,TROGLODYTES AEDON,3,2586268,1,Song,6.44,2.58,-43.88,f,,Steve Ogle,1211,,Right channel faint
PC,925,ESKERINE-115,214792,,-113.867002,49.101013,,,305771,2021-06-14 07:01:35,285116,Transcribed,600s,1SPT,HOWR,House Wren,TROGLODYTES AEDON,2,2586245,1,Song,2.59,2.90,-37.36,f,,Steve Ogle,1211,,Right channel faint
PC,925,ESKERINE-115,214792,,-113.867002,49.101013,,,305771,2021-06-14 07:01:35,285116,Transcribed,600s,1SPT,CCSP,Clay-colored Sparrow,SPIZELLA PALLIDA,1,2586281,1,Song,189.61,3.24,-41.57,f,,Steve Ogle,1211,,Right channel faint
PC,925,ESKERINE-115,214792,,-113.867002,49.101013,,,305771,2021-06-14 07:01:35,285116,Transcribed,600s,1SPT,VESP,Vesper Sparrow,POOECETES GRAMINEUS,1,2586275,1,Song,68.20,3.75,-56.72,f,,Steve Ogle,1211,,Right channel faint
PC,925,ESKERINE-115,214792,,-113.867002,49.101013,,,305771,2021-06-14 07:01:35,285116,Transcribed,600s,1SPT,UNBI,Unidentified bird,"",1,2586286,1,Call,356.49,5.61,-17.22,f,,Steve Ogle,1211,not sure what this is; likely the same as some other weird sounds on this point confidence:To Be Checked,Right channel faint
PC,925,ESKERINE-115,214792,,-113.867002,49.101013,,,305771,2021-06-14 07:01:35,285116,Transcribed,600s,1SPT,BAAN,Barred Antshrike,THAMNOPHILUS DOLIATUS,1,2586297,1,Call,500.04,2.20,-18.12,f,,Steve Ogle,1211,,Right channel faint
PC,925,ESKERINE-115,214792,,-113.867002,49.101013,,,305771,2021-06-14 07:01:35,285116,Transcribed,600s,1SPT,AMGO,American Goldfinch,SPINUS TRISTIS,1,2586287,1,Call,385.53,8.15,-39.37,f,,Steve Ogle,1211,,Right channel faint
PC,925,ESKERINE-115,214792,,-113.867002,49.101013,,,305771,2021-06-14 07:01:35,285116,Transcribed,600s,1SPT,AMGO,American Goldfinch,SPINUS TRISTIS,2,2586288,1,Call,431.79,3.65,-32.07,f,,Steve Ogle,1211,,Right channel faint
PC,925,ESKERINE-115,214792,,-113.867002,49.101013,,,305771,2021-06-14 07:01:35,285116,Transcribed,600s,1SPT,PISI,Pine Siskin,SPINUS PINUS,1,2586270,1,Call,37.10,3.40,-41.03,f,,Steve Ogle,1211,,Right channel faint
PC,925,ESKERINE-115,214792,,-113.867002,49.101013,,,305771,2021-06-14 07:01:35,285116,Transcribed,600s,1SPT,PISI,Pine Siskin,SPINUS PINUS,2,2586272,1,Call,46.78,3.28,-53.07,f,,Steve Ogle,1211,,Right channel faint
PC,925,ESKERINE-115,214792,,-113.867002,49.101013,,,305771,2021-06-14 07:01:35,285116,Transcribed,600s,1SPT,PISI,Pine Siskin,SPINUS PINUS,3,2586276,1,Call,69.44,4.13,-56.65,f,,Steve Ogle,1211,,Right channel faint
PC,925,ESKERINE-115,214792,,-113.867002,49.101013,,,305771,2021-06-14 07:01:35,285116,Transcribed,600s,1SPT,EUST,European Starling,STURNUS VULGARIS,1,2586247,TMTT,Call,0.46,6.95,-37.79,f,,Steve Ogle,1211,,Right channel faint
PC,925,ESKERINE-115,214792,,-113.867002,49.101013,,,305771,2021-06-14 07:01:35,285116,Transcribed,600s,1SPT,UNWT,Unidentified waterfowl,WATERFOWL SP.,1,2586300,1,Call,63.14,2.68,-50.82,f,,Steve Ogle,1211,not sure confidence:To Be Checked,Right channel faint
PC,925,ESKERINE-115,214792,,-113.867002,49.101013,,,305771,2021-06-14 07:01:35,285116,Transcribed,600s,1SPT,MGWA,MacGillivray's Warbler,GEOTHLYPIS TOLMIEI,1,2586298,1,Song,506.96,2.53,-43.57,f,,Steve Ogle,1211,,Right channel faint
PC,925,ESKERINE-115,214792,,-113.867002,49.101013,,,305771,2021-06-14 07:01:35,285116,Transcribed,600s,1SPT,WEME,Western Meadowlark,STURNELLA NEGLECTA,1,2586282,1,Song,203.49,2.31,-24.99,f,,Steve Ogle,1211,,Right channel faint
PC,925,ESKERINE-115,214792,,-113.867002,49.101013,,,305771,2021-06-14 07:01:35,285116,Transcribed,600s,1SPT,LAZB,Lazuli Bunting,PASSERINA AMOENA,1,2586284,1,Song,240.28,2.91,-43.53,f,,Steve Ogle,1211,faint,Right channel faint
PC,925,ESKERINE-115,214792,,-113.867002,49.101013,,,305771,2021-06-14 07:01:35,285116,Transcribed,600s,1SPT,BRBL,Brewer's Blackbird,EUPHAGUS CYANOCEPHALUS,1,2586285,1,Call,285.06,2.41,-36.49,f,,Steve Ogle,1211,,Right channel faint
PC,925,ESKERINE-115,214792,,-113.867002,49.101013,,,305771,2021-06-14 07:01:35,285116,Transcribed,600s,1SPT,YEWA,Yellow Warbler,SETOPHAGA PETECHIA,1,2586278,1,Song,124.83,2.90,-47.07,f,,Steve Ogle,1211,,Right channel faint
PC,925,ESKERINE-115,214792,,-113.867002,49.101013,,,305771,2021-06-14 07:01:35,285116,Transcribed,600s,1SPT,UNSW,Unidentified Swallow,HIRUNDO,1,2586289,1,Call,462.54,6.60,-39.93,f,,Steve Ogle,1211,VGSW or TRES; in absence of cliffs or buildings TRES is more likely confidence:To Be Checked,Right channel faint
PC,925,ESKERINE-115,214792,,-113.867002,49.101013,,,305771,2021-06-14 07:01:35,285116,Transcribed,600s,1SPT,EAKI,Eastern Kingbird,TYRANNUS TYRANNUS,1,2586273,1,Call,60.88,1.05,-58.3,f,,Steve Ogle,1211,,Right channel faint
PC,925,ESKERINE-115,214792,,-113.867002,49.101013,,,305771,2021-06-14 07:01:35,285116,Transcribed,600s,1SPT,EAKI,Eastern Kingbird,TYRANNUS TYRANNUS,2,2586277,1,Call,104.80,1.98,-43.6,f,,Steve Ogle,1211,,Right channel faint
PC,925,ESKERINE-116,214789,,-113.869331,49.096493,,,305772,2021-06-14 06:31:35,285117,Transcribed,600s,1SPT,WEME,Western Meadowlark,STURNELLA NEGLECTA,1,2558223,1,Song,6.23,1.91,-18.81,f,,Steve Ogle,1211,,birds are faint; perhaps none are closeby but I suspect it's the gain on the mic (low)
PC,925,ESKERINE-116,214789,,-113.869331,49.096493,,,305772,2021-06-14 06:31:35,285117,Transcribed,600s,1SPT,WEME,Western Meadowlark,STURNELLA NEGLECTA,2,2558247,1,Song,153.51,3.20,-18.59,f,,Steve Ogle,1211,,birds are faint; perhaps none are closeby but I suspect it's the gain on the mic (low)
PC,925,ESKERINE-116,214789,,-113.869331,49.096493,,,305772,2021-06-14 06:31:35,285117,Transcribed,600s,1SPT,RWBL,Red-winged Blackbird,AGELAIUS PHOENICEUS,1,2558250,1,Call,170.89,7.89,-17.14,f,,Steve Ogle,1211,listening for BRBL but this sounds like RWBL,birds are faint; perhaps none are closeby but I suspect it's the gain on the mic (low)
PC,925,ESKERINE-116,214789,,-113.869331,49.096493,,,305772,2021-06-14 06:31:35,285117,Transcribed,600s,1SPT,VESP,Vesper Sparrow,POOECETES GRAMINEUS,3,2558237,1,Song,36.15,2.90,-48.58,f,,Steve Ogle,1211,,birds are faint; perhaps none are closeby but I suspect it's the gain on the mic (low)
PC,925,ESKERINE-116,214789,,-113.869331,49.096493,,,305772,2021-06-14 06:31:35,285117,Transcribed,600s,1SPT,PISI,Pine Siskin,SPINUS PINUS,1,2558291,1,Call,546.68,2.36,-54.3,f,,Steve Ogle,1211,,birds are faint; perhaps none are closeby but I suspect it's the gain on the mic (low)
PC,925,ESKERINE-116,214789,,-113.869331,49.096493,,,305772,2021-06-14 06:31:35,285117,Transcribed,600s,1SPT,PISI,Pine Siskin,SPINUS PINUS,2,2558292,1,Call,567.48,2.06,-55.55,f,,Steve Ogle,1211,,birds are faint; perhaps none are closeby but I suspect it's the gain on the mic (low)
PC,925,ESKERINE-116,214789,,-113.869331,49.096493,,,305772,2021-06-14 06:31:35,285117,Transcribed,600s,1SPT,EUST,European Starling,STURNUS VULGARIS,1,2558251,1,Call,199.36,1.71,-54.58,f,,Steve Ogle,1211,,birds are faint; perhaps none are closeby but I suspect it's the gain on the mic (low)
PC,925,ESKERINE-116,214789,,-113.869331,49.096493,,,305772,2021-06-14 06:31:35,285117,Transcribed,600s,1SPT,EUST,European Starling,STURNUS VULGARIS,2,2558254,1,Call,211.99,1.63,-36.32,f,,Steve Ogle,1211,,birds are faint; perhaps none are closeby but I suspect it's the gain on the mic (low)
PC,925,ESKERINE-116,214789,,-113.869331,49.096493,,,305772,2021-06-14 06:31:35,285117,Transcribed,600s,1SPT,WCSP,White-crowned Sparrow,ZONOTRICHIA LEUCOPHRYS,1,2558229,1,Song,14.43,2.29,-58.05,f,,Steve Ogle,1211,,birds are faint; perhaps none are closeby but I suspect it's the gain on the mic (low)
PC,925,ESKERINE-116,214789,,-113.869331,49.096493,,,305772,2021-06-14 06:31:35,285117,Transcribed,600s,1SPT,CORA,Common Raven,CORVUS CORAX,1,2558263,1,Call,345.48,3.64,-36.66,f,,Steve Ogle,1211,,birds are faint; perhaps none are closeby but I suspect it's the gain on the mic (low)
PC,925,ESKERINE-116,214789,,-113.869331,49.096493,,,305772,2021-06-14 06:31:35,285117,Transcribed,600s,1SPT,STGR,Sharp-tailed Grouse,TYMPANUCHUS PHASIANELLUS,1,2558234,1,Call,8.40,13.93,-19.09,f,,Steve Ogle,1211,barking; thought it might have been elk; better at 8:18,birds are faint; perhaps none are closeby but I suspect it's the gain on the mic (low)
PC,925,ESKERINE-116,214789,,-113.869331,49.096493,,,305772,2021-06-14 06:31:35,285117,Transcribed,600s,1SPT,STGR,Sharp-tailed Grouse,TYMPANUCHUS PHASIANELLUS,2,2558298,1,Call,496.14,2.45,-32.35,f,,Steve Ogle,1211,,birds are faint; perhaps none are closeby but I suspect it's the gain on the mic (low)
PC,925,ESKERINE-116,214789,,-113.869331,49.096493,,,305772,2021-06-14 06:31:35,285117,Transcribed,600s,1SPT,UROPAR,Arctic Ground Squirrel,UROCITELLUS PARRYII,1,2558289,1,Call,540.53,1.10,-55.75,f,,Steve Ogle,1211,,birds are faint; perhaps none are closeby but I suspect it's the gain on the mic (low)
PC,925,ESKERINE-116,214789,,-113.869331,49.096493,,,305772,2021-06-14 06:31:35,285117,Transcribed,600s,1SPT,RWBL,Red-winged Blackbird,AGELAIUS PHOENICEUS,2,2558252,1,Call,200.30,1.46,-25.66,f,,Steve Ogle,1211,,birds are faint; perhaps none are closeby but I suspect it's the gain on the mic (low)
PC,925,ESKERINE-116,214789,,-113.869331,49.096493,,,305772,2021-06-14 06:31:35,285117,Transcribed,600s,1SPT,SAVS,Savannah Sparrow,PASSERCULUS SANDWICHENSIS,1,2558225,1,Song,6.44,2.58,-58.73,f,,Steve Ogle,1211,,birds are faint; perhaps none are closeby but I suspect it's the gain on the mic (low)
PC,925,ESKERINE-116,214789,,-113.869331,49.096493,,,305772,2021-06-14 06:31:35,285117,Transcribed,600s,1SPT,SAVS,Savannah Sparrow,PASSERCULUS SANDWICHENSIS,2,2558227,1,Song,13.11,2.86,-54.93,f,,Steve Ogle,1211,,birds are faint; perhaps none are closeby but I suspect it's the gain on the mic (low)
PC,925,ESKERINE-116,214789,,-113.869331,49.096493,,,305772,2021-06-14 06:31:35,285117,Transcribed,600s,1SPT,SAVS,Savannah Sparrow,PASSERCULUS SANDWICHENSIS,3,2558242,1,Song,111.49,2.70,-56.66,f,,Steve Ogle,1211,,birds are faint; perhaps none are closeby but I suspect it's the gain on the mic (low)
PC,925,ESKERINE-116,214789,,-113.869331,49.096493,,,305772,2021-06-14 06:31:35,285117,Transcribed,600s,1SPT,VESP,Vesper Sparrow,POOECETES GRAMINEUS,1,2558222,1,Song,2.46,2.88,-61.24,f,,Steve Ogle,1211,sounds like FOSP,birds are faint; perhaps none are closeby but I suspect it's the gain on the mic (low)
PC,925,ESKERINE-116,214789,,-113.869331,49.096493,,,305772,2021-06-14 06:31:35,285117,Transcribed,600s,1SPT,VESP,Vesper Sparrow,POOECETES GRAMINEUS,2,2558236,1,Song,24.41,2.76,-54.07,f,,Steve Ogle,1211,,birds are faint; perhaps none are closeby but I suspect it's the gain on the mic (low)
PC,925,ESKERINE-117,214791,,-113.870128,49.094161,,,305785,2021-06-14 06:08:40,285130,Transcribed,600s,1SPT,WEME,Western Meadowlark,STURNELLA NEGLECTA,1,2570337,1,Song,0.00,1.29,-34.02,f,,Steve Ogle,1211,,
PC,925,ESKERINE-117,214791,,-113.870128,49.094161,,,305785,2021-06-14 06:08:40,285130,Transcribed,600s,1SPT,PISI,Pine Siskin,SPINUS PINUS,1,2570344,1,Call,17.98,2.30,-51.3,f,,Steve Ogle,1211,,
PC,925,ESKERINE-117,214791,,-113.870128,49.094161,,,305785,2021-06-14 06:08:40,285130,Transcribed,600s,1SPT,VESP,Vesper Sparrow,POOECETES GRAMINEUS,3,2570361,1,Song,215.21,4.75,-37.55,f,,Steve Ogle,1211,,
PC,925,ESKERINE-117,214791,,-113.870128,49.094161,,,305785,2021-06-14 06:08:40,285130,Transcribed,600s,1SPT,VESP,Vesper Sparrow,POOECETES GRAMINEUS,2,2570364,1,Song,150.30,4.61,-46.62,f,,Steve Ogle,1211,,
PC,925,ESKERINE-117,214791,,-113.870128,49.094161,,,305785,2021-06-14 06:08:40,285130,Transcribed,600s,1SPT,VESP,Vesper Sparrow,POOECETES GRAMINEUS,1,2570345,1,Song,26.58,4.48,-38.84,f,,Steve Ogle,1211,,
PC,925,ESKERINE-117,214791,,-113.870128,49.094161,,,305785,2021-06-14 06:08:40,285130,Transcribed,600s,1SPT,CCSP,Clay-colored Sparrow,SPIZELLA PALLIDA,1,2570379,1,Song,372.75,2.11,-55.48,f,,Steve Ogle,1211,,
PC,925,ESKERINE-117,214791,,-113.870128,49.094161,,,305785,2021-06-14 06:08:40,285130,Transcribed,600s,1SPT,SAVS,Savannah Sparrow,PASSERCULUS SANDWICHENSIS,2,2570349,2,Song,130.79,3.44,-55.47,f,,Steve Ogle,1211,,
PC,925,ESKERINE-117,214791,,-113.870128,49.094161,,,305785,2021-06-14 06:08:40,285130,Transcribed,600s,1SPT,SAVS,Savannah Sparrow,PASSERCULUS SANDWICHENSIS,1,2570339,1,Song,2.71,2.80,-42,f,,Steve Ogle,1211,,
PC,925,ESKERINE-117,214791,,-113.870128,49.094161,,,305785,2021-06-14 06:08:40,285130,Transcribed,600s,1SPT,WEME,Western Meadowlark,STURNELLA NEGLECTA,3,2570366,1,Call,221.44,2.96,-28.69,f,,Steve Ogle,1211,,
PC,925,ESKERINE-117,214791,,-113.870128,49.094161,,,305785,2021-06-14 06:08:40,285130,Transcribed,600s,1SPT,WEME,Western Meadowlark,STURNELLA NEGLECTA,2,2570336,1,Song,1.56,2.26,-31.29,f,,Steve Ogle,1211,,
PC,925,ESKERINE-117,214791,,-113.870128,49.094161,,,305785,2021-06-14 06:08:40,285130,Transcribed,600s,1SPT,PISI,Pine Siskin,SPINUS PINUS,2,2570377,1,Call,377.24,1.95,-39.83,f,,Steve Ogle,1211,,
PC,925,ESKERINE-117,214791,,-113.870128,49.094161,,,305785,2021-06-14 06:08:40,285130,Transcribed,600s,1SPT,STGR,Sharp-tailed Grouse,TYMPANUCHUS PHASIANELLUS,2,2570371,1,Call,262.60,4.13,-28.77,f,,Steve Ogle,1211,,
PC,925,ESKERINE-117,214791,,-113.870128,49.094161,,,305785,2021-06-14 06:08:40,285130,Transcribed,600s,1SPT,NOFL,Northern Flicker,COLAPTES AURATUS,1,2570384,1,Song,396.00,5.84,-21.99,f,,Steve Ogle,1211,,
PC,925,ESKERINE-117,214791,,-113.870128,49.094161,,,305785,2021-06-14 06:08:40,285130,Transcribed,600s,1SPT,SACR,Sandhill Crane,ANTIGONE CANADENSIS,1,2570352,2,Call,132.08,6.45,-14.24,f,,Steve Ogle,1211,,
PC,925,ESKERINE-117,214791,,-113.870128,49.094161,,,305785,2021-06-14 06:08:40,285130,Transcribed,600s,1SPT,WCSP,White-crowned Sparrow,ZONOTRICHIA LEUCOPHRYS,1,2570342,1,Song,4.36,2.31,-54.12,f,,Steve Ogle,1211,,
PC,925,ESKERINE-117,214791,,-113.870128,49.094161,,,305785,2021-06-14 06:08:40,285130,Transcribed,600s,1SPT,RNSA,Red-naped Sapsucker,SPHYRAPICUS NUCHALIS,1,2570393,1,Non-vocal,591.61,3.30,-27.83,f,,Steve Ogle,1211,or could be something getting tossed around by wind confidence:To Be Checked,
PC,925,ESKERINE-117,214791,,-113.870128,49.094161,,,305785,2021-06-14 06:08:40,285130,Transcribed,600s,1SPT,EUST,European Starling,STURNUS VULGARIS,3,2570356,1,Call,184.26,2.39,-17.48,f,,Steve Ogle,1211,,
PC,925,ESKERINE-117,214791,,-113.870128,49.094161,,,305785,2021-06-14 06:08:40,285130,Transcribed,600s,1SPT,EUST,European Starling,STURNUS VULGARIS,2,2570347,1,Call,52.08,3.10,-13.81,f,,Steve Ogle,1211,,
PC,925,ESKERINE-117,214791,,-113.870128,49.094161,,,305785,2021-06-14 06:08:40,285130,Transcribed,600s,1SPT,EUST,European Starling,STURNUS VULGARIS,1,2570346,1,Call,6.99,2.43,-20.93,f,,Steve Ogle,1211,,
PC,925,ESKERINE-117,214791,,-113.870128,49.094161,,,305785,2021-06-14 06:08:40,285130,Transcribed,600s,1SPT,STGR,Sharp-tailed Grouse,TYMPANUCHUS PHASIANELLUS,1,2570351,1,Call,133.44,1.49,-19.72,f,,Steve Ogle,1211,,
PC,925,ESKERINE-117,214791,,-113.870128,49.094161,,,305785,2021-06-14 06:08:40,285130,Transcribed,600s,1SPT,AMCR,American Crow,CORVUS BRACHYRHYNCHOS,1,2570373,1,Call,284.29,4.03,-15.3,f,,Steve Ogle,1211,,
PC,925,ESKERINE-118,214790,,-113.871837,49.091491,,,305786,2021-06-14 05:39:22,285131,Transcribed,600s,1SPT,WEME,Western Meadowlark,STURNELLA NEGLECTA,3,2600194,1,Song,34.55,2.95,-33.54,f,,Steve Ogle,1211,,microphone hum
PC,925,ESKERINE-118,214790,,-113.871837,49.091491,,,305786,2021-06-14 05:39:22,285131,Transcribed,600s,1SPT,WEME,Western Meadowlark,STURNELLA NEGLECTA,2,2600192,1,Song,2.90,2.61,-40.04,f,,Steve Ogle,1211,,microphone hum
PC,925,ESKERINE-118,214790,,-113.871837,49.091491,,,305786,2021-06-14 05:39:22,285131,Transcribed,600s,1SPT,WEME,Western Meadowlark,STURNELLA NEGLECTA,1,2600191,1,Song,0.51,2.19,-29.83,f,,Steve Ogle,1211,,microphone hum
PC,925,ESKERINE-118,214790,,-113.871837,49.091491,,,305786,2021-06-14 05:39:22,285131,Transcribed,600s,1SPT,NOFL,Northern Flicker,COLAPTES AURATUS,1,2600203,1,Song,300.14,3.00,-47.36,f,,Steve Ogle,1211,,microphone hum
PC,925,ESKERINE-118,214790,,-113.871837,49.091491,,,305786,2021-06-14 05:39:22,285131,Transcribed,600s,1SPT,STGR,Sharp-tailed Grouse,TYMPANUCHUS PHASIANELLUS,2,2600202,1,Call,272.00,5.98,-23.18,f,,Steve Ogle,1211,,microphone hum
PC,925,ESKERINE-118,214790,,-113.871837,49.091491,,,305786,2021-06-14 05:39:22,285131,Transcribed,600s,1SPT,STGR,Sharp-tailed Grouse,TYMPANUCHUS PHASIANELLUS,1,2600195,1,Call,52.16,3.04,-33.8,f,,Steve Ogle,1211,,microphone hum
PC,925,ESKERINE-118,214790,,-113.871837,49.091491,,,305786,2021-06-14 05:39:22,285131,Transcribed,600s,1SPT,WCSP,White-crowned Sparrow,ZONOTRICHIA LEUCOPHRYS,1,2600206,1,Song,467.73,3.45,-30.06,f,,Steve Ogle,1211,,microphone hum
PC,925,ESKERINE-118,214790,,-113.871837,49.091491,,,305786,2021-06-14 05:39:22,285131,Transcribed,600s,1SPT,TOSO,Townsend's Solitaire,MYADESTES TOWNSENDI,1,2600198,1,Song,133.59,8.21,-17.02,f,,Steve Ogle,1211,,microphone hum
PC,925,ESKERINE-118,214790,,-113.871837,49.091491,,,305786,2021-06-14 05:39:22,285131,Transcribed,600s,1SPT,EUST,European Starling,STURNUS VULGARIS,2,2600207,1,Call,594.84,2.89,-33.69,f,,Steve Ogle,1211,,microphone hum
PC,925,ESKERINE-118,214790,,-113.871837,49.091491,,,305786,2021-06-14 05:39:22,285131,Transcribed,600s,1SPT,EUST,European Starling,STURNUS VULGARIS,1,2600205,1,Call,483.61,2.28,-51.43,f,,Steve Ogle,1211,,microphone hum
PC,925,ESKERINE-118,214790,,-113.871837,49.091491,,,305786,2021-06-14 05:39:22,285131,Transcribed,600s,1SPT,VESP,Vesper Sparrow,POOECETES GRAMINEUS,1,2600204,1,Song,390.28,4.40,-21.84,f,,Steve Ogle,1211,,microphone hum
PC,925,ESKERINE-118,214790,,-113.871837,49.091491,,,305786,2021-06-14 05:39:22,285131,Transcribed,600s,1SPT,SAVS,Savannah Sparrow,PASSERCULUS SANDWICHENSIS,2,2600197,1,Song,109.38,2.59,-57.61,f,,Steve Ogle,1211,,microphone hum
PC,925,ESKERINE-118,214790,,-113.871837,49.091491,,,305786,2021-06-14 05:39:22,285131,Transcribed,600s,1SPT,SAVS,Savannah Sparrow,PASSERCULUS SANDWICHENSIS,1,2600196,1,Song,101.33,3.11,-58.2,f,,Steve Ogle,1211,,microphone hum
PC,925,ESKERINE-119,214788,,-113.872950,49.089178,,,305787,2021-06-14 05:05:00,285132,Transcribed,600s,1SPT,VESP,Vesper Sparrow,POOECETES GRAMINEUS,2,2589750,2,Song,6.90,5.08,-31.87,f,,Steve Ogle,1211,,
PC,925,ESKERINE-119,214788,,-113.872950,49.089178,,,305787,2021-06-14 05:05:00,285132,Transcribed,600s,1SPT,LAZB,Lazuli Bunting,PASSERINA AMOENA,1,2589792,1,Song,80.51,3.43,-47.17,f,,Steve Ogle,1211,,
PC,925,ESKERINE-119,214788,,-113.872950,49.089178,,,305787,2021-06-14 05:05:00,285132,Transcribed,600s,1SPT,WEME,Western Meadowlark,STURNELLA NEGLECTA,1,2589882,1,Song,201.34,3.75,-30.97,f,,Steve Ogle,1211,,
PC,925,ESKERINE-119,214788,,-113.872950,49.089178,,,305787,2021-06-14 05:05:00,285132,Transcribed,600s,1SPT,WEME,Western Meadowlark,STURNELLA NEGLECTA,2,2589895,1,Song,451.69,13.03,-46.66,f,,Steve Ogle,1211,"sounds like Bobolink but pretty sure it isn't; difficult to verify with GRCA, WEME, etc. -could be coincidental.  confidence:To Be Checked",
PC,925,ESKERINE-119,214788,,-113.872950,49.089178,,,305787,2021-06-14 05:05:00,285132,Transcribed,600s,1SPT,GRCA,Gray Catbird,DUMETELLA CAROLINENSIS,1,2589758,1,Song,4.31,3.99,-24.17,f,,Steve Ogle,1211,,
PC,925,ESKERINE-119,214788,,-113.872950,49.089178,,,305787,2021-06-14 05:05:00,285132,Transcribed,600s,1SPT,RWBL,Red-winged Blackbird,AGELAIUS PHOENICEUS,1,2589835,1,Song,179.11,1.53,-46.89,f,,Steve Ogle,1211,,
PC,925,ESKERINE-119,214788,,-113.872950,49.089178,,,305787,2021-06-14 05:05:00,285132,Transcribed,600s,1SPT,SAVS,Savannah Sparrow,PASSERCULUS SANDWICHENSIS,1,2589782,1,Song,29.78,1.71,-45.84,f,,Steve Ogle,1211,,
PC,925,ESKERINE-119,214788,,-113.872950,49.089178,,,305787,2021-06-14 05:05:00,285132,Transcribed,600s,1SPT,SAVS,Savannah Sparrow,PASSERCULUS SANDWICHENSIS,2,2589790,1,Song,61.53,2.15,-55.74,f,,Steve Ogle,1211,,
PC,925,ESKERINE-119,214788,,-113.872950,49.089178,,,305787,2021-06-14 05:05:00,285132,Transcribed,600s,1SPT,VESP,Vesper Sparrow,POOECETES GRAMINEUS,1,2589743,1,Song,0.03,1.70,-41.5,f,,Steve Ogle,1211,,
PC,925,ESKERINE-119,214788,,-113.872950,49.089178,,,305787,2021-06-14 05:05:00,285132,Transcribed,600s,1SPT,AMGO,American Goldfinch,SPINUS TRISTIS,1,2589909,1,Call,538.76,3.01,-18.36,f,,Steve Ogle,1211,,
PC,925,ESKERINE-119,214788,,-113.872950,49.089178,,,305787,2021-06-14 05:05:00,285132,Transcribed,600s,1SPT,PISI,Pine Siskin,SPINUS PINUS,1,2589886,1,Call,261.98,0.95,-41.78,f,,Steve Ogle,1211,,
PC,925,ESKERINE-119,214788,,-113.872950,49.089178,,,305787,2021-06-14 05:05:00,285132,Transcribed,600s,1SPT,BHCO,Brown-headed Cowbird,MOLOTHRUS ATER,1,2589896,1,Song,465.61,1.80,-43.39,f,,Steve Ogle,1211,,
PC,925,ESKERINE-119,214788,,-113.872950,49.089178,,,305787,2021-06-14 05:05:00,285132,Transcribed,600s,1SPT,EUST,European Starling,STURNUS VULGARIS,1,2589888,1,Call,363.04,1.29,-46.19,f,,Steve Ogle,1211,,
PC,925,ESKERINE-119,214788,,-113.872950,49.089178,,,305787,2021-06-14 05:05:00,285132,Transcribed,600s,1SPT,EUST,European Starling,STURNUS VULGARIS,2,2589898,1,Call,477.44,2.66,-45.05,f,,Steve Ogle,1211,,
PC,925,ESKERINE-119,214788,,-113.872950,49.089178,,,305787,2021-06-14 05:05:00,285132,Transcribed,600s,1SPT,EAKI,Eastern Kingbird,TYRANNUS TYRANNUS,1,2589917,1,Call,586.23,1.60,-22.81,f,,Steve Ogle,1211,,
PC,925,ESKERINE-119,214788,,-113.872950,49.089178,,,305787,2021-06-14 05:05:00,285132,Transcribed,600s,1SPT,BHGR,Black-headed Grosbeak,PHEUTICUS MELANOCEPHALUS,1,2589800,1,Song,92.25,7.13,-13.21,f,,Steve Ogle,1211,,
PC,925,ESKERINE-119,214788,,-113.872950,49.089178,,,305787,2021-06-14 05:05:00,285132,Transcribed,600s,1SPT,RNSA,Red-naped Sapsucker,SPHYRAPICUS NUCHALIS,1,2589887,1,Non-vocal,308.53,3.61,-16.05,f,,Steve Ogle,1211,,
PC,925,ESKERINE-119,214788,,-113.872950,49.089178,,,305787,2021-06-14 05:05:00,285132,Transcribed,600s,1SPT,HOWR,House Wren,TROGLODYTES AEDON,1,2589754,1,Song,10.89,2.60,-48.27,f,,Steve Ogle,1211,,
PC,925,ESKERINE-119,214788,,-113.872950,49.089178,,,305787,2021-06-14 05:05:00,285132,Transcribed,600s,1SPT,HOWR,House Wren,TROGLODYTES AEDON,2,2589763,1,Song,14.00,2.18,-45.22,f,,Steve Ogle,1211,,
PC,925,ESKERINE-119,214788,,-113.872950,49.089178,,,305787,2021-06-14 05:05:00,285132,Transcribed,600s,1SPT,AMRO,American Robin,TURDUS MIGRATORIUS,1,2589827,1,Song,133.40,3.16,-24.1,f,,Steve Ogle,1211,confusing with GRCA and BHGR,
PC,925,ESKERINE-119,214788,,-113.872950,49.089178,,,305787,2021-06-14 05:05:00,285132,Transcribed,600s,1SPT,WCSP,White-crowned Sparrow,ZONOTRICHIA LEUCOPHRYS,1,2589746,1,Song,5.26,1.96,-46.87,f,,Steve Ogle,1211,,
PC,925,ESKERINE-119,214788,,-113.872950,49.089178,,,305787,2021-06-14 05:05:00,285132,Transcribed,600s,1SPT,WCSP,White-crowned Sparrow,ZONOTRICHIA LEUCOPHRYS,2,2589768,1,Song,24.06,2.89,-35.17,f,,Steve Ogle,1211,,
PC,925,ESKERINE-119,214788,,-113.872950,49.089178,,,305787,2021-06-14 05:05:00,285132,Transcribed,600s,1SPT,WCSP,White-crowned Sparrow,ZONOTRICHIA LEUCOPHRYS,3,2589787,1,Song,37.50,2.54,-56.23,f,,Steve Ogle,1211,,
PC,925,ESKERINE-119,214788,,-113.872950,49.089178,,,305787,2021-06-14 05:05:00,285132,Transcribed,600s,1SPT,SACR,Sandhill Crane,ANTIGONE CANADENSIS,1,2589889,2,Call,394.90,6.03,-17.24,f,,Steve Ogle,1211,,
PC,925,HORSESHOE-BASIN-41,214787,,-113.880630,49.130481,,,305647,2021-06-13 05:02:15,284992,Transcribed,600s,1SPT,ALFL,Alder Flycatcher,EMPIDONAX ALNORUM,1,2565131,1,Song,83.45,1.13,-32.79,f,,Steve Ogle,1211,,background marsh sounds (birds)
PC,925,HORSESHOE-BASIN-41,214787,,-113.880630,49.130481,,,305647,2021-06-13 05:02:15,284992,Transcribed,600s,1SPT,CONI,Common Nighthawk,CHORDEILES MINOR,1,2565153,1,Non-vocal,262.91,2.61,-32.25,f,,Steve Ogle,1211,boom dive,background marsh sounds (birds)
PC,925,HORSESHOE-BASIN-41,214787,,-113.880630,49.130481,,,305647,2021-06-13 05:02:15,284992,Transcribed,600s,1SPT,EAKI,Eastern Kingbird,TYRANNUS TYRANNUS,1,2565095,1,Call,10.05,0.94,-21.01,f,,Steve Ogle,1211,,background marsh sounds (birds)
PC,925,HORSESHOE-BASIN-41,214787,,-113.880630,49.130481,,,305647,2021-06-13 05:02:15,284992,Transcribed,600s,1SPT,BHCO,Brown-headed Cowbird,MOLOTHRUS ATER,2,2565174,1,Song,538.70,2.14,-28.23,f,,Steve Ogle,1211,,background marsh sounds (birds)
PC,925,HORSESHOE-BASIN-41,214787,,-113.880630,49.130481,,,305647,2021-06-13 05:02:15,284992,Transcribed,600s,1SPT,BHCO,Brown-headed Cowbird,MOLOTHRUS ATER,1,2565145,1,Call,159.45,1.54,-24.71,f,,Steve Ogle,1211,,background marsh sounds (birds)
PC,925,HORSESHOE-BASIN-41,214787,,-113.880630,49.130481,,,305647,2021-06-13 05:02:15,284992,Transcribed,600s,1SPT,BCCH,Black-capped Chickadee,POECILE ATRICAPILLUS,1,2565113,1,Song,11.03,1.34,-25.1,f,,Steve Ogle,1211,,background marsh sounds (birds)
PC,925,HORSESHOE-BASIN-41,214787,,-113.880630,49.130481,,,305647,2021-06-13 05:02:15,284992,Transcribed,600s,1SPT,AMGO,American Goldfinch,SPINUS TRISTIS,1,2565195,1,Song,594.00,3.11,-21.13,f,,Steve Ogle,1211,sounds like YEWA,background marsh sounds (birds)
PC,925,HORSESHOE-BASIN-41,214787,,-113.880630,49.130481,,,305647,2021-06-13 05:02:15,284992,Transcribed,600s,1SPT,CCSP,Clay-colored Sparrow,SPIZELLA PALLIDA,3,2565084,1,Song,5.84,3.66,-30.55,f,,Steve Ogle,1211,,background marsh sounds (birds)
PC,925,HORSESHOE-BASIN-41,214787,,-113.880630,49.130481,,,305647,2021-06-13 05:02:15,284992,Transcribed,600s,1SPT,CCSP,Clay-colored Sparrow,SPIZELLA PALLIDA,2,2565079,1,Song,3.65,2.53,-18.1,f,,Steve Ogle,1211,,background marsh sounds (birds)
PC,925,HORSESHOE-BASIN-41,214787,,-113.880630,49.130481,,,305647,2021-06-13 05:02:15,284992,Transcribed,600s,1SPT,CCSP,Clay-colored Sparrow,SPIZELLA PALLIDA,1,2565076,1,Song,2.10,3.11,-18.58,f,,Steve Ogle,1211,,background marsh sounds (birds)
PC,925,HORSESHOE-BASIN-41,214787,,-113.880630,49.130481,,,305647,2021-06-13 05:02:15,284992,Transcribed,600s,1SPT,GRCA,Gray Catbird,DUMETELLA CAROLINENSIS,1,2565104,1,Song,7.29,3.61,-19.06,f,,Steve Ogle,1211,,background marsh sounds (birds)
PC,925,HORSESHOE-BASIN-41,214787,,-113.880630,49.130481,,,305647,2021-06-13 05:02:15,284992,Transcribed,600s,1SPT,NOWA,Northern Waterthrush,PARKESIA NOVEBORACENSIS,1,2565100,1,Song,4.68,3.49,-17.47,f,,Steve Ogle,1211,,background marsh sounds (birds)
PC,925,HORSESHOE-BASIN-41,214787,,-113.880630,49.130481,,,305647,2021-06-13 05:02:15,284992,Transcribed,600s,1SPT,NOFL,Northern Flicker,COLAPTES AURATUS,1,2565129,1,Call,76.79,1.15,-29.02,f,,Steve Ogle,1211,,background marsh sounds (birds)
PC,925,HORSESHOE-BASIN-41,214787,,-113.880630,49.130481,,,305647,2021-06-13 05:02:15,284992,Transcribed,600s,1SPT,CANG,Canada Goose,BRANTA CANADENSIS,1,2565120,1,Call,35.99,3.58,-23.08,f,,Steve Ogle,1211,,background marsh sounds (birds)
PC,925,HORSESHOE-BASIN-41,214787,,-113.880630,49.130481,,,305647,2021-06-13 05:02:15,284992,Transcribed,600s,1SPT,WCSP,White-crowned Sparrow,ZONOTRICHIA LEUCOPHRYS,2,2565154,1,Song,265.75,2.39,-29.58,f,,Steve Ogle,1211,,background marsh sounds (birds)
PC,925,HORSESHOE-BASIN-41,214787,,-113.880630,49.130481,,,305647,2021-06-13 05:02:15,284992,Transcribed,600s,1SPT,WCSP,White-crowned Sparrow,ZONOTRICHIA LEUCOPHRYS,1,2565081,1,Song,4.39,2.95,-17.16,f,,Steve Ogle,1211,,background marsh sounds (birds)
PC,925,HORSESHOE-BASIN-41,214787,,-113.880630,49.130481,,,305647,2021-06-13 05:02:15,284992,Transcribed,600s,1SPT,AMRO,American Robin,TURDUS MIGRATORIUS,1,2565072,2,Song,0.16,4.69,-18.71,f,,Steve Ogle,1211,,background marsh sounds (birds)
PC,925,HORSESHOE-BASIN-41,214787,,-113.880630,49.130481,,,305647,2021-06-13 05:02:15,284992,Transcribed,600s,1SPT,YHBL,Yellow-headed Blackbird,XANTHOCEPHALUS XANTHOCEPHALUS,1,2565148,1,Song,168.38,2.98,-24.92,f,,Steve Ogle,1211,partial,background marsh sounds (birds)
PC,925,HORSESHOE-BASIN-41,214787,,-113.880630,49.130481,,,305647,2021-06-13 05:02:15,284992,Transcribed,600s,1SPT,HOWR,House Wren,TROGLODYTES AEDON,2,2565086,1,Song,6.39,2.78,-20.6,f,,Steve Ogle,1211,,background marsh sounds (birds)
PC,925,HORSESHOE-BASIN-41,214787,,-113.880630,49.130481,,,305647,2021-06-13 05:02:15,284992,Transcribed,600s,1SPT,HOWR,House Wren,TROGLODYTES AEDON,1,2565074,2,Song,0.04,4.11,-18.47,f,,Steve Ogle,1211,I imagine there could be 5-10 of them in the background!,background marsh sounds (birds)
PC,925,HORSESHOE-BASIN-41,214787,,-113.880630,49.130481,,,305647,2021-06-13 05:02:15,284992,Transcribed,600s,1SPT,MODO,Mourning Dove,ZENAIDA MACROURA,1,2565107,1,Song,16.94,3.79,-19.3,f,,Steve Ogle,1211,,background marsh sounds (birds)
PC,925,HORSESHOE-BASIN-41,214787,,-113.880630,49.130481,,,305647,2021-06-13 05:02:15,284992,Transcribed,600s,1SPT,ALFL,Alder Flycatcher,EMPIDONAX ALNORUM,2,2565140,1,Song,111.11,2.04,-33.24,f,,Steve Ogle,1211,,background marsh sounds (birds)
PC,925,HORSESHOE-BASIN-42,214786,,-113.883299,49.129209,,,305646,2021-06-13 05:25:15,284991,Transcribed,600s,1SPT,LISP,Lincoln's Sparrow,MELOSPIZA LINCOLNII,1,2581190,1,Song,231.85,2.85,-38.52,f,,Steve Ogle,1211,,creek
PC,925,HORSESHOE-BASIN-42,214786,,-113.883299,49.129209,,,305646,2021-06-13 05:25:15,284991,Transcribed,600s,1SPT,CCSP,Clay-colored Sparrow,SPIZELLA PALLIDA,2,2580938,1,Song,10.20,3.30,-30.03,f,,Steve Ogle,1211,,creek
PC,925,HORSESHOE-BASIN-42,214786,,-113.883299,49.129209,,,305646,2021-06-13 05:25:15,284991,Transcribed,600s,1SPT,CCSP,Clay-colored Sparrow,SPIZELLA PALLIDA,1,2580934,1,Song,7.83,3.33,-31.6,f,,Steve Ogle,1211,,creek
PC,925,HORSESHOE-BASIN-42,214786,,-113.883299,49.129209,,,305646,2021-06-13 05:25:15,284991,Transcribed,600s,1SPT,RWBL,Red-winged Blackbird,AGELAIUS PHOENICEUS,1,2580947,1,Song,38.00,1.10,-35.39,f,,Steve Ogle,1211,,creek
PC,925,HORSESHOE-BASIN-42,214786,,-113.883299,49.129209,,,305646,2021-06-13 05:25:15,284991,Transcribed,600s,1SPT,MGWA,MacGillivray's Warbler,GEOTHLYPIS TOLMIEI,1,2580922,1,Song,3.66,2.35,-25.08,f,,Steve Ogle,1211,,creek
PC,925,HORSESHOE-BASIN-42,214786,,-113.883299,49.129209,,,305646,2021-06-13 05:25:15,284991,Transcribed,600s,1SPT,GRCA,Gray Catbird,DUMETELLA CAROLINENSIS,1,2580916,1,Song,0.14,5.30,-24.92,f,,Steve Ogle,1211,throughout,creek
PC,925,HORSESHOE-BASIN-42,214786,,-113.883299,49.129209,,,305646,2021-06-13 05:25:15,284991,Transcribed,600s,1SPT,LEFL,Least Flycatcher,EMPIDONAX MINIMUS,1,2580920,1,Song,0.18,1.60,-29.28,f,,Steve Ogle,1211,,creek
PC,925,HORSESHOE-BASIN-42,214786,,-113.883299,49.129209,,,305646,2021-06-13 05:25:15,284991,Transcribed,600s,1SPT,YEWA,Yellow Warbler,SETOPHAGA PETECHIA,1,2580944,1,Song,25.93,1.98,-26.51,f,,Steve Ogle,1211,,creek
PC,925,HORSESHOE-BASIN-42,214786,,-113.883299,49.129209,,,305646,2021-06-13 05:25:15,284991,Transcribed,600s,1SPT,SOSP,Song Sparrow,MELOSPIZA MELODIA,1,2581199,1,Song,290.63,4.65,-25.73,f,,Steve Ogle,1211,just two notes audible/visible,creek
PC,925,HORSESHOE-BASIN-42,214786,,-113.883299,49.129209,,,305646,2021-06-13 05:25:15,284991,Transcribed,600s,1SPT,GWTE,Green-winged Teal,ANAS CRECCA,1,2581173,1,Call,200.33,1.16,-37.59,f,,Steve Ogle,1211,pretty sure; female,creek
PC,925,HORSESHOE-BASIN-42,214786,,-113.883299,49.129209,,,305646,2021-06-13 05:25:15,284991,Transcribed,600s,1SPT,WCSP,White-crowned Sparrow,ZONOTRICHIA LEUCOPHRYS,3,2580953,1,Song,60.78,2.61,-36.15,f,,Steve Ogle,1211,,creek
PC,925,HORSESHOE-BASIN-42,214786,,-113.883299,49.129209,,,305646,2021-06-13 05:25:15,284991,Transcribed,600s,1SPT,WCSP,White-crowned Sparrow,ZONOTRICHIA LEUCOPHRYS,2,2580940,1,Song,13.95,2.34,-27.68,f,,Steve Ogle,1211,,creek
PC,925,HORSESHOE-BASIN-42,214786,,-113.883299,49.129209,,,305646,2021-06-13 05:25:15,284991,Transcribed,600s,1SPT,WCSP,White-crowned Sparrow,ZONOTRICHIA LEUCOPHRYS,1,2580925,1,Song,1.34,1.88,-28.86,f,,Steve Ogle,1211,,creek
PC,925,HORSESHOE-BASIN-42,214786,,-113.883299,49.129209,,,305646,2021-06-13 05:25:15,284991,Transcribed,600s,1SPT,AMRO,American Robin,TURDUS MIGRATORIUS,1,2580961,1,Song,101.41,4.21,-26.99,f,,Steve Ogle,1211,,creek
PC,925,HORSESHOE-BASIN-42,214786,,-113.883299,49.129209,,,305646,2021-06-13 05:25:15,284991,Transcribed,600s,1SPT,YHBL,Yellow-headed Blackbird,XANTHOCEPHALUS XANTHOCEPHALUS,1,2581170,1,Call,191.53,3.64,-36.28,f,,Steve Ogle,1211,confidence:To Be Checked,creek
PC,925,HORSESHOE-BASIN-42,214786,,-113.883299,49.129209,,,305646,2021-06-13 05:25:15,284991,Transcribed,600s,1SPT,HOWR,House Wren,TROGLODYTES AEDON,3,2580930,1,Song,6.79,2.64,-31.88,f,,Steve Ogle,1211,,creek
PC,925,HORSESHOE-BASIN-42,214786,,-113.883299,49.129209,,,305646,2021-06-13 05:25:15,284991,Transcribed,600s,1SPT,HOWR,House Wren,TROGLODYTES AEDON,2,2580923,1,Song,1.93,2.04,-25.42,f,,Steve Ogle,1211,,creek
PC,925,HORSESHOE-BASIN-42,214786,,-113.883299,49.129209,,,305646,2021-06-13 05:25:15,284991,Transcribed,600s,1SPT,HOWR,House Wren,TROGLODYTES AEDON,1,2580918,1,Song,0.05,2.83,-29.03,f,,Steve Ogle,1211,,creek
PC,925,HORSESHOE-BASIN-42,214786,,-113.883299,49.129209,,,305646,2021-06-13 05:25:15,284991,Transcribed,600s,1SPT,MODO,Mourning Dove,ZENAIDA MACROURA,1,2580919,1,Song,0.00,1.54,-21.4,f,,Steve Ogle,1211,,creek
PC,925,HORSESHOE-BASIN-42,214786,,-113.883299,49.129209,,,305646,2021-06-13 05:25:15,284991,Transcribed,600s,1SPT,ALFL,Alder Flycatcher,EMPIDONAX ALNORUM,1,2580952,1,Song,52.79,1.71,-34.22,f,,Steve Ogle,1211,possibly two but could not verify,creek
PC,925,HORSESHOE-BASIN-42,214786,,-113.883299,49.129209,,,305646,2021-06-13 05:25:15,284991,Transcribed,600s,1SPT,UNDU,Unidentified Duck,"",2,2581231,1,Call,134.51,3.04,-29.97,f,,Steve Ogle,1211,sounds like AMWI but not quite confidence:To Be Checked,creek
PC,925,HORSESHOE-BASIN-42,214786,,-113.883299,49.129209,,,305646,2021-06-13 05:25:15,284991,Transcribed,600s,1SPT,UNDU,Unidentified Duck,"",1,2580957,1,Call,79.13,2.69,-33.3,f,,Steve Ogle,1211,AMWI-esque confidence:To Be Checked,creek
PC,925,HORSESHOE-BASIN-42,214786,,-113.883299,49.129209,,,305646,2021-06-13 05:25:15,284991,Transcribed,600s,1SPT,EAKI,Eastern Kingbird,TYRANNUS TYRANNUS,1,2580954,1,Song,72.73,2.64,-33.59,f,,Steve Ogle,1211,,creek
PC,925,HORSESHOE-BASIN-42,214786,,-113.883299,49.129209,,,305646,2021-06-13 05:25:15,284991,Transcribed,600s,1SPT,EUST,European Starling,STURNUS VULGARIS,1,2580950,1,Call,47.73,2.94,-29.53,f,,Steve Ogle,1211,,creek
PC,925,HORSESHOE-BASIN-42,214786,,-113.883299,49.129209,,,305646,2021-06-13 05:25:15,284991,Transcribed,600s,1SPT,TRES,Tree Swallow,TACHYCINETA BICOLOR,3,2581192,1,Call,234.08,3.68,-15.78,f,,Steve Ogle,1211,,creek
PC,925,HORSESHOE-BASIN-42,214786,,-113.883299,49.129209,,,305646,2021-06-13 05:25:15,284991,Transcribed,600s,1SPT,TRES,Tree Swallow,TACHYCINETA BICOLOR,2,2581183,1,Call,219.64,1.56,-31.17,f,,Steve Ogle,1211,,creek
PC,925,HORSESHOE-BASIN-42,214786,,-113.883299,49.129209,,,305646,2021-06-13 05:25:15,284991,Transcribed,600s,1SPT,TRES,Tree Swallow,TACHYCINETA BICOLOR,1,2580959,1,Call,85.79,2.21,-32.27,f,,Steve Ogle,1211,,creek
PC,925,HORSESHOE-BASIN-42,214786,,-113.883299,49.129209,,,305646,2021-06-13 05:25:15,284991,Transcribed,600s,1SPT,BHCO,Brown-headed Cowbird,MOLOTHRUS ATER,1,2581202,1,Song,301.19,4.63,-30.17,f,,Steve Ogle,1211,,creek
PC,925,HORSESHOE-BASIN-42,214786,,-113.883299,49.129209,,,305646,2021-06-13 05:25:15,284991,Transcribed,600s,1SPT,AMCR,American Crow,CORVUS BRACHYRHYNCHOS,1,2581195,1,Call,247.46,2.08,-36.45,f,,Steve Ogle,1211,,creek
PC,925,HORSESHOE-BASIN-43,214784,,-113.885471,49.129784,,,305648,2021-06-13 05:49:20,284993,Transcribed,600s,1SPT,MGWA,MacGillivray's Warbler,GEOTHLYPIS TOLMIEI,1,2559295,1,Song,579.56,2.18,-22.64,f,,Steve Ogle,1211,,just bird noise in background
PC,925,HORSESHOE-BASIN-43,214784,,-113.885471,49.129784,,,305648,2021-06-13 05:49:20,284993,Transcribed,600s,1SPT,NOFL,Northern Flicker,COLAPTES AURATUS,1,2559276,1,Call,286.74,1.15,-43.3,f,,Steve Ogle,1211,,just bird noise in background
PC,925,HORSESHOE-BASIN-43,214784,,-113.885471,49.129784,,,305648,2021-06-13 05:49:20,284993,Transcribed,600s,1SPT,WCSP,White-crowned Sparrow,ZONOTRICHIA LEUCOPHRYS,2,2559264,1,Song,87.61,2.53,-25.22,f,,Steve Ogle,1211,,just bird noise in background
PC,925,HORSESHOE-BASIN-43,214784,,-113.885471,49.129784,,,305648,2021-06-13 05:49:20,284993,Transcribed,600s,1SPT,WCSP,White-crowned Sparrow,ZONOTRICHIA LEUCOPHRYS,1,2559256,1,Song,2.23,2.85,-16.59,f,,Steve Ogle,1211,,just bird noise in background
PC,925,HORSESHOE-BASIN-43,214784,,-113.885471,49.129784,,,305648,2021-06-13 05:49:20,284993,Transcribed,600s,1SPT,AMRO,American Robin,TURDUS MIGRATORIUS,1,2559255,1,Song,0.04,3.44,-21.58,f,,Steve Ogle,1211,,just bird noise in background
PC,925,HORSESHOE-BASIN-43,214784,,-113.885471,49.129784,,,305648,2021-06-13 05:49:20,284993,Transcribed,600s,1SPT,HOWR,House Wren,TROGLODYTES AEDON,1,2559257,3,Song,0.01,5.60,-16.7,f,,Steve Ogle,1211,possibly 4 here,just bird noise in background
PC,925,HORSESHOE-BASIN-43,214784,,-113.885471,49.129784,,,305648,2021-06-13 05:49:20,284993,Transcribed,600s,1SPT,LEFL,Least Flycatcher,EMPIDONAX MINIMUS,1,2559286,1,Song,373.33,2.30,-22.77,f,,Steve Ogle,1211,,just bird noise in background
PC,925,HORSESHOE-BASIN-43,214784,,-113.885471,49.129784,,,305648,2021-06-13 05:49:20,284993,Transcribed,600s,1SPT,YEWA,Yellow Warbler,SETOPHAGA PETECHIA,1,2559258,1,Song,12.85,1.94,-42.59,f,,Steve Ogle,1211,,just bird noise in background
PC,925,HORSESHOE-BASIN-43,214784,,-113.885471,49.129784,,,305648,2021-06-13 05:49:20,284993,Transcribed,600s,1SPT,YEWA,Yellow Warbler,SETOPHAGA PETECHIA,2,2559282,1,Song,326.73,2.31,-39.31,f,,Steve Ogle,1211,can hear at least two around here,just bird noise in background
PC,925,HORSESHOE-BASIN-43,214784,,-113.885471,49.129784,,,305648,2021-06-13 05:49:20,284993,Transcribed,600s,1SPT,DUFL,Dusky Flycatcher,EMPIDONAX OBERHOLSERI,1,2559266,1,Song,128.90,1.63,-43.36,f,,Steve Ogle,1211,,just bird noise in background
PC,925,HORSESHOE-BASIN-43,214784,,-113.885471,49.129784,,,305648,2021-06-13 05:49:20,284993,Transcribed,600s,1SPT,GRCA,Gray Catbird,DUMETELLA CAROLINENSIS,1,2559263,1,Song,57.35,1.50,-37.11,f,,Steve Ogle,1211,can barely hear diagnostic note,just bird noise in background
PC,925,HORSESHOE-BASIN-43,214784,,-113.885471,49.129784,,,305648,2021-06-13 05:49:20,284993,Transcribed,600s,1SPT,BHCO,Brown-headed Cowbird,MOLOTHRUS ATER,1,2559289,2,Song,396.44,11.96,-16.84,f,,Steve Ogle,1211,,just bird noise in background
PC,925,HORSESHOE-BASIN-43,214784,,-113.885471,49.129784,,,305648,2021-06-13 05:49:20,284993,Transcribed,600s,1SPT,EUST,European Starling,STURNUS VULGARIS,1,2559261,1,Call,22.88,2.01,-39.9,f,,Steve Ogle,1211,,just bird noise in background
PC,925,HORSESHOE-BASIN-43,214784,,-113.885471,49.129784,,,305648,2021-06-13 05:49:20,284993,Transcribed,600s,1SPT,EUST,European Starling,STURNUS VULGARIS,2,2559265,1,Call,114.94,3.41,-22.29,f,,Steve Ogle,1211,,just bird noise in background
PC,925,HORSESHOE-BASIN-43,214784,,-113.885471,49.129784,,,305648,2021-06-13 05:49:20,284993,Transcribed,600s,1SPT,WEWP,Western Wood-Pewee,CONTOPUS SORDIDULUS,1,2559269,1,Song,243.88,2.45,-41.1,f,,Steve Ogle,1211,,just bird noise in background
PC,925,HORSESHOE-BASIN-43,214784,,-113.885471,49.129784,,,305648,2021-06-13 05:49:20,284993,Transcribed,600s,1SPT,EAKI,Eastern Kingbird,TYRANNUS TYRANNUS,1,2559302,1,Call,34.98,1.29,-41.83,f,,Steve Ogle,1211,,just bird noise in background
PC,925,HORSESHOE-BASIN-43,214784,,-113.885471,49.129784,,,305648,2021-06-13 05:49:20,284993,Transcribed,600s,1SPT,MODO,Mourning Dove,ZENAIDA MACROURA,1,2559267,1,Song,208.51,3.91,-20.37,f,,Steve Ogle,1211,,just bird noise in background
PC,925,HORSESHOE-BASIN-44,214785,,-113.887507,49.130138,,,305649,2021-06-13 06:15:20,284994,Transcribed,600s,1SPT,HOWR,House Wren,TROGLODYTES AEDON,1,2575727,1,Song,0.06,2.06,-38.26,f,,Steve Ogle,1211,,right is low volume
PC,925,HORSESHOE-BASIN-44,214785,,-113.887507,49.130138,,,305649,2021-06-13 06:15:20,284994,Transcribed,600s,1SPT,GRCA,Gray Catbird,DUMETELLA CAROLINENSIS,1,2575757,1,Song,50.46,5.23,-35.78,f,,Steve Ogle,1211,,right is low volume
PC,925,HORSESHOE-BASIN-44,214785,,-113.887507,49.130138,,,305649,2021-06-13 06:15:20,284994,Transcribed,600s,1SPT,EAKI,Eastern Kingbird,TYRANNUS TYRANNUS,1,2575809,1,Call,260.16,1.81,-44.35,f,,Steve Ogle,1211,,right is low volume
PC,925,HORSESHOE-BASIN-44,214785,,-113.887507,49.130138,,,305649,2021-06-13 06:15:20,284994,Transcribed,600s,1SPT,EUST,European Starling,STURNUS VULGARIS,2,2575787,1,Call,132.49,1.75,-37.36,f,,Steve Ogle,1211,,right is low volume
PC,925,HORSESHOE-BASIN-44,214785,,-113.887507,49.130138,,,305649,2021-06-13 06:15:20,284994,Transcribed,600s,1SPT,BAOR,Baltimore Oriole,ICTERUS GALBULA,1,2575735,1,Song,3.54,2.59,-37.57,f,,Steve Ogle,1211,,right is low volume
PC,925,HORSESHOE-BASIN-44,214785,,-113.887507,49.130138,,,305649,2021-06-13 06:15:20,284994,Transcribed,600s,1SPT,WEME,Western Meadowlark,STURNELLA NEGLECTA,1,2575754,1,Song,46.28,1.66,-36.64,f,,Steve Ogle,1211,,right is low volume
PC,925,HORSESHOE-BASIN-44,214785,,-113.887507,49.130138,,,305649,2021-06-13 06:15:20,284994,Transcribed,600s,1SPT,LAZB,Lazuli Bunting,PASSERINA AMOENA,3,2575825,1,Song,242.99,4.40,-23.14,f,,Steve Ogle,1211,"There are three total, moving around; indistinguishable ",right is low volume
PC,925,HORSESHOE-BASIN-44,214785,,-113.887507,49.130138,,,305649,2021-06-13 06:15:20,284994,Transcribed,600s,1SPT,LAZB,Lazuli Bunting,PASSERINA AMOENA,2,2575805,1,Song,218.49,2.68,-43.41,f,,Steve Ogle,1211,,right is low volume
PC,925,HORSESHOE-BASIN-44,214785,,-113.887507,49.130138,,,305649,2021-06-13 06:15:20,284994,Transcribed,600s,1SPT,LAZB,Lazuli Bunting,PASSERINA AMOENA,1,2575753,1,Song,29.56,3.95,-23.53,f,,Steve Ogle,1211,,right is low volume
PC,925,HORSESHOE-BASIN-44,214785,,-113.887507,49.130138,,,305649,2021-06-13 06:15:20,284994,Transcribed,600s,1SPT,NOFL,Northern Flicker,COLAPTES AURATUS,1,2575783,1,Call,125.44,3.70,-26.33,f,,Steve Ogle,1211,,right is low volume
PC,925,HORSESHOE-BASIN-44,214785,,-113.887507,49.130138,,,305649,2021-06-13 06:15:20,284994,Transcribed,600s,1SPT,VESP,Vesper Sparrow,POOECETES GRAMINEUS,1,2575610,1,Song,0.03,1.65,-40.42,f,,Steve Ogle,1211,,right is low volume
PC,925,HORSESHOE-BASIN-44,214785,,-113.887507,49.130138,,,305649,2021-06-13 06:15:20,284994,Transcribed,600s,1SPT,GBHE,Great Blue Heron,ARDEA HERODIAS,1,2575733,1,Call,6.90,1.38,-42.77,f,,Steve Ogle,1211,,right is low volume
PC,925,HORSESHOE-BASIN-44,214785,,-113.887507,49.130138,,,305649,2021-06-13 06:15:20,284994,Transcribed,600s,1SPT,BHCO,Brown-headed Cowbird,MOLOTHRUS ATER,1,2575762,1,Song,60.96,1.74,-41.53,f,,Steve Ogle,1211,,right is low volume
PC,925,HORSESHOE-BASIN-44,214785,,-113.887507,49.130138,,,305649,2021-06-13 06:15:20,284994,Transcribed,600s,1SPT,BHCO,Brown-headed Cowbird,MOLOTHRUS ATER,2,2575781,1,Song,116.05,2.48,-43.84,f,,Steve Ogle,1211,,right is low volume
PC,925,HORSESHOE-BASIN-44,214785,,-113.887507,49.130138,,,305649,2021-06-13 06:15:20,284994,Transcribed,600s,1SPT,EUST,European Starling,STURNUS VULGARIS,1,2575752,1,Call,25.38,1.49,-36.2,f,,Steve Ogle,1211,,right is low volume
PC,925,HORSESHOE-BASIN-44,214785,,-113.887507,49.130138,,,305649,2021-06-13 06:15:20,284994,Transcribed,600s,1SPT,SACR,Sandhill Crane,ANTIGONE CANADENSIS,2,2575799,1,Call,202.73,4.48,-28.2,f,,Steve Ogle,1211,,right is low volume
PC,925,HORSESHOE-BASIN-44,214785,,-113.887507,49.130138,,,305649,2021-06-13 06:15:20,284994,Transcribed,600s,1SPT,SACR,Sandhill Crane,ANTIGONE CANADENSIS,1,2575766,1,Call,69.51,2.29,-38.18,f,,Steve Ogle,1211,,right is low volume
PC,925,HORSESHOE-BASIN-44,214785,,-113.887507,49.130138,,,305649,2021-06-13 06:15:20,284994,Transcribed,600s,1SPT,CORA,Common Raven,CORVUS CORAX,1,2575820,2,Call,392.70,6.04,-29.69,f,,Steve Ogle,1211,,right is low volume
PC,925,HORSESHOE-BASIN-44,214785,,-113.887507,49.130138,,,305649,2021-06-13 06:15:20,284994,Transcribed,600s,1SPT,WCSP,White-crowned Sparrow,ZONOTRICHIA LEUCOPHRYS,3,2575832,1,Song,441.40,3.24,-22.24,f,,Steve Ogle,1211,,right is low volume
PC,925,HORSESHOE-BASIN-44,214785,,-113.887507,49.130138,,,305649,2021-06-13 06:15:20,284994,Transcribed,600s,1SPT,WCSP,White-crowned Sparrow,ZONOTRICHIA LEUCOPHRYS,2,2575740,1,Song,11.23,2.56,-28.08,f,,Steve Ogle,1211,,right is low volume
PC,925,HORSESHOE-BASIN-44,214785,,-113.887507,49.130138,,,305649,2021-06-13 06:15:20,284994,Transcribed,600s,1SPT,WCSP,White-crowned Sparrow,ZONOTRICHIA LEUCOPHRYS,1,2575739,1,Song,8.65,2.25,-40.43,f,,Steve Ogle,1211,,right is low volume
PC,925,HORSESHOE-BASIN-44,214785,,-113.887507,49.130138,,,305649,2021-06-13 06:15:20,284994,Transcribed,600s,1SPT,AMRO,American Robin,TURDUS MIGRATORIUS,1,2575742,1,Song,7.58,3.53,-40.03,f,,Steve Ogle,1211,,right is low volume
PC,925,HORSESHOE-BASIN-44,214785,,-113.887507,49.130138,,,305649,2021-06-13 06:15:20,284994,Transcribed,600s,1SPT,HOWR,House Wren,TROGLODYTES AEDON,2,2575730,1,Song,1.79,3.38,-37.48,f,,Steve Ogle,1211,,right is low volume
PC,925,HORSESHOE-BASIN-44,214785,,-113.887507,49.130138,,,305649,2021-06-13 06:15:20,284994,Transcribed,600s,1SPT,RWBL,Red-winged Blackbird,AGELAIUS PHOENICEUS,1,2575747,1,Song,15.14,1.88,-39.06,f,,Steve Ogle,1211,,right is low volume
PC,925,HORSESHOE-BASIN-44,214785,,-113.887507,49.130138,,,305649,2021-06-13 06:15:20,284994,Transcribed,600s,1SPT,CCSP,Clay-colored Sparrow,SPIZELLA PALLIDA,1,2575750,1,Song,17.78,3.45,-40.96,f,,Steve Ogle,1211,,right is low volume
PC,925,HORSESHOE-BASIN-44,214785,,-113.887507,49.130138,,,305649,2021-06-13 06:15:20,284994,Transcribed,600s,1SPT,CCSP,Clay-colored Sparrow,SPIZELLA PALLIDA,2,2575778,1,Song,107.86,3.19,-39.3,f,,Steve Ogle,1211,,right is low volume
PC,925,HORSESHOE-BASIN-44,214785,,-113.887507,49.130138,,,305649,2021-06-13 06:15:20,284994,Transcribed,600s,1SPT,CCSP,Clay-colored Sparrow,SPIZELLA PALLIDA,3,2575790,1,Song,135.00,3.26,-34.69,f,,Steve Ogle,1211,,right is low volume
PC,925,HORSESHOE-BASIN-44,214785,,-113.887507,49.130138,,,305649,2021-06-13 06:15:20,284994,Transcribed,600s,1SPT,CANG,Canada Goose,BRANTA CANADENSIS,1,2575774,1,Call,90.84,5.63,-33.81,f,,Steve Ogle,1211,,right is low volume
PC,925,HORSESHOE-BASIN-45,214783,,-113.889400,49.130864,,,305661,2021-06-13 06:39:15,285006,Transcribed,600s,1SPT,CCSP,Clay-colored Sparrow,SPIZELLA PALLIDA,1,2590907,1,Song,5.58,2.48,-30.71,f,,Steve Ogle,1211,,possibly a creek nearby
PC,925,HORSESHOE-BASIN-45,214783,,-113.889400,49.130864,,,305661,2021-06-13 06:39:15,285006,Transcribed,600s,1SPT,PISI,Pine Siskin,SPINUS PINUS,1,2590921,2,Call,57.94,2.50,-38.96,f,,Steve Ogle,1211,,possibly a creek nearby
PC,925,HORSESHOE-BASIN-45,214783,,-113.889400,49.130864,,,305661,2021-06-13 06:39:15,285006,Transcribed,600s,1SPT,BHCO,Brown-headed Cowbird,MOLOTHRUS ATER,1,2590945,1,Song,354.68,2.23,-24.92,f,,Steve Ogle,1211,,possibly a creek nearby
PC,925,HORSESHOE-BASIN-45,214783,,-113.889400,49.130864,,,305661,2021-06-13 06:39:15,285006,Transcribed,600s,1SPT,WEWP,Western Wood-Pewee,CONTOPUS SORDIDULUS,1,2590950,1,Song,407.66,1.56,-40,f,,Steve Ogle,1211,,possibly a creek nearby
PC,925,HORSESHOE-BASIN-45,214783,,-113.889400,49.130864,,,305661,2021-06-13 06:39:15,285006,Transcribed,600s,1SPT,EAKI,Eastern Kingbird,TYRANNUS TYRANNUS,1,2590902,1,Call,0.01,2.25,-41.74,f,,Steve Ogle,1211,,possibly a creek nearby
PC,925,HORSESHOE-BASIN-45,214783,,-113.889400,49.130864,,,305661,2021-06-13 06:39:15,285006,Transcribed,600s,1SPT,EAKI,Eastern Kingbird,TYRANNUS TYRANNUS,2,2590911,1,Song,16.96,3.14,-41.97,f,,Steve Ogle,1211,,possibly a creek nearby
PC,925,HORSESHOE-BASIN-45,214783,,-113.889400,49.130864,,,305661,2021-06-13 06:39:15,285006,Transcribed,600s,1SPT,NOFL,Northern Flicker,COLAPTES AURATUS,1,2590956,1,Call,485.38,0.76,-34.28,f,,Steve Ogle,1211,,possibly a creek nearby
PC,925,HORSESHOE-BASIN-45,214783,,-113.889400,49.130864,,,305661,2021-06-13 06:39:15,285006,Transcribed,600s,1SPT,HOWR,House Wren,TROGLODYTES AEDON,1,2590904,1,Song,0.00,1.50,-36.38,f,,Steve Ogle,1211,,possibly a creek nearby
PC,925,HORSESHOE-BASIN-45,214783,,-113.889400,49.130864,,,305661,2021-06-13 06:39:15,285006,Transcribed,600s,1SPT,HOWR,House Wren,TROGLODYTES AEDON,2,2590924,1,Song,95.15,3.28,-24.07,f,,Steve Ogle,1211,,possibly a creek nearby
PC,925,HORSESHOE-BASIN-45,214783,,-113.889400,49.130864,,,305661,2021-06-13 06:39:15,285006,Transcribed,600s,1SPT,HOWR,House Wren,TROGLODYTES AEDON,3,2590929,1,Song,130.63,1.51,-41.77,f,,Steve Ogle,1211,,possibly a creek nearby
PC,925,HORSESHOE-BASIN-45,214783,,-113.889400,49.130864,,,305661,2021-06-13 06:39:15,285006,Transcribed,600s,1SPT,AMRO,American Robin,TURDUS MIGRATORIUS,1,2590909,1,Song,11.46,3.81,-36.41,f,,Steve Ogle,1211,,possibly a creek nearby
PC,925,HORSESHOE-BASIN-45,214783,,-113.889400,49.130864,,,305661,2021-06-13 06:39:15,285006,Transcribed,600s,1SPT,WCSP,White-crowned Sparrow,ZONOTRICHIA LEUCOPHRYS,1,2590908,1,Song,7.08,2.49,-36.69,f,,Steve Ogle,1211,,possibly a creek nearby
PC,925,HORSESHOE-BASIN-45,214783,,-113.889400,49.130864,,,305661,2021-06-13 06:39:15,285006,Transcribed,600s,1SPT,WCSP,White-crowned Sparrow,ZONOTRICHIA LEUCOPHRYS,2,2590915,1,Song,43.49,2.95,-32.95,f,,Steve Ogle,1211,,possibly a creek nearby
PC,925,HORSESHOE-BASIN-45,214783,,-113.889400,49.130864,,,305661,2021-06-13 06:39:15,285006,Transcribed,600s,1SPT,LAZB,Lazuli Bunting,PASSERINA AMOENA,1,2590942,1,Call,253.45,1.45,-38.05,f,,Steve Ogle,1211,,possibly a creek nearby
PC,925,HORSESHOE-BASIN-46,214781,,-113.889760,49.132340,,,305663,2021-06-13 07:03:15,285008,Transcribed,600s,1SPT,WCSP,White-crowned Sparrow,ZONOTRICHIA LEUCOPHRYS,3,2557459,1,Song,53.63,2.81,-47.25,f,,Steve Ogle,1211,,volume is low; river
PC,925,HORSESHOE-BASIN-46,214781,,-113.889760,49.132340,,,305663,2021-06-13 07:03:15,285008,Transcribed,600s,1SPT,BAOR,Baltimore Oriole,ICTERUS GALBULA,1,2557454,1,Call,30.74,1.98,-45.55,f,,Steve Ogle,1211,,volume is low; river
PC,925,HORSESHOE-BASIN-46,214781,,-113.889760,49.132340,,,305663,2021-06-13 07:03:15,285008,Transcribed,600s,1SPT,DUFL,Dusky Flycatcher,EMPIDONAX OBERHOLSERI,1,2557498,1,Song,590.44,2.46,-49.45,f,,Steve Ogle,1211,,volume is low; river
PC,925,HORSESHOE-BASIN-46,214781,,-113.889760,49.132340,,,305663,2021-06-13 07:03:15,285008,Transcribed,600s,1SPT,SAVS,Savannah Sparrow,PASSERCULUS SANDWICHENSIS,1,2557437,1,Song,7.76,2.60,-54.68,f,,Steve Ogle,1211,,volume is low; river
PC,925,HORSESHOE-BASIN-46,214781,,-113.889760,49.132340,,,305663,2021-06-13 07:03:15,285008,Transcribed,600s,1SPT,CCSP,Clay-colored Sparrow,SPIZELLA PALLIDA,1,2557458,1,Song,49.56,2.51,-51.88,f,,Steve Ogle,1211,,volume is low; river
PC,925,HORSESHOE-BASIN-46,214781,,-113.889760,49.132340,,,305663,2021-06-13 07:03:15,285008,Transcribed,600s,1SPT,BHCO,Brown-headed Cowbird,MOLOTHRUS ATER,1,2557474,1,Song,309.61,1.55,-47.97,f,,Steve Ogle,1211,,volume is low; river
PC,925,HORSESHOE-BASIN-46,214781,,-113.889760,49.132340,,,305663,2021-06-13 07:03:15,285008,Transcribed,600s,1SPT,BHGR,Black-headed Grosbeak,PHEUTICUS MELANOCEPHALUS,1,2557472,1,Song,198.91,2.81,-45.26,f,,Steve Ogle,1211,confusing with multiple AMROs ,volume is low; river
PC,925,HORSESHOE-BASIN-46,214781,,-113.889760,49.132340,,,305663,2021-06-13 07:03:15,285008,Transcribed,600s,1SPT,HOWR,House Wren,TROGLODYTES AEDON,1,2557438,1,Song,14.01,2.05,-42.48,f,,Steve Ogle,1211,,volume is low; river
PC,925,HORSESHOE-BASIN-46,214781,,-113.889760,49.132340,,,305663,2021-06-13 07:03:15,285008,Transcribed,600s,1SPT,HOWR,House Wren,TROGLODYTES AEDON,2,2557452,1,Song,22.81,2.74,-40.33,f,,Steve Ogle,1211,,volume is low; river
PC,925,HORSESHOE-BASIN-46,214781,,-113.889760,49.132340,,,305663,2021-06-13 07:03:15,285008,Transcribed,600s,1SPT,AMRO,American Robin,TURDUS MIGRATORIUS,1,2557432,2,Song,0.64,5.01,-41.49,f,,Steve Ogle,1211,,volume is low; river
PC,925,HORSESHOE-BASIN-46,214781,,-113.889760,49.132340,,,305663,2021-06-13 07:03:15,285008,Transcribed,600s,1SPT,WCSP,White-crowned Sparrow,ZONOTRICHIA LEUCOPHRYS,1,2557435,1,Song,5.55,3.05,-48.34,f,,Steve Ogle,1211,,volume is low; river
PC,925,HORSESHOE-BASIN-46,214781,,-113.889760,49.132340,,,305663,2021-06-13 07:03:15,285008,Transcribed,600s,1SPT,WCSP,White-crowned Sparrow,ZONOTRICHIA LEUCOPHRYS,2,2557441,1,Song,25.21,2.64,-38.25,f,,Steve Ogle,1211,,volume is low; river
PC,925,HORSESHOE-BASIN-46,214781,,-113.889760,49.132340,,,305663,2021-06-13 07:03:15,285008,Transcribed,600s,1SPT,SACR,Sandhill Crane,ANTIGONE CANADENSIS,1,2557475,1,Call,306.08,2.43,-40.97,f,,Steve Ogle,1211,,volume is low; river
PC,925,HORSESHOE-BASIN-46,214781,,-113.889760,49.132340,,,305663,2021-06-13 07:03:15,285008,Transcribed,600s,1SPT,NOFL,Northern Flicker,COLAPTES AURATUS,1,2557476,1,Call,454.89,1.95,-43.88,f,,Steve Ogle,1211,,volume is low; river
PC,925,HORSESHOE-BASIN-46,214781,,-113.889760,49.132340,,,305663,2021-06-13 07:03:15,285008,Transcribed,600s,1SPT,WEME,Western Meadowlark,STURNELLA NEGLECTA,1,2557499,1,Song,40.23,2.21,-43.44,f,,Steve Ogle,1211,,volume is low; river
PC,925,HORSESHOE-BASIN-46,214781,,-113.889760,49.132340,,,305663,2021-06-13 07:03:15,285008,Transcribed,600s,1SPT,LAZB,Lazuli Bunting,PASSERINA AMOENA,3,2557500,1,Song,54.63,2.43,-49.27,f,,Steve Ogle,1211,,volume is low; river
PC,925,HORSESHOE-BASIN-46,214781,,-113.889760,49.132340,,,305663,2021-06-13 07:03:15,285008,Transcribed,600s,1SPT,LAZB,Lazuli Bunting,PASSERINA AMOENA,2,2557428,1,Song,1.91,3.21,-37.42,f,,Steve Ogle,1211,,volume is low; river
PC,925,HORSESHOE-BASIN-46,214781,,-113.889760,49.132340,,,305663,2021-06-13 07:03:15,285008,Transcribed,600s,1SPT,LAZB,Lazuli Bunting,PASSERINA AMOENA,1,2557429,1,Song,0.05,2.54,-48.42,f,,Steve Ogle,1211,,volume is low; river
PC,925,HORSESHOE-BASIN-47,214782,,-113.891323,49.131392,,,305662,2021-06-13 07:49:15,285007,Transcribed,600s,1SPT,NOWA,Northern Waterthrush,PARKESIA NOVEBORACENSIS,1,2591827,1,Song,8.85,2.63,-29.79,f,,Steve Ogle,1211,,slightly faint sounds
PC,925,HORSESHOE-BASIN-47,214782,,-113.891323,49.131392,,,305662,2021-06-13 07:49:15,285007,Transcribed,600s,1SPT,LAZB,Lazuli Bunting,PASSERINA AMOENA,1,2591828,1,Song,11.40,2.60,-47.87,f,,Steve Ogle,1211,,slightly faint sounds
PC,925,HORSESHOE-BASIN-47,214782,,-113.891323,49.131392,,,305662,2021-06-13 07:49:15,285007,Transcribed,600s,1SPT,LAZB,Lazuli Bunting,PASSERINA AMOENA,2,2591830,1,Song,16.36,3.29,-35.74,f,,Steve Ogle,1211,,slightly faint sounds
PC,925,HORSESHOE-BASIN-47,214782,,-113.891323,49.131392,,,305662,2021-06-13 07:49:15,285007,Transcribed,600s,1SPT,LAZB,Lazuli Bunting,PASSERINA AMOENA,3,2591831,1,Song,22.13,2.68,-33.06,f,,Steve Ogle,1211,,slightly faint sounds
PC,925,HORSESHOE-BASIN-47,214782,,-113.891323,49.131392,,,305662,2021-06-13 07:49:15,285007,Transcribed,600s,1SPT,DUFL,Dusky Flycatcher,EMPIDONAX OBERHOLSERI,1,2591832,1,Song,26.23,1.48,-33.36,f,,Steve Ogle,1211,,slightly faint sounds
PC,925,HORSESHOE-BASIN-47,214782,,-113.891323,49.131392,,,305662,2021-06-13 07:49:15,285007,Transcribed,600s,1SPT,CCSP,Clay-colored Sparrow,SPIZELLA PALLIDA,1,2591823,1,Song,0.64,2.01,-42.45,f,,Steve Ogle,1211,,slightly faint sounds
PC,925,HORSESHOE-BASIN-47,214782,,-113.891323,49.131392,,,305662,2021-06-13 07:49:15,285007,Transcribed,600s,1SPT,PISI,Pine Siskin,SPINUS PINUS,1,2591838,1,Song,219.15,5.71,-28.59,f,,Steve Ogle,1211,,slightly faint sounds
PC,925,HORSESHOE-BASIN-47,214782,,-113.891323,49.131392,,,305662,2021-06-13 07:49:15,285007,Transcribed,600s,1SPT,BHCO,Brown-headed Cowbird,MOLOTHRUS ATER,1,2591824,1,Call,1.43,1.88,-31.69,f,,Steve Ogle,1211,,slightly faint sounds
PC,925,HORSESHOE-BASIN-47,214782,,-113.891323,49.131392,,,305662,2021-06-13 07:49:15,285007,Transcribed,600s,1SPT,BHCO,Brown-headed Cowbird,MOLOTHRUS ATER,2,2591849,1,Call,311.71,2.33,-37.79,f,,Steve Ogle,1211,,slightly faint sounds
PC,925,HORSESHOE-BASIN-47,214782,,-113.891323,49.131392,,,305662,2021-06-13 07:49:15,285007,Transcribed,600s,1SPT,EUST,European Starling,STURNUS VULGARIS,1,2591852,1,Call,371.66,1.48,-24.26,f,,Steve Ogle,1211,,slightly faint sounds
PC,925,HORSESHOE-BASIN-47,214782,,-113.891323,49.131392,,,305662,2021-06-13 07:49:15,285007,Transcribed,600s,1SPT,WEWP,Western Wood-Pewee,CONTOPUS SORDIDULUS,1,2591834,1,Song,72.63,2.00,-31.68,f,,Steve Ogle,1211,,slightly faint sounds
PC,925,HORSESHOE-BASIN-47,214782,,-113.891323,49.131392,,,305662,2021-06-13 07:49:15,285007,Transcribed,600s,1SPT,SWTH,Swainson's Thrush,CATHARUS USTULATUS,1,2591855,1,Song,382.04,2.66,-30.7,f,,Steve Ogle,1211,,slightly faint sounds
PC,925,HORSESHOE-BASIN-47,214782,,-113.891323,49.131392,,,305662,2021-06-13 07:49:15,285007,Transcribed,600s,1SPT,WEWP,Western Wood-Pewee,CONTOPUS SORDIDULUS,2,2591858,1,Song,386.15,2.11,-36.51,f,,Steve Ogle,1211,,slightly faint sounds
PC,925,HORSESHOE-BASIN-47,214782,,-113.891323,49.131392,,,305662,2021-06-13 07:49:15,285007,Transcribed,600s,1SPT,MODO,Mourning Dove,ZENAIDA MACROURA,1,2591837,1,Song,203.06,3.00,-34.18,f,,Steve Ogle,1211,,slightly faint sounds
PC,925,HORSESHOE-BASIN-47,214782,,-113.891323,49.131392,,,305662,2021-06-13 07:49:15,285007,Transcribed,600s,1SPT,HOWR,House Wren,TROGLODYTES AEDON,1,2591841,1,Song,274.74,3.10,-29.29,f,,Steve Ogle,1211,,slightly faint sounds
PC,925,HORSESHOE-BASIN-47,214782,,-113.891323,49.131392,,,305662,2021-06-13 07:49:15,285007,Transcribed,600s,1SPT,HOWR,House Wren,TROGLODYTES AEDON,2,2591861,1,Song,530.34,2.06,-52.43,f,,Steve Ogle,1211,,slightly faint sounds
PC,925,HORSESHOE-BASIN-47,214782,,-113.891323,49.131392,,,305662,2021-06-13 07:49:15,285007,Transcribed,600s,1SPT,AMRO,American Robin,TURDUS MIGRATORIUS,1,2591825,1,Song,2.13,7.58,-28.34,f,,Steve Ogle,1211,,slightly faint sounds
PC,925,HORSESHOE-BASIN-47,214782,,-113.891323,49.131392,,,305662,2021-06-13 07:49:15,285007,Transcribed,600s,1SPT,AMRO,American Robin,TURDUS MIGRATORIUS,2,2591826,1,Song,5.31,2.06,-33,f,,Steve Ogle,1211,,slightly faint sounds
PC,925,HORSESHOE-BASIN-47,214782,,-113.891323,49.131392,,,305662,2021-06-13 07:49:15,285007,Transcribed,600s,1SPT,AMRO,American Robin,TURDUS MIGRATORIUS,3,2591835,1,Song,82.45,2.56,-34.77,f,,Steve Ogle,1211,,slightly faint sounds
PC,925,HORSESHOE-BASIN-47,214782,,-113.891323,49.131392,,,305662,2021-06-13 07:49:15,285007,Transcribed,600s,1SPT,WCSP,White-crowned Sparrow,ZONOTRICHIA LEUCOPHRYS,1,2591822,1,Song,0.00,1.95,-43.41,f,,Steve Ogle,1211,,slightly faint sounds
PC,925,HORSESHOE-BASIN-47,214782,,-113.891323,49.131392,,,305662,2021-06-13 07:49:15,285007,Transcribed,600s,1SPT,WCSP,White-crowned Sparrow,ZONOTRICHIA LEUCOPHRYS,2,2591860,1,Song,499.99,3.39,-31.42,f,,Steve Ogle,1211,,slightly faint sounds
PC,925,HORSESHOE-BASIN-47,214782,,-113.891323,49.131392,,,305662,2021-06-13 07:49:15,285007,Transcribed,600s,1SPT,NOFL,Northern Flicker,COLAPTES AURATUS,1,2591847,1,Call,304.48,1.19,-43.39,f,,Steve Ogle,1211,,slightly faint sounds
PC,925,HORSESHOE-BASIN-48,214780,,-113.893859,49.130915,,,305664,2021-06-13 08:17:20,285009,Transcribed,600s,1SPT,WEWP,Western Wood-Pewee,CONTOPUS SORDIDULUS,3,2597918,1,Song,34.11,2.06,-39.56,f,,Steve Ogle,1211,two here and one faint one=3,possible drizzle or leaves rustling
PC,925,HORSESHOE-BASIN-48,214780,,-113.893859,49.130915,,,305664,2021-06-13 08:17:20,285009,Transcribed,600s,1SPT,WEWP,Western Wood-Pewee,CONTOPUS SORDIDULUS,1,2597886,1,Song,1.69,1.56,-52.89,f,,Steve Ogle,1211,,possible drizzle or leaves rustling
PC,925,HORSESHOE-BASIN-48,214780,,-113.893859,49.130915,,,305664,2021-06-13 08:17:20,285009,Transcribed,600s,1SPT,PISI,Pine Siskin,SPINUS PINUS,2,2597933,1,Call,145.13,5.50,-27.99,f,,Steve Ogle,1211,,possible drizzle or leaves rustling
PC,925,HORSESHOE-BASIN-48,214780,,-113.893859,49.130915,,,305664,2021-06-13 08:17:20,285009,Transcribed,600s,1SPT,PISI,Pine Siskin,SPINUS PINUS,1,2597913,1,Call,28.93,0.95,-53.2,f,,Steve Ogle,1211,,possible drizzle or leaves rustling
PC,925,HORSESHOE-BASIN-48,214780,,-113.893859,49.130915,,,305664,2021-06-13 08:17:20,285009,Transcribed,600s,1SPT,CCSP,Clay-colored Sparrow,SPIZELLA PALLIDA,1,2597903,1,Song,9.19,2.55,-42.13,f,,Steve Ogle,1211,,possible drizzle or leaves rustling
PC,925,HORSESHOE-BASIN-48,214780,,-113.893859,49.130915,,,305664,2021-06-13 08:17:20,285009,Transcribed,600s,1SPT,MGWA,MacGillivray's Warbler,GEOTHLYPIS TOLMIEI,1,2597898,1,Song,6.65,1.94,-43.9,f,,Steve Ogle,1211,,possible drizzle or leaves rustling
PC,925,HORSESHOE-BASIN-48,214780,,-113.893859,49.130915,,,305664,2021-06-13 08:17:20,285009,Transcribed,600s,1SPT,DUFL,Dusky Flycatcher,EMPIDONAX OBERHOLSERI,1,2597920,1,Song,46.18,1.60,-47.68,f,,Steve Ogle,1211,,possible drizzle or leaves rustling
PC,925,HORSESHOE-BASIN-48,214780,,-113.893859,49.130915,,,305664,2021-06-13 08:17:20,285009,Transcribed,600s,1SPT,LAZB,Lazuli Bunting,PASSERINA AMOENA,2,2597924,1,Song,108.46,2.15,-40.33,f,,Steve Ogle,1211,,possible drizzle or leaves rustling
PC,925,HORSESHOE-BASIN-48,214780,,-113.893859,49.130915,,,305664,2021-06-13 08:17:20,285009,Transcribed,600s,1SPT,LAZB,Lazuli Bunting,PASSERINA AMOENA,1,2597892,1,Song,3.63,2.78,-28.53,f,,Steve Ogle,1211,,possible drizzle or leaves rustling
PC,925,HORSESHOE-BASIN-48,214780,,-113.893859,49.130915,,,305664,2021-06-13 08:17:20,285009,Transcribed,600s,1SPT,EAKI,Eastern Kingbird,TYRANNUS TYRANNUS,1,2597917,1,Call,35.89,5.13,-31.67,f,,Steve Ogle,1211,,possible drizzle or leaves rustling
PC,925,HORSESHOE-BASIN-48,214780,,-113.893859,49.130915,,,305664,2021-06-13 08:17:20,285009,Transcribed,600s,1SPT,BHGR,Black-headed Grosbeak,PHEUTICUS MELANOCEPHALUS,1,2597959,1,Song,287.46,4.88,-28.68,f,,Steve Ogle,1211,,possible drizzle or leaves rustling
PC,925,HORSESHOE-BASIN-48,214780,,-113.893859,49.130915,,,305664,2021-06-13 08:17:20,285009,Transcribed,600s,1SPT,CLNU,Clark's Nutcracker,NUCIFRAGA COLUMBIANA,1,2597929,1,Call,137.94,5.33,-34.79,f,,Steve Ogle,1211,,possible drizzle or leaves rustling
PC,925,HORSESHOE-BASIN-48,214780,,-113.893859,49.130915,,,305664,2021-06-13 08:17:20,285009,Transcribed,600s,1SPT,HOWR,House Wren,TROGLODYTES AEDON,1,2597890,1,Song,2.40,2.25,-31.13,f,,Steve Ogle,1211,,possible drizzle or leaves rustling
PC,925,HORSESHOE-BASIN-48,214780,,-113.893859,49.130915,,,305664,2021-06-13 08:17:20,285009,Transcribed,600s,1SPT,HOWR,House Wren,TROGLODYTES AEDON,2,2597910,1,Song,20.95,3.23,-34.65,f,,Steve Ogle,1211,,possible drizzle or leaves rustling
PC,925,HORSESHOE-BASIN-48,214780,,-113.893859,49.130915,,,305664,2021-06-13 08:17:20,285009,Transcribed,600s,1SPT,AMRO,American Robin,TURDUS MIGRATORIUS,1,2597893,1,Song,5.13,1.65,-36.88,f,,Steve Ogle,1211,,possible drizzle or leaves rustling
PC,925,HORSESHOE-BASIN-48,214780,,-113.893859,49.130915,,,305664,2021-06-13 08:17:20,285009,Transcribed,600s,1SPT,AMRO,American Robin,TURDUS MIGRATORIUS,2,2597900,1,Call,8.84,1.36,-41.19,f,,Steve Ogle,1211,,possible drizzle or leaves rustling
PC,925,HORSESHOE-BASIN-48,214780,,-113.893859,49.130915,,,305664,2021-06-13 08:17:20,285009,Transcribed,600s,1SPT,WCSP,White-crowned Sparrow,ZONOTRICHIA LEUCOPHRYS,1,2597915,1,Song,30.88,2.21,-27.94,f,,Steve Ogle,1211,,possible drizzle or leaves rustling
PC,925,HORSESHOE-BASIN-48,214780,,-113.893859,49.130915,,,305664,2021-06-13 08:17:20,285009,Transcribed,600s,1SPT,WCSP,White-crowned Sparrow,ZONOTRICHIA LEUCOPHRYS,2,2597949,1,Song,152.29,2.35,-39.45,f,,Steve Ogle,1211,,possible drizzle or leaves rustling
PC,925,HORSESHOE-BASIN-48,214780,,-113.893859,49.130915,,,305664,2021-06-13 08:17:20,285009,Transcribed,600s,1SPT,SACR,Sandhill Crane,ANTIGONE CANADENSIS,1,2597907,1,Call,12.18,4.40,-36.79,f,,Steve Ogle,1211,I'm on the lookout for BBCU sounding like this!,possible drizzle or leaves rustling
PC,925,HORSESHOE-BASIN-48,214780,,-113.893859,49.130915,,,305664,2021-06-13 08:17:20,285009,Transcribed,600s,1SPT,UROPAR,Arctic Ground Squirrel,UROCITELLUS PARRYII,1,2597967,1,Call,333.41,7.61,-39.69,f,,Steve Ogle,1211,,possible drizzle or leaves rustling
PC,925,HORSESHOE-BASIN-48,214780,,-113.893859,49.130915,,,305664,2021-06-13 08:17:20,285009,Transcribed,600s,1SPT,BHCO,Brown-headed Cowbird,MOLOTHRUS ATER,1,2597912,1,Call,24.80,1.34,-52.58,f,,Steve Ogle,1211,,possible drizzle or leaves rustling
PC,925,HORSESHOE-BASIN-48,214780,,-113.893859,49.130915,,,305664,2021-06-13 08:17:20,285009,Transcribed,600s,1SPT,BHCO,Brown-headed Cowbird,MOLOTHRUS ATER,2,2597964,1,Song,319.10,1.81,-40.31,f,,Steve Ogle,1211,,possible drizzle or leaves rustling
PC,925,HORSESHOE-BASIN-48,214780,,-113.893859,49.130915,,,305664,2021-06-13 08:17:20,285009,Transcribed,600s,1SPT,WEWP,Western Wood-Pewee,CONTOPUS SORDIDULUS,2,2597896,1,Song,6.20,1.96,-44.12,f,,Steve Ogle,1211,,possible drizzle or leaves rustling
PC,925,HORSESHOE-BASIN-49,214778,,-113.897042,49.132841,,,305677,2021-06-13 08:45:38,285022,Transcribed,600s,1SPT,DUFL,Dusky Flycatcher,EMPIDONAX OBERHOLSERI,1,2559337,1,Song,11.13,2.35,-31.17,f,,Steve Ogle,1211,"sounds like HAFL at first but switches to drier, higher pitched later",faint audio; some muffling
PC,925,HORSESHOE-BASIN-49,214778,,-113.897042,49.132841,,,305677,2021-06-13 08:45:38,285022,Transcribed,600s,1SPT,UROPAR,Arctic Ground Squirrel,UROCITELLUS PARRYII,2,2559352,1,Call,104.43,6.68,-31.3,f,,Steve Ogle,1211,,faint audio; some muffling
PC,925,HORSESHOE-BASIN-49,214778,,-113.897042,49.132841,,,305677,2021-06-13 08:45:38,285022,Transcribed,600s,1SPT,UROPAR,Arctic Ground Squirrel,UROCITELLUS PARRYII,1,2559332,2,Call,0.74,12.51,-25.26,f,,Steve Ogle,1211,,faint audio; some muffling
PC,925,HORSESHOE-BASIN-49,214778,,-113.897042,49.132841,,,305677,2021-06-13 08:45:38,285022,Transcribed,600s,1SPT,NOFL,Northern Flicker,COLAPTES AURATUS,1,2559346,1,Call,68.66,4.06,-19.49,f,,Steve Ogle,1211,,faint audio; some muffling
PC,925,HORSESHOE-BASIN-49,214778,,-113.897042,49.132841,,,305677,2021-06-13 08:45:38,285022,Transcribed,600s,1SPT,WCSP,White-crowned Sparrow,ZONOTRICHIA LEUCOPHRYS,1,2559355,1,Song,152.50,2.30,-28.69,f,,Steve Ogle,1211,,faint audio; some muffling
PC,925,HORSESHOE-BASIN-49,214778,,-113.897042,49.132841,,,305677,2021-06-13 08:45:38,285022,Transcribed,600s,1SPT,AMRO,American Robin,TURDUS MIGRATORIUS,1,2559353,1,Call,117.58,2.79,-52.3,f,,Steve Ogle,1211,,faint audio; some muffling
PC,925,HORSESHOE-BASIN-49,214778,,-113.897042,49.132841,,,305677,2021-06-13 08:45:38,285022,Transcribed,600s,1SPT,HOWR,House Wren,TROGLODYTES AEDON,3,2559376,1,Song,64.16,2.25,-20.79,f,,Steve Ogle,1211,,faint audio; some muffling
PC,925,HORSESHOE-BASIN-49,214778,,-113.897042,49.132841,,,305677,2021-06-13 08:45:38,285022,Transcribed,600s,1SPT,HOWR,House Wren,TROGLODYTES AEDON,2,2559342,1,Song,60.71,2.90,-17.89,f,,Steve Ogle,1211,,faint audio; some muffling
PC,925,HORSESHOE-BASIN-49,214778,,-113.897042,49.132841,,,305677,2021-06-13 08:45:38,285022,Transcribed,600s,1SPT,HOWR,House Wren,TROGLODYTES AEDON,1,2559333,1,Song,0.21,1.71,-32.65,f,,Steve Ogle,1211,,faint audio; some muffling
PC,925,HORSESHOE-BASIN-49,214778,,-113.897042,49.132841,,,305677,2021-06-13 08:45:38,285022,Transcribed,600s,1SPT,CLNU,Clark's Nutcracker,NUCIFRAGA COLUMBIANA,1,2559359,1,Call,216.26,1.46,-48.77,f,,Steve Ogle,1211,,faint audio; some muffling
PC,925,HORSESHOE-BASIN-49,214778,,-113.897042,49.132841,,,305677,2021-06-13 08:45:38,285022,Transcribed,600s,1SPT,HAWO,Hairy Woodpecker,DRYOBATES VILLOSUS,1,2559354,1,Call,129.79,1.26,-40,f,,Steve Ogle,1211,,faint audio; some muffling
PC,925,HORSESHOE-BASIN-49,214778,,-113.897042,49.132841,,,305677,2021-06-13 08:45:38,285022,Transcribed,600s,1SPT,CAFI,Cassin's Finch,HAEMORHOUS CASSINII,1,2559358,1,Song,185.21,4.49,-23.42,f,,Steve Ogle,1211,,faint audio; some muffling
PC,925,HORSESHOE-BASIN-49,214778,,-113.897042,49.132841,,,305677,2021-06-13 08:45:38,285022,Transcribed,600s,1SPT,WEWP,Western Wood-Pewee,CONTOPUS SORDIDULUS,2,2559310,1,Song,5.56,2.33,-37.68,f,,Steve Ogle,1211,,faint audio; some muffling
PC,925,HORSESHOE-BASIN-49,214778,,-113.897042,49.132841,,,305677,2021-06-13 08:45:38,285022,Transcribed,600s,1SPT,WEWP,Western Wood-Pewee,CONTOPUS SORDIDULUS,1,2559307,1,Song,2.09,2.40,-27.19,f,,Steve Ogle,1211,,faint audio; some muffling
PC,925,HORSESHOE-BASIN-49,214778,,-113.897042,49.132841,,,305677,2021-06-13 08:45:38,285022,Transcribed,600s,1SPT,RBNU,Red-breasted Nuthatch,SITTA CANADENSIS,1,2559363,1,Call,347.11,2.95,-22.22,f,,Steve Ogle,1211,,faint audio; some muffling
PC,925,HORSESHOE-BASIN-49,214778,,-113.897042,49.132841,,,305677,2021-06-13 08:45:38,285022,Transcribed,600s,1SPT,PISI,Pine Siskin,SPINUS PINUS,2,2559368,1,Call,500.51,4.00,-26.97,f,,Steve Ogle,1211,,faint audio; some muffling
PC,925,HORSESHOE-BASIN-49,214778,,-113.897042,49.132841,,,305677,2021-06-13 08:45:38,285022,Transcribed,600s,1SPT,PISI,Pine Siskin,SPINUS PINUS,1,2559356,2,Song,172.46,11.29,-24.21,f,,Steve Ogle,1211,,faint audio; some muffling
PC,925,HORSESHOE-BASIN-49,214778,,-113.897042,49.132841,,,305677,2021-06-13 08:45:38,285022,Transcribed,600s,1SPT,CHSP,Chipping Sparrow,SPIZELLA PASSERINA,1,2559361,1,Song,288.09,4.36,-41.99,f,,Steve Ogle,1211,,faint audio; some muffling
PC,925,HORSESHOE-BASIN-50,214779,,-113.901031,49.133533,,,305678,2021-06-13 09:25:22,285023,Transcribed,600s,1SPT,PISI,Pine Siskin,SPINUS PINUS,3,2553266,1,Call,515.55,4.58,-52.69,f,,Steve Ogle,1211,,sound is faint and muffled; poor
PC,925,HORSESHOE-BASIN-50,214779,,-113.901031,49.133533,,,305678,2021-06-13 09:25:22,285023,Transcribed,600s,1SPT,PISI,Pine Siskin,SPINUS PINUS,2,2553255,1,Call,121.61,1.86,-34.08,f,,Steve Ogle,1211,,sound is faint and muffled; poor
PC,925,HORSESHOE-BASIN-50,214779,,-113.901031,49.133533,,,305678,2021-06-13 09:25:22,285023,Transcribed,600s,1SPT,BHCO,Brown-headed Cowbird,MOLOTHRUS ATER,1,2553256,1,Song,157.81,1.33,-53.2,f,,Steve Ogle,1211,,sound is faint and muffled; poor
PC,925,HORSESHOE-BASIN-50,214779,,-113.901031,49.133533,,,305678,2021-06-13 09:25:22,285023,Transcribed,600s,1SPT,NOFL,Northern Flicker,COLAPTES AURATUS,1,2553257,1,Song,296.38,6.79,-35.83,f,,Steve Ogle,1211,,sound is faint and muffled; poor
PC,925,HORSESHOE-BASIN-50,214779,,-113.901031,49.133533,,,305678,2021-06-13 09:25:22,285023,Transcribed,600s,1SPT,WCSP,White-crowned Sparrow,ZONOTRICHIA LEUCOPHRYS,1,2553249,1,Song,67.81,3.53,-25.42,f,,Steve Ogle,1211,,sound is faint and muffled; poor
PC,925,HORSESHOE-BASIN-50,214779,,-113.901031,49.133533,,,305678,2021-06-13 09:25:22,285023,Transcribed,600s,1SPT,AMRO,American Robin,TURDUS MIGRATORIUS,1,2553258,1,Song,358.88,5.93,-19.49,f,,Steve Ogle,1211,,sound is faint and muffled; poor
PC,925,HORSESHOE-BASIN-50,214779,,-113.901031,49.133533,,,305678,2021-06-13 09:25:22,285023,Transcribed,600s,1SPT,HOWR,House Wren,TROGLODYTES AEDON,3,2553254,1,Song,102.25,2.33,-46.97,f,,Steve Ogle,1211,confusing on which is which,sound is faint and muffled; poor
PC,925,HORSESHOE-BASIN-50,214779,,-113.901031,49.133533,,,305678,2021-06-13 09:25:22,285023,Transcribed,600s,1SPT,HOWR,House Wren,TROGLODYTES AEDON,2,2553252,1,Song,99.80,3.46,-25.93,f,,Steve Ogle,1211,,sound is faint and muffled; poor
PC,925,HORSESHOE-BASIN-50,214779,,-113.901031,49.133533,,,305678,2021-06-13 09:25:22,285023,Transcribed,600s,1SPT,HOWR,House Wren,TROGLODYTES AEDON,1,2553246,1,Song,3.65,2.41,-56.86,f,,Steve Ogle,1211,,sound is faint and muffled; poor
PC,925,HORSESHOE-BASIN-50,214779,,-113.901031,49.133533,,,305678,2021-06-13 09:25:22,285023,Transcribed,600s,1SPT,CEDW,Cedar Waxwing,BOMBYCILLA CEDRORUM,1,2553264,1,Song,509.23,5.95,-59.15,f,,Steve Ogle,1211,,sound is faint and muffled; poor
PC,925,HORSESHOE-BASIN-50,214779,,-113.901031,49.133533,,,305678,2021-06-13 09:25:22,285023,Transcribed,600s,1SPT,BHGR,Black-headed Grosbeak,PHEUTICUS MELANOCEPHALUS,1,2553244,1,Song,0.71,4.50,-27.17,f,,Steve Ogle,1211,potential for RBGR,sound is faint and muffled; poor
PC,925,HORSESHOE-BASIN-50,214779,,-113.901031,49.133533,,,305678,2021-06-13 09:25:22,285023,Transcribed,600s,1SPT,EAKI,Eastern Kingbird,TYRANNUS TYRANNUS,1,2553253,1,Call,92.53,1.10,-55.5,f,,Steve Ogle,1211,,sound is faint and muffled; poor
PC,925,HORSESHOE-BASIN-50,214779,,-113.901031,49.133533,,,305678,2021-06-13 09:25:22,285023,Transcribed,600s,1SPT,WEWP,Western Wood-Pewee,CONTOPUS SORDIDULUS,1,2553245,1,Song,3.39,2.25,-56.97,f,,Steve Ogle,1211,,sound is faint and muffled; poor
PC,925,HORSESHOE-BASIN-50,214779,,-113.901031,49.133533,,,305678,2021-06-13 09:25:22,285023,Transcribed,600s,1SPT,PISI,Pine Siskin,SPINUS PINUS,1,2553248,1,Call,64.11,1.51,-58.67,f,,Steve Ogle,1211,,sound is faint and muffled; poor
PC,925,HORSESHOE-BASIN-50,214779,,-113.901031,49.133533,,,305678,2021-06-13 09:25:22,285023,Transcribed,600s,1SPT,AMGO,American Goldfinch,SPINUS TRISTIS,1,2553250,1,Call,71.76,1.44,-40.99,f,,Steve Ogle,1211,,sound is faint and muffled; poor
PC,925,HORSESHOE-BASIN-50,214779,,-113.901031,49.133533,,,305678,2021-06-13 09:25:22,285023,Transcribed,600s,1SPT,OSFL,Olive-sided Flycatcher,CONTOPUS COOPERI,1,2553247,1,Song,60.84,1.69,-26.73,f,,Steve Ogle,1211,,sound is faint and muffled; poor
PC,925,HORSESHOE-BASIN-50,214779,,-113.901031,49.133533,,,305678,2021-06-13 09:25:22,285023,Transcribed,600s,1SPT,DUFL,Dusky Flycatcher,EMPIDONAX OBERHOLSERI,1,2553263,1,Song,508.38,1.64,-54.26,f,,Steve Ogle,1211,,sound is faint and muffled; poor
PC,925,HORSESHOE-BASIN-50,214779,,-113.901031,49.133533,,,305678,2021-06-13 09:25:22,285023,Transcribed,600s,1SPT,LAZB,Lazuli Bunting,PASSERINA AMOENA,1,2553251,1,Call,83.16,4.10,-54.79,f,,Steve Ogle,1211,,sound is faint and muffled; poor
PC,925,LOWER-MOUNT-CRANDELL-18,214773,,-113.896302,49.076385,,,305833,2021-06-24 05:06:53,285178,Transcribed,600s,1SPT,SWTH,Swainson's Thrush,CATHARUS USTULATUS,1,2581236,1,Song,2.31,1.95,-41.48,f,,Steve Ogle,1211,,low gain (volume)
PC,925,LOWER-MOUNT-CRANDELL-18,214773,,-113.896302,49.076385,,,305833,2021-06-24 05:06:53,285178,Transcribed,600s,1SPT,CCSP,Clay-colored Sparrow,SPIZELLA PALLIDA,1,2581254,1,Song,11.40,3.44,-40.58,f,,Steve Ogle,1211,,low gain (volume)
PC,925,LOWER-MOUNT-CRANDELL-18,214773,,-113.896302,49.076385,,,305833,2021-06-24 05:06:53,285178,Transcribed,600s,1SPT,CCSP,Clay-colored Sparrow,SPIZELLA PALLIDA,2,2581271,1,Song,29.56,5.15,-41.67,f,,Steve Ogle,1211,,low gain (volume)
PC,925,LOWER-MOUNT-CRANDELL-18,214773,,-113.896302,49.076385,,,305833,2021-06-24 05:06:53,285178,Transcribed,600s,1SPT,CCSP,Clay-colored Sparrow,SPIZELLA PALLIDA,3,2581283,1,Song,97.76,3.38,-46.77,f,,Steve Ogle,1211,,low gain (volume)
PC,925,LOWER-MOUNT-CRANDELL-18,214773,,-113.896302,49.076385,,,305833,2021-06-24 05:06:53,285178,Transcribed,600s,1SPT,TRES,Tree Swallow,TACHYCINETA BICOLOR,1,2581336,1,Call,414.79,1.75,-45.22,f,,Steve Ogle,1211,,low gain (volume)
PC,925,LOWER-MOUNT-CRANDELL-18,214773,,-113.896302,49.076385,,,305833,2021-06-24 05:06:53,285178,Transcribed,600s,1SPT,TRES,Tree Swallow,TACHYCINETA BICOLOR,2,2581465,1,Call,493.09,2.58,-43.07,f,,Steve Ogle,1211,,low gain (volume)
PC,925,LOWER-MOUNT-CRANDELL-18,214773,,-113.896302,49.076385,,,305833,2021-06-24 05:06:53,285178,Transcribed,600s,1SPT,WEWP,Western Wood-Pewee,CONTOPUS SORDIDULUS,1,2581306,1,Song,233.75,1.91,-46.16,f,,Steve Ogle,1211,,low gain (volume)
PC,925,LOWER-MOUNT-CRANDELL-18,214773,,-113.896302,49.076385,,,305833,2021-06-24 05:06:53,285178,Transcribed,600s,1SPT,WIFL,Willow Flycatcher,EMPIDONAX TRAILLII,1,2581278,1,Song,77.13,2.00,-45.58,f,,Steve Ogle,1211,,low gain (volume)
PC,925,LOWER-MOUNT-CRANDELL-18,214773,,-113.896302,49.076385,,,305833,2021-06-24 05:06:53,285178,Transcribed,600s,1SPT,EAKI,Eastern Kingbird,TYRANNUS TYRANNUS,1,2581313,1,Song,298.69,1.28,-32.45,f,,Steve Ogle,1211,possibly earlier,low gain (volume)
PC,925,LOWER-MOUNT-CRANDELL-18,214773,,-113.896302,49.076385,,,305833,2021-06-24 05:06:53,285178,Transcribed,600s,1SPT,BHGR,Black-headed Grosbeak,PHEUTICUS MELANOCEPHALUS,1,2581326,1,Call,417.56,1.00,-38.85,f,,Steve Ogle,1211,sings shortly after,low gain (volume)
PC,925,LOWER-MOUNT-CRANDELL-18,214773,,-113.896302,49.076385,,,305833,2021-06-24 05:06:53,285178,Transcribed,600s,1SPT,HOWR,House Wren,TROGLODYTES AEDON,1,2581329,1,Song,412.20,2.39,-38.99,f,,Steve Ogle,1211,possibly earlier in background,low gain (volume)
PC,925,LOWER-MOUNT-CRANDELL-18,214773,,-113.896302,49.076385,,,305833,2021-06-24 05:06:53,285178,Transcribed,600s,1SPT,HOWR,House Wren,TROGLODYTES AEDON,2,2581342,1,Song,478.83,2.36,-46.12,f,,Steve Ogle,1211,,low gain (volume)
PC,925,LOWER-MOUNT-CRANDELL-18,214773,,-113.896302,49.076385,,,305833,2021-06-24 05:06:53,285178,Transcribed,600s,1SPT,AMRO,American Robin,TURDUS MIGRATORIUS,1,2581240,2,Song,0.14,5.41,-38.58,f,,Steve Ogle,1211,,low gain (volume)
PC,925,LOWER-MOUNT-CRANDELL-18,214773,,-113.896302,49.076385,,,305833,2021-06-24 05:06:53,285178,Transcribed,600s,1SPT,AMRO,American Robin,TURDUS MIGRATORIUS,2,2581322,1,Call,394.04,3.28,-33.08,f,,Steve Ogle,1211,,low gain (volume)
PC,925,LOWER-MOUNT-CRANDELL-18,214773,,-113.896302,49.076385,,,305833,2021-06-24 05:06:53,285178,Transcribed,600s,1SPT,SWTH,Swainson's Thrush,CATHARUS USTULATUS,2,2581250,1,Song,7.06,2.26,-38.5,f,,Steve Ogle,1211,,low gain (volume)
PC,925,LOWER-MOUNT-CRANDELL-18,214773,,-113.896302,49.076385,,,305833,2021-06-24 05:06:53,285178,Transcribed,600s,1SPT,WCSP,White-crowned Sparrow,ZONOTRICHIA LEUCOPHRYS,3,2581281,1,Song,90.75,2.13,-35.7,f,,Steve Ogle,1211,,low gain (volume)
PC,925,LOWER-MOUNT-CRANDELL-18,214773,,-113.896302,49.076385,,,305833,2021-06-24 05:06:53,285178,Transcribed,600s,1SPT,WCSP,White-crowned Sparrow,ZONOTRICHIA LEUCOPHRYS,2,2581237,1,Song,3.78,2.95,-36.81,f,,Steve Ogle,1211,,low gain (volume)
PC,925,LOWER-MOUNT-CRANDELL-18,214773,,-113.896302,49.076385,,,305833,2021-06-24 05:06:53,285178,Transcribed,600s,1SPT,WCSP,White-crowned Sparrow,ZONOTRICHIA LEUCOPHRYS,1,2581239,1,Song,0.03,1.61,-45.52,f,,Steve Ogle,1211,,low gain (volume)
PC,925,LOWER-MOUNT-CRANDELL-18,214773,,-113.896302,49.076385,,,305833,2021-06-24 05:06:53,285178,Transcribed,600s,1SPT,YEWA,Yellow Warbler,SETOPHAGA PETECHIA,1,2581246,1,Song,5.75,2.98,-42.36,f,,Steve Ogle,1211,,low gain (volume)
PC,925,LOWER-MOUNT-CRANDELL-18,214773,,-113.896302,49.076385,,,305833,2021-06-24 05:06:53,285178,Transcribed,600s,1SPT,YEWA,Yellow Warbler,SETOPHAGA PETECHIA,2,2581264,1,Song,8.18,2.23,-42.87,f,,Steve Ogle,1211,,low gain (volume)
PC,925,LOWER-MOUNT-CRANDELL-18,214773,,-113.896302,49.076385,,,305833,2021-06-24 05:06:53,285178,Transcribed,600s,1SPT,YEWA,Yellow Warbler,SETOPHAGA PETECHIA,3,2581257,1,Song,13.66,2.39,-40.08,f,,Steve Ogle,1211,,low gain (volume)
PC,925,LOWER-MOUNT-CRANDELL-18,214773,,-113.896302,49.076385,,,305833,2021-06-24 05:06:53,285178,Transcribed,600s,1SPT,LAZB,Lazuli Bunting,PASSERINA AMOENA,1,2581242,1,Song,1.58,2.68,-42.03,f,,Steve Ogle,1211,short song,low gain (volume)
PC,925,LOWER-MOUNT-CRANDELL-18,214773,,-113.896302,49.076385,,,305833,2021-06-24 05:06:53,285178,Transcribed,600s,1SPT,LAZB,Lazuli Bunting,PASSERINA AMOENA,2,2581305,1,Song,227.89,3.74,-35.47,f,,Steve Ogle,1211,difficult; can hear buzzy notes,low gain (volume)
PC,925,LOWER-MOUNT-CRANDELL-18,214773,,-113.896302,49.076385,,,305833,2021-06-24 05:06:53,285178,Transcribed,600s,1SPT,GRCA,Gray Catbird,DUMETELLA CAROLINENSIS,1,2581293,1,Song,160.14,4.53,-40.68,f,,Steve Ogle,1211,discernable in background,low gain (volume)
PC,925,LOWER-MOUNT-CRANDELL-19,214777,,-113.896051,49.078191,,,305844,2021-06-24 05:55:00,285189,Transcribed,600s,1SPT,PISI,Pine Siskin,SPINUS PINUS,1,2570412,1,Call,11.43,1.78,-35.65,f,,Steve Ogle,1211,,some hikers in background; light drizzle begins around 9:00
PC,925,LOWER-MOUNT-CRANDELL-19,214777,,-113.896051,49.078191,,,305844,2021-06-24 05:55:00,285189,Transcribed,600s,1SPT,PISI,Pine Siskin,SPINUS PINUS,2,2570436,1,Call,32.06,1.09,-34.48,f,,Steve Ogle,1211,,some hikers in background; light drizzle begins around 9:00
PC,925,LOWER-MOUNT-CRANDELL-19,214777,,-113.896051,49.078191,,,305844,2021-06-24 05:55:00,285189,Transcribed,600s,1SPT,PISI,Pine Siskin,SPINUS PINUS,3,2570549,1,Call,410.56,1.90,-35.92,f,,Steve Ogle,1211,,some hikers in background; light drizzle begins around 9:00
PC,925,LOWER-MOUNT-CRANDELL-19,214777,,-113.896051,49.078191,,,305844,2021-06-24 05:55:00,285189,Transcribed,600s,1SPT,BHCO,Brown-headed Cowbird,MOLOTHRUS ATER,1,2570455,1,Call,85.26,1.53,-39.71,f,,Steve Ogle,1211,,some hikers in background; light drizzle begins around 9:00
PC,925,LOWER-MOUNT-CRANDELL-19,214777,,-113.896051,49.078191,,,305844,2021-06-24 05:55:00,285189,Transcribed,600s,1SPT,VGSW,Violet-green Swallow,TACHYCINETA THALASSINA,1,2570410,1,Call,3.64,2.35,-36.94,f,,Steve Ogle,1211,pretty sure,some hikers in background; light drizzle begins around 9:00
PC,925,LOWER-MOUNT-CRANDELL-19,214777,,-113.896051,49.078191,,,305844,2021-06-24 05:55:00,285189,Transcribed,600s,1SPT,AMRO,American Robin,TURDUS MIGRATORIUS,1,2570397,2,Song,1.13,4.23,-20.53,f,,Steve Ogle,1211,,some hikers in background; light drizzle begins around 9:00
PC,925,LOWER-MOUNT-CRANDELL-19,214777,,-113.896051,49.078191,,,305844,2021-06-24 05:55:00,285189,Transcribed,600s,1SPT,WCSP,White-crowned Sparrow,ZONOTRICHIA LEUCOPHRYS,1,2570471,1,Song,191.56,2.85,-33.17,f,,Steve Ogle,1211,,some hikers in background; light drizzle begins around 9:00
PC,925,LOWER-MOUNT-CRANDELL-19,214777,,-113.896051,49.078191,,,305844,2021-06-24 05:55:00,285189,Transcribed,600s,1SPT,WCSP,White-crowned Sparrow,ZONOTRICHIA LEUCOPHRYS,2,2570585,1,Song,579.29,3.03,-25.21,f,,Steve Ogle,1211,,some hikers in background; light drizzle begins around 9:00
PC,925,LOWER-MOUNT-CRANDELL-19,214777,,-113.896051,49.078191,,,305844,2021-06-24 05:55:00,285189,Transcribed,600s,1SPT,SWTH,Swainson's Thrush,CATHARUS USTULATUS,1,2570437,1,Song,35.34,2.08,-23,f,,Steve Ogle,1211,,some hikers in background; light drizzle begins around 9:00
PC,925,LOWER-MOUNT-CRANDELL-19,214777,,-113.896051,49.078191,,,305844,2021-06-24 05:55:00,285189,Transcribed,600s,1SPT,SWTH,Swainson's Thrush,CATHARUS USTULATUS,2,2570458,1,Song,96.54,1.55,-25.47,f,,Steve Ogle,1211,,some hikers in background; light drizzle begins around 9:00
PC,925,LOWER-MOUNT-CRANDELL-19,214777,,-113.896051,49.078191,,,305844,2021-06-24 05:55:00,285189,Transcribed,600s,1SPT,VGSW,Violet-green Swallow,TACHYCINETA THALASSINA,2,2570430,1,Call,25.61,3.19,-33.02,f,,Steve Ogle,1211,,some hikers in background; light drizzle begins around 9:00
PC,925,LOWER-MOUNT-CRANDELL-19,214777,,-113.896051,49.078191,,,305844,2021-06-24 05:55:00,285189,Transcribed,600s,1SPT,VGSW,Violet-green Swallow,TACHYCINETA THALASSINA,3,2570487,1,Call,220.10,3.46,-30.5,f,,Steve Ogle,1211,,some hikers in background; light drizzle begins around 9:00
PC,925,LOWER-MOUNT-CRANDELL-19,214777,,-113.896051,49.078191,,,305844,2021-06-24 05:55:00,285189,Transcribed,600s,1SPT,EUST,European Starling,STURNUS VULGARIS,1,2570462,1,Call,133.56,0.83,-35.63,f,,Steve Ogle,1211,,some hikers in background; light drizzle begins around 9:00
PC,925,LOWER-MOUNT-CRANDELL-19,214777,,-113.896051,49.078191,,,305844,2021-06-24 05:55:00,285189,Transcribed,600s,1SPT,WEWP,Western Wood-Pewee,CONTOPUS SORDIDULUS,1,2570443,1,Song,44.48,1.83,-39.61,f,,Steve Ogle,1211,,some hikers in background; light drizzle begins around 9:00
PC,925,LOWER-MOUNT-CRANDELL-19,214777,,-113.896051,49.078191,,,305844,2021-06-24 05:55:00,285189,Transcribed,600s,1SPT,WEWP,Western Wood-Pewee,CONTOPUS SORDIDULUS,2,2570469,1,Song,187.09,1.80,-42.92,f,,Steve Ogle,1211,,some hikers in background; light drizzle begins around 9:00
PC,925,LOWER-MOUNT-CRANDELL-19,214777,,-113.896051,49.078191,,,305844,2021-06-24 05:55:00,285189,Transcribed,600s,1SPT,EAKI,Eastern Kingbird,TYRANNUS TYRANNUS,1,2570565,1,Song,467.79,4.31,-38.56,f,,Steve Ogle,1211,,some hikers in background; light drizzle begins around 9:00
PC,925,LOWER-MOUNT-CRANDELL-19,214777,,-113.896051,49.078191,,,305844,2021-06-24 05:55:00,285189,Transcribed,600s,1SPT,HOWR,House Wren,TROGLODYTES AEDON,1,2570406,2,Song,0.06,4.58,-25.55,f,,Steve Ogle,1211,,some hikers in background; light drizzle begins around 9:00
PC,925,LOWER-MOUNT-CRANDELL-19,214777,,-113.896051,49.078191,,,305844,2021-06-24 05:55:00,285189,Transcribed,600s,1SPT,HOWR,House Wren,TROGLODYTES AEDON,2,2570422,1,Song,6.16,2.65,-26.18,f,,Steve Ogle,1211,,some hikers in background; light drizzle begins around 9:00
PC,925,LOWER-MOUNT-CRANDELL-19,214777,,-113.896051,49.078191,,,305844,2021-06-24 05:55:00,285189,Transcribed,600s,1SPT,WTSP,White-throated Sparrow,ZONOTRICHIA ALBICOLLIS,1,2570401,1,Song,3.41,4.51,-25.86,f,,Steve Ogle,1211,these must be moving in after fires,some hikers in background; light drizzle begins around 9:00
PC,925,LOWER-MOUNT-CRANDELL-19,214777,,-113.896051,49.078191,,,305844,2021-06-24 05:55:00,285189,Transcribed,600s,1SPT,WTSP,White-throated Sparrow,ZONOTRICHIA ALBICOLLIS,2,2570434,1,Song,28.95,3.35,-34.18,f,,Steve Ogle,1211,,some hikers in background; light drizzle begins around 9:00
PC,925,LOWER-MOUNT-CRANDELL-19,214777,,-113.896051,49.078191,,,305844,2021-06-24 05:55:00,285189,Transcribed,600s,1SPT,ELKK,Elk (wapiti),CERVUS CANADENSIS,1,2570415,1,Call,0.00,1.84,-30.74,f,,Steve Ogle,1211,,some hikers in background; light drizzle begins around 9:00
PC,925,LOWER-MOUNT-CRANDELL-19,214777,,-113.896051,49.078191,,,305844,2021-06-24 05:55:00,285189,Transcribed,600s,1SPT,ELKK,Elk (wapiti),CERVUS CANADENSIS,2,2570449,1,Call,75.84,2.29,-24.17,f,,Steve Ogle,1211,,some hikers in background; light drizzle begins around 9:00
PC,925,LOWER-MOUNT-CRANDELL-19,214777,,-113.896051,49.078191,,,305844,2021-06-24 05:55:00,285189,Transcribed,600s,1SPT,YEWA,Yellow Warbler,SETOPHAGA PETECHIA,1,2570418,1,Song,11.63,1.95,-38.12,f,,Steve Ogle,1211,,some hikers in background; light drizzle begins around 9:00
PC,925,LOWER-MOUNT-CRANDELL-19,214777,,-113.896051,49.078191,,,305844,2021-06-24 05:55:00,285189,Transcribed,600s,1SPT,WETA,Western Tanager,PIRANGA LUDOVICIANA,1,2570475,1,Song,196.66,3.44,-30.92,f,,Steve Ogle,1211,,some hikers in background; light drizzle begins around 9:00
PC,925,LOWER-MOUNT-CRANDELL-19,214777,,-113.896051,49.078191,,,305844,2021-06-24 05:55:00,285189,Transcribed,600s,1SPT,LAZB,Lazuli Bunting,PASSERINA AMOENA,1,2570505,1,Song,237.26,3.33,-35.74,f,,Steve Ogle,1211,,some hikers in background; light drizzle begins around 9:00
PC,925,LOWER-MOUNT-CRANDELL-19,214777,,-113.896051,49.078191,,,305844,2021-06-24 05:55:00,285189,Transcribed,600s,1SPT,DUFL,Dusky Flycatcher,EMPIDONAX OBERHOLSERI,1,2570425,1,Call,12.98,2.15,-41.67,f,,Steve Ogle,1211,,some hikers in background; light drizzle begins around 9:00
PC,925,LOWER-MOUNT-CRANDELL-19,214777,,-113.896051,49.078191,,,305844,2021-06-24 05:55:00,285189,Transcribed,600s,1SPT,GRCA,Gray Catbird,DUMETELLA CAROLINENSIS,1,2570524,1,Song,323.18,4.39,-34.58,f,,Steve Ogle,1211,probably earlier,some hikers in background; light drizzle begins around 9:00
PC,925,LOWER-MOUNT-CRANDELL-19,214777,,-113.896051,49.078191,,,305844,2021-06-24 05:55:00,285189,Transcribed,600s,1SPT,CCSP,Clay-colored Sparrow,SPIZELLA PALLIDA,1,2570467,1,Song,146.28,2.85,-35.28,f,,Steve Ogle,1211,,some hikers in background; light drizzle begins around 9:00
PC,925,LOWER-MOUNT-CRANDELL-20,214775,,-113.895601,49.080109,,,305845,2021-06-18 05:02:40,285190,Transcribed,600s,1SPT,OSFL,Olive-sided Flycatcher,CONTOPUS COOPERI,1,2594327,1,Song,5.99,1.58,-26.67,f,,Steve Ogle,1211,,bird noise
PC,925,LOWER-MOUNT-CRANDELL-20,214775,,-113.895601,49.080109,,,305845,2021-06-18 05:02:40,285190,Transcribed,600s,1SPT,CCSP,Clay-colored Sparrow,SPIZELLA PALLIDA,2,2594357,1,Song,58.73,3.61,-29.21,f,,Steve Ogle,1211,,bird noise
PC,925,LOWER-MOUNT-CRANDELL-20,214775,,-113.895601,49.080109,,,305845,2021-06-18 05:02:40,285190,Transcribed,600s,1SPT,LISP,Lincoln's Sparrow,MELOSPIZA LINCOLNII,1,2594395,1,Song,485.08,2.76,-30.57,f,,Steve Ogle,1211,,bird noise
PC,925,LOWER-MOUNT-CRANDELL-20,214775,,-113.895601,49.080109,,,305845,2021-06-18 05:02:40,285190,Transcribed,600s,1SPT,PISI,Pine Siskin,SPINUS PINUS,1,2594387,1,Call,395.46,7.06,-24.01,f,,Steve Ogle,1211,,bird noise
PC,925,LOWER-MOUNT-CRANDELL-20,214775,,-113.895601,49.080109,,,305845,2021-06-18 05:02:40,285190,Transcribed,600s,1SPT,BHCO,Brown-headed Cowbird,MOLOTHRUS ATER,1,2594006,1,Song,3.31,1.51,-26.72,f,,Steve Ogle,1211,,bird noise
PC,925,LOWER-MOUNT-CRANDELL-20,214775,,-113.895601,49.080109,,,305845,2021-06-18 05:02:40,285190,Transcribed,600s,1SPT,TRES,Tree Swallow,TACHYCINETA BICOLOR,1,2594382,1,Call,18.76,2.95,-26.33,f,,Steve Ogle,1211,"so hard to hear, sounding like all the HOWRs; clearer later",bird noise
PC,925,LOWER-MOUNT-CRANDELL-20,214775,,-113.895601,49.080109,,,305845,2021-06-18 05:02:40,285190,Transcribed,600s,1SPT,TRES,Tree Swallow,TACHYCINETA BICOLOR,2,2594386,1,Call,385.74,4.81,-27.39,f,,Steve Ogle,1211,,bird noise
PC,925,LOWER-MOUNT-CRANDELL-20,214775,,-113.895601,49.080109,,,305845,2021-06-18 05:02:40,285190,Transcribed,600s,1SPT,RBNU,Red-breasted Nuthatch,SITTA CANADENSIS,1,2594363,1,Call,88.28,2.84,-32.51,f,,Steve Ogle,1211,,bird noise
PC,925,LOWER-MOUNT-CRANDELL-20,214775,,-113.895601,49.080109,,,305845,2021-06-18 05:02:40,285190,Transcribed,600s,1SPT,WEWP,Western Wood-Pewee,CONTOPUS SORDIDULUS,1,2594385,1,Song,342.84,2.24,-37.83,f,,Steve Ogle,1211,,bird noise
PC,925,LOWER-MOUNT-CRANDELL-20,214775,,-113.895601,49.080109,,,305845,2021-06-18 05:02:40,285190,Transcribed,600s,1SPT,CAFI,Cassin's Finch,HAEMORHOUS CASSINII,1,2594374,1,Song,200.36,3.18,-28.82,f,,Steve Ogle,1211,obscured,bird noise
PC,925,LOWER-MOUNT-CRANDELL-20,214775,,-113.895601,49.080109,,,305845,2021-06-18 05:02:40,285190,Transcribed,600s,1SPT,RNSA,Red-naped Sapsucker,SPHYRAPICUS NUCHALIS,1,2594341,1,Non-vocal,29.05,3.05,-26.59,f,,Steve Ogle,1211,,bird noise
PC,925,LOWER-MOUNT-CRANDELL-20,214775,,-113.895601,49.080109,,,305845,2021-06-18 05:02:40,285190,Transcribed,600s,1SPT,RNSA,Red-naped Sapsucker,SPHYRAPICUS NUCHALIS,2,2594366,1,Non-vocal,115.58,2.99,-26.67,f,,Steve Ogle,1211,,bird noise
PC,925,LOWER-MOUNT-CRANDELL-20,214775,,-113.895601,49.080109,,,305845,2021-06-18 05:02:40,285190,Transcribed,600s,1SPT,HOWR,House Wren,TROGLODYTES AEDON,1,2594004,2,Song,0.09,2.88,-17.19,f,,Steve Ogle,1211,,bird noise
PC,925,LOWER-MOUNT-CRANDELL-20,214775,,-113.895601,49.080109,,,305845,2021-06-18 05:02:40,285190,Transcribed,600s,1SPT,HOWR,House Wren,TROGLODYTES AEDON,2,2594011,1,Song,5.04,3.25,-26.01,f,,Steve Ogle,1211,,bird noise
PC,925,LOWER-MOUNT-CRANDELL-20,214775,,-113.895601,49.080109,,,305845,2021-06-18 05:02:40,285190,Transcribed,600s,1SPT,WTSP,White-throated Sparrow,ZONOTRICHIA ALBICOLLIS,1,2594008,1,Song,1.63,4.98,-16.24,f,,Steve Ogle,1211,,bird noise
PC,925,LOWER-MOUNT-CRANDELL-20,214775,,-113.895601,49.080109,,,305845,2021-06-18 05:02:40,285190,Transcribed,600s,1SPT,WTSP,White-throated Sparrow,ZONOTRICHIA ALBICOLLIS,2,2594333,1,Song,7.61,5.24,-16.05,f,,Steve Ogle,1211,,bird noise
PC,925,LOWER-MOUNT-CRANDELL-20,214775,,-113.895601,49.080109,,,305845,2021-06-18 05:02:40,285190,Transcribed,600s,1SPT,AMRO,American Robin,TURDUS MIGRATORIUS,1,2594349,1,Song,6.84,4.38,-16.05,f,,Steve Ogle,1211,,bird noise
PC,925,LOWER-MOUNT-CRANDELL-20,214775,,-113.895601,49.080109,,,305845,2021-06-18 05:02:40,285190,Transcribed,600s,1SPT,AMRO,American Robin,TURDUS MIGRATORIUS,2,2594404,1,Call,500.45,6.50,-26.33,f,,Steve Ogle,1211,,bird noise
PC,925,LOWER-MOUNT-CRANDELL-20,214775,,-113.895601,49.080109,,,305845,2021-06-18 05:02:40,285190,Transcribed,600s,1SPT,WCSP,White-crowned Sparrow,ZONOTRICHIA LEUCOPHRYS,1,2594010,1,Song,4.88,2.21,-27.17,f,,Steve Ogle,1211,,bird noise
PC,925,LOWER-MOUNT-CRANDELL-20,214775,,-113.895601,49.080109,,,305845,2021-06-18 05:02:40,285190,Transcribed,600s,1SPT,WCSP,White-crowned Sparrow,ZONOTRICHIA LEUCOPHRYS,2,2594014,2,Song,7.93,3.20,-15.97,f,,Steve Ogle,1211,,bird noise
PC,925,LOWER-MOUNT-CRANDELL-20,214775,,-113.895601,49.080109,,,305845,2021-06-18 05:02:40,285190,Transcribed,600s,1SPT,WCSP,White-crowned Sparrow,ZONOTRICHIA LEUCOPHRYS,3,2594377,1,Song,246.31,2.61,-16.62,f,,Steve Ogle,1211,,bird noise
PC,925,LOWER-MOUNT-CRANDELL-20,214775,,-113.895601,49.080109,,,305845,2021-06-18 05:02:40,285190,Transcribed,600s,1SPT,DUGR,Dusky Grouse,DENDRAGAPUS OBSCURUS,1,2594409,1,Call,532.25,1.73,-32.49,f,,Steve Ogle,1211,,bird noise
PC,925,LOWER-MOUNT-CRANDELL-20,214775,,-113.895601,49.080109,,,305845,2021-06-18 05:02:40,285190,Transcribed,600s,1SPT,SWTH,Swainson's Thrush,CATHARUS USTULATUS,1,2594012,1,Song,6.09,1.75,-25.76,f,,Steve Ogle,1211,,bird noise
PC,925,LOWER-MOUNT-CRANDELL-20,214775,,-113.895601,49.080109,,,305845,2021-06-18 05:02:40,285190,Transcribed,600s,1SPT,YEWA,Yellow Warbler,SETOPHAGA PETECHIA,1,2594390,1,Song,430.95,2.54,-33.69,f,,Steve Ogle,1211,difficult,bird noise
PC,925,LOWER-MOUNT-CRANDELL-20,214775,,-113.895601,49.080109,,,305845,2021-06-18 05:02:40,285190,Transcribed,600s,1SPT,LAZB,Lazuli Bunting,PASSERINA AMOENA,1,2594002,1,Song,1.48,2.98,-16.05,f,,Steve Ogle,1211,,bird noise
PC,925,LOWER-MOUNT-CRANDELL-20,214775,,-113.895601,49.080109,,,305845,2021-06-18 05:02:40,285190,Transcribed,600s,1SPT,DUFL,Dusky Flycatcher,EMPIDONAX OBERHOLSERI,1,2594016,1,Song,0.83,2.84,-16.05,f,,Steve Ogle,1211,"",bird noise
PC,925,LOWER-MOUNT-CRANDELL-20,214775,,-113.895601,49.080109,,,305845,2021-06-18 05:02:40,285190,Transcribed,600s,1SPT,DUFL,Dusky Flycatcher,EMPIDONAX OBERHOLSERI,2,2594416,1,Song,52.66,2.36,-33.97,f,,Steve Ogle,1211,,bird noise
PC,925,LOWER-MOUNT-CRANDELL-20,214775,,-113.895601,49.080109,,,305845,2021-06-18 05:02:40,285190,Transcribed,600s,1SPT,CCSP,Clay-colored Sparrow,SPIZELLA PALLIDA,1,2594343,1,Song,37.44,4.11,-21.07,f,,Steve Ogle,1211,,bird noise
PC,925,LOWER-MOUNT-CRANDELL-21,214776,,-113.895649,49.081872,,,305846,2021-06-18 05:26:35,285191,Transcribed,600s,1SPT,WCSP,White-crowned Sparrow,ZONOTRICHIA LEUCOPHRYS,3,2583173,1,Song,84.38,2.46,-24.27,f,,Steve Ogle,1211,,creek- not too bad
PC,925,LOWER-MOUNT-CRANDELL-21,214776,,-113.895649,49.081872,,,305846,2021-06-18 05:26:35,285191,Transcribed,600s,1SPT,WCSP,White-crowned Sparrow,ZONOTRICHIA LEUCOPHRYS,2,2583154,1,Song,25.76,2.96,-27.64,f,,Steve Ogle,1211,,creek- not too bad
PC,925,LOWER-MOUNT-CRANDELL-21,214776,,-113.895649,49.081872,,,305846,2021-06-18 05:26:35,285191,Transcribed,600s,1SPT,WCSP,White-crowned Sparrow,ZONOTRICHIA LEUCOPHRYS,1,2583146,1,Song,12.21,2.36,-26.8,f,,Steve Ogle,1211,,creek- not too bad
PC,925,LOWER-MOUNT-CRANDELL-21,214776,,-113.895649,49.081872,,,305846,2021-06-18 05:26:35,285191,Transcribed,600s,1SPT,AMRO,American Robin,TURDUS MIGRATORIUS,2,2583171,1,Call,67.03,2.19,-28.72,f,,Steve Ogle,1211,,creek- not too bad
PC,925,LOWER-MOUNT-CRANDELL-21,214776,,-113.895649,49.081872,,,305846,2021-06-18 05:26:35,285191,Transcribed,600s,1SPT,AMRO,American Robin,TURDUS MIGRATORIUS,1,2583158,1,Song,30.58,4.90,-25.06,f,,Steve Ogle,1211,,creek- not too bad
PC,925,LOWER-MOUNT-CRANDELL-21,214776,,-113.895649,49.081872,,,305846,2021-06-18 05:26:35,285191,Transcribed,600s,1SPT,HOWR,House Wren,TROGLODYTES AEDON,2,2583144,1,Song,6.10,2.75,-27.17,f,,Steve Ogle,1211,,creek- not too bad
PC,925,LOWER-MOUNT-CRANDELL-21,214776,,-113.895649,49.081872,,,305846,2021-06-18 05:26:35,285191,Transcribed,600s,1SPT,HOWR,House Wren,TROGLODYTES AEDON,1,2583137,2,Song,0.03,3.28,-28.31,f,,Steve Ogle,1211,,creek- not too bad
PC,925,LOWER-MOUNT-CRANDELL-21,214776,,-113.895649,49.081872,,,305846,2021-06-18 05:26:35,285191,Transcribed,600s,1SPT,RNSA,Red-naped Sapsucker,SPHYRAPICUS NUCHALIS,1,2583138,2,Non-vocal,0.11,4.25,-26.59,f,,Steve Ogle,1211,,creek- not too bad
PC,925,LOWER-MOUNT-CRANDELL-21,214776,,-113.895649,49.081872,,,305846,2021-06-18 05:26:35,285191,Transcribed,600s,1SPT,CAFI,Cassin's Finch,HAEMORHOUS CASSINII,1,2583182,1,Song,155.31,3.71,-24.16,f,,Steve Ogle,1211,,creek- not too bad
PC,925,LOWER-MOUNT-CRANDELL-21,214776,,-113.895649,49.081872,,,305846,2021-06-18 05:26:35,285191,Transcribed,600s,1SPT,VGSW,Violet-green Swallow,TACHYCINETA THALASSINA,2,2583174,1,Call,92.36,4.81,-23.17,f,,Steve Ogle,1211,,creek- not too bad
PC,925,LOWER-MOUNT-CRANDELL-21,214776,,-113.895649,49.081872,,,305846,2021-06-18 05:26:35,285191,Transcribed,600s,1SPT,LAZB,Lazuli Bunting,PASSERINA AMOENA,2,2583168,1,Song,53.70,2.59,-23.66,f,,Steve Ogle,1211,,creek- not too bad
PC,925,LOWER-MOUNT-CRANDELL-21,214776,,-113.895649,49.081872,,,305846,2021-06-18 05:26:35,285191,Transcribed,600s,1SPT,LAZB,Lazuli Bunting,PASSERINA AMOENA,1,2583165,1,Song,18.46,3.10,-28.02,f,,Steve Ogle,1211,,creek- not too bad
PC,925,LOWER-MOUNT-CRANDELL-21,214776,,-113.895649,49.081872,,,305846,2021-06-18 05:26:35,285191,Transcribed,600s,1SPT,CORA,Common Raven,CORVUS CORAX,1,2583149,1,Call,20.55,0.99,-34.66,f,,Steve Ogle,1211,,creek- not too bad
PC,925,LOWER-MOUNT-CRANDELL-21,214776,,-113.895649,49.081872,,,305846,2021-06-18 05:26:35,285191,Transcribed,600s,1SPT,VGSW,Violet-green Swallow,TACHYCINETA THALASSINA,1,2583140,1,Call,0.28,4.40,-29.32,f,,Steve Ogle,1211,,creek- not too bad
PC,925,LOWER-MOUNT-CRANDELL-21,214776,,-113.895649,49.081872,,,305846,2021-06-18 05:26:35,285191,Transcribed,600s,1SPT,CORA,Common Raven,CORVUS CORAX,2,2583175,1,Call,101.50,3.75,-31.38,f,,Steve Ogle,1211,,creek- not too bad
PC,925,LOWER-MOUNT-CRANDELL-21,214776,,-113.895649,49.081872,,,305846,2021-06-18 05:26:35,285191,Transcribed,600s,1SPT,CORA,Common Raven,CORVUS CORAX,3,2583178,1,Call,118.16,4.13,-26.23,f,,Steve Ogle,1211,,creek- not too bad
PC,925,LOWER-MOUNT-CRANDELL-21,214776,,-113.895649,49.081872,,,305846,2021-06-18 05:26:35,285191,Transcribed,600s,1SPT,SWTH,Swainson's Thrush,CATHARUS USTULATUS,1,2583141,1,Song,4.55,2.00,-23.95,f,,Steve Ogle,1211,,creek- not too bad
PC,925,LOWER-MOUNT-CRANDELL-21,214776,,-113.895649,49.081872,,,305846,2021-06-18 05:26:35,285191,Transcribed,600s,1SPT,MGWA,MacGillivray's Warbler,GEOTHLYPIS TOLMIEI,1,2583147,1,Call,13.80,2.86,-26.76,f,,Steve Ogle,1211,sings also,creek- not too bad
PC,925,LOWER-MOUNT-CRANDELL-21,214776,,-113.895649,49.081872,,,305846,2021-06-18 05:26:35,285191,Transcribed,600s,1SPT,LAZB,Lazuli Bunting,PASSERINA AMOENA,3,2583166,1,Song,55.39,3.59,-22.79,f,,Steve Ogle,1211,,creek- not too bad
PC,925,LOWER-MOUNT-CRANDELL-21,214776,,-113.895649,49.081872,,,305846,2021-06-18 05:26:35,285191,Transcribed,600s,1SPT,WETA,Western Tanager,PIRANGA LUDOVICIANA,1,2583181,1,Song,137.84,3.71,-24.33,f,,Steve Ogle,1211,,creek- not too bad
PC,925,LOWER-MOUNT-CRANDELL-21,214776,,-113.895649,49.081872,,,305846,2021-06-18 05:26:35,285191,Transcribed,600s,1SPT,YEWA,Yellow Warbler,SETOPHAGA PETECHIA,2,2583156,1,Song,27.39,2.39,-27.52,f,,Steve Ogle,1211,,creek- not too bad
PC,925,LOWER-MOUNT-CRANDELL-21,214776,,-113.895649,49.081872,,,305846,2021-06-18 05:26:35,285191,Transcribed,600s,1SPT,YEWA,Yellow Warbler,SETOPHAGA PETECHIA,1,2583152,1,Song,20.90,2.34,-34.73,f,,Steve Ogle,1211,,creek- not too bad
PC,925,LOWER-MOUNT-CRANDELL-21,214776,,-113.895649,49.081872,,,305846,2021-06-18 05:26:35,285191,Transcribed,600s,1SPT,WEWP,Western Wood-Pewee,CONTOPUS SORDIDULUS,1,2583169,1,Song,62.31,2.38,-16.35,f,,Steve Ogle,1211,,creek- not too bad
PC,925,LOWER-MOUNT-CRANDELL-22,214774,,-113.893615,49.083164,,,305847,2021-06-18 05:52:35,285192,Transcribed,600s,1SPT,VGSW,Violet-green Swallow,TACHYCINETA THALASSINA,1,2559216,1,Call,35.84,2.66,-39.33,f,,Steve Ogle,1211,,many background birds
PC,925,LOWER-MOUNT-CRANDELL-22,214774,,-113.893615,49.083164,,,305847,2021-06-18 05:52:35,285192,Transcribed,600s,1SPT,YEWA,Yellow Warbler,SETOPHAGA PETECHIA,2,2559215,1,Song,23.31,1.58,-36.44,f,,Steve Ogle,1211,,many background birds
PC,925,LOWER-MOUNT-CRANDELL-22,214774,,-113.893615,49.083164,,,305847,2021-06-18 05:52:35,285192,Transcribed,600s,1SPT,DUFL,Dusky Flycatcher,EMPIDONAX OBERHOLSERI,1,2559212,1,Song,10.59,1.99,-44.03,f,,Steve Ogle,1211,,many background birds
PC,925,LOWER-MOUNT-CRANDELL-22,214774,,-113.893615,49.083164,,,305847,2021-06-18 05:52:35,285192,Transcribed,600s,1SPT,MGWA,MacGillivray's Warbler,GEOTHLYPIS TOLMIEI,1,2559230,1,Song,91.68,2.19,-33.57,f,,Steve Ogle,1211,,many background birds
PC,925,LOWER-MOUNT-CRANDELL-22,214774,,-113.893615,49.083164,,,305847,2021-06-18 05:52:35,285192,Transcribed,600s,1SPT,CCSP,Clay-colored Sparrow,SPIZELLA PALLIDA,1,2559229,1,Song,82.76,3.11,-34.6,f,,Steve Ogle,1211,,many background birds
PC,925,LOWER-MOUNT-CRANDELL-22,214774,,-113.893615,49.083164,,,305847,2021-06-18 05:52:35,285192,Transcribed,600s,1SPT,BHCO,Brown-headed Cowbird,MOLOTHRUS ATER,1,2559237,1,Song,302.99,1.31,-38.67,f,,Steve Ogle,1211,,many background birds
PC,925,LOWER-MOUNT-CRANDELL-22,214774,,-113.893615,49.083164,,,305847,2021-06-18 05:52:35,285192,Transcribed,600s,1SPT,YEWA,Yellow Warbler,SETOPHAGA PETECHIA,1,2559207,1,Song,5.66,1.96,-44.32,f,,Steve Ogle,1211,,many background birds
PC,925,LOWER-MOUNT-CRANDELL-22,214774,,-113.893615,49.083164,,,305847,2021-06-18 05:52:35,285192,Transcribed,600s,1SPT,VGSW,Violet-green Swallow,TACHYCINETA THALASSINA,2,2559228,1,Call,76.93,2.90,-40.2,f,,Steve Ogle,1211,easily confused with TRES confidence:To Be Checked,many background birds
PC,925,LOWER-MOUNT-CRANDELL-22,214774,,-113.893615,49.083164,,,305847,2021-06-18 05:52:35,285192,Transcribed,600s,1SPT,VGSW,Violet-green Swallow,TACHYCINETA THALASSINA,3,2559240,1,Call,397.75,4.78,-25.32,f,,Steve Ogle,1211,could be TRES,many background birds
PC,925,LOWER-MOUNT-CRANDELL-22,214774,,-113.893615,49.083164,,,305847,2021-06-18 05:52:35,285192,Transcribed,600s,1SPT,WEWP,Western Wood-Pewee,CONTOPUS SORDIDULUS,1,2559214,1,Song,14.08,2.14,-35.45,f,,Steve Ogle,1211,,many background birds
PC,925,LOWER-MOUNT-CRANDELL-22,214774,,-113.893615,49.083164,,,305847,2021-06-18 05:52:35,285192,Transcribed,600s,1SPT,AMRE,American Redstart,SETOPHAGA RUTICILLA,1,2559231,1,Song,110.99,2.58,-36.08,f,,Steve Ogle,1211,possibly earlier,many background birds
PC,925,LOWER-MOUNT-CRANDELL-22,214774,,-113.893615,49.083164,,,305847,2021-06-18 05:52:35,285192,Transcribed,600s,1SPT,EAKI,Eastern Kingbird,TYRANNUS TYRANNUS,1,2559238,1,Call,341.65,9.98,-35.41,f,,Steve Ogle,1211,,many background birds
PC,925,LOWER-MOUNT-CRANDELL-22,214774,,-113.893615,49.083164,,,305847,2021-06-18 05:52:35,285192,Transcribed,600s,1SPT,WAVI,Warbling Vireo,VIREO GILVUS,1,2559225,1,Song,51.43,2.38,-34.16,f,,Steve Ogle,1211,,many background birds
PC,925,LOWER-MOUNT-CRANDELL-22,214774,,-113.893615,49.083164,,,305847,2021-06-18 05:52:35,285192,Transcribed,600s,1SPT,RNSA,Red-naped Sapsucker,SPHYRAPICUS NUCHALIS,1,2559239,1,Non-vocal,390.76,4.36,-33.08,f,,Steve Ogle,1211,,many background birds
PC,925,LOWER-MOUNT-CRANDELL-22,214774,,-113.893615,49.083164,,,305847,2021-06-18 05:52:35,285192,Transcribed,600s,1SPT,HOWR,House Wren,TROGLODYTES AEDON,1,2559203,2,Song,0.03,2.61,-34.52,f,,Steve Ogle,1211,,many background birds
PC,925,LOWER-MOUNT-CRANDELL-22,214774,,-113.893615,49.083164,,,305847,2021-06-18 05:52:35,285192,Transcribed,600s,1SPT,HOWR,House Wren,TROGLODYTES AEDON,2,2559213,1,Song,9.80,1.69,-36.77,f,,Steve Ogle,1211,,many background birds
PC,925,LOWER-MOUNT-CRANDELL-22,214774,,-113.893615,49.083164,,,305847,2021-06-18 05:52:35,285192,Transcribed,600s,1SPT,AMRO,American Robin,TURDUS MIGRATORIUS,1,2559232,1,Call,126.18,2.18,-34.41,f,,Steve Ogle,1211,,many background birds
PC,925,LOWER-MOUNT-CRANDELL-22,214774,,-113.893615,49.083164,,,305847,2021-06-18 05:52:35,285192,Transcribed,600s,1SPT,WCSP,White-crowned Sparrow,ZONOTRICHIA LEUCOPHRYS,1,2559208,1,Song,6.23,2.59,-40.86,f,,Steve Ogle,1211,,many background birds
PC,925,LOWER-MOUNT-CRANDELL-22,214774,,-113.893615,49.083164,,,305847,2021-06-18 05:52:35,285192,Transcribed,600s,1SPT,WCSP,White-crowned Sparrow,ZONOTRICHIA LEUCOPHRYS,2,2559241,1,Song,546.20,2.81,-41.37,f,,Steve Ogle,1211,,many background birds
PC,925,LOWER-MOUNT-CRANDELL-22,214774,,-113.893615,49.083164,,,305847,2021-06-18 05:52:35,285192,Transcribed,600s,1SPT,YRWA,Yellow-rumped Warbler,SETOPHAGA CORONATA,1,2559235,1,Song,252.50,2.76,-37.58,f,,Steve Ogle,1211,,many background birds
PC,925,LOWER-MOUNT-CRANDELL-22,214774,,-113.893615,49.083164,,,305847,2021-06-18 05:52:35,285192,Transcribed,600s,1SPT,SWTH,Swainson's Thrush,CATHARUS USTULATUS,1,2559206,1,Song,2.75,1.74,-38.58,f,,Steve Ogle,1211,,many background birds
PC,925,LOWER-MOUNT-CRANDELL-22,214774,,-113.893615,49.083164,,,305847,2021-06-18 05:52:35,285192,Transcribed,600s,1SPT,SWTH,Swainson's Thrush,CATHARUS USTULATUS,2,2559210,1,Song,7.33,2.20,-38.12,f,,Steve Ogle,1211,,many background birds
PC,925,LOWER-MOUNT-CRANDELL-22,214774,,-113.893615,49.083164,,,305847,2021-06-18 05:52:35,285192,Transcribed,600s,1SPT,COYE,Common Yellowthroat,GEOTHLYPIS TRICHAS,1,2559205,1,Song,1.85,2.09,-41.91,f,,Steve Ogle,1211,did not hear later on; could be a mistake confidence:To Be Checked,many background birds
PC,925,LOWER-MOUNT-CRANDELL-22,214774,,-113.893615,49.083164,,,305847,2021-06-18 05:52:35,285192,Transcribed,600s,1SPT,WIWA,Wilson's Warbler,CARDELLINA PUSILLA,1,2559223,1,Song,48.99,2.29,-39.53,f,,Steve Ogle,1211,,many background birds
PC,925,LOWER-MOUNT-CRANDELL-23,214772,,-113.892020,49.084239,,,305858,2021-06-18 06:15:35,285203,Transcribed,600s,1SPT,CORA,Common Raven,CORVUS CORAX,1,2600745,2,Call,218.30,5.21,-27.63,f,,Steve Ogle,1211,,cars and machinery (lawn mower?) in left channel
PC,925,LOWER-MOUNT-CRANDELL-23,214772,,-113.892020,49.084239,,,305858,2021-06-18 06:15:35,285203,Transcribed,600s,1SPT,NOFL,Northern Flicker,COLAPTES AURATUS,1,2600802,1,Call,464.01,1.35,-22.08,f,,Steve Ogle,1211,,cars and machinery (lawn mower?) in left channel
PC,925,LOWER-MOUNT-CRANDELL-23,214772,,-113.892020,49.084239,,,305858,2021-06-18 06:15:35,285203,Transcribed,600s,1SPT,SWTH,Swainson's Thrush,CATHARUS USTULATUS,1,2600688,1,Song,24.63,2.09,-35.66,f,,Steve Ogle,1211,,cars and machinery (lawn mower?) in left channel
PC,925,LOWER-MOUNT-CRANDELL-23,214772,,-113.892020,49.084239,,,305858,2021-06-18 06:15:35,285203,Transcribed,600s,1SPT,YEWA,Yellow Warbler,SETOPHAGA PETECHIA,3,2600691,1,Song,42.34,2.21,-34.11,f,,Steve Ogle,1211,,cars and machinery (lawn mower?) in left channel
PC,925,LOWER-MOUNT-CRANDELL-23,214772,,-113.892020,49.084239,,,305858,2021-06-18 06:15:35,285203,Transcribed,600s,1SPT,DUFL,Dusky Flycatcher,EMPIDONAX OBERHOLSERI,1,2600674,1,Song,13.60,1.38,-41.17,f,,Steve Ogle,1211,,cars and machinery (lawn mower?) in left channel
PC,925,LOWER-MOUNT-CRANDELL-23,214772,,-113.892020,49.084239,,,305858,2021-06-18 06:15:35,285203,Transcribed,600s,1SPT,GRCA,Gray Catbird,DUMETELLA CAROLINENSIS,1,2600755,1,Song,286.90,7.11,-27.25,f,,Steve Ogle,1211,,cars and machinery (lawn mower?) in left channel
PC,925,LOWER-MOUNT-CRANDELL-23,214772,,-113.892020,49.084239,,,305858,2021-06-18 06:15:35,285203,Transcribed,600s,1SPT,USHU,Unidentified Selasphorus Hummingbird,SELASPHORUS,1,2600696,1,Non-vocal,54.19,6.28,-24.67,f,,Steve Ogle,1211,,cars and machinery (lawn mower?) in left channel
PC,925,LOWER-MOUNT-CRANDELL-23,214772,,-113.892020,49.084239,,,305858,2021-06-18 06:15:35,285203,Transcribed,600s,1SPT,WEWP,Western Wood-Pewee,CONTOPUS SORDIDULUS,1,2600716,1,Song,191.19,1.99,-38.67,f,,Steve Ogle,1211,,cars and machinery (lawn mower?) in left channel
PC,925,LOWER-MOUNT-CRANDELL-23,214772,,-113.892020,49.084239,,,305858,2021-06-18 06:15:35,285203,Transcribed,600s,1SPT,RNSA,Red-naped Sapsucker,SPHYRAPICUS NUCHALIS,1,2600686,2,Non-vocal,17.79,3.54,-27.7,f,,Steve Ogle,1211,,cars and machinery (lawn mower?) in left channel
PC,925,LOWER-MOUNT-CRANDELL-23,214772,,-113.892020,49.084239,,,305858,2021-06-18 06:15:35,285203,Transcribed,600s,1SPT,HOWR,House Wren,TROGLODYTES AEDON,1,2600662,1,Song,0.01,1.68,-27.84,f,,Steve Ogle,1211,,cars and machinery (lawn mower?) in left channel
PC,925,LOWER-MOUNT-CRANDELL-23,214772,,-113.892020,49.084239,,,305858,2021-06-18 06:15:35,285203,Transcribed,600s,1SPT,HOWR,House Wren,TROGLODYTES AEDON,2,2600668,2,Song,3.53,4.03,-22.51,f,,Steve Ogle,1211,,cars and machinery (lawn mower?) in left channel
PC,925,LOWER-MOUNT-CRANDELL-23,214772,,-113.892020,49.084239,,,305858,2021-06-18 06:15:35,285203,Transcribed,600s,1SPT,AMRO,American Robin,TURDUS MIGRATORIUS,1,2600698,1,Call,71.89,2.40,-31.57,f,,Steve Ogle,1211,,cars and machinery (lawn mower?) in left channel
PC,925,LOWER-MOUNT-CRANDELL-23,214772,,-113.892020,49.084239,,,305858,2021-06-18 06:15:35,285203,Transcribed,600s,1SPT,WCSP,White-crowned Sparrow,ZONOTRICHIA LEUCOPHRYS,2,2600663,1,Song,2.55,2.28,-23.25,f,,Steve Ogle,1211,,cars and machinery (lawn mower?) in left channel
PC,925,LOWER-MOUNT-CRANDELL-23,214772,,-113.892020,49.084239,,,305858,2021-06-18 06:15:35,285203,Transcribed,600s,1SPT,AMRO,American Robin,TURDUS MIGRATORIUS,2,2600719,1,Song,200.51,2.61,-29.25,f,,Steve Ogle,1211,,cars and machinery (lawn mower?) in left channel
PC,925,LOWER-MOUNT-CRANDELL-23,214772,,-113.892020,49.084239,,,305858,2021-06-18 06:15:35,285203,Transcribed,600s,1SPT,WCSP,White-crowned Sparrow,ZONOTRICHIA LEUCOPHRYS,1,2600667,1,Song,0.30,2.88,-27.87,f,,Steve Ogle,1211,,cars and machinery (lawn mower?) in left channel
PC,925,LOWER-MOUNT-CRANDELL-23,214772,,-113.892020,49.084239,,,305858,2021-06-18 06:15:35,285203,Transcribed,600s,1SPT,YEWA,Yellow Warbler,SETOPHAGA PETECHIA,1,2600661,1,Song,1.06,2.04,-27.67,f,,Steve Ogle,1211,,cars and machinery (lawn mower?) in left channel
PC,925,LOWER-MOUNT-CRANDELL-23,214772,,-113.892020,49.084239,,,305858,2021-06-18 06:15:35,285203,Transcribed,600s,1SPT,YEWA,Yellow Warbler,SETOPHAGA PETECHIA,2,2600670,1,Song,7.79,2.36,-24.72,f,,Steve Ogle,1211,,cars and machinery (lawn mower?) in left channel
PC,925,LOWER-MOUNT-CRANDELL-24,214770,,-113.891492,49.085530,,,305861,2021-06-18 06:42:25,285206,Transcribed,600s,1SPT,WISN,Wilson's Snipe,GALLINAGO DELICATA,1,2576111,1,Call,429.78,8.21,-25.21,f,,Steve Ogle,1211,,
PC,925,LOWER-MOUNT-CRANDELL-24,214770,,-113.891492,49.085530,,,305861,2021-06-18 06:42:25,285206,Transcribed,600s,1SPT,SWTH,Swainson's Thrush,CATHARUS USTULATUS,2,2576114,1,Song,571.49,2.18,-33,f,,Steve Ogle,1211,,
PC,925,LOWER-MOUNT-CRANDELL-24,214770,,-113.891492,49.085530,,,305861,2021-06-18 06:42:25,285206,Transcribed,600s,1SPT,SWTH,Swainson's Thrush,CATHARUS USTULATUS,1,2576094,1,Call,331.58,5.83,-25.9,f,,Steve Ogle,1211,,
PC,925,LOWER-MOUNT-CRANDELL-24,214770,,-113.891492,49.085530,,,305861,2021-06-18 06:42:25,285206,Transcribed,600s,1SPT,RCKI,Ruby-crowned Kinglet,CORTHYLIO CALENDULA,1,2576113,1,Song,542.54,5.10,-26.9,f,,Steve Ogle,1211,,
PC,925,LOWER-MOUNT-CRANDELL-24,214770,,-113.891492,49.085530,,,305861,2021-06-18 06:42:25,285206,Transcribed,600s,1SPT,NOFL,Northern Flicker,COLAPTES AURATUS,1,2576039,1,Song,37.19,4.83,-34.16,f,,Steve Ogle,1211,,
PC,925,LOWER-MOUNT-CRANDELL-24,214770,,-113.891492,49.085530,,,305861,2021-06-18 06:42:25,285206,Transcribed,600s,1SPT,CORA,Common Raven,CORVUS CORAX,2,2576052,1,Call,95.45,3.51,-32.52,f,,Steve Ogle,1211,,
PC,925,LOWER-MOUNT-CRANDELL-24,214770,,-113.891492,49.085530,,,305861,2021-06-18 06:42:25,285206,Transcribed,600s,1SPT,CORA,Common Raven,CORVUS CORAX,1,2576049,1,Call,88.16,6.95,-32.11,f,,Steve Ogle,1211,,
PC,925,LOWER-MOUNT-CRANDELL-24,214770,,-113.891492,49.085530,,,305861,2021-06-18 06:42:25,285206,Transcribed,600s,1SPT,WCSP,White-crowned Sparrow,ZONOTRICHIA LEUCOPHRYS,2,2576093,1,Song,271.94,2.75,-33.28,f,,Steve Ogle,1211,,
PC,925,LOWER-MOUNT-CRANDELL-24,214770,,-113.891492,49.085530,,,305861,2021-06-18 06:42:25,285206,Transcribed,600s,1SPT,WCSP,White-crowned Sparrow,ZONOTRICHIA LEUCOPHRYS,1,2576066,1,Song,169.95,3.20,-32.48,f,,Steve Ogle,1211,,
PC,925,LOWER-MOUNT-CRANDELL-24,214770,,-113.891492,49.085530,,,305861,2021-06-18 06:42:25,285206,Transcribed,600s,1SPT,AMRO,American Robin,TURDUS MIGRATORIUS,1,2576029,1,Song,8.40,2.83,-32.33,f,,Steve Ogle,1211,,
PC,925,LOWER-MOUNT-CRANDELL-24,214770,,-113.891492,49.085530,,,305861,2021-06-18 06:42:25,285206,Transcribed,600s,1SPT,HOWR,House Wren,TROGLODYTES AEDON,2,2576027,1,Song,5.41,2.74,-25.01,f,,Steve Ogle,1211,,
PC,925,LOWER-MOUNT-CRANDELL-24,214770,,-113.891492,49.085530,,,305861,2021-06-18 06:42:25,285206,Transcribed,600s,1SPT,HOWR,House Wren,TROGLODYTES AEDON,1,2576019,2,Song,0.58,3.54,-36.53,f,,Steve Ogle,1211,,
PC,925,LOWER-MOUNT-CRANDELL-24,214770,,-113.891492,49.085530,,,305861,2021-06-18 06:42:25,285206,Transcribed,600s,1SPT,MODO,Mourning Dove,ZENAIDA MACROURA,1,2576062,1,Song,154.93,2.86,-21.06,f,,Steve Ogle,1211,,
PC,925,LOWER-MOUNT-CRANDELL-24,214770,,-113.891492,49.085530,,,305861,2021-06-18 06:42:25,285206,Transcribed,600s,1SPT,CEDW,Cedar Waxwing,BOMBYCILLA CEDRORUM,2,2576108,1,Song,333.55,2.51,-47.41,f,,Steve Ogle,1211,,
PC,925,LOWER-MOUNT-CRANDELL-24,214770,,-113.891492,49.085530,,,305861,2021-06-18 06:42:25,285206,Transcribed,600s,1SPT,CEDW,Cedar Waxwing,BOMBYCILLA CEDRORUM,1,2576045,2,Song,70.16,3.69,-41.71,f,,Steve Ogle,1211,,
PC,925,LOWER-MOUNT-CRANDELL-24,214770,,-113.891492,49.085530,,,305861,2021-06-18 06:42:25,285206,Transcribed,600s,1SPT,WEWP,Western Wood-Pewee,CONTOPUS SORDIDULUS,1,2576041,1,Call,49.18,2.24,-30.57,f,,Steve Ogle,1211,,
PC,925,LOWER-MOUNT-CRANDELL-24,214770,,-113.891492,49.085530,,,305861,2021-06-18 06:42:25,285206,Transcribed,600s,1SPT,EUST,European Starling,STURNUS VULGARIS,1,2576059,1,Call,153.39,1.85,-32.43,f,,Steve Ogle,1211,,
PC,925,LOWER-MOUNT-CRANDELL-24,214770,,-113.891492,49.085530,,,305861,2021-06-18 06:42:25,285206,Transcribed,600s,1SPT,BHCO,Brown-headed Cowbird,MOLOTHRUS ATER,2,2576028,1,Song,6.31,1.66,-25.34,f,,Steve Ogle,1211,,
PC,925,LOWER-MOUNT-CRANDELL-24,214770,,-113.891492,49.085530,,,305861,2021-06-18 06:42:25,285206,Transcribed,600s,1SPT,BHCO,Brown-headed Cowbird,MOLOTHRUS ATER,1,2576022,1,Call,3.79,1.41,-45.74,f,,Steve Ogle,1211,,
PC,925,LOWER-MOUNT-CRANDELL-24,214770,,-113.891492,49.085530,,,305861,2021-06-18 06:42:25,285206,Transcribed,600s,1SPT,PISI,Pine Siskin,SPINUS PINUS,2,2576037,1,Call,27.54,2.06,-40.77,f,,Steve Ogle,1211,,
PC,925,LOWER-MOUNT-CRANDELL-24,214770,,-113.891492,49.085530,,,305861,2021-06-18 06:42:25,285206,Transcribed,600s,1SPT,PISI,Pine Siskin,SPINUS PINUS,1,2576033,2,Call,13.11,6.96,-30.91,f,,Steve Ogle,1211,,
PC,925,LOWER-MOUNT-CRANDELL-24,214770,,-113.891492,49.085530,,,305861,2021-06-18 06:42:25,285206,Transcribed,600s,1SPT,RWBL,Red-winged Blackbird,AGELAIUS PHOENICEUS,2,2576112,1,Song,464.60,2.19,-35.88,f,,Steve Ogle,1211,,
PC,925,LOWER-MOUNT-CRANDELL-24,214770,,-113.891492,49.085530,,,305861,2021-06-18 06:42:25,285206,Transcribed,600s,1SPT,RWBL,Red-winged Blackbird,AGELAIUS PHOENICEUS,1,2576091,1,Song,232.60,2.75,-28.59,f,,Steve Ogle,1211,,
PC,925,LOWER-MOUNT-CRANDELL-24,214770,,-113.891492,49.085530,,,305861,2021-06-18 06:42:25,285206,Transcribed,600s,1SPT,GRCA,Gray Catbird,DUMETELLA CAROLINENSIS,1,2576074,1,Song,213.44,7.05,-30.46,f,,Steve Ogle,1211,so difficult to pick out if faint,
PC,925,LOWER-MOUNT-CRANDELL-24,214770,,-113.891492,49.085530,,,305861,2021-06-18 06:42:25,285206,Transcribed,600s,1SPT,DUFL,Dusky Flycatcher,EMPIDONAX OBERHOLSERI,1,2576043,1,Song,61.06,1.71,-46.31,f,,Steve Ogle,1211,,
PC,925,LOWER-MOUNT-CRANDELL-24,214770,,-113.891492,49.085530,,,305861,2021-06-18 06:42:25,285206,Transcribed,600s,1SPT,LAZB,Lazuli Bunting,PASSERINA AMOENA,1,2576002,1,Song,0.04,1.65,-32.74,f,,Steve Ogle,1211,,
PC,925,LOWER-MOUNT-CRANDELL-24,214770,,-113.891492,49.085530,,,305861,2021-06-18 06:42:25,285206,Transcribed,600s,1SPT,YEWA,Yellow Warbler,SETOPHAGA PETECHIA,2,2576030,2,Song,9.34,3.25,-32.51,f,,Steve Ogle,1211,,
PC,925,LOWER-MOUNT-CRANDELL-24,214770,,-113.891492,49.085530,,,305861,2021-06-18 06:42:25,285206,Transcribed,600s,1SPT,YEWA,Yellow Warbler,SETOPHAGA PETECHIA,1,2576024,1,Song,2.39,1.78,-33.23,f,,Steve Ogle,1211,,
PC,925,LOWER-MOUNT-CRANDELL-70,214769,,-113.893891,49.087674,,,305862,2021-06-18 07:16:25,285207,Transcribed,600s,1SPT,RWBL,Red-winged Blackbird,AGELAIUS PHOENICEUS,2,2601018,1,Song,333.78,2.28,-48.2,f,,Steve Ogle,1211,,sound is a bit faint
PC,925,LOWER-MOUNT-CRANDELL-70,214769,,-113.893891,49.087674,,,305862,2021-06-18 07:16:25,285207,Transcribed,600s,1SPT,CCSP,Clay-colored Sparrow,SPIZELLA PALLIDA,1,2600933,1,Song,6.58,3.08,-45.97,f,,Steve Ogle,1211,,sound is a bit faint
PC,925,LOWER-MOUNT-CRANDELL-70,214769,,-113.893891,49.087674,,,305862,2021-06-18 07:16:25,285207,Transcribed,600s,1SPT,SWTH,Swainson's Thrush,CATHARUS USTULATUS,1,2600923,1,Song,3.55,1.99,-43.04,f,,Steve Ogle,1211,,sound is a bit faint
PC,925,LOWER-MOUNT-CRANDELL-70,214769,,-113.893891,49.087674,,,305862,2021-06-18 07:16:25,285207,Transcribed,600s,1SPT,UROPAR,Arctic Ground Squirrel,UROCITELLUS PARRYII,1,2600927,1,Call,0.00,7.99,-41.51,f,,Steve Ogle,1211,,sound is a bit faint
PC,925,LOWER-MOUNT-CRANDELL-70,214769,,-113.893891,49.087674,,,305862,2021-06-18 07:16:25,285207,Transcribed,600s,1SPT,UROPAR,Arctic Ground Squirrel,UROCITELLUS PARRYII,2,2601013,1,Call,274.70,0.98,-6.51,f,,Steve Ogle,1211,,sound is a bit faint
PC,925,LOWER-MOUNT-CRANDELL-70,214769,,-113.893891,49.087674,,,305862,2021-06-18 07:16:25,285207,Transcribed,600s,1SPT,MODO,Mourning Dove,ZENAIDA MACROURA,1,2600910,1,Song,0.05,3.33,-43.96,f,,Steve Ogle,1211,,sound is a bit faint
PC,925,LOWER-MOUNT-CRANDELL-70,214769,,-113.893891,49.087674,,,305862,2021-06-18 07:16:25,285207,Transcribed,600s,1SPT,CEDW,Cedar Waxwing,BOMBYCILLA CEDRORUM,1,2601011,1,Song,138.10,1.51,-45.87,f,,Steve Ogle,1211,not audible,sound is a bit faint
PC,925,LOWER-MOUNT-CRANDELL-70,214769,,-113.893891,49.087674,,,305862,2021-06-18 07:16:25,285207,Transcribed,600s,1SPT,EAKI,Eastern Kingbird,TYRANNUS TYRANNUS,1,2600953,1,Call,12.66,0.99,-43.66,f,,Steve Ogle,1211,,sound is a bit faint
PC,925,LOWER-MOUNT-CRANDELL-70,214769,,-113.893891,49.087674,,,305862,2021-06-18 07:16:25,285207,Transcribed,600s,1SPT,WEWP,Western Wood-Pewee,CONTOPUS SORDIDULUS,1,2600952,1,Song,5.93,1.41,-52.55,f,,Steve Ogle,1211,,sound is a bit faint
PC,925,LOWER-MOUNT-CRANDELL-70,214769,,-113.893891,49.087674,,,305862,2021-06-18 07:16:25,285207,Transcribed,600s,1SPT,BHCO,Brown-headed Cowbird,MOLOTHRUS ATER,1,2600905,1,Song,0.16,1.45,-48.87,f,,Steve Ogle,1211,,sound is a bit faint
PC,925,LOWER-MOUNT-CRANDELL-70,214769,,-113.893891,49.087674,,,305862,2021-06-18 07:16:25,285207,Transcribed,600s,1SPT,PISI,Pine Siskin,SPINUS PINUS,1,2601017,1,Call,329.33,1.25,-49.03,f,,Steve Ogle,1211,,sound is a bit faint
PC,925,LOWER-MOUNT-CRANDELL-70,214769,,-113.893891,49.087674,,,305862,2021-06-18 07:16:25,285207,Transcribed,600s,1SPT,MGWA,MacGillivray's Warbler,GEOTHLYPIS TOLMIEI,1,2601020,1,Song,358.25,2.54,-10.5,f,,Steve Ogle,1211,,sound is a bit faint
PC,925,LOWER-MOUNT-CRANDELL-70,214769,,-113.893891,49.087674,,,305862,2021-06-18 07:16:25,285207,Transcribed,600s,1SPT,RWBL,Red-winged Blackbird,AGELAIUS PHOENICEUS,1,2601002,1,Song,24.63,2.36,-47.27,f,,Steve Ogle,1211,,sound is a bit faint
PC,925,LOWER-MOUNT-CRANDELL-70,214769,,-113.893891,49.087674,,,305862,2021-06-18 07:16:25,285207,Transcribed,600s,1SPT,LISP,Lincoln's Sparrow,MELOSPIZA LINCOLNII,1,2601008,1,Song,80.21,2.44,-41.92,f,,Steve Ogle,1211,,sound is a bit faint
PC,925,LOWER-MOUNT-CRANDELL-70,214769,,-113.893891,49.087674,,,305862,2021-06-18 07:16:25,285207,Transcribed,600s,1SPT,AMRO,American Robin,TURDUS MIGRATORIUS,1,2601001,1,Song,22.33,3.49,-45.84,f,,Steve Ogle,1211,,sound is a bit faint
PC,925,LOWER-MOUNT-CRANDELL-70,214769,,-113.893891,49.087674,,,305862,2021-06-18 07:16:25,285207,Transcribed,600s,1SPT,WCSP,White-crowned Sparrow,ZONOTRICHIA LEUCOPHRYS,1,2600920,2,Song,0.69,3.29,-41.15,f,,Steve Ogle,1211,,sound is a bit faint
PC,925,LOWER-MOUNT-CRANDELL-70,214769,,-113.893891,49.087674,,,305862,2021-06-18 07:16:25,285207,Transcribed,600s,1SPT,WCSP,White-crowned Sparrow,ZONOTRICHIA LEUCOPHRYS,2,2600958,1,Song,19.74,2.73,-38.84,f,,Steve Ogle,1211,,sound is a bit faint
PC,925,LOWER-MOUNT-CRANDELL-70,214769,,-113.893891,49.087674,,,305862,2021-06-18 07:16:25,285207,Transcribed,600s,1SPT,YRWA,Yellow-rumped Warbler,SETOPHAGA CORONATA,1,2600961,1,Call,33.11,0.86,-33.7,f,,Steve Ogle,1211,,sound is a bit faint
PC,925,LOWER-MOUNT-CRANDELL-70,214769,,-113.893891,49.087674,,,305862,2021-06-18 07:16:25,285207,Transcribed,600s,1SPT,HOWR,House Wren,TROGLODYTES AEDON,3,2600954,1,Song,12.38,2.96,-38.07,f,,Steve Ogle,1211,,sound is a bit faint
PC,925,LOWER-MOUNT-CRANDELL-70,214769,,-113.893891,49.087674,,,305862,2021-06-18 07:16:25,285207,Transcribed,600s,1SPT,HOWR,House Wren,TROGLODYTES AEDON,2,2600955,1,Song,5.34,2.79,-51.45,f,,Steve Ogle,1211,,sound is a bit faint
PC,925,LOWER-MOUNT-CRANDELL-70,214769,,-113.893891,49.087674,,,305862,2021-06-18 07:16:25,285207,Transcribed,600s,1SPT,HOWR,House Wren,TROGLODYTES AEDON,1,2600925,1,Song,3.09,2.38,-42.58,f,,Steve Ogle,1211,,sound is a bit faint
PC,925,LOWER-MOUNT-CRANDELL-70,214769,,-113.893891,49.087674,,,305862,2021-06-18 07:16:25,285207,Transcribed,600s,1SPT,LEFL,Least Flycatcher,EMPIDONAX MINIMUS,1,2600999,1,Song,37.81,1.89,-45.91,f,,Steve Ogle,1211,,sound is a bit faint
PC,925,LOWER-MOUNT-CRANDELL-70,214769,,-113.893891,49.087674,,,305862,2021-06-18 07:16:25,285207,Transcribed,600s,1SPT,LAZB,Lazuli Bunting,PASSERINA AMOENA,1,2600951,1,Song,7.90,3.10,-34.29,f,,Steve Ogle,1211,,sound is a bit faint
PC,925,LOWER-MOUNT-CRANDELL-70,214769,,-113.893891,49.087674,,,305862,2021-06-18 07:16:25,285207,Transcribed,600s,1SPT,WEME,Western Meadowlark,STURNELLA NEGLECTA,1,2600957,1,Call,17.53,2.79,-43.74,f,,Steve Ogle,1211,trill call,sound is a bit faint
PC,925,LOWER-MOUNT-CRANDELL-70,214769,,-113.893891,49.087674,,,305862,2021-06-18 07:16:25,285207,Transcribed,600s,1SPT,DUFL,Dusky Flycatcher,EMPIDONAX OBERHOLSERI,1,2600922,1,Call,4.71,1.36,-49.22,f,,Steve Ogle,1211,,sound is a bit faint
PC,925,LOWER-MOUNT-CRANDELL-70,214769,,-113.893891,49.087674,,,305862,2021-06-18 07:16:25,285207,Transcribed,600s,1SPT,GRCA,Gray Catbird,DUMETELLA CAROLINENSIS,1,2601006,1,Song,54.10,6.10,-41.35,f,,Steve Ogle,1211,,sound is a bit faint
PC,925,LOWER-MOUNT-CRANDELL-70,214769,,-113.893891,49.087674,,,305862,2021-06-18 07:16:25,285207,Transcribed,600s,1SPT,SACR,Sandhill Crane,ANTIGONE CANADENSIS,1,2601012,1,Call,153.25,4.24,-35.93,f,,Steve Ogle,1211,,sound is a bit faint
PC,925,LOWER-MOUNT-CRANDELL-70,214769,,-113.893891,49.087674,,,305862,2021-06-18 07:16:25,285207,Transcribed,600s,1SPT,NOFL,Northern Flicker,COLAPTES AURATUS,1,2601021,1,Call,378.04,3.06,-45.31,f,,Steve Ogle,1211,two here,sound is a bit faint
PC,925,LOWER-MOUNT-CRANDELL-71,214771,,-113.892017,49.090087,,,305863,2021-06-18 07:41:37,285208,Transcribed,600s,1SPT,EAKI,Eastern Kingbird,TYRANNUS TYRANNUS,2,2601145,1,Song,218.89,3.18,-33.5,f,,Steve Ogle,1211,,
PC,925,LOWER-MOUNT-CRANDELL-71,214771,,-113.892017,49.090087,,,305863,2021-06-18 07:41:37,285208,Transcribed,600s,1SPT,CCSP,Clay-colored Sparrow,SPIZELLA PALLIDA,2,2601163,1,Song,307.39,2.76,-28.01,f,,Steve Ogle,1211,,
PC,925,LOWER-MOUNT-CRANDELL-71,214771,,-113.892017,49.090087,,,305863,2021-06-18 07:41:37,285208,Transcribed,600s,1SPT,CCSP,Clay-colored Sparrow,SPIZELLA PALLIDA,1,2601123,1,Song,73.93,2.90,-25.26,f,,Steve Ogle,1211,,
PC,925,LOWER-MOUNT-CRANDELL-71,214771,,-113.892017,49.090087,,,305863,2021-06-18 07:41:37,285208,Transcribed,600s,1SPT,UROPAR,Arctic Ground Squirrel,UROCITELLUS PARRYII,1,2601115,1,Call,54.04,1.05,-43.12,f,,Steve Ogle,1211,,
PC,925,LOWER-MOUNT-CRANDELL-71,214771,,-113.892017,49.090087,,,305863,2021-06-18 07:41:37,285208,Transcribed,600s,1SPT,SWTH,Swainson's Thrush,CATHARUS USTULATUS,1,2601108,1,Song,41.64,1.88,-31.92,f,,Steve Ogle,1211,,
PC,925,LOWER-MOUNT-CRANDELL-71,214771,,-113.892017,49.090087,,,305863,2021-06-18 07:41:37,285208,Transcribed,600s,1SPT,NOFL,Northern Flicker,COLAPTES AURATUS,1,2601132,1,Song,96.36,5.99,-29.15,f,,Steve Ogle,1211,,
PC,925,LOWER-MOUNT-CRANDELL-71,214771,,-113.892017,49.090087,,,305863,2021-06-18 07:41:37,285208,Transcribed,600s,1SPT,CORA,Common Raven,CORVUS CORAX,2,2601158,1,Call,300.59,3.16,-21.67,f,,Steve Ogle,1211,,
PC,925,LOWER-MOUNT-CRANDELL-71,214771,,-113.892017,49.090087,,,305863,2021-06-18 07:41:37,285208,Transcribed,600s,1SPT,CORA,Common Raven,CORVUS CORAX,1,2601139,1,Call,173.05,1.10,-25.55,f,,Steve Ogle,1211,,
PC,925,LOWER-MOUNT-CRANDELL-71,214771,,-113.892017,49.090087,,,305863,2021-06-18 07:41:37,285208,Transcribed,600s,1SPT,WISN,Wilson's Snipe,GALLINAGO DELICATA,1,2601173,1,Non-vocal,364.71,2.56,-27.14,f,,Steve Ogle,1211,,
PC,925,LOWER-MOUNT-CRANDELL-71,214771,,-113.892017,49.090087,,,305863,2021-06-18 07:41:37,285208,Transcribed,600s,1SPT,WCSP,White-crowned Sparrow,ZONOTRICHIA LEUCOPHRYS,3,2601088,1,Song,16.28,2.34,-26.71,f,,Steve Ogle,1211,,
PC,925,LOWER-MOUNT-CRANDELL-71,214771,,-113.892017,49.090087,,,305863,2021-06-18 07:41:37,285208,Transcribed,600s,1SPT,WCSP,White-crowned Sparrow,ZONOTRICHIA LEUCOPHRYS,2,2601074,1,Song,13.34,2.80,-35.66,f,,Steve Ogle,1211,,
PC,925,LOWER-MOUNT-CRANDELL-71,214771,,-113.892017,49.090087,,,305863,2021-06-18 07:41:37,285208,Transcribed,600s,1SPT,WCSP,White-crowned Sparrow,ZONOTRICHIA LEUCOPHRYS,1,2601072,1,Song,5.48,2.75,-33.32,f,,Steve Ogle,1211,,
PC,925,LOWER-MOUNT-CRANDELL-71,214771,,-113.892017,49.090087,,,305863,2021-06-18 07:41:37,285208,Transcribed,600s,1SPT,AMRO,American Robin,TURDUS MIGRATORIUS,1,2601118,1,Call,56.04,1.59,-35.93,f,,Steve Ogle,1211,,
PC,925,LOWER-MOUNT-CRANDELL-71,214771,,-113.892017,49.090087,,,305863,2021-06-18 07:41:37,285208,Transcribed,600s,1SPT,HOWR,House Wren,TROGLODYTES AEDON,3,2601079,1,Song,7.76,2.45,-34.51,f,,Steve Ogle,1211,,
PC,925,LOWER-MOUNT-CRANDELL-71,214771,,-113.892017,49.090087,,,305863,2021-06-18 07:41:37,285208,Transcribed,600s,1SPT,HOWR,House Wren,TROGLODYTES AEDON,2,2601039,1,Song,5.13,2.36,-33.22,f,,Steve Ogle,1211,,
PC,925,LOWER-MOUNT-CRANDELL-71,214771,,-113.892017,49.090087,,,305863,2021-06-18 07:41:37,285208,Transcribed,600s,1SPT,HOWR,House Wren,TROGLODYTES AEDON,1,2601034,1,Song,1.46,2.89,-23.77,f,,Steve Ogle,1211,,
PC,925,LOWER-MOUNT-CRANDELL-71,214771,,-113.892017,49.090087,,,305863,2021-06-18 07:41:37,285208,Transcribed,600s,1SPT,MODO,Mourning Dove,ZENAIDA MACROURA,1,2601086,1,Song,11.34,4.20,-27.86,f,,Steve Ogle,1211,,
PC,925,LOWER-MOUNT-CRANDELL-71,214771,,-113.892017,49.090087,,,305863,2021-06-18 07:41:37,285208,Transcribed,600s,1SPT,CEDW,Cedar Waxwing,BOMBYCILLA CEDRORUM,2,2601112,1,Song,50.20,1.33,-43.75,f,,Steve Ogle,1211,,
PC,925,LOWER-MOUNT-CRANDELL-71,214771,,-113.892017,49.090087,,,305863,2021-06-18 07:41:37,285208,Transcribed,600s,1SPT,CEDW,Cedar Waxwing,BOMBYCILLA CEDRORUM,1,2601106,1,Song,40.74,2.19,-41.65,f,,Steve Ogle,1211,,
PC,925,LOWER-MOUNT-CRANDELL-71,214771,,-113.892017,49.090087,,,305863,2021-06-18 07:41:37,285208,Transcribed,600s,1SPT,WAVI,Warbling Vireo,VIREO GILVUS,1,2601036,1,Song,0.00,0.99,-37.27,f,,Steve Ogle,1211,,
PC,925,LOWER-MOUNT-CRANDELL-71,214771,,-113.892017,49.090087,,,305863,2021-06-18 07:41:37,285208,Transcribed,600s,1SPT,AMGO,American Goldfinch,SPINUS TRISTIS,1,2601155,1,Call,274.79,2.00,-34.98,f,,Steve Ogle,1211,,
PC,925,LOWER-MOUNT-CRANDELL-71,214771,,-113.892017,49.090087,,,305863,2021-06-18 07:41:37,285208,Transcribed,600s,1SPT,EAKI,Eastern Kingbird,TYRANNUS TYRANNUS,1,2601102,1,Call,36.15,1.55,-36.6,f,,Steve Ogle,1211,,
PC,925,LOWER-MOUNT-CRANDELL-71,214771,,-113.892017,49.090087,,,305863,2021-06-18 07:41:37,285208,Transcribed,600s,1SPT,WIFL,Willow Flycatcher,EMPIDONAX TRAILLII,1,2601127,1,Song,91.89,1.58,-36.08,f,,Steve Ogle,1211,,
PC,925,LOWER-MOUNT-CRANDELL-71,214771,,-113.892017,49.090087,,,305863,2021-06-18 07:41:37,285208,Transcribed,600s,1SPT,WEWP,Western Wood-Pewee,CONTOPUS SORDIDULUS,1,2601105,1,Song,31.43,1.31,-31.42,f,,Steve Ogle,1211,,
PC,925,LOWER-MOUNT-CRANDELL-71,214771,,-113.892017,49.090087,,,305863,2021-06-18 07:41:37,285208,Transcribed,600s,1SPT,EUST,European Starling,STURNUS VULGARIS,2,2601183,1,Call,547.80,2.63,-22.79,f,,Steve Ogle,1211,,
PC,925,LOWER-MOUNT-CRANDELL-71,214771,,-113.892017,49.090087,,,305863,2021-06-18 07:41:37,285208,Transcribed,600s,1SPT,EUST,European Starling,STURNUS VULGARIS,1,2601153,1,Call,243.94,1.99,-29.2,f,,Steve Ogle,1211,,
PC,925,LOWER-MOUNT-CRANDELL-71,214771,,-113.892017,49.090087,,,305863,2021-06-18 07:41:37,285208,Transcribed,600s,1SPT,BHCO,Brown-headed Cowbird,MOLOTHRUS ATER,2,2601090,1,Song,19.83,1.01,-39.69,f,,Steve Ogle,1211,,
PC,925,LOWER-MOUNT-CRANDELL-71,214771,,-113.892017,49.090087,,,305863,2021-06-18 07:41:37,285208,Transcribed,600s,1SPT,BHCO,Brown-headed Cowbird,MOLOTHRUS ATER,1,2601032,1,Song,1.09,1.71,-36.03,f,,Steve Ogle,1211,,
PC,925,LOWER-MOUNT-CRANDELL-71,214771,,-113.892017,49.090087,,,305863,2021-06-18 07:41:37,285208,Transcribed,600s,1SPT,PISI,Pine Siskin,SPINUS PINUS,2,2601181,1,Call,528.09,2.54,-25.76,f,,Steve Ogle,1211,,
PC,925,LOWER-MOUNT-CRANDELL-71,214771,,-113.892017,49.090087,,,305863,2021-06-18 07:41:37,285208,Transcribed,600s,1SPT,YEWA,Yellow Warbler,SETOPHAGA PETECHIA,1,2601035,1,Song,2.34,2.01,-24.16,f,,Steve Ogle,1211,,
PC,925,LOWER-MOUNT-CRANDELL-71,214771,,-113.892017,49.090087,,,305863,2021-06-18 07:41:37,285208,Transcribed,600s,1SPT,YEWA,Yellow Warbler,SETOPHAGA PETECHIA,2,2601099,1,Song,26.29,1.93,-36.32,f,,Steve Ogle,1211,confidence:Check Data,
PC,925,LOWER-MOUNT-CRANDELL-71,214771,,-113.892017,49.090087,,,305863,2021-06-18 07:41:37,285208,Transcribed,600s,1SPT,YEWA,Yellow Warbler,SETOPHAGA PETECHIA,3,2601134,1,Song,107.90,2.05,-28.65,f,,Steve Ogle,1211,,
PC,925,LOWER-MOUNT-CRANDELL-71,214771,,-113.892017,49.090087,,,305863,2021-06-18 07:41:37,285208,Transcribed,600s,1SPT,LAZB,Lazuli Bunting,PASSERINA AMOENA,1,2601082,1,Song,10.04,3.05,-21.16,f,,Steve Ogle,1211,spectrogram looks so similar to YEWA singing nearby,
PC,925,LOWER-MOUNT-CRANDELL-71,214771,,-113.892017,49.090087,,,305863,2021-06-18 07:41:37,285208,Transcribed,600s,1SPT,LAZB,Lazuli Bunting,PASSERINA AMOENA,2,2601101,1,Song,29.05,2.61,-31.24,f,,Steve Ogle,1211,,
PC,925,LOWER-MOUNT-CRANDELL-71,214771,,-113.892017,49.090087,,,305863,2021-06-18 07:41:37,285208,Transcribed,600s,1SPT,GRCA,Gray Catbird,DUMETELLA CAROLINENSIS,1,2601130,1,Song,93.98,3.43,-35.72,f,,Steve Ogle,1211,,
PC,925,LOWER-MOUNT-CRANDELL-71,214771,,-113.892017,49.090087,,,305863,2021-06-18 07:41:37,285208,Transcribed,600s,1SPT,RWBL,Red-winged Blackbird,AGELAIUS PHOENICEUS,1,2601095,1,Song,22.29,2.28,-31.23,f,,Steve Ogle,1211,,
PC,925,LOWER-MOUNT-CRANDELL-71,214771,,-113.892017,49.090087,,,305863,2021-06-18 07:41:37,285208,Transcribed,600s,1SPT,RWBL,Red-winged Blackbird,AGELAIUS PHOENICEUS,2,2601120,1,Song,65.30,1.78,-28.16,f,,Steve Ogle,1211,,
PC,925,LOWER-MOUNT-CRANDELL-71,214771,,-113.892017,49.090087,,,305863,2021-06-18 07:41:37,285208,Transcribed,600s,1SPT,RWBL,Red-winged Blackbird,AGELAIUS PHOENICEUS,3,2601124,1,Call,75.61,2.49,-33,f,,Steve Ogle,1211,,
PC,925,LOWER-MOUNT-CRANDELL-71,214771,,-113.892017,49.090087,,,305863,2021-06-18 07:41:37,285208,Transcribed,600s,1SPT,PISI,Pine Siskin,SPINUS PINUS,1,2601178,1,Call,410.91,1.68,-35.7,f,,Steve Ogle,1211,,
PC,925,LOWER-MOUNT-CRANDELL-71,214771,,-113.892017,49.090087,,,305863,2021-06-18 07:41:37,285208,Transcribed,600s,1SPT,AMGO,American Goldfinch,SPINUS TRISTIS,2,2601168,1,Call,324.38,4.06,-33.62,f,,Steve Ogle,1211,,
PC,925,LOWER-MOUNT-CRANDELL-72,214768,,-113.889358,49.090766,,,305876,2021-06-18 08:37:11,285221,Transcribed,600s,1SPT,PISI,Pine Siskin,SPINUS PINUS,1,2588115,2,Call,53.30,4.59,-29.21,f,,Steve Ogle,1211,,RHS faint; might just be that the waterfall is on the left side?
PC,925,LOWER-MOUNT-CRANDELL-72,214768,,-113.889358,49.090766,,,305876,2021-06-18 08:37:11,285221,Transcribed,600s,1SPT,LAZB,Lazuli Bunting,PASSERINA AMOENA,1,2588119,1,Song,297.63,2.28,-31.94,f,,Steve Ogle,1211,possibly earlier,RHS faint; might just be that the waterfall is on the left side?
PC,925,LOWER-MOUNT-CRANDELL-72,214768,,-113.889358,49.090766,,,305876,2021-06-18 08:37:11,285221,Transcribed,600s,1SPT,BRBL,Brewer's Blackbird,EUPHAGUS CYANOCEPHALUS,1,2588122,1,Call,432.24,7.54,-33.84,f,,Steve Ogle,1211,,RHS faint; might just be that the waterfall is on the left side?
PC,925,LOWER-MOUNT-CRANDELL-72,214768,,-113.889358,49.090766,,,305876,2021-06-18 08:37:11,285221,Transcribed,600s,1SPT,EUST,European Starling,STURNUS VULGARIS,1,2588117,2,Call,152.85,15.75,-30.51,f,,Steve Ogle,1211,sounds like begging chicks at a cavity,RHS faint; might just be that the waterfall is on the left side?
PC,925,LOWER-MOUNT-CRANDELL-72,214768,,-113.889358,49.090766,,,305876,2021-06-18 08:37:11,285221,Transcribed,600s,1SPT,WEWP,Western Wood-Pewee,CONTOPUS SORDIDULUS,1,2588118,1,Song,268.78,1.80,-34.97,f,,Steve Ogle,1211,,RHS faint; might just be that the waterfall is on the left side?
PC,925,LOWER-MOUNT-CRANDELL-72,214768,,-113.889358,49.090766,,,305876,2021-06-18 08:37:11,285221,Transcribed,600s,1SPT,YEWA,Yellow Warbler,SETOPHAGA PETECHIA,1,2588116,1,Song,21.43,1.91,-36.69,f,,Steve Ogle,1211,,RHS faint; might just be that the waterfall is on the left side?
PC,925,LOWER-MOUNT-CRANDELL-72,214768,,-113.889358,49.090766,,,305876,2021-06-18 08:37:11,285221,Transcribed,600s,1SPT,CAHU,Calliope Hummingbird,SELAPHORUS CALLIOPE,1,2588112,1,Non-vocal,31.69,3.39,-36.86,f,,Steve Ogle,1211,,RHS faint; might just be that the waterfall is on the left side?
PC,925,LOWER-MOUNT-CRANDELL-72,214768,,-113.889358,49.090766,,,305876,2021-06-18 08:37:11,285221,Transcribed,600s,1SPT,EAKI,Eastern Kingbird,TYRANNUS TYRANNUS,1,2588113,1,Call,34.90,0.81,-42.69,f,,Steve Ogle,1211,,RHS faint; might just be that the waterfall is on the left side?
PC,925,LOWER-MOUNT-CRANDELL-72,214768,,-113.889358,49.090766,,,305876,2021-06-18 08:37:11,285221,Transcribed,600s,1SPT,HOWR,House Wren,TROGLODYTES AEDON,1,2588120,1,Song,207.16,2.99,-28.92,f,,Steve Ogle,1211,,RHS faint; might just be that the waterfall is on the left side?
PC,925,LOWER-MOUNT-CRANDELL-72,214768,,-113.889358,49.090766,,,305876,2021-06-18 08:37:11,285221,Transcribed,600s,1SPT,HOWR,House Wren,TROGLODYTES AEDON,2,2588121,1,Song,418.89,3.04,-28.09,f,,Steve Ogle,1211,,RHS faint; might just be that the waterfall is on the left side?
PC,925,LOWER-MOUNT-CRANDELL-72,214768,,-113.889358,49.090766,,,305876,2021-06-18 08:37:11,285221,Transcribed,600s,1SPT,AMRO,American Robin,TURDUS MIGRATORIUS,1,2588114,1,Song,43.14,2.74,-27.29,f,,Steve Ogle,1211,,RHS faint; might just be that the waterfall is on the left side?
PC,925,LOWER-MOUNT-CRANDELL-72,214768,,-113.889358,49.090766,,,305876,2021-06-18 08:37:11,285221,Transcribed,600s,1SPT,WCSP,White-crowned Sparrow,ZONOTRICHIA LEUCOPHRYS,1,2588110,1,Song,0.48,3.10,-29.77,f,,Steve Ogle,1211,,RHS faint; might just be that the waterfall is on the left side?
PC,925,PRAIRIE-TRAIL-575,214767,,-113.880257,49.128304,,,305617,2021-06-08 05:03:15,284962,Transcribed,600s,1SPT,EUST,European Starling,STURNUS VULGARIS,1,2556051,1,Call,9.28,1.50,-33.59,f,,Steve Ogle,1211,,bird noise in background
PC,925,PRAIRIE-TRAIL-575,214767,,-113.880257,49.128304,,,305617,2021-06-08 05:03:15,284962,Transcribed,600s,1SPT,EAKI,Eastern Kingbird,TYRANNUS TYRANNUS,1,2556061,1,Song,36.79,2.15,-31.26,f,,Steve Ogle,1211,,bird noise in background
PC,925,PRAIRIE-TRAIL-575,214767,,-113.880257,49.128304,,,305617,2021-06-08 05:03:15,284962,Transcribed,600s,1SPT,BHCO,Brown-headed Cowbird,MOLOTHRUS ATER,1,2556046,1,Song,7.25,1.38,-17.26,f,,Steve Ogle,1211,,bird noise in background
PC,925,PRAIRIE-TRAIL-575,214767,,-113.880257,49.128304,,,305617,2021-06-08 05:03:15,284962,Transcribed,600s,1SPT,AMCR,American Crow,CORVUS BRACHYRHYNCHOS,1,2556074,1,Call,218.63,1.69,-36.79,f,,Steve Ogle,1211,,bird noise in background
PC,925,PRAIRIE-TRAIL-575,214767,,-113.880257,49.128304,,,305617,2021-06-08 05:03:15,284962,Transcribed,600s,1SPT,UNBI,Unidentified bird,"",1,2556070,1,Non-vocal,204.65,2.89,-35.24,f,,Steve Ogle,1211,wing flaps- something like DOWO confidence:To Be Checked,bird noise in background
PC,925,PRAIRIE-TRAIL-575,214767,,-113.880257,49.128304,,,305617,2021-06-08 05:03:15,284962,Transcribed,600s,1SPT,VESP,Vesper Sparrow,POOECETES GRAMINEUS,2,2556063,1,Song,84.58,4.09,-27.79,f,,Steve Ogle,1211,,bird noise in background
PC,925,PRAIRIE-TRAIL-575,214767,,-113.880257,49.128304,,,305617,2021-06-08 05:03:15,284962,Transcribed,600s,1SPT,VESP,Vesper Sparrow,POOECETES GRAMINEUS,1,2556057,1,Song,21.33,5.01,-17.06,f,,Steve Ogle,1211,,bird noise in background
PC,925,PRAIRIE-TRAIL-575,214767,,-113.880257,49.128304,,,305617,2021-06-08 05:03:15,284962,Transcribed,600s,1SPT,CCSP,Clay-colored Sparrow,SPIZELLA PALLIDA,2,2556050,1,Song,11.29,3.25,-30.91,f,,Steve Ogle,1211,,bird noise in background
PC,925,PRAIRIE-TRAIL-575,214767,,-113.880257,49.128304,,,305617,2021-06-08 05:03:15,284962,Transcribed,600s,1SPT,CCSP,Clay-colored Sparrow,SPIZELLA PALLIDA,1,2556017,2,Song,0.08,6.06,-30.27,f,,Steve Ogle,1211,,bird noise in background
PC,925,PRAIRIE-TRAIL-575,214767,,-113.880257,49.128304,,,305617,2021-06-08 05:03:15,284962,Transcribed,600s,1SPT,GRCA,Gray Catbird,DUMETELLA CAROLINENSIS,2,2556056,1,Song,19.29,5.99,-21.38,f,,Steve Ogle,1211,they blend in,bird noise in background
PC,925,PRAIRIE-TRAIL-575,214767,,-113.880257,49.128304,,,305617,2021-06-08 05:03:15,284962,Transcribed,600s,1SPT,HOWR,House Wren,TROGLODYTES AEDON,1,2556021,2,Song,0.15,2.20,-34.77,f,,Steve Ogle,1211,,bird noise in background
PC,925,PRAIRIE-TRAIL-575,214767,,-113.880257,49.128304,,,305617,2021-06-08 05:03:15,284962,Transcribed,600s,1SPT,MOBL,Mountain Bluebird,SIALIA CURRUCOIDES,1,2556024,2,Call,8.80,3.58,-31.19,f,,Steve Ogle,1211,,bird noise in background
PC,925,PRAIRIE-TRAIL-575,214767,,-113.880257,49.128304,,,305617,2021-06-08 05:03:15,284962,Transcribed,600s,1SPT,GHOW,Great Horned Owl,BUBO VIRGINIANUS,1,2556060,1,Song,32.39,4.41,-29.74,f,,Steve Ogle,1211,,bird noise in background
PC,925,PRAIRIE-TRAIL-575,214767,,-113.880257,49.128304,,,305617,2021-06-08 05:03:15,284962,Transcribed,600s,1SPT,BAOR,Baltimore Oriole,ICTERUS GALBULA,2,2556032,1,Call,0.16,3.53,-34.99,f,,Steve Ogle,1211,I usually go with Baltimore given they are 95% of what's recorded on ebird confidence:To Be Checked,bird noise in background
PC,925,PRAIRIE-TRAIL-575,214767,,-113.880257,49.128304,,,305617,2021-06-08 05:03:15,284962,Transcribed,600s,1SPT,GRCA,Gray Catbird,DUMETELLA CAROLINENSIS,1,2556055,1,Song,0.94,5.23,-13.15,f,,Steve Ogle,1211,,bird noise in background
PC,925,PRAIRIE-TRAIL-575,214767,,-113.880257,49.128304,,,305617,2021-06-08 05:03:15,284962,Transcribed,600s,1SPT,HOWR,House Wren,TROGLODYTES AEDON,2,2556059,1,Song,25.79,4.51,-29.25,f,,Steve Ogle,1211,,bird noise in background
PC,925,PRAIRIE-TRAIL-575,214767,,-113.880257,49.128304,,,305617,2021-06-08 05:03:15,284962,Transcribed,600s,1SPT,AMRO,American Robin,TURDUS MIGRATORIUS,1,2556044,1,Song,0.88,3.90,-35.11,f,,Steve Ogle,1211,,bird noise in background
PC,925,PRAIRIE-TRAIL-575,214767,,-113.880257,49.128304,,,305617,2021-06-08 05:03:15,284962,Transcribed,600s,1SPT,AMRO,American Robin,TURDUS MIGRATORIUS,2,2556048,1,Call,9.68,1.51,-26.79,f,,Steve Ogle,1211,,bird noise in background
PC,925,PRAIRIE-TRAIL-575,214767,,-113.880257,49.128304,,,305617,2021-06-08 05:03:15,284962,Transcribed,600s,1SPT,WCSP,White-crowned Sparrow,ZONOTRICHIA LEUCOPHRYS,1,2556053,1,Song,12.84,2.96,-27.49,f,,Steve Ogle,1211,,bird noise in background
PC,925,PRAIRIE-TRAIL-575,214767,,-113.880257,49.128304,,,305617,2021-06-08 05:03:15,284962,Transcribed,600s,1SPT,WCSP,White-crowned Sparrow,ZONOTRICHIA LEUCOPHRYS,2,2556065,1,Song,28.23,2.79,-29.11,f,,Steve Ogle,1211,,bird noise in background
PC,925,PRAIRIE-TRAIL-575,214767,,-113.880257,49.128304,,,305617,2021-06-08 05:03:15,284962,Transcribed,600s,1SPT,SACR,Sandhill Crane,ANTIGONE CANADENSIS,1,2556099,1,Call,454.31,1.75,-36.46,f,,Steve Ogle,1211,,bird noise in background
PC,925,PRAIRIE-TRAIL-575,214767,,-113.880257,49.128304,,,305617,2021-06-08 05:03:15,284962,Transcribed,600s,1SPT,YEWA,Yellow Warbler,SETOPHAGA PETECHIA,1,2556064,1,Song,153.21,2.98,-30.01,f,,Steve Ogle,1211,,bird noise in background
PC,925,PRAIRIE-TRAIL-575,214767,,-113.880257,49.128304,,,305617,2021-06-08 05:03:15,284962,Transcribed,600s,1SPT,YEWA,Yellow Warbler,SETOPHAGA PETECHIA,2,2556067,1,Song,195.85,2.59,-35.67,f,,Steve Ogle,1211,,bird noise in background
PC,925,PRAIRIE-TRAIL-575,214767,,-113.880257,49.128304,,,305617,2021-06-08 05:03:15,284962,Transcribed,600s,1SPT,BAOR,Baltimore Oriole,ICTERUS GALBULA,1,2556035,1,Call,0.00,4.74,-15.27,f,,Steve Ogle,1211,,bird noise in background
PC,925,PRAIRIE-TRAIL-576,214766,,-113.880503,49.126399,,,305619,2021-06-08 05:33:50,284964,Transcribed,600s,1SPT,VESP,Vesper Sparrow,POOECETES GRAMINEUS,2,2575545,1,Song,124.71,4.60,-26,f,,Steve Ogle,1211,,House wrens sure are noisy
PC,925,PRAIRIE-TRAIL-576,214766,,-113.880503,49.126399,,,305619,2021-06-08 05:33:50,284964,Transcribed,600s,1SPT,LEFL,Least Flycatcher,EMPIDONAX MINIMUS,1,2575530,1,Song,38.68,2.01,-25.52,f,,Steve Ogle,1211,,House wrens sure are noisy
PC,925,PRAIRIE-TRAIL-576,214766,,-113.880503,49.126399,,,305619,2021-06-08 05:33:50,284964,Transcribed,600s,1SPT,YEWA,Yellow Warbler,SETOPHAGA PETECHIA,1,2575488,1,Song,4.78,2.71,-28.38,f,,Steve Ogle,1211,,House wrens sure are noisy
PC,925,PRAIRIE-TRAIL-576,214766,,-113.880503,49.126399,,,305619,2021-06-08 05:33:50,284964,Transcribed,600s,1SPT,FRGU,Franklin's Gull,LEUCOPHAEUS PIPIXCAN,2,2575524,TMTT,Call,20.79,14.98,-22.4,f,,Steve Ogle,1211,,House wrens sure are noisy
PC,925,PRAIRIE-TRAIL-576,214766,,-113.880503,49.126399,,,305619,2021-06-08 05:33:50,284964,Transcribed,600s,1SPT,RNSA,Red-naped Sapsucker,SPHYRAPICUS NUCHALIS,1,2575542,1,Non-vocal,78.10,3.24,-31.8,f,,Steve Ogle,1211,,House wrens sure are noisy
PC,925,PRAIRIE-TRAIL-576,214766,,-113.880503,49.126399,,,305619,2021-06-08 05:33:50,284964,Transcribed,600s,1SPT,UNDU,Unidentified Duck,"",1,2575600,1,Call,296.04,3.64,-22.86,f,,Steve Ogle,1211,sounds like a Redhead,House wrens sure are noisy
PC,925,PRAIRIE-TRAIL-576,214766,,-113.880503,49.126399,,,305619,2021-06-08 05:33:50,284964,Transcribed,600s,1SPT,MODO,Mourning Dove,ZENAIDA MACROURA,1,2575593,1,Song,533.58,4.35,-29.57,f,,Steve Ogle,1211,,House wrens sure are noisy
PC,925,PRAIRIE-TRAIL-576,214766,,-113.880503,49.126399,,,305619,2021-06-08 05:33:50,284964,Transcribed,600s,1SPT,HOWR,House Wren,TROGLODYTES AEDON,1,2575486,3,Song,0.09,4.39,-21.86,f,,Steve Ogle,1211,many overall,House wrens sure are noisy
PC,925,PRAIRIE-TRAIL-576,214766,,-113.880503,49.126399,,,305619,2021-06-08 05:33:50,284964,Transcribed,600s,1SPT,YHBL,Yellow-headed Blackbird,XANTHOCEPHALUS XANTHOCEPHALUS,1,2575549,1,Call,171.39,3.61,-25.77,f,,Steve Ogle,1211,,House wrens sure are noisy
PC,925,PRAIRIE-TRAIL-576,214766,,-113.880503,49.126399,,,305619,2021-06-08 05:33:50,284964,Transcribed,600s,1SPT,YHBL,Yellow-headed Blackbird,XANTHOCEPHALUS XANTHOCEPHALUS,2,2575582,1,Call,450.59,7.08,-26.41,f,,Steve Ogle,1211,,House wrens sure are noisy
PC,925,PRAIRIE-TRAIL-576,214766,,-113.880503,49.126399,,,305619,2021-06-08 05:33:50,284964,Transcribed,600s,1SPT,AMRO,American Robin,TURDUS MIGRATORIUS,1,2575487,1,Song,0.08,2.58,-28.53,f,,Steve Ogle,1211,,House wrens sure are noisy
PC,925,PRAIRIE-TRAIL-576,214766,,-113.880503,49.126399,,,305619,2021-06-08 05:33:50,284964,Transcribed,600s,1SPT,AMRO,American Robin,TURDUS MIGRATORIUS,2,2575583,1,Call,461.21,3.33,-26.22,f,,Steve Ogle,1211,,House wrens sure are noisy
PC,925,PRAIRIE-TRAIL-576,214766,,-113.880503,49.126399,,,305619,2021-06-08 05:33:50,284964,Transcribed,600s,1SPT,WCSP,White-crowned Sparrow,ZONOTRICHIA LEUCOPHRYS,1,2575537,1,Song,105.33,1.91,-27.2,f,,Steve Ogle,1211,,House wrens sure are noisy
PC,925,PRAIRIE-TRAIL-576,214766,,-113.880503,49.126399,,,305619,2021-06-08 05:33:50,284964,Transcribed,600s,1SPT,WCSP,White-crowned Sparrow,ZONOTRICHIA LEUCOPHRYS,2,2575552,1,Song,211.70,3.28,-23.15,f,,Steve Ogle,1211,possibly sooner; HOWRs too noisy,House wrens sure are noisy
PC,925,PRAIRIE-TRAIL-576,214766,,-113.880503,49.126399,,,305619,2021-06-08 05:33:50,284964,Transcribed,600s,1SPT,CORA,Common Raven,CORVUS CORAX,1,2575561,1,Call,281.28,1.69,-23.33,f,,Steve Ogle,1211,,House wrens sure are noisy
PC,925,PRAIRIE-TRAIL-576,214766,,-113.880503,49.126399,,,305619,2021-06-08 05:33:50,284964,Transcribed,600s,1SPT,SACR,Sandhill Crane,ANTIGONE CANADENSIS,1,2575563,1,Call,310.45,2.75,-17.18,f,,Steve Ogle,1211,,House wrens sure are noisy
PC,925,PRAIRIE-TRAIL-576,214766,,-113.880503,49.126399,,,305619,2021-06-08 05:33:50,284964,Transcribed,600s,1SPT,SACR,Sandhill Crane,ANTIGONE CANADENSIS,2,2575597,1,Call,584.34,1.06,-29.88,f,,Steve Ogle,1211,,House wrens sure are noisy
PC,925,PRAIRIE-TRAIL-576,214766,,-113.880503,49.126399,,,305619,2021-06-08 05:33:50,284964,Transcribed,600s,1SPT,NOFL,Northern Flicker,COLAPTES AURATUS,1,2575555,1,Call,229.69,1.41,-10.78,f,,Steve Ogle,1211,right beside mic,House wrens sure are noisy
PC,925,PRAIRIE-TRAIL-576,214766,,-113.880503,49.126399,,,305619,2021-06-08 05:33:50,284964,Transcribed,600s,1SPT,EAKI,Eastern Kingbird,TYRANNUS TYRANNUS,1,2575554,1,Call,216.51,1.19,-28.92,f,,Steve Ogle,1211,,House wrens sure are noisy
PC,925,PRAIRIE-TRAIL-576,214766,,-113.880503,49.126399,,,305619,2021-06-08 05:33:50,284964,Transcribed,600s,1SPT,VIRA,Virginia Rail,RALLUS LIMICOLA,1,2575604,1,Call,141.61,4.10,-25.07,f,,Steve Ogle,1211,kidik kidik kidik is right but tone is off confidence:To Be Checked,House wrens sure are noisy
PC,925,PRAIRIE-TRAIL-576,214766,,-113.880503,49.126399,,,305619,2021-06-08 05:33:50,284964,Transcribed,600s,1SPT,PISI,Pine Siskin,SPINUS PINUS,1,2575489,1,Call,9.51,1.36,-34.92,f,,Steve Ogle,1211,,House wrens sure are noisy
PC,925,PRAIRIE-TRAIL-576,214766,,-113.880503,49.126399,,,305619,2021-06-08 05:33:50,284964,Transcribed,600s,1SPT,CCSP,Clay-colored Sparrow,SPIZELLA PALLIDA,1,2575483,1,Song,0.08,1.80,-33.57,f,,Steve Ogle,1211,,House wrens sure are noisy
PC,925,PRAIRIE-TRAIL-576,214766,,-113.880503,49.126399,,,305619,2021-06-08 05:33:50,284964,Transcribed,600s,1SPT,AMCO,American Coot,FULICA AMERICANA,2,2575590,1,Call,508.83,3.26,-31.32,f,,Steve Ogle,1211,,House wrens sure are noisy
PC,925,PRAIRIE-TRAIL-576,214766,,-113.880503,49.126399,,,305619,2021-06-08 05:33:50,284964,Transcribed,600s,1SPT,FRGU,Franklin's Gull,LEUCOPHAEUS PIPIXCAN,1,2575526,2,Call,8.20,3.15,-25.99,f,,Steve Ogle,1211,,House wrens sure are noisy
PC,925,PRAIRIE-TRAIL-576,214766,,-113.880503,49.126399,,,305619,2021-06-08 05:33:50,284964,Transcribed,600s,1SPT,CCSP,Clay-colored Sparrow,SPIZELLA PALLIDA,2,2575492,1,Song,13.58,2.49,-21.62,f,,Steve Ogle,1211,,House wrens sure are noisy
PC,925,PRAIRIE-TRAIL-576,214766,,-113.880503,49.126399,,,305619,2021-06-08 05:33:50,284964,Transcribed,600s,1SPT,CCSP,Clay-colored Sparrow,SPIZELLA PALLIDA,3,2575535,1,Song,82.26,3.25,-25.39,f,,Steve Ogle,1211,,House wrens sure are noisy
PC,925,PRAIRIE-TRAIL-576,214766,,-113.880503,49.126399,,,305619,2021-06-08 05:33:50,284964,Transcribed,600s,1SPT,VESP,Vesper Sparrow,POOECETES GRAMINEUS,1,2575532,1,Song,76.91,4.03,-28.47,f,,Steve Ogle,1211,,House wrens sure are noisy
PC,925,PRAIRIE-TRAIL-576,214766,,-113.880503,49.126399,,,305619,2021-06-08 05:33:50,284964,Transcribed,600s,1SPT,SAVS,Savannah Sparrow,PASSERCULUS SANDWICHENSIS,1,2575560,1,Song,258.28,2.30,-32.98,f,,Steve Ogle,1211,,House wrens sure are noisy
PC,925,PRAIRIE-TRAIL-576,214766,,-113.880503,49.126399,,,305619,2021-06-08 05:33:50,284964,Transcribed,600s,1SPT,GRCA,Gray Catbird,DUMETELLA CAROLINENSIS,1,2575540,1,Song,118.80,5.19,-25.09,f,,Steve Ogle,1211,sounding similar to the AMRO,House wrens sure are noisy
PC,925,PRAIRIE-TRAIL-576,214766,,-113.880503,49.126399,,,305619,2021-06-08 05:33:50,284964,Transcribed,600s,1SPT,WEME,Western Meadowlark,STURNELLA NEGLECTA,1,2575536,1,Song,92.29,2.49,-25.17,f,,Steve Ogle,1211,,House wrens sure are noisy
PC,925,PRAIRIE-TRAIL-576,214766,,-113.880503,49.126399,,,305619,2021-06-08 05:33:50,284964,Transcribed,600s,1SPT,YEWA,Yellow Warbler,SETOPHAGA PETECHIA,2,2575490,1,Song,11.60,2.18,-21.72,f,,Steve Ogle,1211,,House wrens sure are noisy
PC,925,PRAIRIE-TRAIL-576,214766,,-113.880503,49.126399,,,305619,2021-06-08 05:33:50,284964,Transcribed,600s,1SPT,AMCO,American Coot,FULICA AMERICANA,1,2575567,1,Call,337.50,3.89,-29.36,f,,Steve Ogle,1211,,House wrens sure are noisy
PC,925,PRAIRIE-TRAIL-577,214765,,-113.881348,49.124408,,,306302,2021-06-08 05:59:20,285647,Transcribed,600s,1SPT,OSPR,Osprey,PANDION HALIAETUS,1,2583232,1,Call,96.75,4.34,-33.39,f,,Steve Ogle,1211,nestling,creek
PC,925,PRAIRIE-TRAIL-577,214765,,-113.881348,49.124408,,,306302,2021-06-08 05:59:20,285647,Transcribed,600s,1SPT,LEFL,Least Flycatcher,EMPIDONAX MINIMUS,1,2583276,1,Song,429.33,1.51,-31.03,f,,Steve Ogle,1211,,creek
PC,925,PRAIRIE-TRAIL-577,214765,,-113.881348,49.124408,,,306302,2021-06-08 05:59:20,285647,Transcribed,600s,1SPT,YEWA,Yellow Warbler,SETOPHAGA PETECHIA,1,2583199,1,Song,1.84,2.28,-26.43,f,,Steve Ogle,1211,,creek
PC,925,PRAIRIE-TRAIL-577,214765,,-113.881348,49.124408,,,306302,2021-06-08 05:59:20,285647,Transcribed,600s,1SPT,WEME,Western Meadowlark,STURNELLA NEGLECTA,1,2583277,1,Call,451.80,6.23,-29.05,f,,Steve Ogle,1211,,creek
PC,925,PRAIRIE-TRAIL-577,214765,,-113.881348,49.124408,,,306302,2021-06-08 05:59:20,285647,Transcribed,600s,1SPT,GRCA,Gray Catbird,DUMETELLA CAROLINENSIS,1,2583254,1,Song,152.55,5.26,-14.56,f,,Steve Ogle,1211,,creek
PC,925,PRAIRIE-TRAIL-577,214765,,-113.881348,49.124408,,,306302,2021-06-08 05:59:20,285647,Transcribed,600s,1SPT,MGWA,MacGillivray's Warbler,GEOTHLYPIS TOLMIEI,1,2583202,1,Song,6.19,2.11,-15.14,f,,Steve Ogle,1211,,creek
PC,925,PRAIRIE-TRAIL-577,214765,,-113.881348,49.124408,,,306302,2021-06-08 05:59:20,285647,Transcribed,600s,1SPT,RWBL,Red-winged Blackbird,AGELAIUS PHOENICEUS,1,2583224,1,Call,77.68,0.99,-24.11,f,,Steve Ogle,1211,,creek
PC,925,PRAIRIE-TRAIL-577,214765,,-113.881348,49.124408,,,306302,2021-06-08 05:59:20,285647,Transcribed,600s,1SPT,RWBL,Red-winged Blackbird,AGELAIUS PHOENICEUS,2,2583262,1,Call,203.41,1.08,-33.12,f,,Steve Ogle,1211,,creek
PC,925,PRAIRIE-TRAIL-577,214765,,-113.881348,49.124408,,,306302,2021-06-08 05:59:20,285647,Transcribed,600s,1SPT,SAVS,Savannah Sparrow,PASSERCULUS SANDWICHENSIS,1,2583201,1,Song,5.29,1.65,-25.77,f,,Steve Ogle,1211,,creek
PC,925,PRAIRIE-TRAIL-577,214765,,-113.881348,49.124408,,,306302,2021-06-08 05:59:20,285647,Transcribed,600s,1SPT,SAVS,Savannah Sparrow,PASSERCULUS SANDWICHENSIS,2,2583206,1,Song,8.34,2.08,-33.06,f,,Steve Ogle,1211,,creek
PC,925,PRAIRIE-TRAIL-577,214765,,-113.881348,49.124408,,,306302,2021-06-08 05:59:20,285647,Transcribed,600s,1SPT,SAVS,Savannah Sparrow,PASSERCULUS SANDWICHENSIS,3,2583226,1,Song,77.78,1.74,-26.29,f,,Steve Ogle,1211,,creek
PC,925,PRAIRIE-TRAIL-577,214765,,-113.881348,49.124408,,,306302,2021-06-08 05:59:20,285647,Transcribed,600s,1SPT,UDIV,Unidentified Diving Duck,"",1,2583246,1,Call,114.23,2.08,-31.73,f,,Steve Ogle,1211,Sounds like either agitated female BUFF or HOME confidence:To Be Checked,creek
PC,925,PRAIRIE-TRAIL-577,214765,,-113.881348,49.124408,,,306302,2021-06-08 05:59:20,285647,Transcribed,600s,1SPT,UDIV,Unidentified Diving Duck,"",2,2583260,1,Call,192.66,4.90,-19.03,f,,Steve Ogle,1211,Goldeneye or BUFF or HOME,creek
PC,925,PRAIRIE-TRAIL-577,214765,,-113.881348,49.124408,,,306302,2021-06-08 05:59:20,285647,Transcribed,600s,1SPT,CCSP,Clay-colored Sparrow,SPIZELLA PALLIDA,1,2583207,1,Song,12.30,4.73,-30.41,f,,Steve Ogle,1211,,creek
PC,925,PRAIRIE-TRAIL-577,214765,,-113.881348,49.124408,,,306302,2021-06-08 05:59:20,285647,Transcribed,600s,1SPT,CCSP,Clay-colored Sparrow,SPIZELLA PALLIDA,2,2583220,1,Song,71.53,5.08,-15.31,f,,Steve Ogle,1211,,creek
PC,925,PRAIRIE-TRAIL-577,214765,,-113.881348,49.124408,,,306302,2021-06-08 05:59:20,285647,Transcribed,600s,1SPT,VESP,Vesper Sparrow,POOECETES GRAMINEUS,1,2583253,1,Song,138.79,4.43,-19.17,f,,Steve Ogle,1211,,creek
PC,925,PRAIRIE-TRAIL-577,214765,,-113.881348,49.124408,,,306302,2021-06-08 05:59:20,285647,Transcribed,600s,1SPT,VESP,Vesper Sparrow,POOECETES GRAMINEUS,2,2583275,1,Song,422.10,3.94,-31.68,f,,Steve Ogle,1211,,creek
PC,925,PRAIRIE-TRAIL-577,214765,,-113.881348,49.124408,,,306302,2021-06-08 05:59:20,285647,Transcribed,600s,1SPT,MAWR,Marsh Wren,CISTOTHORUS PALUSTRIS,1,2583271,1,Call,207.86,11.66,-14.38,f,,Steve Ogle,1211,wonder why we don't get many of these singing,creek
PC,925,PRAIRIE-TRAIL-577,214765,,-113.881348,49.124408,,,306302,2021-06-08 05:59:20,285647,Transcribed,600s,1SPT,EAKI,Eastern Kingbird,TYRANNUS TYRANNUS,1,2583208,1,Song,15.08,2.06,-33.6,f,,Steve Ogle,1211,,creek
PC,925,PRAIRIE-TRAIL-577,214765,,-113.881348,49.124408,,,306302,2021-06-08 05:59:20,285647,Transcribed,600s,1SPT,EAKI,Eastern Kingbird,TYRANNUS TYRANNUS,2,2583239,1,Call,109.34,3.65,-35.15,f,,Steve Ogle,1211,,creek
PC,925,PRAIRIE-TRAIL-577,214765,,-113.881348,49.124408,,,306302,2021-06-08 05:59:20,285647,Transcribed,600s,1SPT,HOWR,House Wren,TROGLODYTES AEDON,1,2583196,1,Song,0.04,2.23,-29.87,f,,Steve Ogle,1211,,creek
PC,925,PRAIRIE-TRAIL-577,214765,,-113.881348,49.124408,,,306302,2021-06-08 05:59:20,285647,Transcribed,600s,1SPT,HOWR,House Wren,TROGLODYTES AEDON,2,2583197,1,Song,1.03,2.36,-25.87,f,,Steve Ogle,1211,,creek
PC,925,PRAIRIE-TRAIL-577,214765,,-113.881348,49.124408,,,306302,2021-06-08 05:59:20,285647,Transcribed,600s,1SPT,HOWR,House Wren,TROGLODYTES AEDON,3,2583204,1,Song,7.54,1.98,-17.43,f,,Steve Ogle,1211,,creek
PC,925,PRAIRIE-TRAIL-577,214765,,-113.881348,49.124408,,,306302,2021-06-08 05:59:20,285647,Transcribed,600s,1SPT,YHBL,Yellow-headed Blackbird,XANTHOCEPHALUS XANTHOCEPHALUS,1,2583273,1,Call,287.23,2.03,-30.23,f,,Steve Ogle,1211,,creek
PC,925,PRAIRIE-TRAIL-577,214765,,-113.881348,49.124408,,,306302,2021-06-08 05:59:20,285647,Transcribed,600s,1SPT,WCSP,White-crowned Sparrow,ZONOTRICHIA LEUCOPHRYS,1,2583200,1,Song,4.10,1.84,-32.99,f,,Steve Ogle,1211,,creek
PC,925,PRAIRIE-TRAIL-577,214765,,-113.881348,49.124408,,,306302,2021-06-08 05:59:20,285647,Transcribed,600s,1SPT,DUGR,Dusky Grouse,DENDRAGAPUS OBSCURUS,1,2583205,1,Call,9.80,0.73,-30.65,f,,Steve Ogle,1211,,creek
PC,925,PRAIRIE-TRAIL-577,214765,,-113.881348,49.124408,,,306302,2021-06-08 05:59:20,285647,Transcribed,600s,1SPT,GWTE,Green-winged Teal,ANAS CRECCA,1,2583252,1,Call,130.90,2.84,-32.82,f,,Steve Ogle,1211,male,creek
PC,925,PRAIRIE-TRAIL-577,214765,,-113.881348,49.124408,,,306302,2021-06-08 05:59:20,285647,Transcribed,600s,1SPT,NOFL,Northern Flicker,COLAPTES AURATUS,1,2583265,1,Call,213.78,1.04,-37.06,f,,Steve Ogle,1211,,creek
PC,925,PRAIRIE-TRAIL-577,214765,,-113.881348,49.124408,,,306302,2021-06-08 05:59:20,285647,Transcribed,600s,1SPT,MALL,Mallard,ANAS PLATYRHYNCHOS,1,2583210,1,Call,51.03,3.88,-30.36,f,,Steve Ogle,1211,"Much louder about 15secs later, taking off",creek
PC,925,PRAIRIE-TRAIL-577,214765,,-113.881348,49.124408,,,306302,2021-06-08 05:59:20,285647,Transcribed,600s,1SPT,MALL,Mallard,ANAS PLATYRHYNCHOS,2,2583230,1,Call,94.48,2.49,-30.9,f,,Steve Ogle,1211,,creek
PC,925,PRAIRIE-TRAIL-578,214764,,-113.882523,49.122687,,,306303,2021-06-08 06:23:15,285648,Transcribed,600s,1SPT,GRCA,Gray Catbird,DUMETELLA CAROLINENSIS,1,2579798,1,Song,213.33,7.44,-17.6,f,,Steve Ogle,1211,,creek
PC,925,PRAIRIE-TRAIL-578,214764,,-113.882523,49.122687,,,306303,2021-06-08 06:23:15,285648,Transcribed,600s,1SPT,MOBL,Mountain Bluebird,SIALIA CURRUCOIDES,1,2579783,1,Call,120.71,4.78,-28.88,f,,Steve Ogle,1211,,creek
PC,925,PRAIRIE-TRAIL-578,214764,,-113.882523,49.122687,,,306303,2021-06-08 06:23:15,285648,Transcribed,600s,1SPT,WCSP,White-crowned Sparrow,ZONOTRICHIA LEUCOPHRYS,2,2579754,1,Song,26.90,2.30,-36.34,f,,Steve Ogle,1211,,creek
PC,925,PRAIRIE-TRAIL-578,214764,,-113.882523,49.122687,,,306303,2021-06-08 06:23:15,285648,Transcribed,600s,1SPT,WCSP,White-crowned Sparrow,ZONOTRICHIA LEUCOPHRYS,1,2579746,1,Song,6.20,1.99,-35.42,f,,Steve Ogle,1211,,creek
PC,925,PRAIRIE-TRAIL-578,214764,,-113.882523,49.122687,,,306303,2021-06-08 06:23:15,285648,Transcribed,600s,1SPT,AMRO,American Robin,TURDUS MIGRATORIUS,1,2579764,1,Song,81.31,3.10,-33.08,f,,Steve Ogle,1211,,creek
PC,925,PRAIRIE-TRAIL-578,214764,,-113.882523,49.122687,,,306303,2021-06-08 06:23:15,285648,Transcribed,600s,1SPT,HOWR,House Wren,TROGLODYTES AEDON,1,2579744,3,Song,0.00,3.71,-27.59,f,,Steve Ogle,1211,,creek
PC,925,PRAIRIE-TRAIL-578,214764,,-113.882523,49.122687,,,306303,2021-06-08 06:23:15,285648,Transcribed,600s,1SPT,EAKI,Eastern Kingbird,TYRANNUS TYRANNUS,2,2579840,1,Song,512.74,3.56,-30.02,f,,Steve Ogle,1211,,creek
PC,925,PRAIRIE-TRAIL-578,214764,,-113.882523,49.122687,,,306303,2021-06-08 06:23:15,285648,Transcribed,600s,1SPT,EAKI,Eastern Kingbird,TYRANNUS TYRANNUS,1,2579769,1,Song,92.48,2.71,-34.72,f,,Steve Ogle,1211,,creek
PC,925,PRAIRIE-TRAIL-578,214764,,-113.882523,49.122687,,,306303,2021-06-08 06:23:15,285648,Transcribed,600s,1SPT,VESP,Vesper Sparrow,POOECETES GRAMINEUS,3,2579761,1,Song,39.48,3.45,-25.77,f,,Steve Ogle,1211,,creek
PC,925,PRAIRIE-TRAIL-578,214764,,-113.882523,49.122687,,,306303,2021-06-08 06:23:15,285648,Transcribed,600s,1SPT,VESP,Vesper Sparrow,POOECETES GRAMINEUS,2,2579760,1,Song,31.11,3.13,-35.11,f,,Steve Ogle,1211,,creek
PC,925,PRAIRIE-TRAIL-578,214764,,-113.882523,49.122687,,,306303,2021-06-08 06:23:15,285648,Transcribed,600s,1SPT,VESP,Vesper Sparrow,POOECETES GRAMINEUS,1,2579745,1,Song,3.95,2.55,-34.41,f,,Steve Ogle,1211,,creek
PC,925,PRAIRIE-TRAIL-578,214764,,-113.882523,49.122687,,,306303,2021-06-08 06:23:15,285648,Transcribed,600s,1SPT,CCSP,Clay-colored Sparrow,SPIZELLA PALLIDA,2,2579805,1,Song,267.58,3.21,-26.35,f,,Steve Ogle,1211,,creek
PC,925,PRAIRIE-TRAIL-578,214764,,-113.882523,49.122687,,,306303,2021-06-08 06:23:15,285648,Transcribed,600s,1SPT,CCSP,Clay-colored Sparrow,SPIZELLA PALLIDA,1,2579753,1,Song,17.74,5.85,-32.87,f,,Steve Ogle,1211,,creek
PC,925,PRAIRIE-TRAIL-578,214764,,-113.882523,49.122687,,,306303,2021-06-08 06:23:15,285648,Transcribed,600s,1SPT,SAVS,Savannah Sparrow,PASSERCULUS SANDWICHENSIS,3,2579791,1,Song,171.46,2.35,-38.69,f,,Steve Ogle,1211,,creek
PC,925,PRAIRIE-TRAIL-578,214764,,-113.882523,49.122687,,,306303,2021-06-08 06:23:15,285648,Transcribed,600s,1SPT,SAVS,Savannah Sparrow,PASSERCULUS SANDWICHENSIS,2,2579748,1,Song,11.29,2.15,-36.75,f,,Steve Ogle,1211,,creek
PC,925,PRAIRIE-TRAIL-578,214764,,-113.882523,49.122687,,,306303,2021-06-08 06:23:15,285648,Transcribed,600s,1SPT,SAVS,Savannah Sparrow,PASSERCULUS SANDWICHENSIS,1,2579747,1,Song,8.91,3.35,-18.78,f,,Steve Ogle,1211,,creek
PC,925,PRAIRIE-TRAIL-578,214764,,-113.882523,49.122687,,,306303,2021-06-08 06:23:15,285648,Transcribed,600s,1SPT,RWBL,Red-winged Blackbird,AGELAIUS PHOENICEUS,2,2579816,1,Song,323.54,2.40,-29.07,f,,Steve Ogle,1211,,creek
PC,925,PRAIRIE-TRAIL-578,214764,,-113.882523,49.122687,,,306303,2021-06-08 06:23:15,285648,Transcribed,600s,1SPT,RWBL,Red-winged Blackbird,AGELAIUS PHOENICEUS,1,2579803,1,Song,246.34,2.83,-20.57,f,,Steve Ogle,1211,,creek
PC,925,PRAIRIE-TRAIL-578,214764,,-113.882523,49.122687,,,306303,2021-06-08 06:23:15,285648,Transcribed,600s,1SPT,YEWA,Yellow Warbler,SETOPHAGA PETECHIA,1,2579786,1,Song,136.28,2.94,-34.11,f,,Steve Ogle,1211,,creek
PC,925,PRAIRIE-TRAIL-579,214763,,-113.881995,49.120910,,,306304,2021-06-08 09:35:16,285650,Transcribed,600s,1SPT,VESP,Vesper Sparrow,POOECETES GRAMINEUS,3,2571014,1,Song,15.73,3.66,-33.18,f,,Steve Ogle,1211,,creek
PC,925,PRAIRIE-TRAIL-579,214763,,-113.881995,49.120910,,,306304,2021-06-08 09:35:16,285650,Transcribed,600s,1SPT,UROPAR,Arctic Ground Squirrel,UROCITELLUS PARRYII,2,2571027,1,Call,66.51,3.96,-27.46,f,,Steve Ogle,1211,,creek
PC,925,PRAIRIE-TRAIL-579,214763,,-113.881995,49.120910,,,306304,2021-06-08 09:35:16,285650,Transcribed,600s,1SPT,UROPAR,Arctic Ground Squirrel,UROCITELLUS PARRYII,1,2570998,2,Call,0.03,8.25,-16.86,f,,Steve Ogle,1211,,creek
PC,925,PRAIRIE-TRAIL-579,214763,,-113.881995,49.120910,,,306304,2021-06-08 09:35:16,285650,Transcribed,600s,1SPT,STGR,Sharp-tailed Grouse,TYMPANUCHUS PHASIANELLUS,1,2571037,1,Call,107.86,4.26,-29.08,f,,Steve Ogle,1211,pretty sure confidence:To Be Checked,creek
PC,925,PRAIRIE-TRAIL-579,214763,,-113.881995,49.120910,,,306304,2021-06-08 09:35:16,285650,Transcribed,600s,1SPT,WCSP,White-crowned Sparrow,ZONOTRICHIA LEUCOPHRYS,3,2571025,1,Song,62.41,2.61,-33.04,f,,Steve Ogle,1211,,creek
PC,925,PRAIRIE-TRAIL-579,214763,,-113.881995,49.120910,,,306304,2021-06-08 09:35:16,285650,Transcribed,600s,1SPT,WCSP,White-crowned Sparrow,ZONOTRICHIA LEUCOPHRYS,2,2571017,1,Song,41.64,2.05,-43.24,f,,Steve Ogle,1211,,creek
PC,925,PRAIRIE-TRAIL-579,214763,,-113.881995,49.120910,,,306304,2021-06-08 09:35:16,285650,Transcribed,600s,1SPT,WCSP,White-crowned Sparrow,ZONOTRICHIA LEUCOPHRYS,1,2571016,1,Song,21.68,1.98,-36.4,f,,Steve Ogle,1211,,creek
PC,925,PRAIRIE-TRAIL-579,214763,,-113.881995,49.120910,,,306304,2021-06-08 09:35:16,285650,Transcribed,600s,1SPT,AMRO,American Robin,TURDUS MIGRATORIUS,1,2571001,1,Song,0.00,2.36,-27.42,f,,Steve Ogle,1211,,creek
PC,925,PRAIRIE-TRAIL-579,214763,,-113.881995,49.120910,,,306304,2021-06-08 09:35:16,285650,Transcribed,600s,1SPT,HOWR,House Wren,TROGLODYTES AEDON,2,2571054,1,Song,336.20,2.25,-25.77,f,,Steve Ogle,1211,,creek
PC,925,PRAIRIE-TRAIL-579,214763,,-113.881995,49.120910,,,306304,2021-06-08 09:35:16,285650,Transcribed,600s,1SPT,HOWR,House Wren,TROGLODYTES AEDON,1,2571030,1,Song,78.63,2.58,-31.35,f,,Steve Ogle,1211,,creek
PC,925,PRAIRIE-TRAIL-579,214763,,-113.881995,49.120910,,,306304,2021-06-08 09:35:16,285650,Transcribed,600s,1SPT,VESP,Vesper Sparrow,POOECETES GRAMINEUS,2,2571011,1,Song,8.91,3.16,-34.85,f,,Steve Ogle,1211,,creek
PC,925,PRAIRIE-TRAIL-579,214763,,-113.881995,49.120910,,,306304,2021-06-08 09:35:16,285650,Transcribed,600s,1SPT,VESP,Vesper Sparrow,POOECETES GRAMINEUS,1,2571007,1,Song,3.26,3.45,-28.29,f,,Steve Ogle,1211,,creek
PC,925,PRAIRIE-TRAIL-579,214763,,-113.881995,49.120910,,,306304,2021-06-08 09:35:16,285650,Transcribed,600s,1SPT,SAVS,Savannah Sparrow,PASSERCULUS SANDWICHENSIS,3,2571044,1,Song,187.30,3.54,-39.38,f,,Steve Ogle,1211,,creek
PC,925,PRAIRIE-TRAIL-579,214763,,-113.881995,49.120910,,,306304,2021-06-08 09:35:16,285650,Transcribed,600s,1SPT,SAVS,Savannah Sparrow,PASSERCULUS SANDWICHENSIS,2,2571013,1,Song,15.05,1.91,-31.28,f,,Steve Ogle,1211,,creek
PC,925,PRAIRIE-TRAIL-579,214763,,-113.881995,49.120910,,,306304,2021-06-08 09:35:16,285650,Transcribed,600s,1SPT,SAVS,Savannah Sparrow,PASSERCULUS SANDWICHENSIS,1,2571009,1,Song,5.99,2.36,-35.93,f,,Steve Ogle,1211,,creek
PC,925,PRAIRIE-TRAIL-579,214763,,-113.881995,49.120910,,,306304,2021-06-08 09:35:16,285650,Transcribed,600s,1SPT,YEWA,Yellow Warbler,SETOPHAGA PETECHIA,1,2571021,1,Song,51.40,2.09,-22.99,f,,Steve Ogle,1211,,creek
PC,925,PRAIRIE-TRAIL-579,214763,,-113.881995,49.120910,,,306304,2021-06-08 09:35:16,285650,Transcribed,600s,1SPT,NOWA,Northern Waterthrush,PARKESIA NOVEBORACENSIS,1,2571019,1,Song,48.90,2.25,-36.27,f,,Steve Ogle,1211,,creek
PC,925,PRAIRIE-TRAIL-580,214762,,-113.882645,49.118186,,,306305,2021-06-08 06:56:15,285649,Transcribed,600s,1SPT,BRBL,Brewer's Blackbird,EUPHAGUS CYANOCEPHALUS,1,2594590,1,Call,574.43,1.11,-37.94,f,,Steve Ogle,1211,pretty sure,creek
PC,925,PRAIRIE-TRAIL-580,214762,,-113.882645,49.118186,,,306305,2021-06-08 06:56:15,285649,Transcribed,600s,1SPT,LAZB,Lazuli Bunting,PASSERINA AMOENA,1,2594586,1,Song,38.51,2.53,-33.37,f,,Steve Ogle,1211,,creek
PC,925,PRAIRIE-TRAIL-580,214762,,-113.882645,49.118186,,,306305,2021-06-08 06:56:15,285649,Transcribed,600s,1SPT,AMGO,American Goldfinch,SPINUS TRISTIS,1,2594587,1,Call,451.55,4.13,-28.17,f,,Steve Ogle,1211,,creek
PC,925,PRAIRIE-TRAIL-580,214762,,-113.882645,49.118186,,,306305,2021-06-08 06:56:15,285649,Transcribed,600s,1SPT,VESP,Vesper Sparrow,POOECETES GRAMINEUS,1,2594582,3,Song,0.00,5.76,-29.71,f,,Steve Ogle,1211,about 5 total in count,creek
PC,925,PRAIRIE-TRAIL-580,214762,,-113.882645,49.118186,,,306305,2021-06-08 06:56:15,285649,Transcribed,600s,1SPT,NOFL,Northern Flicker,COLAPTES AURATUS,1,2594585,1,Song,26.44,6.70,-32,f,,Steve Ogle,1211,,creek
PC,925,PRAIRIE-TRAIL-580,214762,,-113.882645,49.118186,,,306305,2021-06-08 06:56:15,285649,Transcribed,600s,1SPT,AMRO,American Robin,TURDUS MIGRATORIUS,1,2594584,1,Song,18.45,3.24,-33.36,f,,Steve Ogle,1211,,creek
PC,925,PRAIRIE-TRAIL-580,214762,,-113.882645,49.118186,,,306305,2021-06-08 06:56:15,285649,Transcribed,600s,1SPT,HOWR,House Wren,TROGLODYTES AEDON,1,2594589,1,Song,546.71,2.89,-34.02,f,,Steve Ogle,1211,,creek
PC,925,PRAIRIE-TRAIL-580,214762,,-113.882645,49.118186,,,306305,2021-06-08 06:56:15,285649,Transcribed,600s,1SPT,NOWA,Northern Waterthrush,PARKESIA NOVEBORACENSIS,1,2594583,1,Song,1.68,3.21,-27.51,f,,Steve Ogle,1211,,creek
PC,925,PRAIRIE-TRAIL-581,214760,,-113.883917,49.116004,,,305632,2021-06-08 07:24:27,284977,Transcribed,600s,1SPT,VESP,Vesper Sparrow,POOECETES GRAMINEUS,2,2553236,1,Song,3.19,3.65,-27.98,f,,Steve Ogle,1211,,Pretty sure this is a tractor on adjacent fields
PC,925,PRAIRIE-TRAIL-581,214760,,-113.883917,49.116004,,,305632,2021-06-08 07:24:27,284977,Transcribed,600s,1SPT,PISI,Pine Siskin,SPINUS PINUS,1,2553242,1,Call,435.15,1.61,-31.92,f,,Steve Ogle,1211,,Pretty sure this is a tractor on adjacent fields
PC,925,PRAIRIE-TRAIL-581,214760,,-113.883917,49.116004,,,305632,2021-06-08 07:24:27,284977,Transcribed,600s,1SPT,AMRO,American Robin,TURDUS MIGRATORIUS,1,2553238,1,Call,208.75,2.09,-26.72,f,,Steve Ogle,1211,,Pretty sure this is a tractor on adjacent fields
PC,925,PRAIRIE-TRAIL-581,214760,,-113.883917,49.116004,,,305632,2021-06-08 07:24:27,284977,Transcribed,600s,1SPT,WCSP,White-crowned Sparrow,ZONOTRICHIA LEUCOPHRYS,1,2553239,1,Song,226.73,2.51,-26.4,f,,Steve Ogle,1211,,Pretty sure this is a tractor on adjacent fields
PC,925,PRAIRIE-TRAIL-581,214760,,-113.883917,49.116004,,,305632,2021-06-08 07:24:27,284977,Transcribed,600s,1SPT,CORA,Common Raven,CORVUS CORAX,1,2553241,1,Call,433.45,1.44,-27.6,f,,Steve Ogle,1211,,Pretty sure this is a tractor on adjacent fields
PC,925,PRAIRIE-TRAIL-581,214760,,-113.883917,49.116004,,,305632,2021-06-08 07:24:27,284977,Transcribed,600s,1SPT,UROPAR,Arctic Ground Squirrel,UROCITELLUS PARRYII,1,2553237,1,Call,23.51,1.28,-30.79,f,,Steve Ogle,1211,Columbia GS,Pretty sure this is a tractor on adjacent fields
PC,925,PRAIRIE-TRAIL-581,214760,,-113.883917,49.116004,,,305632,2021-06-08 07:24:27,284977,Transcribed,600s,1SPT,UROPAR,Arctic Ground Squirrel,UROCITELLUS PARRYII,3,2553240,1,Call,371.40,5.93,-31.66,f,,Steve Ogle,1211,,Pretty sure this is a tractor on adjacent fields
PC,925,PRAIRIE-TRAIL-581,214760,,-113.883917,49.116004,,,305632,2021-06-08 07:24:27,284977,Transcribed,600s,1SPT,UROPAR,Arctic Ground Squirrel,UROCITELLUS PARRYII,2,2553243,1,Call,323.98,10.53,-29.34,f,,Steve Ogle,1211,,Pretty sure this is a tractor on adjacent fields
PC,925,PRAIRIE-TRAIL-581,214760,,-113.883917,49.116004,,,305632,2021-06-08 07:24:27,284977,Transcribed,600s,1SPT,VESP,Vesper Sparrow,POOECETES GRAMINEUS,1,2553235,2,Song,0.06,2.73,-24.84,f,,Steve Ogle,1211,,Pretty sure this is a tractor on adjacent fields
PC,925,PRAIRIE-TRAIL-582,214761,,-113.884938,49.114233,,,305633,2021-06-08 08:11:30,284978,Transcribed,600s,1SPT,VESP,Vesper Sparrow,POOECETES GRAMINEUS,3,2566144,1,Song,12.70,4.08,-28.18,f,,Steve Ogle,1211,,sound is faint; creek
PC,925,PRAIRIE-TRAIL-582,214761,,-113.884938,49.114233,,,305633,2021-06-08 08:11:30,284978,Transcribed,600s,1SPT,VESP,Vesper Sparrow,POOECETES GRAMINEUS,2,2566142,1,Song,6.75,3.74,-28.88,f,,Steve Ogle,1211,,sound is faint; creek
PC,925,PRAIRIE-TRAIL-582,214761,,-113.884938,49.114233,,,305633,2021-06-08 08:11:30,284978,Transcribed,600s,1SPT,UROPAR,Arctic Ground Squirrel,UROCITELLUS PARRYII,1,2566138,3,Call,0.21,7.69,-28.96,f,,Steve Ogle,1211,,sound is faint; creek
PC,925,PRAIRIE-TRAIL-582,214761,,-113.884938,49.114233,,,305633,2021-06-08 08:11:30,284978,Transcribed,600s,1SPT,VESP,Vesper Sparrow,POOECETES GRAMINEUS,1,2566139,1,Song,3.05,4.65,-29.12,f,,Steve Ogle,1211,,sound is faint; creek
PC,925,PRAIRIE-TRAIL-582,214761,,-113.884938,49.114233,,,305633,2021-06-08 08:11:30,284978,Transcribed,600s,1SPT,AMRO,American Robin,TURDUS MIGRATORIUS,1,2566179,1,Song,195.71,5.00,-25.58,f,,Steve Ogle,1211,,sound is faint; creek
PC,925,PRAIRIE-TRAIL-582,214761,,-113.884938,49.114233,,,305633,2021-06-08 08:11:30,284978,Transcribed,600s,1SPT,MOBL,Mountain Bluebird,SIALIA CURRUCOIDES,1,2566196,1,Call,331.86,1.86,-25.51,f,,Steve Ogle,1211,,sound is faint; creek
PC,925,PRAIRIE-TRAIL-583,214758,,-113.886405,49.111650,,,305634,2021-06-08 08:35:35,284979,Transcribed,600s,1SPT,NOFL,Northern Flicker,COLAPTES AURATUS,2,2570295,1,Song,25.69,3.44,-12.86,f,,Steve Ogle,1211,,
PC,925,PRAIRIE-TRAIL-583,214758,,-113.886405,49.111650,,,305634,2021-06-08 08:35:35,284979,Transcribed,600s,1SPT,WEME,Western Meadowlark,STURNELLA NEGLECTA,1,2570304,1,Song,436.90,2.16,-21.02,f,,Steve Ogle,1211,just one note audible,
PC,925,PRAIRIE-TRAIL-583,214758,,-113.886405,49.111650,,,305634,2021-06-08 08:35:35,284979,Transcribed,600s,1SPT,VESP,Vesper Sparrow,POOECETES GRAMINEUS,1,2570285,1,Song,0.05,3.18,-17.72,f,,Steve Ogle,1211,,
PC,925,PRAIRIE-TRAIL-583,214758,,-113.886405,49.111650,,,305634,2021-06-08 08:35:35,284979,Transcribed,600s,1SPT,VESP,Vesper Sparrow,POOECETES GRAMINEUS,2,2570287,2,Song,2.43,4.74,-16.53,f,,Steve Ogle,1211,,
PC,925,PRAIRIE-TRAIL-583,214758,,-113.886405,49.111650,,,305634,2021-06-08 08:35:35,284979,Transcribed,600s,1SPT,CLNU,Clark's Nutcracker,NUCIFRAGA COLUMBIANA,1,2570301,1,Call,399.78,1.81,-18.42,f,,Steve Ogle,1211,,
PC,925,PRAIRIE-TRAIL-583,214758,,-113.886405,49.111650,,,305634,2021-06-08 08:35:35,284979,Transcribed,600s,1SPT,AMRO,American Robin,TURDUS MIGRATORIUS,1,2570299,1,Song,220.64,8.35,-30.15,f,,Steve Ogle,1211,,
PC,925,PRAIRIE-TRAIL-583,214758,,-113.886405,49.111650,,,305634,2021-06-08 08:35:35,284979,Transcribed,600s,1SPT,NOFL,Northern Flicker,COLAPTES AURATUS,1,2570286,1,Song,2.49,4.04,-16.6,f,,Steve Ogle,1211,,
PC,925,PRAIRIE-TRAIL-583,214758,,-113.886405,49.111650,,,305634,2021-06-08 08:35:35,284979,Transcribed,600s,1SPT,UROPAR,Arctic Ground Squirrel,UROCITELLUS PARRYII,1,2570282,3,Call,0.11,6.78,-16.32,f,,Steve Ogle,1211,CO ground squirrels. Where is the mute button for these things?!!,
PC,925,PRAIRIE-TRAIL-584,214759,,-113.887862,49.109121,,,305635,2021-06-08 08:59:20,284980,Transcribed,600s,1SPT,AMGO,American Goldfinch,SPINUS TRISTIS,1,2569699,1,Call,183.94,1.84,-44.08,f,,Steve Ogle,1211,,
PC,925,PRAIRIE-TRAIL-584,214759,,-113.887862,49.109121,,,305635,2021-06-08 08:59:20,284980,Transcribed,600s,1SPT,VESP,Vesper Sparrow,POOECETES GRAMINEUS,3,2569677,1,Song,12.33,3.69,-46.97,f,,Steve Ogle,1211,,
PC,925,PRAIRIE-TRAIL-584,214759,,-113.887862,49.109121,,,305635,2021-06-08 08:59:20,284980,Transcribed,600s,1SPT,VESP,Vesper Sparrow,POOECETES GRAMINEUS,2,2569225,1,Song,2.21,4.61,-26.52,f,,Steve Ogle,1211,,
PC,925,PRAIRIE-TRAIL-584,214759,,-113.887862,49.109121,,,305635,2021-06-08 08:59:20,284980,Transcribed,600s,1SPT,VESP,Vesper Sparrow,POOECETES GRAMINEUS,1,2569221,1,Song,0.69,3.58,-23.26,f,,Steve Ogle,1211,,
PC,925,PRAIRIE-TRAIL-584,214759,,-113.887862,49.109121,,,305635,2021-06-08 08:59:20,284980,Transcribed,600s,1SPT,SAVS,Savannah Sparrow,PASSERCULUS SANDWICHENSIS,3,2569689,1,Song,57.64,2.30,-41.96,f,,Steve Ogle,1211,,
PC,925,PRAIRIE-TRAIL-584,214759,,-113.887862,49.109121,,,305635,2021-06-08 08:59:20,284980,Transcribed,600s,1SPT,SAVS,Savannah Sparrow,PASSERCULUS SANDWICHENSIS,2,2569681,1,Song,33.65,2.19,-29.6,f,,Steve Ogle,1211,,
PC,925,PRAIRIE-TRAIL-584,214759,,-113.887862,49.109121,,,305635,2021-06-08 08:59:20,284980,Transcribed,600s,1SPT,SAVS,Savannah Sparrow,PASSERCULUS SANDWICHENSIS,1,2569675,1,Song,10.53,2.58,-28.59,f,,Steve Ogle,1211,,
PC,925,PRAIRIE-TRAIL-584,214759,,-113.887862,49.109121,,,305635,2021-06-08 08:59:20,284980,Transcribed,600s,1SPT,BRBL,Brewer's Blackbird,EUPHAGUS CYANOCEPHALUS,1,2569716,2,Call,370.59,12.08,-31.42,f,,Steve Ogle,1211,"Sounds good, and considering likely habitat...",
PC,925,PRAIRIE-TRAIL-584,214759,,-113.887862,49.109121,,,305635,2021-06-08 08:59:20,284980,Transcribed,600s,1SPT,WEME,Western Meadowlark,STURNELLA NEGLECTA,1,2569679,1,Song,22.86,3.10,-34.3,f,,Steve Ogle,1211,,
PC,925,PRAIRIE-TRAIL-584,214759,,-113.887862,49.109121,,,305635,2021-06-08 08:59:20,284980,Transcribed,600s,1SPT,BRBL,Brewer's Blackbird,EUPHAGUS CYANOCEPHALUS,2,2569747,2,Call,495.64,6.08,-23.89,f,,Steve Ogle,1211,,
PC,925,PRAIRIE-TRAIL-584,214759,,-113.887862,49.109121,,,305635,2021-06-08 08:59:20,284980,Transcribed,600s,1SPT,UROPAR,Arctic Ground Squirrel,UROCITELLUS PARRYII,3,2569781,1,Call,527.35,8.91,-40.69,f,,Steve Ogle,1211,kind of a pain to keep track of these critters,
PC,925,PRAIRIE-TRAIL-584,214759,,-113.887862,49.109121,,,305635,2021-06-08 08:59:20,284980,Transcribed,600s,1SPT,UROPAR,Arctic Ground Squirrel,UROCITELLUS PARRYII,2,2569684,1,Call,51.21,4.91,-39.02,f,,Steve Ogle,1211,,
PC,925,PRAIRIE-TRAIL-584,214759,,-113.887862,49.109121,,,305635,2021-06-08 08:59:20,284980,Transcribed,600s,1SPT,UROPAR,Arctic Ground Squirrel,UROCITELLUS PARRYII,1,2569683,1,Call,40.95,5.68,-48.15,f,,Steve Ogle,1211,,
PC,925,PRAIRIE-TRAIL-584,214759,,-113.887862,49.109121,,,305635,2021-06-08 08:59:20,284980,Transcribed,600s,1SPT,WCSP,White-crowned Sparrow,ZONOTRICHIA LEUCOPHRYS,1,2569704,1,Song,272.93,2.35,-45.82,f,,Steve Ogle,1211,,
PC,925,PRAIRIE-TRAIL-584,214759,,-113.887862,49.109121,,,305635,2021-06-08 08:59:20,284980,Transcribed,600s,1SPT,AMRO,American Robin,TURDUS MIGRATORIUS,1,2569228,1,Song,5.19,2.83,-26.18,f,,Steve Ogle,1211,,
PC,925,SOFA-MOUNTAIN-25,214757,,-113.779924,49.064692,,,305598,2021-06-03 05:36:17,284943,Transcribed,600s,1SPT,MGWA,MacGillivray's Warbler,GEOTHLYPIS TOLMIEI,1,2582684,1,Song,2.38,2.00,-46.12,f,,Steve Ogle,1211,sounds like WIWA at first,gusty breeze; recording a bit faint
PC,925,SOFA-MOUNTAIN-25,214757,,-113.779924,49.064692,,,305598,2021-06-03 05:36:17,284943,Transcribed,600s,1SPT,RNSA,Red-naped Sapsucker,SPHYRAPICUS NUCHALIS,1,2582692,1,Non-vocal,8.38,2.96,-37.84,f,,Steve Ogle,1211,,gusty breeze; recording a bit faint
PC,925,SOFA-MOUNTAIN-25,214757,,-113.779924,49.064692,,,305598,2021-06-03 05:36:17,284943,Transcribed,600s,1SPT,SWTH,Swainson's Thrush,CATHARUS USTULATUS,2,2582680,1,Song,1.03,2.31,-38.35,f,,Steve Ogle,1211,,gusty breeze; recording a bit faint
PC,925,SOFA-MOUNTAIN-25,214757,,-113.779924,49.064692,,,305598,2021-06-03 05:36:17,284943,Transcribed,600s,1SPT,SWTH,Swainson's Thrush,CATHARUS USTULATUS,1,2582674,1,Call,0.08,1.00,-45.71,f,,Steve Ogle,1211,,gusty breeze; recording a bit faint
PC,925,SOFA-MOUNTAIN-25,214757,,-113.779924,49.064692,,,305598,2021-06-03 05:36:17,284943,Transcribed,600s,1SPT,RCKI,Ruby-crowned Kinglet,CORTHYLIO CALENDULA,1,2582706,1,Song,1.76,3.81,-38.33,f,,Steve Ogle,1211,,gusty breeze; recording a bit faint
PC,925,SOFA-MOUNTAIN-25,214757,,-113.779924,49.064692,,,305598,2021-06-03 05:36:17,284943,Transcribed,600s,1SPT,CORA,Common Raven,CORVUS CORAX,1,2582780,1,Call,142.16,1.08,-41.01,f,,Steve Ogle,1211,,gusty breeze; recording a bit faint
PC,925,SOFA-MOUNTAIN-25,214757,,-113.779924,49.064692,,,305598,2021-06-03 05:36:17,284943,Transcribed,600s,1SPT,AMRO,American Robin,TURDUS MIGRATORIUS,1,2583083,1,Song,473.08,4.89,-29.29,f,,Steve Ogle,1211,,gusty breeze; recording a bit faint
PC,925,SOFA-MOUNTAIN-25,214757,,-113.779924,49.064692,,,305598,2021-06-03 05:36:17,284943,Transcribed,600s,1SPT,BCFR,Boreal Chorus Frog,PSEUDACRIS MACULATA,1,2582731,CI 1,Song,44.46,2.35,-41.71,f,,Steve Ogle,1211,"",gusty breeze; recording a bit faint
PC,925,SOFA-MOUNTAIN-25,214757,,-113.779924,49.064692,,,305598,2021-06-03 05:36:17,284943,Transcribed,600s,1SPT,DEJU,Dark-eyed Junco,JUNCO HYEMALIS,1,2582689,1,Song,5.13,2.65,-50.83,f,,Steve Ogle,1211,Possible CHSP,gusty breeze; recording a bit faint
PC,925,SOFA-MOUNTAIN-25,214757,,-113.779924,49.064692,,,305598,2021-06-03 05:36:17,284943,Transcribed,600s,1SPT,BHGR,Black-headed Grosbeak,PHEUTICUS MELANOCEPHALUS,1,2582769,1,Song,91.60,3.78,-41.45,f,,Steve Ogle,1211,,gusty breeze; recording a bit faint
PC,925,SOFA-MOUNTAIN-25,214757,,-113.779924,49.064692,,,305598,2021-06-03 05:36:17,284943,Transcribed,600s,1SPT,WAVI,Warbling Vireo,VIREO GILVUS,1,2582713,1,Song,2.24,3.04,-40.97,f,,Steve Ogle,1211,,gusty breeze; recording a bit faint
PC,925,SOFA-MOUNTAIN-25,214757,,-113.779924,49.064692,,,305598,2021-06-03 05:36:17,284943,Transcribed,600s,1SPT,WEWP,Western Wood-Pewee,CONTOPUS SORDIDULUS,2,2583090,1,Call,73.54,2.13,-45.93,f,,Steve Ogle,1211,,gusty breeze; recording a bit faint
PC,925,SOFA-MOUNTAIN-25,214757,,-113.779924,49.064692,,,305598,2021-06-03 05:36:17,284943,Transcribed,600s,1SPT,WEWP,Western Wood-Pewee,CONTOPUS SORDIDULUS,1,2582686,1,Song,3.89,1.64,-49.29,f,,Steve Ogle,1211,,gusty breeze; recording a bit faint
PC,925,SOFA-MOUNTAIN-25,214757,,-113.779924,49.064692,,,305598,2021-06-03 05:36:17,284943,Transcribed,600s,1SPT,MOCH,Mountain Chickadee,POECILE GAMBELI,3,2582750,1,Call,46.20,2.34,-44.66,f,,Steve Ogle,1211,,gusty breeze; recording a bit faint
PC,925,SOFA-MOUNTAIN-25,214757,,-113.779924,49.064692,,,305598,2021-06-03 05:36:17,284943,Transcribed,600s,1SPT,MOCH,Mountain Chickadee,POECILE GAMBELI,2,2582727,1,Song,35.35,2.71,-40.8,f,,Steve Ogle,1211,,gusty breeze; recording a bit faint
PC,925,SOFA-MOUNTAIN-25,214757,,-113.779924,49.064692,,,305598,2021-06-03 05:36:17,284943,Transcribed,600s,1SPT,MOCH,Mountain Chickadee,POECILE GAMBELI,1,2582701,1,Song,7.63,2.49,-52.98,f,,Steve Ogle,1211,,gusty breeze; recording a bit faint
PC,925,SOFA-MOUNTAIN-25,214757,,-113.779924,49.064692,,,305598,2021-06-03 05:36:17,284943,Transcribed,600s,1SPT,BHCO,Brown-headed Cowbird,MOLOTHRUS ATER,1,2582724,1,Song,26.00,6.63,-39.96,f,,Steve Ogle,1211,,gusty breeze; recording a bit faint
PC,925,SOFA-MOUNTAIN-25,214757,,-113.779924,49.064692,,,305598,2021-06-03 05:36:17,284943,Transcribed,600s,1SPT,PISI,Pine Siskin,SPINUS PINUS,3,2583054,1,Call,307.48,1.30,-48.59,f,,Steve Ogle,1211,,gusty breeze; recording a bit faint
PC,925,SOFA-MOUNTAIN-25,214757,,-113.779924,49.064692,,,305598,2021-06-03 05:36:17,284943,Transcribed,600s,1SPT,PISI,Pine Siskin,SPINUS PINUS,2,2582677,1,Call,1.18,1.19,-38.83,f,,Steve Ogle,1211,,gusty breeze; recording a bit faint
PC,925,SOFA-MOUNTAIN-25,214757,,-113.779924,49.064692,,,305598,2021-06-03 05:36:17,284943,Transcribed,600s,1SPT,PISI,Pine Siskin,SPINUS PINUS,1,2582710,1,Call,0.00,0.74,-45.9,f,,Steve Ogle,1211,,gusty breeze; recording a bit faint
PC,925,SOFA-MOUNTAIN-25,214757,,-113.779924,49.064692,,,305598,2021-06-03 05:36:17,284943,Transcribed,600s,1SPT,RWBL,Red-winged Blackbird,AGELAIUS PHOENICEUS,2,2582720,1,Call,14.56,3.74,-39.52,f,,Steve Ogle,1211,,gusty breeze; recording a bit faint
PC,925,SOFA-MOUNTAIN-25,214757,,-113.779924,49.064692,,,305598,2021-06-03 05:36:17,284943,Transcribed,600s,1SPT,RWBL,Red-winged Blackbird,AGELAIUS PHOENICEUS,1,2582698,1,Song,6.78,1.96,-44.05,f,,Steve Ogle,1211,,gusty breeze; recording a bit faint
PC,925,SOFA-MOUNTAIN-25,214757,,-113.779924,49.064692,,,305598,2021-06-03 05:36:17,284943,Transcribed,600s,1SPT,NOWA,Northern Waterthrush,PARKESIA NOVEBORACENSIS,1,2583085,1,Song,580.86,3.23,-38.74,f,,Steve Ogle,1211,distant,gusty breeze; recording a bit faint
PC,925,SOFA-MOUNTAIN-25,214757,,-113.779924,49.064692,,,305598,2021-06-03 05:36:17,284943,Transcribed,600s,1SPT,DUFL,Dusky Flycatcher,EMPIDONAX OBERHOLSERI,1,2582779,1,Song,141.51,1.48,-54.65,f,,Steve Ogle,1211,,gusty breeze; recording a bit faint
PC,925,SOFA-MOUNTAIN-25,214757,,-113.779924,49.064692,,,305598,2021-06-03 05:36:17,284943,Transcribed,600s,1SPT,GCKI,Golden-crowned Kinglet,REGULUS SATRAPA,1,2582791,1,Call,211.26,1.76,-49.94,f,,Steve Ogle,1211,,gusty breeze; recording a bit faint
PC,925,SOFA-MOUNTAIN-26,214756,,-113.781849,49.063116,,,305599,2021-06-03 06:01:20,284944,Transcribed,600s,1SPT,GCKI,Golden-crowned Kinglet,REGULUS SATRAPA,1,2550367,1,Call,366.51,2.01,-58.65,f,,Steve Ogle,1211,,not very loud
PC,925,SOFA-MOUNTAIN-26,214756,,-113.781849,49.063116,,,305599,2021-06-03 06:01:20,284944,Transcribed,600s,1SPT,SWTH,Swainson's Thrush,CATHARUS USTULATUS,1,2550266,1,Song,89.20,1.90,-48.86,f,,Steve Ogle,1211,,not very loud
PC,925,SOFA-MOUNTAIN-26,214756,,-113.781849,49.063116,,,305599,2021-06-03 06:01:20,284944,Transcribed,600s,1SPT,RCKI,Ruby-crowned Kinglet,CORTHYLIO CALENDULA,1,2550262,1,Call,54.55,5.54,-49.54,f,,Steve Ogle,1211,,not very loud
PC,925,SOFA-MOUNTAIN-26,214756,,-113.781849,49.063116,,,305599,2021-06-03 06:01:20,284944,Transcribed,600s,1SPT,VATH,Varied Thrush,IXOREUS NAEVIUS,1,2550249,1,Song,1.85,2.64,-50.86,f,,Steve Ogle,1211,,not very loud
PC,925,SOFA-MOUNTAIN-26,214756,,-113.781849,49.063116,,,305599,2021-06-03 06:01:20,284944,Transcribed,600s,1SPT,CANG,Canada Goose,BRANTA CANADENSIS,1,2550269,1,Call,97.39,4.03,-47.43,f,,Steve Ogle,1211,,not very loud
PC,925,SOFA-MOUNTAIN-26,214756,,-113.781849,49.063116,,,305599,2021-06-03 06:01:20,284944,Transcribed,600s,1SPT,YRWA,Yellow-rumped Warbler,SETOPHAGA CORONATA,1,2550359,1,Song,341.53,2.40,-43.3,f,,Steve Ogle,1211,,not very loud
PC,925,SOFA-MOUNTAIN-26,214756,,-113.781849,49.063116,,,305599,2021-06-03 06:01:20,284944,Transcribed,600s,1SPT,WCSP,White-crowned Sparrow,ZONOTRICHIA LEUCOPHRYS,1,2550342,1,Song,230.76,2.81,-45.4,f,,Steve Ogle,1211,aberrant song; can't pinpoint what it would be otherwise confidence:To Be Checked,not very loud
PC,925,SOFA-MOUNTAIN-26,214756,,-113.781849,49.063116,,,305599,2021-06-03 06:01:20,284944,Transcribed,600s,1SPT,AMRO,American Robin,TURDUS MIGRATORIUS,1,2550261,1,Call,12.13,1.03,-45.88,f,,Steve Ogle,1211,,not very loud
PC,925,SOFA-MOUNTAIN-26,214756,,-113.781849,49.063116,,,305599,2021-06-03 06:01:20,284944,Transcribed,600s,1SPT,MOCH,Mountain Chickadee,POECILE GAMBELI,3,2550362,1,Call,356.05,2.09,-41.24,f,,Steve Ogle,1211,,not very loud
PC,925,SOFA-MOUNTAIN-26,214756,,-113.781849,49.063116,,,305599,2021-06-03 06:01:20,284944,Transcribed,600s,1SPT,MOCH,Mountain Chickadee,POECILE GAMBELI,2,2550345,1,Call,236.38,4.80,-52.39,f,,Steve Ogle,1211,,not very loud
PC,925,SOFA-MOUNTAIN-26,214756,,-113.781849,49.063116,,,305599,2021-06-03 06:01:20,284944,Transcribed,600s,1SPT,MOCH,Mountain Chickadee,POECILE GAMBELI,1,2550248,1,Song,0.21,3.28,-50.26,f,,Steve Ogle,1211,,not very loud
PC,925,SOFA-MOUNTAIN-26,214756,,-113.781849,49.063116,,,305599,2021-06-03 06:01:20,284944,Transcribed,600s,1SPT,RECR,Red Crossbill,LOXIA CURVIROSTRA,1,2550252,1,Call,2.26,2.55,-50.03,f,,Steve Ogle,1211,,not very loud
PC,925,SOFA-MOUNTAIN-26,214756,,-113.781849,49.063116,,,305599,2021-06-03 06:01:20,284944,Transcribed,600s,1SPT,BHCO,Brown-headed Cowbird,MOLOTHRUS ATER,1,2665326,1,Call,120.65,6.23,-43.28,f,,Steve Ogle,1211,,not very loud
PC,925,SOFA-MOUNTAIN-26,214756,,-113.781849,49.063116,,,305599,2021-06-03 06:01:20,284944,Transcribed,600s,1SPT,PISI,Pine Siskin,SPINUS PINUS,3,2550271,1,Call,104.36,1.04,-56.06,f,,Steve Ogle,1211,,not very loud
PC,925,SOFA-MOUNTAIN-26,214756,,-113.781849,49.063116,,,305599,2021-06-03 06:01:20,284944,Transcribed,600s,1SPT,PISI,Pine Siskin,SPINUS PINUS,2,2550257,1,Call,10.44,2.50,-45.23,f,,Steve Ogle,1211,,not very loud
PC,925,SOFA-MOUNTAIN-26,214756,,-113.781849,49.063116,,,305599,2021-06-03 06:01:20,284944,Transcribed,600s,1SPT,PISI,Pine Siskin,SPINUS PINUS,1,2550255,1,Call,3.21,1.88,-48.95,f,,Steve Ogle,1211,,not very loud
PC,925,SOFA-MOUNTAIN-26,214756,,-113.781849,49.063116,,,305599,2021-06-03 06:01:20,284944,Transcribed,600s,1SPT,CAJA,Canada Jay,PERISOREUS CANADENSIS,1,2550316,1,Call,87.70,2.81,-44.64,f,,Steve Ogle,1211,,not very loud
PC,925,SOFA-MOUNTAIN-26,214756,,-113.781849,49.063116,,,305599,2021-06-03 06:01:20,284944,Transcribed,600s,1SPT,OSFL,Olive-sided Flycatcher,CONTOPUS COOPERI,1,2550259,1,Song,25.45,2.14,-52.74,f,,Steve Ogle,1211,,not very loud
PC,925,SOFA-MOUNTAIN-26,214756,,-113.781849,49.063116,,,305599,2021-06-03 06:01:20,284944,Transcribed,600s,1SPT,NOWA,Northern Waterthrush,PARKESIA NOVEBORACENSIS,1,2550268,1,Song,91.73,3.48,-48.27,f,,Steve Ogle,1211,,not very loud
PC,925,SOFA-MOUNTAIN-27,214755,,-113.782821,49.061896,,,305600,2021-06-03 06:27:30,284945,Transcribed,600s,1SPT,PISI,Pine Siskin,SPINUS PINUS,2,2564654,1,Call,16.84,1.94,-34.45,f,,Steve Ogle,1211,,creek
PC,925,SOFA-MOUNTAIN-27,214755,,-113.782821,49.061896,,,305600,2021-06-03 06:27:30,284945,Transcribed,600s,1SPT,PISI,Pine Siskin,SPINUS PINUS,1,2564644,1,Call,7.21,1.31,-42.07,f,,Steve Ogle,1211,,creek
PC,925,SOFA-MOUNTAIN-27,214755,,-113.782821,49.061896,,,305600,2021-06-03 06:27:30,284945,Transcribed,600s,1SPT,MGWA,MacGillivray's Warbler,GEOTHLYPIS TOLMIEI,1,2564688,1,Song,183.54,2.53,-25.31,f,,Steve Ogle,1211,,creek
PC,925,SOFA-MOUNTAIN-27,214755,,-113.782821,49.061896,,,305600,2021-06-03 06:27:30,284945,Transcribed,600s,1SPT,GCKI,Golden-crowned Kinglet,REGULUS SATRAPA,1,2564662,2,Call,48.13,3.65,-28.39,f,,Steve Ogle,1211,,creek
PC,925,SOFA-MOUNTAIN-27,214755,,-113.782821,49.061896,,,305600,2021-06-03 06:27:30,284945,Transcribed,600s,1SPT,WETA,Western Tanager,PIRANGA LUDOVICIANA,1,2564629,1,Call,0.00,3.13,-30.67,f,,Steve Ogle,1211,,creek
PC,925,SOFA-MOUNTAIN-27,214755,,-113.782821,49.061896,,,305600,2021-06-03 06:27:30,284945,Transcribed,600s,1SPT,SWTH,Swainson's Thrush,CATHARUS USTULATUS,1,2564639,1,Call,0.68,1.45,-26.12,f,,Steve Ogle,1211,,creek
PC,925,SOFA-MOUNTAIN-27,214755,,-113.782821,49.061896,,,305600,2021-06-03 06:27:30,284945,Transcribed,600s,1SPT,PISI,Pine Siskin,SPINUS PINUS,3,2564674,1,Call,83.93,2.33,-44.25,f,,Steve Ogle,1211,,creek
PC,925,SOFA-MOUNTAIN-27,214755,,-113.782821,49.061896,,,305600,2021-06-03 06:27:30,284945,Transcribed,600s,1SPT,BHCO,Brown-headed Cowbird,MOLOTHRUS ATER,1,2564699,1,Song,292.15,3.28,-16.59,f,,Steve Ogle,1211,,creek
PC,925,SOFA-MOUNTAIN-27,214755,,-113.782821,49.061896,,,305600,2021-06-03 06:27:30,284945,Transcribed,600s,1SPT,MOCH,Mountain Chickadee,POECILE GAMBELI,1,2564679,2,Song,0.49,7.54,-28.72,f,,Steve Ogle,1211,,creek
PC,925,SOFA-MOUNTAIN-27,214755,,-113.782821,49.061896,,,305600,2021-06-03 06:27:30,284945,Transcribed,600s,1SPT,RBNU,Red-breasted Nuthatch,SITTA CANADENSIS,1,2564673,1,Call,84.68,3.59,-39.45,f,,Steve Ogle,1211,,creek
PC,925,SOFA-MOUNTAIN-27,214755,,-113.782821,49.061896,,,305600,2021-06-03 06:27:30,284945,Transcribed,600s,1SPT,DEJU,Dark-eyed Junco,JUNCO HYEMALIS,1,2564693,1,Song,265.04,6.16,-42.41,f,,Steve Ogle,1211,,creek
PC,925,SOFA-MOUNTAIN-27,214755,,-113.782821,49.061896,,,305600,2021-06-03 06:27:30,284945,Transcribed,600s,1SPT,YRWA,Yellow-rumped Warbler,SETOPHAGA CORONATA,1,2564635,1,Song,3.80,2.89,-28.51,f,,Steve Ogle,1211,,creek
PC,925,SOFA-MOUNTAIN-27,214755,,-113.782821,49.061896,,,305600,2021-06-03 06:27:30,284945,Transcribed,600s,1SPT,YRWA,Yellow-rumped Warbler,SETOPHAGA CORONATA,2,2564726,1,Song,477.94,3.71,-31.76,f,,Steve Ogle,1211,,creek
PC,925,SOFA-MOUNTAIN-27,214755,,-113.782821,49.061896,,,305600,2021-06-03 06:27:30,284945,Transcribed,600s,1SPT,RESQ,Red Squirrel,TAMIASCIURUS HUDSONICUS,1,2564667,1,Call,53.44,5.13,-31.45,f,,Steve Ogle,1211,,creek
PC,925,SOFA-MOUNTAIN-27,214755,,-113.782821,49.061896,,,305600,2021-06-03 06:27:30,284945,Transcribed,600s,1SPT,RCKI,Ruby-crowned Kinglet,CORTHYLIO CALENDULA,1,2564646,1,Call,8.65,4.15,-31.11,f,,Steve Ogle,1211,,creek
PC,925,SOFA-MOUNTAIN-28,214754,,-113.782880,49.060248,,,305601,2021-06-03 06:52:33,284946,Transcribed,600s,1SPT,RBNU,Red-breasted Nuthatch,SITTA CANADENSIS,2,2577770,1,Call,12.06,1.74,-13.31,f,,Steve Ogle,1211,,
PC,925,SOFA-MOUNTAIN-28,214754,,-113.782880,49.060248,,,305601,2021-06-03 06:52:33,284946,Transcribed,600s,1SPT,SWTH,Swainson's Thrush,CATHARUS USTULATUS,2,2577809,1,Call,93.80,0.98,-37.42,f,,Steve Ogle,1211,,
PC,925,SOFA-MOUNTAIN-28,214754,,-113.782880,49.060248,,,305601,2021-06-03 06:52:33,284946,Transcribed,600s,1SPT,SWTH,Swainson's Thrush,CATHARUS USTULATUS,1,2577787,1,Song,35.58,1.64,-33.9,f,,Steve Ogle,1211,,
PC,925,SOFA-MOUNTAIN-28,214754,,-113.782880,49.060248,,,305601,2021-06-03 06:52:33,284946,Transcribed,600s,1SPT,RCKI,Ruby-crowned Kinglet,CORTHYLIO CALENDULA,2,2577879,1,Song,422.89,5.36,-28.49,f,,Steve Ogle,1211,two now,
PC,925,SOFA-MOUNTAIN-28,214754,,-113.782880,49.060248,,,305601,2021-06-03 06:52:33,284946,Transcribed,600s,1SPT,RCKI,Ruby-crowned Kinglet,CORTHYLIO CALENDULA,1,2577761,1,Song,5.10,2.46,-34.34,f,,Steve Ogle,1211,,
PC,925,SOFA-MOUNTAIN-28,214754,,-113.782880,49.060248,,,305601,2021-06-03 06:52:33,284946,Transcribed,600s,1SPT,PAWR,Pacific Wren,TROGLODYTES PACIFICUS,1,2577778,1,Song,16.35,3.20,-31.72,f,,Steve Ogle,1211,,
PC,925,SOFA-MOUNTAIN-28,214754,,-113.782880,49.060248,,,305601,2021-06-03 06:52:33,284946,Transcribed,600s,1SPT,RESQ,Red Squirrel,TAMIASCIURUS HUDSONICUS,1,2577831,1,Call,164.21,4.71,-33.31,f,,Steve Ogle,1211,,
PC,925,SOFA-MOUNTAIN-28,214754,,-113.782880,49.060248,,,305601,2021-06-03 06:52:33,284946,Transcribed,600s,1SPT,YRWA,Yellow-rumped Warbler,SETOPHAGA CORONATA,2,2577776,1,Song,14.04,2.11,-36.58,f,,Steve Ogle,1211,,
PC,925,SOFA-MOUNTAIN-28,214754,,-113.782880,49.060248,,,305601,2021-06-03 06:52:33,284946,Transcribed,600s,1SPT,YRWA,Yellow-rumped Warbler,SETOPHAGA CORONATA,1,2577752,1,Song,0.00,2.89,-23.38,f,,Steve Ogle,1211,,
PC,925,SOFA-MOUNTAIN-28,214754,,-113.782880,49.060248,,,305601,2021-06-03 06:52:33,284946,Transcribed,600s,1SPT,AMRO,American Robin,TURDUS MIGRATORIUS,1,2577872,1,Song,283.71,4.41,-39.2,f,,Steve Ogle,1211,,
PC,925,SOFA-MOUNTAIN-28,214754,,-113.782880,49.060248,,,305601,2021-06-03 06:52:33,284946,Transcribed,600s,1SPT,BHGR,Black-headed Grosbeak,PHEUTICUS MELANOCEPHALUS,1,2577753,1,Song,0.35,3.24,-23.66,f,,Steve Ogle,1211,,
PC,925,SOFA-MOUNTAIN-28,214754,,-113.782880,49.060248,,,305601,2021-06-03 06:52:33,284946,Transcribed,600s,1SPT,RBNU,Red-breasted Nuthatch,SITTA CANADENSIS,1,2577755,1,Song,1.56,3.71,-33.19,f,,Steve Ogle,1211,they make this noise when near a nest,
PC,925,SOFA-MOUNTAIN-28,214754,,-113.782880,49.060248,,,305601,2021-06-03 06:52:33,284946,Transcribed,600s,1SPT,PIWO,Pileated Woodpecker,DRYOCOPUS PILEATUS,1,2577883,1,Song,150.76,4.61,-32.02,f,,Steve Ogle,1211,distant,
PC,925,SOFA-MOUNTAIN-28,214754,,-113.782880,49.060248,,,305601,2021-06-03 06:52:33,284946,Transcribed,600s,1SPT,BHCO,Brown-headed Cowbird,MOLOTHRUS ATER,1,2577841,1,Call,184.30,6.30,-35.39,f,,Steve Ogle,1211,"extremely close-sounding to the ""Cordilleran Flycatcher"" call also heard in this zone. I likely have the COFL (I called it WEFL) call-note wrong, but I can't change it back. I can hear the BHCO singing shortly after here. ",
PC,925,SOFA-MOUNTAIN-28,214754,,-113.782880,49.060248,,,305601,2021-06-03 06:52:33,284946,Transcribed,600s,1SPT,PISI,Pine Siskin,SPINUS PINUS,2,2577785,2,Call,27.84,3.41,-32.63,f,,Steve Ogle,1211,,
PC,925,SOFA-MOUNTAIN-28,214754,,-113.782880,49.060248,,,305601,2021-06-03 06:52:33,284946,Transcribed,600s,1SPT,PISI,Pine Siskin,SPINUS PINUS,1,2577762,1,Call,6.60,2.38,-41.36,f,,Steve Ogle,1211,,
PC,925,SOFA-MOUNTAIN-28,214754,,-113.782880,49.060248,,,305601,2021-06-03 06:52:33,284946,Transcribed,600s,1SPT,AMGO,American Goldfinch,SPINUS TRISTIS,2,2577815,1,Call,120.85,3.40,-37.06,f,,Steve Ogle,1211,,
PC,925,SOFA-MOUNTAIN-28,214754,,-113.782880,49.060248,,,305601,2021-06-03 06:52:33,284946,Transcribed,600s,1SPT,AMGO,American Goldfinch,SPINUS TRISTIS,1,2577800,1,Call,71.58,2.33,-38.46,f,,Steve Ogle,1211,,
PC,925,SOFA-MOUNTAIN-28,214754,,-113.782880,49.060248,,,305601,2021-06-03 06:52:33,284946,Transcribed,600s,1SPT,CHSP,Chipping Sparrow,SPIZELLA PASSERINA,1,2577796,1,Song,58.63,3.75,-41.9,f,,Steve Ogle,1211,,
PC,925,SOFA-MOUNTAIN-28,214754,,-113.782880,49.060248,,,305601,2021-06-03 06:52:33,284946,Transcribed,600s,1SPT,MGWA,MacGillivray's Warbler,GEOTHLYPIS TOLMIEI,1,2577802,1,Song,80.61,2.39,-39.33,f,,Steve Ogle,1211,,
PC,925,SOFA-MOUNTAIN-28,214754,,-113.782880,49.060248,,,305601,2021-06-03 06:52:33,284946,Transcribed,600s,1SPT,GCKI,Golden-crowned Kinglet,REGULUS SATRAPA,2,2577782,1,Song,25.98,3.35,-40.39,f,,Steve Ogle,1211,,
PC,925,SOFA-MOUNTAIN-28,214754,,-113.782880,49.060248,,,305601,2021-06-03 06:52:33,284946,Transcribed,600s,1SPT,GCKI,Golden-crowned Kinglet,REGULUS SATRAPA,1,2577756,1,Song,3.41,2.81,-36.46,f,,Steve Ogle,1211,,
PC,925,SOFA-MOUNTAIN-28,214754,,-113.782880,49.060248,,,305601,2021-06-03 06:52:33,284946,Transcribed,600s,1SPT,NOWA,Northern Waterthrush,PARKESIA NOVEBORACENSIS,1,2577766,1,Song,9.18,2.74,-23.05,f,,Steve Ogle,1211,,
PC,925,SOFA-MOUNTAIN-29,214753,,-113.784305,49.058810,,,305602,2021-06-03 07:17:40,284947,Transcribed,600s,1SPT,SWTH,Swainson's Thrush,CATHARUS USTULATUS,2,2570955,1,Song,12.04,1.74,-40.47,f,,Steve Ogle,1211,,creek
PC,925,SOFA-MOUNTAIN-29,214753,,-113.784305,49.058810,,,305602,2021-06-03 07:17:40,284947,Transcribed,600s,1SPT,WAVI,Warbling Vireo,VIREO GILVUS,1,2570995,1,Song,536.59,2.11,-30.63,f,,Steve Ogle,1211,,creek
PC,925,SOFA-MOUNTAIN-29,214753,,-113.784305,49.058810,,,305602,2021-06-03 07:17:40,284947,Transcribed,600s,1SPT,AMRO,American Robin,TURDUS MIGRATORIUS,1,2570984,1,Song,276.84,5.88,-28.55,f,,Steve Ogle,1211,,creek
PC,925,SOFA-MOUNTAIN-29,214753,,-113.784305,49.058810,,,305602,2021-06-03 07:17:40,284947,Transcribed,600s,1SPT,YRWA,Yellow-rumped Warbler,SETOPHAGA CORONATA,1,2570991,1,Song,528.13,1.96,-27.34,f,,Steve Ogle,1211,,creek
PC,925,SOFA-MOUNTAIN-29,214753,,-113.784305,49.058810,,,305602,2021-06-03 07:17:40,284947,Transcribed,600s,1SPT,RCKI,Ruby-crowned Kinglet,CORTHYLIO CALENDULA,1,2570940,1,Song,0.00,5.54,-26.19,f,,Steve Ogle,1211,,creek
PC,925,SOFA-MOUNTAIN-29,214753,,-113.784305,49.058810,,,305602,2021-06-03 07:17:40,284947,Transcribed,600s,1SPT,RCKI,Ruby-crowned Kinglet,CORTHYLIO CALENDULA,2,2570989,1,Song,461.71,7.01,-16.36,f,,Steve Ogle,1211,countersinging now,creek
PC,925,SOFA-MOUNTAIN-29,214753,,-113.784305,49.058810,,,305602,2021-06-03 07:17:40,284947,Transcribed,600s,1SPT,SWTH,Swainson's Thrush,CATHARUS USTULATUS,1,2570947,1,Song,5.84,2.20,-37.82,f,,Steve Ogle,1211,,creek
PC,925,SOFA-MOUNTAIN-29,214753,,-113.784305,49.058810,,,305602,2021-06-03 07:17:40,284947,Transcribed,600s,1SPT,SWTH,Swainson's Thrush,CATHARUS USTULATUS,3,2570958,1,Call,14.54,3.36,-36.93,f,,Steve Ogle,1211,,creek
PC,925,SOFA-MOUNTAIN-29,214753,,-113.784305,49.058810,,,305602,2021-06-03 07:17:40,284947,Transcribed,600s,1SPT,YEWA,Yellow Warbler,SETOPHAGA PETECHIA,1,2570986,1,Song,255.43,2.26,-43.54,f,,Steve Ogle,1211,,creek
PC,925,SOFA-MOUNTAIN-29,214753,,-113.784305,49.058810,,,305602,2021-06-03 07:17:40,284947,Transcribed,600s,1SPT,WETA,Western Tanager,PIRANGA LUDOVICIANA,1,2570969,1,Call,96.25,4.28,-32.29,f,,Steve Ogle,1211,,creek
PC,925,SOFA-MOUNTAIN-29,214753,,-113.784305,49.058810,,,305602,2021-06-03 07:17:40,284947,Transcribed,600s,1SPT,MGWA,MacGillivray's Warbler,GEOTHLYPIS TOLMIEI,1,2570981,1,Song,228.10,2.29,-38.41,f,,Steve Ogle,1211,likely earlier,creek
PC,925,SOFA-MOUNTAIN-29,214753,,-113.784305,49.058810,,,305602,2021-06-03 07:17:40,284947,Transcribed,600s,1SPT,CHSP,Chipping Sparrow,SPIZELLA PASSERINA,1,2570945,1,Song,6.10,2.74,-42.07,f,,Steve Ogle,1211,,creek
PC,925,SOFA-MOUNTAIN-29,214753,,-113.784305,49.058810,,,305602,2021-06-03 07:17:40,284947,Transcribed,600s,1SPT,PISI,Pine Siskin,SPINUS PINUS,1,2570965,2,Call,38.15,3.70,-39.82,f,,Steve Ogle,1211,,creek
PC,925,SOFA-MOUNTAIN-29,214753,,-113.784305,49.058810,,,305602,2021-06-03 07:17:40,284947,Transcribed,600s,1SPT,PISI,Pine Siskin,SPINUS PINUS,2,2570988,1,Call,394.91,5.13,-34.9,f,,Steve Ogle,1211,,creek
PC,925,SOFA-MOUNTAIN-29,214753,,-113.784305,49.058810,,,305602,2021-06-03 07:17:40,284947,Transcribed,600s,1SPT,BHCO,Brown-headed Cowbird,MOLOTHRUS ATER,1,2570972,1,Call,121.59,1.99,-36.23,f,,Steve Ogle,1211,,creek
PC,925,SOFA-MOUNTAIN-29,214753,,-113.784305,49.058810,,,305602,2021-06-03 07:17:40,284947,Transcribed,600s,1SPT,BHCO,Brown-headed Cowbird,MOLOTHRUS ATER,2,2570973,1,Song,127.33,2.45,-38.2,f,,Steve Ogle,1211,,creek
PC,925,SOFA-MOUNTAIN-29,214753,,-113.784305,49.058810,,,305602,2021-06-03 07:17:40,284947,Transcribed,600s,1SPT,RECR,Red Crossbill,LOXIA CURVIROSTRA,1,2570976,2,Call,132.96,6.44,-31.95,f,,Steve Ogle,1211,sounds like siskin,creek
PC,925,SOFA-MOUNTAIN-29,214753,,-113.784305,49.058810,,,305602,2021-06-03 07:17:40,284947,Transcribed,600s,1SPT,RBNU,Red-breasted Nuthatch,SITTA CANADENSIS,1,2570950,1,Call,7.74,3.96,-39.24,f,,Steve Ogle,1211,,creek
PC,925,SOFA-MOUNTAIN-29,214753,,-113.784305,49.058810,,,305602,2021-06-03 07:17:40,284947,Transcribed,600s,1SPT,RBNU,Red-breasted Nuthatch,SITTA CANADENSIS,2,2570979,1,Call,222.81,2.79,-32.38,f,,Steve Ogle,1211,,creek
PC,925,SOFA-MOUNTAIN-29,214753,,-113.784305,49.058810,,,305602,2021-06-03 07:17:40,284947,Transcribed,600s,1SPT,NOWA,Northern Waterthrush,PARKESIA NOVEBORACENSIS,1,2570996,1,Song,589.66,3.03,-30.33,f,,Steve Ogle,1211,,creek
PC,925,SOFA-MOUNTAIN-30,214751,,-113.785884,49.057422,,,305603,2021-06-03 07:59:25,284948,Transcribed,600s,1SPT,YRWA,Yellow-rumped Warbler,SETOPHAGA CORONATA,1,2570011,1,Call,97.91,1.28,-59.09,f,,Steve Ogle,1211,,
PC,925,SOFA-MOUNTAIN-30,214751,,-113.785884,49.057422,,,305603,2021-06-03 07:59:25,284948,Transcribed,600s,1SPT,OCWA,Orange-crowned Warbler,LEIOTHLYPIS CELATA,1,2570023,1,Song,98.21,2.78,-58.99,f,,Steve Ogle,1211,,
PC,925,SOFA-MOUNTAIN-30,214751,,-113.785884,49.057422,,,305603,2021-06-03 07:59:25,284948,Transcribed,600s,1SPT,AMRO,American Robin,TURDUS MIGRATORIUS,1,2570040,1,Call,163.60,2.06,-15.57,f,,Steve Ogle,1211,,
PC,925,SOFA-MOUNTAIN-30,214751,,-113.785884,49.057422,,,305603,2021-06-03 07:59:25,284948,Transcribed,600s,1SPT,BHCO,Brown-headed Cowbird,MOLOTHRUS ATER,1,2569990,1,Song,36.10,1.46,-32.58,f,,Steve Ogle,1211,,
PC,925,SOFA-MOUNTAIN-30,214751,,-113.785884,49.057422,,,305603,2021-06-03 07:59:25,284948,Transcribed,600s,1SPT,PISI,Pine Siskin,SPINUS PINUS,1,2570001,3,Call,77.39,8.30,-47.47,f,,Steve Ogle,1211,,
PC,925,SOFA-MOUNTAIN-30,214751,,-113.785884,49.057422,,,305603,2021-06-03 07:59:25,284948,Transcribed,600s,1SPT,CHSP,Chipping Sparrow,SPIZELLA PASSERINA,2,2569983,1,Song,26.89,3.01,-56.41,f,,Steve Ogle,1211,,
PC,925,SOFA-MOUNTAIN-30,214751,,-113.785884,49.057422,,,305603,2021-06-03 07:59:25,284948,Transcribed,600s,1SPT,CHSP,Chipping Sparrow,SPIZELLA PASSERINA,1,2569977,1,Song,5.19,3.46,-47.31,f,,Steve Ogle,1211,,
PC,925,SOFA-MOUNTAIN-30,214751,,-113.785884,49.057422,,,305603,2021-06-03 07:59:25,284948,Transcribed,600s,1SPT,MGWA,MacGillivray's Warbler,GEOTHLYPIS TOLMIEI,1,2570034,1,Song,138.99,2.55,-51.89,f,,Steve Ogle,1211,,
PC,925,SOFA-MOUNTAIN-30,214751,,-113.785884,49.057422,,,305603,2021-06-03 07:59:25,284948,Transcribed,600s,1SPT,YEWA,Yellow Warbler,SETOPHAGA PETECHIA,2,2569999,1,Song,73.01,2.24,-54.8,f,,Steve Ogle,1211,,
PC,925,SOFA-MOUNTAIN-30,214751,,-113.785884,49.057422,,,305603,2021-06-03 07:59:25,284948,Transcribed,600s,1SPT,YEWA,Yellow Warbler,SETOPHAGA PETECHIA,1,2569987,1,Song,29.76,1.35,-59.16,f,,Steve Ogle,1211,,
PC,925,SOFA-MOUNTAIN-30,214751,,-113.785884,49.057422,,,305603,2021-06-03 07:59:25,284948,Transcribed,600s,1SPT,CHSP,Chipping Sparrow,SPIZELLA PASSERINA,3,2570114,1,Song,491.30,11.49,-43.61,f,,Steve Ogle,1211,This would qualify as DEJU if it wasn't for the extended duration,
PC,925,SOFA-MOUNTAIN-30,214751,,-113.785884,49.057422,,,305603,2021-06-03 07:59:25,284948,Transcribed,600s,1SPT,AMGO,American Goldfinch,SPINUS TRISTIS,1,2570130,1,Call,588.15,5.04,-40.91,f,,Steve Ogle,1211,,
PC,925,SOFA-MOUNTAIN-30,214751,,-113.785884,49.057422,,,305603,2021-06-03 07:59:25,284948,Transcribed,600s,1SPT,SWTH,Swainson's Thrush,CATHARUS USTULATUS,2,2569979,1,Song,8.53,1.43,-51.4,f,,Steve Ogle,1211,,
PC,925,SOFA-MOUNTAIN-30,214751,,-113.785884,49.057422,,,305603,2021-06-03 07:59:25,284948,Transcribed,600s,1SPT,SWTH,Swainson's Thrush,CATHARUS USTULATUS,1,2569974,1,Song,3.56,1.91,-48.77,f,,Steve Ogle,1211,,
PC,925,SOFA-MOUNTAIN-30,214751,,-113.785884,49.057422,,,305603,2021-06-03 07:59:25,284948,Transcribed,600s,1SPT,RCKI,Ruby-crowned Kinglet,CORTHYLIO CALENDULA,1,2570038,1,Song,160.68,3.71,-40.46,f,,Steve Ogle,1211,,
PC,925,SOFA-MOUNTAIN-31,214752,,-113.785882,49.055668,,,305604,2021-06-03 08:24:25,284949,Transcribed,600s,1SPT,WAVI,Warbling Vireo,VIREO GILVUS,1,2556563,1,Song,21.21,2.56,-46.35,f,,Steve Ogle,1211,,
PC,925,SOFA-MOUNTAIN-31,214752,,-113.785882,49.055668,,,305604,2021-06-03 08:24:25,284949,Transcribed,600s,1SPT,RBNU,Red-breasted Nuthatch,SITTA CANADENSIS,1,2556611,1,Call,152.15,7.83,-31.98,f,,Steve Ogle,1211,,
PC,925,SOFA-MOUNTAIN-31,214752,,-113.785882,49.055668,,,305604,2021-06-03 08:24:25,284949,Transcribed,600s,1SPT,BHCO,Brown-headed Cowbird,MOLOTHRUS ATER,1,2556599,1,Call,135.38,1.54,-53.81,f,,Steve Ogle,1211,,
PC,925,SOFA-MOUNTAIN-31,214752,,-113.785882,49.055668,,,305604,2021-06-03 08:24:25,284949,Transcribed,600s,1SPT,RCKI,Ruby-crowned Kinglet,CORTHYLIO CALENDULA,1,2556608,1,Song,149.28,3.48,-52.59,f,,Steve Ogle,1211,,
PC,925,SOFA-MOUNTAIN-31,214752,,-113.785882,49.055668,,,305604,2021-06-03 08:24:25,284949,Transcribed,600s,1SPT,CANG,Canada Goose,BRANTA CANADENSIS,1,2556632,1,Call,240.76,4.46,-44.22,f,,Steve Ogle,1211,,
PC,925,SOFA-MOUNTAIN-31,214752,,-113.785882,49.055668,,,305604,2021-06-03 08:24:25,284949,Transcribed,600s,1SPT,YRWA,Yellow-rumped Warbler,SETOPHAGA CORONATA,1,2556579,1,Song,93.78,2.36,-53.03,f,,Steve Ogle,1211,,
PC,925,SOFA-MOUNTAIN-31,214752,,-113.785882,49.055668,,,305604,2021-06-03 08:24:25,284949,Transcribed,600s,1SPT,CLNU,Clark's Nutcracker,NUCIFRAGA COLUMBIANA,1,2556552,1,Call,0.20,3.09,-29.78,f,,Steve Ogle,1211,,
PC,925,SOFA-MOUNTAIN-31,214752,,-113.785882,49.055668,,,305604,2021-06-03 08:24:25,284949,Transcribed,600s,1SPT,PISI,Pine Siskin,SPINUS PINUS,3,2556630,1,Call,240.36,4.63,-52.3,f,,Steve Ogle,1211,,
PC,925,SOFA-MOUNTAIN-31,214752,,-113.785882,49.055668,,,305604,2021-06-03 08:24:25,284949,Transcribed,600s,1SPT,PISI,Pine Siskin,SPINUS PINUS,2,2556588,1,Song,108.43,2.53,-59.55,f,,Steve Ogle,1211,,
PC,925,SOFA-MOUNTAIN-31,214752,,-113.785882,49.055668,,,305604,2021-06-03 08:24:25,284949,Transcribed,600s,1SPT,CHSP,Chipping Sparrow,SPIZELLA PASSERINA,1,2556636,1,Song,259.51,3.24,-59.67,f,,Steve Ogle,1211,,
PC,925,SOFA-MOUNTAIN-31,214752,,-113.785882,49.055668,,,305604,2021-06-03 08:24:25,284949,Transcribed,600s,1SPT,SWTH,Swainson's Thrush,CATHARUS USTULATUS,1,2556637,1,Song,262.40,1.98,-31.89,f,,Steve Ogle,1211,,
PC,925,SOFA-MOUNTAIN-31,214752,,-113.785882,49.055668,,,305604,2021-06-03 08:24:25,284949,Transcribed,600s,1SPT,PISI,Pine Siskin,SPINUS PINUS,1,2556555,1,Call,0.60,4.20,-55.49,f,,Steve Ogle,1211,,
PC,925,SOFA-MOUNTAIN-31,214752,,-113.785882,49.055668,,,305604,2021-06-03 08:24:25,284949,Transcribed,600s,1SPT,WAVI,Warbling Vireo,VIREO GILVUS,2,2556566,1,Song,28.08,3.90,-24.47,f,,Steve Ogle,1211,,
PC,925,SOFA-MOUNTAIN-32,214750,,-113.783142,49.054897,,,305605,2021-06-09 05:13:15,284950,Transcribed,600s,1SPT,RBNU,Red-breasted Nuthatch,SITTA CANADENSIS,1,2579421,1,Call,412.78,4.05,-32.53,f,,Steve Ogle,1211,,
PC,925,SOFA-MOUNTAIN-32,214750,,-113.783142,49.054897,,,305605,2021-06-09 05:13:15,284950,Transcribed,600s,1SPT,SWTH,Swainson's Thrush,CATHARUS USTULATUS,3,2579358,1,Call,29.21,1.21,-43,f,,Steve Ogle,1211,,
PC,925,SOFA-MOUNTAIN-32,214750,,-113.783142,49.054897,,,305605,2021-06-09 05:13:15,284950,Transcribed,600s,1SPT,SWTH,Swainson's Thrush,CATHARUS USTULATUS,2,2579355,1,Song,12.03,1.54,-28.27,f,,Steve Ogle,1211,,
PC,925,SOFA-MOUNTAIN-32,214750,,-113.783142,49.054897,,,305605,2021-06-09 05:13:15,284950,Transcribed,600s,1SPT,SWTH,Swainson's Thrush,CATHARUS USTULATUS,1,2579348,1,Song,6.04,1.75,-33.5,f,,Steve Ogle,1211,,
PC,925,SOFA-MOUNTAIN-32,214750,,-113.783142,49.054897,,,305605,2021-06-09 05:13:15,284950,Transcribed,600s,1SPT,RCKI,Ruby-crowned Kinglet,CORTHYLIO CALENDULA,2,2579409,1,Song,383.85,2.19,-40.67,f,,Steve Ogle,1211,,
PC,925,SOFA-MOUNTAIN-32,214750,,-113.783142,49.054897,,,305605,2021-06-09 05:13:15,284950,Transcribed,600s,1SPT,RCKI,Ruby-crowned Kinglet,CORTHYLIO CALENDULA,1,2579379,1,Song,134.69,4.29,-26.07,f,,Steve Ogle,1211,,
PC,925,SOFA-MOUNTAIN-32,214750,,-113.783142,49.054897,,,305605,2021-06-09 05:13:15,284950,Transcribed,600s,1SPT,WCSP,White-crowned Sparrow,ZONOTRICHIA LEUCOPHRYS,2,2579356,1,Song,19.58,2.01,-33.93,f,,Steve Ogle,1211,,
PC,925,SOFA-MOUNTAIN-32,214750,,-113.783142,49.054897,,,305605,2021-06-09 05:13:15,284950,Transcribed,600s,1SPT,WCSP,White-crowned Sparrow,ZONOTRICHIA LEUCOPHRYS,1,2579345,1,Song,3.61,2.80,-23.01,f,,Steve Ogle,1211,,
PC,925,SOFA-MOUNTAIN-32,214750,,-113.783142,49.054897,,,305605,2021-06-09 05:13:15,284950,Transcribed,600s,1SPT,AMRO,American Robin,TURDUS MIGRATORIUS,2,2579362,1,Song,37.54,3.16,-19.63,f,,Steve Ogle,1211,,
PC,925,SOFA-MOUNTAIN-32,214750,,-113.783142,49.054897,,,305605,2021-06-09 05:13:15,284950,Transcribed,600s,1SPT,AMRO,American Robin,TURDUS MIGRATORIUS,1,2579353,1,Song,7.28,3.94,-35.75,f,,Steve Ogle,1211,,
PC,925,SOFA-MOUNTAIN-32,214750,,-113.783142,49.054897,,,305605,2021-06-09 05:13:15,284950,Transcribed,600s,1SPT,DEJU,Dark-eyed Junco,JUNCO HYEMALIS,1,2579351,1,Song,6.50,3.34,-34.06,f,,Steve Ogle,1211,,
PC,925,SOFA-MOUNTAIN-32,214750,,-113.783142,49.054897,,,305605,2021-06-09 05:13:15,284950,Transcribed,600s,1SPT,MOCH,Mountain Chickadee,POECILE GAMBELI,1,2579341,1,Call,0.75,2.43,-35.2,f,,Steve Ogle,1211,"this one bird with a weird inflection at the start, constantly calling; probably mobbing",
PC,925,SOFA-MOUNTAIN-32,214750,,-113.783142,49.054897,,,305605,2021-06-09 05:13:15,284950,Transcribed,600s,1SPT,PISI,Pine Siskin,SPINUS PINUS,1,2579413,1,Call,390.38,2.65,-37.36,f,,Steve Ogle,1211,,
PC,925,SOFA-MOUNTAIN-32,214750,,-113.783142,49.054897,,,305605,2021-06-09 05:13:15,284950,Transcribed,600s,1SPT,MGWA,MacGillivray's Warbler,GEOTHLYPIS TOLMIEI,1,2579429,1,Call,470.11,8.89,-35.49,f,,Steve Ogle,1211,,
PC,925,SOFA-MOUNTAIN-80,214749,,-113.783361,49.052202,,,305606,2021-06-09 05:51:11,284951,Transcribed,600s,1SPT,BHCO,Brown-headed Cowbird,MOLOTHRUS ATER,1,2555299,1,Song,117.30,2.70,-26.04,f,,Steve Ogle,1211,,some river noise
PC,925,SOFA-MOUNTAIN-80,214749,,-113.783361,49.052202,,,305606,2021-06-09 05:51:11,284951,Transcribed,600s,1SPT,MGWA,MacGillivray's Warbler,GEOTHLYPIS TOLMIEI,1,2555237,1,Song,5.05,1.91,-27.17,f,,Steve Ogle,1211,,some river noise
PC,925,SOFA-MOUNTAIN-80,214749,,-113.783361,49.052202,,,305606,2021-06-09 05:51:11,284951,Transcribed,600s,1SPT,RWBL,Red-winged Blackbird,AGELAIUS PHOENICEUS,1,2555382,1,Call,568.39,2.09,-34.67,f,,Steve Ogle,1211,,some river noise
PC,925,SOFA-MOUNTAIN-80,214749,,-113.783361,49.052202,,,305606,2021-06-09 05:51:11,284951,Transcribed,600s,1SPT,LISP,Lincoln's Sparrow,MELOSPIZA LINCOLNII,1,2555389,1,Song,590.53,3.11,-26.62,f,,Steve Ogle,1211,,some river noise
PC,925,SOFA-MOUNTAIN-80,214749,,-113.783361,49.052202,,,305606,2021-06-09 05:51:11,284951,Transcribed,600s,1SPT,PISI,Pine Siskin,SPINUS PINUS,1,2555258,1,Call,13.85,1.76,-32.47,f,,Steve Ogle,1211,,some river noise
PC,925,SOFA-MOUNTAIN-80,214749,,-113.783361,49.052202,,,305606,2021-06-09 05:51:11,284951,Transcribed,600s,1SPT,PISI,Pine Siskin,SPINUS PINUS,2,2555283,1,Call,71.99,2.40,-30.08,f,,Steve Ogle,1211,,some river noise
PC,925,SOFA-MOUNTAIN-80,214749,,-113.783361,49.052202,,,305606,2021-06-09 05:51:11,284951,Transcribed,600s,1SPT,PISI,Pine Siskin,SPINUS PINUS,3,2555343,1,Call,237.60,5.71,-27.62,f,,Steve Ogle,1211,,some river noise
PC,925,SOFA-MOUNTAIN-80,214749,,-113.783361,49.052202,,,305606,2021-06-09 05:51:11,284951,Transcribed,600s,1SPT,VEER,Veery,CATHARUS FUSCESCENS,1,2555250,1,Song,6.04,3.04,-24.26,f,,Steve Ogle,1211,,some river noise
PC,925,SOFA-MOUNTAIN-80,214749,,-113.783361,49.052202,,,305606,2021-06-09 05:51:11,284951,Transcribed,600s,1SPT,SWTH,Swainson's Thrush,CATHARUS USTULATUS,1,2555312,1,Call,147.14,1.31,-33.13,f,,Steve Ogle,1211,,some river noise
PC,925,SOFA-MOUNTAIN-80,214749,,-113.783361,49.052202,,,305606,2021-06-09 05:51:11,284951,Transcribed,600s,1SPT,RCKI,Ruby-crowned Kinglet,CORTHYLIO CALENDULA,2,2555267,1,Song,32.16,3.38,-26.95,f,,Steve Ogle,1211,,some river noise
PC,925,SOFA-MOUNTAIN-80,214749,,-113.783361,49.052202,,,305606,2021-06-09 05:51:11,284951,Transcribed,600s,1SPT,RCKI,Ruby-crowned Kinglet,CORTHYLIO CALENDULA,1,2555231,1,Song,0.13,2.88,-23.34,f,,Steve Ogle,1211,,some river noise
PC,925,SOFA-MOUNTAIN-80,214749,,-113.783361,49.052202,,,305606,2021-06-09 05:51:11,284951,Transcribed,600s,1SPT,RUGR,Ruffed Grouse,BONASA UMBELLUS,1,2555247,1,Non-vocal,5.08,3.36,-24.51,f,,Steve Ogle,1211,,some river noise
PC,925,SOFA-MOUNTAIN-80,214749,,-113.783361,49.052202,,,305606,2021-06-09 05:51:11,284951,Transcribed,600s,1SPT,WCSP,White-crowned Sparrow,ZONOTRICHIA LEUCOPHRYS,1,2555281,1,Song,72.08,2.36,-26.81,f,,Steve Ogle,1211,,some river noise
PC,925,SOFA-MOUNTAIN-80,214749,,-113.783361,49.052202,,,305606,2021-06-09 05:51:11,284951,Transcribed,600s,1SPT,AMRO,American Robin,TURDUS MIGRATORIUS,1,2555234,1,Song,0.00,4.60,-14.88,f,,Steve Ogle,1211,,some river noise
PC,925,SOFA-MOUNTAIN-80,214749,,-113.783361,49.052202,,,305606,2021-06-09 05:51:11,284951,Transcribed,600s,1SPT,CEDW,Cedar Waxwing,BOMBYCILLA CEDRORUM,3,2555328,1,Song,194.86,2.10,-41.6,f,,Steve Ogle,1211,,some river noise
PC,925,SOFA-MOUNTAIN-80,214749,,-113.783361,49.052202,,,305606,2021-06-09 05:51:11,284951,Transcribed,600s,1SPT,CEDW,Cedar Waxwing,BOMBYCILLA CEDRORUM,2,2555325,1,Song,185.86,2.09,-32.87,f,,Steve Ogle,1211,,some river noise
PC,925,SOFA-MOUNTAIN-80,214749,,-113.783361,49.052202,,,305606,2021-06-09 05:51:11,284951,Transcribed,600s,1SPT,CEDW,Cedar Waxwing,BOMBYCILLA CEDRORUM,1,2555310,1,Song,165.14,2.81,-32.49,f,,Steve Ogle,1211,,some river noise
PC,925,SOFA-MOUNTAIN-80,214749,,-113.783361,49.052202,,,305606,2021-06-09 05:51:11,284951,Transcribed,600s,1SPT,WAVI,Warbling Vireo,VIREO GILVUS,2,2555294,1,Song,101.19,1.91,-28.33,f,,Steve Ogle,1211,,some river noise
PC,925,SOFA-MOUNTAIN-80,214749,,-113.783361,49.052202,,,305606,2021-06-09 05:51:11,284951,Transcribed,600s,1SPT,WAVI,Warbling Vireo,VIREO GILVUS,1,2555263,1,Song,27.95,3.71,-23.8,f,,Steve Ogle,1211,,some river noise
PC,925,SOFA-MOUNTAIN-81,214748,,-113.785140,49.049748,,,305607,2021-06-27 05:26:20,284952,Transcribed,600s,1SPT,WCSP,White-crowned Sparrow,ZONOTRICHIA LEUCOPHRYS,1,2590768,1,Call,0.06,3.94,-33.98,f,,Steve Ogle,1211,,
PC,925,SOFA-MOUNTAIN-81,214748,,-113.785140,49.049748,,,305607,2021-06-27 05:26:20,284952,Transcribed,600s,1SPT,AMRO,American Robin,TURDUS MIGRATORIUS,1,2590801,1,Song,31.89,2.93,-36.24,f,,Steve Ogle,1211,,
PC,925,SOFA-MOUNTAIN-81,214748,,-113.785140,49.049748,,,305607,2021-06-27 05:26:20,284952,Transcribed,600s,1SPT,MGWA,MacGillivray's Warbler,GEOTHLYPIS TOLMIEI,1,2590797,1,Song,25.59,2.63,-37.33,f,,Steve Ogle,1211,,
PC,925,SOFA-MOUNTAIN-81,214748,,-113.785140,49.049748,,,305607,2021-06-27 05:26:20,284952,Transcribed,600s,1SPT,LAZB,Lazuli Bunting,PASSERINA AMOENA,1,2590781,1,Song,1.14,2.71,-34.24,f,,Steve Ogle,1211,,
PC,925,SOFA-MOUNTAIN-81,214748,,-113.785140,49.049748,,,305607,2021-06-27 05:26:20,284952,Transcribed,600s,1SPT,DEJU,Dark-eyed Junco,JUNCO HYEMALIS,1,2590850,1,Song,382.88,2.58,-42.77,f,,Steve Ogle,1211,,
PC,925,SOFA-MOUNTAIN-81,214748,,-113.785140,49.049748,,,305607,2021-06-27 05:26:20,284952,Transcribed,600s,1SPT,WAVI,Warbling Vireo,VIREO GILVUS,2,2590778,1,Song,5.68,1.95,-34.12,f,,Steve Ogle,1211,,
PC,925,SOFA-MOUNTAIN-81,214748,,-113.785140,49.049748,,,305607,2021-06-27 05:26:20,284952,Transcribed,600s,1SPT,WAVI,Warbling Vireo,VIREO GILVUS,1,2590770,1,Song,1.71,2.73,-34.99,f,,Steve Ogle,1211,,
PC,925,SOFA-MOUNTAIN-81,214748,,-113.785140,49.049748,,,305607,2021-06-27 05:26:20,284952,Transcribed,600s,1SPT,BHGR,Black-headed Grosbeak,PHEUTICUS MELANOCEPHALUS,1,2590794,1,Song,16.35,2.60,-35.01,f,,Steve Ogle,1211,,
PC,925,SOFA-MOUNTAIN-81,214748,,-113.785140,49.049748,,,305607,2021-06-27 05:26:20,284952,Transcribed,600s,1SPT,WEWP,Western Wood-Pewee,CONTOPUS SORDIDULUS,1,2590877,1,Song,534.81,1.98,-29.57,f,,Steve Ogle,1211,,
PC,925,SOFA-MOUNTAIN-81,214748,,-113.785140,49.049748,,,305607,2021-06-27 05:26:20,284952,Transcribed,600s,1SPT,BHCO,Brown-headed Cowbird,MOLOTHRUS ATER,1,2590780,1,Song,9.45,1.41,-34.52,f,,Steve Ogle,1211,,
PC,925,SOFA-MOUNTAIN-81,214748,,-113.785140,49.049748,,,305607,2021-06-27 05:26:20,284952,Transcribed,600s,1SPT,PISI,Pine Siskin,SPINUS PINUS,3,2590880,1,Call,538.51,2.64,-30.4,f,,Steve Ogle,1211,,
PC,925,SOFA-MOUNTAIN-81,214748,,-113.785140,49.049748,,,305607,2021-06-27 05:26:20,284952,Transcribed,600s,1SPT,PISI,Pine Siskin,SPINUS PINUS,2,2590821,1,Call,141.39,4.50,-36.58,f,,Steve Ogle,1211,,
PC,925,SOFA-MOUNTAIN-81,214748,,-113.785140,49.049748,,,305607,2021-06-27 05:26:20,284952,Transcribed,600s,1SPT,PISI,Pine Siskin,SPINUS PINUS,1,2590772,1,Call,0.71,1.26,-34.14,f,,Steve Ogle,1211,,
PC,925,SOFA-MOUNTAIN-81,214748,,-113.785140,49.049748,,,305607,2021-06-27 05:26:20,284952,Transcribed,600s,1SPT,SWTH,Swainson's Thrush,CATHARUS USTULATUS,2,2590853,1,Song,391.60,1.68,-37.9,f,,Steve Ogle,1211,,
PC,925,SOFA-MOUNTAIN-81,214748,,-113.785140,49.049748,,,305607,2021-06-27 05:26:20,284952,Transcribed,600s,1SPT,OSFL,Olive-sided Flycatcher,CONTOPUS COOPERI,1,2590809,1,Call,95.59,1.44,-48.57,f,,Steve Ogle,1211,,
PC,925,SOFA-MOUNTAIN-81,214748,,-113.785140,49.049748,,,305607,2021-06-27 05:26:20,284952,Transcribed,600s,1SPT,SWTH,Swainson's Thrush,CATHARUS USTULATUS,1,2590826,1,Song,230.90,2.58,-40.52,f,,Steve Ogle,1211,,
PC,925,SOFA-MOUNTAIN-81,214748,,-113.785140,49.049748,,,305607,2021-06-27 05:26:20,284952,Transcribed,600s,1SPT,WCSP,White-crowned Sparrow,ZONOTRICHIA LEUCOPHRYS,2,2590819,1,Song,126.90,2.18,-37.9,f,,Steve Ogle,1211,,
PC,925,STONEY-FLATS-156,214747,,-113.818962,49.075863,,,305711,2021-06-02 05:05:40,285056,Transcribed,600s,1SPT,VESP,Vesper Sparrow,POOECETES GRAMINEUS,2,2594599,1,Song,12.55,4.40,-23.08,f,,Steve Ogle,1211,,"pretty ""heavy"" creek"
PC,925,STONEY-FLATS-156,214747,,-113.818962,49.075863,,,305711,2021-06-02 05:05:40,285056,Transcribed,600s,1SPT,VESP,Vesper Sparrow,POOECETES GRAMINEUS,3,2594602,1,Song,35.90,4.30,-22.65,f,,Steve Ogle,1211,,"pretty ""heavy"" creek"
PC,925,STONEY-FLATS-156,214747,,-113.818962,49.075863,,,305711,2021-06-02 05:05:40,285056,Transcribed,600s,1SPT,VESP,Vesper Sparrow,POOECETES GRAMINEUS,1,2594591,1,Song,0.00,1.99,-24.24,f,,Steve Ogle,1211,,"pretty ""heavy"" creek"
PC,925,STONEY-FLATS-156,214747,,-113.818962,49.075863,,,305711,2021-06-02 05:05:40,285056,Transcribed,600s,1SPT,CHSP,Chipping Sparrow,SPIZELLA PASSERINA,2,2594600,1,Song,18.18,2.85,-31.59,f,,Steve Ogle,1211,,"pretty ""heavy"" creek"
PC,925,STONEY-FLATS-156,214747,,-113.818962,49.075863,,,305711,2021-06-02 05:05:40,285056,Transcribed,600s,1SPT,AMRO,American Robin,TURDUS MIGRATORIUS,1,2594601,1,Song,25.45,6.60,-22.07,f,,Steve Ogle,1211,,"pretty ""heavy"" creek"
PC,925,STONEY-FLATS-156,214747,,-113.818962,49.075863,,,305711,2021-06-02 05:05:40,285056,Transcribed,600s,1SPT,SACR,Sandhill Crane,ANTIGONE CANADENSIS,1,2594612,1,Call,170.20,7.15,-16.44,f,,Steve Ogle,1211,,"pretty ""heavy"" creek"
PC,925,STONEY-FLATS-156,214747,,-113.818962,49.075863,,,305711,2021-06-02 05:05:40,285056,Transcribed,600s,1SPT,RUGR,Ruffed Grouse,BONASA UMBELLUS,1,2594610,1,Non-vocal,109.23,11.48,-21.22,f,,Steve Ogle,1211,,"pretty ""heavy"" creek"
PC,925,STONEY-FLATS-156,214747,,-113.818962,49.075863,,,305711,2021-06-02 05:05:40,285056,Transcribed,600s,1SPT,CHSP,Chipping Sparrow,SPIZELLA PASSERINA,1,2594596,1,Song,3.53,2.65,-29.63,f,,Steve Ogle,1211,,"pretty ""heavy"" creek"
PC,925,STONEY-FLATS-156,214747,,-113.818962,49.075863,,,305711,2021-06-02 05:05:40,285056,Transcribed,600s,1SPT,CCSP,Clay-colored Sparrow,SPIZELLA PALLIDA,2,2594630,1,Song,565.89,4.56,-31.24,f,,Steve Ogle,1211,,"pretty ""heavy"" creek"
PC,925,STONEY-FLATS-156,214747,,-113.818962,49.075863,,,305711,2021-06-02 05:05:40,285056,Transcribed,600s,1SPT,CCSP,Clay-colored Sparrow,SPIZELLA PALLIDA,1,2594629,1,Song,562.55,3.01,-30.88,f,,Steve Ogle,1211,,"pretty ""heavy"" creek"
PC,925,STONEY-FLATS-156,214747,,-113.818962,49.075863,,,305711,2021-06-02 05:05:40,285056,Transcribed,600s,1SPT,SAVS,Savannah Sparrow,PASSERCULUS SANDWICHENSIS,3,2594603,1,Song,44.38,2.83,-31.29,f,,Steve Ogle,1211,,"pretty ""heavy"" creek"
PC,925,STONEY-FLATS-156,214747,,-113.818962,49.075863,,,305711,2021-06-02 05:05:40,285056,Transcribed,600s,1SPT,SAVS,Savannah Sparrow,PASSERCULUS SANDWICHENSIS,2,2594597,1,Song,14.69,2.58,-24.81,f,,Steve Ogle,1211,,"pretty ""heavy"" creek"
PC,925,STONEY-FLATS-156,214747,,-113.818962,49.075863,,,305711,2021-06-02 05:05:40,285056,Transcribed,600s,1SPT,SAVS,Savannah Sparrow,PASSERCULUS SANDWICHENSIS,1,2594593,1,Song,4.59,2.09,-35.74,f,,Steve Ogle,1211,,"pretty ""heavy"" creek"
PC,925,STONEY-FLATS-156,214747,,-113.818962,49.075863,,,305711,2021-06-02 05:05:40,285056,Transcribed,600s,1SPT,LAZB,Lazuli Bunting,PASSERINA AMOENA,1,2594608,1,Song,99.46,2.65,-23.98,f,,Steve Ogle,1211,,"pretty ""heavy"" creek"
PC,925,STONEY-FLATS-156,214747,,-113.818962,49.075863,,,305711,2021-06-02 05:05:40,285056,Transcribed,600s,1SPT,WAVI,Warbling Vireo,VIREO GILVUS,1,2594594,1,Song,0.90,3.14,-25.14,f,,Steve Ogle,1211,,"pretty ""heavy"" creek"
PC,925,STONEY-FLATS-156,214747,,-113.818962,49.075863,,,305711,2021-06-02 05:05:40,285056,Transcribed,600s,1SPT,WEWP,Western Wood-Pewee,CONTOPUS SORDIDULUS,1,2594606,1,Song,96.88,2.44,-26.57,f,,Steve Ogle,1211,,"pretty ""heavy"" creek"
PC,925,STONEY-FLATS-156,214747,,-113.818962,49.075863,,,305711,2021-06-02 05:05:40,285056,Transcribed,600s,1SPT,VGSW,Violet-green Swallow,TACHYCINETA THALASSINA,1,2594592,2,Call,1.70,2.65,-22.08,f,,Steve Ogle,1211,constant chittering without huge variation in tone,"pretty ""heavy"" creek"
PC,925,STONEY-FLATS-156,214747,,-113.818962,49.075863,,,305711,2021-06-02 05:05:40,285056,Transcribed,600s,1SPT,AMGO,American Goldfinch,SPINUS TRISTIS,1,2594618,1,Song,245.76,3.61,-26.71,f,,Steve Ogle,1211,,"pretty ""heavy"" creek"
PC,925,STONEY-FLATS-157,214745,,-113.823835,49.075321,,,305712,2021-06-02 05:34:22,285057,Transcribed,600s,1SPT,MODO,Mourning Dove,ZENAIDA MACROURA,1,2557004,1,Song,511.14,4.09,-19.79,f,,Steve Ogle,1211,,river
PC,925,STONEY-FLATS-157,214745,,-113.823835,49.075321,,,305712,2021-06-02 05:34:22,285057,Transcribed,600s,1SPT,HOWR,House Wren,TROGLODYTES AEDON,2,2556908,1,Song,10.25,1.71,-25.7,f,,Steve Ogle,1211,,river
PC,925,STONEY-FLATS-157,214745,,-113.823835,49.075321,,,305712,2021-06-02 05:34:22,285057,Transcribed,600s,1SPT,HOWR,House Wren,TROGLODYTES AEDON,1,2556901,1,Song,4.51,2.06,-22.63,f,,Steve Ogle,1211,,river
PC,925,STONEY-FLATS-157,214745,,-113.823835,49.075321,,,305712,2021-06-02 05:34:22,285057,Transcribed,600s,1SPT,WAVI,Warbling Vireo,VIREO GILVUS,1,2556930,1,Song,128.13,3.23,-26.94,f,,Steve Ogle,1211,,river
PC,925,STONEY-FLATS-157,214745,,-113.823835,49.075321,,,305712,2021-06-02 05:34:22,285057,Transcribed,600s,1SPT,UNSW,Unidentified Swallow,HIRUNDO,1,2556974,1,Call,244.71,1.56,-23.09,f,,Steve Ogle,1211,VGSW or TRES confidence:To Be Checked,river
PC,925,STONEY-FLATS-157,214745,,-113.823835,49.075321,,,305712,2021-06-02 05:34:22,285057,Transcribed,600s,1SPT,VGSW,Violet-green Swallow,TACHYCINETA THALASSINA,1,2556910,1,Call,28.19,4.30,-25.27,f,,Steve Ogle,1211,,river
PC,925,STONEY-FLATS-157,214745,,-113.823835,49.075321,,,305712,2021-06-02 05:34:22,285057,Transcribed,600s,1SPT,PIWO,Pileated Woodpecker,DRYOCOPUS PILEATUS,1,2556965,1,Non-vocal,226.41,3.00,-22.99,f,,Steve Ogle,1211,Drumming; could be HAWO or NOFL confidence:To Be Checked,river
PC,925,STONEY-FLATS-157,214745,,-113.823835,49.075321,,,305712,2021-06-02 05:34:22,285057,Transcribed,600s,1SPT,BHCO,Brown-headed Cowbird,MOLOTHRUS ATER,1,2556933,1,Song,131.58,1.19,-34.8,f,,Steve Ogle,1211,,river
PC,925,STONEY-FLATS-157,214745,,-113.823835,49.075321,,,305712,2021-06-02 05:34:22,285057,Transcribed,600s,1SPT,PISI,Pine Siskin,SPINUS PINUS,2,2556977,1,Call,251.48,1.23,-28.42,f,,Steve Ogle,1211,,river
PC,925,STONEY-FLATS-157,214745,,-113.823835,49.075321,,,305712,2021-06-02 05:34:22,285057,Transcribed,600s,1SPT,PISI,Pine Siskin,SPINUS PINUS,1,2556971,1,Call,237.84,1.84,-30.43,f,,Steve Ogle,1211,,river
PC,925,STONEY-FLATS-157,214745,,-113.823835,49.075321,,,305712,2021-06-02 05:34:22,285057,Transcribed,600s,1SPT,VESP,Vesper Sparrow,POOECETES GRAMINEUS,3,2556945,1,Song,7.38,3.81,-24.48,f,,Steve Ogle,1211,,river
PC,925,STONEY-FLATS-157,214745,,-113.823835,49.075321,,,305712,2021-06-02 05:34:22,285057,Transcribed,600s,1SPT,VESP,Vesper Sparrow,POOECETES GRAMINEUS,2,2556902,1,Song,5.40,5.04,-22.51,f,,Steve Ogle,1211,,river
PC,925,STONEY-FLATS-157,214745,,-113.823835,49.075321,,,305712,2021-06-02 05:34:22,285057,Transcribed,600s,1SPT,VESP,Vesper Sparrow,POOECETES GRAMINEUS,1,2556899,1,Song,0.28,4.16,-20.05,f,,Steve Ogle,1211,,river
PC,925,STONEY-FLATS-157,214745,,-113.823835,49.075321,,,305712,2021-06-02 05:34:22,285057,Transcribed,600s,1SPT,LISP,Lincoln's Sparrow,MELOSPIZA LINCOLNII,1,2556938,1,Song,164.35,2.58,-24.04,f,,Steve Ogle,1211,,river
PC,925,STONEY-FLATS-157,214745,,-113.823835,49.075321,,,305712,2021-06-02 05:34:22,285057,Transcribed,600s,1SPT,CHSP,Chipping Sparrow,SPIZELLA PASSERINA,1,2556952,1,Song,212.94,2.74,-33.55,f,,Steve Ogle,1211,,river
PC,925,STONEY-FLATS-157,214745,,-113.823835,49.075321,,,305712,2021-06-02 05:34:22,285057,Transcribed,600s,1SPT,CCSP,Clay-colored Sparrow,SPIZELLA PALLIDA,1,2556919,1,Song,60.39,4.38,-32.81,f,,Steve Ogle,1211,,river
PC,925,STONEY-FLATS-157,214745,,-113.823835,49.075321,,,305712,2021-06-02 05:34:22,285057,Transcribed,600s,1SPT,SAVS,Savannah Sparrow,PASSERCULUS SANDWICHENSIS,1,2556904,1,Song,6.21,2.69,-28.09,f,,Steve Ogle,1211,,river
PC,925,STONEY-FLATS-157,214745,,-113.823835,49.075321,,,305712,2021-06-02 05:34:22,285057,Transcribed,600s,1SPT,YEWA,Yellow Warbler,SETOPHAGA PETECHIA,1,2556915,1,Song,53.06,1.61,-38.97,f,,Steve Ogle,1211,,river
PC,925,STONEY-FLATS-157,214745,,-113.823835,49.075321,,,305712,2021-06-02 05:34:22,285057,Transcribed,600s,1SPT,LEFL,Least Flycatcher,EMPIDONAX MINIMUS,1,2556911,1,Song,28.45,5.03,-31.24,f,,Steve Ogle,1211,,river
PC,925,STONEY-FLATS-157,214745,,-113.823835,49.075321,,,305712,2021-06-02 05:34:22,285057,Transcribed,600s,1SPT,RCKI,Ruby-crowned Kinglet,CORTHYLIO CALENDULA,1,2556922,1,Song,69.15,3.91,-22.4,f,,Steve Ogle,1211,,river
PC,925,STONEY-FLATS-157,214745,,-113.823835,49.075321,,,305712,2021-06-02 05:34:22,285057,Transcribed,600s,1SPT,WISN,Wilson's Snipe,GALLINAGO DELICATA,1,2556994,1,Call,278.71,3.63,-24.19,f,,Steve Ogle,1211,,river
PC,925,STONEY-FLATS-157,214745,,-113.823835,49.075321,,,305712,2021-06-02 05:34:22,285057,Transcribed,600s,1SPT,AMRO,American Robin,TURDUS MIGRATORIUS,1,2556903,1,Song,2.33,4.08,-21.48,f,,Steve Ogle,1211,,river
PC,925,STONEY-FLATS-157,214745,,-113.823835,49.075321,,,305712,2021-06-02 05:34:22,285057,Transcribed,600s,1SPT,WTSP,White-throated Sparrow,ZONOTRICHIA ALBICOLLIS,1,2556906,1,Song,18.58,4.41,-26.65,f,,Steve Ogle,1211,,river
PC,925,STONEY-FLATS-157,214745,,-113.823835,49.075321,,,305712,2021-06-02 05:34:22,285057,Transcribed,600s,1SPT,HOWR,House Wren,TROGLODYTES AEDON,3,2556907,1,Song,25.65,2.34,-26.76,f,,Steve Ogle,1211,,river
PC,925,STONEY-FLATS-158,214746,,-113.830580,49.074481,,,305725,2021-06-02 06:04:35,285070,Transcribed,600s,1SPT,LEFL,Least Flycatcher,EMPIDONAX MINIMUS,1,2556750,1,Song,233.78,1.69,-31.87,f,,Steve Ogle,1211,,river
PC,925,STONEY-FLATS-158,214746,,-113.830580,49.074481,,,305725,2021-06-02 06:04:35,285070,Transcribed,600s,1SPT,YEWA,Yellow Warbler,SETOPHAGA PETECHIA,1,2556714,1,Call,0.94,3.41,-32.36,f,,Steve Ogle,1211,,river
PC,925,STONEY-FLATS-158,214746,,-113.830580,49.074481,,,305725,2021-06-02 06:04:35,285070,Transcribed,600s,1SPT,YEWA,Yellow Warbler,SETOPHAGA PETECHIA,2,2556716,1,Song,5.60,2.48,-25.72,f,,Steve Ogle,1211,,river
PC,925,STONEY-FLATS-158,214746,,-113.830580,49.074481,,,305725,2021-06-02 06:04:35,285070,Transcribed,600s,1SPT,YEWA,Yellow Warbler,SETOPHAGA PETECHIA,3,2556722,1,Song,14.38,2.20,-28.36,f,,Steve Ogle,1211,,river
PC,925,STONEY-FLATS-158,214746,,-113.830580,49.074481,,,305725,2021-06-02 06:04:35,285070,Transcribed,600s,1SPT,DUFL,Dusky Flycatcher,EMPIDONAX OBERHOLSERI,1,2556733,1,Song,61.38,1.93,-23.06,f,,Steve Ogle,1211,,river
PC,925,STONEY-FLATS-158,214746,,-113.830580,49.074481,,,305725,2021-06-02 06:04:35,285070,Transcribed,600s,1SPT,GRCA,Gray Catbird,DUMETELLA CAROLINENSIS,1,2556731,1,Song,51.90,5.95,-18.05,f,,Steve Ogle,1211,,river
PC,925,STONEY-FLATS-158,214746,,-113.830580,49.074481,,,305725,2021-06-02 06:04:35,285070,Transcribed,600s,1SPT,MGWA,MacGillivray's Warbler,GEOTHLYPIS TOLMIEI,1,2556725,1,Song,33.20,2.59,-23.8,f,,Steve Ogle,1211,,river
PC,925,STONEY-FLATS-158,214746,,-113.830580,49.074481,,,305725,2021-06-02 06:04:35,285070,Transcribed,600s,1SPT,CHSP,Chipping Sparrow,SPIZELLA PASSERINA,1,2556724,1,Song,27.09,3.71,-29.03,f,,Steve Ogle,1211,,river
PC,925,STONEY-FLATS-158,214746,,-113.830580,49.074481,,,305725,2021-06-02 06:04:35,285070,Transcribed,600s,1SPT,AMGO,American Goldfinch,SPINUS TRISTIS,1,2556757,1,Call,350.69,4.10,-16.84,f,,Steve Ogle,1211,,river
PC,925,STONEY-FLATS-158,214746,,-113.830580,49.074481,,,305725,2021-06-02 06:04:35,285070,Transcribed,600s,1SPT,BHCO,Brown-headed Cowbird,MOLOTHRUS ATER,1,2556734,1,Song,67.09,2.01,-19.3,f,,Steve Ogle,1211,,river
PC,925,STONEY-FLATS-158,214746,,-113.830580,49.074481,,,305725,2021-06-02 06:04:35,285070,Transcribed,600s,1SPT,BHCO,Brown-headed Cowbird,MOLOTHRUS ATER,2,2556773,1,Song,468.73,1.90,-21.12,f,,Steve Ogle,1211,two singing in this section,river
PC,925,STONEY-FLATS-158,214746,,-113.830580,49.074481,,,305725,2021-06-02 06:04:35,285070,Transcribed,600s,1SPT,WCSP,White-crowned Sparrow,ZONOTRICHIA LEUCOPHRYS,1,2556708,1,Song,0.00,2.51,-19.55,f,,Steve Ogle,1211,,river
PC,925,STONEY-FLATS-158,214746,,-113.830580,49.074481,,,305725,2021-06-02 06:04:35,285070,Transcribed,600s,1SPT,AMRO,American Robin,TURDUS MIGRATORIUS,1,2556710,1,Song,3.61,2.68,-18.9,f,,Steve Ogle,1211,,river
PC,925,STONEY-FLATS-158,214746,,-113.830580,49.074481,,,305725,2021-06-02 06:04:35,285070,Transcribed,600s,1SPT,HOWR,House Wren,TROGLODYTES AEDON,1,2556751,1,Song,261.44,2.40,-17.5,f,,Steve Ogle,1211,,river
PC,925,STONEY-FLATS-158,214746,,-113.830580,49.074481,,,305725,2021-06-02 06:04:35,285070,Transcribed,600s,1SPT,ALFL,Alder Flycatcher,EMPIDONAX ALNORUM,1,2556741,1,Song,137.40,1.90,-17.2,f,,Steve Ogle,1211,,river
PC,925,STONEY-FLATS-158,214746,,-113.830580,49.074481,,,305725,2021-06-02 06:04:35,285070,Transcribed,600s,1SPT,SPSA,Spotted Sandpiper,ACTITIS MACULARIUS,1,2556776,1,Call,525.86,5.68,-16.61,f,,Steve Ogle,1211,,river
PC,925,STONEY-FLATS-158,214746,,-113.830580,49.074481,,,305725,2021-06-02 06:04:35,285070,Transcribed,600s,1SPT,EAKI,Eastern Kingbird,TYRANNUS TYRANNUS,1,2556736,1,Song,78.48,3.66,-19.17,f,,Steve Ogle,1211,,river
PC,925,STONEY-FLATS-158,214746,,-113.830580,49.074481,,,305725,2021-06-02 06:04:35,285070,Transcribed,600s,1SPT,AMGO,American Goldfinch,SPINUS TRISTIS,2,2556777,1,Song,537.33,4.54,-18.95,f,,Steve Ogle,1211,,river
PC,925,STONEY-FLATS-159,214744,,-113.833821,49.069111,,,305726,2021-06-02 07:02:30,285071,Transcribed,600s,1SPT,LAZB,Lazuli Bunting,PASSERINA AMOENA,1,2599962,1,Song,11.36,2.68,-35.32,f,,Steve Ogle,1211,,creek
PC,925,STONEY-FLATS-159,214744,,-113.833821,49.069111,,,305726,2021-06-02 07:02:30,285071,Transcribed,600s,1SPT,NOFL,Northern Flicker,COLAPTES AURATUS,2,2600010,1,Song,379.88,5.64,-33.64,f,,Steve Ogle,1211,,creek
PC,925,STONEY-FLATS-159,214744,,-113.833821,49.069111,,,305726,2021-06-02 07:02:30,285071,Transcribed,600s,1SPT,NOFL,Northern Flicker,COLAPTES AURATUS,1,2599964,1,Call,15.69,0.86,-26.88,f,,Steve Ogle,1211,,creek
PC,925,STONEY-FLATS-159,214744,,-113.833821,49.069111,,,305726,2021-06-02 07:02:30,285071,Transcribed,600s,1SPT,CANG,Canada Goose,BRANTA CANADENSIS,1,2599986,TMTT,Call,232.93,11.71,-23.63,f,,Steve Ogle,1211,can only hear a few here but same flock later on has dozens...,creek
PC,925,STONEY-FLATS-159,214744,,-113.833821,49.069111,,,305726,2021-06-02 07:02:30,285071,Transcribed,600s,1SPT,YRWA,Yellow-rumped Warbler,SETOPHAGA CORONATA,1,2599978,1,Song,128.21,1.99,-39.43,f,,Steve Ogle,1211,,creek
PC,925,STONEY-FLATS-159,214744,,-113.833821,49.069111,,,305726,2021-06-02 07:02:30,285071,Transcribed,600s,1SPT,WCSP,White-crowned Sparrow,ZONOTRICHIA LEUCOPHRYS,1,2599976,1,Song,86.85,2.49,-40.4,f,,Steve Ogle,1211,,creek
PC,925,STONEY-FLATS-159,214744,,-113.833821,49.069111,,,305726,2021-06-02 07:02:30,285071,Transcribed,600s,1SPT,AMRO,American Robin,TURDUS MIGRATORIUS,2,2600022,1,Song,6.26,2.60,-29.51,f,,Steve Ogle,1211,,creek
PC,925,STONEY-FLATS-159,214744,,-113.833821,49.069111,,,305726,2021-06-02 07:02:30,285071,Transcribed,600s,1SPT,AMRO,American Robin,TURDUS MIGRATORIUS,1,2599877,1,Song,0.49,2.20,-37.21,f,,Steve Ogle,1211,,creek
PC,925,STONEY-FLATS-159,214744,,-113.833821,49.069111,,,305726,2021-06-02 07:02:30,285071,Transcribed,600s,1SPT,HOWR,House Wren,TROGLODYTES AEDON,2,2600012,1,Song,381.55,4.99,-33.6,f,,Steve Ogle,1211,,creek
PC,925,STONEY-FLATS-159,214744,,-113.833821,49.069111,,,305726,2021-06-02 07:02:30,285071,Transcribed,600s,1SPT,HOWR,House Wren,TROGLODYTES AEDON,1,2599969,1,Song,25.66,1.91,-32.08,f,,Steve Ogle,1211,,creek
PC,925,STONEY-FLATS-159,214744,,-113.833821,49.069111,,,305726,2021-06-02 07:02:30,285071,Transcribed,600s,1SPT,WAVI,Warbling Vireo,VIREO GILVUS,1,2599968,1,Song,23.70,2.26,-29.26,f,,Steve Ogle,1211,,creek
PC,925,STONEY-FLATS-159,214744,,-113.833821,49.069111,,,305726,2021-06-02 07:02:30,285071,Transcribed,600s,1SPT,EAKI,Eastern Kingbird,TYRANNUS TYRANNUS,1,2600006,1,Call,359.41,4.68,-45.01,f,,Steve Ogle,1211,,creek
PC,925,STONEY-FLATS-159,214744,,-113.833821,49.069111,,,305726,2021-06-02 07:02:30,285071,Transcribed,600s,1SPT,AMRE,American Redstart,SETOPHAGA RUTICILLA,1,2599971,1,Song,22.05,1.95,-30.94,f,,Steve Ogle,1211,,creek
PC,925,STONEY-FLATS-159,214744,,-113.833821,49.069111,,,305726,2021-06-02 07:02:30,285071,Transcribed,600s,1SPT,WEWP,Western Wood-Pewee,CONTOPUS SORDIDULUS,1,2600014,1,Song,410.48,1.73,-37.3,f,,Steve Ogle,1211,,creek
PC,925,STONEY-FLATS-159,214744,,-113.833821,49.069111,,,305726,2021-06-02 07:02:30,285071,Transcribed,600s,1SPT,TRES,Tree Swallow,TACHYCINETA BICOLOR,1,2600001,1,Call,296.50,3.38,-29.03,f,,Steve Ogle,1211,,creek
PC,925,STONEY-FLATS-159,214744,,-113.833821,49.069111,,,305726,2021-06-02 07:02:30,285071,Transcribed,600s,1SPT,PIWO,Pileated Woodpecker,DRYOCOPUS PILEATUS,1,2599995,1,Song,280.20,3.99,-29.66,f,,Steve Ogle,1211,,creek
PC,925,STONEY-FLATS-159,214744,,-113.833821,49.069111,,,305726,2021-06-02 07:02:30,285071,Transcribed,600s,1SPT,BHCO,Brown-headed Cowbird,MOLOTHRUS ATER,1,2599994,1,Song,266.23,2.45,-30.74,f,,Steve Ogle,1211,,creek
PC,925,STONEY-FLATS-159,214744,,-113.833821,49.069111,,,305726,2021-06-02 07:02:30,285071,Transcribed,600s,1SPT,PISI,Pine Siskin,SPINUS PINUS,3,2600007,1,Call,367.48,7.00,-38.44,f,,Steve Ogle,1211,,creek
PC,925,STONEY-FLATS-159,214744,,-113.833821,49.069111,,,305726,2021-06-02 07:02:30,285071,Transcribed,600s,1SPT,PISI,Pine Siskin,SPINUS PINUS,2,2600003,1,Call,321.34,4.13,-44.41,f,,Steve Ogle,1211,,creek
PC,925,STONEY-FLATS-159,214744,,-113.833821,49.069111,,,305726,2021-06-02 07:02:30,285071,Transcribed,600s,1SPT,PISI,Pine Siskin,SPINUS PINUS,1,2599998,1,Call,285.96,5.98,-29.49,f,,Steve Ogle,1211,,creek
PC,925,STONEY-FLATS-159,214744,,-113.833821,49.069111,,,305726,2021-06-02 07:02:30,285071,Transcribed,600s,1SPT,AMGO,American Goldfinch,SPINUS TRISTIS,1,2599879,1,Call,6.26,1.46,-33.7,f,,Steve Ogle,1211,,creek
PC,925,STONEY-FLATS-159,214744,,-113.833821,49.069111,,,305726,2021-06-02 07:02:30,285071,Transcribed,600s,1SPT,VESP,Vesper Sparrow,POOECETES GRAMINEUS,3,2599959,1,Song,10.19,3.10,-34.61,f,,Steve Ogle,1211,,creek
PC,925,STONEY-FLATS-159,214744,,-113.833821,49.069111,,,305726,2021-06-02 07:02:30,285071,Transcribed,600s,1SPT,VESP,Vesper Sparrow,POOECETES GRAMINEUS,2,2599955,1,Song,6.05,3.53,-48.27,f,,Steve Ogle,1211,,creek
PC,925,STONEY-FLATS-159,214744,,-113.833821,49.069111,,,305726,2021-06-02 07:02:30,285071,Transcribed,600s,1SPT,VESP,Vesper Sparrow,POOECETES GRAMINEUS,1,2599876,1,Song,2.60,3.84,-31.03,f,,Steve Ogle,1211,,creek
PC,925,STONEY-FLATS-159,214744,,-113.833821,49.069111,,,305726,2021-06-02 07:02:30,285071,Transcribed,600s,1SPT,CCSP,Clay-colored Sparrow,SPIZELLA PALLIDA,3,2599975,1,Song,92.49,3.78,-35.75,f,,Steve Ogle,1211,,creek
PC,925,STONEY-FLATS-159,214744,,-113.833821,49.069111,,,305726,2021-06-02 07:02:30,285071,Transcribed,600s,1SPT,CCSP,Clay-colored Sparrow,SPIZELLA PALLIDA,2,2599880,1,Song,6.56,3.16,-28.4,f,,Steve Ogle,1211,,creek
PC,925,STONEY-FLATS-159,214744,,-113.833821,49.069111,,,305726,2021-06-02 07:02:30,285071,Transcribed,600s,1SPT,CCSP,Clay-colored Sparrow,SPIZELLA PALLIDA,1,2599875,1,Song,0.00,2.16,-37.6,f,,Steve Ogle,1211,,creek
PC,925,STONEY-FLATS-159,214744,,-113.833821,49.069111,,,305726,2021-06-02 07:02:30,285071,Transcribed,600s,1SPT,MGWA,MacGillivray's Warbler,GEOTHLYPIS TOLMIEI,1,2599999,1,Song,291.99,1.99,-30.08,f,,Steve Ogle,1211,,creek
PC,925,STONEY-FLATS-159,214744,,-113.833821,49.069111,,,305726,2021-06-02 07:02:30,285071,Transcribed,600s,1SPT,GRCA,Gray Catbird,DUMETELLA CAROLINENSIS,2,2600018,1,Call,454.76,1.73,-42.7,f,,Steve Ogle,1211,,creek
PC,925,STONEY-FLATS-159,214744,,-113.833821,49.069111,,,305726,2021-06-02 07:02:30,285071,Transcribed,600s,1SPT,GRCA,Gray Catbird,DUMETELLA CAROLINENSIS,1,2599979,1,Song,167.78,7.84,-29.76,f,,Steve Ogle,1211,,creek
PC,925,STONEY-FLATS-159,214744,,-113.833821,49.069111,,,305726,2021-06-02 07:02:30,285071,Transcribed,600s,1SPT,DUFL,Dusky Flycatcher,EMPIDONAX OBERHOLSERI,1,2599982,1,Song,202.79,2.10,-33.95,f,,Steve Ogle,1211,,creek
PC,925,STONEY-FLATS-159,214744,,-113.833821,49.069111,,,305726,2021-06-02 07:02:30,285071,Transcribed,600s,1SPT,YEWA,Yellow Warbler,SETOPHAGA PETECHIA,2,2600023,1,Song,418.64,2.54,-41.01,f,,Steve Ogle,1211,has a Magnolia Warbler feel to it,creek
PC,925,STONEY-FLATS-159,214744,,-113.833821,49.069111,,,305726,2021-06-02 07:02:30,285071,Transcribed,600s,1SPT,YEWA,Yellow Warbler,SETOPHAGA PETECHIA,1,2599878,1,Song,4.01,2.09,-33.99,f,,Steve Ogle,1211,,creek
PC,925,STONEY-FLATS-159,214744,,-113.833821,49.069111,,,305726,2021-06-02 07:02:30,285071,Transcribed,600s,1SPT,NOWA,Northern Waterthrush,PARKESIA NOVEBORACENSIS,1,2599983,1,Song,230.64,2.26,-35.1,f,,Steve Ogle,1211,,creek
PC,925,STONEY-FLATS-160,214743,,-113.839409,49.070098,,,305727,2021-06-02 07:31:35,285072,Transcribed,600s,1SPT,VGSW,Violet-green Swallow,TACHYCINETA THALASSINA,1,2586323,1,Call,173.15,5.84,-31.77,f,,Steve Ogle,1211,,
PC,925,STONEY-FLATS-160,214743,,-113.839409,49.070098,,,305727,2021-06-02 07:31:35,285072,Transcribed,600s,1SPT,PISI,Pine Siskin,SPINUS PINUS,2,2586330,1,Call,332.88,1.64,-33.69,f,,Steve Ogle,1211,,
PC,925,STONEY-FLATS-160,214743,,-113.839409,49.070098,,,305727,2021-06-02 07:31:35,285072,Transcribed,600s,1SPT,PISI,Pine Siskin,SPINUS PINUS,1,2586308,1,Call,3.03,3.26,-27.55,f,,Steve Ogle,1211,,
PC,925,STONEY-FLATS-160,214743,,-113.839409,49.070098,,,305727,2021-06-02 07:31:35,285072,Transcribed,600s,1SPT,AMGO,American Goldfinch,SPINUS TRISTIS,2,2586325,1,Call,210.84,2.04,-46.25,f,,Steve Ogle,1211,,
PC,925,STONEY-FLATS-160,214743,,-113.839409,49.070098,,,305727,2021-06-02 07:31:35,285072,Transcribed,600s,1SPT,AMGO,American Goldfinch,SPINUS TRISTIS,1,2586324,1,Call,180.34,2.33,-45.74,f,,Steve Ogle,1211,,
PC,925,STONEY-FLATS-160,214743,,-113.839409,49.070098,,,305727,2021-06-02 07:31:35,285072,Transcribed,600s,1SPT,VESP,Vesper Sparrow,POOECETES GRAMINEUS,1,2586316,1,Song,62.24,4.44,-36.53,f,,Steve Ogle,1211,,
PC,925,STONEY-FLATS-160,214743,,-113.839409,49.070098,,,305727,2021-06-02 07:31:35,285072,Transcribed,600s,1SPT,LISP,Lincoln's Sparrow,MELOSPIZA LINCOLNII,1,2586327,1,Song,166.90,2.53,-36.53,f,,Steve Ogle,1211,,
PC,925,STONEY-FLATS-160,214743,,-113.839409,49.070098,,,305727,2021-06-02 07:31:35,285072,Transcribed,600s,1SPT,CCSP,Clay-colored Sparrow,SPIZELLA PALLIDA,2,2586335,1,Song,547.49,3.95,-46.13,f,,Steve Ogle,1211,,
PC,925,STONEY-FLATS-160,214743,,-113.839409,49.070098,,,305727,2021-06-02 07:31:35,285072,Transcribed,600s,1SPT,CCSP,Clay-colored Sparrow,SPIZELLA PALLIDA,1,2586313,1,Song,42.24,3.31,-39.03,f,,Steve Ogle,1211,,
PC,925,STONEY-FLATS-160,214743,,-113.839409,49.070098,,,305727,2021-06-02 07:31:35,285072,Transcribed,600s,1SPT,YEWA,Yellow Warbler,SETOPHAGA PETECHIA,1,2586312,1,Song,19.40,1.53,-30.1,f,,Steve Ogle,1211,,
PC,925,STONEY-FLATS-160,214743,,-113.839409,49.070098,,,305727,2021-06-02 07:31:35,285072,Transcribed,600s,1SPT,BRBL,Brewer's Blackbird,EUPHAGUS CYANOCEPHALUS,1,2586314,1,Call,43.61,0.98,-48.2,f,,Steve Ogle,1211,,
PC,925,STONEY-FLATS-160,214743,,-113.839409,49.070098,,,305727,2021-06-02 07:31:35,285072,Transcribed,600s,1SPT,LAZB,Lazuli Bunting,PASSERINA AMOENA,1,2586328,1,Song,248.58,2.56,-47.16,f,,Steve Ogle,1211,,
PC,925,STONEY-FLATS-160,214743,,-113.839409,49.070098,,,305727,2021-06-02 07:31:35,285072,Transcribed,600s,1SPT,GRCA,Gray Catbird,DUMETELLA CAROLINENSIS,1,2586320,1,Song,123.69,3.59,-27.17,f,,Steve Ogle,1211,difficult,
PC,925,STONEY-FLATS-160,214743,,-113.839409,49.070098,,,305727,2021-06-02 07:31:35,285072,Transcribed,600s,1SPT,SAVS,Savannah Sparrow,PASSERCULUS SANDWICHENSIS,1,2586329,1,Call,282.18,1.64,-56.52,f,,Steve Ogle,1211,,
PC,925,STONEY-FLATS-160,214743,,-113.839409,49.070098,,,305727,2021-06-02 07:31:35,285072,Transcribed,600s,1SPT,NOWA,Northern Waterthrush,PARKESIA NOVEBORACENSIS,1,2586331,1,Song,343.96,2.73,-25.24,f,,Steve Ogle,1211,,
PC,925,STONEY-FLATS-160,214743,,-113.839409,49.070098,,,305727,2021-06-02 07:31:35,285072,Transcribed,600s,1SPT,UROPAR,Arctic Ground Squirrel,UROCITELLUS PARRYII,3,2586333,1,Call,493.10,10.30,-14.48,f,,Steve Ogle,1211,,
PC,925,STONEY-FLATS-160,214743,,-113.839409,49.070098,,,305727,2021-06-02 07:31:35,285072,Transcribed,600s,1SPT,UROPAR,Arctic Ground Squirrel,UROCITELLUS PARRYII,2,2586332,1,Call,411.29,5.73,-40.02,f,,Steve Ogle,1211,,
PC,925,STONEY-FLATS-160,214743,,-113.839409,49.070098,,,305727,2021-06-02 07:31:35,285072,Transcribed,600s,1SPT,UROPAR,Arctic Ground Squirrel,UROCITELLUS PARRYII,1,2586305,1,Call,0.64,8.69,-27.6,f,,Steve Ogle,1211,,
PC,925,STONEY-FLATS-160,214743,,-113.839409,49.070098,,,305727,2021-06-02 07:31:35,285072,Transcribed,600s,1SPT,MALL,Mallard,ANAS PLATYRHYNCHOS,1,2586318,1,Call,94.49,3.35,-13.54,f,,Steve Ogle,1211,,
PC,925,STONEY-FLATS-160,214743,,-113.839409,49.070098,,,305727,2021-06-02 07:31:35,285072,Transcribed,600s,1SPT,CANG,Canada Goose,BRANTA CANADENSIS,1,2586322,1,Call,161.68,1.85,-31.82,f,,Steve Ogle,1211,,
PC,925,STONEY-FLATS-160,214743,,-113.839409,49.070098,,,305727,2021-06-02 07:31:35,285072,Transcribed,600s,1SPT,WCSP,White-crowned Sparrow,ZONOTRICHIA LEUCOPHRYS,1,2586321,1,Song,126.43,2.36,-18.89,f,,Steve Ogle,1211,,
PC,925,STONEY-FLATS-160,214743,,-113.839409,49.070098,,,305727,2021-06-02 07:31:35,285072,Transcribed,600s,1SPT,AMRO,American Robin,TURDUS MIGRATORIUS,2,2586326,1,Call,222.03,2.53,-24.83,f,,Steve Ogle,1211,,
PC,925,STONEY-FLATS-160,214743,,-113.839409,49.070098,,,305727,2021-06-02 07:31:35,285072,Transcribed,600s,1SPT,AMRO,American Robin,TURDUS MIGRATORIUS,1,2586319,1,Call,116.28,2.00,-25.59,f,,Steve Ogle,1211,,
PC,925,STONEY-FLATS-160,214743,,-113.839409,49.070098,,,305727,2021-06-02 07:31:35,285072,Transcribed,600s,1SPT,DOWO,Downy Woodpecker,DRYOBATES PUBESCENS,1,2586334,1,Non-vocal,533.55,3.29,-18.95,f,,Steve Ogle,1211,possible NOFL? confidence:To Be Checked,
PC,925,STONEY-FLATS-160,214743,,-113.839409,49.070098,,,305727,2021-06-02 07:31:35,285072,Transcribed,600s,1SPT,HOWR,House Wren,TROGLODYTES AEDON,3,2586310,1,Song,12.70,3.49,-25.76,f,,Steve Ogle,1211,,
PC,925,STONEY-FLATS-160,214743,,-113.839409,49.070098,,,305727,2021-06-02 07:31:35,285072,Transcribed,600s,1SPT,HOWR,House Wren,TROGLODYTES AEDON,2,2586309,1,Song,5.80,2.55,-29.61,f,,Steve Ogle,1211,,
PC,925,STONEY-FLATS-160,214743,,-113.839409,49.070098,,,305727,2021-06-02 07:31:35,285072,Transcribed,600s,1SPT,HOWR,House Wren,TROGLODYTES AEDON,1,2586307,1,Song,2.14,2.35,-27.65,f,,Steve Ogle,1211,,
PC,925,STONEY-FLATS-160,214743,,-113.839409,49.070098,,,305727,2021-06-02 07:31:35,285072,Transcribed,600s,1SPT,EAKI,Eastern Kingbird,TYRANNUS TYRANNUS,2,2586315,1,Song,45.76,1.94,-54.64,f,,Steve Ogle,1211,,
PC,925,STONEY-FLATS-160,214743,,-113.839409,49.070098,,,305727,2021-06-02 07:31:35,285072,Transcribed,600s,1SPT,EAKI,Eastern Kingbird,TYRANNUS TYRANNUS,1,2586311,1,Call,18.89,1.05,-51.12,f,,Steve Ogle,1211,,
PC,925,STONEY-FLATS-160,214743,,-113.839409,49.070098,,,305727,2021-06-02 07:31:35,285072,Transcribed,600s,1SPT,WEWP,Western Wood-Pewee,CONTOPUS SORDIDULUS,1,2586306,1,Song,0.43,1.93,-28.61,f,,Steve Ogle,1211,,
PC,925,STONEY-FLATS-160,214743,,-113.839409,49.070098,,,305727,2021-06-02 07:31:35,285072,Transcribed,600s,1SPT,UNSW,Unidentified Swallow,HIRUNDO,1,2586317,2,Call,67.94,11.16,-32.34,f,,Steve Ogle,1211,pretty sure,
PC,925,STONEY-FLATS-161,214741,,-113.844626,49.069376,,,305728,2021-06-02 08:00:25,285073,Transcribed,600s,1SPT,PIWO,Pileated Woodpecker,DRYOCOPUS PILEATUS,1,2596647,1,Song,133.73,4.40,-26.61,f,,Steve Ogle,1211,,
PC,925,STONEY-FLATS-161,214741,,-113.844626,49.069376,,,305728,2021-06-02 08:00:25,285073,Transcribed,600s,1SPT,YEWA,Yellow Warbler,SETOPHAGA PETECHIA,1,2596664,1,Song,348.03,1.63,-20.45,f,,Steve Ogle,1211,,
PC,925,STONEY-FLATS-161,214741,,-113.844626,49.069376,,,305728,2021-06-02 08:00:25,285073,Transcribed,600s,1SPT,LAZB,Lazuli Bunting,PASSERINA AMOENA,1,2596657,1,Song,211.74,2.61,-35.83,f,,Steve Ogle,1211,,
PC,925,STONEY-FLATS-161,214741,,-113.844626,49.069376,,,305728,2021-06-02 08:00:25,285073,Transcribed,600s,1SPT,DUFL,Dusky Flycatcher,EMPIDONAX OBERHOLSERI,1,2596658,1,Song,222.85,1.26,-48.99,f,,Steve Ogle,1211,,
PC,925,STONEY-FLATS-161,214741,,-113.844626,49.069376,,,305728,2021-06-02 08:00:25,285073,Transcribed,600s,1SPT,GRCA,Gray Catbird,DUMETELLA CAROLINENSIS,1,2596653,1,Song,145.03,5.40,-40.47,f,,Steve Ogle,1211,prob earlier,
PC,925,STONEY-FLATS-161,214741,,-113.844626,49.069376,,,305728,2021-06-02 08:00:25,285073,Transcribed,600s,1SPT,CCSP,Clay-colored Sparrow,SPIZELLA PALLIDA,1,2596642,1,Song,13.11,3.09,-36.69,f,,Steve Ogle,1211,,
PC,925,STONEY-FLATS-161,214741,,-113.844626,49.069376,,,305728,2021-06-02 08:00:25,285073,Transcribed,600s,1SPT,CCSP,Clay-colored Sparrow,SPIZELLA PALLIDA,2,2596644,1,Song,44.20,2.59,-32.32,f,,Steve Ogle,1211,,
PC,925,STONEY-FLATS-161,214741,,-113.844626,49.069376,,,305728,2021-06-02 08:00:25,285073,Transcribed,600s,1SPT,CCSP,Clay-colored Sparrow,SPIZELLA PALLIDA,3,2596649,1,Song,142.23,4.35,-39.64,f,,Steve Ogle,1211,,
PC,925,STONEY-FLATS-161,214741,,-113.844626,49.069376,,,305728,2021-06-02 08:00:25,285073,Transcribed,600s,1SPT,PISI,Pine Siskin,SPINUS PINUS,1,2596673,1,Call,561.61,1.15,-22.55,f,,Steve Ogle,1211,,
PC,925,STONEY-FLATS-161,214741,,-113.844626,49.069376,,,305728,2021-06-02 08:00:25,285073,Transcribed,600s,1SPT,BHCO,Brown-headed Cowbird,MOLOTHRUS ATER,1,2596645,1,Song,67.19,1.06,-43.52,f,,Steve Ogle,1211,,
PC,925,STONEY-FLATS-161,214741,,-113.844626,49.069376,,,305728,2021-06-02 08:00:25,285073,Transcribed,600s,1SPT,BHCO,Brown-headed Cowbird,MOLOTHRUS ATER,2,2596670,1,Song,553.66,1.35,-38.96,f,,Steve Ogle,1211,,
PC,925,STONEY-FLATS-161,214741,,-113.844626,49.069376,,,305728,2021-06-02 08:00:25,285073,Transcribed,600s,1SPT,TRES,Tree Swallow,TACHYCINETA BICOLOR,1,2596660,1,Call,276.55,4.00,-15.81,f,,Steve Ogle,1211,,
PC,925,STONEY-FLATS-161,214741,,-113.844626,49.069376,,,305728,2021-06-02 08:00:25,285073,Transcribed,600s,1SPT,UNCV,Unidentified Corvid,"",1,2596671,1,Call,558.30,1.84,-36.19,f,,Steve Ogle,1211,crow or raven confidence:To Be Checked,
PC,925,STONEY-FLATS-161,214741,,-113.844626,49.069376,,,305728,2021-06-02 08:00:25,285073,Transcribed,600s,1SPT,WEWP,Western Wood-Pewee,CONTOPUS SORDIDULUS,1,2596654,1,Song,152.58,1.41,-54.09,f,,Steve Ogle,1211,,
PC,925,STONEY-FLATS-161,214741,,-113.844626,49.069376,,,305728,2021-06-02 08:00:25,285073,Transcribed,600s,1SPT,EAKI,Eastern Kingbird,TYRANNUS TYRANNUS,1,2596635,1,Call,4.74,0.88,-53.21,f,,Steve Ogle,1211,,
PC,925,STONEY-FLATS-161,214741,,-113.844626,49.069376,,,305728,2021-06-02 08:00:25,285073,Transcribed,600s,1SPT,WAVI,Warbling Vireo,VIREO GILVUS,1,2596662,1,Song,251.40,2.64,-34.15,f,,Steve Ogle,1211,,
PC,925,STONEY-FLATS-161,214741,,-113.844626,49.069376,,,305728,2021-06-02 08:00:25,285073,Transcribed,600s,1SPT,HOWR,House Wren,TROGLODYTES AEDON,1,2596632,1,Song,0.04,1.61,-37.06,f,,Steve Ogle,1211,,
PC,925,STONEY-FLATS-161,214741,,-113.844626,49.069376,,,305728,2021-06-02 08:00:25,285073,Transcribed,600s,1SPT,HOWR,House Wren,TROGLODYTES AEDON,2,2596633,1,Song,1.81,2.28,-39.2,f,,Steve Ogle,1211,,
PC,925,STONEY-FLATS-161,214741,,-113.844626,49.069376,,,305728,2021-06-02 08:00:25,285073,Transcribed,600s,1SPT,HOWR,House Wren,TROGLODYTES AEDON,3,2596638,1,Song,5.33,2.79,-33.77,f,,Steve Ogle,1211,,
PC,925,STONEY-FLATS-161,214741,,-113.844626,49.069376,,,305728,2021-06-02 08:00:25,285073,Transcribed,600s,1SPT,AMRO,American Robin,TURDUS MIGRATORIUS,1,2596639,1,Song,1.39,7.18,-47.24,f,,Steve Ogle,1211,,
PC,925,STONEY-FLATS-161,214741,,-113.844626,49.069376,,,305728,2021-06-02 08:00:25,285073,Transcribed,600s,1SPT,WCSP,White-crowned Sparrow,ZONOTRICHIA LEUCOPHRYS,1,2596646,1,Song,92.26,2.23,-27.13,f,,Steve Ogle,1211,,
PC,925,STONEY-FLATS-161,214741,,-113.844626,49.069376,,,305728,2021-06-02 08:00:25,285073,Transcribed,600s,1SPT,NOFL,Northern Flicker,COLAPTES AURATUS,1,2596656,1,Call,201.04,1.38,-41.3,f,,Steve Ogle,1211,,
PC,925,STONEY-FLATS-161,214741,,-113.844626,49.069376,,,305728,2021-06-02 08:00:25,285073,Transcribed,600s,1SPT,MALL,Mallard,ANAS PLATYRHYNCHOS,1,2596667,1,Call,362.08,6.14,-19.39,f,,Steve Ogle,1211,,
PC,925,STONEY-FLATS-161,214741,,-113.844626,49.069376,,,305728,2021-06-02 08:00:25,285073,Transcribed,600s,1SPT,UROPAR,Arctic Ground Squirrel,UROCITELLUS PARRYII,1,2596634,TMTT,Call,0.11,5.91,-33.49,f,,Steve Ogle,1211,,
PC,925,SUMMIT-LAKE-11,214742,,-114.029667,49.013591,,,305523,2021-06-28 08:16:20,284868,Transcribed,600s,1SPT,HETH,Hermit Thrush,CATHARUS GUTTATUS,2,2567254,1,Song,244.34,2.78,-30.21,f,,Steve Ogle,1211,,creek
PC,925,SUMMIT-LAKE-11,214742,,-114.029667,49.013591,,,305523,2021-06-28 08:16:20,284868,Transcribed,600s,1SPT,WCSP,White-crowned Sparrow,ZONOTRICHIA LEUCOPHRYS,1,2567244,1,Song,0.06,2.24,-31.32,f,,Steve Ogle,1211,,creek
PC,925,SUMMIT-LAKE-11,214742,,-114.029667,49.013591,,,305523,2021-06-28 08:16:20,284868,Transcribed,600s,1SPT,WCSP,White-crowned Sparrow,ZONOTRICHIA LEUCOPHRYS,2,2567245,1,Song,4.09,2.14,-32.48,f,,Steve Ogle,1211,,creek
PC,925,SUMMIT-LAKE-11,214742,,-114.029667,49.013591,,,305523,2021-06-28 08:16:20,284868,Transcribed,600s,1SPT,YRWA,Yellow-rumped Warbler,SETOPHAGA CORONATA,1,2567253,1,Song,227.99,2.14,-34.36,f,,Steve Ogle,1211,,creek
PC,925,SUMMIT-LAKE-11,214742,,-114.029667,49.013591,,,305523,2021-06-28 08:16:20,284868,Transcribed,600s,1SPT,CORA,Common Raven,CORVUS CORAX,1,2567272,1,Call,580.11,2.86,-28.25,f,,Steve Ogle,1211,,creek
PC,925,SUMMIT-LAKE-11,214742,,-114.029667,49.013591,,,305523,2021-06-28 08:16:20,284868,Transcribed,600s,1SPT,MGWA,MacGillivray's Warbler,GEOTHLYPIS TOLMIEI,1,2567249,1,Song,4.90,2.36,-31.43,f,,Steve Ogle,1211,,creek
PC,925,SUMMIT-LAKE-11,214742,,-114.029667,49.013591,,,305523,2021-06-28 08:16:20,284868,Transcribed,600s,1SPT,OSFL,Olive-sided Flycatcher,CONTOPUS COOPERI,1,2567247,1,Song,13.83,1.99,-16.51,f,,Steve Ogle,1211,,creek
PC,925,SUMMIT-LAKE-11,214742,,-114.029667,49.013591,,,305523,2021-06-28 08:16:20,284868,Transcribed,600s,1SPT,CHSP,Chipping Sparrow,SPIZELLA PASSERINA,1,2567251,1,Song,33.43,4.69,-32.29,f,,Steve Ogle,1211,,creek
PC,925,SUMMIT-LAKE-11,214742,,-114.029667,49.013591,,,305523,2021-06-28 08:16:20,284868,Transcribed,600s,1SPT,CAFI,Cassin's Finch,HAEMORHOUS CASSINII,1,2567274,1,Song,594.78,3.13,-29.78,f,,Steve Ogle,1211,Not 100% but fairly sure,creek
PC,925,SUMMIT-LAKE-11,214742,,-114.029667,49.013591,,,305523,2021-06-28 08:16:20,284868,Transcribed,600s,1SPT,HETH,Hermit Thrush,CATHARUS GUTTATUS,1,2567246,1,Song,7.23,1.96,-23.7,f,,Steve Ogle,1211,,creek
PC,925,SUMMIT-LAKE-12,214738,,-114.028527,49.012068,,,305541,2021-06-28 08:46:45,284886,Transcribed,600s,1SPT,AMRO,American Robin,TURDUS MIGRATORIUS,1,2574572,1,Call,39.40,3.79,-33.01,f,,Steve Ogle,1211,,
PC,925,SUMMIT-LAKE-12,214738,,-114.028527,49.012068,,,305541,2021-06-28 08:46:45,284886,Transcribed,600s,1SPT,CORA,Common Raven,CORVUS CORAX,2,2574620,1,Call,244.43,1.45,-41.74,f,,Steve Ogle,1211,,
PC,925,SUMMIT-LAKE-12,214738,,-114.028527,49.012068,,,305541,2021-06-28 08:46:45,284886,Transcribed,600s,1SPT,CORA,Common Raven,CORVUS CORAX,1,2574564,1,Call,17.29,5.58,-27.62,f,,Steve Ogle,1211,,
PC,925,SUMMIT-LAKE-12,214738,,-114.028527,49.012068,,,305541,2021-06-28 08:46:45,284886,Transcribed,600s,1SPT,YRWA,Yellow-rumped Warbler,SETOPHAGA CORONATA,1,2574551,1,Song,1.93,2.78,-47,f,,Steve Ogle,1211,,
PC,925,SUMMIT-LAKE-12,214738,,-114.028527,49.012068,,,305541,2021-06-28 08:46:45,284886,Transcribed,600s,1SPT,WCSP,White-crowned Sparrow,ZONOTRICHIA LEUCOPHRYS,3,2574646,1,Song,319.84,2.30,-45.88,f,,Steve Ogle,1211,,
PC,925,SUMMIT-LAKE-12,214738,,-114.028527,49.012068,,,305541,2021-06-28 08:46:45,284886,Transcribed,600s,1SPT,WCSP,White-crowned Sparrow,ZONOTRICHIA LEUCOPHRYS,2,2574624,1,Song,248.54,2.78,-47.66,f,,Steve Ogle,1211,,
PC,925,SUMMIT-LAKE-12,214738,,-114.028527,49.012068,,,305541,2021-06-28 08:46:45,284886,Transcribed,600s,1SPT,WCSP,White-crowned Sparrow,ZONOTRICHIA LEUCOPHRYS,1,2574552,1,Song,3.53,2.53,-35.86,f,,Steve Ogle,1211,,
PC,925,SUMMIT-LAKE-12,214738,,-114.028527,49.012068,,,305541,2021-06-28 08:46:45,284886,Transcribed,600s,1SPT,CHSP,Chipping Sparrow,SPIZELLA PASSERINA,2,2574608,1,Song,186.45,9.16,-37.2,f,,Steve Ogle,1211,,
PC,925,SUMMIT-LAKE-12,214738,,-114.028527,49.012068,,,305541,2021-06-28 08:46:45,284886,Transcribed,600s,1SPT,CHSP,Chipping Sparrow,SPIZELLA PASSERINA,1,2574555,1,Song,3.34,1.88,-49.41,f,,Steve Ogle,1211,,
PC,925,SUMMIT-LAKE-12,214738,,-114.028527,49.012068,,,305541,2021-06-28 08:46:45,284886,Transcribed,600s,1SPT,OSFL,Olive-sided Flycatcher,CONTOPUS COOPERI,1,2574565,1,Call,21.10,2.49,-33.2,f,,Steve Ogle,1211,,
PC,925,SUMMIT-LAKE-12,214738,,-114.028527,49.012068,,,305541,2021-06-28 08:46:45,284886,Transcribed,600s,1SPT,PISI,Pine Siskin,SPINUS PINUS,1,2574559,1,Call,9.33,1.05,-50.32,f,,Steve Ogle,1211,,
PC,925,SUMMIT-LAKE-12,214738,,-114.028527,49.012068,,,305541,2021-06-28 08:46:45,284886,Transcribed,600s,1SPT,PISI,Pine Siskin,SPINUS PINUS,2,2574580,2,Call,88.23,5.78,-46.74,f,,Steve Ogle,1211,,
PC,925,SUMMIT-LAKE-12,214738,,-114.028527,49.012068,,,305541,2021-06-28 08:46:45,284886,Transcribed,600s,1SPT,MOBL,Mountain Bluebird,SIALIA CURRUCOIDES,1,2574576,1,Call,59.45,3.28,-38.77,f,,Steve Ogle,1211,,
PC,925,SUMMIT-LAKE-12,214738,,-114.028527,49.012068,,,305541,2021-06-28 08:46:45,284886,Transcribed,600s,1SPT,MOBL,Mountain Bluebird,SIALIA CURRUCOIDES,2,2574579,1,Call,87.06,3.26,-35.39,f,,Steve Ogle,1211,,
PC,925,SUMMIT-LAKE-12,214738,,-114.028527,49.012068,,,305541,2021-06-28 08:46:45,284886,Transcribed,600s,1SPT,MOBL,Mountain Bluebird,SIALIA CURRUCOIDES,3,2574598,1,Call,131.80,5.66,-35.62,f,,Steve Ogle,1211,prob a juv with the group; can't really count how many total but at least 3,
PC,925,SUMMIT-LAKE-12,214738,,-114.028527,49.012068,,,305541,2021-06-28 08:46:45,284886,Transcribed,600s,1SPT,NOGO,Northern Goshawk,ACCIPITER GENTILIS,1,2574683,1,Song,205.14,6.91,-35.4,f,,Steve Ogle,1211,"Not perfect but not right for SSHA or COHA; correct cadence, just sounds a bit off but that could be some tonal shift with the distance or something like that.  confidence:To Be Checked",
PC,925,SUMMIT-LAKE-12,214738,,-114.028527,49.012068,,,305541,2021-06-28 08:46:45,284886,Transcribed,600s,1SPT,HETH,Hermit Thrush,CATHARUS GUTTATUS,1,2574654,1,Song,440.20,1.65,-48.59,f,,Steve Ogle,1211,,
PC,925,SUMMIT-LAKE-120,214740,,-114.021207,49.011654,,,305524,2021-06-29 07:21:15,284869,Transcribed,600s,1SPT,OSFL,Olive-sided Flycatcher,CONTOPUS COOPERI,1,2573613,1,Call,1.96,2.13,-32.76,f,,Steve Ogle,1211,,creek
PC,925,SUMMIT-LAKE-120,214740,,-114.021207,49.011654,,,305524,2021-06-29 07:21:15,284869,Transcribed,600s,1SPT,OSFL,Olive-sided Flycatcher,CONTOPUS COOPERI,2,2573636,1,Call,107.65,2.50,-28.85,f,,Steve Ogle,1211,,creek
PC,925,SUMMIT-LAKE-120,214740,,-114.021207,49.011654,,,305524,2021-06-29 07:21:15,284869,Transcribed,600s,1SPT,LISP,Lincoln's Sparrow,MELOSPIZA LINCOLNII,1,2573645,1,Song,190.55,2.34,-25.02,f,,Steve Ogle,1211,,creek
PC,925,SUMMIT-LAKE-120,214740,,-114.021207,49.011654,,,305524,2021-06-29 07:21:15,284869,Transcribed,600s,1SPT,PISI,Pine Siskin,SPINUS PINUS,1,2573669,1,Call,469.79,1.00,-29.86,f,,Steve Ogle,1211,,creek
PC,925,SUMMIT-LAKE-120,214740,,-114.021207,49.011654,,,305524,2021-06-29 07:21:15,284869,Transcribed,600s,1SPT,MOBL,Mountain Bluebird,SIALIA CURRUCOIDES,1,2573655,1,Call,184.68,2.03,-25.21,f,,Steve Ogle,1211,,creek
PC,925,SUMMIT-LAKE-120,214740,,-114.021207,49.011654,,,305524,2021-06-29 07:21:15,284869,Transcribed,600s,1SPT,CAFI,Cassin's Finch,HAEMORHOUS CASSINII,1,2573626,1,Song,12.13,3.15,-31.05,f,,Steve Ogle,1211,better later,creek
PC,925,SUMMIT-LAKE-120,214740,,-114.021207,49.011654,,,305524,2021-06-29 07:21:15,284869,Transcribed,600s,1SPT,CAFI,Cassin's Finch,HAEMORHOUS CASSINII,2,2573649,1,Song,231.84,3.61,-23.71,f,,Steve Ogle,1211,,creek
PC,925,SUMMIT-LAKE-120,214740,,-114.021207,49.011654,,,305524,2021-06-29 07:21:15,284869,Transcribed,600s,1SPT,DEJU,Dark-eyed Junco,JUNCO HYEMALIS,1,2573659,1,Song,340.59,3.23,-29.65,f,,Steve Ogle,1211,,creek
PC,925,SUMMIT-LAKE-120,214740,,-114.021207,49.011654,,,305524,2021-06-29 07:21:15,284869,Transcribed,600s,1SPT,HETH,Hermit Thrush,CATHARUS GUTTATUS,1,2573620,1,Song,57.49,2.13,-34.62,f,,Steve Ogle,1211,,creek
PC,925,SUMMIT-LAKE-120,214740,,-114.021207,49.011654,,,305524,2021-06-29 07:21:15,284869,Transcribed,600s,1SPT,WCSP,White-crowned Sparrow,ZONOTRICHIA LEUCOPHRYS,1,2573665,1,Song,415.29,2.89,-25.24,f,,Steve Ogle,1211,,creek
PC,925,SUMMIT-LAKE-120,214740,,-114.021207,49.011654,,,305524,2021-06-29 07:21:15,284869,Transcribed,600s,1SPT,WCSP,White-crowned Sparrow,ZONOTRICHIA LEUCOPHRYS,2,2573673,1,Song,535.00,2.91,-28.08,f,,Steve Ogle,1211,,creek
PC,925,SUMMIT-LAKE-120,214740,,-114.021207,49.011654,,,305524,2021-06-29 07:21:15,284869,Transcribed,600s,1SPT,YRWA,Yellow-rumped Warbler,SETOPHAGA CORONATA,1,2573616,1,Song,31.44,2.41,-30.19,f,,Steve Ogle,1211,,creek
PC,925,SUMMIT-LAKE-121,214739,,-114.020522,49.014416,,,305525,2021-06-29 07:56:10,284870,Transcribed,600s,1SPT,CORA,Common Raven,CORVUS CORAX,1,2574166,1,Call,286.51,1.25,-37.41,f,,Steve Ogle,1211,,river noise and pesky flies
PC,925,SUMMIT-LAKE-121,214739,,-114.020522,49.014416,,,305525,2021-06-29 07:56:10,284870,Transcribed,600s,1SPT,PISI,Pine Siskin,SPINUS PINUS,1,2574207,1,Call,514.03,6.23,-38.03,f,,Steve Ogle,1211,,river noise and pesky flies
PC,925,SUMMIT-LAKE-121,214739,,-114.020522,49.014416,,,305525,2021-06-29 07:56:10,284870,Transcribed,600s,1SPT,PISI,Pine Siskin,SPINUS PINUS,2,2574214,1,Call,553.35,8.64,-37.98,f,,Steve Ogle,1211,,river noise and pesky flies
PC,925,SUMMIT-LAKE-121,214739,,-114.020522,49.014416,,,305525,2021-06-29 07:56:10,284870,Transcribed,600s,1SPT,PISI,Pine Siskin,SPINUS PINUS,3,2574221,1,Call,585.38,8.28,-35.5,f,,Steve Ogle,1211,,river noise and pesky flies
PC,925,SUMMIT-LAKE-121,214739,,-114.020522,49.014416,,,305525,2021-06-29 07:56:10,284870,Transcribed,600s,1SPT,RECR,Red Crossbill,LOXIA CURVIROSTRA,1,2574173,3,Call,403.88,6.36,-38.37,f,,Steve Ogle,1211,not a big flock,river noise and pesky flies
PC,925,SUMMIT-LAKE-121,214739,,-114.020522,49.014416,,,305525,2021-06-29 07:56:10,284870,Transcribed,600s,1SPT,MOBL,Mountain Bluebird,SIALIA CURRUCOIDES,1,2574139,1,Call,104.35,2.09,-39.47,f,,Steve Ogle,1211,,river noise and pesky flies
PC,925,SUMMIT-LAKE-121,214739,,-114.020522,49.014416,,,305525,2021-06-29 07:56:10,284870,Transcribed,600s,1SPT,MOBL,Mountain Bluebird,SIALIA CURRUCOIDES,2,2574197,1,Call,457.19,5.83,-24.12,f,,Steve Ogle,1211,,river noise and pesky flies
PC,925,SUMMIT-LAKE-121,214739,,-114.020522,49.014416,,,305525,2021-06-29 07:56:10,284870,Transcribed,600s,1SPT,DEJU,Dark-eyed Junco,JUNCO HYEMALIS,1,2574111,1,Song,4.23,3.43,-40.99,f,,Steve Ogle,1211,,river noise and pesky flies
PC,925,SUMMIT-LAKE-121,214739,,-114.020522,49.014416,,,305525,2021-06-29 07:56:10,284870,Transcribed,600s,1SPT,DEJU,Dark-eyed Junco,JUNCO HYEMALIS,2,2574133,1,Song,82.64,2.31,-42.93,f,,Steve Ogle,1211,,river noise and pesky flies
PC,925,SUMMIT-LAKE-121,214739,,-114.020522,49.014416,,,305525,2021-06-29 07:56:10,284870,Transcribed,600s,1SPT,AMRO,American Robin,TURDUS MIGRATORIUS,1,2574127,1,Call,77.29,1.95,-41.21,f,,Steve Ogle,1211,,river noise and pesky flies
PC,925,SUMMIT-LAKE-121,214739,,-114.020522,49.014416,,,305525,2021-06-29 07:56:10,284870,Transcribed,600s,1SPT,WCSP,White-crowned Sparrow,ZONOTRICHIA LEUCOPHRYS,1,2574009,1,Song,0.01,1.29,-32.2,f,,Steve Ogle,1211,,river noise and pesky flies
PC,925,SUMMIT-LAKE-121,214739,,-114.020522,49.014416,,,305525,2021-06-29 07:56:10,284870,Transcribed,600s,1SPT,UROPAR,Arctic Ground Squirrel,UROCITELLUS PARRYII,1,2574192,1,Call,417.64,5.48,-39.28,f,,Steve Ogle,1211,,river noise and pesky flies
PC,925,SUMMIT-LAKE-122,214737,,-114.019654,49.017048,,,305526,2021-06-29 08:22:20,284871,Transcribed,600s,1SPT,RWBL,Red-winged Blackbird,AGELAIUS PHOENICEUS,1,2553031,1,Call,208.94,2.05,-33.57,f,,Steve Ogle,1211,"Tough one, coming from the forest",
PC,925,SUMMIT-LAKE-122,214737,,-114.019654,49.017048,,,305526,2021-06-29 08:22:20,284871,Transcribed,600s,1SPT,CHSP,Chipping Sparrow,SPIZELLA PASSERINA,1,2553035,1,Song,264.64,3.34,-46.86,f,,Steve Ogle,1211,,
PC,925,SUMMIT-LAKE-122,214737,,-114.019654,49.017048,,,305526,2021-06-29 08:22:20,284871,Transcribed,600s,1SPT,PISI,Pine Siskin,SPINUS PINUS,1,2553040,1,Call,381.85,1.78,-50.15,f,,Steve Ogle,1211,,
PC,925,SUMMIT-LAKE-122,214737,,-114.019654,49.017048,,,305526,2021-06-29 08:22:20,284871,Transcribed,600s,1SPT,MOBL,Mountain Bluebird,SIALIA CURRUCOIDES,1,2553013,2,Call,0.15,4.40,-45.79,f,,Steve Ogle,1211,,
PC,925,SUMMIT-LAKE-122,214737,,-114.019654,49.017048,,,305526,2021-06-29 08:22:20,284871,Transcribed,600s,1SPT,CAFI,Cassin's Finch,HAEMORHOUS CASSINII,1,2553026,1,Song,128.83,4.09,-41.85,f,,Steve Ogle,1211,,
PC,925,SUMMIT-LAKE-122,214737,,-114.019654,49.017048,,,305526,2021-06-29 08:22:20,284871,Transcribed,600s,1SPT,CLNU,Clark's Nutcracker,NUCIFRAGA COLUMBIANA,1,2553053,1,Call,543.56,3.04,-47.42,f,,Steve Ogle,1211,,
PC,925,SUMMIT-LAKE-122,214737,,-114.019654,49.017048,,,305526,2021-06-29 08:22:20,284871,Transcribed,600s,1SPT,DEJU,Dark-eyed Junco,JUNCO HYEMALIS,1,2553015,1,Song,22.96,2.75,-55.17,f,,Steve Ogle,1211,,
PC,925,SUMMIT-LAKE-122,214737,,-114.019654,49.017048,,,305526,2021-06-29 08:22:20,284871,Transcribed,600s,1SPT,NOFL,Northern Flicker,COLAPTES AURATUS,1,2553043,1,Call,405.73,1.41,-23.92,f,,Steve Ogle,1211,,
PC,925,SUMMIT-LAKE-123,214736,,-114.016558,49.018938,,,305527,2021-06-29 08:49:30,284872,Transcribed,600s,1SPT,UROPAR,Arctic Ground Squirrel,UROCITELLUS PARRYII,2,2559253,1,Call,398.14,11.29,-18.95,f,,Steve Ogle,1211,,"Unknown ambient noise- bird somewhat obscured 
"
PC,925,SUMMIT-LAKE-123,214736,,-114.016558,49.018938,,,305527,2021-06-29 08:49:30,284872,Transcribed,600s,1SPT,UROPAR,Arctic Ground Squirrel,UROCITELLUS PARRYII,1,2559252,1,Call,308.95,7.29,-48.45,f,,Steve Ogle,1211,,"Unknown ambient noise- bird somewhat obscured 
"
PC,925,SUMMIT-LAKE-123,214736,,-114.016558,49.018938,,,305527,2021-06-29 08:49:30,284872,Transcribed,600s,1SPT,PISI,Pine Siskin,SPINUS PINUS,2,2559254,1,Call,432.28,0.88,-58.82,f,,Steve Ogle,1211,,"Unknown ambient noise- bird somewhat obscured 
"
PC,925,SUMMIT-LAKE-123,214736,,-114.016558,49.018938,,,305527,2021-06-29 08:49:30,284872,Transcribed,600s,1SPT,PISI,Pine Siskin,SPINUS PINUS,1,2559251,1,Call,371.98,2.73,-55.37,f,,Steve Ogle,1211,,"Unknown ambient noise- bird somewhat obscured 
"
PC,925,SUMMIT-LAKE-123,214736,,-114.016558,49.018938,,,305527,2021-06-29 08:49:30,284872,Transcribed,600s,1SPT,CLNU,Clark's Nutcracker,NUCIFRAGA COLUMBIANA,1,2559248,3,Call,21.43,9.09,-36.42,f,,Steve Ogle,1211,,"Unknown ambient noise- bird somewhat obscured 
"
PC,925,SUMMIT-LAKE-123,214736,,-114.016558,49.018938,,,305527,2021-06-29 08:49:30,284872,Transcribed,600s,1SPT,TOSO,Townsend's Solitaire,MYADESTES TOWNSENDI,1,2559247,1,Song,0.08,13.95,-43.47,f,,Steve Ogle,1211,"stuttered song (broken up, slower)","Unknown ambient noise- bird somewhat obscured 
"
PC,925,SUMMIT-LAKE-125,214735,,-114.027589,49.009902,,,305528,2021-06-29 05:05:20,284873,Transcribed,600s,1SPT,WCSP,White-crowned Sparrow,ZONOTRICHIA LEUCOPHRYS,1,2554844,1,Song,0.00,2.40,-29.34,f,,Steve Ogle,1211,,
PC,925,SUMMIT-LAKE-125,214735,,-114.027589,49.009902,,,305528,2021-06-29 05:05:20,284873,Transcribed,600s,1SPT,VGSW,Violet-green Swallow,TACHYCINETA THALASSINA,1,2554840,1,Call,0.00,5.90,-24.52,f,,Steve Ogle,1211,,
PC,925,SUMMIT-LAKE-125,214735,,-114.027589,49.009902,,,305528,2021-06-29 05:05:20,284873,Transcribed,600s,1SPT,MOBL,Mountain Bluebird,SIALIA CURRUCOIDES,1,2554845,3,Call,0.30,4.80,-28.97,f,,Steve Ogle,1211,family group?,
PC,925,SUMMIT-LAKE-125,214735,,-114.027589,49.009902,,,305528,2021-06-29 05:05:20,284873,Transcribed,600s,1SPT,SPSA,Spotted Sandpiper,ACTITIS MACULARIUS,1,2554865,1,Call,91.68,7.35,-28.05,f,,Steve Ogle,1211,,
PC,925,SUMMIT-LAKE-125,214735,,-114.027589,49.009902,,,305528,2021-06-29 05:05:20,284873,Transcribed,600s,1SPT,DEJU,Dark-eyed Junco,JUNCO HYEMALIS,1,2554878,1,Song,212.55,2.68,-18.39,f,,Steve Ogle,1211,,
PC,925,SUMMIT-LAKE-125,214735,,-114.027589,49.009902,,,305528,2021-06-29 05:05:20,284873,Transcribed,600s,1SPT,AMRO,American Robin,TURDUS MIGRATORIUS,1,2554848,1,Song,2.98,2.69,-28.33,f,,Steve Ogle,1211,,
PC,925,SUMMIT-LAKE-125,214735,,-114.027589,49.009902,,,305528,2021-06-29 05:05:20,284873,Transcribed,600s,1SPT,HETH,Hermit Thrush,CATHARUS GUTTATUS,1,2554888,1,Song,320.83,2.85,-36.56,f,,Steve Ogle,1211,possibly earlier,
PC,925,SUMMIT-LAKE-125,214735,,-114.027589,49.009902,,,305528,2021-06-29 05:05:20,284873,Transcribed,600s,1SPT,WCSP,White-crowned Sparrow,ZONOTRICHIA LEUCOPHRYS,2,2554853,1,Song,13.18,2.44,-24.47,f,,Steve Ogle,1211,,
PC,925,SUMMIT-LAKE-125,214735,,-114.027589,49.009902,,,305528,2021-06-29 05:05:20,284873,Transcribed,600s,1SPT,WCSP,White-crowned Sparrow,ZONOTRICHIA LEUCOPHRYS,3,2554858,1,Song,49.81,2.56,-37.25,f,,Steve Ogle,1211,,
PC,925,SUMMIT-LAKE-125,214735,,-114.027589,49.009902,,,305528,2021-06-29 05:05:20,284873,Transcribed,600s,1SPT,FOSP,Fox Sparrow,PASSERELLA ILIACA,1,2554850,1,Song,7.96,2.81,-27.1,f,,Steve Ogle,1211,,
PC,925,SUMMIT-LAKE-125,214735,,-114.027589,49.009902,,,305528,2021-06-29 05:05:20,284873,Transcribed,600s,1SPT,USHU,Unidentified Selasphorus Hummingbird,SELASPHORUS,1,2554894,1,Non-vocal,332.24,2.38,-30.3,f,,Steve Ogle,1211,wingbeats; prob RUHU,
PC,925,SUMMIT-LAKE-126,214733,,-114.022991,49.005816,,,305529,2021-06-29 05:34:10,284874,Transcribed,600s,1SPT,DEJU,Dark-eyed Junco,JUNCO HYEMALIS,1,2550110,1,Song,6.25,3.21,-34.82,f,,Steve Ogle,1211,,river
PC,925,SUMMIT-LAKE-126,214733,,-114.022991,49.005816,,,305529,2021-06-29 05:34:10,284874,Transcribed,600s,1SPT,DEJU,Dark-eyed Junco,JUNCO HYEMALIS,2,2550112,1,Song,171.41,2.76,-30.22,f,,Steve Ogle,1211,,river
PC,925,SUMMIT-LAKE-126,214733,,-114.022991,49.005816,,,305529,2021-06-29 05:34:10,284874,Transcribed,600s,1SPT,SPSA,Spotted Sandpiper,ACTITIS MACULARIUS,2,2550116,1,Call,264.48,4.95,-31.8,f,,Steve Ogle,1211,,river
PC,925,SUMMIT-LAKE-126,214733,,-114.022991,49.005816,,,305529,2021-06-29 05:34:10,284874,Transcribed,600s,1SPT,SPSA,Spotted Sandpiper,ACTITIS MACULARIUS,1,2550108,1,Call,0.18,5.66,-21.72,f,,Steve Ogle,1211,,river
PC,925,SUMMIT-LAKE-126,214733,,-114.022991,49.005816,,,305529,2021-06-29 05:34:10,284874,Transcribed,600s,1SPT,HAWO,Hairy Woodpecker,DRYOBATES VILLOSUS,1,2550114,1,Call,207.20,8.41,-32.54,f,,Steve Ogle,1211,,river
PC,925,SUMMIT-LAKE-126,214733,,-114.022991,49.005816,,,305529,2021-06-29 05:34:10,284874,Transcribed,600s,1SPT,VGSW,Violet-green Swallow,TACHYCINETA THALASSINA,2,2550119,1,Call,520.90,11.10,-29.32,f,,Steve Ogle,1211,,river
PC,925,SUMMIT-LAKE-126,214733,,-114.022991,49.005816,,,305529,2021-06-29 05:34:10,284874,Transcribed,600s,1SPT,VGSW,Violet-green Swallow,TACHYCINETA THALASSINA,1,2550109,1,Call,0.21,5.10,-32.29,f,,Steve Ogle,1211,,river
PC,925,SUMMIT-LAKE-127,214734,,-114.019500,49.004286,,,305530,2021-06-29 05:59:20,284875,Transcribed,600s,1SPT,TOSO,Townsend's Solitaire,MYADESTES TOWNSENDI,1,2574426,1,Call,383.15,9.26,-19.77,f,,Steve Ogle,1211,,creek
PC,925,SUMMIT-LAKE-127,214734,,-114.019500,49.004286,,,305530,2021-06-29 05:59:20,284875,Transcribed,600s,1SPT,MOCH,Mountain Chickadee,POECILE GAMBELI,1,2574401,1,Call,5.88,2.24,-21.71,f,,Steve Ogle,1211,,creek
PC,925,SUMMIT-LAKE-127,214734,,-114.019500,49.004286,,,305530,2021-06-29 05:59:20,284875,Transcribed,600s,1SPT,PISI,Pine Siskin,SPINUS PINUS,1,2574430,1,Call,424.54,8.93,-28.55,f,,Steve Ogle,1211,,creek
PC,925,SUMMIT-LAKE-127,214734,,-114.019500,49.004286,,,305530,2021-06-29 05:59:20,284875,Transcribed,600s,1SPT,USHU,Unidentified Selasphorus Hummingbird,SELASPHORUS,1,2574424,1,Non-vocal,255.10,1.01,-25.86,f,,Steve Ogle,1211,very brief flyby,creek
PC,925,SUMMIT-LAKE-127,214734,,-114.019500,49.004286,,,305530,2021-06-29 05:59:20,284875,Transcribed,600s,1SPT,OSFL,Olive-sided Flycatcher,CONTOPUS COOPERI,1,2574399,1,Song,4.61,1.33,-25.6,f,,Steve Ogle,1211,,creek
PC,925,SUMMIT-LAKE-127,214734,,-114.019500,49.004286,,,305530,2021-06-29 05:59:20,284875,Transcribed,600s,1SPT,MGWA,MacGillivray's Warbler,GEOTHLYPIS TOLMIEI,1,2574398,1,Song,1.99,2.68,-32.22,f,,Steve Ogle,1211,,creek
PC,925,SUMMIT-LAKE-127,214734,,-114.019500,49.004286,,,305530,2021-06-29 05:59:20,284875,Transcribed,600s,1SPT,WETA,Western Tanager,PIRANGA LUDOVICIANA,1,2574413,1,Song,37.85,2.18,-25.94,f,,Steve Ogle,1211,,creek
PC,925,SUMMIT-LAKE-127,214734,,-114.019500,49.004286,,,305530,2021-06-29 05:59:20,284875,Transcribed,600s,1SPT,AMRO,American Robin,TURDUS MIGRATORIUS,1,2574406,1,Song,16.65,2.71,-24.92,f,,Steve Ogle,1211,,creek
PC,925,SUMMIT-LAKE-127,214734,,-114.019500,49.004286,,,305530,2021-06-29 05:59:20,284875,Transcribed,600s,1SPT,HETH,Hermit Thrush,CATHARUS GUTTATUS,1,2574404,1,Song,10.74,1.93,-39.15,f,,Steve Ogle,1211,,creek
PC,925,SUMMIT-LAKE-127,214734,,-114.019500,49.004286,,,305530,2021-06-29 05:59:20,284875,Transcribed,600s,1SPT,YRWA,Yellow-rumped Warbler,SETOPHAGA CORONATA,1,2574410,1,Song,34.75,1.78,-31.18,f,,Steve Ogle,1211,,creek
PC,925,SUMMIT-LAKE-127,214734,,-114.019500,49.004286,,,305530,2021-06-29 05:59:20,284875,Transcribed,600s,1SPT,RESQ,Red Squirrel,TAMIASCIURUS HUDSONICUS,1,2574435,1,Call,486.23,5.65,-21.27,f,,Steve Ogle,1211,,creek
PC,925,SUMMIT-LAKE-127,214734,,-114.019500,49.004286,,,305530,2021-06-29 05:59:20,284875,Transcribed,600s,1SPT,VATH,Varied Thrush,IXOREUS NAEVIUS,1,2574403,1,Song,9.43,2.98,-25.62,f,,Steve Ogle,1211,,creek
PC,925,SUMMIT-LAKE-127,214734,,-114.019500,49.004286,,,305530,2021-06-29 05:59:20,284875,Transcribed,600s,1SPT,FOSP,Fox Sparrow,PASSERELLA ILIACA,1,2574421,1,Song,18.76,1.98,-33.3,f,,Steve Ogle,1211,,creek
PC,925,SUMMIT-LAKE-127,214734,,-114.019500,49.004286,,,305530,2021-06-29 05:59:20,284875,Transcribed,600s,1SPT,RBNU,Red-breasted Nuthatch,SITTA CANADENSIS,1,2574409,1,Call,25.30,3.65,-27.11,f,,Steve Ogle,1211,,creek
PC,925,SUMMIT-LAKE-128,214732,,-114.012901,49.020166,,,305540,2021-06-29 09:21:10,284885,Transcribed,600s,1SPT,CLNU,Clark's Nutcracker,NUCIFRAGA COLUMBIANA,3,2565887,1,Call,19.59,2.69,-29.32,f,,Steve Ogle,1211,,can't hear much- I think it's a creek
PC,925,SUMMIT-LAKE-128,214732,,-114.012901,49.020166,,,305540,2021-06-29 09:21:10,284885,Transcribed,600s,1SPT,CLNU,Clark's Nutcracker,NUCIFRAGA COLUMBIANA,2,2565881,1,Call,9.61,2.59,-34.19,f,,Steve Ogle,1211,,can't hear much- I think it's a creek
PC,925,SUMMIT-LAKE-128,214732,,-114.012901,49.020166,,,305540,2021-06-29 09:21:10,284885,Transcribed,600s,1SPT,WCSP,White-crowned Sparrow,ZONOTRICHIA LEUCOPHRYS,1,2566021,1,Song,554.11,2.84,-32.64,f,,Steve Ogle,1211,,can't hear much- I think it's a creek
PC,925,SUMMIT-LAKE-128,214732,,-114.012901,49.020166,,,305540,2021-06-29 09:21:10,284885,Transcribed,600s,1SPT,AMPI,American Pipit,ANTHUS RUBESCENS,1,2565926,1,Song,116.18,3.50,-49.26,f,,Steve Ogle,1211,faint,can't hear much- I think it's a creek
PC,925,SUMMIT-LAKE-128,214732,,-114.012901,49.020166,,,305540,2021-06-29 09:21:10,284885,Transcribed,600s,1SPT,HETH,Hermit Thrush,CATHARUS GUTTATUS,1,2565905,1,Song,66.89,2.29,-41.74,f,,Steve Ogle,1211,,can't hear much- I think it's a creek
PC,925,SUMMIT-LAKE-128,214732,,-114.012901,49.020166,,,305540,2021-06-29 09:21:10,284885,Transcribed,600s,1SPT,RCKI,Ruby-crowned Kinglet,CORTHYLIO CALENDULA,1,2565995,1,Song,533.49,4.29,-15.92,f,,Steve Ogle,1211,"",can't hear much- I think it's a creek
PC,925,SUMMIT-LAKE-128,214732,,-114.012901,49.020166,,,305540,2021-06-29 09:21:10,284885,Transcribed,600s,1SPT,UROPAR,Arctic Ground Squirrel,UROCITELLUS PARRYII,1,2565941,1,Call,175.51,11.60,-27.59,f,,Steve Ogle,1211,,can't hear much- I think it's a creek
PC,925,SUMMIT-LAKE-128,214732,,-114.012901,49.020166,,,305540,2021-06-29 09:21:10,284885,Transcribed,600s,1SPT,CLNU,Clark's Nutcracker,NUCIFRAGA COLUMBIANA,1,2565876,1,Call,5.06,2.83,-40.66,f,,Steve Ogle,1211,,can't hear much- I think it's a creek
PC,925,SUMMIT-LAKE-128,214732,,-114.012901,49.020166,,,305540,2021-06-29 09:21:10,284885,Transcribed,600s,1SPT,UNWO,Unidentified Woodpecker,"",1,2565946,1,Non-vocal,124.58,4.24,-32.3,f,,Steve Ogle,1211,sounds like RNSA drumming,can't hear much- I think it's a creek
PC,925,SUMMIT-LAKE-128,214732,,-114.012901,49.020166,,,305540,2021-06-29 09:21:10,284885,Transcribed,600s,1SPT,MOBL,Mountain Bluebird,SIALIA CURRUCOIDES,1,2566015,1,Call,503.95,6.05,-22.98,f,,Steve Ogle,1211,,can't hear much- I think it's a creek
PC,925,SUMMIT-LAKE-128,214732,,-114.012901,49.020166,,,305540,2021-06-29 09:21:10,284885,Transcribed,600s,1SPT,CHSP,Chipping Sparrow,SPIZELLA PASSERINA,1,2565901,1,Song,63.49,2.81,-45.72,f,,Steve Ogle,1211,"after further review, changed this from DEJU",can't hear much- I think it's a creek
PC,925,SUMMIT-LAKE-129,214729,,-114.009125,49.021301,,,305539,2021-06-29 09:53:30,284884,Transcribed,600s,1SPT,WEFL,Western Flycatcher,EMPIDONAX DIFFICILIS,1,2574459,1,Song,46.99,1.20,-53.8,f,,Steve Ogle,1211,"Sings throughout. I would normally (based on what I encounter in other parks and at home) call this PSFL but it's more likely an ""unpure"" PSFLxCOFL; if breeding nearby Cassin's Finch, Clark's Nutcracker (and American Pipit!), the habitat would not lend to PSFL, typically. Immediately south of the border the ebirders are recording COFL. My sources say no ""Western Flycatcher"" should be pure in the Alberta Rockies and they may be lumped again.  confidence:To Be Checked",faint sounds; gain?
PC,925,SUMMIT-LAKE-129,214729,,-114.009125,49.021301,,,305539,2021-06-29 09:53:30,284884,Transcribed,600s,1SPT,UROPAR,Arctic Ground Squirrel,UROCITELLUS PARRYII,1,2574449,2,Call,26.90,6.11,-59.57,f,,Steve Ogle,1211,,faint sounds; gain?
PC,925,SUMMIT-LAKE-129,214729,,-114.009125,49.021301,,,305539,2021-06-29 09:53:30,284884,Transcribed,600s,1SPT,RCKI,Ruby-crowned Kinglet,CORTHYLIO CALENDULA,1,2574508,1,Song,225.11,3.19,-46.65,f,,Steve Ogle,1211,,faint sounds; gain?
PC,925,SUMMIT-LAKE-129,214729,,-114.009125,49.021301,,,305539,2021-06-29 09:53:30,284884,Transcribed,600s,1SPT,AMPI,American Pipit,ANTHUS RUBESCENS,1,2574492,1,Song,154.83,15.55,-43.93,f,,Steve Ogle,1211,,faint sounds; gain?
PC,925,SUMMIT-LAKE-129,214729,,-114.009125,49.021301,,,305539,2021-06-29 09:53:30,284884,Transcribed,600s,1SPT,NOFL,Northern Flicker,COLAPTES AURATUS,1,2574485,1,Call,114.26,1.03,-51.67,f,,Steve Ogle,1211,,faint sounds; gain?
PC,925,SUMMIT-LAKE-129,214729,,-114.009125,49.021301,,,305539,2021-06-29 09:53:30,284884,Transcribed,600s,1SPT,YRWA,Yellow-rumped Warbler,SETOPHAGA CORONATA,1,2574543,1,Call,469.08,1.58,-41.6,f,,Steve Ogle,1211,,faint sounds; gain?
PC,925,SUMMIT-LAKE-129,214729,,-114.009125,49.021301,,,305539,2021-06-29 09:53:30,284884,Transcribed,600s,1SPT,WCSP,White-crowned Sparrow,ZONOTRICHIA LEUCOPHRYS,3,2574515,1,Song,302.14,3.10,-52.22,f,,Steve Ogle,1211,,faint sounds; gain?
PC,925,SUMMIT-LAKE-129,214729,,-114.009125,49.021301,,,305539,2021-06-29 09:53:30,284884,Transcribed,600s,1SPT,WCSP,White-crowned Sparrow,ZONOTRICHIA LEUCOPHRYS,2,2574503,1,Song,199.70,2.79,-43.7,f,,Steve Ogle,1211,,faint sounds; gain?
PC,925,SUMMIT-LAKE-129,214729,,-114.009125,49.021301,,,305539,2021-06-29 09:53:30,284884,Transcribed,600s,1SPT,WCSP,White-crowned Sparrow,ZONOTRICHIA LEUCOPHRYS,1,2574501,1,Song,172.45,2.38,-46.87,f,,Steve Ogle,1211,,faint sounds; gain?
PC,925,SUMMIT-LAKE-129,214729,,-114.009125,49.021301,,,305539,2021-06-29 09:53:30,284884,Transcribed,600s,1SPT,CLNU,Clark's Nutcracker,NUCIFRAGA COLUMBIANA,3,2574546,1,Call,466.51,5.29,-35.9,f,,Steve Ogle,1211,total of 3 now,faint sounds; gain?
PC,925,SUMMIT-LAKE-129,214729,,-114.009125,49.021301,,,305539,2021-06-29 09:53:30,284884,Transcribed,600s,1SPT,CLNU,Clark's Nutcracker,NUCIFRAGA COLUMBIANA,2,2574511,1,Call,255.90,2.29,-43.12,f,,Steve Ogle,1211,,faint sounds; gain?
PC,925,SUMMIT-LAKE-129,214729,,-114.009125,49.021301,,,305539,2021-06-29 09:53:30,284884,Transcribed,600s,1SPT,CLNU,Clark's Nutcracker,NUCIFRAGA COLUMBIANA,1,2574504,1,Call,207.61,1.63,-45.85,f,,Steve Ogle,1211,,faint sounds; gain?
PC,925,SUMMIT-LAKE-129,214729,,-114.009125,49.021301,,,305539,2021-06-29 09:53:30,284884,Transcribed,600s,1SPT,CAFI,Cassin's Finch,HAEMORHOUS CASSINII,1,2574464,1,Song,54.28,3.68,-46.25,f,,Steve Ogle,1211,,faint sounds; gain?
PC,925,SUMMIT-LAKE-129,214729,,-114.009125,49.021301,,,305539,2021-06-29 09:53:30,284884,Transcribed,600s,1SPT,CHSP,Chipping Sparrow,SPIZELLA PASSERINA,1,2574441,1,Song,1.39,3.69,-53.68,f,,Steve Ogle,1211,,faint sounds; gain?
PC,925,SUMMIT-LAKE-15,214730,,-114.024641,49.007973,,,305542,2021-06-29 06:30:20,284887,Transcribed,600s,1SPT,DEJU,Dark-eyed Junco,JUNCO HYEMALIS,1,2553125,1,Song,0.13,2.20,-41.54,f,,Steve Ogle,1211,,creek
PC,925,SUMMIT-LAKE-15,214730,,-114.024641,49.007973,,,305542,2021-06-29 06:30:20,284887,Transcribed,600s,1SPT,DEJU,Dark-eyed Junco,JUNCO HYEMALIS,2,2553129,1,Song,2.56,2.83,-44.54,f,,Steve Ogle,1211,,creek
PC,925,SUMMIT-LAKE-15,214730,,-114.024641,49.007973,,,305542,2021-06-29 06:30:20,284887,Transcribed,600s,1SPT,AMRO,American Robin,TURDUS MIGRATORIUS,1,2553132,1,Song,0.76,5.69,-41.56,f,,Steve Ogle,1211,,creek
PC,925,SUMMIT-LAKE-15,214730,,-114.024641,49.007973,,,305542,2021-06-29 06:30:20,284887,Transcribed,600s,1SPT,WCSP,White-crowned Sparrow,ZONOTRICHIA LEUCOPHRYS,1,2553135,1,Song,11.26,3.59,-21.53,f,,Steve Ogle,1211,,creek
PC,925,SUMMIT-LAKE-15,214730,,-114.024641,49.007973,,,305542,2021-06-29 06:30:20,284887,Transcribed,600s,1SPT,WCSP,White-crowned Sparrow,ZONOTRICHIA LEUCOPHRYS,2,2553151,1,Song,256.51,2.74,-36.66,f,,Steve Ogle,1211,,creek
PC,925,SUMMIT-LAKE-15,214730,,-114.024641,49.007973,,,305542,2021-06-29 06:30:20,284887,Transcribed,600s,1SPT,YRWA,Yellow-rumped Warbler,SETOPHAGA CORONATA,1,2553145,1,Song,207.00,2.69,-38.26,f,,Steve Ogle,1211,,creek
PC,925,SUMMIT-LAKE-15,214730,,-114.024641,49.007973,,,305542,2021-06-29 06:30:20,284887,Transcribed,600s,1SPT,PISI,Pine Siskin,SPINUS PINUS,1,2553156,2,Call,559.84,7.66,-17.9,f,,Steve Ogle,1211,,creek
PC,925,SUMMIT-LAKE-15,214730,,-114.024641,49.007973,,,305542,2021-06-29 06:30:20,284887,Transcribed,600s,1SPT,BAGO,Barrow's Goldeneye,BUCEPHALA ISLANDICA,1,2553144,1,Call,201.20,4.54,-26.31,f,,Steve Ogle,1211,,creek
PC,925,SUMMIT-LAKE-15,214730,,-114.024641,49.007973,,,305542,2021-06-29 06:30:20,284887,Transcribed,600s,1SPT,MOBL,Mountain Bluebird,SIALIA CURRUCOIDES,1,2553141,1,Call,94.60,2.00,-23.35,f,,Steve Ogle,1211,,creek
PC,925,SUMMIT-LAKE-15,214730,,-114.024641,49.007973,,,305542,2021-06-29 06:30:20,284887,Transcribed,600s,1SPT,SPSA,Spotted Sandpiper,ACTITIS MACULARIUS,1,2553123,1,Song,0.05,1.00,-38.35,f,,Steve Ogle,1211,,creek
PC,925,SUMMIT-LAKE-15,214730,,-114.024641,49.007973,,,305542,2021-06-29 06:30:20,284887,Transcribed,600s,1SPT,SPSA,Spotted Sandpiper,ACTITIS MACULARIUS,2,2553136,1,Call,9.70,12.93,-23.8,f,,Steve Ogle,1211,,creek
PC,925,SUMMIT-LAKE-15,214730,,-114.024641,49.007973,,,305542,2021-06-29 06:30:20,284887,Transcribed,600s,1SPT,CLNU,Clark's Nutcracker,NUCIFRAGA COLUMBIANA,1,2553154,1,Call,537.10,10.59,-18.44,f,,Steve Ogle,1211,,creek
PC,925,SUMMIT-LAKE-16,214731,,-114.023676,49.009468,,,305548,2021-06-29 07:00:15,284893,Transcribed,600s,1SPT,USHU,Unidentified Selasphorus Hummingbird,SELASPHORUS,1,2562280,1,Non-vocal,74.09,2.14,-37.04,f,,Steve Ogle,1211,,creek
PC,925,SUMMIT-LAKE-16,214731,,-114.023676,49.009468,,,305548,2021-06-29 07:00:15,284893,Transcribed,600s,1SPT,PISI,Pine Siskin,SPINUS PINUS,1,2562279,1,Call,76.01,5.44,-41.63,f,,Steve Ogle,1211,,creek
PC,925,SUMMIT-LAKE-16,214731,,-114.023676,49.009468,,,305548,2021-06-29 07:00:15,284893,Transcribed,600s,1SPT,AMRO,American Robin,TURDUS MIGRATORIUS,1,2562275,1,Call,8.64,2.98,-23.17,f,,Steve Ogle,1211,,creek
PC,925,SUMMIT-LAKE-16,214731,,-114.023676,49.009468,,,305548,2021-06-29 07:00:15,284893,Transcribed,600s,1SPT,CLNU,Clark's Nutcracker,NUCIFRAGA COLUMBIANA,1,2562285,1,Call,382.73,4.38,-28.61,f,,Steve Ogle,1211,,creek
PC,925,SUMMIT-LAKE-16,214731,,-114.023676,49.009468,,,305548,2021-06-29 07:00:15,284893,Transcribed,600s,1SPT,SPSA,Spotted Sandpiper,ACTITIS MACULARIUS,1,2562287,1,Call,559.08,4.38,-20.34,f,,Steve Ogle,1211,,creek
PC,925,SUMMIT-LAKE-16,214731,,-114.023676,49.009468,,,305548,2021-06-29 07:00:15,284893,Transcribed,600s,1SPT,CAFI,Cassin's Finch,HAEMORHOUS CASSINII,1,2562286,1,Song,537.14,3.54,-30.33,f,,Steve Ogle,1211,,creek
PC,925,SUMMIT-LAKE-16,214731,,-114.023676,49.009468,,,305548,2021-06-29 07:00:15,284893,Transcribed,600s,1SPT,MOBL,Mountain Bluebird,SIALIA CURRUCOIDES,1,2562273,2,Call,3.73,1.51,-26.34,f,,Steve Ogle,1211,,creek
PC,925,SUMMIT-LAKE-16,214731,,-114.023676,49.009468,,,305548,2021-06-29 07:00:15,284893,Transcribed,600s,1SPT,RECR,Red Crossbill,LOXIA CURVIROSTRA,1,2562284,2,Call,175.14,4.24,-28.35,f,,Steve Ogle,1211,,creek
PC,925,SUMMIT-LAKE-16,214731,,-114.023676,49.009468,,,305548,2021-06-29 07:00:15,284893,Transcribed,600s,1SPT,PISI,Pine Siskin,SPINUS PINUS,2,2562282,1,Call,132.58,1.90,-32.09,f,,Steve Ogle,1211,,creek
PC,925,SUMMIT-LAKE-16,214731,,-114.023676,49.009468,,,305548,2021-06-29 07:00:15,284893,Transcribed,600s,1SPT,CHSP,Chipping Sparrow,SPIZELLA PASSERINA,1,2562272,1,Song,1.58,2.30,-40.06,f,,Steve Ogle,1211,,creek
PC,925,SUMMIT-LAKE-16,214731,,-114.023676,49.009468,,,305548,2021-06-29 07:00:15,284893,Transcribed,600s,1SPT,PISI,Pine Siskin,SPINUS PINUS,3,2562288,1,Call,565.94,2.85,-41.72,f,,Steve Ogle,1211,,creek
PC,925,SUMMIT-LAKE-16,214731,,-114.023676,49.009468,,,305548,2021-06-29 07:00:15,284893,Transcribed,600s,1SPT,BAGO,Barrow's Goldeneye,BUCEPHALA ISLANDICA,1,2562283,1,Non-vocal,146.16,2.26,-22.47,f,,Steve Ogle,1211,wingbeats; but sounds like PIWO or BOOW too ,creek
PC,925,SUMMIT-LAKE-16,214731,,-114.023676,49.009468,,,305548,2021-06-29 07:00:15,284893,Transcribed,600s,1SPT,YRWA,Yellow-rumped Warbler,SETOPHAGA CORONATA,1,2562281,1,Song,120.20,3.09,-36.22,f,,Steve Ogle,1211,,creek
PC,925,SUMMIT-LAKE-16,214731,,-114.023676,49.009468,,,305548,2021-06-29 07:00:15,284893,Transcribed,600s,1SPT,WCSP,White-crowned Sparrow,ZONOTRICHIA LEUCOPHRYS,1,2562274,1,Song,8.33,2.05,-30.96,f,,Steve Ogle,1211,,creek
PC,925,SUMMIT-LAKE-16,214731,,-114.023676,49.009468,,,305548,2021-06-29 07:00:15,284893,Transcribed,600s,1SPT,AMRO,American Robin,TURDUS MIGRATORIUS,2,2562277,1,Song,49.15,7.31,-28.41,f,,Steve Ogle,1211,,creek
PC,925,SUMMIT-LAKE-9,214728,,-114.032730,49.015226,,,305549,2021-06-28 07:45:25,284894,Transcribed,600s,1SPT,HETH,Hermit Thrush,CATHARUS GUTTATUS,1,2566765,1,Song,0.96,2.44,-30.35,f,,Steve Ogle,1211,,creek
PC,925,SUMMIT-LAKE-9,214728,,-114.032730,49.015226,,,305549,2021-06-28 07:45:25,284894,Transcribed,600s,1SPT,HETH,Hermit Thrush,CATHARUS GUTTATUS,2,2566799,1,Song,388.78,1.50,-40.34,f,,Steve Ogle,1211,,creek
PC,925,SUMMIT-LAKE-9,214728,,-114.032730,49.015226,,,305549,2021-06-28 07:45:25,284894,Transcribed,600s,1SPT,WIWA,Wilson's Warbler,CARDELLINA PUSILLA,1,2566778,1,Song,123.79,3.24,-31.93,f,,Steve Ogle,1211,,creek
PC,925,SUMMIT-LAKE-9,214728,,-114.032730,49.015226,,,305549,2021-06-28 07:45:25,284894,Transcribed,600s,1SPT,WTSP,White-throated Sparrow,ZONOTRICHIA ALBICOLLIS,1,2566768,1,Song,22.71,4.31,-29.6,f,,Steve Ogle,1211,,creek
PC,925,SUMMIT-LAKE-9,214728,,-114.032730,49.015226,,,305549,2021-06-28 07:45:25,284894,Transcribed,600s,1SPT,DEJU,Dark-eyed Junco,JUNCO HYEMALIS,1,2566763,1,Song,0.43,2.91,-28.58,f,,Steve Ogle,1211,,creek
PC,925,SUMMIT-LAKE-9,214728,,-114.032730,49.015226,,,305549,2021-06-28 07:45:25,284894,Transcribed,600s,1SPT,USHU,Unidentified Selasphorus Hummingbird,SELASPHORUS,1,2566786,1,Non-vocal,216.83,2.10,-46.37,f,,Steve Ogle,1211,wingbeats; likely RUHU but I'm defaulting to this option,creek
PC,925,SUMMIT-LAKE-9,214728,,-114.032730,49.015226,,,305549,2021-06-28 07:45:25,284894,Transcribed,600s,1SPT,CLNU,Clark's Nutcracker,NUCIFRAGA COLUMBIANA,1,2566792,1,Call,309.11,1.95,-31.83,f,,Steve Ogle,1211,,creek
PC,925,SUMMIT-LAKE-9,214728,,-114.032730,49.015226,,,305549,2021-06-28 07:45:25,284894,Transcribed,600s,1SPT,CLNU,Clark's Nutcracker,NUCIFRAGA COLUMBIANA,2,2566802,1,Non-vocal,422.90,4.10,-30.43,f,,Steve Ogle,1211,wingbeats,creek
PC,925,WISHBONE-TRAIL-33,214727,,-113.826266,49.106553,,,305608,2021-06-01 05:07:38,284953,Transcribed,600s,1SPT,PBGR,Pied-billed Grebe,PODILYMBUS PODICEPS,1,2564348,1,Call,20.20,3.60,-20.53,f,,Steve Ogle,1211,,bird noise
PC,925,WISHBONE-TRAIL-33,214727,,-113.826266,49.106553,,,305608,2021-06-01 05:07:38,284953,Transcribed,600s,1SPT,CCSP,Clay-colored Sparrow,SPIZELLA PALLIDA,1,2564496,1,Song,253.63,4.98,-35.89,f,,Steve Ogle,1211,,bird noise
PC,925,WISHBONE-TRAIL-33,214727,,-113.826266,49.106553,,,305608,2021-06-01 05:07:38,284953,Transcribed,600s,1SPT,RNSA,Red-naped Sapsucker,SPHYRAPICUS NUCHALIS,1,2564500,1,Non-vocal,274.73,2.55,-34.87,f,,Steve Ogle,1211,,bird noise
PC,925,WISHBONE-TRAIL-33,214727,,-113.826266,49.106553,,,305608,2021-06-01 05:07:38,284953,Transcribed,600s,1SPT,SORA,Sora,PORZANA CAROLINA,1,2564294,1,Song,0.08,2.20,-33.19,f,,Steve Ogle,1211,,bird noise
PC,925,WISHBONE-TRAIL-33,214727,,-113.826266,49.106553,,,305608,2021-06-01 05:07:38,284953,Transcribed,600s,1SPT,PBGR,Pied-billed Grebe,PODILYMBUS PODICEPS,2,2564511,1,Call,369.76,7.18,-22.84,f,,Steve Ogle,1211,,bird noise
PC,925,WISHBONE-TRAIL-33,214727,,-113.826266,49.106553,,,305608,2021-06-01 05:07:38,284953,Transcribed,600s,1SPT,GHOW,Great Horned Owl,BUBO VIRGINIANUS,2,2564475,1,Call,158.95,3.28,-16.22,f,,Steve Ogle,1211,duet with other,bird noise
PC,925,WISHBONE-TRAIL-33,214727,,-113.826266,49.106553,,,305608,2021-06-01 05:07:38,284953,Transcribed,600s,1SPT,GHOW,Great Horned Owl,BUBO VIRGINIANUS,1,2564433,1,Song,49.74,3.85,-28.12,f,,Steve Ogle,1211,,bird noise
PC,925,WISHBONE-TRAIL-33,214727,,-113.826266,49.106553,,,305608,2021-06-01 05:07:38,284953,Transcribed,600s,1SPT,VEER,Veery,CATHARUS FUSCESCENS,1,2564305,2,Call,6.91,2.06,-36.9,f,,Steve Ogle,1211,,bird noise
PC,925,WISHBONE-TRAIL-33,214727,,-113.826266,49.106553,,,305608,2021-06-01 05:07:38,284953,Transcribed,600s,1SPT,EUST,European Starling,STURNUS VULGARIS,1,2564434,1,Call,70.24,2.64,-37.84,f,,Steve Ogle,1211,,bird noise
PC,925,WISHBONE-TRAIL-33,214727,,-113.826266,49.106553,,,305608,2021-06-01 05:07:38,284953,Transcribed,600s,1SPT,TRES,Tree Swallow,TACHYCINETA BICOLOR,3,2564466,1,Call,145.75,3.51,-34.81,f,,Steve Ogle,1211,,bird noise
PC,925,WISHBONE-TRAIL-33,214727,,-113.826266,49.106553,,,305608,2021-06-01 05:07:38,284953,Transcribed,600s,1SPT,SACR,Sandhill Crane,ANTIGONE CANADENSIS,1,2564534,1,Call,546.31,3.85,-35.49,f,,Steve Ogle,1211,,bird noise
PC,925,WISHBONE-TRAIL-33,214727,,-113.826266,49.106553,,,305608,2021-06-01 05:07:38,284953,Transcribed,600s,1SPT,CORA,Common Raven,CORVUS CORAX,1,2564531,1,Call,517.63,3.88,-34.84,f,,Steve Ogle,1211,,bird noise
PC,925,WISHBONE-TRAIL-33,214727,,-113.826266,49.106553,,,305608,2021-06-01 05:07:38,284953,Transcribed,600s,1SPT,YHBL,Yellow-headed Blackbird,XANTHOCEPHALUS XANTHOCEPHALUS,2,2564477,1,Song,167.04,1.51,-20.79,f,,Steve Ogle,1211,,bird noise
PC,925,WISHBONE-TRAIL-33,214727,,-113.826266,49.106553,,,305608,2021-06-01 05:07:38,284953,Transcribed,600s,1SPT,YHBL,Yellow-headed Blackbird,XANTHOCEPHALUS XANTHOCEPHALUS,3,2564504,1,Song,344.20,3.49,-25.24,f,,Steve Ogle,1211,,bird noise
PC,925,WISHBONE-TRAIL-33,214727,,-113.826266,49.106553,,,305608,2021-06-01 05:07:38,284953,Transcribed,600s,1SPT,AMRO,American Robin,TURDUS MIGRATORIUS,1,2564314,1,Song,2.79,2.48,-26.41,f,,Steve Ogle,1211,,bird noise
PC,925,WISHBONE-TRAIL-33,214727,,-113.826266,49.106553,,,305608,2021-06-01 05:07:38,284953,Transcribed,600s,1SPT,WCSP,White-crowned Sparrow,ZONOTRICHIA LEUCOPHRYS,1,2564299,1,Song,2.96,2.28,-39.56,f,,Steve Ogle,1211,,bird noise
PC,925,WISHBONE-TRAIL-33,214727,,-113.826266,49.106553,,,305608,2021-06-01 05:07:38,284953,Transcribed,600s,1SPT,WCSP,White-crowned Sparrow,ZONOTRICHIA LEUCOPHRYS,2,2564456,1,Song,131.54,3.33,-33.27,f,,Steve Ogle,1211,,bird noise
PC,925,WISHBONE-TRAIL-33,214727,,-113.826266,49.106553,,,305608,2021-06-01 05:07:38,284953,Transcribed,600s,1SPT,WISN,Wilson's Snipe,GALLINAGO DELICATA,1,2564440,1,Song,84.79,3.43,-20.89,f,,Steve Ogle,1211,,bird noise
PC,925,WISHBONE-TRAIL-33,214727,,-113.826266,49.106553,,,305608,2021-06-01 05:07:38,284953,Transcribed,600s,1SPT,CCSP,Clay-colored Sparrow,SPIZELLA PALLIDA,3,2564501,1,Song,289.13,6.36,-34.11,f,,Steve Ogle,1211,,bird noise
PC,925,WISHBONE-TRAIL-33,214727,,-113.826266,49.106553,,,305608,2021-06-01 05:07:38,284953,Transcribed,600s,1SPT,CCSP,Clay-colored Sparrow,SPIZELLA PALLIDA,2,2564498,1,Song,259.11,4.63,-37.87,f,,Steve Ogle,1211,,bird noise
PC,925,WISHBONE-TRAIL-33,214727,,-113.826266,49.106553,,,305608,2021-06-01 05:07:38,284953,Transcribed,600s,1SPT,NOWA,Northern Waterthrush,PARKESIA NOVEBORACENSIS,1,2564291,1,Song,0.71,2.18,-32.4,f,,Steve Ogle,1211,,bird noise
PC,925,WISHBONE-TRAIL-33,214727,,-113.826266,49.106553,,,305608,2021-06-01 05:07:38,284953,Transcribed,600s,1SPT,YEWA,Yellow Warbler,SETOPHAGA PETECHIA,1,2564288,1,Song,0.33,2.86,-31.92,f,,Steve Ogle,1211,,bird noise
PC,925,WISHBONE-TRAIL-33,214727,,-113.826266,49.106553,,,305608,2021-06-01 05:07:38,284953,Transcribed,600s,1SPT,YEWA,Yellow Warbler,SETOPHAGA PETECHIA,2,2564311,1,Song,1.71,2.34,-24.54,f,,Steve Ogle,1211,,bird noise
PC,925,WISHBONE-TRAIL-33,214727,,-113.826266,49.106553,,,305608,2021-06-01 05:07:38,284953,Transcribed,600s,1SPT,YEWA,Yellow Warbler,SETOPHAGA PETECHIA,3,2564319,1,Song,5.08,2.78,-34.48,f,,Steve Ogle,1211,,bird noise
PC,925,WISHBONE-TRAIL-33,214727,,-113.826266,49.106553,,,305608,2021-06-01 05:07:38,284953,Transcribed,600s,1SPT,GRCA,Gray Catbird,DUMETELLA CAROLINENSIS,1,2564330,1,Song,9.35,3.15,-30.55,f,,Steve Ogle,1211,,bird noise
PC,925,WISHBONE-TRAIL-33,214727,,-113.826266,49.106553,,,305608,2021-06-01 05:07:38,284953,Transcribed,600s,1SPT,GRCA,Gray Catbird,DUMETELLA CAROLINENSIS,2,2564530,1,Song,519.50,4.30,-32.62,f,,Steve Ogle,1211,can finally say there are two,bird noise
PC,925,WISHBONE-TRAIL-33,214727,,-113.826266,49.106553,,,305608,2021-06-01 05:07:38,284953,Transcribed,600s,1SPT,RWBL,Red-winged Blackbird,AGELAIUS PHOENICEUS,1,2564426,2,Call,46.00,3.36,-34.52,f,,Steve Ogle,1211,,bird noise
PC,925,WISHBONE-TRAIL-33,214727,,-113.826266,49.106553,,,305608,2021-06-01 05:07:38,284953,Transcribed,600s,1SPT,RWBL,Red-winged Blackbird,AGELAIUS PHOENICEUS,2,2564488,1,Song,196.29,2.60,-32.11,f,,Steve Ogle,1211,two singing here actually,bird noise
PC,925,WISHBONE-TRAIL-33,214727,,-113.826266,49.106553,,,305608,2021-06-01 05:07:38,284953,Transcribed,600s,1SPT,TRES,Tree Swallow,TACHYCINETA BICOLOR,2,2564451,1,Call,122.94,4.35,-39.27,f,,Steve Ogle,1211,,bird noise
PC,925,WISHBONE-TRAIL-33,214727,,-113.826266,49.106553,,,305608,2021-06-01 05:07:38,284953,Transcribed,600s,1SPT,TRES,Tree Swallow,TACHYCINETA BICOLOR,1,2564423,1,Call,43.75,4.25,-37.14,f,,Steve Ogle,1211,,bird noise
PC,925,WISHBONE-TRAIL-33,214727,,-113.826266,49.106553,,,305608,2021-06-01 05:07:38,284953,Transcribed,600s,1SPT,BHCO,Brown-headed Cowbird,MOLOTHRUS ATER,3,2564548,1,Song,576.84,1.51,-37.08,f,,Steve Ogle,1211,,bird noise
PC,925,WISHBONE-TRAIL-33,214727,,-113.826266,49.106553,,,305608,2021-06-01 05:07:38,284953,Transcribed,600s,1SPT,BHCO,Brown-headed Cowbird,MOLOTHRUS ATER,2,2564414,1,Song,42.65,2.38,-45.88,f,,Steve Ogle,1211,more distant,bird noise
PC,925,WISHBONE-TRAIL-33,214727,,-113.826266,49.106553,,,305608,2021-06-01 05:07:38,284953,Transcribed,600s,1SPT,BHCO,Brown-headed Cowbird,MOLOTHRUS ATER,1,2564401,1,Song,26.18,3.03,-36.13,f,,Steve Ogle,1211,,bird noise
PC,925,WISHBONE-TRAIL-33,214727,,-113.826266,49.106553,,,305608,2021-06-01 05:07:38,284953,Transcribed,600s,1SPT,BANS,Bank Swallow,RIPARIA RIPARIA,1,2564516,1,Call,413.36,1.81,-43.76,f,,Steve Ogle,1211,,bird noise
PC,925,WISHBONE-TRAIL-33,214727,,-113.826266,49.106553,,,305608,2021-06-01 05:07:38,284953,Transcribed,600s,1SPT,AMBI,American Bittern,BOTAURUS LENTIGINOSUS,1,2564333,1,Song,10.35,8.29,-13.01,f,,Steve Ogle,1211,,bird noise
PC,925,WISHBONE-TRAIL-33,214727,,-113.826266,49.106553,,,305608,2021-06-01 05:07:38,284953,Transcribed,600s,1SPT,AMGO,American Goldfinch,SPINUS TRISTIS,1,2564490,1,Song,217.84,2.36,-26.15,f,,Steve Ogle,1211,,bird noise
PC,925,WISHBONE-TRAIL-33,214727,,-113.826266,49.106553,,,305608,2021-06-01 05:07:38,284953,Transcribed,600s,1SPT,LISP,Lincoln's Sparrow,MELOSPIZA LINCOLNII,1,2564405,1,Song,34.60,2.98,-36.27,f,,Steve Ogle,1211,,bird noise
PC,925,WISHBONE-TRAIL-33,214727,,-113.826266,49.106553,,,305608,2021-06-01 05:07:38,284953,Transcribed,600s,1SPT,SWTH,Swainson's Thrush,CATHARUS USTULATUS,1,2564326,1,Call,9.30,1.28,-34.34,f,,Steve Ogle,1211,,bird noise
PC,925,WISHBONE-TRAIL-33,214727,,-113.826266,49.106553,,,305608,2021-06-01 05:07:38,284953,Transcribed,600s,1SPT,NOFL,Northern Flicker,COLAPTES AURATUS,1,2564513,1,Song,394.99,4.31,-29.54,f,,Steve Ogle,1211,,bird noise
PC,925,WISHBONE-TRAIL-33,214727,,-113.826266,49.106553,,,305608,2021-06-01 05:07:38,284953,Transcribed,600s,1SPT,RUGR,Ruffed Grouse,BONASA UMBELLUS,1,2564343,1,Non-vocal,15.93,5.30,-10.8,f,,Steve Ogle,1211,,bird noise
PC,925,WISHBONE-TRAIL-33,214727,,-113.826266,49.106553,,,305608,2021-06-01 05:07:38,284953,Transcribed,600s,1SPT,CANG,Canada Goose,BRANTA CANADENSIS,2,2564503,1,Call,302.66,2.89,-32.77,f,,Steve Ogle,1211,,bird noise
PC,925,WISHBONE-TRAIL-33,214727,,-113.826266,49.106553,,,305608,2021-06-01 05:07:38,284953,Transcribed,600s,1SPT,CANG,Canada Goose,BRANTA CANADENSIS,1,2564448,2,Call,106.48,6.01,-37.98,f,,Steve Ogle,1211,,bird noise
PC,925,WISHBONE-TRAIL-33,214727,,-113.826266,49.106553,,,305608,2021-06-01 05:07:38,284953,Transcribed,600s,1SPT,CEDW,Cedar Waxwing,BOMBYCILLA CEDRORUM,1,2564442,1,Song,87.51,3.31,-42.64,f,,Steve Ogle,1211,,bird noise
PC,925,WISHBONE-TRAIL-33,214727,,-113.826266,49.106553,,,305608,2021-06-01 05:07:38,284953,Transcribed,600s,1SPT,HOWR,House Wren,TROGLODYTES AEDON,1,2564320,1,Song,6.41,2.63,-35.45,f,,Steve Ogle,1211,,bird noise
PC,925,WISHBONE-TRAIL-33,214727,,-113.826266,49.106553,,,305608,2021-06-01 05:07:38,284953,Transcribed,600s,1SPT,HOWR,House Wren,TROGLODYTES AEDON,2,2564463,1,Call,141.15,1.41,-32.8,f,,Steve Ogle,1211,,bird noise
PC,925,WISHBONE-TRAIL-33,214727,,-113.826266,49.106553,,,305608,2021-06-01 05:07:38,284953,Transcribed,600s,1SPT,YHBL,Yellow-headed Blackbird,XANTHOCEPHALUS XANTHOCEPHALUS,1,2564470,1,Song,154.85,2.03,-38.51,f,,Steve Ogle,1211,possibly earlier,bird noise
PC,925,WISHBONE-TRAIL-34,214725,,-113.827115,49.105102,,,305609,2021-06-01 05:34:35,284954,Transcribed,600s,1SPT,GRCA,Gray Catbird,DUMETELLA CAROLINENSIS,1,2550461,1,Song,31.14,5.58,-28.01,f,,Steve Ogle,1211,,bird noise
PC,925,WISHBONE-TRAIL-34,214725,,-113.827115,49.105102,,,305609,2021-06-01 05:34:35,284954,Transcribed,600s,1SPT,YEWA,Yellow Warbler,SETOPHAGA PETECHIA,3,2550511,1,Song,275.51,2.71,-46.6,f,,Steve Ogle,1211,,bird noise
PC,925,WISHBONE-TRAIL-34,214725,,-113.827115,49.105102,,,305609,2021-06-01 05:34:35,284954,Transcribed,600s,1SPT,SOSP,Song Sparrow,MELOSPIZA MELODIA,1,2550494,1,Song,199.96,4.28,-34.28,f,,Steve Ogle,1211,,bird noise
PC,925,WISHBONE-TRAIL-34,214725,,-113.827115,49.105102,,,305609,2021-06-01 05:34:35,284954,Transcribed,600s,1SPT,RUGR,Ruffed Grouse,BONASA UMBELLUS,1,2550468,1,Non-vocal,75.48,9.53,-24.13,f,,Steve Ogle,1211,,bird noise
PC,925,WISHBONE-TRAIL-34,214725,,-113.827115,49.105102,,,305609,2021-06-01 05:34:35,284954,Transcribed,600s,1SPT,CANG,Canada Goose,BRANTA CANADENSIS,1,2550506,2,Call,253.14,10.73,-29.85,f,,Steve Ogle,1211,,bird noise
PC,925,WISHBONE-TRAIL-34,214725,,-113.827115,49.105102,,,305609,2021-06-01 05:34:35,284954,Transcribed,600s,1SPT,SACR,Sandhill Crane,ANTIGONE CANADENSIS,1,2550478,1,Call,67.29,5.48,-38.55,f,,Steve Ogle,1211,,bird noise
PC,925,WISHBONE-TRAIL-34,214725,,-113.827115,49.105102,,,305609,2021-06-01 05:34:35,284954,Transcribed,600s,1SPT,WCSP,White-crowned Sparrow,ZONOTRICHIA LEUCOPHRYS,1,2550430,1,Song,3.29,2.90,-23.47,f,,Steve Ogle,1211,,bird noise
PC,925,WISHBONE-TRAIL-34,214725,,-113.827115,49.105102,,,305609,2021-06-01 05:34:35,284954,Transcribed,600s,1SPT,AMRO,American Robin,TURDUS MIGRATORIUS,1,2550474,1,Song,95.83,5.39,-25.58,f,,Steve Ogle,1211,,bird noise
PC,925,WISHBONE-TRAIL-34,214725,,-113.827115,49.105102,,,305609,2021-06-01 05:34:35,284954,Transcribed,600s,1SPT,YHBL,Yellow-headed Blackbird,XANTHOCEPHALUS XANTHOCEPHALUS,3,2550447,1,Song,15.55,1.84,-29.84,f,,Steve Ogle,1211,,bird noise
PC,925,WISHBONE-TRAIL-34,214725,,-113.827115,49.105102,,,305609,2021-06-01 05:34:35,284954,Transcribed,600s,1SPT,YHBL,Yellow-headed Blackbird,XANTHOCEPHALUS XANTHOCEPHALUS,2,2550440,1,Song,13.19,2.76,-40.9,f,,Steve Ogle,1211,,bird noise
PC,925,WISHBONE-TRAIL-34,214725,,-113.827115,49.105102,,,305609,2021-06-01 05:34:35,284954,Transcribed,600s,1SPT,YHBL,Yellow-headed Blackbird,XANTHOCEPHALUS XANTHOCEPHALUS,1,2550432,1,Song,5.61,1.53,-34.73,f,,Steve Ogle,1211,,bird noise
PC,925,WISHBONE-TRAIL-34,214725,,-113.827115,49.105102,,,305609,2021-06-01 05:34:35,284954,Transcribed,600s,1SPT,DOWO,Downy Woodpecker,DRYOBATES PUBESCENS,1,2550532,1,Non-vocal,538.74,2.96,-41.03,f,,Steve Ogle,1211,,bird noise
PC,925,WISHBONE-TRAIL-34,214725,,-113.827115,49.105102,,,305609,2021-06-01 05:34:35,284954,Transcribed,600s,1SPT,HOWR,House Wren,TROGLODYTES AEDON,2,2550442,1,Song,4.56,2.23,-26.25,f,,Steve Ogle,1211,,bird noise
PC,925,WISHBONE-TRAIL-34,214725,,-113.827115,49.105102,,,305609,2021-06-01 05:34:35,284954,Transcribed,600s,1SPT,HOWR,House Wren,TROGLODYTES AEDON,1,2550431,1,Call,0.44,2.50,-25.82,f,,Steve Ogle,1211,,bird noise
PC,925,WISHBONE-TRAIL-34,214725,,-113.827115,49.105102,,,305609,2021-06-01 05:34:35,284954,Transcribed,600s,1SPT,ALFL,Alder Flycatcher,EMPIDONAX ALNORUM,2,2550523,1,Song,373.76,1.94,-36.84,f,,Steve Ogle,1211,,bird noise
PC,925,WISHBONE-TRAIL-34,214725,,-113.827115,49.105102,,,305609,2021-06-01 05:34:35,284954,Transcribed,600s,1SPT,ALFL,Alder Flycatcher,EMPIDONAX ALNORUM,1,2550481,1,Song,154.99,2.24,-47.12,f,,Steve Ogle,1211,,bird noise
PC,925,WISHBONE-TRAIL-34,214725,,-113.827115,49.105102,,,305609,2021-06-01 05:34:35,284954,Transcribed,600s,1SPT,CEDW,Cedar Waxwing,BOMBYCILLA CEDRORUM,1,2550531,1,Song,537.34,7.14,-44.45,f,,Steve Ogle,1211,,bird noise
PC,925,WISHBONE-TRAIL-34,214725,,-113.827115,49.105102,,,305609,2021-06-01 05:34:35,284954,Transcribed,600s,1SPT,SORA,Sora,PORZANA CAROLINA,2,2550503,1,Call,227.08,2.98,-46.55,f,,Steve Ogle,1211,,bird noise
PC,925,WISHBONE-TRAIL-34,214725,,-113.827115,49.105102,,,305609,2021-06-01 05:34:35,284954,Transcribed,600s,1SPT,SORA,Sora,PORZANA CAROLINA,1,2550489,1,Call,181.01,6.01,-35.35,f,,Steve Ogle,1211,,bird noise
PC,925,WISHBONE-TRAIL-34,214725,,-113.827115,49.105102,,,305609,2021-06-01 05:34:35,284954,Transcribed,600s,1SPT,EAKI,Eastern Kingbird,TYRANNUS TYRANNUS,1,2550450,1,Song,19.49,1.40,-44.07,f,,Steve Ogle,1211,,bird noise
PC,925,WISHBONE-TRAIL-34,214725,,-113.827115,49.105102,,,305609,2021-06-01 05:34:35,284954,Transcribed,600s,1SPT,AMRE,American Redstart,SETOPHAGA RUTICILLA,1,2550451,1,Song,23.55,2.11,-31.2,f,,Steve Ogle,1211,,bird noise
PC,925,WISHBONE-TRAIL-34,214725,,-113.827115,49.105102,,,305609,2021-06-01 05:34:35,284954,Transcribed,600s,1SPT,PBGR,Pied-billed Grebe,PODILYMBUS PODICEPS,2,2550445,1,Call,13.30,2.66,-30.7,f,,Steve Ogle,1211,,bird noise
PC,925,WISHBONE-TRAIL-34,214725,,-113.827115,49.105102,,,305609,2021-06-01 05:34:35,284954,Transcribed,600s,1SPT,PBGR,Pied-billed Grebe,PODILYMBUS PODICEPS,1,2550428,1,Call,0.00,5.16,-20.47,f,,Steve Ogle,1211,,bird noise
PC,925,WISHBONE-TRAIL-34,214725,,-113.827115,49.105102,,,305609,2021-06-01 05:34:35,284954,Transcribed,600s,1SPT,MOCH,Mountain Chickadee,POECILE GAMBELI,1,2550518,1,Song,340.96,2.70,-46.36,f,,Steve Ogle,1211,,bird noise
PC,925,WISHBONE-TRAIL-34,214725,,-113.827115,49.105102,,,305609,2021-06-01 05:34:35,284954,Transcribed,600s,1SPT,EUST,European Starling,STURNUS VULGARIS,3,2550527,1,Song,423.45,1.59,-39.11,f,,Steve Ogle,1211,,bird noise
PC,925,WISHBONE-TRAIL-34,214725,,-113.827115,49.105102,,,305609,2021-06-01 05:34:35,284954,Transcribed,600s,1SPT,EUST,European Starling,STURNUS VULGARIS,2,2550521,1,Call,361.79,4.00,-40.14,f,,Steve Ogle,1211,,bird noise
PC,925,WISHBONE-TRAIL-34,214725,,-113.827115,49.105102,,,305609,2021-06-01 05:34:35,284954,Transcribed,600s,1SPT,EUST,European Starling,STURNUS VULGARIS,1,2550517,1,Call,340.18,3.91,-36.08,f,,Steve Ogle,1211,,bird noise
PC,925,WISHBONE-TRAIL-34,214725,,-113.827115,49.105102,,,305609,2021-06-01 05:34:35,284954,Transcribed,600s,1SPT,TRES,Tree Swallow,TACHYCINETA BICOLOR,2,2550465,1,Call,44.58,2.99,-38.37,f,,Steve Ogle,1211,,bird noise
PC,925,WISHBONE-TRAIL-34,214725,,-113.827115,49.105102,,,305609,2021-06-01 05:34:35,284954,Transcribed,600s,1SPT,TRES,Tree Swallow,TACHYCINETA BICOLOR,1,2550429,2,Call,0.08,3.63,-37.04,f,,Steve Ogle,1211,,bird noise
PC,925,WISHBONE-TRAIL-34,214725,,-113.827115,49.105102,,,305609,2021-06-01 05:34:35,284954,Transcribed,600s,1SPT,AMGO,American Goldfinch,SPINUS TRISTIS,1,2550427,1,Song,0.03,2.96,-30.85,f,,Steve Ogle,1211,,bird noise
PC,925,WISHBONE-TRAIL-34,214725,,-113.827115,49.105102,,,305609,2021-06-01 05:34:35,284954,Transcribed,600s,1SPT,LISP,Lincoln's Sparrow,MELOSPIZA LINCOLNII,1,2550466,1,Song,64.23,2.74,-39.7,f,,Steve Ogle,1211,,bird noise
PC,925,WISHBONE-TRAIL-34,214725,,-113.827115,49.105102,,,305609,2021-06-01 05:34:35,284954,Transcribed,600s,1SPT,LEFL,Least Flycatcher,EMPIDONAX MINIMUS,1,2550436,1,Song,9.41,1.34,-44.47,f,,Steve Ogle,1211,,bird noise
PC,925,WISHBONE-TRAIL-34,214725,,-113.827115,49.105102,,,305609,2021-06-01 05:34:35,284954,Transcribed,600s,1SPT,CCSP,Clay-colored Sparrow,SPIZELLA PALLIDA,2,2550479,1,Song,144.43,4.45,-38.3,f,,Steve Ogle,1211,,bird noise
PC,925,WISHBONE-TRAIL-34,214725,,-113.827115,49.105102,,,305609,2021-06-01 05:34:35,284954,Transcribed,600s,1SPT,CCSP,Clay-colored Sparrow,SPIZELLA PALLIDA,1,2550472,1,Song,85.19,3.91,-44.03,f,,Steve Ogle,1211,,bird noise
PC,925,WISHBONE-TRAIL-34,214725,,-113.827115,49.105102,,,305609,2021-06-01 05:34:35,284954,Transcribed,600s,1SPT,SAVS,Savannah Sparrow,PASSERCULUS SANDWICHENSIS,1,2550471,1,Song,83.34,2.79,-32.26,f,,Steve Ogle,1211,,bird noise
PC,925,WISHBONE-TRAIL-34,214725,,-113.827115,49.105102,,,305609,2021-06-01 05:34:35,284954,Transcribed,600s,1SPT,AMGO,American Goldfinch,SPINUS TRISTIS,2,2550514,1,Call,313.74,3.59,-30.92,f,,Steve Ogle,1211,,bird noise
PC,925,WISHBONE-TRAIL-34,214725,,-113.827115,49.105102,,,305609,2021-06-01 05:34:35,284954,Transcribed,600s,1SPT,AMGO,American Goldfinch,SPINUS TRISTIS,3,2550529,1,Call,506.23,4.29,-16.32,f,,Steve Ogle,1211,,bird noise
PC,925,WISHBONE-TRAIL-34,214725,,-113.827115,49.105102,,,305609,2021-06-01 05:34:35,284954,Transcribed,600s,1SPT,AMCO,American Coot,FULICA AMERICANA,1,2550499,1,Call,212.60,5.21,-43.34,f,,Steve Ogle,1211,,bird noise
PC,925,WISHBONE-TRAIL-34,214725,,-113.827115,49.105102,,,305609,2021-06-01 05:34:35,284954,Transcribed,600s,1SPT,AMBI,American Bittern,BOTAURUS LENTIGINOSUS,1,2550486,1,Song,165.65,13.28,-25.61,f,,Steve Ogle,1211,,bird noise
PC,925,WISHBONE-TRAIL-34,214725,,-113.827115,49.105102,,,305609,2021-06-01 05:34:35,284954,Transcribed,600s,1SPT,BHCO,Brown-headed Cowbird,MOLOTHRUS ATER,1,2550485,1,Song,161.25,2.31,-45.26,f,,Steve Ogle,1211,,bird noise
PC,925,WISHBONE-TRAIL-34,214725,,-113.827115,49.105102,,,305609,2021-06-01 05:34:35,284954,Transcribed,600s,1SPT,YEWA,Yellow Warbler,SETOPHAGA PETECHIA,2,2550458,1,Song,11.46,2.36,-41.8,f,,Steve Ogle,1211,,bird noise
PC,925,WISHBONE-TRAIL-34,214725,,-113.827115,49.105102,,,305609,2021-06-01 05:34:35,284954,Transcribed,600s,1SPT,YEWA,Yellow Warbler,SETOPHAGA PETECHIA,1,2550435,1,Song,7.19,2.10,-37.49,f,,Steve Ogle,1211,,bird noise
PC,925,WISHBONE-TRAIL-34,214725,,-113.827115,49.105102,,,305609,2021-06-01 05:34:35,284954,Transcribed,600s,1SPT,NOWA,Northern Waterthrush,PARKESIA NOVEBORACENSIS,2,2550453,1,Song,27.65,2.94,-39.15,f,,Steve Ogle,1211,,bird noise
PC,925,WISHBONE-TRAIL-34,214725,,-113.827115,49.105102,,,305609,2021-06-01 05:34:35,284954,Transcribed,600s,1SPT,NOWA,Northern Waterthrush,PARKESIA NOVEBORACENSIS,1,2550433,1,Song,6.25,2.80,-34.85,f,,Steve Ogle,1211,,bird noise
PC,925,WISHBONE-TRAIL-34,214725,,-113.827115,49.105102,,,305609,2021-06-01 05:34:35,284954,Transcribed,600s,1SPT,COYE,Common Yellowthroat,GEOTHLYPIS TRICHAS,1,2550483,1,Song,120.78,3.25,-35.52,f,,Steve Ogle,1211,,bird noise
PC,925,WISHBONE-TRAIL-34,214725,,-113.827115,49.105102,,,305609,2021-06-01 05:34:35,284954,Transcribed,600s,1SPT,RWBL,Red-winged Blackbird,AGELAIUS PHOENICEUS,2,2550508,1,Song,262.20,2.29,-37.62,f,,Steve Ogle,1211,,bird noise
PC,925,WISHBONE-TRAIL-34,214725,,-113.827115,49.105102,,,305609,2021-06-01 05:34:35,284954,Transcribed,600s,1SPT,RWBL,Red-winged Blackbird,AGELAIUS PHOENICEUS,1,2550437,1,Song,9.95,1.60,-44.04,f,,Steve Ogle,1211,,bird noise
PC,925,WISHBONE-TRAIL-35,214726,,-113.829815,49.104145,,,305610,2021-06-01 06:05:21,284955,Transcribed,600s,1SPT,CCSP,Clay-colored Sparrow,SPIZELLA PALLIDA,1,2595581,1,Song,28.05,3.74,-37.93,f,,Steve Ogle,1211,,bird noise
PC,925,WISHBONE-TRAIL-35,214726,,-113.829815,49.104145,,,305610,2021-06-01 06:05:21,284955,Transcribed,600s,1SPT,RWBL,Red-winged Blackbird,AGELAIUS PHOENICEUS,2,2595454,1,Song,0.35,2.40,-42.22,f,,Steve Ogle,1211,,bird noise
PC,925,WISHBONE-TRAIL-35,214726,,-113.829815,49.104145,,,305610,2021-06-01 06:05:21,284955,Transcribed,600s,1SPT,NOFL,Northern Flicker,COLAPTES AURATUS,2,2595653,1,Non-vocal,215.49,4.68,-18.41,f,,Steve Ogle,1211,,bird noise
PC,925,WISHBONE-TRAIL-35,214726,,-113.829815,49.104145,,,305610,2021-06-01 06:05:21,284955,Transcribed,600s,1SPT,NOFL,Northern Flicker,COLAPTES AURATUS,1,2595619,1,Song,145.41,3.74,-35.28,f,,Steve Ogle,1211,,bird noise
PC,925,WISHBONE-TRAIL-35,214726,,-113.829815,49.104145,,,305610,2021-06-01 06:05:21,284955,Transcribed,600s,1SPT,YRWA,Yellow-rumped Warbler,SETOPHAGA CORONATA,1,2595656,1,Song,220.55,2.26,-44.5,f,,Steve Ogle,1211,,bird noise
PC,925,WISHBONE-TRAIL-35,214726,,-113.829815,49.104145,,,305610,2021-06-01 06:05:21,284955,Transcribed,600s,1SPT,WISN,Wilson's Snipe,GALLINAGO DELICATA,2,2595709,1,Non-vocal,584.15,2.94,-35.85,f,,Steve Ogle,1211,,bird noise
PC,925,WISHBONE-TRAIL-35,214726,,-113.829815,49.104145,,,305610,2021-06-01 06:05:21,284955,Transcribed,600s,1SPT,WISN,Wilson's Snipe,GALLINAGO DELICATA,1,2595465,1,Non-vocal,2.80,2.46,-21.8,f,,Steve Ogle,1211,,bird noise
PC,925,WISHBONE-TRAIL-35,214726,,-113.829815,49.104145,,,305610,2021-06-01 06:05:21,284955,Transcribed,600s,1SPT,WCSP,White-crowned Sparrow,ZONOTRICHIA LEUCOPHRYS,1,2595568,1,Song,10.96,2.66,-35.64,f,,Steve Ogle,1211,,bird noise
PC,925,WISHBONE-TRAIL-35,214726,,-113.829815,49.104145,,,305610,2021-06-01 06:05:21,284955,Transcribed,600s,1SPT,YHBL,Yellow-headed Blackbird,XANTHOCEPHALUS XANTHOCEPHALUS,3,2595567,1,Song,10.29,1.76,-37.72,f,,Steve Ogle,1211,,bird noise
PC,925,WISHBONE-TRAIL-35,214726,,-113.829815,49.104145,,,305610,2021-06-01 06:05:21,284955,Transcribed,600s,1SPT,YHBL,Yellow-headed Blackbird,XANTHOCEPHALUS XANTHOCEPHALUS,2,2595524,1,Call,6.39,1.46,-50.39,f,,Steve Ogle,1211,kinda hard to tell between these and RBWL sometimes,bird noise
PC,925,WISHBONE-TRAIL-35,214726,,-113.829815,49.104145,,,305610,2021-06-01 06:05:21,284955,Transcribed,600s,1SPT,YHBL,Yellow-headed Blackbird,XANTHOCEPHALUS XANTHOCEPHALUS,1,2595462,1,Song,3.24,1.73,-26.49,f,,Steve Ogle,1211,,bird noise
PC,925,WISHBONE-TRAIL-35,214726,,-113.829815,49.104145,,,305610,2021-06-01 06:05:21,284955,Transcribed,600s,1SPT,HOWR,House Wren,TROGLODYTES AEDON,3,2595580,1,Song,15.84,2.16,-48.95,f,,Steve Ogle,1211,,bird noise
PC,925,WISHBONE-TRAIL-35,214726,,-113.829815,49.104145,,,305610,2021-06-01 06:05:21,284955,Transcribed,600s,1SPT,HOWR,House Wren,TROGLODYTES AEDON,2,2595572,1,Song,13.70,2.40,-41.2,f,,Steve Ogle,1211,,bird noise
PC,925,WISHBONE-TRAIL-35,214726,,-113.829815,49.104145,,,305610,2021-06-01 06:05:21,284955,Transcribed,600s,1SPT,HOWR,House Wren,TROGLODYTES AEDON,1,2595456,1,Song,1.49,2.20,-47.48,f,,Steve Ogle,1211,,bird noise
PC,925,WISHBONE-TRAIL-35,214726,,-113.829815,49.104145,,,305610,2021-06-01 06:05:21,284955,Transcribed,600s,1SPT,ALFL,Alder Flycatcher,EMPIDONAX ALNORUM,1,2595522,1,Song,4.83,1.80,-54.8,f,,Steve Ogle,1211,,bird noise
PC,925,WISHBONE-TRAIL-35,214726,,-113.829815,49.104145,,,305610,2021-06-01 06:05:21,284955,Transcribed,600s,1SPT,CEDW,Cedar Waxwing,BOMBYCILLA CEDRORUM,1,2595690,1,Song,481.15,6.20,-46.18,f,,Steve Ogle,1211,,bird noise
PC,925,WISHBONE-TRAIL-35,214726,,-113.829815,49.104145,,,305610,2021-06-01 06:05:21,284955,Transcribed,600s,1SPT,RNSA,Red-naped Sapsucker,SPHYRAPICUS NUCHALIS,1,2595589,1,Non-vocal,31.54,2.79,-25.16,f,,Steve Ogle,1211,,bird noise
PC,925,WISHBONE-TRAIL-35,214726,,-113.829815,49.104145,,,305610,2021-06-01 06:05:21,284955,Transcribed,600s,1SPT,SORA,Sora,PORZANA CAROLINA,2,2595705,1,Call,577.61,3.70,-33.06,f,,Steve Ogle,1211,,bird noise
PC,925,WISHBONE-TRAIL-35,214726,,-113.829815,49.104145,,,305610,2021-06-01 06:05:21,284955,Transcribed,600s,1SPT,SORA,Sora,PORZANA CAROLINA,1,2595663,1,Song,279.91,6.34,-20.67,f,,Steve Ogle,1211,,bird noise
PC,925,WISHBONE-TRAIL-35,214726,,-113.829815,49.104145,,,305610,2021-06-01 06:05:21,284955,Transcribed,600s,1SPT,EAKI,Eastern Kingbird,TYRANNUS TYRANNUS,1,2595519,1,Call,4.75,1.21,-53.18,f,,Steve Ogle,1211,,bird noise
PC,925,WISHBONE-TRAIL-35,214726,,-113.829815,49.104145,,,305610,2021-06-01 06:05:21,284955,Transcribed,600s,1SPT,WEWP,Western Wood-Pewee,CONTOPUS SORDIDULUS,1,2595698,1,Song,528.64,2.08,-31.82,f,,Steve Ogle,1211,,bird noise
PC,925,WISHBONE-TRAIL-35,214726,,-113.829815,49.104145,,,305610,2021-06-01 06:05:21,284955,Transcribed,600s,1SPT,PBGR,Pied-billed Grebe,PODILYMBUS PODICEPS,2,2595603,1,Song,54.03,6.55,-25.98,f,,Steve Ogle,1211,,bird noise
PC,925,WISHBONE-TRAIL-35,214726,,-113.829815,49.104145,,,305610,2021-06-01 06:05:21,284955,Transcribed,600s,1SPT,PBGR,Pied-billed Grebe,PODILYMBUS PODICEPS,1,2595559,1,Song,7.94,2.80,-33.8,f,,Steve Ogle,1211,,bird noise
PC,925,WISHBONE-TRAIL-35,214726,,-113.829815,49.104145,,,305610,2021-06-01 06:05:21,284955,Transcribed,600s,1SPT,TRES,Tree Swallow,TACHYCINETA BICOLOR,1,2595641,1,Call,179.99,2.51,-51.38,f,,Steve Ogle,1211,,bird noise
PC,925,WISHBONE-TRAIL-35,214726,,-113.829815,49.104145,,,305610,2021-06-01 06:05:21,284955,Transcribed,600s,1SPT,BHCO,Brown-headed Cowbird,MOLOTHRUS ATER,1,2595649,1,Song,205.06,1.40,-53.92,f,,Steve Ogle,1211,,bird noise
PC,925,WISHBONE-TRAIL-35,214726,,-113.829815,49.104145,,,305610,2021-06-01 06:05:21,284955,Transcribed,600s,1SPT,LISP,Lincoln's Sparrow,MELOSPIZA LINCOLNII,1,2595609,1,Song,92.45,2.61,-46.82,f,,Steve Ogle,1211,,bird noise
PC,925,WISHBONE-TRAIL-35,214726,,-113.829815,49.104145,,,305610,2021-06-01 06:05:21,284955,Transcribed,600s,1SPT,CCSP,Clay-colored Sparrow,SPIZELLA PALLIDA,2,2595640,1,Song,176.89,3.65,-46.34,f,,Steve Ogle,1211,,bird noise
PC,925,WISHBONE-TRAIL-35,214726,,-113.829815,49.104145,,,305610,2021-06-01 06:05:21,284955,Transcribed,600s,1SPT,RWBL,Red-winged Blackbird,AGELAIUS PHOENICEUS,3,2595523,1,Call,5.38,1.48,-55.57,f,,Steve Ogle,1211,,bird noise
PC,925,WISHBONE-TRAIL-35,214726,,-113.829815,49.104145,,,305610,2021-06-01 06:05:21,284955,Transcribed,600s,1SPT,LEFL,Least Flycatcher,EMPIDONAX MINIMUS,1,2595636,1,Song,160.78,1.40,-39.53,f,,Steve Ogle,1211,,bird noise
PC,925,WISHBONE-TRAIL-35,214726,,-113.829815,49.104145,,,305610,2021-06-01 06:05:21,284955,Transcribed,600s,1SPT,NOWA,Northern Waterthrush,PARKESIA NOVEBORACENSIS,1,2595635,1,Song,153.19,2.54,-27.07,f,,Steve Ogle,1211,prob earlier,bird noise
PC,925,WISHBONE-TRAIL-35,214726,,-113.829815,49.104145,,,305610,2021-06-01 06:05:21,284955,Transcribed,600s,1SPT,YEWA,Yellow Warbler,SETOPHAGA PETECHIA,1,2595448,1,Song,0.89,2.33,-47.2,f,,Steve Ogle,1211,,bird noise
PC,925,WISHBONE-TRAIL-35,214726,,-113.829815,49.104145,,,305610,2021-06-01 06:05:21,284955,Transcribed,600s,1SPT,YEWA,Yellow Warbler,SETOPHAGA PETECHIA,2,2595557,2,Song,6.26,3.20,-53.13,f,,Steve Ogle,1211,,bird noise
PC,925,WISHBONE-TRAIL-35,214726,,-113.829815,49.104145,,,305610,2021-06-01 06:05:21,284955,Transcribed,600s,1SPT,GRCA,Gray Catbird,DUMETELLA CAROLINENSIS,1,2595716,1,Song,588.16,8.29,-24.37,f,,Steve Ogle,1211,,bird noise
PC,925,WISHBONE-TRAIL-35,214726,,-113.829815,49.104145,,,305610,2021-06-01 06:05:21,284955,Transcribed,600s,1SPT,RWBL,Red-winged Blackbird,AGELAIUS PHOENICEUS,1,2595437,1,Song,0.00,1.44,-41.49,f,,Steve Ogle,1211,,bird noise
PC,925,WISHBONE-TRAIL-36,214723,,-113.829339,49.102276,,,305611,2021-06-01 06:30:45,284956,Transcribed,600s,1SPT,CEDW,Cedar Waxwing,BOMBYCILLA CEDRORUM,1,2597186,1,Song,273.10,1.68,-52.14,f,,Steve Ogle,1211,,breezes came and went but it was often quiet
PC,925,WISHBONE-TRAIL-36,214723,,-113.829339,49.102276,,,305611,2021-06-01 06:30:45,284956,Transcribed,600s,1SPT,ALFL,Alder Flycatcher,EMPIDONAX ALNORUM,1,2597149,1,Song,6.60,1.81,-53.65,f,,Steve Ogle,1211,,breezes came and went but it was often quiet
PC,925,WISHBONE-TRAIL-36,214723,,-113.829339,49.102276,,,305611,2021-06-01 06:30:45,284956,Transcribed,600s,1SPT,NOWA,Northern Waterthrush,PARKESIA NOVEBORACENSIS,1,2597152,1,Song,9.95,2.23,-43.07,f,,Steve Ogle,1211,,breezes came and went but it was often quiet
PC,925,WISHBONE-TRAIL-36,214723,,-113.829339,49.102276,,,305611,2021-06-01 06:30:45,284956,Transcribed,600s,1SPT,LEFL,Least Flycatcher,EMPIDONAX MINIMUS,2,2597177,1,Song,198.54,2.41,-53.9,f,,Steve Ogle,1211,,breezes came and went but it was often quiet
PC,925,WISHBONE-TRAIL-36,214723,,-113.829339,49.102276,,,305611,2021-06-01 06:30:45,284956,Transcribed,600s,1SPT,WCSP,White-crowned Sparrow,ZONOTRICHIA LEUCOPHRYS,2,2597183,1,Song,244.85,2.43,-48.08,f,,Steve Ogle,1211,,breezes came and went but it was often quiet
PC,925,WISHBONE-TRAIL-36,214723,,-113.829339,49.102276,,,305611,2021-06-01 06:30:45,284956,Transcribed,600s,1SPT,WCSP,White-crowned Sparrow,ZONOTRICHIA LEUCOPHRYS,1,2597147,1,Song,5.34,2.33,-52.54,f,,Steve Ogle,1211,,breezes came and went but it was often quiet
PC,925,WISHBONE-TRAIL-36,214723,,-113.829339,49.102276,,,305611,2021-06-01 06:30:45,284956,Transcribed,600s,1SPT,YHBL,Yellow-headed Blackbird,XANTHOCEPHALUS XANTHOCEPHALUS,3,2597161,1,Song,48.10,1.69,-31.88,f,,Steve Ogle,1211,,breezes came and went but it was often quiet
PC,925,WISHBONE-TRAIL-36,214723,,-113.829339,49.102276,,,305611,2021-06-01 06:30:45,284956,Transcribed,600s,1SPT,YHBL,Yellow-headed Blackbird,XANTHOCEPHALUS XANTHOCEPHALUS,2,2597160,1,Song,36.90,2.54,-44.72,f,,Steve Ogle,1211,,breezes came and went but it was often quiet
PC,925,WISHBONE-TRAIL-36,214723,,-113.829339,49.102276,,,305611,2021-06-01 06:30:45,284956,Transcribed,600s,1SPT,YHBL,Yellow-headed Blackbird,XANTHOCEPHALUS XANTHOCEPHALUS,1,2597158,1,Song,30.34,1.74,-46.35,f,,Steve Ogle,1211,,breezes came and went but it was often quiet
PC,925,WISHBONE-TRAIL-36,214723,,-113.829339,49.102276,,,305611,2021-06-01 06:30:45,284956,Transcribed,600s,1SPT,LEFL,Least Flycatcher,EMPIDONAX MINIMUS,1,2597141,1,Song,0.10,3.93,-46.51,f,,Steve Ogle,1211,,breezes came and went but it was often quiet
PC,925,WISHBONE-TRAIL-36,214723,,-113.829339,49.102276,,,305611,2021-06-01 06:30:45,284956,Transcribed,600s,1SPT,YEWA,Yellow Warbler,SETOPHAGA PETECHIA,1,2597143,2,Song,0.00,2.13,-49.71,f,,Steve Ogle,1211,,breezes came and went but it was often quiet
PC,925,WISHBONE-TRAIL-36,214723,,-113.829339,49.102276,,,305611,2021-06-01 06:30:45,284956,Transcribed,600s,1SPT,YEWA,Yellow Warbler,SETOPHAGA PETECHIA,2,2597150,1,Song,7.21,2.06,-51.91,f,,Steve Ogle,1211,,breezes came and went but it was often quiet
PC,925,WISHBONE-TRAIL-36,214723,,-113.829339,49.102276,,,305611,2021-06-01 06:30:45,284956,Transcribed,600s,1SPT,LAZB,Lazuli Bunting,PASSERINA AMOENA,1,2597176,1,Call,187.33,1.49,-52.25,f,,Steve Ogle,1211,,breezes came and went but it was often quiet
PC,925,WISHBONE-TRAIL-36,214723,,-113.829339,49.102276,,,305611,2021-06-01 06:30:45,284956,Transcribed,600s,1SPT,GRCA,Gray Catbird,DUMETELLA CAROLINENSIS,1,2597142,1,Song,0.13,4.44,-42.96,f,,Steve Ogle,1211,,breezes came and went but it was often quiet
PC,925,WISHBONE-TRAIL-36,214723,,-113.829339,49.102276,,,305611,2021-06-01 06:30:45,284956,Transcribed,600s,1SPT,RWBL,Red-winged Blackbird,AGELAIUS PHOENICEUS,1,2597145,1,Song,4.39,1.39,-47.58,f,,Steve Ogle,1211,,breezes came and went but it was often quiet
PC,925,WISHBONE-TRAIL-36,214723,,-113.829339,49.102276,,,305611,2021-06-01 06:30:45,284956,Transcribed,600s,1SPT,AMRO,American Robin,TURDUS MIGRATORIUS,1,2597156,1,Call,27.69,1.95,-41.34,f,,Steve Ogle,1211,,breezes came and went but it was often quiet
PC,925,WISHBONE-TRAIL-36,214723,,-113.829339,49.102276,,,305611,2021-06-01 06:30:45,284956,Transcribed,600s,1SPT,NOWA,Northern Waterthrush,PARKESIA NOVEBORACENSIS,2,2597193,1,Song,345.59,2.99,-42.63,f,,Steve Ogle,1211,,breezes came and went but it was often quiet
PC,925,WISHBONE-TRAIL-36,214723,,-113.829339,49.102276,,,305611,2021-06-01 06:30:45,284956,Transcribed,600s,1SPT,AMWI,American Wigeon,MARECA AMERICANA,1,2597171,1,Call,109.01,1.31,-44.76,f,,Steve Ogle,1211,,breezes came and went but it was often quiet
PC,925,WISHBONE-TRAIL-36,214723,,-113.829339,49.102276,,,305611,2021-06-01 06:30:45,284956,Transcribed,600s,1SPT,HOWR,House Wren,TROGLODYTES AEDON,2,2597157,1,Song,29.11,1.75,-46.92,f,,Steve Ogle,1211,,breezes came and went but it was often quiet
PC,925,WISHBONE-TRAIL-36,214723,,-113.829339,49.102276,,,305611,2021-06-01 06:30:45,284956,Transcribed,600s,1SPT,HOWR,House Wren,TROGLODYTES AEDON,1,2597146,1,Song,5.18,2.03,-52.55,f,,Steve Ogle,1211,,breezes came and went but it was often quiet
PC,925,WISHBONE-TRAIL-36,214723,,-113.829339,49.102276,,,305611,2021-06-01 06:30:45,284956,Transcribed,600s,1SPT,SWTH,Swainson's Thrush,CATHARUS USTULATUS,1,2597144,1,Song,2.73,1.69,-41.94,f,,Steve Ogle,1211,,breezes came and went but it was often quiet
PC,925,WISHBONE-TRAIL-36,214723,,-113.829339,49.102276,,,305611,2021-06-01 06:30:45,284956,Transcribed,600s,1SPT,RUGR,Ruffed Grouse,BONASA UMBELLUS,1,2597155,1,Non-vocal,20.74,5.41,-39.72,f,,Steve Ogle,1211,,breezes came and went but it was often quiet
PC,925,WISHBONE-TRAIL-36,214723,,-113.829339,49.102276,,,305611,2021-06-01 06:30:45,284956,Transcribed,600s,1SPT,SACR,Sandhill Crane,ANTIGONE CANADENSIS,1,2597163,1,Call,61.66,6.46,-27.74,f,,Steve Ogle,1211,,breezes came and went but it was often quiet
PC,925,WISHBONE-TRAIL-36,214723,,-113.829339,49.102276,,,305611,2021-06-01 06:30:45,284956,Transcribed,600s,1SPT,CORA,Common Raven,CORVUS CORAX,1,2597159,1,Call,34.60,1.18,-41.47,f,,Steve Ogle,1211,,breezes came and went but it was often quiet
PC,925,WISHBONE-TRAIL-36,214723,,-113.829339,49.102276,,,305611,2021-06-01 06:30:45,284956,Transcribed,600s,1SPT,WISN,Wilson's Snipe,GALLINAGO DELICATA,3,2597174,1,Call,146.33,3.69,-35.65,f,,Steve Ogle,1211,,breezes came and went but it was often quiet
PC,925,WISHBONE-TRAIL-36,214723,,-113.829339,49.102276,,,305611,2021-06-01 06:30:45,284956,Transcribed,600s,1SPT,WISN,Wilson's Snipe,GALLINAGO DELICATA,2,2597154,1,Non-vocal,17.10,1.90,-47.02,f,,Steve Ogle,1211,,breezes came and went but it was often quiet
PC,925,WISHBONE-TRAIL-36,214723,,-113.829339,49.102276,,,305611,2021-06-01 06:30:45,284956,Transcribed,600s,1SPT,RWBL,Red-winged Blackbird,AGELAIUS PHOENICEUS,2,2597153,2,Song,14.06,2.89,-47.53,f,,Steve Ogle,1211,,breezes came and went but it was often quiet
PC,925,WISHBONE-TRAIL-36,214723,,-113.829339,49.102276,,,305611,2021-06-01 06:30:45,284956,Transcribed,600s,1SPT,UDIV,Unidentified Diving Duck,"",1,2597170,1,Call,96.23,5.14,-36.86,f,,Steve Ogle,1211,sounds like goldeneye,breezes came and went but it was often quiet
PC,925,WISHBONE-TRAIL-36,214723,,-113.829339,49.102276,,,305611,2021-06-01 06:30:45,284956,Transcribed,600s,1SPT,WISN,Wilson's Snipe,GALLINAGO DELICATA,1,2597140,1,Song,0.06,2.74,-36.78,f,,Steve Ogle,1211,,breezes came and went but it was often quiet
PC,925,WISHBONE-TRAIL-36,214723,,-113.829339,49.102276,,,305611,2021-06-01 06:30:45,284956,Transcribed,600s,1SPT,LISP,Lincoln's Sparrow,MELOSPIZA LINCOLNII,1,2597204,1,Song,529.51,2.68,-41.13,f,,Steve Ogle,1211,,breezes came and went but it was often quiet
PC,925,WISHBONE-TRAIL-36,214723,,-113.829339,49.102276,,,305611,2021-06-01 06:30:45,284956,Transcribed,600s,1SPT,AMBI,American Bittern,BOTAURUS LENTIGINOSUS,1,2597172,1,Song,133.66,9.18,-43.75,f,,Steve Ogle,1211,,breezes came and went but it was often quiet
PC,925,WISHBONE-TRAIL-36,214723,,-113.829339,49.102276,,,305611,2021-06-01 06:30:45,284956,Transcribed,600s,1SPT,TRES,Tree Swallow,TACHYCINETA BICOLOR,1,2597162,1,Call,50.41,3.08,-46.49,f,,Steve Ogle,1211,,breezes came and went but it was often quiet
PC,925,WISHBONE-TRAIL-36,214723,,-113.829339,49.102276,,,305611,2021-06-01 06:30:45,284956,Transcribed,600s,1SPT,TRES,Tree Swallow,TACHYCINETA BICOLOR,2,2597187,1,Call,275.38,2.31,-49.51,f,,Steve Ogle,1211,,breezes came and went but it was often quiet
PC,925,WISHBONE-TRAIL-36,214723,,-113.829339,49.102276,,,305611,2021-06-01 06:30:45,284956,Transcribed,600s,1SPT,PBGR,Pied-billed Grebe,PODILYMBUS PODICEPS,1,2597151,1,Song,8.71,4.84,-43.07,f,,Steve Ogle,1211,,breezes came and went but it was often quiet
PC,925,WISHBONE-TRAIL-36,214723,,-113.829339,49.102276,,,305611,2021-06-01 06:30:45,284956,Transcribed,600s,1SPT,PBGR,Pied-billed Grebe,PODILYMBUS PODICEPS,2,2597180,1,Call,215.85,5.68,-43.08,f,,Steve Ogle,1211,,breezes came and went but it was often quiet
PC,925,WISHBONE-TRAIL-36,214723,,-113.829339,49.102276,,,305611,2021-06-01 06:30:45,284956,Transcribed,600s,1SPT,EAKI,Eastern Kingbird,TYRANNUS TYRANNUS,1,2597164,1,Call,66.53,1.03,-43.28,f,,Steve Ogle,1211,,breezes came and went but it was often quiet
PC,925,WISHBONE-TRAIL-36,214723,,-113.829339,49.102276,,,305611,2021-06-01 06:30:45,284956,Transcribed,600s,1SPT,SORA,Sora,PORZANA CAROLINA,1,2597175,1,Song,179.99,4.75,-36.89,f,,Steve Ogle,1211,,breezes came and went but it was often quiet
PC,925,WISHBONE-TRAIL-36,214723,,-113.829339,49.102276,,,305611,2021-06-01 06:30:45,284956,Transcribed,600s,1SPT,BLTE,Black Tern,CHLIDONIAS NIGER,1,2597207,1,Call,592.94,6.75,-21.72,f,,Steve Ogle,1211,This tern should be much more likely than FOTE or COTE in the area during summer,breezes came and went but it was often quiet
PC,925,WISHBONE-TRAIL-37,214724,,-113.830301,49.100642,,,305612,2021-06-01 06:57:25,284957,Transcribed,600s,1SPT,YEWA,Yellow Warbler,SETOPHAGA PETECHIA,2,2578157,1,Song,67.76,2.76,-30.19,f,,Steve Ogle,1211,,bird noise
PC,925,WISHBONE-TRAIL-37,214724,,-113.830301,49.100642,,,305612,2021-06-01 06:57:25,284957,Transcribed,600s,1SPT,PBGR,Pied-billed Grebe,PODILYMBUS PODICEPS,1,2578252,1,Song,245.56,9.56,-26.95,f,,Steve Ogle,1211,,bird noise
PC,925,WISHBONE-TRAIL-37,214724,,-113.830301,49.100642,,,305612,2021-06-01 06:57:25,284957,Transcribed,600s,1SPT,AMRE,American Redstart,SETOPHAGA RUTICILLA,1,2578104,1,Song,12.04,1.66,-35.56,f,,Steve Ogle,1211,,bird noise
PC,925,WISHBONE-TRAIL-37,214724,,-113.830301,49.100642,,,305612,2021-06-01 06:57:25,284957,Transcribed,600s,1SPT,BHGR,Black-headed Grosbeak,PHEUTICUS MELANOCEPHALUS,1,2578211,1,Song,121.65,2.59,-19.85,f,,Steve Ogle,1211,confusing with GRCA,bird noise
PC,925,WISHBONE-TRAIL-37,214724,,-113.830301,49.100642,,,305612,2021-06-01 06:57:25,284957,Transcribed,600s,1SPT,FRGU,Franklin's Gull,LEUCOPHAEUS PIPIXCAN,1,2578181,1,Call,114.14,1.21,-20.17,f,,Steve Ogle,1211,,bird noise
PC,925,WISHBONE-TRAIL-37,214724,,-113.830301,49.100642,,,305612,2021-06-01 06:57:25,284957,Transcribed,600s,1SPT,HOWR,House Wren,TROGLODYTES AEDON,1,2578092,1,Song,5.08,2.04,-36.59,f,,Steve Ogle,1211,,bird noise
PC,925,WISHBONE-TRAIL-37,214724,,-113.830301,49.100642,,,305612,2021-06-01 06:57:25,284957,Transcribed,600s,1SPT,HOWR,House Wren,TROGLODYTES AEDON,2,2578103,1,Song,10.25,2.54,-35.49,f,,Steve Ogle,1211,,bird noise
PC,925,WISHBONE-TRAIL-37,214724,,-113.830301,49.100642,,,305612,2021-06-01 06:57:25,284957,Transcribed,600s,1SPT,TRES,Tree Swallow,TACHYCINETA BICOLOR,3,2578267,1,Call,262.28,3.11,-26.56,f,,Steve Ogle,1211,"given that they fly around and I'm hearing an individual here and there, I'm saying there are at least three",bird noise
PC,925,WISHBONE-TRAIL-37,214724,,-113.830301,49.100642,,,305612,2021-06-01 06:57:25,284957,Transcribed,600s,1SPT,BAOR,Baltimore Oriole,ICTERUS GALBULA,1,2578146,1,Call,36.99,5.86,-23.35,f,,Steve Ogle,1211,,bird noise
PC,925,WISHBONE-TRAIL-37,214724,,-113.830301,49.100642,,,305612,2021-06-01 06:57:25,284957,Transcribed,600s,1SPT,GRCA,Gray Catbird,DUMETELLA CAROLINENSIS,1,2578118,1,Song,10.40,1.54,-34.95,f,,Steve Ogle,1211,,bird noise
PC,925,WISHBONE-TRAIL-37,214724,,-113.830301,49.100642,,,305612,2021-06-01 06:57:25,284957,Transcribed,600s,1SPT,GRCA,Gray Catbird,DUMETELLA CAROLINENSIS,2,2578234,1,Song,203.06,3.84,-33.47,f,,Steve Ogle,1211,,bird noise
PC,925,WISHBONE-TRAIL-37,214724,,-113.830301,49.100642,,,305612,2021-06-01 06:57:25,284957,Transcribed,600s,1SPT,LEFL,Least Flycatcher,EMPIDONAX MINIMUS,1,2578112,1,Song,2.84,2.35,-26.37,f,,Steve Ogle,1211,,bird noise
PC,925,WISHBONE-TRAIL-37,214724,,-113.830301,49.100642,,,305612,2021-06-01 06:57:25,284957,Transcribed,600s,1SPT,NOWA,Northern Waterthrush,PARKESIA NOVEBORACENSIS,1,2578081,1,Song,1.10,2.71,-22.79,f,,Steve Ogle,1211,,bird noise
PC,925,WISHBONE-TRAIL-37,214724,,-113.830301,49.100642,,,305612,2021-06-01 06:57:25,284957,Transcribed,600s,1SPT,YEWA,Yellow Warbler,SETOPHAGA PETECHIA,1,2578100,1,Song,8.74,2.58,-38.33,f,,Steve Ogle,1211,,bird noise
PC,925,WISHBONE-TRAIL-37,214724,,-113.830301,49.100642,,,305612,2021-06-01 06:57:25,284957,Transcribed,600s,1SPT,SWTH,Swainson's Thrush,CATHARUS USTULATUS,2,2578237,1,Call,209.41,1.88,-26.74,f,,Steve Ogle,1211,,bird noise
PC,925,WISHBONE-TRAIL-37,214724,,-113.830301,49.100642,,,305612,2021-06-01 06:57:25,284957,Transcribed,600s,1SPT,SWTH,Swainson's Thrush,CATHARUS USTULATUS,1,2578096,1,Song,7.64,2.25,-31.41,f,,Steve Ogle,1211,,bird noise
PC,925,WISHBONE-TRAIL-37,214724,,-113.830301,49.100642,,,305612,2021-06-01 06:57:25,284957,Transcribed,600s,1SPT,RUGR,Ruffed Grouse,BONASA UMBELLUS,1,2578248,1,Non-vocal,241.04,4.69,-22.58,f,,Steve Ogle,1211,,bird noise
PC,925,WISHBONE-TRAIL-37,214724,,-113.830301,49.100642,,,305612,2021-06-01 06:57:25,284957,Transcribed,600s,1SPT,CANG,Canada Goose,BRANTA CANADENSIS,1,2578282,2,Call,325.64,6.54,-25.21,f,,Steve Ogle,1211,,bird noise
PC,925,WISHBONE-TRAIL-37,214724,,-113.830301,49.100642,,,305612,2021-06-01 06:57:25,284957,Transcribed,600s,1SPT,SACR,Sandhill Crane,ANTIGONE CANADENSIS,1,2578272,2,Call,280.60,6.94,-25.77,f,,Steve Ogle,1211,,bird noise
PC,925,WISHBONE-TRAIL-37,214724,,-113.830301,49.100642,,,305612,2021-06-01 06:57:25,284957,Transcribed,600s,1SPT,WISN,Wilson's Snipe,GALLINAGO DELICATA,3,2578298,1,Call,403.66,4.58,-22.99,f,,Steve Ogle,1211,still two flying around,bird noise
PC,925,WISHBONE-TRAIL-37,214724,,-113.830301,49.100642,,,305612,2021-06-01 06:57:25,284957,Transcribed,600s,1SPT,RWBL,Red-winged Blackbird,AGELAIUS PHOENICEUS,1,2578140,1,Song,30.56,1.66,-34.9,f,,Steve Ogle,1211,,bird noise
PC,925,WISHBONE-TRAIL-37,214724,,-113.830301,49.100642,,,305612,2021-06-01 06:57:25,284957,Transcribed,600s,1SPT,HOWR,House Wren,TROGLODYTES AEDON,3,2578129,1,Song,22.83,2.11,-26.4,f,,Steve Ogle,1211,,bird noise
PC,925,WISHBONE-TRAIL-37,214724,,-113.830301,49.100642,,,305612,2021-06-01 06:57:25,284957,Transcribed,600s,1SPT,DOWO,Downy Woodpecker,DRYOBATES PUBESCENS,1,2578308,1,Non-vocal,442.65,2.45,-23.87,f,,Steve Ogle,1211,pretty sure,bird noise
PC,925,WISHBONE-TRAIL-37,214724,,-113.830301,49.100642,,,305612,2021-06-01 06:57:25,284957,Transcribed,600s,1SPT,DOWO,Downy Woodpecker,DRYOBATES PUBESCENS,2,2578325,1,Non-vocal,503.18,1.91,-24.77,f,,Steve Ogle,1211,,bird noise
PC,925,WISHBONE-TRAIL-37,214724,,-113.830301,49.100642,,,305612,2021-06-01 06:57:25,284957,Transcribed,600s,1SPT,YHBL,Yellow-headed Blackbird,XANTHOCEPHALUS XANTHOCEPHALUS,1,2578106,1,Song,11.68,1.79,-33.44,f,,Steve Ogle,1211,,bird noise
PC,925,WISHBONE-TRAIL-37,214724,,-113.830301,49.100642,,,305612,2021-06-01 06:57:25,284957,Transcribed,600s,1SPT,YHBL,Yellow-headed Blackbird,XANTHOCEPHALUS XANTHOCEPHALUS,2,2578126,2,Song,16.58,3.05,-30.47,f,,Steve Ogle,1211,,bird noise
PC,925,WISHBONE-TRAIL-37,214724,,-113.830301,49.100642,,,305612,2021-06-01 06:57:25,284957,Transcribed,600s,1SPT,WCSP,White-crowned Sparrow,ZONOTRICHIA LEUCOPHRYS,1,2578213,1,Song,127.86,2.51,-27.89,f,,Steve Ogle,1211,,bird noise
PC,925,WISHBONE-TRAIL-37,214724,,-113.830301,49.100642,,,305612,2021-06-01 06:57:25,284957,Transcribed,600s,1SPT,WCSP,White-crowned Sparrow,ZONOTRICHIA LEUCOPHRYS,2,2578223,1,Song,168.24,2.98,-29.9,f,,Steve Ogle,1211,,bird noise
PC,925,WISHBONE-TRAIL-37,214724,,-113.830301,49.100642,,,305612,2021-06-01 06:57:25,284957,Transcribed,600s,1SPT,WISN,Wilson's Snipe,GALLINAGO DELICATA,1,2578108,1,Non-vocal,0.00,1.73,-28.99,f,,Steve Ogle,1211,,bird noise
PC,925,WISHBONE-TRAIL-37,214724,,-113.830301,49.100642,,,305612,2021-06-01 06:57:25,284957,Transcribed,600s,1SPT,WISN,Wilson's Snipe,GALLINAGO DELICATA,2,2578206,1,Non-vocal,115.74,3.21,-22.36,f,,Steve Ogle,1211,,bird noise
PC,925,WISHBONE-TRAIL-37,214724,,-113.830301,49.100642,,,305612,2021-06-01 06:57:25,284957,Transcribed,600s,1SPT,RWBL,Red-winged Blackbird,AGELAIUS PHOENICEUS,2,2578167,1,Song,88.74,1.79,-34.61,f,,Steve Ogle,1211,,bird noise
PC,925,WISHBONE-TRAIL-37,214724,,-113.830301,49.100642,,,305612,2021-06-01 06:57:25,284957,Transcribed,600s,1SPT,AMGO,American Goldfinch,SPINUS TRISTIS,1,2578125,1,Song,15.29,2.86,-27.82,f,,Steve Ogle,1211,,bird noise
PC,925,WISHBONE-TRAIL-37,214724,,-113.830301,49.100642,,,305612,2021-06-01 06:57:25,284957,Transcribed,600s,1SPT,AMGO,American Goldfinch,SPINUS TRISTIS,2,2578136,1,Call,27.76,1.64,-30.33,f,,Steve Ogle,1211,,bird noise
PC,925,WISHBONE-TRAIL-37,214724,,-113.830301,49.100642,,,305612,2021-06-01 06:57:25,284957,Transcribed,600s,1SPT,AMGO,American Goldfinch,SPINUS TRISTIS,3,2578241,1,Call,220.96,2.65,-26.86,f,,Steve Ogle,1211,,bird noise
PC,925,WISHBONE-TRAIL-37,214724,,-113.830301,49.100642,,,305612,2021-06-01 06:57:25,284957,Transcribed,600s,1SPT,AMCO,American Coot,FULICA AMERICANA,1,2578132,1,Call,27.33,1.40,-34.46,f,,Steve Ogle,1211,,bird noise
PC,925,WISHBONE-TRAIL-37,214724,,-113.830301,49.100642,,,305612,2021-06-01 06:57:25,284957,Transcribed,600s,1SPT,PISI,Pine Siskin,SPINUS PINUS,1,2578303,1,Call,417.69,1.48,-33.97,f,,Steve Ogle,1211,,bird noise
PC,925,WISHBONE-TRAIL-37,214724,,-113.830301,49.100642,,,305612,2021-06-01 06:57:25,284957,Transcribed,600s,1SPT,PISI,Pine Siskin,SPINUS PINUS,2,2578310,1,Call,445.21,3.60,-25.21,f,,Steve Ogle,1211,,bird noise
PC,925,WISHBONE-TRAIL-37,214724,,-113.830301,49.100642,,,305612,2021-06-01 06:57:25,284957,Transcribed,600s,1SPT,AMCR,American Crow,CORVUS BRACHYRHYNCHOS,3,2578159,1,Call,73.65,2.18,-29.59,f,,Steve Ogle,1211,,bird noise
PC,925,WISHBONE-TRAIL-37,214724,,-113.830301,49.100642,,,305612,2021-06-01 06:57:25,284957,Transcribed,600s,1SPT,AMCR,American Crow,CORVUS BRACHYRHYNCHOS,2,2578090,1,Call,5.65,1.33,-33.06,f,,Steve Ogle,1211,,bird noise
PC,925,WISHBONE-TRAIL-37,214724,,-113.830301,49.100642,,,305612,2021-06-01 06:57:25,284957,Transcribed,600s,1SPT,AMCR,American Crow,CORVUS BRACHYRHYNCHOS,1,2578083,1,Call,2.20,1.81,-23.89,f,,Steve Ogle,1211,,bird noise
PC,925,WISHBONE-TRAIL-37,214724,,-113.830301,49.100642,,,305612,2021-06-01 06:57:25,284957,Transcribed,600s,1SPT,AMBI,American Bittern,BOTAURUS LENTIGINOSUS,1,2578226,1,Song,167.69,7.15,-27.95,f,,Steve Ogle,1211,"2021 was a good year for bitterns near where I live... (near Creston, BC)",bird noise
PC,925,WISHBONE-TRAIL-37,214724,,-113.830301,49.100642,,,305612,2021-06-01 06:57:25,284957,Transcribed,600s,1SPT,BHCO,Brown-headed Cowbird,MOLOTHRUS ATER,1,2578123,1,Song,13.79,1.76,-28.61,f,,Steve Ogle,1211,,bird noise
PC,925,WISHBONE-TRAIL-37,214724,,-113.830301,49.100642,,,305612,2021-06-01 06:57:25,284957,Transcribed,600s,1SPT,BHCO,Brown-headed Cowbird,MOLOTHRUS ATER,2,2578229,1,Song,184.39,3.89,-25.3,f,,Steve Ogle,1211,,bird noise
PC,925,WISHBONE-TRAIL-37,214724,,-113.830301,49.100642,,,305612,2021-06-01 06:57:25,284957,Transcribed,600s,1SPT,TRES,Tree Swallow,TACHYCINETA BICOLOR,1,2578087,1,Call,3.96,1.68,-38.01,f,,Steve Ogle,1211,,bird noise
PC,925,WISHBONE-TRAIL-37,214724,,-113.830301,49.100642,,,305612,2021-06-01 06:57:25,284957,Transcribed,600s,1SPT,TRES,Tree Swallow,TACHYCINETA BICOLOR,2,2578231,1,Call,196.15,2.33,-27.72,f,,Steve Ogle,1211,,bird noise
PC,925,WISHBONE-TRAIL-38,214722,,-113.831853,49.099021,,,305613,2021-06-01 07:52:25,284958,Transcribed,600s,1SPT,FOSP,Fox Sparrow,PASSERELLA ILIACA,1,2590708,1,Song,395.20,2.93,-51.53,f,,Steve Ogle,1211,,vehicles and some road work
PC,925,WISHBONE-TRAIL-38,214722,,-113.831853,49.099021,,,305613,2021-06-01 07:52:25,284958,Transcribed,600s,1SPT,YEWA,Yellow Warbler,SETOPHAGA PETECHIA,2,2590336,1,Song,7.34,2.73,-34.89,f,,Steve Ogle,1211,,vehicles and some road work
PC,925,WISHBONE-TRAIL-38,214722,,-113.831853,49.099021,,,305613,2021-06-01 07:52:25,284958,Transcribed,600s,1SPT,YEWA,Yellow Warbler,SETOPHAGA PETECHIA,3,2590338,1,Song,11.09,2.59,-46.47,f,,Steve Ogle,1211,,vehicles and some road work
PC,925,WISHBONE-TRAIL-38,214722,,-113.831853,49.099021,,,305613,2021-06-01 07:52:25,284958,Transcribed,600s,1SPT,GRCA,Gray Catbird,DUMETELLA CAROLINENSIS,1,2590486,1,Song,94.50,5.20,-38.92,f,,Steve Ogle,1211,,vehicles and some road work
PC,925,WISHBONE-TRAIL-38,214722,,-113.831853,49.099021,,,305613,2021-06-01 07:52:25,284958,Transcribed,600s,1SPT,YHBL,Yellow-headed Blackbird,XANTHOCEPHALUS XANTHOCEPHALUS,1,2590487,1,Song,98.40,2.19,-35.84,f,,Steve Ogle,1211,,vehicles and some road work
PC,925,WISHBONE-TRAIL-38,214722,,-113.831853,49.099021,,,305613,2021-06-01 07:52:25,284958,Transcribed,600s,1SPT,HOWR,House Wren,TROGLODYTES AEDON,3,2590355,1,Song,50.94,2.13,-48.35,f,,Steve Ogle,1211,,vehicles and some road work
PC,925,WISHBONE-TRAIL-38,214722,,-113.831853,49.099021,,,305613,2021-06-01 07:52:25,284958,Transcribed,600s,1SPT,HOWR,House Wren,TROGLODYTES AEDON,2,2590329,1,Song,11.79,2.28,-43.4,f,,Steve Ogle,1211,,vehicles and some road work
PC,925,WISHBONE-TRAIL-38,214722,,-113.831853,49.099021,,,305613,2021-06-01 07:52:25,284958,Transcribed,600s,1SPT,HOWR,House Wren,TROGLODYTES AEDON,1,2590304,1,Song,0.06,1.49,-41.67,f,,Steve Ogle,1211,,vehicles and some road work
PC,925,WISHBONE-TRAIL-38,214722,,-113.831853,49.099021,,,305613,2021-06-01 07:52:25,284958,Transcribed,600s,1SPT,RNSA,Red-naped Sapsucker,SPHYRAPICUS NUCHALIS,2,2590590,1,Call,178.84,2.88,-22.07,f,,Steve Ogle,1211,closer than calling one ,vehicles and some road work
PC,925,WISHBONE-TRAIL-38,214722,,-113.831853,49.099021,,,305613,2021-06-01 07:52:25,284958,Transcribed,600s,1SPT,RNSA,Red-naped Sapsucker,SPHYRAPICUS NUCHALIS,1,2590580,1,Call,163.18,5.24,-20.39,f,,Steve Ogle,1211,,vehicles and some road work
PC,925,WISHBONE-TRAIL-38,214722,,-113.831853,49.099021,,,305613,2021-06-01 07:52:25,284958,Transcribed,600s,1SPT,RBNU,Red-breasted Nuthatch,SITTA CANADENSIS,1,2590534,1,Call,156.05,4.24,-39.07,f,,Steve Ogle,1211,,vehicles and some road work
PC,925,WISHBONE-TRAIL-38,214722,,-113.831853,49.099021,,,305613,2021-06-01 07:52:25,284958,Transcribed,600s,1SPT,TRES,Tree Swallow,TACHYCINETA BICOLOR,3,2590527,2,Call,128.10,4.24,-36.71,f,,Steve Ogle,1211,,vehicles and some road work
PC,925,WISHBONE-TRAIL-38,214722,,-113.831853,49.099021,,,305613,2021-06-01 07:52:25,284958,Transcribed,600s,1SPT,TRES,Tree Swallow,TACHYCINETA BICOLOR,2,2590341,1,Call,20.23,2.99,-43.6,f,,Steve Ogle,1211,,vehicles and some road work
PC,925,WISHBONE-TRAIL-38,214722,,-113.831853,49.099021,,,305613,2021-06-01 07:52:25,284958,Transcribed,600s,1SPT,TRES,Tree Swallow,TACHYCINETA BICOLOR,1,2590323,1,Call,3.54,1.29,-54.44,f,,Steve Ogle,1211,,vehicles and some road work
PC,925,WISHBONE-TRAIL-38,214722,,-113.831853,49.099021,,,305613,2021-06-01 07:52:25,284958,Transcribed,600s,1SPT,AMGO,American Goldfinch,SPINUS TRISTIS,3,2590611,1,Call,311.23,5.81,-40.93,f,,Steve Ogle,1211,,vehicles and some road work
PC,925,WISHBONE-TRAIL-38,214722,,-113.831853,49.099021,,,305613,2021-06-01 07:52:25,284958,Transcribed,600s,1SPT,AMGO,American Goldfinch,SPINUS TRISTIS,2,2590587,1,Call,162.26,6.76,-33.54,f,,Steve Ogle,1211,,vehicles and some road work
PC,925,WISHBONE-TRAIL-38,214722,,-113.831853,49.099021,,,305613,2021-06-01 07:52:25,284958,Transcribed,600s,1SPT,NOWA,Northern Waterthrush,PARKESIA NOVEBORACENSIS,1,2590351,1,Song,39.90,2.86,-54.08,f,,Steve Ogle,1211,,vehicles and some road work
PC,925,WISHBONE-TRAIL-38,214722,,-113.831853,49.099021,,,305613,2021-06-01 07:52:25,284958,Transcribed,600s,1SPT,AMGO,American Goldfinch,SPINUS TRISTIS,1,2590478,1,Song,67.55,10.26,-38.83,f,,Steve Ogle,1211,,vehicles and some road work
PC,925,WISHBONE-TRAIL-38,214722,,-113.831853,49.099021,,,305613,2021-06-01 07:52:25,284958,Transcribed,600s,1SPT,RWBL,Red-winged Blackbird,AGELAIUS PHOENICEUS,2,2590358,1,Song,72.06,1.90,-40.81,f,,Steve Ogle,1211,,vehicles and some road work
PC,925,WISHBONE-TRAIL-38,214722,,-113.831853,49.099021,,,305613,2021-06-01 07:52:25,284958,Transcribed,600s,1SPT,RWBL,Red-winged Blackbird,AGELAIUS PHOENICEUS,1,2590327,1,Song,10.18,1.68,-50.71,f,,Steve Ogle,1211,,vehicles and some road work
PC,925,WISHBONE-TRAIL-38,214722,,-113.831853,49.099021,,,305613,2021-06-01 07:52:25,284958,Transcribed,600s,1SPT,CANG,Canada Goose,BRANTA CANADENSIS,2,2590715,1,Call,427.28,2.11,-37.53,f,,Steve Ogle,1211,,vehicles and some road work
PC,925,WISHBONE-TRAIL-38,214722,,-113.831853,49.099021,,,305613,2021-06-01 07:52:25,284958,Transcribed,600s,1SPT,CANG,Canada Goose,BRANTA CANADENSIS,1,2590489,1,Call,117.21,1.36,-41.04,f,,Steve Ogle,1211,,vehicles and some road work
PC,925,WISHBONE-TRAIL-38,214722,,-113.831853,49.099021,,,305613,2021-06-01 07:52:25,284958,Transcribed,600s,1SPT,CORA,Common Raven,CORVUS CORAX,2,2590706,1,Call,393.66,1.04,-42.37,f,,Steve Ogle,1211,,vehicles and some road work
PC,925,WISHBONE-TRAIL-38,214722,,-113.831853,49.099021,,,305613,2021-06-01 07:52:25,284958,Transcribed,600s,1SPT,CORA,Common Raven,CORVUS CORAX,1,2590342,1,Call,25.68,2.04,-39.48,f,,Steve Ogle,1211,,vehicles and some road work
PC,925,WISHBONE-TRAIL-38,214722,,-113.831853,49.099021,,,305613,2021-06-01 07:52:25,284958,Transcribed,600s,1SPT,YHBL,Yellow-headed Blackbird,XANTHOCEPHALUS XANTHOCEPHALUS,2,2590532,1,Song,151.15,2.05,-44.51,f,,Steve Ogle,1211,,vehicles and some road work
PC,925,WISHBONE-TRAIL-38,214722,,-113.831853,49.099021,,,305613,2021-06-01 07:52:25,284958,Transcribed,600s,1SPT,AMRO,American Robin,TURDUS MIGRATORIUS,1,2590319,1,Song,0.15,4.95,-38.8,f,,Steve Ogle,1211,,vehicles and some road work
PC,925,WISHBONE-TRAIL-38,214722,,-113.831853,49.099021,,,305613,2021-06-01 07:52:25,284958,Transcribed,600s,1SPT,AMRO,American Robin,TURDUS MIGRATORIUS,2,2590332,1,Call,7.44,1.64,-52.68,f,,Steve Ogle,1211,,vehicles and some road work
PC,925,WISHBONE-TRAIL-38,214722,,-113.831853,49.099021,,,305613,2021-06-01 07:52:25,284958,Transcribed,600s,1SPT,WISN,Wilson's Snipe,GALLINAGO DELICATA,1,2590320,1,Non-vocal,4.66,2.45,-39.1,f,,Steve Ogle,1211,,vehicles and some road work
PC,925,WISHBONE-TRAIL-38,214722,,-113.831853,49.099021,,,305613,2021-06-01 07:52:25,284958,Transcribed,600s,1SPT,WISN,Wilson's Snipe,GALLINAGO DELICATA,2,2590353,1,Non-vocal,46.93,4.35,-41.28,f,,Steve Ogle,1211,must be another,vehicles and some road work
PC,925,WISHBONE-TRAIL-38,214722,,-113.831853,49.099021,,,305613,2021-06-01 07:52:25,284958,Transcribed,600s,1SPT,YEWA,Yellow Warbler,SETOPHAGA PETECHIA,1,2590316,1,Song,1.75,2.81,-48.83,f,,Steve Ogle,1211,,vehicles and some road work
PC,925,WISHBONE-TRAIL-38,214722,,-113.831853,49.099021,,,305613,2021-06-01 07:52:25,284958,Transcribed,600s,1SPT,NOFL,Northern Flicker,COLAPTES AURATUS,1,2590710,1,Non-vocal,415.53,2.20,-42.38,f,,Steve Ogle,1211,pretty sure,vehicles and some road work
PC,925,WISHBONE-TRAIL-39,214720,,-113.833608,49.097358,,,305614,2021-06-01 08:18:31,284959,Transcribed,600s,1SPT,HOWR,House Wren,TROGLODYTES AEDON,2,2566910,1,Song,385.40,3.13,-34.91,f,,Steve Ogle,1211,,faint sounds overall
PC,925,WISHBONE-TRAIL-39,214720,,-113.833608,49.097358,,,305614,2021-06-01 08:18:31,284959,Transcribed,600s,1SPT,WEWP,Western Wood-Pewee,CONTOPUS SORDIDULUS,2,2566866,1,Song,73.19,1.84,-46.25,f,,Steve Ogle,1211,,faint sounds overall
PC,925,WISHBONE-TRAIL-39,214720,,-113.833608,49.097358,,,305614,2021-06-01 08:18:31,284959,Transcribed,600s,1SPT,GRCA,Gray Catbird,DUMETELLA CAROLINENSIS,1,2566897,1,Song,240.56,10.68,-44.45,f,,Steve Ogle,1211,,faint sounds overall
PC,925,WISHBONE-TRAIL-39,214720,,-113.833608,49.097358,,,305614,2021-06-01 08:18:31,284959,Transcribed,600s,1SPT,DUFL,Dusky Flycatcher,EMPIDONAX OBERHOLSERI,1,2566865,1,Call,47.23,1.29,-54.09,f,,Steve Ogle,1211,dew hick,faint sounds overall
PC,925,WISHBONE-TRAIL-39,214720,,-113.833608,49.097358,,,305614,2021-06-01 08:18:31,284959,Transcribed,600s,1SPT,YEWA,Yellow Warbler,SETOPHAGA PETECHIA,3,2566835,1,Song,3.51,2.03,-48.83,f,,Steve Ogle,1211,,faint sounds overall
PC,925,WISHBONE-TRAIL-39,214720,,-113.833608,49.097358,,,305614,2021-06-01 08:18:31,284959,Transcribed,600s,1SPT,MOWI,Moderate wind,"",1,2566857,1,Non-vocal,36.03,1.54,-43.31,f,,Steve Ogle,1211,thought it was a sapsucker at first; just trees creeking confidence:N/A,faint sounds overall
PC,925,WISHBONE-TRAIL-39,214720,,-113.833608,49.097358,,,305614,2021-06-01 08:18:31,284959,Transcribed,600s,1SPT,LEFL,Least Flycatcher,EMPIDONAX MINIMUS,1,2566825,1,Song,0.71,2.19,-52.09,f,,Steve Ogle,1211,,faint sounds overall
PC,925,WISHBONE-TRAIL-39,214720,,-113.833608,49.097358,,,305614,2021-06-01 08:18:31,284959,Transcribed,600s,1SPT,NOWA,Northern Waterthrush,PARKESIA NOVEBORACENSIS,1,2566837,1,Song,4.51,2.53,-45.45,f,,Steve Ogle,1211,,faint sounds overall
PC,925,WISHBONE-TRAIL-39,214720,,-113.833608,49.097358,,,305614,2021-06-01 08:18:31,284959,Transcribed,600s,1SPT,NOWA,Northern Waterthrush,PARKESIA NOVEBORACENSIS,2,2566861,1,Song,41.50,3.48,-40.83,f,,Steve Ogle,1211,,faint sounds overall
PC,925,WISHBONE-TRAIL-39,214720,,-113.833608,49.097358,,,305614,2021-06-01 08:18:31,284959,Transcribed,600s,1SPT,YEWA,Yellow Warbler,SETOPHAGA PETECHIA,1,2566833,1,Song,0.01,0.96,-47.39,f,,Steve Ogle,1211,,faint sounds overall
PC,925,WISHBONE-TRAIL-39,214720,,-113.833608,49.097358,,,305614,2021-06-01 08:18:31,284959,Transcribed,600s,1SPT,YEWA,Yellow Warbler,SETOPHAGA PETECHIA,2,2566828,1,Song,1.09,2.13,-52.08,f,,Steve Ogle,1211,,faint sounds overall
PC,925,WISHBONE-TRAIL-39,214720,,-113.833608,49.097358,,,305614,2021-06-01 08:18:31,284959,Transcribed,600s,1SPT,SOSP,Song Sparrow,MELOSPIZA MELODIA,1,2566915,1,Song,406.33,4.33,-41.05,f,,Steve Ogle,1211,can only hear a diagnostic segment,faint sounds overall
PC,925,WISHBONE-TRAIL-39,214720,,-113.833608,49.097358,,,305614,2021-06-01 08:18:31,284959,Transcribed,600s,1SPT,FOSP,Fox Sparrow,PASSERELLA ILIACA,1,2566932,1,Song,536.84,3.28,-46.06,f,,Steve Ogle,1211,,faint sounds overall
PC,925,WISHBONE-TRAIL-39,214720,,-113.833608,49.097358,,,305614,2021-06-01 08:18:31,284959,Transcribed,600s,1SPT,SWTH,Swainson's Thrush,CATHARUS USTULATUS,1,2566868,2,Call,92.99,7.35,-29.04,f,,Steve Ogle,1211,,faint sounds overall
PC,925,WISHBONE-TRAIL-39,214720,,-113.833608,49.097358,,,305614,2021-06-01 08:18:31,284959,Transcribed,600s,1SPT,WISN,Wilson's Snipe,GALLINAGO DELICATA,3,2566858,1,Call,37.14,3.76,-42.43,f,,Steve Ogle,1211,,faint sounds overall
PC,925,WISHBONE-TRAIL-39,214720,,-113.833608,49.097358,,,305614,2021-06-01 08:18:31,284959,Transcribed,600s,1SPT,WISN,Wilson's Snipe,GALLINAGO DELICATA,2,2566844,1,Non-vocal,14.96,2.81,-28.41,f,,Steve Ogle,1211,,faint sounds overall
PC,925,WISHBONE-TRAIL-39,214720,,-113.833608,49.097358,,,305614,2021-06-01 08:18:31,284959,Transcribed,600s,1SPT,WISN,Wilson's Snipe,GALLINAGO DELICATA,1,2566840,1,Non-vocal,6.09,2.41,-27.09,f,,Steve Ogle,1211,winnow (same as song),faint sounds overall
PC,925,WISHBONE-TRAIL-39,214720,,-113.833608,49.097358,,,305614,2021-06-01 08:18:31,284959,Transcribed,600s,1SPT,WCSP,White-crowned Sparrow,ZONOTRICHIA LEUCOPHRYS,1,2566842,1,Song,9.66,2.39,-43.12,f,,Steve Ogle,1211,,faint sounds overall
PC,925,WISHBONE-TRAIL-39,214720,,-113.833608,49.097358,,,305614,2021-06-01 08:18:31,284959,Transcribed,600s,1SPT,RWBL,Red-winged Blackbird,AGELAIUS PHOENICEUS,1,2566885,1,Song,190.20,2.49,-40.54,f,,Steve Ogle,1211,,faint sounds overall
PC,925,WISHBONE-TRAIL-39,214720,,-113.833608,49.097358,,,305614,2021-06-01 08:18:31,284959,Transcribed,600s,1SPT,RWBL,Red-winged Blackbird,AGELAIUS PHOENICEUS,2,2566894,1,Call,254.78,3.69,-41.83,f,,Steve Ogle,1211,,faint sounds overall
PC,925,WISHBONE-TRAIL-39,214720,,-113.833608,49.097358,,,305614,2021-06-01 08:18:31,284959,Transcribed,600s,1SPT,AMGO,American Goldfinch,SPINUS TRISTIS,1,2566879,1,Call,167.48,2.54,-40.27,f,,Steve Ogle,1211,,faint sounds overall
PC,925,WISHBONE-TRAIL-39,214720,,-113.833608,49.097358,,,305614,2021-06-01 08:18:31,284959,Transcribed,600s,1SPT,AMGO,American Goldfinch,SPINUS TRISTIS,2,2566904,1,Call,329.39,3.45,-46.46,f,,Steve Ogle,1211,,faint sounds overall
PC,925,WISHBONE-TRAIL-39,214720,,-113.833608,49.097358,,,305614,2021-06-01 08:18:31,284959,Transcribed,600s,1SPT,AMGO,American Goldfinch,SPINUS TRISTIS,3,2566917,1,Call,421.55,2.19,-43.58,f,,Steve Ogle,1211,,faint sounds overall
PC,925,WISHBONE-TRAIL-39,214720,,-113.833608,49.097358,,,305614,2021-06-01 08:18:31,284959,Transcribed,600s,1SPT,PISI,Pine Siskin,SPINUS PINUS,1,2566847,1,Call,18.24,2.63,-46.79,f,,Steve Ogle,1211,,faint sounds overall
PC,925,WISHBONE-TRAIL-39,214720,,-113.833608,49.097358,,,305614,2021-06-01 08:18:31,284959,Transcribed,600s,1SPT,TRES,Tree Swallow,TACHYCINETA BICOLOR,1,2566938,1,Call,566.60,2.66,-50.01,f,,Steve Ogle,1211,feels right,faint sounds overall
PC,925,WISHBONE-TRAIL-39,214720,,-113.833608,49.097358,,,305614,2021-06-01 08:18:31,284959,Transcribed,600s,1SPT,VEER,Veery,CATHARUS FUSCESCENS,1,2566851,1,Call,20.01,1.54,-49.41,f,,Steve Ogle,1211,,faint sounds overall
PC,925,WISHBONE-TRAIL-39,214720,,-113.833608,49.097358,,,305614,2021-06-01 08:18:31,284959,Transcribed,600s,1SPT,WEWP,Western Wood-Pewee,CONTOPUS SORDIDULUS,1,2566854,1,Song,28.70,2.00,-47.55,f,,Steve Ogle,1211,,faint sounds overall
PC,925,WISHBONE-TRAIL-39,214720,,-113.833608,49.097358,,,305614,2021-06-01 08:18:31,284959,Transcribed,600s,1SPT,AMRO,American Robin,TURDUS MIGRATORIUS,1,2566935,1,Song,552.19,3.79,-45.5,f,,Steve Ogle,1211,,faint sounds overall
PC,925,WISHBONE-TRAIL-39,214720,,-113.833608,49.097358,,,305614,2021-06-01 08:18:31,284959,Transcribed,600s,1SPT,HOWR,House Wren,TROGLODYTES AEDON,1,2566889,1,Song,195.04,3.13,-46.76,f,,Steve Ogle,1211,,faint sounds overall
PC,925,WISHBONE-TRAIL-40,214721,,-113.835765,49.096270,,,305615,2021-06-01 08:43:25,284960,Transcribed,600s,1SPT,RWBL,Red-winged Blackbird,AGELAIUS PHOENICEUS,1,2584234,1,Song,6.75,1.53,-44.48,f,,Steve Ogle,1211,,
PC,925,WISHBONE-TRAIL-40,214721,,-113.835765,49.096270,,,305615,2021-06-01 08:43:25,284960,Transcribed,600s,1SPT,BAOR,Baltimore Oriole,ICTERUS GALBULA,1,2584258,1,Call,110.20,4.19,-40.84,f,,Steve Ogle,1211,chatter call 20sec later,
PC,925,WISHBONE-TRAIL-40,214721,,-113.835765,49.096270,,,305615,2021-06-01 08:43:25,284960,Transcribed,600s,1SPT,YEWA,Yellow Warbler,SETOPHAGA PETECHIA,3,2584269,1,Song,357.28,2.03,-49.96,f,,Steve Ogle,1211,three signing just now,
PC,925,WISHBONE-TRAIL-40,214721,,-113.835765,49.096270,,,305615,2021-06-01 08:43:25,284960,Transcribed,600s,1SPT,YEWA,Yellow Warbler,SETOPHAGA PETECHIA,2,2584257,1,Song,125.88,3.19,-42.46,f,,Steve Ogle,1211,,
PC,925,WISHBONE-TRAIL-40,214721,,-113.835765,49.096270,,,305615,2021-06-01 08:43:25,284960,Transcribed,600s,1SPT,YEWA,Yellow Warbler,SETOPHAGA PETECHIA,1,2584249,1,Song,28.84,2.94,-45.83,f,,Steve Ogle,1211,,
PC,925,WISHBONE-TRAIL-40,214721,,-113.835765,49.096270,,,305615,2021-06-01 08:43:25,284960,Transcribed,600s,1SPT,NOWA,Northern Waterthrush,PARKESIA NOVEBORACENSIS,2,2584238,1,Song,12.68,3.05,-48.22,f,,Steve Ogle,1211,,
PC,925,WISHBONE-TRAIL-40,214721,,-113.835765,49.096270,,,305615,2021-06-01 08:43:25,284960,Transcribed,600s,1SPT,NOWA,Northern Waterthrush,PARKESIA NOVEBORACENSIS,1,2584233,1,Song,4.34,2.49,-42.03,f,,Steve Ogle,1211,,
PC,925,WISHBONE-TRAIL-40,214721,,-113.835765,49.096270,,,305615,2021-06-01 08:43:25,284960,Transcribed,600s,1SPT,LEFL,Least Flycatcher,EMPIDONAX MINIMUS,1,2584231,1,Song,0.18,1.63,-44.01,f,,Steve Ogle,1211,,
PC,925,WISHBONE-TRAIL-40,214721,,-113.835765,49.096270,,,305615,2021-06-01 08:43:25,284960,Transcribed,600s,1SPT,SWTH,Swainson's Thrush,CATHARUS USTULATUS,1,2584235,1,Song,7.89,1.46,-44.4,f,,Steve Ogle,1211,,
PC,925,WISHBONE-TRAIL-40,214721,,-113.835765,49.096270,,,305615,2021-06-01 08:43:25,284960,Transcribed,600s,1SPT,WISN,Wilson's Snipe,GALLINAGO DELICATA,3,2584287,1,Non-vocal,561.65,6.40,-42.04,f,,Steve Ogle,1211,probably four at time present,
PC,925,WISHBONE-TRAIL-40,214721,,-113.835765,49.096270,,,305615,2021-06-01 08:43:25,284960,Transcribed,600s,1SPT,WISN,Wilson's Snipe,GALLINAGO DELICATA,2,2584237,1,Call,9.79,5.65,-44.74,f,,Steve Ogle,1211,,
PC,925,WISHBONE-TRAIL-40,214721,,-113.835765,49.096270,,,305615,2021-06-01 08:43:25,284960,Transcribed,600s,1SPT,WISN,Wilson's Snipe,GALLINAGO DELICATA,1,2584236,1,Non-vocal,9.00,2.06,-30.51,f,,Steve Ogle,1211,,
PC,925,WISHBONE-TRAIL-40,214721,,-113.835765,49.096270,,,305615,2021-06-01 08:43:25,284960,Transcribed,600s,1SPT,HOWR,House Wren,TROGLODYTES AEDON,2,2584273,1,Song,365.10,2.55,-48.6,f,,Steve Ogle,1211,,
PC,925,WISHBONE-TRAIL-40,214721,,-113.835765,49.096270,,,305615,2021-06-01 08:43:25,284960,Transcribed,600s,1SPT,HOWR,House Wren,TROGLODYTES AEDON,1,2584271,1,Song,362.64,2.31,-45.8,f,,Steve Ogle,1211,,
PC,925,WISHBONE-TRAIL-40,214721,,-113.835765,49.096270,,,305615,2021-06-01 08:43:25,284960,Transcribed,600s,1SPT,WAVI,Warbling Vireo,VIREO GILVUS,1,2584230,1,Song,1.85,2.59,-39.5,f,,Steve Ogle,1211,,
PC,925,WISHBONE-TRAIL-40,214721,,-113.835765,49.096270,,,305615,2021-06-01 08:43:25,284960,Transcribed,600s,1SPT,SORA,Sora,PORZANA CAROLINA,1,2584232,1,Call,1.53,2.51,-45.68,f,,Steve Ogle,1211,,
PC,925,WISHBONE-TRAIL-40,214721,,-113.835765,49.096270,,,305615,2021-06-01 08:43:25,284960,Transcribed,600s,1SPT,UNWO,Unidentified Woodpecker,"",1,2584240,1,Non-vocal,13.34,2.93,-48.95,f,,Steve Ogle,1211,probably NOFL or HAWO,
PC,925,WISHBONE-TRAIL-40,214721,,-113.835765,49.096270,,,305615,2021-06-01 08:43:25,284960,Transcribed,600s,1SPT,EAKI,Eastern Kingbird,TYRANNUS TYRANNUS,1,2584276,1,Call,393.14,1.55,-42.19,f,,Steve Ogle,1211,,
PC,925,WISHBONE-TRAIL-40,214721,,-113.835765,49.096270,,,305615,2021-06-01 08:43:25,284960,Transcribed,600s,1SPT,WEWP,Western Wood-Pewee,CONTOPUS SORDIDULUS,2,2584288,1,Call,565.93,1.48,-52.32,f,,Steve Ogle,1211,,
PC,925,WISHBONE-TRAIL-40,214721,,-113.835765,49.096270,,,305615,2021-06-01 08:43:25,284960,Transcribed,600s,1SPT,WEWP,Western Wood-Pewee,CONTOPUS SORDIDULUS,1,2584239,1,Song,8.74,2.43,-43.33,f,,Steve Ogle,1211,,
PC,925,WISHBONE-TRAIL-40,214721,,-113.835765,49.096270,,,305615,2021-06-01 08:43:25,284960,Transcribed,600s,1SPT,PISI,Pine Siskin,SPINUS PINUS,1,2584275,1,Call,386.54,1.51,-44.13,f,,Steve Ogle,1211,,
PC,925,WISHBONE-TRAIL-40,214721,,-113.835765,49.096270,,,305615,2021-06-01 08:43:25,284960,Transcribed,600s,1SPT,AMGO,American Goldfinch,SPINUS TRISTIS,1,2584280,1,Call,432.24,4.60,-37.42,f,,Steve Ogle,1211,,
PC,925,WISHBONE-TRAIL-40,214721,,-113.835765,49.096270,,,305615,2021-06-01 08:43:25,284960,Transcribed,600s,1SPT,RWBL,Red-winged Blackbird,AGELAIUS PHOENICEUS,3,2584277,1,Song,397.20,1.30,-25.53,f,,Steve Ogle,1211,,
PC,925,WISHBONE-TRAIL-40,214721,,-113.835765,49.096270,,,305615,2021-06-01 08:43:25,284960,Transcribed,600s,1SPT,RWBL,Red-winged Blackbird,AGELAIUS PHOENICEUS,2,2584264,1,Song,303.84,1.68,-42.56,f,,Steve Ogle,1211,,
PC,925,WISHBONE-TRAIL-40,214721,,-113.835765,49.096270,,,305615,2021-06-01 08:43:25,284960,Transcribed,600s,1SPT,GRCA,Gray Catbird,DUMETELLA CAROLINENSIS,1,2584285,1,Song,456.91,11.55,-26.39,f,,Steve Ogle,1211,,
PC,925,WISHBONE-TRAIL-60,214718,,-113.838244,49.094338,,,305618,2021-06-01 09:42:00,284963,Transcribed,600s,1SPT,AMRE,American Redstart,SETOPHAGA RUTICILLA,1,2583464,1,Song,459.45,2.20,-37.48,f,,Steve Ogle,1211,,"maybe ""heavy"" for wind"
PC,925,WISHBONE-TRAIL-60,214718,,-113.838244,49.094338,,,305618,2021-06-01 09:42:00,284963,Transcribed,600s,1SPT,SACR,Sandhill Crane,ANTIGONE CANADENSIS,1,2583442,1,Call,89.86,3.69,-27.57,f,,Steve Ogle,1211,,"maybe ""heavy"" for wind"
PC,925,WISHBONE-TRAIL-60,214718,,-113.838244,49.094338,,,305618,2021-06-01 09:42:00,284963,Transcribed,600s,1SPT,WISN,Wilson's Snipe,GALLINAGO DELICATA,2,2583462,1,Non-vocal,410.05,3.69,-35.63,f,,Steve Ogle,1211,,"maybe ""heavy"" for wind"
PC,925,WISHBONE-TRAIL-60,214718,,-113.838244,49.094338,,,305618,2021-06-01 09:42:00,284963,Transcribed,600s,1SPT,WISN,Wilson's Snipe,GALLINAGO DELICATA,1,2583432,1,Call,3.68,4.95,-32.33,f,,Steve Ogle,1211,,"maybe ""heavy"" for wind"
PC,925,WISHBONE-TRAIL-60,214718,,-113.838244,49.094338,,,305618,2021-06-01 09:42:00,284963,Transcribed,600s,1SPT,NOWA,Northern Waterthrush,PARKESIA NOVEBORACENSIS,1,2583449,1,Song,305.98,2.64,-32.02,f,,Steve Ogle,1211,,"maybe ""heavy"" for wind"
PC,925,WISHBONE-TRAIL-60,214718,,-113.838244,49.094338,,,305618,2021-06-01 09:42:00,284963,Transcribed,600s,1SPT,BCFR,Boreal Chorus Frog,PSEUDACRIS MACULATA,1,2583427,1,Song,0.04,7.85,-31.06,f,,Steve Ogle,1211,,"maybe ""heavy"" for wind"
PC,925,WISHBONE-TRAIL-60,214718,,-113.838244,49.094338,,,305618,2021-06-01 09:42:00,284963,Transcribed,600s,1SPT,SWTH,Swainson's Thrush,CATHARUS USTULATUS,1,2583439,1,Call,23.30,1.29,-27.86,f,,Steve Ogle,1211,,"maybe ""heavy"" for wind"
PC,925,WISHBONE-TRAIL-60,214718,,-113.838244,49.094338,,,305618,2021-06-01 09:42:00,284963,Transcribed,600s,1SPT,AMRO,American Robin,TURDUS MIGRATORIUS,1,2583433,1,Call,7.20,1.41,-31.97,f,,Steve Ogle,1211,,"maybe ""heavy"" for wind"
PC,925,WISHBONE-TRAIL-60,214718,,-113.838244,49.094338,,,305618,2021-06-01 09:42:00,284963,Transcribed,600s,1SPT,YEWA,Yellow Warbler,SETOPHAGA PETECHIA,1,2583431,2,Song,1.50,2.69,-32.07,f,,Steve Ogle,1211,,"maybe ""heavy"" for wind"
PC,925,WISHBONE-TRAIL-60,214718,,-113.838244,49.094338,,,305618,2021-06-01 09:42:00,284963,Transcribed,600s,1SPT,YEWA,Yellow Warbler,SETOPHAGA PETECHIA,2,2583435,1,Song,7.46,1.78,-43.13,f,,Steve Ogle,1211,,"maybe ""heavy"" for wind"
PC,925,WISHBONE-TRAIL-60,214718,,-113.838244,49.094338,,,305618,2021-06-01 09:42:00,284963,Transcribed,600s,1SPT,RWBL,Red-winged Blackbird,AGELAIUS PHOENICEUS,1,2583437,1,Song,18.06,2.40,-32.95,f,,Steve Ogle,1211,,"maybe ""heavy"" for wind"
PC,925,WISHBONE-TRAIL-60,214718,,-113.838244,49.094338,,,305618,2021-06-01 09:42:00,284963,Transcribed,600s,1SPT,AMGO,American Goldfinch,SPINUS TRISTIS,1,2583460,1,Call,387.48,2.36,-32.85,f,,Steve Ogle,1211,,"maybe ""heavy"" for wind"
PC,925,WISHBONE-TRAIL-60,214718,,-113.838244,49.094338,,,305618,2021-06-01 09:42:00,284963,Transcribed,600s,1SPT,PISI,Pine Siskin,SPINUS PINUS,1,2583445,1,Call,148.41,1.09,-37.34,f,,Steve Ogle,1211,,"maybe ""heavy"" for wind"
PC,925,WISHBONE-TRAIL-60,214718,,-113.838244,49.094338,,,305618,2021-06-01 09:42:00,284963,Transcribed,600s,1SPT,PISI,Pine Siskin,SPINUS PINUS,2,2583468,1,Call,514.30,6.41,-28.73,f,,Steve Ogle,1211,,"maybe ""heavy"" for wind"
PC,925,WISHBONE-TRAIL-60,214718,,-113.838244,49.094338,,,305618,2021-06-01 09:42:00,284963,Transcribed,600s,1SPT,PISI,Pine Siskin,SPINUS PINUS,3,2583469,1,Call,558.44,3.71,-35.65,f,,Steve Ogle,1211,,"maybe ""heavy"" for wind"
PC,925,WISHBONE-TRAIL-60,214718,,-113.838244,49.094338,,,305618,2021-06-01 09:42:00,284963,Transcribed,600s,1SPT,BHCO,Brown-headed Cowbird,MOLOTHRUS ATER,1,2583467,1,Song,506.18,1.53,-19.7,f,,Steve Ogle,1211,,"maybe ""heavy"" for wind"
PC,925,WISHBONE-TRAIL-60,214718,,-113.838244,49.094338,,,305618,2021-06-01 09:42:00,284963,Transcribed,600s,1SPT,HOWR,House Wren,TROGLODYTES AEDON,1,2583456,1,Song,366.89,2.65,-28.96,f,,Steve Ogle,1211,,"maybe ""heavy"" for wind"
PC,925,WISHBONE-TRAIL-61,214719,,-113.840134,49.091925,,,305616,2021-06-01 09:15:30,284961,Transcribed,600s,1SPT,TRES,Tree Swallow,TACHYCINETA BICOLOR,1,2583595,1,Song,351.83,2.93,-34.87,f,,Steve Ogle,1211,,gusty wind
PC,925,WISHBONE-TRAIL-61,214719,,-113.840134,49.091925,,,305616,2021-06-01 09:15:30,284961,Transcribed,600s,1SPT,RWBL,Red-winged Blackbird,AGELAIUS PHOENICEUS,1,2583608,1,Song,413.39,3.76,-35.25,f,,Steve Ogle,1211,,gusty wind
PC,925,WISHBONE-TRAIL-61,214719,,-113.840134,49.091925,,,305616,2021-06-01 09:15:30,284961,Transcribed,600s,1SPT,GRCA,Gray Catbird,DUMETELLA CAROLINENSIS,1,2583532,1,Song,7.41,4.39,-35.65,f,,Steve Ogle,1211,,gusty wind
PC,925,WISHBONE-TRAIL-61,214719,,-113.840134,49.091925,,,305616,2021-06-01 09:15:30,284961,Transcribed,600s,1SPT,YEWA,Yellow Warbler,SETOPHAGA PETECHIA,2,2583542,1,Song,74.04,2.54,-31.93,f,,Steve Ogle,1211,,gusty wind
PC,925,WISHBONE-TRAIL-61,214719,,-113.840134,49.091925,,,305616,2021-06-01 09:15:30,284961,Transcribed,600s,1SPT,YEWA,Yellow Warbler,SETOPHAGA PETECHIA,1,2583529,1,Song,5.41,2.00,-37.24,f,,Steve Ogle,1211,,gusty wind
PC,925,WISHBONE-TRAIL-61,214719,,-113.840134,49.091925,,,305616,2021-06-01 09:15:30,284961,Transcribed,600s,1SPT,NOFL,Northern Flicker,COLAPTES AURATUS,1,2583576,1,Call,114.31,4.73,-31.71,f,,Steve Ogle,1211,,gusty wind
PC,925,WISHBONE-TRAIL-61,214719,,-113.840134,49.091925,,,305616,2021-06-01 09:15:30,284961,Transcribed,600s,1SPT,RUGR,Ruffed Grouse,BONASA UMBELLUS,1,2583578,1,Non-vocal,142.34,11.64,-14.52,f,,Steve Ogle,1211,,gusty wind
PC,925,WISHBONE-TRAIL-61,214719,,-113.840134,49.091925,,,305616,2021-06-01 09:15:30,284961,Transcribed,600s,1SPT,CANG,Canada Goose,BRANTA CANADENSIS,2,2583591,1,Call,260.21,2.61,-33.33,f,,Steve Ogle,1211,,gusty wind
PC,925,WISHBONE-TRAIL-61,214719,,-113.840134,49.091925,,,305616,2021-06-01 09:15:30,284961,Transcribed,600s,1SPT,CANG,Canada Goose,BRANTA CANADENSIS,1,2583580,1,Call,216.89,4.76,-29.55,f,,Steve Ogle,1211,,gusty wind
PC,925,WISHBONE-TRAIL-61,214719,,-113.840134,49.091925,,,305616,2021-06-01 09:15:30,284961,Transcribed,600s,1SPT,YRWA,Yellow-rumped Warbler,SETOPHAGA CORONATA,1,2583540,1,Song,55.99,1.79,-33.76,f,,Steve Ogle,1211,,gusty wind
PC,925,WISHBONE-TRAIL-61,214719,,-113.840134,49.091925,,,305616,2021-06-01 09:15:30,284961,Transcribed,600s,1SPT,HOWR,House Wren,TROGLODYTES AEDON,3,2583538,1,Song,42.59,2.68,-35.55,f,,Steve Ogle,1211,,gusty wind
PC,925,WISHBONE-TRAIL-61,214719,,-113.840134,49.091925,,,305616,2021-06-01 09:15:30,284961,Transcribed,600s,1SPT,HOWR,House Wren,TROGLODYTES AEDON,2,2583535,1,Song,19.86,2.84,-44.02,f,,Steve Ogle,1211,,gusty wind
PC,925,WISHBONE-TRAIL-61,214719,,-113.840134,49.091925,,,305616,2021-06-01 09:15:30,284961,Transcribed,600s,1SPT,HOWR,House Wren,TROGLODYTES AEDON,1,2583527,1,Song,2.89,3.18,-33.7,f,,Steve Ogle,1211,,gusty wind
PC,925,WISHBONE-TRAIL-61,214719,,-113.840134,49.091925,,,305616,2021-06-01 09:15:30,284961,Transcribed,600s,1SPT,TRES,Tree Swallow,TACHYCINETA BICOLOR,2,2583610,1,Call,457.66,6.49,-32.57,f,,Steve Ogle,1211,,gusty wind
PC,925,WISHBONE-TRAIL-61,214719,,-113.840134,49.091925,,,305616,2021-06-01 09:15:30,284961,Transcribed,600s,1SPT,LEFL,Least Flycatcher,EMPIDONAX MINIMUS,1,2583526,1,Song,0.14,3.43,-37.77,f,,Steve Ogle,1211,,gusty wind
PC,925,YARROW-CABIN-TRAIL-567,214716,,-113.976145,49.196731,,,305579,2021-06-15 05:23:12,284924,Transcribed,600s,1SPT,RESQ,Red Squirrel,TAMIASCIURUS HUDSONICUS,1,2555169,1,Call,325.21,5.08,-43.78,f,,Steve Ogle,1211,,
PC,925,YARROW-CABIN-TRAIL-567,214716,,-113.976145,49.196731,,,305579,2021-06-15 05:23:12,284924,Transcribed,600s,1SPT,BHCO,Brown-headed Cowbird,MOLOTHRUS ATER,1,2555174,1,Song,335.41,2.45,-53.71,f,,Steve Ogle,1211,,
PC,925,YARROW-CABIN-TRAIL-567,214716,,-113.976145,49.196731,,,305579,2021-06-15 05:23:12,284924,Transcribed,600s,1SPT,PISI,Pine Siskin,SPINUS PINUS,4,2555188,1,Call,423.26,6.19,-32.89,f,,Steve Ogle,1211,,
PC,925,YARROW-CABIN-TRAIL-567,214716,,-113.976145,49.196731,,,305579,2021-06-15 05:23:12,284924,Transcribed,600s,1SPT,PISI,Pine Siskin,SPINUS PINUS,3,2555142,1,Call,175.24,7.28,-38.97,f,,Steve Ogle,1211,,
PC,925,YARROW-CABIN-TRAIL-567,214716,,-113.976145,49.196731,,,305579,2021-06-15 05:23:12,284924,Transcribed,600s,1SPT,PISI,Pine Siskin,SPINUS PINUS,2,2555113,1,Call,19.33,1.88,-43.75,f,,Steve Ogle,1211,,
PC,925,YARROW-CABIN-TRAIL-567,214716,,-113.976145,49.196731,,,305579,2021-06-15 05:23:12,284924,Transcribed,600s,1SPT,PISI,Pine Siskin,SPINUS PINUS,1,2555088,1,Call,0.00,0.90,-50.64,f,,Steve Ogle,1211,,
PC,925,YARROW-CABIN-TRAIL-567,214716,,-113.976145,49.196731,,,305579,2021-06-15 05:23:12,284924,Transcribed,600s,1SPT,MGWA,MacGillivray's Warbler,GEOTHLYPIS TOLMIEI,1,2555084,1,Song,2.15,2.54,-38.87,f,,Steve Ogle,1211,,
PC,925,YARROW-CABIN-TRAIL-567,214716,,-113.976145,49.196731,,,305579,2021-06-15 05:23:12,284924,Transcribed,600s,1SPT,SOSP,Song Sparrow,MELOSPIZA MELODIA,1,2555095,1,Song,0.00,3.13,-27.84,f,,Steve Ogle,1211,,
PC,925,YARROW-CABIN-TRAIL-567,214716,,-113.976145,49.196731,,,305579,2021-06-15 05:23:12,284924,Transcribed,600s,1SPT,SWTH,Swainson's Thrush,CATHARUS USTULATUS,1,2555104,1,Call,8.55,4.88,-38.41,f,,Steve Ogle,1211,,
PC,925,YARROW-CABIN-TRAIL-567,214716,,-113.976145,49.196731,,,305579,2021-06-15 05:23:12,284924,Transcribed,600s,1SPT,RCKI,Ruby-crowned Kinglet,CORTHYLIO CALENDULA,1,2555101,1,Song,4.24,3.59,-42.64,f,,Steve Ogle,1211,,
PC,925,YARROW-CABIN-TRAIL-567,214716,,-113.976145,49.196731,,,305579,2021-06-15 05:23:12,284924,Transcribed,600s,1SPT,RESQ,Red Squirrel,TAMIASCIURUS HUDSONICUS,2,2555190,1,Call,428.16,6.05,-33.53,f,,Steve Ogle,1211,,
PC,925,YARROW-CABIN-TRAIL-567,214716,,-113.976145,49.196731,,,305579,2021-06-15 05:23:12,284924,Transcribed,600s,1SPT,VGSW,Violet-green Swallow,TACHYCINETA THALASSINA,1,2555200,1,Call,486.03,3.34,-43.84,f,,Steve Ogle,1211,,
PC,925,YARROW-CABIN-TRAIL-567,214716,,-113.976145,49.196731,,,305579,2021-06-15 05:23:12,284924,Transcribed,600s,1SPT,WCSP,White-crowned Sparrow,ZONOTRICHIA LEUCOPHRYS,1,2555144,1,Song,181.45,2.28,-48.02,f,,Steve Ogle,1211,,
PC,925,YARROW-CABIN-TRAIL-567,214716,,-113.976145,49.196731,,,305579,2021-06-15 05:23:12,284924,Transcribed,600s,1SPT,AMRO,American Robin,TURDUS MIGRATORIUS,1,2555123,1,Call,29.93,15.28,-40.17,f,,Steve Ogle,1211,,
PC,925,YARROW-CABIN-TRAIL-567,214716,,-113.976145,49.196731,,,305579,2021-06-15 05:23:12,284924,Transcribed,600s,1SPT,WAVI,Warbling Vireo,VIREO GILVUS,2,2555108,1,Song,17.23,2.86,-41.53,f,,Steve Ogle,1211,,
PC,925,YARROW-CABIN-TRAIL-567,214716,,-113.976145,49.196731,,,305579,2021-06-15 05:23:12,284924,Transcribed,600s,1SPT,WAVI,Warbling Vireo,VIREO GILVUS,1,2555091,1,Song,0.29,2.81,-34.19,f,,Steve Ogle,1211,,
PC,925,YARROW-CABIN-TRAIL-567,214716,,-113.976145,49.196731,,,305579,2021-06-15 05:23:12,284924,Transcribed,600s,1SPT,RBNU,Red-breasted Nuthatch,SITTA CANADENSIS,1,2555119,1,Call,22.21,2.74,-36.24,f,,Steve Ogle,1211,,
PC,925,YARROW-CABIN-TRAIL-568,214714,,-113.973527,49.196790,,,305580,2021-06-15 05:50:16,284925,Transcribed,600s,1SPT,MGWA,MacGillivray's Warbler,GEOTHLYPIS TOLMIEI,2,2582584,1,Song,142.80,1.94,-42.48,f,,Steve Ogle,1211,,creek
PC,925,YARROW-CABIN-TRAIL-568,214714,,-113.973527,49.196790,,,305580,2021-06-15 05:50:16,284925,Transcribed,600s,1SPT,CHSP,Chipping Sparrow,SPIZELLA PASSERINA,1,2582567,1,Song,23.18,3.48,-32.94,f,,Steve Ogle,1211,,creek
PC,925,YARROW-CABIN-TRAIL-568,214714,,-113.973527,49.196790,,,305580,2021-06-15 05:50:16,284925,Transcribed,600s,1SPT,PISI,Pine Siskin,SPINUS PINUS,1,2582589,TMTT,Call,232.18,9.73,-33.84,f,,Steve Ogle,1211,"3+
",creek
PC,925,YARROW-CABIN-TRAIL-568,214714,,-113.973527,49.196790,,,305580,2021-06-15 05:50:16,284925,Transcribed,600s,1SPT,GCKI,Golden-crowned Kinglet,REGULUS SATRAPA,2,2582609,1,Call,338.33,2.39,-47.14,f,,Steve Ogle,1211,,creek
PC,925,YARROW-CABIN-TRAIL-568,214714,,-113.973527,49.196790,,,305580,2021-06-15 05:50:16,284925,Transcribed,600s,1SPT,BHCO,Brown-headed Cowbird,MOLOTHRUS ATER,1,2582627,1,Call,549.05,11.21,-35.97,f,,Steve Ogle,1211,sounds like Killdeer confidence:To Be Checked,creek
PC,925,YARROW-CABIN-TRAIL-568,214714,,-113.973527,49.196790,,,305580,2021-06-15 05:50:16,284925,Transcribed,600s,1SPT,MOCH,Mountain Chickadee,POECILE GAMBELI,1,2582553,1,Song,0.93,2.26,-42.56,f,,Steve Ogle,1211,,creek
PC,925,YARROW-CABIN-TRAIL-568,214714,,-113.973527,49.196790,,,305580,2021-06-15 05:50:16,284925,Transcribed,600s,1SPT,DEJU,Dark-eyed Junco,JUNCO HYEMALIS,1,2582577,1,Song,82.30,4.46,-37.47,f,,Steve Ogle,1211,,creek
PC,925,YARROW-CABIN-TRAIL-568,214714,,-113.973527,49.196790,,,305580,2021-06-15 05:50:16,284925,Transcribed,600s,1SPT,HETH,Hermit Thrush,CATHARUS GUTTATUS,1,2582613,1,Call,419.53,1.39,-40.04,f,,Steve Ogle,1211,,creek
PC,925,YARROW-CABIN-TRAIL-568,214714,,-113.973527,49.196790,,,305580,2021-06-15 05:50:16,284925,Transcribed,600s,1SPT,RCKI,Ruby-crowned Kinglet,CORTHYLIO CALENDULA,1,2582555,1,Song,8.16,4.21,-26.95,f,,Steve Ogle,1211,,creek
PC,925,YARROW-CABIN-TRAIL-568,214714,,-113.973527,49.196790,,,305580,2021-06-15 05:50:16,284925,Transcribed,600s,1SPT,SWTH,Swainson's Thrush,CATHARUS USTULATUS,1,2582559,1,Song,6.71,1.58,-22.44,f,,Steve Ogle,1211,,creek
PC,925,YARROW-CABIN-TRAIL-568,214714,,-113.973527,49.196790,,,305580,2021-06-15 05:50:16,284925,Transcribed,600s,1SPT,SWTH,Swainson's Thrush,CATHARUS USTULATUS,2,2582623,1,Call,506.19,6.70,-31.63,f,,Steve Ogle,1211,,creek
PC,925,YARROW-CABIN-TRAIL-568,214714,,-113.973527,49.196790,,,305580,2021-06-15 05:50:16,284925,Transcribed,600s,1SPT,GCKI,Golden-crowned Kinglet,REGULUS SATRAPA,1,2582564,1,Song,13.33,3.30,-41.43,f,,Steve Ogle,1211,,creek
PC,925,YARROW-CABIN-TRAIL-568,214714,,-113.973527,49.196790,,,305580,2021-06-15 05:50:16,284925,Transcribed,600s,1SPT,WETA,Western Tanager,PIRANGA LUDOVICIANA,1,2582595,1,Song,272.64,5.84,-31.06,f,,Steve Ogle,1211,,creek
PC,925,YARROW-CABIN-TRAIL-568,214714,,-113.973527,49.196790,,,305580,2021-06-15 05:50:16,284925,Transcribed,600s,1SPT,WIWA,Wilson's Warbler,CARDELLINA PUSILLA,2,2582621,1,Song,441.59,2.31,-37.19,f,,Steve Ogle,1211,,creek
PC,925,YARROW-CABIN-TRAIL-568,214714,,-113.973527,49.196790,,,305580,2021-06-15 05:50:16,284925,Transcribed,600s,1SPT,WIWA,Wilson's Warbler,CARDELLINA PUSILLA,1,2582607,1,Song,305.85,1.89,-34.67,f,,Steve Ogle,1211,,creek
PC,925,YARROW-CABIN-TRAIL-568,214714,,-113.973527,49.196790,,,305580,2021-06-15 05:50:16,284925,Transcribed,600s,1SPT,MGWA,MacGillivray's Warbler,GEOTHLYPIS TOLMIEI,1,2582552,1,Song,2.16,4.34,-32.44,f,,Steve Ogle,1211,,creek
PC,925,YARROW-CABIN-TRAIL-569,214715,,-113.971180,49.197030,,,305581,2021-06-15 06:16:25,284926,Transcribed,600s,1SPT,MGWA,MacGillivray's Warbler,GEOTHLYPIS TOLMIEI,1,2550175,1,Song,3.64,2.18,-23.34,f,,Steve Ogle,1211,,
PC,925,YARROW-CABIN-TRAIL-569,214715,,-113.971180,49.197030,,,305581,2021-06-15 06:16:25,284926,Transcribed,600s,1SPT,OSFL,Olive-sided Flycatcher,CONTOPUS COOPERI,1,2550192,1,Call,105.33,2.09,-19.51,f,,Steve Ogle,1211,,
PC,925,YARROW-CABIN-TRAIL-569,214715,,-113.971180,49.197030,,,305581,2021-06-15 06:16:25,284926,Transcribed,600s,1SPT,PISI,Pine Siskin,SPINUS PINUS,1,2550173,1,Song,0.45,0.84,-32.62,f,,Steve Ogle,1211,,
PC,925,YARROW-CABIN-TRAIL-569,214715,,-113.971180,49.197030,,,305581,2021-06-15 06:16:25,284926,Transcribed,600s,1SPT,RECR,Red Crossbill,LOXIA CURVIROSTRA,1,2550200,1,Call,236.13,2.75,-20.24,f,,Steve Ogle,1211,,
PC,925,YARROW-CABIN-TRAIL-569,214715,,-113.971180,49.197030,,,305581,2021-06-15 06:16:25,284926,Transcribed,600s,1SPT,PISI,Pine Siskin,SPINUS PINUS,2,2550184,1,Song,52.50,5.15,-21.38,f,,Steve Ogle,1211,,
PC,925,YARROW-CABIN-TRAIL-569,214715,,-113.971180,49.197030,,,305581,2021-06-15 06:16:25,284926,Transcribed,600s,1SPT,RECR,Red Crossbill,LOXIA CURVIROSTRA,2,2550222,1,Call,487.75,7.76,-17.37,f,,Steve Ogle,1211,,
PC,925,YARROW-CABIN-TRAIL-569,214715,,-113.971180,49.197030,,,305581,2021-06-15 06:16:25,284926,Transcribed,600s,1SPT,CAVI,Cassin's Vireo,VIREO CASSINII,1,2550218,1,Song,471.06,2.09,-27.17,f,,Steve Ogle,1211,,
PC,925,YARROW-CABIN-TRAIL-569,214715,,-113.971180,49.197030,,,305581,2021-06-15 06:16:25,284926,Transcribed,600s,1SPT,WAVI,Warbling Vireo,VIREO GILVUS,1,2550182,1,Song,44.99,2.46,-23.66,f,,Steve Ogle,1211,,
PC,925,YARROW-CABIN-TRAIL-569,214715,,-113.971180,49.197030,,,305581,2021-06-15 06:16:25,284926,Transcribed,600s,1SPT,DEJU,Dark-eyed Junco,JUNCO HYEMALIS,1,2550171,1,Song,0.03,2.33,-27.31,f,,Steve Ogle,1211,,
PC,925,YARROW-CABIN-TRAIL-569,214715,,-113.971180,49.197030,,,305581,2021-06-15 06:16:25,284926,Transcribed,600s,1SPT,DEJU,Dark-eyed Junco,JUNCO HYEMALIS,2,2550172,1,Song,1.35,3.14,-24.36,f,,Steve Ogle,1211,,
PC,925,YARROW-CABIN-TRAIL-569,214715,,-113.971180,49.197030,,,305581,2021-06-15 06:16:25,284926,Transcribed,600s,1SPT,DEJU,Dark-eyed Junco,JUNCO HYEMALIS,3,2550216,1,Song,465.65,3.96,-31.04,f,,Steve Ogle,1211,,
PC,925,YARROW-CABIN-TRAIL-569,214715,,-113.971180,49.197030,,,305581,2021-06-15 06:16:25,284926,Transcribed,600s,1SPT,AMRO,American Robin,TURDUS MIGRATORIUS,1,2550186,1,Call,71.08,12.96,-30.52,f,,Steve Ogle,1211,,
PC,925,YARROW-CABIN-TRAIL-569,214715,,-113.971180,49.197030,,,305581,2021-06-15 06:16:25,284926,Transcribed,600s,1SPT,YRWA,Yellow-rumped Warbler,SETOPHAGA CORONATA,1,2550179,1,Song,22.34,2.63,-24.96,f,,Steve Ogle,1211,,
PC,925,YARROW-CABIN-TRAIL-569,214715,,-113.971180,49.197030,,,305581,2021-06-15 06:16:25,284926,Transcribed,600s,1SPT,RESQ,Red Squirrel,TAMIASCIURUS HUDSONICUS,1,2550207,1,Call,369.43,11.56,-21.14,f,,Steve Ogle,1211,,
PC,925,YARROW-CABIN-TRAIL-569,214715,,-113.971180,49.197030,,,305581,2021-06-15 06:16:25,284926,Transcribed,600s,1SPT,NOFL,Northern Flicker,COLAPTES AURATUS,1,2550190,1,Call,101.18,1.53,-28.56,f,,Steve Ogle,1211,,
PC,925,YARROW-CABIN-TRAIL-569,214715,,-113.971180,49.197030,,,305581,2021-06-15 06:16:25,284926,Transcribed,600s,1SPT,WETA,Western Tanager,PIRANGA LUDOVICIANA,1,2550169,1,Song,1.26,3.09,-21.84,f,,Steve Ogle,1211,,
PC,925,YARROW-CABIN-TRAIL-569,214715,,-113.971180,49.197030,,,305581,2021-06-15 06:16:25,284926,Transcribed,600s,1SPT,RCKI,Ruby-crowned Kinglet,CORTHYLIO CALENDULA,1,2550176,1,Song,13.09,4.39,-20.27,f,,Steve Ogle,1211,,
PC,925,YARROW-CABIN-TRAIL-569,214715,,-113.971180,49.197030,,,305581,2021-06-15 06:16:25,284926,Transcribed,600s,1SPT,SWTH,Swainson's Thrush,CATHARUS USTULATUS,1,2550196,1,Call,182.54,4.34,-19.96,f,,Steve Ogle,1211,,
PC,925,YARROW-CABIN-TRAIL-569,214715,,-113.971180,49.197030,,,305581,2021-06-15 06:16:25,284926,Transcribed,600s,1SPT,PISI,Pine Siskin,SPINUS PINUS,3,2550202,1,Call,260.04,4.84,-26.13,f,,Steve Ogle,1211,,
PC,925,YARROW-CABIN-TRAIL-569,214715,,-113.971180,49.197030,,,305581,2021-06-15 06:16:25,284926,Transcribed,600s,1SPT,GCKI,Golden-crowned Kinglet,REGULUS SATRAPA,1,2550180,1,Song,34.49,1.73,-27.71,f,,Steve Ogle,1211,,
PC,925,YARROW-CABIN-TRAIL-570,214717,,-113.968805,49.197271,,,305582,2021-06-15 06:40:30,284927,Transcribed,600s,1SPT,SWTH,Swainson's Thrush,CATHARUS USTULATUS,2,2552449,1,Song,3.18,1.43,-37.83,f,,Steve Ogle,1211,,
PC,925,YARROW-CABIN-TRAIL-570,214717,,-113.968805,49.197271,,,305582,2021-06-15 06:40:30,284927,Transcribed,600s,1SPT,SWTH,Swainson's Thrush,CATHARUS USTULATUS,3,2552460,1,Song,16.75,1.28,-36.18,f,,Steve Ogle,1211,,
PC,925,YARROW-CABIN-TRAIL-570,214717,,-113.968805,49.197271,,,305582,2021-06-15 06:40:30,284927,Transcribed,600s,1SPT,SWTH,Swainson's Thrush,CATHARUS USTULATUS,1,2552442,1,Song,0.28,1.65,-37.38,f,,Steve Ogle,1211,,
PC,925,YARROW-CABIN-TRAIL-570,214717,,-113.968805,49.197271,,,305582,2021-06-15 06:40:30,284927,Transcribed,600s,1SPT,RCKI,Ruby-crowned Kinglet,CORTHYLIO CALENDULA,1,2552439,1,Song,0.00,1.80,-21,f,,Steve Ogle,1211,,
PC,925,YARROW-CABIN-TRAIL-570,214717,,-113.968805,49.197271,,,305582,2021-06-15 06:40:30,284927,Transcribed,600s,1SPT,VATH,Varied Thrush,IXOREUS NAEVIUS,1,2552468,1,Song,59.55,2.58,-38.67,f,,Steve Ogle,1211,,
PC,925,YARROW-CABIN-TRAIL-570,214717,,-113.968805,49.197271,,,305582,2021-06-15 06:40:30,284927,Transcribed,600s,1SPT,RESQ,Red Squirrel,TAMIASCIURUS HUDSONICUS,1,2552472,1,Call,77.04,6.99,-34.76,f,,Steve Ogle,1211,,
PC,925,YARROW-CABIN-TRAIL-570,214717,,-113.968805,49.197271,,,305582,2021-06-15 06:40:30,284927,Transcribed,600s,1SPT,YRWA,Yellow-rumped Warbler,SETOPHAGA CORONATA,2,2552712,1,Song,189.74,2.55,-31.55,f,,Steve Ogle,1211,could pass for MGWA,
PC,925,YARROW-CABIN-TRAIL-570,214717,,-113.968805,49.197271,,,305582,2021-06-15 06:40:30,284927,Transcribed,600s,1SPT,YRWA,Yellow-rumped Warbler,SETOPHAGA CORONATA,1,2552709,1,Song,186.48,2.88,-36.73,f,,Steve Ogle,1211,,
PC,925,YARROW-CABIN-TRAIL-570,214717,,-113.968805,49.197271,,,305582,2021-06-15 06:40:30,284927,Transcribed,600s,1SPT,CAVI,Cassin's Vireo,VIREO CASSINII,1,2552479,1,Song,115.40,2.66,-34.49,f,,Steve Ogle,1211,,
PC,925,YARROW-CABIN-TRAIL-570,214717,,-113.968805,49.197271,,,305582,2021-06-15 06:40:30,284927,Transcribed,600s,1SPT,TOWA,Townsend's Warbler,SETOPHAGA TOWNSENDI,1,2552453,1,Song,6.35,2.40,-45.38,f,,Steve Ogle,1211,,
PC,925,YARROW-CABIN-TRAIL-570,214717,,-113.968805,49.197271,,,305582,2021-06-15 06:40:30,284927,Transcribed,600s,1SPT,BHCO,Brown-headed Cowbird,MOLOTHRUS ATER,1,2552732,1,Song,256.71,2.99,-31.49,f,,Steve Ogle,1211,sounds like PSFL,
PC,925,YARROW-CABIN-TRAIL-570,214717,,-113.968805,49.197271,,,305582,2021-06-15 06:40:30,284927,Transcribed,600s,1SPT,PISI,Pine Siskin,SPINUS PINUS,3,2552457,1,Call,4.60,1.46,-44.52,f,,Steve Ogle,1211,,
PC,925,YARROW-CABIN-TRAIL-570,214717,,-113.968805,49.197271,,,305582,2021-06-15 06:40:30,284927,Transcribed,600s,1SPT,PISI,Pine Siskin,SPINUS PINUS,2,2552448,1,Call,2.44,1.28,-42.46,f,,Steve Ogle,1211,,
PC,925,YARROW-CABIN-TRAIL-570,214717,,-113.968805,49.197271,,,305582,2021-06-15 06:40:30,284927,Transcribed,600s,1SPT,PISI,Pine Siskin,SPINUS PINUS,1,2552444,1,Call,1.34,1.50,-37.3,f,,Steve Ogle,1211,,
PC,925,YARROW-CABIN-TRAIL-570,214717,,-113.968805,49.197271,,,305582,2021-06-15 06:40:30,284927,Transcribed,600s,1SPT,CHSP,Chipping Sparrow,SPIZELLA PASSERINA,1,2552466,1,Song,42.35,3.79,-31.29,f,,Steve Ogle,1211,,
PC,925,YARROW-CABIN-TRAIL-570,214717,,-113.968805,49.197271,,,305582,2021-06-15 06:40:30,284927,Transcribed,600s,1SPT,OSFL,Olive-sided Flycatcher,CONTOPUS COOPERI,2,2552481,1,Song,127.68,1.96,-37.93,f,,Steve Ogle,1211,,
PC,925,YARROW-CABIN-TRAIL-570,214717,,-113.968805,49.197271,,,305582,2021-06-15 06:40:30,284927,Transcribed,600s,1SPT,OSFL,Olive-sided Flycatcher,CONTOPUS COOPERI,1,2552446,1,Call,1.56,1.61,-39.68,f,,Steve Ogle,1211,,
PC,925,YARROW-CABIN-TRAIL-570,214717,,-113.968805,49.197271,,,305582,2021-06-15 06:40:30,284927,Transcribed,600s,1SPT,GCKI,Golden-crowned Kinglet,REGULUS SATRAPA,1,2552715,1,Song,213.95,2.96,-40.55,f,,Steve Ogle,1211,,
PC,925,YARROW-CABIN-TRAIL-570,214717,,-113.968805,49.197271,,,305582,2021-06-15 06:40:30,284927,Transcribed,600s,1SPT,WETA,Western Tanager,PIRANGA LUDOVICIANA,1,2552485,1,Song,145.74,3.20,-24.42,f,,Steve Ogle,1211,,
PC,925,YARROW-CABIN-TRAIL-571,214713,,-113.966815,49.198186,,,305593,2021-06-15 07:06:20,284938,Transcribed,600s,1SPT,SWTH,Swainson's Thrush,CATHARUS USTULATUS,1,2579943,1,Song,7.78,1.83,-28.33,f,,Steve Ogle,1211,,waterfall
PC,925,YARROW-CABIN-TRAIL-571,214713,,-113.966815,49.198186,,,305593,2021-06-15 07:06:20,284938,Transcribed,600s,1SPT,WETA,Western Tanager,PIRANGA LUDOVICIANA,1,2580102,1,Song,128.06,3.89,-31.59,f,,Steve Ogle,1211,,waterfall
PC,925,YARROW-CABIN-TRAIL-571,214713,,-113.966815,49.198186,,,305593,2021-06-15 07:06:20,284938,Transcribed,600s,1SPT,OVEN,Ovenbird,SEIURUS AUROCAPILLA,1,2580083,1,Song,249.24,4.14,-27.42,f,,Steve Ogle,1211,rarity; clearer later on (4:28); recorded on ebird this season in several places in and around Waterton,waterfall
PC,925,YARROW-CABIN-TRAIL-571,214713,,-113.966815,49.198186,,,305593,2021-06-15 07:06:20,284938,Transcribed,600s,1SPT,OSFL,Olive-sided Flycatcher,CONTOPUS COOPERI,1,2580072,1,Call,25.01,2.10,-30.12,f,,Steve Ogle,1211,,waterfall
PC,925,YARROW-CABIN-TRAIL-571,214713,,-113.966815,49.198186,,,305593,2021-06-15 07:06:20,284938,Transcribed,600s,1SPT,CHSP,Chipping Sparrow,SPIZELLA PASSERINA,1,2579939,1,Song,6.96,4.08,-34.43,f,,Steve Ogle,1211,,waterfall
PC,925,YARROW-CABIN-TRAIL-571,214713,,-113.966815,49.198186,,,305593,2021-06-15 07:06:20,284938,Transcribed,600s,1SPT,PISI,Pine Siskin,SPINUS PINUS,1,2580069,1,Call,11.15,2.73,-42.27,f,,Steve Ogle,1211,,waterfall
PC,925,YARROW-CABIN-TRAIL-571,214713,,-113.966815,49.198186,,,305593,2021-06-15 07:06:20,284938,Transcribed,600s,1SPT,PISI,Pine Siskin,SPINUS PINUS,2,2580074,1,Song,43.83,0.89,-34.22,f,,Steve Ogle,1211,,waterfall
PC,925,YARROW-CABIN-TRAIL-571,214713,,-113.966815,49.198186,,,305593,2021-06-15 07:06:20,284938,Transcribed,600s,1SPT,PISI,Pine Siskin,SPINUS PINUS,3,2580075,1,Call,68.99,1.91,-39.49,f,,Steve Ogle,1211,,waterfall
PC,925,YARROW-CABIN-TRAIL-571,214713,,-113.966815,49.198186,,,305593,2021-06-15 07:06:20,284938,Transcribed,600s,1SPT,WWCR,White-winged Crossbill,LOXIA LEUCOPTERA,1,2580077,1,Call,119.50,8.10,-29.58,f,,Steve Ogle,1211,I suppose could be RECR but later on is a fairly good WWCR,waterfall
PC,925,YARROW-CABIN-TRAIL-571,214713,,-113.966815,49.198186,,,305593,2021-06-15 07:06:20,284938,Transcribed,600s,1SPT,WWCR,White-winged Crossbill,LOXIA LEUCOPTERA,2,2580093,1,Call,394.86,5.23,-24.49,f,,Steve Ogle,1211,,waterfall
PC,925,YARROW-CABIN-TRAIL-571,214713,,-113.966815,49.198186,,,305593,2021-06-15 07:06:20,284938,Transcribed,600s,1SPT,BHCO,Brown-headed Cowbird,MOLOTHRUS ATER,1,2580076,1,Call,89.10,1.99,-29.86,f,,Steve Ogle,1211,,waterfall
PC,925,YARROW-CABIN-TRAIL-571,214713,,-113.966815,49.198186,,,305593,2021-06-15 07:06:20,284938,Transcribed,600s,1SPT,MOCH,Mountain Chickadee,POECILE GAMBELI,1,2579941,1,Song,0.58,2.40,-31.24,f,,Steve Ogle,1211,,waterfall
PC,925,YARROW-CABIN-TRAIL-571,214713,,-113.966815,49.198186,,,305593,2021-06-15 07:06:20,284938,Transcribed,600s,1SPT,MGWA,MacGillivray's Warbler,GEOTHLYPIS TOLMIEI,1,2580071,1,Song,25.66,2.13,-38.47,f,,Steve Ogle,1211,,waterfall
PC,925,YARROW-CABIN-TRAIL-571,214713,,-113.966815,49.198186,,,305593,2021-06-15 07:06:20,284938,Transcribed,600s,1SPT,TOWA,Townsend's Warbler,SETOPHAGA TOWNSENDI,1,2580098,1,Song,368.19,2.50,-45.79,f,,Steve Ogle,1211,,waterfall
PC,925,YARROW-CABIN-TRAIL-571,214713,,-113.966815,49.198186,,,305593,2021-06-15 07:06:20,284938,Transcribed,600s,1SPT,CEDW,Cedar Waxwing,BOMBYCILLA CEDRORUM,1,2580079,2,Song,156.01,7.35,-35.04,f,,Steve Ogle,1211,,waterfall
PC,925,YARROW-CABIN-TRAIL-571,214713,,-113.966815,49.198186,,,305593,2021-06-15 07:06:20,284938,Transcribed,600s,1SPT,CEDW,Cedar Waxwing,BOMBYCILLA CEDRORUM,2,2580080,1,Song,169.96,2.56,-39.23,f,,Steve Ogle,1211,,waterfall
PC,925,YARROW-CABIN-TRAIL-571,214713,,-113.966815,49.198186,,,305593,2021-06-15 07:06:20,284938,Transcribed,600s,1SPT,DEJU,Dark-eyed Junco,JUNCO HYEMALIS,1,2579938,1,Song,1.05,3.06,-25.43,f,,Steve Ogle,1211,,waterfall
PC,925,YARROW-CABIN-TRAIL-571,214713,,-113.966815,49.198186,,,305593,2021-06-15 07:06:20,284938,Transcribed,600s,1SPT,AMRO,American Robin,TURDUS MIGRATORIUS,1,2579942,1,Song,3.54,3.19,-28.99,f,,Steve Ogle,1211,,waterfall
PC,925,YARROW-CABIN-TRAIL-571,214713,,-113.966815,49.198186,,,305593,2021-06-15 07:06:20,284938,Transcribed,600s,1SPT,YRWA,Yellow-rumped Warbler,SETOPHAGA CORONATA,1,2580078,1,Song,95.60,2.75,-37,f,,Steve Ogle,1211,,waterfall
PC,925,YARROW-CABIN-TRAIL-571,214713,,-113.966815,49.198186,,,305593,2021-06-15 07:06:20,284938,Transcribed,600s,1SPT,RCKI,Ruby-crowned Kinglet,CORTHYLIO CALENDULA,1,2580073,1,Song,35.38,3.40,-28.6,f,,Steve Ogle,1211,,waterfall
PC,925,YARROW-CABIN-TRAIL-571,214713,,-113.966815,49.198186,,,305593,2021-06-15 07:06:20,284938,Transcribed,600s,1SPT,SWTH,Swainson's Thrush,CATHARUS USTULATUS,2,2580090,1,Call,356.73,5.86,-28.55,f,,Steve Ogle,1211,,waterfall
PC,925,YARROW-CABIN-TRAIL-572,214710,,-113.964931,49.198136,,,305592,2021-06-15 07:39:46,284937,Transcribed,600s,1SPT,RCKI,Ruby-crowned Kinglet,CORTHYLIO CALENDULA,1,2571372,1,Song,12.49,3.28,-46.32,f,,Steve Ogle,1211,,
PC,925,YARROW-CABIN-TRAIL-572,214710,,-113.964931,49.198136,,,305592,2021-06-15 07:39:46,284937,Transcribed,600s,1SPT,RESQ,Red Squirrel,TAMIASCIURUS HUDSONICUS,1,2571454,1,Call,173.49,3.09,-35.58,f,,Steve Ogle,1211,,
PC,925,YARROW-CABIN-TRAIL-572,214710,,-113.964931,49.198136,,,305592,2021-06-15 07:39:46,284937,Transcribed,600s,1SPT,YRWA,Yellow-rumped Warbler,SETOPHAGA CORONATA,2,2571365,1,Call,7.69,0.81,-46.76,f,,Steve Ogle,1211,,
PC,925,YARROW-CABIN-TRAIL-572,214710,,-113.964931,49.198136,,,305592,2021-06-15 07:39:46,284937,Transcribed,600s,1SPT,YRWA,Yellow-rumped Warbler,SETOPHAGA CORONATA,1,2571362,1,Song,6.35,2.00,-49.48,f,,Steve Ogle,1211,,
PC,925,YARROW-CABIN-TRAIL-572,214710,,-113.964931,49.198136,,,305592,2021-06-15 07:39:46,284937,Transcribed,600s,1SPT,AMRO,American Robin,TURDUS MIGRATORIUS,2,2571469,1,Call,231.51,2.24,-50.2,f,,Steve Ogle,1211,,
PC,925,YARROW-CABIN-TRAIL-572,214710,,-113.964931,49.198136,,,305592,2021-06-15 07:39:46,284937,Transcribed,600s,1SPT,AMRO,American Robin,TURDUS MIGRATORIUS,1,2571431,1,Song,74.16,4.55,-41.47,f,,Steve Ogle,1211,,
PC,925,YARROW-CABIN-TRAIL-572,214710,,-113.964931,49.198136,,,305592,2021-06-15 07:39:46,284937,Transcribed,600s,1SPT,CAVI,Cassin's Vireo,VIREO CASSINII,1,2571494,1,Song,426.06,4.09,-16.27,f,,Steve Ogle,1211,may have heard earlier in recording,
PC,925,YARROW-CABIN-TRAIL-572,214710,,-113.964931,49.198136,,,305592,2021-06-15 07:39:46,284937,Transcribed,600s,1SPT,TOWA,Townsend's Warbler,SETOPHAGA TOWNSENDI,1,2571462,1,Song,189.14,2.49,-46.38,f,,Steve Ogle,1211,,
PC,925,YARROW-CABIN-TRAIL-572,214710,,-113.964931,49.198136,,,305592,2021-06-15 07:39:46,284937,Transcribed,600s,1SPT,MOCH,Mountain Chickadee,POECILE GAMBELI,1,2571437,1,Song,104.26,2.79,-43.09,f,,Steve Ogle,1211,,
PC,925,YARROW-CABIN-TRAIL-572,214710,,-113.964931,49.198136,,,305592,2021-06-15 07:39:46,284937,Transcribed,600s,1SPT,RECR,Red Crossbill,LOXIA CURVIROSTRA,1,2571457,1,Call,181.93,9.64,-22.94,f,,Steve Ogle,1211,,
PC,925,YARROW-CABIN-TRAIL-572,214710,,-113.964931,49.198136,,,305592,2021-06-15 07:39:46,284937,Transcribed,600s,1SPT,BHCO,Brown-headed Cowbird,MOLOTHRUS ATER,2,2571470,1,Song,249.36,1.95,-46.56,f,,Steve Ogle,1211,,
PC,925,YARROW-CABIN-TRAIL-572,214710,,-113.964931,49.198136,,,305592,2021-06-15 07:39:46,284937,Transcribed,600s,1SPT,BHCO,Brown-headed Cowbird,MOLOTHRUS ATER,1,2571441,1,Call,129.89,2.03,-50.34,f,,Steve Ogle,1211,,
PC,925,YARROW-CABIN-TRAIL-572,214710,,-113.964931,49.198136,,,305592,2021-06-15 07:39:46,284937,Transcribed,600s,1SPT,BRCR,Brown Creeper,CERTHIA AMERICANA,1,2571426,1,Song,54.74,2.13,-49.48,f,,Steve Ogle,1211,,
PC,925,YARROW-CABIN-TRAIL-572,214710,,-113.964931,49.198136,,,305592,2021-06-15 07:39:46,284937,Transcribed,600s,1SPT,PISI,Pine Siskin,SPINUS PINUS,2,2571471,1,Call,254.35,6.03,-39.91,f,,Steve Ogle,1211,,
PC,925,YARROW-CABIN-TRAIL-572,214710,,-113.964931,49.198136,,,305592,2021-06-15 07:39:46,284937,Transcribed,600s,1SPT,PISI,Pine Siskin,SPINUS PINUS,1,2571466,2,Call,212.10,7.93,-32.68,f,,Steve Ogle,1211,,
PC,925,YARROW-CABIN-TRAIL-572,214710,,-113.964931,49.198136,,,305592,2021-06-15 07:39:46,284937,Transcribed,600s,1SPT,SWTH,Swainson's Thrush,CATHARUS USTULATUS,2,2571368,1,Song,8.79,1.70,-29,f,,Steve Ogle,1211,,
PC,925,YARROW-CABIN-TRAIL-572,214710,,-113.964931,49.198136,,,305592,2021-06-15 07:39:46,284937,Transcribed,600s,1SPT,SWTH,Swainson's Thrush,CATHARUS USTULATUS,1,2571359,1,Song,3.53,1.93,-41.82,f,,Steve Ogle,1211,,
PC,925,YARROW-CABIN-TRAIL-573,214712,,-113.964739,49.196773,,,305595,2021-06-27 09:19:30,284940,Transcribed,600s,1SPT,TOWA,Townsend's Warbler,SETOPHAGA TOWNSENDI,1,2562293,1,Song,20.96,2.08,-42.38,f,,Steve Ogle,1211,,
PC,925,YARROW-CABIN-TRAIL-573,214712,,-113.964739,49.196773,,,305595,2021-06-27 09:19:30,284940,Transcribed,600s,1SPT,WETA,Western Tanager,PIRANGA LUDOVICIANA,1,2562304,1,Song,370.80,3.31,-48.58,f,,Steve Ogle,1211,,
PC,925,YARROW-CABIN-TRAIL-573,214712,,-113.964739,49.196773,,,305595,2021-06-27 09:19:30,284940,Transcribed,600s,1SPT,GCKI,Golden-crowned Kinglet,REGULUS SATRAPA,1,2562299,1,Call,102.64,2.79,-26.75,f,,Steve Ogle,1211,,
PC,925,YARROW-CABIN-TRAIL-573,214712,,-113.964739,49.196773,,,305595,2021-06-27 09:19:30,284940,Transcribed,600s,1SPT,MGWA,MacGillivray's Warbler,GEOTHLYPIS TOLMIEI,1,2562295,1,Call,50.54,3.15,-43.35,f,,Steve Ogle,1211,,
PC,925,YARROW-CABIN-TRAIL-573,214712,,-113.964739,49.196773,,,305595,2021-06-27 09:19:30,284940,Transcribed,600s,1SPT,PISI,Pine Siskin,SPINUS PINUS,1,2562290,1,Call,10.01,6.64,-39.05,f,,Steve Ogle,1211,,
PC,925,YARROW-CABIN-TRAIL-573,214712,,-113.964739,49.196773,,,305595,2021-06-27 09:19:30,284940,Transcribed,600s,1SPT,PISI,Pine Siskin,SPINUS PINUS,2,2562292,1,Call,19.58,1.73,-39.53,f,,Steve Ogle,1211,,
PC,925,YARROW-CABIN-TRAIL-573,214712,,-113.964739,49.196773,,,305595,2021-06-27 09:19:30,284940,Transcribed,600s,1SPT,PISI,Pine Siskin,SPINUS PINUS,3,2562303,1,Call,292.16,5.69,-41.7,f,,Steve Ogle,1211,,
PC,925,YARROW-CABIN-TRAIL-573,214712,,-113.964739,49.196773,,,305595,2021-06-27 09:19:30,284940,Transcribed,600s,1SPT,WWCR,White-winged Crossbill,LOXIA LEUCOPTERA,1,2562300,1,Call,129.71,4.59,-48.44,f,,Steve Ogle,1211,,
PC,925,YARROW-CABIN-TRAIL-573,214712,,-113.964739,49.196773,,,305595,2021-06-27 09:19:30,284940,Transcribed,600s,1SPT,WWCR,White-winged Crossbill,LOXIA LEUCOPTERA,2,2562305,1,Call,381.38,3.51,-36.58,f,,Steve Ogle,1211,,
PC,925,YARROW-CABIN-TRAIL-573,214712,,-113.964739,49.196773,,,305595,2021-06-27 09:19:30,284940,Transcribed,600s,1SPT,WWCR,White-winged Crossbill,LOXIA LEUCOPTERA,3,2562310,1,Song,499.95,3.88,-30.76,f,,Steve Ogle,1211,,
PC,925,YARROW-CABIN-TRAIL-573,214712,,-113.964739,49.196773,,,305595,2021-06-27 09:19:30,284940,Transcribed,600s,1SPT,BRCR,Brown Creeper,CERTHIA AMERICANA,1,2562307,1,Call,314.16,2.34,-40.95,f,,Steve Ogle,1211,,
PC,925,YARROW-CABIN-TRAIL-573,214712,,-113.964739,49.196773,,,305595,2021-06-27 09:19:30,284940,Transcribed,600s,1SPT,CAVI,Cassin's Vireo,VIREO CASSINII,1,2562301,1,Song,103.50,2.31,-37.49,f,,Steve Ogle,1211,,
PC,925,YARROW-CABIN-TRAIL-573,214712,,-113.964739,49.196773,,,305595,2021-06-27 09:19:30,284940,Transcribed,600s,1SPT,CEDW,Cedar Waxwing,BOMBYCILLA CEDRORUM,1,2562311,2,Song,527.53,5.59,-28.52,f,,Steve Ogle,1211,,
PC,925,YARROW-CABIN-TRAIL-573,214712,,-113.964739,49.196773,,,305595,2021-06-27 09:19:30,284940,Transcribed,600s,1SPT,DEJU,Dark-eyed Junco,JUNCO HYEMALIS,1,2562296,1,Song,54.14,3.36,-49.06,f,,Steve Ogle,1211,,
PC,925,YARROW-CABIN-TRAIL-573,214712,,-113.964739,49.196773,,,305595,2021-06-27 09:19:30,284940,Transcribed,600s,1SPT,YRWA,Yellow-rumped Warbler,SETOPHAGA CORONATA,1,2562302,1,Song,247.34,2.59,-52.86,f,,Steve Ogle,1211,,
PC,925,YARROW-CABIN-TRAIL-573,214712,,-113.964739,49.196773,,,305595,2021-06-27 09:19:30,284940,Transcribed,600s,1SPT,RESQ,Red Squirrel,TAMIASCIURUS HUDSONICUS,1,2562294,1,Call,41.15,8.01,-27.04,f,,Steve Ogle,1211,,
PC,925,YARROW-CABIN-TRAIL-573,214712,,-113.964739,49.196773,,,305595,2021-06-27 09:19:30,284940,Transcribed,600s,1SPT,RESQ,Red Squirrel,TAMIASCIURUS HUDSONICUS,2,2562309,1,Call,497.79,5.20,-29.65,f,,Steve Ogle,1211,,
PC,925,YARROW-CABIN-TRAIL-573,214712,,-113.964739,49.196773,,,305595,2021-06-27 09:19:30,284940,Transcribed,600s,1SPT,RCKI,Ruby-crowned Kinglet,CORTHYLIO CALENDULA,1,2562308,1,Song,399.30,4.31,-26.97,f,,Steve Ogle,1211,,
PC,925,YARROW-CABIN-TRAIL-573,214712,,-113.964739,49.196773,,,305595,2021-06-27 09:19:30,284940,Transcribed,600s,1SPT,SWTH,Swainson's Thrush,CATHARUS USTULATUS,1,2562289,2,Song,0.06,2.69,-45.21,f,,Steve Ogle,1211,,
PC,925,YARROW-CABIN-TRAIL-573,214712,,-113.964739,49.196773,,,305595,2021-06-27 09:19:30,284940,Transcribed,600s,1SPT,SWTH,Swainson's Thrush,CATHARUS USTULATUS,2,2562291,1,Song,15.85,2.05,-44.22,f,,Steve Ogle,1211,,
PC,925,YARROW-CABIN-TRAIL-574,214711,,-113.962627,49.196800,,,305594,2021-06-27 08:55:30,284939,Transcribed,600s,1SPT,RCKI,Ruby-crowned Kinglet,CORTHYLIO CALENDULA,1,2558891,1,Song,140.83,3.93,-34.22,f,,Steve Ogle,1211,,Cicadas throughout! Some flies buzzing the mic
PC,925,YARROW-CABIN-TRAIL-574,214711,,-113.962627,49.196800,,,305594,2021-06-27 08:55:30,284939,Transcribed,600s,1SPT,WETA,Western Tanager,PIRANGA LUDOVICIANA,1,2558935,1,Song,572.49,2.99,-52.04,f,,Steve Ogle,1211,,Cicadas throughout! Some flies buzzing the mic
PC,925,YARROW-CABIN-TRAIL-574,214711,,-113.962627,49.196800,,,305594,2021-06-27 08:55:30,284939,Transcribed,600s,1SPT,PISI,Pine Siskin,SPINUS PINUS,1,2558907,1,Call,241.54,2.29,-41.85,f,,Steve Ogle,1211,,Cicadas throughout! Some flies buzzing the mic
PC,925,YARROW-CABIN-TRAIL-574,214711,,-113.962627,49.196800,,,305594,2021-06-27 08:55:30,284939,Transcribed,600s,1SPT,PISI,Pine Siskin,SPINUS PINUS,2,2558913,1,Call,305.40,1.46,-32.44,f,,Steve Ogle,1211,,Cicadas throughout! Some flies buzzing the mic
PC,925,YARROW-CABIN-TRAIL-574,214711,,-113.962627,49.196800,,,305594,2021-06-27 08:55:30,284939,Transcribed,600s,1SPT,PISI,Pine Siskin,SPINUS PINUS,3,2558924,1,Call,467.73,6.21,-43.15,f,,Steve Ogle,1211,,Cicadas throughout! Some flies buzzing the mic
PC,925,YARROW-CABIN-TRAIL-574,214711,,-113.962627,49.196800,,,305594,2021-06-27 08:55:30,284939,Transcribed,600s,1SPT,WWCR,White-winged Crossbill,LOXIA LEUCOPTERA,1,2558929,1,Call,541.09,6.90,-46.45,f,,Steve Ogle,1211,,Cicadas throughout! Some flies buzzing the mic
PC,925,YARROW-CABIN-TRAIL-574,214711,,-113.962627,49.196800,,,305594,2021-06-27 08:55:30,284939,Transcribed,600s,1SPT,OCWA,Orange-crowned Warbler,LEIOTHLYPIS CELATA,1,2558904,1,Song,224.99,2.61,-47.24,f,,Steve Ogle,1211,pretty faint,Cicadas throughout! Some flies buzzing the mic
PC,925,YARROW-CABIN-TRAIL-574,214711,,-113.962627,49.196800,,,305594,2021-06-27 08:55:30,284939,Transcribed,600s,1SPT,YRWA,Yellow-rumped Warbler,SETOPHAGA CORONATA,1,2558897,1,Song,162.89,2.34,-42.19,f,,Steve Ogle,1211,,Cicadas throughout! Some flies buzzing the mic
PC,925,YARROW-CABIN-TRAIL-574,214711,,-113.962627,49.196800,,,305594,2021-06-27 08:55:30,284939,Transcribed,600s,1SPT,RESQ,Red Squirrel,TAMIASCIURUS HUDSONICUS,1,2558886,1,Call,89.93,5.70,-40.46,f,,Steve Ogle,1211,,Cicadas throughout! Some flies buzzing the mic
PC,925,YARROW-CABIN-TRAIL-574,214711,,-113.962627,49.196800,,,305594,2021-06-27 08:55:30,284939,Transcribed,600s,1SPT,SWTH,Swainson's Thrush,CATHARUS USTULATUS,1,2558876,1,Song,2.24,2.44,-30.94,f,,Steve Ogle,1211,,Cicadas throughout! Some flies buzzing the mic
PC,925,YARROW-CABIN-TRAIL-574,214711,,-113.962627,49.196800,,,305594,2021-06-27 08:55:30,284939,Transcribed,600s,1SPT,SWTH,Swainson's Thrush,CATHARUS USTULATUS,3,2558878,1,Song,12.43,2.29,-41.44,f,,Steve Ogle,1211,,Cicadas throughout! Some flies buzzing the mic
PC,925,YARROW-CABIN-TRAIL-574,214711,,-113.962627,49.196800,,,305594,2021-06-27 08:55:30,284939,Transcribed,600s,1SPT,SWTH,Swainson's Thrush,CATHARUS USTULATUS,2,2558879,1,Call,6.41,1.38,-35.25,f,,Steve Ogle,1211,,Cicadas throughout! Some flies buzzing the mic
PC,925,YARROW-CABIN-TRAIL-590,214708,,-113.959678,49.195004,,,305596,2021-06-27 09:47:45,284941,Transcribed,600s,1SPT,WWCR,White-winged Crossbill,LOXIA LEUCOPTERA,1,2582493,1,Call,419.73,4.30,-20.71,f,,Steve Ogle,1211,,creek
PC,925,YARROW-CABIN-TRAIL-590,214708,,-113.959678,49.195004,,,305596,2021-06-27 09:47:45,284941,Transcribed,600s,1SPT,CAHU,Calliope Hummingbird,SELAPHORUS CALLIOPE,1,2582478,1,Song,157.34,4.74,-34.64,f,,Steve Ogle,1211,"Actually, call. Thought this might have been a RUHU by call, but they sound so similar (hence I'm grouping them often). However, it sang later on (display flight). ",creek
PC,925,YARROW-CABIN-TRAIL-590,214708,,-113.959678,49.195004,,,305596,2021-06-27 09:47:45,284941,Transcribed,600s,1SPT,RECR,Red Crossbill,LOXIA CURVIROSTRA,1,2582464,TMTT,Call,7.93,6.26,-26.2,f,,Steve Ogle,1211,5-10,creek
PC,925,YARROW-CABIN-TRAIL-590,214708,,-113.959678,49.195004,,,305596,2021-06-27 09:47:45,284941,Transcribed,600s,1SPT,WAVI,Warbling Vireo,VIREO GILVUS,1,2582492,1,Song,346.44,3.15,-33.41,f,,Steve Ogle,1211,,creek
PC,925,YARROW-CABIN-TRAIL-590,214708,,-113.959678,49.195004,,,305596,2021-06-27 09:47:45,284941,Transcribed,600s,1SPT,DEJU,Dark-eyed Junco,JUNCO HYEMALIS,1,2582462,1,Song,1.49,2.55,-35.58,f,,Steve Ogle,1211,,creek
PC,925,YARROW-CABIN-TRAIL-590,214708,,-113.959678,49.195004,,,305596,2021-06-27 09:47:45,284941,Transcribed,600s,1SPT,AMRO,American Robin,TURDUS MIGRATORIUS,1,2582480,1,Song,172.88,5.53,-27.57,f,,Steve Ogle,1211,,creek
PC,925,YARROW-CABIN-TRAIL-590,214708,,-113.959678,49.195004,,,305596,2021-06-27 09:47:45,284941,Transcribed,600s,1SPT,HETH,Hermit Thrush,CATHARUS GUTTATUS,1,2582474,1,Song,120.56,2.50,-28.1,f,,Steve Ogle,1211,,creek
PC,925,YARROW-CABIN-TRAIL-590,214708,,-113.959678,49.195004,,,305596,2021-06-27 09:47:45,284941,Transcribed,600s,1SPT,YRWA,Yellow-rumped Warbler,SETOPHAGA CORONATA,1,2582496,1,Song,531.03,2.00,-36.73,f,,Steve Ogle,1211,probably earlier but very faint,creek
PC,925,YARROW-CABIN-TRAIL-590,214708,,-113.959678,49.195004,,,305596,2021-06-27 09:47:45,284941,Transcribed,600s,1SPT,LECH,Least Chipmunk,TAMIAS MINIMUS,1,2582461,1,Call,0.06,6.94,-19.46,f,,Steve Ogle,1211,Don't know for sure what species,creek
PC,925,YARROW-CABIN-TRAIL-590,214708,,-113.959678,49.195004,,,305596,2021-06-27 09:47:45,284941,Transcribed,600s,1SPT,RESQ,Red Squirrel,TAMIASCIURUS HUDSONICUS,1,2582494,1,Call,419.28,5.01,-20.64,f,,Steve Ogle,1211,,creek
PC,925,YARROW-CABIN-TRAIL-590,214708,,-113.959678,49.195004,,,305596,2021-06-27 09:47:45,284941,Transcribed,600s,1SPT,SWTH,Swainson's Thrush,CATHARUS USTULATUS,1,2582460,1,Song,0.01,1.86,-25.17,f,,Steve Ogle,1211,,creek
PC,925,YARROW-CABIN-TRAIL-590,214708,,-113.959678,49.195004,,,305596,2021-06-27 09:47:45,284941,Transcribed,600s,1SPT,SWTH,Swainson's Thrush,CATHARUS USTULATUS,2,2582466,1,Call,10.88,1.23,-35.23,f,,Steve Ogle,1211,,creek
PC,925,YARROW-CABIN-TRAIL-590,214708,,-113.959678,49.195004,,,305596,2021-06-27 09:47:45,284941,Transcribed,600s,1SPT,PISI,Pine Siskin,SPINUS PINUS,3,2582495,1,Call,450.85,1.20,-38.52,f,,Steve Ogle,1211,,creek
PC,925,YARROW-CABIN-TRAIL-590,214708,,-113.959678,49.195004,,,305596,2021-06-27 09:47:45,284941,Transcribed,600s,1SPT,PISI,Pine Siskin,SPINUS PINUS,2,2582489,1,Call,224.09,1.49,-35.31,f,,Steve Ogle,1211,,creek
PC,925,YARROW-CABIN-TRAIL-590,214708,,-113.959678,49.195004,,,305596,2021-06-27 09:47:45,284941,Transcribed,600s,1SPT,PISI,Pine Siskin,SPINUS PINUS,1,2582482,1,Call,196.41,5.56,-28.2,f,,Steve Ogle,1211,,creek
PC,925,YARROW-CABIN-TRAIL-590,214708,,-113.959678,49.195004,,,305596,2021-06-27 09:47:45,284941,Transcribed,600s,1SPT,CHSP,Chipping Sparrow,SPIZELLA PASSERINA,2,2582468,1,Song,60.93,2.50,-32.55,f,,Steve Ogle,1211,"sounding like a junco, as most do",creek
PC,925,YARROW-CABIN-TRAIL-590,214708,,-113.959678,49.195004,,,305596,2021-06-27 09:47:45,284941,Transcribed,600s,1SPT,CHSP,Chipping Sparrow,SPIZELLA PASSERINA,1,2582463,1,Song,4.25,3.58,-19.52,f,,Steve Ogle,1211,,creek
PC,925,YARROW-CABIN-TRAIL-590,214708,,-113.959678,49.195004,,,305596,2021-06-27 09:47:45,284941,Transcribed,600s,1SPT,LAZB,Lazuli Bunting,PASSERINA AMOENA,1,2582491,1,Song,250.14,3.68,-17.58,f,,Steve Ogle,1211,,creek
PC,925,YARROW-CABIN-TRAIL-591,214709,,-113.958538,49.192479,,,305597,2021-06-27 10:14:30,284942,Transcribed,600s,1SPT,PISI,Pine Siskin,SPINUS PINUS,2,2553342,1,Call,443.26,1.40,-38.77,f,,Steve Ogle,1211,,insect noise
PC,925,YARROW-CABIN-TRAIL-591,214709,,-113.958538,49.192479,,,305597,2021-06-27 10:14:30,284942,Transcribed,600s,1SPT,PISI,Pine Siskin,SPINUS PINUS,1,2553328,1,Call,208.21,6.71,-31.74,f,,Steve Ogle,1211,,insect noise
PC,925,YARROW-CABIN-TRAIL-591,214709,,-113.958538,49.192479,,,305597,2021-06-27 10:14:30,284942,Transcribed,600s,1SPT,AMGO,American Goldfinch,SPINUS TRISTIS,1,2553341,1,Call,436.43,5.04,-34.05,f,,Steve Ogle,1211,,insect noise
PC,925,YARROW-CABIN-TRAIL-591,214709,,-113.958538,49.192479,,,305597,2021-06-27 10:14:30,284942,Transcribed,600s,1SPT,SWTH,Swainson's Thrush,CATHARUS USTULATUS,1,2553323,1,Song,150.46,1.86,-30.85,f,,Steve Ogle,1211,,insect noise
PC,925,YARROW-CABIN-TRAIL-591,214709,,-113.958538,49.192479,,,305597,2021-06-27 10:14:30,284942,Transcribed,600s,1SPT,RCKI,Ruby-crowned Kinglet,CORTHYLIO CALENDULA,1,2553319,1,Song,97.50,4.98,-34.67,f,,Steve Ogle,1211,,insect noise
PC,925,YARROW-CABIN-TRAIL-591,214709,,-113.958538,49.192479,,,305597,2021-06-27 10:14:30,284942,Transcribed,600s,1SPT,YRWA,Yellow-rumped Warbler,SETOPHAGA CORONATA,1,2553320,1,Song,119.06,2.50,-40.73,f,,Steve Ogle,1211,,insect noise
PC,925,YARROW-CABIN-TRAIL-591,214709,,-113.958538,49.192479,,,305597,2021-06-27 10:14:30,284942,Transcribed,600s,1SPT,WCSP,White-crowned Sparrow,ZONOTRICHIA LEUCOPHRYS,1,2553294,1,Song,11.88,2.30,-31.16,f,,Steve Ogle,1211,,insect noise
PC,925,YARROW-CABIN-TRAIL-591,214709,,-113.958538,49.192479,,,305597,2021-06-27 10:14:30,284942,Transcribed,600s,1SPT,AMRO,American Robin,TURDUS MIGRATORIUS,1,2553286,1,Song,0.33,7.31,-22.03,f,,Steve Ogle,1211,,insect noise
PC,925,YARROW-CABIN-TRAIL-591,214709,,-113.958538,49.192479,,,305597,2021-06-27 10:14:30,284942,Transcribed,600s,1SPT,HOWR,House Wren,TROGLODYTES AEDON,1,2553336,1,Song,297.29,3.79,-22.8,f,,Steve Ogle,1211,,insect noise
PC,925,YARROW-CABIN-TRAIL-591,214709,,-113.958538,49.192479,,,305597,2021-06-27 10:14:30,284942,Transcribed,600s,1SPT,CEDW,Cedar Waxwing,BOMBYCILLA CEDRORUM,1,2553289,1,Song,7.71,1.75,-46.81,f,,Steve Ogle,1211,,insect noise
PC,925,YARROW-CABIN-TRAIL-591,214709,,-113.958538,49.192479,,,305597,2021-06-27 10:14:30,284942,Transcribed,600s,1SPT,CHSP,Chipping Sparrow,SPIZELLA PASSERINA,1,2553297,1,Song,33.83,2.45,-36.42,f,,Steve Ogle,1211,,insect noise
PC,925,YARROW-CABIN-TRAIL-591,214709,,-113.958538,49.192479,,,305597,2021-06-27 10:14:30,284942,Transcribed,600s,1SPT,LAZB,Lazuli Bunting,PASSERINA AMOENA,1,2553324,1,Song,20.59,4.08,-33.82,f,,Steve Ogle,1211,better later,insect noise
PC,925,YARROW-CABIN-TRAIL-591,214709,,-113.958538,49.192479,,,305597,2021-06-27 10:14:30,284942,Transcribed,600s,1SPT,MGWA,MacGillivray's Warbler,GEOTHLYPIS TOLMIEI,1,2553292,1,Song,8.76,3.05,-32.01,f,,Steve Ogle,1211,,insect noise
PC,925,YARROW-CABIN-TRAIL-591,214709,,-113.958538,49.192479,,,305597,2021-06-27 10:14:30,284942,Transcribed,600s,1SPT,RBNU,Red-breasted Nuthatch,SITTA CANADENSIS,1,2553311,1,Call,62.30,5.85,-35.53,f,,Steve Ogle,1211,,insect noise
PC,925,YARROW-CABIN-TRAIL-591,214709,,-113.958538,49.192479,,,305597,2021-06-27 10:14:30,284942,Transcribed,600s,1SPT,RECR,Red Crossbill,LOXIA CURVIROSTRA,1,2553302,TMTT,Call,36.45,6.54,-19.29,f,,Steve Ogle,1211,,insect noise
PC,925,YARROW-CABIN-TRAIL-591,214709,,-113.958538,49.192479,,,305597,2021-06-27 10:14:30,284942,Transcribed,600s,1SPT,BHCO,Brown-headed Cowbird,MOLOTHRUS ATER,1,2553314,1,Call,77.53,3.55,-32.83,f,,Steve Ogle,1211,,insect noise
