FieldVisitID,ParkID,Transect,TransectID,PointID,Year,Month,Day,SampleNumber,Time,Method,TrackNumber,Project,Temperature,Sky,Wind,Recorder,Microphone,SoundQuality,Observer,ObserverComments,Transcriber,TranscriberComments
788,WLNP,Lower Mount Crandell,,17,2007,6,15,1,05:03,Recording,3,EI Monitoring,1,clear,0,,,Good,"D'Astous, Amelie & Boutin, Dany",,Cam Gillies,
789,WLNP,Lower Mount Crandell,,18,2007,6,15,1,05:28,Recording,4,EI Monitoring,1.1,scattered,1,,,Good,"D'Astous, Amelie & Boutin, Dany",,Cam Gillies,
790,WLNP,Lower Mount Crandell,,19,2007,6,15,1,05:50,Recording,5,EI Monitoring,5.4,clear,0,,,Good,"D'Astous, Amelie & Boutin, Dany",,Cam Gillies,
791,WLNP,Lower Mount Crandell,,20,2007,6,21,1,05:05,Recording,1,EI Monitoring,15.2,clear,3.4,,,Good,"D'Astous, Amelie & Boutin, Dany",,Cam Gillies,
792,WLNP,Lower Mount Crandell,,21,2007,6,18,1,05:30,Recording,2,EI Monitoring,6.8,broken,1,,,Good,"D'Astous, Amelie & Boutin, Dany",light drizzle in middle of recording,Cam Gillies,
793,WLNP,Lower Mount Crandell,,22,2007,6,22,1,05:55,Recording,3,EI Monitoring,6.7,clear,1,,,Good,"D'Astous, Amelie & Boutin, Dany",,Cam Gillies,var 2
794,WLNP,Lower Mount Crandell,,23,2007,6,22,1,05:40,Recording,2,EI Monitoring,10.7,clear,1.3,,,Good,"D'Astous, Amelie & Boutin, Dany",,Cam Gillies,var2
795,WLNP,Lower Mount Crandell,,24,2007,6,22,1,05:15,Recording,1,EI Monitoring,12.4,clear,0,,,Good,"D'Astous, Amelie & Boutin, Dany",,Cam Gillies,
796,WLNP,Lower Mount Crandell,,70,2007,6,15,1,06:47,Recording,7,EI Monitoring,4.6,overcast,1.5,,,Good,"D'Astous, Amelie & Boutin, Dany",,Cam Gillies,var1
797,WLNP,Lower Mount Crandell,,71,2007,6,15,1,07:10,Recording,8,EI Monitoring,4.753333333,overcast,4.006666667,,,Good,"D'Astous, Amelie & Boutin, Dany",,Cam Gillies,very quiet
798,WLNP,Horseshoe Basin,,41,2007,6,5,1,05:30,Recording,1,EI Monitoring,17.4,clear,0,,,Moderate,"D'Astous, Amelie & Boutin, Dany",,Cam Gillies,
799,WLNP,Horseshoe Basin,,42,2007,6,5,1,06:55,Recording,8,EI Monitoring,7.4,clear,0,,,Moderate,"D'Astous, Amelie & Boutin, Dany",,Cam Gillies,
800,WLNP,Horseshoe Basin,,43,2007,6,5,1,07:35,Recording,9,EI Monitoring,13.8,clear,1.4,,,Moderate,"D'Astous, Amelie & Boutin, Dany",,Cam Gillies,
801,WLNP,Horseshoe Basin,,44,2007,6,5,1,08:05,Recording,10,EI Monitoring,18,clear,3.9,,,Moderate,"D'Astous, Amelie & Boutin, Dany",,Cam Gillies,
802,WLNP,Horseshoe Basin,,45,2007,6,5,1,05:25,Recording,1,EI Monitoring,6.4,clear,0.9,,,Moderate,"D'Astous, Amelie & Boutin, Dany",,Cam Gillies,
803,WLNP,Horseshoe Basin,,46,2007,6,5,1,05:40,Recording,2,EI Monitoring,1.5,clear,1.1,,,Poor,"D'Astous, Amelie & Boutin, Dany & Trena Marr",,Cam Gillies,
804,WLNP,Horseshoe Basin,,47,2007,6,5,1,06:05,Recording,3,EI Monitoring,1.6,clear,3,,,Poor,"D'Astous, Amelie & Boutin, Dany & Trena Marr",,Cam Gillies,
805,WLNP,Horseshoe Basin,,48,2007,6,5,1,06:30,Recording,4,EI Monitoring,2.8,clear,2.9,,,Poor,"D'Astous, Amelie & Boutin, Dany & Trena Marr",,Cam Gillies,
806,WLNP,Horseshoe Basin,,49,2007,6,13,1,07:00,Recording,5,EI Monitoring,1,clear,0.9,,,Poor,"D'Astous, Amelie & Boutin, Dany & Trena Marr",,Cam Gillies,unk49 & Rowe Lakes unknown
807,WLNP,Horseshoe Basin,,50,2007,6,13,1,07:25,Recording,6,EI Monitoring,2.6,clear,1.5,,,Poor,"D'Astous, Amelie & Boutin, Dany & Trena Marr",,Cam Gillies,
808,WLNP,Prairie Trail,,575,2007,6,4,1,07:45,Recording,7,EI Monitoring,12.4,clear,1.9,,,Moderate,"D'Astous, Amelie & Boutin, Dany & Trena Marr",,Cam Gillies,
809,WLNP,Prairie Trail,,576,2007,6,4,1,08:30,Recording,9,EI Monitoring,6,clear,1.2,,,Poor,"D'Astous, Amelie & Boutin, Dany & Trena Marr",,Cam Gillies,
810,WLNP,Prairie Trail,,577,2007,6,13,1,09:20,Recording,11,EI Monitoring,11.7,clear,1.5,,,Moderate,"D'Astous, Amelie & Boutin, Dany & Trena Marr",,Cam Gillies,
811,WLNP,Prairie Trail,,578,2007,6,13,1,09:45,Recording,12,EI Monitoring,12.9,clear,3.8,,,Moderate,"D'Astous, Amelie & Boutin, Dany & Trena Marr",,Cam Gillies,
812,WLNP,Prairie Trail,,579,2007,6,13,1,08:40,Recording,11,EI Monitoring,22.8,clear,4.3,,,Moderate,"D'Astous, Amelie & Boutin, Dany & Trena Marr",,Cam Gillies,
813,WLNP,Prairie Trail,,580,2007,6,13,1,09:25,Recording,8,EI Monitoring,20,overcast,0,,,Good,"D'Astous, Amelie & Boutin, Dany",,Cam Gillies,
814,WLNP,Prairie Trail,,581,2007,6,13,1,08:30,Recording,6,EI Monitoring,18.1,overcast,1.5,,,Good,"D'Astous, Amelie & Boutin, Dany",,Cam Gillies,
815,WLNP,Prairie Trail,,582,2007,6,13,1,07:55,Recording,5,EI Monitoring,18.1,clear,2.5,,,Good,"D'Astous, Amelie & Boutin, Dany",,Cam Gillies,
816,WLNP,Prairie Trail,,583,2007,6,14,1,05:20,Recording,1,EI Monitoring,10.5,overcast,0,,,Good,"D'Astous, Amelie & Boutin, Dany",,Cam Gillies,
817,WLNP,Prairie Trail,,584,2007,6,14,1,05:45,Recording,2,EI Monitoring,10.5,broken,1.1,,,Good,"D'Astous, Amelie & Boutin, Dany",,Cam Gillies,
818,WLNP,Wishbone Trail,,33,2007,6,4,1,06:10,Recording,3,EI Monitoring,11.8,clear,1.6,,,Good,"D'Astous, Amelie & Boutin, Dany",,Cam Gillies,"unk 37, in unknowns"
819,WLNP,Wishbone Trail,,34,2007,6,4,1,05:20,Recording,1,EI Monitoring,16.5,overcast,4,,,Good,"D'Astous, Amelie & Boutin, Dany",,Cam Gillies,
820,WLNP,Wishbone Trail,,35,2007,6,4,1,05:46,Recording,2,EI Monitoring,13.9,overcast,0,,,Good,"D'Astous, Amelie & Boutin, Dany",,Cam Gillies,
821,WLNP,Wishbone Trail,,36,2007,6,4,1,06:11,Recording,3,EI Monitoring,15.1,overcast,1.3,,,Good,"D'Astous, Amelie & Boutin, Dany",,Cam Gillies,
822,WLNP,Wishbone Trail,,37,2007,6,4,1,06:33,Recording,4,EI Monitoring,16,broken,4.4,,,Good,"D'Astous, Amelie & Boutin, Dany",,Cam Gillies,
823,WLNP,Wishbone Trail,,38,2007,6,4,1,07:05,Recording,5,EI Monitoring,14.1,broken,1,,,Good,"D'Astous, Amelie & Boutin, Dany",,Cam Gillies,Cculd be more than 3 in this flock
824,WLNP,Wishbone Trail,,39,2007,6,4,1,07:28,Recording,6,EI Monitoring,15.2,broken,3.7,,,Good,"D'Astous, Amelie & Boutin, Dany",,Cam Gillies,
825,WLNP,Wishbone Trail,,40,2007,6,4,1,07:49,Recording,7,EI Monitoring,16.5,broken,1,,,Good,"D'Astous, Amelie & Boutin, Dany",,Cam Gillies,
826,WLNP,Wishbone Trail,,60,2007,7,5,1,08:11,Recording,8,EI Monitoring,18.5,scattered,1.2,,,Good,"D'Astous, Amelie & Boutin, Dany",,Cam Gillies,
827,WLNP,Wishbone Trail,,61,2007,7,5,1,05:45,Recording,6,EI Monitoring,7,clear,3.6,,,Good,"D'Astous, Amelie & Boutin, Dany",,Cam Gillies,
828,WLNP,Sofa Mountain,,25,2007,6,15,1,06:08,Recording,7,EI Monitoring,4.6,clear,1.7,,,Good,"D'Astous, Amelie & Boutin, Dany",,Cam Gillies,
829,WLNP,Sofa Mountain,,26,2007,6,15,1,09:37,Recording,11,EI Monitoring,18.7,clear,-1.#IND,,,Good,"D'Astous, Amelie & Boutin, Dany",,Cam Gillies,
830,WLNP,Sofa Mountain,,27,2007,6,15,1,09:57,Recording,12,EI Monitoring,18.2,clear,5.4,,,Moderate,"D'Astous, Amelie & Boutin, Dany",,Cam Gillies,ground squirrel call overtop of Killdeer
831,WLNP,Sofa Mountain,,28,2007,6,6,1,07:07,Recording,8,EI Monitoring,6.8,broken,1.4,,,Good,"D'Astous, Amelie & Boutin, Dany",,Cam Gillies,
832,WLNP,Sofa Mountain,,29,2007,6,6,1,07:48,Recording,10,EI Monitoring,9.6,broken,3.5,,,Good,"D'Astous, Amelie & Boutin, Dany",,Cam Gillies,
833,WLNP,Sofa Mountain,,30,2007,6,14,1,08:10,Recording,11,EI Monitoring,10.4,broken,1.8,,,Good,"D'Astous, Amelie & Boutin, Dany",,Cam Gillies,
834,WLNP,Sofa Mountain,,31,2007,6,6,1,08:34,Recording,12,EI Monitoring,10.8,broken,3.4,,,Moderate,"D'Astous, Amelie & Boutin, Dany",,Cam Gillies,
835,WLNP,Sofa Mountain,,32,2007,6,14,1,09:00,Recording,1,EI Monitoring,10.7,broken,1.7,,,Moderate,"D'Astous, Amelie & Boutin, Dany",wind average is likely wrong because the 'kestrel' fell on the ground durring the recording.,Cam Gillies,var1
836,WLNP,Sofa Mountain,,80,2007,6,14,1,09:25,Recording,2,EI Monitoring,11.5,broken,3.6,,,Moderate,"D'Astous, Amelie & Boutin, Dany",,Cam Gillies,
837,WLNP,Sofa Mountain,,81,2007,6,14,1,05:11,Recording,1,EI Monitoring,5.1,broken,2.8,,,Good,"D'Astous, Amelie & Boutin, Dany",,Cam Gillies,
838,WLNP,Yarrow Cabin Trail,,567,2007,6,20,1,05:45,Recording,2,EI Monitoring,9.2,scattered,2.7,,,Good,"D'Astous, Amelie & Boutin, Dany",,Cam Gillies,
839,WLNP,Yarrow Cabin Trail,,568,2007,6,20,1,05:06,Recording,1,EI Monitoring,11.9,clear,1.1,,,Good,"D'Astous, Amelie & Boutin, Dany",,Cam Gillies,
840,WLNP,Yarrow Cabin Trail,,569,2007,6,20,1,05:35,Recording,2,EI Monitoring,8.8,clear,0.9,,,Good,"D'Astous, Amelie & Boutin, Dany",2 AMRO seen at 6 min,Cam Gillies,
841,WLNP,Yarrow Cabin Trail,,570,2007,6,20,1,06:06,Recording,3,EI Monitoring,8.9,clear,1.1,,,Good,"D'Astous, Amelie & Boutin, Dany",,Cam Gillies,
842,WLNP,Yarrow Cabin Trail,,571,2007,6,20,1,06:38,Recording,4,EI Monitoring,11.7,clear,0,,,Good,"D'Astous, Amelie, Boutin, Dany, & Smith, Cyndi",,Cam Gillies,
843,WLNP,Yarrow Cabin Trail,,572,2007,6,20,1,07:00,Recording,5,EI Monitoring,12.1,clear,0,,,Good,"D'Astous, Amelie, Boutin, Dany, & Smith, Cyndi",,Cam Gillies,
844,WLNP,Yarrow Cabin Trail,,573,2007,6,20,1,07:23,Recording,6,EI Monitoring,14.8,clear,0,,,Good,"D'Astous, Amelie, Boutin, Dany, & Smith, Cyndi",,Cam Gillies,
845,WLNP,Yarrow Cabin Trail,,574,2007,6,20,1,07:46,Recording,7,EI Monitoring,14,clear,0,,,Good,"D'Astous, Amelie, Boutin, Dany, & Smith, Cyndi",,Cam Gillies,
846,WLNP,Yarrow Cabin Trail,,590,2007,6,20,1,08:25,Recording,10,EI Monitoring,16.1,clear,0,,,Good,"D'Astous, Amelie, Boutin, Dany, & Smith, Cyndi",,Cam Gillies,
847,WLNP,Yarrow Cabin Trail,,591,2007,6,20,1,05:30,Recording,1,EI Monitoring,12.7,clear,0,,,Moderate,"D'Astous, Amelie & Boutin, Dany",,Cam Gillies,
848,WLNP,Cameron Lake,,1,2007,6,21,1,05:50,Recording,2,EI Monitoring,11.4,clear,0,,,Good,"D'Astous, Amelie & Boutin, Dany",,Cam Gillies,
849,WLNP,Cameron Lake,,3,2007,6,21,1,08:45,Recording,9,EI Monitoring,9,overcast,1.5,,,Good,"D'Astous, Amelie & Boutin, Dany",,Cam Gillies,call at 6.11
850,WLNP,Cameron Lake,,4,2007,6,22,1,09:24,Recording,11,EI Monitoring,8.9,overcast,0,,,Good,"D'Astous, Amelie & Boutin, Dany",,Cam Gillies,
851,WLNP,Cameron Lake,,5,2007,7,3,1,10:00,Recording,12,EI Monitoring,12.3,overcast,2.1,,,Moderate,"D'Astous, Amelie & Boutin, Dany",,Cam Gillies,
852,WLNP,Cameron Lake,,6,2007,6,21,1,06:43,Recording,4,EI Monitoring,10.5,broken,2.3,,,Moderate,"D'Astous, Amelie & Boutin, Dany",,Cam Gillies,
853,WLNP,Cameron Lake,,124,2007,7,3,1,08:50,Recording,9,EI Monitoring,10.3,overcast,3.6,,,Moderate,"D'Astous, Amelie & Boutin, Dany",,Cam Gillies,
854,WLNP,Summit Lake,,9,2007,6,22,1,06:55,Recording,3,EI Monitoring,9.188888889,clear,4.6,,,Moderate,"D'Astous, Amelie & Boutin, Dany",,Cam Gillies,"unk59, in unknowns"
855,WLNP,Summit Lake,,11,2007,6,22,1,07:45,Recording,7,EI Monitoring,9.5,overcast,3.7,,,Moderate,"D'Astous, Amelie & Boutin, Dany",,Cam Gillies,
856,WLNP,Summit Lake,,12,2007,6,22,1,08:30,Recording,7,EI Monitoring,13.6,scattered,3.4,,,Good,"D'Astous, Amelie & Boutin, Dany",,Cam Gillies,
857,WLNP,Summit Lake,,15,2007,6,28,1,08:04,Recording,6,EI Monitoring,9.8,scattered,2.9,,,Good,"D'Astous, Amelie & Boutin, Dany",,Cam Gillies,
858,WLNP,Summit Lake,,16,2007,6,28,1,07:45,Recording,5,EI Monitoring,14.1,scattered,2.2,,,Good,"D'Astous, Amelie & Boutin, Dany",,Cam Gillies,
859,WLNP,Summit Lake,,120,2007,6,28,1,09:35,Recording,11,EI Monitoring,18.6,clear,1.2,,,Moderate,"D'Astous, Amelie & Boutin, Dany",,Cam Gillies,
860,WLNP,Summit Lake,,121,2007,6,28,1,05:05,Recording,1,EI Monitoring,7.4,clear,1,,,Moderate,"D'Astous, Amelie & Boutin, Dany",,Cam Gillies,
861,WLNP,Summit Lake,,122,2007,6,28,1,05:33,Recording,2,EI Monitoring,8.2,clear,2.2,,,Good,"D'Astous, Amelie & Boutin, Dany",,Cam Gillies,
862,WLNP,Summit Lake,,123,2007,7,3,1,05:50,Recording,3,EI Monitoring,7.7,clear,2.5,,,Good,"D'Astous, Amelie & Boutin, Dany",,Cam Gillies,
863,WLNP,Summit Lake,,125,2007,6,22,1,06:12,Recording,4,EI Monitoring,6.8,clear,2.3,,,Good,"D'Astous, Amelie & Boutin, Dany",,Cam Gillies,
864,WLNP,Summit Lake,,126,2007,6,28,1,06:35,Recording,5,EI Monitoring,8.1,clear,4.7,,,Good,"D'Astous, Amelie & Boutin, Dany",,Cam Gillies,
865,WLNP,Summit Lake,,127,2007,6,28,1,06:55,Recording,6,EI Monitoring,6.8,clear,3.1,,,Good,"D'Astous, Amelie & Boutin, Dany",,Cam Gillies,
866,WLNP,Summit Lake,,128,2007,6,28,1,07:17,Recording,7,EI Monitoring,8.4,clear,0,,,Good,"D'Astous, Amelie & Boutin, Dany",,Cam Gillies,
867,WLNP,Summit Lake,,129,2007,6,28,1,07:40,Recording,8,EI Monitoring,14.4,clear,1.4,,,Good,"D'Astous, Amelie & Boutin, Dany",,Cam Gillies,
868,WLNP,Cardston Entrance,,550,2007,6,27,1,08:10,Recording,9,EI Monitoring,17.3,clear,1.3,,,Good,"D'Astous, Amelie & Boutin, Dany",,Cam Gillies,var 1
869,WLNP,Cardston Entrance,,551,2007,6,27,1,07:25,Recording,3,EI Monitoring,10.4,clear,1.8,,,Moderate,"D'Astous, Amelie & Boutin, Dany",x,Cam Gillies,x
870,WLNP,Cardston Entrance,,552,2007,6,27,1,07:50,Recording,5,EI Monitoring,9.3,clear,1.6,,,Good,"D'Astous, Amelie & Boutin, Dany",,Cam Gillies,
871,WLNP,Cardston Entrance,,553,2007,6,27,1,07:50,Recording,4,EI Monitoring,10.7,clear,0,,,Good,"D'Astous, Amelie & Boutin, Dany",,Cam Gillies,var 1
872,WLNP,Cardston Entrance,,554,2007,6,29,1,07:45,Recording,4,EI Monitoring,11,scattered,1.7,,,Good,"D'Astous, Amelie & Boutin, Dany",,Cam Gillies,var 1
873,WLNP,Cardston Entrance,,555,2007,6,29,1,07:25,Recording,4,EI Monitoring,11.8,clear,1,,,Good,"D'Astous, Amelie & Boutin, Dany",,Cam Gillies,
874,WLNP,Cardston Entrance,,556,2007,6,29,1,08:45,Recording,6,EI Monitoring,12.3,clear,1.3,,,Good,"D'Astous, Amelie & Boutin, Dany",,Cam Gillies,
875,WLNP,Cardston Entrance,,557,2007,6,29,1,09:35,Recording,8,EI Monitoring,14.5,broken,2.1,,,Moderate,"D'Astous, Amelie & Boutin, Dany",,Cam Gillies,
876,WLNP,Lower Rowe Trail,,106,2007,7,4,1,09:55,Recording,9,EI Monitoring,18.9,clear,1.2,,,Good,"D'Astous, Amelie & Boutin, Dany",,Cam Gillies,
877,WLNP,Lower Rowe Trail,,107,2007,7,4,1,07:45,Recording,5,EI Monitoring,14.5,scattered,0.9,,,Good,"D'Astous, Amelie & Boutin, Dany",,Cam Gillies,
878,WLNP,Lower Rowe Trail,,108,2007,7,4,1,08:05,Recording,6,EI Monitoring,16,broken,1.4,,,Good,"D'Astous, Amelie & Boutin, Dany",,Cam Gillies,
879,WLNP,Lower Rowe Trail,,109,2007,7,4,1,08:30,Recording,7,EI Monitoring,19.7,broken,0,,,Good,"D'Astous, Amelie & Boutin, Dany",recording paused at 7.39 for 1 minute a hiker passed by,Cam Gillies,
880,WLNP,Lower Rowe Trail,,110,2007,6,25,1,09:40,Recording,7,EI Monitoring,14.1,clear,7,,,Good,"D'Astous, Amelie & Boutin, Dany",,Cam Gillies,
881,WLNP,Lower Rowe Trail,,111,2007,6,26,1,10:15,Recording,10,EI Monitoring,16,clear,2.4,,,Good,"D'Astous, Amelie & Boutin, Dany",,Cam Gillies,
882,WLNP,Lower Rowe Trail,,112,2007,6,26,1,05:45,Recording,1,EI Monitoring,6.2,scattered,2.2,,,Poor,"D'Astous, Amelie & Boutin, Dany",,Cam Gillies,
883,WLNP,Lower Rowe Trail,,113,2007,6,26,1,06:15,Recording,2,EI Monitoring,9.4,clear,1.5,,,Moderate,"D'Astous, Amelie & Boutin, Dany",,Cam Gillies,
884,WLNP,Lower Rowe Trail,,114,2007,6,26,1,09:15,Recording,9,EI Monitoring,21,scattered,1.4,,,Good,"D'Astous, Amelie & Boutin, Dany",,Cam Gillies,
885,WLNP,Lower Rowe Trail,,115,2007,6,26,1,09:45,Recording,10,EI Monitoring,19.7,scattered,2.9,,,Good,"D'Astous, Amelie & Boutin, Dany",,Cam Gillies,
886,WLNP,Lower Rowe Trail,,116,2007,6,26,1,07:00,Recording,3,EI Monitoring,9.4,broken,0,,,Good,"D'Astous, Amelie & Boutin, Dany",,Cam Gillies,also at 9.15
887,WLNP,Lower Rowe Trail,,117,2007,6,26,1,07:20,Recording,4,EI Monitoring,10.3,broken,2,,,Good,"D'Astous, Amelie & Boutin, Dany",,Cam Gillies,
888,WLNP,Lower Rowe Trail,,118,2007,6,26,1,09:05,Recording,7,EI Monitoring,10.8,broken,1.1,,,Moderate,"D'Astous, Amelie & Boutin, Dany",,Cam Gillies,
889,WLNP,Lower Rowe Trail,,119,2007,6,26,1,05:00,Recording,1,EI Monitoring,4,clear,0,,,Good,"D'Astous, Amelie & Boutin, Dany",,Cam Gillies,"unk 11, unknown call notes"
890,WLNP,Lower Rowe Trail,,900,2007,7,4,1,05:25,Recording,2,EI Monitoring,0,clear,1.5,,,Good,"D'Astous, Amelie & Boutin, Dany",,Cam Gillies,good at 5.55
891,WLNP,Crandell Lake,,100,2007,6,29,1,06:00,Recording,3,EI Monitoring,3.3,clear,1,,,Good,"D'Astous, Amelie & Boutin, Dany",,Cam Gillies,
892,WLNP,Crandell Lake,,101,2007,6,29,1,06:25,Recording,4,EI Monitoring,3.8,clear,0,,,Good,"D'Astous, Amelie & Boutin, Dany",,Cam Gillies,also at 9:51
893,WLNP,Crandell Lake,,102,2007,7,5,1,05:10,Recording,1,EI Monitoring,9.4,broken,1.2,,,Good,"D'Astous, Amelie & Boutin, Dany",,Cam Gillies,good at 9:26
894,WLNP,Crandell Lake,,103,2007,7,3,1,05:30,Recording,2,EI Monitoring,10.1,broken,1.7,,,Good,"D'Astous, Amelie & Boutin, Dany",,Cam Gillies,"unk25, in the unknowns"
895,WLNP,Crandell Lake,,104,2007,7,3,1,05:50,Recording,3,EI Monitoring,9.1,broken,0,,,Good,"D'Astous, Amelie & Boutin, Dany",,Cam Gillies,also at 8:38
896,WLNP,Crandell Lake,,105,2007,7,3,1,06:15,Recording,4,EI Monitoring,11.7,broken,1,,,Good,"D'Astous, Amelie & Boutin, Dany",,Cam Gillies,
2356,WLNP,Lower Mount Crandell,,18,2008,6,17,1,05:18,Recording,1,EI Monitoring,3,clear,0,,,,Dany Boutin,% humidity = 80.0. Other observers = TK.,Theresa Hannah,
2357,WLNP,Lower Mount Crandell,,18,2009,6,8,1,06:05,Recording,3,EI Monitoring,2.2,Scattered,0.9,,,,Stephanie Crowshoe,"Humidity 73.0%, other observers Doug MacNearney and Jon Stuart-Smith, rams butting heads on mountain",Theresa Hannah,
2358,WLNP,Lower Mount Crandell,,19,2008,6,17,1,05:37,Recording,2,EI Monitoring,7.7,clear,2.4,,,,Dany Boutin,% humidity = 69.4. Other observers = TK.,Theresa Hannah,
2359,WLNP,Lower Mount Crandell,,19,2009,6,8,1,06:25,Recording,4,EI Monitoring,1.8,Scattered,1,,,,Stephanie Crowshoe,"Humidity 85.8%, other observers Doug MacNearney and Jon Stuart-Smith",Theresa Hannah,
2360,WLNP,Lower Mount Crandell,,20,2008,6,17,1,06:00,Recording,3,EI Monitoring,12.9,clear,1.3,,,,Dany Boutin,% humidity = 51.3. Other observers = TK.,Theresa Hannah,
2361,WLNP,Lower Mount Crandell,,20,2008,7,7,1,05:04,Recording,1,EI Monitoring,7.9,clear,2.3,,,,Dany Boutin,% humidity = 87.0. Other observers = TK.,Theresa Hannah,
2362,WLNP,Lower Mount Crandell,,20,2009,6,8,1,06:45,Recording,5,EI Monitoring,2.7,Scattered,0,,,,Stephanie Crowshoe,"Humidity 88.9%, other observers Doug MacNearney and Jon Stuart-Smith, deer close by during last half of recording",Theresa Hannah,
2363,WLNP,Lower Mount Crandell,,21,2008,7,7,1,05:25,Recording,2,EI Monitoring,8.9,clear,1.6,,,,Dany Boutin,% humidity = 86.1. Other observers = TK.,Theresa Hannah,
2364,WLNP,Lower Mount Crandell,,21,2008,7,8,1,05:13,Recording,1,EI Monitoring,9.6,clear,0,,,,Dany Boutin,% humidity = 88.3. Other observers = TK.,Theresa Hannah,4.14 WOLVES
2365,WLNP,Lower Mount Crandell,,21,2009,6,8,1,07:05,Recording,6,EI Monitoring,2.8,Scattered,0,,,,Stephanie Crowshoe,"Humidity 91.9%, other observers Doug MacNearney and Jon Stuart-Smith",Theresa Hannah,
2366,WLNP,Lower Mount Crandell,,22,2008,7,7,1,05:54,Recording,3,EI Monitoring,6.3,clear,0,,,,Dany Boutin,% humidity = 93.1. Other observers = TK.,Theresa Hannah,
2367,WLNP,Lower Mount Crandell,,22,2009,6,8,1,07:30,Recording,7,EI Monitoring,2,Overcast,0,,,,Stephanie Crowshoe,"Humidity 96.0%, other observers Doug MacNearney and Jon Stuart-Smith",Theresa Hannah,
2368,WLNP,Lower Mount Crandell,,23,2008,7,7,1,06:15,Recording,0,EI Monitoring,8.6,clear,1.5,,,,Dany Boutin,% humidity = 80.5. Other observers = TK.,Theresa Hannah,
2369,WLNP,Lower Mount Crandell,,23,2009,6,8,1,07:50,Recording,8,EI Monitoring,3.5,Overcast,0,,,,Stephanie Crowshoe,"Humidity 84.9%, other observers Doug MacNearney and Jon Stuart-Smith, radio went off twice, started sprinkling in the last few minutes",Theresa Hannah,
2370,WLNP,Lower Mount Crandell,,24,2008,7,7,1,06:33,Recording,5,EI Monitoring,10.1,clear,1.1,,,,Dany Boutin,% humidity = 81.9. Other observers = TK.,Theresa Hannah,
2371,WLNP,Lower Mount Crandell,,24,2008,7,8,1,05:38,Recording,2,EI Monitoring,7.3,clear,1.7,,,,Dany Boutin,% humidity = 89.6. Other observers = TK.,Theresa Hannah,
2372,WLNP,Lower Mount Crandell,,24,2009,6,8,1,08:10,Recording,9,EI Monitoring,3.4,overcast,0,,,,Stephanie Crowshoe,"Humidity 89.9%, other observers Doug MacNearney and Jon Stuart-Smith",Theresa Hannah,
2373,WLNP,Lower Mount Crandell,,70,2008,6,17,1,06:38,Recording,4,EI Monitoring,15.8,clear,1.2,,,,Dany Boutin,% humidity = 43.8. Other observers = TK.,Theresa Hannah,
2374,WLNP,Lower Mount Crandell,,70,2008,7,7,1,06:58,Recording,6,EI Monitoring,14.5,clear,2.1,,,,Dany Boutin,% humidity = 66.3. Other observers = TK.,Theresa Hannah,
2375,WLNP,Lower Mount Crandell,,70,2008,7,8,1,06:00,Recording,3,EI Monitoring,3.7,clear,1.3,,,,Dany Boutin,% humidity = 91.7. Other observers = TK.,Theresa Hannah,
2376,WLNP,Lower Mount Crandell,,70,2009,6,8,1,08:40,Recording,10,EI Monitoring,4,overcast,0,,,,Stephanie Crowshoe,"Humidity 91.4%, other observers Doug MacNearney and Jon Stuart-Smith, raining lightly throughout recording",Theresa Hannah,
2377,WLNP,Lower Mount Crandell,,71,2008,7,7,1,07:19,Recording,7,EI Monitoring,15.8,clear,3.7,,,,Dany Boutin,% humidity = 58.0. Other observers = TK.,Theresa Hannah,
2378,WLNP,Lower Mount Crandell,,71,2008,7,8,1,06:20,Recording,4,EI Monitoring,4.6,clear,1.2,,,,Dany Boutin,% humidity = 88.5. Other observers = TK.,Theresa Hannah,
2379,WLNP,Lower Mount Crandell,,71,2009,6,8,1,09:00,Recording,11,EI Monitoring,2.8,overcast,2,,,,Stephanie Crowshoe,"Humidity 88.4%, other observers Doug MacNearney and Jon Stuart-Smith",Theresa Hannah,
2380,WLNP,Horseshoe Basin,,41,2008,6,19,1,05:45,Recording,2,EI Monitoring,7,clear,2.2,,,,Dany Boutin,% humidity = 61.9. Other observers = TK.,Theresa Hannah,
2381,WLNP,Horseshoe Basin,,41,2009,6,9,1,05:50,Recording,1,EI Monitoring,3.5,scattered,0,,,,Stephanie Crowshoe,"Humidity 63.1%, other observers Doug MacNearney",Theresa Hannah,
2382,WLNP,Horseshoe Basin,,42,2008,6,19,1,06:05,Recording,3,EI Monitoring,6.1,clear,1.3,,,,Dany Boutin,% humidity = 71.8. Other observers = TK.,Theresa Hannah,
2383,WLNP,Horseshoe Basin,,42,2009,6,9,1,06:15,Recording,2,EI Monitoring,-0.1,scattered,0,,,,Stephanie Crowshoe,"Humidity 100.0%, other observers Doug MacNearney",Theresa Hannah,
2384,WLNP,Horseshoe Basin,,43,2008,6,19,1,06:25,Recording,4,EI Monitoring,7.8,clear,1,,,,Dany Boutin,% humidity = 69.6. Other observers = TK.,Theresa Hannah,
2385,WLNP,Horseshoe Basin,,43,2008,6,23,1,05:20,Recording,2,EI Monitoring,10.3,clear,2.5,,,,Dany Boutin,% humidity = 59.4. Other observers = TK.,Theresa Hannah,
2386,WLNP,Horseshoe Basin,,43,2008,7,3,1,05:15,Recording,1,EI Monitoring,11.4,clear,1,,,,Dany Boutin,% humidity = 81.2. Other observers = TK.,Theresa Hannah,fuzzy sonogram - birds?bugs? not sure.
2387,WLNP,Horseshoe Basin,,43,2009,6,9,1,06:40,Recording,3,EI Monitoring,-0.4,scattered,0,,,,Stephanie Crowshoe,"Humidity 95.6%, other observers Doug MacNearney",Theresa Hannah,
2388,WLNP,Horseshoe Basin,,44,2008,6,19,1,06:45,Recording,5,EI Monitoring,13.7,clear,2.7,,,,Dany Boutin,% humidity = 44.8. Other observers = TK.,Theresa Hannah,
2389,WLNP,Horseshoe Basin,,44,2008,7,3,1,05:38,Recording,2,EI Monitoring,14.7,clear,3.2,,,,Dany Boutin,% humidity = 79.6. Other observers = TK.,Theresa Hannah,
2390,WLNP,Horseshoe Basin,,44,2009,6,9,1,07:05,Recording,4,EI Monitoring,3.4,scattered,2.5,,,,Stephanie Crowshoe,"Humidity 89.5%, other observers Doug MacNearney",Theresa Hannah,
2391,WLNP,Horseshoe Basin,,45,2008,6,19,1,07:07,Recording,6,EI Monitoring,17.9,clear,1,,,,Dany Boutin,% humidity = 32.0. Other observers = TK.,Theresa Hannah,
2392,WLNP,Horseshoe Basin,,45,2008,6,19,2,07:22,Recording,7,EI Monitoring,12.4,clear,1.1,,,,Dany Boutin,% humidity = 12.4. Other observers = TK.,Theresa Hannah,
2393,WLNP,Horseshoe Basin,,45,2009,6,9,1,07:30,Recording,5,EI Monitoring,9.4,scattered,0,,,,Stephanie Crowshoe,"Humidity 65.4%, other observers Doug MacNearney",Theresa Hannah,
2394,WLNP,Horseshoe Basin,,46,2008,6,19,1,07:45,Recording,8,EI Monitoring,15.8,clear,3.8,,,,Dany Boutin,% humidity = 15.8. Other observers = TK.,Theresa Hannah,
2395,WLNP,Horseshoe Basin,,46,2008,7,3,1,06:00,Recording,3,EI Monitoring,17.4,clear,1.4,,,,Dany Boutin,% humidity = 63.6. Other observers = TK.,Theresa Hannah,
2396,WLNP,Horseshoe Basin,,46,2009,6,9,1,07:55,Recording,6,EI Monitoring,8.5,scattered,1,,,,Stephanie Crowshoe,"Humidity 63.7%, other observers Doug MacNearney",Theresa Hannah,
2397,WLNP,Horseshoe Basin,,47,2008,6,19,1,08:03,Recording,9,EI Monitoring,14.2,clear,1.3,,,,Dany Boutin,% humidity = 14.2. Other observers = TK.,Theresa Hannah,
2398,WLNP,Horseshoe Basin,,47,2008,7,3,1,06:22,Recording,4,EI Monitoring,15.8,clear,1.6,,,,Dany Boutin,% humidity = 71.3. Other observers = TK.,Theresa Hannah,
2399,WLNP,Horseshoe Basin,,47,2009,6,9,1,08:35,Recording,7,EI Monitoring,10.3,scattered,0.9,,,,Stephanie Crowshoe,"Humidity 55.6%, other observers Doug MacNearney",Theresa Hannah,
2400,WLNP,Horseshoe Basin,,48,2008,6,19,1,08:25,Recording,10,EI Monitoring,12.8,scattered,1.1,,,,Dany Boutin,% humidity = 41.2. Other observers = TK.,Theresa Hannah,
2401,WLNP,Horseshoe Basin,,48,2009,6,9,1,09:00,Recording,8,EI Monitoring,8.3,scattered,1.2,,,,Stephanie Crowshoe,"Humidity 74.5%, other observers Doug MacNearney",Theresa Hannah,
2402,WLNP,Horseshoe Basin,,49,2008,6,19,1,08:50,Recording,11,EI Monitoring,13.5,broken,1.7,,,,Dany Boutin,% humidity = 38.4. Other observers = TK.,Theresa Hannah,
2403,WLNP,Horseshoe Basin,,49,2009,6,9,1,09:30,Recording,9,EI Monitoring,6.4,scattered,4,,,,Stephanie Crowshoe,"Humidity 75.2%, other observers Doug MacNearney",Theresa Hannah,
2404,WLNP,Horseshoe Basin,,50,2008,6,19,1,09:10,Recording,12,EI Monitoring,13.2,broken,4.3,,,,Dany Boutin,% humidity = 42.3. Other observers = TK.,Theresa Hannah,
2405,WLNP,Horseshoe Basin,,50,2008,7,3,1,06:50,Recording,5,EI Monitoring,16.4,clear,4.7,,,,Dany Boutin,% humidity = 67.7. Other observers = TK.,Theresa Hannah,
2406,WLNP,Horseshoe Basin,,50,2009,6,9,1,09:50,Recording,10,EI Monitoring,11.3,scattered,2.1,,,,Stephanie Crowshoe,"Humidity 60.3%, other observers Doug MacNearney",Theresa Hannah,
2407,WLNP,Prairie Trail,,575,2008,6,6,1,05:20,Recording,1,EI Monitoring,6.7,overcast,3.1,,,,Dany Boutin,% humidity = 63.0. Other observers = TK.,Theresa Hannah,
2408,WLNP,Prairie Trail,,575,2008,6,16,1,05:20,Recording,1,EI Monitoring,0.3,clear,0.9,,,,Dany Boutin,% humidity = 86.1. Other observers = TK.,Theresa Hannah,
2409,WLNP,Prairie Trail,,575,2009,6,10,1,06:10,Recording,1,EI Monitoring,6.9,clear,0,,,,Stephanie Crowshoe,"Humidity 55.8%, other observers Doug MacNearney",Theresa Hannah,
2410,WLNP,Prairie Trail,,576,2008,6,16,1,05:49,Recording,2,EI Monitoring,2.8,clear,1.9,,,,Dany Boutin,% humidity = 84.3. Other observers = TK.,Theresa Hannah,
2411,WLNP,Prairie Trail,,576,2009,6,10,1,06:35,Recording,2,EI Monitoring,4.1,clear,0,,,,Stephanie Crowshoe,"Humidity 100.0%, other observers Doug MacNearney",Theresa Hannah,
2412,WLNP,Prairie Trail,,577,2008,6,16,1,06:00,Recording,3,EI Monitoring,8.8,clear,0,,,,Dany Boutin,% humidity = 65.3. Other observers = TK.,Theresa Hannah,"3.12, 4.53, 7.33 twang"
2413,WLNP,Prairie Trail,,577,2009,6,10,1,07:00,Recording,3,EI Monitoring,6.6,clear,0,,,,Stephanie Crowshoe,"Humidity 68.6%, other observers Doug MacNearney",Theresa Hannah,
2414,WLNP,Prairie Trail,,578,2008,6,16,1,06:22,Recording,4,EI Monitoring,6.9,clear,0,,,,Dany Boutin,% humidity = 83.2. Other observers = TK.,Theresa Hannah,
2415,WLNP,Prairie Trail,,578,2009,6,10,1,07:25,Recording,4,EI Monitoring,8.2,clear,1.5,,,,Stephanie Crowshoe,"Humidity 71.5%, other observers Doug MacNearney",Theresa Hannah,
2416,WLNP,Prairie Trail,,579,2008,6,16,1,06:43,Recording,5,EI Monitoring,10.7,clear,1.1,,,,Dany Boutin,% humidity = 59.9. Other observers = TK.,Theresa Hannah,
2417,WLNP,Prairie Trail,,579,2009,6,10,1,07:45,Recording,5,EI Monitoring,8.8,clear,0,,,,Stephanie Crowshoe,"Humidity 65.1%, other observers Doug MacNearney",Theresa Hannah,
2418,WLNP,Prairie Trail,,580,2008,6,16,1,07:04,Recording,6,EI Monitoring,14.6,clear,1.3,,,,Dany Boutin,% humidity = 54.6. Other observers = TK.,Theresa Hannah,
2419,WLNP,Prairie Trail,,580,2009,6,10,1,08:20,Recording,6,EI Monitoring,9.3,clear,5.6,,,,Stephanie Crowshoe,"Humidity 59.8%, other observers Doug MacNearney",Theresa Hannah,
2420,WLNP,Prairie Trail,,581,2008,6,16,1,07:23,Recording,7,EI Monitoring,12.3,clear,1.3,,,,Dany Boutin,% humidity = 57.5. Other observers = TK.,Theresa Hannah,
2421,WLNP,Prairie Trail,,581,2008,7,2,1,08:20,Recording,1,EI Monitoring,14.4,overcast,1.4,,,,Dany Boutin,% humidity = 90.8. Other observers = TK. Rain?,Theresa Hannah,
2422,WLNP,Prairie Trail,,581,2008,7,14,1,05:15,Recording,1,EI Monitoring,6.5,clear,4.3,,,,Dany Boutin,% humidity = 88.1. Other observers = TK.,Theresa Hannah,
2423,WLNP,Prairie Trail,,581,2009,6,10,1,08:45,Recording,7,EI Monitoring,8.1,clear,1.8,,,,Stephanie Crowshoe,"Humidity 65.3%, other observers Doug MacNearney",Theresa Hannah,
2424,WLNP,Prairie Trail,,582,2008,6,16,1,07:45,Recording,8,EI Monitoring,17.1,clear,1.3,,,,Dany Boutin,% humidity = 49.7. Other observers = TK.,Theresa Hannah,
2425,WLNP,Prairie Trail,,582,2009,6,10,1,09:10,Recording,8,EI Monitoring,10.3,clear,1.3,,,,Stephanie Crowshoe,"Humidity 64.1%, other observers Doug MacNearney",Theresa Hannah,
2426,WLNP,Prairie Trail,,583,2008,6,16,1,08:07,Recording,9,EI Monitoring,18.8,clear,2.1,,,,Dany Boutin,% humidity = 33.7. Other observers = TK.,Theresa Hannah,
2427,WLNP,Prairie Trail,,583,2009,6,10,1,09:35,Recording,9,EI Monitoring,10.9,clear,3.1,,,,Stephanie Crowshoe,"Humidity 55.2%, other observers Doug MacNearney",Theresa Hannah,
2428,WLNP,Prairie Trail,,584,2008,6,16,1,08:32,Recording,10,EI Monitoring,21.8,clear,5.5,,,,Dany Boutin,% humidity = 38.2. Other observers = TK.,Theresa Hannah,
2429,WLNP,Prairie Trail,,584,2008,6,27,1,09:20,Recording,11,EI Monitoring,13.9,clear,5.5,,,,Dany Boutin,% humidity = 61.2. Other observers = TK.,Theresa Hannah,
2430,WLNP,Prairie Trail,,584,2008,7,2,1,08:50,Recording,2,EI Monitoring,14.1,overcast,2.1,,,,Dany Boutin,% humidity = 89.6. Other observers = TK. Rain?,Theresa Hannah,
2431,WLNP,Prairie Trail,,584,2008,7,14,1,05:42,Recording,2,EI Monitoring,8.4,clear,2.3,,,,Dany Boutin,% humidity = 95.8. Other observers = TK.,Theresa Hannah,
2432,WLNP,Prairie Trail,,584,2009,6,10,1,10:00,Recording,10,EI Monitoring,10.2,clear,7.6,,,,Stephanie Crowshoe,"Humidity 60.3%, other observers Doug MacNearney",Theresa Hannah,
2433,WLNP,Wishbone Trail,,33,2008,6,2,1,05:02,Recording,1,EI Monitoring,9.6,broken,1.8,,,,Dany Boutin,% humidity = 80.9. Other observers = TK.,Theresa Hannah,
2434,WLNP,Wishbone Trail,,33,2009,6,11,1,05:35,Recording,1,EI Monitoring,11.2,scattered,0,,,,Stephanie Crowshoe,"Humidity 47.7%, other observers Doug MacNearney",Theresa Hannah,
2435,WLNP,Wishbone Trail,,34,2008,6,2,1,05:28,Recording,2,EI Monitoring,10.8,clear,0,,,,Dany Boutin,% humidity = 88.6. Other observers = TK.,Theresa Hannah,"poor sonogram though, quite fuzzy"
2436,WLNP,Wishbone Trail,,34,2009,6,11,1,05:55,Recording,2,EI Monitoring,7.3,scattered,0,,,,Stephanie Crowshoe,"Humidity 71.7%, other observers Doug MacNearney, started raining lightly towards end of recording",Theresa Hannah,
2437,WLNP,Wishbone Trail,,35,2008,6,2,1,05:51,Recording,3,EI Monitoring,8.3,broken,1.5,,,,Dany Boutin,% humidity = 83.8. Other observers = TK.,Theresa Hannah,
2438,WLNP,Wishbone Trail,,35,2009,6,11,1,06:15,Recording,3,EI Monitoring,7.7,broken,4.1,,,,Stephanie Crowshoe,"Humidity 75.9%, other observers Doug MacNearney, had to pause twice because of rain",Theresa Hannah,"Overall, good quality, except in the wind and rain"
2439,WLNP,Wishbone Trail,,36,2008,6,2,1,06:13,Recording,4,EI Monitoring,7.4,broken,1.2,,,,Dany Boutin,% humidity = 87.5. Other observers = TK.,Theresa Hannah,
2440,WLNP,Wishbone Trail,,36,2009,6,11,1,06:40,Recording,4,EI Monitoring,7.8,broken,1.8,,,,Stephanie Crowshoe,"Humidity 92.4%, other observers Doug MacNearney",Theresa Hannah,
2441,WLNP,Wishbone Trail,,37,2008,6,2,1,06:34,Recording,5,EI Monitoring,8,scattered,0,,,,Dany Boutin,% humidity = 88.2. Other observers = TK.,Theresa Hannah,"poor sonogram though, quite fuzzy"
2442,WLNP,Wishbone Trail,,37,2009,6,11,1,07:05,Recording,5,EI Monitoring,8.5,broken,2.1,,,,Stephanie Crowshoe,"Humidity 72.0%, other observers Doug MacNearney",Theresa Hannah,
2443,WLNP,Wishbone Trail,,38,2008,6,2,1,06:57,Recording,6,EI Monitoring,9,scattered,0,,,,Dany Boutin,% humidity = 82.3. Other observers = TK.,Theresa Hannah,so many birds!
2444,WLNP,Wishbone Trail,,38,2009,6,11,1,07:25,Recording,6,EI Monitoring,9.2,broken,1,,,,Stephanie Crowshoe,"Humidity 67.7%, other observers Doug MacNearney",Theresa Hannah,
2445,WLNP,Wishbone Trail,,39,2008,6,2,1,07:17,Recording,7,EI Monitoring,10.9,scattered,1.1,,,,Dany Boutin,% humidity = 73.9. Other observers = TK.,Theresa Hannah,
2446,WLNP,Wishbone Trail,,39,2009,6,11,1,07:45,Recording,7,EI Monitoring,9.3,scattered,1.2,,,,Stephanie Crowshoe,"Humidity 72.2%, other observers Doug MacNearney",Theresa Hannah,
2447,WLNP,Wishbone Trail,,40,2008,6,2,1,07:38,Recording,8,EI Monitoring,10.8,scattered,2.3,,,,Dany Boutin,% humidity = 73.2. Other observers = TK.,Theresa Hannah,
2448,WLNP,Wishbone Trail,,40,2008,6,2,2,09:11,Recording,12,EI Monitoring,14,,2.8,,,,Dany Boutin,% humidity = 55.4. Other observers = TK.,Theresa Hannah,
2449,WLNP,Wishbone Trail,,40,2008,6,4,1,08:53,Recording,1,EI Monitoring,8.9,overcast,1,,,,Dany Boutin,% humidity = 81.9. Other observers = TK.,Theresa Hannah,cows
2450,WLNP,Wishbone Trail,,40,2009,6,11,1,08:05,Recording,8,EI Monitoring,10.7,clear,1.5,,,,Stephanie Crowshoe,"Humidity 64.1%, other observers Doug MacNearney",Theresa Hannah,
2451,WLNP,Wishbone Trail,,60,2008,6,2,1,08:00,Recording,9,EI Monitoring,11.4,scattered,1,,,,Dany Boutin,% humidity = 76.8. Other observers = TK.,Theresa Hannah,
2452,WLNP,Wishbone Trail,,60,2008,6,2,2,08:51,Recording,11,EI Monitoring,13.5,scattered,1.2,,,,Dany Boutin,% humidity = 60.2. Other observers = TK.,Theresa Hannah,
2453,WLNP,Wishbone Trail,,60,2008,6,4,1,09:14,Recording,2,EI Monitoring,9.7,overcast,0,,,,Dany Boutin,% humidity = 81.1. Other observers = TK.,Theresa Hannah,cows
2454,WLNP,Wishbone Trail,,60,2009,6,11,1,08:35,Recording,9,EI Monitoring,12.9,clear,1.1,,,,Stephanie Crowshoe,"Humidity 54.7%, other observers Doug MacNearney",Theresa Hannah,
2455,WLNP,Wishbone Trail,,61,2008,6,2,1,08:24,Recording,10,EI Monitoring,15.1,scattered,1.4,,,,Dany Boutin,% humidity = 59.9. Other observers = TK.,Theresa Hannah,
2456,WLNP,Wishbone Trail,,61,2009,6,11,1,09:00,Recording,10,EI Monitoring,12.9,clear,0,,,,Stephanie Crowshoe,"Humidity 54.9%, other observers Doug MacNearney",Theresa Hannah,
2457,WLNP,Sofa Mountain,,25,2008,6,5,1,05:06,Recording,3,EI Monitoring,1.2,clear,0,,,,Dany Boutin,% humidity = 81.1. Other observers = TK.,Theresa Hannah,
2458,WLNP,Sofa Mountain,,25,2009,6,12,1,05:35,Recording,1,EI Monitoring,11.9,clear,2.5,,,,Stephanie Crowshoe,"Humidity 52.4%, other observers Doug MacNearney",Theresa Hannah,
2459,WLNP,Sofa Mountain,,26,2008,6,5,1,05:26,Recording,4,EI Monitoring,2,clear,2.1,,,,Dany Boutin,% humidity = 92.2. Other observers = TK.,Theresa Hannah,
2460,WLNP,Sofa Mountain,,26,2009,6,12,1,05:55,Recording,2,EI Monitoring,9.1,clear,1.1,,,,Stephanie Crowshoe,"Humidity 72.2%, other observers Doug MacNearney",Theresa Hannah,
2461,WLNP,Sofa Mountain,,27,2008,6,5,1,05:47,Recording,5,EI Monitoring,4.6,clear,1.1,,,,Dany Boutin,% humidity = 85.5. Other observers = TK.,Theresa Hannah,
2462,WLNP,Sofa Mountain,,27,2009,6,12,1,06:20,Recording,3,EI Monitoring,9.2,clear,0,,,,Stephanie Crowshoe,"Humidity 71.9%, other observers Doug MacNearney",Theresa Hannah,
2463,WLNP,Sofa Mountain,,28,2008,6,5,1,06:10,Recording,6,EI Monitoring,6.7,clear,0,,,,Dany Boutin,% humidity = 71.5. Other observers = TK.,Theresa Hannah,
2464,WLNP,Sofa Mountain,,28,2009,6,12,1,06:45,Recording,4,EI Monitoring,11.7,clear,0.9,,,,Stephanie Crowshoe,"Humidity 59.6%, other observers Doug MacNearney",Theresa Hannah,
2465,WLNP,Sofa Mountain,,29,2008,6,5,1,06:30,Recording,0,EI Monitoring,7.8,clear,1.8,,,,Dany Boutin,% humidity = 73.1. Other observers = TK.,Theresa Hannah,
2466,WLNP,Sofa Mountain,,29,2009,6,12,1,07:05,Recording,5,EI Monitoring,14.6,clear,1.1,,,,Stephanie Crowshoe,"Humidity 51.8%, other observers Doug MacNearney",Theresa Hannah,
2467,WLNP,Sofa Mountain,,30,2008,6,5,1,06:50,Recording,8,EI Monitoring,13.2,clear,0,,,,Dany Boutin,% humidity = 45.0. Other observers = TK.,Theresa Hannah,
2468,WLNP,Sofa Mountain,,30,2009,6,12,1,07:25,Recording,6,EI Monitoring,18.6,clear,2.7,,,,Stephanie Crowshoe,"Humidity 39.1%, other observers Doug MacNearney",Theresa Hannah,
2469,WLNP,Sofa Mountain,,31,2008,6,5,1,07:14,Recording,9,EI Monitoring,5.6,clear,0,,,,Dany Boutin,% humidity = 86.0. Other observers = TK.,Theresa Hannah,
2470,WLNP,Sofa Mountain,,31,2009,6,12,1,07:50,Recording,7,EI Monitoring,15,clear,3.1,,,,Stephanie Crowshoe,"Humidity 39.6%, other observers Doug MacNearney",Theresa Hannah,
2471,WLNP,Sofa Mountain,,32,2008,6,5,1,07:34,Recording,10,EI Monitoring,11.6,clear,1.6,,,,Dany Boutin,% humidity = 52.9. Other observers = TK.,Theresa Hannah,
2472,WLNP,Sofa Mountain,,32,2009,6,12,1,08:25,Recording,8,EI Monitoring,16.8,scattered,2.2,,,,Stephanie Crowshoe,"Humidity 37.8%, other observers Doug MacNearney",Theresa Hannah,
2473,WLNP,Sofa Mountain,,80,2008,6,5,1,07:58,Recording,11,EI Monitoring,13.4,clear,1.8,,,,Dany Boutin,% humidity = 46.5. Other observers = TK.,Theresa Hannah,
2474,WLNP,Sofa Mountain,,80,2009,6,12,1,08:50,Recording,9,EI Monitoring,13.3,scattered,2.7,,,,Stephanie Crowshoe,"Humidity 52.1%, other observers Doug MacNearney",Theresa Hannah,
2475,WLNP,Sofa Mountain,,81,2008,6,5,1,08:22,Recording,12,EI Monitoring,12.5,clear,3.1,,,,Dany Boutin,% humidity = 49.6. Other observers = TK.,Theresa Hannah,
2476,WLNP,Sofa Mountain,,81,2008,7,3,1,08:44,Recording,6,EI Monitoring,27.6,clear,1.7,,,,Dany Boutin,% humidity = 28.6. Other observers = TK.,Theresa Hannah,
2477,WLNP,Sofa Mountain,,81,2009,6,12,1,09:10,Recording,10,EI Monitoring,19.5,scattered,1.1,,,,Stephanie Crowshoe,"Humidity 40.5%, other observers Doug MacNearney",Theresa Hannah,
2478,WLNP,Yarrow Cabin Trail,,567,2008,6,10,1,06:04,Recording,1,EI Monitoring,2.9,clear,0,,,,Dany Boutin,% humidity = 75.4. Other observers = TK.,Cam Gillies,
2479,WLNP,Yarrow Cabin Trail,,567,2008,7,8,1,08:05,Recording,5,EI Monitoring,12.2,clear,0,,,,Dany Boutin,% humidity = 76.5. Other observers = TK.,Cam Gillies,
2480,WLNP,Yarrow Cabin Trail,,567,2009,6,24,1,05:55,Recording,1,EI Monitoring,10.5,scattered,0,,,,Stephanie Crowshoe,"Humidity 54.9%, other observers Doug MacNearney",Cam Gillies,
2481,WLNP,Yarrow Cabin Trail,,568,2008,6,10,1,06:27,Recording,2,EI Monitoring,2.9,clear,0,,,,Dany Boutin,% humidity = 82.0. Other observers = TK.,Cam Gillies,
2482,WLNP,Yarrow Cabin Trail,,568,2008,7,8,1,08:25,Recording,6,EI Monitoring,13.1,clear,0,,,,Dany Boutin,% humidity = 73.7. Other observers = TK.,Cam Gillies,
2483,WLNP,Yarrow Cabin Trail,,568,2009,6,24,1,06:15,Recording,2,EI Monitoring,8.8,scattered,1.6,,,,Stephanie Crowshoe,"Humidity 60.5%, other observers Doug MacNearney",Cam Gillies,
2484,WLNP,Yarrow Cabin Trail,,569,2008,6,10,1,06:46,Recording,3,EI Monitoring,3.3,clear,0,,,,Dany Boutin,% humidity = 83.4. Other observers = TK.,Cam Gillies,
2485,WLNP,Yarrow Cabin Trail,,569,2008,7,8,1,08:44,Recording,7,EI Monitoring,11.4,clear,1.3,,,,Dany Boutin,% humidity = 76.7. Other observers = TK.,Cam Gillies,
2486,WLNP,Yarrow Cabin Trail,,569,2009,6,30,1,06:00,Recording,1,EI Monitoring,9.8,clear,1.7,,,,Stephanie Crowshoe,"Humidity 48.8%, other observers Doug MacNearney",Cam Gillies,
2487,WLNP,Yarrow Cabin Trail,,570,2008,6,10,1,07:06,Recording,4,EI Monitoring,3.3,broken,1.5,,,,Dany Boutin,% humidity = 83.6. Other observers = TK.,Cam Gillies,
2488,WLNP,Yarrow Cabin Trail,,570,2009,6,30,1,06:25,Recording,2,EI Monitoring,7.9,clear,0,,,,Stephanie Crowshoe,"Humidity 63.3%, other observers Doug MacNearney",Cam Gillies,
2489,WLNP,Yarrow Cabin Trail,,571,2008,6,10,1,07:27,Recording,5,EI Monitoring,4.7,broken,0,,,,Dany Boutin,% humidity = 82.4. Other observers = TK.,Cam Gillies,
2490,WLNP,Yarrow Cabin Trail,,571,2008,7,8,1,09:07,Recording,8,EI Monitoring,13.9,clear,1.5,,,,Dany Boutin,% humidity = 64.6. Other observers = TK.,Cam Gillies,
2491,WLNP,Yarrow Cabin Trail,,571,2009,6,30,1,06:50,Recording,3,EI Monitoring,8.5,clear,1.1,,,,Stephanie Crowshoe,"Humidity 63.0%, other observers Doug MacNearney",Cam Gillies,
2492,WLNP,Yarrow Cabin Trail,,572,2008,6,10,1,07:48,Recording,6,EI Monitoring,5.8,broken,0.6,,,,Dany Boutin,% humidity = 78.4. Other observers = TK.,Cam Gillies,
2493,WLNP,Yarrow Cabin Trail,,572,2009,6,30,1,07:10,Recording,4,EI Monitoring,8.3,clear,0,,,,Stephanie Crowshoe,"Humidity 68.0%, other observers Doug MacNearney",Cam Gillies,
2494,WLNP,Yarrow Cabin Trail,,573,2008,6,10,1,08:12,Recording,7,EI Monitoring,4.8,overcast,0.9,,,,Dany Boutin,% humidity = 78.3. Other observers = TK.,Cam Gillies,
2495,WLNP,Yarrow Cabin Trail,,573,2009,6,30,1,07:35,Recording,5,EI Monitoring,8,clear,1,,,,Stephanie Crowshoe,"Humidity 72.1%, other observers Doug MacNearney",Cam Gillies,
2496,WLNP,Yarrow Cabin Trail,,574,2008,6,10,1,08:30,Recording,8,EI Monitoring,5.6,overcast,0.9,,,,Dany Boutin,% humidity = 76.5. Other observers = TK.,Cam Gillies,
2497,WLNP,Yarrow Cabin Trail,,574,2009,6,30,1,08:00,Recording,6,EI Monitoring,8.1,clear,0.9,,,,Stephanie Crowshoe,"Humidity 80.3%, other observers Doug MacNearney",Cam Gillies,
2498,WLNP,Yarrow Cabin Trail,,590,2009,6,30,1,08:25,Recording,7,EI Monitoring,11.1,clear,0.9,,,,Stephanie Crowshoe,"Humidity 75.3%, other observers Doug MacNearney",Cam Gillies,
2499,WLNP,Yarrow Cabin Trail,,591,2009,6,30,1,08:50,Recording,8,EI Monitoring,16.3,clear,0,,,,Stephanie Crowshoe,"Humidity 56.8%, other observers Doug MacNearney",Cam Gillies,
2500,WLNP,Yarrow Cabin Trail,,590,2008,6,10,1,08:53,Recording,9,EI Monitoring,6.8,overcast,1.5,,,,Dany Boutin,% humidity = 79.8. Other observers = TK.,Cam Gillies,
2501,WLNP,Yarrow Cabin Trail,,591,2008,6,10,1,09:15,Recording,10,EI Monitoring,7.4,overcast,1.2,,,,Dany Boutin,% humidity = 74.2. Other observers = TK.,Cam Gillies,
2502,WLNP,Cameron Lake,,1,2008,7,9,1,06:38,Recording,2,EI Monitoring,13.9,clear,1.2,,,,Dany Boutin,% humidity = 54.1. Other observers = TK.,Cam Gillies,
2503,WLNP,Cameron Lake,,1,2009,7,1,1,05:50,Recording,1,EI Monitoring,11.1,overcast,1,,,,Stephanie Crowshoe,"Humidity 40.7%, other observers Doug MacNearney",Cam Gillies,
2504,WLNP,Cameron Lake,,3,2008,7,14,1,06:56,Recording,3,EI Monitoring,7.3,clear,1,,,,Dany Boutin,% humidity = 83.8. Other observers = TK.,Cam Gillies,
2505,WLNP,Cameron Lake,,3,2009,7,1,1,06:15,Recording,2,EI Monitoring,6.7,overcast,0,,,,Stephanie Crowshoe,"Humidity 65.9%, other observers Doug MacNearney",Cam Gillies,
2506,WLNP,Cameron Lake,,4,2008,7,14,1,07:16,Recording,4,EI Monitoring,9.9,clear,1.3,,,,Dany Boutin,% humidity = 71.6. Other observers = TK.,Cam Gillies,
2507,WLNP,Cameron Lake,,4,2009,7,1,1,06:35,Recording,3,EI Monitoring,6.5,overcast,0,,,,Stephanie Crowshoe,"Humidity 67.6%, other observers Doug MacNearney",Cam Gillies,
2508,WLNP,Cameron Lake,,5,2008,7,14,1,07:34,Recording,5,EI Monitoring,14,clear,1.7,,,,Dany Boutin,% humidity = 42.7. Other observers = TK.,Cam Gillies,
2509,WLNP,Cameron Lake,,5,2009,7,1,1,06:55,Recording,4,EI Monitoring,7.4,overcast,0,,,,Stephanie Crowshoe,"Humidity 66.9%, other observers Doug MacNearney",Cam Gillies,
2510,WLNP,Cameron Lake,,6,2008,7,14,1,07:56,Recording,6,EI Monitoring,11.5,clear,0,,,,Dany Boutin,% humidity = 11.5. Other observers = TK.,Cam Gillies,
2511,WLNP,Cameron Lake,,6,2009,7,1,1,07:25,Recording,5,EI Monitoring,7.1,overcast,1,,,,Stephanie Crowshoe,"Humidity 69.3%, other observers Doug MacNearney",Cam Gillies,
2512,WLNP,Cameron Lake,,124,2008,7,14,1,08:17,Recording,7,EI Monitoring,10.8,clear,2,,,,Dany Boutin,% humidity = 10.8. Other observers = TK.,Cam Gillies,
2513,WLNP,Cameron Lake,,124,2009,7,1,1,07:50,Recording,6,EI Monitoring,7.4,overcast,1,,,,Stephanie Crowshoe,"Humidity 70.9%, other observers Doug MacNearney",Cam Gillies,
2514,WLNP,Summit Lake,,9,2008,7,14,1,08:51,Recording,8,EI Monitoring,14.3,clear,1.4,,,,Dany Boutin,% humidity = 52.8. Other observers = TK.,Cam Gillies,
2515,WLNP,Summit Lake,,9,2009,7,22,1,06:40,Recording,1,EI Monitoring,9.5,clear,2.2,,,,Stephanie Crowshoe,"Humidity 70.0%, other observers Doug MacNearney",Cam Gillies,
2516,WLNP,Summit Lake,,11,2008,7,14,1,09:14,Recording,9,EI Monitoring,15.4,clear,2.4,,,,Dany Boutin,% humidity = 36.0. Other observers = TK.,Cam Gillies,
2517,WLNP,Summit Lake,,11,2009,7,22,1,07:05,Recording,2,EI Monitoring,8.7,clear,2.1,,,,Stephanie Crowshoe,"Humidity 76.9%, other observers Doug MacNearney",Cam Gillies,
2518,WLNP,Summit Lake,,12,2008,7,14,1,09:34,Recording,10,EI Monitoring,17.3,clear,2.2,,,,Dany Boutin,% humidity = 35.1. Other observers = TK.,Cam Gillies,
2519,WLNP,Summit Lake,,12,2008,7,16,1,07:16,Recording,5,EI Monitoring,4.1,broken,2.2,,,,Dany Boutin,% humidity = 70.8. Other observers = TK.,Cam Gillies,
2520,WLNP,Summit Lake,,12,2008,7,16,2,08:48,Recording,7,EI Monitoring,12,clear,3.4,,,,Dany Boutin,% humidity = 54.2. Other observers = TK.,Cam Gillies,
2521,WLNP,Summit Lake,,12,2009,7,22,1,07:30,Recording,3,EI Monitoring,7.4,clear,1.4,,,,Stephanie Crowshoe,"Humidity 81.6%, other observers Doug MacNearney",Cam Gillies,
2522,WLNP,Summit Lake,,15,2008,7,15,1,08:15,Recording,8,EI Monitoring,14.4,broken,1.9,,,,Dany Boutin,% humidity = 44.5. Other observers = TK.,Cam Gillies,
2523,WLNP,Summit Lake,,15,2008,7,16,1,05:35,Recording,1,EI Monitoring,4.9,broken,2,,,,Dany Boutin,% humidity = 87.0. Other observers = TK.,Cam Gillies,
2524,WLNP,Summit Lake,,15,2009,7,22,1,08:15,Recording,5,EI Monitoring,10.9,clear,2,,,,Stephanie Crowshoe,"Humidity 78.1%, other observers Doug MacNearney",Cam Gillies,
2525,WLNP,Summit Lake,,16,2008,7,15,1,07:53,Recording,7,EI Monitoring,13.7,broken,1.2,,,,Dany Boutin,% humidity = 46.7. Other observers = TK.,Cam Gillies,
2526,WLNP,Summit Lake,,16,2009,7,23,1,07:10,Recording,8,EI Monitoring,10.9,clear,1,,,,Stephanie Crowshoe,"Humidity 56.5%, other observers Doug MacNearney",Cam Gillies,
2527,WLNP,Summit Lake,,120,2008,7,15,1,07:24,Recording,6,EI Monitoring,14.1,broken,2.3,,,,Dany Boutin,% humidity = 45.1. Other observers = TK.,Cam Gillies,"obsver says it is point 121, but file labeled 123"
2528,WLNP,Summit Lake,,120,2009,7,23,1,07:40,Recording,9,EI Monitoring,14.4,clear,0,,,,Stephanie Crowshoe,"Humidity 57.6%, other observers Doug MacNearney",Cam Gillies,
2529,WLNP,Summit Lake,,121,2008,7,15,1,07:02,Recording,5,EI Monitoring,12.2,broken,1,,,,Dany Boutin,% humidity = 48.5. Other observers = TK.,Cam Gillies,"obsver says it is point 121, but file labeled 123"
2530,WLNP,Summit Lake,,121,2009,7,23,1,08:05,Recording,10,EI Monitoring,19.3,clear,1,,,,Stephanie Crowshoe,"Humidity 49.1%, other observers Doug MacNearney",Cam Gillies,
2531,WLNP,Summit Lake,,122,2008,7,15,1,06:42,Recording,4,EI Monitoring,11.4,broken,1.4,,,,Dany Boutin,% humidity = 51.7. Other observers = TK.,Cam Gillies,
2532,WLNP,Summit Lake,,122,2009,7,23,1,08:30,Recording,11,EI Monitoring,21,clear,1.5,,,,Stephanie Crowshoe,"Humidity 42.5%, other observers Doug MacNearney, had to pause for hikers",Cam Gillies,
2533,WLNP,Summit Lake,,123,2008,7,15,1,06:23,Recording,3,EI Monitoring,10.5,broken,1.6,,,,Dany Boutin,% humidity = 54.0. Other observers = TK.,Cam Gillies,"obsver says it is point 123, file labeled 121"
2534,WLNP,Summit Lake,,123,2009,7,23,1,08:55,Recording,12,EI Monitoring,27.3,clear,0,,,,Stephanie Crowshoe,"Humidity 30.9%, other observers Doug MacNearney",Cam Gillies,
2535,WLNP,Summit Lake,,125,2008,7,14,1,09:58,Recording,11,EI Monitoring,17.6,clear,3.1,,,,Dany Boutin,% humidity = 33.3. Other observers = TK.,Cam Gillies,
2536,WLNP,Summit Lake,,125,2008,7,16,1,07:44,Recording,6,EI Monitoring,8.6,broken,1.3,,,,Dany Boutin,% humidity = 62.3. Other observers = TK.,Cam Gillies,
2537,WLNP,Summit Lake,,125,2009,7,22,1,07:50,Recording,4,EI Monitoring,8.8,clear,1,,,,Stephanie Crowshoe,"Humidity 79.8%, other observers Doug MacNearney",Cam Gillies,
2538,WLNP,Summit Lake,,126,2008,7,16,1,05:55,Recording,2,EI Monitoring,4.7,broken,1.9,,,,Dany Boutin,% humidity = 90.2. Other observers = TK.,Cam Gillies,
2539,WLNP,Summit Lake,,126,2009,7,22,1,08:45,Recording,6,EI Monitoring,15.7,clear,1.5,,,,Stephanie Crowshoe,"Humidity 58.0%, other observers Doug MacNearney",Cam Gillies,
2540,WLNP,Summit Lake,,127,2008,7,16,1,06:16,Recording,3,EI Monitoring,7.1,scattered,0,,,,Dany Boutin,% humidity = 87.9. Other observers = TK.,Cam Gillies,
2541,WLNP,Summit Lake,,127,2009,7,22,1,09:10,Recording,7,EI Monitoring,17.4,clear,0,,,,Stephanie Crowshoe,"Humidity 55.0%, other observers Doug MacNearney",Cam Gillies,
2542,WLNP,Summit Lake,,128,2008,7,15,1,06:03,Recording,2,EI Monitoring,9.9,broken,1,,,,Dany Boutin,% humidity = 53.5. Other observers = TK.,Cam Gillies,"obsver says it is point 128, but file labeled 120"
2543,WLNP,Summit Lake,,128,2009,7,23,1,09:20,Recording,13,EI Monitoring,21.8,clear,1.5,,,,Stephanie Crowshoe,"Humidity 39.3%, other observers Doug MacNearney, helicopter went by",Cam Gillies,
2544,WLNP,Summit Lake,,129,2008,7,15,1,05:36,Recording,1,EI Monitoring,11.8,broken,2.9,,,,Dany Boutin,% humidity = 46.2. Other observers = TK.,Cam Gillies,
2545,WLNP,Summit Lake,,129,2009,7,23,1,09:45,Recording,14,EI Monitoring,20.8,clear,5.1,,,,Stephanie Crowshoe,"Humidity 39.5%, other observers Doug MacNearney, paused for helicopter",Cam Gillies,
2546,WLNP,Cardston Entrance,,550,2008,6,19,1,05:00,Recording,1,EI Monitoring,8.8,clear,3.7,,,,Dany Boutin,% humidity = 50.8. Other observers = TK.,Cam Gillies,
2547,WLNP,Cardston Entrance,,550,2008,6,27,1,05:00,Recording,1,EI Monitoring,3,broken,1.2,,,,Dany Boutin,% humidity = 85.2. Other observers = TK.,Cam Gillies,
2548,WLNP,Cardston Entrance,,550,2009,6,29,1,05:30,Recording,1,EI Monitoring,7.5,scattered,1.1,,,,Stephanie Crowshoe,"Humidity 57.4%, other observers Doug MacNearney, cows nearby and 2 cars drove by",Cam Gillies,
2549,WLNP,Cardston Entrance,,551,2008,6,27,1,05:16,Recording,2,EI Monitoring,1.5,broken,2.4,,,,Dany Boutin,% humidity = 99.0. Other observers = TK.,Cam Gillies,
2550,WLNP,Cardston Entrance,,551,2009,6,29,1,05:50,Recording,2,EI Monitoring,5.1,scattered,1.4,,,,Stephanie Crowshoe,"Humidity 86.2%, other observers Doug MacNearney, cow and car noise",Cam Gillies,
2551,WLNP,Cardston Entrance,,552,2008,6,27,1,05:34,Recording,3,EI Monitoring,0.9,broken,1.4,,,,Dany Boutin,% humidity = 99.5. Other observers = TK.,Cam Gillies,
2552,WLNP,Cardston Entrance,,552,2009,6,29,1,06:15,Recording,3,EI Monitoring,4.6,scattered,0,,,,Stephanie Crowshoe,"Humidity 93.4%, other observers Doug MacNearney",Cam Gillies,
2553,WLNP,Cardston Entrance,,553,2008,6,27,1,05:55,Recording,4,EI Monitoring,-0.6,broken,1.7,,,,Dany Boutin,% humidity = 100.0. Other observers = TK.,Cam Gillies,
2554,WLNP,Cardston Entrance,,553,2009,6,29,1,06:35,Recording,4,EI Monitoring,3.7,scattered,1.7,,,,Stephanie Crowshoe,"Humidity 95.3%, other observers Doug MacNearney",Cam Gillies,
2555,WLNP,Cardston Entrance,,554,2008,6,27,1,06:20,Recording,5,EI Monitoring,1.5,overcast,1.5,,,,Dany Boutin,% humidity = 100.0. Other observers = TK.,Cam Gillies,
2556,WLNP,Cardston Entrance,,554,2009,6,29,1,07:00,Recording,5,EI Monitoring,4.7,scattered,0,,,,Stephanie Crowshoe,"Humidity 95.1%, other observers Doug MacNearney",Cam Gillies,
2557,WLNP,Cardston Entrance,,555,2008,6,27,1,06:38,Recording,6,EI Monitoring,6.2,overcast,1,,,,Dany Boutin,% humidity = 90.4. Other observers = TK.,Cam Gillies,
2558,WLNP,Cardston Entrance,,555,2008,6,27,2,08:05,Recording,10,EI Monitoring,12,overcast,1.8,,,,Dany Boutin,% humidity = 60.5. Other observers = TK.,Cam Gillies,
2559,WLNP,Cardston Entrance,,555,2009,6,29,1,07:25,Recording,6,EI Monitoring,8.4,scattered,0,,,,Stephanie Crowshoe,"Humidity 78.7%, other observers Doug MacNearney",Cam Gillies,
2560,WLNP,Cardston Entrance,,556,2008,6,27,1,07:03,Recording,7,EI Monitoring,6.7,overcast,2,,,,Dany Boutin,% humidity = 91.1. Other observers = TK.,Cam Gillies,
2561,WLNP,Cardston Entrance,,556,2008,6,27,2,07:45,Recording,9,EI Monitoring,15.9,overcast,0,,,,Dany Boutin,% humidity = 56.4. Other observers = TK.,Cam Gillies,
2562,WLNP,Cardston Entrance,,556,2009,6,29,1,07:45,Recording,7,EI Monitoring,12.8,scattered,0,,,,Stephanie Crowshoe,"Humidity 58.5%, other observers Doug MacNearney",Cam Gillies,
2563,WLNP,Cardston Entrance,,557,2008,6,27,1,07:21,Recording,8,EI Monitoring,8.5,overcast,1.5,,,,Dany Boutin,% humidity = 84.1. Other observers = TK.,Cam Gillies,
2564,WLNP,Cardston Entrance,,557,2009,6,29,1,08:05,Recording,8,EI Monitoring,9.8,scattered,0,,,,Stephanie Crowshoe,"Humidity 72.9%, other observers Doug MacNearney",Cam Gillies,
2565,WLNP,Crandell Lake,,100,2008,6,9,1,05:30,Recording,2,EI Monitoring,7.6,scattered,0,,,,Dany Boutin,% humidity = 76.1. Other observers = TK.,Cam Gillies,
2566,WLNP,Crandell Lake,,100,2008,6,20,1,05:45,Recording,1,EI Monitoring,8,clear,5.2,,,,Dany Boutin,% humidity = 62.6. Other observers = TK.,Cam Gillies,
2567,WLNP,Crandell Lake,,100,2008,6,26,1,06:50,Recording,1,EI Monitoring,11.4,clear,1.1,,,,Dany Boutin,% humidity = 58.0. Other observers = TK.,Cam Gillies,
2568,WLNP,Crandell Lake,,100,2009,6,18,1,05:45,Recording,1,EI Monitoring,11.9,overcast,0,,,,Stephanie Crowshoe,"Humidity 65.6%, other observers Doug MacNearney",Cam Gillies,
2569,WLNP,Crandell Lake,,101,2008,6,9,1,06:03,Recording,3,EI Monitoring,4.6,broken,0,,,,Dany Boutin,% humidity = 81.3. Other observers = TK. The creek?,Cam Gillies,
2570,WLNP,Crandell Lake,,101,2008,6,26,1,07:16,Recording,2,EI Monitoring,14.1,clear,2.2,,,,Dany Boutin,% humidity = 47.1. Other observers = TK.,Cam Gillies,
2571,WLNP,Crandell Lake,,101,2008,7,11,1,09:24,Recording,5,EI Monitoring,11.7,clear,1.7,,,,Dany Boutin,% humidity = 61.3. Other observers = TK.,Cam Gillies,
2572,WLNP,Crandell Lake,,101,2009,6,18,1,06:05,Recording,2,EI Monitoring,9.8,scattered,0,,,,Stephanie Crowshoe,"Humidity 79.3%, other observers Doug MacNearney",Cam Gillies,
2573,WLNP,Crandell Lake,,102,2008,6,9,1,06:30,Recording,4,EI Monitoring,4.3,broken,1.3,,,,Dany Boutin,% humidity = 81.6. Other observers = TK. The creek?,Cam Gillies,
2574,WLNP,Crandell Lake,,102,2008,6,26,1,07:40,Recording,3,EI Monitoring,14.3,clear,2.4,,,,Dany Boutin,% humidity = 45.7. Other observers = TK. Wind?,Cam Gillies,
2575,WLNP,Crandell Lake,,102,2008,7,11,1,09:05,Recording,4,EI Monitoring,8.6,clear,1.3,,,,Dany Boutin,% humidity = 75.0. Other observers = TK.,Cam Gillies,
2576,WLNP,Crandell Lake,,102,2009,6,18,1,06:30,Recording,3,EI Monitoring,10.9,scattered,0,,,,Stephanie Crowshoe,"Humidity 71.0%, other observers Doug MacNearney",Cam Gillies,
2577,WLNP,Crandell Lake,,103,2008,6,26,1,08:06,Recording,4,EI Monitoring,14.3,clear,1.1,,,,Dany Boutin,% humidity = 47.9. Other observers = TK. Creek?,Cam Gillies,
2578,WLNP,Crandell Lake,,103,2008,7,11,1,08:44,Recording,3,EI Monitoring,6.6,clear,1.2,,,,Dany Boutin,% humidity = 87.0. Other observers = TK.,Cam Gillies,
2579,WLNP,Crandell Lake,,103,2009,6,18,1,06:55,Recording,4,EI Monitoring,10.3,scattered,0,,,,Stephanie Crowshoe,"Humidity 79.2%, other observers Doug MacNearney",Cam Gillies,
2580,WLNP,Crandell Lake,,104,2008,6,9,1,07:06,Recording,5,EI Monitoring,4.6,broken,0,,,,Dany Boutin,% humidity = 86.5. Other observers = TK.,Cam Gillies,
2581,WLNP,Crandell Lake,,104,2009,6,18,1,07:15,Recording,5,EI Monitoring,8.4,scattered,0,,,,Stephanie Crowshoe,"Humidity 89.5%, other observers Doug MacNearney",Cam Gillies,
2582,WLNP,Crandell Lake,,105,2008,6,9,1,07:28,Recording,6,EI Monitoring,4.7,broken,0,,,,Dany Boutin,% humidity = 87.9. Other observers = TK.,Cam Gillies,
2583,WLNP,Crandell Lake,,105,2009,6,18,1,07:40,Recording,6,EI Monitoring,9.6,scattered,1.4,,,,Stephanie Crowshoe,"Humidity 85.0%, other observers Doug MacNearney",Cam Gillies,
2584,WLNP,Akamina,,90,2008,6,25,1,05:39,Recording,1,EI Monitoring,5.1,clear,0,,,,Dany Boutin,% humidity = 76.1. Other observers = TK.,Cam Gillies,
2585,WLNP,Akamina,,90,2009,6,19,1,05:40,Recording,1,EI Monitoring,11.3,scattered,0,,,,Stephanie Crowshoe,"Humidity 63.7%, other observers Doug MacNearney",Cam Gillies,
2586,WLNP,Akamina,,91,2008,6,25,1,06:00,Recording,2,EI Monitoring,4.1,clear,1.5,,,,Dany Boutin,% humidity = 81.4. Other observers = TK.,Cam Gillies,
2587,WLNP,Akamina,,91,2009,6,19,1,06:05,Recording,2,EI Monitoring,9.1,scattered,0,,,,Stephanie Crowshoe,"Humidity 70.6%, other observers Doug MacNearney",Cam Gillies,
2588,WLNP,Akamina,,92,2008,6,25,1,06:20,Recording,3,EI Monitoring,2.3,clear,1.4,,,,Dany Boutin,% humidity = 85.2. Other observers = TK.,Cam Gillies,
2589,WLNP,Akamina,,92,2008,7,4,1,06:55,Recording,1,EI Monitoring,12.7,scattered,2.6,,,,Dany Boutin,% humidity = 72.6. Other observers = TK.,Cam Gillies,
2590,WLNP,Akamina,,92,2008,7,9,1,05:51,Recording,1,EI Monitoring,13.9,clear,1.2,,,,Dany Boutin,% humidity = 50.4. Other observers = TK.,Cam Gillies,
2591,WLNP,Akamina,,92,2009,6,19,1,06:30,Recording,3,EI Monitoring,9.3,scattered,0,,,,Stephanie Crowshoe,"Humidity 69.0%, other observers Doug MacNearney",Cam Gillies,
2592,WLNP,Akamina,,93,2008,6,25,1,06:42,Recording,4,EI Monitoring,1.1,clear,0,,,,Dany Boutin,% humidity = 92.2. Other observers = TK.,Cam Gillies,
2593,WLNP,Akamina,,93,2009,6,19,1,06:55,Recording,4,EI Monitoring,7.3,scattered,0,,,,Stephanie Crowshoe,"Humidity 81.5%, other observers Doug MacNearney",Cam Gillies,
2594,WLNP,Akamina,,94,2008,6,25,1,07:02,Recording,5,EI Monitoring,3,clear,0,,,,Dany Boutin,% humidity = 92.6. Other observers = TK.,Cam Gillies,
2595,WLNP,Akamina,,94,2009,6,19,1,07:25,Recording,5,EI Monitoring,8,scattered,0,,,,Stephanie Crowshoe,"Humidity 77.0%, other observers Doug MacNearney",Cam Gillies,
2596,WLNP,Akamina,,95,2008,6,25,1,07:20,Recording,6,EI Monitoring,4.2,clear,1,,,,Dany Boutin,% humidity = 88.9. Other observers = TK.,Cam Gillies,
2597,WLNP,Akamina,,95,2009,6,19,1,07:50,Recording,6,EI Monitoring,7.9,scattered,0,,,,Stephanie Crowshoe,"Humidity 80.4%, other observers Doug MacNearney",Cam Gillies,
4352,WLNP,Lower Mount Crandell,,18,2010,6,9,1,05:30,Recording,1,EI Monitoring,8.7,overcast,0,,,Good,"Stephanie Crowshoe, Ashley Cox",Vehicle noise from the golf course towards the end of the recording.,Theresa Hannah,
4455,WLNP,Lower Mount Crandell,,19,2010,6,9,1,05:55,Recording,2,EI Monitoring,4.9,overcast,0,,,Moderate,"Stephanie Crowshoe, Ashley Cox",,Theresa Hannah,"static/river?, traffic"
4456,WLNP,Lower Mount Crandell,,20,2010,6,9,1,06:20,Recording,3,EI Monitoring,4.5,overcast,0,,,Moderate,"Stephanie Crowshoe, Ashley Cox","Vehicle noise in the last minute of the recording, paused halfway through for deer.",Theresa Hannah,"static/river?, traffic"
4457,WLNP,Lower Mount Crandell,,21,2010,6,9,1,06:45,Recording,4,EI Monitoring,6.3,overcast,0,,,Moderate,"Stephanie Crowshoe, Ashley Cox",Vehicle noise heard throughout recording.,Theresa Hannah,"static/river?, traffic"
4458,WLNP,Lower Mount Crandell,,22,2010,6,9,1,07:05,Recording,6,EI Monitoring,6,overcast,0,,,Moderate,"Stephanie Crowshoe, Ashley Cox",Paused in first half of recording for deer.,Theresa Hannah,"static/river?, traffic"
4459,WLNP,Lower Mount Crandell,,23,2010,6,9,1,07:35,Recording,7,EI Monitoring,6.9,overcast,0,,,Moderate,"Stephanie Crowshoe, Ashley Cox",,Theresa Hannah,machinery noise
4460,WLNP,Lower Mount Crandell,,24,2010,6,9,1,08:05,Recording,8,EI Monitoring,6.8,overcast,0,,,Moderate,"Stephanie Crowshoe, Ashley Cox",,Theresa Hannah,machinery noise; traffic?
4461,WLNP,Lower Mount Crandell,,70,2010,6,9,1,08:35,Recording,9,EI Monitoring,8.2,overcast,1.2,,,Moderate,"Stephanie Crowshoe, Ashley Cox",Gopher calling.,Theresa Hannah,machinery? river? muffled; loud piercing calls
4462,WLNP,Lower Mount Crandell,,71,2010,6,9,1,08:55,Recording,10,EI Monitoring,8.8,overcast,2,,,Good,"Stephanie Crowshoe, Ashley Cox",Light rain at the beginning of the recording and plane flew overhead.,Theresa Hannah,airplane last minute
4463,WLNP,Lower Mount Crandell,,72,2010,6,9,1,09:20,Recording,11,EI Monitoring,9.4,overcast,0,,,Moderate,"Stephanie Crowshoe, Ashley Cox",Light rain throughout.,Theresa Hannah,"river, bugs/rain"
4464,WLNP,Horseshoe Basin,,41,2010,6,15,1,05:50,Recording,1,EI Monitoring,6.9,broken,0,,,Moderate,"Stephanie Crowshoe, Ashley Cox",,Theresa Hannah,river noise
4465,WLNP,Horseshoe Basin,,42,2010,6,15,1,06:10,Recording,2,EI Monitoring,5.1,broken,0.9,,,Moderate,"Stephanie Crowshoe, Ashley Cox",,Theresa Hannah,river noise
4466,WLNP,Horseshoe Basin,,43,2010,6,15,1,06:35,Recording,3,EI Monitoring,5.1,broken,1.4,,,Moderate,"Stephanie Crowshoe, Ashley Cox",,Theresa Hannah,wind
4467,WLNP,Horseshoe Basin,,44,2010,6,15,1,07:00,Recording,4,EI Monitoring,5.4,broken,2.3,,,Moderate,"Stephanie Crowshoe, Ashley Cox",,Theresa Hannah,"river noise?, traffic"
4468,WLNP,Horseshoe Basin,,45,2010,6,15,1,07:20,Recording,5,EI Monitoring,6.5,broken,0,,,Good,"Stephanie Crowshoe, Ashley Cox",,Theresa Hannah,
4469,WLNP,Horseshoe Basin,,46,2010,6,15,1,07:50,Recording,6,EI Monitoring,8.7,scattered,0,,,Good,"Stephanie Crowshoe, Ashley Cox",,Theresa Hannah,"traffic, something flapping in the wind"
4470,WLNP,Horseshoe Basin,,47,2010,6,15,1,08:15,Recording,7,EI Monitoring,11.7,scattered,0,,,Good,"Stephanie Crowshoe, Ashley Cox",Coyotes at the beginning of recording.,Theresa Hannah,
4471,WLNP,Horseshoe Basin,,48,2010,6,15,1,08:40,Recording,8,EI Monitoring,11.5,scattered,1.3,,,Good,"Stephanie Crowshoe, Ashley Cox",,Theresa Hannah,wind
4472,WLNP,Horseshoe Basin,,49,2010,6,15,1,09:10,Recording,9,EI Monitoring,13.7,scattered,1.3,,,Good,"Stephanie Crowshoe, Ashley Cox",,Theresa Hannah,"wind, something flapping in the wind"
4473,WLNP,Horseshoe Basin,,50,2010,6,15,1,09:40,Recording,10,EI Monitoring,10.5,broken,1.8,,,Good,"Stephanie Crowshoe, Ashley Cox",,Theresa Hannah,
4474,WLNP,Prairie Trail,,575,2010,6,14,1,05:50,Recording,1,EI Monitoring,5,scattered,0,,,Moderate,"Stephanie Crowshoe, Ashley Cox",,Theresa Hannah,far-off river; sporadic observer movement; wind
4475,WLNP,Prairie Trail,,576,2010,6,14,1,06:15,Recording,2,EI Monitoring,13,scattered,1.1,,,Good,"Stephanie Crowshoe, Ashley Cox",,Theresa Hannah,sporadic obs movement
4476,WLNP,Prairie Trail,,577,2010,6,14,1,06:40,Recording,3,EI Monitoring,15.2,scattered,1,,,Good,"Stephanie Crowshoe, Ashley Cox",,Theresa Hannah,"wind, with creeky trees"
4477,WLNP,Prairie Trail,,578,2010,6,14,1,07:10,Recording,4,EI Monitoring,16.3,scattered,5.8,,,Moderate,"Stephanie Crowshoe, Ashley Cox",,Theresa Hannah,wind
4478,WLNP,Prairie Trail,,579,2010,7,6,1,08:35,Recording,6,EI Monitoring,14.4,broken,0,,,Moderate,"Stephanie Crowshoe, Ashley Cox",,Theresa Hannah,"wind, far-off noise (traffic?)"
4479,WLNP,Prairie Trail,,580,2010,7,6,1,08:10,Recording,5,EI Monitoring,11.6,broken,0,,,Moderate,"Stephanie Crowshoe, Ashley Cox",,Theresa Hannah,sporadic obs movement
4480,WLNP,Prairie Trail,,581,2010,7,6,1,07:45,Recording,4,EI Monitoring,9.8,broken,2.2,,,Moderate,"Stephanie Crowshoe, Ashley Cox",,Theresa Hannah,traffic
4481,WLNP,Prairie Trail,,582,2010,7,6,1,07:25,Recording,3,EI Monitoring,8.9,broken,2.4,,,Moderate,"Stephanie Crowshoe, Ashley Cox",,Theresa Hannah,"wind, traffic"
4482,WLNP,Prairie Trail,,583,2010,7,6,1,07:00,Recording,2,EI Monitoring,7.9,broken,3.2,,,Moderate,"Stephanie Crowshoe, Ashley Cox",,Theresa Hannah,wind
4483,WLNP,Prairie Trail,,584,2010,7,6,1,06:40,Recording,1,EI Monitoring,9,broken,1.1,,,Moderate,"Stephanie Crowshoe, Ashley Cox",Recording says 0579 but should actually be 0584.,Theresa Hannah,"wind, traffic"
4484,WLNP,Wishbone Trail,,33,2010,6,7,1,05:25,Recording,2,EI Monitoring,12,broken,2.4,,,Good,"Stephanie Crowshoe, Ashley Cox",,Theresa Hannah,wind
4485,WLNP,Wishbone Trail,,34,2010,6,7,1,05:50,Recording,4,EI Monitoring,10.2,scattered,1,,,Good,"Stephanie Crowshoe, Ashley Cox",,Theresa Hannah,wind
4486,WLNP,Wishbone Trail,,35,2010,6,7,1,06:15,Recording,5,EI Monitoring,12.6,scattered,1.2,,,Good,"Stephanie Crowshoe, Ashley Cox",,Theresa Hannah,
4487,WLNP,Wishbone Trail,,36,2010,6,24,1,05:35,Recording,1,EI Monitoring,12,scattered,1,,,Good,"Stephanie Crowshoe, Ashley Cox, Barb Johnston",,Theresa Hannah,
4488,WLNP,Wishbone Trail,,37,2010,6,24,1,05:55,Recording,2,EI Monitoring,10,scattered,1.1,,,Good,"Stephanie Crowshoe, Ashley Cox, Barb Johnston",,Theresa Hannah,
4489,WLNP,Wishbone Trail,,38,2010,6,29,1,07:45,Recording,1,EI Monitoring,19.2,scattered,0,,,Good,"Stephanie Crowshoe, Ashley Cox",Track number said wrong on recording.,Theresa Hannah,
4490,WLNP,Wishbone Trail,,39,2010,6,29,1,08:10,Recording,2,EI Monitoring,16.8,scattered,0.9,,,Good,"Stephanie Crowshoe, Ashley Cox",,Theresa Hannah,"traffic, wind"
4491,WLNP,Wishbone Trail,,40,2010,6,29,1,08:30,Recording,3,EI Monitoring,18.7,scattered,0,,,Moderate,"Stephanie Crowshoe, Ashley Cox",,Theresa Hannah,"wind, traffic, airplane"
4492,WLNP,Wishbone Trail,,60,2010,6,29,1,08:50,Recording,4,EI Monitoring,19.8,clear,1.1,,,Moderate,"Stephanie Crowshoe, Ashley Cox",,Theresa Hannah,river noise?; static
4493,WLNP,Wishbone Trail,,61,2010,6,29,1,09:15,Recording,5,EI Monitoring,20.5,clear,0,,,Moderate,"Stephanie Crowshoe, Ashley Cox",,Theresa Hannah,wind
4494,WLNP,Sofa Mountain,,25,2010,6,23,1,05:40,Recording,1,EI Monitoring,13.2,clear,0.9,,,Good,"Stephanie Crowshoe, Ashley Cox",,Theresa Hannah,
4495,WLNP,Sofa Mountain,,26,2010,6,23,1,06:00,Recording,2,EI Monitoring,5.8,clear,0,,,Moderate,"Stephanie Crowshoe, Ashley Cox",,Theresa Hannah,"don't know, just fuzzy"
4496,WLNP,Sofa Mountain,,27,2010,6,23,1,06:25,Recording,3,EI Monitoring,7.3,clear,0,,,Good,"Stephanie Crowshoe, Ashley Cox",,Theresa Hannah,
4497,WLNP,Sofa Mountain,,28,2010,6,23,1,06:45,Recording,4,EI Monitoring,10,clear,0,,,Moderate,"Stephanie Crowshoe, Ashley Cox",,Theresa Hannah,river noise
4498,WLNP,Sofa Mountain,,29,2010,6,23,1,07:10,Recording,5,EI Monitoring,13,clear,0,,,Good,"Stephanie Crowshoe, Ashley Cox",,Theresa Hannah,
4499,WLNP,Sofa Mountain,,30,2010,6,23,1,07:45,Recording,6,EI Monitoring,20.3,scattered,0,,,Good,"Stephanie Crowshoe, Ashley Cox",,Theresa Hannah,
4500,WLNP,Sofa Mountain,,31,2010,6,23,1,08:05,Recording,7,EI Monitoring,15.2,scattered,1.1,,,Good,"Stephanie Crowshoe, Ashley Cox",,Theresa Hannah,
4501,WLNP,Sofa Mountain,,32,2010,6,23,1,08:30,Recording,8,EI Monitoring,14.3,scattered,2.4,,,Moderate,"Stephanie Crowshoe, Ashley Cox",,Theresa Hannah,"wind, far-off traffic, something flapping in wind"
4502,WLNP,Sofa Mountain,,80,2010,6,23,1,08:55,Recording,9,EI Monitoring,17,scattered,1.8,,,Moderate,"Stephanie Crowshoe, Ashley Cox",,Theresa Hannah,traffic
4503,WLNP,Sofa Mountain,,81,2010,6,23,1,09:20,Recording,10,EI Monitoring,15.9,scattered,6.2,,,Good,"Stephanie Crowshoe, Ashley Cox",,Theresa Hannah,wind
4504,WLNP,Yarrow Cabin Trail,,567,2010,6,25,1,06:10,Recording,1,EI Monitoring,14.7,scattered,0,,,Good,"Stephanie Crowshoe, Ashley Cox",,Cam Gillies,"wind, river"
4505,WLNP,Yarrow Cabin Trail,,568,2010,6,25,1,06:30,Recording,2,EI Monitoring,13.1,scattered,1,,,Moderate,"Stephanie Crowshoe, Ashley Cox",,Cam Gillies,river
4506,WLNP,Yarrow Cabin Trail,,569,2010,6,25,1,06:50,Recording,3,EI Monitoring,14.8,scattered,0.9,,,Good,"Stephanie Crowshoe, Ashley Cox",Wrong track number on recording. ,Cam Gillies,"river, traffic"
4507,WLNP,Yarrow Cabin Trail,,570,2010,6,25,1,07:15,Recording,4,EI Monitoring,14,scattered,0.9,,,Good,"Stephanie Crowshoe, Ashley Cox",Wrong track number on recording. ,Cam Gillies,river
4508,WLNP,Yarrow Cabin Trail,,571,2010,6,25,1,07:45,Recording,5,EI Monitoring,14.1,scattered,4.1,,,Good,"Stephanie Crowshoe, Ashley Cox",Wrong track number on recording. ,Cam Gillies,river
4509,WLNP,Yarrow Cabin Trail,,572,2010,6,25,1,08:10,Recording,6,EI Monitoring,15.6,scattered,1,,,Good,"Stephanie Crowshoe, Ashley Cox",,Cam Gillies,river
4510,WLNP,Yarrow Cabin Trail,,573,2010,6,25,1,08:30,Recording,7,EI Monitoring,13.9,scattered,2.9,,,Good,"Stephanie Crowshoe, Ashley Cox",,Cam Gillies,
4511,WLNP,Yarrow Cabin Trail,,574,2010,6,25,1,08:55,Recording,8,EI Monitoring,15,scattered,1.7,,,Good,"Stephanie Crowshoe, Ashley Cox",,Cam Gillies,
4512,WLNP,Yarrow Cabin Trail,,590,2010,6,25,1,09:20,Recording,9,EI Monitoring,16.5,scattered,1,,,Good,"Stephanie Crowshoe, Ashley Cox",,Cam Gillies,"file says it is point 590, observer said 575"
4513,WLNP,Yarrow Cabin Trail,,591,2010,6,25,1,09:45,Recording,10,EI Monitoring,16.3,broken,1.1,,,Good,"Stephanie Crowshoe, Ashley Cox",,Cam Gillies,"wind, observer says 576, file labelled as 591"
4514,WLNP,Cameron Lake,,1,2010,6,28,1,05:45,Recording,1,EI Monitoring,17,scattered,0,,,Good,"Stephanie Crowshoe, Ashley Cox",,Cam Gillies,river
4515,WLNP,Cameron Lake,,3,2010,6,28,1,06:15,Recording,2,EI Monitoring,11.3,scattered,0,,,Good,"Stephanie Crowshoe, Ashley Cox",,Cam Gillies,river
4516,WLNP,Cameron Lake,,4,2010,6,28,1,06:35,Recording,3,EI Monitoring,11.1,scattered,1.7,,,Good,"Stephanie Crowshoe, Ashley Cox",,Cam Gillies,river
4517,WLNP,Cameron Lake,,5,2010,6,28,1,07:00,Recording,4,EI Monitoring,11.2,scattered,0,,,Moderate,"Stephanie Crowshoe, Ashley Cox",,Cam Gillies,river
4518,WLNP,Cameron Lake,,6,2010,6,28,1,07:25,Recording,5,EI Monitoring,10.3,scattered,1.5,,,Good,"Stephanie Crowshoe, Ashley Cox",,Cam Gillies,river
4519,WLNP,Cameron Lake,,124,2010,6,28,1,07:50,Recording,6,EI Monitoring,10,scattered,0.9,,,Moderate,"Stephanie Crowshoe, Ashley Cox",,Cam Gillies,river
4520,WLNP,Summit Lake,,9,2010,7,8,1,06:25,Recording,1,EI Monitoring,10.9,clear,0.9,,,Good,"Stephanie Crowshoe, Ashley Cox",,Cam Gillies,river
4521,WLNP,Summit Lake,,11,2010,7,8,1,06:55,Recording,2,EI Monitoring,7.3,clear,2.2,,,Moderate,"Stephanie Crowshoe, Ashley Cox",,Cam Gillies,river
4522,WLNP,Summit Lake,,12,2010,7,8,1,07:20,Recording,3,EI Monitoring,6.6,clear,0,,,Good,"Stephanie Crowshoe, Ashley Cox",,Cam Gillies,
4523,WLNP,Summit Lake,,15,2010,7,8,1,09:25,Recording,7,EI Monitoring,17.8,clear,1.1,,,Good,"Stephanie Crowshoe, Ashley Cox",,Cam Gillies,stream
4524,WLNP,Summit Lake,,16,2010,7,8,1,10:00,Recording,8,EI Monitoring,20.1,clear,0,,,Good,"Stephanie Crowshoe, Ashley Cox",Stopped part-way for hikers,Cam Gillies,
4525,WLNP,Summit Lake,,120,2010,7,9,1,07:00,Recording,1,EI Monitoring,13,clear,0.9,,,Good,"Stephanie Crowshoe, Ashley Cox",,Cam Gillies,river
4526,WLNP,Summit Lake,,121,2010,7,9,1,07:25,Recording,2,EI Monitoring,16.6,clear,0,,,Good,"Stephanie Crowshoe, Ashley Cox",,Cam Gillies,river
4527,WLNP,Summit Lake,,122,2010,7,9,1,07:50,Recording,3,EI Monitoring,18.1,clear,1,,,Good,"Stephanie Crowshoe, Ashley Cox",,Cam Gillies,
4528,WLNP,Summit Lake,,123,2010,7,9,1,08:15,Recording,4,EI Monitoring,22.7,clear,0,,,Good,"Stephanie Crowshoe, Ashley Cox",,Cam Gillies,
4529,WLNP,Summit Lake,,125,2010,7,8,1,07:45,Recording,4,EI Monitoring,7,clear,1.8,,,Good,"Stephanie Crowshoe, Ashley Cox",,Cam Gillies,
4530,WLNP,Summit Lake,,126,2010,7,8,1,08:15,Recording,5,EI Monitoring,11,clear,0,,,Moderate,"Stephanie Crowshoe, Ashley Cox",,Cam Gillies,river
4531,WLNP,Summit Lake,,127,2010,7,8,1,08:45,Recording,6,EI Monitoring,14.7,clear,0,,,Good,"Stephanie Crowshoe, Ashley Cox",,Cam Gillies,river
4532,WLNP,Summit Lake,,128,2010,7,9,1,08:40,Recording,5,EI Monitoring,18.6,clear,1.8,,,Good,"Stephanie Crowshoe, Ashley Cox",,Cam Gillies,
4533,WLNP,Summit Lake,,129,2010,7,9,1,09:05,Recording,6,EI Monitoring,19,clear,6.4,,,Good,"Stephanie Crowshoe, Ashley Cox",,Cam Gillies,
4534,WLNP,Cardston Entrance,,550,2010,6,11,1,05:25,Recording,1,EI Monitoring,6,overcast,1.1,,,Good,"Stephanie Crowshoe, Ashley Cox","Car noise at the beginning, cow noise throughout",Cam Gillies,
4535,WLNP,Cardston Entrance,,551,2010,6,11,1,05:50,Recording,2,EI Monitoring,5,overcast,1.2,,,Good,"Stephanie Crowshoe, Ashley Cox",,Cam Gillies,
4536,WLNP,Cardston Entrance,,552,2010,6,11,1,06:10,Recording,3,EI Monitoring,5.3,overcast,0.9,,,Good,"Stephanie Crowshoe, Ashley Cox",,Cam Gillies,
4537,WLNP,Cardston Entrance,,553,2010,6,11,1,06:35,Recording,4,EI Monitoring,4.8,overcast,2.3,,,Good,"Stephanie Crowshoe, Ashley Cox",,Cam Gillies,
4538,WLNP,Cardston Entrance,,554,2010,6,11,1,07:00,Recording,5,EI Monitoring,5.7,overcast,1.1,,,Good,"Stephanie Crowshoe, Ashley Cox",,Cam Gillies,static on left
4539,WLNP,Cardston Entrance,,555,2010,6,11,1,07:20,Recording,6,EI Monitoring,5.9,overcast,4.1,,,Good,"Stephanie Crowshoe, Ashley Cox",,Cam Gillies,"wind, static"
4540,WLNP,Cardston Entrance,,556,2010,6,11,1,07:40,Recording,7,EI Monitoring,5.9,broken,1.9,,,Good,"Stephanie Crowshoe, Ashley Cox",,Cam Gillies,wind
4541,WLNP,Cardston Entrance,,557,2010,6,11,1,08:00,Recording,8,EI Monitoring,6.4,broken,2.6,,,Good,"Stephanie Crowshoe, Ashley Cox",,Cam Gillies,wind
4542,WLNP,Crandell Lake,,100,2010,6,10,1,05:50,Recording,1,EI Monitoring,7.2,broken,1.3,,,Good,"Stephanie Crowshoe, Ashley Cox",Stopped half way for deer,Cam Gillies,river
4543,WLNP,Crandell Lake,,101,2010,6,10,1,06:15,Recording,2,EI Monitoring,9.7,broken,1.1,,,Good,"Stephanie Crowshoe, Ashley Cox",,Cam Gillies,river
4544,WLNP,Crandell Lake,,102,2010,6,10,1,06:45,Recording,3,EI Monitoring,8,broken,1.4,,,Good,"Stephanie Crowshoe, Ashley Cox",Light rain started,Cam Gillies,river
4545,WLNP,Crandell Lake,,103,2010,6,10,1,07:10,Recording,4,EI Monitoring,6.9,broken,1.1,,,Moderate,"Stephanie Crowshoe, Ashley Cox",Light Rain,Cam Gillies,river
4546,WLNP,Crandell Lake,,104,2010,6,10,1,07:45,Recording,5,EI Monitoring,8.3,broken,0,,,Good,"Stephanie Crowshoe, Ashley Cox",,Cam Gillies,
4547,WLNP,Crandell Lake,,105,2010,6,10,1,08:10,Recording,6,EI Monitoring,8.2,broken,1,,,Good,"Stephanie Crowshoe, Ashley Cox",,Cam Gillies,
4548,WLNP,Akamina,,90,2010,6,22,1,07:25,Recording,1,EI Monitoring,9.9,scattered,0,,,Good,"Stephanie Crowshoe, Ashley Cox",,Cam Gillies,river
4549,WLNP,Akamina,,91,2010,6,22,1,07:55,Recording,2,EI Monitoring,7.4,scattered,1.6,,,Good,"Stephanie Crowshoe, Ashley Cox",,Cam Gillies,
4550,WLNP,Akamina,,92,2010,6,22,1,08:20,Recording,3,EI Monitoring,11,overcast,0,,,Moderate,"Stephanie Crowshoe, Ashley Cox",Faint talking from hikers in last 20 seconds. Waterfall nearby.,Cam Gillies,river
4551,WLNP,Akamina,,93,2010,6,22,1,08:45,Recording,4,EI Monitoring,8.4,overcast,1.4,,,Good,"Stephanie Crowshoe, Ashley Cox",Paused due to hikers about 5 minutes in.,Cam Gillies,stream
4552,WLNP,Akamina,,94,2010,6,22,1,09:20,Recording,5,EI Monitoring,10.1,overcast,0,,,Good,"Stephanie Crowshoe, Ashley Cox",,Cam Gillies,river
4553,WLNP,Akamina,,95,2010,6,22,1,09:45,Recording,6,EI Monitoring,10.5,overcast,0,,,Moderate,"Stephanie Crowshoe, Ashley Cox",,Cam Gillies,river
4873,WLNP,Lower Mount Crandell,,18,2011,6,13,1,05:30,Recording ,1,EI Monitoring,13,partial,1,,,Moderate,Matthew Little and Carrie Harbidge,,Theresa Hannah,background static - river? Road?
4874,WLNP,Lower Mount Crandell,,19,2011,6,13,1,05:55,Recording ,2,EI Monitoring,12,partial,1,,,Moderate,Matthew Little and Carrie Harbidge,,Theresa Hannah,"wind, and background noise- Road, river too?"
4875,WLNP,Lower Mount Crandell,,20,2011,6,13,1,06:20,Recording ,3,EI Monitoring,10.2,partial,1,,,Poor,Matthew Little and Carrie Harbidge,,Theresa Hannah,golf course noises
4876,WLNP,Lower Mount Crandell,,21,2011,6,13,1,06:47,Recording ,4,EI Monitoring,10,overcast,0.9,,,Moderate,Matthew Little and Carrie Harbidge,,Theresa Hannah,golf course sounds
4877,WLNP,Lower Mount Crandell,,22,2011,6,13,1,07:13,Recording ,5,EI Monitoring,10.1,overcast,1,,,Moderate,Matthew Little and Carrie Harbidge,,Theresa Hannah,"golf course noises, wind"
4878,WLNP,Lower Mount Crandell,,23,2011,6,13,1,07:40,Recording ,6,EI Monitoring,11.3,overcast,0,,,Moderate,Matthew Little and Carrie Harbidge,,Theresa Hannah,"wind, airplane"
4879,WLNP,Lower Mount Crandell,,24,2011,6,13,1,08:05,Recording ,7,EI Monitoring,5,overcast,1.3,,,Poor,Matthew Little and Carrie Harbidge,,Theresa Hannah,"machinery noise, wind; 8.18"
4880,WLNP,Lower Mount Crandell,,70,2011,6,13,1,08:40,Recording ,8,EI Monitoring,11.4,overcast,2.1,,,Moderate,Matthew Little and Carrie Harbidge,,Theresa Hannah,"far-off machinery, wind"
4881,WLNP,Lower Mount Crandell,,71,2011,6,13,1,09:07,Recording ,9,EI Monitoring,10.8,overcast,6,,,Poor,Matthew Little and Carrie Harbidge,,Theresa Hannah,wind; 3.46
4882,WLNP,Lower Mount Crandell,,72,2011,6,13,1,09:37,Recording ,10,EI Monitoring,12.9,overcast,1.4,,,Poor,Matthew Little and Carrie Harbidge,,Theresa Hannah,"creek noise, airplane"
4883,WLNP,Horseshoe Basin,,41,2011,7,4,1,05:40,Recording ,1,EI Monitoring,9,clear,1.2,,,Moderate,Matthew Little and Carrie Harbidge,,Theresa Hannah,river?
4884,WLNP,Horseshoe Basin,,42,2011,7,4,1,06:03,Recording ,2,EI Monitoring,8.4,clear,0,,,Good,Matthew Little and Carrie Harbidge,,Theresa Hannah,wind
4885,WLNP,Horseshoe Basin,,43,2011,7,4,1,06:27,Recording ,3,EI Monitoring,6.8,clear,2.6,,,Moderate,Matthew Little and Carrie Harbidge,,Theresa Hannah,wind? Water?
4886,WLNP,Horseshoe Basin,,44,2011,7,4,1,06:52,Recording ,4,EI Monitoring,10.7,clear,0.9,,,Moderate,Matthew Little and Carrie Harbidge,,Theresa Hannah,wind
4887,WLNP,Horseshoe Basin,,45,2011,7,4,1,07:18,Recording ,5,EI Monitoring,12.9,clear,0,,,Good,Matthew Little and Carrie Harbidge,,Theresa Hannah,really loud catbird for half of the recording
4888,WLNP,Horseshoe Basin,,46,2011,7,4,1,07:42,Recording ,6,EI Monitoring,13.6,clear,1.8,,,Good,Matthew Little and Carrie Harbidge,,Theresa Hannah,
4889,WLNP,Horseshoe Basin,,47,2011,7,5,1,06:10,Recording ,1,EI Monitoring,13.6,clear,1.3,,,Moderate,Matthew Little and Carrie Harbidge,,Theresa Hannah,"wind, airplane"
4890,WLNP,Horseshoe Basin,,48,2011,7,5,1,06:37,Recording ,2,EI Monitoring,14.3,clear,0,,,Good,Matthew Little and Carrie Harbidge,transect name and point number reversed in recording,Theresa Hannah,
4891,WLNP,Horseshoe Basin,,49,2011,7,5,1,07:08,Recording ,3,EI Monitoring,12.5,clear,1.9,,,Moderate,Matthew Little and Carrie Harbidge,,Theresa Hannah,wind gusts
4892,WLNP,Horseshoe Basin,,50,2011,7,5,1,07:37,Recording ,4,EI Monitoring,17.2,clear,1.5,,,Moderate,Matthew Little and Carrie Harbidge,,Theresa Hannah,wind
4893,WLNP,Prairie Trail,,575,2011,6,27,1,06:03,Recording ,2,EI Monitoring,7.6,clear,0,,,Good,Matthew Little and Carrie Harbidge,,Theresa Hannah,
4894,WLNP,Prairie Trail,,576,2011,6,27,1,06:28,Recording ,3,EI Monitoring,3.6,clear,1.2,,,Good,Matthew Little and Carrie Harbidge,,Theresa Hannah,
4895,WLNP,Prairie Trail,,577,2011,6,27,1,06:53,Recording ,4,EI Monitoring,5.7,clear,2,,,Good,Matthew Little and Carrie Harbidge,,Theresa Hannah,
4896,WLNP,Prairie Trail,,578,2011,6,27,1,07:19,Recording ,5,EI Monitoring,9.8,clear,2,,,Good,Matthew Little and Carrie Harbidge,,Theresa Hannah,
4897,WLNP,Prairie Trail,,579,2011,6,27,1,07:47,Recording ,6,EI Monitoring,11,clear,2.1,,,Poor,Matthew Little and Carrie Harbidge,,Theresa Hannah,"traffic, birds are far away?"
4898,WLNP,Prairie Trail,,580,2011,6,27,1,08:13,Recording ,7,EI Monitoring,12,clear,2,,,Poor,Matthew Little and Carrie Harbidge,,Theresa Hannah,wind
4899,WLNP,Prairie Trail,,581,2011,6,27,1,08:38,Recording ,8,EI Monitoring,15.2,clear,1.1,,,Poor,Matthew Little and Carrie Harbidge,,Theresa Hannah,ground squirrel in background; wind
4900,WLNP,Prairie Trail,,582,2011,6,27,1,09:02,Recording ,9,EI Monitoring,15.3,clear,9.2,,,Poor,Matthew Little and Carrie Harbidge,,Theresa Hannah,wind
4901,WLNP,Prairie Trail,,583,2011,6,27,1,09:30,Recording ,10,EI Monitoring,19.1,clear,1.8,,,Poor,Matthew Little and Carrie Harbidge,point number wrong in recording; stated as 253,Theresa Hannah,wind
4902,WLNP,Prairie Trail,,584,2011,7,12,1,08:52,Recording ,1,EI Monitoring,14.9,overcast,1.8,,,Poor,Matthew Little and Carrie Harbidge,,Theresa Hannah,hiss/static - in .mpg format; wind
4903,WLNP,Wishbone Trail,,33,2011,6,20,1,05:30,Recording ,1,EI Monitoring,10.7,partial ,3,,,Poor,"Matthew Little and Carrie Harbidge, Emily Upham-Mills",paused at 8:10,Theresa Hannah,wind
4904,WLNP,Wishbone Trail,,34,2011,6,20,1,06:05,Recording ,2,EI Monitoring,10.5,partial ,3.2,,,Poor,"Matthew Little and Carrie Harbidge, Emily Upham-Mills",,Theresa Hannah,wind
4905,WLNP,Wishbone Trail,,35,2011,6,20,1,06:33,Recording ,3,EI Monitoring,10.9,partial ,2.1,,,Moderate,"Matthew Little and Carrie Harbidge, Emily Upham-Mills",,Theresa Hannah,water noise (stream?)
4906,WLNP,Wishbone Trail,,36,2011,6,20,1,07:05,Recording ,4,EI Monitoring,11.4,partial ,1.7,,,Moderate,"Matthew Little and Carrie Harbidge, Emily Upham-Mills",,Theresa Hannah,wind gusts
4907,WLNP,Wishbone Trail,,37,2011,6,20,1,07:32,Recording ,5,EI Monitoring,12.2,n/a,1.3,,,Moderate,"Matthew Little and Carrie Harbidge, Emily Upham-Mills",,Theresa Hannah,cut-off before sky conditions were said; most like
4908,WLNP,Wishbone Trail,,38,2011,6,20,1,10:00,Recording ,10,EI Monitoring,16.6,partial ,2.9,,,Poor,"Matthew Little and Carrie Harbidge, Emily Upham-Mills",point was skipped accidentally and went back to it,Theresa Hannah,"wind, airplane"
4909,WLNP,Wishbone Trail,,39,2011,6,20,1,08:00,Recording ,6,EI Monitoring,13.4,partial ,1,,,Poor,"Matthew Little and Carrie Harbidge, Emily Upham-Mills",wrongly dictated as point 38,Theresa Hannah,wind
4910,WLNP,Wishbone Trail,,40,2011,6,20,1,08:24,Recording ,7,EI Monitoring,13.5,partial ,1.9,,,Moderate,"Matthew Little and Carrie Harbidge, Emily Upham-Mills",wrongly dictated as point 39,Theresa Hannah,wind gusts
4911,WLNP,Wishbone Trail,,60,2011,6,20,1,09:05,Recording ,8,EI Monitoring,14.4,partial ,1.5,,,Poor,"Matthew Little and Carrie Harbidge, Emily Upham-Mills",,Theresa Hannah,"wind, airplane"
4912,WLNP,Wishbone Trail,,61,2011,6,20,1,09:30,Recording ,9,EI Monitoring,14.7,partial ,1.5,,,Poor,"Matthew Little and Carrie Harbidge, Emily Upham-Mills",,Theresa Hannah,wind
4913,WLNP,Sofa Mountain,,25,2011,6,21,1,05:43,Recording ,1,EI Monitoring,13.5,clear,2.2,,,Moderate,"Matthew Little and Carrie Harbidge, Emily Upham-Mills",,Theresa Hannah,wind
4914,WLNP,Sofa Mountain,,26,2011,6,21,1,06:10,Recording ,2,EI Monitoring,10.1,clear,1,,,Moderate,"Matthew Little and Carrie Harbidge, Emily Upham-Mills",,Theresa Hannah,wind
4915,WLNP,Sofa Mountain,,27,2011,6,21,1,06:32,Recording ,3,EI Monitoring,10.8,clear,1.7,,,Moderate,"Matthew Little and Carrie Harbidge, Emily Upham-Mills",,Theresa Hannah,wind
4916,WLNP,Sofa Mountain,,28,2011,6,21,1,07:00,Recording ,4,EI Monitoring,11.2,clear,1.2,,,Moderate,"Matthew Little and Carrie Harbidge, Emily Upham-Mills",,Theresa Hannah,wind; Good clip
4917,WLNP,Sofa Mountain,,29,2011,6,21,1,07:21,Recording ,6,EI Monitoring,14.6,clear,1.9,,,Poor,"Matthew Little and Carrie Harbidge, Emily Upham-Mills",,Theresa Hannah,wind; transcriber says it's point 0025
4918,WLNP,Sofa Mountain,,30,2011,6,21,1,07:47,Recording ,7,EI Monitoring,14.8,clear,4.7,,,Poor,"Matthew Little and Carrie Harbidge, Emily Upham-Mills",,Theresa Hannah,wind
4919,WLNP,Sofa Mountain,,31,2011,6,21,1,08:10,Recording ,8,EI Monitoring,12.7,clear,3.3,,,Poor,"Matthew Little and Carrie Harbidge, Emily Upham-Mills",,Theresa Hannah,wind
4920,WLNP,Sofa Mountain,,32,2011,6,21,1,08:34,Recording ,9,EI Monitoring,13.4,clear,6.8,,,Moderate,"Matthew Little and Carrie Harbidge, Emily Upham-Mills",,Theresa Hannah,wind gusts
4921,WLNP,Sofa Mountain,,80,2011,6,21,1,09:02,Recording ,10,EI Monitoring,15.5,clear,6.1,,,Moderate,"Matthew Little and Carrie Harbidge, Emily Upham-Mills",,Theresa Hannah,wind
4922,WLNP,Sofa Mountain,,81,2011,6,21,1,09:30,Recording ,11,EI Monitoring,17.1,clear,8.5,,,Moderate,"Matthew Little and Carrie Harbidge, Emily Upham-Mills",,Theresa Hannah,wind
4923,WLNP,Yarrow Cabin Trail,,567,2011,6,23,1,06:25,Recording ,1,EI Monitoring,16.4,partial ,0,,,Moderate,Matthew Little and Carrie Harbidge,,Cam Gillies,river
4924,WLNP,Yarrow Cabin Trail,,568,2011,6,23,1,06:50,Recording ,2,EI Monitoring,15.3,partial ,0,,,Good,Matthew Little and Carrie Harbidge,creek ~50m away,Cam Gillies,river
4925,WLNP,Yarrow Cabin Trail,,569,2011,6,23,1,07:17,Recording ,3,EI Monitoring,13.1,partial ,1,,,Good,Matthew Little and Carrie Harbidge,,Cam Gillies,river
4926,WLNP,Yarrow Cabin Trail,,570,2011,6,23,1,07:40,Recording ,4,EI Monitoring,13.4,partial ,1.4,,,Good,Matthew Little and Carrie Harbidge,,Cam Gillies,river
4927,WLNP,Yarrow Cabin Trail,,571,2011,6,23,1,08:05,Recording ,5,EI Monitoring,14.2,clear,2.2,,,Good,Matthew Little and Carrie Harbidge,,Cam Gillies,river
4928,WLNP,Yarrow Cabin Trail,,572,2011,6,23,1,08:30,Recording ,6,EI Monitoring,14.3,clear,2.9,,,Good,Matthew Little and Carrie Harbidge,,Cam Gillies,
4929,WLNP,Yarrow Cabin Trail,,573,2011,6,23,1,08:54,Recording ,7,EI Monitoring,17.6,clear,1.3,,,Good,Matthew Little and Carrie Harbidge,,Cam Gillies,
4930,WLNP,Yarrow Cabin Trail,,574,2011,6,23,1,09:17,Recording ,8,EI Monitoring,19.2,partial ,2.4,,,Good,Matthew Little and Carrie Harbidge,,Cam Gillies,
4931,WLNP,Yarrow Cabin Trail,,590,2011,6,23,1,09:44,Recording ,9,EI Monitoring,19,partial ,0,,,Good,Matthew Little and Carrie Harbidge,,Cam Gillies,
4932,WLNP,Yarrow Cabin Trail,,591,2011,6,23,1,10:06,Recording ,10,EI Monitoring,26.2,partial ,1.8,,,Good,Matthew Little and Carrie Harbidge,,Cam Gillies,
4933,WLNP,Cameron Lake,,1,2011,7,7,1,05:50,Recording ,2,EI Monitoring,11.4,clear,0,,,Moderate,"Matthew Little, Carrie Harbidge and Holly Stewart",,Cam Gillies,river
4934,WLNP,Cameron Lake,,3,2011,7,7,1,06:53,Recording ,4,EI Monitoring,10.4,clear,0,,,Moderate,"Matthew Little, Carrie Harbidge and Holly Stewart",,Cam Gillies,river
4935,WLNP,Cameron Lake,,4,2011,7,7,1,07:15,Recording ,5,EI Monitoring,12.1,clear,0,,,Good,"Matthew Little, Carrie Harbidge and Holly Stewart",,Cam Gillies,river
4936,WLNP,Cameron Lake,,5,2011,7,7,1,07:45,Recording ,6,EI Monitoring,14.8,clear,1.8,,,Poor,"Matthew Little, Carrie Harbidge and Holly Stewart",,Cam Gillies,"creek; too loud to repeat, no birds detected"
4937,WLNP,Cameron Lake,,6,2011,7,7,1,08:13,Recording ,7,EI Monitoring,13.3,clear,0.9,,,Moderate,"Matthew Little, Carrie Harbidge and Holly Stewart",,Cam Gillies,river
4938,WLNP,Cameron Lake,,124,2011,7,7,1,08:40,Recording ,8,EI Monitoring,11.3,clear,1,,,Poor,"Matthew Little, Carrie Harbidge and Holly Stewart",,Cam Gillies,creek
4939,WLNP,Summit Lake,,9,2011,7,21,1,06:20,Recording ,1,EI Monitoring,7,partly cloudy,2.3,,,Moderate,Matthew Little and Carrie Harbidge ,,Cam Gillies,river
4940,WLNP,Summit Lake,,11,2011,7,21,1,06:58,Recording ,2,EI Monitoring,7.4,overcast,0,,,Moderate,Matthew Little and Carrie Harbidge ,"wrong track number dictated, rebar gone on point",Cam Gillies,river
4941,WLNP,Summit Lake,,12,2011,7,21,1,07:22,Recording ,3,EI Monitoring,7.7,overcast,1.1,,,Good,Matthew Little and Carrie Harbidge ,,Cam Gillies,wind
4942,WLNP,Summit Lake,,15,2011,7,22,1,07:02,Recording ,1,EI Monitoring,5.7,overcast,0,,,Moderate,Matthew Little and Carrie Harbidge ,,Cam Gillies,creek
4943,WLNP,Summit Lake,,16,2011,7,22,1,07:31,Recording ,2,EI Monitoring,5.8,overcast,0,,,Good,Matthew Little and Carrie Harbidge ,,Cam Gillies,rain
4944,WLNP,Summit Lake,,120,2011,7,22,1,08:01,Recording ,3,EI Monitoring,5.6,overcast and light rain,0,,,Good,Matthew Little and Carrie Harbidge ,,Cam Gillies,river
4945,WLNP,Summit Lake,,121,2011,7,28,1,06:16,Recording ,2,EI Monitoring,6.6,partly cloudy,1,,,Good,Matthew Little and Carrie Harbidge ,,Cam Gillies,
4946,WLNP,Summit Lake,,122,2011,7,28,1,06:45,Recording ,3,EI Monitoring,5.9,partly cloudy,0.8,,,Good,Matthew Little and Carrie Harbidge ,,Cam Gillies,
4947,WLNP,Summit Lake,,123,2011,7,28,1,07:11,Recording ,4,EI Monitoring,5.3,partly cloudy,0,,,Good,Matthew Little and Carrie Harbidge ,,Cam Gillies,
4948,WLNP,Summit Lake,,125,2011,7,28,1,05:31,Recording ,1,EI Monitoring,10.1,clear,1.5,,,Good,Matthew Little and Carrie Harbidge ,track number wrongly dictated,Cam Gillies,
4949,WLNP,Summit Lake,,126,2011,7,28,1,09:00,Recording ,7,EI Monitoring,13.1,partly cloudy,0,,,Good,Matthew Little and Carrie Harbidge ,,Cam Gillies,river
4950,WLNP,Summit Lake,,127,2011,7,28,1,09:26,Recording ,8,EI Monitoring,10.2,partly cloudy,1,,,Good,Matthew Little and Carrie Harbidge ,,Cam Gillies,river
4951,WLNP,Summit Lake,,128,2011,7,28,1,07:39,Recording ,5,EI Monitoring,5.6,partly cloudy,0,,,Good,Matthew Little and Carrie Harbidge ,,Cam Gillies,
4952,WLNP,Summit Lake,,129,2011,7,28,1,08:05,Recording ,6,EI Monitoring,6.5,partly cloudy,1.9,,,Good,Matthew Little and Carrie Harbidge ,,Cam Gillies,
4953,WLNP,Cardston Entrance,,550,2011,6,22,1,05:32,Recording ,1,EI Monitoring,10.2,partly cloudy,4,,,Good,"Matthew Little and Carrie Harbidge, Emily Upham-Mills","cows in distance, car drove past at 10:28-11:16, 11:27-11:54",Cam Gillies,wind
4954,WLNP,Cardston Entrance,,551,2011,6,22,1,05:57,Recording ,2,EI Monitoring,8.2,partly cloudy,2.6,,,Good,"Matthew Little and Carrie Harbidge, Emily Upham-Mills","cattle in distance, pause at 11:52 for cars",Cam Gillies,
4955,WLNP,Cardston Entrance,,552,2011,6,22,1,06:22,Recording ,3,EI Monitoring,8.8,partly cloudy,3.3,,,Good,"Matthew Little and Carrie Harbidge, Emily Upham-Mills","pause at 1:14, 2:29, 5:28 for cars",Cam Gillies,
4956,WLNP,Cardston Entrance,,553,2011,6,22,1,06:49,Recording ,4,EI Monitoring,9.5,partly cloudy,2.2,,,Good,"Matthew Little and Carrie Harbidge, Emily Upham-Mills","pause at 3:08, 6:37, 8:16, 9:57; ground squirrel",Cam Gillies,
4957,WLNP,Cardston Entrance,,554,2011,6,22,1,07:18,Recording ,5,EI Monitoring,12.8,partly cloudy,1.5,,,Good,"Matthew Little and Carrie Harbidge, Emily Upham-Mills",,Cam Gillies,static
4958,WLNP,Cardston Entrance,,555,2011,6,22,1,07:40,Recording ,6,EI Monitoring,13.9,partly cloudy,3.5,,,Good,"Matthew Little and Carrie Harbidge, Emily Upham-Mills",,Cam Gillies,static
4959,WLNP,Cardston Entrance,,556,2011,6,22,1,08:06,Recording ,7,EI Monitoring,13.3,partly cloudy,3.7,,,Good,"Matthew Little and Carrie Harbidge, Emily Upham-Mills",,Cam Gillies,
4960,WLNP,Cardston Entrance,,557,2011,6,22,1,08:30,Recording ,8,EI Monitoring,15.8,clear,2.5,,,Good,"Matthew Little and Carrie Harbidge, Emily Upham-Mills",,Cam Gillies,
4961,WLNP,Crandell Lake,,100,2011,6,15,1,05:50,Recording ,1,EI Monitoring,12.1,clear,2.8,,,Good,Matthew Little and Carrie Harbidge ,Deer walked near site,Cam Gillies,
4962,WLNP,Crandell Lake,,101,2011,6,15,1,06:18,Recording ,2,EI Monitoring,7.7,clear,1.1,,,Moderate,Matthew Little and Carrie Harbidge ,creek ~100m,Cam Gillies,river
4963,WLNP,Crandell Lake,,102,2011,6,15,1,06:46,Recording ,3,EI Monitoring,7.8,clear,0,,,Moderate,Matthew Little and Carrie Harbidge ,creek ~100m E,Cam Gillies,river
4964,WLNP,Crandell Lake,,103,2011,6,15,1,07:15,Recording ,4,EI Monitoring,7.6,clear,2.3,,,Poor,Matthew Little and Carrie Harbidge ,creek ~100m W,Cam Gillies,river
4965,WLNP,Crandell Lake,,104,2011,6,15,1,07:45,Recording ,5,EI Monitoring,9.2,clear,1.5,,,Good,Matthew Little and Carrie Harbidge ,,Cam Gillies,
4966,WLNP,Crandell Lake,,105,2011,6,15,1,08:15,Recording ,6,EI Monitoring,10,partly cloudy,1.3,,,Good,Matthew Little and Carrie Harbidge ,,Cam Gillies,
4967,WLNP,Akamina,,90,2011,7,6,1,05:45,Recording ,1,EI Monitoring,14.8,clear,0,,,Good,Matthew Little and Carrie Harbidge ,,Cam Gillies,river
4968,WLNP,Akamina,,91,2011,7,6,1,06:14,Recording ,2,EI Monitoring,8.8,clear,0.9,,,Good,Matthew Little and Carrie Harbidge ,rebar missing,Cam Gillies,river
4969,WLNP,Akamina,,92,2011,7,6,1,06:44,Recording ,4,EI Monitoring,10.5,clear,0,,,Moderate,Matthew Little and Carrie Harbidge ,,Cam Gillies,river
4970,WLNP,Akamina,,93,2011,7,6,1,07:15,Recording ,5,EI Monitoring,6.3,clear,0,,,Good,Matthew Little and Carrie Harbidge ,,Cam Gillies,river
4971,WLNP,Akamina,,94,2011,7,6,1,07:42,Recording ,6,EI Monitoring,9.6,clear,0,,,Good,Matthew Little and Carrie Harbidge ,missing stake,Cam Gillies,river
4972,WLNP,Akamina,,95,2011,7,6,1,08:10,Recording ,7,EI Monitoring,10.1,clear,0,,,Good,Matthew Little and Carrie Harbidge ,,Cam Gillies,river
7116,WLNP,Crandell Lake,,105,2013,6,7,1,07:54,Recording,6,EI Monitoring,13,Broken,0,,,Good,H. Mahoney and K. Isherwood,Humidity = 77.5 %,,
7117,WLNP,Akamina,,91,2013,7,5,1,05:58,Recording,1,EI Monitoring,11.2,Overcast,0,,,Good,"H. Mahoney, K. Isherwood and K. MacAulay",Humidity = 82.0%; red squirrels,,
7118,WLNP,Akamina,,90,2013,7,5,1,08:44,Recording,6,EI Monitoring,11.5,Overcast,0,,,Good,"H. Mahoney, K. Isherwood and K. MacAulay",Humidity = 87.3%; stomach rumbling,,
7710,WLNP,Akamina,,92,2013,7,5,1,06:25,Recording,2,EI Monitoring,11.3,Overcast,0,,,Good,"H. Mahoney, K. Isherwood and K. MacAulay",Humidity = 84.6%,,
7844,WLNP,Akamina,,93,2013,7,5,1,06:53,Recording,3,EI Monitoring,10.3,Overcast,0,,,Good,"H. Mahoney, K. Isherwood and K. MacAulay",Humidity = 87.5%,,
7928,WLNP,Akamina,,94,2013,7,5,1,07:27,Recording,4,EI Monitoring,10.6,Overcast,0,,,Good,"H. Mahoney, K. Isherwood and K. MacAulay",Humidity = 89.3%,,
39200761,WLNP,Lower Mount Crandell,,21,2013,6,18,1,07:43,Recording,5,EI Monitoring,12.7,Scattered,1,,,Good,K. MacAulay and H. Mahoney,Humidity = 71.7%,,
39200762,WLNP,Lower Mount Crandell,,22,2013,6,18,1,08:09,Recording,7,EI Monitoring,15,Clear,0,,,Good,K. MacAulay and H. Mahoney,Humidity = 71.7%; highway and machinery nearby,,
39200763,WLNP,Lower Mount Crandell,,23,2013,6,18,1,08:33,Recording,8,EI Monitoring,17.2,Clear,0,,,Good,K. MacAulay and H. Mahoney,Humidity = 69.59%; machinery in background,,
39200764,WLNP,Lower Mount Crandell,,24,2013,6,18,1,08:58,Recording,9,EI Monitoring,17.5,Clear,0,,,Good,K. MacAulay and H. Mahoney,"Humidity = 62.0%; fly landed on mic, distant voices",,
39200765,WLNP,Lower Mount Crandell,,70,2013,6,18,1,09:28,Recording,10,EI Monitoring,21,Clear,1.2,,,Good,K. MacAulay and H. Mahoney,"Humidity = 54.8%; car drove by, lots of flies",,
39200766,WLNP,Lower Mount Crandell,,71,2013,6,18,1,09:54,Recording,11,EI Monitoring,21,Clear,1.8,,,Good,K. MacAulay and H. Mahoney,Humidity = 55.5%,,
39200767,WLNP,Lower Mount Crandell,,72,2013,6,18,1,10:20,Recording,12,EI Monitoring,20.3,Clear,0,,,Poor,K. MacAulay and H. Mahoney,Humidity = 63.9%; beside noisy creek,,
39200768,WLNP,Horseshoe Basin,,41,2013,6,10,1,05:15,Recording,1,EI Monitoring,4.5,Scattered,0,,,Good,K. MacAulay and K. Isherwood,"Humidity = 88.2% ; cows calling in distance ; said B4, actually B2",,
39200769,WLNP,Horseshoe Basin,,42,2013,6,10,1,05:44,Recording,2,EI Monitoring,3.4,Scattered,0,,,Good,K. MacAulay and K. Isherwood,"Humidity = 90.7% ; Cows calling in distance ; stomach grumbling ; Coyotes calling in distance ; said B4, actually B2",,
39200770,WLNP,Horseshoe Basin,,43,2013,6,10,1,06:08,Recording,3,EI Monitoring,3.8,Scattered,2.4,,,Moderate,K. MacAulay and K. Isherwood,"Humidity = 91% ; cows calling in distance ; coyotes calling in distance ; Said B4, actually B2",,
39200771,WLNP,Horseshoe Basin,,44,2013,6,10,1,06:32,Recording,4,EI Monitoring,10.3,Scattered,1.2,,,Good,K. MacAulay and K. Isherwood,"Humidity = 81.1% ; Cows Calling in distance ; Elk callingin distance ; Said B4, actually B2",,
39200772,WLNP,Horseshoe Basin,,45,2013,6,24,1,09:10,Recording,1,EI Monitoring,15.4,Overcast,0,,,Good,K. MacAulay and K. Isherwood,Humidity = 83.6% ; light rain throughout recording ; plane flew overhead,,
39200773,WLNP,Horseshoe Basin,,46,2013,6,10,1,06:59,Recording,5,EI Monitoring,8.4,Scattered,1.6,,,Good,K. MacAulay and K. Isherwood,Humidity = 82.7% ; White-tailed Deer stomping and snorting,,
39200774,WLNP,Horseshoe Basin,,47,2013,6,10,1,07:30,Recording,6,EI Monitoring,15.7,Overcast,1.2,,,Good,K. MacAulay and K. Isherwood,Humidity = 77.3% ; Coyotes calling in distance ; Cows Calling in distance ; airplane flew overhead,,
39200775,WLNP,Horseshoe Basin,,48,2013,6,10,1,08:00,Recording,7,EI Monitoring,9.8,Overcast,1.1,,,Good,K. MacAulay and K. Isherwood,Humidity = 82.6% ; Airplane flew overhead,,
39200776,WLNP,Horseshoe Basin,,49,2013,6,10,1,08:30,Recording,8,EI Monitoring,9.2,Scattered,1.2,,,Good,K. MacAulay and K. Isherwood,Humidity = 77.5% ,,
39200777,WLNP,Horseshoe Basin,,50,2013,6,10,1,09:00,Recording,9,EI Monitoring,12.2,Scattered,1.3,,,Good,K. MacAulay and K. Isherwood,Humidity = 70.8%,,
39200778,WLNP,Prairie Trail,,575,2013,6,4,1,05:52,Recording,1,EI Monitoring,2.2,Clear,0,,,Good,H. Mahoney and K. Isherwood,Humidity = 81.1% ,,
39200779,WLNP,Prairie Trail,,576,2013,6,4,1,06:30,Recording,2,EI Monitoring,2.7,Clear,0,,,Good,H. Mahoney and K. Isherwood,Humidity = 88.1% ,,
39200780,WLNP,Prairie Trail,,577,2013,6,4,1,07:01,Recording,3,EI Monitoring,8.8,Clear,0.9,,,Good,H. Mahoney and K. Isherwood,Humidity = 77.4%,,
39200781,WLNP,Prairie Trail,,578,2013,6,4,1,07:31,Recording,4,EI Monitoring,10.5,Clear,1.1,,,Good,H. Mahoney and K. Isherwood,Humidity = 73.8% ; waterfalls in background,,
39200782,WLNP,Prairie Trail,,579,2013,6,4,1,07:56,Recording,5,EI Monitoring,9.5,Clear,1.2,,,Good,H. Mahoney and K. Isherwood,Humidity = 28.6%,,
39200783,WLNP,Prairie Trail,,580,2013,6,4,1,08:22,Recording,6,EI Monitoring,9.5,Clear,1.7,,,Good,H. Mahoney and K. Isherwood,Humidity = 75.6%,,
39200784,WLNP,Prairie Trail,,581,2013,6,4,1,08:45,Recording,7,EI Monitoring,9.8,Clear,5.5,,,Good,H. Mahoney and K. Isherwood,Humidity = 77.2%,,
39200785,WLNP,Prairie Trail,,582,2013,6,4,1,09:08,Recording,8,EI Monitoring,10.7,Clear,4.3,,,Good,H. Mahoney and K. Isherwood,Humidity = 53.8%,,
39200786,WLNP,Prairie Trail,,583,2013,6,4,1,09:31,Recording,9,EI Monitoring,11.3,Clear,4.8,,,Good,H. Mahoney and K. Isherwood,Humidity = 61.2%,,
39200787,WLNP,Prairie Trail,,584,2013,6,19,1,05:56,Recording,13,EI Monitoring,10.9,Overcast,1.8,,,Good,K. MacAulay and H. Mahoney,"Humidity = 55.5%; dictated wrong point on recording (0584 not 0574), light rain for last 2 min; 2nd attempt at recording, first obs date was too windy",,
39200788,WLNP,Wishbone Trail,,33,2013,6,28,1,05:32,Recording,1,EI Monitoring,12.3,Scattered,0,,,Good,K. MacAulay and H. Mahoney,Humidity = 76.7%; 2 cars drove past,,
39200789,WLNP,Wishbone Trail,,34,2013,6,28,1,05:57,Recording,2,EI Monitoring,9.7,Scattered,0,,,Good,K. MacAulay and H. Mahoney,Humidity = 88.2% ; cars drove past,,
39200790,WLNP,Wishbone Trail,,35,2013,6,28,1,06:27,Recording,3,EI Monitoring,15.6,Scattered,0,,,Good,K. MacAulay and H. Mahoney,"Humidity = 82.4%; wind at top of aspen, elk calling, voices in distance",,
39200791,WLNP,Wishbone Trail,,36,2013,7,1,1,07:47,Recording,,EI Monitoring,17,Clear,0,,,Good,K. MacAulay and H. Mahoney,"Humidity = 85.1%, elk calling, cars driving by",,
39200792,WLNP,Wishbone Trail,,37,2013,7,1,1,08:16,Recording,,EI Monitoring,17.4,Clear,0,,,Good,K. MacAulay and H. Mahoney,"Humidity = 83.8%; group of bikers passed, car drove by",,
39200793,WLNP,Wishbone Trail,,38,2013,7,1,1,08:40,Recording,,EI Monitoring,21.5,Clear,0,,,Good,K. MacAulay and H. Mahoney,Humidity = 85.4%; car drove by,,
39200794,WLNP,Wishbone Trail,,39,2013,7,1,1,09:06,Recording,,EI Monitoring,23.1,Clear,0,,,Good,K. MacAulay and H. Mahoney,Humidity = 79.3%,,
39200795,WLNP,Wishbone Trail,,40,2013,7,1,1,09:35,Recording,,EI Monitoring,22.5,Clear,0,,,Good,K. MacAulay and H. Mahoney,"Humidity = 76.8%; ground squirrel squeak, elk calling",,
39200796,WLNP,Wishbone Trail,,60,2013,7,1,1,10:00,Recording,,EI Monitoring,22.1,Clear,0,,,Good,K. MacAulay and H. Mahoney,"Humidity = 87.5%; encountered bear, stomach rumbling, ~8 min recording",,recoding ended at 7:13 due to bear
39200797,WLNP,Wishbone Trail,,61,2013,7,1,1,10:22,Recording,,EI Monitoring,23,Clear,0,,,Good,K. MacAulay and H. Mahoney,"Humidity = 79.6%; radio went off, stomach rumbling",,
39200798,WLNP,Sofa Mountain,,25,2013,6,12,1,05:10,Recording,1,EI Monitoring,3.2,Scattered,0,,,Good,K. MacAulay and K. Isherwood,Humidity = 87.49% ; car drove by,,
39200799,WLNP,Sofa Mountain,,26,2013,6,12,1,05:35,Recording,2,EI Monitoring,2.8,Clear,0,,,Good,K. MacAulay and K. Isherwood,Humidity = 94.19%,,
39200800,WLNP,Sofa Mountain,,27,2013,6,13,1,05:18,Recording,1,EI Monitoring,7.1,Overcast,0,,,Good,K. MacAulay and K. Isherwood,Humidity = 73.5% ; light rain during parts of recording; ,,
39200801,WLNP,Sofa Mountain,,28,2013,6,13,1,05:42,Recording,2,EI Monitoring,6.7,Overcast,0,,,Good,K. MacAulay and K. Isherwood,Humidity = 69.4% ,,
39200802,WLNP,Sofa Mountain,,29,2013,6,13,1,06:07,Recording,3,EI Monitoring,6.5,Overcast,0,,,Good,K. MacAulay and K. Isherwood,Humidity = 77.4% ; Cows Calling in distance ; Possible stomach noises,,
39200803,WLNP,Sofa Mountain,,30,2013,6,13,1,06:35,Recording,4,EI Monitoring,6.8,Overcast,0,,,Good,K. MacAulay and K. Isherwood,Humidity = 68.1%,,
39200804,WLNP,Sofa Mountain,,31,2013,6,13,1,07:00,Recording,5,EI Monitoring,9.3,Overcast,0,,,Good,K. MacAulay and K. Isherwood,Humidity = 74.2% ; Car Drove past,,
39200805,WLNP,Sofa Mountain,,32,2013,6,13,1,07:25,Recording,6,EI Monitoring,7.8,Overcast,0,,,Good,K. MacAulay and K. Isherwood,Humidity = 70.5% ,,
39200806,WLNP,Sofa Mountain,,80,2013,6,13,1,07:51,Recording,7,EI Monitoring,7.8,Overcast,0,,,Good,K. MacAulay and K. Isherwood,Humidity = 80.3% ; light rain throughout recording,,announced as point 80
39200807,WLNP,Sofa Mountain,,81,2013,6,13,1,08:14,Recording,8,EI Monitoring,8.2,Scattered,0,,,Good,K. MacAulay and K. Isherwood,Humidity = 73.1% ; Airplane ; sofa waterfall in background,,announced as point 81
39200808,WLNP,Yarrow Cabin Trail,,567,2013,6,17,1,05:35,Recording,1,EI Monitoring,5.9,Clear,0,,,Good,K. MacAulay and K. Isherwood,Humidity = 83.7% ; Yarrow Creek in Background,,
39200809,WLNP,Yarrow Cabin Trail,,568,2013,6,17,1,05:57,Recording,2,EI Monitoring,5.4,Clear,0,,,Moderate,K. MacAulay and K. Isherwood,"Humidity = 86.0% ; Nearby stream ; transect nujmber dictated incorrectly (said B5, not B6)",,
39200810,WLNP,Yarrow Cabin Trail,,569,2013,6,17,1,06:20,Recording,3,EI Monitoring,5.9,Clear,1,,,Good,K. MacAulay and K. Isherwood,Humidity = 88.4% ; Red Squirrell at 3:30,,
39200811,WLNP,Yarrow Cabin Trail,,570,2013,6,17,1,06:42,Recording,4,EI Monitoring,7,Clear,0,,,Good,K. MacAulay and K. Isherwood,Humidity = 87.7% ,,
39200812,WLNP,Yarrow Cabin Trail,,571,2013,6,17,1,07:04,Recording,5,EI Monitoring,7.7,Scattered,1.5,,,Good,K. MacAulay and K. Isherwood,Humidity = 90.9%,,
39200813,WLNP,Yarrow Cabin Trail,,572,2013,6,17,1,07:25,Recording,6,EI Monitoring,7.9,Scattered,0,,,Good,K. MacAulay and K. Isherwood,Humidity = 91.5%,,
39200814,WLNP,Yarrow Cabin Trail,,573,2013,6,17,1,07:48,Recording,7,EI Monitoring,7.9,Scattered,0,,,Good,K. MacAulay and K. Isherwood,Humidity = 91.8% ; Plane flew overhead,,
39200815,WLNP,Yarrow Cabin Trail,,574,2013,6,17,1,08:12,Recording,8,EI Monitoring,9.4,Scattered,0,,,Good,K. MacAulay and K. Isherwood,Humidity = 91.6%,,
39200816,WLNP,Yarrow Cabin Trail,,590,2013,6,17,1,08:38,Recording,9,EI Monitoring,17.2,Scattered,1.1,,,Good,K. MacAulay and K. Isherwood,"Humidity = 70.4% ; track number dictated incorrectly (said 008, not 009)",,
39200817,WLNP,Yarrow Cabin Trail,,591,2013,6,17,1,09:03,Recording,10,EI Monitoring,13.3,Scattered,0,,,Good,K. MacAulay and K. Isherwood,Humidity = 75.1% ; Red Squirrel ; Plane flew overhead,,
39200818,WLNP,Cameron Lake,,1,2013,7,3,1,06:06,Recording,2,EI Monitoring,17.7,Clear,2,,,Good,"H. Mahoney, K. Isherwood and K. MacAulay",Humidity = 65.7%; said wrong track number,,
39200819,WLNP,Cameron Lake,,3,2013,7,3,1,06:40,Recording,3,EI Monitoring,17.9,Clear,0,,,Good,"H. Mahoney, K. Isherwood and K. MacAulay","Humidity = 71.1%; radio went off, track number dictated incorrectly",,
39200820,WLNP,Cameron Lake,,4,2013,7,3,1,07:03,Recording,4,EI Monitoring,19.5,Clear,1.6,,,Good,"H. Mahoney, K. Isherwood and K. MacAulay",Humidity = 60.3%; tree creaking,,
39200821,WLNP,Cameron Lake,,5,2013,7,3,1,07:28,Recording,5,EI Monitoring,19,Clear,1.8,,,Moderate,"H. Mahoney, K. Isherwood and K. MacAulay",Humidity = 60.9%; moved ~30m further trail to get away from loud stream,,
39200822,WLNP,Cameron Lake,,6,2013,7,3,1,07:51,Recording,6,EI Monitoring,19.5,Clear,2,,,Good,"H. Mahoney, K. Isherwood and K. MacAulay",Humidity = 57.6%,,
39200823,WLNP,Cameron Lake,,124,2013,7,3,1,08:20,Recording,7,EI Monitoring,17.9,Clear,1.3,,,Poor,"H. Mahoney, K. Isherwood and K. MacAulay",Humidity = 62.8%; radio went off,,
39200824,WLNP,Summit Lake,,9,2013,7,3,1,08:51,Recording,8,EI Monitoring,17.6,Clear,0.9,,,Moderate,"H. Mahoney, K. Isherwood and K. MacAulay",Humidity = 68.5%; stream in background,,
39200825,WLNP,Summit Lake,,11,2013,7,3,1,09:21,Recording,9,EI Monitoring,21.5,Clear,2.1,,,Poor,"H. Mahoney, K. Isherwood and K. MacAulay","Humidity = 58.8%; near small seasonal stream, track number dictated incorrectly",,
39200826,WLNP,Summit Lake,,12,2013,7,3,1,09:35,Recording,10,EI Monitoring,21.9,Clear,1.3,,,Good,"H. Mahoney, K. Isherwood and K. MacAulay",Humidity = 39.0%; rebar is wrong point number; waterbottle squeak,,
39200827,WLNP,Summit Lake,,125,2013,7,3,1,10:06,Recording,11,EI Monitoring,22.4,Clear,2.3,,,Good,"H. Mahoney, K. Isherwood and K. MacAulay",Humidity = 49.7%,,
39200828,WLNP,Summit Lake,,126,2013,7,4,1,07:08,Recording,2,EI Monitoring,7.9,Clear,0,,,Moderate,H. Mahoney and K. MacAulay,Humidity = 92.1%; human bear call,,
39200829,WLNP,Summit Lake,,127,2013,7,4,1,07:36,Recording,3,EI Monitoring,12.1,Clear,0.9,,,Moderate,H. Mahoney and K. MacAulay,"Humidity = 80.6%; waterfall in background, noise of swatting mosquitos, said wrong track number",,
39200830,WLNP,Summit Lake,,15,2013,7,4,1,08:15,Recording,4,EI Monitoring,14.8,Clear,1,,,Moderate,H. Mahoney and K. MacAulay,Humidity = 60.3%,,
39200831,WLNP,Summit Lake,,16,2013,7,4,1,08:40,Recording,5,EI Monitoring,14.6,Clear,0,,,Good,"H. Mahoney, K. Isherwood and K. MacAulay",Humidity = 67.9%,,
39200832,WLNP,Summit Lake,,120,2013,7,4,1,09:04,Recording,6,EI Monitoring,18.4,Clear,2.2,,,Good,"H. Mahoney, K. Isherwood and K. MacAulay",Humidity = 49.0%,,
39200833,WLNP,Summit Lake,,121,2013,7,4,1,09:26,Recording,7,EI Monitoring,26,Clear,1.1,,,Good,"H. Mahoney, K. Isherwood and K. MacAulay",Humidity = 42.4%; helicopter in background,,
39200834,WLNP,Summit Lake,,122,2013,7,4,1,09:48,Recording,8,EI Monitoring,22.3,Clear,1.1,,,Good,"H. Mahoney, K. Isherwood and K. MacAulay",Humidity = 41.6%; helicopter in background,,
39200835,WLNP,Summit Lake,,123,2013,7,4,1,10:09,Recording,9,EI Monitoring,21.9,Clear,1.8,,,Good,"H. Mahoney, K. Isherwood and K. MacAulay",Humidity = 43.1%,,
39200836,WLNP,Summit Lake,,128,2013,7,4,1,10:38,Recording,10,EI Monitoring,22.3,Clear,1.3,,,Good,"H. Mahoney, K. Isherwood and K. MacAulay",Humidity = 41.3%,,
39200837,WLNP,Summit Lake,,129,2013,7,4,1,11:04,Recording,11,EI Monitoring,20.2,Clear,9.7,,,Moderate,"H. Mahoney, K. Isherwood and K. MacAulay",Humidity = 39.1%; noise from Kestral device,,
39200838,WLNP,Cardston Entrance,,550,2013,6,6,1,05:20,Recording,1,EI Monitoring,4.2,Scattered,1.3,,,Good,H. Mahoney and K. Isherwood,"Humidity = 90.1% ; elk calling in distance, livestock nearby, close to rd (no cars passed).",,
39200839,WLNP,Cardston Entrance,,551,2013,6,6,1,05:55,Recording,2,EI Monitoring,6.72,Scattered,0,,,Good,H. Mahoney and K. Isherwood,"Humidity = 91% ; cows calling in background, a few cars passed on rd.",,
39200840,WLNP,Cardston Entrance,,552,2013,6,6,1,06:20,Recording,3,EI Monitoring,8.33,Scattered,0,,,Good,H. Mahoney and K. Isherwood,Humidity = 81.1% ; cows calling and cars passing.,,
39200841,WLNP,Cardston Entrance,,553,2013,6,6,1,06:51,Recording,4,EI Monitoring,16.6,Scattered,0,,,Good,H. Mahoney and K. Isherwood,Humidity = 79.7% ; cows calling and cars passing.,,
39200842,WLNP,Cardston Entrance,,554,2013,6,6,1,07:17,Recording,5,EI Monitoring,10.1,Scattered,1.6,,,Good,H. Mahoney and K. Isherwood,"Humidity = 79.4% ; cows calling and cars passing, horn honk at 6:30.",,
39200843,WLNP,Cardston Entrance,,555,2013,6,6,1,07:43,Recording,7,EI Monitoring,12,Scattered,2.4,,,Good,H. Mahoney and K. Isherwood,"Humidity = 71.9% ; Ground squirerls in background, possible technician conversation,",,
39200844,WLNP,Cardston Entrance,,556,2013,6,6,1,08:22,Recording,8,EI Monitoring,16.3,Scattered,2.7,,,Good,H. Mahoney and K. Isherwood,"Humidity = 61.7% ; Ground squirrels present and squeaking, Kevin's phone beeped near end of recording.",,
39200845,WLNP,Cardston Entrance,,557,2013,6,6,1,08:50,Recording,9,EI Monitoring,17.9,Scattered,1.9,,,Good,H. Mahoney and K. Isherwood,"Humidity = 53.3% ; Ground squirrels squeaking, rocks being thrown, possible stomach noises. ",,
39200846,WLNP,Crandell Lake,,100,2013,6,7,1,05:29,Recording,1,EI Monitoring,13.72,Overcast,0.9,,,Good,H. Mahoney and K. Isherwood,Humidity = 71.1 % ,,
39200847,WLNP,Crandell Lake,,101,2013,6,7,1,05:57,Recording,2,EI Monitoring,14.4,Overcast,1.3,,,Good,H. Mahoney and K. Isherwood,Humidity = 59.8 % ,,
39200848,WLNP,Crandell Lake,,102,2013,6,7,1,06:30,Recording,3,EI Monitoring,14.1,Overcast,1.9,,,Good,H. Mahoney and K. Isherwood,Humidity = 66.5 % ; cell phone drop ~ 10 min,,
39200849,WLNP,Crandell Lake,,103,2013,6,7,1,06:59,Recording,4,EI Monitoring,13.3,Broken,0,,,Poor,H. Mahoney and K. Isherwood,Humidity = 76.7 % ; It is recommended that this point be done when stream is lower (mid-June) or to wait a few days after a big rainfall.,,
39200850,WLNP,Crandell Lake,,104,2013,6,7,1,07:26,Recording,5,EI Monitoring,16.3,Broken,1,,,Good,H. Mahoney and K. Isherwood,Humidity = 82.1 %,,
39200968,WLNP,Lower Mount Crandell,,18,2013,6,18,1,06:14,Recording,2,EI Monitoring,7.7,Scattered,0.9,,,Good,K. MacAulay and H. Mahoney,Humidity = 88.7%; possible stomach rumbling,,
39200969,WLNP,Lower Mount Crandell,,19,2013,6,18,1,06:42,Recording,3,EI Monitoring,10.9,Scattered,1.2,,,Good,K. MacAulay and H. Mahoney,Humidity = 87.4%; road and sprinklers in background,,
39200970,WLNP,Lower Mount Crandell,,20,2013,6,18,1,07:13,Recording,4,EI Monitoring,12.3,Scattered,1.8,,,Good,K. MacAulay and H. Mahoney,Humidity = 81.7%; cars driving by,,
39203792,WLNP,Akamina,,95,2013,7,5,1,07:53,Recording,5,EI Monitoring,11.8,Overcast,0,,,Good,"H. Mahoney, K. Isherwood and K. MacAulay",Humidity = 86.5%,,
39204284,WLNP,Cameron Lake,,1,2012,7,6,1,07:35,Recording,4,EI Monitoring,6.7,clear,0,,,Moderate,Hardesty,,Cam Gillies,
39204285,WLNP,Cameron Lake,,3,2012,7,6,1,08:01,Recording,5,EI Monitoring,8.6,clear,1,,,Good,Hardesty,,Cam Gillies,
39204286,WLNP,Cameron Lake,,4,2012,7,6,1,08:22,Recording,6,EI Monitoring,8.4,clear,0,,,Good,Hardesty,,Cam Gillies,
39204287,WLNP,Cameron Lake,,5,2012,7,6,1,08:45,Recording,7,EI Monitoring,7.6,clear,1,,,Poor,Hardesty,,Cam Gillies,no birds detected
39204288,WLNP,Cameron Lake,,6,2012,7,6,1,09:12,Recording,8,EI Monitoring,10,clear,1.9,,,Moderate,Hardesty,,Cam Gillies,
39204289,WLNP,Summit Lake,,9,2012,7,10,1,05:07,Recording,1,EI Monitoring,14.7,clear,0,,,Poor,Hardesty,,Cam Gillies,
39204290,WLNP,Summit Lake,,11,2012,7,10,1,05:33,Recording,2,EI Monitoring,14.9,clear,1.2,,,Moderate,Hardesty,,Cam Gillies,
39204291,WLNP,Summit Lake,,12,2012,7,10,1,05:54,Recording,3,EI Monitoring,14.6,clear,1.3,,,Good,Hardesty,,Cam Gillies,
39204292,WLNP,Summit Lake,,15,2012,7,10,1,06:36,Recording,5,EI Monitoring,12.4,clear,3.3,,,Moderate,Hardesty,,Cam Gillies,
39204293,WLNP,Summit Lake,,16,2012,7,10,1,06:56,Recording,6,EI Monitoring,12.9,clear,0.8,,,Good,Hardesty,,Cam Gillies,
39204294,WLNP,Lower Mount Crandell,,18,2012,6,12,1,05:19,Recording,1,EI Monitoring,9.3,clear,1.1,,,Good,Hardesty Sylvester,,Cam Gillies,
39204295,WLNP,Lower Mount Crandell,,19,2012,6,12,1,05:40,Recording,2,EI Monitoring,11.2,clear,4.5,,,Good,Hardesty Sylvester,,Cam Gillies,
39204296,WLNP,Lower Mount Crandell,,20,2012,6,28,1,06:11,Recording,1,EI Monitoring,11.3,clear,1.7,,,Good,Hardesty Sylvester,,Cam Gillies,
39204297,WLNP,Lower Mount Crandell,,21,2012,6,28,1,06:34,Recording,2,EI Monitoring,10.2,clear,0,,,Good,Hardesty Sylvester,,Cam Gillies,
39204298,WLNP,Lower Mount Crandell,,22,2012,6,28,1,06:56,Recording,3,EI Monitoring,12,clear,0.9,,,Good,Hardesty Sylvester,,Cam Gillies,
39204299,WLNP,Lower Mount Crandell,,23,2012,6,28,1,07:18,Recording,4,EI Monitoring,11.9,clear,1.6,,,Good,Hardesty Sylvester,,Cam Gillies,
39204300,WLNP,Lower Mount Crandell,,24,2012,6,28,1,07:42,Recording,5,EI Monitoring,13.3,clear,0,,,Good,Hardesty Sylvester,,Cam Gillies,
39204301,WLNP,Sofa Mountain,,25,2012,6,8,1,05:00,Recording,1,EI Monitoring,13.1,overcast,0,,,Good,Hardesty Sylvester,,Cam Gillies,
39204302,WLNP,Sofa Mountain,,26,2012,6,8,1,05:20,Recording,2,EI Monitoring,9.1,overcast,0,,,Good,Hardesty Sylvester,,Cam Gillies,
39204303,WLNP,Sofa Mountain,,27,2012,6,8,1,05:43,Recording,3,EI Monitoring,18,overcast,0.9,,,Good,Hardesty Sylvester,,Cam Gillies,
39204304,WLNP,Sofa Mountain,,28,2012,6,8,1,06:06,Recording,4,EI Monitoring,8.6,overcast,1.7,,,Good,Hardesty Sylvester,,Cam Gillies,
39204305,WLNP,Sofa Mountain,,29,2012,6,12,1,06:47,Recording,3,EI Monitoring,12.9,clear,2.5,,,Good,Hardesty Sylvester,,Cam Gillies,
39204306,WLNP,Sofa Mountain,,30,2012,6,8,1,06:51,Recording,6,EI Monitoring,7.2,overcast,0,,,Good,Hardesty Sylvester,,Cam Gillies,
39204307,WLNP,Sofa Mountain,,31,2012,6,23,1,05:46,Recording,1,EI Monitoring,14.2,overcast,0,,,Good,Ema Sylvester & Evans,,Cam Gillies,
39204308,WLNP,Sofa Mountain,,32,2012,6,23,1,06:17,Recording,2,EI Monitoring,10.8,obscured,3.6,,,Good,Ema Sylvester & Evans,,Cam Gillies,
39204309,WLNP,Wishbone Trail,,33,2012,6,5,1,04:56,Recording,1,EI Monitoring,17.5,overcast,0,,,Good,Hardesty Sylvester,,Cam Gillies,
39204310,WLNP,Wishbone Trail,,34,2012,6,5,1,05:17,Recording,2,EI Monitoring,15.3,overcast,0.9,,,Good,Hardesty Sylvester,,Cam Gillies,
39204311,WLNP,Wishbone Trail,,35,2012,6,5,1,05:37,Recording,4,EI Monitoring,16.9,overcast,1.2,,,Good,Hardesty Sylvester,,Cam Gillies,"""observer said 5:17 am (same a previous point)"
39204312,WLNP,Wishbone Trail,,36,2012,6,5,1,05:56,Recording,5,EI Monitoring,14.5,overcast,1,,,Good,Hardesty Sylvester,,Cam Gillies,
39204313,WLNP,Wishbone Trail,,37,2012,6,5,1,06:15,Recording,6,EI Monitoring,16.4,overcast,0,,,Good,Hardesty Sylvester,,Cam Gillies,
39204314,WLNP,Wishbone Trail,,38,2012,6,5,1,06:40,Recording,7,EI Monitoring,15.1,overcast,0,,,Good,Hardesty Sylvester,,Cam Gillies,
39204315,WLNP,Wishbone Trail,,39,2012,6,5,1,06:58,Recording,8,EI Monitoring,14.6,overcast,0,,,Good,Hardesty Sylvester,,Cam Gillies,
39204316,WLNP,Wishbone Trail,,40,2012,6,5,1,07:18,Recording,9,EI Monitoring,15.7,overcast,0,,,Good,Hardesty Sylvester,,Cam Gillies,
39204317,WLNP,Horseshoe Basin,,41,2012,6,29,1,06:22,Recording,3,EI Monitoring,15.9,broken,1.7,,,Good,Hardesty Sylvester,,Cam Gillies,
39204318,WLNP,Horseshoe Basin,,42,2012,6,29,1,06:45,Recording,4,EI Monitoring,14.8,broken,0,,,Good,Hardesty Sylvester,,Cam Gillies,
39204319,WLNP,Horseshoe Basin,,43,2012,6,29,1,07:09,Recording,5,EI Monitoring,16,broken,0.7,,,Good,Hardesty Sylvester,,Cam Gillies,
39204320,WLNP,Horseshoe Basin,,44,2012,6,29,1,07:33,Recording,6,EI Monitoring,18.7,broken,0.8,,,Good,Hardesty Sylvester,,Cam Gillies,
39204321,WLNP,Horseshoe Basin,,45,2012,6,30,1,05:56,Recording,1,EI Monitoring,15.7,clear,0,,,Good,Ema Sylvester & Evans,,Cam Gillies,
39204322,WLNP,Horseshoe Basin,,46,2012,6,30,1,06:22,Recording,2,EI Monitoring,16.6,clear,0.8,,,Good,Ema Sylvester & Evans,,Cam Gillies,
39204323,WLNP,Horseshoe Basin,,47,2012,6,30,1,06:56,Recording,3,EI Monitoring,18.2,clear,0.9,,,Good,Ema Sylvester & Evans,,Cam Gillies,
39204324,WLNP,Horseshoe Basin,,48,2012,6,30,1,07:20,Recording,4,EI Monitoring,19.7,clear,0,,,Good,Ema Sylvester & Evans,,Cam Gillies,
39204325,WLNP,Horseshoe Basin,,49,2012,6,30,1,07:48,Recording,5,EI Monitoring,16.1,clear,5,,,Good,Ema Sylvester & Evans,,Cam Gillies,
39204326,WLNP,Horseshoe Basin,,50,2012,6,30,1,08:15,Recording,6,EI Monitoring,18.1,clear,0.6,,,Good,Ema Sylvester & Evans,,Cam Gillies,
39204327,WLNP,Wishbone Trail,,60,2012,6,5,1,07:38,Recording,10,EI Monitoring,14.6,overcast,0,,,Good,Hardesty Sylvester,,Cam Gillies,
39204328,WLNP,Wishbone Trail,,61,2012,6,5,1,07:58,Recording,11,EI Monitoring,15.3,overcast,0,,,Good,Hardesty Sylvester,,Cam Gillies,
39204329,WLNP,Lower Mount Crandell,,70,2012,6,28,1,08:06,Recording,6,EI Monitoring,16,clear,1.6,,,Good,Hardesty Sylvester,,Cam Gillies,
39204330,WLNP,Lower Mount Crandell,,71,2012,6,28,1,08:31,Recording,7,EI Monitoring,13.9,clear,5,,,Moderate,Hardesty Sylvester,,Cam Gillies,
39204331,WLNP,Lower Mount Crandell,,72,2012,6,28,1,08:52,Recording,8,EI Monitoring,17,clear,1.5,,,Moderate,Hardesty Sylvester,,Cam Gillies,
39204332,WLNP,Sofa Mountain,,80,2012,6,23,1,06:49,Recording,3,EI Monitoring,10.4,obscured,2.6,,,Good,Ema Sylvester & Evans,,Cam Gillies,
39204333,WLNP,Sofa Mountain,,81,2012,6,23,1,07:17,Recording,4,EI Monitoring,10,obscured,2.5,,,Good,Ema Sylvester & Evans,,Cam Gillies,
39204334,WLNP,Akamina,,90,2012,7,5,1,08:56,Recording,8,,13.8,clear,0,,,Good,Hardesty,,Cam Gillies,
39204335,WLNP,Akamina,,91,2012,7,5,1,09:20,Recording,9,,17.3,clear,0,,,Good,Hardesty,,Cam Gillies,
39204336,WLNP,Akamina,,92,2012,7,5,1,09:49,Recording,10,,17.4,clear,1.1,,,Good,Hardesty,,Cam Gillies,
39204337,WLNP,Akamina,,93,2012,7,6,1,05:37,Recording,1,,8.6,clear,1.4,,,Good,Hardesty,,Cam Gillies,
39204338,WLNP,Akamina,,94,2012,7,6,1,06:04,Recording,2,,7.9,clear,0.9,,,Good,Hardesty,,Cam Gillies,
39204339,WLNP,Akamina,,95,2012,7,6,1,06:29,Recording,3,,7.6,clear,0,,,Good,Hardesty,,Cam Gillies,
39204340,WLNP,Crandell Lake,,100,2012,6,1,1,05:00,Recording,1,EI Monitoring,7.6,clear,0,,,Good,Hardesty Sylvester,,Cam Gillies,
39204341,WLNP,Crandell Lake,,101,2012,6,1,1,05:23,Recording,2,EI Monitoring,7.8,clear,1.7,,,Good,Hardesty Sylvester,,Cam Gillies,
39204342,WLNP,Crandell Lake,,102,2012,6,1,1,05:49,Recording,3,EI Monitoring,10.6,scattered,1.1,,,Good,Hardesty Sylvester,,Cam Gillies,
39204343,WLNP,Crandell Lake,,103,2012,6,21,1,08:48,Recording,,,14.6,clear,0,,,Moderate,Emma Sylvester,,Cam Gillies,
39204344,WLNP,Crandell Lake,,104,2012,6,1,1,06:38,Recording,5,,10,clear,1,,,Good,Hardesty Sylvester,,Cam Gillies,
39204345,WLNP,Crandell Lake,,105,2012,6,1,1,07:03,Recording,6,,11.2,clear,0,,,Good,Hardesty Sylvester,,Cam Gillies,
39204346,WLNP,Summit Lake,,120,2012,7,10,1,07:18,Recording,7,EI Monitoring,17,clear,0.9,,,Good,Hardesty,,Cam Gillies,
39204347,WLNP,Summit Lake,,121,2012,7,10,1,07:40,Recording,8,EI Monitoring,20.2,clear,0.8,,,Good,Hardesty,,Cam Gillies,
39204348,WLNP,Summit Lake,,122,2012,7,10,1,08:01,Recording,9,EI Monitoring,20.9,clear,0.8,,,Good,Hardesty,,Cam Gillies,
39204349,WLNP,Summit Lake,,123,2012,7,10,1,08:23,Recording,10,EI Monitoring,20.8,clear,0,,,Good,Hardesty,,Cam Gillies,
39204350,WLNP,Cameron Lake,,124,2012,7,6,1,09:34,Recording,9,EI Monitoring,12.5,clear,0,,,Moderate,Hardesty,,Cam Gillies,
39204351,WLNP,Summit Lake,,125,2012,7,10,1,06:14,Recording,4,EI Monitoring,13.2,clear,0.8,,,Good,Hardesty,,Cam Gillies,
39204352,WLNP,Summit Lake,,126,2012,7,10,1,09:52,Recording,13,EI Monitoring,25.3,scattered,1,,,Moderate,Hardesty,,Cam Gillies,
39204353,WLNP,Summit Lake,,127,2012,7,10,1,10:12,Recording,14,EI Monitoring,22.4,clear,1.1,,,Good,Hardesty,,Cam Gillies,
39204354,WLNP,Summit Lake,,128,2012,7,10,1,08:46,Recording,11,EI Monitoring,20.2,scattered,1,,,Good,Hardesty,,Cam Gillies,
39204355,WLNP,Summit Lake,,129,2012,7,10,1,09:08,Recording,12,EI Monitoring,19.9,scattered,2.3,,,Good,Hardesty,,Cam Gillies,var 2 in library
39204356,WLNP,Cardston Entrance,,550,2012,6,22,1,05:02,Recording,1,EI Monitoring,7.8,scattered,2.7,,,Good,Emma Sylvester & Conrad Jansen,,Cam Gillies,
39204357,WLNP,Cardston Entrance,,551,2012,6,22,1,05:27,Recording,2,EI Monitoring,6.4,scattered,1.5,,,Good,Emma Sylvester & Conrad Jansen,,Cam Gillies,
39204358,WLNP,Cardston Entrance,,552,2012,6,22,1,05:50,Recording,3,EI Monitoring,7.6,scattered,0.7,,,Good,Emma Sylvester & Conrad Jansen,,Cam Gillies,
39204359,WLNP,Cardston Entrance,,553,2012,6,22,1,06:12,Recording,4,EI Monitoring,6.9,scattered,1.2,,,Good,Emma Sylvester & Conrad Jansen,,Cam Gillies,
39204360,WLNP,Cardston Entrance,,554,2012,6,22,1,06:37,Recording,5,EI Monitoring,7.5,scattered,2.5,,,Good,Emma Sylvester & Conrad Jansen,,Cam Gillies,
39204361,WLNP,Cardston Entrance,,555,2012,6,22,1,07:01,Recording,6,EI Monitoring,8.3,scattered,2,,,Good,Emma Sylvester & Conrad Jansen,,Cam Gillies,
39204362,WLNP,Cardston Entrance,,556,2012,6,22,1,07:28,Recording,7,EI Monitoring,17.7,broken,1,,,Good,Emma Sylvester & Conrad Jansen,,Cam Gillies,
39204363,WLNP,Cardston Entrance,,557,2012,6,22,1,07:56,Recording,8,EI Monitoring,12.6,broken,1.8,,,Good,Emma Sylvester & Conrad Jansen,,Cam Gillies,
39204364,WLNP,Yarrow Cabin Trail,,567,2012,6,4,1,05:05,Recording,1,EI Monitoring,13.8,clear,0,,,Good,Hardesty Sylvester,,Cam Gillies,
39204365,WLNP,Yarrow Cabin Trail,,568,2012,6,4,1,05:23,Recording,2,EI Monitoring,10.2,clear,0,,,Moderate,Hardesty Sylvester,,Cam Gillies,
39204366,WLNP,Yarrow Cabin Trail,,569,2012,6,4,1,05:47,Recording,3,EI Monitoring,10.8,clear,0,,,Good,Hardesty Sylvester,,Cam Gillies,
39204367,WLNP,Yarrow Cabin Trail,,570,2012,6,4,1,06:09,Recording,4,EI Monitoring,6.7,clear,1.6,,,Good,Hardesty Sylvester,,Cam Gillies,
39204368,WLNP,Yarrow Cabin Trail,,571,2012,6,4,1,06:33,Recording,5,EI Monitoring,8.1,scattered,0.9,,,Good,Hardesty Sylvester,,Cam Gillies,
39204369,WLNP,Yarrow Cabin Trail,,572,2012,6,4,1,06:56,Recording,6,EI Monitoring,8.2,scattered,2.1,,,Good,Hardesty Sylvester,,Cam Gillies,
39204370,WLNP,Yarrow Cabin Trail,,573,2012,6,4,1,07:20,Recording,7,EI Monitoring,8.7,scattered,1.1,,,Good,Hardesty Sylvester,,Cam Gillies,
39204371,WLNP,Yarrow Cabin Trail,,574,2012,6,4,1,07:43,Recording,8,EI Monitoring,10.4,overcast,0,,,Good,Hardesty Sylvester,,Cam Gillies,
39204372,WLNP,Prairie Trail,,575,2012,6,26,1,05:13,Recording,1,EI Monitoring,17.7,overcast,1,,,Good,Hardesty Sylvester,,Cam Gillies,
39204373,WLNP,Prairie Trail,,576,2012,6,29,1,05:23,Recording,1,EI Monitoring,14.3,broken,0.8,,,Good,Hardesty Sylvester,,Cam Gillies,
39204374,WLNP,Prairie Trail,,577,2012,6,29,1,05:44,Recording,2,EI Monitoring,15,broken,1,,,Good,Hardesty Sylvester,,Cam Gillies,
39204375,WLNP,Prairie Trail,,578,2012,7,5,1,05:07,Recording,1,EI Monitoring,7.5,clear,0.8,,,Good,Hardesty Sylvester,,Cam Gillies,
39204376,WLNP,Prairie Trail,,579,2012,7,5,1,05:26,Recording,2,EI Monitoring,3.3,clear,1.1,,,Good,Hardesty Sylvester,,Cam Gillies,
39204377,WLNP,Prairie Trail,,580,2012,7,5,1,05:49,Recording,3,EI Monitoring,4.7,clear,1.5,,,Good,Hardesty Sylvester,,Cam Gillies,
39204378,WLNP,Prairie Trail,,581,2012,7,5,1,06:09,Recording,4,EI Monitoring,6,clear,1.1,,,Good,Hardesty Sylvester,,Cam Gillies,
39204379,WLNP,Prairie Trail,,582,2012,7,5,1,06:29,Recording,5,EI Monitoring,4.6,clear,1.5,,,Good,Hardesty Sylvester,,Cam Gillies,
39204380,WLNP,Prairie Trail,,583,2012,7,5,1,06:51,Recording,6,EI Monitoring,10.3,clear,1.3,,,Good,Hardesty Sylvester,,Cam Gillies,
39204381,WLNP,Prairie Trail,,584,2012,7,5,1,07:12,Recording,7,EI Monitoring,10.6,clear,1.5,,,Good,Hardesty Sylvester,,Cam Gillies,
39204382,WLNP,Yarrow Cabin Trail,,590,2012,6,4,1,08:09,Recording,9,EI Monitoring,15.2,scattered,1,,,Good,Hardesty Sylvester,,Cam Gillies,
39204383,WLNP,Yarrow Cabin Trail,,591,2012,6,4,1,08:35,Recording,10,EI Monitoring,14.2,scattered,0,,,Good,Hardesty Sylvester,,Cam Gillies,
39204384,WLNP,Akamina,,90,2014,6,26,1,05:11,Recording,1,EI Monitoring,8.9,Overcast,0,Riverforks E3A/CZM (older),,Good,Bretton Saunders and Jazmine Lowther,Humidity 95%,Cam Gillies,
39204385,WLNP,Akamina,,91,2014,6,26,1,05:36,Recording,2,EI Monitoring,9.1,Overcast,0,Riverforks E3A/CZM (older),,Good,Bretton Saunders and Jazmine Lowther,Humidity 95%,Cam Gillies,
39204386,WLNP,Akamina,,92,2014,6,26,1,06:00,Recording,3,EI Monitoring,8.9,Overcast,0,Riverforks E3A/CZM (older),,Moderate,Bretton Saunders and Jazmine Lowther,Humidity 95%,Cam Gillies,
39204387,WLNP,Akamina,,93,2014,6,26,1,06:25,Recording,4,EI Monitoring,9.2,Overcast,0,Riverforks E3A/CZM (older),,Good,Bretton Saunders and Jazmine Lowther,Humidity 100%,Cam Gillies,
39204388,WLNP,Akamina,,94,2014,6,26,1,06:50,Recording,5,EI Monitoring,8.9,Overcast,0,Riverforks E3A/CZM (older),,Good,Bretton Saunders and Jazmine Lowther,Humidity 100%,Cam Gillies,
39204389,WLNP,Akamina,,95,2014,6,26,1,07:16,Recording,6,EI Monitoring,9.1,Overcast,0,Riverforks E3A/CZM (older),,Moderate,Bretton Saunders and Jazmine Lowther,Humidity 100%,Cam Gillies,
39204390,WLNP,Cameron Lake,,1,2014,6,27,1,05:12,Recording,1,EI Monitoring,7.5,Overcast,0,Riverforks E3A/CZM (older),,Moderate,Bretton Saunders and Jazmine Lowther,Humidity 92%,Cam Gillies,
39204391,WLNP,Cameron Lake,,3,2014,6,27,1,05:32,Recording,2,EI Monitoring,6.9,Overcast,0,Riverforks E3A/CZM (older),,Poor,Bretton Saunders and Jazmine Lowther,Humidity 92%,Cam Gillies,
39204392,WLNP,Cameron Lake,,4,2014,6,27,1,05:59,Recording,3,EI Monitoring,7.3,Overcast,0,Riverforks E3A/CZM (older),,Moderate,Bretton Saunders and Jazmine Lowther,Humidity 92%,Cam Gillies,
39204393,WLNP,Cameron Lake,,5,2014,6,27,1,06:18,Recording,4,EI Monitoring,7.3,Overcast,0,Riverforks E3A/CZM (older),,Moderate,Bretton Saunders and Jazmine Lowther,Humidity 89%,Cam Gillies,
39204394,WLNP,Cameron Lake,,6,2014,6,27,1,06:43,Recording,5,EI Monitoring,7.6,Overcast,0,Riverforks E3A/CZM (older),,Moderate,Bretton Saunders and Jazmine Lowther,Humidity 89%,Cam Gillies,
39204395,WLNP,Cameron Lake,,124,2014,6,27,1,07:03,Recording,6,EI Monitoring,7.2,Overcast,0,Riverforks E3A/CZM (older),,Poor,Bretton Saunders and Jazmine Lowther,Humidity 85%,Cam Gillies,
39204396,WLNP,Cardston Entrance,,550,2014,6,2,1,05:22,Recording,1,EI Monitoring,6,Scattered,3.7,Riverforks E3A/CZM (older),,Good,Jazmine Lowther and Bretton Saunders,Humidity 81.8% car drove by at 10m,Cam Gillies,
39204397,WLNP,Cardston Entrance,,551,2014,6,2,1,06:44,Recording,3,EI Monitoring,6.3,Scattered,3.1,Riverforks E3A/CZM (older),,Good,Jazmine Lowther and Bretton Saunders,Humidity 86.3%,Cam Gillies,
39204398,WLNP,Cardston Entrance,,552,2014,6,2,1,05:51,Recording,2,EI Monitoring,3.9,Scattered,1.3,Riverforks E3A/CZM (older),,Good,Jazmine Lowther and Bretton Saunders,Humidity 86.5% cows mooing throughout *Recorded on tape as 551 is actually 552,Cam Gillies,
39204399,WLNP,Cardston Entrance,,553,2014,6,2,1,07:20,Recording,4,EI Monitoring,8.4,Scattered,3.1,Riverforks E3A/CZM (older),,Good,Jazmine Lowther and Bretton Saunders,Humidity 79.1%,Cam Gillies,
39204400,WLNP,Cardston Entrance,,554,2014,6,2,1,07:40,Recording,5,EI Monitoring,11,Broken,1.9,Riverforks E3A/CZM (older),,Good,Jazmine Lowther and Bretton Saunders,Humidity 81.5%,Cam Gillies,
39204401,WLNP,Cardston Entrance,,555,2014,6,2,1,08:17,Recording,6,EI Monitoring,14.8,Scattered,2.3,Riverforks E3A/CZM (older),,Good,Jazmine Lowther and Bretton Saunders,Humidity 59.7%,Cam Gillies,
39204402,WLNP,Cardston Entrance,,556,2014,6,2,1,08:45,Recording,7,EI Monitoring,16.2,Scattered,1.4,Riverforks E3A/CZM (older),,Good,Jazmine Lowther and Bretton Saunders,Humidity 65.4%,Cam Gillies,
39204403,WLNP,Cardston Entrance,,557,2014,6,2,1,09:17,Recording,8,EI Monitoring,18.9,Scattered,1.6,Riverforks E3A/CZM (older),,Good,Jazmine Lowther and Bretton Saunders,Humidity 56.9%,Cam Gillies,
39204404,WLNP,Crandell Lake,,100,2014,6,10,1,06:32,Recording,1,EI Monitoring,7.2,Broken,1,Riverforks E3A/CZM (older),,Good,Jazmine Lowther and Bretton Saunders,Humidity 63.4%,Cam Gillies,
39204405,WLNP,Crandell Lake,,101,2014,6,10,1,06:55,Recording,2,EI Monitoring,6.3,Broken,1.5,Riverforks E3A/CZM (older),,Moderate,Jazmine Lowther and Bretton Saunders,Humidity 74.3%,Cam Gillies,
39204406,WLNP,Crandell Lake,,102,2014,6,10,1,07:20,Recording,3,EI Monitoring,6.3,Broken,0,Riverforks E3A/CZM (older),,Moderate,Jazmine Lowther and Bretton Saunders,Humidity 77.2%,Cam Gillies,
39204407,WLNP,Crandell Lake,,103,2014,6,10,1,07:44,Recording,4,EI Monitoring,9.7,Broken,0,Riverforks E3A/CZM (older),,Poor,Jazmine Lowther and Bretton Saunders,Humidity 61.1%,Cam Gillies,
39204408,WLNP,Crandell Lake,,104,2014,6,10,1,08:09,Recording,5,EI Monitoring,9.5,Overcast,0,Riverforks E3A/CZM (older),,Good,Jazmine Lowther and Bretton Saunders,Humidity 61.9%,Cam Gillies,
39204409,WLNP,Crandell Lake,,105,2014,6,10,1,08:34,Recording,6,EI Monitoring,9.3,Overcast,0,Riverforks E3A/CZM (older),,Good,Jazmine Lowther and Bretton Saunders,Humidity 56%,Cam Gillies,
39204410,WLNP,Eskerine,,110,2014,7,3,1,05:06,Recording,1,EI Monitoring,8.5,Overcast,3.4,Riverforks E3A/CZM (older),,Good,Jazmine Lowther and Bretton Saunders,Humidity 68.9%,Cam Gillies,point id called in field was incorrect.
39204411,WLNP,Eskerine,,111,2014,7,3,1,05:30,Recording,2,EI Monitoring,15.6,Broken,3.9,Riverforks E3A/CZM (older),,Good,Jazmine Lowther and Bretton Saunders,Humidity 59.9% coyotes at end of recording,Cam Gillies,point id called in field was incorrect.
39204412,WLNP,Eskerine,,112,2014,7,3,1,05:55,Recording,3,EI Monitoring,15.3,Broken,5.6,Riverforks E3A/CZM (older),,Good,Jazmine Lowther and Bretton Saunders,Humidity 68.2% wind gusts,Cam Gillies,point id called in field was incorrect.
39204413,WLNP,Eskerine,,113,2014,7,3,1,06:19,Recording,4,EI Monitoring,15.2,Broken,6.1,Riverforks E3A/CZM (older),,Good,Jazmine Lowther and Bretton Saunders,Humidity 67.4%,Cam Gillies,point id called in field was incorrect.
39204414,WLNP,Eskerine,,114,2014,7,3,1,06:48,Recording,5,EI Monitoring,16.4,Broken,2.7,Riverforks E3A/CZM (older),,Moderate,Jazmine Lowther and Bretton Saunders,Humidity 69.1%,Cam Gillies,point id called in field was incorrect.
39204415,WLNP,Eskerine,,115,2014,7,3,1,07:09,Recording,6,EI Monitoring,18.8,Broken,2.5,Riverforks E3A/CZM (older),,Good,Jazmine Lowther and Bretton Saunders,Humidity 60%,Cam Gillies,point id called in field was incorrect.
39204416,WLNP,Eskerine,,116,2014,7,3,1,07:32,Recording,7,EI Monitoring,17.9,Broken,4.4,Riverforks E3A/CZM (older),,Moderate,Jazmine Lowther and Bretton Saunders,Humidity 63.5%,Cam Gillies,point id called in field was incorrect.
39204417,WLNP,Eskerine,,117,2014,7,3,1,08:02,Recording,8,EI Monitoring,14.5,Broken,9.6,Riverforks E3A/CZM (older),,Moderate,Jazmine Lowther and Bretton Saunders,Humidity 44.7%,Cam Gillies,point id called in field was incorrect.
39204418,WLNP,Eskerine,,118,2014,7,3,1,08:31,Recording,9,EI Monitoring,21.7,Broken,7.6,Riverforks E3A/CZM (older),,Moderate,Jazmine Lowther and Bretton Saunders,Humidity 51.8%,Cam Gillies,point id called in field was incorrect.
39204419,WLNP,Eskerine,,119,2014,7,3,1,09:00,Recording,10,EI Monitoring,20.2,Broken,4.9,Riverforks E3A/CZM (older),,Moderate,Jazmine Lowther and Bretton Saunders,Humidity 59.8%,Cam Gillies,point id called in field was incorrect.
39204420,WLNP,Horseshoe Basin,,41,2014,6,12,1,05:26,Recording,1,EI Monitoring,2.1,Scattered,0,Riverforks E3A/CZM (older),,Good,Bretton Saunders and Jazmine Lowther,Humidity 85.3%,Cam Gillies,
39204421,WLNP,Horseshoe Basin,,42,2014,6,12,1,05:48,Recording,2,EI Monitoring,3.4,Scattered,0,Riverforks E3A/CZM (older),,Good,Bretton Saunders and Jazmine Lowther,Humidity 91.4% coyotes in background,Cam Gillies,
39204422,WLNP,Horseshoe Basin,,43,2014,6,12,1,06:13,Recording,3,EI Monitoring,3.6,Broken,0,Riverforks E3A/CZM (older),,Good,Bretton Saunders and Jazmine Lowther,Humidity 96.9% Recorded as point # 0045 actually point # 0043,Cam Gillies,
39204423,WLNP,Horseshoe Basin,,44,2014,6,12,1,06:36,Recording,4,EI Monitoring,5.3,Broken,1.6,Riverforks E3A/CZM (older),,Good,Bretton Saunders and Jazmine Lowther,Humidity 97.2%,Cam Gillies,
39204424,WLNP,Horseshoe Basin,,45,2014,6,12,1,07:00,Recording,5,EI Monitoring,7,Broken,0,Riverforks E3A/CZM (older),,Good,Bretton Saunders and Jazmine Lowther,Humidity 94.0%,Cam Gillies,
39204425,WLNP,Horseshoe Basin,,46,2014,6,12,1,07:24,Recording,6,EI Monitoring,7.9,Broken,0,Riverforks E3A/CZM (older),,Good,Bretton Saunders and Jazmine Lowther,Humidity 93.7%,Cam Gillies,
39204426,WLNP,Horseshoe Basin,,47,2014,6,12,1,07:47,Recording,7,EI Monitoring,10.3,Broken,0,Riverforks E3A/CZM (older),,Good,Bretton Saunders and Jazmine Lowther,Humidity 92.3%,Cam Gillies,
39204427,WLNP,Horseshoe Basin,,48,2014,6,12,1,08:11,Recording,8,EI Monitoring,9.2,Broken,0,Riverforks E3A/CZM (older),,Good,Bretton Saunders and Jazmine Lowther,Humidity 78.9%,Cam Gillies,
39204428,WLNP,Horseshoe Basin,,49,2014,6,12,1,08:36,Recording,9,EI Monitoring,13.7,Scattered,2,Riverforks E3A/CZM (older),,Good,Bretton Saunders and Jazmine Lowther,Humidity 65.5% hummingbird,Cam Gillies,
39204429,WLNP,Horseshoe Basin,,50,2014,6,12,1,08:59,Recording,10,EI Monitoring,11.9,Scattered,2.2,Riverforks E3A/CZM (older),,Good,Bretton Saunders and Jazmine Lowther,Humidity 76.9% observed 2 cedar waxwings,Cam Gillies,
39204430,WLNP,Lower Mount Crandell,,18,2014,6,25,1,05:07,Recording,1,EI Monitoring,7,Scattered,0,Riverforks E3A/CZM (older),,Good,Bretton Saunders and Jazmine Lowther,humidity 87.0%,Cam Gillies,
39204431,WLNP,Lower Mount Crandell,,19,2014,6,25,1,05:30,Recording,2,EI Monitoring,5.3,Broken,1.6,Riverforks E3A/CZM (older),,Good,Bretton Saunders and Jazmine Lowther,Humidity 69.5% wind gusts at 4 and 10 minutes,Cam Gillies,
39204432,WLNP,Lower Mount Crandell,,20,2014,6,25,1,05:54,Recording,3,EI Monitoring,11.5,Broken,1.1,Riverforks E3A/CZM (older),,Good,Bretton Saunders and Jazmine Lowther,Humidity 87.0% wind gusts at 11 min. Recorded longer,Cam Gillies,
39204433,WLNP,Lower Mount Crandell,,21,2014,6,25,1,06:18,Recording,4,EI Monitoring,9.7,Broken,0,Riverforks E3A/CZM (older),,Good,Bretton Saunders and Jazmine Lowther,Humidity 91.5%,Cam Gillies,
39204434,WLNP,Lower Mount Crandell,,22,2014,6,25,1,06:42,Recording,5,EI Monitoring,9.8,Broken,0,Riverforks E3A/CZM (older),,Moderate,Bretton Saunders and Jazmine Lowther,Humidity 88.8%,Cam Gillies,
39204435,WLNP,Lower Mount Crandell,,23,2014,6,25,1,07:07,Recording,6,EI Monitoring,13.1,Scattered,0.9,Riverforks E3A/CZM (older),,Good,Bretton Saunders and Jazmine Lowther,Humidity 86.3%,Cam Gillies,
39204436,WLNP,Lower Mount Crandell,,24,2014,6,25,1,07:30,Recording,7,EI Monitoring,15.9,Scattered,1.4,Riverforks E3A/CZM (older),,Good,Bretton Saunders and Jazmine Lowther,Humidity 62.5%,Cam Gillies,
39204437,WLNP,Lower Mount Crandell,,70,2014,6,25,1,08:02,Recording,8,EI Monitoring,17.9,Scattered,1.9,Riverforks E3A/CZM (older),,Good,Bretton Saunders and Jazmine Lowther,Humidity 55.5%,Cam Gillies,
39204438,WLNP,Lower Mount Crandell,,71,2014,6,25,1,08:32,Recording,9,EI Monitoring,16.6,Scattered,4.7,Riverforks E3A/CZM (older),,Good,Bretton Saunders and Jazmine Lowther,Humidity 61.7% Recorded longer for large wind gust,Cam Gillies,
39204439,WLNP,Lower Mount Crandell,,72,2014,6,25,1,08:58,Recording,10,EI Monitoring,21,Scattered,1.4,Riverforks E3A/CZM (older),,Poor,Bretton Saunders and Jazmine Lowther,Humidity 45.2%,Cam Gillies,
39204440,WLNP,Prairie Trail,,575,2014,6,4,1,05:45,Recording,1,EI Monitoring,7.5,Overcast,0,Riverforks E3A/CZM (older),,Good,Bretton Saunders and Jazmine Lowther,Humidity 81.9%,Cam Gillies,
39204441,WLNP,Prairie Trail,,576,2014,6,4,1,06:08,Recording,2,EI Monitoring,7.6,Overcast,1.6,Riverforks E3A/CZM (older),,Good,Bretton Saunders and Jazmine Lowther,Humidity 90.2%,Cam Gillies,
39204442,WLNP,Prairie Trail,,577,2014,6,6,1,05:28,Recording,4,EI Monitoring,3.9,Obscured,4.1,Riverforks E3A/CZM (older),,Good,Bretton Saunders and Jazmine Lowther,Humiodity 90.3%,Cam Gillies,
39204443,WLNP,Prairie Trail,,578,2014,6,6,1,05:53,Recording,5,EI Monitoring,4.6,Obscured,4,Riverforks E3A/CZM (older),,Good,Bretton Saunders and Jazmine Lowther,Humidity 80.8% Paused at 3 minutes began rainning lightly,Cam Gillies,
39204444,WLNP,Prairie Trail,,579,2014,6,6,1,06:26,Recording,6,EI Monitoring,3.6,Obscured,2.2,Riverforks E3A/CZM (older),,Good,Bretton Saunders and Jazmine Lowther,Humidity 98.3%,Cam Gillies,
39204445,WLNP,Prairie Trail,,580,2014,7,8,1,07:43,Recording,1,EI Monitoring,17.4,Clear,0,Riverforks E3A/CZM (older),,Good,Bretton Saunders and Jazmine Lowther,Humidity 75%,Cam Gillies,
39204446,WLNP,Prairie Trail,,581,2014,7,8,1,08:04,Recording,2,EI Monitoring,18.5,Clear,1,Riverforks E3A/CZM (older),,Good,Bretton Saunders and Jazmine Lowther,Humidity 81.0% Humming bird flew by @ 3:55. Sneeze at 6 min.,Cam Gillies,
39204447,WLNP,Prairie Trail,,582,2014,7,8,1,08:30,Recording,3,EI Monitoring,21.5,Clear,1.6,Riverforks E3A/CZM (older),,Good,Bretton Saunders and Jazmine Lowther,Humidity 71.6%,Cam Gillies,
39204448,WLNP,Prairie Trail,,583,2014,6,10,1,05:18,Recording,11,EI Monitoring,6.7,Broken,1.8,Riverforks E3A/CZM (older),,Good,Bretton Saunders and Jazmine Lowther,Humidity 61.5%,Cam Gillies,
39204449,WLNP,Prairie Trail,,584,2014,6,10,1,05:40,Recording,12,EI Monitoring,7,Broken,2.3,Riverforks E3A-CM/CZM (newer),,Good,Bretton Saunders and Jazmine Lowther,Humidity 59.0%,Cam Gillies,
39204450,WLNP,Sofa Mountain,,25,2014,6,21,1,05:08,Recording,1,EI Monitoring,9.1,Scattered,1.1,Riverforks E3A/CZM (older),,Good,Jazmine Lowther and Bretton Saunders,Humidity 54.5%,Cam Gillies,
39204451,WLNP,Sofa Mountain,,26,2014,6,21,1,05:33,Recording,2,EI Monitoring,6.5,Scattered,0.9,Riverforks E3A/CZM (older),,Good,Jazmine Lowther and Bretton Saunders,Humidity 69.0%,Cam Gillies,
39204452,WLNP,Sofa Mountain,,27,2014,6,21,1,06:00,Recording,3,EI Monitoring,6.8,Scattered,0,Riverforks E3A/CZM (older),,Good,Jazmine Lowther and Bretton Saunders,Humidity 78.9%,Cam Gillies,
39204453,WLNP,Sofa Mountain,,28,2014,6,21,1,06:24,Recording,4,EI Monitoring,6.5,Clear,0,Riverforks E3A/CZM (older),,Good,Jazmine Lowther and Bretton Saunders,Humidity 76.0%,Cam Gillies,
39204454,WLNP,Sofa Mountain,,29,2014,6,21,1,06:50,Recording,5,EI Monitoring,9.3,Clear,0,Riverforks E3A/CZM (older),,Good,Jazmine Lowther and Bretton Saunders,Humidity 72.2%,Cam Gillies,
39204455,WLNP,Sofa Mountain,,30,2014,6,21,1,07:11,Recording,6,EI Monitoring,11.7,Clear,1.2,Riverforks E3A/CZM (older),,Good,Jazmine Lowther and Bretton Saunders,Humidity 48.9%,Cam Gillies,
39204456,WLNP,Sofa Mountain,,31,2014,6,21,1,07:42,Recording,7,EI Monitoring,10.2,Clear,1.3,Riverforks E3A/CZM (older),,Good,Jazmine Lowther and Bretton Saunders,Humidity 49.0%,Cam Gillies,
39204457,WLNP,Sofa Mountain,,32,2014,6,21,1,08:04,Recording,8,EI Monitoring,14.8,Clear,3,Riverforks E3A/CZM (older),,Good,Jazmine Lowther and Bretton Saunders,Humidity 41.7%,Cam Gillies,
39204458,WLNP,Sofa Mountain,,80,2014,6,21,1,08:31,Recording,9,EI Monitoring,14.5,Clear,4.9,Riverforks E3A/CZM (older),,Good,Jazmine Lowther and Bretton Saunders,Humidity 46.5%,Cam Gillies,
39204459,WLNP,Sofa Mountain,,81,2014,6,21,1,08:56,Recording,10,EI Monitoring,13.6,Scattered,5.9,Riverforks E3A/CZM (older),,Good,Jazmine Lowther and Bretton Saunders,Humidity 48.5%,Cam Gillies,
39204460,WLNP,Summit Lake,,9,2014,6,27,1,07:35,Recording,1,EI Monitoring,7.2,Overcast,0,Riverforks E3A/CZM (older),,Poor,Bretton Saunders and Jazmine Lowther,Humidity 90%,Cam Gillies,
39204461,WLNP,Summit Lake,,11,2014,6,27,1,08:00,Recording,2,EI Monitoring,7.8,Broken,0,Riverforks E3A/CZM (older),,Good,Bretton Saunders and Jazmine Lowther,Humidity 90%,Cam Gillies,
39204462,WLNP,Summit Lake,,12,2014,6,27,1,08:22,Recording,3,EI Monitoring,11.1,Broken,0,Riverforks E3A/CZM (older),,Moderate,Bretton Saunders and Jazmine Lowther,Humidity 92%,Cam Gillies,
39204463,WLNP,Summit Lake,,15,2014,7,4,1,06:05,Recording,1,EI Monitoring,7.4,Scattered,1.5,Riverforks E3A/CZM (older),,Moderate,Bretton Saunders and Jazmine Lowther,Humidity 80.6%,Cam Gillies,
39204464,WLNP,Summit Lake,,16,2014,7,4,1,06:28,Recording,2,EI Monitoring,9.9,Scattered,1,Riverforks E3A/CZM (older),,Good,Bretton Saunders and Jazmine Lowther,Humidity 74.7%,Cam Gillies,
39204465,WLNP,Summit Lake,,120,2014,7,4,1,06:54,Recording,3,EI Monitoring,11.7,Scattered,1.6,Riverforks E3A/CZM (older),,Good,Bretton Saunders and Jazmine Lowther,Humidity 56.9%,Cam Gillies,
39204466,WLNP,Summit Lake,,121,2014,7,4,1,07:18,Recording,4,EI Monitoring,8.6,Scattered,0,Riverforks E3A/CZM (older),,Good,Bretton Saunders and Jazmine Lowther,Humidity 72.9%,Cam Gillies,
39204467,WLNP,Summit Lake,,122,2014,7,4,1,07:43,Recording,5,EI Monitoring,8.6,Scattered,1.1,Riverforks E3A/CZM (older),,Good,Bretton Saunders and Jazmine Lowther,Humidity 70.1%,Cam Gillies,
39204468,WLNP,Summit Lake,,123,2014,7,4,1,08:07,Recording,6,EI Monitoring,9.3,Scattered,0,Riverforks E3A/CZM (older),,Good,Bretton Saunders and Jazmine Lowther,Humidity 69.1%,Cam Gillies,
39204469,WLNP,Summit Lake,,125,2014,6,27,1,08:47,Recording,4,EI Monitoring,7.9,Broken,0,Riverforks E3A/CZM (older),,Moderate,Bretton Saunders and Jazmine Lowther,Humidity 88% small flock of birds flew by at 7:20,Cam Gillies,
39204470,WLNP,Summit Lake,,126,2014,7,4,1,09:49,Recording,9,EI Monitoring,17.2,Scattered,1.8,Riverforks E3A/CZM (older),,Poor,Bretton Saunders and Jazmine Lowther,Humidity 47.5%,Cam Gillies,
39204471,WLNP,Summit Lake,,127,2014,7,4,1,10:11,Recording,10,EI Monitoring,20.3,Scattered,1.5,Riverforks E3A/CZM (older),,Good,Bretton Saunders and Jazmine Lowther,Humidity 43.1% Recorded for extra 10 minutes due to left microphone improperly plugged in.,Cam Gillies,
39204472,WLNP,Summit Lake,,128,2014,7,4,1,08:35,Recording,7,EI Monitoring,9.5,Scattered,0.9,Riverforks E3A/CZM (older),,Good,Bretton Saunders and Jazmine Lowther,Humidity 59.5%,Cam Gillies,
39204473,WLNP,Summit Lake,,129,2014,7,4,1,08:57,Recording,8,EI Monitoring,10.6,Scattered,2.7,Riverforks E3A/CZM (older),,Good,Bretton Saunders and Jazmine Lowther,Humidity 50.9%,Cam Gillies,
39204474,WLNP,Wishbone Trail,,33,2014,6,3,1,05:16,Recording,1,EI Monitoring,4.8,Overcast,0,Riverforks E3A/CZM (older),,Good,Jazmine Lowther and Bretton Saunders,Humidity 81.2%,Cam Gillies,
39204475,WLNP,Wishbone Trail,,34,2014,6,3,1,05:46,Recording,3,EI Monitoring,1.1,Overcast,0,Riverforks E3A/CZM (older),,Good,Jazmine Lowther and Bretton Saunders,Humidity 87.5%,Cam Gillies,
39204476,WLNP,Wishbone Trail,,35,2014,6,3,1,06:14,Recording,4,EI Monitoring,4.6,Scattered,0,Riverforks E3A/CZM (older),,Good,Jazmine Lowther and Bretton Saunders,Humidity 88%,Cam Gillies,
39204477,WLNP,Wishbone Trail,,36,2014,6,3,1,06:45,Recording,5,EI Monitoring,6.1,thin cloud,1,Riverforks E3A/CZM (older),,Good,Jazmine Lowther and Bretton Saunders,Humidity 89.9%,Cam Gillies,
39204478,WLNP,Wishbone Trail,,37,2014,6,3,1,07:11,Recording,6,EI Monitoring,5.5,Scattered,0.9,Riverforks E3A/CZM (older),,Good,Jazmine Lowther and Bretton Saunders,Humidity 86.4% some traffic noise,Cam Gillies,
39204479,WLNP,Wishbone Trail,,38,2014,6,3,1,07:40,Recording,7,EI Monitoring,10.2,Overcast,1.6,Riverforks E3A/CZM (older),,Good,Jazmine Lowther and Bretton Saunders,Humidity 79% wind picked up,Cam Gillies,
39204480,WLNP,Wishbone Trail,,39,2014,6,3,1,08:06,Recording,8,EI Monitoring,10.9,Overcast,1,Riverforks E3A/CZM (older),,Good,Jazmine Lowther and Bretton Saunders,Humidity 76.2%,Cam Gillies,
39204481,WLNP,Wishbone Trail,,40,2014,6,3,1,08:30,Recording,9,EI Monitoring,12.3,Overcast,1.4,Riverforks E3A/CZM (older),,Good,Jazmine Lowther and Bretton Saunders,Humidity 70.5% light rain for 30s,Cam Gillies,
39204482,WLNP,Wishbone Trail,,60,2014,6,3,1,09:06,Recording,10,EI Monitoring,13.5,Overcast,1,Riverforks E3A/CZM (older),,Moderate,Jazmine Lowther and Bretton Saunders,Humidity 64%,Cam Gillies,
39204483,WLNP,Wishbone Trail,,61,2014,6,3,1,09:33,Recording,11,EI Monitoring,6.6,Overcast,1.4,Riverforks E3A/CZM (older),,Moderate,Jazmine Lowther and Bretton Saunders,Humidity 65.5%,Cam Gillies,
39204484,WLNP,Yarrow Cabin Trail,,567,2014,6,23,1,05:33,Recording,1,EI Monitoring,6.8,Scattered,0,Riverforks E3A/CZM (older),,Moderate,Jazmine Lowther and Bretton Saunders,humidity 84.2%,Cam Gillies,
39204485,WLNP,Yarrow Cabin Trail,,568,2014,6,23,1,05:55,Recording,2,EI Monitoring,5.9,Scattered,0,Riverforks E3A/CZM (older),,Poor,Jazmine Lowther and Bretton Saunders,Humidity 93.4%,Cam Gillies,
39204486,WLNP,Yarrow Cabin Trail,,569,2014,6,23,1,06:18,Recording,3,EI Monitoring,6.4,Scattered,0,Riverforks E3A/CZM (older),,Moderate,Jazmine Lowther and Bretton Saunders,Humidity 96.3%,Cam Gillies,
39204487,WLNP,Yarrow Cabin Trail,,570,2014,6,23,1,06:42,Recording,4,EI Monitoring,6.9,Scattered,0,Riverforks E3A/CZM (older),,Moderate,Jazmine Lowther and Bretton Saunders,Humidity 97.5%,Cam Gillies,
39204488,WLNP,Yarrow Cabin Trail,,571,2014,6,23,1,07:06,Recording,5,EI Monitoring,7.6,Scattered,1,Riverforks E3A/CZM (older),,Moderate,Jazmine Lowther and Bretton Saunders,Humidity 97.4%,Cam Gillies,
39204489,WLNP,Yarrow Cabin Trail,,572,2014,6,23,1,07:32,Recording,6,EI Monitoring,7.5,Broken,0.9,Riverforks E3A/CZM (older),,Good,Jazmine Lowther and Bretton Saunders,Humidity 99.9%,Cam Gillies,
39204490,WLNP,Yarrow Cabin Trail,,573,2014,6,23,1,07:55,Recording,7,EI Monitoring,8.4,Broken,1.8,Riverforks E3A/CZM (older),,Good,Jazmine Lowther and Bretton Saunders,Humidity 100%,Cam Gillies,
39204491,WLNP,Yarrow Cabin Trail,,574,2014,6,23,1,08:19,Recording,8,EI Monitoring,8.7,Broken,0,Riverforks E3A/CZM (older),,Good,Jazmine Lowther and Bretton Saunders,Humidity 100%,Cam Gillies,
39204492,WLNP,Yarrow Cabin Trail,,590,2014,6,23,1,08:47,Recording,9,EI Monitoring,17,Broken,0,Riverforks E3A/CZM (older),,Good,Jazmine Lowther and Bretton Saunders,Humidity 100%,Cam Gillies,
39204493,WLNP,Yarrow Cabin Trail,,591,2014,6,23,1,09:12,Recording,10,EI Monitoring,13.1,Scattered,0,Riverforks E3A/CZM (older),,Good,Jazmine Lowther and Bretton Saunders,Humidity 98.4%,Cam Gillies,
39204494,WLNP,Yarrow Cabin Trail,,567,2015,6,18,1,05:03,Recording,1,EI Monitoring,9.4,overcast,0,Riverforks E3A/CZM (older),,,Christina Price and Ian Cruickshank,"humidity 91%, max wind, 0.0 kph, recorder type: Riverforks E3A/CZM (older)",Cam Gillies,
39204495,WLNP,Yarrow Cabin Trail,,568,2015,6,18,1,05:28,Recording,2,EI Monitoring,9.3,overcast,0,Riverforks E3A/CZM (older),,,Christina Price and Ian Cruickshank,"Humidity 87%, max wind, 0.0 kph, recorder type: Riverforks E3A/CZM (older)",Cam Gillies,
39204496,WLNP,Yarrow Cabin Trail,,569,2015,6,18,1,05:48,Recording,3,EI Monitoring,8.4,overcast,0,Riverforks E3A/CZM (older),,,Christina Price and Ian Cruickshank,"Humidity 92%, max wind, 0.0 kph, recorder type: Riverforks E3A/CZM (older)",Cam Gillies,
39204497,WLNP,Yarrow Cabin Trail,,570,2015,6,18,1,06:07,Recording,4,EI Monitoring,8.2,overcast,0,Riverforks E3A/CZM (older),,,Christina Price and Ian Cruickshank,"Humidity 94%, max wind, 0.0 kph, recorder type: Riverforks E3A/CZM (older)",Cam Gillies,
39204498,WLNP,Yarrow Cabin Trail,,571,2015,6,18,1,06:27,Recording,5,EI Monitoring,7.7,obscure,0,Riverforks E3A/CZM (older),,,Christina Price and Ian Cruickshank,"Humidity 95%, max wind, 2.0 kph, recorder type: Riverforks E3A/CZM (older)",Cam Gillies,
39204499,WLNP,Yarrow Cabin Trail,,572,2015,6,18,1,06:49,Recording,6,EI Monitoring,7.6,obscure,0,Riverforks E3A/CZM (older),,,Christina Price and Ian Cruickshank,"Humidity 96%, max wind, 0.0 kph, recorder type: Riverforks E3A/CZM (older)",Cam Gillies,
39204500,WLNP,Yarrow Cabin Trail,,573,2015,6,18,1,07:09,Recording,7,EI Monitoring,9.2,overcast,0,Riverforks E3A/CZM (older),,,Christina Price and Ian Cruickshank,"Humidity 97%, max wind, 0.0 kph, recorder type: Riverforks E3A/CZM (older)",Cam Gillies,
39204501,WLNP,Yarrow Cabin Trail,,574,2015,6,18,1,07:30,Recording,8,EI Monitoring,9.3,overcast,0,Riverforks E3A/CZM (older),,,Christina Price and Ian Cruickshank,"Humidity 100%, max wind, 0.0 kph, recorder type: Riverforks E3A/CZM (older)",Cam Gillies,
39204502,WLNP,Yarrow Cabin Trail,,590,2015,6,18,1,08:02,Recording,9,EI Monitoring,10.4,obscure,0,Riverforks E3A/CZM (older),,,Christina Price and Ian Cruickshank,"Humidity 100%, max wind, 0.0 kph, recorder type: Riverforks E3A/CZM (older)",Cam Gillies,
39204503,WLNP,Yarrow Cabin Trail,,591,2015,6,18,1,08:25,Recording,10,EI Monitoring,10.2,obscure,0,Riverforks E3A/CZM (older),,,Christina Price and Ian Cruickshank,"Humidity 100%, max wind 0.0 kph, recorder type: Riverforks E3A/CZM (older)",Cam Gillies,
39204504,WLNP,Akamina,,90,2015,6,17,1,05:16,Recording,1,EI Monitoring,7.5,clear,0,Riverforks E3A/CZM (older),,,Ali Jones and Ian Cruickshank,"Humidity 73.2%, max wind 0.0 kph, recorder: Rivervorks E3A/CZM (older)",Cam Gillies,
39204505,WLNP,Akamina,,91,2015,6,17,1,05:36,Recording,2,EI Monitoring,7.8,clear,0,Riverforks E3A/CZM (older),,,Ali Jones and Ian Cruickshank,"Humidity 78.4%, max wind 0.0 kph, recorder: Rivervorks E3A/CZM (older)",Cam Gillies,
39204506,WLNP,Akamina,,92,2015,6,17,1,05:59,Recording,3,EI Monitoring,7.2,clear,0,Riverforks E3A/CZM (older),,,Ali Jones and Ian Cruickshank,"Humidity 79.5%, max wind 0.0 kph, recorder: Rivervorks E3A/CZM (older)",Cam Gillies,
39204507,WLNP,Akamina,,93,2015,6,17,1,06:22,Recording,4,EI Monitoring,7.7,clear,0,Riverforks E3A/CZM (older),,,Ali Jones and Ian Cruickshank,"Humidity 81.7%, max wind 3.7 kph, recorder: Rivervorks E3A/CZM (older)",Cam Gillies,
39204508,WLNP,Akamina,,94,2015,6,17,1,06:43,Recording,5,EI Monitoring,6.7,broken,0,Riverforks E3A/CZM (older),,,Ali Jones and Ian Cruickshank,"Humidity 84.3%, max wind 0.0 kph, recorder: Rivervorks E3A/CZM (older)",Cam Gillies,
39204509,WLNP,Akamina,,95,2015,6,17,1,07:04,Recording,6,EI Monitoring,7.5,broken,0,Riverforks E3A/CZM (older),,,Ali Jones and Ian Cruickshank,"Humidity 84.2%, max wind 0.0 kph, recorder: Rivervorks E3A/CZM (older)",Cam Gillies,
39204510,WLNP,Horseshoe Basin,,41,2015,6,16,1,05:21,Recording,1,EI Monitoring,1.5,clear,0,Riverforks E3A/CZM (older),,,Ali Jones and Ian Cruickshank,"Humidity 86.5%, max wind 1.4 kph, recorder: Rivervorks E3A/CZM (older)",Cam Gillies,
39204511,WLNP,Horseshoe Basin,,42,2015,6,16,1,05:43,Recording,2,EI Monitoring,1.6,clear,0,Riverforks E3A/CZM (older),,,Ali Jones and Ian Cruickshank,"Humidity 91.0% max wind 0.0 kph, recorder: Rivervorks E3A/CZM (older), caterpillars completely defoliated aspens here",Cam Gillies,
39204512,WLNP,Horseshoe Basin,,43,2015,6,16,1,06:06,Recording,3,EI Monitoring,4,clear,0,Riverforks E3A/CZM (older),,,Ali Jones and Ian Cruickshank,"Humidity 92.7%, max wind 0.0 kph, recorder: Rivervorks E3A/CZM (older), caterpillars completely defoliated aspens here",Cam Gillies,
39204513,WLNP,Horseshoe Basin,,44,2015,6,16,1,06:29,Recording,4,EI Monitoring,9.7,clear,1.3,Riverforks E3A/CZM (older),,,Ali Jones and Ian Cruickshank,"Humidity 93.4%, max wind 2.9 kph, recorder: Rivervorks E3A/CZM (older), caterpillars completely defoliated aspens here",Cam Gillies,
39204514,WLNP,Horseshoe Basin,,45,2015,6,16,1,06:53,Recording,5,EI Monitoring,13.4,clear,0,Riverforks E3A/CZM (older),,,Ali Jones and Ian Cruickshank,"Humidity 100%, max wind 0.0 kph, recorder: Rivervorks E3A/CZM (older)",Cam Gillies,
39204515,WLNP,Horseshoe Basin,,46,2015,6,16,1,07:17,Recording,6,EI Monitoring,17.8,clear,0,Riverforks E3A/CZM (older),,,Ali Jones and Ian Cruickshank,"Humidity 44.0%, max wind 2.2 kph, recorder: Rivervorks E3A/CZM (older)",Cam Gillies,
39204516,WLNP,Horseshoe Basin,,47,2015,6,16,1,07:41,Recording,7,EI Monitoring,23,clear,0,Riverforks E3A/CZM (older),,,Ali Jones and Ian Cruickshank,"Humidity 60.0%, max wind 0.0 kph, recorder: Rivervorks E3A/CZM (older)",Cam Gillies,
39204517,WLNP,Horseshoe Basin,,48,2015,6,16,1,08:04,Recording,8,EI Monitoring,15.3,clear,0,Riverforks E3A/CZM (older),,,Ali Jones and Ian Cruickshank,"Humidity 61.5%, max wind 0.0 kph, recorder: Rivervorks E3A/CZM (older)",Cam Gillies,
39204518,WLNP,Horseshoe Basin,,49,2015,6,16,1,08:27,Recording,9,EI Monitoring,21.9,clear,0,Riverforks E3A/CZM (older),,,Ali Jones and Ian Cruickshank,"Humidity 45.6%, max wind 4.8 kph, recorder: Rivervorks E3A/CZM (older), lots of flies here",Cam Gillies,
39204519,WLNP,Horseshoe Basin,,50,2015,6,16,1,08:48,Recording,10,EI Monitoring,18.8,clear,2.7,Riverforks E3A/CZM (older),,,Ali Jones and Ian Cruickshank,"Humidity 47.9% , max wind 5.5 kph, recorder: Rivervorks E3A/CZM (older), lots of flies here",Cam Gillies,
39204520,WLNP,Sofa Mountain,,25,2015,6,15,1,05:19,Recording,1,EI Monitoring,5.6,overcast,0,Riverforks E3A/CZM (older),,,Ian Cruickshank and Ali Jones,"Humidity 83%, max wind 0.0 kph, recorder: Riverforks E3A/CZM (older)",Cam Gillies,
39204521,WLNP,Sofa Mountain,,26,2015,6,15,1,05:46,Recording,2,EI Monitoring,5.7,overcast,0,Riverforks E3A/CZM (older),,,Ian Cruickshank and Ali Jones,"Humidity 88.0%, max wind 0.0 kph, recorder: Riverforks E3A/CZM (older)",Cam Gillies,
39204522,WLNP,Sofa Mountain,,27,2015,6,15,1,06:10,Recording,3,EI Monitoring,5,overcast,0,Riverforks E3A/CZM (older),,,Ian Cruickshank and Ali Jones,"Humidity 89.8%, max wind 0.0 kph, recorder: Riverforks E3A/CZM (older)",Cam Gillies,
39204523,WLNP,Sofa Mountain,,28,2015,6,15,1,06:33,Recording,4,EI Monitoring,4.5,overcast,0,Riverforks E3A/CZM (older),,,Ian Cruickshank and Ali Jones,"Humidity 93.6%, max wind 0.0 kph, recorder: Riverforks E3A/CZM (older)",Cam Gillies,
39204524,WLNP,Sofa Mountain,,29,2015,6,15,1,06:57,Recording,5,EI Monitoring,4.4,overcast,0,Riverforks E3A/CZM (older),,,Ian Cruickshank and Ali Jones,"Humidity 95.2%, max wind 0.0 kph, recorder: Riverforks E3A/CZM (older)",Cam Gillies,
39204525,WLNP,Sofa Mountain,,30,2015,6,15,1,07:26,Recording,6,EI Monitoring,4.3,overcast,2,Riverforks E3A/CZM (older),,,Ian Cruickshank and Ali Jones,"Humidity 98.2%, max wind 4.4 kph, recorder: Riverforks E3A/CZM (older)",Cam Gillies,
39204526,WLNP,Sofa Mountain,,31,2015,6,15,1,07:45,Recording,7,EI Monitoring,4.3,overcast,0.9,Riverforks E3A/CZM (older),,,Ian Cruickshank and Ali Jones,"Humidity 99.0%, max wind 2.9 kph, recorder: Riverforks E3A/CZM (older)",Cam Gillies,
39204527,WLNP,Sofa Mountain,,32,2015,6,15,1,08:13,Recording,8,EI Monitoring,5.4,overcast,1.3,Riverforks E3A/CZM (older),,,Ian Cruickshank and Ali Jones,"Humidity 94.7%, max wind 4.0 kph, recorder: Riverforks E3A/CZM (older)",Cam Gillies,
39204528,WLNP,Sofa Mountain,,80,2015,6,15,1,08:40,Recording,9,EI Monitoring,5.5,overcast,1.6,Riverforks E3A/CZM (older),,,Ian Cruickshank and Ali Jones,"Humidity 94.6%, max wind 6.7 kph, recorder: Riverforks E3A/CZM (older)",Cam Gillies,
39204529,WLNP,Sofa Mountain,,81,2015,6,15,1,09:11,Recording,10,EI Monitoring,7,broken,2.7,Riverforks E3A/CZM (older),,,Ian Cruickshank and Ali Jones,"Humidity 71.9%, max wind 7.2 kph, recorder: Riverforks E3A/CZM (older)",Cam Gillies,
39204530,WLNP,Lower Mount Crandell,,18,2015,6,1,1,05:29,Recording,8,EI Monitoring,10.5,scattered,0,Riverforks E3A/CZM (older),,,Christina Price and Ian Cruickshank,"humidity 83%, max wind 0.0 kph, recorder: Riverforks E3A/CZM (older)",Cam Gillies,
39204531,WLNP,Lower Mount Crandell,,19,2015,6,1,1,05:57,Recording,9,EI Monitoring,10,scattered,3.2,Riverforks E3A/CZM (older),,,Christina Price and Ian Cruickshank,"Humidity 78.2% max wind 6.0 kph, recorder: Riverforks E3A/CZM (older), construction noise and river noise to the east",Cam Gillies,
39204532,WLNP,Lower Mount Crandell,,20,2015,6,1,1,06:21,Recording,10,EI Monitoring,12.3,scattered,0,Riverforks E3A/CZM (older),,,Christina Price and Ian Cruickshank,"Humidity 73%, max wind 2.3 kph, recorder: Riverforks E3A/CZM (older), mechanical noise to the east",Cam Gillies,
39204533,WLNP,Lower Mount Crandell,,21,2015,6,1,1,06:47,Recording,11,EI Monitoring,11.2,scattered,0,Riverforks E3A/CZM (older),,,Christina Price and Ian Cruickshank,"Humidity 73%, max wind 3.9 kph, recorder: Riverforks E3A/CZM (older), mechanical noise to the east",Cam Gillies,
39204534,WLNP,Lower Mount Crandell,,22,2015,6,1,1,07:11,Recording,12,EI Monitoring,12,scattered,0,Riverforks E3A/CZM (older),,,Christina Price and Ian Cruickshank,"Humidity 71%, max wind 2.6 kph, recorder: Riverforks E3A/CZM (older), mechanical noise to the south-east",Cam Gillies,
39204535,WLNP,Lower Mount Crandell,,23,2015,6,1,1,07:36,Recording,13,EI Monitoring,13,broken,0,Riverforks E3A/CZM (older),,,Christina Price and Ian Cruickshank,"Humidity 74%, max wind 3.1 kph, recorder: Riverforks E3A/CZM (older), mechanical noise to the south-east",Cam Gillies,
39204536,WLNP,Lower Mount Crandell,,24,2015,6,1,1,08:00,Recording,14,EI Monitoring,12.3,broken,0,Riverforks E3A/CZM (older),,,Christina Price and Ian Cruickshank,"Humidity 73%, max wind 0.0 kph, recorder: Riverforks E3A/CZM (older),lawn-mower? noise to the south-east",Cam Gillies,
39204537,WLNP,Lower Mount Crandell,,70,2015,6,1,1,08:52,Recording,16,EI Monitoring,16.6,broken,0,Riverforks E3A/CZM (older),,,Christina Price and Ian Cruickshank,"Humidity 63.5%, max wind 6.6 kph, recorder: Riverforks E3A/CZM (older), Columbia Ground Squirrels quite loud nearby",Cam Gillies,
39204538,WLNP,Lower Mount Crandell,,71,2015,6,1,1,09:19,Recording,17,EI Monitoring,14.2,broken,1.8,Riverforks E3A/CZM (older),,,Christina Price and Ian Cruickshank,"Humidity 63.5%, max wind 6.0 kph, recorder: Riverforks E3A/CZM (older), flock of maybe 20 cedar waxwings flew over",Cam Gillies,
39204539,WLNP,Lower Mount Crandell,,72,2015,6,1,1,09:43,Recording,18,EI Monitoring,19.9,broken,0,Riverforks E3A/CZM (older),,,Christina Price and Ian Cruickshank,"Humidity 50%, max wind 1.8 kph, recorder: Riverforks E3A/CZM (older), mic was placed ~1m above ground to compensate for loud river noise to south-east, audio comments were put into track 19",Cam Gillies,
39204540,WLNP,Prairie Trail,,575,2015,6,12,1,05:20,Recording,1,EI Monitoring,7.8,broken,0,Riverforks E3A/CZM (older),,,Ali Jones and Christina Price,"Humidity 84%, max wind 1.3 kph, recorder: Riverforks E3A/CZM (older)",Cam Gillies,
39204541,WLNP,Prairie Trail,,576,2015,6,12,1,05:42,Recording,2,EI Monitoring,9,broken,0,Riverforks E3A/CZM (older),,,Ali Jones and Christina Price,"Humidity 87%, max wind 1.3 kph, recorder: Riverforks E3A/CZM (older)",Cam Gillies,
39204542,WLNP,Prairie Trail,,577,2015,6,12,1,06:06,Recording,3,EI Monitoring,9.3,broken,0,Riverforks E3A/CZM (older),,,Ali Jones and Christina Price,"Humidity 85%, max wind 3.3kph, recorder: Riverforks E3A/CZM (older)",Cam Gillies,
39204543,WLNP,Prairie Trail,,578,2015,6,12,1,06:36,Recording,4,EI Monitoring,10.2,broken,1.4,Riverforks E3A/CZM (older),,,Ali Jones and Christina Price,"Humidity 93%, max wind 2.7 kph, recorder:Riverforks E3A/CZM (older)",Cam Gillies,
39204544,WLNP,Prairie Trail,,579,2015,6,12,1,06:57,Recording,5,EI Monitoring,14.8,scattered,1.4,Riverforks E3A/CZM (older),,,Ali Jones and Christina Price,"Humidity 60%, max wind 3.4 kph, recorder: Riverforks E3A/CZM (older)",Cam Gillies,
39204545,WLNP,Prairie Trail,,580,2015,6,12,1,07:28,Recording,6,EI Monitoring,15.4,scattered,1.9,Riverforks E3A/CZM (older),,,Ali Jones and Christina Price,"Humidity 65%, max wind 6.2 kph, recorder: Riverforks E3A/CZM (older)",Cam Gillies,
39204546,WLNP,Prairie Trail,,581,2015,6,12,1,07:57,Recording,8,EI Monitoring,16.3,scattered,2.5,Riverforks E3A/CZM (older),,,Ali Jones and Christina Price,"Humidity 62%, max wind 6.1 kph, recorder: Riverforks E3A/CZM (older), a few rocks were thrown to try to quiet down the ground squirrels towards the beginning",Cam Gillies,
39204547,WLNP,Prairie Trail,,582,2015,6,12,1,08:19,Recording,9,EI Monitoring,14.7,scattered,7.4,Riverforks E3A/CZM (older),,,Ali Jones and Christina Price,"Humidity 66.9%, max wind 10.2kph, recorder: Riverforks E3A/CZM (older)",Cam Gillies,
39204548,WLNP,Prairie Trail,,583,2015,6,12,1,08:43,Recording,10,EI Monitoring,21.8,scattered,5.3,Riverforks E3A/CZM (older),,,Ali Jones and Christina Price,"Humidity 45%, max wind 9.1 kph, recorder: Riverforks E3A/CZM (older)",Cam Gillies,
39204549,WLNP,Prairie Trail,,584,2015,6,12,1,09:06,Recording,11,EI Monitoring,19.1,scattered,6.9,Riverforks E3A/CZM (older),,,Ali Jones and Christina Price,"Humidity 48%, max wind 17.9kph, recorder: Riverforks E3A/CZM (older), Kestral (weather device) was making buzzing sound towards end in the gusting wind",Cam Gillies,
39204550,WLNP,Wishbone Trail,,33,2015,6,10,1,05:03,Recording,11,EI Monitoring,6,scattered,0,Riverforks E3A/CZM (older),,,Ali Jones and Christina Price,"Humidity 86%, max wind 1.8 kph, recorder: Riverforks E3A/CZM (older), mechanical sound at 7 min, possibly motorcycle",Cam Gillies,
39204551,WLNP,Wishbone Trail,,34,2015,6,10,1,05:26,Recording,12,EI Monitoring,4.5,scattered,0,Riverforks E3A/CZM (older),,,Ali Jones and Christina Price,"Humidity 90%, max wind 0.0 kph, recorder: Riverforks E3A/CZM (older)",Cam Gillies,
39204552,WLNP,Wishbone Trail,,35,2015,6,10,1,05:50,Recording,13,EI Monitoring,5.3,Scattered,1.5,Riverforks E3A/CZM (older),,,Ali Jones and Christina Price,"Humidity 91%, max wind 2.8 kph, recorder: Riverforks E3A/CZM (older)",Cam Gillies,
39204553,WLNP,Wishbone Trail,,36,2015,6,10,1,06:25,Recording,14,EI Monitoring,6.1,scattered,0,Riverforks E3A/CZM (older),,,Ali Jones and Christina Price,"Humidity 95%, max wind 2.2 kph, recorder: Riverforks E3A/CZM (older), car traffic at 3:30 min",Cam Gillies,
39204554,WLNP,Wishbone Trail,,37,2015,6,10,1,06:48,Recording,15,EI Monitoring,9,Scattered,0,Riverforks E3A/CZM (older),,,Ali Jones and Christina Price,"Humidity 93 % max wind 0.0 kph, recorder: Riverforks E3A/CZM (older), coyotes calling?",Cam Gillies,
39204555,WLNP,Wishbone Trail,,38,2015,6,10,1,07:13,Recording,2,EI Monitoring,10.5,broken,0,Riverforks E3A/CZM (older),,,Ali Jones and Christina Price,"Humidity 93% max wind 1.9 kph, recorder: Riverforks E3A/CZM (older)",Cam Gillies,
39204556,WLNP,Wishbone Trail,,39,2015,6,10,1,07:40,Recording,3,EI Monitoring,13.5,scattered,0,Riverforks E3A/CZM (older),,,Ali Jones and Christina Price,"Humidity 88.1%, max wind 0.0 kph, recorder: Riverforks E3A/CZM (older)",Cam Gillies,
39204557,WLNP,Wishbone Trail,,40,2015,6,10,1,08:12,Recording,4,EI Monitoring,14.5,scattered,0,Riverforks E3A/CZM (older),,,Ali Jones and Christina Price,"Humidity 74 % max wind 0.0 kph, recorder: Riverforks E3A/CZM (older), coyote noise?",Cam Gillies,
39204558,WLNP,Wishbone Trail,,60,2015,6,10,1,08:35,Recording,5,EI Monitoring,14.8,scattered,0,Riverforks E3A/CZM (older),,,Ali Jones and Christina Price,"Humidity 74%, max wind 2.7 kph, recorder: Riverforks E3A/CZM (older), raindrop sounds are from caterpillar infestation in aspen forest, dropping leaves and droppings from trees",Cam Gillies,
39204559,WLNP,Wishbone Trail,,61,2015,6,10,1,09:05,Recording,6,EI Monitoring,15.1,scattered,0,Riverforks E3A/CZM (older),,,Ali Jones and Christina Price,"Humidity 68%, max wind 2.1 kph, recorder: Riverforks E3A/CZM (older)",Cam Gillies,
39204560,WLNP,Cardston Entrance,,550,2015,6,5,1,05:21,Recording,3,EI Monitoring,5.3,clear,1.9,Riverforks E3A/CZM (older),,,Christina Price and Ian Cruickshank,"Humidity 83%, max wind 4.3 kph, recorder: Riverforks E3A/CZM (older)",Cam Gillies,
39204561,WLNP,Cardston Entrance,,551,2015,6,5,1,05:45,Recording,4,EI Monitoring,4.8,clear,1,Riverforks E3A/CZM (older),,,Christina Price and Ian Cruickshank,"Humidity 89%, max wind 4.1 kph, recorder: Riverforks E3A/CZM (older)",Cam Gillies,
39204562,WLNP,Cardston Entrance,,552,2015,6,5,1,06:08,Recording,6,EI Monitoring,6.1,clear,2.5,Riverforks E3A/CZM (older),,,Christina Price and Ian Cruickshank,"Humidity 85% max wind 5.3 kph, recorder: Riverforks E3A/CZM (older), car drove by",Cam Gillies,
39204563,WLNP,Cardston Entrance,,553,2015,6,5,1,06:32,Recording,7,EI Monitoring,8,clear,3.5,Riverforks E3A/CZM (older),,,Christina Price and Ian Cruickshank,"Humidity 76%, max wind 10.1kph, recorder: Riverforks E3A/CZM (older), car drove by",Cam Gillies,
39204564,WLNP,Cardston Entrance,,554,2015,6,5,1,06:58,Recording,8,EI Monitoring,9.5,clear,2,Riverforks E3A/CZM (older),,,Christina Price and Ian Cruickshank,"Humidity 80%, max wind 4.0 kph, recorder: Riverforks E3A/CZM (older)",Cam Gillies,
39204565,WLNP,Cardston Entrance,,555,2015,6,5,1,07:24,Recording,9,EI Monitoring,10.9,clear,2.7,Riverforks E3A/CZM (older),,,Christina Price and Ian Cruickshank,"Humidity 77%, max wind 6.5 kph, recorder: Riverforks E3A/CZM (older), cars driving by",Cam Gillies,
39204566,WLNP,Cardston Entrance,,556,2015,6,5,1,08:21,Recording,12,EI Monitoring,13.6,clear,4,Riverforks E3A/CZM (older),,,Christina Price and Ian Cruickshank,"Humidity 62%, max wind 10.0kph, recorder: Riverforks E3A/CZM (older), distant traffic noise",Cam Gillies,
39204567,WLNP,Cardston Entrance,,557,2015,6,5,1,07:50,Recording,11,EI Monitoring,13.3,clear,5.4,Riverforks E3A/CZM (older),,,Christina Price and Ian Cruickshank,"Humidity 66%, max wind 9.8 kph, recorder: Riverforks E3A/CZM (older)",Cam Gillies,
39204568,WLNP,Crandell Lake,,100,2015,6,4,1,05:40,Recording,1,EI Monitoring,5.4,Broken,0,Riverforks E3A/CZM (older),,,"Ian Cruickshank, Christina Price","Humidity 80 %, max wind 0.0 kph, recorder: Riverforks E3A/CZM (older), distant sound of creek",Cam Gillies,
39204569,WLNP,Crandell Lake,,101,2015,6,4,1,06:07,Recording,2,EI Monitoring,6,broken,2.6,Riverforks E3A/CZM (older),,,"Ian Cruickshank, Christina Price","Humidity 81%, max wind 6.3 kph, recorder: Riverforks E3A/CZM (older), creek noise prominent",Cam Gillies,
39204570,WLNP,Crandell Lake,,102,2015,6,4,1,06:35,Recording,3,EI Monitoring,6,Broken,0,Riverforks E3A/CZM (older),,,"Ian Cruickshank, Christina Price","Humidity 83 %, max wind 6.3 kph, recorder: Riverforks E3A/CZM (older), creek noise prominent",Cam Gillies,
39204571,WLNP,Crandell Lake,,103,2015,6,4,1,07:07,Recording,5,EI Monitoring,7,Broken,0,Riverforks E3A/CZM (older),,,"Ian Cruickshank, Christina Price","Humidity 86%, max wind 0.0 kph, recorder: Riverforks E3A/CZM (older), recorded ~10m east of stake to get farther away from loud creek nearby, heard bear noises - cracking branches",Cam Gillies,
39204572,WLNP,Crandell Lake,,104,2015,6,4,1,07:42,Recording,6,EI Monitoring,6.7,scattered,0,Riverforks E3A/CZM (older),,,"Ian Cruickshank, Christina Price","Humidity 85%, max wind 2.9 kph, recorder: Riverforks E3A/CZM (older)",Cam Gillies,
39204573,WLNP,Crandell Lake,,105,2015,6,4,1,08:16,Recording,7,EI Monitoring,7.9,scattered,2,Riverforks E3A/CZM (older),,,"Ian Cruickshank, Christina Price","Humidity 82%, , max wind 5.6 kph, recorder: Riverforks E3A/CZM (older)",Cam Gillies,
39204574,WLNP,Eskerine,,119,2015,6,9,1,05:13,Recording,1,EI Monitoring,8.2,clear,5.2,Riverforks E3A/CZM (older),,,Ali Jones and Christina Price,"Humidity 75%, max wind 8.2 kph, recorder: Riverforks E3A/CZM (older), the previous point ID for this point (0231) was incorrect compared to the ID tags in the field, database was changed in 2015 to reflect the field ID points",Cam Gillies,point id called in field was incorrect.
39204575,WLNP,Eskerine,,118,2015,6,9,1,05:42,Recording,2,EI Monitoring,9.2,clear,4,Riverforks E3A/CZM (older),,,Ali Jones and Christina Price,"Humidity 76%, max wind 7.0 kph, recorder: Riverforks E3A/CZM (older), the previous point ID for this point (0230) was incorrect compared to the ID tags in the field, database was changed in 2015 to reflect the field ID points",Cam Gillies,
39204576,WLNP,Eskerine,,117,2015,6,9,1,06:08,Recording,3,EI Monitoring,11.1,clear,9,Riverforks E3A/CZM (older),,,Ali Jones and Christina Price,"Humidity 66%, max wind 11.3 kph, recorder: Riverforks E3A/CZM (older), wind picked up towards the end, point ID in database updated in 2015 to reflect field ID point (instead of 0229)",Cam Gillies,
39204577,WLNP,Eskerine,,116,2015,6,9,1,06:34,Recording,4,EI Monitoring,12.1,clear,12,Riverforks E3A/CZM (older),,,Ali Jones and Christina Price,"Humidity 68%, max wind 15.0 kph, recorder: Riverforks E3A/CZM (older), Kestral (weather device) made buzzing sounds in the gusts around 6:30-7:30 min, 8:15-8:45 and 9:50 , elk heard in distance, (old, incorrect ID point was 0228, changed 2015)",Cam Gillies,
39204578,WLNP,Eskerine,,115,2015,6,9,1,07:04,Recording,5,EI Monitoring,13.1,clear,2.7,Riverforks E3A/CZM (older),,,Ali Jones and Christina Price,"Humidity 64%, max wind 13.4 kph, recorder: Riverforks E3A/CZM (older), aspens blowing a bit in breeze, elk heard in distancepoint ID in database updated in 2015 to reflect field ID point (instead of 0227)",Cam Gillies,
39204579,WLNP,Eskerine,,114,2015,6,9,1,07:33,Recording,6,EI Monitoring,13.7,clear,2.9,Riverforks E3A/CZM (older),,,Ali Jones and Christina Price,"Humidity 63%, max wind 3.2 kph, recorder: Riverforks E3A/CZM (older), elk heard in distance, point ID in database updated in 2015 to reflect field ID point (instead of 0226)",Cam Gillies,
39204580,WLNP,Eskerine,,113,2015,6,9,1,08:03,Recording,7,EI Monitoring,15.1,clear,1.5,Riverforks E3A/CZM (older),,,Ali Jones and Christina Price,"Humidity 58%, max wind 7.1 kph, recorder: Riverforks E3A/CZM (older), point ID in database updated in 2015 to reflect field ID point (instead of 0225)",Cam Gillies,
39204581,WLNP,Eskerine,,112,2015,6,9,1,08:37,Recording,8,EI Monitoring,18.5,clear,1.3,Riverforks E3A/CZM (older),,,Ali Jones and Christina Price,"Humidity 58%, max wind 6.4 kph, recorder: Riverforks E3A/CZM (older), point ID in database updated in 2015 to reflect field ID point (instead of 0224)",Cam Gillies,
39204582,WLNP,Eskerine,,111,2015,6,9,1,09:01,Recording,9,EI Monitoring,16.8,clear,5.1,Riverforks E3A/CZM (older),,,Ali Jones and Christina Price,"Humidity 56%, max wind 8.1 kph, recorder: Riverforks E3A/CZM (older), gulls in distance, point ID in database updated in 2015 to reflect field ID point (instead of 0223)",Cam Gillies,
39204583,WLNP,Eskerine,,110,2015,6,9,1,09:24,Recording,10,EI Monitoring,21.2,clear,1.9,Riverforks E3A/CZM (older),,,Ali Jones and Christina Price,"Humidity 65%, max wind 9.7 kph, recorder: Riverforks E3A/CZM(older), point ID in database updated in 2015 to reflect field ID point (instead of 0222)",Cam Gillies,
39204584,WLNP,Cameron Lake,,1,2015,6,23,1,05:13,Recording,1,EI Monitoring,7.2,clear,1.9,Riverforks E3A/CZM (older),,,Christina Price and Ian Cruickshank,"New humidity meter not seeming to work, max wind 2.7 kph, recorder: Riverforks E3A-CM/CZM (newer), note yellow cable was put into east mic, same for all of day's recordings, this means east=left, which is reverse of standard protocol",Cam Gillies,
39204585,WLNP,Cameron Lake,,3,2015,6,23,1,05:37,Recording,2,EI Monitoring,8.4,clear,0.8,Riverforks E3A/CZM (older),,,Christina Price and Ian Cruickshank,"Humidity not available, max wind 2.2 kph, recorder: Riverforks E3A-CM/CZM (newer)",Cam Gillies,
39204586,WLNP,Cameron Lake,,4,2015,6,23,1,06:00,Recording,3,EI Monitoring,9.7,clear,0,Riverforks E3A/CZM (older),,,Christina Price and Ian Cruickshank,"Humidity not available, max wind 1.5 kph, recorder: Riverforks E3A-CM/CZM (newer)",Cam Gillies,
39204587,WLNP,Cameron Lake,,5,2015,6,23,1,06:21,Recording,4,EI Monitoring,9.2,clear,1.7,Riverforks E3A/CZM (older),,,Christina Price and Ian Cruickshank,"Humidity not available, max wind 1.9 kph, recorder: Riverforks E3A-CM/CZM (newer), slight creek noise",Cam Gillies,
39204588,WLNP,Cameron Lake,,6,2015,6,23,1,06:42,Recording,5,EI Monitoring,9,clear,2.3,Riverforks E3A/CZM (older),,,Christina Price and Ian Cruickshank,"Humidity not available, max wind 4.5 kph, recorder: Riverforks E3A-CM/CZM (newer)",Cam Gillies,
39204589,WLNP,Cameron Lake,,124,2015,6,23,1,07:05,Recording,6,EI Monitoring,8.4,clear,1.8,Riverforks E3A/CZM (older),,,Christina Price and Ian Cruickshank,"Humidity not available, max wind 2.0 kph, recorder: Riverforks E3A-CM/CZM (newer)",Cam Gillies,
39204590,WLNP,Summit Lake,,9,2015,6,23,1,07:38,Recording,7,EI Monitoring,8.3,clear,0,Riverforks E3A/CZM (older),,,Christina Price and Ian Cruickshank,"New humidity meter not seeming to work, max wind 4.2 kph, recorder: Riverforks E3A-CM/CZM (newer), note yellow cable was put into east mic, same for all of day's recordings, this means east=left, which is reverse of standard protocol",Cam Gillies,
39204591,WLNP,Summit Lake,,11,2015,6,23,1,08:04,Recording,8,EI Monitoring,13.9,clear,0,Riverforks E3A/CZM (older),,,Christina Price and Ian Cruickshank,"Humidity not available, max wind 3.6 kph, recorder: Riverforks E3A-CM/CZM (newer)",Cam Gillies,
39204592,WLNP,Summit Lake,,12,2015,6,23,1,08:25,Recording,9,EI Monitoring,16,clear,1.7,Riverforks E3A/CZM (older),,,Christina Price and Ian Cruickshank,"Humidity not available, max wind 10.3 kph, recorder: Riverforks E3A-CM/CZM (newer)",Cam Gillies,
39204593,WLNP,Summit Lake,,125,2015,6,23,1,08:47,Recording,10,EI Monitoring,13,scattered,1.5,Riverforks E3A/CZM (older),,,Christina Price and Ian Cruickshank,"Humidity not available, max wind 6.8 kph, recorder: Riverforks E3A-CM/CZM (newer)",Cam Gillies,
39204594,WLNP,Summit Lake,,126,2015,6,23,1,09:16,Recording,11,EI Monitoring,14.4,Scattered,2,Riverforks E3A/CZM (older),,,Christina Price and Ian Cruickshank,"Humidity not available, max wind 6.8 kph, recorder: Riverforks E3A-CM/CZM (newer)",Cam Gillies,
39204595,WLNP,Summit Lake,,127,2015,6,23,1,09:40,Recording,12,EI Monitoring,19.3,Scattered,0.9,Riverforks E3A/CZM (older),,,Christina Price and Ian Cruickshank,"Humidity not available, max wind 4.5 kph, recorder: Riverforks E3A-CM/CZM (newer)",Cam Gillies,
39204596,WLNP,Summit Lake,,15,2015,6,24,1,05:41,Recording,1,EI Monitoring,2.6,clear,0,Riverforks E3A/CZM (older),,,Christina Price and Ian Cruickshank,"Humidity not available, max wind 1.4 kph, recorder: Riverforks E3A-CM/CZM (newer), left mic=black cable=east, suspest that right mic is recording louder by ~2db",Cam Gillies,
39204597,WLNP,Summit Lake,,16,2015,6,24,1,06:05,Recording,2,EI Monitoring,4.5,clear,2.1,Riverforks E3A/CZM (older),,,Christina Price and Ian Cruickshank,"Humidity not available, max wind 2.9 kph, recorder: Riverforks E3A-CM/CZM (newer), left mic=black cable=east, suspest that right mic is recording louder by ~2db",Cam Gillies,
39204598,WLNP,Summit Lake,,120,2015,6,24,1,06:30,Recording,3,EI Monitoring,6.8,clear,0,Riverforks E3A/CZM (older),,,Christina Price and Ian Cruickshank,"Humidity not available, max wind 1.7 kph, recorder: Riverforks E3A-CM/CZM (newer), left mic=black cable=east, suspest that right mic is recording louder by ~2db",Cam Gillies,
39204599,WLNP,Summit Lake,,121,2015,6,24,1,06:53,Recording,4,EI Monitoring,11.6,clear,0,Riverforks E3A/CZM (older),,,Christina Price and Ian Cruickshank,"Humidity not available, max wind 1.3 kph, recorder: Riverforks E3A-CM/CZM (newer), left mic=black cable=east, suspest that right mic is recording louder by ~2db",Cam Gillies,
39204600,WLNP,Summit Lake,,122,2015,6,24,1,07:17,Recording,5,EI Monitoring,11.1,clear,0,Riverforks E3A/CZM (older),,,Christina Price and Ian Cruickshank,"Humidity not available, max wind 1.2 kph, recorder: Riverforks E3A-CM/CZM (newer), left mic=black cable=east, suspest that right mic is recording louder by ~2db",Cam Gillies,
39204601,WLNP,Summit Lake,,123,2015,6,24,1,07:40,Recording,6,EI Monitoring,13,clear,0,Riverforks E3A/CZM (older),,,Christina Price and Ian Cruickshank,"Humidity not available, max wind 0.9 kph, recorder: Riverforks E3A-CM/CZM (newer), left mic=black cable=east, suspest that right mic is recording louder by ~2db",Cam Gillies,
39204602,WLNP,Summit Lake,,128,2015,6,24,1,08:04,Recording,7,EI Monitoring,15.5,clear,0.9,Riverforks E3A/CZM (older),,,Christina Price and Ian Cruickshank,"Humidity not available, max wind 3.1 kph, recorder: Riverforks E3A-CM/CZM (newer), left mic=black cable=east, suspest that right mic is recording louder by ~2db",Cam Gillies,
39204603,WLNP,Summit Lake,,129,2015,6,24,1,08:28,Recording,8,EI Monitoring,13.7,clear,1.3,Riverforks E3A/CZM (older),,,Christina Price and Ian Cruickshank,"Humidity not available, max wind 4.6 kph, recorder: Riverforks E3A-CM/CZM (newer), left mic=black cable=east, suspest that right mic is recording louder by ~2db",Cam Gillies,
39204605,WLNP,Cardston Gate South,,150,2015,6,22,1,05:07,Recording,1,EI Monitoring,4,clear,1.3,Riverforks E3A/CZM (older),,,Christina Price and Ian Cruickshank,"Humidity 84%, max wind, 6.0 kph, recorder type: Riverforks E3A/CZM (older)",Cam Gillies,
39204606,WLNP,Cardston Gate South,,151,2015,6,22,1,05:32,Recording,2,EI Monitoring,4.4,clear,3.2,Riverforks E3A/CZM (older),,,Christina Price and Ian Cruickshank,"Humidity 92%, max wind 4.2 kph, recorder type: Riverforks E3A/CZM (older)",Cam Gillies,
39204607,WLNP,Cardston Gate South,,152,2015,6,22,1,05:56,Recording,3,EI Monitoring,5.8,clear,2.8,Riverforks E3A/CZM (older),,,Christina Price and Ian Cruickshank,"Humidity 92%, max wind 5.3 kph, recorder type: Riverforks E3A/CZM (older), cars to the east, elk to the south",Cam Gillies,
39204608,WLNP,Cardston Gate South,,153,2015,6,22,1,06:20,Recording,4,EI Monitoring,8.4,clear,2.4,Riverforks E3A/CZM (older),,,Christina Price and Ian Cruickshank,"Humidity 83%, max wind 6.4 kph, recorder type: Riverforks E3A/CZM (older), cars distant to the north-east, elk/cattle distant",Cam Gillies,
39204609,WLNP,Cardston Gate South,,154,2015,6,22,1,06:43,Recording,5,EI Monitoring,7.2,clear,1.4,Riverforks E3A/CZM (older),,,Christina Price and Ian Cruickshank,"Humidity 90%, max wind 6.6 kph, recorder type: Riverforks E3A/CZM (older), cars distant to the north-east, elk distant",Cam Gillies,
39204610,WLNP,Stoney Flats,,156,2015,6,24,1,05:36,Recording,1,EI Monitoring,7.7,clear,3.5,Riverforks E3A/CZM (older),,,Ali Jones and Helena Mahoney,"Humidity 79%, max wind 11.3 kph, recorder type: Riverforks E3A/CZM (older), Kestral (weather device buzzing a bit in the gusts, car drove by in distant at 5:02",Cam Gillies,
39204611,WLNP,Stoney Flats,,157,2015,6,24,1,06:18,Recording,2,EI Monitoring,7.3,clear,2.1,Riverforks E3A/CZM (older),,,Ali Jones and Helena Mahoney,"Humidity 94%, max wind 4.2 kph, recorder type: Riverforks E3A/CZM (older), background river noise, coyote at 2:58 and 9:23",Cam Gillies,
39204612,WLNP,Stoney Flats,,158,2015,6,24,1,06:53,Recording,3,EI Monitoring,9.3,clear,0,Riverforks E3A/CZM (older),,,Ali Jones and Helena Mahoney,"Humidity 87%, max wind 1.9 kph, recorder type: Riverforks E3A/CZM (older), stream 100m away, sandhill cranes flew by at 1:45, distant elk and coyotes",Cam Gillies,
39204613,WLNP,Stoney Flats,,159,2015,6,29,1,07:36,Recording,1,EI Monitoring,21.4,broken,1.9,Riverforks E3A/CZM (older),,,Ian Cruickshank and Christina Price,"Humidity 76%, max wind 4.5 kph, recorder type: Riverforks E3A-CM/CZM (newer), this point recorded on a differnet day than rest of transect",Cam Gillies,
39204614,WLNP,Stoney Flats,,160,2015,6,24,1,08:00,Recording,4,EI Monitoring,15.9,clear,1,Riverforks E3A/CZM (older),,,Ali Jones and Helena Mahoney,"Humidity 65.5%, max wind 2.2 kph, recorder type: Riverforks E3A/CZM (older), loud ground squirrels present",Cam Gillies,
39204615,WLNP,Stoney Flats,,161,2015,6,24,1,08:53,Recording,7,EI Monitoring,17,scattered,0,Riverforks E3A/CZM (older),,,Ali Jones and Helena Mahoney,"Humidity 68.0%, max wind 1.4 kph, recorder type: Riverforks E3A/CZM (older), airplane overhead at 4:00",Cam Gillies,
39204616,WLNP,Blakiston Fan,,162,2015,6,20,1,05:27,Recording,1,EI Monitoring,4.1,clear,0,Riverforks E3A/CZM (older),,,Christina Price and Helena Mahoney,"Humidity 77%, max wind 2.9 kph, recorder type: Riverforks E3A/CZM (older)",Cam Gillies,
39204617,WLNP,Blakiston Fan,,163,2015,6,20,1,05:58,Recording,2,EI Monitoring,5.5,clear,1.3,Riverforks E3A/CZM (older),,,Christina Price and Helena Mahoney,"Humidity 94%, max wind 3.5 kph, recorder type: Riverforks E3A/CZM (older), car drove by at 5:15, 3 cars drove by near end of recording",Cam Gillies,
39204618,WLNP,Blakiston Fan,,164,2015,6,20,1,06:24,Recording,3,EI Monitoring,9.8,clear,1.5,Riverforks E3A/CZM (older),,,Christina Price and Helena Mahoney,"Humidity 83%, max wind 6.4 kph, recorder type: Riverforks E3A/CZM (older), cars drove by at 1:30 min, 4:12, 6:55, 8:55 and 10:50",Cam Gillies,
39204619,WLNP,Blakiston Fan,,165,2015,6,20,1,06:56,Recording,4,EI Monitoring,10.5,clear,2.6,Riverforks E3A/CZM (older),,,Christina Price and Helena Mahoney,"Humidity 85%, max wind 4.1 kph, recorder type: Riverforks E3A/CZM (older), distant cars at 3:30, 6:50, 8:35, 10:44",Cam Gillies,
39204620,WLNP,Blakiston Fan,,166,2015,6,20,1,07:51,Recording,5,EI Monitoring,15.2,clear,4.3,Riverforks E3A/CZM (older),,,Christina Price and Helena Mahoney,"Humidity 63%, max wind 10.6 kph, recorder type: Riverforks E3A/CZM (older), distant cars at 1:58 and 5:37, dinging sound from a phone at 6:51",Cam Gillies,
39204621,WLNP,Blakiston Fan,,168,2015,6,22,1,07:41,Recording,6,EI Monitoring,9.9,clear,8.5,Riverforks E3A/CZM (older),,,Christina Price and Ian Cruickshank,"Humidity 75%, max wind 11.3 kph, recorder type: Riverforks E3A/CZM (older), 3 cars passed by on HWY",Cam Gillies,
39204622,WLNP,Blakiston Fan,,167,2015,6,22,1,08:09,Recording,7,EI Monitoring,14.8,clear,4.6,Riverforks E3A/CZM (older),,,Christina Price and Ian Cruickshank,"Humidity 60%, max wind 13.9 kph, recorder type: Riverforks E3A/CZM (older), 4 cars passed by on HWY",Cam Gillies,
39204623,WLNP,Blakiston Fan,,169,2015,6,22,1,09:04,Recording,9,EI Monitoring,17.5,clear,6.6,Riverforks E3A/CZM (older),,,Christina Price and Ian Cruickshank,"Humidity 54%, max wind 13.8 kph, recorder type: Riverforks E3A/CZM (older), 6 cars passed by on HWY",Cam Gillies,
39204624,WLNP,Eskerine,,116,2015,7,6,1,07:20,Recording,2,EI Monitoring,9.4,scattered,10,Riverforks E3A/CZM (older),,,Ian Cruickshank and Christina Price,"Humidity 73.5%, max wind 16.7 kph, recorder: Riverforks E3A-CM/CZM (newer), point redone because quality of first recording wasn't great, (old, incorrect ID point was 0228, changed 2015)",Cam Gillies,
39204625,WLNP,Eskerine,,115,2015,7,6,1,07:46,Recording,3,EI Monitoring,10.2,scattered,10,Riverforks E3A/CZM (older),,,Ian Cruickshank and Christina Price,"Humidity 73.0%, max wind 14.5 kph, recorder: Riverforks E3A-CM/CZM (newer), point redone because quality of first recording wasn't great, (old, incorrect ID point was 0227, changed 2015)",Cam Gillies,
39209140,WLNP,Sofa Mountain,,27,2016,6,7,1,05:51,Recording,3,EI Monitoring,14.6,clear,0,Riverforks E3A/CZM (older),CZM (older),Good,Iain Reid and Ruth Midgley,,Theresa Hannah,
39209155,WLNP,Sofa Mountain,,28,2016,6,7,1,06:22,Recording,4,EI Monitoring,17,clear,1.8,Riverforks E3A/CZM (older),CZM (older),Good,Iain Reid and Ruth Midgley,"plane overhead, squirrel chatter",Theresa Hannah,
39209172,WLNP,Sofa Mountain,,29,2016,6,7,1,06:59,Recording,5,EI Monitoring,16.2,clear,0,Riverforks E3A/CZM (older),CZM (older),Good,Iain Reid and Ruth Midgley,,Theresa Hannah,
39209186,WLNP,Sofa Mountain,,30,2016,6,7,1,07:31,Recording,6,EI Monitoring,20.5,clear,0,Riverforks E3A/CZM (older),CZM (older),Good,Iain Reid and Ruth Midgley,,Theresa Hannah,
39209202,WLNP,Sofa Mountain,,31,2016,6,7,1,07:58,Recording,8,EI Monitoring,22.9,clear,0,Riverforks E3A/CZM (older),CZM (older),Good,Iain Reid and Ruth Midgley,,Theresa Hannah,
39209217,WLNP,Sofa Mountain,,32,2016,6,7,1,08:32,Recording,9,EI Monitoring,22.6,clear,3.1,Riverforks E3A/CZM (older),CZM (older),Good,Iain Reid and Ruth Midgley,,Theresa Hannah,
39209233,WLNP,Sofa Mountain,,80,2016,6,7,1,09:04,Recording,10,EI Monitoring,23.1,clear,3.1,Riverforks E3A/CZM (older),CZM (older),Moderate,Iain Reid and Ruth Midgley,,Theresa Hannah,
39209248,WLNP,Sofa Mountain,,81,2016,6,7,1,09:34,Recording,11,EI Monitoring,25,clear,5.6,Riverforks E3A/CZM (older),CZM (older),Moderate,Iain Reid and Ruth Midgley,,Theresa Hannah,
39209261,WLNP,Cameron Lake,,5,2016,7,7,1,06:02,Recording,3,EI Monitoring,6.6,broken - valley fog,3,Riverforks E3A/CZM (older),CZM (older),Moderate,Iain Reid and Ruth Midgley,,Theresa Hannah,
39209268,WLNP,Cameron Lake,,124,2016,7,7,1,07:01,Recording,5,EI Monitoring,6.9,broken - valley fog,1.2,Riverforks E3A/CZM (older),CZM (older),Moderate,Iain Reid and Ruth Midgley,,Theresa Hannah,
39209280,WLNP,Crandell Lake,,101,2016,6,8,1,05:30,Recording,2,EI Monitoring,12.9,clear,0,Riverforks E3A/CZM (older),CZM (older),Good,Iain Reid and Ruth Midgley,,Theresa Hannah,
39209294,WLNP,Crandell Lake,,102,2016,6,8,1,06:03,Recording,3,EI Monitoring,13.3,broken,0,Riverforks E3A/CZM (older),CZM (older),Good,Iain Reid and Ruth Midgley,,Theresa Hannah,
39209308,WLNP,Crandell Lake,,103,2016,6,8,1,06:36,Recording,4,EI Monitoring,13.6,broken,0,Riverforks E3A/CZM (older),CZM (older),Moderate,Iain Reid and Ruth Midgley,,Theresa Hannah,
39209321,WLNP,Crandell Lake,,104,2016,6,8,1,07:07,Recording,5,EI Monitoring,14.2,broken,0,Riverforks E3A/CZM (older),CZM (older),Moderate,Iain Reid and Ruth Midgley,,Theresa Hannah,
39209342,WLNP,Crandell Lake,,105,2016,6,8,1,07:42,Recording,6,EI Monitoring,14.7,broken,0.9,Riverforks E3A/CZM (older),CZM (older),Good,Iain Reid and Ruth Midgley,,Theresa Hannah,
39209360,WLNP,Akamina,,90,2016,6,24,1,05:40,Recording,1,EI Monitoring,11,clear,0,Riverforks E3A/CZM (older),CZM (older),Good,Iain Reid and Kyle Nelson,"Max wind 1.5 km/h, WRONG POINT NUMBER MENTIONED IN SLATE",Theresa Hannah,
39209373,WLNP,Akamina,,91,2016,6,24,1,06:09,Recording,2,EI Monitoring,10.5,clear,0,Riverforks E3A/CZM (older),CZM (older),Good,Iain Reid and Kyle Nelson,Max wind 0 km/h,Theresa Hannah,
39209385,WLNP,Akamina,,92,2016,6,24,1,06:34,Recording,3,EI Monitoring,9.2,clear,0,Riverforks E3A/CZM (older),CZM (older),Good,Iain Reid and Kyle Nelson,"Max wind 0 km/h, creek to south",Theresa Hannah,
39209393,WLNP,Akamina,,93,2016,6,24,1,07:06,Recording,4,EI Monitoring,7.6,clear,0,Riverforks E3A/CZM (older),CZM (older),Good,Iain Reid and Kyle Nelson,Max wind 0 km/h,Theresa Hannah,
39209401,WLNP,Akamina,,94,2016,6,24,1,07:35,Recording,5,EI Monitoring,10.8,scattered,0,Riverforks E3A/CZM (older),CZM (older),Good,Iain Reid and Kyle Nelson,Max wind 1.3 km/h,Theresa Hannah,
39209408,WLNP,Akamina,,95,2016,6,24,1,08:05,Recording,6,EI Monitoring,10.3,broken,0,Riverforks E3A/CZM (older),CZM (older),Good,Iain Reid and Kyle Nelson,Max wind 0 km/h,Theresa Hannah,
39209416,WLNP,Lower Mount Crandell,,20,2016,6,29,1,05:56,Recording,3,EI Monitoring,12.2,clear,0,Riverforks E3A/CZM (older),CZM (older),Moderate,Iain Reid and Ruth,"Max wind 0 km/h, machinery to south",Theresa Hannah,
39209429,WLNP,Lower Mount Crandell,,22,2016,6,29,1,06:46,Recording,5,EI Monitoring,13.8,clear,0,Riverforks E3A/CZM (older),CZM (older),Moderate,Iain Reid and Kyle Nelson,"Max wind 0 km/h, machinery to south",Theresa Hannah,
39209450,WLNP,Lower Mount Crandell,,23,2016,6,29,1,07:09,Recording,6,EI Monitoring,15.4,clear,0,Riverforks E3A/CZM (older),CZM (older),Moderate,Iain Reid and Kyle Nelson,"Max wind 0 km/h, machinery to south",Theresa Hannah,
39209464,WLNP,Lower Mount Crandell,,24,2016,6,29,1,07:36,Recording,7,EI Monitoring,12.3,clear,0,Riverforks E3A/CZM (older),CZM (older),Moderate,Iain Reid and Kyle Nelson,"Max wind 1.3 km/h, machinery and traffic to south",Theresa Hannah,
39209478,WLNP,Lower Mount Crandell,,71,2016,6,29,1,08:32,Recording,9,EI Monitoring,18.1,clear,0,Riverforks E3A/CZM (older),CZM (older),Moderate,Iain Reid and Kyle Nelson,"Max wind 0 km/h, traffic to east",Theresa Hannah,
39209496,WLNP,Lower Mount Crandell,,72,2016,6,29,1,09:00,Recording,10,EI Monitoring,21.3,clear,1.3,Riverforks E3A/CZM (older),CZM (older),Poor,Iain Reid and Kyle Nelson,"Max wind 3.2 km/h, creek to east, Kyle sneezed at ~1:30",Theresa Hannah,
39209502,WLNP,Horseshoe Basin,,43,2016,6,10,1,05:56,Recording,3,EI Monitoring,5.1,scattered,2.3,Riverforks E3A/CZM (older),CZM (older),Good,Iain Reid and Ruth Midgley,"Max wind 3.2 km/h, thin cloud, cows mooing in background",Theresa Hannah,
39209518,WLNP,Horseshoe Basin,,44,2016,6,10,1,06:24,Recording,4,EI Monitoring,11.2,broken,1.1,Riverforks E3A/CZM (older),CZM (older),Good,Iain Reid and Ruth Midgley,"Max wind 4.8 km/h, coyote barking at ~10:00, traffic noises in background",Theresa Hannah,
39209535,WLNP,Horseshoe Basin,,45,2016,6,10,1,06:53,Recording,5,EI Monitoring,12.8,broken,0,Riverforks E3A/CZM (older),CZM (older),Good,Iain Reid and Ruth Midgley,"Max wind 1.4 km/h, thin cloud, light traffic in distance, cows mooing",Theresa Hannah,
39209552,WLNP,Horseshoe Basin,,46,2016,6,10,1,07:22,Recording,6,EI Monitoring,12.8,broken,2.8,Riverforks E3A/CZM (older),CZM (older),Moderate,Iain Reid and Ruth Midgley,"Max wind 6.7 km/h, light traffic in background",Theresa Hannah,
39209575,WLNP,Horseshoe Basin,,47,2016,6,10,1,07:53,Recording,7,EI Monitoring,12.6,overcast,2.2,Riverforks E3A/CZM (older),CZM (older),Poor,Iain Reid and Ruth Midgley,"Max wind 4.6 km/h, thin cloud, airplane at 9:27, aspens rustling in the wind - will have to return",Theresa Hannah,
39209588,WLNP,Horseshoe Basin,,48,2016,6,10,1,08:24,Recording,8,EI Monitoring,13.1,overcast,1.9,Riverforks E3A/CZM (older),CZM (older),Poor,Iain Reid and Ruth Midgley,"Max wind 7.4 km/h, thin cloud, noisy aspens and wind - will have to return",Theresa Hannah,
39209598,WLNP,Horseshoe Basin,,49,2016,6,10,1,08:54,Recording,9,EI Monitoring,10.5,overcast,5.2,Riverforks E3A/CZM (older),CZM (older),Moderate,Iain Reid and Ruth Midgley,"Max wind 16.3 km/h, windy - will have to return",Theresa Hannah,
39209615,WLNP,Horseshoe Basin,,50,2016,6,10,1,09:23,Recording,10,EI Monitoring,9.5,overcast,1.6,Riverforks E3A/CZM (older),CZM (older),Good,Iain Reid and Ruth Midgley,Max wind 8.0 km/h,Theresa Hannah,
39209639,WLNP,Wishbone Trail,,35,2016,6,27,1,05:59,Recording,4,EI Monitoring,8.4,clear,0,Riverforks E3A/CZM (older),CZM (older),Good,Iain Reid and Kyle Nelson,Max wind 0 km/h,Theresa Hannah,
39209668,WLNP,Wishbone Trail,,36,2016,6,27,1,06:24,Recording,5,EI Monitoring,8.6,clear,1.1,Riverforks E3A/CZM (older),CZM (older),Good,Iain Reid and Kyle Nelson,"Max wind 2.7 km/h, traffic to north",Theresa Hannah,
39209692,WLNP,Wishbone Trail,,37,2016,6,27,1,06:47,Recording,6,EI Monitoring,11.1,clear,0,Riverforks E3A/CZM (older),CZM (older),Moderate,Iain Reid and Kyle Nelson,"Max wind 1.1 km/h, traffic to north",Theresa Hannah,
39209715,WLNP,Wishbone Trail,,38,2016,6,27,1,07:12,Recording,7,EI Monitoring,9.8,clear,2.3,Riverforks E3A/CZM (older),CZM (older),Moderate,Iain Reid and Kyle Nelson,"Max wind 3.6 km/h, traffic to north",Theresa Hannah,
39209733,WLNP,Wishbone Trail,,39,2016,6,27,1,07:37,Recording,8,EI Monitoring,11.5,clear,0,Riverforks E3A/CZM (older),CZM (older),Moderate,Iain Reid and Kyle Nelson,"Max wind 0 km/h, traffic to north",Theresa Hannah,
39209752,WLNP,Wishbone Trail,,40,2016,6,27,1,08:04,Recording,9,EI Monitoring,14.6,clear,0,Riverforks E3A/CZM (older),CZM (older),Moderate,Iain Reid and Kyle Nelson,"Max wind 0 km/h, traffic to north",Theresa Hannah,
39209789,WLNP,Wishbone Trail,,61,2016,6,27,1,08:52,Recording,11,EI Monitoring,16.2,clear,0,Riverforks E3A/CZM (older),CZM (older),Moderate,Iain Reid and Kyle Nelson,"Max wind 1.4 km/h, traffic to north and west",Theresa Hannah,
39209802,WLNP,Yarrow Cabin Trail,,568,2016,6,23,1,05:27,Recording,2,EI Monitoring,9.5,thin broken,1.1,Riverforks E3A/CZM (older),CZM (older),Good,Iain Reid and Kyle Nelson,"Max wind 1.6 km/h, creek to east, natural gas facility to west",Theresa Hannah,
39209813,WLNP,Yarrow Cabin Trail,,569,2016,6,23,1,05:56,Recording,3,EI Monitoring,9.7,thin broken,1.7,Riverforks E3A/CZM (older),CZM (older),Good,Iain Reid and Kyle Nelson,"Max wind 3.0 km/h, natural gas facility to west",Theresa Hannah,
39209832,WLNP,Yarrow Cabin Trail,,570,2016,6,23,1,06:22,Recording,4,EI Monitoring,11.8,thin broken,0,Riverforks E3A/CZM (older),CZM (older),Good,Iain Reid and Kyle Nelson,"Max wind 0 km/h, natural gas facility to west",Theresa Hannah,
39209845,WLNP,Yarrow Cabin Trail,,571,2016,6,23,1,06:58,Recording,5,EI Monitoring,11.5,broken,1.1,Riverforks E3A/CZM (older),CZM (older),Moderate,Iain Reid and Kyle Nelson,"Max wind 2.0 km/h, natural gas facility to west",Theresa Hannah,
39209857,WLNP,Yarrow Cabin Trail,,572,2016,6,23,1,07:28,Recording,6,EI Monitoring,11.6,broken,3,Riverforks E3A/CZM (older),CZM (older),Moderate,Iain Reid and Kyle Nelson,"Max wind 3.8 km/h, natural gas facility to west",Theresa Hannah,
39209871,WLNP,Yarrow Cabin Trail,,573,2016,6,23,1,07:56,Recording,7,EI Monitoring,13.4,broken,0.9,Riverforks E3A/CZM (older),CZM (older),Moderate,Iain Reid and Kyle Nelson,"Max wind 1.6 km/h, natural gas facility to west",Theresa Hannah,
39209883,WLNP,Yarrow Cabin Trail,,574,2016,6,23,1,08:27,Recording,8,EI Monitoring,15.6,overcast,0,Riverforks E3A/CZM (older),CZM (older),Good,Iain Reid and Kyle Nelson,Max wind 0 km/h,Theresa Hannah,
39209894,WLNP,Yarrow Cabin Trail,,590,2016,6,23,1,09:00,Recording,9,EI Monitoring,18.2,overcast,0.9,Riverforks E3A/CZM (older),CZM (older),Good,Iain Reid and Kyle Nelson,Max wind 2.0 km/h,Theresa Hannah,
39209909,WLNP,Yarrow Cabin Trail,,591,2016,6,23,1,09:29,Recording,10,EI Monitoring,16.2,thin broken,1.3,Riverforks E3A/CZM (older),CZM (older),Good,Iain Reid and Kyle Nelson,Max wind 2.6 km/h,Theresa Hannah,
39209922,WLNP,Eskerine,,110,2016,6,30,1,07:21,Recording,5,EI Monitoring,12,clear,8.8,Riverforks E3A/CZM (older),CZM (older),Moderate,Iain Reid and Kyle Nelson,"Max wind 13.2 km/h, traffic to south and east",Theresa Hannah,
39209944,WLNP,Eskerine,,111,2016,6,30,1,07:47,Recording,6,EI Monitoring,13.6,clear,12.6,Riverforks E3A/CZM (older),CZM (older),Moderate,Iain Reid and Kyle Nelson,"Max wind 16.9 km/h, traffic to south and east",Theresa Hannah,
39209958,WLNP,Eskerine,,112,2016,6,6,1,08:37,Recording,9,EI Monitoring,18.5,clear,5.2,Riverforks E3A/CZM (older),CZM (older),Moderate,Iain Reid and Ruth Midgley,"Max wind 7.5 km/h, light traffic to south",Theresa Hannah,
39209974,WLNP,Eskerine,,113,2016,6,6,1,08:04,Recording,8,EI Monitoring,14.5,clear,7,Riverforks E3A/CZM (older),CZM (older),Moderate,Iain Reid and Ruth Midgley,"Max wind 10.3 km/h, light traffic, construction vehicles beeping",Theresa Hannah,
39209988,WLNP,Eskerine,,114,2016,6,6,1,07:32,Recording,7,EI Monitoring,15,clear,5.4,Riverforks E3A/CZM (older),CZM (older),Moderate,Iain Reid and Ruth Midgley,"Max wind 7.8 km/h, traffic to south",Theresa Hannah,
39210009,WLNP,Eskerine,,115,2016,6,6,1,07:02,Recording,6,EI Monitoring,13,clear,7.1,Riverforks E3A/CZM (older),CZM (older),Moderate,Iain Reid and Ruth Midgley,"Max wind 13.0 km/h, light traffic in backgound",Theresa Hannah,
39210023,WLNP,Eskerine,,116,2016,6,6,1,06:32,Recording,5,EI Monitoring,11,clear,6.1,Riverforks E3A/CZM (older),CZM (older),Good,Iain Reid and Ruth Midgley,"max wind 8.1 km/h, elk barking in background",Theresa Hannah,
39210031,WLNP,Eskerine,,117,2016,6,6,1,06:01,Recording,4,EI Monitoring,8.8,clear,3.4,Riverforks E3A/CZM (older),CZM (older),Moderate,Iain Reid and Ruth Midgley,"Max wind 4.9 km/h, WRONG POINT NUMBER MENTIONED IN SLATE vehicle traffic in backgound near end",Theresa Hannah,
39210040,WLNP,Eskerine,,118,2016,6,6,1,05:28,Recording,3,EI Monitoring,8.2,clear,1.1,Riverforks E3A/CZM (older),CZM (older),Moderate,Iain Reid and Ruth Midgley,"Max wind 1.5 km/h, Cars at 2:38, 5:26, and 6:20",Theresa Hannah,
39210050,WLNP,Eskerine,,119,2016,6,6,1,04:57,Recording,2,EI Monitoring,10.3,clear,3.1,Riverforks E3A/CZM (older),CZM (older),Moderate,Iain Reid and Ruth Midgley,Max wind 5.8 km/h,Theresa Hannah,
39210061,WLNP,Cardston Entrance,,550,2016,6,28,1,04:48,Recording,1,EI Monitoring,10.4,scattered,2.1,Riverforks E3A/CZM (older),CZM (older),Moderate,Iain Reid and Kyle Nelson,Max wind 3.4 km/h,Theresa Hannah,
39210074,WLNP,Cardston Entrance,,551,2016,6,28,1,05:13,Recording,2,EI Monitoring,6.6,broken,3,Riverforks E3A/CZM (older),CZM (older),Moderate,Iain Reid and Kyle Nelson,"Max wind 3.9 km/h, machinery to north, car passed at 9:58",Theresa Hannah,
39210085,WLNP,Cardston Entrance,,552,2016,6,28,1,05:54,Recording,4,EI Monitoring,7.3,broken,5.6,Riverforks E3A/CZM (older),CZM (older),Moderate,Iain Reid and Kyle Nelson,"Max wind 7.4 km/h, machinery ro north, traffic to south (vehicles at 5:22 and 8:44)",Theresa Hannah,
39210099,WLNP,Cardston Entrance,,553,2016,6,28,1,06:20,Recording,5,EI Monitoring,8.6,scattered,0,Riverforks E3A/CZM (older),CZM (older),Poor,Iain Reid and Kyle Nelson,"Max wind 0 km/h, gravel pit to north, traffic in all directions, power lines above",Theresa Hannah,
39210114,WLNP,Cardston Entrance,,554,2016,6,28,1,06:47,Recording,6,EI Monitoring,8.4,scattered,0,Riverforks E3A/CZM (older),CZM (older),Poor,Iain Reid and Kyle Nelson,"Max wind 1.6 km/h, gravel pit to east, traffic in all directions, power lines above",Theresa Hannah,
39210127,WLNP,Cardston Entrance,,555,2016,6,28,1,07:13,Recording,7,EI Monitoring,11.1,scattered,2.3,Riverforks E3A/CZM (older),CZM (older),Poor,Iain Reid and Kyle Nelson,"Max wind 3.5 km/h, gravel pit to east, traffic in all directions, power lines above, ground squirrels chirping",Theresa Hannah,
39210139,WLNP,Cardston Entrance,,556,2016,6,28,1,07:41,Recording,8,EI Monitoring,15.5,scattered,0,Riverforks E3A/CZM (older),CZM (older),Moderate,Iain Reid and Kyle Nelson,"Max wind 1.4 km/h, traffic in all directions, power lines above, 6:25 airplane overhead",Theresa Hannah,
39210156,WLNP,Cardston Entrance,,557,2016,6,28,1,08:06,Recording,9,EI Monitoring,15.3,scattered,0,Riverforks E3A/CZM (older),CZM (older),Moderate,Iain Reid and Kyle Nelson,"Max wind 0 km/h, traffic to south, ground squirrels",Theresa Hannah,
39210173,WLNP,Cardston Gate South,,150,2016,5,31,1,05:22,Recording,1,EI Monitoring,5.1,broken,2.3,Riverforks E3A/CZM (older),CZM (older),Good,Iain Reid and Kyle Nelson,"Max wind 3.3 km/h, humidity 100%",Theresa Hannah,
39210199,WLNP,Cardston Gate South,,152,2016,5,31,1,06:40,Recording,3,EI Monitoring,4.1,broken,2.8,Riverforks E3A/CZM (older),CZM (older),Good,Iain Reid and Kyle Nelson,"Max wind 3.5 km/h, humidity 100%, vehicle traffic to west",Theresa Hannah,
39210219,WLNP,Cardston Gate South,,153,2016,5,31,1,07:21,Recording,4,EI Monitoring,6.9,scattered,5.6,Riverforks E3A/CZM (older),CZM (older),Moderate,Iain Reid and Kyle Nelson,"Max wind 9.1 km/h, humidity 100%, vehicle traffic to west, kestrel hitting tripod on new unit recording",Theresa Hannah,
39210234,WLNP,Cardston Gate South,,154,2016,5,31,1,07:57,Recording,5,EI Monitoring,8.3,scattered,3,Riverforks E3A/CZM (older),CZM (older),Good,Iain Reid and Kyle Nelson,"Max wind 6.3 km/h, humidity 100%, vehicle traffic to west",Theresa Hannah,
39210249,WLNP,Blakiston Fan,,163,2016,6,18,1,05:32,Recording,4,EI Monitoring,3.7,broken,0.9,Riverforks E3A/CZM (older),CZM (older),Moderate,"Iain Reid, Ruth Midgley and Vera Yartseva","Max wind 4.7 km/h, cars at ~4:00 and ~9:00, creek to west",Theresa Hannah,
39210264,WLNP,Blakiston Fan,,164,2016,6,18,1,06:01,Recording,5,EI Monitoring,9.2,broken,0,Riverforks E3A/CZM (older),CZM (older),Moderate,"Iain Reid, Ruth Midgley and Vera Yartseva","Max wind 0.0 km/h, cars at ~6:00 and ~8:00",Theresa Hannah,
39210277,WLNP,Blakiston Fan,,165,2016,6,18,1,06:30,Recording,6,EI Monitoring,9.4,broken,0,Riverforks E3A/CZM (older),CZM (older),Poor,"Iain Reid, Ruth Midgley, Vera Yartseva","Max wind 0.0 km/h, vehicle traffic, creek to west",Theresa Hannah,
39210293,WLNP,Blakiston Fan,,166,2016,6,18,1,07:14,Recording,7,EI Monitoring,11.3,overcast,0,Riverforks E3A/CZM (older),CZM (older),Moderate,"Iain Reid, Ruth Midgley and Vera Yartseva","Max wind 0.0 km/h, distant vehicle trafficto north",Theresa Hannah,
39210313,WLNP,Blakiston Fan,,167,2016,6,18,1,07:45,Recording,8,EI Monitoring,15.4,overcast,0,Riverforks E3A/CZM (older),CZM (older),Good,"Iain Reid, Ruth Midgley and Vera Yartseva","Max wind 0.0 km/h, traffic to north, airplane at ~11:00",Theresa Hannah,
39210333,WLNP,Blakiston Fan,,168,2016,6,18,1,08:12,Recording,9,EI Monitoring,11.6,overcast,0,Riverforks E3A/CZM (older),CZM (older),Moderate,"Iain Reid, Ruth Midgley and Vera Yartseva","Max wind 0.0 km/h, traffic to north",Theresa Hannah,
39210349,WLNP,Blakiston Fan,,169,2016,6,18,1,08:39,Recording,10,EI Monitoring,16.1,broken,0,Riverforks E3A/CZM (older),CZM (older),Good,"Iain Reid, Ruth Midgley and Vera Yartseva","Max wind 0.0 km/h, traffic to north",Theresa Hannah,
39210362,WLNP,Stoney Flats,,156,2016,6,1,1,05:10,Recording,2,EI Monitoring,9.6,scattered,2.8,Riverforks E3A/CZM (older),CZM (older),Moderate,Iain Reid and Kyle Nelson,"Max wind 4.4 km/h, humidity 91.9%, river to south",Theresa Hannah,
39210379,WLNP,Stoney Flats,,157,2016,6,1,1,05:53,Recording,3,EI Monitoring,6.5,scattered,4.1,Riverforks E3A/CZM (older),CZM (older),Poor,Iain Reid and Kyle Nelson,"Max wind 6.9 km/h, humidity 100%, river to south",Theresa Hannah,
39210396,WLNP,Stoney Flats,,158,2016,6,1,1,06:37,Recording,4,EI Monitoring,7,broken,3.2,Riverforks E3A/CZM (older),CZM (older),Poor,Iain Reid and Kyle Nelson,"Max wind 4.9 km/h, humidity 100%, river to south - will have to return",Theresa Hannah,
39210415,WLNP,Stoney Flats,,159,2016,6,1,1,07:35,Recording,5,EI Monitoring,9.3,scattered,5.1,Riverforks E3A/CZM (older),CZM (older),Moderate,Iain Reid and Kyle Nelson,"Max wind 8.9 km/h, humidity 100%, river to north, thin cloud",Theresa Hannah,
39210431,WLNP,Stoney Flats,,160,2016,6,1,1,08:06,Recording,6,EI Monitoring,18.4,broken,2.6,Riverforks E3A/CZM (older),CZM (older),Poor,Iain Reid and Kyle Nelson,"Max wind (during recording) 18.5 km/h, humidity 52.1%, thin cloud, took two tracks (6 and 7) ground squirrels alarming nearby. Too much noise - will have to return",Theresa Hannah,
39210444,WLNP,Stoney Flats,,161,2016,6,1,1,08:55,Recording,8,EI Monitoring,16.7,broken,8.5,Riverforks E3A/CZM (older),CZM (older),Moderate,Iain Reid and Kyle Nelson,"Max wind (during recording) 15.9 km/h, humidity 28.4%, thin cloud, ground squirrels nearby, too windy so will have to return",Theresa Hannah,
39210461,WLNP,Prairie Trail,,575,2016,6,20,1,05:20,Recording,1,EI Monitoring,2.7,scattered,3.4,Riverforks E3A/CZM (older),CZM (older),Good,Iain Reid and Ruth Midgley,Max wind 5.0 km/h,Theresa Hannah,
39210477,WLNP,Prairie Trail,,576,2016,6,20,1,06:13,Recording,3,EI Monitoring,3,scattered,0.9,Riverforks E3A/CZM (older),CZM (older),Good,Iain Reid and Ruth Midgley,"Max wind 2.5 km/h, car at ~7:00",Theresa Hannah,
39210495,WLNP,Prairie Trail,,577,2016,6,20,1,05:52,Recording,2,EI Monitoring,3.4,scattered,1.8,Riverforks E3A/CZM (older),CZM (older),Good,Iain Reid and Ruth Midgley,"Max wind 3.0 km/h, cows mooing",Theresa Hannah,
39210512,WLNP,Prairie Trail,,578,2016,6,20,1,06:42,Recording,4,EI Monitoring,9,scattered,0,Riverforks E3A/CZM (older),CZM (older),Good,Iain Reid and Ruth Midgley,"Max wind 1.2 km/h, thin cloud",Theresa Hannah,
39210526,WLNP,Prairie Trail,,579,2016,6,20,1,07:07,Recording,5,EI Monitoring,9,clear,5.8,Riverforks E3A/CZM (older),CZM (older),Good,Iain Reid and Ruth Midgley,Max wind 9.3 km/h,Theresa Hannah,
39210536,WLNP,Prairie Trail,,580,2016,6,20,1,08:44,Recording,8,EI Monitoring,19.5,clear,1.7,Riverforks E3A/CZM (older),CZM (older),Moderate,Iain Reid and Ruth Midgley,Max wind 8.0 km/h (during recording),Theresa Hannah,
39210542,WLNP,Prairie Trail,,581,2016,6,30,1,06:31,Recording,4,EI Monitoring,11.9,clear - valley fog,1.5,Riverforks E3A/CZM (older),CZM (older),Good,Iain Reid and Kyle Nelson,"Max wind 2.7 km/h, traffic to east, creek to west, hail on ground",Theresa Hannah,
39210552,WLNP,Prairie Trail,,582,2016,6,30,1,06:02,Recording,3,EI Monitoring,10.2,clear - valley fog,0,Riverforks E3A/CZM (older),CZM (older),Moderate,Iain Reid and Kyle Nelson,"Max wind 0 km/h, traffic to east, hail on ground, creek to west",Theresa Hannah,
39210565,WLNP,Prairie Trail,,583,2016,6,30,1,05:42,Recording,2,EI Monitoring,12.3,clear - valley fog,5.7,Riverforks E3A/CZM (older),CZM (older),Good,Iain Reid and Kyle Nelson,"Max wind 0 km/h, traffic to east, hail on ground, creek to west",Theresa Hannah,
39210572,WLNP,Prairie Trail,,584,2016,6,30,1,05:12,Recording,1,EI Monitoring,12.9,clear - valley fog,2.1,Riverforks E3A/CZM (older),CZM (older),Moderate,Iain Reid and Kyle Nelson,"Max wind 0 km/h, traffic to east, hail on ground, creek to west",Theresa Hannah,
39210580,WLNP,Summit Lake,,9,2016,7,7,1,07:38,Recording,6,EI Monitoring,8.7,broken,0.9,Riverforks E3A/CZM (older),CZM (older),Moderate,Iain Reid and Ruth Midgley,"Max wind 1.7 km/h, construction noise in valley below",Steve Ogle,
39210591,WLNP,Summit Lake,,11,2016,7,7,1,08:18,Recording,7,EI Monitoring,8.2,scattered,1.7,Riverforks E3A/CZM (older),CZM (older),Moderate,Iain Reid and Ruth Midgley,"Max wind 2.5 km/h, creek to north, construction noise to west, Ruth coughed",Steve Ogle,
39210603,WLNP,Summit Lake,,12,2016,7,7,1,08:40,Recording,8,EI Monitoring,11,broken,1,Riverforks E3A/CZM (older),CZM (older),Moderate,Iain Reid and Ruth Midgley,Max wind 2.0 km/h,Steve Ogle,
39210617,WLNP,Summit Lake,,120,2016,7,10,1,07:25,Recording,6,EI Monitoring,5.1,scattered,0,Riverforks E3A/CZM (older),CZM (older),Moderate,Iain Reid and Barb Johnston,Max wind 0 km/h,Steve Ogle,
39210634,WLNP,Summit Lake,,121,2016,7,10,1,07:55,Recording,7,EI Monitoring,7.6,clear,0,Riverforks E3A/CZM (older),CZM (older),Moderate,Iain Reid and Barb Johnston,Max wind 0 km/h,Steve Ogle,
39210648,WLNP,Summit Lake,,122,2016,7,10,1,08:21,Recording,8,EI Monitoring,9.5,clear,1.7,Riverforks E3A/CZM (older),CZM (older),Moderate,Iain Reid and Barb Johnston,Max wind 3.2 km/h,Steve Ogle,
39210660,WLNP,Summit Lake,,123,2016,7,10,1,08:48,Recording,9,EI Monitoring,12.4,clear,0,Riverforks E3A/CZM (older),CZM (older),Good,Iain Reid and Barb Johnston,Max wind 0 km/h,Steve Ogle,
39210669,WLNP,Summit Lake,,125,2016,7,8,1,05:39,Recording,1,EI Monitoring,11.1,overcast,0.9,Riverforks E3A/CZM (older),CZM (older),Moderate,Iain Reid and Ruth Midgley,"Max wind 1.7 km/h, light rain falling",Steve Ogle,
39210682,WLNP,Summit Lake,,126,2016,7,10,1,05:13,Recording,1,EI Monitoring,4.7,clear,0,Riverforks E3A/CZM (older),CZM (older),Moderate,Iain Reid and Barb Johnston,Max wind 0 km/h,Steve Ogle,
39210690,WLNP,Summit Lake,,127,2016,7,10,1,05:46,Recording,2,EI Monitoring,5.1,scattered,0,Riverforks E3A/CZM (older),CZM (older),Moderate,Iain Reid and Barb Johnston,"Max wind 0 km/h, waterfall in valley below",Steve Ogle,
39210700,WLNP,Summit Lake,,128,2016,7,10,1,09:16,Recording,10,EI Monitoring,11.3,scattered,2.3,Riverforks E3A/CZM (older),CZM (older),Moderate,Iain Reid and Barb Johnston,Max wind 6.6 km/h,Steve Ogle,
39210709,WLNP,Summit Lake,,129,2016,7,10,1,09:46,Recording,11,EI Monitoring,10.1,scattered,4.2,Riverforks E3A/CZM (older),CZM (older),Poor,Iain Reid and Barb Johnston,"Max wind 9.3 km/h, old recorder died at 3:53",Steve Ogle,
39210717,WLNP,Lower Mount Crandell,,21,2016,6,29,1,06:22,Recording,4,EI Monitoring,13.6,clear,0,Riverforks E3A/CZM (older),CZM (older),Moderate,Iain Reid and Kyle Nelson,"Max wind 1.2 km/h, machinery to south",Steve Ogle,
39210732,WLNP,Lower Mount Crandell,,19,2016,6,29,1,05:29,Recording,2,EI Monitoring,12,clear,0,Riverforks E3A/CZM (older),CZM (older),Moderate,Iain Reid and Kyle Nelson,"Max wind 0 km/h, machinery to east",Steve Ogle,
39210753,WLNP,Lower Mount Crandell,,18,2016,6,29,1,05:03,Recording,1,EI Monitoring,11.7,clear,0,Riverforks E3A/CZM (older),CZM (older),Good,Iain Reid and Kyle Nelson,"Max wind 0 km/h, machinery to east, banging noise at ~7:00",Steve Ogle,
39210771,WLNP,Horseshoe Basin,,41,2016,6,10,1,04:54,Recording,1,EI Monitoring,5.5,scattered,1.1,Riverforks E3A/CZM (older),CZM (older),Good,Iain Reid and Ruth Midgley,Max wind 2.3 km/h,Steve Ogle,
39210783,WLNP,Horseshoe Basin,,42,2016,6,10,1,05:21,Recording,2,EI Monitoring,4.4,scattered,0,Riverforks E3A/CZM (older),CZM (older),Good,Iain Reid and Ruth Midgley,"Max wind 1.9 km/h, thin cloud",Steve Ogle,
39210802,WLNP,Wishbone Trail,,33,2016,6,27,1,05:11,Recording,2,EI Monitoring,8.1,clear,0,Riverforks E3A/CZM (older),CZM (older),Good,Iain Reid and Kyle Nelson,,Steve Ogle,
39210820,WLNP,Wishbone Trail,,34,2016,6,27,1,05:35,Recording,3,EI Monitoring,9.9,clear,0,Riverforks E3A/CZM (older),CZM (older),Good,Iain Reid and Kyle Nelson,"Max wind 0 km/h, cars at 6:30 and 10:00",Steve Ogle,
39210836,WLNP,Sofa Mountain,,25,2016,6,7,1,04:48,Recording,1,EI Monitoring,15.8,clear,1.4,Riverforks E3A/CZM (older),CZM (older),Good,Iain Reid and Ruth Midgley,Max wind 2.1 km/h,Steve Ogle,
39210845,WLNP,Sofa Mountain,,26,2016,6,7,1,05:19,Recording,2,EI Monitoring,14,clear,0,Riverforks E3A/CZM (older),CZM (older),Moderate,Iain Reid and Ruth Midgley,Max wind 1.3 km/h,Steve Ogle,
39210860,WLNP,Yarrow Cabin Trail,,567,2016,6,23,1,04:56,Recording,1,EI Monitoring,10.5,scattered,0,Riverforks E3A/CZM (older),CZM (older),Moderate,Iain Reid and Kyle Nelson,"Max wind 0 km/h, natural gas facility nearby",Steve Ogle,
39210872,WLNP,Lower Mount Crandell,,70,2016,6,29,1,08:04,Recording,8,EI Monitoring,14.5,clear,2.9,Riverforks E3A/CZM (older),CZM (older),Moderate,Iain Reid and Kyle Nelson,"Max wind 3.3 km/h, traffic to the east",Steve Ogle,
39210893,WLNP,Cameron Lake,,1,2016,7,6,1,05:06,Recording,1,EI Monitoring,8.1,overcast,0,Riverforks E3A/CZM (older),CZM (older),Moderate,Kyle Nelson and Ruth Midgley,"Max wind 0 km/h, creek to north",Steve Ogle,
39210900,WLNP,Cameron Lake,,3,2016,7,7,1,05:03,Recording,1,EI Monitoring,13.9,overcast,0,Riverforks E3A/CZM (older),CZM (older),Moderate,Iain Reid and Ruth Midgley,Max wind 0 km/h,Steve Ogle,probably 4
39210906,WLNP,Cameron Lake,,4,2016,7,7,1,05:34,Recording,2,EI Monitoring,12.7,overcast,0,Riverforks E3A/CZM (older),CZM (older),Moderate,Iain Reid and Ruth Midgley,Max wind 0 km/h,Steve Ogle,
39210921,WLNP,Cameron Lake,,6,2016,7,7,1,06:31,Recording,4,EI Monitoring,6.5,broken - valley fog,1.8,Riverforks E3A/CZM (older),CZM (older),Moderate,Iain Reid and Ruth Midgley,Max wind 3.0 km/h,Steve Ogle,
39210940,WLNP,Crandell Lake,,100,2016,6,8,1,04:57,Recording,1,EI Monitoring,16.9,clear,0,Riverforks E3A/CZM (older),CZM (older),Moderate,Iain Reid and Ruth Midgley,Max wind 0.0 km/h,Steve Ogle,
39210956,WLNP,Cardston Gate South,,151,2016,5,31,1,06:00,Recording,2,EI Monitoring,5.2,broken,0,Riverforks E3A/CZM (older),CZM (older),Good,Iain Reid and Kyle Nelson,"Max wind 2.5 km/h, humidity 100%",Steve Ogle,
39210977,WLNP,Blakiston Fan,,162,2016,6,18,1,04:56,Recording,3,EI Monitoring,8.3,broken,0,Riverforks E3A/CZM (older),CZM (older),Moderate,"Iain Reid, Ruth Midgley and Vera Yartseva","Max wind 1.9 km/h, creek to west",Steve Ogle,very AMRO-like
39210991,WLNP,Summit Lake,,15,2016,7,10,1,06:22,Recording,4,EI Monitoring,3.1,thin scattered,0,Riverforks E3A/CZM (older),CZM (older),Moderate,Iain Reid and Barb Johnston,Max wind 0 km/h,Steve Ogle,
39211003,WLNP,Summit Lake,,16,2016,7,10,1,06:56,Recording,5,EI Monitoring,3.3,thin scattered,1.2,Riverforks E3A/CZM (older),CZM (older),Moderate,Iain Reid and Barb Johnston,Max wind 2.8 km/h,Steve Ogle,
39211004,WLNP,Lower Mount Crandell,B-1,18,2017,6,6,1,05:23,Recording,4,EI Monitoring,5.8,Clear,0,Riverforks E3A-CM/CZM (newer),CZM (new),,Lili Simon and Laura Beaton,Max wind 0 km/h,Steve Ogle,
39211005,WLNP,Lower Mount Crandell,B-1,19,2017,6,6,1,05:57,Recording,5,EI Monitoring,5.1,Clear,0,Riverforks E3A-CM/CZM (newer),CZM (new),,Lili Simon and Laura Beaton,Max wind 0 km/h,Steve Ogle,
39211006,WLNP,Lower Mount Crandell,B-1,20,2017,6,6,1,06:40,Recording,6,EI Monitoring,6.6,Clear,1.7,Riverforks E3A-CM/CZM (newer),CZM (new),,Lili Simon and Laura Beaton,Max wind 2 km/h,Steve Ogle,
39211007,WLNP,Lower Mount Crandell,B-1,21,2017,6,6,1,07:15,Recording,7,EI Monitoring,9.9,Clear,1.5,Riverforks E3A-CM/CZM (newer),CZM (new),,Lili Simon and Laura Beaton,Max wind 3.4 km/h,Steve Ogle,
39211008,WLNP,Lower Mount Crandell,B-1,22,2017,6,6,1,07:55,Recording,8,EI Monitoring,11.3,Clear,0,Riverforks E3A-CM/CZM (newer),CZM (new),,Lili Simon and Laura Beaton,Max wind 0 km/h. Lawn mower in background,Steve Ogle,
39211009,WLNP,Lower Mount Crandell,B-1,23,2017,6,6,1,08:10,Recording,9,EI Monitoring,9.7,Clear,0,Riverforks E3A-CM/CZM (newer),CZM (new),,Lili Simon and Laura Beaton,Max wind 3.4 km/h. Lawn mower in background,Steve Ogle,
39211010,WLNP,Lower Mount Crandell,B-1,24,2017,6,29,1,09:23,Recording,3,EI Monitoring,14.7,overcast,0,Riverforks E3A-CM/CZM (newer),CZM (new),,Lili Simon and Sara Jaward,Max wind 1.6 km/h. Lawn mower in background,Steve Ogle,
39211011,WLNP,Lower Mount Crandell,B-1,70,2017,6,6,1,09:20,Recording,11,EI Monitoring,16.5,Thin scattered,0,Riverforks E3A-CM/CZM (newer),CZM (new),,Lili Simon and Laura Beaton,Max wind 1.1 km/h,Steve Ogle,
39211012,WLNP,Lower Mount Crandell,B-1,71,2017,6,6,1,09:50,Recording,12,EI Monitoring,17.1,Thin scattered,1.8,Riverforks E3A-CM/CZM (newer),CZM (new),,Lili Simon and Laura Beaton,Max wind 2.9 km/h,Steve Ogle,
39211013,WLNP,Lower Mount Crandell,B-1,72,2017,6,29,1,10:00,Recording,4,EI Monitoring,13.9,overcast,0,Riverforks E3A-CM/CZM (newer),CZM (new),,Lili Simon and Sara Jaward,Max wind 1.2 km/h,Steve Ogle,
39211014,WLNP,Wishbone Trail,B-4,33,2017,6,7,1,05:23,Recording,2,EI Monitoring,9.2,Clear,0,Riverforks E3A-CM/CZM (newer),CZM (new),,Lili Simon and Laura Beaton,Max wind 4.2 km/h,Steve Ogle,
39211015,WLNP,Wishbone Trail,B-4,34,2017,6,7,1,05:48,Recording,3,EI Monitoring,7.8,Clear,2.3,Riverforks E3A-CM/CZM (newer),CZM (new),,Lili Simon and Laura Beaton,Max wind 4.0 km/h,Steve Ogle,
39211016,WLNP,Wishbone Trail,B-4,35,2017,6,7,1,06:28,Recording,4,EI Monitoring,8.9,Clear,3.4,Riverforks E3A-CM/CZM (newer),CZM (new),,Lili Simon and Laura Beaton,Max wind 7.5 km/h,Steve Ogle,
39211017,WLNP,Wishbone Trail,B-4,36,2017,6,7,1,06:54,Recording,5,EI Monitoring,9.1,Clear,3.5,Riverforks E3A-CM/CZM (newer),CZM (new),,Lili Simon and Laura Beaton,Max wind 6.2 km/h,Steve Ogle,
39211018,WLNP,Wishbone Trail,B-4,37,2017,6,7,1,07:21,Recording,6,EI Monitoring,9,Clear,1.3,Riverforks E3A-CM/CZM (newer),CZM (new),,Lili Simon and Laura Beaton,Max wind 2.5 km/h,Steve Ogle,
39211019,WLNP,Wishbone Trail,B-4,38,2017,6,7,1,07:43,Recording,7,EI Monitoring,10.5,Clear,2.7,Riverforks E3A-CM/CZM (newer),CZM (new),,Lili Simon and Laura Beaton,Max wind 7.6 km/h,Steve Ogle,
39211020,WLNP,Wishbone Trail,B-4,39,2017,6,7,1,08:11,Recording,8,EI Monitoring,11.6,Clear,0,Riverforks E3A-CM/CZM (newer),CZM (new),,Lili Simon and Laura Beaton,Max wind 1.0 km/h,Steve Ogle,
39211021,WLNP,Wishbone Trail,B-4,40,2017,6,7,1,08:42,Recording,9,EI Monitoring,14.5,Clear,0,Riverforks E3A-CM/CZM (newer),CZM (new),,Lili Simon and Laura Beaton,Max wind 1.0 km/h,Steve Ogle,
39211022,WLNP,Wishbone Trail,B-4,60,2017,6,7,1,09:18,Recording,11,EI Monitoring,15.1,Clear,0,Riverforks E3A-CM/CZM (newer),CZM (new),,Lili Simon and Laura Beaton,Max wind 1.4 km/h,Steve Ogle,
39211023,WLNP,Wishbone Trail,B-4,61,2017,6,7,1,09:49,Recording,12,EI Monitoring,17.6,Clear,1,Riverforks E3A-CM/CZM (newer),CZM (new),,Lili Simon and Laura Beaton,Max wind 2.9 km/h,Steve Ogle,
39211024,WLNP,Cardston Gate South,B-14,150,2017,6,7,1,05:03,Recording,6,EI Monitoring,7.4,Clear,2.6,Riverforks E3A/CZM (older),CZM (old),,Maria Chisholm and Ruth Midgley,Max wind 6.1 km/h. Sniffles and a sneeze,Steve Ogle,
39211025,WLNP,Cardston Gate South,B-14,151,2017,6,7,1,05:35,Recording,7,EI Monitoring,7.9,Scattered,3.4,Riverforks E3A/CZM (older),CZM (old),,Maria Chisholm and Ruth Midgley,"Max wind 11.9 km/h. Cows, coyotes, and traffic noise",Steve Ogle,
39211026,WLNP,Cardston Gate South,B-14,152,2017,6,7,1,06:10,Recording,8,EI Monitoring,9.2,Thin Scattered,2.4,Riverforks E3A/CZM (older),CZM (old),,Maria Chisholm and Ruth Midgley,"Max wind 8.0 km/h. Cows, coyotes, and traffic noise",Steve Ogle,
39211027,WLNP,Cardston Gate South,B-14,153,2017,6,7,1,06:45,Recording,9,EI Monitoring,11.5,Thin Scattered,2.5,Riverforks E3A/CZM (older),CZM (old),,Maria Chisholm and Ruth Midgley,"Max wind 6.9 km/h. Cows, coyotes, and traffic noise",Steve Ogle,
39211028,WLNP,Cardston Gate South,B-14,154,2017,6,7,1,07:19,Recording,10,EI Monitoring,12.5,Thin Scattered,2.1,Riverforks E3A/CZM (older),CZM (old),,Maria Chisholm and Ruth Midgley,Max wind 10.8 km/h.,Steve Ogle,
39211029,WLNP,Prairie Trail,B-3,575,2017,6,8,1,05:05,Recording,1,EI Monitoring,13.4,Scattered,1.2,Riverforks E3A-CM/CZM (newer),CZM (new),,Ruth Midgley and Laura Beaton,Deer ran by around 9:30am,Steve Ogle,
39211030,WLNP,Prairie Trail,B-3,576,2017,6,8,1,05:31,Recording,2,EI Monitoring,10.1,Scattered,0,Riverforks E3A-CM/CZM (newer),CZM (new),,Ruth Midgley and Laura Beaton,Max wind 0 km/h,Steve Ogle,
39211031,WLNP,Prairie Trail,B-3,577,2017,6,8,1,05:56,Recording,3,EI Monitoring,11.8,scattered,0.9,Riverforks E3A-CM/CZM (newer),CZM (new),,Ruth Midgley and Laura Beaton,Max wind 2.6 km/h. Chorus frogs calling,Steve Ogle,
39211032,WLNP,Prairie Trail,B-3,578,2017,6,8,1,06:22,Recording,4,EI Monitoring,8.9,broken,2.7,Riverforks E3A-CM/CZM (newer),CZM (new),,Ruth Midgley and Laura Beaton,Max wind 3.2 km/h,Steve Ogle,
39211033,WLNP,Prairie Trail,B-3,579,2017,6,8,1,06:47,Recording,6,EI Monitoring,11.5,broken,2,Riverforks E3A-CM/CZM (newer),CZM (new),,Ruth Midgley and Laura Beaton,Max wind 4.7 km/h,Steve Ogle,
39211034,WLNP,Prairie Trail,B-3,580,2017,6,8,1,07:15,Recording,7,EI Monitoring,14.5,broken,2.3,Riverforks E3A-CM/CZM (newer),CZM (new),,Ruth Midgley and Laura Beaton,Max wind 7.9 km/h. Distant traffic noise and ground squirrel in the second half,Steve Ogle,
39211035,WLNP,Prairie Trail,B-3,581,2017,6,8,1,07:41,Recording,8,EI Monitoring,17,broken,1.1,Riverforks E3A-CM/CZM (newer),CZM (new),,Ruth Midgley and Laura Beaton,Max wind 3.4 km/h. Light traffic noise in background,Steve Ogle,
39211036,WLNP,Prairie Trail,B-3,582,2017,6,8,1,08:05,Recording,9,EI Monitoring,15.4,broken,2.3,Riverforks E3A-CM/CZM (newer),CZM (new),,Ruth Midgley and Laura Beaton,Max wind 5.0 km/h. Ground squirrels and noise from recorders moving away and back to mic,Steve Ogle,
39211037,WLNP,Prairie Trail,B-3,583,2017,6,8,1,08:32,Recording,10,EI Monitoring,17.4,broken,1.8,Riverforks E3A-CM/CZM (newer),CZM (new),,Ruth Midgley and Laura Beaton,Max wind 4.6 km/h.,Steve Ogle,
39211038,WLNP,Prairie Trail,B-3,584,2017,6,8,1,09:01,Recording,11,EI Monitoring,21.1,broken,0,Riverforks E3A-CM/CZM (newer),CZM (new),,Ruth Midgley and Laura Beaton,Max wind 6.5 km/h,Steve Ogle,
39211039,WLNP,Cardston Entrance,B-9,550,2017,6,8,1,05:06,Recording,1,EI Monitoring,8.8,scattered,1.3,Riverforks E3A/CZM (older),CZM (old),,Lili Simon and Maria Chisholm,"Max wind 3.8 km/h. Sneeze aaround 4:75min, cows mooing in background",Steve Ogle,
39211040,WLNP,Cardston Entrance,B-9,551,2017,6,8,1,05:44,Recording,2,EI Monitoring,7.2,scattered,0.9,Riverforks E3A/CZM (older),CZM (old),,Lili Simon and Maria Chisholm,Max wind 4.0 km/h. Cows and traffic noise,Steve Ogle,
39211041,WLNP,Cardston Entrance,B-9,552,2017,6,8,1,06:30,Recording,4,EI Monitoring,9.7,broken,0,Riverforks E3A/CZM (older),CZM (old),,Lili Simon and Maria Chisholm,Max wind 3.0 km/h,Steve Ogle,
39211042,WLNP,Cardston Entrance,B-9,553,2017,6,8,1,07:03,Recording,5,EI Monitoring,12.9,broken,0,Riverforks E3A/CZM (older),CZM (old),,Lili Simon and Maria Chisholm,Max wind 2.4 km/h,Steve Ogle,
39211043,WLNP,Cardston Entrance,B-9,554,2017,6,8,1,07:37,Recording,8,EI Monitoring,15.8,broken,0,Riverforks E3A/CZM (older),CZM (old),,Lili Simon and Maria Chisholm,,Steve Ogle,
39211044,WLNP,Cardston Entrance,B-9,555,2017,6,29,1,06:36,Recording,1,EI Monitoring,10.8,overcast,5.4,Riverforks E3A/CZM (older),CZM (old),,Lili Simon and Maria Chisholm,Max wind 5.4 km/h. Cows and vehicles.,Steve Ogle,
39211045,WLNP,Cardston Entrance,B-9,556,2017,6,8,1,10:08,Recording,12,EI Monitoring,21.1,broken,2.5,Riverforks E3A/CZM (older),CZM (old),,Lili Simon and Sara Jaward,Max wind 11.6 km/h,Steve Ogle,
39211046,WLNP,Cardston Entrance,B-9,557,2017,6,8,1,09:08,Recording,10,EI Monitoring,17.4,broken,1.1,Riverforks E3A/CZM (older),CZM (old),,Lili Simon and Maria Chisholm,,Steve Ogle,
39211047,WLNP,Blakiston Fan,B-16,162,2017,6,12,1,05:05,Recording,1,EI Monitoring,5.5,thin scattered,6.1,Riverforks E3A/CZM (older),CZM (old),,Maria Chisholm and Ruth Midgley,Max wind 12.1 km/h,Steve Ogle,
39211048,WLNP,Blakiston Fan,B-16,163,2017,6,12,1,05:44,Recording,2,EI Monitoring,5,thin scattered,2.5,Riverforks E3A/CZM (older),CZM (old),,Maria Chisholm and Ruth Midgley,Max wind 10.5 km/h,Steve Ogle,
39211049,WLNP,Blakiston Fan,B-16,164,2017,6,12,1,06:20,Recording,3,EI Monitoring,5.4,thin scattered,2.9,Riverforks E3A/CZM (older),CZM (old),,"Maria Chisholm, Ruth Midgley, and Alex Drake",Max wind 3.7 km/h,Steve Ogle,
39211050,WLNP,Blakiston Fan,B-16,165,2017,6,12,1,06:52,Recording,4,EI Monitoring,7.3,scattered,2.3,Riverforks E3A/CZM (older),CZM (old),,Maria Chisholm and Alex Drake,Max wind 7.4 km/h/. Traffic noise in background,Steve Ogle,
39211051,WLNP,Blakiston Fan,B-16,166,2017,6,12,1,07:56,Recording,5,EI Monitoring,12.7,scattered,1.9,Riverforks E3A/CZM (older),CZM (old),,"Maria Chishlm, Ruth Midgley and Alex Drake",Max wind 7.0 km/h. Traffic noise from NW,Steve Ogle,
39211052,WLNP,Blakiston Fan,B-16,167,2017,6,12,1,08:28,Recording,6,EI Monitoring,15.3,broken,1.4,Riverforks E3A/CZM (older),CZM (old),,Maria Chisholm and Ruth Midgley,Max wind 5.6 km/h. Traffic noise in background,Steve Ogle,
39211053,WLNP,Blakiston Fan,B-16,168,2017,6,12,1,08:57,Recording,7,EI Monitoring,12.5,broken,1.9,Riverforks E3A/CZM (older),CZM (old),,"Maria Chisholm, Ruth Midgley and Alex Drake",Max wind 6.3 km/h. Traffic and helicopter noise around 8:30min.,Steve Ogle,
39211054,WLNP,Blakiston Fan,B-16,169,2017,6,12,1,09:27,Recording,8,EI Monitoring,13.3,scattered,3.6,Riverforks E3A/CZM (older),CZM (old),,"Maria Chisholm, Ruth Midgley and Alex Drake",Max wind 9.2 km/h. Traffic and helicopter noise in background,Steve Ogle,
39211055,WLNP,Eskerine,B-13,119,2017,6,12,1,05:11,Recording,1,EI Monitoring,6.3,clear,16.1,Riverforks E3A-CM/CZM (newer),CZM (new),,Lili Simon and Laura Beaton,Max wind 20.1 km/h,Steve Ogle,
39211056,WLNP,Eskerine,B-13,118,2017,6,12,1,05:44,Recording,3,EI Monitoring,6.9,clear,11.4,Riverforks E3A-CM/CZM (newer),CZM (new),,Lili Simon and Laura Beaton,Max wind 15.5 km/h,Steve Ogle,
39211057,WLNP,Eskerine,B-13,117,2017,6,12,1,06:34,Recording,4,EI Monitoring,10.9,clear,7.5,Riverforks E3A-CM/CZM (newer),CZM (new),,Lili Simon and Laura Beaton,Max wind 7.8 km/h,Steve Ogle,
39211058,WLNP,Eskerine,B-13,116,2017,6,12,1,07:00,Recording,5,EI Monitoring,11.5,clear,7.2,Riverforks E3A-CM/CZM (newer),CZM (new),,Lili Simon and Laura Beaton,Max wind 7.4 km/h,Steve Ogle,
39211059,WLNP,Eskerine,B-13,115,2017,6,12,1,07:32,Recording,6,EI Monitoring,12.5,thin scattered,1.8,Riverforks E3A-CM/CZM (newer),CZM (new),,Lili Simon and Laura Beaton,Max wind 5.6 km/h,Steve Ogle,
39211060,WLNP,Eskerine,B-13,114,2017,6,12,1,08:11,Recording,7,EI Monitoring,12.8,thin scattered,2.4,Riverforks E3A-CM/CZM (newer),CZM (new),,Lili Simon and Laura Beaton,,Steve Ogle,
39211061,WLNP,Eskerine,B-13,113,2017,6,12,1,08:43,Recording,8,EI Monitoring,13,thin scattered,2.2,Riverforks E3A-CM/CZM (newer),CZM (new),,Lili Simon and Laura Beaton,Max wind 6.9 km/h,Steve Ogle,
39211062,WLNP,Eskerine,B-13,112,2017,6,12,1,09:17,Recording,9,EI Monitoring,16.1,thin scattered,2.7,Riverforks E3A-CM/CZM (newer),CZM (new),,Lili Simon and Laura Beaton,Max wind 7.8 km/h,Steve Ogle,
39211063,WLNP,Eskerine,B-13,111,2017,6,12,1,09:43,Recording,10,EI Monitoring,16.6,thin scattered,5.4,Riverforks E3A-CM/CZM (newer),CZM (new),,Lili Simon and Laura Beaton,Max wind 8.7 km/h,Steve Ogle,
39211064,WLNP,Eskerine,B-13,110,2017,6,12,1,10:10,Recording,11,EI Monitoring,17,scattered,1.9,Riverforks E3A-CM/CZM (newer),CZM (new),,Lili Simon and Laura Beaton,Max wind 9.6 km/h,Steve Ogle,
39211065,WLNP,Horseshoe Basin,B-2,41,2017,6,13,1,05:11,Recording,2,EI Monitoring,7.2,thin overcast,0,Riverforks E3A-CM/CZM (newer),CZM (new),,Lili Simon and Laura Beaton,Max wind 1.4 km/h. Deer stomping in background,Steve Ogle,
39211066,WLNP,Horseshoe Basin,B-2,42,2017,6,13,1,05:46,Recording,3,EI Monitoring,7.4,thin cloud,0,Riverforks E3A-CM/CZM (newer),CZM (new),,Lili Simon and Laura Beaton,Max wind 1.4 km/h. Vehicle and plane noise in background,Steve Ogle,
39211067,WLNP,Horseshoe Basin,B-2,43,2017,6,13,1,06:08,Recording,4,EI Monitoring,9,thin cloud,2.3,Riverforks E3A-CM/CZM (newer),CZM (new),,Lili Simon and Laura Beaton,Max wind 2.7 km/h,Steve Ogle,
39211068,WLNP,Horseshoe Basin,B-2,44,2017,6,21,1,07:04,Recording,1,EI Monitoring,14.1,scattered,1,Riverforks E3A-CM/CZM (newer),CZM (new),,Maria Chisholm and Ruth Midgley,Max wind 4.4 km/h. Recording taken 1 week later than some other points on transect.,Steve Ogle,
39211069,WLNP,Horseshoe Basin,B-2,45,2017,6,13,1,07:12,Recording,6,EI Monitoring,11.5,overcast,0,Riverforks E3A-CM/CZM (newer),CZM (new),,Lili Simon and Laura Beaton,Max wind 0 km/h. Cows heard in background,Steve Ogle,
39211070,WLNP,Horseshoe Basin,B-2,46,2017,6,13,1,07:52,Recording,8,EI Monitoring,12.1,thin overcast,1.1,Riverforks E3A-CM/CZM (newer),CZM (new),,Lili Simon and Laura Beaton,Max wind 5.5 km/h,Steve Ogle,
39211071,WLNP,Horseshoe Basin,B-2,47,2017,6,13,1,08:24,Recording,9,EI Monitoring,13.1,overcast,1.1,Riverforks E3A-CM/CZM (newer),CZM (new),,Lili Simon and Laura Beaton,Max wind 5.1 km/h,Steve Ogle,
39211072,WLNP,Horseshoe Basin,B-2,48,2017,6,21,1,07:42,Recording,2,EI Monitoring,10.2,scattered,0,Riverforks E3A-CM/CZM (newer),CZM (new),,Maria Chisholm and Ruth Midgley,Max wind 3.1 km.h. Recording taken 1 week later than first half of transect due to weather.,Steve Ogle,
39211074,WLNP,Horseshoe Basin,B-2,50,2017,7,7,1,07:31,Recording,1,EI Monitoring,19.5,clear,0,Riverforks E3A-CM/CZM (newer),CZM (new),,Lili Simon and Ruth Midgley,Max wind 0 km/h. Recording taken 2-3 weeks later than other points on transect.,Steve Ogle,
39211075,WLNP,Sofa Mountain,B-5,25,2017,6,19,1,05:25,Recording,1,EI Monitoring,9.9,scattered,1.3,Riverforks E3A-CM/CZM (newer),CZM (new),,Ruth Midgley and Maria Chisholm,Max wind 2.6 km/h,Steve Ogle,
39211076,WLNP,Sofa Mountain,B-5,26,2017,6,19,1,05:48,Recording,2,EI Monitoring,8.5,scattered,0,Riverforks E3A-CM/CZM (newer),CZM (new),,Ruth Midgley and Maria Chisholm,Max wind 1.1 km/h,Steve Ogle,
39211077,WLNP,Sofa Mountain,B-5,27,2017,6,19,1,06:18,Recording,3,EI Monitoring,7.1,scattered,0,Riverforks E3A-CM/CZM (newer),CZM (new),,Ruth Midgley and Maria Chisholm,Max wind 1.8 km/h,Steve Ogle,
39211078,WLNP,Sofa Mountain,B-5,28,2017,6,19,1,06:45,Recording,4,EI Monitoring,8.4,scattered,0,Riverforks E3A-CM/CZM (newer),CZM (new),,Ruth Midgley and Maria Chisholm,Max wind 2.4 km/h,Steve Ogle,
39211079,WLNP,Sofa Mountain,B-5,29,2017,6,19,1,07:13,Recording,5,EI Monitoring,9.2,broken,0,Riverforks E3A-CM/CZM (newer),CZM (new),,Ruth Midgley and Maria Chisholm,Max wind 1.5 km/h,Steve Ogle,
39211080,WLNP,Sofa Mountain,B-5,30,2017,6,19,1,07:41,Recording,6,EI Monitoring,10.9,broken,0,Riverforks E3A-CM/CZM (newer),CZM (new),,Ruth Midgley and Maria Chisholm,Max wind 2.7 km/h,Steve Ogle,
39211081,WLNP,Sofa Mountain,B-5,31,2017,6,19,1,08:10,Recording,7,EI Monitoring,11.2,broken,0.9,Riverforks E3A-CM/CZM (newer),CZM (new),,Ruth Midgley and Maria Chisholm,Max wind 3.2 km/h,Steve Ogle,
39211082,WLNP,Sofa Mountain,B-5,32,2017,6,19,1,08:31,Recording,8,EI Monitoring,15.2,broken,0,Riverforks E3A-CM/CZM (newer),CZM (new),,Ruth Midgley and Maria Chisholm,Max wind 7.4 km/h,Steve Ogle,
39211083,WLNP,Sofa Mountain,B-5,80,2017,6,19,1,09:05,Recording,9,EI Monitoring,15.4,broken,3.2,Riverforks E3A-CM/CZM (newer),CZM (new),,Ruth Midgley and Maria Chisholm,Max wind 8.0 km/h,Steve Ogle,
39211084,WLNP,Sofa Mountain,B-5,81,2017,6,19,1,09:31,Recording,10,EI Monitoring,16.6,broken,3.3,Riverforks E3A-CM/CZM (newer),CZM (new),,Ruth Midgley and Maria Chisholm,Max wind 12.1 km/h,Steve Ogle,
39211085,WLNP,Crandell Lake,B-11,100,2017,6,20,1,05:09,Recording,1,EI Monitoring,9.4,scattered,1.7,Riverforks E3A-CM/CZM (newer),CZM (new),,Ruth Midgley and Maria Chisholm,Max wind 3.3 km/h,Steve Ogle,
39211086,WLNP,Crandell Lake,B-11,101,2017,6,20,1,05:36,Recording,2,EI Monitoring,9,scattered,2.5,Riverforks E3A-CM/CZM (newer),CZM (new),,Ruth Midgley and Maria Chisholm,Max wind 5.1 km/h,Steve Ogle,
39211087,WLNP,Crandell Lake,B-11,102,2017,6,20,1,06:09,Recording,3,EI Monitoring,10,scattered,0,Riverforks E3A-CM/CZM (newer),CZM (new),,Ruth Midgley and Maria Chisholm,Max wind 3.1 km/h,Steve Ogle,
39211088,WLNP,Crandell Lake,B-11,103,2017,6,20,1,06:43,Recording,4,EI Monitoring,10.2,scattered,1.2,Riverforks E3A-CM/CZM (newer),CZM (new),,Ruth Midgley and Maria Chisholm,Max wind 2.3 km/h,Steve Ogle,
39211089,WLNP,Crandell Lake,B-11,104,2017,6,20,1,07:13,Recording,5,EI Monitoring,14,scattered,0.9,Riverforks E3A-CM/CZM (newer),CZM (new),,Ruth Midgley and Maria Chisholm,Max wind 1.3 km/h,Steve Ogle,
39211090,WLNP,Crandell Lake,B-11,105,2017,6,20,1,07:41,Recording,6,EI Monitoring,14.1,scattered,1,Riverforks E3A-CM/CZM (newer),CZM (new),,Ruth Midgley and Maria Chisholm,Max wnd 2.5 km/h,Steve Ogle,
39211091,WLNP,Horseshoe Basin,B-2,49,2017,6,21,1,08:13,Recording,3,EI Monitoring,11.9,scattered,2.8,Riverforks E3A-CM/CZM (newer),CZM (new),,Maria Chisholm and Ruth Midgley and Maria Chisholm,Max wind 13.3 km/h,Steve Ogle,
39211093,WLNP,Yarrow Cabin Trail,B-6,567,2017,6,23,1,05:04,Recording,1,EI Monitoring,10.8,broken,0,Riverforks E3A-CM/CZM (newer),CZM (new),,Ruth Midgley and Helena Mahoney,Max wind 0 km/h. Industrial noise from gas plant in background,Steve Ogle,
39211094,WLNP,Yarrow Cabin Trail,B-6,568,2017,6,23,1,05:36,Recording,2,EI Monitoring,7.9,broken,0,Riverforks E3A-CM/CZM (newer),CZM (new),,Ruth Midgley and Helena Mahoney,"Max wind 0 km/h. Plane overhead from minute 10:30-11:30, stream in background with low thumping noises",Steve Ogle,
39211095,WLNP,Yarrow Cabin Trail,B-6,569,2017,6,23,1,06:06,Recording,3,EI Monitoring,7.7,scattered,0,Riverforks E3A-CM/CZM (newer),CZM (new),,Ruth Midgley and Helena Mahoney,Max wind 0 km/h. Industrial noise from gas plant in background,Steve Ogle,
39211096,WLNP,Yarrow Cabin Trail,B-6,570,2017,6,23,1,06:55,Recording,4,EI Monitoring,4.9,scattered,0,Riverforks E3A-CM/CZM (newer),CZM (new),,Ruth Midgley and Helena Mahoney,Max wind 1.3 km/h. Industrial noise from gas plant in background,Steve Ogle,
39211097,WLNP,Yarrow Cabin Trail,B-6,571,2017,6,23,1,07:22,Recording,5,EI Monitoring,5.5,scattered,0,Riverforks E3A-CM/CZM (newer),CZM (new),,Ruth Midgley and Helena Mahoney,,Steve Ogle,
39211098,WLNP,Yarrow Cabin Trail,B-6,572,2017,6,23,1,07:53,Recording,6,EI Monitoring,5.9,clear,0,Riverforks E3A-CM/CZM (newer),CZM (new),,Ruth Midgley and Helena Mahoney,Max wind 3.2 km/h. Chattery squirrel for first half of recording,Steve Ogle,
39211099,WLNP,Yarrow Cabin Trail,B-6,573,2017,6,23,1,08:23,Recording,7,EI Monitoring,8.2,clear,1.4,Riverforks E3A-CM/CZM (newer),CZM (new),,Ruth Midgley and Helena Mahoney,Max wind 4.1 km/h. Cows mooing off in distance during first part of recording,Steve Ogle,
39211100,WLNP,Yarrow Cabin Trail,B-6,574,2017,6,23,1,08:51,Recording,8,EI Monitoring,8,scattered,1.4,Riverforks E3A-CM/CZM (newer),CZM (new),,Ruth Midgley and Helena Mahoney,Max wind 2.9 km/h,Steve Ogle,
39211101,WLNP,Yarrow Cabin Trail,B-6,590,2017,6,23,1,09:25,Recording,9,EI Monitoring,13.9,broken,1.2,Riverforks E3A-CM/CZM (newer),CZM (new),,Ruth Midgley and Helena Mahoney,Max wind 2.8 km/h. Slated as track 008 but actually is track 009.,Steve Ogle,
39211102,WLNP,Yarrow Cabin Trail,B-6,591,2017,6,23,1,09:55,Recording,10,EI Monitoring,15,scattered,0,Riverforks E3A-CM/CZM (newer),CZM (new),,Ruth Midgley and Helena Mahoney,Max wind 3.9 km/h,Steve Ogle,
39211103,WLNP,Akamina,B-12,90,2017,6,30,1,05:12,Recording,1,EI Monitoring,6.1,clear,0,Riverforks E3A-CM/CZM (newer),CZM (new),,Lili Simon and Maria Chisholm,Max wind 1.4 km/h,Steve Ogle,
39211104,WLNP,Akamina,B-12,91,2017,6,30,1,05:51,Recording,2,EI Monitoring,7.1,scattered,2,Riverforks E3A-CM/CZM (newer),CZM (new),,Lili Simon and Maria Chisholm,Max wind 2.0 km/h,Steve Ogle,
39211105,WLNP,Akamina,B-12,92,2017,6,30,1,06:29,Recording,3,EI Monitoring,7.5,scattered,1.6,Riverforks E3A-CM/CZM (newer),CZM (new),,Lili Simon and Maria Chisholm,Max wind 6.6 km/h,Steve Ogle,
39211106,WLNP,Akamina,B-12,93,2017,6,30,1,07:07,Recording,4,EI Monitoring,6.7,clear,0,Riverforks E3A-CM/CZM (newer),CZM (new),,Lili Simon and Maria Chisholm,Max wind 1.2 km/h,Steve Ogle,
39211107,WLNP,Akamina,B-12,94,2017,6,30,1,07:55,Recording,5,EI Monitoring,7.4,clear,0,Riverforks E3A-CM/CZM (newer),CZM (new),,Lili Simon and Maria Chisholm,Max wind 1.2 km/h,Steve Ogle,
39211108,WLNP,Akamina,B-12,95,2017,6,30,1,08:31,Recording,6,EI Monitoring,11.6,clear,0,Riverforks E3A-CM/CZM (newer),CZM (new),,Lili Simon and Maria Chisholm,Max wind 1.6 km/h,Steve Ogle,
39211111,WLNP,Stoney Flats,B-15,156,2017,7,4,1,05:58,Recording,1,EI Monitoring,12.7,Obscured,1.4,Riverforks E3A-CM/CZM (newer),CZM (new),,Lili Simon and Maria Chisholm,Max wind 2.6km/h,Steve Ogle,
39211112,WLNP,Stoney Flats,B-15,157,2017,7,4,1,06:33,Recording,2,EI Monitoring,13.2,Broken,0,Riverforks E3A-CM/CZM (newer),CZM (new),,Lili Simon and Maria Chisholm,Max wind 0.2 km/h,Steve Ogle,
39211113,WLNP,Stoney Flats,B-15,158,2017,7,4,1,07:06,Recording,3,EI Monitoring,12.3,Broken,2.1,Riverforks E3A-CM/CZM (newer),CZM (new),,Lili Simon and Maria Chisholm,Max wind 4.9 km/h,Steve Ogle,
39211114,WLNP,Stoney Flats,B-15,159,2017,7,4,1,08:10,Recording,4,EI Monitoring,18.8,Scattered,1,Riverforks E3A-CM/CZM (newer),CZM (new),,Lili Simon and Maria Chisholm,Max wind 3.4 km/h,Steve Ogle,
39211115,WLNP,Stoney Flats,B-15,160,2017,7,4,1,08:53,Recording,5,EI Monitoring,18.8,Scattered,1.2,Riverforks E3A-CM/CZM (newer),CZM (new),,Lili Simon and Maria Chisholm,Max wind 4.5 km/h,Steve Ogle,
39211116,WLNP,Stoney Flats,B-15,161,2017,7,4,1,09:25,Recording,6,EI Monitoring,21.3,Scattered,1.8,Riverforks E3A-CM/CZM (newer),CZM (new),,Lili Simon and Maria Chisholm,Max wind 5.8 km/h,Steve Ogle,
39211117,WLNP,Cameron Lake,B-7,1,2017,7,5,1,05:06,Recording,1,EI Monitoring,13.6,clear,0,Riverforks E3A-CM/CZM (newer),CZM (new),,Maria Chisholm and Ruth Midgley,Max wind 1.5 km/h,Steve Ogle,
39211118,WLNP,Cameron Lake,B-7,3,2017,7,5,1,05:34,Recording,2,EI Monitoring,13,clear,0,Riverforks E3A-CM/CZM (newer),CZM (new),,Maria Chisholm and Ruth Midgley,Max wind 2.4 km/h,Steve Ogle,
39211119,WLNP,Cameron Lake,B-7,4,2017,7,5,1,06:04,Recording,3,EI Monitoring,15.2,clear,1.1,Riverforks E3A-CM/CZM (newer),CZM (new),,Maria Chisholm and Ruth Midgley,Max wind 1.7 km/h,Steve Ogle,
39211120,WLNP,Cameron Lake,B-7,5,2017,7,26,1,07:01,Recording,1,EI Monitoring,13.8,clear,0,Riverforks E3A-CM/CZM (newer),CZM (new),,Ruth Midgely,Late in the season because of noise from loud nearby stream and squirrels,Steve Ogle,
39211121,WLNP,Cameron Lake,B-7,6,2017,7,5,1,06:59,Recording,5,EI Monitoring,13.2,clear,2,Riverforks E3A-CM/CZM (newer),CZM (new),,Maria Chisholm and Ruth Midgley,Max wind 3.5 km/h,Steve Ogle,
39211122,WLNP,Cameron Lake,B-7,124,2017,7,5,1,07:31,Recording,6,EI Monitoring,13.5,clear,0.9,Riverforks E3A-CM/CZM (newer),CZM (new),,Maria Chisholm and Ruth Midgley,Max wind 2.0 km/h,Steve Ogle,
39211123,WLNP,Summit Lake,B-8,9,2017,7,5,1,08:10,Recording,7,EI Monitoring,10,clear,1.3,Riverforks E3A-CM/CZM (newer),CZM (new),,Maria Chisholm and Ruth Midgley,Max wind 3.0 km/h,Steve Ogle,
39211124,WLNP,Summit Lake,B-8,11,2017,7,5,1,08:39,Recording,8,EI Monitoring,11.2,clear,0,Riverforks E3A-CM/CZM (newer),CZM (new),,Maria Chisholm and Ruth Midgley,Max wind 1.4 km/h. At approx 9min a group of hikers stopped nearby to let us finish the recording.,Steve Ogle,
39211125,WLNP,Summit Lake,B-8,12,2017,7,5,1,09:02,Recording,9,EI Monitoring,16.1,clear,1.4,Riverforks E3A-CM/CZM (newer),CZM (new),,Maria Chisholm and Ruth Midgley,Max wind 2.3 km/h,Steve Ogle,
39211126,WLNP,Summit Lake,B-8,126,2017,7,5,1,09:38,Recording,10,EI Monitoring,18.5,clear,0.9,Riverforks E3A-CM/CZM (newer),CZM (new),,Maria Chisholm and Ruth Midgley,Max wind 3.5 km/h,Steve Ogle,
39211127,WLNP,Summit Lake,B-8,127,2017,7,5,1,10:02,Recording,11,EI Monitoring,21,clear,0,Riverforks E3A-CM/CZM (newer),CZM (new),,Maria Chisholm and Ruth Midgley,Max wind 2.0 km/h,Steve Ogle,
39211128,WLNP,Summit Lake,B-8,125,2017,7,6,1,05:35,Recording,1,EI Monitoring,8.1,clear,0,Riverforks E3A-CM/CZM (newer),CZM (new),,Ruth Midgley and Barb Johnston,"Max wind 1.5 km/h. Note recording states point #128, but is actually point #125.",Steve Ogle,
39211129,WLNP,Summit Lake,B-8,15,2017,7,6,1,06:00,Recording,2,EI Monitoring,9.9,clear,0,Riverforks E3A-CM/CZM (newer),CZM (new),,Ruth Midgley and Barb Johnston,Max wind 1.6 km/h,Steve Ogle,
39211130,WLNP,Summit Lake,B-8,16,2017,7,6,1,06:30,Recording,3,EI Monitoring,6.6,clear,0,Riverforks E3A-CM/CZM (newer),CZM (new),,Ruth Midgley and Barb Johnston,Max wind 0 km/h,Steve Ogle,
39211131,WLNP,Summit Lake,B-8,120,2017,7,6,1,07:01,Recording,4,EI Monitoring,12.8,clear,0,Riverforks E3A-CM/CZM (newer),CZM (new),,Ruth Midgley and Barb Johnston,Max wind 0 km/h,Steve Ogle,
39211132,WLNP,Summit Lake,B-8,121,2017,7,6,1,07:29,Recording,5,EI Monitoring,20.6,clear,0,Riverforks E3A-CM/CZM (newer),CZM (new),,Ruth Midgley and Barb Johnston,Max wind 0 km/h,Steve Ogle,
39211133,WLNP,Summit Lake,B-8,122,2017,7,6,1,07:58,Recording,6,EI Monitoring,22.8,clear,0,Riverforks E3A-CM/CZM (newer),CZM (new),,Ruth Midgley and Barb Johnston,Max wind 0.7 km/h,Steve Ogle,
39211134,WLNP,Summit Lake,B-8,123,2017,7,6,1,08:24,Recording,7,EI Monitoring,22.8,clear,0,Riverforks E3A-CM/CZM (newer),CZM (new),,Ruth Midgley and Barb Johnston,,Steve Ogle,
39211135,WLNP,Summit Lake,B-8,128,2017,7,6,1,08:48,Recording,8,EI Monitoring,22,clear,0,Riverforks E3A-CM/CZM (newer),CZM (new),,Ruth Midgley and Barb Johnston,Max wind 0 km/h. Occasional hiker voice in the distance.,Steve Ogle,
39211136,WLNP,Summit Lake,B-8,129,2017,7,6,1,09:14,Recording,9,EI Monitoring,21.3,clear,5.3,Riverforks E3A-CM/CZM (newer),CZM (new),,Ruth Midgley and Barb Johnston,Max wind 11 km/h. Occasional hiker voice in the distance.,Steve Ogle,
39211266,WLNP,Akamina,B-12,90,2019,6,27,1,05:21,Recording,1,EI Monitoring,13.9,overcast,0,Riverforks E3A-CM/CZM (newer),CZM (Newer),Moderate,"Anne Blondin, Emily Swerdfager",Good Quality. Surveyors could not find stake and recorded as close to GPS point as possible.,,
39211267,WLNP,Akamina,B-12,91,2019,6,27,1,05:55,Recording,2,EI Monitoring,10.1,overcast,1.6,Riverforks E3A-CM/CZM (newer),CZM (Newer),Moderate,"Anne Blondin, Emily Swerdfager",Good Quality. Surveyors could not find stake and recorded as close to GPS point as possible.,,
39211268,WLNP,Akamina,B-12,92,2019,6,27,1,06:24,Recording,3,EI Monitoring,8.7,overcast,1.6,Riverforks E3A-CM/CZM (newer),CZM (Newer),Good,"Anne Blondin, Emily Swerdfager",Good quality. Rebar is 45m south of waypoint.,,
39211269,WLNP,Akamina,B-12,93,2019,6,27,1,06:58,Recording,4,EI Monitoring,10.7,overcast,1.5,Riverforks E3A-CM/CZM (newer),CZM (Newer),Good,"Anne Blondin, Emily Swerdfager","Fair qaulity. Thunder @ 4:15, 8:24, 9:52, 11:38, rain droplets starting at about 8:50.",,
39211270,WLNP,Akamina,B-12,94,2019,6,27,1,08:18,Recording,6,EI Monitoring,9.3,overcast,1,Riverforks E3A-CM/CZM (newer),CZM (Newer),Moderate,"Anne Blondin, Emily Swerdfager",Fair quality. Light rain & rain droplet noise.,,
39211271,WLNP,Akamina,B-12,95,2019,6,27,1,08:43,Recording,7,EI Monitoring,8.2,overcast,2.2,Riverforks E3A-CM/CZM (newer),CZM (Newer),Moderate,"Anne Blondin, Emily Swerdfager",Fair qaulity. Light rain in second half of recording and potential noise from nearby stream.,,
39211272,WLNP,Blakiston Fan,B-16,163,2019,6,17,1,05:09,Recording,2,EI Monitoring,12.6,Broken,6.5,Riverforks E3A/CZM (older),CZM (Older),Good,"Anne Blondin, Sean Bishop",Good quality.,,
39211273,WLNP,Blakiston Fan,B-16,162,2019,6,17,1,05:39,Recording,3,EI Monitoring,11.1,Scattered,2.8,Riverforks E3A/CZM (older),CZM (Older),Moderate,"Anne Blondin, Sean Bishop","Transect name slated as ""Blakiston Flats"" but is actually ""Blakistone Fan"". Vehicle 2:37, good quality.",,
39211274,WLNP,Blakiston Fan,B-16,164,2019,6,17,1,06:16,Recording,4,EI Monitoring,11.3,broken,5.9,Riverforks E3A/CZM (older),CZM (Older),Moderate,"Anne Blondin, Sean Bishop","Transect name slated as ""Blakiston Flats"" but is actually ""Blakiston Fan"". Some wind and vehicle noise. Fair quality.",,
39211275,WLNP,Blakiston Fan,B-16,165,2019,6,17,1,06:45,Recording,5,EI Monitoring,12.2,overcast,8.1,Riverforks E3A/CZM (older),CZM (Older),Moderate,"Anne Blondin, Sean Bishop",Good quality.,,
39211276,WLNP,Blakiston Fan,B-16,168,2019,6,17,1,07:35,Recording,6,EI Monitoring,8.8,overcast,5.4,Riverforks E3A/CZM (older),CZM (Older),Moderate,"Anne Blondin, Sean Bishop",.Some light rain and wind noise. Fair quality.,,
39211277,WLNP,Blakiston Fan,B-16,167,2019,6,17,1,08:07,Recording,7,EI Monitoring,13.6,overcast,3.5,Riverforks E3A/CZM (older),CZM (Older),Moderate,"Anne Blondin, Sean Bishop",Good quality.,,
39211278,WLNP,Blakiston Fan,B-16,166,2019,6,17,1,08:38,Recording,8,EI Monitoring,13.3,broken,3.7,Riverforks E3A/CZM (older),CZM (Older),Moderate,"Anne Blondin, Sean Bishop",Air plane noise at 4:00. Good quality.,,
39211279,WLNP,Blakiston Fan,B-16,169,2019,6,17,1,09:09,Recording,9,EI Monitoring,15.5,scattered,4.7,Riverforks E3A/CZM (older),CZM (Older),Moderate,"Anne Blondin, Sean Bishop",Traffic noise during most of recording. Fair quality.,,
39211280,WLNP,Cameron Lake,B-7,1,2019,7,2,1,05:08,Recording,1,EI Monitoring,9.6,overcast,1.2,Riverforks E3A-CM/CZM (newer),CZM (Newer),Moderate,"Bradley Yee, Anne Blondin",Good quality.,,
39211281,WLNP,Cameron Lake,B-7,3,2019,7,2,1,05:36,Recording,2,EI Monitoring,9.5,overcast,0,Riverforks E3A-CM/CZM (newer),CZM (Newer),Good,"Bradley Yee, Anne Blondin",Good quality.,,
39211282,WLNP,Cameron Lake,B-7,4,2019,7,2,1,06:03,Recording,3,EI Monitoring,8.9,overcast,1,Riverforks E3A-CM/CZM (newer),CZM (Newer),Moderate,"Bradley Yee, Anne Blondin",Good quality,,
39211283,WLNP,Cameron Lake,B-7,5,2019,7,2,1,06:27,Recording,4,EI Monitoring,7.3,overcast,1.3,Riverforks E3A-CM/CZM (newer),CZM (Newer),Moderate,"Bradley Yee, Anne Blondin",Good quality,,
39211284,WLNP,Cameron Lake,B-7,6,2019,7,2,1,06:54,Recording,5,EI Monitoring,6,overcast,0,Riverforks E3A-CM/CZM (newer),CZM (Newer),Moderate,"Bradley Yee, Anne Blondin",Good quality,,
39211285,WLNP,Cameron Lake,B-7,124,2019,7,2,1,07:22,Recording,6,EI Monitoring,5.9,overcast,3.5,Riverforks E3A-CM/CZM (newer),CZM (Newer),Poor,"Bradley Yee, Anne Blondin","May be stream noise. Fair - good quality. Could not find waybar, GPS point used.",,
39211286,WLNP,Cardston Entrance,B-9,550,2019,6,11,1,05:00,Recording,1,EI Monitoring,7.1,Clear,4.8,Riverforks E3A/CZM (older),CZM (Older),Moderate,"Sean Bishop, Dylan Brassard",Good quality.,,
39211287,WLNP,Cardston Entrance,B-9,551,2019,6,11,1,05:26,Recording,2,EI Monitoring,3,Clear,2,Riverforks E3A/CZM (older),CZM (Older),Moderate,"Sean Bishop, Dylan Brassard","Vehicle 11:30 - 12:30. Kestrel Weather Meter died, weather information estimated. Good quality aside form vehicle noise. Temp, avg wind speed data taken from Environment Canada historical weather report.",,
39211288,WLNP,Cardston Entrance,B-9,552,2019,6,11,1,05:50,Recording,3,EI Monitoring,6.4,Scattered,5,Riverforks E3A/CZM (older),CZM (Older),Moderate,"Sean Bishop, Dylan Brassard",Vehicle 5:30-6:30. Nearby horses making noise.,,
39211289,WLNP,Cardston Entrance,B-9,553,2019,6,11,1,06:15,Recording,4,EI Monitoring,6.4,Scattered,5,Riverforks E3A/CZM (older),CZM (Older),Moderate,"Sean Bishop, Dylan Brassard","Vehicle 8:25, 11:05 - 12:00. Good quality besides vehicles. Temp, avg wind speed data taken from Environment Canada historical weather report.",,
39211290,WLNP,Cardston Entrance,B-9,554,2019,6,11,1,06:41,Recording,5,EI Monitoring,10.2,Scattered,10,Riverforks E3A/CZM (older),CZM (Older),Moderate,"Sean Bishop, Dylan Brassard","Vehicle 4:00, 7:23, 8:44, 13:35. Good quality when there are no vehicles. Quantity of them may downgrade overall quality to fair. ",,
39211291,WLNP,Cardston Entrance,B-9,555,2019,6,11,1,07:05,Recording,6,EI Monitoring,10.2,Scattered,10,Riverforks E3A/CZM (older),CZM (Older),Moderate,"Sean Bishop, Dylan Brassard","Vehicle noise for about first 11 minutes. Temp, avg wind speed data taken from Environment Canada historical weather report.",,
39211292,WLNP,Cardston Entrance,B-9,556,2019,6,11,1,07:30,Recording,7,EI Monitoring,13.3,Scattered,8,Riverforks E3A/CZM (older),CZM (Older),Moderate,"Sean Bishop, Dylan Brassard",Vehicle around 13:00 mark. Ground squirrel vocalizations present through recording as well. Good quality overall. ,,
39211293,WLNP,Cardston Entrance,B-9,557,2019,6,26,2,08:32,Recording,6,EI Monitoring,14.5,Scattered,1.1,Riverforks E3A/CZM (older),CZM (Older),Moderate,"Emily Swerdfager, Anne blondin",Ground squirrels quite loud.,,
39211294,WLNP,Cardston Gate South,B-14,150,2019,6,26,1,04:57,Recording,1,EI Monitoring,7.1,Scattered,0.9,Riverforks E3A/CZM (older),CZM (Older),Good,"Emily Swerdfager, Anne blondin",Good quality.,,
39211295,WLNP,Cardston Gate South,B-14,151,2019,6,26,1,05:28,Recording,2,EI Monitoring,5.1,Scattered,2.4,Riverforks E3A/CZM (older),CZM (Older),Moderate,"Emily Swerdfager, Anne blondin","Vehicle 4:55 - 6:50, 7:47, some wind towards the end. Fair quality.",,
39211296,WLNP,Cardston Gate South,B-14,152,2019,6,26,1,06:00,Recording,3,EI Monitoring,5.2,Scattered,,Riverforks E3A/CZM (older),CZM (Older),Moderate,"Emily Swerdfager, Anne blondin","Sneeze 1:13, good quality.",,
39211297,WLNP,Cardston Gate South,B-14,153,2019,6,26,1,06:28,Recording,4,EI Monitoring,5,Scattered,1.4,Riverforks E3A/CZM (older),CZM (Older),Moderate,"Emily Swerdfager, Anne blondin",Incorrectly slatted as track 154. Good quality.,,
39211298,WLNP,Cardston Gate South,B-14,154,2019,6,26,1,06:55,Recording,5,EI Monitoring,7.6,Scattered,1,Riverforks E3A/CZM (older),CZM (Older),Moderate,"Emily Swerdfager, Anne blondin","Radio 5:26, Vehicle noise thorugh out most of recording. Fair quality.",,
39211299,WLNP,Crandell Lake,B-11,100,2019,6,15,1,05:01,Recording,1,EI Monitoring,14.6,Overcast,1,Riverforks E3A-CM/CZM (newer),CZM (Newer),Moderate,"Bradley Yee, Dylan Brassard",Good quality.,,
39211300,WLNP,Crandell Lake,B-11,101,2019,6,15,1,05:27,Recording,2,EI Monitoring,12.1,Overcast,2.9,Riverforks E3A-CM/CZM (newer),CZM (Newer),Poor,"Bradley Yee, Dylan Brassard",Good quality but near stream.,,
39211301,WLNP,Crandell Lake,B-11,102,2019,6,15,1,05:50,Recording,3,EI Monitoring,10.9,Overcast,2.3,Riverforks E3A-CM/CZM (newer),CZM (Newer),Moderate,"Bradley Yee, Dylan Brassard",Good quality but near stream.,,
39211302,WLNP,Crandell Lake,B-11,103,2019,6,15,1,06:21,Recording,4,EI Monitoring,10.7,Overcast,2,Riverforks E3A-CM/CZM (newer),CZM (Newer),Moderate,"Bradley Yee, Dylan Brassard",Good quality.,,
39211303,WLNP,Crandell Lake,B-11,104,2019,6,15,1,06:44,Recording,5,EI Monitoring,11.4,Overcast,0,Riverforks E3A-CM/CZM (newer),CZM (Newer),Good,"Bradley Yee, Dylan Brassard",Good quality.,,
39211304,WLNP,Crandell Lake,B-11,105,2019,6,15,1,07:08,Recording,6,EI Monitoring,12.7,Overcast,0,Riverforks E3A-CM/CZM (newer),CZM (Newer),Good,"Bradley Yee, Dylan Brassard",Good quality.,,
39211305,WLNP,Eskerine,B-13,119,2019,6,11,1,05:01,Recording,2,EI Monitoring,8.8,Clear,2.7,Riverforks E3A-CM/CZM (newer),CZM (Newer),Moderate,"Anne Blondin, Bradley Yee","Time and track number stated at end of recording. Incorrect transect number was slated. Technician said B3, it is actually B13. Distant river noise. Good quality.",,
39211306,WLNP,Eskerine,B-13,118,2019,6,11,1,05:32,Recording,3,EI Monitoring,6.3,Clear,5.1,Riverforks E3A-CM/CZM (newer),CZM (Newer),Moderate,"Anne Blondin, Bradley Yee","Incorrect transect number was slated. Technician said B3, it is actually B13. Some wind noise in the 12th minute. Good quality.",,
39211307,WLNP,Eskerine,B-13,117,2019,6,11,1,06:01,Recording,4,EI Monitoring,6.9,Clear,6.8,Riverforks E3A-CM/CZM (newer),CZM (Newer),Moderate,"Anne Blondin, Bradley Yee",Periodic wind gusts after 7:30. Fair quality,,
39211308,WLNP,Eskerine,B-13,116,2019,6,11,1,06:27,Recording,5,EI Monitoring,8.2,Clear,7,Riverforks E3A-CM/CZM (newer),CZM (Newer),Moderate,"Anne Blondin, Bradley Yee","Vehicle 5:35, 6:19, 8:08. Good quality.",,
39211309,WLNP,Eskerine,B-13,115,2019,6,11,1,,Recording,6,EI Monitoring,8.7,Clear,5.7,Riverforks E3A-CM/CZM (newer),CZM (Newer),Moderate,"Anne Blondin, Bradley Yee",Vehicle 11:02. European Starlings may have been imitating killdeer and or gull spp. Good quality.,,
39211310,WLNP,Eskerine,B-13,114,2019,6,11,1,07:33,Recording,7,EI Monitoring,8.6,Clear,8,Riverforks E3A-CM/CZM (newer),CZM (Newer),Moderate,"Anne Blondin, Bradley Yee",Clicking/knocking noise in background - possibly microphone cables moving against tripod? Good quality otherwise.,,
39211311,WLNP,Eskerine,B-13,113,2019,6,11,1,08:03,Recording,8,EI Monitoring,10.9,Clear,4,Riverforks E3A-CM/CZM (newer),CZM (Newer),Moderate,"Anne Blondin, Bradley Yee",Some distant vehicle noise and wind noise near end of recording. Good quality. ,,
39211312,WLNP,Eskerine,B-13,112,2019,6,11,1,08:40,Recording,9,EI Monitoring,13.7,Thin Scattered,6.8,Riverforks E3A-CM/CZM (newer),CZM (Newer),Moderate,"Anne Blondin, Bradley Yee",Some distant vehicle noise but otherwise good quality.,,
39211313,WLNP,Eskerine,B-13,111,2019,6,11,1,09:07,Recording,10,EI Monitoring,16.7,Clear,5,Riverforks E3A-CM/CZM (newer),CZM (Newer),Moderate,"Anne Blondin, Bradley Yee",Vehicle at 13:22. Some wind at 7:18. Good qaulity.,,
39211314,WLNP,Eskerine,B-13,110,2019,6,11,1,09:33,Recording,11,EI Monitoring,15.5,Clear,4,Riverforks E3A-CM/CZM (newer),CZM (Newer),Moderate,"Anne Blondin, Bradley Yee",Distant vehicle noise through. Good quality. Short cellphone noise near beginning.,,
39211315,WLNP,Horseshoe Basin,B-2,41,2019,6,25,1,07:08,Recording,2,EI Monitoring,16,Scattered,0,Riverforks E3A-CM/CZM (newer),CZM (Newer),Good,"Emily Swerdfager, Anne blondin",Good quality.,,
39211316,WLNP,Horseshoe Basin,B-2,42,2019,6,25,1,07:41,Recording,4,EI Monitoring,14.3,Scattered,1.5,Riverforks E3A-CM/CZM (newer),CZM (Newer),Good,"Emily Swerdfager, Anne blondin","Good Quality. Actually track 4, not 3.",,
39211317,WLNP,Horseshoe Basin,B-2,43,2019,6,25,1,08:07,Recording,6,EI Monitoring,15.1,Scattered,2.4,Riverforks E3A-CM/CZM (newer),CZM (Newer),Good,"Emily Swerdfager, Anne blondin",Radio went of briefly. Good quality,,
39211318,WLNP,Horseshoe Basin,B-2,44,2019,6,25,1,08:35,Recording,7,EI Monitoring,14.8,Scattered,1,Riverforks E3A-CM/CZM (newer),CZM (Newer),Good,"Emily Swerdfager, Anne blondin",Good quality. Plane flew overhead for 4 mins,,
39211319,WLNP,Horseshoe Basin,B-2,45,2019,6,25,1,09:05,Recording,8,EI Monitoring,15.8,Scattered,1.1,Riverforks E3A-CM/CZM (newer),CZM (Newer),Good,"Emily Swerdfager, Anne blondin","Good quality, brief plane noise near end or recording",,
39211320,WLNP,Horseshoe Basin,B-2,46,2019,6,25,1,09:35,Recording,9,EI Monitoring,14,Scattered,1.1,Riverforks E3A-CM/CZM (newer),CZM (Newer),Moderate,"Emily Swerdfager, Anne blondin","Some wind at 10:00, Helicopter at 12:30. Fair quality.",,
39211321,WLNP,Horseshoe Basin,B-2,47,2019,7,4,1,07:34,Recording,3,EI Monitoring,8,Broken,2.3,Riverforks E3A-CM/CZM (newer),CZM (Newer),Good,"Bradley Yee, Emily Swerdfager",Good quality,,
39211322,WLNP,Horseshoe Basin,B-2,48,2019,7,4,1,08:00,Recording,4,EI Monitoring,10.1,overcast,4.9,Riverforks E3A-CM/CZM (newer),CZM (Newer),Moderate,"Bradley Yee, Emily Swerdfager","Good quality. At 4:51, the recording was paused to allow a hiker to pass. Quiet sporatic vehicle noise.",,
39211323,WLNP,Horseshoe Basin,B-2,49,2019,7,4,1,08:33,Recording,6,EI Monitoring,9.3,overcast,1.1,Riverforks E3A-CM/CZM (newer),CZM (Newer),Moderate,"Bradley Yee, Emily Swerdfager",Good quality.,,
39211324,WLNP,Horseshoe Basin,B-2,50,2019,7,4,1,08:57,Recording,7,EI Monitoring,8.5,overcast,1.7,Riverforks E3A-CM/CZM (newer),CZM (Newer),Good,"Bradley Yee, Emily Swerdfager",Good quality. Light rain drops towards end of recording.,,
39211325,WLNP,Lower mount Crandell,B-1,18,2019,6,26,1,05:01,Recording,1,EI Monitoring,4.2,Broken,1.1,Riverforks E3A-CM/CZM (newer),CZM (Newer),Good,"Bradley Yee, Dylan Brassard",Good quality.,,
39211326,WLNP,Lower mount Crandell,B-1,19,2019,6,26,1,05:28,Recording,2,EI Monitoring,6,Broken,2.1,Riverforks E3A-CM/CZM (newer),CZM (Newer),Good,"Bradley Yee, Dylan Brassard",Good quality.,,
39211327,WLNP,Lower mount Crandell,B-1,20,2019,6,26,1,05:54,Recording,3,EI Monitoring,7.9,Broken,0,Riverforks E3A-CM/CZM (newer),CZM (Newer),Good,"Bradley Yee, Dylan Brassard",Lawn mower from golf course starts at 10:00. Fair quality.,,
39211328,WLNP,Lower mount Crandell,B-1,21,2019,6,26,1,06:49,Recording,4,EI Monitoring,10.7,Scattered,0,Riverforks E3A-CM/CZM (newer),CZM (Newer),Good,"Bradley Yee, Dylan Brassard",Lawn mower from golf course in background for most of recording. Fair quality.,,
39211329,WLNP,Lower mount Crandell,B-1,71,2019,6,26,1,08:22,Recording,7,EI Monitoring,15,Clear,2.4,Riverforks E3A-CM/CZM (newer),CZM (Newer),Good,"Bradley Yee, Dylan Brassard",Good quality.,,
39211330,WLNP,Lower mount Crandell,B-1,72,2019,6,26,1,08:52,Recording,9,EI Monitoring,16,Clear,2.4,Riverforks E3A-CM/CZM (newer),CZM (Newer),Poor,"Bradley Yee, Dylan Brassard",Blakiston River is rather noisy. ,,
39211331,WLNP,Lower mount Crandell,B-1,24,2019,6,26,1,09:34,Recording,10,EI Monitoring,14.5,Scattered,2.3,Riverforks E3A-CM/CZM (newer),CZM (Newer),Moderate,"Bradley Yee, Dylan Brassard",Distant lawn mower noise at about 6:00 but still good quality.,,
39211332,WLNP,Lower mount Crandell,B-1,23,2019,6,26,1,10:00,Recording,11,EI Monitoring,14.5,Scattered,1.8,Riverforks E3A-CM/CZM (newer),CZM (Newer),Moderate,"Bradley Yee, Dylan Brassard",Background lawn mower from golf course. Fair quality.,,
39211333,WLNP,Lower mount Crandell,B-1,22,2019,7,4,2,05:03,Recording,1,EI Monitoring,7.2,Broken,0,Riverforks E3A-CM/CZM (newer),CZM (Newer),Good,"Bradley Yee, Emily Swerdfager",Good quality.,,
39211334,WLNP,Lower mount Crandell,B-1,70,2019,7,4,2,05:40,Recording,2,EI Monitoring,5.8,Broken,0,Riverforks E3A-CM/CZM (newer),CZM (Newer),Good,"Bradley Yee, Emily Swerdfager",Good quality.,,
39211335,WLNP,Prairie Trail,B-3,575,2019,6,12,1,05:00,Recording,1,EI Monitoring,13.2,Clear,1.1,Riverforks E3A-CM/CZM (newer),CZM (Newer),Good,"Sean Bishop, Dylan Brassard",Good quality.,,
39211336,WLNP,Prairie Trail,B-3,576,2019,6,12,1,05:23,Recording,2,EI Monitoring,7.2,Scattered,1.8,Riverforks E3A-CM/CZM (newer),CZM (Newer),Good,"Sean Bishop, Dylan Brassard",Good quality.,,
39211337,WLNP,Prairie Trail,B-3,577,2019,6,12,1,05:45,Recording,3,EI Monitoring,8.9,Scattered,1.5,Riverforks E3A-CM/CZM (newer),CZM (Newer),Moderate,"Sean Bishop, Dylan Brassard",Incorrect slate. Slated as point 575 but was actually point 577. Good quality.,,
39211338,WLNP,Prairie Trail,B-3,578,2019,6,12,1,06:08,Recording,4,EI Monitoring,11.8,Scattered,0,Riverforks E3A-CM/CZM (newer),CZM (Newer),Moderate,"Sean Bishop, Dylan Brassard",Good quality.,,
39211339,WLNP,Prairie Trail,B-3,579,2019,6,12,1,06:32,Recording,5,EI Monitoring,10.2,Scattered,0.9,Riverforks E3A-CM/CZM (newer),CZM (Newer),Good,"Sean Bishop, Dylan Brassard",Good Quality. Some gorund squirrel calls in recording.,,
39211340,WLNP,Prairie Trail,B-3,580,2019,6,12,1,06:58,Recording,6,EI Monitoring,12.2,Scattered,0,Riverforks E3A-CM/CZM (newer),CZM (Newer),Moderate,"Sean Bishop, Dylan Brassard",Good quality.,,
39211341,WLNP,Prairie Trail,B-3,581,2019,6,12,1,07:20,Recording,7,EI Monitoring,14.5,Scattered,0.9,Riverforks E3A-CM/CZM (newer),CZM (Newer),Moderate,"Sean Bishop, Dylan Brassard",Vehicle at 7:11 and last minute of recording. Ground squirrels vocalizing. Good quality.,,
39211342,WLNP,Prairie Trail,B-3,582,2019,6,12,1,07:47,Recording,8,EI Monitoring,17.2,Scattered,1.7,Riverforks E3A-CM/CZM (newer),CZM (Newer),Moderate,"Sean Bishop, Dylan Brassard",Ground squirrels vocalizing. Good quality,,
39211343,WLNP,Prairie Trail,B-3,583,2019,6,12,1,08:15,Recording,9,EI Monitoring,23,Scattered,1.5,Riverforks E3A-CM/CZM (newer),CZM (Newer),Moderate,"Sean Bishop, Dylan Brassard",Good quality. ,,
39211344,WLNP,Prairie Trail,B-3,584,2019,6,12,1,08:30,Recording,10,EI Monitoring,21.4,Scattered,1,Riverforks E3A-CM/CZM (newer),CZM (Newer),Moderate,"Sean Bishop, Dylan Brassard",Ground squirrels vocalizing. Good quality.,,
39211345,WLNP,Sofa Mountain,B-5,25,2019,6,20,1,05:00,Recording,1,EI Monitoring,2.4,Scattered,0,Riverforks E3A-CM/CZM (newer),CZM (Newer),Moderate,"Bradley Yee, Dylan Brassard",Good quality. Potential cell phone noise.,,
39211346,WLNP,Sofa Mountain,B-5,26,2019,6,20,1,05:25,Recording,2,EI Monitoring,5.1,Scattered,1.4,Riverforks E3A-CM/CZM (newer),CZM (Newer),Moderate,"Bradley Yee, Dylan Brassard",recorder/microphone type not slated. This is stated in spreadsheet. Good quality.,,
39211347,WLNP,Sofa Mountain,B-5,27,2019,6,20,1,05:52,Recording,3,EI Monitoring,5.1,Scattered,1.9,Riverforks E3A-CM/CZM (newer),CZM (Newer),Moderate,"Bradley Yee, Dylan Brassard",At approximately 12:42 a cell phone notification can be heard. Good quality.,,
39211348,WLNP,Sofa Mountain,B-5,28,2019,6,20,1,06:18,Recording,4,EI Monitoring,6.1,Scattered,0.9,Riverforks E3A-CM/CZM (newer),CZM (Newer),Moderate,"Bradley Yee, Dylan Brassard",Windn noise starts to pick up after about 10:00. Good quality.,,
39211349,WLNP,Sofa Mountain,B-5,80,2019,6,20,1,08:21,Recording,10,EI Monitoring,5.7,Broken,4.7,Riverforks E3A-CM/CZM (newer),CZM (Newer),Moderate,"Bradley Yee, Dylan Brassard",Fair - good quality..,,
39211350,WLNP,Sofa Mountain,B-5,81,2019,6,20,1,08:48,Recording,11,EI Monitoring,7.8,Scattered,8.1,Riverforks E3A-CM/CZM (newer),CZM (Newer),Poor,"Bradley Yee, Dylan Brassard",.A few wind gusts. Fair quality.,,
39211351,WLNP,Sofa Mountain,B-5,29,2019,6,24,2,05:42,Recording,1,EI Monitoring,10.4,Overcast,1.2,Riverforks E3A-CM/CZM (newer),CZM (Newer),Moderate,"Emily Swerdfager, Dylan Brassard",Some leaves rustling in the 6th minute. Good quality,,
39211352,WLNP,Sofa Mountain,B-5,30,2019,6,24,2,06:16,Recording,2,EI Monitoring,9.6,Overcast,1,Riverforks E3A-CM/CZM (newer),CZM (Newer),Moderate,"Emily Swerdfager, Dylan Brassard",Leaf rustling at minute 4:00 and 10:00. Fair - good quality.,,
39211353,WLNP,Sofa Mountain,B-5,31,2019,7,9,3,07:20,Recording,1,EI Monitoring,13.1,Scattered,0,Riverforks E3A-CM/CZM (newer),CZM (Newer),Good,"Emily Swerfager, Mike",Good quality.,,
39211354,WLNP,Sofa Mountain,B-5,32,2019,7,9,2,07:49,Recording,2,EI Monitoring,15.3,Scattered,3.5,Riverforks E3A-CM/CZM (newer),CZM (Newer),Moderate,"Emily Swerfager, Mike",Good quality.,,
39211355,WLNP,Stoney Flats,B-15,156,2019,6,17,1,05:17,Recording,1,EI Monitoring,10.9,Broken,3.6,Riverforks E3A-CM/CZM (newer),CZM (Newer),Moderate,"Bradley Yee, Dylan Brassard",Good quality.,,
39211356,WLNP,Stoney Flats,B-15,157,2019,6,17,1,05:44,Recording,2,EI Monitoring,11.2,Broken,5.2,Riverforks E3A-CM/CZM (newer),CZM (Newer),Moderate,"Bradley Yee, Dylan Brassard",Good quality.,,
39211357,WLNP,Stoney Flats,B-15,158,2019,6,17,1,06:15,Recording,3,EI Monitoring,11.4,Broken,2,Riverforks E3A-CM/CZM (newer),CZM (Newer),Moderate,"Bradley Yee, Dylan Brassard",Good quality.,,
39211358,WLNP,Stoney Flats,B-15,159,2019,6,17,1,06:56,Recording,4,EI Monitoring,12.7,Broken,3.7,Riverforks E3A-CM/CZM (newer),CZM (Newer),Moderate,"Bradley Yee, Dylan Brassard",Good quality.,,
39211359,WLNP,Stoney Flats,B-15,160,2019,6,17,1,07:24,Recording,5,EI Monitoring,14.3,Broken,1.9,Riverforks E3A-CM/CZM (newer),CZM (Newer),Good,"Bradley Yee, Dylan Brassard",Good quality. Some vehicle nosie at 10:51.,,
39211360,WLNP,Stoney Flats,B-15,161,2019,6,17,1,07:54,Recording,6,EI Monitoring,13.1,Broken,0,Riverforks E3A-CM/CZM (newer),CZM (Newer),Moderate,"Bradley Yee, Dylan Brassard",Vehicle noise for most of recording. Fair quality.,,
39211361,WLNP,Summit Lake,B-8,9,2019,7,2,1,08:00,Recording,7,EI Monitoring,4.9,overcast,2.4,Riverforks E3A-CM/CZM (newer),CZM (Newer),Poor,"Bradley Yee, Anne Blondin",Good quality.,,
39211362,WLNP,Summit Lake,B-8,11,2019,7,2,1,08:29,Recording,8,EI Monitoring,3.8,overcast,3.8,Riverforks E3A-CM/CZM (newer),CZM (Newer),Poor,"Bradley Yee, Anne Blondin",Fair quality. Stream noise.,,
39211363,WLNP,Summit Lake,B-8,12,2019,7,2,1,08:55,Recording,10,EI Monitoring,4,overcast,4.5,Riverforks E3A-CM/CZM (newer),CZM (Newer),Poor,"Bradley Yee, Anne Blondin",Good quality.,,
39211364,WLNP,Summit Lake,B-8,125,2019,7,2,1,09:23,Recording,11,EI Monitoring,4.5,overcast,3.4,Riverforks E3A-CM/CZM (newer),CZM (Newer),Moderate,"Bradley Yee, Anne Blondin",Good quality.,,
39211365,WLNP,Summit Lake,B-8,127,2019,7,3,1,05:23,Recording,1,EI Monitoring,8.5,overcast,0,Riverforks E3A-CM/CZM (newer),CZM (Newer),Moderate,"Bradley Yee, Anne Blondin",Good quality.,,
39211366,WLNP,Summit Lake,B-8,126,2019,7,3,1,05:51,Recording,2,EI Monitoring,7,overcast,1.6,Riverforks E3A-CM/CZM (newer),CZM (Newer),Poor,"Bradley Yee, Anne Blondin",Good quality.,,
39211367,WLNP,Summit Lake,B-8,15,2019,7,3,1,06:17,Recording,3,EI Monitoring,7,overcast,0,Riverforks E3A-CM/CZM (newer),CZM (Newer),Good,"Bradley Yee, Anne Blondin",Good quality.,,
39211368,WLNP,Summit Lake,B-8,16,2019,7,3,1,06:42,Recording,4,EI Monitoring,10.4,broken,0,Riverforks E3A-CM/CZM (newer),CZM (Newer),Moderate,"Bradley Yee, Anne Blondin",Plane heard in last 30-40 seconds of audio. Good quality.,,
39211369,WLNP,Summit Lake,B-8,120,2019,7,3,1,07:11,Recording,5,EI Monitoring,10,broken,0,Riverforks E3A-CM/CZM (newer),CZM (Newer),Poor,"Bradley Yee, Anne Blondin",Good quality.,,
39211370,WLNP,Summit Lake,B-8,121,2019,7,3,1,07:39,Recording,6,EI Monitoring,9.3,broken,0,Riverforks E3A-CM/CZM (newer),CZM (Newer),Poor,"Bradley Yee, Anne Blondin",Good quality.,,
39211371,WLNP,Summit Lake,B-8,122,2019,7,3,1,08:09,Recording,7,EI Monitoring,12.2,Broken,0.9,Riverforks E3A-CM/CZM (newer),CZM (Newer),Moderate,"Bradley Yee, Anne Blondin",Good quality.,,
39211372,WLNP,Summit Lake,B-8,123,2019,7,3,1,08:40,Recording,8,EI Monitoring,11.3,Overcast,0,Riverforks E3A-CM/CZM (newer),CZM (Newer),Moderate,"Bradley Yee, Anne Blondin",Good quality.,,
39211373,WLNP,Summit Lake,B-8,128,2019,7,3,1,09:08,Recording,9,EI Monitoring,10.5,broken,1.5,Riverforks E3A-CM/CZM (newer),CZM (Newer),Moderate,"Bradley Yee, Anne Blondin",Good quality.,,
39211374,WLNP,Summit Lake,B-8,129,2019,7,3,1,09:40,Recording,10,EI Monitoring,7.7,Broken,5.5,Riverforks E3A-CM/CZM (newer),CZM (Newer),Moderate,"Bradley Yee, Anne Blondin",Good quality.,,
39211375,WLNP,Wishbone Trail,B-4,33,2019,6,4,1,05:06,Recording,5,EI Monitoring,14.1,Scattered,1.2,Riverforks E3A-CM/CZM (newer),CZM (Newer),Good,"Emily Swerdfager, Sean Bishop",Good Quality,,
39211376,WLNP,Wishbone Trail,B-4,34,2019,6,4,1,05:36,Recording,6,EI Monitoring,6.2,Clear,0.9,Riverforks E3A-CM/CZM (newer),CZM (Newer),Good,"Emily Swerdfager, Sean Bishop","Gain setting may be incorrect. Slate begins at 2:35. Slate says date is April 6, 2019 but date is actually June 4, 2019. Good quality.",,
39211377,WLNP,Wishbone Trail,B-4,35,2019,6,4,1,06:06,Recording,7,EI Monitoring,6.4,Clear,0,Riverforks E3A-CM/CZM (newer),CZM (Newer),Good,"Emily Swerdfager, Sean Bishop",Gain setting may be incorrect - too high? Good quality.,,
39211378,WLNP,Wishbone Trail,B-4,36,2019,6,4,1,06:30,Recording,8,EI Monitoring,6.2,Clear,2.6,Riverforks E3A-CM/CZM (newer),CZM (Newer),Good,"Emily Swerdfager, Sean Bishop",Gain setting may be incorrect. Good quality,,
39211379,WLNP,Wishbone Trail,B-4,37,2019,6,4,1,06:54,Recording,9,EI Monitoring,7.3,Clear,0,Riverforks E3A-CM/CZM (newer),CZM (Newer),Good,"Emily Swerdfager, Sean Bishop",Gain setting may be incorrect. Vehicle traffic present. Quality of recording may be fair rather than good considering vehicle noise.,,
39211380,WLNP,Wishbone Trail,B-4,38,2019,6,4,1,07:18,Recording,10,EI Monitoring,9.2,Clear,0,Riverforks E3A-CM/CZM (newer),CZM (Newer),Good,"Emily Swerdfager, Sean Bishop",Good Quality.,,
39211381,WLNP,Wishbone Trail,B-4,39,2019,6,4,1,07:44,Recording,11,EI Monitoring,10.8,Clear,1,Riverforks E3A-CM/CZM (newer),CZM (Newer),Good,"Emily Swerdfager, Sean Bishop",Good Quality.,,
39211382,WLNP,Wishbone Trail,B-4,40,2019,6,4,1,08:10,Recording,12,EI Monitoring,12.1,Clear,1,Riverforks E3A-CM/CZM (newer),CZM (Newer),Good,"Emily Swerdfager, Sean Bishop",Good Quality.,,
39211383,WLNP,Wishbone Trail,B-4,60,2019,6,4,1,08:34,Recording,13,EI Monitoring,134,Clear,1,Riverforks E3A-CM/CZM (newer),CZM (Newer),Good,"Emily Swerdfager, Sean Bishop",Good Quality.,,
39211384,WLNP,Wishbone Trail,B-4,61,2019,6,4,1,08:57,Recording,14,EI Monitoring,14.7,Clear,1,Riverforks E3A-CM/CZM (newer),CZM (Newer),Moderate,"Emily Swerdfager, Sean Bishop",Good quality except for 8.4km/h wind gusts.,,
39211385,WLNP,Yarrow Cabin Trail,B-6,567,2019,6,30,1,05:26,Recording,1,EI Monitoring,9.5,Clear,0,Riverforks E3A-CM/CZM (newer),CZM (Newer),Moderate,"Dylan Brassard, Helena Mahoney",Good quality.,,
39211386,WLNP,Yarrow Cabin Trail,B-6,568,2019,6,30,1,05:51,Recording,3,EI Monitoring,9.6,Clear,1.2,Riverforks E3A-CM/CZM (newer),CZM (Newer),Poor,"Dylan Brassard, Helena Mahoney",Good quality. River noise.,,
39211387,WLNP,Yarrow Cabin Trail,B-6,569,2019,6,30,1,06:20,Recording,4,EI Monitoring,6.4,Clear,2.6,Riverforks E3A-CM/CZM (newer),CZM (Newer),Moderate,"Dylan Brassard, Helena Mahoney","Oil and gas compressor may be causing noise,",,
39211388,WLNP,Yarrow Cabin Trail,B-6,570,2019,6,30,1,06:58,Recording,6,EI Monitoring,11.2,Clear,0,Riverforks E3A-CM/CZM (newer),CZM (Newer),Moderate,"Dylan Brassard, Helena Mahoney",good quality.,,
39211389,WLNP,Yarrow Cabin Trail,B-6,571,2019,6,30,1,07:26,Recording,7,EI Monitoring,8.5,Clear,1.5,Riverforks E3A-CM/CZM (newer),CZM (Newer),Moderate,"Dylan Brassard, Helena Mahoney",8:30 - on - cow mooing,,
39211390,WLNP,Yarrow Cabin Trail,B-6,572,2019,6,30,1,07:51,Recording,8,EI Monitoring,10,Clear,1.9,Riverforks E3A-CM/CZM (newer),CZM (Newer),Poor,"Dylan Brassard, Helena Mahoney",Good quality.,,
39211391,WLNP,Yarrow Cabin Trail,B-6,573,2019,6,30,1,08:20,Recording,9,EI Monitoring,8.4,Clear,1.2,Riverforks E3A-CM/CZM (newer),CZM (Newer),Moderate,"Dylan Brassard, Helena Mahoney",Good quality.,,
39211392,WLNP,Yarrow Cabin Trail,B-6,574,2019,6,30,1,08:50,Recording,10,EI Monitoring,11,Clear,0,Riverforks E3A-CM/CZM (newer),CZM (Newer),Good,"Dylan Brassard, Helena Mahoney",Good quality.,,
39211393,WLNP,Yarrow Cabin Trail,B-6,590,2019,6,30,1,09:22,Recording,11,EI Monitoring,17,Clear,0,Riverforks E3A-CM/CZM (newer),CZM (Newer),Good,"Dylan Brassard, Helena Mahoney",Good quality. Calliope hummingbird in close proximity.,,
39211394,WLNP,Yarrow Cabin Trail,B-6,591,2019,6,30,1,09:57,Recording,12,EI Monitoring,17.5,Clear,2.3,Riverforks E3A-CM/CZM (newer),CZM (Newer),Good,"Dylan Brassard, Helena Mahoney",Good quality.,,
39211526,WLNP,Akamina,B-12,90,2018,6,22,1,04:58,Recording,1,EI Monitoring,11.3,Overcast,2.1,Riverforks E3A-CM/CZM (newer),CZM (newer),Moderate,Mackenzie Brown and Thomas Brown ,Max wind 4.4 km/h. Stream near by creating noise. ,,
39211527,WLNP,Akamina,B-12,91,2018,6,22,1,05:29,Recording,2,EI Monitoring,15.4,Overcast,0.9,Riverforks E3A-CM/CZM (newer),CZM (newer),Poor,Mackenzie Brown and Thomas Brown ,"Max wind 2.5 km/h. Around 1:20 there is a camera ""click""",,
39211528,WLNP,Akamina,B-12,92,2018,6,22,1,06:07,Recording,3,EI Monitoring,11.7,Broken,1.6,Riverforks E3A-CM/CZM (newer),CZM (newer),Moderate,Mackenzie Brown and Thomas Brown ,Max wind 2.6 km/h. ,,
39211529,WLNP,Akamina,B-12,93,2018,6,22,1,06:35,Recording,4,EI Monitoring,8.9,Obscured,1.1,Riverforks E3A-CM/CZM (newer),CZM (newer),Poor,Mackenzie Brown and Thomas Brown ,Max wind 2.5km/h.,,
39211530,WLNP,Akamina,B-12,94,2018,6,22,1,07:04,Recording,5,EI Monitoring,10.3,Obscured,2.3,Riverforks E3A-CM/CZM (newer),CZM (newer),Poor,Mackenzie Brown and Thomas Brown ,Max wind 4.2 km/h.,,
39211531,WLNP,Akamina,B-12,95,2018,6,22,1,07:41,Recording,6,EI Monitoring,9.8,Overcast,1.4,Riverforks E3A-CM/CZM (newer),CZM (newer),Poor,Mackenzie Brown and Thomas Brown ,Max wind 2.6 km/h. ,,
39211532,WLNP,Blakiston Fan,B-16,162,2018,6,20,1,05:00,Recording,18,EI Monitoring,8,clear,5.3,Riverforks E3A/CZM (older),CZM (older),Moderate,Jenna Schulhof and Laurent Janssen,Max wind 14.8Km/h. Frequent wind gusts. ,,
39211533,WLNP,Blakiston Fan,B-16,163,2018,6,20,1,05:27,Recording,19,EI Monitoring,7.7,clear,4,Riverforks E3A/CZM (older),CZM (older),Poor,Jenna Schulhof and Laurent Janssen,Max wind increased from 8km/hr up to 19.3 during recording. Windy at beginning. ,,
39211534,WLNP,Blakiston Fan,B-16,164,2018,6,28,1,07:26,Recording,16,EI Monitoring,9,SCAT,0,Riverforks E3A/CZM (older),CZM (older),Moderate,Courtney Jones and Jenna Schulhof,Max wind 0.0 km/h. Traffic at 3:50-4:50.,,
39211535,WLNP,Blakiston Fan,B-16,165,2018,6,28,1,07:47,Recording,17,EI Monitoring,10,SCAT,2.4,Riverforks E3A/CZM (older),CZM (older),Moderate,Courtney Jones and Jenna Schulhof,Max wind 2.9 km/h. ,,
39211536,WLNP,Blakiston Fan,B-16,166,2018,6,28,1,08:15,Recording,18,EI Monitoring,11.9,Broken,1.7,Riverforks E3A/CZM (older),CZM (older),Moderate,Courtney Jones and Jenna Schulhof,Max wind 2.4 km/h. ,,
39211537,WLNP,Blakiston Fan,B-16,167,2018,6,28,1,08:40,Recording,19,EI Monitoring,11.2,SCAT,0,Riverforks E3A/CZM (older),CZM (older),Good,Courtney Jones and Jenna Schulhof,Max wind 0.0 km/h. ,,
39211538,WLNP,Blakiston Fan,B-16,168,2018,6,28,1,08:55,Recording,20,EI Monitoring,16.5,Broken,1.2,Riverforks E3A/CZM (older),CZM (older),Moderate,Courtney Jones and Jenna Schulhof,Max wind 3.4 km/h. ,,
39211539,WLNP,Blakiston Fan,B-16,169,2018,6,28,1,09:15,Recording,21,EI Monitoring,16.5,Overcast,3.3,Riverforks E3A/CZM (older),CZM (older),Moderate,Courtney Jones and Jenna Schulhof,Max wind 4.9 km/h. ,,
39211540,WLNP,Cameron Lake,B-7,1,2018,6,23,1,05:00,Recording,1,EI Monitoring,12.8,Broken,1,Riverforks E3A-CM/CZM (newer),CZM (newer),Moderate,Courtney Jones and Caitlin Willier,Max wind 1.7 km/h. ,,
39211541,WLNP,Cameron Lake,B-7,3,2018,6,23,1,05:26,Recording,2,EI Monitoring,10.5,Broken,0,Riverforks E3A-CM/CZM (newer),CZM (newer),Moderate,Courtney Jones and Caitlin Willier,Max wind 1.8 km/h. ,,
39211542,WLNP,Cameron Lake,B-7,4,2018,6,23,1,05:52,Recording,3,EI Monitoring,8.2,Overcast,0.9,Riverforks E3A-CM/CZM (newer),CZM (newer),Moderate,Courtney Jones and Caitlin Willier,Max wind 1.6 km/h. ,,
39211543,WLNP,Cameron Lake,B-7,5,2018,6,23,1,06:20,Recording,4,EI Monitoring,9.5,Broken,0,Riverforks E3A-CM/CZM (newer),CZM (newer),Moderate,Courtney Jones and Caitlin Willier,Max wind 0 km/h. River is fairly loud.,,no recording for this one
39211544,WLNP,Cameron Lake,B-7,6,2018,6,23,1,06:50,Recording,5,EI Monitoring,9.1,Broken,1.2,Riverforks E3A-CM/CZM (newer),CZM (newer),Moderate,Courtney Jones and Caitlin Willier,Max wind 2.3 km/h. ,,
39211545,WLNP,Cameron Lake,B-7,124,2018,6,23,1,07:20,Recording,6,EI Monitoring,8.3,Broken,1.7,Riverforks E3A-CM/CZM (newer),CZM (newer),Moderate,Courtney Jones and Caitlin Willier,"Max wind 2.9 km/h. Run off on either side of microphones, fairly loud. ",,
39211546,WLNP,Cameron Lake,B-7,5,2018,7,10,1,05:30,Recording,1,EI Monitoring,17.5,SCT,1.5,Riverforks E3A-CM/CZM (newer),CZM (newer),Moderate,Tom Brown and Brynlee Thomas,Max wind 2.2 km/h. ,,
39211547,WLNP,Cardston Entrance,B-9,550,2018,6,9,1,05:00,Recording,9,EI Monitoring,8.1,Scattered,6,Riverforks E3A/CZM (older),CZM (older),Moderate,Thomas Brown and Brynlee Thomas,"Max wind 9.30Km/h, Cows , no tone following track info.",,
39211548,WLNP,Cardston Entrance,B-9,551,2018,6,9,1,05:28,Recording,10,EI Monitoring,8.6,Scattered,6,Riverforks E3A/CZM (older),CZM (older),Good,Thomas Brown and Brynlee Thomas,"Max wind 10.7Km/h, Cows",,
39211549,WLNP,Cardston Entrance,B-9,552,2018,6,9,1,06:00,Recording,11,EI Monitoring,8.1,Scattered,3,Riverforks E3A/CZM (older),CZM (older),Moderate,Thomas Brown and Brynlee Thomas,Max wind 3.6Km/h,,
39211550,WLNP,Cardston Entrance,B-9,553,2018,6,9,1,06:23,Recording,12,EI Monitoring,10,Scattered,0,Riverforks E3A/CZM (older),CZM (older),Moderate,Thomas Brown and Brynlee Thomas,Max wind 0.0Km/h,,
39211551,WLNP,Cardston Entrance,B-9,554,2018,6,9,1,06:46,Recording,13,EI Monitoring,12.7,Scattered,0,Riverforks E3A/CZM (older),CZM (older),Moderate,Thomas Brown and Brynlee Thomas,Max wind 2.1Km/h,,
39211552,WLNP,Cardston Entrance,B-9,555,2018,6,9,1,07:12,Recording,14,EI Monitoring,12.4,Scattered,3.6,Riverforks E3A/CZM (older),CZM (older),Moderate,Thomas Brown and Brynlee Thomas,Max wind 4.50Km/h,,
39211553,WLNP,Cardston Entrance,B-9,556,2018,6,9,1,07:35,Recording,15,EI Monitoring,15.4,Scattered,1,Riverforks E3A/CZM (older),CZM (older),Good,Thomas Brown and Brynlee Thomas,Max wind 2.20Km/h,,
39211554,WLNP,Cardston Entrance,B-9,557,2018,6,9,1,07:57,Recording,16,EI Monitoring,13.4,Scattered,0.9,Riverforks E3A/CZM (older),CZM (older),Good,Thomas Brown and Brynlee Thomas,Max wind 3.3Km/h,,
39211555,WLNP,Cardston Gate South,B-14,150,2018,6,28,1,05:00,Recording,11,EI Monitoring,5,SCAT,0,Riverforks E3A/CZM (older),CZM (older),Moderate,Courtney Jones and Jenna Schulhof,Max wind 0.0 km/h. ,,
39211556,WLNP,Cardston Gate South,B-14,151,2018,6,28,1,05:15,Recording,12,EI Monitoring,5.7,SCAT,2.2,Riverforks E3A/CZM (older),CZM (older),Moderate,Courtney Jones and Jenna Schulhof,Max wind 3.8 km/h. ,,
39211557,WLNP,Cardston Gate South,B-14,152,2018,6,28,1,05:40,Recording,13,EI Monitoring,4.8,SCAT,0,Riverforks E3A/CZM (older),CZM (older),Good,Courtney Jones and Jenna Schulhof,Max wind 0.0 km/h. ,,
39211558,WLNP,Cardston Gate South,B-14,153,2018,6,28,1,06:00,Recording,14,EI Monitoring,4.2,SCAT,0,Riverforks E3A/CZM (older),CZM (older),Good,Courtney Jones and Jenna Schulhof,Max wind 0.0 km/h. ,,
39211559,WLNP,Cardston Gate South,B-14,154,2018,6,28,1,06:25,Recording,15,EI Monitoring,5.5,SCAT,0,Riverforks E3A/CZM (older),CZM (older),Good,Courtney Jones and Jenna Schulhof,Max wind 0.0 km/h. ,,
39211560,WLNP,Crandell Lake,B-11,100,2018,6,15,1,05:00,Recording,12,EI Monitoring,8.4,Broken,0.9,Riverforks E3A-CM/CZM (newer),CZM (newer),Moderate,Jenna Schulhof and Mackenzie Brown,Max wind 3.3Km/h,,
39211561,WLNP,Crandell Lake,B-11,101,2018,6,15,1,05:26,Recording,13,EI Monitoring,9.2,Broken,0,Riverforks E3A-CM/CZM (newer),CZM (newer),Moderate,Jenna Schulhof and Mackenzie Brown,Max wind 1.4 km/h,,
39211562,WLNP,Crandell Lake,B-11,102,2018,6,15,1,05:53,Recording,14,EI Monitoring,7.6,Broken,2.1,Riverforks E3A-CM/CZM (newer),CZM (newer),Good,Jenna Schulhof and Mackenzie Brown,Max wind 2.8 km/h,,
39211563,WLNP,Crandell Lake,B-11,103,2018,6,15,1,06:18,Recording,15,EI Monitoring,8.3,Scattered,1.2,Riverforks E3A-CM/CZM (newer),CZM (newer),Moderate,Jenna Schulhof and Mackenzie Brown,Max wind 2.2km/h,,
39211564,WLNP,Crandell Lake,B-11,104,2018,6,15,1,07:01,Recording,17,EI Monitoring,8.4,Broken,0,Riverforks E3A-CM/CZM (newer),CZM (newer),Moderate,Jenna Schulhof and Mackenzie Brown,Max wind 2.4km/h,,
39211565,WLNP,Crandell Lake,B-11,105,2018,6,15,1,07:30,Recording,18,EI Monitoring,9.4,Broken,2,Riverforks E3A-CM/CZM (newer),CZM (newer),Moderate,Jenna Schulhof and Mackenzie Brown,Max wind 5.1km/h,,
39211566,WLNP,Eskerine ,B-13,119,2018,6,20,1,04:58,Recording,11,EI Monitoring,8.7,Scattered,6.1,Riverforks E3A-CM/CZM (newer),CZM (newer),Moderate,Mackenzie Brown and Courtney Jones,Max wind 9.2 km/h. At 4:30 you can hear kestrel. ,,
39211567,WLNP,Eskerine ,B-13,118,2018,6,20,1,05:22,Recording,12,EI Monitoring,8.3,Scattered,6,Riverforks E3A-CM/CZM (newer),CZM (newer),Moderate,Mackenzie Brown and Courtney Jones,Max wind 9.8 km/h,,
39211568,WLNP,Eskerine ,B-13,116,2018,6,20,1,06:05,Recording,14,EI Monitoring,9.5,Scattered,8.2,Riverforks E3A-CM/CZM (newer),CZM (newer),Moderate,Mackenzie Brown and Courtney Jones,Max wind 14.8 km/h,,
39211569,WLNP,Eskerine ,B-13,115,2018,6,20,1,06:30,Recording,15,EI Monitoring,11.5,Clear,9.2,Riverforks E3A-CM/CZM (newer),CZM (newer),Poor,Mackenzie Brown and Courtney Jones,Max wind 15.3 Kestrel,,
39211570,WLNP,Eskerine ,B-13,114,2018,6,20,1,06:53,Recording,16,EI Monitoring,11.4,Clear,11.8,Riverforks E3A-CM/CZM (newer),CZM (newer),Poor,Mackenzie Brown and Courtney Jones,Max wind 16.6 km/h. Wind quite loud during second half. ,,
39211571,WLNP,Eskerine ,B-13,113,2018,6,20,1,07:15,Recording,17,EI Monitoring,12.6,Clear,5,Riverforks E3A-CM/CZM (newer),CZM (newer),Poor,Mackenzie Brown and Courtney Jones,Max wind 11.0 km/h. Loud wind at 8:56,,
39211572,WLNP,Eskerine ,B-13,112,2018,6,20,1,07:40,Recording,18,EI Monitoring,14.2,Clear,7.5,Riverforks E3A-CM/CZM (newer),CZM (newer),Poor,Mackenzie Brown and Courtney Jones,Max wind 14.7 km/h,,
39211573,WLNP,Eskerine ,B-13,117,2018,7,5,1,07:05,Recording,1,EI Monitoring,10.4,Clear,3.4,Riverforks E3A-CM/CZM (newer),CZM (newer),Moderate,Mackenzie Brown and Thomas Brown ,Max wind 4.9 km/h. ,,
39211574,WLNP,Eskerine ,B-13,111,2018,7,5,1,07:47,Recording,2,EI Monitoring,12.3,Clear,4,Riverforks E3A-CM/CZM (newer),CZM (newer),Good,Mackenzie Brown and Thomas Brown ,Max wind 8.5 km/h.,,
39211575,WLNP,Eskerine ,B-13,110,2018,7,5,1,08:08,Recording,3,EI Monitoring,12.9,Clear,7.3,Riverforks E3A-CM/CZM (newer),CZM (newer),Good,Mackenzie Brown and Thomas Brown ,Max wind 8.7 km/h.,,
39211576,WLNP,Horseshoe Basin,B-2,41,2018,6,7,1,04:55,Recording,1,EI Monitoring,8.2,Broken,1,Riverforks E3A-CM/CZM (newer),CZM (newer),Good,Courtney Jones and Sarah Heemskerk,Max wind 1.8 km/h,,
39211577,WLNP,Horseshoe Basin,B-2,42,2018,6,7,1,05:21,Recording,2,EI Monitoring,6.8,Scattered,1.4,Riverforks E3A-CM/CZM (newer),CZM (newer),Good,Courtney Jones and Sarah Heemskerk,Max wind 2.2 km/h,,
39211578,WLNP,Horseshoe Basin,B-2,43,2018,6,7,1,05:45,Recording,3,EI Monitoring,8.8,Scattered,2.7,Riverforks E3A-CM/CZM (newer),CZM (newer),Good,Courtney Jones and Sarah Heemskerk,Max wind 4.0 km/h. Coyotes howling in distance.,,
39211579,WLNP,Horseshoe Basin,B-2,44,2018,6,7,1,06:06,Recording,4,EI Monitoring,12.6,Scattered,3,Riverforks E3A-CM/CZM (newer),CZM (newer),Good,Courtney Jones and Sarah Heemskerk,Max wind 6.6 km/h. Coyotes howling in distance.,,
39211580,WLNP,Horseshoe Basin,B-2,45,2018,6,7,1,06:32,Recording,5,EI Monitoring,13.8,Scattered,3.4,Riverforks E3A-CM/CZM (newer),CZM (newer),Good,Courtney Jones and Sarah Heemskerk,Max wind 3.4 km/h. Coyotes howling in distance.,,
39211581,WLNP,Horseshoe Basin,B-2,46,2018,6,7,1,06:55,Recording,6,EI Monitoring,16.3,Thin cloud,1.2,Riverforks E3A-CM/CZM (newer),CZM (newer),Moderate,Courtney Jones and Sarah Heemskerk,Max wind 2.4 km/h,,
39211582,WLNP,Horseshoe Basin,B-2,47,2018,6,7,1,07:20,Recording,7,EI Monitoring,20.1,Scattered,0,Riverforks E3A-CM/CZM (newer),CZM (newer),Moderate,Courtney Jones and Sarah Heemskerk,Max wind 1.5 km/h,,
39211583,WLNP,Horseshoe Basin,B-2,48,2018,6,7,1,07:45,Recording,8,EI Monitoring,18.5,Scattered,2,Riverforks E3A-CM/CZM (newer),CZM (newer),Good,Courtney Jones and Sarah Heemskerk,Max wind 4.1 km/h,,
39211584,WLNP,Horseshoe Basin,B-2,49,2018,6,7,1,08:10,Recording,9,EI Monitoring,20,Scattered,1.4,Riverforks E3A-CM/CZM (newer),CZM (newer),Moderate,Courtney Jones and Sarah Heemskerk,Max wind 3.7 km/h,,
39211585,WLNP,Horseshoe Basin,B-2,50,2018,6,7,1,08:35,Recording,10,EI Monitoring,17.7,Thin cloud,2,Riverforks E3A-CM/CZM (newer),CZM (newer),Good,Courtney Jones and Sarah Heemskerk,Max wind 5.3 km/h,,
39211586,WLNP,Lower Mount Crandell,B-1,18,2018,6,29,1,04:57,Recording,1,EI Monitoring,11.2,Broken,3.1,Riverforks E3A-CM/CZM (newer),CZM (newer),Good,Mackenzie Brown and Jenna Schulhof,Max wind 9.3,,
39211587,WLNP,Lower Mount Crandell,B-1,19,2018,6,29,1,05:18,Recording,3,EI Monitoring,11.5,Broken,2.6,Riverforks E3A-CM/CZM (newer),CZM (newer),Moderate,Mackenzie Brown and Jenna Schulhof,Max wind 6.8 (Can hear slight rain drops),,
39211588,WLNP,Lower Mount Crandell,B-1,20,2018,6,29,1,05:43,Recording,4,EI Monitoring,11.6,Broken,3.3,Riverforks E3A-CM/CZM (newer),CZM (newer),Moderate,Mackenzie Brown and Jenna Schulhof,"Max wind 5.4 (Golf course lawn mower in background, starting at 3:35) (few raindrops at 5:00)",,
39211589,WLNP,Lower Mount Crandell,B-1,21,2018,6,29,1,06:02,Recording,5,EI Monitoring,11.8,Broken,3.2,Riverforks E3A-CM/CZM (newer),CZM (newer),Moderate,Mackenzie Brown and Jenna Schulhof,Max wind 5.1 (Golf course lawn mower in background),,
39211590,WLNP,Lower Mount Crandell,B-1,22,2018,6,29,1,06:27,Recording,6,EI Monitoring,12.1,Broken,1.7,Riverforks E3A-CM/CZM (newer),CZM (newer),Moderate,Mackenzie Brown and Jenna Schulhof,Max wind 3.6 (Golf course lawn mower in background),,
39211591,WLNP,Lower Mount Crandell,B-1,23,2018,6,29,1,06:48,Recording,7,EI Monitoring,11.5,Broken,2.6,Riverforks E3A-CM/CZM (newer),CZM (newer),Moderate,Mackenzie Brown and Jenna Schulhof,Max wind 6.8 ,,
39211592,WLNP,Lower Mount Crandell,B-1,24,2018,6,29,1,07:10,Recording,8,EI Monitoring,11.2,Broken,4.5,Riverforks E3A-CM/CZM (newer),CZM (newer),Moderate,Mackenzie Brown and Jenna Schulhof,Max wind 11.5,,
39211593,WLNP,Lower Mount Crandell,B-1,70,2018,6,29,1,07:40,Recording,9,EI Monitoring,12.5,Broken,3.4,Riverforks E3A-CM/CZM (newer),CZM (newer),Moderate,Mackenzie Brown and Jenna Schulhof,"Max wind 12.6. Said track 8, meant track 9.",,
39211594,WLNP,Lower Mount Crandell,B-1,71,2018,6,29,1,08:05,Recording,10,EI Monitoring,12.7,Broken,6.2,Riverforks E3A-CM/CZM (newer),CZM (newer),Moderate,Mackenzie Brown and Jenna Schulhof,Max wind 16.0 but increased to 18.7,,
39211595,WLNP,Lower Mount Crandell,B-1,72,2018,6,29,1,08:27,Recording,11,EI Monitoring,11.6,Broken,4.8,Riverforks E3A-CM/CZM (newer),CZM (newer),Poor,Mackenzie Brown and Jenna Schulhof,Max wind 9.2,,
39211596,WLNP,Prairie Trail,B-3,575,2018,6,5,1,05:00,Recording,2,EI Monitoring,11,Broken,2,Riverforks E3A-CM/CZM (newer),CZM (newer),Moderate,Courtney Jones and Jenna Schulhof,Max wind 4.5 km/h,,
39211597,WLNP,Prairie Trail,B-3,576,2018,6,5,1,05:26,Recording,3,EI Monitoring,7.4,Broken,1.8,Riverforks E3A-CM/CZM (newer),CZM (newer),Moderate,Courtney Jones and Jenna Schulhof,Max wind 4.5 km/h. Coughing at minute 4:06,,C
39211598,WLNP,Prairie Trail,B-3,577,2018,6,5,1,05:48,Recording,4,EI Monitoring,8.2,Scattered,1.4,Riverforks E3A-CM/CZM (newer),CZM (newer),Moderate,Courtney Jones and Jenna Schulhof,Max wind 3.6 km/h,,
39211599,WLNP,Prairie Trail,B-3,579,2018,6,5,1,06:27,Recording,6,EI Monitoring,8.3,Thin cloud,5.4,Riverforks E3A-CM/CZM (newer),CZM (newer),Poor,Courtney Jones and Jenna Schulhof,Max wind 10.9 km/h,,
39211600,WLNP,Prairie Trail,B-3,580,2018,6,5,1,06:53,Recording,7,EI Monitoring,7.8,Thin cloud,1.5,Riverforks E3A-CM/CZM (newer),CZM (newer),Moderate,Courtney Jones and Jenna Schulhof,Max wind 10.9 km/h,,
39211601,WLNP,Prairie Trail,B-3,581,2018,6,5,1,07:15,Recording,8,EI Monitoring,8.3,Overcast,2.7,Riverforks E3A-CM/CZM (newer),CZM (newer),Poor,Courtney Jones and Jenna Schulhof,Max wind 14.0 km/h,,
39211602,WLNP,Prairie Trail,B-3,582,2018,6,5,1,07:33,Recording,9,EI Monitoring,8.6,Broken,3.6,Riverforks E3A-CM/CZM (newer),CZM (newer),Poor,Courtney Jones and Jenna Schulhof,Max wind 14.0 km/h. Ground squirrels,,
39211603,WLNP,Prairie Trail,B-3,584,2018,7,5,1,09:14,Recording,5,EI Monitoring,14.9,Clear,2.8,Riverforks E3A-CM/CZM (newer),CZM (newer),Moderate,Mackenzie Brown and Thomas Brown ,Max wind 4.8 km/h,,
39211604,WLNP,Prairie Trail,B-3,583,2018,7,5,1,09:40,Recording,6,EI Monitoring,19.2,Clear,1.9,Riverforks E3A-CM/CZM (newer),CZM (newer),Moderate,Mackenzie Brown and Thomas Brown ,Max wind 2.3 km/h. ,,
39211605,WLNP,Prairie Trail,B-3,578,2018,7,5,1,10:11,Recording,7,EI Monitoring,23.2,Clear,1.7,Riverforks E3A-CM/CZM (newer),CZM (newer),Moderate,Mackenzie Brown and Thomas Brown ,Max wind 2.7 km/h.,,
39211606,WLNP,Sofa Mountain,B-5,25,2018,6,8,1,04:55,Recording,1,EI Monitoring,12,Scattered,0,Riverforks E3A-CM/CZM (newer),CZM (newer),Good,Courtney Jones and Jenna Schulhof,Max wind 1.5km/h,,
39211607,WLNP,Sofa Mountain,B-5,26,2018,6,8,1,05:17,Recording,2,EI Monitoring,14.6,Scattered,2.1,Riverforks E3A-CM/CZM (newer),CZM (newer),Good,Courtney Jones and Jenna Schulhof,Max wind 5.7km/h,,
39211608,WLNP,Sofa Mountain,B-5,27,2018,6,8,1,05:36,Recording,3,EI Monitoring,12.7,Scattered,0,Riverforks E3A-CM/CZM (newer),CZM (newer),Moderate,Courtney Jones and Jenna Schulhof,Max wind 1.4km/h,,
39211609,WLNP,Sofa Mountain,B-5,28,2018,6,8,1,05:56,Recording,4,EI Monitoring,13.4,Scattered,0.9,Riverforks E3A-CM/CZM (newer),CZM (newer),Good,Courtney Jones and Jenna Schulhof,Max wind 1.4km/h,,
39211610,WLNP,Sofa Mountain,B-5,29,2018,6,8,1,06:18,Recording,5,EI Monitoring,13.8,Overcast,0,Riverforks E3A-CM/CZM (newer),CZM (newer),Good,Courtney Jones and Jenna Schulhof,Max wind 1.3km/h,,
39211611,WLNP,Sofa Mountain,B-5,30,2018,6,8,1,06:37,Recording,6,EI Monitoring,13.5,Scattered,3.3,Riverforks E3A-CM/CZM (newer),CZM (newer),Poor,Courtney Jones and Jenna Schulhof,Max wind 6.3km/h,,
39211612,WLNP,Sofa Mountain,B-5,31,2018,6,8,1,06:58,Recording,7,EI Monitoring,13.2,Overcast,2.1,Riverforks E3A-CM/CZM (newer),CZM (newer),Moderate,Courtney Jones and Jenna Schulhof,Max wind 5.7km/h,,
39211613,WLNP,Sofa Mountain,B-5,32,2018,6,8,1,07:25,Recording,8,EI Monitoring,14.3,Overcast,3.7,Riverforks E3A-CM/CZM (newer),CZM (newer),Poor,Courtney Jones and Jenna Schulhof,Max wind 16.4km/h,,
39211614,WLNP,Sofa Mountain,B-5,80,2018,6,8,1,07:49,Recording,9,EI Monitoring,15.2,Scattered,4.2,Riverforks E3A-CM/CZM (newer),CZM (newer),Moderate,Courtney Jones and Jenna Schulhof,Max wind 16.3km/h,,
39211615,WLNP,Sofa Mountain,B-5,81,2018,6,8,1,08:12,Recording,10,EI Monitoring,15.5,Scattered,5,Riverforks E3A-CM/CZM (newer),CZM (newer),Moderate,Courtney Jones and Jenna Schulhof,Max wind 13.0km/h. Can hear Kestrel spinning in the wind,,
39211616,WLNP,Stoney Flats,B-15,157,2018,7,8,1,05:30,Recording,1,EI Monitoring,8.9,Clear,7.5,Riverforks E3A-CM/CZM (newer),CZM (newer),Moderate,Tom Brown and Jenna Schulhof,Max wind 9.6,,
39211617,WLNP,Stoney Flats,B-15,159,2018,7,8,1,06:08,Recording,2,EI Monitoring,5.9,Clear,4.2,Riverforks E3A-CM/CZM (newer),CZM (newer),Moderate,Tom Brown and Jenna Schulhof,Max wind 6.8,,
39211618,WLNP,Stoney Flats,B-15,160,2018,7,8,1,06:34,Recording,3,EI Monitoring,7.3,Clear,3.6,Riverforks E3A-CM/CZM (newer),CZM (newer),Moderate,Tom Brown and Jenna Schulhof,Max wind 4.7,,
39211619,WLNP,Stoney Flats,B-15,161,2018,7,8,1,06:56,Recording,4,EI Monitoring,10.2,Clear,3.4,Riverforks E3A-CM/CZM (newer),CZM (newer),Moderate,Tom Brown and Jenna Schulhof,Max wind 3.4,,
39211620,WLNP,Stoney Flats,B-15,156,2018,6,6,1,05:08,Recording,1,EI Monitoring,11.4,Thin cloud,7.4,Riverforks E3A-CM/CZM (newer),CZM (newer),Moderate,Courtney Jones and Jenna Schulhof,Max wind 18.9 km/h,,
39211621,WLNP,Stoney Flats,B-15,158,2018,6,6,1,06:05,Recording,3,EI Monitoring,10.8,Scattered,8.9,Riverforks E3A-CM/CZM (newer),CZM (newer),Poor,Courtney Jones and Jenna Schulhof,Max wind 11 km/h,,
39211622,WLNP,Summit Lake,B-8,12,2018,6,23,1,09:00,Recording,9,EI Monitoring,8.1,Overcast,1.6,Riverforks E3A-CM/CZM (newer),CZM (newer),Poor,Courtney Jones and Caitlin Willier,Max wind 3.3 km/h. Olive sided flycatcher spotted,,
39211623,WLNP,Summit Lake,B-8,125,2018,6,23,1,09:25,Recording,10,EI Monitoring,7.8,Overcast,3.4,Riverforks E3A-CM/CZM (newer),CZM (newer),Moderate,Courtney Jones and Caitlin Willier,Max wind 6.2 km/h. Bluebird and Northern Flicker spotted. ,,
39211624,WLNP,Summit Lake,B-8,16,2018,6,24,1,05:55,Recording,2,EI Monitoring,10,Broken and VF,1.3,Riverforks E3A-CM/CZM (newer),CZM (newer),Moderate,Courtney Jones and Caitlin Willier,Max wind 2.1 km/h.,,
39211625,WLNP,Summit Lake,B-8,120,2018,6,24,1,05:22,Recording,3,EI Monitoring,9.3,SCAT and VF,2.2,Riverforks E3A-CM/CZM (newer),CZM (newer),Poor,Courtney Jones and Caitlin Willier,Max wind 3.3 km/h. Bluebird spotted. ,,
39211626,WLNP,Summit Lake,B-8,121,2018,6,24,1,06:50,Recording,4,EI Monitoring,9.3,Broken and VF,3.7,Riverforks E3A-CM/CZM (newer),CZM (newer),Moderate,Courtney Jones and Caitlin Willier,"Max wind 7.7 km/h. Bluebird, Pine siskin, Juncos spotted. Shuffling at 6:00",,
39211627,WLNP,Summit Lake,B-8,122,2018,6,24,1,07:15,Recording,5,EI Monitoring,10.8,Broken and VF,2.5,Riverforks E3A-CM/CZM (newer),CZM (newer),Moderate,Courtney Jones and Caitlin Willier,Max wind 3.9 km/h.,,
39211628,WLNP,Summit Lake,B-8,123,2018,6,24,1,07:45,Recording,6,EI Monitoring,10.8,Broken and VF,1.7,Riverforks E3A-CM/CZM (newer),CZM (newer),Moderate,Courtney Jones and Caitlin Willier,Max wind 3.5 km/h.,,
39211629,WLNP,Summit Lake,B-8,128,2018,6,24,1,08:03,Recording,8,EI Monitoring,13.4,SCAT and VF,3.4,Riverforks E3A-CM/CZM (newer),CZM (newer),Poor,Courtney Jones and Caitlin Willier,Max wind 5.3 km/h. Olive sided flycatcher spotted. ,,
39211630,WLNP,Summit Lake,B-8,129,2018,6,24,1,08:25,Recording,9,EI Monitoring,10.6,SCAT and VF,3.8,Riverforks E3A-CM/CZM (newer),CZM (newer),Moderate,Courtney Jones and Caitlin Willier,Max wind 5.0 km/h.,,
39211631,WLNP,Summit Lake,B-8,127,2018,6,24,1,09:25,Recording,11,EI Monitoring,13.2,SCAT and VF,1.6,Riverforks E3A-CM/CZM (newer),CZM (newer),Poor,Courtney Jones and Caitlin Willier,Max wind 2.1 km/h. Olive sided flycatcher,,
39211632,WLNP,Summit Lake,B-8,9,2018,7,10,1,06:28,Recording,2,EI Monitoring,18.1,SCT,1.1,Riverforks E3A-CM/CZM (newer),CZM (newer),Poor,Tom Brown and Brynlee Thomas,Max wind 1.5 km/h. Plane 2:45-5:00,,
39211633,WLNP,Summit Lake,B-8,11,2018,7,10,1,06:58,Recording,3,EI Monitoring,18.7,SCT,2,Riverforks E3A-CM/CZM (newer),CZM (newer),Moderate,Tom Brown and Brynlee Thomas,Max wind 3.5 km/h.,,
39211634,WLNP,Summit Lake,B-8,15,2018,7,10,1,07:25,Recording,4,EI Monitoring,19.6,SCT,0,Riverforks E3A-CM/CZM (newer),CZM (newer),Moderate,Tom Brown and Brynlee Thomas,Max wind 0,,
39211635,WLNP,Summit Lake,B-8,126,2018,7,10,1,07:50,Recording,5,EI Monitoring,20.3,SCT,1.9,Riverforks E3A-CM/CZM (newer),CZM (newer),Moderate,Tom Brown and Brynlee Thomas,Max wind 2.0,,
39211636,WLNP,Wishbone Trail ,B-4,33,2018,6,28,1,05:04,Recording,1,EI Monitoring,3.8,Overcast,1.2,Riverforks E3A-CM/CZM (newer),CZM (newer),Good,Mackenzie Brown and Thomas Brown ,Max Wind1.4 km/h.,,
39211637,WLNP,Wishbone Trail ,B-4,34,2018,6,28,1,05:30,Recording,2,EI Monitoring,3.8,Broken,1.2,Riverforks E3A-CM/CZM (newer),CZM (newer),Good,Mackenzie Brown and Thomas Brown ,Max wind 2.2 km/h. ,,
39211638,WLNP,Wishbone Trail ,B-4,35,2018,6,28,1,05:53,Recording,3,EI Monitoring,3.6,Broken,1.1,Riverforks E3A-CM/CZM (newer),CZM (newer),Good,Mackenzie Brown and Thomas Brown ,Max Wind 2.8 km/h,,
39211639,WLNP,Wishbone Trail ,B-4,36,2018,6,28,1,06:48,Recording,4,EI Monitoring,7.7,Broken,1.1,Riverforks E3A-CM/CZM (newer),CZM (newer),Good,Mackenzie Brown and Thomas Brown ,Max Wind 3.5 km/h.,,
39211640,WLNP,Wishbone Trail ,B-4,37,2018,6,28,1,06:41,Recording,5,EI Monitoring,7.9,Broken,0,Riverforks E3A-CM/CZM (newer),CZM (newer),Good,Mackenzie Brown and Thomas Brown ,Max Wind 4.0 km/h.,,
39211641,WLNP,Wishbone Trail ,B-4,38,2018,6,28,1,07:07,Recording,6,EI Monitoring,9.3,Broken,2.3,Riverforks E3A-CM/CZM (newer),CZM (newer),Moderate,Mackenzie Brown and Thomas Brown ,Max Wind 1.6 km/h.,,
39211642,WLNP,Wishbone Trail ,B-4,39,2018,6,28,1,07:29,Recording,7,EI Monitoring,10.3,Broken,1.3,Riverforks E3A-CM/CZM (newer),CZM (newer),Moderate,Mackenzie Brown and Thomas Brown ,Max wind 0.0 km/h. ,,
39211643,WLNP,Wishbone Trail ,B-4,40,2018,6,28,1,07:51,Recording,8,EI Monitoring,13.3,Broken,0.6,Riverforks E3A-CM/CZM (newer),CZM (newer),Moderate,Mackenzie Brown and Thomas Brown ,Max wind 0.0 km/h. ,,
39211644,WLNP,Wishbone Trail ,B-4,60,2018,6,28,1,08:15,Recording,9,EI Monitoring,11.3,Overcast,0,Riverforks E3A-CM/CZM (newer),CZM (newer),Moderate,Mackenzie Brown and Thomas Brown ,Max Wind 0.0 km/h. 9:54 Tom Snore,,
39211645,WLNP,Wishbone Trail ,B-4,61,2018,6,28,1,08:40,Recording,10,EI Monitoring,14.2,Broken,0,Riverforks E3A-CM/CZM (newer),CZM (newer),Moderate,Mackenzie Brown and Thomas Brown ,Max wind 0.0 km/h. ,,
39211646,WLNP,Yarrow Cabin Trail,B-6,567,2018,6,25,1,05:00,Recording,1,EI Monitoring,12,CLear,0,Riverforks E3A-CM/CZM (newer),CZM (newer),Moderate,Mackenzie Brown and Courtney Jones,Max wind 1.1 km/h. ,,
39211647,WLNP,Yarrow Cabin Trail,B-6,568,2018,6,25,1,05:25,Recording,2,EI Monitoring,10.6,CLear,1.7,Riverforks E3A-CM/CZM (newer),CZM (newer),Moderate,Mackenzie Brown and Courtney Jones,Max wind 2.2 km/h. ,,
39211648,WLNP,Yarrow Cabin Trail,B-6,569,2018,6,25,1,05:46,Recording,3,EI Monitoring,12.6,CLear,4.2,Riverforks E3A-CM/CZM (newer),CZM (newer),Moderate,Mackenzie Brown and Courtney Jones,Max wind 4.5 km/h. ,,
39211649,WLNP,Yarrow Cabin Trail,B-6,570,2018,6,25,1,06:10,Recording,4,EI Monitoring,12.4,CLear,1.5,Riverforks E3A-CM/CZM (newer),CZM (newer),Moderate,Mackenzie Brown and Courtney Jones,Max wind 2.6 km/h. ,,
39211650,WLNP,Yarrow Cabin Trail,B-6,571,2018,6,25,1,06:33,Recording,5,EI Monitoring,16.5,CLear,1.9,Riverforks E3A-CM/CZM (newer),CZM (newer),Moderate,Mackenzie Brown and Courtney Jones,Max wind 8.0 km/h. ,,
39211651,WLNP,Yarrow Cabin Trail,B-6,572,2018,6,25,1,06:55,Recording,6,EI Monitoring,13.4,CLear,3,Riverforks E3A-CM/CZM (newer),CZM (newer),Moderate,Mackenzie Brown and Courtney Jones,Max wind 4.6 km/h. ,,
39211652,WLNP,Yarrow Cabin Trail,B-6,573,2018,6,25,1,07:20,Recording,7,EI Monitoring,18.1,SCAT,0,Riverforks E3A-CM/CZM (newer),CZM (newer),Moderate,Mackenzie Brown and Courtney Jones,Max wind 1.7 km/h. ,,
39211653,WLNP,Yarrow Cabin Trail,B-6,574,2018,6,25,1,07:45,Recording,8,EI Monitoring,18.1,SCAT,0,Riverforks E3A-CM/CZM (newer),CZM (newer),Moderate,Mackenzie Brown and Courtney Jones,Max wind 1.7 km/h. ,,
39211654,WLNP,Yarrow Cabin Trail,B-6,590,2018,6,25,1,08:10,Recording,9,EI Monitoring,17.5,SCAT,1.7,Riverforks E3A-CM/CZM (newer),CZM (newer),Moderate,Mackenzie Brown and Courtney Jones,Max wind 2.9 km/h. ,,
39211655,WLNP,Yarrow Cabin Trail,B-6,591,2018,6,25,1,08:35,Recording,10,EI Monitoring,15.9,SCAT,1,Riverforks E3A-CM/CZM (newer),CZM (newer),Good,Mackenzie Brown and Courtney Jones,Max wind 2.2 km/h. ,,
39211787,WLNP,Lower Mount Crandell,B-1,20,2021,6,18,1,05:01,Recording,1,EI Monitoring,6.2,Clear,1.1,Riverforks E3A-CM/CZM (newer),CMZ (newer),,"Spencer Quayle, Emma Bialobzyski",,,
39211788,WLNP,Lower Mount Crandell,B-1,21,2021,6,18,1,05:25,Recording,2,EI Monitoring,5.7,Clear,0,Riverforks E3A-CM/CZM (newer),CMZ (newer),,"Spencer Quayle, Emma Bialobzyski",,,
39211789,WLNP,Lower Mount Crandell,B-1,22,2021,6,18,1,05:51,Recording,3,EI Monitoring,6.2,Clear,0,Riverforks E3A-CM/CZM (newer),CMZ (newer),,"Spencer Quayle, Emma Bialobzyski",Vehicle noise at 11min.,,
39211790,WLNP,Lower Mount Crandell,B-1,23,2021,6,18,1,06:14,Recording,4,EI Monitoring,7.7,Clear,0,Riverforks E3A-CM/CZM (newer),CMZ (newer),,"Spencer Quayle, Emma Bialobzyski",Some mower noise heard in the distrance.,,
39211791,WLNP,Lower Mount Crandell,B-1,24,2021,6,18,1,06:41,Recording,5,EI Monitoring,9.1,Clear,2.1,Riverforks E3A-CM/CZM (newer),CMZ (newer),,"Spencer Quayle, Emma Bialobzyski",Mower noise from golf course starting at 4min 30sec.,,
39211792,WLNP,Lower Mount Crandell,B-1,70,2021,6,18,1,07:15,Recording,6,EI Monitoring,10.9,Scattered,1.7,Riverforks E3A-CM/CZM (newer),CMZ (newer),,"Spencer Quayle, Emma Bialobzyski",Ground squirrel alarm calls starting at 7min 30sec.,,
39211793,WLNP,Lower Mount Crandell,B-1,71,2021,6,18,1,07:40,Recording,7,EI Monitoring,13.4,Scattered,2.1,Riverforks E3A-CM/CZM (newer),CMZ (newer),,"Spencer Quayle, Emma Bialobzyski",Radio noise at 12min,,
39211794,WLNP,Lower Mount Crandell,B-1,72,2021,6,18,1,08:36,Recording,8,EI Monitoring,17.6,Scattered,0,Riverforks E3A-CM/CZM (newer),CMZ (newer),,"Spencer Quayle, Emma Bialobzyski",Noise from Blakiston Creek is constant.,,
39211795,WLNP,Lower Mount Crandell,B-1,18,2021,6,24,2,05:02,Recording,2,EI Monitoring,15.6,Overcast,1.8,Riverforks E3A-CM/CZM (newer),CMZ (newer),,"Spencer Quayle, Emma Bialobzyski","Rain at the start of the recording. Goes until 4min 30sec of the recording. After, sound quality is good.",,
39211796,WLNP,Lower Mount Crandell,B-1,19,2021,6,24,3,05:47,Recording,4,EI Monitoring,15.9,Overcast,0,Riverforks E3A-CM/CZM (newer),CMZ (newer),,"Spencer Quayle, Emma Bialobzyski","Incorrect time and track stated in the slate, correct time is 0547 and track 004. Rain until 6min 30sec, we extended the recording time to account for the poor conditions at the start.",,
39211797,WLNP,Horseshoe Basin,B-2,41,2021,6,13,1,05:01,Recording,1,EI Monitoring,8.8,Scattered,3.2,Riverforks E3A-CM/CZM (newer),CZM (newer),,"Kaegan Finn, Megan Schwegel","Common nighthawk flew overhead ~15 feet up, 5 mins into recording. Adjusted max wind to reflect gusts during survey",,
39211798,WLNP,Horseshoe Basin,B-2,42,2021,6,13,1,05:24,Recording,2,EI Monitoring,6.8,Scattered,1.6,Riverforks E3A-CM/CZM (newer),CZM (newer),,"Kaegan Finn, Megan Schwegel",,,
39211799,WLNP,Horseshoe Basin,B-2,43,2021,6,13,1,05:48,Recording,3,EI Monitoring,8.3,Scattered,3.7,Riverforks E3A-CM/CZM (newer),CZM (newer),,"Kaegan Finn, Megan Schwegel",,,
39211800,WLNP,Horseshoe Basin,B-2,44,2021,6,13,1,06:14,Recording,4,EI Monitoring,11.8,Broken,2.1,Riverforks E3A-CM/CZM (newer),CZM (newer),,"Kaegan Finn, Megan Schwegel",,,
39211801,WLNP,Horseshoe Basin,B-2,45,2021,6,13,1,06:38,Recording,5,EI Monitoring,9.9,Broken,2.1,Riverforks E3A-CM/CZM (newer),CZM (newer),,"Kaegan Finn, Megan Schwegel",,,
39211802,WLNP,Horseshoe Basin,B-2,46,2021,6,13,1,07:02,Recording,6,EI Monitoring,10.7,Scattered,2.2,Riverforks E3A-CM/CZM (newer),CZM (newer),,"Kaegan Finn, Megan Schwegel",,,
39211803,WLNP,Horseshoe Basin,B-2,47,2021,6,13,1,07:48,Recording,7,EI Monitoring,16.8,Scattered,2.5,Riverforks E3A-CM/CZM (newer),CZM (newer),,"Kaegan Finn, Megan Schwegel",,,
39211804,WLNP,Horseshoe Basin,B-2,48,2021,6,13,1,08:16,Recording,8,EI Monitoring,17,Scattered,2.7,Riverforks E3A-CM/CZM (newer),CZM (newer),,"Kaegan Finn, Megan Schwegel",Loud crash in woods @10 mins 11 secs into recording. Coyotes yipping at end of recording,,
39211805,WLNP,Horseshoe Basin,B-2,49,2021,6,13,1,08:43,Recording,9,EI Monitoring,19.3,Scattered,1.8,Riverforks E3A-CM/CZM (newer),CZM (newer),,"Kaegan Finn, Megan Schwegel",,,
39211806,WLNP,Horseshoe Basin,B-2,50,2021,6,13,1,09:24,Recording,11,EI Monitoring,18,Clear,4.1,Riverforks E3A-CM/CZM (newer),CZM (newer),,"Kaegan Finn, Megan Schwegel",Track 10 interrupted by hiker. Slated the wind speed incorrectly: wind speeds accurate for track 10,,
39211807,WLNP,Prairie Trail,B-3,575,2021,6,8,1,05:02,Recording,1,EI Monitoring,6.9,Overcast,2.2,Riverforks E3A-CM/CZM (newer),CZM (newer),,"Kaegan Finn, Megan Schwegel",Adjusted max wind to reflect gusts during survey. Heard common nighthawk before survey started,,
39211808,WLNP,Prairie Trail,B-3,576,2021,6,8,1,05:32,Recording,2,EI Monitoring,4.8,Overcast,3.1,Riverforks E3A-CM/CZM (newer),CZM (newer),,"Kaegan Finn, Megan Schwegel",,,
39211809,WLNP,Prairie Trail,B-3,577,2021,6,8,1,05:58,Recording,3,EI Monitoring,5.6,Overcast,0,Riverforks E3A-CM/CZM (newer),CZM (newer),,"Kaegan Finn, Megan Schwegel",Adjusted max wind to reflect gusts during survey,,
39211810,WLNP,Prairie Trail,B-3,578,2021,6,8,1,06:22,Recording,4,EI Monitoring,5.1,Overcast,1.9,Riverforks E3A-CM/CZM (newer),CZM (newer),,"Kaegan Finn, Megan Schwegel",Stream/waterfall on Bellevue audible,,
39211811,WLNP,Prairie Trail,B-3,580,2021,6,8,1,06:55,Recording,6,EI Monitoring,5.9,Broken,0,Riverforks E3A-CM/CZM (newer),CZM (newer),,"Kaegan Finn, Megan Schwegel","Had trouble setting the gain, right speaker not set at 0. Incorrectly slated this site as 579. Should be 580",,
39211812,WLNP,Prairie Trail,B-3,581,2021,6,8,1,07:23,Recording,7,EI Monitoring,6.4,Broken,3.1,Riverforks E3A-CM/CZM (newer),CZM (newer),,"Kaegan Finn, Megan Schwegel",Same gain issue as above,,
39211813,WLNP,Prairie Trail,B-3,582,2021,6,8,1,08:10,Recording,8,EI Monitoring,9,Overcast,2.6,Riverforks E3A-CM/CZM (newer),CZM (newer),,"Kaegan Finn, Megan Schwegel",Adjusted max wind to reflect gusts during survey,,
39211814,WLNP,Prairie Trail,B-3,583,2021,6,8,1,08:34,Recording,9,EI Monitoring,6.2,Overcast,4.4,Riverforks E3A-CM/CZM (newer),CZM (newer),,"Kaegan Finn, Megan Schwegel",,,
39211815,WLNP,Prairie Trail,B-3,584,2021,6,8,1,08:58,Recording,10,EI Monitoring,6.4,Overcast,5.6,Riverforks E3A-CM/CZM (newer),CZM (newer),,"Kaegan Finn, Megan Schwegel",Adjusted max wind to reflect gusts during survey,,
39211816,WLNP,Prairie Trail,B-3,579,2021,6,8,1,09:34,Recording,11,EI Monitoring,6.8,Overcast,6.3,Riverforks E3A-CM/CZM (newer),CZM (newer),,"Kaegan Finn, Megan Schwegel","Missed this point on first pass, got it on way back. Adjusted max wind to reflect gusts during survey",,
39211817,WLNP,Wishbone Trail,B-4,33,2021,6,1,1,05:06,Recording,1,EI Monitoring,12.5,Scattered,2.6,Riverforks E3A-CM/CZM (newer),CZM (newer),,"Kaegan Finn, Megan Schwegel",Plane passed ~5 mins in. Crash in woods sometime after plane. Incorrect temperature slated (12.5 not 2.5). Adjusted max wind to reflect gusts during survey. Good quality,,
39211818,WLNP,Wishbone Trail,B-4,34,2021,6,1,1,05:33,Recording,2,EI Monitoring,11.8,Scattered,3.7,Riverforks E3A-CM/CZM (newer),CZM (newer),,"Kaegan Finn, Megan Schwegel",Car went by at 5:43 am (9:38 mins into recording). Good quality,,
39211819,WLNP,Wishbone Trail,B-4,35,2021,6,1,1,06:04,Recording,3,EI Monitoring,11.7,Broken,9.9,Riverforks E3A-CM/CZM (newer),CZM (newer),,"Kaegan Finn, Megan Schwegel",Very windy. Fair quality,,
39211820,WLNP,Wishbone Trail,B-4,36,2021,6,1,1,06:29,Recording,4,EI Monitoring,12.4,Broken,7.4,Riverforks E3A-CM/CZM (newer),CZM (newer),,"Kaegan Finn, Megan Schwegel","Time slated as 6:29am, but recorded on sheet as 6:33am. Assumed 6:29 to be correct. Adjusted max wind to reflect gusts during survey. Fair quality",,
39211821,WLNP,Wishbone Trail,B-4,37,2021,6,1,1,06:56,Recording,5,EI Monitoring,12.6,Broken,1.4,Riverforks E3A-CM/CZM (newer),CZM (newer),,"Kaegan Finn, Megan Schwegel",Adjusted max wind to reflect gusts during survey,,
39211822,WLNP,Wishbone Trail,B-4,38,2021,6,1,1,07:51,Recording,6,EI Monitoring,15.6,Broken,4.7,Riverforks E3A-CM/CZM (newer),CZM (newer),,"Kaegan Finn, Megan Schwegel",,,
39211823,WLNP,Wishbone Trail,B-4,39,2021,6,1,1,08:17,Recording,7,EI Monitoring,15.3,Broken,2.4,Riverforks E3A-CM/CZM (newer),CZM (newer),,"Kaegan Finn, Megan Schwegel",Adjusted max wind to reflect gusts during survey,,
39211824,WLNP,Wishbone Trail,B-4,40,2021,6,1,1,08:42,Recording,8,EI Monitoring,16.8,Broken,5.5,Riverforks E3A-CM/CZM (newer),CZM (newer),,"Kaegan Finn, Megan Schwegel",Adjusted max wind to reflect gusts during survey,,
39211825,WLNP,Wishbone Trail,B-4,61,2021,6,1,1,09:14,Recording,9,EI Monitoring,17.3,Overcast,2.2,Riverforks E3A-CM/CZM (newer),CZM (newer),,"Kaegan Finn, Megan Schwegel",Skipped point #60 temporarily because of a nearby black bear,,
39211826,WLNP,Wishbone Trail,B-4,60,2021,6,1,1,09:40,Recording,10,EI Monitoring,19.5,Broken,1.9,Riverforks E3A-CM/CZM (newer),CZM (newer),,"Kaegan Finn, Megan Schwegel",Adjusted max wind to reflect gusts during survey,,
39211827,WLNP,Sofa Mountain,B-5,25,2021,6,3,1,05:35,Recording,1,EI Monitoring,20.3,Clear,4.4,Riverforks E3A-CM/CZM (newer),CZM (newer),,"Kaegan Finn, Megan Schwegel",Boreal chorus frog heard,,
39211828,WLNP,Sofa Mountain,B-5,26,2021,6,3,1,06:00,Recording,2,EI Monitoring,19.9,Clear,2,Riverforks E3A-CM/CZM (newer),CZM (newer),,"Kaegan Finn, Megan Schwegel",Boreal chorus frog heard,,
39211829,WLNP,Sofa Mountain,B-5,27,2021,6,3,1,06:26,Recording,3,EI Monitoring,18.7,Clear,1.4,Riverforks E3A-CM/CZM (newer),CZM (newer),,"Kaegan Finn, Megan Schwegel",,,
39211830,WLNP,Sofa Mountain,B-5,28,2021,6,3,1,06:51,Recording,4,EI Monitoring,18.6,Clear,1.3,Riverforks E3A-CM/CZM (newer),CZM (newer),,"Kaegan Finn, Megan Schwegel",,,
39211831,WLNP,Sofa Mountain,B-5,29,2021,6,3,1,07:16,Recording,5,EI Monitoring,22.4,Clear,1.2,Riverforks E3A-CM/CZM (newer),CZM (newer),,"Kaegan Finn, Megan Schwegel",,,
39211832,WLNP,Sofa Mountain,B-5,30,2021,6,3,1,07:58,Recording,6,EI Monitoring,21.4,Clear,4.6,Riverforks E3A-CM/CZM (newer),CZM (newer),,"Kaegan Finn, Megan Schwegel",,,
39211833,WLNP,Sofa Mountain,B-5,31,2021,6,3,1,08:23,Recording,7,EI Monitoring,22,Clear,2.5,Riverforks E3A-CM/CZM (newer),CZM (newer),,"Kaegan Finn, Megan Schwegel",,,
39211834,WLNP,Sofa Mountain,B-5,32,2021,6,9,2,05:12,Recording,1,EI Monitoring,8.6,Overcast,3,Riverforks E3A-CM/CZM (newer),CZM (newer),,"Kaegan Finn, Megan Schwegel",Adjusted max wind to reflect gusts during survey,,
39211835,WLNP,Sofa Mountain,B-5,80,2021,6,9,2,05:50,Recording,2,EI Monitoring,6.5,Overcast,0.9,Riverforks E3A-CM/CZM (newer),CZM (newer),,"Kaegan Finn, Megan Schwegel",Saw male dusky grouse vocalizing before survey. Started raining lightly at end of audio,,
39211836,WLNP,Sofa Mountain,B-5,81,2021,6,27,2,05:25,Recording,1,EI Monitoring,14.5,Clear,1.4,Riverforks E3A-CM/CZM (newer),CMZ (newer),,"Spencer Quayle, Emma Bialobzyski",,,
39211837,WLNP,Yarrow Cabin Trail,B-6,567,2021,6,15,1,05:22,Recording,1,EI Monitoring,16.2,Clear,1.4,Riverforks E3A-CM/CZM (newer),CMZ (newer),,"Spencer Quayle, Emma Bialobzyski",There are two rebars with two caps ~3m apart at site. Squirrel calls at 5 mins 25 sec onward to 9 min. Consistent noise from Gas plant and mosquitos. ,,
39211838,WLNP,Yarrow Cabin Trail,B-6,568,2021,6,15,1,05:49,Recording,2,EI Monitoring,16.7,Clear,0.9,Riverforks E3A-CM/CZM (newer),CMZ (newer),,"Spencer Quayle, Emma Bialobzyski",Sneeze at 8 min 35 sec in. Noise from the gas plant.,,
39211839,WLNP,Yarrow Cabin Trail,B-6,569,2021,6,15,1,06:15,Recording,3,EI Monitoring,16.4,Clear,1.8,Riverforks E3A-CM/CZM (newer),CMZ (newer),,"Spencer Quayle, Emma Bialobzyski",,,
39211840,WLNP,Yarrow Cabin Trail,B-6,570,2021,6,15,1,06:39,Recording,4,EI Monitoring,17.8,Clear,0,Riverforks E3A-CM/CZM (newer),CMZ (newer),,"Spencer Quayle, Emma Bialobzyski",Squirrel at 3 min.,,
39211841,WLNP,Yarrow Cabin Trail,B-6,571,2021,6,15,1,07:05,Recording,5,EI Monitoring,15.3,Clear,1.6,Riverforks E3A-CM/CZM (newer),CMZ (newer),,"Spencer Quayle, Emma Bialobzyski",,,
39211842,WLNP,Yarrow Cabin Trail,B-6,572,2021,6,15,1,07:38,Recording,6,EI Monitoring,16.1,Clear,2.3,Riverforks E3A-CM/CZM (newer),CMZ (newer),,"Spencer Quayle, Emma Bialobzyski",Exclamation at 9 min 26 sec.,,
39211843,WLNP,Yarrow Cabin Trail,B-6,574,2021,6,27,2,08:54,Recording,2,EI Monitoring,18.6,Scattered,0,Riverforks E3A-CM/CZM (newer),CMZ (newer),,"Spencer Quayle, Emma Bialobzyski","Squirrel call at 4min54sec, 9min35sec. Some insect noise throughout.",,
39211844,WLNP,Yarrow Cabin Trail,B-6,573,2021,6,27,2,09:18,Recording,3,EI Monitoring,21.5,Scattered,0,Riverforks E3A-CM/CZM (newer),CMZ (newer),,"Spencer Quayle, Emma Bialobzyski",Sneeze at 2min56sec. Some insect noise throughout.,,
39211845,WLNP,Yarrow Cabin Trail,B-6,590,2021,6,27,2,09:46,Recording,4,EI Monitoring,24.3,Scattered,1.4,Riverforks E3A-CM/CZM (newer),CMZ (newer),,"Spencer Quayle, Emma Bialobzyski",Some insect noise throughout.,,
39211846,WLNP,Yarrow Cabin Trail,B-6,591,2021,6,27,2,10:13,Recording,5,EI Monitoring,28.2,Scattered,0,Riverforks E3A-CM/CZM (newer),CMZ (newer),,"Spencer Quayle, Emma Bialobzyski",Airplane flyover at 440,,
39211847,WLNP,Cameron Lake,B-7,1,2021,6,28,1,05:05,Recording,1,EI Monitoring,17.8,Clear,0,Riverforks E3A-CM/CZM (newer),CMZ (newer),,"Spencer Quayle, Emma Bialobzyski",,,
39211848,WLNP,Cameron Lake,B-7,3,2021,6,28,1,05:25,Recording,2,EI Monitoring,16,Clear,0,Riverforks E3A-CM/CZM (newer),CMZ (newer),,"Spencer Quayle, Emma Bialobzyski",,,
39211849,WLNP,Cameron Lake,B-7,4,2021,6,28,1,05:49,Recording,3,EI Monitoring,17.5,Clear,1.3,Riverforks E3A-CM/CZM (newer),CMZ (newer),,"Spencer Quayle, Emma Bialobzyski",,,
39211850,WLNP,Cameron Lake,B-7,5,2021,6,28,1,06:13,Recording,4,EI Monitoring,18.5,Clear,0,Riverforks E3A-CM/CZM (newer),CMZ (newer),,"Spencer Quayle, Emma Bialobzyski",,,
39211851,WLNP,Cameron Lake,B-7,6,2021,6,28,1,06:40,Recording,5,EI Monitoring,17.3,Clear,1.2,Riverforks E3A-CM/CZM (newer),CMZ (newer),,"Spencer Quayle, Emma Bialobzyski",,,
39211852,WLNP,Cameron Lake,B-7,124,2021,6,28,1,07:08,Recording,6,EI Monitoring,18.8,Clear,3.2,Riverforks E3A-CM/CZM (newer),CMZ (newer),,"Spencer Quayle, Emma Bialobzyski",,,
39211853,WLNP,Summit Lake,B-8,9,2021,6,28,1,07:44,Recording,7,EI Monitoring,19.4,Clear,1.9,Riverforks E3A-CM/CZM (newer),CMZ (newer),,"Spencer Quayle, Emma Bialobzyski",,,
39211854,WLNP,Summit Lake,B-8,11,2021,6,28,1,08:15,Recording,8,EI Monitoring,18.6,Clear,,Riverforks E3A-CM/CZM (newer),CMZ (newer),,"Spencer Quayle, Emma Bialobzyski",,,
39211855,WLNP,Summit Lake,B-8,12,2021,6,28,1,08:45,Recording,9,EI Monitoring,27,Clear,1.9,Riverforks E3A-CM/CZM (newer),CMZ (newer),,"Spencer Quayle, Emma Bialobzyski",,,
39211856,WLNP,Summit Lake,B-8,125,2021,6,29,2,05:04,Recording,1,EI Monitoring,15,Clear,0,Riverforks E3A-CM/CZM (newer),CMZ (newer),,"Spencer Quayle, Emma Bialobzyski",,,
39211857,WLNP,Summit Lake,B-8,126,2021,6,29,1,05:33,Recording,2,EI Monitoring,15,Clear,3.3,Riverforks E3A-CM/CZM (newer),CMZ (newer),,"Spencer Quayle, Emma Bialobzyski",Some noise from the outflow of Summit Lake.,,
39211858,WLNP,Summit Lake,B-8,127,2021,6,29,1,05:58,Recording,3,EI Monitoring,20.3,Clear,1.7,Riverforks E3A-CM/CZM (newer),CMZ (newer),,"Spencer Quayle, Emma Bialobzyski",,,
39211859,WLNP,Summit Lake,B-8,15,2021,6,29,1,06:29,Recording,4,EI Monitoring,19.8,Clear,1.7,Riverforks E3A-CM/CZM (newer),CMZ (newer),,"Spencer Quayle, Emma Bialobzyski","Incorrect temperature slated, correct is 19.8 degrees C. Waterfowl landing on summit lake.",,
39211860,WLNP,Summit Lake,B-8,16,2021,6,29,1,06:59,Recording,5,EI Monitoring,19.5,Clear,1.4,Riverforks E3A-CM/CZM (newer),CMZ (newer),,"Spencer Quayle, Emma Bialobzyski","Incorrect start time slated, correct time is 652am. ",,
39211861,WLNP,Summit Lake,B-8,120,2021,6,29,1,07:20,Recording,6,EI Monitoring,22.4,Clear,3,Riverforks E3A-CM/CZM (newer),CMZ (newer),,"Spencer Quayle, Emma Bialobzyski",,,
39211862,WLNP,Summit Lake,B-8,121,2021,6,29,1,07:55,Recording,8,EI Monitoring,24.2,Clear,1.2,Riverforks E3A-CM/CZM (newer),CMZ (newer),,"Spencer Quayle, Emma Bialobzyski","Airplane flyover at 3min 0sec, duration approx 2min 30sec. Some insect noise.",,
39211863,WLNP,Summit Lake,B-8,122,2021,6,29,1,08:21,Recording,9,EI Monitoring,26,Clear,2.1,Riverforks E3A-CM/CZM (newer),CMZ (newer),,"Spencer Quayle, Emma Bialobzyski",,,
39211864,WLNP,Summit Lake,B-8,123,2021,6,29,1,08:48,Recording,10,EI Monitoring,27.3,Clear,1.3,Riverforks E3A-CM/CZM (newer),CMZ (newer),,"Spencer Quayle, Emma Bialobzyski",Incorrect point number slated. Correct point number is 0123.,,
39211865,WLNP,Summit Lake,B-8,128,2021,6,29,1,09:20,Recording,12,EI Monitoring,27.2,Clear,2.9,Riverforks E3A-CM/CZM (newer),CMZ (newer),,"Spencer Quayle, Emma Bialobzyski",Some voices from hikers at 11min0sec. Some insect noise. Incorrect slate: correct time 920 and track 12.,,
39211866,WLNP,Summit Lake,B-8,129,2021,6,29,1,09:52,Recording,13,EI Monitoring,25,Clear,2.3,Riverforks E3A-CM/CZM (newer),CMZ (newer),,"Spencer Quayle, Emma Bialobzyski",Incorrect track number slated. Correct track is number 13. Time not slated - time is 09:52. Noise to turn off radio at 11:59.,,
39211867,WLNP,Cardston Entrance,B-9,550,2021,6,15,1,05:01,Recording,1,EI Monitoring,11.5,Clear,6,Riverforks E3A/CZM (older),CZM (older),,"Kaegan Finn, Megan Schwegel",5 mins 20 secs to 7 mins 20 secs: car went by; 8 mins 20 secs: car heard; 13 mins 25 secs: horses neigh,,
39211868,WLNP,Cardston Entrance,B-9,551,2021,6,15,1,05:26,Recording,2,EI Monitoring,9.1,Clear,2.5,Riverforks E3A/CZM (older),CZM (older),,"Kaegan Finn, Megan Schwegel",7 mins 16 secs: horses making noise,,
39211869,WLNP,Cardston Entrance,B-9,552,2021,6,15,1,05:51,Recording,3,EI Monitoring,11,Clear,1.4,Riverforks E3A/CZM (older),CZM (older),,"Kaegan Finn, Megan Schwegel",10 mins 53 secs: coyotes; cows heard throughout,,
39211870,WLNP,Cardston Entrance,B-9,553,2021,6,15,1,06:19,Recording,4,EI Monitoring,12.4,Clear,1.7,Riverforks E3A/CZM (older),CZM (older),,"Kaegan Finn, Megan Schwegel",Cars heard throughout,,
39211871,WLNP,Cardston Entrance,B-9,554,2021,6,15,1,06:45,Recording,5,EI Monitoring,17,Clear,1,Riverforks E3A/CZM (older),CZM (older),,"Kaegan Finn, Megan Schwegel",Particularly loud motorcycle heard at 11 mins into recording. Adjusted max wind to reflect gusts during survey,,
39211872,WLNP,Cardston Entrance,B-9,555,2021,6,18,2,06:47,Recording,1,EI Monitoring,12.9,Scattered,0,Riverforks E3A/CZM (older),CZM (older),,"Kaegan Finn, Bradley Yee",Elk/Cattle heard. Didn't slate time on recording ,,
39211873,WLNP,Cardston Entrance,B-9,556,2021,6,18,2,07:16,Recording,2,EI Monitoring,13.4,Scattered,0,Riverforks E3A/CZM (older),CZM (older),,"Kaegan Finn, Bradley Yee",,,
39211874,WLNP,Cardston Entrance,B-9,557,2021,6,18,2,07:43,Recording,3,EI Monitoring,17.5,Scattered,0,Riverforks E3A/CZM (older),CZM (older),,"Kaegan Finn, Bradley Yee",,,
39211876,WLNP,Crandell Lake,B-11,100,2021,6,4,1,05:04,Recording,1,EI Monitoring,17.3,Clear,1.6,Riverforks E3A-CM/CZM (newer),CZM (newer),,"Kaegan Finn, Megan Schwegel",Creek heard from site. Wind gust around 10:30 mins. Good/fair quality,,
39211877,WLNP,Crandell Lake,B-11,101,2021,6,4,1,05:32,Recording,2,EI Monitoring,14.3,Scattered,4.3,Riverforks E3A-CM/CZM (newer),CZM (newer),,"Kaegan Finn, Megan Schwegel",Creek heard more distinctly. Fair quality (constant stream noise),,
39211878,WLNP,Crandell Lake,B-11,102,2021,6,4,1,06:02,Recording,3,EI Monitoring,14.6,Scattered,1.6,Riverforks E3A-CM/CZM (newer),CZM (newer),,"Kaegan Finn, Megan Schwegel",Creek. Fair quality (constant stream noise),,
39211879,WLNP,Crandell Lake,B-11,103,2021,6,4,1,06:31,Recording,4,EI Monitoring,16.3,Scattered,3.2,Riverforks E3A-CM/CZM (newer),CZM (newer),,"Kaegan Finn, Megan Schwegel",Creek. Fair quality (constant stream noise),,
39211880,WLNP,Crandell Lake,B-11,104,2021,6,4,1,06:57,Recording,5,EI Monitoring,17.2,Scattered,1.3,Riverforks E3A-CM/CZM (newer),CZM (newer),,"Kaegan Finn, Megan Schwegel",Hairy woodpecker chased after 2 birds that flew nearby (likely other woodpeckers) and vocalized,,
39211881,WLNP,Crandell Lake,B-11,105,2021,6,4,1,07:25,Recording,6,EI Monitoring,16.7,Scattered,2.7,Riverforks E3A-CM/CZM (newer),CZM (newer),,"Kaegan Finn, Megan Schwegel",,,
39211882,WLNP,Akamina,B-12,90,2021,6,25,1,05:02,Recording,1,EI Monitoring,9.6,Clear,2.6,Riverforks E3A-CM/CZM (newer),CMZ (newer),,"Spencer Quayle, Emma Bialobzyski, Carleigh Grier-Stewart",,,
39211883,WLNP,Akamina,B-12,91,2021,6,25,1,05:31,Recording,2,EI Monitoring,11.4,Clear,0,Riverforks E3A-CM/CZM (newer),CMZ (newer),,"Spencer Quayle, Emma Bialobzyski, Carleigh Grier-Stewart",Note Clark's nutcracker calls starting at 2min 12 sec came from multiple (5+ individuals). Some noise from creek throughout.,,
39211884,WLNP,Akamina,B-12,92,2021,6,25,1,06:09,Recording,4,EI Monitoring,8.5,Scattered,2.6,Riverforks E3A-CM/CZM (newer),CMZ (newer),,"Spencer Quayle, Emma Bialobzyski, Carleigh Grier-Stewart",Noise from creek.,,
39211885,WLNP,Akamina,B-12,93,2021,6,25,1,06:41,Recording,5,EI Monitoring,8.9,Clear,0.9,Riverforks E3A-CM/CZM (newer),CMZ (newer),,"Spencer Quayle, Emma Bialobzyski, Carleigh Grier-Stewart",,,
39211886,WLNP,Akamina,B-12,94,2021,6,25,1,07:15,Recording,6,EI Monitoring,11.1,Clear,1.3,Riverforks E3A-CM/CZM (newer),CMZ (newer),,"Spencer Quayle, Emma Bialobzyski, Carleigh Grier-Stewart",,,
39211887,WLNP,Akamina,B-12,95,2021,6,25,1,07:43,Recording,7,EI Monitoring,13.4,Clear,0,Riverforks E3A-CM/CZM (newer),CMZ (newer),,"Spencer Quayle, Emma Bialobzyski, Carleigh Grier-Stewart",,,
39211888,WLNP,Eskerine,B-13,119,2021,6,14,1,05:04,Recording,1,EI Monitoring,15.6,Scattered,6.1,Riverforks E3A-CM/CZM (newer),CZM (newer),,"Spencer Quayle, Emma Bialobzyski",Potential noise from Blakiston creek.,,
39211889,WLNP,Eskerine,B-13,118,2021,6,14,1,05:38,Recording,2,EI Monitoring,15.9,Scattered,1.3,Riverforks E3A-CM/CZM (newer),CZM (newer),,"Spencer Quayle, Emma Bialobzyski",Incorrectly slated as point 0120 - this is actually point number 0118. Potential creek noise from blakiston creek.,,
39211890,WLNP,Eskerine,B-13,117,2021,6,14,1,06:07,Recording,3,EI Monitoring,16.7,Scattered,7.4,Riverforks E3A-CM/CZM (newer),CZM (newer),,"Spencer Quayle, Emma Bialobzyski",,,
39211891,WLNP,Eskerine,B-13,116,2021,6,14,1,06:30,Recording,5,EI Monitoring,17.1,Scattered,13.9,Riverforks E3A-CM/CZM (newer),CZM (newer),,"Spencer Quayle, Emma Bialobzyski",Elk bugle approx. 3 mins in to recording. Wind speed increased towards the end of recording.,,
39211892,WLNP,Eskerine,B-13,115,2021,6,14,1,07:00,Recording,6,EI Monitoring,15.6,Scattered,4.9,Riverforks E3A-CM/CZM (newer),CZM (newer),,"Spencer Quayle, Emma Bialobzyski",Wind speed increased to gust 14.3 max during survey. Ground squirrel alarm calls heard.,,
39211893,WLNP,Eskerine,B-13,114,2021,6,14,1,07:25,Recording,8,EI Monitoring,21.1,Clear,14.1,Riverforks E3A-CM/CZM (newer),CZM (newer),,"Spencer Quayle, Emma Bialobzyski","Right mic gain at zero, while the left was at 6. Issue was resolved in later recordings, problem undiagnosed.",,
39211894,WLNP,Eskerine,B-13,113,2021,6,14,1,08:20,Recording,11,EI Monitoring,22.1,Clear,6.5,Riverforks E3A-CM/CZM (newer),CZM (newer),,"Spencer Quayle, Emma Bialobzyski","Wind gusts starting at 8min, but do not obscure bird calls.",,
39211895,WLNP,Eskerine,B-13,112,2021,6,14,1,08:45,Recording,12,EI Monitoring,27.9,Clear,1.6,Riverforks E3A-CM/CZM (newer),CZM (newer),,"Spencer Quayle, Emma Bialobzyski",,,
39211896,WLNP,Eskerine,B-13,111,2021,6,14,1,09:19,Recording,13,EI Monitoring,34.5,Clear,5.1,Riverforks E3A-CM/CZM (newer),CZM (newer),,"Spencer Quayle, Emma Bialobzyski",Construction noise,,
39211897,WLNP,Eskerine,B-13,110,2021,6,14,1,09:41,Recording,14,EI Monitoring,28.7,Clear,3.2,Riverforks E3A-CM/CZM (newer),CZM (newer),,"Spencer Quayle, Emma Bialobzyski",Incorrect track number slated. Correct number is 014. Construction noise.,,
39211898,WLNP,Cardston Gate South,B-14,150,2021,6,13,1,05:01,Recording,1,EI Monitoring,11.2,Scattered,2.7,Riverforks E3A/CZM (older),CZM (older),,"Spencer Quayle, Emma Bialobzyski",Boreal chorus frogs heard.,,
39211899,WLNP,Cardston Gate South,B-14,151,2021,6,13,1,05:28,Recording,2,EI Monitoring,10.7,Scattered,6.2,Riverforks E3A/CZM (older),CZM (older),,"Spencer Quayle, Emma Bialobzyski",,,
39211900,WLNP,Cardston Gate South,B-14,152,2021,6,13,1,05:57,Recording,3,EI Monitoring,9,Scattered,2.8,Riverforks E3A/CZM (older),CZM (older),,"Spencer Quayle, Emma Bialobzyski",,,
39211901,WLNP,Cardston Gate South,B-14,153,2021,6,13,1,06:30,Recording,4,EI Monitoring,13.9,Scattered,2.5,Riverforks E3A/CZM (older),CZM (older),,"Spencer Quayle, Emma Bialobzyski",,,
39211902,WLNP,Cardston Gate South,B-14,154,2021,6,13,1,07:01,Recording,5,EI Monitoring,8.8,Scattered,7.9,Riverforks E3A/CZM (older),CZM (older),,"Spencer Quayle, Emma Bialobzyski",Some vehicle noise,,
39211903,WLNP,Stoney Flats,B-15,156,2021,6,2,1,05:04,Recording,1,EI Monitoring,12.2,Clear,5.4,Riverforks E3A-CM/CZM (newer),CZM (newer),,"Kaegan Finn, Megan Schwegel",Adjusted max wind to reflect gusts during survey,,
39211904,WLNP,Stoney Flats,B-15,157,2021,6,2,1,05:33,Recording,2,EI Monitoring,11,Clear,2.5,Riverforks E3A-CM/CZM (newer),CZM (newer),,"Kaegan Finn, Megan Schwegel",,,
39211905,WLNP,Stoney Flats,B-15,158,2021,6,2,1,06:03,Recording,3,EI Monitoring,9.6,Clear,4.1,Riverforks E3A-CM/CZM (newer),CZM (newer),,"Kaegan Finn, Megan Schwegel",,,
39211906,WLNP,Stoney Flats,B-15,159,2021,6,2,1,07:01,Recording,4,EI Monitoring,12.7,Clear,3.1,Riverforks E3A-CM/CZM (newer),CZM (newer),,"Kaegan Finn, Megan Schwegel",,,
39211907,WLNP,Stoney Flats,B-15,160,2021,6,2,1,07:30,Recording,5,EI Monitoring,15.1,Clear,8.1,Riverforks E3A-CM/CZM (newer),CZM (newer),,"Kaegan Finn, Megan Schwegel",Forgot to press tone at end of survey. Backed away from microphone to lessen impact on ground squirrels. Black bear observed,,
39211908,WLNP,Stoney Flats,B-15,161,2021,6,2,1,07:59,Recording,6,EI Monitoring,16.7,Clear,6.2,Riverforks E3A-CM/CZM (newer),CZM (newer),,"Kaegan Finn, Megan Schwegel",Black bear observed,,
39211909,WLNP,Blakiston Fan,B-16,162,2021,6,8,1,04:52,Recording,1,EI Monitoring,9.1,Overcast,3.6,Riverforks E3A/CZM (older),CZM (older),,"Spencer Quayle, Emma Bialobzyski",,,
39211910,WLNP,Blakiston Fan,B-16,163,2021,6,8,1,05:24,Recording,2,EI Monitoring,9.5,Overcast,2.5,Riverforks E3A/CZM (older),CZM (older),,"Spencer Quayle, Emma Bialobzyski",,,
39211911,WLNP,Blakiston Fan,B-16,164,2021,6,8,1,05:57,Recording,3,EI Monitoring,8.6,Overcast,1.2,Riverforks E3A/CZM (older),CZM (older),,"Spencer Quayle, Emma Bialobzyski",,,
39211912,WLNP,Blakiston Fan,B-16,165,2021,6,8,1,06:28,Recording,4,EI Monitoring,5.9,Overcast,0,Riverforks E3A/CZM (older),CZM (older),,"Spencer Quayle, Emma Bialobzyski",,,
39211913,WLNP,Blakiston Fan,B-16,166,2021,6,8,1,07:20,Recording,5,EI Monitoring,10.5,Broken,1.7,Riverforks E3A/CZM (older),CZM (older),,"Spencer Quayle, Emma Bialobzyski",noise from creek,,
39211914,WLNP,Blakiston Fan,B-16,167,2021,6,8,1,07:50,Recording,6,EI Monitoring,7.9,Broken,3.1,Riverforks E3A/CZM (older),CZM (older),,"Spencer Quayle, Emma Bialobzyski",,,
39211915,WLNP,Blakiston Fan,B-16,168,2021,6,8,1,08:18,Recording,7,EI Monitoring,7.9,Overcast,3.7,Riverforks E3A/CZM (older),CZM (older),,"Spencer Quayle, Emma Bialobzyski",,,
39211916,WLNP,Blakiston Fan,B-16,169,2021,6,8,1,08:45,Recording,8,EI Monitoring,10.1,Overcast,0,Riverforks E3A/CZM (older),CZM (older),,"Spencer Quayle, Emma Bialobzyski",Prairie falcon fly over,,
